start_row,end_row,match_length
1572,1575,4
1737,1739,3
2049,2053,5
2203,2206,4
2303,2307,5
2360,2362,3
2413,2415,3
2442,2448,7
2460,2462,3
2573,2577,5
2585,2587,3
2724,2726,3
2886,2897,12
2899,2902,4
2996,2998,3
3014,3016,3
3038,3040,3
3049,3051,3
3059,3062,4
3097,3100,4
3104,3108,5
3145,3148,4
3165,3168,4
3215,3217,3
3328,3332,5
3341,3345,5
3437,3443,7
3522,3525,4
3538,3540,3
3545,3549,5
3628,3630,3
3677,3681,5
3688,3690,3
3694,3697,4
3710,3716,7
3726,3728,3
3837,3842,6
3868,3874,7
3925,3927,3
4051,4055,5
4081,4086,6
4097,4100,4
4148,4151,4
4178,4180,3
4352,4354,3
4627,4629,3
4866,4871,6
5620,5622,3
6448,6452,5
6750,6753,4
7350,7357,8
7689,7691,3
7695,7697,3
8138,8142,5
9107,9109,3
9114,9117,4
9155,9161,7
9302,9321,20
9356,9358,3
9387,9391,5
9419,9422,4
9456,9458,3
9500,9502,3
9513,9515,3
9532,9534,3
9570,9572,3
9581,9583,3
9626,9630,5
9649,9656,8
9660,9662,3
9676,9678,3
9683,9685,3
9687,9690,4
9698,9700,3
9735,9737,3
9756,9786,31
9859,9862,4
9881,9883,3
10005,10007,3
11385,11387,3
11461,11463,3
11485,11487,3
11550,11552,3
11646,11650,5
11687,11690,4
11757,11759,3
11771,11774,4
11840,11844,5
11892,11896,5
11937,11942,6
12016,12018,3
12204,12206,3
12228,12235,8
12268,12271,4
12279,12282,4
12439,12441,3
12459,12462,4
12708,12710,3
12725,12728,4
12809,12814,6
12818,12821,4
12937,12965,29
12996,13001,6
13047,13062,16
13120,13128,9
13130,13141,12
13191,13193,3
13217,13219,3
13338,13343,6
13370,13373,4
13391,13397,7
13414,13416,3
13425,13429,5
13449,13451,3
13462,13464,3
13483,13491,9
13503,13505,3
13582,13585,4
13594,13599,6
13616,13618,3
13647,13652,6
13732,13734,3
13782,13786,5
13792,13797,6
13854,13860,7
13865,13867,3
13879,13881,3
13948,13951,4
13957,13959,3
13975,13980,6
14016,14022,7
14024,14029,6
14064,14066,3
14113,14116,4
14132,14134,3
14159,14166,8
14168,14170,3
14230,14232,3
14270,14277,8
14283,14289,7
14343,14346,4
14349,14351,3
14379,14383,5
14410,14415,6
14425,14428,4
14433,14436,4
14440,14443,4
14472,14476,5
14489,14491,3
14535,14537,3
14573,14575,3
14583,14585,3
14587,14591,5
14636,14639,4
14644,14647,4
14655,14658,4
14695,14698,4
14715,14717,3
14732,14734,3
14821,14835,15
14886,14889,4
14962,14965,4
15025,15028,4
15048,15050,3
15055,15058,4
15074,15076,3
15098,15102,5
15104,15106,3
15170,15173,4
15232,15238,7
15239,15241,3
15243,15245,3
15282,15286,5
15293,15298,6
15305,15307,3
15335,15338,4
15354,15356,3
15381,15387,7
15435,15437,3
15439,15446,8
15492,15495,4
15529,15532,4
15555,15559,5
15563,15565,3
15672,15675,4
15705,15708,4
15782,15786,5
15788,15792,5
15820,15822,3
15825,15827,3
15876,15878,3
15911,15913,3
15982,15984,3
16073,16076,4
16130,16134,5
16150,16152,3
16273,16275,3
16314,16316,3
16406,16409,4
16450,16453,4
16465,16470,6
16471,16473,3
16494,16498,5
16504,16509,6
16560,16562,3
16566,16568,3
16592,16595,4
16620,16622,3
16632,16634,3
16721,16725,5
16739,16741,3
16813,16815,3
16819,16822,4
16843,16847,5
16859,16861,3
16906,16908,3
16925,16928,4
16951,16953,3
16960,16963,4
16991,16993,3
17006,17008,3
17020,17022,3
17036,17046,11
17058,17060,3
17073,17075,3
17109,17111,3
17122,17124,3
17187,17191,5
17294,17296,3
17347,17349,3
17372,17374,3
17441,17447,7
17465,17468,4
17476,17481,6
17491,17493,3
17510,17512,3
17580,17583,4
17634,17641,8
17859,17861,3
17876,17878,3
17934,17936,3
17982,17984,3
18430,18432,3
18453,18455,3
18456,18458,3
18460,18465,6
18480,18482,3
18543,18547,5
18557,18560,4
18694,18698,5
18739,18747,9
18759,18772,14
18826,18834,9
18905,18918,14
18972,18974,3
20013,20015,3
20306,20308,3
20330,20334,5
20718,20720,3
20956,20959,4
20982,20984,3
21149,21152,4
21312,21317,6
21470,21473,4
21867,21869,3
22152,22154,3
22259,22262,4
23422,23424,3
23897,23899,3
24006,24008,3
24224,24229,6
24271,24273,3
24397,24399,3
24438,24440,3
24585,24590,6
24777,24780,4
24974,24978,5
25054,25056,3
25432,25434,3
26412,26414,3
27250,27252,3
28342,28344,3
28987,28991,5
29988,29990,3
30089,30092,4
30368,30370,3
30468,30470,3
30789,30791,3
31057,31060,4
31438,31441,4
31689,31691,3
31889,31891,3
32160,32162,3
32352,32354,3
32534,32536,3
33481,33483,3
33556,33558,3
33720,33722,3
33732,33747,16
33751,33763,13
33783,33785,3
33823,33836,14
33853,33859,7
33881,33890,10
33932,33935,4
34112,34114,3
34247,34250,4
34260,34262,3
34451,34453,3
34456,34460,5
34476,34478,3
34507,34510,4
34612,34618,7
34630,34639,10
34670,34674,5
34728,34733,6
34740,34743,4
34752,34755,4
34780,34783,4
34802,34806,5
34812,34814,3
34828,34832,5
34844,34849,6
34881,34883,3
34912,34919,8
34986,34989,4
35227,35231,5
35417,35421,5
35466,35470,5
35624,35627,4
35736,35738,3
35752,35756,5
35779,35781,3
35788,35792,5
35802,35806,5
35824,35826,3
35839,35843,5
35910,35912,3
35947,35949,3
35957,35967,11
36038,36042,5
36075,36077,3
36147,36149,3
36176,36181,6
36232,36234,3
36261,36263,3
36268,36270,3
36272,36275,4
36298,36305,8
36440,36445,6
36470,36472,3
36615,36618,4
36637,36642,6
36700,36702,3
36737,36740,4
36811,36813,3
36833,36835,3
36851,36853,3
36896,36899,4
36902,36905,4
36920,36922,3
37015,37017,3
37056,37059,4
37114,37118,5
37120,37122,3
37175,37178,4
37256,37260,5
37268,37271,4
37282,37285,4
37342,37352,11
37410,37412,3
37437,37440,4
37442,37444,3
37492,37498,7
37529,37531,3
37608,37613,6
37616,37618,3
37628,37633,6
37685,37687,3
37750,37756,7
37775,37779,5
37791,37794,4
37800,37802,3
37917,37921,5
37993,37996,4
38082,38084,3
38088,38090,3
38114,38117,4
38173,38175,3
38290,38292,3
38349,38354,6
38489,38491,3
38519,38522,4
38540,38542,3
38594,38598,5
38614,38616,3
38757,38760,4
38787,38789,3
38880,38883,4
38958,38962,5
39037,39039,3
39049,39061,13
39080,39082,3
39128,39130,3
39176,39178,3
39197,39199,3
39243,39245,3
39304,39306,3
39407,39409,3
39452,39454,3
39474,39483,10
39512,39516,5
39564,39568,5
39631,39633,3
39637,39639,3
39648,39650,3
39812,39814,3
39840,39845,6
39893,39895,3
39997,40000,4
40197,40199,3
40294,40297,4
40363,40368,6
40389,40392,4
40404,40406,3
40431,40433,3
40434,40437,4
40501,40503,3
40514,40516,3
40613,40617,5
40685,40687,3
40756,40759,4
40776,40778,3
40810,40813,4
40825,40828,4
40913,40917,5
40991,40993,3
41033,41035,3
41045,41047,3
41085,41088,4
41137,41140,4
41185,41189,5
41244,41246,3
41251,41256,6
41296,41300,5
41309,41312,4
41348,41350,3
41403,41405,3
41439,41452,14
41545,41548,4
41554,41556,3
41571,41578,8
41640,41643,4
41711,41713,3
41787,41789,3
41812,41815,4
41857,41861,5
41867,41869,3
41887,41890,4
41918,41920,3
41939,41943,5
42010,42012,3
42050,42053,4
42067,42070,4
42189,42192,4
42196,42198,3
42273,42275,3
42288,42290,3
42304,42308,5
42405,42410,6
42483,42485,3
42508,42512,5
42545,42548,4
42593,42597,5
42629,42631,3
42679,42681,3
42705,42709,5
42718,42723,6
42761,42766,6
42779,42782,4
42823,42827,5
42867,42871,5
42895,42903,9
42919,42922,4
42982,42984,3
43023,43027,5
43029,43038,10
43054,43057,4
43206,43208,3
43212,43219,8
43302,43311,10
43328,43332,5
43448,43451,4
43468,43472,5
43509,43511,3
43547,43551,5
43574,43576,3
43594,43597,4
43599,43601,3
43651,43655,5
43700,43702,3
43715,43720,6
43746,43750,5
43786,43790,5
43852,43857,6
43911,43914,4
43917,43923,7
43932,43934,3
43986,43989,4
43994,43996,3
44053,44058,6
44095,44097,3
44137,44142,6
44150,44156,7
44199,44201,3
44242,44244,3
44323,44329,7
44384,44388,5
44400,44403,4
44432,44434,3
44437,44441,5
44481,44490,10
44515,44517,3
44520,44523,4
44535,44537,3
44549,44551,3
44600,44602,3
44652,44655,4
44724,44731,8
44736,44740,5
44777,44780,4
44798,44804,7
44815,44817,3
44860,44863,4
44930,44933,4
44951,44953,3
45046,45052,7
45079,45081,3
45146,45150,5
45170,45172,3
45194,45198,5
45207,45209,3
45231,45234,4
45502,45505,4
45552,45559,8
45627,45629,3
45753,45755,3
45781,45784,4
45788,45795,8
45880,45884,5
45925,45929,5
46118,46121,4
46185,46190,6
46225,46231,7
46248,46250,3
46318,46322,5
46403,46405,3
46437,46439,3
46457,46461,5
46612,46614,3
46616,46620,5
46638,46640,3
46672,46674,3
46683,46685,3
46770,46772,3
46780,46782,3
46827,46830,4
47051,47054,4
47171,47174,4
47189,47191,3
47249,47251,3
47261,47263,3
47274,47276,3
47304,47306,3
47317,47321,5
47336,47338,3
47347,47349,3
47366,47368,3
47475,47478,4
47557,47559,3
47567,47569,3
47693,47696,4
47879,47881,3
47883,47886,4
48020,48024,5
48207,48209,3
48215,48217,3
48447,48449,3
48704,48706,3
48878,48880,3
48946,48951,6
48955,48962,8
48991,48993,3
49007,49010,4
49074,49076,3
49192,49194,3
49207,49212,6
49294,49299,6
49328,49330,3
49350,49352,3
49367,49370,4
49373,49376,4
49393,49398,6
49582,49587,6
49683,49688,6
49696,49702,7
49705,49707,3
49759,49762,4
49868,49872,5
49891,49894,4
49903,49907,5
49985,49990,6
50072,50078,7
50079,50081,3
50099,50101,3
50152,50157,6
50202,50207,6
50273,50283,11
50428,50430,3
50447,50450,4
50595,50603,9
50758,50762,5
51143,51145,3
51169,51171,3
51282,51286,5
51350,51352,3
51356,51359,4
51360,51363,4
51417,51427,11
51440,51443,4
51445,51447,3
51482,51484,3
51543,51546,4
51782,51785,4
51857,51861,5
51890,51892,3
51933,51935,3
52046,52049,4
52250,52252,3
52275,52280,6
52320,52322,3
52420,52423,4
52575,52577,3
52623,52625,3
52637,52646,10
52681,52683,3
52717,52729,13
52782,52787,6
52887,52889,3
52932,52934,3
52969,52972,4
53008,53010,3
53028,53030,3
53032,53034,3
53049,53052,4
53121,53124,4
53126,53131,6
53132,53140,9
53221,53225,5
53256,53258,3
53305,53308,4
53313,53320,8
53337,53339,3
53361,53363,3
53379,53381,3
53455,53466,12
53496,53503,8
53587,53589,3
53635,53637,3
53655,53657,3
53661,53667,7
53701,53703,3
53751,53754,4
53755,53759,5
53820,53825,6
53913,53916,4
53921,53923,3
53941,53943,3
53985,53991,7
54058,54060,3
54151,54153,3
54181,54183,3
54215,54217,3
54343,54345,3
54489,54491,3
54569,54571,3
54620,54623,4
54637,54639,3
54651,54653,3
54676,54678,3
54706,54708,3
54754,54759,6
54808,54811,4
54821,54824,4
54831,54833,3
54867,54869,3
55115,55118,4
55135,55138,4
55177,55179,3
55217,55223,7
55255,55257,3
55283,55289,7
55308,55310,3
55338,55340,3
55411,55413,3
55436,55438,3
55474,55477,4
55485,55489,5
55490,55493,4
55504,55509,6
55523,55526,4
55532,55534,3
55657,55663,7
55679,55688,10
55827,55829,3
55976,55978,3
56114,56116,3
56218,56220,3
56278,56282,5
56393,56395,3
56518,56524,7
56539,56541,3
56600,56602,3
56644,56651,8
56692,56694,3
56706,56708,3
56753,56755,3
56765,56767,3
56774,56781,8
56849,56851,3
56861,56863,3
56994,57000,7
57040,57043,4
57059,57062,4
57153,57156,4
57170,57173,4
57204,57206,3
57225,57227,3
57305,57308,4
57342,57345,4
57418,57420,3
57526,57528,3
57655,57657,3
57661,57663,3
57715,57718,4
57953,57963,11
58090,58093,4
58101,58104,4
58204,58207,4
58339,58341,3
58421,58424,4
58488,58491,4
58497,58500,4
58516,58520,5
58593,58595,3
58596,58600,5
58652,58654,3
58686,58690,5
58726,58728,3
58768,58772,5
58876,58880,5
58921,58925,5
58948,58954,7
59018,59022,5
59067,59070,4
59074,59079,6
59086,59089,4
59103,59106,4
59112,59115,4
59126,59129,4
59222,59224,3
59270,59273,4
59322,59327,6
59337,59340,4
59379,59381,3
59393,59396,4
59436,59440,5
59462,59465,4
59579,59582,4
59589,59592,4
59595,59597,3
59604,59611,8
59648,59658,11
59714,59716,3
59799,59803,5
59822,59834,13
59860,59862,3
59877,59889,13
59926,59933,8
59950,59954,5
59981,59986,6
60073,60083,11
60092,60095,4
60118,60121,4
60125,60127,3
60137,60140,4
60180,60182,3
60184,60194,11
60229,60236,8
60418,60420,3
60693,60695,3
60791,60795,5
60797,60826,30
60997,60999,3
61081,61085,5
61460,61467,8
61484,61487,4
61501,61503,3
61551,61554,4
61579,61581,3
61663,61665,3
61826,61828,3
61892,61896,5
61940,61946,7
61995,61997,3
62035,62042,8
62044,62050,7
62053,62055,3
62070,62072,3
62137,62144,8
62220,62222,3
62243,62245,3
62259,62264,6
62300,62302,3
62330,62333,4
62372,62374,3
62431,62433,3
62551,62554,4
62594,62598,5
62605,62607,3
62710,62712,3
62714,62716,3
62717,62720,4
62744,62749,6
62766,62768,3
62774,62776,3
62810,62819,10
62837,62839,3
62901,62903,3
62920,62922,3
62940,62942,3
62960,62963,4
63013,63016,4
63046,63048,3
63066,63070,5
63094,63096,3
63102,63105,4
63135,63142,8
63163,63165,3
63183,63186,4
63191,63193,3
63197,63201,5
63253,63259,7
63271,63273,3
63277,63279,3
63282,63284,3
63321,63324,4
63327,63331,5
63337,63339,3
63346,63348,3
63472,63474,3
63476,63478,3
63526,63532,7
63538,63547,10
63591,63593,3
63635,63640,6
63667,63669,3
63760,63763,4
63779,63782,4
63784,63787,4
63789,63792,4
63958,63961,4
64003,64006,4
64096,64099,4
64150,64153,4
64163,64167,5
64270,64272,3
64331,64333,3
64381,64384,4
64427,64429,3
64485,64487,3
64540,64545,6
64569,64572,4
64601,64604,4
64631,64634,4
64637,64641,5
64656,64659,4
64760,64763,4
64783,64786,4
64868,64877,10
64932,64934,3
65111,65114,4
65191,65196,6
65197,65200,4
65241,65243,3
65292,65294,3
65321,65324,4
65386,65390,5
65394,65396,3
65416,65419,4
65509,65511,3
65513,65515,3
65520,65522,3
65535,65537,3
65570,65575,6
65596,65599,4
65621,65625,5
65648,65650,3
65664,65666,3
65719,65722,4
65815,65817,3
65847,65849,3
65858,65861,4
65881,65891,11
65899,65903,5
65982,65986,5
66036,66041,6
66051,66053,3
66078,66080,3
66119,66121,3
66149,66152,4
66195,66201,7
66360,66365,6
66412,66414,3
66419,66424,6
66442,66445,4
66448,66450,3
66476,66478,3
66597,66599,3
66618,66620,3
66660,66662,3
66683,66687,5
66721,66723,3
66735,66738,4
66784,66786,3
66791,66793,3
66796,66798,3
66821,66823,3
66833,66837,5
66845,66849,5
66893,66898,6
67058,67060,3
67127,67129,3
67137,67140,4
67161,67164,4
67187,67190,4
67265,67269,5
67310,67312,3
67339,67349,11
67362,67366,5
67406,67410,5
67454,67457,4
67464,67467,4
67503,67506,4
67538,67540,3
67572,67574,3
67585,67590,6
67593,67595,3
67621,67624,4
67856,67859,4
67883,67885,3
67900,67902,3
67921,67924,4
67960,67962,3
68013,68017,5
68042,68044,3
68143,68149,7
68158,68164,7
68167,68169,3
68196,68199,4
68215,68217,3
68220,68222,3
68321,68323,3
68372,68377,6
68416,68418,3
68424,68435,12
68465,68467,3
68501,68506,6
68537,68540,4
68555,68557,3
68558,68564,7
68565,68569,5
68595,68598,4
68648,68652,5
68697,68699,3
68741,68744,4
68780,68783,4
68824,68830,7
68957,68960,4
69002,69005,4
69038,69046,9
69081,69083,3
69135,69137,3
69164,69172,9
69180,69187,8
69205,69208,4
69263,69267,5
69273,69275,3
69278,69282,5
69337,69339,3
69393,69395,3
69415,69421,7
69459,69463,5
69481,69484,4
69494,69496,3
69564,69567,4
69572,69576,5
69751,69753,3
69779,69784,6
69801,69803,3
69831,69834,4
69853,69857,5
69867,69872,6
69893,69895,3
69946,69949,4
70047,70050,4
70056,70060,5
70146,70149,4
70160,70163,4
70204,70208,5
70229,70237,9
70255,70262,8
70327,70334,8
70390,70393,4
70413,70422,10
70479,70507,29
70593,70600,8
70696,70698,3
70988,71002,15
71009,71020,12
71051,71062,12
71109,71115,7
71316,71318,3
71635,71638,4
71756,71760,5
71823,71825,3
71837,71841,5
71865,71868,4
71880,71883,4
71927,71930,4
71987,71989,3
72296,72299,4
72438,72441,4
72507,72509,3
72577,72585,9
72676,72688,13
72699,72701,3
72831,72841,11
72898,72909,12
72930,72935,6
72975,72978,4
72994,72998,5
73023,73030,8
73038,73042,5
73134,73137,4
73147,73153,7
73154,73161,8
73171,73174,4
73209,73211,3
73282,73298,17
73303,73307,5
73325,73327,3
73336,73339,4
73491,73495,5
73547,73549,3
73591,73601,11
73604,73606,3
73637,73639,3
73759,73761,3
73766,73768,3
73771,73774,4
73789,73794,6
73857,73859,3
73865,73874,10
73881,73883,3
73956,73958,3
73974,73976,3
73996,74002,7
74011,74017,7
74030,74036,7
74041,74044,4
74091,74096,6
74156,74182,27
74184,74188,5
74254,74261,8
74284,74288,5
74321,74325,5
74330,74333,4
74431,74437,7
74491,74497,7
74610,74615,6
74647,74655,9
74659,74668,10
74680,74686,7
74741,74749,9
74750,74754,5
74804,74808,5
74833,74835,3
74836,74851,16
74943,74954,12
75027,75032,6
75090,75093,4
75107,75119,13
75180,75186,7
75233,75238,6
75256,75258,3
75262,75265,4
75337,75340,4
75359,75363,5
75427,75432,6
75451,75454,4
75474,75477,4
75500,75502,3
75543,75545,3
75548,75551,4
75567,75569,3
75570,75573,4
75701,75704,4
75731,75738,8
75785,75787,3
75794,75796,3
75805,75812,8
75855,75859,5
75862,75867,6
75870,75872,3
75876,75878,3
75888,75897,10
75961,75964,4
75967,75971,5
76003,76006,4
76060,76062,3
76079,76081,3
76107,76109,3
76133,76135,3
76145,76147,3
76156,76158,3
76185,76188,4
76212,76214,3
76401,76403,3
76415,76419,5
76446,76448,3
76498,76510,13
76534,76536,3
76685,76688,4
76689,76693,5
76744,76750,7
76768,76770,3
76772,76778,7
76792,76806,15
76811,76813,3
76817,76820,4
76877,76880,4
76884,76886,3
76901,76904,4
76925,76928,4
76994,77003,10
77011,77014,4
77057,77062,6
77070,77074,5
77104,77106,3
77135,77139,5
77157,77162,6
77212,77217,6
77275,77280,6
77284,77286,3
77294,77296,3
77351,77353,3
77357,77362,6
77363,77365,3
77393,77395,3
77416,77419,4
77460,77467,8
77470,77473,4
77512,77515,4
77567,77569,3
77576,77582,7
77584,77586,3
77597,77599,3
77604,77609,6
77656,77662,7
77703,77706,4
77746,77750,5
77763,77766,4
77828,77834,7
77871,77880,10
77941,77943,3
77981,77984,4
78025,78032,8
78037,78039,3
78044,78049,6
78119,78122,4
78152,78154,3
78157,78159,3
78160,78162,3
78203,78206,4
78230,78232,3
78250,78260,11
78262,78269,8
78286,78288,3
78313,78315,3
78331,78337,7
78376,78379,4
78384,78391,8
78422,78428,7
78432,78437,6
78439,78447,9
78460,78464,5
78472,78478,7
78484,78489,6
78505,78510,6
78556,78562,7
78567,78570,4
78571,78576,6
78584,78591,8
78597,78602,6
78620,78625,6
78641,78643,3
78677,78681,5
78686,78690,5
78704,78706,3
78708,78713,6
78736,78740,5
78743,78750,8
78754,78756,3
78809,78811,3
78871,78878,8
78898,78901,4
78903,78911,9
78920,78924,5
78931,78941,11
79039,79041,3
79056,79063,8
79077,79079,3
79080,79083,4
79106,79111,6
79129,79132,4
79150,79154,5
79163,79165,3
79170,79174,5
79186,79189,4
79205,79207,3
79237,79239,3
79248,79250,3
79256,79260,5
79282,79284,3
79313,79315,3
79334,79338,5
79406,79409,4
79434,79440,7
79452,79454,3
79464,79468,5
79503,79507,5
79521,79526,6
79545,79548,4
79569,79572,4
79576,79579,4
79583,79585,3
79594,79596,3
79597,79600,4
79623,79625,3
79629,79637,9
79643,79645,3
79655,79662,8
79693,79696,4
79707,79709,3
79729,79732,4
79742,79744,3
79822,79824,3
79864,79866,3
79892,79895,4
79954,79956,3
79996,79999,4
80015,80019,5
80031,80034,4
80067,80072,6
80079,80084,6
80106,80112,7
80156,80158,3
80162,80165,4
80206,80208,3
80210,80217,8
80249,80256,8
80290,80292,3
80315,80317,3
80341,80345,5
80372,80374,3
80405,80407,3
80458,80468,11
80520,80524,5
80528,80530,3
80551,80553,3
80625,80627,3
80687,80700,14
80748,80752,5
80756,80759,4
80760,80769,10
80777,80780,4
80782,80785,4
80789,80791,3
80794,80796,3
80797,80801,5
80803,80805,3
80812,80814,3
80816,80819,4
80839,80845,7
80848,80851,4
80895,80898,4
80903,80907,5
80913,80925,13
80958,80960,3
80970,80982,13
80995,81004,10
81010,81013,4
81055,81058,4
81065,81067,3
81127,81129,3
81155,81162,8
81175,81178,4
81203,81205,3
81207,81212,6
81242,81248,7
81258,81260,3
81337,81339,3
81400,81407,8
81435,81443,9
81449,81463,15
81502,81507,6
81521,81524,4
81547,81552,6
81573,81575,3
81599,81605,7
81607,81609,3
81620,81624,5
81625,81627,3
81630,81632,3
81643,81646,4
81660,81665,6
81667,81669,3
81695,81701,7
81706,81708,3
81730,81736,7
81751,81753,3
81781,81791,11
81797,81801,5
81806,81810,5
81843,81845,3
81882,81884,3
81894,81902,9
81919,81924,6
81961,81963,3
81972,81976,5
81991,81993,3
81995,81997,3
82003,82005,3
82054,82061,8
82068,82072,5
82110,82113,4
82141,82144,4
82168,82171,4
82244,82250,7
82264,82267,4
82299,82301,3
82306,82310,5
82340,82345,6
82373,82377,5
82503,82506,4
82512,82514,3
82517,82521,5
82527,82532,6
82606,82612,7
82654,82656,3
82714,82718,5
82733,82738,6
82815,82817,3
82819,82823,5
82826,82832,7
82878,82881,4
82884,82889,6
82890,82892,3
82893,82896,4
82913,82915,3
82970,82972,3
82980,82988,9
83021,83029,9
83112,83119,8
83149,83154,6
83188,83191,4
83209,83218,10
83220,83223,4
83295,83297,3
83326,83328,3
83353,83360,8
83392,83394,3
83395,83397,3
83404,83406,3
83426,83429,4
83460,83466,7
83497,83499,3
83514,83516,3
83519,83523,5
83528,83538,11
83552,83557,6
83562,83564,3
83569,83571,3
83597,83600,4
83604,83608,5
83630,83633,4
83678,83680,3
83691,83693,3
83695,83698,4
83721,83723,3
83745,83748,4
83759,83762,4
83777,83780,4
83863,83868,6
83973,83976,4
83998,84000,3
84017,84021,5
84028,84032,5
84039,84045,7
84052,84058,7
84180,84184,5
84212,84215,4
84235,84241,7
84261,84263,3
84304,84310,7
84410,84414,5
84469,84471,3
84502,84505,4
84577,84579,3
84595,84598,4
84617,84623,7
84630,84635,6
84688,84691,4
84722,84746,25
84755,84761,7
84765,84767,3
84781,84789,9
84803,84807,5
84850,84852,3
84854,84857,4
84858,84860,3
84865,84871,7
84879,84884,6
84918,84920,3
84936,84938,3
84946,84949,4
84984,84987,4
84994,84996,3
85060,85065,6
85079,85082,4
85103,85108,6
85117,85130,14
85156,85158,3
85184,85187,4
85197,85204,8
85243,85246,4
85256,85260,5
85273,85275,3
85373,85375,3
85390,85392,3
85396,85398,3
85482,85484,3
85519,85521,3
85522,85524,3
85533,85535,3
85546,85550,5
85573,85576,4
85578,85583,6
85588,85596,9
85663,85665,3
85678,85688,11
85736,85738,3
85781,85783,3
85848,85852,5
85881,85883,3
85925,85928,4
85929,85932,4
85935,85939,5
86070,86073,4
86105,86109,5
86145,86147,3
86155,86160,6
86184,86187,4
86220,86223,4
86236,86240,5
86289,86291,3
86580,86583,4
86609,86611,3
86631,86636,6
86651,86653,3
86706,86720,15
86737,86739,3
86790,86793,4
86905,86911,7
86913,86917,5
86918,86926,9
86933,86935,3
86977,86980,4
86986,86988,3
87000,87005,6
87049,87052,4
87062,87064,3
87078,87081,4
87100,87107,8
87114,87117,4
87170,87173,4
87181,87185,5
87214,87216,3
87261,87264,4
87281,87283,3
87289,87291,3
87300,87302,3
87322,87324,3
87368,87375,8
87385,87387,3
87407,87412,6
87429,87434,6
87523,87525,3
87536,87542,7
87559,87561,3
87596,87602,7
87605,87608,4
87657,87660,4
87665,87667,3
87747,87751,5
87754,87761,8
87804,87806,3
87828,87834,7
87871,87875,5
87884,87886,3
87902,87905,4
87918,87920,3
87966,87968,3
87997,88000,4
88061,88065,5
88072,88078,7
88082,88084,3
88093,88095,3
88128,88130,3
88191,88193,3
88194,88197,4
88232,88234,3
88242,88245,4
88264,88266,3
88288,88290,3
88333,88338,6
88474,88476,3
88489,88491,3
88531,88547,17
88550,88553,4
88567,88570,4
88580,88585,6
88586,88589,4
88606,88610,5
88641,88647,7
88704,88711,8
88748,88752,5
88804,88808,5
88812,88819,8
88821,88823,3
88834,88844,11
88853,88855,3
88874,88877,4
88908,88917,10
88941,88943,3
89048,89050,3
89053,89057,5
89060,89062,3
89073,89079,7
89087,89089,3
89106,89117,12
89142,89144,3
89148,89150,3
89215,89217,3
89232,89234,3
89248,89252,5
89267,89274,8
89336,89339,4
89414,89417,4
89424,89426,3
89456,89462,7
89531,89533,3
89556,89558,3
89567,89570,4
89580,89583,4
89639,89641,3
89662,89664,3
89700,89703,4
89731,89735,5
89817,89821,5
89850,89854,5
89894,89898,5
89973,89979,7
89985,89988,4
90019,90022,4
90054,90056,3
90077,90081,5
90091,90094,4
90105,90116,12
90150,90152,3
90164,90170,7
90212,90217,6
90220,90223,4
90240,90245,6
90249,90255,7
90268,90271,4
90319,90324,6
90332,90336,5
90348,90351,4
90374,90378,5
90425,90429,5
90486,90488,3
90542,90544,3
90614,90620,7
90625,90629,5
90653,90656,4
90659,90663,5
90679,90686,8
90704,90707,4
90715,90717,3
90751,90761,11
90792,90795,4
90827,90829,3
90832,90835,4
90841,90843,3
90867,90873,7
90902,90905,4
90921,90924,4
90930,90938,9
90951,90954,4
90961,90963,3
91005,91009,5
91021,91026,6
91178,91180,3
91494,91496,3
91539,91545,7
91548,91550,3
91560,91563,4
91659,91662,4
91672,91675,4
91743,91745,3
91765,91767,3
91788,91791,4
91798,91801,4
91802,91807,6
91913,91915,3
91949,91956,8
91977,91979,3
92013,92017,5
92075,92078,4
92121,92123,3
92130,92133,4
92156,92161,6
92197,92199,3
92219,92223,5
92358,92360,3
92379,92384,6
92413,92415,3
92545,92547,3
92609,92617,9
92627,92629,3
92676,92679,4
92727,92736,10
92742,92746,5
92782,92784,3
92969,92971,3
93149,93152,4
93196,93200,5
93287,93289,3
93302,93304,3
93363,93367,5
93533,93536,4
93547,93550,4
93691,93696,6
93773,93775,3
93779,93781,3
93809,93814,6
94564,94566,3
94576,94587,12
94788,94794,7
94890,94894,5
94908,94915,8
95143,95145,3
95156,95159,4
95185,95189,5
95220,95223,4
95321,95324,4
95351,95354,4
95398,95400,3
95420,95426,7
95460,95462,3
95511,95513,3
95518,95520,3
95534,95538,5
95599,95601,3
95634,95636,3
95652,95654,3
95655,95657,3
95698,95701,4
95727,95729,3
95817,95821,5
95841,95843,3
95845,95854,10
95868,95870,3
95899,95905,7
95958,95962,5
95990,95993,4
96003,96012,10
96066,96068,3
96084,96086,3
96088,96090,3
96197,96201,5
96211,96213,3
96260,96263,4
96268,96271,4
96273,96275,3
96316,96321,6
96375,96379,5
96413,96415,3
96418,96420,3
96500,96502,3
96503,96506,4
96542,96544,3
96550,96552,3
96713,96715,3
96737,96739,3
96794,96796,3
96826,96833,8
96852,96854,3
96857,96859,3
96879,96882,4
96920,96922,3
96947,96949,3
96953,96961,9
97034,97038,5
97093,97095,3
97100,97102,3
97108,97112,5
97125,97127,3
97139,97141,3
97152,97156,5
97170,97172,3
97175,97177,3
97215,97219,5
97224,97226,3
97228,97231,4
97259,97261,3
97263,97266,4
97318,97322,5
97340,97342,3
97351,97353,3
97361,97363,3
97394,97396,3
97408,97410,3
97430,97434,5
97473,97475,3
97487,97489,3
97505,97509,5
97560,97562,3
97567,97573,7
97580,97582,3
97591,97593,3
97602,97605,4
97650,97653,4
97672,97674,3
97681,97684,4
97685,97687,3
97744,97747,4
97770,97774,5
97787,97790,4
97824,97828,5
97874,97878,5
97881,97886,6
97897,97899,3
97944,97947,4
97949,97953,5
97990,97992,3
97995,98000,6
98045,98048,4
98062,98065,4
98109,98112,4
98144,98148,5
98166,98168,3
98254,98256,3
98267,98270,4
98320,98323,4
98332,98336,5
98379,98384,6
98398,98402,5
98429,98432,4
98448,98450,3
98461,98464,4
98479,98481,3
98503,98505,3
98551,98557,7
98589,98591,3
98597,98599,3
98715,98720,6
98728,98730,3
98734,98737,4
98742,98744,3
98815,98819,5
98825,98829,5
98882,98884,3
99010,99012,3
99045,99048,4
99051,99053,3
99092,99098,7
99118,99121,4
99157,99159,3
99186,99189,4
99341,99343,3
99382,99384,3
99502,99505,4
99510,99512,3
99575,99577,3
99675,99678,4
99689,99697,9
99704,99709,6
99736,99738,3
99763,99767,5
99768,99771,4
99813,99815,3
99872,99874,3
99880,99885,6
99890,99896,7
99907,99910,4
100095,100098,4
100115,100122,8
100176,100178,3
100198,100202,5
100229,100232,4
100240,100242,3
100305,100307,3
100320,100324,5
100374,100376,3
100399,100401,3
100417,100419,3
100424,100427,4
100436,100440,5
100460,100465,6
100562,100564,3
100588,100592,5
100596,100600,5
100613,100617,5
100632,100634,3
100661,100663,3
100667,100669,3
100680,100683,4
100689,100691,3
100748,100751,4
100759,100762,4
100770,100772,3
100800,100805,6
100817,100820,4
100855,100857,3
100925,100929,5
100971,100973,3
101027,101030,4
101069,101073,5
101080,101082,3
101137,101142,6
101185,101187,3
101254,101256,3
101257,101262,6
101282,101284,3
101363,101367,5
101371,101373,3
101444,101446,3
101459,101467,9
101488,101490,3
101522,101524,3
101544,101547,4
101572,101576,5
101581,101583,3
101585,101587,3
101592,101597,6
101672,101675,4
101703,101713,11
101742,101745,4
101768,101771,4
101795,101797,3
101803,101806,4
101835,101837,3
101839,101841,3
101873,101876,4
101998,102001,4
102066,102068,3
102130,102135,6
102172,102175,4
102208,102211,4
102425,102427,3
102462,102469,8
102479,102485,7
102498,102501,4
102532,102534,3
102558,102560,3
102615,102617,3
102719,102721,3
102820,102823,4
102884,102889,6
103083,103087,5
103108,103110,3
103179,103183,5
103255,103257,3
103279,103284,6
103312,103314,3
103366,103368,3
103420,103428,9
103450,103452,3
103508,103511,4
103575,103577,3
103597,103601,5
103612,103614,3
103616,103619,4
103658,103662,5
103739,103745,7
103756,103759,4
103778,103783,6
103849,103852,4
103902,103905,4
103912,103926,15
103968,103971,4
103982,103988,7
104003,104005,3
104071,104083,13
104097,104106,10
104120,104124,5
104192,104197,6
104210,104212,3
104287,104290,4
104322,104326,5
104331,104334,4
104373,104375,3
104394,104398,5
104470,104472,3
104503,104505,3
104528,104530,3
104539,104541,3
104579,104581,3
104606,104608,3
104615,104617,3
104633,104637,5
104639,104641,3
104685,104689,5
104693,104695,3
104732,104734,3
104857,104861,5
104893,104896,4
105070,105072,3
105108,105111,4
105190,105192,3
105244,105261,18
105287,105292,6
105459,105462,4
105621,105628,8
105995,105997,3
106083,106085,3
106199,106202,4
106230,106241,12
106413,106415,3
106495,106497,3
106565,106569,5
106608,106610,3
106672,106675,4
106765,106767,3
106793,106795,3
106816,106820,5
106901,106903,3
106973,106976,4
107010,107012,3
107030,107033,4
107075,107077,3
107209,107217,9
107572,107576,5
107579,107581,3
107596,107602,7
107623,107626,4
107656,107658,3
107664,107668,5
107791,107794,4
108249,108251,3
108274,108276,3
108557,108559,3
108731,108740,10
108853,108855,3
108957,108962,6
108993,108995,3
109000,109004,5
109013,109015,3
109122,109124,3
109177,109179,3
109198,109201,4
109514,109516,3
109521,109525,5
109540,109546,7
109632,109636,5
109756,109758,3
109844,109849,6
109949,109951,3
110110,110114,5
110124,110126,3
110148,110151,4
110186,110193,8
110211,110215,5
110383,110386,4
110510,110514,5
110833,110836,4
110913,110916,4
111249,111251,3
111352,111354,3
111459,111461,3
111532,111537,6
111867,111870,4
112085,112087,3
112126,112128,3
112135,112141,7
112308,112310,3
112371,112375,5
112505,112508,4
112551,112553,3
112600,112610,11
112695,112698,4
112712,112714,3
112880,112882,3
113049,113052,4
113127,113132,6
113329,113335,7
113432,113434,3
113576,113578,3
113670,113672,3
113777,113779,3
113894,113896,3
113912,113921,10
113927,113930,4
113973,113975,3
114041,114043,3
114136,114138,3
114377,114380,4
114416,114418,3
114558,114562,5
114591,114597,7
114794,114798,5
114863,114865,3
114921,114923,3
114967,114973,7
115013,115017,5
115019,115022,4
115075,115077,3
115160,115162,3
115235,115237,3
115260,115264,5
115400,115402,3
115474,115483,10
115597,115599,3
115777,115781,5
115925,115928,4
115948,115951,4
116172,116175,4
116219,116224,6
116234,116240,7
116273,116275,3
116513,116517,5
116626,116630,5
116671,116684,14
116840,116847,8
117061,117066,6
117111,117113,3
117162,117166,5
117296,117300,5
117388,117390,3
117396,117398,3
117402,117411,10
117455,117458,4
117585,117589,5
117653,117655,3
117915,117918,4
118103,118105,3
118175,118177,3
118230,118232,3
118358,118369,12
118443,118446,4
118450,118458,9
118546,118550,5
118585,118587,3
118677,118679,3
118943,118946,4
118951,118955,5
118982,118984,3
119000,119003,4
119008,119016,9
119064,119069,6
119081,119084,4
119133,119138,6
119145,119147,3
119214,119216,3
119283,119287,5
119327,119335,9
119420,119422,3
119468,119470,3
119494,119500,7
119587,119589,3
119619,119621,3
119719,119724,6
119810,119812,3
119847,119849,3
119916,119920,5
119938,119941,4
120054,120059,6
120125,120128,4
120199,120202,4
120215,120218,4
120258,120260,3
120297,120301,5
120333,120336,4
120346,120352,7
120359,120367,9
120465,120469,5
120507,120511,5
120575,120577,3
120599,120610,12
120653,120668,16
120689,120692,4
120737,120740,4
120795,120803,9
120825,120827,3
120891,120896,6
120996,120998,3
121018,121021,4
121090,121094,5
121187,121192,6
121193,121203,11
121220,121227,8
121256,121258,3
121273,121279,7
121308,121313,6
121334,121353,20
121366,121368,3
121373,121379,7
121386,121389,4
121408,121410,3
121552,121554,3
121585,121594,10
121682,121684,3
121701,121704,4
121739,121744,6
121765,121768,4
122059,122062,4
122200,122203,4
122300,122304,5
122323,122328,6
122339,122343,5
122353,122355,3
122368,122371,4
122442,122456,15
122465,122467,3
122493,122499,7
122622,122627,6
122914,122918,5
123006,123009,4
123132,123141,10
123166,123170,5
123180,123182,3
123272,123276,5
123285,123288,4
123293,123304,12
123335,123340,6
123362,123366,5
123410,123419,10
123534,123545,12
123562,123568,7
123585,123592,8
123613,123617,5
123660,123663,4
123689,123691,3
123767,123772,6
123816,123819,4
123855,123866,12
123951,123961,11
123980,123982,3
123998,124000,3
124003,124005,3
124043,124057,15
124076,124079,4
124125,124130,6
124209,124213,5
124298,124302,5
124336,124342,7
124378,124381,4
124455,124458,4
124480,124491,12
124508,124511,4
124517,124520,4
124547,124549,3
124562,124566,5
124634,124636,3
124784,124787,4
124819,124823,5
124826,124828,3
124837,124840,4
124842,124844,3
124887,124890,4
124944,124946,3
124957,124959,3
124991,124993,3
125005,125008,4
125056,125058,3
125072,125075,4
125111,125116,6
125216,125218,3
125232,125235,4
125296,125303,8
125317,125320,4
125453,125456,4
125599,125617,19
125646,125649,4
125758,125760,3
125850,125852,3
125884,125886,3
126472,126474,3
126778,126786,9
127241,127247,7
127770,127774,5
127853,127879,27
127914,127927,14
127937,127940,4
128143,128238,96
128435,128437,3
128500,128510,11
128567,128569,3
129071,129082,12
129155,129157,3
129176,129191,16
129195,129200,6
129228,129238,11
129561,129573,13
129694,129701,8
130006,130017,12
130057,130062,6
130338,130346,9
130696,130699,4
130712,130714,3
130758,130765,8
130893,130895,3
130982,130984,3
131025,131055,31
131091,131095,5
131163,131165,3
131267,131273,7
131336,131338,3
131559,131565,7
131793,131795,3
131834,131841,8
131854,131856,3
132534,132539,6
132542,132544,3
132608,132610,3
132704,132706,3
132843,132845,3
133039,133047,9
133067,133069,3
133109,133112,4
133200,133202,3
133204,133206,3
134200,134204,5
134211,134213,3
134238,134244,7
134517,134519,3
136569,136571,3
136584,136586,3
136597,136599,3
137457,137460,4
138617,138619,3
138706,138708,3
138772,138775,4
138780,138788,9
138795,138799,5
138829,138832,4
138840,138843,4
138860,138862,3
138881,138885,5
139136,139138,3
139203,139207,5
139256,139261,6
139279,139282,4
139298,139300,3
139378,139380,3
139487,139495,9
139719,139721,3
139790,139793,4
139802,139804,3
139883,139886,4
139914,139916,3
139993,139996,4
140047,140050,4
140052,140054,3
140055,140067,13
140101,140104,4
140201,140204,4
140259,140263,5
140332,140335,4
140340,140342,3
140398,140400,3
140410,140412,3
140443,140445,3
140448,140450,3
140527,140531,5
140626,140635,10
140669,140684,16
140690,140692,3
140830,140841,12
140910,140924,15
140931,140935,5
140941,140945,5
141045,141048,4
141081,141087,7
141096,141098,3
141145,141147,3
141151,141153,3
141157,141159,3
141190,141194,5
141218,141220,3
141236,141239,4
141246,141250,5
141279,141290,12
141301,141303,3
141331,141335,5
141386,141388,3
141403,141407,5
141464,141466,3
141481,141483,3
141527,141533,7
141579,141581,3
141630,141638,9
141678,141683,6
141840,141845,6
142011,142020,10
142056,142058,3
142063,142065,3
142083,142087,5
142097,142125,29
142207,142209,3
142228,142237,10
142243,142247,5
142276,142278,3
142334,142337,4
142359,142363,5
142373,142378,6
142384,142386,3
142414,142417,4
142472,142479,8
142493,142498,6
142500,142504,5
142506,142508,3
142533,142536,4
142537,142539,3
142571,142574,4
142576,142579,4
142603,142607,5
142639,142642,4
142666,142671,6
142682,142685,4
142708,142712,5
142728,142731,4
142739,142747,9
142780,142782,3
142788,142790,3
142817,142819,3
142835,142838,4
142845,142848,4
142908,142910,3
142934,142937,4
142940,142944,5
142970,142972,3
143007,143009,3
143011,143013,3
143016,143018,3
143021,143028,8
143059,143062,4
143069,143072,4
143076,143084,9
143086,143089,4
143120,143122,3
143128,143132,5
143141,143144,4
143145,143147,3
143210,143214,5
143412,143414,3
143442,143452,11
143523,143528,6
143710,143713,4
143839,143841,3
143936,143938,3
143950,143958,9
144074,144077,4
144137,144139,3
144382,144386,5
144581,144583,3
144683,144685,3
144846,144850,5
144878,144881,4
144941,144947,7
145049,145055,7
145176,145179,4
145239,145242,4
145306,145309,4
145372,145375,4
145469,145471,3
145520,145523,4
145529,145531,3
145634,145640,7
145780,145783,4
145808,145830,23
145839,145841,3
145936,145941,6
145977,145980,4
146027,146029,3
146061,146063,3
146207,146209,3
146225,146227,3
146307,146323,17
146346,146349,4
146351,146353,3
146384,146388,5
146452,146455,4
146492,146495,4
146607,146609,3
146648,146651,4
146688,146690,3
146744,146746,3
146768,146772,5
146835,146839,5
147395,147400,6
147431,147434,4
147435,147439,5
147460,147465,6
147500,147515,16
147567,147570,4
147712,147716,5
147793,147811,19
147820,147824,5
147826,147829,4
147922,147925,4
148015,148023,9
148539,148541,3
148561,148563,3
148642,148644,3
148648,148656,9
148720,148722,3
148747,148750,4
148830,148836,7
148933,148935,3
148994,148996,3
148997,148999,3
149120,149129,10
149149,149151,3
149223,149225,3
149282,149284,3
149526,149531,6
149546,149550,5
149600,149605,6
149677,149681,5
149710,149712,3
149798,149801,4
149874,149877,4
149953,149956,4
150009,150012,4
150017,150024,8
150035,150037,3
150066,150068,3
150086,150088,3
150139,150142,4
150686,150688,3
150855,150861,7
150873,150877,5
150884,150887,4
150946,150955,10
151007,151009,3
151051,151053,3
151086,151090,5
151093,151095,3
151175,151177,3
151188,151202,15
151239,151253,15
151377,151384,8
151479,151503,25
151537,151540,4
151566,151576,11
151630,151637,8
151700,151715,16
151736,151744,9
151824,151826,3
152060,152075,16
152138,152142,5
152167,152171,5
152173,152199,27
152222,152233,12
152327,152336,10
152587,152595,9
152623,152625,3
152688,152718,31
152771,152778,8
152824,152826,3
152907,152909,3
152944,152947,4
152958,152970,13
153010,153017,8
153069,153072,4
153197,153202,6
153219,153222,4
153272,153274,3
153304,153335,32
153572,153575,4
154020,154027,8
154134,154176,43
154207,154209,3
154274,154276,3
154371,154377,7
154544,154562,19
154605,154607,3
154665,154670,6
154671,154673,3
154682,154687,6
154703,154706,4
154725,154733,9
154771,154784,14
154919,154930,12
154931,154935,5
154952,154975,24
155024,155027,4
155034,155036,3
155145,155155,11
155180,155182,3
155264,155266,3
155297,155302,6
155339,155364,26
155452,155466,15
155503,155508,6
155509,155511,3
155607,155609,3
155911,155920,10
155977,155980,4
156148,156150,3
156202,156205,4
156236,156238,3
156302,156304,3
156354,156363,10
156380,156382,3
156406,156411,6
156848,156855,8
157117,157121,5
157164,157174,11
157346,157348,3
157522,157526,5
158118,158121,4
158318,158325,8
158954,158970,17
159050,159052,3
159063,159065,3
159134,159145,12
159150,159155,6
159168,159172,5
159215,159219,5
159243,159248,6
159255,159261,7
159294,159296,3
159318,159327,10
159330,159332,3
159375,159391,17
159392,159396,5
159403,159409,7
159430,159432,3
159465,159468,4
159477,159482,6
159527,159532,6
159543,159545,3
159546,159549,4
159576,159580,5
159589,159594,6
159599,159601,3
159622,159626,5
159639,159641,3
159657,159659,3
159662,159667,6
159709,159711,3
159712,159714,3
159722,159735,14
159765,159767,3
159772,159778,7
159788,159792,5
159794,159797,4
159835,159838,4
159848,159851,4
159860,159864,5
159884,159886,3
159892,159894,3
159896,159898,3
159900,159902,3
159914,159918,5
159923,159925,3
159927,159929,3
159933,159937,5
159959,159963,5
160001,160008,8
160039,160041,3
160061,160066,6
160090,160095,6
160114,160116,3
160157,160160,4
160165,160167,3
160225,160234,10
160236,160239,4
160242,160244,3
160271,160276,6
160277,160279,3
160298,160306,9
160336,160342,7
160364,160367,4
160371,160373,3
160380,160382,3
160386,160388,3
160401,160403,3
160410,160412,3
160416,160421,6
160436,160438,3
160461,160465,5
160493,160497,5
160502,160508,7
160531,160535,5
160537,160540,4
160541,160544,4
160557,160560,4
160564,160567,4
160595,160597,3
160610,160615,6
160620,160627,8
160661,160663,3
160669,160674,6
160684,160687,4
160704,160706,3
160715,160717,3
160726,160729,4
160750,160755,6
160765,160768,4
160792,160795,4
160797,160802,6
160804,160807,4
160824,160828,5
160851,160859,9
160908,160912,5
160931,160934,4
160935,160938,4
160950,160958,9
160975,160978,4
161000,161006,7
161012,161015,4
161047,161052,6
161069,161072,4
161092,161096,5
161098,161101,4
161105,161109,5
161118,161120,3
161132,161134,3
161137,161141,5
161142,161145,4
161152,161155,4
161177,161183,7
161197,161200,4
161204,161206,3
161225,161227,3
161229,161231,3
161245,161249,5
161265,161269,5
161288,161291,4
161301,161304,4
161319,161321,3
161322,161327,6
161345,161348,4
161387,161389,3
161391,161393,3
161403,161410,8
161419,161421,3
161429,161431,3
161458,161460,3
161479,161482,4
161536,161542,7
161559,161562,4
161567,161571,5
161575,161577,3
161592,161596,5
161648,161650,3
161654,161657,4
161674,161676,3
161697,161705,9
161711,161730,20
161754,161756,3
161776,161778,3
161793,161795,3
161802,161805,4
161825,161830,6
161841,161848,8
161882,161888,7
161893,161895,3
161904,161907,4
161918,161921,4
161931,161933,3
161937,161939,3
161956,161958,3
161967,161970,4
161980,161984,5
161995,161997,3
161998,162001,4
162005,162010,6
162053,162055,3
162059,162069,11
162072,162075,4
162089,162091,3
162093,162095,3
162105,162107,3
162113,162115,3
162134,162136,3
162146,162149,4
162156,162159,4
162173,162175,3
162196,162199,4
162206,162208,3
162232,162235,4
162246,162249,4
162252,162256,5
162290,162292,3
162296,162301,6
162312,162318,7
162353,162355,3
162365,162370,6
162384,162390,7
162392,162394,3
162409,162411,3
162423,162425,3
162438,162441,4
162489,162498,10
162521,162524,4
162537,162539,3
162550,162552,3
162554,162559,6
162577,162584,8
162630,162635,6
162637,162639,3
162642,162646,5
162651,162655,5
162661,162663,3
162698,162701,4
162713,162718,6
162719,162723,5
162730,162733,4
162758,162762,5
162813,162815,3
162821,162826,6
162865,162874,10
162879,162883,5
162900,162902,3
162908,162910,3
162915,162918,4
162964,162966,3
162977,162979,3
163005,163008,4
163011,163014,4
163029,163036,8
163038,163041,4
163046,163048,3
163055,163057,3
163066,163075,10
163084,163086,3
163087,163091,5
163102,163106,5
163113,163115,3
163124,163126,3
163140,163142,3
163163,163165,3
163167,163171,5
163201,163203,3
163234,163244,11
163247,163249,3
163268,163271,4
163293,163295,3
163300,163303,4
163331,163333,3
163348,163350,3
163369,163371,3
163393,163398,6
163400,163405,6
163431,163433,3
163435,163440,6
163467,163472,6
163483,163489,7
163527,163529,3
163550,163554,5
163568,163572,5
163573,163576,4
163577,163584,8
163587,163590,4
163597,163603,7
163605,163608,4
163703,163706,4
163752,163757,6
163760,163763,4
163769,163773,5
163774,163778,5
163802,163804,3
163811,163813,3
163817,163821,5
163844,163846,3
163854,163856,3
163874,163880,7
163907,163910,4
163920,163922,3
163943,163945,3
163972,163975,4
164027,164030,4
164051,164053,3
164095,164097,3
164103,164106,4
164108,164110,3
164112,164117,6
164124,164129,6
164133,164135,3
164164,164170,7
164213,164218,6
164277,164279,3
164309,164315,7
164340,164343,4
164363,164366,4
164394,164396,3
164410,164413,4
164432,164436,5
164448,164451,4
164479,164481,3
164488,164490,3
164493,164495,3
164498,164500,3
164510,164512,3
164515,164517,3
164524,164526,3
164569,164571,3
164611,164613,3
164633,164637,5
164642,164644,3
164653,164656,4
164660,164663,4
164692,164694,3
164730,164732,3
164744,164746,3
164758,164760,3
164762,164764,3
164791,164793,3
164845,164848,4
164903,164910,8
164953,164955,3
164964,164969,6
165011,165019,9
165029,165031,3
165051,165054,4
165071,165074,4
165082,165084,3
165096,165098,3
165103,165112,10
165115,165117,3
165137,165139,3
165156,165158,3
165176,165181,6
165195,165203,9
165207,165211,5
165220,165222,3
165226,165229,4
165243,165245,3
165256,165260,5
165261,165263,3
165273,165277,5
165284,165286,3
165312,165316,5
165324,165326,3
165331,165333,3
165341,165343,3
165359,165361,3
165372,165376,5
165381,165383,3
165424,165427,4
165469,165471,3
165472,165474,3
165557,165560,4
165571,165574,4
165595,165601,7
165603,165607,5
165610,165613,4
165616,165621,6
165625,165627,3
165629,165631,3
165667,165672,6
165686,165688,3
165689,165691,3
165713,165716,4
165773,165776,4
165777,165786,10
165791,165793,3
165796,165798,3
165821,165825,5
165827,165830,4
165845,165847,3
165855,165858,4
165862,165869,8
165883,165886,4
165929,165932,4
165955,165958,4
165968,165974,7
165992,165994,3
166023,166025,3
166046,166053,8
166060,166062,3
166086,166090,5
166117,166122,6
166184,166189,6
166200,166202,3
166206,166209,4
166213,166216,4
166234,166239,6
166262,166264,3
166274,166276,3
166304,166307,4
166315,166317,3
166335,166337,3
166353,166355,3
166365,166367,3
166422,166424,3
166458,166461,4
166500,166502,3
166505,166507,3
166557,166561,5
166579,166583,5
166623,166625,3
166639,166643,5
166654,166659,6
166735,166739,5
166745,166747,3
166750,166754,5
166767,166771,5
166779,166781,3
166782,166784,3
166806,166810,5
166822,166827,6
166828,166834,7
166856,166858,3
166862,166867,6
166902,166904,3
166939,166948,10
166950,166953,4
166970,166972,3
166983,166985,3
166989,166992,4
166999,167002,4
167010,167013,4
167018,167023,6
167053,167055,3
167082,167084,3
167107,167110,4
167123,167126,4
167127,167129,3
167158,167160,3
167173,167176,4
167190,167193,4
167195,167198,4
167209,167211,3
167214,167216,3
167223,167226,4
167271,167273,3
167279,167282,4
167291,167293,3
167312,167317,6
167413,167421,9
167437,167439,3
167442,167451,10
167457,167462,6
167473,167479,7
167491,167493,3
167501,167506,6
167516,167518,3
167530,167532,3
167581,167583,3
167619,167625,7
167638,167647,10
167654,167657,4
167677,167684,8
167705,167709,5
167733,167735,3
167746,167748,3
167752,167754,3
167771,167773,3
167778,167785,8
167793,167796,4
167864,167867,4
167887,167889,3
167893,167901,9
167913,167915,3
167924,167933,10
167947,167953,7
167955,167958,4
167961,167963,3
167973,167975,3
167989,167992,4
168006,168008,3
168011,168015,5
168056,168059,4
168070,168075,6
168079,168083,5
168091,168093,3
168176,168185,10
168193,168195,3
168222,168224,3
168233,168237,5
168241,168244,4
168256,168258,3
168276,168279,4
168317,168320,4
168328,168332,5
168342,168344,3
168354,168356,3
168372,168374,3
168385,168387,3
168397,168401,5
168421,168426,6
168441,168445,5
168460,168463,4
168544,168546,3
168559,168562,4
168572,168574,3
168581,168583,3
168584,168587,4
168595,168597,3
168619,168621,3
168629,168631,3
168646,168652,7
168665,168668,4
168682,168688,7
168706,168709,4
168739,168745,7
168747,168749,3
168786,168788,3
168792,168794,3
168802,168806,5
168821,168823,3
168829,168831,3
168834,168840,7
168851,168854,4
168878,168880,3
168882,168886,5
168910,168912,3
168941,168943,3
168967,168974,8
168976,168979,4
168991,168993,3
168998,169006,9
169007,169011,5
169035,169039,5
169048,169053,6
169082,169085,4
169123,169125,3
169132,169136,5
169145,169149,5
169152,169155,4
169165,169169,5
169174,169176,3
169177,169179,3
169186,169188,3
169190,169192,3
169194,169196,3
169240,169245,6
169251,169257,7
169266,169269,4
169279,169286,8
169323,169325,3
169378,169381,4
169389,169392,4
169397,169403,7
169413,169419,7
169433,169436,4
169444,169449,6
169459,169462,4
169476,169481,6
169491,169494,4
169498,169502,5
169508,169510,3
169538,169540,3
169544,169546,3
169572,169575,4
169607,169609,3
169688,169691,4
169695,169697,3
169720,169722,3
169732,169736,5
169749,169751,3
169768,169771,4
169798,169801,4
169829,169834,6
169850,169854,5
169869,169873,5
169879,169881,3
169891,169895,5
169938,169940,3
169949,169951,3
169958,169961,4
169992,169994,3
170005,170009,5
170012,170018,7
170078,170085,8
170097,170099,3
170104,170107,4
170120,170122,3
170137,170139,3
170170,170172,3
170181,170184,4
170214,170216,3
170219,170221,3
170243,170247,5
170256,170258,3
170261,170264,4
170274,170276,3
170279,170286,8
170289,170291,3
170298,170300,3
170328,170333,6
170372,170374,3
170395,170399,5
170443,170446,4
170448,170451,4
170516,170518,3
170534,170536,3
170583,170590,8
170591,170593,3
170595,170598,4
170631,170637,7
170654,170656,3
170666,170668,3
170735,170737,3
170747,170752,6
170785,170790,6
170793,170795,3
170825,170830,6
170846,170852,7
170873,170880,8
170953,170955,3
170961,170963,3
170973,170976,4
170987,170989,3
171025,171029,5
171034,171038,5
171048,171051,4
171068,171070,3
171140,171142,3
171192,171198,7
171219,171221,3
171229,171232,4
171286,171289,4
171297,171303,7
171312,171315,4
171353,171356,4
171359,171361,3
171368,171371,4
171372,171376,5
171399,171404,6
171440,171442,3
171443,171445,3
171464,171466,3
171474,171476,3
171616,171619,4
171646,171650,5
171685,171692,8
171694,171696,3
171734,171736,3
171758,171765,8
171767,171770,4
171781,171784,4
171821,171826,6
171829,171831,3
171861,171863,3
171898,171901,4
171945,171950,6
172002,172005,4
172045,172047,3
172053,172056,4
172063,172073,11
172094,172098,5
172155,172157,3
172180,172182,3
172303,172316,14
172327,172330,4
172334,172339,6
172403,172405,3
172435,172437,3
172489,172491,3
172493,172498,6
172502,172504,3
172522,172527,6
172542,172545,4
172556,172570,15
172576,172578,3
172609,172611,3
172622,172624,3
172632,172634,3
172649,172651,3
172653,172656,4
172663,172666,4
172693,172695,3
172697,172701,5
172706,172709,4
172733,172735,3
172745,172750,6
172775,172777,3
172816,172818,3
172879,172882,4
172923,172928,6
172932,172935,4
172955,172958,4
172959,172964,6
172971,172976,6
172992,172994,3
173011,173013,3
173019,173022,4
173030,173033,4
173044,173047,4
173065,173068,4
173079,173081,3
173097,173099,3
173138,173140,3
173265,173267,3
173294,173297,4
173305,173307,3
173319,173323,5
173397,173399,3
173424,173430,7
173458,173461,4
173488,173491,4
173528,173530,3
173556,173561,6
173590,173593,4
173629,173631,3
173651,173653,3
173693,173695,3
173696,173699,4
173702,173706,5
173725,173727,3
173771,173775,5
173778,173780,3
173783,173786,4
173792,173795,4
173796,173798,3
173859,173861,3
173876,173878,3
173894,173897,4
173921,173923,3
173986,173994,9
174057,174061,5
174162,174164,3
174178,174181,4
174190,174195,6
174213,174215,3
174235,174238,4
174253,174256,4
174334,174338,5
174356,174358,3
174388,174392,5
174393,174395,3
174445,174448,4
174475,174480,6
174500,174502,3
174533,174539,7
174587,174590,4
174641,174643,3
174661,174665,5
174667,174673,7
174683,174685,3
174695,174697,3
174746,174748,3
174775,174778,4
174786,174789,4
174795,174799,5
174810,174816,7
174827,174834,8
174855,174860,6
174862,174864,3
174918,174922,5
174968,174975,8
174991,174993,3
175013,175019,7
175138,175142,5
175152,175154,3
175158,175160,3
175165,175168,4
175182,175185,4
175191,175193,3
175195,175197,3
175280,175284,5
175343,175346,4
175396,175398,3
175399,175402,4
175428,175430,3
175531,175536,6
175572,175575,4
175598,175600,3
175627,175631,5
175633,175638,6
175649,175652,4
175678,175684,7
175708,175711,4
175741,175743,3
175751,175759,9
175789,175791,3
175837,175841,5
175842,175849,8
175929,175931,3
175964,175973,10
175996,175998,3
176025,176029,5
176080,176082,3
176103,176105,3
176174,176178,5
176198,176201,4
176244,176249,6
176253,176255,3
176270,176272,3
176297,176300,4
176375,176379,5
176413,176417,5
176445,176448,4
176472,176476,5
176494,176497,4
176525,176527,3
176555,176558,4
176625,176636,12
176649,176654,6
176665,176672,8
176676,176678,3
176705,176707,3
176711,176713,3
176833,176836,4
176850,176852,3
176915,176919,5
177009,177012,4
177018,177020,3
177030,177034,5
177046,177048,3
177075,177077,3
177082,177084,3
177089,177092,4
177241,177245,5
177249,177253,5
177258,177262,5
177288,177291,4
177331,177333,3
177342,177348,7
177364,177367,4
177382,177386,5
177399,177401,3
177442,177444,3
177478,177484,7
177528,177530,3
177567,177571,5
177580,177582,3
177871,177879,9
177895,177897,3
177920,177922,3
177923,177934,12
177962,177965,4
178057,178059,3
178090,178096,7
178129,178135,7
178137,178139,3
178274,178277,4
178282,178284,3
178349,178351,3
178406,178414,9
178444,178446,3
178455,178459,5
178532,178537,6
178555,178561,7
178562,178564,3
178588,178590,3
178591,178594,4
178623,178627,5
178657,178663,7
178675,178679,5
178698,178701,4
178721,178723,3
178741,178744,4
178765,178773,9
178822,178824,3
178825,178827,3
178859,178862,4
178885,178887,3
178932,178941,10
178975,178980,6
178995,178998,4
179004,179008,5
179024,179036,13
179058,179061,4
179110,179113,4
179117,179122,6
179145,179148,4
179160,179162,3
179179,179181,3
179204,179208,5
179326,179329,4
179341,179344,4
179388,179393,6
179395,179411,17
179424,179428,5
179517,179519,3
179570,179576,7
179629,179631,3
179638,179641,4
179809,179812,4
179816,179822,7
179862,179867,6
179879,179882,4
179885,179887,3
179929,179931,3
180000,180003,4
180084,180088,5
180143,180146,4
180149,180151,3
180161,180163,3
180272,180275,4
180288,180292,5
180342,180345,4
180451,180456,6
180477,180482,6
180498,180503,6
180523,180526,4
180561,180564,4
180595,180597,3
180609,180611,3
180615,180617,3
180696,180698,3
180704,180706,3
180708,180710,3
180721,180725,5
180823,180825,3
180843,180846,4
180886,180888,3
180913,180918,6
180985,180987,3
181115,181117,3
181147,181149,3
181195,181199,5
181359,181362,4
181383,181386,4
181390,181396,7
181407,181410,4
181463,181465,3
181528,181530,3
181534,181537,4
181539,181541,3
181544,181548,5
181568,181570,3
181587,181589,3
181612,181615,4
181650,181658,9
181663,181668,6
181692,181697,6
181722,181725,4
181736,181739,4
181775,181777,3
181797,181800,4
181824,181828,5
181832,181834,3
181872,181875,4
181944,181948,5
182018,182022,5
182027,182030,4
182068,182071,4
182097,182099,3
182112,182114,3
182126,182129,4
182159,182165,7
182187,182189,3
182197,182199,3
182237,182240,4
182255,182257,3
182294,182296,3
182324,182326,3
182358,182360,3
182381,182384,4
182441,182445,5
182504,182507,4
182545,182547,3
182605,182607,3
182643,182645,3
182815,182818,4
182827,182832,6
182854,182856,3
182860,182864,5
182881,182886,6
182973,182975,3
183003,183005,3
183043,183048,6
183064,183066,3
183133,183136,4
183180,183183,4
183207,183209,3
183224,183227,4
183232,183234,3
183278,183280,3
183311,183317,7
183344,183346,3
183441,183444,4
183457,183459,3
183531,183533,3
183579,183585,7
183666,183668,3
183685,183687,3
183748,183752,5
183758,183761,4
183815,183818,4
183832,183835,4
183859,183861,3
183930,183932,3
183989,183992,4
183995,183997,3
184362,184365,4
184491,184493,3
184511,184515,5
184565,184567,3
184623,184625,3
184647,184649,3
184665,184669,5
184734,184736,3
184785,184787,3
184825,184827,3
184865,184867,3
184904,184908,5
184967,184971,5
184990,184993,4
185026,185028,3
185031,185035,5
185056,185061,6
185066,185069,4
185130,185132,3
185183,185187,5
185190,185193,4
185198,185200,3
185217,185219,3
185232,185234,3
185251,185254,4
185273,185275,3
185371,185374,4
185393,185395,3
185436,185438,3
185453,185457,5
185503,185505,3
185537,185539,3
185557,185559,3
185573,185575,3
185721,185723,3
185797,185799,3
185826,185828,3
185854,185856,3
185857,185859,3
185867,185869,3
185928,185931,4
186032,186034,3
186095,186099,5
186108,186110,3
186124,186126,3
186205,186210,6
186285,186287,3
186313,186315,3
186351,186353,3
186375,186377,3
186390,186392,3
186525,186528,4
186538,186540,3
186590,186593,4
186607,186609,3
186623,186626,4
186687,186689,3
186724,186726,3
186761,186763,3
186848,186855,8
188238,188240,3
188416,188420,5
190438,190442,5
190537,190540,4
190970,190975,6
191335,191338,4
191774,191776,3
191972,191981,10
192484,192487,4
192728,192730,3
194453,194455,3
194695,194698,4
194720,194722,3
195149,195173,25
195176,195183,8
195188,195207,20
195208,195214,7
195220,195223,4
195229,195233,5
195254,195257,4
195269,195278,10
195298,195309,12
195343,195348,6
195358,195364,7
195383,195386,4
195402,195405,4
195414,195416,3
195423,195425,3
195433,195438,6
195441,195447,7
195458,195460,3
195488,195490,3
195502,195513,12
195550,195555,6
195579,195584,6
195594,195598,5
195612,195614,3
195658,195662,5
195664,195666,3
195682,195685,4
195689,195691,3
195707,195709,3
195737,195741,5
195756,195767,12
195777,195781,5
195793,195795,3
195823,195825,3
195827,195830,4
195833,195835,3
195859,195861,3
195899,195905,7
195917,195922,6
195927,195930,4
195934,195936,3
195967,195969,3
195985,195987,3
196044,196047,4
196070,196073,4
196081,196087,7
196094,196100,7
196124,196128,5
196129,196131,3
196151,196153,3
196158,196163,6
196166,196169,4
196183,196193,11
196208,196211,4
196216,196219,4
196221,196231,11
196260,196263,4
196297,196300,4
196342,196346,5
196371,196377,7
196381,196384,4
196409,196413,5
196438,196448,11
196461,196463,3
196482,196487,6
196492,196494,3
196504,196506,3
196511,196515,5
196562,196565,4
196614,196616,3
196649,196651,3
196660,196662,3
196677,196681,5
196821,196824,4
196862,196864,3
196984,196989,6
196999,197002,4
197192,197195,4
197200,197202,3
197213,197216,4
197234,197237,4
197264,197266,3
197323,197325,3
197335,197337,3
197976,197985,10
198017,198021,5
198104,198107,4
198123,198126,4
198234,198236,3
198263,198272,10
198292,198303,12
198451,198457,7
198511,198518,8
200225,200229,5
200230,200234,5
201170,201174,5
203643,203645,3
204379,204387,9
204392,204402,11
204411,204413,3
204442,204449,8
204584,204586,3
205930,205933,4
206136,206138,3
206218,206221,4
206415,206418,4
206426,206428,3
206439,206442,4
206681,206686,6
207155,207161,7
207367,207371,5
207481,207485,5
207641,207644,4
207787,207789,3
207795,207799,5
207823,207826,4
208042,208045,4
208123,208125,3
208157,208160,4
208283,208285,3
208343,208345,3
208350,208355,6
208430,208438,9
208460,208462,3
208579,208587,9
208643,208646,4
208684,208686,3
208760,208763,4
208793,208797,5
208908,208910,3
209034,209038,5
209065,209067,3
209137,209139,3
209151,209153,3
209155,209157,3
209170,209172,3
209286,209288,3
209362,209366,5
209461,209463,3
209491,209495,5
209530,209541,12
209693,209695,3
209820,209822,3
209859,209863,5
210171,210173,3
210277,210284,8
210311,210313,3
210451,210455,5
210511,210513,3
210528,210530,3
210553,210555,3
210747,210749,3
210922,210926,5
211245,211247,3
211260,211263,4
211345,211349,5
211437,211439,3
211464,211466,3
211511,211513,3
211536,211540,5
211637,211640,4
211735,211741,7
211850,211852,3
211865,211869,5
212132,212134,3
212192,212194,3
212301,212304,4
212655,212658,4
212832,212835,4
213079,213083,5
213145,213147,3
213167,213175,9
213239,213242,4
213289,213291,3
213326,213329,4
213438,213441,4
213559,213565,7
213571,213573,3
213624,213626,3
213638,213640,3
213665,213669,5
213781,213789,9
213798,213800,3
213815,213820,6
213973,213976,4
214166,214168,3
214287,214290,4
214594,214600,7
214613,214617,5
214793,214795,3
214930,214941,12
215046,215049,4
215066,215068,3
215407,215409,3
215560,215562,3
216298,216300,3
216465,216467,3
216636,216639,4
216732,216738,7
216857,216860,4
217475,217477,3
217585,217589,5
217958,217963,6
218057,218059,3
218107,218110,4
218270,218274,5
218457,218461,5
218546,218554,9
218725,218727,3
218747,218749,3
218925,218929,5
219041,219044,4
219137,219140,4
219483,219486,4
219499,219502,4
220119,220121,3
220138,220140,3
220466,220470,5
220757,220759,3
220828,220830,3
220939,220942,4
221105,221109,5
221275,221277,3
221338,221340,3
221527,221531,5
221624,221626,3
221703,221706,4
221868,221871,4
222109,222111,3
222193,222204,12
222211,222213,3
222446,222448,3
222717,222720,4
222964,222966,3
223137,223139,3
223253,223256,4
223377,223379,3
223593,223599,7
223605,223607,3
223688,223691,4
223760,223762,3
223769,223772,4
223838,223840,3
223882,223885,4
223910,223912,3
224122,224125,4
224549,224553,5
224571,224577,7
224605,224610,6
224648,224652,5
224687,224689,3
224758,224760,3
224779,224784,6
224788,224790,3
224809,224815,7
224821,224823,3
224852,224856,5
224869,224876,8
224901,224911,11
224924,224927,4
224938,224941,4
224950,224952,3
225105,225110,6
225129,225136,8
225180,225186,7
225223,225225,3
225236,225239,4
225274,225280,7
225316,225322,7
225338,225344,7
225350,225358,9
225368,225370,3
225373,225377,5
225394,225400,7
225411,225414,4
225457,225459,3
225504,225513,10
225557,225559,3
225584,225587,4
225654,225657,4
225671,225673,3
225680,225687,8
225730,225733,4
225770,225776,7
225794,225797,4
225803,225805,3
225847,225849,3
225900,225907,8
226017,226019,3
226074,226078,5
226085,226087,3
226176,226179,4
226186,226190,5
226254,226260,7
226271,226274,4
226284,226286,3
226293,226296,4
226334,226338,5
226362,226365,4
226373,226377,5
226395,226399,5
226408,226411,4
226427,226429,3
226446,226448,3
226597,226599,3
226605,226609,5
226616,226621,6
226846,226850,5
226866,226870,5
226885,226889,5
226905,226907,3
226916,226918,3
226927,226929,3
226993,226997,5
227009,227011,3
227090,227095,6
227102,227104,3
227122,227125,4
227176,227178,3
227185,227187,3
227206,227208,3
227321,227324,4
227362,227364,3
227405,227410,6
227451,227453,3
227554,227556,3
227571,227575,5
227611,227615,5
227652,227654,3
227742,227750,9
227796,227801,6
227822,227826,5
227828,227830,3
227864,227867,4
227877,227879,3
227931,227933,3
227950,227953,4
228044,228046,3
228095,228097,3
228121,228123,3
228148,228154,7
228254,228258,5
228286,228289,4
228314,228318,5
228322,228325,4
228355,228360,6
228387,228393,7
228420,228425,6
228522,228524,3
228574,228578,5
228590,228592,3
228645,228647,3
228654,228656,3
228678,228680,3
228731,228733,3
228851,228853,3
228922,228924,3
228950,228955,6
228961,228963,3
229024,229027,4
229063,229066,4
229141,229143,3
229193,229199,7
229357,229362,6
229370,229372,3
229393,229395,3
229491,229493,3
229496,229499,4
229582,229585,4
229619,229622,4
229632,229634,3
229727,229730,4
229786,229793,8
229847,229852,6
229854,229856,3
229865,229867,3
229925,229928,4
229990,229992,3
229994,229997,4
230014,230017,4
230045,230047,3
230063,230066,4
230095,230097,3
230197,230199,3
230267,230269,3
230300,230302,3
230328,230330,3
230365,230370,6
230383,230385,3
230463,230467,5
230576,230578,3
230583,230585,3
230673,230679,7
230713,230716,4
230725,230728,4
230810,230813,4
230859,230861,3
230885,230887,3
230932,230934,3
230942,230944,3
231016,231018,3
231051,231053,3
231101,231104,4
231164,231167,4
231213,231216,4
231235,231237,3
231248,231250,3
231352,231354,3
231406,231408,3
231566,231568,3
231619,231621,3
231624,231626,3
231729,231732,4
231741,231743,3
231794,231796,3
231827,231829,3
231880,231890,11
231892,231894,3
232156,232159,4
232181,232184,4
232230,232232,3
232277,232281,5
232304,232306,3
232546,232548,3
232610,232612,3
232634,232636,3
232642,232644,3
232651,232653,3
232730,232737,8
232774,232776,3
233147,233151,5
233305,233308,4
233356,233359,4
233451,233457,7
233535,233548,14
233590,233593,4
233659,233662,4
233760,233765,6
233804,233810,7
233978,233981,4
234052,234054,3
234078,234083,6
234101,234106,6
234127,234133,7
234282,234284,3
234370,234374,5
234382,234384,3
234558,234560,3
234630,234635,6
234642,234645,4
234671,234684,14
234712,234715,4
234784,234790,7
234947,234951,5
235008,235010,3
235047,235052,6
235171,235174,4
235251,235269,19
235319,235332,14
235333,235335,3
235403,235414,12
235426,235429,4
235467,235471,5
235520,235524,5
235541,235546,6
235568,235572,5
235653,235660,8
235666,235670,5
235702,235704,3
235725,235727,3
235741,235745,5
235751,235753,3
235760,235762,3
235901,235910,10
235946,235948,3
235974,235976,3
235999,236003,5
236022,236026,5
236060,236063,4
236088,236091,4
236095,236101,7
236146,236152,7
236170,236177,8
236189,236192,4
236221,236223,3
236250,236255,6
236262,236269,8
236278,236282,5
236295,236297,3
236298,236307,10
236318,236321,4
236352,236357,6
236387,236389,3
236416,236419,4
236448,236450,3
236470,236478,9
236593,236598,6
236628,236633,6
236640,236643,4
236684,236693,10
236755,236758,4
236780,236783,4
236807,236810,4
236817,236819,3
236849,236854,6
236926,236932,7
236969,236972,4
237037,237039,3
237049,237057,9
237080,237087,8
237190,237194,5
237210,237216,7
237292,237296,5
237361,237363,3
237381,237383,3
237425,237428,4
237436,237438,3
237483,237485,3
237499,237501,3
237525,237528,4
237530,237532,3
237576,237580,5
237581,237583,3
237654,237658,5
237663,237665,3
237692,237695,4
237762,237767,6
237803,237805,3
237850,237864,15
237868,237873,6
237891,237894,4
237909,237919,11
237979,237985,7
237998,238005,8
238046,238050,5
238064,238066,3
238073,238077,5
238093,238095,3
238130,238132,3
238161,238165,5
238167,238171,5
238235,238238,4
238242,238244,3
238248,238251,4
238294,238296,3
238319,238333,15
238350,238353,4
238381,238390,10
238435,238439,5
238457,238461,5
238469,238471,3
238490,238492,3
238506,238508,3
238513,238515,3
238521,238526,6
238624,238627,4
238678,238683,6
238686,238688,3
238694,238698,5
238732,238734,3
238801,238803,3
238824,238828,5
238855,238858,4
238880,238882,3
238888,238890,3
238914,238919,6
238953,238962,10
238988,238990,3
238993,238998,6
239009,239013,5
239027,239029,3
239071,239074,4
239079,239086,8
239105,239108,4
239127,239130,4
239146,239155,10
239169,239171,3
239204,239207,4
239213,239215,3
239236,239238,3
239323,239329,7
239352,239354,3
239355,239359,5
239364,239366,3
239381,239388,8
239425,239430,6
239482,239487,6
239488,239499,12
239611,239615,5
239632,239635,4
239642,239644,3
239687,239690,4
239772,239776,5
239787,239791,5
239802,239806,5
239819,239822,4
239826,239828,3
239831,239833,3
239838,239843,6
239910,239913,4
239923,239927,5
239986,239992,7
240031,240034,4
240085,240095,11
240194,240196,3
240197,240226,30
240230,240234,5
240236,240240,5
240292,240298,7
240350,240352,3
240401,240411,11
240436,240440,5
240449,240451,3
240606,240608,3
240666,240678,13
240724,240726,3
240840,240843,4
240854,240861,8
240995,241000,6
241208,241224,17
241226,241229,4
241433,241438,6
241448,241458,11
241468,241476,9
241490,241493,4
241552,241558,7
241578,241583,6
241594,241600,7
241643,241650,8
241698,241701,4
241840,241843,4
241854,241861,8
241882,241897,16
241911,241913,3
241966,241972,7
242116,242119,4
242182,242185,4
242240,242245,6
242363,242366,4
242922,242924,3
243090,243092,3
243195,243200,6
243372,243377,6
243729,243731,3
244001,244004,4
244297,244299,3
244375,244378,4
244994,244996,3
245026,245029,4
245255,245258,4
245281,245285,5
245403,245406,4
245596,245599,4
245828,245831,4
246008,246010,3
246315,246319,5
246452,246454,3
246653,246659,7
246789,246791,3
246806,246812,7
247340,247342,3
247549,247553,5
247702,247704,3
247730,247732,3
247858,247864,7
247953,247960,8
248058,248060,3
248094,248096,3
248101,248103,3
248104,248108,5
248272,248275,4
248338,248341,4
248441,248445,5
248642,248645,4
248693,248696,4
248709,248712,4
248750,248752,3
248938,248940,3
248958,248961,4
249075,249079,5
249125,249127,3
249182,249188,7
249509,249512,4
249661,249668,8
249717,249721,5
249723,249728,6
249787,249793,7
249805,249810,6
249938,249942,5
249976,249978,3
249996,250003,8
250038,250040,3
250049,250052,4
250096,250099,4
250285,250289,5
250428,250430,3
250507,250517,11
250619,250626,8
250683,250685,3
250714,250720,7
250732,250736,5
250801,250805,5
250813,250818,6
250981,250984,4
251094,251097,4
251117,251119,3
251211,251213,3
251326,251329,4
251432,251434,3
251491,251497,7
251526,251531,6
251537,251541,5
251545,251547,3
251578,251583,6
251607,251611,5
251615,251617,3
251714,251720,7
251843,251845,3
251924,251930,7
251995,252003,9
252091,252097,7
252170,252172,3
252211,252213,3
252276,252286,11
252454,252456,3
252528,252532,5
252627,252629,3
252747,252752,6
252879,252881,3
252887,252891,5
252928,252930,3
252950,252952,3
253028,253030,3
253066,253068,3
253073,253076,4
253258,253261,4
253299,253301,3
253417,253420,4
253565,253568,4
253632,253634,3
253838,253840,3
253922,253926,5
253940,253943,4
253945,253947,3
254092,254094,3
254295,254297,3
254336,254338,3
254345,254348,4
254351,254355,5
254430,254432,3
254493,254495,3
254528,254530,3
254564,254568,5
254712,254714,3
254723,254725,3
254947,254952,6
254996,255000,5
255058,255061,4
255227,255230,4
255414,255416,3
255500,255502,3
255711,255713,3
255807,255809,3
255837,255839,3
256145,256150,6
256153,256157,5
256229,256233,5
256260,256262,3
256358,256360,3
256601,256603,3
256633,256637,5
256638,256640,3
256644,256648,5
256812,256814,3
256937,256940,4
257089,257091,3
257155,257157,3
257200,257203,4
257262,257266,5
257273,257276,4
257293,257298,6
257372,257376,5
257380,257387,8
257399,257406,8
257517,257527,11
257582,257587,6
257610,257613,4
257647,257650,4
257781,257792,12
257809,257811,3
257834,257842,9
257968,257972,5
257986,257992,7
258000,258015,16
258047,258052,6
258065,258082,18
258126,258136,11
258182,258188,7
258250,258268,19
258273,258282,10
258402,258419,18
258555,258596,42
258673,258701,29
258768,258780,13
258830,258838,9
258901,258903,3
258910,258918,9
258929,258931,3
258974,258979,6
259001,259012,12
259044,259052,9
259082,259112,31
259130,259137,8
259138,259160,23
259178,259193,16
259252,259254,3
259313,259318,6
259432,259439,8
259446,259451,6
259467,259480,14
259546,259551,6
259603,259607,5
259723,259726,4
259729,259739,11
259809,259812,4
259884,259886,3
259899,259905,7
260151,260160,10
260193,260216,24
260327,260341,15
260547,260553,7
260559,260571,13
260822,260824,3
261107,261110,4
261119,261123,5
261806,261810,5
262132,262134,3
263071,263073,3
263158,263160,3
263641,263643,3
263724,263726,3
263745,263749,5
263837,263841,5
264001,264003,3
264201,264203,3
264303,264306,4
264543,264547,5
264683,264685,3
264692,264694,3
264821,264823,3
264889,264891,3
264932,264934,3
265098,265104,7
265123,265129,7
265366,265368,3
265408,265411,4
265648,265650,3
265716,265718,3
265782,265784,3
265882,265884,3
265917,265921,5
266000,266005,6
266045,266051,7
266309,266312,4
266568,266570,3
266867,266870,4
266895,266901,7
266922,266926,5
266970,266972,3
267087,267089,3
267145,267147,3
267161,267168,8
267393,267397,5
267619,267623,5
267798,267801,4
268184,268186,3
268307,268309,3
268331,268335,5
268368,268373,6
268393,268398,6
268815,268823,9
268897,268899,3
268931,268933,3
268943,268946,4
269164,269166,3
269256,269261,6
269300,269302,3
269394,269396,3
269507,269509,3
269663,269665,3
269760,269763,4
269781,269784,4
269836,269840,5
269897,269899,3
269924,269928,5
270021,270023,3
270042,270046,5
270051,270055,5
270079,270083,5
270249,270251,3
270258,270261,4
270386,270388,3
270511,270516,6
270559,270561,3
270568,270571,4
270584,270588,5
270594,270596,3
270670,270674,5
270763,270765,3
270831,270835,5
271060,271062,3
271099,271101,3
271108,271112,5
271119,271121,3
271178,271180,3
271345,271350,6
271369,271371,3
271465,271467,3
271513,271515,3
271562,271566,5
271623,271626,4
271788,271791,4
271883,271890,8
271908,271911,4
271973,271980,8
272017,272020,4
272059,272063,5
272249,272252,4
272295,272303,9
272347,272351,5
272358,272360,3
272384,272388,5
272443,272451,9
272478,272482,5
272775,272777,3
272785,272788,4
272802,272804,3
272811,272815,5
272841,272843,3
272868,272872,5
272986,272990,5
273011,273013,3
273076,273078,3
273134,273137,4
273182,273184,3
273207,273213,7
273220,273225,6
273232,273236,5
273307,273309,3
273365,273367,3
273429,273436,8
273507,273511,5
273520,273525,6
273633,273637,5
273641,273643,3
273654,273656,3
273657,273659,3
273711,273713,3
273726,273728,3
273764,273767,4
273810,273814,5
273842,273845,4
273885,273889,5
274008,274012,5
274015,274017,3
274025,274031,7
274122,274127,6
274160,274164,5
274186,274188,3
274235,274238,4
274250,274252,3
274351,274355,5
274557,274563,7
274648,274650,3
274667,274670,4
274677,274687,11
274849,274853,5
274909,274913,5
275051,275053,3
275060,275063,4
275173,275175,3
275205,275207,3
275236,275238,3
275268,275271,4
275393,275396,4
275558,275560,3
275567,275571,5
275599,275602,4
275623,275625,3
275676,275678,3
275692,275694,3
275700,275706,7
275773,275776,4
275869,275872,4
275893,275896,4
276016,276018,3
276037,276039,3
276049,276053,5
276088,276092,5
276095,276097,3
276153,276155,3
276194,276196,3
276226,276229,4
276360,276364,5
276427,276433,7
276582,276586,5
276589,276592,4
276666,276668,3
276670,276674,5
276730,276732,3
276771,276774,4
276775,276777,3
276817,276819,3
276847,276853,7
276854,276856,3
276886,276891,6
276927,276929,3
276973,276979,7
276982,276984,3
276998,277000,3
277032,277036,5
277046,277048,3
277248,277251,4
277303,277306,4
277366,277368,3
277443,277451,9
277480,277485,6
277487,277490,4
277507,277509,3
277541,277547,7
277782,277787,6
277789,277791,3
277823,277826,4
277860,277862,3
277890,277897,8
277979,277981,3
277992,277995,4
278011,278014,4
278118,278123,6
278232,278240,9
278289,278291,3
278319,278323,5
278386,278402,17
278412,278414,3
278461,278465,5
278576,278578,3
278580,278584,5
278597,278599,3
278619,278622,4
278674,278677,4
278686,278690,5
278726,278728,3
278745,278747,3
278885,278888,4
279013,279017,5
279031,279038,8
279082,279086,5
279104,279106,3
279126,279130,5
279141,279144,4
279176,279178,3
279279,279281,3
279318,279320,3
279342,279345,4
279349,279351,3
279361,279364,4
280978,280981,4
281184,281188,5
282987,282990,4
283076,283078,3
283098,283102,5
283384,283386,3
283667,283669,3
285613,285616,4
285661,285664,4
285888,285891,4
286090,286095,6
286495,286497,3
286585,286589,5
286945,286948,4
286996,286998,3
287244,287247,4
287535,287537,3
287668,287671,4
287791,287794,4
287943,287946,4
288481,288484,4
288745,288747,3
288932,288935,4
288994,289000,7
289018,289020,3
289210,289214,5
289224,289232,9
289280,289285,6
289315,289317,3
289381,289389,9
289391,289402,12
289410,289412,3
289498,289500,3
289530,289533,4
289575,289578,4
289588,289596,9
289609,289611,3
289639,289643,5
289666,289670,5
289746,289751,6
289791,289800,10
289805,289807,3
289821,289823,3
289834,289841,8
289878,289880,3
289905,289908,4
289934,289937,4
289961,289964,4
289983,289990,8
290001,290008,8
290021,290023,3
290060,290072,13
290079,290081,3
290082,290085,4
290102,290108,7
290168,290172,5
290202,290205,4
290248,290251,4
290259,290266,8
290278,290280,3
290283,290285,3
290287,290289,3
290328,290332,5
290369,290371,3
290405,290409,5
290421,290430,10
290462,290465,4
290481,290486,6
290529,290533,5
290534,290549,16
290574,290581,8
290611,290620,10
290630,290634,5
290636,290640,5
290646,290654,9
290662,290665,4
290672,290680,9
290698,290702,5
290714,290720,7
290735,290740,6
290749,290754,6
290822,290826,5
290829,290834,6
290920,290923,4
290931,290933,3
290952,290954,3
290957,290967,11
291007,291009,3
291016,291018,3
291037,291043,7
291046,291052,7
291068,291070,3
291079,291093,15
291095,291099,5
291110,291112,3
291168,291171,4
291178,291181,4
291186,291188,3
291203,291210,8
291220,291223,4
291251,291258,8
291283,291290,8
291341,291348,8
291389,291394,6
291405,291407,3
291409,291411,3
291426,291434,9
291493,291495,3
291496,291498,3
291502,291508,7
291511,291517,7
291528,291535,8
291542,291546,5
291570,291572,3
291594,291596,3
291608,291611,4
291633,291636,4
291669,291671,3
291741,291750,10
291798,291805,8
291821,291824,4
291869,291873,5
291907,291914,8
291940,291951,12
291963,291967,5
291986,291988,3
291999,292002,4
292006,292013,8
292057,292059,3
292087,292089,3
292115,292120,6
292142,292144,3
292199,292209,11
292218,292229,12
292275,292287,13
292289,292296,8
292366,292369,4
292373,292376,4
292387,292389,3
292391,292393,3
292404,292408,5
292462,292470,9
292506,292508,3
292564,292570,7
292599,292601,3
292606,292613,8
292626,292631,6
292671,292674,4
292683,292685,3
292712,292721,10
292730,292733,4
292753,292758,6
292759,292761,3
292768,292775,8
292792,292794,3
292822,292824,3
292850,292852,3
292862,292864,3
292880,292882,3
292890,292894,5
292898,292901,4
292902,292904,3
292933,292938,6
292939,292941,3
292962,292965,4
292973,292979,7
293043,293048,6
293052,293055,4
293135,293142,8
293145,293147,3
293156,293159,4
293187,293195,9
293230,293232,3
293256,293258,3
293269,293273,5
293280,293282,3
293288,293291,4
293296,293300,5
293310,293312,3
293330,293337,8
293357,293361,5
293368,293375,8
293378,293380,3
293405,293407,3
293411,293414,4
293437,293440,4
293451,293453,3
293477,293479,3
293480,293483,4
293504,293508,5
293530,293536,7
293542,293545,4
293576,293579,4
293594,293602,9
293620,293623,4
293645,293649,5
293657,293661,5
293702,293706,5
293715,293717,3
293719,293721,3
293735,293738,4
293757,293759,3
293773,293776,4
293806,293809,4
293815,293820,6
293858,293863,6
293911,293917,7
293918,293923,6
293930,293933,4
293937,293939,3
293963,293967,5
293987,293990,4
294002,294004,3
294013,294017,5
294045,294047,3
294072,294074,3
294076,294082,7
294084,294086,3
294117,294122,6
294135,294139,5
294141,294145,5
294168,294170,3
294177,294179,3
294193,294198,6
294204,294209,6
294216,294220,5
294290,294292,3
294310,294312,3
294330,294336,7
294368,294370,3
294371,294373,3
294400,294404,5
294472,294475,4
294486,294489,4
294497,294508,12
294526,294531,6
294539,294541,3
294544,294546,3
294559,294561,3
294580,294582,3
294585,294590,6
294632,294636,5
294647,294651,5
294674,294677,4
294679,294684,6
294703,294705,3
294732,294736,5
294750,294753,4
294757,294762,6
294763,294765,3
294773,294776,4
294799,294801,3
294806,294808,3
294826,294832,7
294843,294846,4
294854,294856,3
294872,294878,7
294911,294913,3
294938,294942,5
294956,294958,3
294977,294980,4
294990,294994,5
295001,295003,3
295012,295023,12
295032,295034,3
295067,295069,3
295114,295119,6
295141,295143,3
295221,295227,7
295235,295237,3
295266,295269,4
295303,295309,7
295312,295319,8
295323,295326,4
295351,295356,6
295380,295385,6
295432,295435,4
295456,295459,4
295468,295473,6
295486,295488,3
295520,295524,5
295555,295557,3
295558,295564,7
295575,295582,8
295597,295601,5
295610,295613,4
295618,295620,3
295672,295674,3
295699,295701,3
295714,295728,15
295729,295731,3
295737,295741,5
295774,295776,3
295779,295781,3
295786,295788,3
295843,295847,5
295897,295899,3
295912,295915,4
295920,295924,5
295960,295962,3
295992,295994,3
296017,296024,8
296058,296062,5
296131,296133,3
296150,296153,4
296170,296181,12
296225,296230,6
296256,296266,11
296275,296278,4
296302,296304,3
296308,296310,3
296327,296329,3
296339,296344,6
296377,296383,7
296436,296441,6
296458,296460,3
296469,296476,8
296505,296509,5
296523,296529,7
296535,296537,3
296545,296548,4
296551,296554,4
296561,296563,3
296596,296599,4
296615,296620,6
296624,296628,5
296631,296634,4
296650,296658,9
296663,296667,5
296687,296689,3
296698,296704,7
296732,296736,5
296772,296775,4
296800,296802,3
296815,296819,5
296821,296825,5
296857,296859,3
296883,296887,5
296895,296899,5
296967,296972,6
296979,296985,7
297011,297013,3
297030,297035,6
297050,297056,7
297067,297069,3
297104,297109,6
297139,297141,3
297180,297183,4
297187,297189,3
297290,297294,5
297298,297300,3
297311,297314,4
297381,297384,4
297389,297393,5
297406,297408,3
297410,297413,4
297433,297435,3
297443,297447,5
297461,297472,12
297477,297479,3
297526,297528,3
297583,297585,3
297609,297617,9
297622,297626,5
297679,297682,4
297702,297706,5
297746,297749,4
297804,297806,3
297845,297848,4
297935,297939,5
297951,297953,3
298033,298036,4
298043,298045,3
298050,298053,4
298102,298108,7
298158,298160,3
298163,298166,4
298223,298226,4
298259,298261,3
298269,298273,5
298497,298505,9
298805,298817,13
299170,299173,4
299309,299312,4
299316,299319,4
299347,299349,3
299573,299579,7
299618,299623,6
299656,299661,6
299947,299954,8
300051,300054,4
300064,300069,6
300319,300321,3
300352,300354,3
300472,300474,3
300633,300637,5
300734,300739,6
300761,300766,6
300869,300871,3
300941,300952,12
301110,301112,3
301262,301272,11
301317,301335,19
301475,301478,4
301484,301488,5
301492,301497,6
301564,301566,3
301568,301571,4
301604,301606,3
301631,301634,4
301665,301668,4
301788,301791,4
301927,301931,5
301936,301938,3
302042,302048,7
302082,302084,3
302101,302103,3
302118,302125,8
302154,302159,6
302203,302212,10
302254,302256,3
302298,302302,5
302332,302335,4
302351,302355,5
302359,302361,3
302381,302386,6
302418,302427,10
302472,302476,5
302483,302485,3
302684,302686,3
302777,302781,5
302805,302810,6
302836,302839,4
302900,302903,4
302963,302965,3
302974,302978,5
303051,303057,7
303063,303075,13
303080,303082,3
303204,303206,3
303270,303273,4
303275,303279,5
303315,303322,8
303346,303353,8
303363,303367,5
303373,303382,10
303408,303410,3
303515,303517,3
303527,303544,18
303546,303549,4
303614,303619,6
303624,303628,5
303649,303657,9
303666,303671,6
303723,303726,4
303891,303897,7
303899,303906,8
303913,303916,4
303922,303924,3
303997,304002,6
304100,304111,12
304130,304133,4
304149,304152,4
304162,304164,3
304197,304204,8
304210,304212,3
304369,304375,7
304381,304383,3
304414,304418,5
304490,304492,3
304548,304550,3
304577,304581,5
304585,304589,5
304609,304612,4
304637,304639,3
304677,304681,5
304777,304782,6
304785,304793,9
304812,304814,3
304848,304852,5
304902,304904,3
304986,304990,5
305003,305006,4
305012,305015,4
305036,305041,6
305060,305064,5
305178,305181,4
305191,305199,9
305261,305264,4
305352,305355,4
305357,305359,3
305421,305425,5
305464,305466,3
305498,305500,3
305503,305505,3
305507,305509,3
305599,305603,5
305614,305621,8
305639,305642,4
305668,305673,6
305674,305677,4
305758,305761,4
305784,305787,4
305869,305873,5
305964,305971,8
306058,306062,5
306085,306089,5
306101,306106,6
306129,306131,3
306247,306249,3
306250,306252,3
306261,306267,7
306271,306273,3
306403,306409,7
306418,306424,7
306448,306451,4
306481,306483,3
306490,306503,14
306539,306545,7
306610,306612,3
306641,306643,3
306725,306727,3
306737,306739,3
306756,306759,4
306771,306775,5
306782,306787,6
306826,306829,4
306859,306861,3
306881,306884,4
306896,306898,3
306908,306916,9
306992,306994,3
307033,307035,3
307175,307177,3
307184,307186,3
307224,307226,3
307237,307244,8
315412,315414,3
315543,315546,4
315682,315685,4
315764,315766,3
316018,316020,3
316336,316341,6
317735,317739,5
320175,320178,4
320271,320273,3
320739,320741,3
321678,321680,3
321687,321691,5
322255,322260,6
322261,322264,4
322439,322441,3
322442,322444,3
322886,322888,3
323012,323014,3
323038,323040,3
323369,323372,4
323424,323426,3
323678,323688,11
323707,323709,3
324726,324728,3
326190,326192,3
326307,326309,3
326615,326617,3
327039,327043,5
327093,327095,3
327169,327175,7
327236,327239,4
327379,327381,3
327508,327515,8
327641,327643,3
327823,327827,5
328179,328181,3
328195,328197,3
328445,328449,5
328481,328491,11
328694,328720,27
329234,329239,6
329288,329291,4
329374,329380,7
329394,329398,5
329570,329573,4
329624,329627,4
329646,329648,3
329706,329709,4
329745,329747,3
329799,329802,4
329883,329887,5
329952,329958,7
330046,330048,3
330123,330127,5
330334,330337,4
330423,330425,3
330495,330497,3
330506,330509,4
330897,330900,4
330915,330919,5
330920,330925,6
331012,331020,9
331060,331062,3
331125,331127,3
331390,331394,5
332491,332499,9
332804,332806,3
332843,332848,6
333000,333003,4
333006,333010,5
333201,333205,5
333248,333250,3
333256,333259,4
333260,333262,3
333276,333278,3
333327,333329,3
333331,333334,4
333353,333355,3
333438,333443,6
333626,333629,4
333634,333636,3
333945,333947,3
334085,334090,6
334295,334297,3
334727,334729,3
334739,334741,3
334742,334744,3
334755,334758,4
335507,335509,3
335554,335557,4
336242,336245,4
336285,336287,3
336852,336855,4
336857,336867,11
337362,337366,5
337514,337517,4
337540,337542,3
337592,337594,3
337659,337661,3
337795,337797,3
337941,337945,5
337998,338008,11
338040,338042,3
338073,338078,6
338124,338126,3
338306,338308,3
338372,338375,4
338388,338398,11
338452,338454,3
338592,338597,6
338608,338610,3
338635,338637,3
338665,338667,3
338935,338937,3
339252,339259,8
339294,339297,4
339493,339497,5
340023,340025,3
340050,340052,3
340056,340060,5
340736,340738,3
340812,340814,3
341091,341095,5
341307,341309,3
341661,341672,12
341863,341865,3
341908,341912,5
341976,341979,4
342022,342024,3
342027,342033,7
342063,342066,4
342215,342219,5
342222,342224,3
342597,342599,3
342623,342625,3
343990,343992,3
344942,344949,8
350889,350891,3
352959,352964,6
355709,355711,3
357687,357689,3
357697,357700,4
357702,357705,4
357708,357710,3
357727,357736,10
357760,357763,4
357794,357796,3
357816,357822,7
357848,357852,5
357888,357890,3
357901,357905,5
358011,358014,4
358028,358033,6
358083,358085,3
358093,358097,5
358116,358118,3
358210,358214,5
358216,358221,6
358237,358245,9
358265,358271,7
358274,358277,4
358292,358296,5
358314,358317,4
358347,358349,3
358365,358367,3
358376,358378,3
358399,358403,5
358405,358409,5
358413,358415,3
358434,358437,4
358443,358454,12
358457,358461,5
358498,358503,6
358504,358506,3
358521,358525,5
358553,358555,3
358568,358572,5
358576,358578,3
358623,358627,5
358679,358681,3
358713,358715,3
358719,358721,3
358762,358764,3
358770,358772,3
358800,358802,3
358812,358814,3
358819,358821,3
358850,358854,5
358867,358873,7
358897,358900,4
358914,358921,8
358936,358938,3
358942,358948,7
358954,358959,6
359013,359015,3
359030,359033,4
359083,359087,5
359166,359168,3
359169,359171,3
359183,359185,3
359194,359196,3
359224,359227,4
359259,359263,5
359310,359313,4
359314,359317,4
359330,359334,5
359349,359351,3
359353,359356,4
359399,359403,5
359409,359413,5
359420,359423,4
359499,359501,3
359512,359514,3
359527,359534,8
359547,359551,5
359560,359566,7
359601,359605,5
359637,359644,8
359648,359651,4
359738,359742,5
359779,359784,6
359808,359820,13
359837,359841,5
359867,359870,4
359893,359896,4
359898,359902,5
359957,359959,3
359976,359978,3
359986,359993,8
360016,360024,9
360061,360063,3
360074,360078,5
360097,360103,7
360141,360144,4
360161,360166,6
360181,360183,3
360197,360199,3
360201,360207,7
360226,360232,7
360258,360260,3
360265,360268,4
360271,360277,7
360315,360319,5
360344,360347,4
360354,360357,4
360365,360367,3
360380,360385,6
360397,360399,3
360404,360407,4
360433,360440,8
360489,360491,3
360547,360551,5
360562,360569,8
360574,360579,6
360580,360584,5
360596,360600,5
360602,360604,3
360613,360615,3
360637,360641,5
360685,360692,8
360699,360702,4
360707,360710,4
360747,360754,8
360759,360762,4
360797,360799,3
360818,360828,11
360863,360865,3
360967,360972,6
360973,360981,9
360985,360995,11
361057,361059,3
361067,361071,5
361081,361085,5
361091,361093,3
361099,361101,3
361108,361110,3
361134,361136,3
361170,361172,3
361191,361195,5
361215,361219,5
361233,361237,5
361241,361243,3
361246,361248,3
361249,361253,5
361305,361308,4
361339,361342,4
361352,361354,3
361370,361373,4
361382,361384,3
361399,361404,6
361431,361434,4
361459,361473,15
361585,361591,7
361613,361616,4
361617,361619,3
361638,361640,3
361673,361676,4
361687,361689,3
361697,361699,3
361722,361724,3
361743,361749,7
361752,361755,4
361813,361822,10
361826,361829,4
361830,361834,5
361853,361855,3
361866,361868,3
361886,361892,7
361917,361925,9
361943,361945,3
362030,362032,3
362048,362052,5
362056,362061,6
362128,362131,4
362149,362156,8
362221,362224,4
362231,362237,7
362245,362253,9
362271,362274,4
362375,362379,5
362391,362393,3
362410,362413,4
362423,362426,4
362439,362441,3
362491,362494,4
362503,362507,5
362539,362546,8
362557,362561,5
362581,362584,4
362620,362626,7
362729,362736,8
362737,362739,3
362783,362785,3
362787,362793,7
362807,362814,8
362827,362835,9
362851,362853,3
362877,362881,5
362894,362896,3
362946,362949,4
362975,362977,3
363014,363019,6
363071,363075,5
363103,363118,16
363132,363135,4
363141,363146,6
363164,363166,3
363174,363177,4
363193,363196,4
363206,363208,3
363231,363233,3
363281,363283,3
363291,363293,3
363321,363323,3
363337,363339,3
363348,363351,4
363361,363363,3
363503,363512,10
363523,363526,4
363558,363561,4
363573,363578,6
363651,363654,4
363703,363705,3
363708,363711,4
363718,363724,7
363756,363758,3
363767,363770,4
363776,363780,5
363789,363791,3
363799,363806,8
363853,363855,3
363857,363859,3
364018,364023,6
364044,364046,3
364050,364052,3
364109,364117,9
364167,364171,5
364176,364178,3
364272,364275,4
364336,364339,4
364346,364348,3
364367,364369,3
364407,364410,4
364430,364433,4
364436,364439,4
364455,364457,3
364491,364503,13
364542,364544,3
364571,364580,10
364592,364599,8
364606,364608,3
364670,364672,3
364708,364711,4
364722,364724,3
364767,364769,3
364811,364813,3
364851,364857,7
364863,364865,3
364945,364947,3
365035,365037,3
365290,365292,3
365326,365337,12
365429,365432,4
365482,365484,3
365577,365582,6
365904,365907,4
366389,366391,3
366774,366784,11
366786,366792,7
366810,366823,14
366839,366854,16
366974,366977,4
367008,367026,19
367105,367117,13
367118,367120,3
367125,367127,3
367159,367165,7
367213,367232,20
367275,367303,29
367339,367342,4
367376,367378,3
367407,367418,12
367456,367474,19
367563,367586,24
367696,367701,6
367708,367713,6
367735,367740,6
367767,367769,3
367851,367883,33
367923,367933,11
368003,368013,11
368035,368046,12
368171,368213,43
368220,368226,7
368256,368270,15
368297,368309,13
368338,368340,3
368349,368361,13
368463,368489,27
368577,368640,64
368700,368712,13
368717,368820,104
368846,368860,15
368997,369015,19
369131,369138,8
369533,369544,12
369760,369928,169
370834,371057,224
371064,371087,24
371456,371517,62
371727,371733,7
371746,371974,229
372039,372099,61
372113,372183,71
372226,372229,4
372435,372440,6
372456,372458,3
372522,372544,23
373256,373336,81
374466,374694,229
375484,375700,217
376052,376061,10
376093,376095,3
376100,376102,3
376116,376118,3
376151,376154,4
376177,376186,10
376227,376243,17
378795,378797,3
379054,379085,32
379207,379210,4
379239,379258,20
379262,379269,8
379379,379381,3
379408,379412,5
379459,379461,3
379473,379475,3
379476,379489,14
379591,379593,3
379854,379884,31
379927,379936,10
379939,379951,13
379952,379972,21
380042,380071,30
380096,380104,9
380236,380244,9
380266,380269,4
380316,380320,5
380368,380374,7
380478,380481,4
380492,380494,3
380530,380534,5
380572,380575,4
380695,380697,3
380781,380785,5
380793,380800,8
381006,381021,16
381166,381172,7
381216,381223,8
381300,381304,5
381496,381549,54
381575,381583,9
381686,381698,13
381982,381984,3
381991,381993,3
382006,382008,3
382033,382038,6
382041,382043,3
382158,382162,5
382243,382255,13
382721,382730,10
383314,383316,3
383722,383724,3
384290,384292,3
384564,384599,36
384713,384737,25
387145,387149,5
387233,387236,4
387299,387320,22
387364,387367,4
387418,387421,4
387666,387677,12
387807,387814,8
388004,388011,8
388041,388044,4
388152,388156,5
388165,388168,4
388216,388219,4
388335,388338,4
388365,388376,12
388476,388478,3
388499,388549,51
388577,388590,14
388995,389001,7
389045,389048,4
389378,389381,4
389477,389483,7
389691,389693,3
390298,390308,11
390450,390454,5
390497,390502,6
391854,391857,4
392069,392072,4
392158,392160,3
392566,392568,3
392889,392892,4
393093,393098,6
393962,393968,7
394026,394031,6
394036,394048,13
394108,394111,4
394164,394166,3
394317,394321,5
394376,394379,4
394380,394424,45
394883,394888,6
394897,394901,5
394936,394938,3
395041,395043,3
395064,395067,4
395195,395201,7
395266,395269,4
395275,395281,7
395290,395298,9
395352,395362,11
395379,395386,8
395555,395569,15
395571,395576,6
395602,395605,4
395643,395648,6
395701,395703,3
395725,395727,3
395764,395768,5
396035,396037,3
396131,396134,4
396356,396358,3
396615,396617,3
396938,396940,3
397147,397150,4
397918,397921,4
398155,398158,4
398284,398288,5
398424,398428,5
398474,398479,6
398509,398511,3
398514,398519,6
398665,398673,9
398741,398746,6
398784,398796,13
398937,398939,3
398949,398955,7
399016,399019,4
399026,399038,13
399055,399058,4
399212,399214,3
399216,399219,4
399234,399236,3
399260,399265,6
399278,399282,5
399301,399309,9
399658,399664,7
401489,401492,4
402213,402215,3
402260,402262,3
403233,403235,3
404227,404234,8
404254,404264,11
404846,405019,174
405201,405204,4
405366,405372,7
405377,405380,4
405424,405427,4
405477,405480,4
406213,406216,4
406892,406894,3
406911,406929,19
406944,406947,4
407410,407413,4
407430,407437,8
407448,407452,5
407621,407624,4
407628,407630,3
407861,407863,3
407900,407902,3
407938,407940,3
407972,407977,6
408142,408154,13
408295,408297,3
408390,408393,4
408404,408406,3
408422,408427,6
408443,408447,5
408465,408469,5
408503,408512,10
408519,408522,4
408596,408600,5
408601,408603,3
408674,408676,3
408768,408770,3
408796,408802,7
408840,408847,8
408871,408882,12
408885,408909,25
408962,408964,3
409002,409004,3
409101,409103,3
409181,409184,4
409343,409350,8
409362,409364,3
409620,409624,5
409659,409664,6
409706,409708,3
409722,409727,6
409753,409755,3
409818,409820,3
409887,409889,3
409893,409903,11
409958,409961,4
409971,409973,3
410087,410089,3
410352,410355,4
410399,410417,19
410433,410437,5
410456,410468,13
410472,410474,3
410491,410496,6
410508,410515,8
410517,410550,34
410558,410565,8
410627,410636,10
410668,410670,3
410705,410711,7
410716,410723,8
410741,410743,3
410764,410766,3
410835,410837,3
410846,410855,10
410861,410863,3
410877,410879,3
410918,410921,4
410927,410933,7
410940,410951,12
410954,410964,11
411069,411075,7
411170,411173,4
411594,411596,3
411612,411623,12
411661,411663,3
412102,412104,3
412156,412162,7
412464,412466,3
412589,412604,16
415940,415964,25
416683,416688,6
416956,416958,3
416960,416962,3
417875,417879,5
418138,418142,5
418277,418332,56
418340,418344,5
418366,418374,9
418496,418498,3
418591,418595,5
418678,418681,4
418709,418724,16
418763,418765,3
418768,418770,3
418991,418996,6
419012,419014,3
419036,419047,12
419147,419321,175
420836,420841,6
421032,421052,21
421055,421075,21
421212,421218,7
421735,421740,6
421754,421760,7
421864,421866,3
421889,421891,3
421895,421924,30
421945,421951,7
421967,421971,5
421974,421980,7
421987,421992,6
422012,422031,20
422150,422163,14
422184,422192,9
422228,422244,17
422279,422283,5
422307,422311,5
422334,422341,8
422350,422352,3
422378,422391,14
422450,422464,15
422505,422507,3
422654,422656,3
423216,423223,8
423226,423229,4
423234,423242,9
423250,423269,20
423464,423468,5
423469,423478,10
423729,423733,5
423968,423975,8
424089,424091,3
424118,424165,48
424376,424381,6
424468,424477,10
424633,424637,5
424655,424693,39
424732,424737,6
424762,424769,8
424843,424846,4
424880,424914,35
424961,425021,61
425053,425061,9
425095,425130,36
425162,425202,41
425481,425499,19
425533,425540,8
425760,425763,4
425788,425795,8
425810,425824,15
425859,425866,8
425875,425880,6
425914,425923,10
425984,425999,16
426054,426068,15
426096,426099,4
426109,426113,5
426204,426208,5
426312,426323,12
426383,426385,3
426400,426413,14
426441,426450,10
426518,426530,13
426563,426584,22
426615,426619,5
426709,426712,4
426740,426742,3
426813,426815,3
426816,426819,4
426864,426870,7
426930,426935,6
426944,426953,10
427057,427062,6
427116,427126,11
427159,427168,10
427192,427199,8
427208,427211,4
427265,427267,3
427279,427282,4
427354,427357,4
427385,427400,16
427436,427438,3
427442,427454,13
427476,427480,5
427529,427532,4
427550,427552,3
427743,427759,17
427883,427902,20
428023,428026,4
428253,428257,5
428379,428383,5
428419,428423,5
428558,428563,6
428604,428606,3
428636,428674,39
428743,428754,12
428792,428815,24
430087,430416,330
430438,430441,4
430496,430503,8
430538,430541,4
430556,430559,4
430634,430636,3
430645,430657,13
430680,430685,6
430767,430773,7
430858,430878,21
430918,430951,34
431467,431483,17
431691,431694,4
431759,431763,5
431831,431852,22
432384,432393,10
432584,432589,6
432638,432652,15
432798,432820,23
432825,432838,14
433052,433055,4
433249,433255,7
433308,433316,9
433404,433414,11
433415,433421,7
433432,433437,6
433504,433509,6
433531,433540,10
433724,433791,68
433971,433974,4
434127,434140,14
434141,434145,5
434336,434346,11
434349,434353,5
434453,434457,5
434703,434706,4
434720,434732,13
434772,434778,7
434783,434792,10
434856,434925,70
435034,435041,8
435269,435274,6
435588,435591,4
435704,435709,6
435885,435917,33
435930,435935,6
436274,436281,8
436410,436412,3
436611,436625,15
436806,436808,3
436837,436839,3
436907,436915,9
438060,438094,35
438680,438683,4
438690,438706,17
439290,439293,4
439442,439445,4
439447,439453,7
439476,439485,10
439874,439877,4
439882,439892,11
439940,439946,7
439949,439951,3
440062,440064,3
440100,440105,6
440147,440150,4
440167,440174,8
440196,440201,6
440249,440255,7
440259,440261,3
440323,440325,3
440371,440387,17
440421,440425,5
440473,440475,3
440501,440514,14
440616,440622,7
440643,440648,6
440701,440703,3
440711,440714,4
440760,440770,11
440804,440808,5
440918,440926,9
441042,441046,5
441073,441078,6
441082,441086,5
441126,441131,6
441137,441139,3
441158,441161,4
441202,441205,4
441221,441224,4
441237,441241,5
441278,441283,6
441304,441309,6
441337,441340,4
441345,441348,4
441373,441380,8
441382,441392,11
441422,441430,9
441461,441468,8
441496,441498,3
441521,441524,4
441538,441540,3
441543,441548,6
441577,441581,5
441623,441628,6
441674,441679,6
441728,441730,3
441776,441779,4
441788,441791,4
444783,444786,4
444878,444882,5
444929,444936,8
444965,444968,4
445697,445699,3
447157,447163,7
447188,447207,20
447246,447249,4
447271,447275,5
447347,447350,4
447613,447615,3
447742,447748,7
447773,447777,5
447900,447915,16
447918,447920,3
447948,447950,3
448021,448026,6
448040,448045,6
448487,448491,5
448503,448506,4
448544,448549,6
448627,448630,4
448631,448637,7
448751,448753,3
448792,448794,3
448826,448829,4
448836,448838,3
448851,448853,3
448972,448974,3
449005,449007,3
449084,449086,3
449181,449183,3
449197,449199,3
449263,449265,3
449639,449642,4
449685,449688,4
449693,449695,3
449708,449711,4
449761,449764,4
449946,449949,4
450005,450007,3
450072,450074,3
450081,450083,3
450124,450126,3
450140,450142,3
450195,450199,5
450225,450228,4
450280,450284,5
450303,450305,3
450528,450530,3
450631,450637,7
450661,450688,28
450732,450740,9
450770,450773,4
450777,450788,12
450848,450862,15
450914,450938,25
450962,450965,4
450981,451065,85
451085,451100,16
451119,451161,43
451268,451281,14
451312,451315,4
451328,451372,45
451581,451585,5
451813,451819,7
451887,451898,12
451952,451963,12
451987,451994,8
452076,452101,26
452172,452184,13
452217,452222,6
452287,452290,4
452291,452307,17
452336,452350,15
452516,452541,26
452558,452571,14
452578,452583,6
452596,452605,10
452633,452635,3
452672,452677,6
452679,452681,3
452785,452799,15
452831,452834,4
452875,452879,5
453065,453068,4
453072,453089,18
453121,453123,3
453125,453130,6
453135,453137,3
453152,453164,13
453235,453335,101
453371,453380,10
453479,453498,20
453653,453656,4
453671,453680,10
453710,453718,9
453720,453728,9
453754,453758,5
453769,453777,9
453792,453794,3
453827,453829,3
453845,453865,21
454011,454013,3
454023,454033,11
454128,454131,4
454145,454179,35
454194,454196,3
454198,454207,10
454325,454327,3
454440,454443,4
454540,454551,12
454567,454569,3
454699,454708,10
455043,455055,13
455104,455106,3
455254,455301,48
455313,455315,3
455327,455329,3
455351,455365,15
455464,455522,59
455945,455947,3
455989,455992,4
456058,456060,3
456085,456087,3
456098,456102,5
456219,456301,83
456342,456373,32
456392,456415,24
456424,456450,27
456518,456520,3
456553,456555,3
456684,456686,3
456711,456714,4
456843,456855,13
456893,456905,13
457324,457338,15
457447,457466,20
457479,457481,3
457505,457508,4
458017,458031,15
458112,458131,20
458231,458235,5
458247,458249,3
458322,458326,5
458367,458372,6
458382,458388,7
458624,458630,7
458815,458817,3
459590,459607,18
459619,459644,26
460100,460102,3
460146,460161,16
461163,461166,4
461256,461287,32
461404,461407,4
462052,462071,20
462430,462436,7
462473,462475,3
462510,462551,42
462753,462783,31
463073,463076,4
463232,463235,4
463426,463431,6
463466,463468,3
463502,463522,21
463733,463736,4
463846,463850,5
463862,463865,4
463921,463925,5
463983,463993,11
464090,464092,3
464125,464129,5
464342,464345,4
464358,464365,8
464474,464483,10
464494,464497,4
464541,464544,4
464588,464597,10
464629,464637,9
464696,464699,4
465675,465684,10
465724,465727,4
465785,465790,6
465835,465837,3
465930,465934,5
466000,466002,3
466010,466016,7
466059,466061,3
466205,466225,21
466229,466231,3
466418,466425,8
466528,466613,86
466615,466617,3
466763,466767,5
466890,466956,67
467056,467094,39
467166,467170,5
467198,467205,8
467361,467366,6
467394,467396,3
467433,467435,3
467662,467669,8
467677,467689,13
467742,467751,10
467758,467794,37
468396,468434,39
469087,469092,6
469269,469273,5
469287,469292,6
469329,469334,6
469359,469365,7
469580,469590,11
469642,469646,5
469696,469699,4
469734,469737,4
469827,469837,11
469868,469881,14
470216,471301,1086
471971,471973,3
472377,472380,4
472500,472504,5
474863,474869,7
475003,475006,4
475625,475627,3
475782,475796,15
475845,475848,4
475935,475941,7
476102,476111,10
476574,476577,4
476997,477000,4
477006,477008,3
477269,477276,8
477407,477410,4
477751,477760,10
477814,477824,11
479254,479273,20
480234,480238,5
480529,480531,3
482024,482026,3
482310,482312,3
482445,482455,11
482803,482805,3
482816,482818,3
484341,484346,6
485255,485258,4
486966,486974,9
486981,486983,3
486998,487002,5
487016,487020,5
487142,487144,3
490144,490147,4
491065,491088,24
491537,491541,5
492205,492215,11
492244,492254,11
492543,492547,5
492675,492680,6
492760,492766,7
492823,492829,7
492869,492872,4
492878,492881,4
493035,493039,5
493073,493075,3
493078,493082,5
493088,493100,13
493109,493112,4
493113,493115,3
493192,493201,10
493437,493440,4
493442,493447,6
493495,493498,4
493553,493560,8
493562,493566,5
493866,493873,8
493881,493884,4
493964,493967,4
494298,494300,3
494326,494333,8
494341,494345,5
494378,494394,17
494501,494523,23
494634,494641,8
494675,494683,9
494701,494707,7
494720,494823,104
494835,494845,11
494847,494849,3
494866,494869,4
494896,494901,6
495025,495032,8
495138,495144,7
495154,495159,6
495168,495172,5
495180,495185,6
495210,495217,8
495408,495438,31
495476,495482,7
495580,495586,7
495595,495597,3
495902,495905,4
495908,495911,4
496047,496049,3
496248,496250,3
496266,496268,3
496287,496292,6
496372,496374,3
496388,496390,3
496615,496620,6
496664,496676,13
498105,498107,3
498192,498199,8
499213,499215,3
499299,499301,3
500773,500775,3
501089,501092,4
501530,501532,3
501837,501840,4
502303,502305,3
502711,502713,3
503192,503217,26
508764,508777,14
508790,508793,4
508808,508813,6
508820,508831,12
508899,508903,5
509052,509068,17
509119,509125,7
509141,509146,6
509215,509226,12
509292,509304,13
509353,509404,52
509407,509410,4
509429,509435,7
509542,509553,12
509613,509616,4
509790,509814,25
509852,509856,5
509868,509879,12
509886,509888,3
509923,509935,13
510138,510145,8
510302,510305,4
510346,510356,11
510393,510404,12
510523,510526,4
510528,510530,3
510531,510533,3
510610,510614,5
510623,510628,6
510803,510808,6
510821,510823,3
510857,510859,3
510901,510905,5
510972,510976,5
510995,511000,6
511008,511015,8
511160,511168,9
511210,511212,3
511406,511408,3
511409,511418,10
511452,511455,4
511457,511460,4
511461,511482,22
511515,511547,33
511608,511610,3
511648,511650,3
511729,511737,9
511925,511932,8
511992,511998,7
512002,512004,3
512005,512007,3
512128,512135,8
512140,512151,12
512301,512308,8
512328,512335,8
512466,512481,16
512483,512491,9
512563,512584,22
512673,512677,5
512694,512697,4
512800,512804,5
512813,512816,4
512888,512893,6
512905,512908,4
512959,512965,7
512985,512988,4
513008,513012,5
513059,513061,3
513070,513077,8
513163,513166,4
513326,513331,6
513350,513352,3
513366,513371,6
513969,513971,3
514023,514027,5
514256,514260,5
514305,514308,4
514317,514319,3
514470,514472,3
514774,514808,35
514880,514887,8
514939,514944,6
514946,514966,21
515079,515114,36
515149,515156,8
515157,515159,3
515246,515250,5
515353,515373,21
515422,515424,3
515449,515453,5
516405,516407,3
516460,516463,4
516653,516659,7
517178,517205,28
517221,517229,9
517252,517256,5
517324,517333,10
517365,517369,5
517543,517563,21
517676,517680,5
518392,518394,3
518461,518511,51
518567,518570,4
518572,518575,4
518625,518641,17
518969,518979,11
519107,519110,4
520116,520120,5
520583,520586,4
520722,520737,16
520761,520764,4
520815,520817,3
520926,520933,8
521026,521034,9
521042,521056,15
521082,521087,6
521102,521104,3
521120,521131,12
521448,521458,11
521562,521569,8
521724,521726,3
522083,522087,5
522132,522134,3
522213,522215,3
522226,522234,9
522257,522259,3
522286,522293,8
523829,523839,11
524053,524055,3
524214,524230,17
524523,524529,7
524871,524877,7
524890,524895,6
524916,524929,14
525200,525213,14
525283,525287,5
525342,525360,19
525414,525434,21
525482,525485,4
525552,525554,3
525591,525598,8
525606,525609,4
525628,525637,10
525647,525649,3
525682,525684,3
525816,525822,7
525852,525856,5
525862,525864,3
525868,525872,5
525894,525896,3
525962,525982,21
526382,526387,6
526468,526491,24
526512,526521,10
526548,526578,31
526787,526800,14
526808,526813,6
527150,527152,3
527194,527197,4
527205,527210,6
527224,527231,8
527247,527249,3
527262,527265,4
527285,527302,18
527323,527331,9
527381,527383,3
527413,527417,5
527519,527522,4
527535,527542,8
527606,527619,14
527780,527783,4
527869,527872,4
527889,527899,11
527928,527947,20
527951,527957,7
527969,527978,10
527996,528002,7
528043,528050,8
528117,528132,16
528494,528498,5
528605,528614,10
528648,528653,6
528659,528665,7
528695,528703,9
528744,528753,10
528978,528980,3
529005,529014,10
529115,529120,6
529176,529186,11
529241,529243,3
529261,529289,29
529860,529873,14
529940,529969,30
529970,529990,21
530014,530029,16
530031,530041,11
530916,530918,3
530937,530941,5
531073,531078,6
531111,531123,13
531166,531168,3
531658,531719,62
532424,532427,4
532747,532749,3
532758,532760,3
532801,532803,3
532811,532816,6
532822,532876,55
533190,533193,4
533216,533218,3
533228,533288,61
533322,533331,10
533470,533472,3
533511,533517,7
533523,533525,3
533598,533617,20
533630,533633,4
533721,533723,3
533822,533893,72
533913,533920,8
534086,534092,7
534213,534256,44
534279,534297,19
534319,534325,7
534513,534518,6
534558,534569,12
534666,534669,4
534671,534673,3
534694,534699,6
534762,534765,4
534785,534789,5
534946,534949,4
534971,534974,4
535050,535053,4
535057,535083,27
535191,535196,6
535247,535249,3
535355,535357,3
535362,535369,8
535411,535413,3
535454,535457,4
535469,535486,18
535497,535499,3
535586,535591,6
535599,535606,8
535788,535790,3
535834,535858,25
536247,536265,19
536330,536337,8
536395,536404,10
536484,536502,19
536566,536569,4
536596,536601,6
536613,536616,4
536622,536639,18
536686,536702,17
536836,536839,4
536853,536856,4
536863,536871,9
536873,536875,3
536876,536879,4
536896,536912,17
536948,536952,5
537017,537019,3
537049,537052,4
537086,537139,54
537255,537258,4
537338,537360,23
537859,537870,12
537942,537945,4
538197,538206,10
538258,538260,3
538293,538297,5
538341,538343,3
538522,538530,9
538605,538658,54
539180,539182,3
539201,539205,5
539227,539229,3
539255,539258,4
539260,539264,5
539351,539353,3
539369,539371,3
539406,539408,3
539418,539420,3
539472,539475,4
539486,539488,3
539499,539503,5
539559,539561,3
539564,539567,4
539582,539589,8
539596,539603,8
539613,539618,6
539629,539632,4
539656,539658,3
539722,539727,6
539735,539738,4
539740,539742,3
539752,539756,5
539769,539771,3
539778,539781,4
539785,539787,3
539808,539810,3
539828,539832,5
539931,539933,3
540065,540067,3
540087,540094,8
540112,540114,3
540135,540137,3
540239,540241,3
540289,540292,4
540461,540468,8
540519,540522,4
540530,540533,4
540582,540584,3
540710,540712,3
540772,540776,5
540795,540799,5
540939,540941,3
541020,541022,3
541106,541108,3
541129,541131,3
541139,541144,6
541155,541157,3
541410,541412,3
541454,541457,4
541463,541466,4
541522,541524,3
541526,541529,4
541537,541545,9
541671,541677,7
541732,541735,4
541904,541906,3
541982,541987,6
542011,542014,4
542093,542097,5
542123,542125,3
542134,542136,3
542234,542236,3
542255,542259,5
542290,542292,3
542308,542310,3
542314,542316,3
542360,542364,5
542486,542488,3
542526,542530,5
542541,542543,3
542616,542618,3
542654,542656,3
542735,542739,5
542789,542800,12
542812,542816,5
542818,542822,5
542831,542839,9
542879,542881,3
542883,542887,5
542960,542962,3
543008,543010,3
543074,543078,5
543119,543121,3
543123,543128,6
543154,543158,5
543178,543182,5
543258,543261,4
543292,543301,10
543322,543324,3
543366,543369,4
543519,543522,4
543527,543529,3
543535,543537,3
543547,543558,12
543643,543646,4
543658,543660,3
543672,543679,8
543744,543750,7
543765,543768,4
543801,543806,6
543829,543831,3
543873,543877,5
543893,543896,4
544120,544123,4
544126,544128,3
544145,544147,3
544170,544173,4
544185,544187,3
544257,544261,5
544339,544342,4
544361,544364,4
544380,544385,6
544450,544452,3
544462,544470,9
544511,544513,3
544554,544559,6
544560,544562,3
544608,544614,7
544627,544634,8
544639,544642,4
544673,544677,5
544696,544701,6
544712,544716,5
544734,544736,3
544759,544761,3
544924,544932,9
544994,545000,7
545007,545011,5
545062,545065,4
545119,545121,3
545125,545127,3
545144,545146,3
545458,545460,3
545489,545491,3
545618,545625,8
545721,545725,5
545732,545734,3
546248,546252,5
546368,546370,3
546386,546389,4
546553,546555,3
546627,546629,3
546823,546825,3
546911,546920,10
546981,546986,6
547162,547165,4
547194,547201,8
547375,547377,3
547455,547457,3
547565,547568,4
548147,548152,6
548583,548585,3
548610,548615,6
549177,549180,4
549385,549388,4
549394,549396,3
549419,549422,4
549442,549444,3
549636,549639,4
549726,549729,4
549754,549759,6
549786,549788,3
549805,549809,5
549852,549858,7
549874,549886,13
549919,549924,6
550019,550023,5
550053,550056,4
550062,550066,5
550080,550083,4
550108,550111,4
550177,550179,3
550352,550355,4
550407,550418,12
550492,550496,5
550624,550628,5
550631,550633,3
550646,550652,7
550659,550661,3
550735,550737,3
550762,550764,3
550766,550769,4
551181,551184,4
551198,551205,8
551311,551313,3
551471,551474,4
551494,551497,4
551525,551527,3
551543,551556,14
551776,551778,3
551930,551938,9
551958,551960,3
551978,551980,3
552017,552022,6
552023,552027,5
552045,552049,5
552088,552091,4
552134,552137,4
552333,552336,4
552380,552384,5
552399,552401,3
552477,552479,3
552528,552534,7
552541,552543,3
552572,552574,3
552585,552589,5
552609,552612,4
552614,552616,3
552685,552691,7
552767,552777,11
552829,552865,37
553001,553007,7
553015,553019,5
553040,553043,4
553049,553062,14
553103,553105,3
553137,553139,3
553176,553190,15
553214,553216,3
553363,553365,3
553409,553422,14
553430,553435,6
553531,553536,6
553554,553557,4
553666,553674,9
553693,553696,4
553723,553732,10
553805,553807,3
553850,553854,5
553898,553902,5
553924,553927,4
553928,553930,3
553943,553945,3
553962,553964,3
553975,553979,5
553995,553998,4
554042,554045,4
554055,554073,19
554114,554118,5
554157,554159,3
554160,554170,11
554264,554266,3
554296,554299,4
554437,554439,3
554453,554455,3
554456,554463,8
554476,554484,9
554488,554503,16
555177,555180,4
555204,555206,3
555312,555314,3
555424,555426,3
556757,556770,14
557052,557054,3
557246,557252,7
557310,557322,13
557632,557635,4
557851,557861,11
558344,558347,4
558383,558391,9
558858,558861,4
558878,558880,3
559525,559541,17
559786,559807,22
559908,559970,63
560120,560122,3
560221,560241,21
560721,560761,41
561892,561894,3
564208,564235,28
564297,564300,4
564491,564496,6
564809,564819,11
564866,564938,73
566032,566035,4
566420,566422,3
566684,566696,13
566839,566841,3
566917,566921,5
569007,569010,4
569026,569028,3
569105,569109,5
569164,569166,3
569352,569356,5
569370,569372,3
569380,569383,4
569386,569389,4
569785,569787,3
569820,569829,10
569972,569979,8
570004,570010,7
570022,570025,4
570028,570032,5
570050,570061,12
570097,570102,6
570103,570105,3
570418,570422,5
570427,570430,4
570453,570456,4
570509,570512,4
570514,570518,5
570614,570617,4
570739,570741,3
570757,570762,6
570798,570800,3
570802,570806,5
570905,570914,10
570920,570923,4
570972,570974,3
571026,571031,6
571073,571078,6
571098,571100,3
571109,571113,5
571158,571161,4
571176,571178,3
571247,571249,3
571272,571282,11
571289,571291,3
571338,571340,3
571343,571346,4
571381,571387,7
571427,571429,3
571430,571432,3
571450,571452,3
571521,571525,5
571571,571573,3
571593,571595,3
571612,571617,6
571618,571620,3
571637,571639,3
571657,571660,4
571729,571739,11
571748,571752,5
571756,571758,3
571768,571770,3
571785,571788,4
571793,571796,4
571803,571805,3
571831,571836,6
571876,571878,3
571943,571945,3
571967,571975,9
571983,571988,6
572011,572014,4
572023,572027,5
572045,572049,5
572079,572083,5
572087,572093,7
572148,572151,4
572199,572203,5
572208,572210,3
572234,572236,3
572253,572255,3
572295,572298,4
572344,572346,3
572438,572441,4
572443,572446,4
572486,572492,7
572503,572506,4
572519,572524,6
572550,572559,10
572609,572612,4
572628,572633,6
572637,572639,3
572670,572672,3
572688,572691,4
572707,572709,3
572737,572740,4
572743,572745,3
572786,572789,4
572836,572838,3
572887,572890,4
572945,572948,4
573035,573039,5
573046,573048,3
573144,573147,4
573254,573259,6
573275,573277,3
573296,573298,3
573332,573334,3
573350,573354,5
573444,573448,5
573489,573491,3
573502,573504,3
573513,573517,5
573563,573565,3
573585,573587,3
573614,573616,3
573673,573679,7
573691,573694,4
573698,573701,4
573714,573716,3
573717,573722,6
573727,573730,4
573764,573771,8
573815,573819,5
573848,573852,5
573862,573864,3
573868,573871,4
573975,573979,5
574016,574020,5
574082,574084,3
574155,574159,5
574177,574180,4
574216,574219,4
574299,574301,3
574353,574355,3
574357,574360,4
574369,574380,12
574402,574404,3
574423,574425,3
574479,574482,4
574549,574553,5
574570,574572,3
574611,574613,3
574659,574661,3
574722,574731,10
574765,574767,3
574799,574803,5
574817,574819,3
574835,574839,5
574850,574854,5
574867,574872,6
574918,574920,3
575011,575016,6
575039,575044,6
575077,575082,6
575128,575133,6
575184,575186,3
575215,575219,5
575221,575228,8
575263,575266,4
575314,575316,3
575351,575355,5
575369,575372,4
575424,575426,3
575430,575436,7
575518,575520,3
575532,575534,3
575557,575560,4
575564,575567,4
575576,575578,3
575596,575598,3
575636,575638,3
575684,575686,3
575747,575751,5
575781,575783,3
575788,575793,6
575801,575803,3
575807,575809,3
575825,575829,5
575837,575839,3
575863,575865,3
575890,575894,5
575931,575934,4
575936,575940,5
576055,576061,7
576068,576073,6
576209,576212,4
576228,576230,3
576239,576243,5
576354,576356,3
576370,576373,4
576391,576394,4
576459,576461,3
576470,576472,3
576514,576517,4
576563,576566,4
576706,576711,6
576712,576714,3
576759,576762,4
576775,576777,3
576807,576811,5
576818,576820,3
576849,576851,3
576859,576864,6
576870,576874,5
576947,576951,5
576974,576977,4
576984,576988,5
577033,577036,4
577071,577082,12
577109,577111,3
577195,577198,4
577212,577214,3
577222,577224,3
577257,577259,3
577265,577267,3
577352,577355,4
577368,577373,6
577381,577386,6
577393,577395,3
577410,577412,3
577440,577443,4
577532,577538,7
577562,577565,4
577582,577584,3
577635,577637,3
577666,577668,3
577691,577696,6
577722,577724,3
577741,577743,3
577745,577748,4
577762,577769,8
577832,577836,5
577844,577849,6
577878,577881,4
577944,577948,5
577992,577996,5
578042,578045,4
578207,578210,4
578228,578230,3
579015,579024,10
579111,579114,4
579412,579426,15
579451,579457,7
579595,579597,3
579697,579699,3
580032,580034,3
580186,580188,3
580325,580328,4
580354,580359,6
580365,580369,5
580473,580477,5
580528,580533,6
580537,580539,3
580551,580555,5
580657,580660,4
580780,580782,3
580796,580799,4
580826,580829,4
581157,581177,21
581443,581447,5
581904,581910,7
581935,581946,12
582169,582172,4
582944,582947,4
583026,583030,5
583060,583065,6
583301,583303,3
583387,583389,3
583473,583475,3
583742,583745,4
584222,584224,3
584235,584238,4
584305,584321,17
584506,584511,6
584669,584672,4
584693,584712,20
584731,584740,10
584764,584767,4
584810,584813,4
584876,584880,5
584915,584921,7
584998,585009,12
585058,585069,12
585080,585082,3
585124,585138,15
585166,585177,12
585250,585252,3
585285,585287,3
585309,585315,7
585434,585437,4
585502,585505,4
585542,585544,3
585568,585571,4
585705,585707,3
585738,585749,12
585884,585887,4
585898,585901,4
585916,585918,3
585966,585968,3
585973,585977,5
586250,586254,5
586255,586258,4
586321,586365,45
586525,586531,7
586891,586896,6
587138,587140,3
587172,587175,4
587188,587193,6
587409,587411,3
587475,587479,5
587481,587483,3
587547,587549,3
587693,587698,6
587777,587779,3
587782,587785,4
587815,587817,3
587855,587857,3
588051,588053,3
593179,593183,5
594401,594407,7
594837,594840,4
595328,595332,5
595932,595934,3
595959,595961,3
596037,596039,3
596152,596157,6
596273,596275,3
597135,597141,7
597270,597273,4
597431,597438,8
597987,597994,8
598000,598002,3
598267,598269,3
598694,598696,3
598830,598834,5
598890,598892,3
599087,599089,3
599249,599251,3
599454,599456,3
599490,599493,4
599542,599544,3
600060,600067,8
600093,600097,5
600126,600129,4
600269,600272,4
600334,600336,3
600454,600458,5
600471,600474,4
600582,600584,3
600656,600661,6
600852,600856,5
600937,600941,5
601052,601055,4
601064,601067,4
601125,601127,3
601219,601221,3
601255,601257,3
601290,601292,3
601340,601342,3
601344,601346,3
601481,601485,5
601522,601524,3
601599,601601,3
601640,601642,3
601863,601866,4
601959,601961,3
601963,601968,6
601978,601980,3
602147,602150,4
602191,602199,9
602307,602309,3
602326,602331,6
602338,602340,3
602456,602458,3
602472,602478,7
602508,602511,4
602527,602529,3
602562,602565,4
602571,602574,4
602624,602627,4
602681,602685,5
602713,602716,4
602805,602807,3
602823,602827,5
602859,602867,9
602920,602922,3
603105,603108,4
603113,603115,3
603126,603129,4
603176,603178,3
603206,603209,4
603216,603219,4
603231,603234,4
603281,603283,3
603304,603308,5
603377,603379,3
603409,603415,7
603443,603447,5
603465,603467,3
603493,603495,3
603560,603565,6
603662,603664,3
603682,603689,8
603857,603860,4
603967,603969,3
604101,604103,3
604424,604428,5
604452,604458,7
604500,604503,4
604586,604589,4
604603,604605,3
604996,604998,3
605009,605013,5
605148,605150,3
605201,605203,3
605268,605270,3
605321,605326,6
605458,605461,4
605657,605662,6
605764,605768,5
605823,605825,3
605872,605875,4
605876,605878,3
605972,605974,3
605991,605993,3
606007,606010,4
606147,606152,6
606169,606171,3
606192,606198,7
606252,606254,3
606451,606453,3
606588,606592,5
606649,606651,3
606741,606745,5
606817,606821,5
606927,606930,4
606947,606950,4
606958,606961,4
606997,606999,3
607043,607046,4
607106,607108,3
607124,607128,5
607279,607281,3
607299,607301,3
607392,607394,3
607425,607427,3
607438,607441,4
607612,607616,5
607625,607628,4
607634,607647,14
607885,607889,5
608120,608122,3
608436,608438,3
608444,608447,4
608454,608458,5
608521,608525,5
608555,608559,5
608574,608576,3
608604,608607,4
608638,608641,4
608669,608682,14
608727,608730,4
608742,608744,3
608760,608764,5
608780,608782,3
608788,608790,3
608832,608834,3
608885,608887,3
608916,608920,5
608970,608972,3
609034,609037,4
609143,609147,5
609164,609170,7
609284,609288,5
609295,609298,4
609408,609410,3
609545,609549,5
609554,609556,3
609673,609683,11
609712,609715,4
609783,609790,8
609817,609829,13
609845,609847,3
610001,610016,16
610339,610346,8
610448,610454,7
610478,610481,4
610503,610507,5
610596,610598,3
610629,610637,9
610640,610646,7
610647,610651,5
610659,610661,3
610702,610717,16
610736,610742,7
610757,610764,8
610778,610784,7
610826,610830,5
610833,610847,15
610871,610888,18
610896,610900,5
610921,610923,3
610927,610932,6
610966,610972,7
610991,610998,8
611001,611003,3
611041,611053,13
611058,611062,5
611067,611069,3
611075,611077,3
611103,611106,4
611130,611132,3
611150,611175,26
611204,611213,10
611265,611273,9
611326,611329,4
611361,611364,4
611375,611383,9
611394,611397,4
611416,611419,4
611461,611469,9
611508,611512,5
611516,611521,6
611540,611545,6
611573,611575,3
611584,611590,7
611617,611621,5
611657,611663,7
611671,611673,3
611676,611681,6
611704,611731,28
611743,611749,7
611809,611811,3
611814,611825,12
611856,611858,3
611887,611889,3
611918,611923,6
611933,611943,11
611951,611956,6
612008,612017,10
612044,612050,7
612065,612069,5
612131,612133,3
612144,612149,6
612161,612168,8
612171,612173,3
612181,612192,12
612219,612233,15
612246,612249,4
612291,612295,5
612301,612309,9
612394,612397,4
612440,612448,9
612460,612466,7
612471,612489,19
612541,612549,9
612559,612562,4
612602,612608,7
612657,612661,5
612684,612688,5
612694,612708,15
612717,612720,4
612730,612732,3
612766,612779,14
612785,612789,5
612816,612823,8
612831,612847,17
612860,612866,7
612867,612870,4
612878,612884,7
612919,612924,6
612944,612951,8
612999,613002,4
613019,613025,7
613046,613050,5
613113,613115,3
613116,613119,4
613148,613171,24
613181,613185,5
613240,613254,15
613297,613308,12
613329,613331,3
613338,613340,3
613357,613361,5
613394,613407,14
613455,613463,9
613499,613504,6
613512,613517,6
613524,613531,8
613553,613556,4
613627,613629,3
613636,613639,4
613662,613666,5
613683,613685,3
613686,613688,3
613701,613713,13
613715,613718,4
613721,613729,9
613741,613744,4
613767,613769,3
613815,613817,3
613871,613876,6
613881,613886,6
613898,613904,7
613957,613960,4
614042,614046,5
614106,614108,3
614153,614155,3
614172,614177,6
614263,614271,9
614291,614293,3
614302,614314,13
614329,614331,3
614384,614387,4
614393,614395,3
614402,614404,3
614406,614408,3
614421,614423,3
614463,614470,8
614477,614483,7
614495,614501,7
614509,614512,4
614555,614558,4
614560,614566,7
614575,614577,3
614593,614595,3
614624,614626,3
614658,614666,9
614680,614682,3
614686,614693,8
614698,614703,6
614754,614759,6
614799,614802,4
614805,614807,3
614814,614818,5
614842,614844,3
614850,614859,10
614877,614889,13
614900,614910,11
614934,614937,4
614951,614953,3
614957,614964,8
614992,614996,5
615029,615038,10
615044,615046,3
615047,615049,3
615052,615060,9
615076,615078,3
615093,615097,5
615117,615119,3
615170,615176,7
615202,615206,5
615239,615244,6
615272,615278,7
615294,615297,4
615355,615360,6
615366,615368,3
615373,615377,5
615410,615412,3
615434,615436,3
615465,615476,12
615508,615524,17
615551,615553,3
615564,615572,9
615580,615588,9
615603,615609,7
615641,615647,7
615695,615702,8
615705,615709,5
615792,615794,3
615858,615861,4
615883,615886,4
615888,615890,3
615946,615951,6
615958,615962,5
615963,615965,3
615979,615986,8
615992,615996,5
616006,616010,5
616053,616055,3
616056,616062,7
616126,616128,3
616197,616201,5
616215,616218,4
616300,616304,5
616331,616334,4
616336,616339,4
616363,616367,5
616369,616375,7
616383,616385,3
616404,616414,11
616430,616433,4
616436,616442,7
616480,616485,6
616556,616558,3
616611,616613,3
616707,616710,4
616750,616752,3
616821,616824,4
616832,616834,3
616850,616855,6
616857,616870,14
616891,616894,4
616938,616943,6
616963,616972,10
617055,617061,7
617064,617067,4
617124,617128,5
617161,617165,5
617166,617172,7
617198,617202,5
617232,617234,3
617236,617246,11
617303,617306,4
617319,617330,12
617395,617398,4
617529,617535,7
617607,617609,3
617625,617638,14
617676,617691,16
617731,617733,3
617759,617763,5
617822,617834,13
617849,617856,8
617879,617882,4
617897,617900,4
618013,618017,5
618072,618075,4
618092,618094,3
618099,618106,8
618115,618117,3
618142,618147,6
618178,618188,11
618217,618221,5
618226,618228,3
618280,618286,7
618335,618343,9
618362,618365,4
618449,618453,5
618461,618465,5
618538,618543,6
618544,618546,3
618548,618557,10
618595,618600,6
618607,618609,3
618617,618621,5
618655,618658,4
618679,618681,3
618726,618728,3
618796,618798,3
618837,618840,4
618844,618847,4
618868,618878,11
618886,618889,4
618960,618962,3
618993,618996,4
619005,619012,8
619037,619042,6
619045,619047,3
619064,619066,3
619074,619081,8
619091,619094,4
619119,619126,8
619166,619168,3
619172,619174,3
619238,619244,7
619263,619265,3
619696,619698,3
619849,619851,3
620142,620144,3
620752,620754,3
621740,621742,3
624199,624204,6
624498,624500,3
625280,625282,3
625672,625675,4
626490,626492,3
627800,627802,3
627929,627932,4
628208,628210,3
628570,628572,3
628653,628657,5
629059,629061,3
629273,629276,4
629602,629604,3
629692,629694,3
630216,630218,3
630541,630544,4
630836,630839,4
631546,631551,6
631957,631964,8
632259,632261,3
632410,632412,3
632516,632518,3
632693,632697,5
633242,633244,3
633355,633357,3
633791,633793,3
633838,633840,3
634086,634088,3
634312,634314,3
634340,634342,3
634626,634628,3
634895,634897,3
635035,635038,4
635096,635098,3
635555,635557,3
635740,635742,3
635744,635746,3
635761,635763,3
636014,636017,4
636255,636259,5
636395,636397,3
636449,636451,3
636488,636492,5
636798,636801,4
636933,636935,3
637033,637035,3
637133,637135,3
637685,637690,6
637707,637709,3
637837,637843,7
637844,637846,3
637876,637883,8
637896,637899,4
637977,637984,8
638111,638116,6
638218,638220,3
638269,638277,9
638306,638311,6
638316,638318,3
638359,638362,4
638568,638579,12
638645,638647,3
638697,638699,3
639298,639300,3
639343,639345,3
639432,639437,6
639903,639906,4
640004,640022,19
640282,640298,17
640719,640721,3
640752,640754,3
640761,640763,3
640842,640851,10
640938,640950,13
640960,640965,6
641271,641274,4
641362,641364,3
641694,641696,3
641724,641726,3
642336,642338,3
642465,642468,4
642549,642551,3
642625,642631,7
642655,642669,15
642684,642689,6
642695,642697,3
642701,642714,14
642789,642791,3
643251,643254,4
643337,643340,4
643368,643376,9
643479,643487,9
644069,644072,4
644286,644291,6
644562,644573,12
644628,644632,5
644663,644665,3
644706,644708,3
644728,644730,3
644774,644776,3
644875,644877,3
644892,644894,3
644913,644916,4
644945,644950,6
644967,644969,3
644977,644981,5
645007,645012,6
645443,645445,3
645605,645609,5
645725,645728,4
645830,645832,3
645873,645875,3
645888,645890,3
645897,645900,4
645944,645948,5
645992,645994,3
646014,646016,3
646036,646038,3
646042,646045,4
646106,646108,3
646159,646161,3
646245,646248,4
646263,646265,3
646311,646313,3
647737,647742,6
648055,648057,3
648180,648183,4
648188,648190,3
648209,648213,5
648269,648275,7
648325,648327,3
648342,648347,6
648483,648486,4
648530,648536,7
648599,648602,4
648679,648683,5
648687,648693,7
648702,648705,4
648706,648713,8
648869,648877,9
648899,648902,4
648903,648905,3
648907,648913,7
648925,648931,7
648944,648947,4
648963,648965,3
648979,648984,6
649068,649072,5
649108,649112,5
649114,649121,8
649143,649149,7
649166,649168,3
649184,649186,3
649221,649225,5
649239,649241,3
649257,649260,4
649293,649303,11
649317,649324,8
649340,649343,4
649352,649354,3
649431,649437,7
649445,649452,8
649557,649560,4
649577,649579,3
649600,649605,6
649624,649628,5
649799,649801,3
649845,649847,3
649885,649890,6
649920,649923,4
650069,650071,3
650089,650093,5
650094,650096,3
650114,650117,4
650156,650158,3
650249,650255,7
650370,650372,3
650486,650488,3
650493,650495,3
650551,650553,3
650623,650627,5
650664,650667,4
650691,650698,8
650922,650925,4
651025,651028,4
651040,651043,4
651058,651061,4
651213,651215,3
651255,651257,3
651524,651527,4
651777,651782,6
651893,651897,5
652368,652370,3
652811,652817,7
652852,652857,6
652879,652881,3
653055,653070,16
653083,653086,4
653154,653170,17
653231,653233,3
653315,653318,4
653454,653456,3
653557,653563,7
653926,653928,3
653996,653998,3
654063,654068,6
654168,654177,10
654201,654206,6
654230,654232,3
654499,654502,4
654648,654650,3
654766,654772,7
654774,654782,9
654816,654819,4
654931,654933,3
654959,654961,3
654971,654973,3
654984,654990,7
655015,655017,3
655054,655056,3
655075,655079,5
655145,655150,6
655163,655166,4
655186,655191,6
655278,655281,4
655283,655286,4
655315,655317,3
655337,655339,3
655340,655342,3
655349,655353,5
655379,655381,3
655388,655390,3
655394,655396,3
655403,655407,5
655444,655446,3
655472,655475,4
655490,655497,8
655498,655501,4
655508,655512,5
655530,655537,8
655552,655555,4
655581,655584,4
655610,655612,3
655635,655643,9
655681,655685,5
655698,655700,3
655726,655728,3
655740,655742,3
655761,655766,6
655784,655786,3
655833,655836,4
655867,655870,4
655891,655893,3
655897,655900,4
655905,655907,3
655972,655976,5
655980,655982,3
656002,656004,3
656014,656016,3
656018,656022,5
656025,656031,7
656077,656081,5
656144,656147,4
656167,656169,3
656178,656186,9
656217,656219,3
656227,656229,3
656256,656261,6
656308,656311,4
656324,656327,4
656328,656331,4
656374,656379,6
656382,656384,3
656390,656392,3
656405,656407,3
656417,656421,5
656430,656432,3
656461,656468,8
656469,656471,3
656516,656518,3
656549,656553,5
656561,656563,3
656607,656609,3
656652,656654,3
656714,656717,4
656726,656728,3
656731,656734,4
656745,656747,3
656748,656758,11
656767,656770,4
656785,656788,4
656794,656798,5
656813,656819,7
656846,656849,4
656854,656858,5
656859,656861,3
656869,656872,4
656878,656883,6
656936,656938,3
656944,656946,3
656949,656951,3
656998,657000,3
657006,657010,5
657012,657014,3
657027,657029,3
657077,657080,4
657091,657098,8
657104,657106,3
657127,657133,7
657159,657162,4
657198,657201,4
657217,657219,3
657233,657236,4
657245,657248,4
657254,657258,5
657291,657293,3
657340,657343,4
657349,657352,4
657373,657375,3
657424,657427,4
657464,657467,4
657505,657510,6
657526,657530,5
657544,657546,3
657556,657559,4
657567,657569,3
657576,657583,8
657616,657618,3
657656,657659,4
657679,657682,4
657730,657732,3
657733,657736,4
657745,657747,3
657769,657771,3
657776,657779,4
657802,657804,3
657807,657812,6
657834,657836,3
657883,657885,3
657887,657889,3
657891,657896,6
657920,657927,8
657943,657945,3
657961,657963,3
657972,657975,4
657997,657999,3
658018,658021,4
658027,658030,4
658050,658052,3
658065,658067,3
658097,658103,7
658141,658143,3
658148,658154,7
658177,658181,5
658189,658192,4
658215,658219,5
658265,658267,3
658270,658272,3
658351,658355,5
658387,658389,3
658399,658402,4
658403,658406,4
658445,658458,14
658460,658464,5
658481,658483,3
658485,658488,4
658514,658516,3
658546,658548,3
658553,658555,3
658558,658560,3
658572,658575,4
658619,658621,3
658658,658661,4
658665,658668,4
658677,658679,3
658686,658690,5
658701,658703,3
658723,658728,6
658731,658735,5
658760,658764,5
658824,658826,3
658861,658863,3
658917,658919,3
658926,658929,4
658982,658986,5
659021,659023,3
659049,659051,3
659056,659058,3
659082,659086,5
659137,659140,4
659177,659180,4
659208,659215,8
659229,659233,5
659271,659273,3
659298,659301,4
659312,659321,10
659363,659366,4
659372,659377,6
659387,659390,4
659394,659399,6
659418,659420,3
659432,659437,6
659445,659448,4
659469,659472,4
659549,659551,3
659558,659560,3
659605,659607,3
659611,659615,5
659630,659633,4
659638,659641,4
659644,659647,4
659672,659674,3
659698,659700,3
659704,659706,3
659717,659720,4
659758,659762,5
659773,659777,5
659778,659781,4
659788,659792,5
659796,659799,4
659810,659812,3
659856,659860,5
659936,659938,3
659958,659961,4
660032,660034,3
660060,660062,3
660076,660078,3
660105,660109,5
660128,660131,4
660193,660196,4
660232,660234,3
660247,660249,3
660282,660285,4
660332,660334,3
660347,660350,4
660419,660421,3
660436,660438,3
660457,660459,3
660460,660464,5
660469,660474,6
660486,660489,4
660528,660530,3
660537,660539,3
660578,660580,3
660594,660597,4
660638,660640,3
660641,660646,6
660677,660679,3
660726,660728,3
660758,660765,8
660896,660898,3
660945,660947,3
660969,660972,4
660990,660992,3
661036,661039,4
661055,661058,4
661099,661101,3
661113,661115,3
661226,661229,4
661302,661304,3
661318,661320,3
661341,661343,3
661367,661369,3
661399,661401,3
661404,661409,6
661467,661470,4
661499,661501,3
661563,661568,6
661621,661623,3
661680,661687,8
661736,661739,4
661752,661755,4
661756,661758,3
661776,661778,3
661833,661836,4
661899,661903,5
661904,661909,6
661921,661928,8
661942,661944,3
662026,662034,9
662065,662068,4
662130,662132,3
662182,662186,5
662196,662199,4
662218,662221,4
662265,662269,5
662292,662294,3
662299,662301,3
662304,662308,5
662407,662411,5
662424,662426,3
662451,662453,3
662470,662473,4
662501,662505,5
662584,662586,3
662602,662604,3
662620,662624,5
662641,662643,3
662660,662662,3
662701,662703,3
662705,662710,6
662742,662745,4
662791,662794,4
662802,662805,4
662814,662816,3
662858,662860,3
662881,662883,3
662904,662906,3
662910,662913,4
662988,662990,3
662991,662996,6
663011,663013,3
663033,663036,4
663039,663041,3
663071,663074,4
663110,663112,3
663148,663154,7
663166,663172,7
663197,663202,6
663211,663213,3
663274,663277,4
663327,663332,6
663586,663605,20
663679,663681,3
663682,663690,9
663703,663707,5
663811,663815,5
664070,664073,4
664091,664094,4
664097,664101,5
664109,664113,5
664118,664121,4
664152,664156,5
664163,664166,4
664199,664202,4
664207,664212,6
664258,664262,5
664351,664353,3
664610,664616,7
664898,664901,4
664902,664904,3
665685,665687,3
666840,666843,4
666844,666849,6
666981,666983,3
667387,667390,4
667550,667554,5
667637,667639,3
669173,669175,3
669244,669246,3
669289,669302,14
669919,669921,3
670334,670337,4
671146,671153,8
671601,671603,3
671616,671620,5
672207,672216,10
672316,672318,3
672361,672371,11
672503,672505,3
672527,672532,6
672534,672539,6
672556,672563,8
672591,672596,6
672613,672615,3
672624,672629,6
672643,672645,3
672671,672675,5
672703,672706,4
672717,672720,4
672725,672731,7
672735,672737,3
672743,672746,4
672753,672755,3
672878,672880,3
672926,672942,17
672972,672974,3
673134,673140,7
673192,673194,3
673201,673203,3
673205,673210,6
673270,673272,3
673315,673317,3
673515,673523,9
673562,673564,3
673596,673599,4
673618,673622,5
673635,673640,6
673662,673666,5
673678,673680,3
673744,673746,3
673747,673750,4
673760,673762,3
673783,673789,7
673799,673801,3
673832,673834,3
673847,673852,6
673873,673878,6
673956,673958,3
673982,673985,4
674010,674013,4
674029,674034,6
674136,674138,3
674165,674167,3
674192,674194,3
674216,674223,8
674227,674233,7
674242,674244,3
674256,674259,4
674269,674271,3
674283,674285,3
674391,674394,4
674402,674405,4
674512,674517,6
674520,674523,4
674551,674554,4
674658,674661,4
674753,674756,4
674779,674781,3
674807,674812,6
674817,674819,3
674846,674852,7
674859,674861,3
674899,674901,3
674912,674914,3
674917,674919,3
674942,674944,3
674960,674965,6
674990,674992,3
674993,674995,3
675001,675003,3
675040,675044,5
675089,675091,3
675093,675095,3
675112,675114,3
675155,675157,3
675165,675169,5
675178,675180,3
675218,675222,5
675259,675261,3
675272,675276,5
675278,675280,3
675287,675289,3
675291,675293,3
675310,675312,3
675427,675429,3
675467,675469,3
675485,675491,7
675523,675528,6
675541,675544,4
675568,675570,3
675641,675643,3
675684,675686,3
675754,675756,3
675789,675791,3
675798,675804,7
675810,675813,4
675854,675856,3
675907,675909,3
675911,675914,4
675938,675941,4
675967,675969,3
676012,676015,4
676048,676050,3
676078,676081,4
676124,676126,3
676137,676140,4
676160,676163,4
676202,676206,5
676233,676235,3
676237,676239,3
676281,676283,3
676289,676292,4
676327,676331,5
676360,676363,4
676378,676380,3
676426,676429,4
676440,676443,4
676446,676448,3
676466,676468,3
676479,676482,4
676513,676515,3
676533,676535,3
676542,676545,4
676562,676564,3
676591,676593,3
676601,676603,3
676606,676609,4
676655,676659,5
676662,676665,4
676668,676672,5
676680,676682,3
676692,676694,3
676696,676698,3
676716,676719,4
676720,676722,3
676747,676749,3
676764,676768,5
676776,676779,4
676787,676789,3
676794,676796,3
676834,676837,4
676848,676850,3
676856,676858,3
676877,676880,4
676883,676885,3
676917,676922,6
676932,676935,4
676990,676994,5
677026,677028,3
677032,677036,5
677085,677087,3
677120,677123,4
677216,677218,3
677246,677248,3
677402,677404,3
677405,677410,6
677430,677432,3
677483,677486,4
677491,677495,5
677516,677519,4
677629,677633,5
677670,677672,3
677683,677685,3
677691,677694,4
677697,677699,3
677758,677760,3
677775,677777,3
677847,677850,4
677863,677865,3
677884,677886,3
677934,677936,3
677941,677943,3
677977,677979,3
678011,678013,3
678274,678277,4
678281,678284,4
678379,678382,4
678440,678443,4
678455,678457,3
678492,678494,3
678495,678498,4
678511,678513,3
678544,678547,4
678635,678637,3
678641,678643,3
678649,678651,3
678664,678669,6
678715,678717,3
678721,678723,3
678747,678749,3
678760,678762,3
678868,678870,3
678971,678975,5
679100,679103,4
679157,679159,3
679161,679164,4
679187,679189,3
679333,679336,4
679402,679405,4
679439,679444,6
679536,679539,4
679548,679551,4
679588,679592,5
679609,679612,4
679655,679658,4
679663,679667,5
679716,679719,4
679754,679756,3
679805,679807,3
679921,679924,4
679928,679930,3
679932,679935,4
680000,680004,5
680015,680017,3
680129,680131,3
680187,680190,4
680206,680208,3
680291,680293,3
680295,680297,3
680327,680330,4
680373,680376,4
680397,680401,5
680407,680409,3
680439,680442,4
680464,680466,3
680615,680619,5
680641,680643,3
680653,680661,9
680687,680689,3
680810,680812,3
680847,680855,9
680922,680924,3
680945,680950,6
681012,681016,5
681028,681030,3
681078,681080,3
681092,681094,3
681118,681120,3
681146,681148,3
681240,681242,3
681257,681259,3
681607,681609,3
681903,681905,3
681933,681935,3
681986,681989,4
682076,682078,3
682106,682108,3
682154,682156,3
682268,682272,5
682300,682303,4
682308,682311,4
682476,682478,3
682516,682518,3
682571,682573,3
682624,682626,3
682640,682643,4
682699,682701,3
682714,682717,4
682936,682938,3
682975,682977,3
682980,682983,4
683154,683156,3
683186,683188,3
683281,683283,3
683326,683328,3
683372,683379,8
683453,683456,4
683469,683471,3
683556,683558,3
683653,683656,4
683757,683759,3
683777,683779,3
683827,683829,3
683919,683921,3
683954,683956,3
683984,683986,3
684055,684057,3
684081,684085,5
684093,684095,3
684172,684175,4
684183,684185,3
684245,684248,4
684250,684253,4
684284,684287,4
684524,684529,6
684554,684556,3
684596,684598,3
684766,684768,3
684828,684830,3
684903,684905,3
684913,684915,3
684973,684975,3
685015,685018,4
685219,685222,4
685324,685329,6
685347,685349,3
685361,685365,5
685463,685466,4
685525,685527,3
685604,685611,8
685648,685650,3
685782,685784,3
685798,685801,4
685818,685821,4
685920,685922,3
686013,686018,6
686019,686022,4
686032,686034,3
686078,686080,3
686187,686189,3
686235,686237,3
686253,686256,4
686290,686292,3
686371,686374,4
686382,686384,3
686430,686433,4
686467,686469,3
686564,686566,3
686664,686668,5
686745,686747,3
686820,686822,3
686903,686906,4
686996,686998,3
687006,687012,7
687144,687146,3
687307,687309,3
687321,687323,3
687399,687401,3
687407,687409,3
687440,687442,3
687496,687498,3
687538,687540,3
687597,687601,5
687686,687688,3
687719,687721,3
687760,687762,3
687889,687891,3
687908,687913,6
688008,688010,3
688042,688044,3
688158,688162,5
688198,688200,3
688253,688256,4
688291,688293,3
688386,688388,3
688424,688427,4
688431,688434,4
688441,688443,3
688559,688562,4
688623,688625,3
688664,688666,3
688722,688725,4
688728,688731,4
688752,688756,5
688860,688862,3
688918,688923,6
689166,689169,4
689172,689174,3
689187,689190,4
689196,689200,5
689213,689215,3
689277,689279,3
689281,689284,4
689317,689321,5
689504,689506,3
689507,689509,3
689529,689531,3
689562,689565,4
689609,689611,3
689726,689729,4
689737,689743,7
689756,689759,4
689779,689786,8
689791,689793,3
689845,689848,4
689854,689858,5
689882,689884,3
689889,689891,3
689940,689943,4
689967,689971,5
690077,690079,3
690103,690107,5
690140,690142,3
690155,690157,3
690234,690238,5
690257,690259,3
690283,690285,3
690383,690385,3
690437,690441,5
690479,690481,3
690531,690533,3
690548,690550,3
690614,690616,3
690636,690638,3
694961,694963,3
695413,695415,3
695703,695705,3
695955,695960,6
696213,696215,3
697547,697549,3
697715,697717,3
698298,698301,4
698629,698633,5
698749,698751,3
698829,698831,3
698890,698894,5
699080,699087,8
699148,699151,4
699304,699306,3
699452,699456,5
699510,699512,3
699754,699756,3
699805,699809,5
699856,699858,3
699943,699946,4
699955,699960,6
699981,699985,5
700050,700052,3
700063,700067,5
700104,700107,4
700123,700128,6
700186,700188,3
700273,700275,3
700281,700286,6
700308,700311,4
700352,700357,6
700359,700361,3
700365,700367,3
700376,700378,3
700402,700404,3
700439,700442,4
700513,700515,3
700534,700537,4
700554,700557,4
700570,700573,4
700703,700705,3
700754,700756,3
700761,700763,3
700775,700777,3
700780,700782,3
700816,700819,4
700824,700829,6
700881,700884,4
700911,700913,3
700949,700953,5
700999,701002,4
701005,701010,6
701050,701052,3
701117,701121,5
701154,701159,6
701186,701190,5
701205,701209,5
701225,701228,4
701305,701308,4
701464,701467,4
701505,701507,3
701511,701513,3
701540,701545,6
701609,701619,11
701688,701694,7
701732,701739,8
701740,701746,7
701834,701854,21
701973,701976,4
702012,702018,7
702061,702064,4
702083,702085,3
702115,702119,5
702167,702169,3
702213,702220,8
702245,702254,10
702258,702260,3
702264,702266,3
702285,702287,3
702296,702303,8
702309,702316,8
702319,702328,10
702366,702373,8
702399,702401,3
702489,702494,6
702560,702566,7
702631,702638,8
702791,702796,6
702875,702880,6
702893,702895,3
702905,702907,3
702931,702935,5
702959,702962,4
702994,702996,3
702998,703003,6
703011,703014,4
703028,703031,4
703182,703185,4
703216,703220,5
703407,703410,4
703421,703423,3
703715,703724,10
703788,703790,3
703904,703907,4
703928,703932,5
704029,704032,4
704062,704066,5
704075,704077,3
704088,704090,3
704102,704118,17
704234,704237,4
704266,704270,5
704290,704293,4
704320,704322,3
704348,704356,9
704378,704383,6
704393,704402,10
704815,704818,4
704834,704845,12
705031,705034,4
705138,705141,4
705479,705483,5
705486,705494,9
705558,705561,4
705578,705580,3
705626,705628,3
705646,705648,3
705865,705867,3
706029,706031,3
706048,706050,3
706094,706100,7
706114,706119,6
706145,706147,3
706395,706398,4
706978,706980,3
706984,706989,6
707145,707148,4
707254,707257,4
707425,707430,6
707508,707511,4
707586,707592,7
707631,707634,4
707638,707640,3
707839,707847,9
707977,707980,4
708094,708106,13
708111,708124,14
708128,708131,4
708183,708185,3
708189,708191,3
708252,708254,3
708395,708398,4
708651,708655,5
708759,708762,4
708992,708996,5
709439,709441,3
709448,709452,5
709509,709511,3
709575,709577,3
709616,709618,3
709653,709655,3
709663,709667,5
709671,709673,3
709722,709727,6
709786,709792,7
709823,709827,5
709835,709841,7
709855,709866,12
709898,709900,3
710188,710192,5
710281,710283,3
710790,710792,3
710795,710798,4
710815,710817,3
711548,711551,4
711596,711598,3
713843,713849,7
714796,714799,4
714941,714943,3
714952,714954,3
715034,715036,3
715052,715055,4
715199,715201,3
715300,715302,3
715351,715353,3
715472,715478,7
715593,715596,4
715606,715609,4
715709,715713,5
715751,715753,3
715774,715776,3
715845,715847,3
715883,715889,7
715983,715986,4
716036,716038,3
716221,716227,7
716248,716251,4
716335,716337,3
716430,716432,3
716444,716448,5
716588,716590,3
716674,716676,3
716774,716778,5
716784,716787,4
716867,716869,3
716881,716884,4
717024,717026,3
717055,717059,5
717147,717149,3
717206,717210,5
717247,717250,4
717344,717346,3
717375,717378,4
717391,717393,3
717415,717417,3
717428,717430,3
717434,717441,8
717448,717452,5
717467,717469,3
717635,717638,4
717659,717661,3
717680,717683,4
717732,717734,3
717763,717765,3
717813,717816,4
717822,717824,3
717835,717839,5
717855,717857,3
717877,717879,3
717927,717930,4
717935,717937,3
717938,717940,3
718001,718005,5
718034,718039,6
718070,718075,6
718104,718107,4
718170,718175,6
718190,718192,3
718268,718271,4
718365,718367,3
718377,718379,3
718498,718501,4
718609,718611,3
718649,718652,4
718661,718663,3
718752,718754,3
718881,718883,3
718991,718993,3
719033,719035,3
719088,719090,3
719182,719184,3
719239,719241,3
719262,719264,3
719344,719347,4
719394,719397,4
719404,719407,4
719452,719454,3
719466,719469,4
719494,719496,3
719565,719567,3
719605,719609,5
719632,719634,3
719716,719718,3
719743,719745,3
719811,719816,6
719818,719820,3
719848,719851,4
719885,719889,5
720040,720042,3
720118,720120,3
720132,720135,4
720253,720255,3
720259,720262,4
720302,720304,3
720319,720321,3
720358,720360,3
720381,720383,3
720405,720407,3
720430,720432,3
720448,720450,3
720488,720491,4
720503,720505,3
720584,720587,4
720683,720686,4
720807,720810,4
720818,720821,4
720885,720887,3
720903,720905,3
720923,720926,4
720963,720965,3
720976,720978,3
721018,721020,3
721023,721030,8
721171,721173,3
721207,721209,3
721230,721233,4
721263,721267,5
721313,721319,7
721329,721331,3
721367,721369,3
721382,721384,3
721454,721456,3
721477,721480,4
721537,721539,3
721652,721654,3
721720,721722,3
721737,721740,4
721855,721860,6
721886,721888,3
721936,721939,4
721978,721981,4
722000,722005,6
722027,722029,3
722030,722032,3
722074,722076,3
722097,722099,3
722137,722143,7
722179,722181,3
722217,722222,6
722400,722403,4
722405,722409,5
722492,722496,5
722506,722509,4
722519,722522,4
722718,722720,3
722721,722723,3
722731,722734,4
722800,722802,3
722885,722888,4
722930,722933,4
722971,722973,3
722990,722992,3
723116,723119,4
723128,723130,3
723157,723161,5
723171,723175,5
723222,723226,5
723232,723237,6
723310,723312,3
723371,723374,4
723376,723378,3
723408,723410,3
723451,723453,3
723528,723530,3
723559,723561,3
723571,723575,5
723667,723669,3
723788,723790,3
723795,723797,3
723932,723934,3
724043,724047,5
724057,724059,3
724535,724537,3
724854,724856,3
725024,725029,6
725044,725047,4
725251,725253,3
725359,725361,3
726830,726832,3
726848,726851,4
726854,726856,3
726868,726873,6
726875,726878,4
726971,726973,3
726998,727002,5
727188,727192,5
727232,727236,5
727244,727246,3
727250,727252,3
727340,727342,3
727343,727348,6
727617,727623,7
727644,727646,3
727697,727702,6
727705,727707,3
727716,727719,4
727725,727727,3
727749,727752,4
727863,727865,3
727921,727923,3
727946,727951,6
727952,727954,3
727959,727961,3
727965,727969,5
728022,728024,3
728079,728081,3
728121,728123,3
728237,728244,8
728259,728263,5
728301,728303,3
728348,728350,3
728383,728387,5
728388,728391,4
728431,728434,4
728454,728463,10
728725,728727,3
728867,728870,4
728897,728900,4
729171,729173,3
729207,729211,5
729220,729222,3
729242,729247,6
729294,729298,5
729303,729305,3
729328,729331,4
729424,729432,9
729446,729450,5
729495,729498,4
729525,729530,6
729539,729542,4
729552,729557,6
729610,729612,3
729616,729618,3
729655,729657,3
729679,729684,6
729748,729751,4
729783,729788,6
729804,729808,5
729852,729855,4
729872,729874,3
729875,729877,3
729906,729909,4
729955,729958,4
730022,730028,7
730041,730043,3
730153,730156,4
730172,730184,13
730212,730214,3
730229,730233,5
730238,730240,3
730252,730254,3
730277,730285,9
730331,730333,3
730383,730387,5
730511,730514,4
730579,730581,3
730645,730648,4
730667,730674,8
730683,730686,4
730687,730689,3
730711,730713,3
730741,730744,4
730762,730767,6
730823,730826,4
731400,731402,3
731556,731558,3
731656,731658,3
731672,731678,7
731682,731686,5
731698,731700,3
731765,731772,8
731778,731781,4
731813,731815,3
731891,731896,6
731920,731922,3
731960,731965,6
731970,731973,4
731978,731983,6
732043,732045,3
732046,732048,3
732117,732119,3
732204,732209,6
738589,738597,9
738606,738617,12
738622,738624,3
738640,738644,5
738674,738676,3
738678,738680,3
738704,738706,3
738749,738755,7
738774,738776,3
738783,738790,8
738806,738808,3
738845,738847,3
738875,738881,7
738909,738912,4
738918,738924,7
738993,738995,3
739068,739071,4
739129,739131,3
739168,739172,5
739178,739181,4
739220,739222,3
739237,739239,3
739252,739255,4
739264,739266,3
739288,739290,3
739306,739309,4
739331,739333,3
739365,739367,3
739393,739397,5
739411,739413,3
739418,739420,3
739461,739464,4
739532,739539,8
739562,739565,4
739573,739577,5
739589,739593,5
739677,739680,4
739719,739721,3
739730,739733,4
739809,739811,3
739992,739994,3
739998,740001,4
740026,740030,5
740180,740183,4
740195,740199,5
740222,740226,5
740260,740263,4
740273,740276,4
740331,740333,3
740411,740415,5
740437,740445,9
740626,740629,4
740636,740638,3
740642,740644,3
740765,740768,4
740812,740814,3
740817,740819,3
740842,740848,7
740871,740875,5
740889,740891,3
740911,740914,4
740949,740954,6
740958,740961,4
740998,741002,5
741022,741025,4
741124,741129,6
741133,741137,5
741145,741154,10
741158,741160,3
741169,741174,6
741176,741183,8
741187,741198,12
741243,741248,6
741277,741281,5
741292,741296,5
741314,741319,6
741325,741333,9
741354,741361,8
741404,741410,7
741447,741449,3
741562,741565,4
741618,741620,3
741643,741646,4
741653,741655,3
741721,741724,4
741745,741756,12
741768,741771,4
741780,741784,5
741789,741792,4
741816,741821,6
741840,741843,4
741872,741885,14
741915,741918,4
741926,741930,5
741947,741949,3
741956,741960,5
741994,741996,3
742073,742076,4
742156,742158,3
742190,742192,3
742272,742274,3
742341,742343,3
742353,742356,4
742412,742429,18
742448,742453,6
742554,742556,3
742602,742604,3
742609,742611,3
742629,742632,4
742646,742654,9
742696,742698,3
742732,742737,6
742820,742825,6
742925,742932,8
742956,742959,4
742992,742997,6
743084,743087,4
743148,743152,5
743203,743206,4
743233,743237,5
743241,743243,3
743251,743259,9
743357,743360,4
743374,743376,3
743594,743597,4
743677,743681,5
743772,743774,3
743817,743819,3
743828,743831,4
743861,743864,4
743889,743892,4
744008,744015,8
744043,744047,5
744103,744105,3
744110,744112,3
744115,744118,4
744149,744151,3
744160,744167,8
744177,744179,3
744188,744191,4
744235,744241,7
744341,744375,35
744379,744383,5
744591,744594,4
744597,744600,4
744646,744648,3
744653,744655,3
744796,744799,4
744803,744808,6
744939,744943,5
744970,744972,3
745027,745030,4
745223,745237,15
745429,745437,9
745445,745448,4
745516,745519,4
745546,745549,4
745672,745674,3
745832,745834,3
745893,745895,3
745988,745997,10
746212,746215,4
746339,746352,14
746648,746653,6
746765,746767,3
747077,747079,3
747150,747152,3
747160,747163,4
747167,747169,3
747178,747183,6
747406,747408,3
747506,747508,3
747524,747526,3
747543,747549,7
747689,747691,3
747700,747702,3
747704,747706,3
747925,747929,5
747982,747984,3
748019,748021,3
748030,748033,4
748082,748084,3
748116,748121,6
749975,749977,3
751926,751928,3
751967,751969,3
752007,752011,5
752070,752073,4
752102,752125,24
752204,752206,3
752213,752216,4
752362,752377,16
752575,752581,7
752739,752741,3
752900,752922,23
752933,752935,3
752983,753003,21
753060,753067,8
753290,753292,3
753417,753419,3
753467,753471,5
753582,753584,3
753605,753608,4
761178,761181,4
762468,762471,4
763489,763492,4
764292,764295,4
764398,764400,3
764823,764825,3
764887,764889,3
765321,765326,6
765868,765871,4
766110,766113,4
766671,766673,3
766966,766969,4
767136,767139,4
767367,767369,3
767805,767808,4
767827,767829,3
768036,768039,4
768140,768142,3
768159,768163,5
768175,768178,4
768198,768201,4
768400,768402,3
768596,768600,5
768647,768652,6
768736,768741,6
768784,768787,4
768813,768817,5
768943,768945,3
768958,768962,5
768963,768965,3
769007,769009,3
769247,769249,3
769303,769310,8
769390,769392,3
769393,769396,4
769403,769405,3
769420,769423,4
769430,769432,3
769477,769479,3
769595,769597,3
769662,769666,5
769678,769682,5
769685,769688,4
769762,769764,3
769766,769768,3
769829,769831,3
769859,769861,3
769942,769944,3
770032,770034,3
770196,770199,4
770243,770247,5
770454,770457,4
770559,770568,10
770586,770588,3
770623,770625,3
770723,770732,10
770747,770749,3
770805,770808,4
770906,770912,7
770955,770959,5
770988,770990,3
771039,771041,3
771208,771212,5
771439,771441,3
771453,771457,5
771505,771507,3
771570,771572,3
771576,771578,3
771620,771622,3
771646,771648,3
771865,771869,5
771930,771932,3
771974,771979,6
772112,772114,3
772122,772128,7
772233,772241,9
772305,772307,3
772432,772437,6
772535,772537,3
772561,772563,3
772646,772649,4
772870,772872,3
772988,772991,4
773118,773120,3
773126,773128,3
773152,773156,5
773209,773213,5
773241,773245,5
773252,773254,3
773295,773297,3
773307,773310,4
773440,773442,3
773445,773447,3
773543,773545,3
773556,773558,3
773654,773658,5
773666,773669,4
773954,773956,3
773977,773979,3
774047,774051,5
774076,774078,3
774205,774209,5
774359,774361,3
774374,774382,9
774540,774543,4
774580,774607,28
774620,774637,18
774775,774777,3
774955,774957,3
774972,774974,3
775107,775110,4
775298,775300,3
775308,775313,6
775346,775348,3
775356,775358,3
775404,775406,3
775676,775678,3
775699,775704,6
775935,775944,10
776196,776199,4
776305,776309,5
776835,776837,3
776852,776854,3
776917,776919,3
776974,776976,3
776987,776989,3
777054,777056,3
777088,777094,7
777144,777146,3
777249,777255,7
777301,777305,5
777404,777410,7
777463,777465,3
777491,777493,3
777494,777497,4
777525,777528,4
777649,777652,4
777716,777719,4
778187,778192,6
778284,778286,3
778367,778370,4
778481,778485,5
778503,778505,3
778532,778534,3
778678,778689,12
778691,778693,3
778786,778788,3
778846,778850,5
778860,778863,4
778932,778937,6
779059,779063,5
779141,779144,4
779155,779157,3
779158,779161,4
779292,779294,3
779441,779445,5
779577,779583,7
779628,779630,3
779633,779636,4
779687,779690,4
779692,779697,6
779837,779842,6
779876,779878,3
779936,779940,5
780004,780006,3
780062,780068,7
780072,780075,4
780080,780082,3
780243,780248,6
780270,780274,5
780318,780322,5
780385,780387,3
780452,780454,3
780481,780485,5
780493,780496,4
780581,780583,3
780599,780601,3
780635,780637,3
780660,780663,4
780670,780672,3
780679,780681,3
780748,780752,5
780757,780759,3
780780,780782,3
780906,780909,4
780916,780919,4
780966,780968,3
781083,781085,3
781094,781096,3
781118,781121,4
781210,781213,4
781270,781272,3
781350,781352,3
781457,781459,3
781461,781463,3
781466,781476,11
781531,781534,4
781576,781578,3
781609,781613,5
781634,781637,4
781654,781656,3
781686,781690,5
781771,781776,6
781778,781781,4
781849,781851,3
781886,781888,3
781954,781956,3
781986,781988,3
782078,782080,3
782202,782205,4
782230,782232,3
782241,782243,3
782286,782291,6
782294,782297,4
782337,782339,3
782341,782343,3
782397,782399,3
782407,782413,7
782430,782432,3
782492,782495,4
782553,782555,3
782570,782572,3
782612,782615,4
782650,782652,3
782666,782668,3
782715,782717,3
782772,782775,4
782845,782852,8
782899,782904,6
782979,782981,3
783070,783073,4
783099,783101,3
783166,783168,3
783180,783184,5
783479,783482,4
783484,783486,3
783520,783524,5
783567,783569,3
783626,783628,3
783669,783671,3
783723,783727,5
783783,783786,4
783853,783855,3
783885,783887,3
783980,783982,3
783985,783988,4
783993,783996,4
783997,783999,3
784030,784036,7
784075,784077,3
784140,784143,4
784213,784215,3
784246,784250,5
784264,784267,4
784290,784292,3
784354,784358,5
784366,784368,3
784434,784439,6
784555,784557,3
784576,784579,4
784621,784624,4
784638,784640,3
784648,784650,3
784679,784682,4
784694,784696,3
784697,784701,5
784710,784712,3
784812,784814,3
784846,784853,8
784874,784876,3
784886,784892,7
784910,784912,3
784920,784923,4
784941,784943,3
784960,784962,3
785005,785007,3
785031,785035,5
785042,785044,3
785119,785122,4
785151,785153,3
785406,785409,4
785413,785415,3
785483,785485,3
785504,785506,3
785527,785531,5
785596,785602,7
785686,785688,3
785824,785826,3
785907,785910,4
785965,785968,4
786023,786025,3
786037,786040,4
786060,786062,3
786154,786157,4
786162,786164,3
786167,786176,10
786231,786236,6
786276,786279,4
786283,786285,3
786306,786313,8
786911,786915,5
787193,787199,7
787212,787215,4
787735,787737,3
789052,789058,7
791136,791139,4
792011,792015,5
792038,792045,8
792067,792069,3
792113,792116,4
792319,792321,3
792327,792337,11
792365,792368,4
792583,792585,3
792735,792738,4
792750,792754,5
792831,792834,4
792947,792952,6
792963,792970,8
792993,793000,8
793082,793086,5
793101,793103,3
793200,793202,3
793217,793220,4
793249,793252,4
793275,793278,4
793290,793293,4
793326,793329,4
793423,793425,3
793445,793447,3
793455,793458,4
793466,793469,4
793476,793478,3
793487,793489,3
793528,793531,4
793546,793549,4
793564,793568,5
793606,793613,8
793640,793642,3
793679,793681,3
793743,793745,3
793909,793912,4
793959,793962,4
794036,794038,3
794305,794308,4
794332,794335,4
794352,794354,3
794383,794387,5
794417,794419,3
794504,794507,4
794520,794522,3
794558,794560,3
794875,794877,3
794917,794919,3
794946,794950,5
794956,794958,3
795032,795035,4
795046,795049,4
795102,795104,3
795216,795219,4
795360,795363,4
795521,795523,3
795828,795830,3
796658,796661,4
797689,797693,5
797801,797803,3
797839,797841,3
797870,797873,4
797878,797880,3
797884,797888,5
797906,797910,5
797928,797930,3
797942,797944,3
797948,797955,8
797957,797965,9
797981,797986,6
798002,798004,3
798095,798101,7
798107,798110,4
798122,798124,3
798128,798130,3
798142,798145,4
798156,798159,4
798167,798176,10
798204,798213,10
798250,798252,3
798258,798262,5
798293,798296,4
798312,798316,5
798394,798397,4
798429,798431,3
798433,798438,6
798442,798446,5
798484,798487,4
798613,798637,25
799326,799332,7
799830,799832,3
