start_row,match_length
420.0,3
1341.0,6
1509.0,5
1572.0,5
1737.0,5
1792.0,4
1800.0,2
1815.0,4
1897.0,6
1926.0,2
2026.0,4
2031.0,7
2049.0,6
2055.0,2
2068.0,4
2072.0,4
2125.0,2
2147.0,2
2203.0,3
2232.0,6
2260.0,4
2276.0,2
2290.0,3
2303.0,2
2319.0,3
2325.0,2
2331.0,4
2368.0,3
2375.0,6
2381.0,3
2434.0,4
2460.0,3
2482.0,3
2545.0,2
2584.0,4
2594.0,7
2619.0,4
2702.0,10
2735.0,7
2743.0,8
2796.0,13
2812.0,11
2824.0,2
2830.0,8
2834.0,4
2838.0,3
2841.0,3
2845.0,13
2859.0,9
2882.0,16
2886.0,4
2924.0,8
2931.0,3
2940.0,15
2955.0,18
2972.0,5
2976.0,10
2986.0,3
2991.0,5
3001.0,4
3003.0,14
3018.0,17
3048.0,9
3069.0,2
3104.0,2
3130.0,9
3142.0,8
3151.0,12
3162.0,2
3177.0,15
3196.0,10
3206.0,5
3229.0,6
3236.0,7
3241.0,8
3249.0,7
3266.0,5
3278.0,14
3292.0,6
3312.0,10
3320.0,7
3339.0,7
3346.0,2
3348.0,2
3352.0,9
3359.0,13
3376.0,6
3378.0,7
3385.0,8
3409.0,7
3428.0,16
3445.0,5
3449.0,3
3467.0,4
3491.0,30
3506.0,4
3531.0,10
3557.0,4
3567.0,5
3576.0,11
3583.0,2
3585.0,3
3588.0,10
3598.0,12
3612.0,11
3641.0,11
3654.0,3
3658.0,3
3699.0,3
3701.0,3
3708.0,10
3723.0,6
3732.0,5
3736.0,6
3742.0,6
3752.0,8
3759.0,14
3775.0,11
3786.0,2
3800.0,10
3812.0,9
3830.0,2
3832.0,11
3843.0,2
3868.0,6
3881.0,8
3888.0,7
3896.0,5
3905.0,14
3919.0,2
3923.0,11
3940.0,10
3946.0,14
3967.0,12
3973.0,8
4034.0,11
4045.0,8
4066.0,8
4071.0,4
4077.0,6
4081.0,7
4097.0,7
4112.0,3
4118.0,8
4123.0,10
4134.0,3
4136.0,3
4141.0,2
4144.0,5
4154.0,3
4161.0,15
4198.0,14
4211.0,15
4241.0,3
4250.0,18
4273.0,5
4278.0,4
4305.0,8
4319.0,6
4325.0,9
4344.0,2
4359.0,25
4381.0,10
4400.0,4
4447.0,19
4464.0,30
4621.0,3
4627.0,15
4798.0,6
4815.0,6
4823.0,2
4825.0,5
4835.0,2
4846.0,3
4861.0,6
4866.0,3
4894.0,5
4899.0,2
4903.0,12
5374.0,6
5379.0,2
5385.0,6
5402.0,3
6448.0,5
6740.0,14
7349.0,5
7414.0,13
7695.0,17
8129.0,2
9091.0,2
9103.0,7
9110.0,2
9121.0,33
9155.0,94
9273.0,22
9288.0,7
9296.0,34
9360.0,7
9367.0,7
9380.0,5
9385.0,2
9387.0,2
9414.0,9
9423.0,5
9479.0,8
9486.0,2
9488.0,3
9491.0,4
9495.0,8
9503.0,2
9505.0,2
9513.0,3
9516.0,3
9526.0,5
9531.0,4
9537.0,3
9544.0,5
9570.0,20
9580.0,4
9584.0,3
9598.0,4
9602.0,2
9606.0,18
9626.0,8
9636.0,4
9647.0,7
9657.0,3
9663.0,6
9669.0,7
9676.0,3
9679.0,7
9708.0,24
9735.0,3
9744.0,43
9788.0,9
9799.0,8
9807.0,10
9818.0,16
9833.0,11
9845.0,5
9849.0,2
9853.0,2
9867.0,6
9879.0,9
10005.0,7
10222.0,33
11301.0,2
11329.0,2
11400.0,2
11407.0,2
11411.0,4
11435.0,3
11442.0,3
11459.0,5
11468.0,4
11473.0,5
11481.0,5
11485.0,4
11498.0,4
11513.0,4
11522.0,2
11525.0,4
11532.0,4
11542.0,4
11550.0,3
11556.0,2
11585.0,2
11603.0,2
11618.0,2
11620.0,2
11627.0,2
11632.0,3
11637.0,2
11644.0,6
11674.0,3
11676.0,6
11687.0,4
11702.0,2
11704.0,3
11732.0,5
11757.0,6
11786.0,6
11794.0,4
11802.0,5
11823.0,2
11834.0,5
11875.0,2
11885.0,12
11910.0,3
11916.0,7
11937.0,12
11955.0,3
11962.0,2
11986.0,2
11990.0,7
11996.0,3
12006.0,4
12011.0,2
12022.0,2
12027.0,7
12042.0,4
12055.0,3
12058.0,6
12065.0,6
12074.0,5
12087.0,5
12103.0,2
12142.0,3
12144.0,2
12163.0,5
12166.0,4
12223.0,13
12236.0,5
12259.0,3
12268.0,2
12277.0,6
12287.0,3
12291.0,2
12295.0,5
12302.0,5
12313.0,4
12357.0,2
12374.0,4
12378.0,3
12418.0,5
12432.0,5
12436.0,2
12480.0,5
12485.0,4
12501.0,4
12513.0,3
12517.0,6
12523.0,3
12530.0,3
12535.0,5
12543.0,3
12555.0,3
12557.0,3
12563.0,6
12622.0,2
12633.0,2
12636.0,3
12639.0,4
12653.0,2
12678.0,5
12695.0,2
12701.0,5
12716.0,3
12725.0,5
12734.0,4
12745.0,8
12760.0,3
12789.0,5
12828.0,2
12853.0,4
12860.0,2
12862.0,3
12869.0,4
12879.0,8
12889.0,32
12937.0,3
12996.0,3
13047.0,5
13076.0,9
13118.0,2
13120.0,5
13130.0,4
13167.0,5
13239.0,6
13265.0,3
13267.0,2
13323.0,5
13335.0,3
13338.0,4
13366.0,6
13376.0,2
13386.0,5
13391.0,4
13398.0,2
13400.0,3
13413.0,5
13420.0,8
13437.0,5
13461.0,4
13478.0,10
13482.0,6
13493.0,4
13503.0,6
13536.0,2
13556.0,6
13566.0,2
13587.0,6
13594.0,3
13616.0,3
13619.0,3
13625.0,5
13642.0,5
13647.0,10
13667.0,6
13712.0,7
13719.0,3
13732.0,5
13758.0,4
13778.0,4
13782.0,2
13790.0,6
13830.0,4
13850.0,14
13863.0,6
13869.0,2
13888.0,3
13891.0,4
13899.0,7
13934.0,3
13948.0,6
13957.0,4
13975.0,6
13996.0,4
13998.0,2
14009.0,2
14024.0,4
14045.0,2
14057.0,5
14064.0,3
14067.0,4
14072.0,3
14103.0,6
14118.0,3
14125.0,6
14131.0,4
14150.0,4
14157.0,2
14159.0,6
14195.0,6
14221.0,6
14228.0,5
14238.0,10
14249.0,2
14261.0,7
14270.0,2
14283.0,2
14300.0,3
14303.0,5
14328.0,2
14330.0,5
14342.0,3
14371.0,4
14379.0,5
14384.0,7
14398.0,2
14417.0,2
14420.0,3
14425.0,2
14429.0,2
14432.0,3
14438.0,3
14500.0,4
14515.0,2
14535.0,3
14542.0,7
14566.0,6
14573.0,4
14636.0,3
14649.0,3
14653.0,4
14659.0,6
14676.0,5
14682.0,4
14686.0,5
14691.0,3
14694.0,7
14715.0,3
14728.0,4
14732.0,4
14744.0,4
14754.0,2
14764.0,4
14786.0,4
14791.0,3
14801.0,6
14821.0,4
14839.0,3
14849.0,4
14860.0,2
14864.0,2
14868.0,3
14886.0,6
14892.0,5
14899.0,2
14901.0,3
14944.0,2
14957.0,3
14961.0,7
14981.0,3
15025.0,6
15030.0,6
15036.0,4
15044.0,8
15051.0,3
15067.0,8
15104.0,4
15116.0,9
15134.0,2
15152.0,10
15167.0,3
15170.0,6
15202.0,2
15204.0,2
15207.0,3
15219.0,4
15224.0,2
15226.0,3
15232.0,6
15239.0,4
15251.0,7
15280.0,5
15290.0,4
15293.0,2
15299.0,2
15311.0,2
15325.0,4
15333.0,4
15360.0,3
15365.0,2
15377.0,10
15389.0,2
15399.0,4
15422.0,2
15432.0,6
15439.0,2
15450.0,2
15475.0,9
15482.0,3
15487.0,3
15492.0,6
15501.0,5
15510.0,2
15515.0,4
15519.0,4
15529.0,2
15534.0,3
15552.0,5
15563.0,3
15566.0,3
15569.0,3
15576.0,3
15579.0,3
15585.0,3
15588.0,3
15597.0,3
15643.0,2
15645.0,5
15657.0,3
15701.0,3
15714.0,4
15717.0,3
15740.0,3
15750.0,4
15762.0,6
15776.0,3
15780.0,2
15782.0,5
15788.0,7
15799.0,4
15811.0,4
15815.0,2
15823.0,2
15844.0,3
15855.0,4
15859.0,8
15870.0,2
15883.0,4
15897.0,4
15914.0,2
15923.0,3
15953.0,2
15973.0,3
15977.0,3
15994.0,3
15997.0,4
16001.0,2
16003.0,5
16016.0,7
16052.0,2
16054.0,3
16073.0,2
16103.0,3
16106.0,3
16119.0,7
16130.0,6
16138.0,2
16150.0,5
16197.0,9
16206.0,2
16226.0,2
16239.0,4
16248.0,5
16265.0,4
16273.0,3
16278.0,4
16286.0,3
16289.0,2
16293.0,4
16309.0,4
16313.0,5
16336.0,3
16353.0,3
16383.0,2
16387.0,4
16428.0,4
16455.0,3
16462.0,4
16464.0,3
16483.0,2
16494.0,6
16504.0,6
16519.0,2
16550.0,10
16575.0,3
16588.0,2
16592.0,4
16604.0,2
16620.0,10
16636.0,4
16642.0,3
16648.0,2
16650.0,5
16672.0,6
16692.0,2
16697.0,4
16708.0,2
16721.0,2
16730.0,4
16753.0,7
16770.0,4
16780.0,4
16785.0,2
16812.0,5
16843.0,3
16865.0,3
16869.0,7
16876.0,3
16882.0,3
16890.0,2
16904.0,2
16919.0,4
16922.0,5
16941.0,3
16968.0,4
16986.0,2
16991.0,6
17000.0,6
17012.0,2
17023.0,2
17036.0,4
17048.0,4
17056.0,2
17064.0,5
17071.0,8
17087.0,4
17107.0,7
17114.0,3
17117.0,4
17183.0,2
17187.0,3
17204.0,7
17217.0,4
17226.0,2
17233.0,4
17267.0,3
17270.0,3
17306.0,7
17317.0,4
17326.0,3
17342.0,5
17347.0,3
17362.0,4
17367.0,10
17393.0,3
17401.0,2
17406.0,4
17437.0,3
17441.0,4
17457.0,3
17460.0,5
17476.0,2
17495.0,4
17510.0,7
17528.0,2
17530.0,5
17543.0,5
17554.0,3
17563.0,3
17574.0,5
17584.0,2
17603.0,4
17607.0,5
17616.0,3
17633.0,14
17766.0,4
17876.0,4
17934.0,4
18083.0,2
18137.0,2
18149.0,6
18453.0,3
18456.0,4
18470.0,3
18543.0,10
18557.0,3
18671.0,18
18692.0,2
18699.0,2
18707.0,4
18714.0,11
18732.0,3
18737.0,11
18759.0,6
18777.0,8
18826.0,7
18835.0,4
18842.0,4
18851.0,4
18858.0,2
18876.0,7
18888.0,2
18905.0,4
18972.0,4
18999.0,3
19023.0,2
19051.0,4
19071.0,8
19395.0,4
19407.0,6
19417.0,5
19443.0,4
19455.0,5
19468.0,4
19474.0,5
19483.0,4
19486.0,24
19532.0,75
19607.0,3
19609.0,45
19654.0,3
19657.0,55
19713.0,20
19735.0,7
19740.0,25
19764.0,9
19773.0,15
19788.0,11
19799.0,14
19815.0,29
19842.0,17
19860.0,18
19878.0,8
19885.0,48
19933.0,3
19938.0,28
19964.0,5
19969.0,6
19975.0,19
20002.0,2
20005.0,5
20016.0,8
20024.0,18
20044.0,16
20058.0,19
20128.0,89
20219.0,19
20239.0,8
20246.0,50
20309.0,23
20335.0,37
20373.0,13
20387.0,35
20423.0,16
20437.0,35
20471.0,16
20490.0,16
20503.0,3
20506.0,16
20582.0,4
20588.0,10
20608.0,40
20648.0,9
20658.0,25
20722.0,17
20738.0,2
20740.0,21
20761.0,14
20775.0,5
20782.0,5
20789.0,8
20793.0,23
20816.0,2
20818.0,56
20875.0,18
20892.0,11
20903.0,16
20919.0,20
20962.0,9
20972.0,6
21000.0,16
21015.0,16
21035.0,23
21054.0,4
21059.0,15
21073.0,17
21090.0,26
21118.0,9
21153.0,6
21159.0,22
21185.0,5
21188.0,14
21203.0,15
21218.0,27
21244.0,12
21256.0,4
21260.0,3
21263.0,35
21299.0,18
21320.0,25
21346.0,20
21369.0,28
21391.0,5
21438.0,6
21444.0,19
21474.0,9
21486.0,6
21491.0,8
21500.0,46
21545.0,4
21551.0,5
21557.0,5
21563.0,3
21582.0,9
21590.0,9
21599.0,15
21614.0,8
21622.0,12
21635.0,14
21650.0,28
21676.0,7
21684.0,25
21709.0,7
21716.0,13
21748.0,10
21758.0,22
21780.0,36
21816.0,34
21872.0,54
21927.0,39
21963.0,9
21984.0,2
21988.0,15
22001.0,9
22010.0,13
22024.0,5
22028.0,16
22044.0,12
22056.0,40
22096.0,2
22098.0,3
22101.0,32
22155.0,24
22211.0,3
22263.0,6
22269.0,17
22286.0,19
22320.0,4
22325.0,5
22330.0,11
22340.0,29
22369.0,15
22384.0,7
22405.0,5
22408.0,27
22454.0,34
22503.0,39
22542.0,6
22552.0,16
22571.0,35
22601.0,13
22615.0,14
22628.0,8
22636.0,2
22663.0,3
22721.0,12
22734.0,3
22739.0,34
22770.0,5
22775.0,2
22777.0,5
22787.0,18
22806.0,12
22817.0,14
22831.0,28
22860.0,8
22871.0,5
22877.0,18
22894.0,21
22916.0,29
22944.0,7
22953.0,22
22973.0,6
22983.0,11
22995.0,15
23011.0,24
23035.0,19
23053.0,45
23098.0,8
23106.0,22
23130.0,13
23143.0,12
23161.0,58
23213.0,20
23233.0,11
23244.0,58
23303.0,11
23317.0,22
23339.0,4
23341.0,18
23359.0,13
23372.0,11
23426.0,9
23434.0,7
23443.0,41
23482.0,7
23491.0,28
23519.0,3
23527.0,27
23556.0,10
23567.0,6
23590.0,15
23606.0,5
23644.0,13
23658.0,3
23662.0,15
23676.0,4
23679.0,13
23695.0,23
23717.0,10
23727.0,15
23759.0,3
23763.0,3
23765.0,22
23787.0,3
23793.0,9
23807.0,2
23809.0,4
23813.0,5
23818.0,18
23836.0,16
23852.0,6
23858.0,16
23900.0,7
23909.0,4
23913.0,2
23917.0,5
23922.0,17
23940.0,14
23955.0,13
23966.0,12
23978.0,7
23987.0,13
24012.0,5
24016.0,2
24019.0,10
24051.0,20
24066.0,24
24090.0,17
24107.0,6
24124.0,56
24179.0,21
24201.0,15
24230.0,2
24305.0,61
24365.0,9
24376.0,4
24378.0,9
24392.0,10
24400.0,41
24441.0,42
24485.0,9
24492.0,7
24499.0,9
24508.0,26
24534.0,4
24541.0,5
24544.0,8
24552.0,3
24555.0,8
24570.0,14
24592.0,25
24625.0,6
24631.0,2
24633.0,21
24654.0,6
24660.0,19
24681.0,22
24701.0,19
24720.0,12
24732.0,11
24743.0,4
24752.0,6
24759.0,12
24770.0,3
24783.0,23
24806.0,20
24824.0,2
24827.0,38
24864.0,27
24891.0,3
24894.0,43
24938.0,6
24944.0,7
24950.0,11
24961.0,5
24968.0,3
24979.0,7
24988.0,7
24995.0,16
25011.0,3
25016.0,12
25029.0,8
25061.0,8
25070.0,5
25075.0,12
25086.0,8
25095.0,8
25109.0,7
25116.0,2
25119.0,63
25181.0,66
25247.0,17
25264.0,57
25321.0,35
25358.0,56
25412.0,13
25436.0,11
25460.0,32
25493.0,15
25507.0,5
25512.0,90
25602.0,56
25658.0,61
25732.0,49
25781.0,69
25850.0,73
25923.0,2
25925.0,3
25928.0,36
25965.0,56
26020.0,73
26095.0,92
26185.0,5
26190.0,62
26252.0,3
26255.0,15
26271.0,12
26283.0,18
26300.0,43
26344.0,41
26384.0,11
26415.0,21
26437.0,18
26454.0,24
26478.0,13
26491.0,15
26509.0,20
26529.0,3
26561.0,3
26564.0,18
26652.0,32
26696.0,8
26704.0,20
26724.0,33
26757.0,17
26774.0,2
26777.0,5
26781.0,12
26793.0,44
26838.0,9
26846.0,68
26915.0,58
26972.0,12
26984.0,9
26993.0,8
27001.0,83
27085.0,9
27093.0,22
27115.0,45
27160.0,18
27178.0,47
27225.0,5
27253.0,34
27287.0,33
27321.0,43
27363.0,44
27408.0,6
27413.0,22
27437.0,34
27469.0,19
27488.0,61
27549.0,9
27558.0,17
27577.0,2
27579.0,13
27592.0,24
27616.0,87
27703.0,12
27715.0,2
27717.0,15
27732.0,6
27738.0,36
27775.0,28
27803.0,35
27837.0,2
27847.0,5
27851.0,4
27855.0,11
27866.0,10
27889.0,3
27892.0,24
28006.0,10
28016.0,7
28024.0,21
28044.0,23
28067.0,23
28090.0,40
28130.0,16
28146.0,19
28165.0,57
28222.0,4
28234.0,24
28259.0,39
28297.0,5
28302.0,18
28346.0,26
28371.0,21
28392.0,2
28394.0,30
28424.0,32
28458.0,5
28486.0,66
28551.0,5
28556.0,24
28580.0,14
28594.0,9
28603.0,8
28611.0,17
28628.0,4
28634.0,40
28672.0,7
28680.0,34
28714.0,5
28721.0,12
28730.0,6
28736.0,12
28748.0,14
28762.0,14
28814.0,23
28839.0,4
28854.0,44
28898.0,29
28943.0,22
28992.0,13
29006.0,49
29054.0,26
29080.0,36
29116.0,16
29132.0,24
29158.0,44
29202.0,46
29248.0,3
29277.0,16
29298.0,36
29331.0,8
29339.0,9
29348.0,20
29368.0,23
29391.0,16
29415.0,21
29436.0,11
29447.0,6
29454.0,5
29458.0,3
29461.0,17
29478.0,6
29484.0,59
29543.0,6
29549.0,9
29560.0,9
29567.0,58
29625.0,2
29627.0,9
29637.0,29
29665.0,17
29683.0,6
29688.0,4
29692.0,4
29697.0,45
29750.0,19
29768.0,28
29796.0,7
29803.0,7
29810.0,13
29823.0,3
29826.0,5
29845.0,4
29848.0,20
29868.0,60
29930.0,14
29944.0,14
29960.0,2
29991.0,26
30017.0,2
30019.0,2
30021.0,3
30026.0,19
30045.0,3
30048.0,4
30095.0,13
30107.0,13
30122.0,8
30129.0,3
30132.0,15
30149.0,18
30165.0,15
30182.0,17
30199.0,4
30203.0,19
30223.0,23
30245.0,23
30268.0,46
30314.0,2
30330.0,10
30340.0,9
30352.0,5
30354.0,12
30371.0,25
30396.0,12
30408.0,15
30423.0,3
30427.0,14
30471.0,33
30505.0,4
30509.0,5
30513.0,8
30522.0,19
30547.0,31
30577.0,3
30580.0,16
30596.0,56
30652.0,9
30661.0,8
30669.0,6
30676.0,30
30705.0,9
30764.0,5
30770.0,5
30792.0,23
30815.0,11
30826.0,25
30851.0,7
30872.0,15
30885.0,11
30906.0,2
30909.0,9
30917.0,3
30941.0,18
30960.0,5
30964.0,27
30993.0,12
31003.0,15
31018.0,14
31061.0,26
31087.0,24
31112.0,6
31117.0,17
31134.0,22
31156.0,11
31167.0,45
31212.0,23
31235.0,5
31240.0,6
31287.0,55
31342.0,7
31350.0,18
31367.0,7
31374.0,5
31380.0,8
31388.0,3
31390.0,21
31411.0,4
31415.0,7
31423.0,20
31443.0,7
31453.0,7
31457.0,6
31463.0,38
31501.0,12
31512.0,31
31543.0,21
31565.0,25
31589.0,5
31594.0,9
31603.0,8
31612.0,16
31627.0,7
31639.0,12
31651.0,7
31658.0,6
31664.0,12
31676.0,13
31694.0,11
31703.0,3
31706.0,9
31717.0,6
31721.0,16
31738.0,8
31746.0,10
31755.0,6
31761.0,10
31788.0,7
31793.0,32
31825.0,5
31830.0,2
31833.0,5
31838.0,22
31859.0,4
31863.0,19
31882.0,4
31924.0,46
31970.0,29
32000.0,9
32008.0,30
32038.0,11
32049.0,6
32055.0,8
32063.0,5
32069.0,34
32104.0,24
32126.0,23
32163.0,14
32177.0,2
32179.0,31
32211.0,58
32313.0,36
32371.0,5
32376.0,3
32380.0,10
32389.0,2
32392.0,4
32398.0,14
32411.0,8
32419.0,29
32448.0,75
32537.0,5
32544.0,18
32560.0,10
32570.0,7
32577.0,21
32598.0,3
32601.0,10
32622.0,19
32642.0,24
32709.0,3
32714.0,25
32737.0,4
32741.0,36
32777.0,13
32790.0,3
32793.0,18
32812.0,10
32823.0,19
32841.0,15
32856.0,7
32864.0,4
32881.0,11
32889.0,4
32895.0,56
32949.0,2
32962.0,2
32964.0,6
32970.0,28
32998.0,7
33005.0,33
33053.0,9
33061.0,60
33121.0,20
33141.0,8
33150.0,26
33175.0,14
33191.0,13
33206.0,13
33218.0,4
33221.0,17
33238.0,2
33260.0,8
33267.0,8
33275.0,8
33292.0,4
33298.0,17
33314.0,20
33333.0,2
33335.0,20
33357.0,8
33364.0,6
33371.0,13
33382.0,4
33389.0,9
33399.0,12
33410.0,13
33423.0,8
33434.0,5
33436.0,6
33485.0,15
33500.0,5
33515.0,5
33520.0,2
33523.0,20
33543.0,17
33560.0,40
33599.0,10
33609.0,7
33617.0,11
33676.0,8
33698.0,3
33707.0,2
33732.0,3
33750.0,6
33775.0,9
33779.0,9
33792.0,5
33811.0,3
33813.0,4
33823.0,5
33842.0,2
33852.0,5
33875.0,4
33881.0,6
33891.0,3
33900.0,5
33903.0,2
33914.0,12
33948.0,10
33965.0,5
33976.0,4
33981.0,5
33991.0,9
34013.0,4
34023.0,3
34035.0,7
34053.0,15
34068.0,5
34093.0,5
34112.0,3
34160.0,5
34163.0,5
34173.0,6
34180.0,2
34184.0,7
34190.0,3
34192.0,3
34206.0,4
34220.0,4
34231.0,5
34235.0,9
34251.0,5
34265.0,3
34276.0,3
34286.0,10
34294.0,5
34317.0,7
34323.0,3
34328.0,4
34347.0,6
34354.0,6
34375.0,5
34399.0,5
34419.0,4
34435.0,5
34462.0,7
34476.0,5
34482.0,6
34488.0,7
34522.0,6
34529.0,6
34556.0,4
34592.0,2
34596.0,4
34601.0,4
34612.0,4
34624.0,5
34630.0,5
34659.0,3
34668.0,5
34717.0,2
34728.0,6
34747.0,4
34801.0,5
34807.0,2
34809.0,7
34827.0,6
34844.0,3
34863.0,2
34880.0,5
34891.0,4
34912.0,2
34953.0,6
34958.0,3
34976.0,4
34986.0,8
35002.0,3
35029.0,3
35045.0,2
35053.0,4
35105.0,2
35124.0,2
35127.0,4
35158.0,3
35162.0,3
35176.0,4
35198.0,3
35211.0,6
35234.0,2
35265.0,2
35267.0,2
35269.0,2
35283.0,11
35306.0,4
35330.0,4
35334.0,2
35378.0,3
35394.0,3
35415.0,5
35454.0,6
35466.0,4
35493.0,5
35499.0,2
35578.0,4
35582.0,5
35589.0,6
35597.0,3
35619.0,3
35621.0,3
35624.0,4
35642.0,3
35650.0,2
35652.0,4
35667.0,3
35679.0,2
35697.0,5
35746.0,2
35782.0,5
35788.0,3
35795.0,5
35798.0,7
35839.0,6
35860.0,4
35887.0,3
35927.0,4
35931.0,8
35950.0,2
35957.0,3
35975.0,5
35986.0,2
36007.0,2
36054.0,3
36082.0,3
36123.0,2
36134.0,2
36147.0,4
36175.0,5
36207.0,3
36287.0,5
36296.0,8
36360.0,6
36369.0,2
36373.0,5
36393.0,4
36440.0,3
36466.0,7
36505.0,2
36542.0,4
36568.0,4
36615.0,4
36631.0,6
36635.0,5
36659.0,4
36669.0,2
36677.0,2
36679.0,2
36703.0,4
36713.0,2
36732.0,4
36772.0,5
36842.0,2
36844.0,4
36856.0,6
36920.0,3
36928.0,4
36945.0,5
37004.0,3
37039.0,8
37114.0,2
37131.0,5
37197.0,6
37202.0,5
37207.0,2
37249.0,5
37256.0,2
37268.0,6
37282.0,4
37304.0,2
37339.0,2
37342.0,5
37353.0,3
37393.0,4
37413.0,2
37416.0,4
37434.0,3
37437.0,2
37477.0,3
37491.0,3
37511.0,4
37529.0,5
37560.0,2
37587.0,4
37608.0,8
37627.0,4
37695.0,4
37701.0,2
37742.0,5
37749.0,8
37771.0,7
37791.0,4
37797.0,5
37800.0,3
37853.0,8
37879.0,3
37897.0,2
37900.0,4
37982.0,5
37993.0,3
38002.0,2
38016.0,3
38019.0,3
38067.0,4
38071.0,6
38088.0,3
38112.0,4
38158.0,4
38169.0,4
38172.0,4
38262.0,2
38267.0,7
38279.0,4
38296.0,2
38313.0,5
38329.0,2
38345.0,5
38349.0,4
38419.0,4
38423.0,3
38431.0,2
38436.0,3
38472.0,3
38489.0,7
38507.0,3
38563.0,4
38594.0,5
38599.0,3
38655.0,2
38677.0,2
38679.0,4
38697.0,6
38722.0,9
38771.0,6
38775.0,4
38787.0,5
38792.0,3
38808.0,11
38819.0,2
38877.0,2
38906.0,3
38965.0,2
38972.0,3
38978.0,3
39023.0,3
39030.0,3
39037.0,3
39049.0,9
39071.0,2
39092.0,5
39125.0,3
39187.0,6
39197.0,3
39209.0,8
39216.0,5
39231.0,3
39252.0,9
39275.0,2
39297.0,4
39304.0,3
39341.0,3
39356.0,3
39379.0,8
39399.0,3
39410.0,5
39415.0,2
39438.0,2
39473.0,3
39510.0,7
39526.0,2
39528.0,4
39608.0,3
39631.0,3
39655.0,3
39717.0,8
39773.0,6
39840.0,2
39846.0,3
39879.0,7
39899.0,3
39933.0,2
39954.0,4
39978.0,11
39997.0,2
40027.0,3
40030.0,4
40039.0,3
40058.0,2
40064.0,4
40076.0,5
40109.0,2
40126.0,4
40130.0,3
40183.0,2
40185.0,5
40204.0,4
40219.0,5
40236.0,3
40246.0,2
40255.0,4
40285.0,3
40287.0,4
40333.0,2
40335.0,4
40352.0,5
40362.0,9
40388.0,6
40462.0,2
40483.0,2
40501.0,4
40506.0,2
40513.0,7
40544.0,5
40602.0,4
40634.0,3
40641.0,4
40661.0,4
40708.0,2
40775.0,4
40783.0,5
40817.0,4
40825.0,4
40860.0,4
40913.0,3
40932.0,6
40976.0,3
40984.0,3
40986.0,2
40989.0,9
41033.0,7
41044.0,5
41085.0,2
41101.0,3
41118.0,6
41124.0,6
41137.0,5
41184.0,3
41236.0,4
41251.0,5
41291.0,2
41313.0,2
41325.0,5
41344.0,7
41358.0,2
41362.0,2
41378.0,5
41393.0,4
41399.0,2
41403.0,3
41423.0,8
41427.0,2
41433.0,5
41439.0,6
41457.0,7
41462.0,4
41511.0,4
41518.0,6
41553.0,4
41565.0,5
41570.0,7
41626.0,6
41633.0,11
41646.0,6
41674.0,3
41691.0,5
41711.0,6
41748.0,5
41753.0,2
41755.0,2
41787.0,3
41795.0,3
41810.0,7
41848.0,3
41853.0,6
41866.0,5
41878.0,2
41895.0,4
41915.0,3
41930.0,3
42050.0,4
42067.0,6
42075.0,3
42164.0,2
42183.0,2
42186.0,8
42203.0,3
42226.0,3
42233.0,4
42253.0,5
42300.0,8
42304.0,5
42355.0,11
42367.0,4
42372.0,8
42382.0,8
42394.0,6
42397.0,5
42405.0,7
42412.0,11
42422.0,4
42426.0,3
42429.0,2
42434.0,5
42445.0,2
42447.0,2
42455.0,10
42483.0,3
42498.0,8
42506.0,5
42524.0,5
42528.0,3
42545.0,4
42549.0,2
42564.0,4
42569.0,6
42576.0,5
42589.0,4
42593.0,2
42601.0,4
42607.0,12
42629.0,4
42639.0,5
42644.0,3
42657.0,6
42672.0,3
42676.0,4
42679.0,4
42694.0,5
42700.0,5
42705.0,3
42718.0,4
42733.0,3
42738.0,4
42757.0,6
42769.0,4
42779.0,2
42807.0,4
42831.0,5
42843.0,5
42858.0,6
42867.0,6
42873.0,3
42878.0,4
42882.0,2
42895.0,3
42907.0,5
42911.0,2
42914.0,8
42923.0,3
42932.0,6
42959.0,2
42973.0,4
42977.0,5
42982.0,4
42988.0,9
43001.0,7
43014.0,5
43028.0,4
43042.0,4
43117.0,3
43126.0,4
43139.0,3
43171.0,2
43212.0,4
43225.0,6
43240.0,5
43262.0,2
43302.0,10
43328.0,3
43337.0,3
43352.0,4
43399.0,2
43422.0,3
43425.0,4
43429.0,2
43434.0,7
43446.0,3
43448.0,5
43453.0,4
43468.0,6
43500.0,4
43509.0,5
43517.0,5
43547.0,2
43553.0,3
43573.0,9
43594.0,5
43599.0,5
43620.0,3
43624.0,3
43651.0,5
43658.0,2
43664.0,5
43695.0,6
43699.0,4
43712.0,12
43729.0,7
43746.0,6
43751.0,3
43768.0,3
43775.0,3
43786.0,5
43793.0,4
43798.0,3
43834.0,2
43851.0,10
43917.0,5
43939.0,9
43954.0,4
43957.0,2
43961.0,6
43994.0,6
44047.0,4
44051.0,2
44053.0,4
44077.0,2
44086.0,3
44089.0,5
44128.0,4
44137.0,2
44148.0,3
44150.0,2
44199.0,3
44202.0,3
44226.0,2
44242.0,4
44251.0,2
44267.0,3
44304.0,4
44323.0,5
44384.0,5
44399.0,7
44423.0,15
44437.0,3
44448.0,3
44455.0,5
44473.0,2
44478.0,5
44498.0,2
44508.0,2
44514.0,4
44534.0,7
44592.0,3
44603.0,3
44627.0,3
44639.0,2
44647.0,2
44652.0,4
44657.0,4
44672.0,8
44683.0,3
44724.0,3
44735.0,7
44759.0,3
44765.0,2
44768.0,3
44791.0,4
44798.0,3
44811.0,4
44833.0,3
44845.0,5
44903.0,7
44930.0,2
44967.0,6
44977.0,7
44999.0,3
45046.0,8
45071.0,4
45123.0,5
45144.0,8
45170.0,3
45174.0,2
45189.0,2
45191.0,9
45207.0,5
45222.0,5
45231.0,2
45241.0,4
45265.0,2
45273.0,2
45299.0,3
45337.0,2
45346.0,5
45351.0,2
45389.0,3
45395.0,7
45399.0,3
45402.0,4
45412.0,3
45457.0,3
45502.0,4
45525.0,3
45552.0,5
45568.0,4
45595.0,3
45646.0,2
45651.0,3
45677.0,4
45680.0,3
45692.0,2
45703.0,3
45706.0,2
45712.0,3
45727.0,8
45732.0,3
45753.0,4
45781.0,6
45788.0,5
45805.0,5
45810.0,3
45880.0,7
45901.0,4
45912.0,4
45925.0,3
45968.0,7
46010.0,2
46070.0,5
46098.0,5
46103.0,3
46118.0,4
46124.0,2
46128.0,5
46138.0,4
46147.0,6
46178.0,6
46185.0,3
46200.0,3
46224.0,4
46246.0,5
46263.0,2
46277.0,3
46294.0,2
46408.0,2
46410.0,4
46432.0,5
46437.0,4
46474.0,2
46537.0,7
46543.0,4
46603.0,2
46612.0,4
46616.0,4
46637.0,7
46653.0,2
46675.0,2
46688.0,4
46698.0,3
46701.0,2
46754.0,2
46756.0,5
46769.0,5
46827.0,5
46835.0,4
46898.0,5
46904.0,5
46910.0,9
46921.0,8
47018.0,3
47041.0,4
47050.0,8
47084.0,4
47117.0,3
47157.0,3
47163.0,5
47165.0,10
47177.0,2
47225.0,4
47249.0,7
47258.0,3
47317.0,5
47331.0,5
47336.0,3
47343.0,11
47355.0,4
47369.0,3
47453.0,3
47474.0,5
47561.0,6
47579.0,4
47586.0,8
47691.0,7
47719.0,3
47728.0,3
47815.0,3
47818.0,4
47855.0,5
47868.0,6
47891.0,2
47895.0,6
47904.0,3
47910.0,6
47915.0,6
47921.0,7
47932.0,3
47934.0,2
47936.0,5
47958.0,8
47968.0,4
48002.0,4
48006.0,5
48020.0,3
48063.0,4
48135.0,2
48182.0,2
48215.0,4
48228.0,3
48271.0,3
48459.0,5
48469.0,2
48565.0,2
48571.0,2
48645.0,3
48704.0,6
48863.0,3
48878.0,5
48908.0,3
48936.0,6
48946.0,6
48952.0,3
48955.0,3
49011.0,2
49055.0,4
49074.0,3
49088.0,4
49092.0,3
49113.0,2
49121.0,3
49130.0,5
49143.0,2
49203.0,9
49223.0,3
49252.0,7
49260.0,5
49265.0,3
49288.0,2
49290.0,3
49294.0,7
49323.0,5
49328.0,3
49342.0,2
49381.0,2
49386.0,5
49391.0,2
49393.0,2
49405.0,6
49424.0,8
49512.0,2
49514.0,3
49518.0,5
49525.0,5
49582.0,3
49676.0,5
49683.0,2
49691.0,4
49696.0,9
49705.0,5
49709.0,7
49716.0,13
49730.0,5
49734.0,6
49759.0,2
49772.0,3
49816.0,6
49836.0,5
49860.0,3
49868.0,3
49891.0,7
49901.0,13
49953.0,8
49959.0,10
49985.0,5
50057.0,3
50072.0,11
50079.0,3
50152.0,2
50239.0,13
50247.0,2
50272.0,5
50394.0,4
50424.0,2
50435.0,3
50465.0,5
50503.0,3
50517.0,4
50586.0,3
50595.0,7
50660.0,5
50664.0,5
50670.0,7
50757.0,5
50764.0,3
50859.0,3
51072.0,7
51092.0,2
51103.0,8
51121.0,9
51138.0,2
51142.0,6
51175.0,5
51184.0,4
51206.0,3
51209.0,5
51221.0,3
51253.0,5
51282.0,5
51350.0,4
51375.0,3
51377.0,4
51415.0,5
51431.0,5
51437.0,8
51459.0,8
51479.0,4
51543.0,6
51548.0,4
51749.0,3
51754.0,3
51766.0,5
51782.0,5
51820.0,2
51855.0,8
51924.0,4
51929.0,4
51933.0,4
51943.0,2
51957.0,2
52030.0,5
52046.0,3
52060.0,4
52250.0,3
52272.0,3
52275.0,8
52391.0,5
52396.0,4
52622.0,14
52637.0,3
52654.0,5
52717.0,6
52731.0,2
52782.0,3
52838.0,7
52932.0,4
52935.0,2
52969.0,5
53032.0,3
53048.0,15
53078.0,2
53091.0,2
53121.0,5
53132.0,3
53176.0,5
53183.0,3
53204.0,4
53215.0,3
53220.0,12
53235.0,2
53249.0,5
53305.0,5
53313.0,5
53421.0,5
53455.0,5
53496.0,2
53531.0,4
53548.0,4
53577.0,5
53587.0,3
53635.0,8
53661.0,2
53683.0,2
53691.0,3
53701.0,6
53750.0,6
53755.0,6
53776.0,4
53820.0,8
53872.0,2
53912.0,7
53921.0,3
53932.0,4
53941.0,8
53985.0,5
54056.0,3
54094.0,2
54096.0,3
54179.0,3
54181.0,4
54210.0,3
54222.0,4
54292.0,3
54343.0,4
54371.0,6
54486.0,3
54569.0,3
54620.0,3
54643.0,3
54676.0,5
54743.0,2
54754.0,6
54808.0,5
54830.0,6
54876.0,3
54983.0,4
54987.0,3
55082.0,2
55084.0,2
55115.0,4
55135.0,5
55177.0,4
55217.0,6
55283.0,3
55308.0,3
55374.0,7
55411.0,3
55431.0,2
55436.0,7
55485.0,4
55490.0,2
55504.0,7
55523.0,4
55625.0,2
55657.0,6
55679.0,7
55696.0,2
55724.0,5
55827.0,3
55849.0,3
55877.0,4
55925.0,2
55929.0,2
56024.0,3
56213.0,3
56218.0,5
56244.0,3
56272.0,3
56278.0,5
56297.0,3
56339.0,3
56381.0,2
56406.0,3
56411.0,2
56449.0,3
56518.0,5
56539.0,4
56558.0,4
56627.0,2
56639.0,5
56644.0,5
56661.0,3
56691.0,4
56765.0,5
56774.0,2
56843.0,7
56861.0,3
56909.0,2
56933.0,5
56976.0,5
56994.0,7
57033.0,11
57059.0,4
57064.0,4
57170.0,6
57202.0,6
57221.0,4
57225.0,7
57253.0,5
57305.0,7
57313.0,2
57328.0,2
57335.0,4
57342.0,5
57354.0,3
57358.0,5
57379.0,2
57387.0,4
57417.0,6
57455.0,2
57619.0,2
57660.0,4
57715.0,2
57758.0,5
57802.0,2
57880.0,3
57883.0,4
57894.0,3
57899.0,3
57921.0,3
57935.0,12
57947.0,12
58018.0,5
58044.0,7
58050.0,7
58064.0,11
58130.0,4
58135.0,26
58160.0,3
58185.0,3
58200.0,7
58208.0,12
58245.0,5
58252.0,4
58255.0,4
58259.0,18
58280.0,7
58303.0,10
58353.0,5
58356.0,14
58371.0,6
58382.0,8
58404.0,13
58412.0,4
58421.0,2
58426.0,3
58444.0,2
58457.0,2
58471.0,16
58525.0,2
58528.0,14
58549.0,2
58612.0,5
58632.0,11
58642.0,4
58646.0,3
58649.0,3
58660.0,11
58694.0,8
58702.0,7
58707.0,9
58735.0,4
58748.0,13
58764.0,4
58768.0,6
58848.0,11
58858.0,2
58860.0,6
58872.0,9
58888.0,7
58896.0,12
58906.0,3
58913.0,2
58921.0,8
58927.0,12
58943.0,7
58955.0,11
58968.0,5
58974.0,10
59011.0,12
59024.0,5
59031.0,10
59041.0,8
59049.0,5
59074.0,2
59086.0,2
59126.0,2
59144.0,6
59181.0,2
59202.0,8
59249.0,3
59266.0,11
59277.0,6
59284.0,4
59295.0,4
59305.0,7
59329.0,4
59336.0,5
59342.0,6
59348.0,4
59362.0,5
59386.0,4
59389.0,8
59397.0,7
59404.0,7
59416.0,3
59418.0,4
59441.0,3
59466.0,2
59470.0,12
59494.0,3
59503.0,4
59534.0,10
59545.0,11
59558.0,8
59564.0,7
59573.0,7
59584.0,4
59588.0,5
59602.0,6
59620.0,11
59648.0,5
59670.0,10
59688.0,20
59710.0,5
59785.0,3
59815.0,7
59822.0,5
59842.0,3
59844.0,12
59860.0,3
59863.0,28
59891.0,6
59904.0,9
59918.0,2
59920.0,2
59922.0,3
59925.0,4
59935.0,2
59944.0,10
59950.0,3
59966.0,6
59980.0,6
60001.0,5
60022.0,8
60044.0,6
60064.0,10
60073.0,3
60092.0,4
60098.0,4
60103.0,6
60108.0,5
60123.0,2
60137.0,5
60161.0,4
60176.0,2
60184.0,12
60197.0,4
60209.0,26
60227.0,6
60257.0,3
60297.0,8
60328.0,11
60364.0,8
60367.0,3
60375.0,4
60402.0,3
60404.0,13
60427.0,37
60458.0,2
60461.0,111
60627.0,9
60696.0,10
60724.0,7
60731.0,2
60737.0,5
60747.0,9
60754.0,15
60766.0,13
60781.0,17
60797.0,4
60925.0,5
60929.0,17
60947.0,4
60952.0,17
60968.0,14
60981.0,7
60989.0,7
60996.0,5
61014.0,6
61019.0,19
61039.0,14
61053.0,12
61068.0,25
61089.0,5
61094.0,12
61108.0,4
61110.0,4
61115.0,5
61120.0,14
61135.0,5
61173.0,9
61183.0,18
61202.0,2
61205.0,10
61214.0,2
61216.0,7
61226.0,15
61260.0,9
61272.0,6
61310.0,10
61322.0,4
61324.0,3
61327.0,13
61343.0,11
61351.0,3
61360.0,7
61371.0,15
61389.0,6
61401.0,9
61409.0,11
61432.0,13
61442.0,3
61446.0,2
61448.0,12
61460.0,4
61469.0,10
61489.0,4
61492.0,2
61500.0,4
61504.0,4
61520.0,15
61535.0,5
61540.0,10
61550.0,3
61564.0,2
61566.0,4
61582.0,14
61596.0,8
61604.0,5
61610.0,4
61615.0,11
61633.0,14
61648.0,7
61654.0,3
61666.0,5
61671.0,4
61677.0,11
61687.0,27
61720.0,4
61722.0,4
61728.0,8
61740.0,10
61751.0,6
61770.0,6
61775.0,21
61833.0,4
61845.0,5
61850.0,5
61855.0,4
61860.0,5
61864.0,15
61898.0,3
61901.0,3
61906.0,12
61918.0,7
61929.0,18
61952.0,6
61956.0,11
61969.0,8
61979.0,6
62001.0,3
62003.0,3
62006.0,15
62023.0,5
62027.0,11
62059.0,13
62073.0,8
62085.0,3
62107.0,8
62128.0,4
62134.0,8
62157.0,5
62160.0,5
62165.0,5
62173.0,8
62178.0,5
62183.0,6
62199.0,4
62205.0,5
62209.0,12
62223.0,4
62230.0,10
62243.0,3
62246.0,5
62310.0,2
62314.0,5
62323.0,7
62330.0,2
62350.0,5
62355.0,7
62372.0,3
62387.0,7
62391.0,7
62400.0,4
62406.0,4
62409.0,4
62423.0,10
62481.0,8
62489.0,7
62494.0,2
62513.0,2
62544.0,9
62558.0,3
62563.0,17
62583.0,4
62593.0,7
62600.0,8
62608.0,7
62616.0,7
62622.0,8
62636.0,4
62640.0,6
62647.0,11
62666.0,5
62670.0,6
62676.0,21
62717.0,4
62721.0,3
62725.0,3
62729.0,8
62756.0,6
62778.0,6
62783.0,6
62789.0,14
62804.0,7
62810.0,3
62824.0,16
62841.0,6
62856.0,2
62862.0,5
62870.0,4
62884.0,11
62896.0,4
62898.0,2
62901.0,4
62904.0,2
62906.0,4
62926.0,5
62930.0,3
62954.0,13
62965.0,6
62971.0,2
62996.0,4
63001.0,3
63018.0,9
63027.0,9
63042.0,10
63051.0,4
63054.0,2
63065.0,7
63072.0,9
63083.0,3
63085.0,3
63090.0,9
63106.0,3
63128.0,3
63135.0,5
63145.0,3
63162.0,4
63166.0,3
63169.0,13
63183.0,3
63190.0,5
63195.0,6
63202.0,9
63211.0,2
63231.0,15
63242.0,5
63252.0,8
63260.0,3
63282.0,3
63301.0,10
63321.0,5
63326.0,6
63334.0,8
63349.0,2
63351.0,8
63359.0,5
63369.0,7
63376.0,23
63402.0,11
63413.0,6
63421.0,6
63436.0,9
63442.0,8
63453.0,12
63462.0,13
63487.0,4
63495.0,5
63504.0,6
63507.0,9
63534.0,6
63549.0,8
63565.0,7
63572.0,8
63581.0,6
63598.0,12
63608.0,11
63621.0,12
63629.0,12
63643.0,6
63649.0,3
63652.0,3
63657.0,2
63661.0,5
63681.0,4
63685.0,2
63691.0,6
63693.0,16
63714.0,7
63732.0,3
63737.0,12
63747.0,5
63753.0,5
63760.0,2
63773.0,5
63776.0,3
63779.0,4
63783.0,3
63794.0,5
63803.0,13
63816.0,11
63828.0,4
63840.0,5
63851.0,3
63882.0,6
63891.0,2
63895.0,5
63899.0,14
63933.0,17
63958.0,4
63970.0,3
63974.0,6
63982.0,3
63985.0,2
64002.0,6
64014.0,9
64023.0,4
64030.0,4
64035.0,5
64063.0,3
64066.0,6
64078.0,3
64082.0,9
64091.0,10
64100.0,3
64103.0,2
64105.0,2
64108.0,3
64115.0,4
64119.0,2
64122.0,14
64135.0,2
64140.0,5
64143.0,4
64173.0,4
64202.0,10
64216.0,3
64219.0,19
64243.0,8
64253.0,5
64278.0,4
64283.0,3
64285.0,10
64298.0,7
64309.0,5
64351.0,18
64366.0,4
64373.0,5
64378.0,7
64385.0,21
64406.0,13
64426.0,4
64430.0,4
64434.0,2
64439.0,4
64443.0,9
64454.0,8
64465.0,5
64469.0,2
64478.0,5
64480.0,5
64485.0,3
64509.0,2
64513.0,4
64516.0,12
64538.0,2
64540.0,6
64549.0,4
64552.0,7
64563.0,5
64585.0,4
64589.0,2
64591.0,5
64599.0,3
64601.0,5
64606.0,2
64630.0,7
64637.0,2
64663.0,2
64665.0,9
64675.0,5
64682.0,7
64686.0,3
64689.0,5
64708.0,2
64714.0,10
64728.0,4
64737.0,8
64745.0,9
64755.0,6
64759.0,3
64772.0,2
64777.0,13
64789.0,11
64804.0,3
64807.0,3
64815.0,4
64822.0,8
64830.0,4
64835.0,5
64840.0,9
64848.0,3
64852.0,10
64861.0,3
64864.0,8
64883.0,2
64896.0,17
64914.0,7
64919.0,3
64924.0,7
64929.0,3
64937.0,13
64950.0,5
64954.0,15
64969.0,9
64988.0,7
64998.0,10
65020.0,5
65022.0,7
65030.0,4
65041.0,2
65054.0,7
65077.0,7
65084.0,4
65091.0,3
65099.0,4
65103.0,5
65108.0,3
65111.0,4
65120.0,3
65127.0,7
65149.0,2
65158.0,2
65188.0,6
65204.0,5
65210.0,6
65215.0,2
65217.0,3
65221.0,4
65228.0,2
65230.0,7
65237.0,3
65240.0,4
65250.0,7
65270.0,8
65278.0,3
65281.0,2
65283.0,5
65289.0,4
65292.0,3
65309.0,7
65316.0,3
65336.0,7
65348.0,11
65360.0,3
65370.0,4
65376.0,10
65403.0,11
65420.0,8
65438.0,8
65447.0,9
65457.0,3
65463.0,6
65493.0,5
65498.0,2
65538.0,7
65568.0,2
65570.0,2
65591.0,5
65600.0,11
65611.0,4
65616.0,5
65642.0,3
65645.0,3
65652.0,3
65655.0,8
65670.0,5
65715.0,3
65739.0,2
65745.0,10
65767.0,9
65774.0,5
65779.0,2
65781.0,5
65803.0,2
65812.0,9
65829.0,13
65843.0,7
65851.0,7
65858.0,3
65865.0,8
65874.0,4
65881.0,8
65896.0,2
65898.0,3
65904.0,4
65913.0,5
65918.0,5
65922.0,2
65927.0,2
65930.0,4
65935.0,6
65958.0,4
65987.0,5
65992.0,2
66004.0,4
66008.0,3
66067.0,4
66075.0,8
66086.0,7
66092.0,5
66095.0,3
66098.0,3
66101.0,3
66123.0,5
66134.0,3
66137.0,5
66143.0,9
66163.0,4
66174.0,4
66178.0,9
66187.0,4
66206.0,3
66224.0,2
66234.0,6
66247.0,6
66268.0,17
66295.0,4
66307.0,4
66320.0,12
66329.0,5
66340.0,4
66342.0,2
66344.0,10
66354.0,4
66358.0,6
66366.0,6
66372.0,3
66376.0,4
66387.0,3
66396.0,3
66400.0,2
66409.0,7
66418.0,9
66425.0,2
66463.0,5
66479.0,3
66496.0,3
66498.0,4
66546.0,3
66550.0,5
66554.0,11
66588.0,5
66602.0,5
66607.0,2
66621.0,8
66642.0,2
66653.0,7
66675.0,5
66678.0,2
66688.0,4
66695.0,5
66729.0,3
66753.0,3
66755.0,6
66762.0,8
66771.0,6
66777.0,5
66794.0,5
66817.0,4
66821.0,3
66860.0,7
66862.0,2
66865.0,6
66875.0,3
66881.0,5
66890.0,6
66912.0,3
66917.0,6
66926.0,5
66929.0,2
66931.0,3
66979.0,3
66993.0,3
66996.0,4
67001.0,11
67013.0,14
67046.0,17
67061.0,3
67068.0,6
67073.0,5
67078.0,3
67081.0,5
67095.0,12
67100.0,6
67107.0,4
67112.0,11
67133.0,3
67141.0,6
67147.0,4
67168.0,5
67187.0,5
67199.0,10
67209.0,4
67224.0,6
67229.0,3
67232.0,3
67260.0,8
67279.0,6
67300.0,5
67313.0,3
67316.0,7
67339.0,10
67383.0,2
67394.0,13
67418.0,9
67458.0,8
67472.0,5
67477.0,12
67489.0,10
67502.0,6
67552.0,3
67555.0,4
67575.0,3
67581.0,2
67585.0,5
67608.0,19
67632.0,4
67634.0,2
67640.0,10
67659.0,6
67663.0,9
67673.0,3
67737.0,8
67747.0,4
67774.0,6
67788.0,2
67797.0,7
67810.0,4
67814.0,3
67818.0,4
67821.0,10
67837.0,5
67842.0,5
67847.0,13
67860.0,2
67864.0,2
67870.0,8
67877.0,2
67880.0,3
67886.0,3
67892.0,3
67905.0,4
67909.0,3
67915.0,5
67930.0,8
67936.0,5
67951.0,7
67964.0,4
67970.0,7
67979.0,6
67989.0,5
67997.0,8
68003.0,3
68012.0,5
68019.0,6
68024.0,2
68028.0,6
68034.0,11
68046.0,5
68050.0,2
68064.0,3
68078.0,7
68087.0,5
68094.0,8
68098.0,3
68120.0,2
68134.0,2
68143.0,5
68152.0,10
68171.0,5
68178.0,7
68208.0,5
68226.0,2
68231.0,2
68241.0,3
68264.0,2
68266.0,5
68271.0,3
68274.0,2
68276.0,4
68287.0,7
68293.0,6
68307.0,2
68316.0,5
68324.0,5
68331.0,4
68352.0,2
68354.0,5
68359.0,3
68362.0,3
68384.0,3
68398.0,3
68404.0,7
68419.0,2
68424.0,9
68455.0,7
68470.0,8
68480.0,10
68490.0,2
68495.0,5
68507.0,2
68531.0,3
68558.0,7
68565.0,3
68571.0,3
68577.0,3
68580.0,4
68590.0,6
68606.0,5
68612.0,2
68631.0,5
68637.0,7
68644.0,8
68654.0,2
68679.0,11
68689.0,2
68692.0,6
68697.0,4
68705.0,6
68736.0,10
68747.0,7
68772.0,4
68787.0,7
68794.0,6
68801.0,4
68806.0,4
68811.0,16
68853.0,5
68859.0,7
68866.0,8
68878.0,2
68894.0,11
68905.0,3
68914.0,3
68925.0,12
68937.0,2
68939.0,5
68945.0,4
68948.0,2
68961.0,5
68975.0,7
68979.0,7
68986.0,5
69007.0,4
69015.0,5
69031.0,5
69036.0,6
69049.0,10
69061.0,5
69099.0,5
69148.0,4
69160.0,14
69180.0,2
69188.0,2
69225.0,3
69238.0,2
69240.0,11
69260.0,6
69278.0,2
69285.0,2
69295.0,4
69305.0,8
69313.0,2
69315.0,3
69331.0,2
69342.0,4
69347.0,5
69360.0,2
69367.0,11
69375.0,3
69379.0,4
69403.0,3
69409.0,11
69440.0,16
69464.0,12
69477.0,6
69486.0,4
69489.0,4
69505.0,6
69513.0,4
69518.0,8
69530.0,5
69538.0,10
69549.0,3
69552.0,5
69558.0,9
69571.0,4
69577.0,5
69583.0,4
69614.0,3
69622.0,3
69635.0,2
69640.0,4
69645.0,6
69680.0,7
69698.0,2
69704.0,4
69733.0,9
69742.0,9
69755.0,2
69760.0,8
69778.0,8
69790.0,7
69807.0,5
69835.0,5
69849.0,3
69853.0,4
69866.0,4
69882.0,2
69896.0,2
69898.0,3
69904.0,7
69923.0,14
69962.0,4
69967.0,8
69984.0,11
69997.0,9
70007.0,7
70020.0,4
70046.0,4
70052.0,7
70066.0,2
70071.0,2
70075.0,3
70078.0,4
70082.0,2
70084.0,2
70086.0,4
70099.0,8
70110.0,7
70118.0,7
70130.0,11
70160.0,4
70168.0,8
70180.0,3
70196.0,6
70204.0,2
70215.0,5
70229.0,8
70238.0,2
70267.0,6
70276.0,10
70285.0,6
70292.0,8
70299.0,28
70327.0,9
70336.0,40
70376.0,2
70378.0,9
70390.0,7
70395.0,5
70399.0,4
70413.0,3
70427.0,25
70450.0,8
70474.0,5
70479.0,4
70509.0,9
70523.0,27
70553.0,6
70556.0,2
70563.0,5
70570.0,20
70590.0,8
70601.0,29
70631.0,9
70644.0,3
70652.0,17
70669.0,8
70672.0,10
70682.0,9
70707.0,5
70736.0,8
70750.0,14
70759.0,15
70777.0,6
70809.0,128
70940.0,19
70955.0,4
70960.0,8
70975.0,5
70979.0,24
71008.0,8
71021.0,9
71033.0,11
71049.0,14
71086.0,4
71091.0,21
71117.0,7
71136.0,15
71152.0,9
71165.0,12
71177.0,21
71200.0,11
71228.0,17
71251.0,3
71255.0,14
71268.0,7
71275.0,5
71281.0,12
71297.0,16
71316.0,12
71326.0,5
71337.0,12
71363.0,10
71371.0,5
71377.0,13
71392.0,2
71395.0,5
71400.0,3
71403.0,4
71414.0,6
71419.0,8
71433.0,7
71437.0,7
71445.0,12
71458.0,4
71463.0,19
71485.0,9
71493.0,8
71499.0,21
71520.0,4
71526.0,4
71528.0,7
71544.0,9
71558.0,12
71570.0,2
71577.0,5
71592.0,20
71604.0,12
71614.0,4
71645.0,4
71660.0,4
71665.0,9
71675.0,8
71684.0,7
71688.0,4
71694.0,4
71697.0,6
71703.0,15
71717.0,6
71728.0,13
71741.0,15
71762.0,11
71789.0,14
71798.0,8
71827.0,6
71837.0,6
71843.0,14
71874.0,15
71888.0,8
71921.0,31
71931.0,6
71938.0,3
71946.0,6
71959.0,10
71969.0,3
71976.0,7
71983.0,2
71993.0,13
72025.0,21
72027.0,20
72053.0,7
72067.0,16
72081.0,4
72083.0,8
72093.0,9
72101.0,9
72110.0,12
72126.0,9
72135.0,6
72146.0,3
72152.0,10
72160.0,13
72175.0,12
72188.0,4
72193.0,7
72203.0,7
72210.0,4
72218.0,10
72228.0,4
72235.0,6
72242.0,11
72249.0,9
72263.0,7
72276.0,19
72301.0,3
72303.0,2
72306.0,7
72322.0,17
72333.0,4
72337.0,7
72342.0,4
72349.0,6
72359.0,32
72388.0,5
72403.0,7
72408.0,11
72421.0,4
72444.0,6
72458.0,10
72477.0,15
72490.0,7
72497.0,8
72511.0,8
72524.0,14
72551.0,5
72555.0,11
72568.0,5
72586.0,3
72595.0,12
72603.0,5
72606.0,16
72644.0,17
72666.0,21
72708.0,4
72711.0,9
72719.0,17
72736.0,4
72746.0,11
72761.0,13
72775.0,12
72786.0,6
72792.0,7
72799.0,23
72821.0,3
72826.0,6
72830.0,4
72843.0,4
72852.0,7
72857.0,5
72866.0,20
72883.0,9
72913.0,16
72936.0,3
72942.0,7
72953.0,19
72966.0,9
72975.0,5
72982.0,3
72988.0,6
72999.0,6
73007.0,7
73015.0,6
73020.0,2
73023.0,6
73034.0,11
73046.0,5
73051.0,14
73067.0,5
73082.0,5
73089.0,9
73096.0,5
73107.0,7
73140.0,9
73154.0,2
73167.0,9
73186.0,6
73195.0,6
73199.0,3
73212.0,7
73219.0,2
73226.0,8
73237.0,7
73252.0,10
73256.0,3
73258.0,13
73279.0,11
73282.0,2
73300.0,7
73317.0,5
73341.0,10
73352.0,5
73355.0,8
73365.0,8
73378.0,17
73391.0,10
73411.0,28
73428.0,5
73433.0,3
73443.0,10
73453.0,9
73461.0,34
73496.0,4
73501.0,4
73510.0,34
73550.0,15
73569.0,9
73578.0,7
73583.0,14
73607.0,8
73615.0,12
73641.0,12
73652.0,3
73655.0,7
73665.0,6
73671.0,20
73688.0,8
73697.0,3
73701.0,16
73720.0,13
73734.0,5
73739.0,3
73742.0,3
73747.0,4
73762.0,3
73769.0,6
73775.0,16
73797.0,4
73799.0,16
73815.0,34
73865.0,3
73884.0,10
73895.0,21
73917.0,26
73942.0,10
73960.0,7
73982.0,18
74021.0,8
74038.0,4
74041.0,4
74053.0,19
74065.0,7
74079.0,12
74085.0,5
74089.0,5
74100.0,6
74110.0,9
74119.0,10
74129.0,11
74141.0,15
74155.0,12
74184.0,7
74192.0,3
74195.0,4
74217.0,9
74229.0,7
74244.0,3
74249.0,15
74274.0,8
74284.0,6
74289.0,4
74294.0,6
74302.0,7
74314.0,10
74330.0,3
74339.0,4
74342.0,7
74366.0,7
74374.0,4
74377.0,2
74383.0,9
74403.0,14
74413.0,8
74424.0,7
74431.0,6
74440.0,3
74443.0,11
74456.0,7
74464.0,5
74472.0,4
74478.0,20
74504.0,6
74507.0,5
74516.0,7
74560.0,4
74572.0,4
74579.0,9
74587.0,4
74595.0,6
74607.0,13
74624.0,8
74641.0,6
74647.0,3
74676.0,6
74680.0,3
74696.0,6
74703.0,10
74714.0,6
74735.0,3
74761.0,5
74767.0,6
74772.0,5
74775.0,14
74789.0,8
74798.0,9
74811.0,23
74836.0,4
74862.0,6
74870.0,8
74878.0,5
74883.0,5
74890.0,4
74894.0,4
74930.0,10
74943.0,7
74961.0,12
74978.0,11
74984.0,8
74995.0,17
75010.0,5
75013.0,20
75034.0,6
75047.0,6
75052.0,19
75074.0,9
75083.0,10
75096.0,9
75107.0,3
75142.0,5
75146.0,3
75150.0,6
75156.0,8
75168.0,3
75174.0,13
75191.0,12
75205.0,3
75208.0,8
75242.0,14
75256.0,4
75260.0,8
75272.0,7
75279.0,9
75290.0,6
75294.0,6
75306.0,5
75312.0,8
75317.0,6
75346.0,3
75370.0,3
75373.0,3
75375.0,6
75384.0,9
75413.0,5
75417.0,3
75435.0,2
75441.0,6
75457.0,5
75461.0,3
75471.0,8
75479.0,6
75488.0,16
75507.0,3
75517.0,7
75523.0,5
75536.0,5
75541.0,3
75556.0,5
75570.0,6
75577.0,9
75589.0,8
75595.0,2
75597.0,15
75620.0,3
75624.0,3
75628.0,7
75637.0,7
75663.0,9
75676.0,9
75706.0,3
75708.0,6
75719.0,10
75731.0,9
75739.0,4
75748.0,5
75753.0,4
75757.0,3
75760.0,3
75764.0,9
75776.0,7
75789.0,3
75799.0,4
75805.0,6
75818.0,4
75852.0,9
75861.0,6
75870.0,5
75880.0,15
75900.0,7
75909.0,10
75920.0,4
75923.0,3
75929.0,6
75952.0,3
75957.0,8
75966.0,3
75976.0,11
75990.0,5
75993.0,2
75996.0,8
76003.0,6
76018.0,6
76028.0,6
76037.0,4
76043.0,11
76051.0,9
76075.0,4
76079.0,4
76112.0,4
76116.0,2
76118.0,4
76124.0,5
76128.0,4
76159.0,2
76168.0,20
76200.0,11
76215.0,5
76229.0,4
76235.0,4
76237.0,4
76242.0,7
76251.0,5
76261.0,5
76264.0,10
76304.0,10
76312.0,7
76321.0,8
76328.0,5
76335.0,8
76372.0,14
76387.0,12
76405.0,3
76413.0,3
76424.0,5
76427.0,6
76436.0,4
76453.0,8
76462.0,11
76470.0,8
76487.0,6
76492.0,4
76498.0,4
76512.0,5
76534.0,3
76539.0,8
76562.0,5
76566.0,16
76587.0,17
76606.0,3
76610.0,7
76619.0,14
76668.0,2
76670.0,3
76673.0,8
76701.0,10
76706.0,15
76721.0,2
76744.0,5
76757.0,6
76768.0,3
76772.0,8
76784.0,11
76792.0,2
76811.0,3
76817.0,7
76822.0,5
76831.0,5
76834.0,4
76841.0,7
76847.0,2
76849.0,24
76873.0,2
76891.0,6
76897.0,4
76905.0,4
76910.0,5
76916.0,5
76919.0,2
76925.0,2
76929.0,5
76942.0,10
76952.0,3
76956.0,7
76986.0,5
76991.0,7
77017.0,6
77023.0,4
77026.0,4
77032.0,9
77040.0,8
77052.0,4
77057.0,4
77063.0,5
77070.0,7
77076.0,3
77086.0,9
77093.0,7
77116.0,6
77121.0,2
77124.0,6
77132.0,6
77144.0,5
77149.0,2
77151.0,5
77157.0,3
77166.0,6
77175.0,8
77181.0,3
77198.0,3
77222.0,8
77231.0,6
77235.0,9
77244.0,5
77251.0,7
77258.0,8
77267.0,12
77275.0,4
77297.0,2
77299.0,2
77301.0,5
77306.0,2
77321.0,11
77326.0,9
77335.0,2
77357.0,3
77363.0,3
77383.0,8
77421.0,9
77442.0,9
77454.0,10
77468.0,6
77485.0,5
77488.0,2
77492.0,3
77502.0,4
77520.0,8
77527.0,8
77535.0,16
77550.0,3
77554.0,15
77571.0,5
77576.0,2
77594.0,6
77611.0,3
77613.0,4
77617.0,4
77627.0,5
77635.0,7
77641.0,4
77650.0,4
77653.0,2
77655.0,5
77673.0,3
77678.0,3
77695.0,4
77699.0,2
77703.0,4
77711.0,5
77719.0,6
77725.0,7
77743.0,12
77758.0,3
77763.0,2
77802.0,2
77804.0,3
77811.0,12
77819.0,2
77824.0,3
77828.0,3
77839.0,7
77848.0,5
77855.0,6
77871.0,2
77881.0,8
77894.0,13
77904.0,5
77907.0,6
77915.0,15
77932.0,8
77945.0,9
77953.0,6
77964.0,4
77969.0,14
77999.0,5
78003.0,5
78007.0,6
78015.0,10
78025.0,3
78037.0,7
78043.0,8
78055.0,17
78080.0,5
78083.0,10
78096.0,4
78105.0,3
78107.0,19
78126.0,3
78130.0,8
78139.0,6
78145.0,2
78147.0,5
78179.0,9
78195.0,5
78200.0,4
78209.0,5
78212.0,2
78216.0,5
78228.0,2
78239.0,6
78250.0,2
78262.0,4
78274.0,6
78296.0,4
78304.0,5
78309.0,4
78329.0,11
78338.0,5
78353.0,5
78365.0,4
78369.0,9
78384.0,6
78400.0,2
78405.0,3
78410.0,8
78417.0,3
78422.0,5
78432.0,5
78439.0,2
78481.0,7
78496.0,8
78505.0,8
78546.0,3
78571.0,3
78620.0,6
78627.0,4
78645.0,6
78650.0,4
78654.0,3
78661.0,8
78670.0,4
78673.0,6
78686.0,2
78699.0,6
78714.0,3
78717.0,2
78724.0,2
78752.0,6
78760.0,9
78767.0,10
78776.0,3
78794.0,4
78797.0,5
78801.0,2
78812.0,7
78820.0,9
78828.0,12
78848.0,10
78859.0,6
78865.0,14
78883.0,10
78893.0,2
78903.0,6
78919.0,13
78928.0,3
78931.0,11
78943.0,12
78985.0,12
78997.0,6
79001.0,5
79006.0,8
79014.0,9
79026.0,4
79030.0,9
79039.0,4
79044.0,12
79056.0,4
79080.0,2
79113.0,9
79123.0,10
79136.0,3
79144.0,3
79157.0,7
79163.0,5
79190.0,3
79195.0,7
79208.0,10
79231.0,4
79262.0,8
79272.0,9
79282.0,6
79288.0,10
79299.0,6
79309.0,4
79325.0,7
79330.0,7
79339.0,5
79344.0,5
79349.0,3
79353.0,3
79364.0,11
79366.0,2
79384.0,3
79410.0,3
79413.0,3
79430.0,8
79445.0,5
79452.0,3
79463.0,4
79479.0,20
79516.0,13
79532.0,4
79535.0,15
79562.0,6
79567.0,6
79597.0,11
79609.0,6
79617.0,4
79627.0,5
79638.0,5
79646.0,13
79663.0,12
79675.0,8
79685.0,4
79688.0,3
79697.0,6
79710.0,4
79715.0,5
79721.0,4
79725.0,3
79729.0,6
79734.0,5
79746.0,7
79753.0,3
79779.0,3
79781.0,3
79793.0,17
79808.0,2
79814.0,8
79822.0,4
79836.0,8
79844.0,3
79852.0,2
79864.0,5
79869.0,3
79872.0,11
79885.0,5
79888.0,3
79896.0,2
79898.0,4
79902.0,6
79908.0,2
79915.0,7
79917.0,5
79925.0,2
79927.0,4
79931.0,5
79939.0,6
79942.0,3
79945.0,5
79950.0,2
79958.0,6
79979.0,2
79985.0,9
79992.0,4
79996.0,4
80008.0,8
80015.0,2
80028.0,10
80055.0,4
80059.0,2
80063.0,3
80066.0,4
80085.0,2
80087.0,6
80097.0,8
80103.0,3
80106.0,4
80121.0,3
80144.0,5
80147.0,9
80156.0,3
80166.0,4
80170.0,9
80199.0,3
80210.0,3
80218.0,4
80222.0,7
80230.0,7
80248.0,6
80268.0,2
80270.0,5
80277.0,5
80284.0,4
80287.0,4
80306.0,3
80311.0,6
80333.0,6
80341.0,4
80347.0,3
80353.0,7
80364.0,7
80372.0,4
80390.0,12
80422.0,3
80428.0,8
80435.0,4
80441.0,4
80447.0,9
80452.0,2
80454.0,2
80458.0,5
80481.0,9
80493.0,8
80503.0,6
80525.0,2
80542.0,3
80545.0,6
80551.0,3
80556.0,7
80582.0,3
80591.0,7
80599.0,5
80618.0,9
80641.0,15
80672.0,6
80677.0,8
80686.0,7
80702.0,5
80713.0,4
80718.0,6
80727.0,11
80756.0,3
80760.0,6
80777.0,2
80782.0,3
80797.0,3
80807.0,10
80816.0,5
80839.0,4
80848.0,5
80879.0,4
80903.0,6
80913.0,15
80935.0,10
80944.0,7
80968.0,5
80987.0,11
80995.0,4
81006.0,7
81026.0,2
81028.0,2
81030.0,3
81033.0,2
81035.0,3
81038.0,4
81050.0,4
81065.0,6
81089.0,2
81096.0,4
81100.0,2
81102.0,13
81123.0,2
81153.0,5
81172.0,4
81197.0,5
81207.0,4
81242.0,6
81256.0,8
81273.0,8
81280.0,7
81286.0,4
81294.0,10
81326.0,6
81331.0,3
81334.0,2
81346.0,6
81373.0,3
81378.0,4
81380.0,5
81385.0,5
81391.0,4
81396.0,14
81449.0,9
81464.0,3
81468.0,6
81477.0,6
81492.0,8
81518.0,7
81527.0,4
81533.0,5
81538.0,5
81547.0,6
81555.0,2
81578.0,11
81587.0,5
81599.0,2
81619.0,5
81625.0,3
81630.0,5
81636.0,8
81643.0,4
81647.0,7
81654.0,3
81658.0,10
81678.0,8
81695.0,4
81725.0,4
81730.0,5
81757.0,6
81768.0,17
81794.0,3
81797.0,2
81806.0,7
81811.0,2
81828.0,10
81838.0,3
81846.0,6
81853.0,4
81856.0,2
81860.0,4
81890.0,4
81893.0,4
81906.0,6
81914.0,8
81919.0,4
81928.0,3
81950.0,4
81953.0,5
81958.0,3
81972.0,2
81987.0,3
81991.0,4
81994.0,8
82003.0,4
82006.0,5
82011.0,2
82018.0,7
82031.0,5
82051.0,8
82068.0,6
82073.0,8
82088.0,3
82092.0,15
82114.0,6
82120.0,3
82141.0,3
82166.0,2
82175.0,3
82206.0,30
82236.0,5
82242.0,2
82244.0,2
82253.0,9
82283.0,4
82289.0,5
82302.0,10
82318.0,5
82323.0,3
82357.0,7
82362.0,2
82372.0,5
82388.0,2
82407.0,4
82412.0,4
82416.0,4
82425.0,4
82435.0,6
82441.0,3
82443.0,6
82451.0,6
82483.0,7
82486.0,3
82490.0,7
82499.0,5
82517.0,7
82543.0,8
82559.0,3
82573.0,10
82582.0,3
82586.0,4
82595.0,2
82597.0,14
82618.0,2
82620.0,2
82637.0,2
82639.0,2
82641.0,5
82651.0,5
82660.0,2
82682.0,2
82686.0,2
82693.0,13
82705.0,3
82709.0,5
82713.0,7
82733.0,4
82739.0,2
82741.0,4
82749.0,4
82760.0,4
82765.0,6
82784.0,6
82801.0,4
82819.0,7
82848.0,9
82856.0,9
82874.0,2
82884.0,3
82899.0,12
82921.0,11
82931.0,2
82937.0,8
82948.0,4
82974.0,3
82978.0,6
82996.0,5
83012.0,13
83030.0,3
83040.0,8
83052.0,15
83065.0,4
83074.0,5
83083.0,5
83095.0,3
83098.0,5
83112.0,3
83121.0,2
83123.0,2
83144.0,5
83147.0,3
83149.0,2
83161.0,4
83164.0,7
83193.0,9
83202.0,4
83205.0,12
83230.0,6
83238.0,7
83281.0,8
83333.0,5
83338.0,3
83353.0,9
83378.0,6
83395.0,3
83403.0,9
83408.0,2
83410.0,5
83415.0,11
83426.0,4
83433.0,6
83456.0,8
83501.0,4
83505.0,5
83511.0,8
83525.0,4
83528.0,3
83552.0,8
83561.0,5
83569.0,3
83578.0,4
83593.0,4
83604.0,7
83625.0,6
83628.0,5
83636.0,2
83642.0,7
83648.0,5
83665.0,3
83705.0,3
83713.0,2
83715.0,2
83717.0,7
83726.0,6
83735.0,3
83758.0,6
83763.0,4
83797.0,6
83844.0,4
83861.0,10
83875.0,5
83880.0,7
83898.0,3
83923.0,6
83929.0,5
83945.0,5
83969.0,3
84002.0,6
84008.0,3
84011.0,2
84017.0,4
84028.0,11
84038.0,7
84046.0,4
84098.0,13
84109.0,3
84118.0,4
84122.0,3
84142.0,7
84147.0,4
84152.0,6
84157.0,10
84167.0,5
84176.0,5
84187.0,2
84198.0,3
84220.0,2
84235.0,7
84245.0,5
84253.0,5
84272.0,10
84291.0,5
84295.0,6
84300.0,4
84304.0,2
84311.0,3
84331.0,9
84335.0,9
84358.0,6
84362.0,10
84376.0,4
84383.0,5
84399.0,10
84410.0,4
84445.0,4
84461.0,7
84506.0,5
84511.0,6
84519.0,6
84564.0,6
84580.0,3
84587.0,2
84594.0,3
84612.0,3
84617.0,3
84630.0,7
84637.0,3
84647.0,4
84657.0,5
84700.0,6
84722.0,7
84750.0,6
84755.0,2
84765.0,8
84777.0,4
84781.0,2
84797.0,2
84803.0,5
84821.0,4
84825.0,3
84832.0,5
84843.0,4
84861.0,3
84865.0,5
84879.0,3
84912.0,13
84936.0,3
84940.0,4
84943.0,5
84951.0,8
84960.0,5
84964.0,12
84981.0,6
85006.0,4
85032.0,5
85036.0,6
85046.0,3
85055.0,4
85103.0,6
85117.0,3
85169.0,5
85183.0,5
85191.0,2
85194.0,6
85214.0,8
85225.0,4
85229.0,7
85240.0,3
85278.0,5
85283.0,6
85362.0,2
85381.0,4
85386.0,2
85393.0,2
85442.0,4
85450.0,5
85455.0,3
85459.0,4
85462.0,9
85472.0,9
85496.0,4
85503.0,6
85506.0,3
85511.0,7
85522.0,3
85536.0,5
85546.0,9
85557.0,5
85562.0,2
85578.0,4
85588.0,13
85628.0,3
85631.0,5
85678.0,15
85698.0,7
85705.0,2
85710.0,3
85715.0,3
85739.0,3
85743.0,14
85758.0,5
85764.0,5
85770.0,5
85774.0,6
85784.0,3
85792.0,2
85795.0,4
85799.0,5
85814.0,5
85822.0,8
85827.0,3
85830.0,9
85846.0,5
85854.0,2
85856.0,2
85879.0,8
85913.0,2
85916.0,8
85935.0,7
85950.0,7
85957.0,5
85966.0,3
85969.0,2
85971.0,5
85981.0,3
85985.0,9
86002.0,5
86029.0,5
86070.0,2
86081.0,5
86111.0,9
86128.0,6
86139.0,7
86145.0,4
86155.0,3
86172.0,7
86179.0,4
86183.0,3
86207.0,4
86212.0,7
86220.0,4
86224.0,2
86242.0,3
86245.0,3
86249.0,7
86257.0,3
86263.0,8
86271.0,3
86318.0,7
86323.0,7
86330.0,5
86335.0,2
86411.0,180
86574.0,5
86587.0,3
86591.0,14
86605.0,4
86627.0,4
86639.0,3
86648.0,3
86650.0,5
86693.0,2
86706.0,4
86729.0,4
86752.0,3
86756.0,5
86759.0,3
86764.0,2
86785.0,4
86790.0,12
86799.0,2
86823.0,5
86827.0,12
86839.0,5
86870.0,6
86888.0,2
86892.0,7
86901.0,4
86905.0,2
86918.0,6
86946.0,2
86948.0,18
86972.0,4
86977.0,5
86982.0,5
86986.0,3
86989.0,2
86994.0,9
87012.0,5
87016.0,4
87023.0,4
87026.0,4
87039.0,4
87047.0,7
87054.0,5
87062.0,6
87072.0,9
87100.0,8
87109.0,4
87146.0,3
87150.0,4
87157.0,12
87170.0,5
87174.0,4
87179.0,10
87188.0,5
87193.0,4
87200.0,8
87206.0,3
87219.0,9
87228.0,3
87246.0,5
87255.0,11
87261.0,4
87281.0,3
87284.0,3
87287.0,7
87294.0,14
87309.0,3
87311.0,2
87314.0,5
87318.0,3
87321.0,5
87366.0,8
87376.0,2
87379.0,3
87394.0,6
87401.0,2
87403.0,2
87414.0,3
87427.0,8
87435.0,3
87441.0,8
87448.0,9
87458.0,10
87467.0,7
87484.0,3
87495.0,5
87503.0,2
87510.0,5
87529.0,3
87532.0,4
87536.0,4
87545.0,6
87552.0,6
87562.0,9
87571.0,9
87580.0,11
87596.0,2
87603.0,2
87605.0,4
87637.0,5
87646.0,3
87662.0,4
87677.0,6
87682.0,17
87700.0,6
87709.0,3
87712.0,8
87724.0,5
87727.0,5
87734.0,5
87753.0,4
87809.0,12
87820.0,7
87869.0,5
87878.0,4
87888.0,6
87899.0,2
87902.0,3
87906.0,5
87960.0,6
87966.0,3
88001.0,9
88010.0,4
88041.0,7
88050.0,2
88057.0,3
88061.0,5
88068.0,3
88071.0,3
88099.0,2
88120.0,4
88132.0,10
88150.0,2
88154.0,2
88170.0,11
88182.0,9
88236.0,3
88242.0,10
88250.0,3
88288.0,5
88295.0,4
88299.0,10
88309.0,2
88318.0,2
88320.0,19
88339.0,10
88350.0,4
88360.0,21
88375.0,16
88390.0,2
88392.0,2
88398.0,11
88407.0,4
88428.0,4
88432.0,3
88458.0,3
88469.0,4
88474.0,3
88477.0,3
88484.0,9
88489.0,3
88514.0,3
88519.0,2
88529.0,3
88531.0,3
88571.0,4
88580.0,4
88594.0,7
88613.0,3
88619.0,7
88639.0,2
88641.0,4
88655.0,3
88658.0,5
88662.0,9
88671.0,2
88673.0,5
88678.0,5
88685.0,3
88688.0,2
88693.0,7
88699.0,4
88703.0,4
88715.0,10
88724.0,5
88733.0,5
88738.0,15
88755.0,10
88768.0,4
88775.0,3
88783.0,6
88794.0,4
88801.0,8
88824.0,9
88833.0,5
88848.0,3
88860.0,4
88865.0,5
88870.0,4
88874.0,6
88880.0,3
88883.0,3
88887.0,5
88897.0,15
88927.0,4
88947.0,3
88951.0,3
88968.0,8
89015.0,5
89026.0,7
89031.0,3
89053.0,7
89068.0,9
89082.0,2
89087.0,6
89092.0,10
89102.0,4
89106.0,4
89142.0,3
89156.0,7
89177.0,6
89196.0,8
89204.0,4
89210.0,3
89219.0,2
89221.0,4
89248.0,7
89253.0,9
89262.0,2
89264.0,6
89275.0,2
89280.0,4
89294.0,14
89307.0,3
89310.0,2
89323.0,5
89327.0,2
89329.0,3
89346.0,4
89351.0,5
89359.0,5
89365.0,4
89379.0,8
89397.0,3
89399.0,2
89411.0,7
89418.0,3
89440.0,7
89450.0,3
89455.0,6
89469.0,8
89518.0,5
89529.0,6
89580.0,8
89621.0,4
89624.0,7
89633.0,2
89645.0,6
89656.0,5
89668.0,7
89674.0,3
89677.0,6
89688.0,6
89700.0,2
89704.0,5
89729.0,6
89756.0,6
89800.0,7
89807.0,5
89814.0,2
89816.0,3
89836.0,9
89845.0,5
89850.0,3
89862.0,8
89889.0,11
89930.0,10
89942.0,6
89950.0,4
89954.0,3
89957.0,2
89959.0,4
89964.0,5
89968.0,3
89971.0,11
89984.0,5
89997.0,9
90019.0,5
90024.0,3
90037.0,13
90046.0,4
90077.0,2
90082.0,2
90084.0,4
90090.0,6
90101.0,4
90117.0,4
90154.0,3
90164.0,4
90175.0,2
90178.0,4
90184.0,3
90198.0,4
90206.0,6
90212.0,6
90225.0,3
90228.0,3
90232.0,3
90234.0,6
90240.0,3
90247.0,6
90259.0,5
90262.0,2
90274.0,5
90279.0,16
90297.0,4
90302.0,5
90310.0,8
90316.0,2
90319.0,3
90332.0,7
90348.0,4
90353.0,3
90355.0,10
90374.0,3
90421.0,7
90425.0,4
90430.0,8
90465.0,4
90471.0,8
90484.0,6
90494.0,4
90496.0,7
90504.0,3
90517.0,3
90521.0,3
90524.0,5
90533.0,2
90536.0,5
90551.0,10
90562.0,6
90568.0,4
90575.0,5
90578.0,4
90583.0,4
90586.0,8
90596.0,4
90606.0,4
90612.0,7
90625.0,11
90634.0,4
90639.0,7
90657.0,4
90673.0,3
90676.0,6
90704.0,3
90715.0,10
90743.0,8
90751.0,3
90770.0,2
90773.0,5
90792.0,4
90807.0,2
90812.0,7
90826.0,5
90830.0,2
90851.0,4
90867.0,6
90902.0,4
90906.0,3
90914.0,3
90921.0,6
90926.0,3
90929.0,4
90944.0,3
90947.0,11
90959.0,7
90980.0,7
90988.0,2
90990.0,14
91005.0,10
91017.0,4
91028.0,6
91034.0,6
91044.0,2
91133.0,4
91342.0,3
91387.0,3
91392.0,4
91462.0,5
91487.0,6
91505.0,3
91512.0,2
91520.0,9
91538.0,3
91548.0,3
91554.0,3
91560.0,5
91567.0,10
91578.0,2
91580.0,5
91597.0,6
91614.0,2
91618.0,4
91622.0,4
91626.0,3
91631.0,2
91633.0,5
91640.0,4
91642.0,10
91652.0,11
91666.0,9
91672.0,2
91680.0,4
91688.0,10
91697.0,3
91701.0,5
91728.0,4
91732.0,3
91747.0,3
91757.0,7
91765.0,4
91784.0,5
91830.0,3
91833.0,4
91845.0,15
91869.0,5
91902.0,9
91948.0,3
91963.0,6
91982.0,2
91989.0,2
92000.0,6
92012.0,6
92020.0,4
92026.0,7
92056.0,2
92080.0,3
92096.0,3
92105.0,3
92107.0,4
92116.0,2
92128.0,4
92135.0,2
92137.0,3
92140.0,2
92156.0,6
92168.0,3
92172.0,7
92178.0,4
92182.0,3
92202.0,9
92216.0,6
92233.0,2
92243.0,5
92249.0,15
92263.0,3
92276.0,20
92300.0,4
92331.0,8
92342.0,6
92358.0,3
92366.0,2
92404.0,6
92411.0,4
92413.0,3
92442.0,2
92446.0,6
92452.0,2
92454.0,5
92459.0,4
92463.0,6
92472.0,2
92498.0,2
92504.0,2
92535.0,5
92540.0,4
92557.0,2
92580.0,13
92594.0,4
92598.0,5
92603.0,3
92609.0,3
92618.0,9
92632.0,15
92675.0,4
92705.0,8
92723.0,9
92739.0,4
92747.0,5
92757.0,5
92761.0,3
92788.0,9
92799.0,17
92816.0,2
92832.0,9
92841.0,6
92861.0,3
92868.0,4
92876.0,9
92884.0,3
92888.0,7
92903.0,19
92944.0,13
92958.0,3
92972.0,2
92976.0,4
92978.0,8
92990.0,5
92994.0,2
92997.0,7
93016.0,5
93025.0,8
93032.0,2
93034.0,3
93046.0,8
93054.0,3
93057.0,2
93059.0,2
93061.0,4
93068.0,3
93089.0,5
93102.0,6
93133.0,25
93163.0,6
93225.0,4
93264.0,5
93286.0,4
93328.0,4
93341.0,6
93360.0,6
93363.0,3
93453.0,9
93465.0,3
93471.0,2
93476.0,6
93482.0,20
93504.0,2
93523.0,4
93608.0,3
93612.0,12
93651.0,4
93671.0,4
93675.0,2
93690.0,9
93701.0,4
93712.0,14
93750.0,6
93757.0,12
93795.0,9
93804.0,4
93808.0,3
93818.0,9
93835.0,8
93854.0,7
93865.0,6
93870.0,2
93873.0,4
93876.0,9
93900.0,20
93963.0,30
93996.0,5
94020.0,15
94036.0,11
94046.0,4
94057.0,4
94065.0,17
94083.0,3
94128.0,7
94163.0,12
94202.0,4
94204.0,17
94222.0,8
94229.0,2
94232.0,7
94261.0,5
94303.0,13
94357.0,2
94360.0,11
94378.0,6
94383.0,2
94385.0,3
94409.0,37
94575.0,25
94617.0,5
94669.0,2
94691.0,2
94693.0,5
94735.0,3
94759.0,3
94777.0,4
94785.0,2
94796.0,2
94803.0,7
94888.0,4
94890.0,2
94908.0,3
94959.0,3
94977.0,4
94993.0,2
94995.0,3
95000.0,8
95151.0,5
95156.0,4
95170.0,3
95185.0,2
95198.0,4
95205.0,6
95210.0,2
95215.0,6
95220.0,6
95227.0,4
95247.0,3
95268.0,7
95276.0,8
95317.0,8
95334.0,5
95347.0,4
95350.0,3
95359.0,4
95362.0,7
95371.0,15
95384.0,6
95395.0,2
95403.0,4
95407.0,6
95415.0,2
95417.0,6
95429.0,8
95438.0,6
95451.0,2
95460.0,6
95464.0,12
95491.0,4
95511.0,3
95531.0,3
95534.0,3
95565.0,5
95583.0,3
95602.0,8
95655.0,3
95673.0,4
95679.0,5
95690.0,2
95713.0,2
95715.0,3
95719.0,5
95723.0,4
95727.0,3
95736.0,5
95741.0,4
95745.0,2
95747.0,2
95754.0,6
95763.0,4
95767.0,2
95797.0,2
95800.0,4
95807.0,10
95817.0,2
95823.0,4
95841.0,5
95844.0,3
95899.0,4
95909.0,4
95924.0,6
95945.0,3
95958.0,3
95985.0,3
95990.0,4
96002.0,4
96025.0,2
96035.0,2
96037.0,2
96041.0,8
96050.0,4
96094.0,2
96107.0,2
96150.0,4
96159.0,2
96178.0,4
96194.0,6
96237.0,3
96240.0,14
96254.0,8
96302.0,2
96312.0,4
96316.0,2
96328.0,2
96337.0,5
96356.0,4
96368.0,3
96375.0,7
96389.0,3
96417.0,4
96435.0,5
96440.0,4
96446.0,6
96458.0,3
96475.0,8
96485.0,7
96491.0,4
96510.0,2
96518.0,2
96520.0,3
96527.0,6
96556.0,3
96569.0,2
96585.0,3
96611.0,5
96616.0,2
96623.0,2
96638.0,3
96668.0,3
96682.0,3
96709.0,3
96711.0,5
96725.0,4
96735.0,5
96744.0,4
96748.0,6
96778.0,2
96780.0,5
96819.0,3
96826.0,6
96847.0,3
96856.0,4
96860.0,2
96867.0,3
96883.0,4
96888.0,3
96903.0,4
96914.0,2
96934.0,5
96953.0,2
96963.0,3
96965.0,2
96980.0,3
96987.0,3
96993.0,3
97020.0,4
97034.0,2
97045.0,7
97055.0,4
97064.0,5
97084.0,9
97093.0,4
97107.0,6
97125.0,4
97151.0,10
97161.0,7
97170.0,4
97190.0,3
97213.0,4
97249.0,2
97262.0,3
97277.0,4
97316.0,4
97373.0,2
97385.0,4
97430.0,6
97436.0,4
97444.0,10
97469.0,7
97487.0,5
97492.0,2
97499.0,6
97535.0,6
97540.0,3
97543.0,2
97545.0,6
97551.0,3
97560.0,5
97564.0,6
97584.0,10
97594.0,3
97643.0,2
97649.0,5
97655.0,5
97667.0,9
97685.0,4
97719.0,4
97741.0,2
97743.0,3
97764.0,6
97770.0,5
97779.0,4
97785.0,2
97787.0,4
97792.0,4
97824.0,7
97842.0,3
97845.0,3
97864.0,5
97874.0,5
97881.0,4
97897.0,7
97929.0,3
97949.0,6
97961.0,3
97973.0,3
97995.0,6
98010.0,5
98045.0,7
98062.0,3
98069.0,4
98083.0,3
98097.0,3
98108.0,6
98118.0,3
98121.0,3
98124.0,9
98139.0,3
98144.0,4
98153.0,4
98192.0,3
98201.0,6
98207.0,3
98217.0,3
98227.0,8
98240.0,6
98246.0,3
98267.0,4
98278.0,4
98313.0,6
98320.0,5
98346.0,3
98358.0,4
98363.0,6
98369.0,4
98373.0,2
98379.0,4
98397.0,6
98403.0,7
98411.0,13
98429.0,6
98448.0,8
98479.0,3
98487.0,2
98489.0,2
98503.0,3
98551.0,6
98559.0,7
98570.0,7
98582.0,3
98603.0,3
98607.0,5
98614.0,3
98659.0,2
98683.0,2
98701.0,3
98708.0,2
98713.0,2
98715.0,3
98741.0,6
98749.0,2
98753.0,6
98766.0,3
98774.0,4
98802.0,10
98815.0,6
98840.0,6
98858.0,2
98864.0,4
98873.0,4
98907.0,2
98912.0,7
98947.0,7
98954.0,3
99009.0,4
99016.0,3
99037.0,3
99043.0,4
99063.0,3
99092.0,7
99114.0,3
99118.0,4
99131.0,5
99162.0,4
99169.0,5
99184.0,4
99186.0,5
99197.0,2
99221.0,8
99236.0,5
99267.0,2
99279.0,4
99281.0,7
99292.0,3
99296.0,4
99300.0,2
99334.0,7
99341.0,6
99353.0,2
99355.0,3
99364.0,3
99367.0,2
99380.0,4
99382.0,3
99390.0,3
99437.0,3
99458.0,4
99518.0,5
99526.0,7
99535.0,2
99538.0,4
99541.0,2
99557.0,5
99570.0,5
99575.0,3
99640.0,4
99675.0,2
99681.0,5
99689.0,3
99704.0,2
99717.0,3
99722.0,4
99728.0,3
99744.0,4
99763.0,4
99772.0,4
99798.0,2
99803.0,4
99812.0,5
99840.0,3
99843.0,4
99848.0,4
99865.0,3
99880.0,5
99890.0,4
99898.0,4
99930.0,2
99932.0,4
99951.0,6
99967.0,4
100031.0,3
100060.0,8
100068.0,5
100074.0,5
100095.0,6
100102.0,3
100115.0,3
100153.0,3
100189.0,8
100195.0,5
100217.0,5
100228.0,6
100240.0,3
100263.0,5
100278.0,3
100315.0,8
100382.0,4
100398.0,4
100412.0,4
100417.0,3
100432.0,6
100460.0,5
100475.0,2
100494.0,3
100516.0,3
100554.0,2
100596.0,3
100601.0,2
100603.0,13
100621.0,4
100623.0,2
100630.0,8
100645.0,3
100665.0,3
100672.0,4
100680.0,5
100686.0,3
100689.0,4
100708.0,4
100719.0,5
100728.0,4
100733.0,4
100743.0,2
100759.0,4
100770.0,4
100774.0,2
100800.0,4
100809.0,5
100817.0,2
100825.0,5
100831.0,6
100847.0,3
100859.0,4
100869.0,2
100897.0,7
100920.0,3
100922.0,2
100924.0,6
100947.0,2
100975.0,5
101027.0,5
101042.0,2
101050.0,4
101068.0,5
101080.0,4
101102.0,2
101105.0,9
101113.0,2
101129.0,3
101132.0,8
101164.0,5
101182.0,10
101196.0,2
101220.0,2
101257.0,3
101270.0,6
101286.0,5
101363.0,3
101391.0,5
101396.0,3
101402.0,4
101408.0,3
101420.0,2
101425.0,2
101427.0,4
101458.0,5
101518.0,2
101533.0,2
101544.0,2
101552.0,4
101568.0,3
101572.0,3
101592.0,6
101598.0,3
101643.0,2
101660.0,3
101670.0,2
101672.0,4
101679.0,2
101684.0,8
101703.0,2
101714.0,7
101723.0,7
101742.0,2
101763.0,6
101767.0,10
101785.0,4
101813.0,3
101823.0,10
101854.0,3
101863.0,5
101868.0,9
101884.0,4
101889.0,2
101922.0,3
101948.0,3
101967.0,5
101998.0,4
102066.0,3
102078.0,3
102098.0,7
102105.0,2
102119.0,2
102130.0,3
102139.0,4
102156.0,9
102196.0,2
102202.0,2
102208.0,4
102273.0,7
102306.0,2
102319.0,4
102339.0,3
102388.0,3
102424.0,5
102438.0,3
102443.0,3
102448.0,11
102462.0,6
102474.0,2
102479.0,3
102498.0,2
102532.0,3
102535.0,3
102538.0,3
102541.0,4
102572.0,4
102585.0,3
102602.0,7
102610.0,5
102620.0,7
102636.0,3
102643.0,12
102657.0,6
102716.0,3
102725.0,5
102730.0,2
102732.0,4
102736.0,3
102739.0,6
102746.0,4
102749.0,3
102774.0,3
102793.0,3
102796.0,5
102836.0,11
102851.0,30
102882.0,2
102884.0,4
102923.0,5
102927.0,9
102937.0,4
102960.0,4
102969.0,5
102976.0,3
102991.0,7
103013.0,4
103021.0,7
103028.0,8
103047.0,6
103055.0,8
103063.0,10
103076.0,4
103082.0,7
103121.0,3
103130.0,6
103138.0,8
103147.0,13
103175.0,3
103189.0,9
103197.0,11
103209.0,7
103216.0,9
103222.0,3
103231.0,8
103238.0,6
103248.0,4
103251.0,4
103255.0,3
103312.0,3
103315.0,2
103317.0,15
103335.0,11
103379.0,8
103403.0,3
103406.0,2
103408.0,5
103417.0,11
103443.0,6
103462.0,8
103466.0,2
103469.0,3
103480.0,19
103501.0,3
103513.0,4
103518.0,7
103560.0,3
103562.0,2
103579.0,4
103585.0,5
103597.0,4
103612.0,3
103629.0,4
103671.0,6
103677.0,8
103685.0,3
103696.0,8
103727.0,7
103733.0,5
103739.0,8
103746.0,7
103753.0,3
103756.0,4
103769.0,12
103784.0,3
103789.0,3
103793.0,3
103804.0,5
103817.0,4
103830.0,14
103847.0,5
103864.0,2
103876.0,5
103894.0,4
103909.0,2
103912.0,3
103947.0,4
103951.0,4
103955.0,8
103962.0,10
103975.0,2
103980.0,10
103994.0,4
103996.0,4
104001.0,3
104006.0,6
104014.0,3
104047.0,9
104061.0,10
104071.0,2
104097.0,8
104115.0,8
104139.0,2
104142.0,7
104151.0,2
104164.0,10
104204.0,2
104206.0,4
104210.0,5
104230.0,4
104236.0,11
104261.0,11
104278.0,3
104280.0,3
104321.0,4
104331.0,4
104345.0,5
104394.0,6
104453.0,4
104459.0,6
104474.0,6
104497.0,4
104511.0,5
104539.0,4
104550.0,3
104615.0,3
104633.0,2
104639.0,3
104693.0,3
104699.0,6
104712.0,3
104857.0,3
104864.0,3
104893.0,5
104933.0,3
104977.0,3
105010.0,6
105043.0,3
105070.0,4
105082.0,2
105108.0,5
105155.0,8
105198.0,4
105244.0,3
105287.0,7
105488.0,4
105541.0,11
105633.0,2
105755.0,3
105804.0,3
105807.0,4
105892.0,10
105954.0,13
105967.0,17
106083.0,5
106187.0,3
106199.0,4
106227.0,7
106580.0,5
106595.0,2
106608.0,5
106672.0,3
106676.0,3
106694.0,2
106738.0,9
106756.0,9
106792.0,5
106816.0,4
106880.0,7
106901.0,4
106948.0,7
107010.0,5
107030.0,5
107060.0,3
107069.0,3
107092.0,4
107209.0,12
107497.0,14
107511.0,11
107530.0,5
107535.0,4
107539.0,3
107562.0,4
107579.0,5
107585.0,10
107595.0,9
107623.0,5
107664.0,2
107790.0,7
107797.0,7
107809.0,8
107816.0,4
107874.0,7
108004.0,26
108032.0,73
108104.0,9
108113.0,30
108142.0,19
108162.0,5
108168.0,7
108175.0,6
108182.0,6
108187.0,31
108252.0,9
108277.0,35
108312.0,7
108321.0,23
108343.0,6
108351.0,36
108384.0,32
108417.0,7
108424.0,17
108440.0,29
108469.0,2
108471.0,8
108479.0,5
108484.0,33
108561.0,3
108564.0,3
108567.0,24
108595.0,13
108604.0,8
108612.0,30
108650.0,4
108654.0,21
108674.0,7
108684.0,25
108709.0,6
108715.0,9
108724.0,11
108742.0,52
108796.0,5
108801.0,12
108815.0,6
108819.0,26
108856.0,3
108861.0,20
108881.0,6
108887.0,9
108896.0,49
108945.0,19
108964.0,25
108996.0,6
109017.0,8
109024.0,3
109028.0,11
109040.0,8
109049.0,10
109056.0,2
109065.0,13
109078.0,2
109081.0,9
109089.0,5
109094.0,4
109098.0,2
109101.0,10
109125.0,2
109128.0,3
109130.0,13
109159.0,6
109164.0,5
109169.0,6
109176.0,5
109192.0,2
109195.0,8
109202.0,18
109220.0,4
109224.0,11
109237.0,5
109249.0,19
109279.0,15
109294.0,3
109297.0,5
109315.0,2
109318.0,12
109329.0,3
109332.0,3
109335.0,7
109342.0,3
109345.0,8
109353.0,5
109358.0,4
109363.0,8
109370.0,6
109379.0,15
109393.0,5
109403.0,14
109421.0,4
109425.0,7
109432.0,11
109465.0,9
109482.0,9
109484.0,4
109494.0,3
109526.0,4
109530.0,5
109535.0,3
109548.0,4
109551.0,8
109559.0,2
109561.0,3
109564.0,2
109569.0,7
109591.0,15
109607.0,15
109622.0,11
109632.0,3
109639.0,20
109662.0,6
109668.0,19
109686.0,6
109692.0,7
109702.0,8
109707.0,14
109737.0,5
109741.0,7
109747.0,2
109764.0,3
109778.0,19
109803.0,9
109808.0,8
109816.0,4
109821.0,18
109850.0,18
109868.0,16
109891.0,5
109899.0,11
109907.0,5
109918.0,8
109921.0,3
109923.0,4
109927.0,17
109952.0,6
109960.0,7
109965.0,10
109975.0,13
109988.0,5
109995.0,6
110007.0,2
110010.0,17
110029.0,9
110042.0,5
110046.0,7
110053.0,4
110070.0,2
110076.0,6
110082.0,6
110088.0,5
110093.0,3
110096.0,3
110103.0,8
110152.0,9
110161.0,6
110169.0,10
110179.0,7
110186.0,3
110211.0,4
110219.0,2
110221.0,25
110246.0,2
110248.0,7
110255.0,15
110273.0,20
110297.0,4
110301.0,10
110311.0,3
110320.0,4
110324.0,8
110331.0,2
110333.0,12
110347.0,6
110358.0,17
110377.0,6
110383.0,4
110388.0,11
110399.0,15
110415.0,43
110458.0,15
110473.0,5
110477.0,6
110483.0,4
110487.0,9
110496.0,4
110520.0,11
110534.0,4
110538.0,11
110550.0,15
110564.0,4
110569.0,9
110601.0,14
110616.0,20
110637.0,7
110642.0,17
110659.0,13
110672.0,2
110674.0,18
110695.0,4
110721.0,15
110742.0,13
110755.0,2
110767.0,9
110771.0,6
110777.0,22
110800.0,8
110820.0,2
110857.0,8
110865.0,14
110881.0,26
110907.0,4
110918.0,6
110923.0,4
110927.0,5
110934.0,11
110945.0,21
110968.0,11
110979.0,7
110987.0,17
111003.0,2
111005.0,5
111014.0,14
111026.0,15
111042.0,9
111050.0,6
111056.0,4
111062.0,7
111067.0,3
111071.0,8
111099.0,4
111102.0,22
111124.0,2
111126.0,4
111130.0,12
111146.0,7
111154.0,12
111165.0,19
111185.0,10
111217.0,6
111224.0,3
111226.0,5
111252.0,2
111258.0,10
111269.0,12
111283.0,3
111286.0,4
111290.0,20
111319.0,23
111340.0,3
111346.0,3
111361.0,33
111392.0,19
111423.0,4
111427.0,16
111445.0,12
111462.0,2
111469.0,3
111483.0,8
111495.0,7
111500.0,8
111511.0,5
111516.0,6
111540.0,4
111543.0,4
111565.0,14
111580.0,3
111583.0,13
111596.0,3
111600.0,10
111612.0,13
111625.0,5
111631.0,7
111637.0,2
111640.0,5
111647.0,8
111654.0,2
111656.0,14
111670.0,2
111682.0,25
111708.0,8
111721.0,6
111728.0,4
111731.0,4
111739.0,22
111761.0,31
111791.0,16
111807.0,10
111820.0,7
111824.0,7
111832.0,13
111853.0,5
111856.0,4
111860.0,3
111871.0,6
111877.0,7
111885.0,10
111895.0,32
111927.0,19
111945.0,2
111962.0,6
111971.0,5
111977.0,3
111980.0,3
111984.0,9
111992.0,5
111997.0,3
112000.0,2
112002.0,5
112007.0,9
112021.0,7
112026.0,11
112038.0,4
112040.0,17
112060.0,12
112069.0,4
112074.0,7
112080.0,2
112082.0,6
112092.0,5
112097.0,18
112116.0,4
112120.0,6
112129.0,4
112133.0,10
112171.0,23
112226.0,5
112230.0,3
112235.0,6
112239.0,22
112263.0,3
112270.0,4
112272.0,10
112283.0,7
112316.0,4
112318.0,2
112322.0,8
112330.0,3
112333.0,9
112342.0,8
112352.0,15
112368.0,4
112371.0,3
112376.0,11
112387.0,9
112398.0,5
112406.0,9
112419.0,13
112432.0,10
112445.0,15
112457.0,4
112462.0,11
112492.0,19
112509.0,8
112517.0,10
112527.0,4
112531.0,3
112534.0,6
112541.0,4
112556.0,8
112563.0,23
112587.0,7
112599.0,8
112614.0,19
112633.0,7
112655.0,36
112691.0,8
112699.0,9
112708.0,7
112723.0,5
112727.0,3
112731.0,3
112733.0,3
112748.0,24
112777.0,7
112782.0,4
112785.0,2
112787.0,4
112795.0,16
112808.0,14
112822.0,5
112827.0,4
112831.0,40
112891.0,9
112929.0,17
112958.0,8
112973.0,2
112982.0,7
112990.0,10
113000.0,8
113007.0,25
113034.0,17
113049.0,2
113054.0,4
113059.0,23
113082.0,10
113091.0,5
113096.0,3
113135.0,10
113146.0,17
113161.0,4
113168.0,6
113176.0,8
113181.0,3
113184.0,9
113193.0,7
113200.0,5
113205.0,4
113211.0,6
113217.0,2
113220.0,9
113228.0,10
113251.0,9
113266.0,14
113290.0,15
113306.0,26
113338.0,9
113350.0,9
113361.0,7
113369.0,18
113386.0,13
113400.0,22
113423.0,8
113429.0,6
113435.0,5
113442.0,19
113464.0,5
113483.0,2
113485.0,5
113490.0,5
113495.0,9
113527.0,8
113535.0,7
113542.0,17
113558.0,12
113588.0,21
113608.0,2
113622.0,22
113643.0,2
113645.0,4
113649.0,12
113676.0,4
113684.0,12
113700.0,14
113719.0,31
113748.0,3
113756.0,22
113777.0,4
113781.0,2
113783.0,18
113803.0,12
113817.0,20
113837.0,7
113844.0,8
113853.0,6
113857.0,4
113861.0,3
113869.0,10
113882.0,12
113897.0,3
113901.0,7
113922.0,3
113933.0,5
113943.0,7
113951.0,5
113956.0,7
113961.0,10
113987.0,5
113991.0,4
114000.0,18
114013.0,7
114021.0,4
114025.0,16
114041.0,6
114057.0,3
114059.0,2
114061.0,2
114064.0,14
114077.0,3
114081.0,6
114086.0,5
114091.0,16
114108.0,3
114110.0,29
114140.0,11
114150.0,8
114158.0,2
114162.0,4
114173.0,7
114182.0,10
114191.0,8
114202.0,22
114225.0,7
114233.0,10
114242.0,6
114249.0,15
114265.0,38
114300.0,16
114318.0,5
114324.0,4
114327.0,2
114329.0,2
114331.0,13
114344.0,8
114352.0,2
114384.0,10
114399.0,4
114404.0,7
114416.0,4
114421.0,3
114423.0,3
114426.0,14
114441.0,20
114460.0,28
114488.0,5
114493.0,6
114499.0,5
114504.0,2
114507.0,5
114511.0,28
114541.0,12
114554.0,8
114563.0,5
114569.0,12
114584.0,18
114609.0,9
114618.0,3
114623.0,9
114630.0,18
114649.0,9
114659.0,9
114668.0,4
114676.0,3
114679.0,5
114685.0,10
114700.0,9
114705.0,13
114717.0,6
114724.0,7
114731.0,13
114744.0,8
114751.0,15
114774.0,21
114799.0,14
114815.0,7
114823.0,9
114831.0,6
114841.0,6
114845.0,6
114851.0,5
114858.0,4
114867.0,6
114873.0,8
114892.0,11
114928.0,2
114934.0,10
114941.0,10
114951.0,15
114967.0,5
114974.0,31
115006.0,6
115011.0,4
115024.0,28
115052.0,5
115056.0,15
115071.0,8
115089.0,2
115092.0,13
115105.0,16
115120.0,7
115129.0,6
115133.0,10
115143.0,12
115155.0,4
115164.0,8
115175.0,5
115185.0,22
115202.0,10
115213.0,15
115228.0,6
115265.0,2
115267.0,5
115281.0,10
115291.0,13
115304.0,9
115313.0,3
115316.0,4
115328.0,13
115340.0,12
115354.0,5
115361.0,10
115371.0,11
115378.0,12
115390.0,2
115392.0,2
115397.0,3
115422.0,15
115437.0,7
115445.0,4
115463.0,6
115468.0,2
115471.0,8
115485.0,3
115487.0,15
115502.0,3
115505.0,6
115515.0,2
115528.0,5
115533.0,16
115546.0,7
115553.0,6
115561.0,6
115574.0,15
115593.0,7
115600.0,3
115603.0,28
115631.0,2
115635.0,4
115640.0,6
115653.0,26
115674.0,6
115684.0,8
115688.0,10
115699.0,9
115709.0,6
115732.0,6
115738.0,9
115751.0,2
115754.0,6
115759.0,3
115782.0,13
115796.0,4
115809.0,12
115819.0,14
115838.0,9
115850.0,19
115866.0,8
115875.0,10
115884.0,3
115894.0,28
115918.0,5
115934.0,9
115942.0,13
115957.0,3
115960.0,5
115965.0,18
115985.0,10
115998.0,7
116003.0,13
116019.0,3
116022.0,16
116039.0,17
116072.0,13
116085.0,3
116092.0,6
116098.0,14
116113.0,6
116120.0,3
116125.0,9
116144.0,18
116153.0,3
116157.0,12
116176.0,31
116207.0,6
116233.0,9
116241.0,3
116244.0,2
116251.0,3
116260.0,3
116278.0,3
116281.0,8
116288.0,6
116295.0,16
116313.0,8
116319.0,3
116323.0,17
116344.0,12
116350.0,6
116368.0,2
116371.0,17
116387.0,25
116414.0,6
116418.0,13
116436.0,22
116458.0,8
116487.0,15
116501.0,3
116506.0,6
116512.0,3
116522.0,8
116526.0,7
116533.0,15
116548.0,7
116555.0,11
116566.0,3
116569.0,2
116571.0,7
116578.0,4
116583.0,10
116592.0,2
116594.0,2
116602.0,6
116604.0,12
116616.0,8
116626.0,4
116632.0,3
116634.0,5
116639.0,3
116643.0,12
116654.0,5
116662.0,10
116669.0,5
116687.0,4
116689.0,2
116704.0,2
116706.0,34
116744.0,12
116757.0,18
116775.0,2
116778.0,5
116782.0,12
116794.0,3
116801.0,5
116809.0,5
116812.0,3
116818.0,10
116839.0,9
116850.0,8
116863.0,9
116873.0,7
116879.0,17
116897.0,19
116916.0,13
116930.0,8
116938.0,12
116950.0,12
116965.0,5
116967.0,13
116980.0,5
116986.0,11
116996.0,5
117001.0,7
117011.0,9
117018.0,7
117048.0,7
117067.0,7
117079.0,7
117086.0,12
117098.0,9
117111.0,4
117116.0,4
117119.0,2
117121.0,3
117125.0,5
117129.0,9
117139.0,10
117159.0,3
117167.0,8
117175.0,11
117186.0,5
117203.0,13
117230.0,2
117233.0,6
117240.0,4
117246.0,11
117261.0,35
117296.0,2
117305.0,13
117320.0,7
117331.0,41
117367.0,14
117386.0,8
117391.0,4
117396.0,4
117399.0,2
117401.0,5
117412.0,6
117418.0,7
117427.0,14
117439.0,6
117446.0,9
117463.0,6
117480.0,20
117504.0,6
117522.0,7
117529.0,2
117531.0,12
117546.0,9
117558.0,13
117582.0,8
117590.0,2
117592.0,10
117602.0,2
117606.0,11
117615.0,14
117630.0,11
117646.0,16
117656.0,22
117680.0,5
117685.0,3
117689.0,14
117702.0,4
117709.0,5
117711.0,2
117749.0,5
117754.0,29
117783.0,7
117791.0,9
117799.0,6
117807.0,6
117821.0,9
117843.0,6
117850.0,5
117858.0,3
117863.0,4
117865.0,5
117880.0,15
117896.0,5
117901.0,17
117931.0,3
117945.0,8
117952.0,3
117955.0,5
117970.0,10
117980.0,10
117991.0,3
117996.0,10
118003.0,3
118006.0,5
118017.0,7
118023.0,5
118041.0,5
118054.0,2
118056.0,2
118059.0,5
118064.0,3
118074.0,30
118099.0,5
118103.0,5
118106.0,6
118112.0,9
118121.0,4
118139.0,9
118143.0,6
118158.0,13
118179.0,3
118198.0,3
118202.0,9
118211.0,11
118221.0,3
118230.0,6
118236.0,2
118243.0,12
118261.0,16
118277.0,9
118286.0,4
118292.0,6
118296.0,11
118310.0,21
118338.0,14
118354.0,7
118358.0,4
118371.0,5
118386.0,13
118398.0,5
118422.0,13
118435.0,5
118449.0,6
118461.0,7
118468.0,8
118534.0,8
118572.0,12
118585.0,9
118589.0,4
118596.0,7
118607.0,24
118635.0,17
118650.0,14
118667.0,6
118673.0,2
118677.0,5
118680.0,5
118687.0,9
118699.0,6
118709.0,8
118740.0,7
118746.0,6
118753.0,6
118758.0,2
118760.0,4
118771.0,9
118779.0,6
118792.0,16
118801.0,6
118807.0,7
118815.0,4
118823.0,12
118832.0,3
118838.0,6
118848.0,13
118872.0,2
118886.0,12
118893.0,3
118903.0,7
118914.0,7
118923.0,5
118928.0,5
118933.0,4
118940.0,3
118943.0,4
118949.0,4
118951.0,6
118957.0,5
118962.0,9
118971.0,2
118988.0,10
118999.0,6
119005.0,10
119019.0,8
119028.0,11
119054.0,3
119060.0,10
119070.0,3
119077.0,10
119094.0,15
119104.0,2
119109.0,5
119119.0,10
119133.0,2
119140.0,6
119152.0,7
119163.0,4
119168.0,15
119182.0,12
119194.0,18
119217.0,4
119225.0,4
119228.0,8
119236.0,6
119247.0,19
119273.0,2
119304.0,3
119312.0,3
119315.0,6
119326.0,11
119337.0,8
119345.0,6
119357.0,8
119366.0,4
119376.0,7
119384.0,18
119405.0,13
119431.0,6
119440.0,2
119454.0,10
119476.0,5
119485.0,10
119494.0,8
119505.0,7
119510.0,7
119517.0,8
119530.0,6
119540.0,4
119542.0,12
119555.0,4
119558.0,2
119563.0,5
119569.0,9
119575.0,3
119584.0,8
119606.0,6
119617.0,11
119647.0,5
119650.0,3
119653.0,6
119659.0,6
119666.0,7
119672.0,3
119675.0,2
119686.0,4
119688.0,12
119705.0,2
119707.0,10
119719.0,4
119725.0,5
119731.0,6
119738.0,7
119745.0,7
119753.0,3
119770.0,5
119791.0,4
119799.0,5
119815.0,6
119821.0,3
119840.0,3
119881.0,3
119888.0,18
119901.0,2
119909.0,2
119911.0,4
119921.0,5
119929.0,16
119944.0,5
119947.0,8
119955.0,6
119961.0,9
119974.0,7
119981.0,8
119988.0,2
119991.0,4
119994.0,3
120030.0,2
120032.0,3
120041.0,8
120109.0,7
120125.0,2
120182.0,6
120191.0,3
120209.0,10
120219.0,3
120224.0,14
120238.0,4
120261.0,3
120264.0,6
120272.0,4
120274.0,4
120283.0,11
120293.0,3
120302.0,3
120306.0,8
120313.0,3
120323.0,6
120326.0,4
120340.0,5
120346.0,5
120355.0,6
120390.0,8
120403.0,4
120406.0,12
120438.0,16
120454.0,7
120465.0,12
120494.0,12
120502.0,14
120539.0,3
120599.0,3
120625.0,7
120652.0,7
120676.0,7
120680.0,6
120686.0,8
120693.0,7
120715.0,6
120720.0,2
120743.0,5
120792.0,8
120795.0,2
120831.0,9
120857.0,14
120887.0,10
120930.0,4
120949.0,4
120956.0,2
120964.0,30
120994.0,5
121009.0,7
121017.0,6
121028.0,11
121090.0,6
121099.0,10
121116.0,7
121148.0,3
121157.0,3
121160.0,10
121174.0,8
121187.0,5
121193.0,5
121216.0,25
121232.0,11
121253.0,7
121260.0,3
121264.0,4
121268.0,2
121273.0,2
121281.0,8
121288.0,5
121293.0,10
121324.0,9
121334.0,10
121363.0,7
121365.0,4
121372.0,16
121411.0,24
121516.0,4
121521.0,24
121555.0,8
121565.0,11
121574.0,17
121601.0,3
121604.0,5
121701.0,6
121713.0,4
121754.0,6
121765.0,9
121822.0,3
121824.0,11
121835.0,12
121905.0,7
121935.0,11
121942.0,5
121995.0,7
122009.0,3
122043.0,12
122097.0,5
122099.0,3
122108.0,4
122112.0,7
122120.0,3
122194.0,8
122236.0,12
122248.0,3
122251.0,30
122281.0,31
122320.0,8
122339.0,11
122353.0,4
122364.0,7
122368.0,11
122405.0,22
122422.0,2
122430.0,3
122441.0,4
122471.0,5
122490.0,34
122529.0,12
122541.0,6
122561.0,3
122568.0,3
122571.0,3
122621.0,20
122643.0,29
122737.0,5
122742.0,6
122749.0,10
122762.0,25
122785.0,7
122791.0,6
122800.0,4
122803.0,6
122808.0,6
122838.0,5
122846.0,8
122900.0,2
122909.0,7
122912.0,4
122982.0,5
122989.0,8
123003.0,2
123056.0,63
123122.0,2
123124.0,10
123154.0,6
123160.0,3
123163.0,8
123180.0,8
123202.0,11
123228.0,9
123246.0,5
123254.0,6
123259.0,2
123264.0,5
123272.0,3
123280.0,5
123289.0,3
123292.0,3
123306.0,5
123317.0,5
123327.0,15
123353.0,7
123362.0,6
123381.0,2
123386.0,16
123410.0,5
123423.0,3
123429.0,3
123484.0,10
123518.0,3
123534.0,7
123562.0,3
123583.0,4
123585.0,23
123612.0,29
123685.0,4
123700.0,22
123767.0,20
123792.0,3
123794.0,6
123804.0,4
123813.0,3
123815.0,5
123828.0,3
123837.0,4
123846.0,8
123855.0,9
123878.0,2
123881.0,4
123927.0,2
123951.0,10
123980.0,5
123985.0,5
123994.0,5
123996.0,6
124003.0,4
124015.0,2
124017.0,4
124021.0,3
124025.0,6
124043.0,5
124063.0,7
124072.0,4
124076.0,5
124091.0,2
124122.0,4
124125.0,3
124214.0,4
124294.0,2
124298.0,3
124336.0,3
124378.0,5
124389.0,3
124391.0,2
124455.0,2
124480.0,5
124508.0,7
124516.0,4
124553.0,7
124562.0,2
124634.0,3
124645.0,6
124667.0,3
124691.0,4
124784.0,8
124805.0,5
124811.0,2
124819.0,5
124826.0,3
124835.0,7
124887.0,5
124921.0,3
124930.0,10
124938.0,2
124947.0,2
124953.0,2
124960.0,6
124991.0,5
125005.0,5
125025.0,2
125042.0,4
125056.0,4
125071.0,6
125078.0,3
125081.0,4
125111.0,7
125183.0,25
125333.0,6
125344.0,11
125356.0,14
125375.0,2
125379.0,7
125384.0,5
125389.0,2
125436.0,14
125457.0,16
125514.0,7
125521.0,14
125535.0,12
125547.0,31
125584.0,14
125599.0,16
125627.0,4
125629.0,6
125636.0,4
125682.0,20
125702.0,6
125708.0,5
125732.0,4
125740.0,26
125775.0,26
125813.0,40
125856.0,15
125881.0,8
126042.0,3
126045.0,6
126125.0,17
126227.0,63
126475.0,128
126678.0,7
126689.0,100
126816.0,3
126851.0,29
126938.0,2
126944.0,29
126998.0,114
127134.0,31
127167.0,21
127191.0,3
127199.0,16
127211.0,4
127214.0,12
127241.0,4
127261.0,61
127387.0,24
127579.0,3
127587.0,91
127676.0,61
127736.0,28
127770.0,5
127788.0,15
127799.0,10
127853.0,11
127895.0,14
127908.0,14
127937.0,7
127979.0,24
128023.0,12
128042.0,9
128050.0,35
128087.0,15
128106.0,9
128111.0,41
128254.0,36
128288.0,17
128315.0,56
128377.0,13
128385.0,6
128606.0,33
128652.0,126
128779.0,36
128815.0,46
128867.0,10
128996.0,22
129003.0,3
129071.0,9
129176.0,2
129195.0,5
129228.0,7
129250.0,10
129371.0,54
129429.0,8
129459.0,117
129754.0,3
129791.0,8
129798.0,63
129863.0,45
129905.0,39
129944.0,19
129964.0,15
129983.0,11
129998.0,17
130026.0,4
130065.0,14
130085.0,2
130088.0,13
130128.0,24
130153.0,6
130213.0,34
130232.0,24
130252.0,68
130323.0,6
130330.0,18
130358.0,15
130547.0,14
130574.0,19
130590.0,4
130594.0,14
130608.0,58
130671.0,18
130688.0,10
130705.0,6
130718.0,45
130766.0,125
130893.0,3
130897.0,9
130905.0,3
130908.0,2
130913.0,29
130961.0,9
130987.0,5
130993.0,3
130995.0,4
131002.0,10
131013.0,31
131075.0,25
131160.0,3
131163.0,3
131185.0,63
131251.0,18
131339.0,21
131360.0,4
131367.0,5
131369.0,5
131374.0,5
131379.0,31
131608.0,4
131610.0,5
131637.0,19
131645.0,61
131719.0,18
131860.0,418
132278.0,14
132377.0,5
132379.0,3
132383.0,13
132403.0,18
132421.0,26
132452.0,16
132487.0,5
132523.0,42
132542.0,36
132608.0,3
132704.0,5
132843.0,3
133039.0,10
133091.0,8
133100.0,3
133109.0,5
133130.0,3
133204.0,5
133625.0,5
133630.0,3
134200.0,3
134211.0,7
134238.0,9
134257.0,3
134516.0,4
135103.0,3
136329.0,3
136568.0,4
136767.0,2
136874.0,4
137457.0,5
137484.0,3
138706.0,10
138780.0,3
138795.0,3
138829.0,2
138840.0,5
138863.0,2
138877.0,4
138881.0,7
138928.0,4
138955.0,2
138998.0,3
139001.0,3
139004.0,9
139053.0,6
139059.0,16
139075.0,29
139117.0,3
139122.0,7
139129.0,6
139141.0,6
139152.0,10
139163.0,4
139191.0,6
139193.0,2
139201.0,7
139220.0,3
139247.0,5
139250.0,14
139267.0,3
139284.0,11
139296.0,6
139341.0,3
139372.0,3
139383.0,2
139396.0,3
139398.0,7
139427.0,3
139458.0,9
139487.0,2
139736.0,3
139740.0,19
139758.0,36
139800.0,5
139817.0,5
139822.0,2
139848.0,3
139851.0,6
139888.0,14
139906.0,3
139911.0,4
139913.0,4
139917.0,7
139924.0,2
139931.0,9
139940.0,5
139955.0,10
139969.0,10
139982.0,2
139992.0,9
140055.0,8
140098.0,13
140112.0,7
140155.0,6
140167.0,2
140171.0,17
140188.0,6
140195.0,5
140200.0,5
140259.0,8
140291.0,2
140332.0,5
140337.0,8
140354.0,5
140371.0,16
140398.0,3
140402.0,13
140527.0,6
140538.0,27
140617.0,16
140646.0,11
140669.0,5
140690.0,8
140705.0,3
140734.0,29
140784.0,3
140794.0,26
140826.0,11
140868.0,20
140887.0,2
140897.0,6
140904.0,26
140940.0,4
140998.0,8
141041.0,2
141043.0,6
141049.0,4
141054.0,4
141069.0,2
141072.0,9
141080.0,4
141096.0,5
141138.0,5
141145.0,3
141151.0,6
141156.0,10
141166.0,3
141190.0,14
141218.0,4
141233.0,2
141236.0,2
141243.0,11
141279.0,3
141292.0,4
141296.0,4
141331.0,5
141386.0,3
141396.0,12
141411.0,4
141435.0,4
141463.0,4
141481.0,3
141502.0,2
141510.0,5
141521.0,2
141523.0,12
141561.0,5
141579.0,3
141627.0,2
141630.0,2
141678.0,4
141685.0,8
141747.0,4
141751.0,7
141780.0,4
141782.0,8
141861.0,2
141894.0,3
141899.0,4
141906.0,4
141910.0,3
141913.0,2
141915.0,3
141920.0,4
141926.0,7
141932.0,3
141937.0,9
141943.0,4
141952.0,4
141957.0,8
141964.0,4
141974.0,5
141995.0,8
142007.0,2
142011.0,4
142031.0,4
142034.0,4
142038.0,2
142045.0,10
142050.0,2
142056.0,7
142076.0,2
142079.0,5
142083.0,2
142097.0,2
142139.0,6
142148.0,4
142161.0,4
142164.0,12
142175.0,3
142183.0,2
142185.0,5
142190.0,5
142207.0,3
142228.0,2
142240.0,3
142243.0,6
142249.0,6
142289.0,9
142295.0,3
142309.0,3
142313.0,5
142324.0,7
142328.0,2
142334.0,2
142342.0,7
142350.0,4
142359.0,7
142373.0,4
142387.0,4
142391.0,2
142394.0,6
142400.0,5
142414.0,5
142426.0,4
142441.0,3
142448.0,2
142468.0,9
142489.0,2
142491.0,5
142499.0,7
142506.0,3
142521.0,5
142526.0,4
142530.0,3
142533.0,2
142537.0,8
142571.0,2
142576.0,5
142588.0,3
142599.0,3
142603.0,3
142608.0,4
142612.0,2
142639.0,2
142645.0,2
142647.0,2
142653.0,3
142657.0,3
142661.0,7
142682.0,5
142687.0,2
142702.0,4
142707.0,5
142728.0,7
142739.0,3
142748.0,2
142763.0,2
142765.0,2
142780.0,5
142788.0,8
142795.0,7
142823.0,4
142835.0,4
142845.0,4
142877.0,3
142906.0,2
142908.0,3
142940.0,6
143004.0,3
143011.0,4
143021.0,6
143044.0,2
143064.0,6
143069.0,4
143073.0,3
143076.0,4
143086.0,7
143126.0,9
143135.0,6
143141.0,4
143145.0,5
143158.0,7
143169.0,8
143176.0,2
143183.0,3
143193.0,4
143210.0,3
143242.0,5
143247.0,7
143266.0,3
143270.0,7
143277.0,34
143312.0,34
143345.0,10
143355.0,22
143419.0,5
143424.0,10
143442.0,5
143453.0,8
143463.0,11
143473.0,3
143492.0,15
143510.0,12
143546.0,22
143566.0,11
143571.0,2
143573.0,3
143613.0,3
143627.0,14
143641.0,3
143645.0,14
143667.0,3
143670.0,5
143679.0,13
143699.0,4
143702.0,8
143710.0,4
143714.0,3
143732.0,11
143741.0,2
143743.0,26
143772.0,5
143774.0,4
143805.0,6
143813.0,9
143826.0,10
143853.0,10
143859.0,3
143871.0,8
143898.0,6
143902.0,5
143919.0,6
143925.0,17
143950.0,2
143962.0,3
143976.0,3
143978.0,6
143987.0,17
144022.0,12
144035.0,13
144044.0,3
144047.0,2
144049.0,15
144064.0,8
144074.0,6
144079.0,6
144085.0,9
144094.0,11
144119.0,18
144137.0,3
144141.0,4
144155.0,6
144161.0,4
144167.0,6
144171.0,19
144190.0,6
144196.0,9
144205.0,3
144220.0,17
144235.0,16
144251.0,10
144261.0,47
144309.0,6
144314.0,5
144319.0,22
144341.0,16
144359.0,20
144378.0,4
144382.0,3
144390.0,22
144416.0,14
144423.0,15
144438.0,7
144451.0,20
144467.0,11
144480.0,28
144505.0,5
144513.0,7
144519.0,7
144527.0,27
144558.0,28
144587.0,73
144658.0,9
144669.0,8
144686.0,82
144769.0,22
144790.0,2
144792.0,2
144803.0,11
144822.0,9
144828.0,7
144835.0,9
144855.0,9
144903.0,4
144915.0,36
144974.0,12
144984.0,14
144998.0,6
145057.0,8
145088.0,33
145120.0,5
145152.0,7
145200.0,9
145211.0,13
145222.0,6
145228.0,8
145236.0,12
145249.0,5
145253.0,2
145255.0,43
145310.0,3
145313.0,9
145322.0,21
145377.0,4
145393.0,15
145396.0,9
145404.0,22
145446.0,4
145448.0,13
145474.0,26
145513.0,2
145515.0,2
145528.0,6
145536.0,12
145547.0,9
145555.0,4
145560.0,18
145642.0,48
145704.0,7
145767.0,3
145784.0,9
145795.0,30
145843.0,7
145852.0,10
145887.0,6
145892.0,5
145897.0,8
145905.0,6
145912.0,23
145935.0,4
145944.0,16
145958.0,6
145984.0,6
145989.0,9
146001.0,6
146005.0,3
146007.0,12
146019.0,12
146031.0,11
146043.0,12
146072.0,7
146078.0,5
146082.0,5
146088.0,22
146111.0,8
146118.0,4
146123.0,23
146145.0,7
146158.0,7
146167.0,13
146178.0,15
146193.0,10
146228.0,13
146241.0,5
146258.0,19
146302.0,3
146307.0,4
146337.0,7
146342.0,8
146350.0,4
146360.0,4
146367.0,10
146375.0,8
146383.0,5
146391.0,6
146395.0,3
146400.0,18
146418.0,8
146427.0,6
146433.0,5
146437.0,5
146471.0,22
146545.0,2
146549.0,2
146553.0,4
146556.0,6
146574.0,4
146580.0,2
146610.0,15
146626.0,5
146630.0,17
146653.0,2
146657.0,2
146659.0,3
146662.0,8
146680.0,4
146685.0,7
146692.0,5
146696.0,3
146706.0,2
146708.0,15
146723.0,6
146729.0,7
146787.0,9
146793.0,45
146840.0,14
146871.0,6
147299.0,14
147311.0,20
147331.0,17
147355.0,10
147380.0,2
147405.0,13
147431.0,5
147435.0,5
147440.0,13
147470.0,3
147474.0,6
147495.0,9
147539.0,11
147546.0,3
147551.0,9
147557.0,12
147590.0,2
147593.0,8
147600.0,28
147629.0,4
147667.0,38
147724.0,47
147768.0,6
147814.0,11
147834.0,14
147862.0,8
147952.0,42
148001.0,5
148026.0,8
148032.0,10
148042.0,2
148045.0,45
148097.0,2
148099.0,13
148115.0,11
148123.0,4
148128.0,26
148153.0,41
148195.0,7
148205.0,46
148260.0,17
148279.0,14
148289.0,4
148299.0,11
148304.0,8
148313.0,23
148336.0,30
148365.0,8
148373.0,9
148411.0,16
148437.0,36
148491.0,11
148502.0,14
148519.0,8
148534.0,2
148539.0,4
148543.0,18
148565.0,48
148632.0,6
148642.0,3
148647.0,10
148682.0,26
148755.0,19
148776.0,61
148918.0,14
148944.0,23
148967.0,8
149010.0,15
149025.0,20
149047.0,4
149051.0,12
149061.0,16
149077.0,4
149083.0,6
149090.0,16
149109.0,10
149115.0,7
149130.0,8
149140.0,12
149152.0,8
149160.0,11
149171.0,36
149208.0,11
149232.0,9
149245.0,26
149281.0,5
149319.0,12
149349.0,3
149359.0,10
149362.0,7
149369.0,3
149373.0,3
149375.0,3
149378.0,5
149406.0,6
149412.0,10
149422.0,4
149440.0,3
149443.0,7
149524.0,3
149526.0,4
149532.0,8
149546.0,2
149551.0,3
149554.0,3
149559.0,5
149564.0,6
149571.0,3
149587.0,10
149596.0,20
149677.0,3
149798.0,4
149874.0,2
149890.0,2
149952.0,3
150017.0,2
150066.0,3
150108.0,3
150147.0,2
150149.0,3
150290.0,16
150306.0,28
150335.0,6
150340.0,42
150384.0,57
150439.0,11
150453.0,16
150469.0,5
150472.0,7
150482.0,12
150492.0,23
150517.0,11
150544.0,6
150557.0,10
150565.0,12
150583.0,11
150587.0,12
150606.0,16
150614.0,12
150629.0,6
150632.0,10
150644.0,5
150649.0,7
150655.0,17
150671.0,4
150691.0,3
150696.0,4
150700.0,6
150707.0,3
150712.0,3
150717.0,9
150729.0,11
150737.0,7
150748.0,2
150750.0,13
150763.0,27
150793.0,5
150798.0,7
150817.0,6
150820.0,12
150835.0,9
150846.0,10
150855.0,4
150862.0,4
150866.0,2
150871.0,8
150879.0,10
150888.0,2
150892.0,5
150897.0,11
150908.0,2
150910.0,13
150927.0,4
150931.0,12
150942.0,2
150946.0,5
150956.0,4
150962.0,4
150968.0,11
150988.0,14
151001.0,4
151010.0,2
151013.0,10
151034.0,12
151046.0,4
151049.0,6
151062.0,7
151073.0,2
151075.0,3
151079.0,6
151084.0,5
151096.0,8
151107.0,5
151109.0,10
151121.0,20
151182.0,6
151187.0,6
151238.0,6
151278.0,3
151285.0,9
151290.0,10
151300.0,2
151319.0,29
151349.0,3
151351.0,16
151368.0,18
151442.0,3
151451.0,30
151477.0,11
151534.0,15
151548.0,6
151555.0,25
151609.0,26
151684.0,11
151691.0,17
151736.0,4
151756.0,4
151764.0,8
151769.0,16
151793.0,29
151893.0,28
151917.0,17
151932.0,3
151945.0,3
151956.0,26
151985.0,82
152081.0,6
152108.0,6
152113.0,16
152137.0,4
152167.0,5
152172.0,9
152273.0,4
152285.0,32
152317.0,12
152341.0,4
152345.0,4
152402.0,9
152460.0,10
152472.0,3
152482.0,8
152489.0,9
152498.0,92
152616.0,13
152622.0,5
152630.0,7
152639.0,30
152671.0,19
152688.0,3
152762.0,10
152771.0,2
152882.0,7
152890.0,4
152898.0,10
152905.0,9
152934.0,5
152942.0,2
152949.0,13
152989.0,7
152996.0,52
153049.0,4
153052.0,2
153062.0,8
153065.0,4
153069.0,2
153147.0,17
153164.0,14
153283.0,2
153285.0,14
153301.0,14
153572.0,6
153623.0,16
153642.0,10
153653.0,27
153699.0,27
153733.0,20
153744.0,3
153991.0,10
153997.0,14
154017.0,25
154088.0,4
154134.0,10
154182.0,6
154186.0,13
154201.0,29
154231.0,14
154254.0,5
154258.0,20
154278.0,13
154312.0,10
154317.0,10
154368.0,13
154395.0,13
154465.0,7
154492.0,9
154497.0,15
154511.0,11
154531.0,11
154536.0,8
154544.0,18
154576.0,14
154612.0,7
154619.0,2
154622.0,4
154632.0,10
154644.0,9
154649.0,3
154681.0,10
154703.0,6
154725.0,9
154739.0,12
154771.0,6
154789.0,2
154818.0,3
154824.0,10
154836.0,7
154853.0,14
154861.0,6
154898.0,27
154931.0,3
154948.0,12
155046.0,15
155062.0,9
155069.0,16
155085.0,2
155089.0,8
155103.0,11
155114.0,8
155132.0,3
155135.0,10
155145.0,3
155163.0,8
155171.0,5
155185.0,3
155192.0,7
155203.0,19
155226.0,10
155233.0,9
155250.0,9
155274.0,6
155282.0,13
155297.0,8
155339.0,3
155378.0,9
155603.0,3
155607.0,4
155760.0,2
155911.0,4
155977.0,2
156187.0,2
156201.0,6
156214.0,32
156270.0,8
156280.0,16
156296.0,17
156316.0,3
156319.0,10
156329.0,21
156351.0,8
156447.0,6
156453.0,2
157116.0,11
157159.0,9
157305.0,15
157346.0,5
157357.0,6
157597.0,4
157629.0,4
157651.0,2
158090.0,7
158100.0,6
158144.0,5
158158.0,4
158204.0,5
158248.0,5
158261.0,12
158316.0,5
158333.0,8
158344.0,6
158571.0,3
158707.0,8
158732.0,5
158792.0,8
158954.0,26
159031.0,6
159041.0,4
159053.0,2
159061.0,6
159067.0,6
159077.0,5
159082.0,8
159094.0,5
159099.0,3
159106.0,4
159120.0,2
159122.0,3
159125.0,2
159127.0,11
159146.0,2
159160.0,3
159164.0,8
159177.0,12
159189.0,7
159207.0,3
159215.0,8
159220.0,7
159232.0,9
159243.0,4
159251.0,4
159253.0,9
159262.0,3
159291.0,6
159297.0,2
159299.0,3
159303.0,5
159307.0,3
159312.0,8
159345.0,4
159356.0,3
159360.0,14
159375.0,5
159392.0,2
159397.0,2
159402.0,9
159414.0,6
159419.0,4
159426.0,4
159430.0,4
159434.0,5
159448.0,4
159495.0,3
159501.0,4
159505.0,3
159515.0,6
159522.0,4
159527.0,3
159538.0,4
159556.0,3
159568.0,18
159588.0,6
159621.0,3
159648.0,8
159650.0,11
159662.0,3
159668.0,3
159685.0,3
159688.0,3
159693.0,6
159705.0,5
159719.0,3
159722.0,3
159738.0,4
159743.0,9
159760.0,5
159768.0,3
159772.0,5
159787.0,10
159798.0,4
159818.0,4
159835.0,2
159840.0,7
159848.0,6
159852.0,14
159869.0,5
159874.0,2
159877.0,6
159882.0,2
159900.0,5
159909.0,2
159921.0,2
159923.0,3
159930.0,2
159933.0,6
159948.0,8
159956.0,3
159959.0,5
159964.0,2
159991.0,3
159995.0,3
159997.0,2
160000.0,5
160015.0,2
160022.0,7
160027.0,13
160050.0,5
160081.0,2
160090.0,8
160108.0,2
160125.0,4
160135.0,6
160143.0,6
160148.0,2
160151.0,4
160154.0,7
160165.0,3
160168.0,3
160178.0,5
160199.0,3
160202.0,4
160221.0,3
160225.0,8
160236.0,6
160259.0,2
160263.0,16
160283.0,6
160289.0,3
160296.0,9
160315.0,13
160335.0,6
160362.0,4
160364.0,5
160380.0,6
160385.0,5
160389.0,4
160393.0,4
160404.0,4
160409.0,6
160415.0,6
160433.0,3
160444.0,4
160457.0,4
160461.0,2
160467.0,4
160475.0,2
160478.0,3
160482.0,9
160493.0,3
160502.0,3
160524.0,13
160541.0,5
160551.0,2
160554.0,4
160557.0,2
160575.0,4
160577.0,6
160584.0,3
160590.0,2
160595.0,3
160598.0,6
160606.0,4
160608.0,2
160610.0,7
160620.0,9
160637.0,10
160652.0,5
160669.0,3
160679.0,2
160695.0,9
160704.0,4
160708.0,3
160711.0,5
160715.0,5
160731.0,6
160745.0,3
160750.0,8
160765.0,3
160778.0,2
160792.0,2
160796.0,5
160809.0,4
160817.0,4
160824.0,3
160845.0,4
160850.0,6
160869.0,21
160896.0,5
160908.0,3
160931.0,5
160935.0,4
160946.0,6
160964.0,5
160975.0,11
160998.0,6
161007.0,2
161012.0,3
161036.0,11
161047.0,3
161053.0,2
161055.0,2
161061.0,6
161066.0,8
161074.0,3
161076.0,3
161087.0,4
161098.0,4
161102.0,6
161117.0,6
161129.0,4
161137.0,3
161142.0,2
161175.0,7
161188.0,5
161197.0,2
161229.0,3
161239.0,2
161245.0,5
161301.0,4
161342.0,3
161352.0,2
161380.0,6
161383.0,2
161391.0,3
161403.0,4
161417.0,2
161419.0,4
161444.0,4
161448.0,2
161478.0,5
161491.0,3
161493.0,5
161536.0,5
161557.0,2
161559.0,2
161563.0,2
161565.0,4
161575.0,3
161590.0,4
161625.0,6
161638.0,3
161659.0,3
161663.0,4
161666.0,5
161670.0,3
161674.0,4
161697.0,3
161709.0,7
161733.0,3
161743.0,3
161754.0,3
161766.0,8
161774.0,2
161793.0,10
161801.0,3
161807.0,3
161825.0,2
161873.0,9
161880.0,7
161899.0,8
161904.0,4
161942.0,7
161952.0,3
161963.0,4
161966.0,5
161980.0,2
161998.0,4
162005.0,2
162016.0,5
162021.0,3
162053.0,3
162058.0,4
162080.0,13
162109.0,5
162125.0,5
162134.0,4
162152.0,5
162156.0,3
162165.0,2
162173.0,4
162188.0,7
162196.0,7
162231.0,5
162236.0,4
162245.0,8
162252.0,7
162267.0,3
162273.0,5
162296.0,10
162312.0,5
162357.0,2
162360.0,12
162371.0,5
162381.0,5
162391.0,4
162395.0,2
162401.0,6
162420.0,3
162438.0,6
162446.0,2
162463.0,9
162479.0,3
162485.0,7
162510.0,5
162546.0,3
162553.0,8
162570.0,3
162572.0,2
162577.0,5
162597.0,6
162625.0,6
162630.0,3
162637.0,5
162641.0,3
162670.0,8
162698.0,5
162709.0,9
162719.0,2
162730.0,2
162758.0,2
162768.0,2
162770.0,2
162774.0,5
162804.0,3
162810.0,4
162821.0,4
162840.0,6
162845.0,5
162856.0,5
162861.0,9
162879.0,5
162903.0,3
162912.0,10
162924.0,2
162958.0,2
162962.0,5
162967.0,2
162988.0,2
162990.0,2
163005.0,6
163028.0,5
163038.0,5
163043.0,2
163046.0,4
163051.0,4
163077.0,4
163087.0,5
163163.0,3
163181.0,2
163183.0,2
163185.0,5
163193.0,7
163213.0,3
163234.0,4
163356.0,6
163362.0,6
163368.0,4
163377.0,5
163386.0,15
163400.0,4
163409.0,2
163413.0,6
163419.0,5
163423.0,6
163434.0,3
163442.0,2
163444.0,4
163467.0,6
163475.0,5
163481.0,6
163527.0,6
163550.0,3
163568.0,6
163577.0,4
163597.0,4
163605.0,2
163610.0,5
163641.0,7
163645.0,2
163651.0,10
163670.0,5
163685.0,4
163720.0,12
163740.0,6
163744.0,3
163752.0,4
163760.0,4
163774.0,5
163810.0,4
163817.0,5
163823.0,5
163836.0,8
163862.0,7
163871.0,3
163905.0,2
163913.0,5
163953.0,9
163977.0,3
163980.0,4
164017.0,3
164022.0,5
164025.0,6
164051.0,3
164054.0,12
164067.0,9
164095.0,3
164099.0,3
164108.0,4
164111.0,3
164124.0,4
164130.0,6
164138.0,6
164142.0,2
164153.0,2
164160.0,4
164164.0,4
164181.0,6
164202.0,3
164212.0,4
164263.0,3
164268.0,2
164275.0,3
164277.0,5
164288.0,5
164308.0,6
164336.0,3
164340.0,2
164370.0,3
164391.0,3
164402.0,4
164406.0,4
164420.0,8
164428.0,2
164432.0,7
164447.0,6
164474.0,4
164479.0,4
164484.0,7
164498.0,4
164514.0,5
164544.0,7
164588.0,12
164623.0,3
164626.0,3
164633.0,6
164651.0,3
164653.0,4
164668.0,4
164703.0,9
164720.0,4
164730.0,3
164743.0,4
164765.0,2
164819.0,2
164822.0,3
164857.0,2
164869.0,4
164876.0,4
164880.0,2
164895.0,6
164902.0,7
164911.0,2
164948.0,4
164951.0,6
164964.0,4
164994.0,3
165006.0,6
165011.0,4
165043.0,3
165046.0,5
165058.0,4
165068.0,7
165103.0,2
165115.0,3
165143.0,7
165151.0,3
165164.0,4
165176.0,3
165184.0,6
165195.0,4
165204.0,2
165207.0,3
165226.0,6
165242.0,5
165256.0,5
165273.0,5
165281.0,8
165292.0,6
165305.0,2
165307.0,3
165310.0,5
165339.0,2
165341.0,4
165356.0,3
165364.0,3
165424.0,5
165433.0,4
165497.0,2
165499.0,3
165522.0,3
165537.0,6
165556.0,5
165571.0,2
165581.0,3
165584.0,5
165594.0,9
165603.0,2
165616.0,3
165624.0,5
165648.0,5
165689.0,6
165723.0,4
165729.0,4
165734.0,4
165740.0,2
165743.0,6
165748.0,2
165751.0,5
165755.0,4
165769.0,6
165777.0,8
165788.0,2
165794.0,2
165814.0,2
165827.0,4
165838.0,2
165851.0,9
165862.0,2
165883.0,2
165935.0,3
165942.0,5
165954.0,6
165964.0,7
166001.0,9
166010.0,5
166015.0,2
166023.0,3
166026.0,5
166046.0,4
166054.0,5
166059.0,10
166086.0,3
166102.0,3
166117.0,4
166171.0,5
166175.0,3
166183.0,4
166198.0,5
166203.0,3
166206.0,5
166258.0,4
166262.0,3
166272.0,6
166279.0,5
166304.0,7
166311.0,2
166315.0,5
166335.0,5
166342.0,3
166353.0,4
166407.0,3
166410.0,2
166458.0,5
166463.0,4
166509.0,3
166521.0,4
166526.0,7
166532.0,4
166548.0,4
166557.0,5
166565.0,5
166579.0,5
166601.0,5
166608.0,5
166622.0,5
166626.0,3
166638.0,5
166662.0,4
166666.0,6
166672.0,8
166704.0,2
166718.0,4
166729.0,6
166733.0,4
166764.0,3
166767.0,2
166774.0,8
166782.0,3
166787.0,4
166791.0,8
166805.0,8
166822.0,4
166828.0,2
166836.0,2
166879.0,4
166886.0,5
166909.0,9
166917.0,4
166922.0,4
166939.0,7
166950.0,5
166954.0,3
166964.0,6
166970.0,5
166989.0,5
166996.0,4
166998.0,3
167004.0,4
167018.0,4
167045.0,8
167053.0,6
167068.0,6
167086.0,6
167102.0,5
167107.0,4
167122.0,5
167127.0,3
167135.0,3
167148.0,2
167158.0,4
167173.0,4
167206.0,12
167218.0,3
167220.0,11
167252.0,6
167302.0,10
167306.0,3
167312.0,4
167322.0,6
167324.0,3
167334.0,9
167343.0,6
167355.0,3
167375.0,4
167382.0,4
167413.0,10
167437.0,3
167442.0,6
167452.0,3
167467.0,2
167470.0,7
167480.0,6
167497.0,12
167542.0,6
167548.0,3
167551.0,3
167554.0,3
167573.0,5
167619.0,3
167629.0,3
167638.0,3
167648.0,11
167673.0,7
167692.0,7
167722.0,7
167756.0,5
167771.0,4
167778.0,4
167790.0,7
167818.0,2
167835.0,4
167844.0,7
167856.0,3
167859.0,4
167864.0,7
167870.0,5
167893.0,2
167912.0,5
167924.0,7
167941.0,3
167946.0,4
167955.0,7
167984.0,9
168006.0,4
168011.0,7
168025.0,8
168047.0,2
168056.0,2
168063.0,2
168069.0,3
168096.0,5
168110.0,4
168121.0,3
168125.0,3
168129.0,5
168146.0,3
168152.0,2
168165.0,2
168176.0,3
168189.0,5
168193.0,3
168200.0,2
168210.0,2
168213.0,5
168232.0,7
168265.0,4
168272.0,4
168276.0,5
168328.0,6
168367.0,4
168372.0,4
168375.0,2
168377.0,4
168383.0,5
168388.0,3
168392.0,5
168397.0,5
168408.0,4
168412.0,6
168421.0,4
168439.0,4
168446.0,3
168459.0,5
168464.0,4
168472.0,4
168475.0,8
168501.0,3
168504.0,2
168507.0,4
168530.0,4
168540.0,3
168595.0,4
168632.0,3
168646.0,3
168672.0,4
168681.0,6
168699.0,5
168706.0,4
168739.0,5
168790.0,6
168821.0,3
168824.0,2
168829.0,4
168834.0,3
168843.0,4
168851.0,3
168867.0,2
168876.0,3
168882.0,4
168946.0,3
168950.0,5
168956.0,4
168966.0,7
168987.0,2
168995.0,3
168998.0,5
169007.0,2
169032.0,4
169035.0,5
169045.0,7
169067.0,3
169070.0,3
169073.0,3
169080.0,11
169092.0,3
169117.0,4
169145.0,2
169152.0,2
169214.0,5
169219.0,5
169227.0,6
169248.0,3
169251.0,3
169265.0,3
169276.0,11
169309.0,4
169313.0,7
169335.0,2
169337.0,6
169370.0,3
169377.0,6
169397.0,3
169422.0,3
169433.0,4
169440.0,3
169444.0,4
169469.0,6
169504.0,3
169508.0,5
169524.0,7
169534.0,7
169548.0,5
169570.0,2
169587.0,2
169596.0,5
169601.0,2
169603.0,2
169615.0,10
169673.0,4
169712.0,3
169714.0,5
169730.0,5
169745.0,9
169757.0,4
169762.0,4
169765.0,8
169773.0,2
169778.0,3
169784.0,2
169792.0,9
169798.0,4
169842.0,6
169847.0,10
169867.0,5
169884.0,7
169891.0,6
169925.0,4
169927.0,7
169938.0,4
169949.0,4
169952.0,3
169958.0,2
169987.0,2
169991.0,6
170005.0,2
170012.0,5
170032.0,3
170039.0,8
170060.0,7
170076.0,3
170078.0,3
170097.0,6
170103.0,5
170134.0,4
170181.0,3
170202.0,3
170206.0,6
170212.0,8
170240.0,2
170243.0,4
170274.0,5
170279.0,4
170295.0,4
170307.0,7
170326.0,4
170363.0,5
170386.0,6
170392.0,6
170424.0,4
170429.0,3
170442.0,5
170448.0,3
170484.0,4
170492.0,4
170496.0,3
170506.0,6
170514.0,3
170522.0,2
170534.0,6
170583.0,5
170591.0,4
170595.0,4
170600.0,3
170613.0,4
170625.0,11
170629.0,5
170660.0,4
170688.0,4
170699.0,7
170720.0,2
170723.0,6
170758.0,5
170764.0,7
170773.0,2
170779.0,4
170793.0,3
170810.0,3
170825.0,2
170834.0,3
170838.0,4
170846.0,2
170859.0,5
170873.0,3
170903.0,2
170907.0,2
170909.0,3
170912.0,2
170916.0,2
170968.0,2
170973.0,6
170986.0,6
171010.0,5
171023.0,2
171025.0,3
171061.0,8
171091.0,5
171114.0,5
171122.0,10
171135.0,2
171138.0,3
171160.0,4
171181.0,7
171189.0,5
171192.0,3
171208.0,2
171229.0,4
171235.0,5
171269.0,7
171278.0,5
171283.0,4
171286.0,4
171290.0,2
171292.0,8
171339.0,7
171346.0,3
171352.0,6
171359.0,5
171372.0,2
171399.0,4
171440.0,3
171461.0,5
171464.0,4
171471.0,2
171481.0,3
171491.0,2
171504.0,2
171514.0,4
171523.0,13
171542.0,3
171559.0,4
171572.0,6
171606.0,3
171620.0,11
171679.0,3
171685.0,2
171702.0,2
171734.0,7
171758.0,7
171767.0,2
171801.0,7
171817.0,4
171821.0,6
171836.0,4
171878.0,3
171927.0,2
171945.0,7
171960.0,2
171976.0,5
171979.0,6
171984.0,7
171995.0,5
172002.0,5
172033.0,3
172038.0,4
172041.0,4
172049.0,3
172059.0,6
172063.0,5
172093.0,4
172124.0,4
172127.0,7
172137.0,7
172164.0,7
172172.0,6
172197.0,5
172204.0,4
172212.0,8
172236.0,7
172244.0,6
172259.0,2
172294.0,9
172303.0,5
172323.0,8
172334.0,7
172346.0,14
172426.0,4
172432.0,8
172453.0,2
172493.0,3
172499.0,2
172516.0,6
172522.0,2
172535.0,7
172542.0,4
172547.0,8
172555.0,9
172574.0,10
172595.0,4
172614.0,5
172641.0,4
172645.0,3
172685.0,10
172696.0,3
172702.0,4
172706.0,4
172724.0,2
172727.0,3
172740.0,3
172743.0,6
172758.0,4
172775.0,3
172796.0,4
172816.0,12
172855.0,4
172865.0,3
172875.0,3
172887.0,3
172897.0,3
172922.0,4
172932.0,4
172944.0,2
172950.0,3
172955.0,4
172971.0,6
173019.0,4
173028.0,2
173030.0,9
173041.0,13
173052.0,3
173070.0,4
173088.0,9
173105.0,5
173138.0,4
173168.0,2
173171.0,3
173180.0,7
173188.0,3
173198.0,8
173214.0,3
173237.0,6
173257.0,3
173260.0,3
173265.0,4
173280.0,6
173289.0,8
173303.0,6
173331.0,4
173334.0,9
173343.0,3
173355.0,2
173368.0,3
173381.0,3
173392.0,4
173396.0,5
173408.0,5
173424.0,4
173433.0,7
173448.0,3
173463.0,5
173475.0,5
173480.0,4
173524.0,4
173531.0,5
173539.0,6
173545.0,4
173614.0,5
173629.0,4
173639.0,3
173646.0,2
173648.0,6
173664.0,3
173667.0,4
173696.0,2
173709.0,4
173715.0,5
173721.0,3
173723.0,2
173729.0,2
173764.0,3
173771.0,3
173787.0,5
173796.0,4
173800.0,3
173847.0,5
173854.0,11
173864.0,9
173894.0,4
173938.0,3
173942.0,14
173986.0,8
174024.0,3
174033.0,15
174046.0,2
174057.0,4
174072.0,4
174090.0,3
174098.0,5
174129.0,6
174142.0,2
174155.0,9
174160.0,6
174178.0,3
174184.0,3
174213.0,5
174220.0,4
174227.0,6
174234.0,11
174242.0,3
174253.0,2
174263.0,3
174266.0,4
174273.0,11
174284.0,3
174305.0,13
174319.0,6
174356.0,3
174362.0,3
174379.0,3
174384.0,9
174393.0,3
174396.0,2
174405.0,5
174435.0,4
174475.0,6
174529.0,10
174587.0,3
174592.0,4
174611.0,5
174621.0,9
174661.0,2
174667.0,2
174680.0,11
174695.0,4
174702.0,2
174712.0,4
174739.0,7
174753.0,3
174768.0,3
174773.0,6
174781.0,2
174786.0,5
174795.0,3
174804.0,4
174810.0,3
174822.0,3
174827.0,5
174855.0,2
174911.0,12
174952.0,7
174958.0,2
174962.0,8
174968.0,5
175011.0,9
175038.0,5
175043.0,4
175049.0,6
175055.0,4
175083.0,2
175103.0,3
175106.0,2
175136.0,5
175138.0,2
175143.0,4
175152.0,5
175165.0,7
175182.0,2
175186.0,5
175191.0,4
175245.0,4
175248.0,8
175256.0,2
175272.0,11
175292.0,10
175298.0,5
175330.0,2
175341.0,5
175406.0,5
175421.0,2
175527.0,12
175572.0,5
175615.0,4
175620.0,12
175633.0,4
175646.0,3
175649.0,5
175665.0,2
175667.0,7
175674.0,4
175678.0,5
175713.0,4
175725.0,2
175750.0,6
175784.0,3
175787.0,7
175801.0,5
175828.0,2
175837.0,3
175842.0,3
175881.0,3
175895.0,2
175923.0,3
175958.0,10
175982.0,3
175995.0,11
176014.0,2
176025.0,5
176080.0,4
176087.0,3
176103.0,4
176122.0,4
176146.0,3
176166.0,2
176198.0,5
176203.0,3
176206.0,5
176243.0,4
176263.0,5
176274.0,2
176284.0,5
176297.0,6
176331.0,7
176355.0,2
176362.0,3
176405.0,4
176413.0,9
176436.0,10
176444.0,3
176449.0,3
176452.0,2
176525.0,4
176530.0,2
176547.0,3
176551.0,2
176555.0,4
176606.0,2
176614.0,3
176617.0,2
176624.0,5
176644.0,7
176664.0,10
176673.0,2
176686.0,7
176705.0,3
176711.0,3
176750.0,5
176755.0,2
176778.0,2
176784.0,3
176822.0,5
176831.0,8
176850.0,3
176930.0,2
176943.0,2
176960.0,6
176969.0,7
177018.0,3
177030.0,7
177046.0,4
177089.0,3
177214.0,7
177217.0,3
177219.0,11
177233.0,6
177241.0,2
177258.0,3
177293.0,6
177304.0,4
177307.0,4
177322.0,6
177331.0,3
177342.0,3
177359.0,11
177375.0,4
177379.0,6
177405.0,2
177424.0,4
177453.0,2
177478.0,4
177489.0,3
177528.0,9
177554.0,2
177594.0,14
177608.0,6
177614.0,4
177753.0,6
177756.0,4
177762.0,22
177799.0,10
177819.0,4
177822.0,35
177871.0,8
177886.0,4
177923.0,4
177940.0,4
177944.0,4
177961.0,3
177971.0,4
177982.0,4
177997.0,6
178012.0,8
178021.0,7
178090.0,6
178111.0,5
178129.0,5
178241.0,3
178274.0,5
178358.0,3
178402.0,2
178406.0,6
178468.0,4
178475.0,5
178519.0,4
178529.0,3
178532.0,5
178555.0,5
178591.0,4
178616.0,2
178623.0,4
178657.0,5
178671.0,4
178675.0,3
178683.0,4
178756.0,6
178765.0,3
178858.0,4
178883.0,2
178885.0,4
178917.0,2
178932.0,16
178975.0,2
178984.0,7
178988.0,2
178995.0,3
179004.0,3
179024.0,8
179110.0,4
179114.0,3
179117.0,4
179128.0,2
179145.0,2
179173.0,2
179204.0,7
179264.0,4
179290.0,2
179326.0,3
179341.0,3
179388.0,2
179395.0,4
179422.0,2
179424.0,3
179512.0,2
179517.0,5
179566.0,2
179570.0,5
179629.0,3
179638.0,3
179646.0,3
179671.0,3
179774.0,4
179809.0,2
179816.0,3
179857.0,2
179862.0,3
179883.0,2
179885.0,3
179926.0,6
179942.0,3
179948.0,3
179960.0,4
180000.0,4
180039.0,3
180046.0,2
180074.0,4
180084.0,4
180143.0,6
180149.0,5
180167.0,2
180178.0,5
180189.0,5
180217.0,5
180271.0,5
180284.0,6
180288.0,8
180342.0,4
180352.0,2
180378.0,2
180387.0,2
180414.0,5
180435.0,3
180451.0,9
180477.0,9
180498.0,7
180523.0,2
180561.0,4
180595.0,6
180601.0,2
180621.0,2
180654.0,4
180680.0,3
180692.0,7
180701.0,3
180704.0,4
180721.0,5
180769.0,3
180823.0,3
180843.0,5
180880.0,2
180886.0,4
180908.0,3
180913.0,3
181001.0,4
181032.0,2
181035.0,3
181083.0,3
181143.0,3
181185.0,5
181195.0,7
181215.0,2
181262.0,3
181334.0,3
181359.0,2
181390.0,4
181407.0,6
181518.0,5
181527.0,4
181534.0,2
181542.0,4
181556.0,7
181567.0,5
181592.0,5
181597.0,3
181612.0,2
181625.0,3
181650.0,4
181663.0,2
181692.0,3
181722.0,2
181775.0,3
181778.0,2
181797.0,5
181823.0,4
181832.0,3
181872.0,6
181882.0,4
181941.0,3
181944.0,2
181965.0,4
181974.0,4
182014.0,3
182027.0,3
182039.0,3
182043.0,8
182068.0,4
182103.0,2
182126.0,2
182159.0,4
182197.0,7
182235.0,7
182252.0,7
182341.0,2
182358.0,6
182361.0,5
182381.0,5
182423.0,3
182433.0,2
182477.0,2
182503.0,10
182545.0,4
182605.0,6
182643.0,3
182758.0,2
182762.0,2
182799.0,2
182827.0,3
182860.0,6
182943.0,4
182949.0,3
183003.0,3
183043.0,8
183055.0,2
183133.0,4
183175.0,5
183200.0,2
183223.0,3
183232.0,6
183242.0,2
183297.0,3
183311.0,2
183339.0,2
183344.0,3
183415.0,2
183441.0,2
183457.0,4
183478.0,2
183482.0,4
183531.0,6
183579.0,2
183593.0,2
183601.0,3
183613.0,2
183623.0,4
183665.0,7
183685.0,5
183700.0,2
183748.0,3
183758.0,6
183832.0,6
183859.0,3
183989.0,4
184002.0,4
184044.0,2
184076.0,2
184096.0,3
184120.0,8
184129.0,3
184265.0,3
184297.0,3
184331.0,3
184334.0,2
184356.0,6
184361.0,3
184411.0,3
184423.0,3
184444.0,3
184539.0,5
184553.0,5
184558.0,3
184565.0,3
184631.0,5
184665.0,2
184734.0,4
184768.0,2
184784.0,4
184831.0,7
184865.0,8
184887.0,3
184946.0,2
184967.0,6
184976.0,4
184990.0,4
185013.0,4
185031.0,7
185040.0,3
185044.0,3
185047.0,3
185056.0,5
185065.0,7
185094.0,3
185178.0,5
185183.0,3
185190.0,2
185198.0,4
185232.0,5
185251.0,2
185271.0,5
185290.0,3
185343.0,2
185347.0,2
185349.0,2
185393.0,5
185409.0,3
185424.0,5
185453.0,2
185468.0,4
185494.0,4
185573.0,5
185584.0,6
185660.0,4
185673.0,5
185683.0,4
185721.0,3
185736.0,3
185745.0,3
185769.0,2
185779.0,3
185841.0,2
185867.0,3
185892.0,7
185928.0,2
186032.0,4
186095.0,2
186101.0,3
186144.0,5
186149.0,3
186160.0,2
186205.0,7
186250.0,4
186285.0,8
186293.0,7
186313.0,7
186347.0,2
186375.0,15
186390.0,4
186399.0,5
186430.0,3
186441.0,5
186525.0,8
186533.0,2
186590.0,7
186623.0,2
186634.0,4
186642.0,4
186780.0,2
186848.0,2
186983.0,4
186986.0,2
188238.0,10
188355.0,11
188408.0,6
188489.0,2
188746.0,2
188749.0,4
188854.0,3
189244.0,24
189749.0,8
190258.0,2
190385.0,2
190437.0,4
190953.0,4
191385.0,4
191787.0,13
191855.0,12
191901.0,3
191972.0,3
192189.0,14
192294.0,2
192307.0,3
192339.0,5
192343.0,8
192400.0,9
192451.0,18
192469.0,2
192548.0,6
192743.0,5
194468.0,3
194695.0,5
195094.0,2
195102.0,7
195110.0,4
195115.0,8
195127.0,8
195149.0,4
195176.0,4
195185.0,4
195188.0,5
195208.0,4
195220.0,5
195229.0,7
195240.0,3
195250.0,9
195269.0,5
195284.0,4
195295.0,4
195298.0,4
195331.0,4
195340.0,3
195353.0,5
195358.0,4
195381.0,4
195419.0,4
195427.0,3
195433.0,8
195441.0,3
195453.0,2
195456.0,9
195488.0,4
195501.0,3
195515.0,2
195519.0,7
195531.0,10
195544.0,4
195547.0,2
195550.0,3
195566.0,5
195575.0,5
195594.0,2
195616.0,7
195636.0,3
195658.0,6
195664.0,3
195667.0,7
195692.0,2
195705.0,8
195722.0,8
195727.0,3
195737.0,4
195742.0,6
195756.0,10
195769.0,4
195773.0,4
195777.0,3
195852.0,3
195867.0,2
195880.0,3
195885.0,3
195892.0,4
195898.0,3
195916.0,4
195927.0,6
195953.0,6
195967.0,4
196019.0,8
196031.0,2
196079.0,7
196093.0,5
196106.0,3
196129.0,4
196150.0,4
196154.0,2
196158.0,3
196165.0,4
196170.0,7
196180.0,5
196183.0,4
196221.0,6
196243.0,3
196251.0,5
196257.0,4
196260.0,4
196297.0,4
196326.0,13
196336.0,10
196348.0,2
196371.0,3
196381.0,4
196401.0,8
196409.0,9
196425.0,11
196461.0,3
196464.0,5
196482.0,3
196491.0,5
196511.0,2
196521.0,3
196545.0,2
196554.0,2
196556.0,4
196649.0,3
196667.0,4
196776.0,22
196810.0,11
196826.0,5
196838.0,6
196842.0,8
196994.0,9
197045.0,16
197055.0,10
197184.0,10
197203.0,9
197213.0,3
197220.0,14
197280.0,5
197282.0,30
197345.0,10
197370.0,10
197386.0,6
197694.0,12
197719.0,4
197723.0,22
197744.0,4
197806.0,20
197855.0,15
197867.0,5
197976.0,5
198017.0,10
198044.0,30
198082.0,13
198097.0,9
198225.0,8
198239.0,5
198254.0,26
198277.0,6
198279.0,2
198282.0,10
198362.0,3
198368.0,15
198403.0,10
198436.0,17
198539.0,19
198711.0,8
198726.0,3
198851.0,23
198866.0,14
198900.0,13
198913.0,3
198915.0,10
199612.0,3
200260.0,8
200952.0,15
201635.0,17
201765.0,2
202641.0,4
202679.0,3
203617.0,2
204376.0,4
204379.0,3
204392.0,7
204417.0,2
204435.0,3
204442.0,3
204468.0,4
204500.0,2
204511.0,2
204521.0,3
204524.0,3
204533.0,3
204551.0,3
204565.0,4
204569.0,5
204601.0,6
204613.0,6
205387.0,4
205394.0,10
205402.0,10
205412.0,7
205418.0,6
205440.0,2
205442.0,6
205448.0,7
205481.0,4
205641.0,8
205651.0,17
205667.0,12
205678.0,3
205684.0,14
205699.0,4
205711.0,4
205713.0,14
205727.0,6
205736.0,15
205761.0,3
205772.0,25
205801.0,16
205812.0,2
205814.0,22
205837.0,19
205857.0,26
205886.0,13
205894.0,29
205939.0,21
206034.0,3
206038.0,12
206049.0,10
206059.0,3
206062.0,16
206078.0,3
206081.0,4
206086.0,4
206090.0,22
206111.0,5
206119.0,8
206139.0,6
206145.0,3
206148.0,3
206151.0,10
206163.0,6
206169.0,8
206176.0,13
206188.0,34
206222.0,19
206241.0,5
206246.0,6
206252.0,22
206274.0,8
206282.0,3
206285.0,5
206290.0,25
206336.0,8
206345.0,12
206355.0,17
206373.0,13
206385.0,2
206387.0,8
206429.0,6
206445.0,9
206456.0,2
206460.0,13
206473.0,4
206497.0,7
206503.0,9
206515.0,13
206526.0,6
206531.0,15
206546.0,3
206549.0,21
206572.0,8
206580.0,5
206586.0,3
206588.0,2
206591.0,12
206602.0,10
206618.0,3
206621.0,2
206625.0,6
206629.0,2
206631.0,11
206642.0,16
206658.0,19
206677.0,6
206689.0,7
206697.0,3
206699.0,12
206711.0,7
206718.0,4
206723.0,18
206740.0,5
206745.0,3
206751.0,9
206759.0,13
206771.0,17
206789.0,9
206796.0,6
206802.0,2
206804.0,9
206813.0,3
206817.0,9
206835.0,4
206843.0,11
206850.0,10
206860.0,6
206867.0,4
206871.0,4
206874.0,2
206879.0,12
206892.0,6
206898.0,15
206911.0,6
206917.0,5
206922.0,7
206931.0,12
206941.0,36
206977.0,11
206989.0,6
206994.0,3
206997.0,6
207004.0,15
207019.0,15
207036.0,4
207043.0,3
207046.0,3
207052.0,10
207061.0,21
207082.0,18
207100.0,5
207106.0,3
207108.0,9
207117.0,4
207124.0,28
207152.0,10
207162.0,18
207180.0,5
207185.0,9
207195.0,3
207197.0,12
207209.0,5
207218.0,12
207230.0,38
207268.0,5
207274.0,6
207284.0,12
207295.0,19
207325.0,2
207327.0,7
207335.0,14
207348.0,8
207375.0,9
207384.0,8
207392.0,25
207417.0,14
207435.0,9
207440.0,10
207450.0,15
207468.0,9
207487.0,10
207497.0,3
207501.0,6
207508.0,6
207515.0,4
207519.0,14
207532.0,25
207565.0,22
207588.0,4
207596.0,7
207598.0,4
207603.0,7
207612.0,4
207620.0,5
207627.0,5
207631.0,5
207635.0,2
207646.0,13
207661.0,5
207666.0,5
207671.0,23
207696.0,6
207706.0,20
207722.0,16
207738.0,5
207743.0,4
207748.0,9
207756.0,13
207770.0,3
207772.0,5
207790.0,4
207806.0,3
207828.0,6
207833.0,2
207839.0,14
207850.0,10
207859.0,22
207883.0,25
207913.0,10
207921.0,7
207929.0,2
207934.0,17
207948.0,6
207954.0,4
207961.0,8
207970.0,8
207985.0,7
207992.0,14
208005.0,2
208008.0,7
208014.0,4
208021.0,10
208032.0,5
208035.0,3
208038.0,4
208046.0,10
208057.0,9
208066.0,7
208072.0,2
208074.0,4
208078.0,12
208091.0,6
208099.0,5
208105.0,9
208113.0,2
208115.0,5
208121.0,3
208126.0,4
208132.0,4
208136.0,17
208163.0,12
208173.0,3
208181.0,5
208187.0,29
208213.0,26
208240.0,3
208243.0,18
208264.0,4
208286.0,24
208310.0,4
208316.0,4
208318.0,10
208329.0,13
208356.0,27
208383.0,25
208418.0,9
208429.0,6
208439.0,2
208444.0,6
208456.0,5
208463.0,9
208473.0,8
208480.0,35
208522.0,12
208527.0,3
208531.0,5
208535.0,36
208574.0,12
208595.0,10
208611.0,31
208648.0,5
208652.0,14
208666.0,6
208672.0,10
208688.0,2
208693.0,28
208720.0,2
208722.0,8
208733.0,30
208765.0,9
208773.0,9
208785.0,8
208799.0,8
208806.0,6
208812.0,10
208825.0,5
208827.0,16
208853.0,27
208881.0,6
208890.0,20
208913.0,13
208926.0,5
208930.0,10
208941.0,11
208951.0,8
208959.0,5
208965.0,22
208986.0,4
208992.0,7
208999.0,7
209011.0,20
209027.0,3
209039.0,2
209041.0,16
209071.0,14
209088.0,9
209098.0,4
209104.0,8
209113.0,9
209126.0,10
209141.0,8
209162.0,7
209165.0,2
209168.0,6
209174.0,12
209185.0,5
209191.0,7
209197.0,2
209200.0,5
209212.0,4
209215.0,7
209225.0,8
209231.0,11
209241.0,33
209274.0,4
209279.0,5
209292.0,3
209295.0,15
209310.0,2
209312.0,18
209330.0,10
209340.0,7
209353.0,11
209367.0,11
209378.0,5
209384.0,3
209386.0,6
209394.0,16
209408.0,19
209428.0,14
209465.0,10
209474.0,11
209497.0,3
209499.0,12
209514.0,5
209519.0,15
209543.0,10
209552.0,23
209586.0,4
209592.0,2
209595.0,45
209641.0,11
209651.0,9
209660.0,5
209666.0,6
209675.0,3
209679.0,7
209688.0,8
209696.0,7
209705.0,14
209717.0,7
209726.0,8
209734.0,11
209753.0,3
209770.0,19
209789.0,2
209797.0,29
209825.0,4
209828.0,9
209836.0,17
209855.0,8
209865.0,14
209886.0,10
209888.0,17
209906.0,4
209909.0,14
209925.0,3
209928.0,12
209944.0,8
209950.0,6
209954.0,2
209959.0,20
209977.0,14
209991.0,4
209994.0,23
210019.0,8
210025.0,3
210029.0,8
210039.0,8
210049.0,7
210056.0,2
210058.0,2
210083.0,7
210089.0,4
210092.0,18
210112.0,14
210126.0,5
210131.0,8
210143.0,17
210158.0,11
210175.0,4
210178.0,4
210183.0,7
210189.0,4
210196.0,21
210215.0,8
210224.0,7
210229.0,22
210255.0,8
210260.0,5
210264.0,3
210267.0,8
210275.0,6
210285.0,3
210289.0,26
210316.0,11
210326.0,8
210335.0,16
210350.0,8
210359.0,5
210362.0,3
210365.0,2
210368.0,9
210376.0,6
210386.0,15
210402.0,40
210443.0,5
210447.0,4
210451.0,2
210458.0,16
210474.0,21
210496.0,9
210514.0,13
210528.0,4
210531.0,9
210541.0,6
210550.0,8
210558.0,6
210564.0,19
210585.0,5
210590.0,12
210603.0,4
210606.0,3
210609.0,9
210618.0,12
210630.0,29
210665.0,3
210667.0,4
210673.0,2
210690.0,7
210698.0,8
210703.0,9
210750.0,2
210752.0,15
210767.0,17
210784.0,14
210803.0,9
210815.0,10
210822.0,10
210832.0,3
210843.0,6
210847.0,28
210875.0,2
210882.0,6
210892.0,8
210899.0,11
210907.0,5
210929.0,6
210934.0,13
210948.0,3
210957.0,9
210966.0,6
210979.0,7
210993.0,17
211007.0,4
211009.0,5
211017.0,28
211042.0,6
211052.0,5
211056.0,2
211059.0,3
211061.0,19
211087.0,5
211090.0,4
211096.0,5
211099.0,8
211107.0,18
211125.0,3
211129.0,6
211139.0,11
211145.0,14
211159.0,9
211168.0,14
211182.0,3
211185.0,4
211190.0,7
211206.0,10
211217.0,9
211248.0,6
211257.0,5
211264.0,4
211268.0,5
211274.0,8
211296.0,11
211314.0,13
211324.0,7
211339.0,16
211352.0,6
211358.0,13
211372.0,4
211376.0,4
211380.0,5
211384.0,3
211404.0,8
211412.0,4
211416.0,5
211424.0,5
211426.0,3
211444.0,10
211450.0,6
211459.0,7
211464.0,4
211472.0,2
211477.0,8
211485.0,7
211492.0,4
211515.0,15
211543.0,4
211546.0,3
211548.0,9
211580.0,6
211586.0,24
211610.0,2
211613.0,20
211647.0,10
211655.0,3
211675.0,5
211680.0,11
211693.0,18
211710.0,6
211716.0,7
211742.0,2
211745.0,6
211750.0,6
211757.0,6
211762.0,18
211781.0,26
211806.0,3
211812.0,6
211817.0,2
211819.0,4
211827.0,8
211853.0,3
211912.0,5
211916.0,12
211941.0,3
211947.0,9
211956.0,4
211966.0,14
211978.0,7
211985.0,9
211994.0,23
212018.0,6
212023.0,14
212038.0,11
212048.0,5
212055.0,12
212067.0,3
212071.0,10
212082.0,6
212086.0,9
212097.0,8
212105.0,5
212136.0,2
212139.0,8
212146.0,9
212156.0,13
212170.0,6
212185.0,2
212195.0,7
212203.0,7
212209.0,8
212217.0,12
212236.0,13
212244.0,3
212247.0,4
212251.0,3
212260.0,6
212265.0,3
212267.0,5
212273.0,5
212278.0,5
212282.0,4
212286.0,5
212291.0,2
212305.0,5
212313.0,6
212341.0,3
212344.0,7
212353.0,13
212364.0,2
212366.0,11
212378.0,14
212392.0,3
212396.0,13
212407.0,15
212431.0,22
212454.0,9
212466.0,19
212489.0,9
212498.0,6
212504.0,14
212521.0,13
212535.0,11
212541.0,8
212549.0,3
212554.0,7
212561.0,21
212582.0,3
212587.0,16
212633.0,7
212652.0,9
212661.0,6
212667.0,5
212671.0,9
212680.0,6
212686.0,3
212689.0,21
212709.0,4
212716.0,18
212739.0,8
212745.0,5
212748.0,7
212754.0,6
212760.0,3
212763.0,19
212784.0,2
212787.0,3
212791.0,4
212793.0,2
212795.0,2
212798.0,5
212802.0,5
212810.0,7
212816.0,4
212822.0,7
212829.0,7
212837.0,3
212840.0,6
212845.0,5
212851.0,11
212861.0,13
212877.0,5
212887.0,5
212890.0,18
212922.0,2
212924.0,9
212933.0,6
212941.0,19
212958.0,15
212974.0,7
212987.0,3
212993.0,8
212997.0,2
212999.0,8
213007.0,9
213016.0,12
213028.0,2
213030.0,5
213035.0,7
213043.0,4
213046.0,5
213052.0,10
213065.0,4
213086.0,6
213094.0,5
213101.0,9
213109.0,11
213123.0,6
213132.0,6
213160.0,18
213208.0,6
213218.0,4
213224.0,7
213230.0,13
213243.0,15
213258.0,6
213269.0,4
213273.0,5
213292.0,7
213318.0,5
213320.0,3
213333.0,2
213335.0,6
213342.0,15
213357.0,3
213359.0,5
213364.0,5
213391.0,13
213401.0,21
213428.0,16
213447.0,2
213457.0,8
213465.0,4
213471.0,6
213481.0,12
213492.0,19
213510.0,7
213542.0,9
213553.0,10
213571.0,3
213574.0,4
213578.0,11
213590.0,20
213609.0,11
213642.0,6
213648.0,3
213652.0,7
213660.0,5
213671.0,18
213689.0,8
213696.0,9
213714.0,13
213723.0,3
213726.0,15
213742.0,3
213749.0,21
213766.0,9
213780.0,3
213790.0,6
213821.0,4
213825.0,12
213838.0,5
213842.0,9
213852.0,4
213856.0,3
213860.0,13
213871.0,3
213878.0,19
213894.0,11
213904.0,4
213908.0,3
213922.0,10
213931.0,16
213964.0,5
213984.0,6
213992.0,19
214010.0,3
214028.0,4
214047.0,15
214061.0,2
214063.0,4
214067.0,6
214088.0,30
214117.0,5
214122.0,7
214129.0,2
214131.0,3
214135.0,13
214170.0,3
214173.0,7
214179.0,4
214183.0,12
214195.0,11
214206.0,17
214223.0,5
214228.0,15
214243.0,6
214262.0,6
214271.0,19
214294.0,12
214304.0,3
214310.0,4
214313.0,7
214330.0,26
214357.0,6
214362.0,9
214394.0,6
214399.0,12
214411.0,12
214430.0,15
214439.0,9
214448.0,12
214463.0,3
214465.0,3
214473.0,13
214490.0,7
214493.0,3
214497.0,11
214507.0,2
214512.0,4
214515.0,6
214521.0,7
214532.0,7
214535.0,12
214549.0,5
214560.0,6
214566.0,10
214577.0,6
214582.0,9
214601.0,6
214610.0,8
214618.0,9
214627.0,10
214637.0,4
214641.0,21
214664.0,4
214667.0,9
214675.0,12
214692.0,7
214701.0,10
214716.0,14
214731.0,4
214737.0,6
214739.0,3
214742.0,9
214754.0,17
214770.0,4
214774.0,13
214787.0,5
214793.0,4
214796.0,10
214820.0,4
214823.0,33
214856.0,14
214870.0,3
214873.0,32
214906.0,12
214917.0,7
214926.0,11
214942.0,4
214947.0,5
214959.0,17
214975.0,26
214998.0,26
215024.0,8
215032.0,3
215043.0,3
215046.0,2
215060.0,3
215062.0,2
215065.0,5
215072.0,31
215101.0,10
215110.0,6
215118.0,4
215120.0,3
215124.0,13
215136.0,11
215150.0,4
215154.0,4
215158.0,29
215188.0,7
215194.0,28
215233.0,5
215244.0,20
215261.0,21
215282.0,21
215302.0,33
215336.0,44
215380.0,3
215410.0,11
215423.0,32
215453.0,18
215471.0,20
215491.0,6
215499.0,30
215564.0,36
215600.0,8
215609.0,62
215670.0,21
215692.0,4
215696.0,6
215701.0,6
215707.0,32
215739.0,87
215827.0,34
215862.0,13
215873.0,13
215887.0,43
215929.0,4
215934.0,3
215936.0,11
215947.0,26
215973.0,4
215979.0,17
215994.0,8
216002.0,16
216019.0,5
216023.0,7
216030.0,27
216059.0,6
216064.0,30
216093.0,19
216113.0,30
216142.0,7
216149.0,16
216165.0,2
216167.0,10
216177.0,9
216186.0,35
216221.0,46
216267.0,3
216270.0,12
216283.0,11
216301.0,15
216316.0,13
216329.0,9
216338.0,11
216349.0,6
216356.0,24
216381.0,5
216386.0,4
216390.0,9
216399.0,8
216408.0,15
216423.0,6
216428.0,4
216432.0,11
216443.0,16
216468.0,17
216485.0,27
216530.0,5
216533.0,26
216559.0,10
216569.0,2
216640.0,14
216654.0,18
216672.0,53
216732.0,5
216741.0,9
216748.0,7
216758.0,22
216781.0,11
216791.0,12
216802.0,5
216807.0,21
216830.0,6
216836.0,4
216861.0,18
216879.0,8
216888.0,32
216920.0,14
216939.0,11
216946.0,13
216957.0,2
216959.0,50
217010.0,36
217045.0,9
217056.0,28
217084.0,17
217114.0,37
217148.0,6
217176.0,15
217190.0,10
217200.0,5
217205.0,9
217214.0,15
217231.0,13
217244.0,19
217264.0,13
217276.0,12
217288.0,3
217291.0,22
217313.0,9
217322.0,22
217344.0,21
217365.0,2
217367.0,38
217407.0,6
217412.0,29
217448.0,11
217458.0,2
217460.0,18
217478.0,28
217507.0,20
217526.0,32
217559.0,15
217573.0,15
217593.0,11
217604.0,21
217623.0,7
217629.0,7
217636.0,27
217664.0,4
217667.0,8
217679.0,8
217689.0,5
217694.0,29
217723.0,3
217726.0,15
217742.0,11
217752.0,31
217783.0,14
217798.0,9
217807.0,14
217820.0,34
217854.0,34
217888.0,7
217896.0,13
217911.0,11
217922.0,3
217964.0,12
217977.0,10
217986.0,10
217996.0,29
218025.0,5
218034.0,18
218060.0,43
218115.0,37
218148.0,7
218155.0,8
218216.0,7
218223.0,6
218228.0,14
218242.0,26
218276.0,10
218286.0,4
218290.0,74
218366.0,13
218415.0,4
218419.0,3
218421.0,2
218424.0,4
218428.0,3
218430.0,15
218445.0,8
218467.0,11
218478.0,41
218518.0,5
218563.0,9
218581.0,10
218591.0,27
218618.0,32
218651.0,10
218660.0,8
218668.0,3
218671.0,25
218696.0,3
218701.0,14
218713.0,3
218716.0,6
218723.0,6
218728.0,13
218755.0,10
218765.0,21
218786.0,23
218809.0,15
218825.0,34
218861.0,9
218871.0,23
218894.0,25
218920.0,9
218930.0,28
218958.0,2
218961.0,20
218980.0,8
218988.0,35
219048.0,4
219050.0,6
219056.0,6
219062.0,10
219072.0,32
219104.0,6
219110.0,3
219113.0,10
219123.0,5
219128.0,13
219141.0,5
219146.0,15
219161.0,7
219170.0,5
219173.0,19
219194.0,4
219196.0,8
219208.0,46
219251.0,3
219253.0,15
219276.0,4
219278.0,19
219299.0,11
219311.0,22
219340.0,48
219389.0,3
219391.0,13
219404.0,11
219421.0,9
219434.0,12
219446.0,17
219463.0,20
219487.0,5
219504.0,11
219514.0,13
219542.0,19
219561.0,17
219578.0,9
219597.0,19
219616.0,3
219647.0,3
219651.0,5
219656.0,28
219683.0,36
219720.0,24
219743.0,14
219757.0,6
219763.0,89
219858.0,9
219867.0,27
219894.0,14
219908.0,4
219914.0,33
219945.0,4
219949.0,2
219951.0,9
219963.0,24
220010.0,24
220037.0,11
220044.0,2
220046.0,7
220054.0,6
220059.0,9
220069.0,44
220112.0,10
220142.0,7
220149.0,3
220151.0,5
220156.0,5
220175.0,6
220192.0,5
220196.0,12
220208.0,13
220221.0,9
220230.0,3
220234.0,10
220244.0,30
220274.0,4
220277.0,35
220312.0,19
220331.0,37
220368.0,19
220388.0,11
220398.0,7
220405.0,20
220426.0,4
220445.0,18
220472.0,2
220476.0,15
220489.0,15
220504.0,6
220517.0,13
220532.0,18
220548.0,24
220572.0,22
220611.0,2
220613.0,4
220617.0,10
220627.0,23
220652.0,17
220669.0,11
220680.0,3
220712.0,24
220737.0,16
220761.0,6
220767.0,16
220784.0,13
220795.0,3
220798.0,29
220834.0,23
220857.0,19
220876.0,10
220885.0,2
220912.0,4
220915.0,10
220927.0,7
220933.0,5
220943.0,14
220957.0,20
220977.0,43
221020.0,4
221024.0,3
221027.0,6
221033.0,3
221110.0,5
221117.0,7
221124.0,5
221130.0,6
221135.0,3
221146.0,7
221154.0,19
221172.0,67
221240.0,4
221294.0,3
221300.0,6
221307.0,7
221314.0,4
221341.0,4
221345.0,9
221356.0,12
221366.0,8
221374.0,6
221381.0,4
221384.0,11
221397.0,15
221410.0,4
221414.0,5
221419.0,5
221425.0,8
221432.0,16
221449.0,3
221451.0,4
221456.0,22
221478.0,14
221493.0,24
221533.0,40
221573.0,16
221590.0,5
221604.0,23
221627.0,3
221631.0,3
221633.0,13
221646.0,7
221659.0,8
221668.0,17
221710.0,2
221712.0,4
221716.0,5
221721.0,22
221743.0,26
221770.0,23
221792.0,2
221801.0,11
221810.0,26
221837.0,3
221840.0,6
221846.0,4
221849.0,7
221856.0,6
221873.0,9
221881.0,14
221903.0,20
221923.0,5
221928.0,13
221941.0,8
221973.0,21
221990.0,13
222003.0,9
222012.0,28
222055.0,4
222113.0,17
222129.0,10
222139.0,18
222168.0,12
222180.0,18
222205.0,6
222223.0,10
222231.0,10
222242.0,35
222276.0,12
222289.0,12
222304.0,10
222311.0,16
222326.0,5
222331.0,59
222390.0,14
222405.0,8
222412.0,13
222426.0,4
222429.0,15
222449.0,2
222453.0,5
222467.0,6
222473.0,3
222476.0,8
222488.0,4
222493.0,24
222585.0,7
222604.0,6
222610.0,2
222612.0,13
222625.0,17
222643.0,11
222654.0,24
222678.0,11
222695.0,4
222699.0,14
222722.0,15
222817.0,13
222830.0,13
222856.0,22
222879.0,5
222888.0,15
222904.0,3
222924.0,3
222928.0,20
222947.0,16
222968.0,35
223002.0,6
223008.0,37
223045.0,5
223050.0,5
223055.0,5
223091.0,8
223099.0,4
223103.0,12
223116.0,11
223142.0,9
223149.0,22
223171.0,2
223173.0,5
223179.0,3
223184.0,10
223193.0,16
223208.0,19
223227.0,4
223230.0,14
223244.0,4
223248.0,3
223257.0,14
223272.0,8
223279.0,5
223285.0,5
223293.0,12
223305.0,36
223346.0,24
223388.0,24
223404.0,3
223408.0,3
223410.0,9
223419.0,5
223443.0,22
223466.0,11
223477.0,19
223495.0,6
223501.0,7
223520.0,33
223553.0,24
223577.0,11
223600.0,5
223608.0,4
223613.0,4
223617.0,16
223632.0,6
223640.0,10
223651.0,5
223660.0,9
223720.0,2
223722.0,34
223774.0,7
223798.0,12
223842.0,12
223853.0,26
223888.0,4
223892.0,14
223916.0,16
223938.0,13
223957.0,7
223965.0,10
223979.0,11
223986.0,8
223993.0,3
224010.0,11
224023.0,5
224025.0,11
224036.0,24
224060.0,20
224080.0,24
224104.0,10
224114.0,2
224126.0,5
224131.0,13
224144.0,3
224147.0,14
224161.0,4
224185.0,7
224192.0,16
224228.0,9
224237.0,2
224239.0,4
224243.0,8
224251.0,28
224279.0,26
224311.0,29
224342.0,25
224368.0,54
224450.0,22
224472.0,3
224479.0,20
224495.0,3
224499.0,35
224533.0,3
224537.0,3
224540.0,10
224549.0,3
224554.0,4
224559.0,5
224564.0,4
224569.0,4
224582.0,4
224589.0,16
224602.0,2
224622.0,4
224631.0,3
224633.0,5
224640.0,9
224648.0,3
224654.0,5
224659.0,2
224664.0,5
224684.0,8
224724.0,6
224743.0,3
224745.0,3
224748.0,10
224758.0,3
224769.0,9
224779.0,5
224820.0,4
224825.0,5
224829.0,4
224848.0,3
224851.0,4
224868.0,10
224901.0,4
224918.0,5
224930.0,14
224948.0,6
224954.0,7
225007.0,8
225081.0,6
225091.0,7
225094.0,7
225114.0,9
225123.0,4
225129.0,3
225139.0,3
225180.0,2
225231.0,6
225236.0,4
225271.0,11
225292.0,5
225306.0,5
225347.0,3
225350.0,3
225371.0,8
225379.0,3
225389.0,3
225394.0,6
225410.0,6
225427.0,9
225456.0,5
225473.0,2
225483.0,6
225499.0,12
225504.0,3
225532.0,3
225535.0,2
225540.0,3
225549.0,2
225584.0,7
225596.0,4
225636.0,4
225646.0,3
225662.0,6
225680.0,4
225712.0,5
225730.0,3
225750.0,3
225754.0,3
225762.0,2
225764.0,2
225766.0,4
225770.0,5
225810.0,6
225821.0,3
225826.0,8
225854.0,2
225899.0,5
225913.0,6
225923.0,2
226005.0,5
226030.0,3
226044.0,2
226074.0,5
226079.0,2
226105.0,6
226123.0,2
226159.0,3
226162.0,2
226176.0,6
226202.0,7
226235.0,3
226254.0,2
226277.0,4
226284.0,5
226293.0,2
226333.0,6
226357.0,3
226371.0,5
226384.0,3
226395.0,3
226401.0,2
226408.0,7
226454.0,2
226469.0,5
226480.0,3
226542.0,4
226557.0,6
226562.0,4
226571.0,6
226574.0,3
226597.0,3
226605.0,6
226615.0,7
226640.0,3
226651.0,3
226660.0,7
226710.0,5
226715.0,7
226756.0,5
226774.0,3
226844.0,4
226855.0,2
226857.0,4
226866.0,5
226885.0,7
226899.0,5
226904.0,4
226927.0,3
227034.0,2
227071.0,2
227088.0,5
227096.0,3
227112.0,4
227136.0,2
227159.0,2
227193.0,2
227206.0,3
227240.0,4
227244.0,3
227288.0,4
227319.0,4
227327.0,4
227362.0,4
227405.0,4
227437.0,4
227451.0,4
227456.0,4
227534.0,5
227554.0,6
227569.0,2
227571.0,3
227609.0,5
227644.0,3
227656.0,3
227669.0,3
227740.0,6
227776.0,2
227794.0,8
227808.0,5
227816.0,4
227864.0,2
227868.0,3
227877.0,4
227908.0,4
227931.0,3
227950.0,2
228044.0,3
228108.0,2
228130.0,2
228148.0,2
228173.0,4
228216.0,5
228246.0,5
228254.0,3
228286.0,8
228291.0,2
228311.0,8
228322.0,5
228355.0,7
228363.0,2
228387.0,2
228420.0,3
228433.0,2
228441.0,3
228541.0,2
228574.0,6
228590.0,3
228645.0,3
228653.0,5
228670.0,4
228727.0,2
228771.0,3
228790.0,2
228897.0,3
228922.0,4
228986.0,3
229010.0,2
229024.0,2
229039.0,11
229062.0,7
229081.0,2
229101.0,4
229168.0,4
229193.0,2
229271.0,2
229357.0,4
229377.0,4
229379.0,5
229384.0,2
229459.0,2
229491.0,5
229524.0,4
229527.0,3
229582.0,4
229616.0,10
229650.0,5
229704.0,2
229713.0,4
229718.0,3
229727.0,5
229745.0,3
229786.0,3
229833.0,3
229836.0,4
229847.0,3
229869.0,5
229889.0,3
229920.0,5
229925.0,4
229955.0,3
229994.0,2
230063.0,5
230153.0,3
230165.0,2
230183.0,2
230197.0,4
230256.0,2
230267.0,5
230283.0,3
230351.0,3
230359.0,5
230374.0,3
230457.0,4
230463.0,5
230522.0,5
230583.0,4
230594.0,3
230642.0,3
230673.0,5
230713.0,4
230725.0,2
230859.0,7
230885.0,5
230912.0,6
230917.0,5
230932.0,6
230968.0,2
230970.0,2
231003.0,2
231009.0,2
231051.0,7
231136.0,3
231164.0,5
231173.0,2
231176.0,3
231210.0,3
231235.0,5
231248.0,5
231289.0,4
231297.0,2
231329.0,2
231393.0,2
231461.0,2
231467.0,2
231598.0,4
231619.0,3
231666.0,5
231729.0,4
231850.0,4
231879.0,4
232086.0,7
232156.0,5
232181.0,5
232186.0,2
232207.0,2
232233.0,2
232262.0,2
232277.0,3
232453.0,3
232546.0,5
232576.0,6
232634.0,4
232646.0,5
232651.0,3
232664.0,3
232680.0,2
232730.0,3
232865.0,4
232917.0,5
232957.0,2
233074.0,3
233181.0,2
233183.0,2
233278.0,14
233294.0,6
233314.0,9
233324.0,17
233344.0,4
233348.0,4
233353.0,6
233362.0,12
233374.0,15
233387.0,6
233393.0,3
233396.0,3
233399.0,2
233401.0,20
233429.0,4
233433.0,2
233441.0,8
233444.0,8
233451.0,7
233462.0,9
233471.0,3
233473.0,2
233477.0,4
233483.0,5
233488.0,3
233493.0,9
233502.0,2
233504.0,2
233506.0,11
233521.0,10
233531.0,10
233549.0,4
233553.0,19
233573.0,11
233583.0,3
233588.0,9
233600.0,7
233604.0,16
233620.0,3
233624.0,5
233630.0,35
233677.0,8
233692.0,7
233698.0,2
233701.0,17
233718.0,9
233740.0,8
233766.0,3
233770.0,5
233778.0,13
233803.0,8
233811.0,4
233817.0,7
233827.0,8
233831.0,3
233833.0,12
233847.0,15
233862.0,28
233889.0,7
233897.0,12
233910.0,4
233918.0,15
233930.0,4
233937.0,9
233952.0,3
233954.0,4
233959.0,3
233961.0,11
233973.0,10
233990.0,14
234005.0,4
234007.0,6
234013.0,6
234019.0,2
234030.0,8
234065.0,27
234085.0,9
234110.0,8
234119.0,4
234127.0,7
234134.0,7
234147.0,9
234169.0,3
234171.0,7
234178.0,3
234182.0,3
234190.0,4
234194.0,4
234198.0,10
234209.0,25
234234.0,10
234246.0,10
234256.0,8
234263.0,5
234270.0,9
234287.0,4
234302.0,15
234322.0,8
234331.0,7
234335.0,4
234339.0,7
234349.0,7
234353.0,3
234366.0,9
234368.0,7
234390.0,4
234394.0,3
234400.0,9
234420.0,6
234425.0,4
234427.0,4
234433.0,13
234444.0,4
234448.0,3
234451.0,9
234460.0,12
234499.0,6
234505.0,4
234508.0,3
234511.0,13
234540.0,14
234569.0,17
234584.0,3
234586.0,12
234599.0,18
234616.0,2
234619.0,4
234623.0,8
234636.0,4
234662.0,4
234671.0,4
234706.0,3
234722.0,2
234735.0,18
234754.0,9
234762.0,4
234766.0,6
234791.0,3
234794.0,20
234825.0,4
234832.0,6
234834.0,7
234841.0,10
234851.0,3
234872.0,7
234879.0,7
234896.0,5
234903.0,6
234910.0,12
234924.0,5
234945.0,5
234953.0,6
234972.0,11
234984.0,16
234999.0,5
235012.0,6
235023.0,3
235027.0,9
235035.0,4
235043.0,10
235053.0,6
235063.0,6
235068.0,4
235077.0,19
235107.0,5
235112.0,7
235119.0,2
235121.0,4
235125.0,3
235128.0,6
235135.0,4
235138.0,5
235144.0,8
235156.0,13
235171.0,3
235195.0,12
235204.0,5
235215.0,5
235236.0,5
235245.0,9
235251.0,2
235275.0,4
235277.0,6
235295.0,5
235303.0,5
235318.0,3
235333.0,4
235340.0,2
235343.0,6
235357.0,7
235377.0,5
235383.0,4
235387.0,5
235391.0,5
235396.0,9
235421.0,10
235431.0,7
235439.0,8
235447.0,8
235459.0,13
235477.0,3
235483.0,6
235492.0,12
235500.0,5
235506.0,4
235528.0,8
235535.0,6
235539.0,5
235548.0,3
235573.0,2
235585.0,13
235598.0,3
235604.0,11
235637.0,5
235645.0,5
235653.0,5
235661.0,4
235665.0,3
235674.0,4
235680.0,3
235684.0,15
235698.0,2
235702.0,5
235709.0,14
235722.0,2
235729.0,7
235735.0,2
235737.0,7
235757.0,2
235765.0,4
235768.0,18
235786.0,3
235789.0,3
235792.0,5
235808.0,8
235816.0,11
235830.0,6
235855.0,6
235899.0,5
235925.0,5
235939.0,5
235949.0,5
235959.0,12
235980.0,3
235993.0,6
235999.0,6
236004.0,2
236006.0,8
236014.0,5
236027.0,7
236037.0,6
236042.0,6
236060.0,3
236069.0,5
236073.0,3
236076.0,12
236088.0,2
236095.0,3
236105.0,5
236117.0,3
236124.0,2
236131.0,3
236146.0,4
236153.0,8
236178.0,5
236183.0,4
236195.0,4
236200.0,3
236207.0,3
236216.0,5
236224.0,2
236242.0,2
236245.0,5
236250.0,5
236258.0,3
236262.0,9
236290.0,7
236298.0,4
236310.0,4
236325.0,6
236332.0,8
236342.0,4
236347.0,5
236350.0,8
236358.0,5
236365.0,19
236387.0,4
236391.0,4
236396.0,12
236412.0,11
236438.0,5
236443.0,4
236453.0,6
236461.0,8
236470.0,4
236483.0,4
236493.0,15
236507.0,2
236516.0,4
236521.0,3
236536.0,3
236539.0,2
236546.0,3
236587.0,9
236613.0,6
236617.0,7
236626.0,7
236634.0,2
236637.0,4
236640.0,4
236644.0,7
236651.0,5
236656.0,4
236661.0,6
236679.0,10
236723.0,5
236738.0,7
236747.0,3
236765.0,15
236776.0,9
236785.0,4
236789.0,2
236792.0,9
236805.0,2
236813.0,3
236827.0,4
236831.0,3
236834.0,6
236840.0,3
236845.0,4
236863.0,2
236867.0,4
236878.0,5
236890.0,6
236896.0,13
236912.0,12
236922.0,8
236933.0,3
236937.0,8
236956.0,4
236966.0,9
236974.0,6
236994.0,7
236999.0,2
237002.0,7
237019.0,10
237048.0,5
237066.0,3
237070.0,3
237089.0,10
237099.0,6
237109.0,10
237125.0,15
237140.0,3
237142.0,3
237145.0,10
237157.0,4
237165.0,4
237168.0,3
237172.0,12
237183.0,2
237185.0,7
237195.0,4
237200.0,8
237209.0,6
237218.0,5
237223.0,6
237234.0,3
237251.0,2
237253.0,6
237263.0,2
237268.0,12
237279.0,8
237287.0,7
237298.0,3
237312.0,8
237326.0,9
237337.0,10
237350.0,8
237356.0,4
237371.0,3
237387.0,4
237390.0,7
237397.0,6
237406.0,7
237425.0,3
237429.0,5
237441.0,3
237446.0,8
237452.0,18
237475.0,6
237492.0,3
237504.0,5
237507.0,4
237511.0,5
237533.0,3
237541.0,3
237549.0,5
237553.0,9
237567.0,9
237576.0,5
237588.0,9
237593.0,4
237603.0,2
237605.0,13
237618.0,3
237621.0,4
237625.0,7
237641.0,5
237645.0,2
237654.0,2
237669.0,5
237687.0,5
237697.0,8
237715.0,4
237719.0,2
237724.0,5
237740.0,4
237743.0,4
237762.0,3
237790.0,14
237802.0,7
237809.0,6
237812.0,3
237826.0,6
237833.0,12
237844.0,3
237847.0,2
237868.0,3
237885.0,10
237895.0,2
237900.0,5
237909.0,4
237921.0,4
237927.0,6
237931.0,4
237936.0,2
237938.0,2
237943.0,4
237949.0,2
237969.0,7
237976.0,7
237991.0,21
238027.0,7
238036.0,7
238053.0,8
238059.0,8
238073.0,8
238096.0,3
238099.0,3
238109.0,10
238116.0,5
238123.0,8
238129.0,5
238154.0,13
238167.0,3
238176.0,4
238183.0,6
238191.0,6
238202.0,4
238208.0,8
238224.0,4
238239.0,6
238248.0,7
238261.0,3
238263.0,6
238269.0,3
238272.0,2
238275.0,2
238278.0,3
238288.0,3
238300.0,3
238303.0,10
238367.0,7
238376.0,5
238379.0,12
238391.0,3
238403.0,4
238405.0,4
238414.0,7
238423.0,14
238446.0,13
238453.0,4
238457.0,3
238465.0,3
238482.0,8
238490.0,4
238496.0,2
238500.0,2
238517.0,6
238543.0,16
238559.0,6
238570.0,4
238573.0,6
238590.0,3
238603.0,13
238616.0,2
238618.0,3
238630.0,6
238636.0,3
238648.0,5
238663.0,4
238673.0,4
238675.0,9
238703.0,12
238715.0,5
238719.0,5
238726.0,4
238730.0,7
238749.0,4
238770.0,4
238804.0,6
238815.0,3
238823.0,6
238829.0,5
238875.0,5
238888.0,3
238907.0,4
238914.0,4
238926.0,8
238940.0,16
238950.0,2
238953.0,8
238963.0,15
238982.0,5
239031.0,5
239036.0,5
239040.0,11
239057.0,13
239064.0,4
239069.0,9
239087.0,3
239092.0,4
239098.0,5
239119.0,7
239143.0,10
239173.0,9
239184.0,6
239197.0,7
239265.0,6
239304.0,17
239321.0,8
239332.0,3
239336.0,6
239352.0,5
239355.0,2
239368.0,4
239373.0,3
239378.0,8
239394.0,2
239398.0,5
239402.0,3
239404.0,6
239425.0,2
239443.0,13
239466.0,5
239473.0,9
239482.0,6
239488.0,4
239509.0,4
239525.0,6
239544.0,11
239560.0,13
239564.0,19
239585.0,19
239618.0,9
239632.0,5
239642.0,6
239646.0,10
239671.0,9
239704.0,18
239722.0,5
239779.0,5
239784.0,4
239792.0,4
239798.0,11
239819.0,2
239834.0,2
239838.0,4
239848.0,3
239850.0,5
239870.0,5
239891.0,5
239899.0,4
239909.0,6
239914.0,7
239928.0,6
239941.0,2
239946.0,4
239954.0,5
239961.0,8
239969.0,5
239974.0,5
239981.0,2
239986.0,6
240027.0,7
240059.0,5
240080.0,4
240085.0,4
240105.0,10
240114.0,13
240135.0,3
240138.0,10
240150.0,6
240165.0,24
240177.0,9
240186.0,4
240197.0,13
240230.0,3
240236.0,2
240253.0,5
240258.0,9
240286.0,15
240302.0,11
240323.0,7
240334.0,11
240380.0,16
240401.0,5
240413.0,3
240422.0,4
240436.0,3
240442.0,6
240447.0,5
240472.0,10
240477.0,7
240481.0,2
240486.0,7
240538.0,21
240559.0,2
240618.0,6
240649.0,6
240656.0,4
240679.0,3
240701.0,5
240710.0,14
240727.0,4
240732.0,5
240744.0,9
240763.0,2
240766.0,5
240775.0,11
240853.0,10
240887.0,13
240917.0,11
240931.0,11
240938.0,2
240967.0,13
240981.0,9
240989.0,3
241068.0,2
241085.0,21
241105.0,5
241145.0,7
241155.0,22
241180.0,4
241203.0,5
241208.0,19
241232.0,9
241239.0,3
241258.0,4
241265.0,11
241287.0,6
241296.0,11
241307.0,5
241309.0,6
241318.0,2
241321.0,4
241327.0,2
241329.0,7
241349.0,6
241401.0,10
241416.0,2
241430.0,3
241442.0,6
241447.0,11
241461.0,2
241465.0,9
241479.0,15
241496.0,4
241503.0,12
241512.0,2
241515.0,11
241525.0,2
241530.0,18
241547.0,10
241578.0,11
241605.0,11
241626.0,7
241643.0,13
241666.0,4
241672.0,9
241709.0,12
241719.0,8
241728.0,6
241734.0,7
241770.0,3
241788.0,5
241791.0,6
241798.0,12
241814.0,4
241820.0,9
241826.0,8
241836.0,11
241850.0,12
241870.0,7
241876.0,2
241878.0,8
241904.0,10
241931.0,9
241938.0,4
241942.0,8
241950.0,3
241962.0,6
241966.0,5
241999.0,6
242008.0,4
242014.0,3
242046.0,4
242055.0,2
242057.0,10
242075.0,6
242095.0,4
242099.0,4
242103.0,6
242114.0,7
242136.0,8
242143.0,3
242164.0,6
242181.0,9
242188.0,6
242194.0,5
242213.0,2
242215.0,4
242220.0,10
242231.0,8
242238.0,3
242240.0,2
242254.0,8
242261.0,13
242274.0,17
242297.0,7
242303.0,11
242312.0,5
242319.0,4
242323.0,20
242342.0,25
242368.0,4
242371.0,6
242381.0,6
242383.0,4
242388.0,6
242393.0,22
242415.0,31
242446.0,6
242460.0,24
242481.0,2
242483.0,16
242499.0,3
242502.0,9
242511.0,2
242514.0,8
242521.0,2
242531.0,30
242554.0,7
242560.0,8
242568.0,8
242577.0,12
242588.0,10
242598.0,5
242604.0,5
242608.0,4
242621.0,10
242625.0,7
242634.0,22
242654.0,7
242661.0,2
242663.0,7
242670.0,4
242705.0,63
242768.0,15
242783.0,23
242806.0,7
242813.0,5
242818.0,9
242829.0,7
242856.0,4
242860.0,28
242888.0,15
242906.0,6
242911.0,5
242916.0,6
242926.0,6
242931.0,7
242945.0,7
242957.0,15
242964.0,7
242970.0,2
242976.0,5
242981.0,6
242986.0,3
242989.0,19
243009.0,22
243030.0,10
243040.0,6
243046.0,19
243066.0,5
243070.0,16
243089.0,7
243101.0,6
243108.0,5
243113.0,18
243132.0,14
243148.0,17
243161.0,3
243164.0,5
243203.0,6
243207.0,3
243215.0,5
243221.0,18
243239.0,5
243243.0,3
243246.0,5
243251.0,2
243255.0,4
243267.0,12
243279.0,7
243287.0,12
243300.0,6
243305.0,3
243307.0,9
243317.0,4
243321.0,23
243345.0,12
243361.0,11
243378.0,6
243388.0,10
243394.0,7
243401.0,4
243405.0,7
243414.0,37
243452.0,39
243488.0,10
243498.0,4
243510.0,6
243518.0,14
243532.0,2
243537.0,10
243546.0,8
243556.0,5
243560.0,6
243566.0,21
243586.0,13
243600.0,24
243625.0,10
243660.0,16
243677.0,50
243738.0,17
243752.0,7
243759.0,9
243770.0,7
243777.0,5
243781.0,27
243810.0,16
243826.0,18
243844.0,3
243847.0,12
243859.0,9
243870.0,8
243877.0,7
243889.0,5
243899.0,14
243909.0,9
243923.0,8
243938.0,12
243946.0,7
243957.0,6
243959.0,9
243988.0,6
244007.0,14
244030.0,9
244035.0,15
244049.0,8
244056.0,12
244068.0,8
244084.0,15
244094.0,30
244125.0,4
244127.0,12
244155.0,11
244167.0,9
244175.0,6
244187.0,12
244209.0,5
244215.0,4
244219.0,9
244226.0,10
244236.0,3
244247.0,8
244254.0,12
244267.0,5
244272.0,11
244282.0,5
244289.0,6
244300.0,8
244312.0,3
244319.0,11
244334.0,8
244380.0,17
244396.0,2
244400.0,5
244408.0,10
244415.0,14
244431.0,12
244442.0,5
244447.0,4
244450.0,10
244460.0,6
244466.0,8
244477.0,12
244486.0,20
244510.0,43
244558.0,19
244577.0,18
244596.0,30
244628.0,8
244636.0,19
244654.0,5
244657.0,4
244661.0,19
244681.0,5
244687.0,2
244691.0,8
244697.0,3
244704.0,21
244721.0,2
244723.0,5
244729.0,4
244733.0,14
244746.0,25
244774.0,7
244782.0,7
244785.0,17
244803.0,12
244815.0,9
244824.0,10
244836.0,21
244857.0,8
244866.0,7
244874.0,8
244880.0,3
244883.0,10
244894.0,8
244901.0,4
244905.0,2
244907.0,2
244909.0,10
244923.0,10
244931.0,5
244937.0,7
244945.0,6
244949.0,18
244974.0,6
244997.0,15
245012.0,5
245018.0,11
245035.0,2
245040.0,7
245047.0,6
245055.0,13
245069.0,4
245076.0,11
245088.0,3
245090.0,2
245098.0,17
245114.0,6
245120.0,3
245123.0,6
245131.0,8
245138.0,17
245156.0,13
245168.0,4
245174.0,26
245197.0,7
245209.0,6
245214.0,8
245221.0,8
245228.0,4
245232.0,4
245243.0,16
245255.0,2
245259.0,6
245265.0,6
245278.0,4
245286.0,2
245293.0,16
245308.0,6
245314.0,3
245318.0,30
245347.0,13
245361.0,11
245376.0,29
245408.0,4
245412.0,11
245423.0,7
245434.0,7
245454.0,15
245467.0,6
245474.0,5
245487.0,4
245492.0,15
245508.0,10
245518.0,9
245529.0,7
245534.0,23
245562.0,8
245568.0,7
245575.0,8
245584.0,12
245600.0,18
245618.0,4
245624.0,8
245636.0,14
245651.0,27
245676.0,3
245679.0,9
245691.0,14
245702.0,9
245714.0,12
245723.0,11
245735.0,4
245738.0,4
245742.0,30
245772.0,5
245780.0,13
245790.0,10
245801.0,3
245805.0,20
245847.0,18
245865.0,7
245870.0,10
245879.0,3
245886.0,17
245899.0,11
245910.0,22
245932.0,11
245946.0,7
245953.0,3
245958.0,4
245961.0,14
245974.0,3
245978.0,4
245982.0,13
245996.0,4
245998.0,2
246005.0,4
246014.0,5
246022.0,7
246025.0,5
246030.0,4
246036.0,16
246056.0,9
246059.0,18
246077.0,13
246090.0,18
246108.0,7
246117.0,4
246126.0,9
246136.0,12
246145.0,2
246147.0,14
246161.0,8
246174.0,2
246180.0,5
246185.0,16
246201.0,5
246207.0,43
246249.0,5
246254.0,8
246266.0,6
246270.0,3
246277.0,10
246287.0,8
246291.0,3
246296.0,2
246300.0,19
246324.0,4
246328.0,3
246332.0,3
246335.0,6
246343.0,7
246348.0,3
246358.0,7
246365.0,36
246404.0,3
246409.0,5
246415.0,6
246418.0,11
246429.0,15
246445.0,7
246456.0,9
246470.0,23
246492.0,5
246494.0,4
246499.0,9
246507.0,2
246510.0,5
246514.0,3
246518.0,31
246551.0,31
246580.0,8
246589.0,23
246617.0,8
246626.0,3
246628.0,2
246631.0,3
246633.0,11
246671.0,22
246701.0,4
246705.0,10
246717.0,7
246723.0,14
246736.0,3
246739.0,4
246744.0,3
246747.0,19
246766.0,3
246773.0,7
246778.0,14
246793.0,8
246802.0,9
246814.0,10
246823.0,4
246829.0,6
246835.0,3
246838.0,8
246846.0,7
246854.0,5
246867.0,20
246888.0,5
246892.0,15
246917.0,17
246934.0,9
246942.0,7
246950.0,13
246962.0,4
246968.0,17
246990.0,4
246994.0,6
247000.0,18
247018.0,3
247022.0,8
247029.0,6
247038.0,4
247042.0,8
247051.0,4
247056.0,6
247063.0,6
247067.0,9
247076.0,3
247081.0,7
247086.0,12
247099.0,9
247108.0,6
247114.0,16
247129.0,6
247146.0,15
247155.0,4
247162.0,8
247167.0,7
247174.0,10
247184.0,5
247190.0,9
247198.0,27
247234.0,5
247240.0,13
247252.0,2
247255.0,7
247263.0,11
247278.0,31
247303.0,5
247308.0,11
247319.0,6
247330.0,5
247346.0,11
247358.0,8
247364.0,10
247377.0,16
247393.0,9
247400.0,12
247418.0,13
247425.0,3
247429.0,14
247446.0,7
247450.0,6
247456.0,11
247472.0,2
247475.0,12
247486.0,2
247488.0,31
247522.0,4
247527.0,3
247529.0,2
247532.0,8
247539.0,8
247554.0,3
247576.0,23
247598.0,2
247604.0,11
247623.0,3
247626.0,14
247640.0,3
247643.0,3
247647.0,5
247651.0,27
247678.0,5
247684.0,6
247692.0,6
247698.0,7
247706.0,9
247714.0,3
247718.0,6
247723.0,6
247733.0,29
247762.0,2
247765.0,3
247773.0,7
247780.0,17
247797.0,2
247799.0,7
247807.0,8
247818.0,5
247825.0,6
247869.0,6
247872.0,10
247881.0,9
247897.0,5
247900.0,2
247912.0,12
247927.0,15
247942.0,5
247944.0,11
247966.0,9
247977.0,12
247987.0,10
247997.0,4
248003.0,8
248009.0,3
248015.0,9
248021.0,11
248035.0,4
248042.0,7
248049.0,3
248063.0,11
248073.0,14
248110.0,19
248128.0,3
248133.0,8
248145.0,16
248161.0,13
248173.0,16
248188.0,17
248208.0,14
248224.0,12
248257.0,5
248260.0,12
248278.0,6
248284.0,13
248297.0,15
248312.0,21
248346.0,10
248411.0,5
248418.0,21
248453.0,9
248476.0,26
248525.0,3
248531.0,42
248570.0,10
248580.0,7
248588.0,10
248597.0,8
248616.0,7
248647.0,8
248654.0,7
248661.0,11
248699.0,16
248713.0,2
248717.0,5
248722.0,6
248726.0,10
248738.0,8
248744.0,5
248756.0,11
248764.0,3
248767.0,5
248772.0,6
248778.0,6
248785.0,10
248794.0,13
248813.0,8
248827.0,12
248836.0,3
248842.0,4
248878.0,4
248883.0,9
248892.0,9
248900.0,13
248912.0,21
248941.0,5
248947.0,8
248954.0,4
248958.0,4
248965.0,10
248974.0,4
248978.0,11
248988.0,4
248992.0,3
248996.0,5
248999.0,34
249037.0,2
249040.0,6
249049.0,5
249052.0,7
249059.0,13
249074.0,5
249084.0,9
249090.0,13
249129.0,24
249154.0,6
249159.0,28
249189.0,17
249206.0,18
249224.0,8
249235.0,8
249240.0,4
249250.0,8
249253.0,20
249273.0,9
249281.0,12
249293.0,3
249297.0,3
249302.0,23
249326.0,7
249330.0,5
249335.0,7
249342.0,5
249346.0,24
249370.0,7
249377.0,16
249393.0,5
249400.0,11
249409.0,11
249421.0,28
249452.0,12
249464.0,6
249466.0,2
249468.0,33
249501.0,4
249505.0,3
249516.0,13
249550.0,8
249567.0,11
249574.0,9
249589.0,10
249595.0,11
249603.0,4
249607.0,7
249618.0,12
249627.0,4
249630.0,2
249632.0,6
249641.0,4
249645.0,6
249654.0,16
249669.0,4
249676.0,8
249681.0,9
249691.0,14
249704.0,16
249723.0,7
249734.0,9
249738.0,2
249740.0,7
249747.0,6
249758.0,13
249767.0,8
249774.0,3
249777.0,6
249786.0,4
249795.0,7
249811.0,5
249816.0,18
249837.0,18
249859.0,11
249866.0,8
249874.0,2
249877.0,6
249882.0,34
249916.0,17
249933.0,5
249938.0,5
249943.0,13
249956.0,3
249980.0,3
249986.0,3
249992.0,12
250007.0,5
250018.0,16
250034.0,2
250043.0,5
250053.0,3
250056.0,5
250061.0,7
250068.0,4
250074.0,6
250078.0,3
250103.0,28
250130.0,27
250165.0,3
250171.0,3
250178.0,10
250184.0,11
250198.0,8
250210.0,23
250227.0,3
250233.0,2
250235.0,6
250243.0,3
250246.0,6
250254.0,13
250269.0,7
250277.0,4
250280.0,6
250290.0,15
250305.0,3
250308.0,7
250316.0,25
250341.0,11
250353.0,11
250378.0,3
250380.0,2
250384.0,21
250437.0,24
250462.0,16
250482.0,4
250497.0,13
250519.0,7
250526.0,5
250531.0,6
250536.0,2
250539.0,4
250542.0,4
250562.0,27
250596.0,8
250603.0,5
250605.0,6
250627.0,5
250636.0,6
250639.0,5
250643.0,4
250649.0,6
250665.0,8
250686.0,5
250692.0,15
250706.0,7
250721.0,8
250729.0,8
250737.0,10
250747.0,6
250753.0,25
250779.0,6
250809.0,7
250813.0,4
250819.0,5
250824.0,13
250839.0,3
250842.0,9
250851.0,10
250865.0,3
250873.0,4
250877.0,6
250886.0,8
250892.0,4
250897.0,8
250906.0,7
250911.0,11
250922.0,6
250928.0,5
250933.0,11
250944.0,2
250951.0,7
250958.0,7
250962.0,5
250965.0,3
250969.0,11
250986.0,10
250999.0,6
251001.0,2
251003.0,2
251008.0,3
251014.0,6
251018.0,18
251040.0,16
251055.0,5
251059.0,3
251066.0,5
251073.0,9
251084.0,11
251098.0,14
251115.0,8
251120.0,5
251125.0,2
251127.0,6
251134.0,26
251160.0,15
251174.0,5
251181.0,5
251184.0,7
251191.0,4
251196.0,14
251209.0,5
251214.0,2
251219.0,5
251227.0,15
251239.0,4
251243.0,4
251247.0,5
251254.0,4
251256.0,2
251258.0,11
251270.0,20
251289.0,3
251292.0,5
251298.0,11
251315.0,10
251332.0,4
251336.0,3
251340.0,13
251358.0,8
251364.0,5
251371.0,10
251379.0,6
251386.0,10
251396.0,6
251417.0,5
251432.0,4
251491.0,5
251516.0,8
251526.0,2
251535.0,8
251545.0,4
251578.0,2
251599.0,2
251607.0,7
251615.0,8
251647.0,6
251714.0,9
251781.0,3
251835.0,3
251921.0,3
251924.0,3
251995.0,3
252081.0,2
252091.0,4
252170.0,3
252261.0,2
252276.0,6
252454.0,3
252485.0,2
252499.0,2
252528.0,9
252567.0,4
252575.0,5
252617.0,3
252627.0,5
252746.0,5
252877.0,2
252879.0,3
252928.0,4
252950.0,7
253134.0,3
253258.0,11
253279.0,2
253358.0,2
253417.0,2
253561.0,5
253565.0,7
253643.0,2
253683.0,2
253728.0,3
253738.0,4
253814.0,2
253838.0,5
253922.0,5
253940.0,2
253945.0,5
254092.0,3
254336.0,7
254345.0,2
254430.0,3
254458.0,2
254528.0,4
254564.0,7
254667.0,2
254712.0,3
254723.0,3
254873.0,2
254947.0,4
254996.0,6
255002.0,6
255103.0,3
255121.0,2
255179.0,2
255412.0,2
255428.0,2
255677.0,4
255807.0,3
255837.0,5
255870.0,3
255895.0,4
256043.0,2
256153.0,3
256159.0,3
256229.0,7
256340.0,2
256358.0,3
256454.0,3
256512.0,2
256601.0,6
256633.0,5
256638.0,3
256644.0,2
256924.0,4
256937.0,2
257089.0,6
257200.0,3
257262.0,3
257292.0,8
257313.0,7
257359.0,6
257372.0,10
257380.0,5
257399.0,4
257433.0,3
257517.0,5
257606.0,3
257610.0,6
257647.0,4
257666.0,9
257771.0,8
257781.0,9
257807.0,5
257809.0,3
257834.0,3
257874.0,9
257884.0,4
257888.0,2
257939.0,10
257956.0,9
257968.0,3
257986.0,4
258000.0,5
258047.0,11
258065.0,11
258111.0,7
258126.0,5
258177.0,13
258233.0,3
258242.0,5
258250.0,5
258272.0,3
258302.0,5
258342.0,3
258402.0,6
258521.0,4
258550.0,9
258673.0,2
258768.0,11
258781.0,2
258830.0,6
258910.0,5
258923.0,6
258971.0,4
258974.0,3
259001.0,3
259036.0,6
259044.0,5
259068.0,4
259078.0,2
259082.0,2
259128.0,10
259138.0,3
259178.0,2
259252.0,5
259305.0,2
259309.0,2
259313.0,3
259432.0,6
259446.0,4
259467.0,10
259494.0,4
259534.0,4
259546.0,15
259590.0,7
259601.0,6
259611.0,3
259616.0,5
259625.0,2
259634.0,5
259653.0,3
259712.0,6
259729.0,5
259750.0,4
259808.0,11
259826.0,4
259837.0,2
259842.0,3
259854.0,8
259864.0,4
259878.0,5
259884.0,7
259893.0,6
259899.0,4
259912.0,4
259955.0,7
259965.0,5
259968.0,6
260000.0,7
260006.0,6
260014.0,5
260028.0,3
260059.0,5
260151.0,10
260191.0,6
260241.0,4
260255.0,5
260275.0,6
260300.0,6
260327.0,6
260500.0,2
260503.0,26
260530.0,21
260555.0,10
260628.0,110
260828.0,32
260857.0,104
260961.0,33
260994.0,2
260996.0,30
261127.0,15
261142.0,132
261274.0,20
261294.0,3
261297.0,30
261329.0,7
261334.0,26
261360.0,11
261372.0,6
261377.0,12
261389.0,47
261436.0,36
261473.0,28
261500.0,10
261513.0,28
261539.0,3
261542.0,8
261549.0,49
261600.0,17
261656.0,7
261663.0,7
261670.0,14
261683.0,14
261697.0,2
261699.0,19
261718.0,29
261747.0,6
261754.0,12
261765.0,9
261774.0,29
261805.0,6
261813.0,19
261831.0,13
261843.0,27
261870.0,8
261878.0,47
261925.0,22
261947.0,8
261955.0,13
261969.0,12
261980.0,3
261983.0,21
262005.0,8
262012.0,24
262036.0,24
262060.0,7
262067.0,5
262072.0,32
262113.0,20
262137.0,10
262145.0,20
262173.0,5
262179.0,9
262187.0,29
262216.0,33
262249.0,35
262284.0,13
262297.0,2
262302.0,67
262366.0,10
262378.0,12
262390.0,4
262395.0,14
262409.0,9
262417.0,6
262424.0,8
262433.0,24
262455.0,34
262489.0,9
262498.0,24
262522.0,5
262527.0,20
262548.0,19
262566.0,8
262574.0,6
262581.0,8
262591.0,8
262597.0,15
262613.0,16
262628.0,17
262646.0,10
262654.0,57
262712.0,5
262721.0,5
262726.0,5
262731.0,28
262763.0,41
262800.0,11
262844.0,2
262846.0,9
262858.0,18
262873.0,67
262941.0,33
262973.0,22
262995.0,2
262998.0,11
263009.0,5
263019.0,39
263058.0,17
263076.0,6
263081.0,6
263087.0,7
263098.0,15
263109.0,16
263161.0,8
263169.0,40
263209.0,39
263249.0,9
263263.0,27
263284.0,3
263287.0,17
263306.0,13
263317.0,19
263338.0,7
263343.0,8
263355.0,35
263387.0,7
263395.0,5
263398.0,10
263410.0,12
263421.0,5
263426.0,9
263434.0,7
263441.0,10
263451.0,3
263454.0,17
263471.0,10
263483.0,21
263502.0,9
263512.0,4
263516.0,3
263518.0,5
263524.0,6
263530.0,11
263541.0,9
263549.0,20
263570.0,10
263582.0,17
263596.0,9
263605.0,5
263648.0,8
263652.0,9
263661.0,7
263668.0,11
263679.0,25
263704.0,2
263709.0,8
263727.0,2
263750.0,8
263759.0,3
263761.0,14
263843.0,11
263854.0,23
263876.0,24
263900.0,4
263904.0,28
263933.0,10
263943.0,16
264005.0,3
264011.0,7
264017.0,18
264032.0,3
264035.0,2
264037.0,22
264060.0,11
264071.0,8
264079.0,4
264083.0,22
264104.0,2
264106.0,44
264150.0,12
264164.0,6
264169.0,20
264206.0,5
264210.0,29
264244.0,4
264250.0,25
264274.0,8
264280.0,11
264291.0,16
264310.0,26
264336.0,14
264349.0,14
264364.0,9
264375.0,15
264387.0,13
264404.0,18
264418.0,25
264443.0,4
264448.0,15
264462.0,2
264464.0,2
264467.0,21
264487.0,4
264492.0,15
264508.0,8
264515.0,18
264534.0,8
264549.0,18
264571.0,3
264573.0,16
264589.0,19
264609.0,28
264639.0,7
264643.0,10
264656.0,10
264663.0,9
264674.0,11
264695.0,8
264703.0,4
264707.0,4
264712.0,12
264723.0,4
264740.0,17
264754.0,9
264763.0,6
264769.0,4
264775.0,7
264780.0,8
264788.0,8
264796.0,7
264829.0,15
264839.0,11
264852.0,4
264854.0,2
264856.0,3
264859.0,12
264871.0,4
264875.0,4
264879.0,9
264893.0,9
264902.0,5
264907.0,7
264914.0,21
264935.0,7
264942.0,6
264949.0,56
265004.0,3
265008.0,12
265021.0,4
265028.0,6
265034.0,4
265038.0,7
265047.0,11
265056.0,16
265072.0,28
265116.0,7
265130.0,4
265134.0,6
265140.0,11
265151.0,18
265173.0,7
265180.0,3
265183.0,8
265190.0,5
265201.0,7
265207.0,11
265218.0,3
265221.0,20
265243.0,4
265245.0,10
265257.0,7
265263.0,9
265276.0,30
265302.0,3
265304.0,7
265311.0,25
265336.0,15
265351.0,5
265357.0,3
265369.0,6
265375.0,2
265377.0,24
265419.0,4
265421.0,5
265427.0,5
265433.0,6
265444.0,8
265452.0,16
265485.0,16
265504.0,7
265513.0,12
265523.0,6
265530.0,11
265541.0,8
265552.0,5
265569.0,14
265590.0,8
265596.0,11
265622.0,14
265634.0,2
265636.0,9
265652.0,3
265658.0,12
265667.0,6
265673.0,9
265684.0,6
265693.0,7
265695.0,15
265740.0,6
265746.0,10
265764.0,10
265771.0,9
265788.0,17
265802.0,5
265807.0,6
265813.0,3
265816.0,4
265820.0,4
265826.0,5
265830.0,3
265832.0,4
265836.0,13
265849.0,4
265853.0,6
265859.0,7
265866.0,2
265869.0,8
265888.0,34
265922.0,3
265928.0,10
265937.0,25
265974.0,3
265977.0,11
265993.0,13
266010.0,19
266029.0,2
266031.0,19
266052.0,2
266059.0,5
266064.0,9
266073.0,2
266075.0,2
266077.0,15
266093.0,10
266102.0,5
266108.0,5
266117.0,37
266151.0,24
266175.0,10
266187.0,9
266196.0,5
266201.0,6
266211.0,28
266240.0,10
266251.0,6
266255.0,6
266261.0,9
266270.0,20
266300.0,6
266324.0,6
266330.0,22
266353.0,4
266357.0,11
266367.0,25
266392.0,8
266402.0,12
266414.0,7
266423.0,6
266429.0,14
266442.0,5
266446.0,29
266476.0,6
266481.0,6
266487.0,12
266499.0,6
266505.0,2
266510.0,5
266513.0,9
266521.0,11
266536.0,7
266541.0,10
266551.0,3
266556.0,8
266564.0,4
266568.0,5
266571.0,11
266583.0,17
266599.0,4
266603.0,17
266622.0,3
266625.0,9
266634.0,5
266639.0,4
266645.0,28
266671.0,11
266682.0,4
266687.0,4
266694.0,6
266700.0,7
266707.0,3
266709.0,6
266715.0,8
266723.0,2
266730.0,7
266738.0,7
266747.0,16
266760.0,15
266776.0,30
266806.0,4
266809.0,37
266872.0,10
266885.0,3
266887.0,6
266895.0,4
266902.0,9
266912.0,9
266941.0,17
266958.0,3
266994.0,17
267011.0,9
267016.0,5
267021.0,6
267031.0,17
267050.0,11
267057.0,9
267070.0,7
267077.0,5
267096.0,11
267150.0,5
267154.0,11
267169.0,6
267176.0,20
267195.0,8
267204.0,5
267208.0,8
267216.0,10
267242.0,5
267250.0,15
267267.0,11
267285.0,13
267293.0,10
267303.0,4
267307.0,4
267311.0,6
267321.0,6
267330.0,8
267337.0,4
267341.0,17
267358.0,3
267361.0,2
267365.0,7
267370.0,4
267374.0,5
267380.0,4
267383.0,4
267387.0,6
267393.0,5
267399.0,9
267407.0,4
267416.0,5
267418.0,3
267421.0,9
267430.0,6
267436.0,2
267438.0,6
267444.0,2
267448.0,5
267452.0,6
267458.0,21
267480.0,18
267496.0,6
267504.0,12
267516.0,11
267528.0,13
267541.0,11
267551.0,3
267557.0,2
267559.0,4
267563.0,3
267566.0,3
267569.0,4
267573.0,8
267581.0,9
267592.0,10
267601.0,6
267608.0,6
267618.0,12
267624.0,14
267638.0,4
267642.0,9
267651.0,2
267658.0,9
267667.0,4
267675.0,14
267685.0,12
267697.0,9
267705.0,2
267707.0,10
267717.0,8
267728.0,30
267757.0,9
267766.0,6
267772.0,8
267785.0,5
267790.0,12
267803.0,6
267810.0,8
267821.0,5
267853.0,18
267873.0,25
267898.0,6
267904.0,3
267917.0,5
267921.0,8
267927.0,10
267937.0,20
267957.0,5
267963.0,8
267972.0,5
267976.0,5
267982.0,11
267991.0,5
267996.0,19
268017.0,8
268026.0,10
268036.0,5
268040.0,3
268043.0,27
268070.0,8
268078.0,16
268097.0,12
268112.0,5
268117.0,7
268134.0,48
268187.0,14
268207.0,7
268215.0,11
268223.0,10
268235.0,14
268249.0,2
268251.0,15
268268.0,6
268275.0,16
268292.0,16
268336.0,2
268338.0,5
268344.0,4
268354.0,6
268359.0,5
268365.0,4
268368.0,2
268377.0,10
268399.0,5
268404.0,20
268425.0,8
268433.0,6
268439.0,34
268474.0,15
268487.0,8
268497.0,8
268505.0,6
268511.0,16
268527.0,5
268532.0,2
268541.0,8
268554.0,13
268564.0,3
268567.0,24
268591.0,13
268604.0,22
268627.0,5
268631.0,8
268640.0,4
268645.0,5
268648.0,8
268656.0,5
268663.0,18
268679.0,15
268694.0,3
268701.0,6
268703.0,3
268707.0,3
268712.0,5
268714.0,3
268721.0,8
268727.0,7
268734.0,2
268736.0,15
268768.0,13
268781.0,4
268788.0,9
268802.0,10
268814.0,4
268825.0,10
268840.0,6
268849.0,5
268851.0,8
268859.0,3
268863.0,7
268869.0,16
268885.0,5
268900.0,6
268906.0,14
268931.0,5
268947.0,6
268955.0,12
268970.0,16
268987.0,3
268990.0,7
268996.0,3
268999.0,3
269002.0,8
269011.0,9
269020.0,4
269024.0,14
269037.0,6
269054.0,19
269071.0,6
269078.0,3
269081.0,8
269088.0,7
269096.0,7
269102.0,3
269113.0,13
269121.0,7
269128.0,9
269138.0,17
269171.0,10
269177.0,10
269187.0,11
269200.0,17
269216.0,10
269227.0,8
269237.0,27
269262.0,2
269264.0,10
269278.0,14
269291.0,6
269296.0,3
269304.0,6
269310.0,2
269315.0,10
269328.0,2
269330.0,8
269338.0,13
269351.0,4
269358.0,14
269372.0,11
269383.0,10
269404.0,11
269416.0,21
269437.0,9
269446.0,6
269453.0,4
269460.0,4
269472.0,2
269478.0,6
269483.0,12
269497.0,4
269499.0,5
269511.0,3
269514.0,10
269523.0,10
269533.0,5
269539.0,3
269546.0,3
269549.0,7
269564.0,12
269572.0,7
269590.0,4
269622.0,2
269625.0,8
269633.0,5
269637.0,16
269654.0,13
269666.0,4
269670.0,7
269678.0,7
269684.0,9
269693.0,11
269705.0,4
269708.0,2
269717.0,5
269735.0,7
269741.0,9
269758.0,5
269764.0,5
269770.0,6
269776.0,5
269788.0,13
269798.0,12
269810.0,8
269820.0,5
269841.0,5
269846.0,10
269861.0,9
269867.0,20
269900.0,3
269907.0,11
269916.0,6
269924.0,5
269930.0,9
269938.0,12
269953.0,12
269965.0,10
269980.0,5
269984.0,5
269993.0,7
269998.0,17
270024.0,4
270031.0,6
270037.0,4
270058.0,25
270085.0,10
270096.0,4
270101.0,26
270127.0,11
270138.0,12
270166.0,4
270171.0,6
270177.0,5
270182.0,6
270187.0,8
270197.0,6
270202.0,3
270209.0,4
270212.0,7
270253.0,10
270263.0,32
270294.0,20
270314.0,6
270321.0,4
270324.0,7
270331.0,10
270341.0,26
270367.0,16
270383.0,3
270391.0,5
270394.0,6
270403.0,6
270412.0,16
270425.0,2
270427.0,10
270437.0,8
270446.0,11
270456.0,10
270466.0,7
270473.0,4
270477.0,2
270479.0,7
270486.0,31
270517.0,30
270547.0,6
270553.0,2
270555.0,4
270567.0,10
270572.0,4
270578.0,10
270590.0,4
270599.0,5
270606.0,14
270617.0,7
270627.0,4
270634.0,12
270643.0,3
270658.0,19
270678.0,4
270683.0,6
270688.0,2
270693.0,9
270702.0,7
270710.0,3
270714.0,13
270725.0,6
270741.0,11
270751.0,5
270757.0,4
270769.0,12
270778.0,5
270789.0,3
270791.0,9
270800.0,5
270810.0,3
270813.0,6
270820.0,3
270824.0,4
270836.0,11
270849.0,7
270857.0,9
270863.0,2
270874.0,4
270877.0,5
270882.0,4
270888.0,2
270891.0,5
270895.0,8
270908.0,6
270912.0,9
270922.0,4
270925.0,16
270952.0,9
270961.0,4
270965.0,19
270987.0,16
271002.0,7
271008.0,7
271018.0,5
271025.0,4
271030.0,12
271042.0,6
271047.0,2
271055.0,4
271066.0,7
271075.0,16
271092.0,5
271114.0,2
271119.0,3
271122.0,2
271125.0,8
271135.0,11
271144.0,3
271147.0,9
271157.0,11
271166.0,2
271169.0,3
271174.0,9
271182.0,3
271186.0,11
271196.0,11
271207.0,4
271211.0,6
271218.0,3
271220.0,9
271229.0,2
271235.0,8
271243.0,6
271251.0,4
271261.0,4
271265.0,4
271269.0,15
271284.0,7
271295.0,4
271299.0,7
271306.0,6
271312.0,5
271317.0,7
271333.0,14
271355.0,9
271365.0,8
271373.0,7
271383.0,4
271399.0,22
271433.0,5
271442.0,2
271445.0,12
271456.0,6
271462.0,2
271472.0,6
271477.0,6
271481.0,7
271490.0,2
271492.0,9
271521.0,4
271529.0,3
271532.0,9
271540.0,4
271547.0,4
271553.0,11
271562.0,2
271569.0,7
271578.0,4
271580.0,3
271585.0,5
271593.0,8
271596.0,14
271614.0,3
271629.0,7
271639.0,9
271643.0,3
271649.0,3
271654.0,6
271658.0,11
271669.0,3
271672.0,6
271679.0,9
271687.0,4
271692.0,16
271721.0,9
271731.0,15
271769.0,3
271772.0,2
271775.0,13
271794.0,9
271805.0,7
271810.0,2
271812.0,5
271817.0,12
271834.0,6
271839.0,5
271844.0,7
271856.0,9
271870.0,2
271874.0,5
271879.0,7
271918.0,8
271927.0,4
271932.0,9
271966.0,3
271970.0,8
271983.0,7
271988.0,24
272012.0,7
272021.0,10
272031.0,5
272040.0,26
272065.0,12
272078.0,6
272083.0,2
272085.0,6
272091.0,4
272095.0,4
272100.0,4
272106.0,20
272123.0,5
272129.0,8
272139.0,7
272143.0,3
272150.0,7
272154.0,12
272167.0,8
272174.0,18
272191.0,4
272196.0,7
272202.0,3
272211.0,5
272216.0,9
272229.0,13
272242.0,11
272256.0,7
272261.0,9
272271.0,4
272274.0,5
272279.0,14
272295.0,5
272305.0,3
272307.0,2
272309.0,4
272313.0,12
272327.0,9
272334.0,3
272337.0,3
272341.0,9
272352.0,4
272357.0,5
272376.0,8
272390.0,3
272393.0,3
272396.0,9
272406.0,3
272408.0,2
272413.0,10
272420.0,9
272429.0,12
272443.0,3
272452.0,4
272456.0,18
272483.0,14
272499.0,6
272504.0,11
272516.0,12
272528.0,2
272530.0,18
272550.0,25
272573.0,3
272577.0,3
272582.0,8
272587.0,4
272596.0,7
272598.0,7
272606.0,5
272626.0,2
272628.0,4
272632.0,8
272640.0,3
272656.0,7
272666.0,8
272677.0,3
272684.0,2
272687.0,5
272692.0,5
272699.0,3
272715.0,23
272739.0,7
272745.0,5
272756.0,7
272778.0,7
272790.0,10
272799.0,6
272808.0,6
272816.0,8
272830.0,8
272844.0,15
272862.0,14
272876.0,14
272888.0,3
272890.0,5
272895.0,17
272912.0,3
272917.0,8
272924.0,5
272931.0,12
272946.0,9
272954.0,2
272956.0,12
272968.0,2
272976.0,3
272978.0,4
272983.0,3
272991.0,3
273000.0,9
273018.0,9
273026.0,12
273039.0,14
273053.0,11
273066.0,8
273080.0,9
273107.0,4
273111.0,10
273124.0,15
273140.0,11
273150.0,3
273157.0,7
273160.0,2
273163.0,9
273174.0,7
273188.0,8
273198.0,11
273207.0,4
273238.0,18
273257.0,7
273275.0,8
273288.0,12
273294.0,5
273298.0,2
273303.0,4
273310.0,7
273319.0,15
273332.0,4
273338.0,4
273342.0,6
273348.0,3
273351.0,2
273356.0,6
273360.0,9
273376.0,5
273381.0,9
273395.0,6
273416.0,13
273429.0,3
273438.0,3
273440.0,10
273450.0,2
273452.0,5
273457.0,3
273460.0,2
273462.0,4
273466.0,4
273470.0,6
273477.0,4
273480.0,16
273512.0,7
273520.0,3
273526.0,9
273535.0,2
273538.0,8
273546.0,4
273549.0,4
273554.0,7
273564.0,3
273567.0,18
273585.0,4
273591.0,10
273598.0,5
273606.0,12
273625.0,7
273638.0,2
273640.0,4
273644.0,4
273649.0,3
273662.0,5
273667.0,4
273671.0,29
273714.0,3
273718.0,3
273720.0,4
273732.0,2
273734.0,5
273740.0,4
273746.0,6
273752.0,7
273768.0,7
273775.0,4
273780.0,4
273783.0,5
273793.0,11
273799.0,16
273816.0,22
273838.0,7
273853.0,4
273857.0,5
273862.0,2
273866.0,4
273873.0,6
273881.0,3
273892.0,5
273896.0,5
273900.0,2
273902.0,10
273913.0,8
273932.0,4
273935.0,4
273939.0,2
273949.0,13
273960.0,3
273966.0,4
273970.0,12
273990.0,21
274021.0,7
274033.0,4
274038.0,5
274044.0,5
274048.0,13
274060.0,3
274069.0,21
274085.0,8
274095.0,7
274100.0,2
274102.0,11
274116.0,3
274131.0,6
274136.0,5
274139.0,2
274142.0,4
274145.0,3
274149.0,14
274166.0,9
274175.0,10
274189.0,5
274194.0,10
274204.0,2
274216.0,7
274223.0,7
274230.0,6
274242.0,7
274250.0,4
274254.0,6
274259.0,16
274284.0,25
274300.0,6
274306.0,3
274310.0,5
274318.0,5
274331.0,10
274339.0,3
274344.0,6
274356.0,5
274361.0,4
274380.0,8
274399.0,6
274402.0,4
274406.0,3
274412.0,5
274417.0,2
274420.0,17
274436.0,3
274451.0,4
274457.0,5
274465.0,16
274481.0,17
274498.0,20
274534.0,11
274545.0,6
274555.0,5
274575.0,19
274597.0,14
274612.0,12
274622.0,14
274636.0,3
274641.0,6
274651.0,2
274653.0,5
274658.0,4
274663.0,4
274667.0,3
274672.0,12
274690.0,6
274696.0,8
274704.0,9
274715.0,4
274719.0,5
274724.0,9
274736.0,6
274748.0,10
274759.0,5
274762.0,5
274767.0,8
274795.0,6
274801.0,4
274808.0,11
274816.0,5
274827.0,14
274841.0,14
274857.0,4
274861.0,4
274867.0,4
274873.0,2
274875.0,26
274915.0,5
274920.0,7
274931.0,9
274942.0,25
274969.0,6
274977.0,17
274993.0,5
275002.0,9
275011.0,2
275031.0,9
275044.0,4
275054.0,8
275064.0,7
275074.0,8
275079.0,8
275090.0,7
275096.0,6
275102.0,4
275109.0,3
275120.0,14
275136.0,5
275138.0,14
275160.0,8
275177.0,12
275192.0,3
275202.0,3
275214.0,21
275236.0,5
275242.0,5
275247.0,5
275255.0,14
275272.0,2
275275.0,6
275285.0,9
275293.0,6
275306.0,2
275312.0,18
275326.0,9
275337.0,10
275346.0,5
275354.0,5
275366.0,13
275405.0,9
275414.0,16
275431.0,6
275436.0,5
275441.0,2
275457.0,9
275464.0,3
275467.0,13
275482.0,8
275492.0,3
275498.0,22
275520.0,12
275534.0,4
275561.0,8
275572.0,6
275578.0,8
275586.0,4
275593.0,5
275596.0,6
275608.0,6
275610.0,3
275613.0,4
275627.0,6
275646.0,10
275659.0,10
275695.0,13
275708.0,7
275716.0,11
275732.0,6
275737.0,10
275753.0,7
275758.0,3
275761.0,4
275765.0,5
275777.0,4
275781.0,10
275791.0,5
275797.0,4
275806.0,5
275811.0,4
275815.0,7
275822.0,6
275828.0,5
275833.0,6
275841.0,9
275850.0,4
275857.0,3
275874.0,2
275878.0,6
275882.0,6
275893.0,5
275902.0,4
275906.0,8
275914.0,7
275952.0,4
275957.0,11
275968.0,11
275979.0,3
275987.0,14
276002.0,10
276029.0,11
276065.0,6
276071.0,6
276076.0,4
276081.0,13
276094.0,5
276098.0,4
276104.0,5
276120.0,8
276150.0,3
276162.0,10
276172.0,6
276178.0,7
276185.0,7
276192.0,2
276197.0,6
276203.0,10
276214.0,11
276224.0,2
276226.0,5
276231.0,4
276235.0,9
276244.0,18
276266.0,4
276279.0,17
276298.0,12
276312.0,29
276342.0,6
276353.0,6
276358.0,5
276366.0,5
276370.0,5
276375.0,11
276386.0,5
276397.0,3
276400.0,3
276404.0,4
276412.0,2
276416.0,6
276421.0,5
276427.0,7
276434.0,8
276444.0,8
276455.0,7
276462.0,5
276467.0,4
276474.0,6
276481.0,3
276483.0,2
276490.0,5
276494.0,12
276506.0,30
276536.0,4
276540.0,13
276570.0,10
276588.0,4
276594.0,2
276597.0,5
276603.0,10
276613.0,12
276625.0,8
276635.0,12
276645.0,3
276650.0,10
276664.0,9
276680.0,6
276686.0,8
276694.0,2
276697.0,16
276716.0,6
276718.0,12
276730.0,3
276733.0,6
276740.0,4
276743.0,2
276747.0,8
276759.0,9
276778.0,3
276782.0,5
276786.0,4
276790.0,5
276796.0,6
276803.0,3
276830.0,4
276834.0,4
276838.0,13
276858.0,3
276860.0,8
276876.0,16
276892.0,13
276905.0,7
276912.0,9
276922.0,5
276934.0,9
276941.0,5
276946.0,7
276957.0,10
276967.0,10
276987.0,4
276989.0,12
277001.0,14
277022.0,9
277032.0,7
277052.0,5
277056.0,7
277064.0,6
277069.0,4
277083.0,10
277092.0,3
277094.0,4
277102.0,7
277109.0,4
277113.0,3
277116.0,4
277122.0,16
277139.0,5
277151.0,7
277158.0,4
277162.0,8
277170.0,4
277175.0,3
277177.0,3
277186.0,10
277190.0,2
277197.0,6
277204.0,16
277219.0,5
277225.0,9
277234.0,3
277236.0,3
277242.0,7
277246.0,7
277254.0,9
277262.0,22
277284.0,7
277299.0,2
277307.0,13
277324.0,8
277332.0,4
277336.0,3
277339.0,4
277342.0,3
277354.0,6
277358.0,5
277371.0,4
277376.0,6
277381.0,7
277389.0,4
277395.0,4
277409.0,3
277414.0,12
277429.0,6
277443.0,2
277475.0,9
277491.0,9
277510.0,7
277517.0,2
277519.0,3
277529.0,15
277549.0,9
277557.0,4
277567.0,6
277574.0,15
277588.0,4
277594.0,5
277615.0,5
277620.0,8
277628.0,2
277631.0,6
277636.0,5
277641.0,2
277645.0,2
277647.0,3
277651.0,4
277661.0,4
277667.0,7
277675.0,11
277688.0,10
277710.0,5
277718.0,6
277726.0,6
277749.0,15
277774.0,8
277778.0,10
277796.0,11
277807.0,6
277813.0,2
277815.0,10
277828.0,8
277836.0,8
277846.0,2
277851.0,9
277864.0,8
277879.0,4
277882.0,2
277884.0,2
277886.0,4
277890.0,6
277904.0,15
277916.0,4
277925.0,2
277927.0,6
277933.0,6
277939.0,6
277945.0,3
277948.0,11
277963.0,6
277965.0,5
277970.0,3
277989.0,2
277997.0,3
278002.0,4
278015.0,4
278033.0,12
278047.0,7
278054.0,7
278060.0,8
278069.0,4
278087.0,12
278098.0,2
278106.0,10
278125.0,5
278135.0,3
278138.0,10
278148.0,3
278151.0,22
278172.0,10
278195.0,3
278197.0,3
278202.0,4
278207.0,3
278209.0,5
278243.0,5
278249.0,3
278257.0,8
278268.0,2
278271.0,3
278273.0,15
278297.0,10
278306.0,4
278310.0,5
278316.0,2
278319.0,3
278325.0,2
278327.0,6
278338.0,3
278340.0,4
278347.0,5
278349.0,4
278357.0,4
278366.0,7
278373.0,4
278379.0,3
278385.0,5
278405.0,6
278415.0,24
278439.0,11
278466.0,4
278472.0,5
278478.0,11
278486.0,3
278490.0,5
278495.0,3
278497.0,9
278511.0,6
278517.0,7
278533.0,3
278537.0,5
278543.0,5
278550.0,6
278558.0,8
278580.0,2
278586.0,3
278589.0,3
278600.0,4
278604.0,2
278606.0,5
278637.0,4
278642.0,4
278645.0,3
278647.0,4
278652.0,9
278661.0,6
278667.0,4
278678.0,13
278694.0,5
278699.0,3
278713.0,5
278719.0,6
278730.0,3
278733.0,6
278743.0,10
278751.0,4
278756.0,4
278760.0,3
278763.0,17
278780.0,3
278785.0,4
278789.0,6
278793.0,5
278798.0,2
278805.0,7
278807.0,5
278813.0,8
278820.0,3
278825.0,4
278831.0,7
278836.0,2
278841.0,3
278846.0,11
278856.0,7
278862.0,2
278869.0,7
278876.0,13
278889.0,2
278895.0,11
278906.0,2
278908.0,5
278916.0,20
278937.0,10
278946.0,2
278949.0,6
278956.0,5
278968.0,5
278972.0,4
278976.0,7
278988.0,4
278990.0,6
278998.0,6
279003.0,5
279007.0,4
279011.0,4
279018.0,2
279020.0,9
279029.0,6
279042.0,8
279055.0,7
279062.0,12
279074.0,7
279082.0,6
279092.0,9
279110.0,10
279124.0,10
279135.0,3
279145.0,2
279150.0,8
279155.0,4
279160.0,4
279163.0,2
279171.0,2
279179.0,14
279193.0,3
279196.0,10
279208.0,10
279220.0,4
279227.0,6
279236.0,3
279239.0,3
279255.0,7
279296.0,3
279311.0,11
279323.0,14
279346.0,6
279354.0,4
279359.0,9
279365.0,4
279370.0,4
279374.0,9
279382.0,46
279430.0,152
279580.0,7
279588.0,45
279632.0,88
279721.0,174
279897.0,6
279904.0,27
279930.0,48
279978.0,33
280011.0,35
280046.0,70
280117.0,12
280128.0,7
280135.0,50
280185.0,26
280211.0,8
280221.0,32
280252.0,19
280270.0,5
280276.0,129
280405.0,15
280419.0,2
280427.0,17
280438.0,19
280457.0,20
280480.0,20
280497.0,36
280534.0,249
280782.0,36
280819.0,19
280841.0,18
280856.0,11
280866.0,15
280982.0,37
281019.0,10
281029.0,39
281068.0,116
281184.0,2
281191.0,26
281216.0,10
281226.0,23
281248.0,70
281318.0,43
281362.0,17
281378.0,6
281454.0,28
281482.0,25
281507.0,20
281527.0,25
281553.0,97
281651.0,74
281723.0,10
281733.0,8
281741.0,75
281816.0,22
281839.0,27
281865.0,37
281904.0,48
281951.0,25
281975.0,12
281987.0,2
281989.0,108
282098.0,32
282129.0,35
282169.0,4
282171.0,6
282177.0,38
282215.0,18
282234.0,63
282296.0,24
282322.0,41
282361.0,15
282379.0,18
282397.0,27
282423.0,2
282429.0,11
282439.0,51
282490.0,48
282542.0,6
282544.0,25
282572.0,20
282589.0,12
282602.0,30
282632.0,51
282682.0,52
282734.0,55
282791.0,13
282802.0,5
282836.0,77
282913.0,54
282992.0,7
282998.0,7
283005.0,56
283103.0,136
283239.0,54
283294.0,7
283308.0,18
283324.0,9
283333.0,27
283359.0,21
283391.0,37
283431.0,30
283458.0,42
283500.0,43
283544.0,6
283549.0,19
283672.0,26
283696.0,86
283782.0,8
283792.0,11
283802.0,45
283846.0,48
283894.0,34
283929.0,5
283933.0,34
283967.0,33
284000.0,13
284015.0,34
284049.0,24
284074.0,13
284086.0,48
284135.0,54
284188.0,10
284199.0,5
284203.0,9
284212.0,14
284228.0,9
284235.0,3
284238.0,28
284267.0,24
284290.0,20
284311.0,4
284314.0,7
284321.0,35
284356.0,6
284362.0,14
284376.0,30
284406.0,6
284413.0,11
284429.0,13
284442.0,8
284456.0,8
284465.0,7
284494.0,3
284498.0,91
284588.0,20
284608.0,13
284621.0,3
284625.0,39
284666.0,30
284693.0,30
284723.0,13
284736.0,5
284741.0,19
284760.0,52
284812.0,16
284829.0,34
284862.0,28
284894.0,8
284898.0,39
284937.0,27
284964.0,16
284981.0,14
284996.0,14
285009.0,7
285016.0,5
285020.0,10
285031.0,8
285038.0,4
285042.0,20
285062.0,14
285076.0,15
285092.0,25
285119.0,19
285136.0,17
285152.0,18
285171.0,31
285201.0,23
285227.0,19
285243.0,9
285252.0,29
285281.0,29
285310.0,12
285326.0,131
285455.0,7
285462.0,9
285471.0,19
285491.0,3
285494.0,5
285498.0,19
285519.0,27
285546.0,7
285553.0,17
285570.0,6
285576.0,8
285584.0,21
285618.0,5
285622.0,14
285636.0,23
285668.0,32
285702.0,29
285728.0,17
285746.0,22
285765.0,7
285792.0,9
285800.0,28
285828.0,2
285830.0,25
285858.0,7
285865.0,19
285895.0,13
285906.0,8
285916.0,4
285918.0,76
285998.0,22
286019.0,28
286049.0,41
286096.0,6
286102.0,10
286114.0,9
286122.0,4
286127.0,7
286133.0,25
286158.0,11
286169.0,23
286192.0,12
286204.0,5
286210.0,7
286216.0,11
286227.0,32
286259.0,19
286280.0,24
286303.0,37
286339.0,5
286413.0,9
286416.0,26
286442.0,6
286448.0,7
286455.0,8
286463.0,2
286467.0,8
286501.0,11
286509.0,16
286525.0,21
286546.0,29
286575.0,10
286585.0,3
286590.0,20
286610.0,19
286629.0,42
286672.0,13
286684.0,29
286713.0,9
286722.0,21
286743.0,2
286759.0,8
286769.0,11
286795.0,8
286805.0,15
286820.0,20
286840.0,3
286843.0,3
286846.0,16
286862.0,6
286872.0,6
286878.0,4
286882.0,2
286888.0,3
286967.0,5
286972.0,24
287000.0,3
287002.0,34
287036.0,28
287065.0,8
287072.0,14
287103.0,12
287116.0,3
287119.0,7
287153.0,24
287176.0,49
287226.0,8
287233.0,2
287276.0,4
287279.0,41
287320.0,4
287325.0,14
287338.0,22
287394.0,14
287408.0,8
287416.0,57
287475.0,23
287496.0,20
287516.0,11
287538.0,15
287553.0,37
287590.0,6
287596.0,20
287618.0,5
287621.0,26
287649.0,6
287653.0,4
287657.0,5
287673.0,16
287688.0,6
287694.0,35
287731.0,33
287796.0,13
287808.0,3
287811.0,6
287817.0,5
287823.0,10
287832.0,16
287864.0,11
287876.0,3
287879.0,16
287896.0,5
287899.0,17
287916.0,11
287929.0,15
287948.0,18
287965.0,8
287973.0,14
287988.0,14
288027.0,13
288041.0,31
288071.0,12
288084.0,17
288105.0,21
288158.0,8
288170.0,2
288173.0,9
288181.0,7
288192.0,6
288197.0,15
288212.0,7
288275.0,5
288280.0,41
288321.0,10
288331.0,12
288360.0,2
288362.0,4
288366.0,12
288378.0,19
288399.0,25
288426.0,13
288437.0,16
288454.0,20
288485.0,3
288490.0,5
288494.0,12
288545.0,48
288594.0,8
288606.0,4
288610.0,8
288647.0,17
288664.0,49
288713.0,24
288763.0,3
288765.0,2
288772.0,12
288779.0,30
288810.0,6
288816.0,11
288826.0,4
288831.0,5
288835.0,8
288847.0,10
288854.0,13
288870.0,12
288882.0,19
288899.0,5
288904.0,2
288910.0,13
288919.0,9
288939.0,3
288944.0,9
288955.0,15
288968.0,5
288976.0,5
288985.0,3
288988.0,4
288994.0,6
289007.0,8
289023.0,3
289032.0,5
289049.0,2
289059.0,9
289068.0,10
289080.0,4
289094.0,8
289102.0,26
289138.0,9
289147.0,3
289151.0,4
289158.0,3
289162.0,20
289181.0,8
289209.0,11
289224.0,4
289255.0,10
289266.0,4
289280.0,3
289290.0,5
289295.0,7
289309.0,6
289318.0,8
289343.0,4
289346.0,7
289356.0,9
289371.0,4
289373.0,4
289377.0,4
289381.0,2
289391.0,4
289407.0,5
289415.0,10
289440.0,12
289449.0,2
289467.0,11
289485.0,3
289491.0,5
289528.0,4
289540.0,4
289550.0,9
289562.0,3
289567.0,2
289573.0,4
289575.0,5
289580.0,6
289587.0,7
289609.0,7
289615.0,3
289630.0,10
289639.0,3
289664.0,10
289672.0,5
289710.0,3
289714.0,5
289719.0,6
289732.0,4
289736.0,3
289739.0,7
289746.0,3
289752.0,6
289767.0,3
289772.0,3
289789.0,8
289825.0,2
289827.0,3
289834.0,5
289847.0,5
289852.0,6
289866.0,12
289870.0,3
289877.0,6
289890.0,2
289902.0,4
289909.0,10
289925.0,9
289928.0,8
289938.0,3
289941.0,3
289958.0,16
289973.0,10
289983.0,5
290001.0,8
290010.0,3
290026.0,5
290030.0,3
290045.0,15
290054.0,7
290060.0,2
290096.0,8
290109.0,4
290122.0,3
290127.0,3
290134.0,4
290145.0,4
290151.0,6
290157.0,2
290159.0,2
290189.0,4
290220.0,7
290226.0,6
290242.0,8
290248.0,4
290259.0,8
290278.0,4
290286.0,4
290293.0,7
290306.0,7
290308.0,4
290312.0,2
290323.0,6
290326.0,3
290328.0,3
290337.0,16
290361.0,8
290372.0,9
290381.0,6
290391.0,5
290411.0,11
290432.0,6
290445.0,10
290450.0,9
290459.0,7
290475.0,6
290481.0,9
290499.0,2
290502.0,3
290504.0,5
290514.0,5
290520.0,4
290523.0,5
290534.0,3
290562.0,2
290564.0,4
290574.0,6
290602.0,5
290607.0,4
290611.0,7
290636.0,5
290646.0,10
290655.0,7
290662.0,2
290667.0,5
290686.0,9
290698.0,5
290714.0,8
290728.0,3
290734.0,4
290745.0,4
290762.0,5
290766.0,5
290779.0,11
290791.0,3
290797.0,10
290806.0,2
290816.0,6
290822.0,8
290828.0,4
290842.0,5
290847.0,7
290851.0,3
290859.0,9
290870.0,5
290884.0,5
290916.0,4
290920.0,4
290927.0,4
290937.0,3
290941.0,8
290947.0,5
290957.0,6
290984.0,5
290991.0,5
290995.0,8
291023.0,4
291037.0,4
291046.0,5
291055.0,7
291061.0,2
291078.0,3
291095.0,2
291107.0,3
291110.0,3
291149.0,5
291151.0,4
291168.0,6
291178.0,4
291203.0,7
291214.0,2
291234.0,7
291242.0,2
291246.0,2
291249.0,11
291267.0,7
291276.0,8
291283.0,4
291291.0,6
291299.0,5
291312.0,3
291341.0,6
291359.0,4
291371.0,2
291373.0,11
291415.0,2
291417.0,5
291424.0,6
291436.0,8
291454.0,6
291459.0,6
291491.0,6
291500.0,6
291509.0,2
291511.0,2
291518.0,3
291526.0,5
291542.0,4
291554.0,3
291559.0,6
291568.0,4
291570.0,6
291582.0,6
291597.0,5
291603.0,3
291606.0,8
291640.0,13
291651.0,3
291656.0,6
291689.0,5
291691.0,3
291722.0,4
291734.0,6
291741.0,3
291755.0,3
291769.0,5
291773.0,5
291788.0,4
291792.0,7
291798.0,3
291807.0,3
291812.0,3
291816.0,6
291821.0,5
291837.0,6
291861.0,9
291880.0,3
291890.0,6
291900.0,5
291907.0,6
291918.0,8
291925.0,2
291940.0,5
291963.0,5
291972.0,6
291978.0,7
291986.0,5
291999.0,6
292006.0,7
292032.0,7
292038.0,3
292055.0,6
292082.0,6
292094.0,4
292106.0,4
292112.0,3
292114.0,8
292122.0,4
292130.0,8
292138.0,2
292173.0,2
292180.0,5
292186.0,4
292197.0,8
292215.0,5
292218.0,5
292231.0,3
292248.0,6
292258.0,12
292269.0,5
292275.0,8
292288.0,4
292299.0,3
292304.0,11
292318.0,2
292328.0,6
292339.0,3
292343.0,10
292370.0,3
292373.0,5
292378.0,4
292386.0,5
292391.0,4
292400.0,3
292427.0,4
292431.0,6
292443.0,7
292449.0,8
292459.0,4
292472.0,4
292477.0,5
292481.0,4
292485.0,4
292520.0,11
292533.0,9
292561.0,3
292564.0,4
292578.0,2
292586.0,4
292591.0,3
292594.0,2
292605.0,4
292622.0,2
292624.0,5
292677.0,10
292695.0,10
292703.0,3
292712.0,3
292726.0,2
292742.0,6
292752.0,8
292766.0,5
292768.0,3
292776.0,11
292788.0,4
292792.0,4
292796.0,5
292815.0,4
292833.0,6
292840.0,5
292846.0,5
292855.0,6
292871.0,2
292884.0,6
292890.0,3
292902.0,3
292905.0,2
292912.0,5
292927.0,5
292932.0,5
292939.0,3
292943.0,3
292962.0,5
292980.0,5
293005.0,5
293010.0,3
293013.0,11
293023.0,2
293025.0,3
293029.0,3
293031.0,3
293050.0,3
293052.0,4
293065.0,6
293073.0,5
293082.0,5
293098.0,7
293107.0,4
293109.0,2
293118.0,4
293128.0,8
293135.0,2
293156.0,5
293186.0,8
293217.0,3
293219.0,2
293262.0,4
293269.0,5
293274.0,2
293284.0,4
293287.0,3
293296.0,5
293316.0,14
293330.0,5
293339.0,5
293346.0,4
293348.0,2
293350.0,2
293367.0,3
293428.0,2
293441.0,7
293459.0,6
293465.0,3
293468.0,5
293480.0,2
293504.0,6
293513.0,10
293524.0,4
293528.0,6
293542.0,3
293558.0,3
293572.0,3
293576.0,5
293586.0,8
293604.0,10
293613.0,5
293619.0,6
293624.0,6
293645.0,7
293678.0,13
293689.0,4
293695.0,3
293698.0,4
293708.0,7
293735.0,5
293741.0,3
293745.0,4
293753.0,4
293757.0,4
293762.0,4
293769.0,3
293784.0,5
293802.0,8
293813.0,8
293836.0,12
293845.0,9
293853.0,2
293855.0,3
293867.0,4
293871.0,2
293874.0,6
293882.0,6
293902.0,4
293905.0,6
293911.0,4
293918.0,3
293925.0,9
293943.0,8
293952.0,2
293963.0,2
293969.0,7
293978.0,4
293981.0,2
293983.0,3
293987.0,6
293992.0,2
294006.0,2
294008.0,7
294033.0,4
294036.0,2
294038.0,2
294049.0,5
294060.0,6
294076.0,4
294084.0,8
294115.0,2
294117.0,3
294125.0,7
294134.0,10
294141.0,3
294149.0,6
294174.0,7
294183.0,10
294193.0,3
294204.0,6
294216.0,7
294223.0,6
294242.0,5
294247.0,3
294267.0,6
294275.0,2
294280.0,11
294295.0,14
294310.0,4
294330.0,7
294350.0,4
294363.0,10
294371.0,5
294393.0,8
294406.0,6
294415.0,5
294421.0,6
294439.0,5
294442.0,8
294460.0,5
294464.0,3
294490.0,2
294497.0,10
294523.0,3
294526.0,5
294539.0,4
294559.0,3
294568.0,6
294574.0,2
294576.0,2
294585.0,4
294592.0,3
294602.0,17
294613.0,3
294619.0,5
294626.0,7
294632.0,4
294644.0,5
294660.0,5
294664.0,2
294714.0,5
294719.0,3
294730.0,5
294743.0,8
294750.0,8
294757.0,2
294771.0,7
294789.0,9
294813.0,4
294818.0,8
294825.0,9
294841.0,7
294863.0,12
294872.0,9
294910.0,6
294916.0,5
294919.0,2
294955.0,4
294966.0,2
294974.0,8
294990.0,2
294995.0,3
295012.0,3
295024.0,3
295045.0,3
295050.0,6
295058.0,5
295065.0,3
295070.0,3
295080.0,5
295109.0,11
295120.0,7
295135.0,9
295169.0,3
295189.0,5
295196.0,4
295199.0,5
295211.0,5
295219.0,8
295234.0,6
295254.0,5
295264.0,2
295266.0,5
295285.0,7
295293.0,12
295302.0,4
295312.0,5
295327.0,3
295330.0,11
295346.0,11
295371.0,8
295380.0,4
295387.0,4
295408.0,6
295418.0,7
295424.0,4
295432.0,8
295450.0,5
295462.0,3
295467.0,6
295475.0,2
295480.0,6
295494.0,2
295496.0,6
295502.0,2
295505.0,3
295507.0,4
295537.0,4
295541.0,2
295543.0,11
295555.0,4
295558.0,7
295589.0,7
295594.0,2
295596.0,4
295603.0,3
295610.0,2
295617.0,7
295629.0,3
295634.0,5
295638.0,12
295658.0,2
295660.0,7
295672.0,3
295684.0,5
295712.0,2
295714.0,9
295737.0,5
295751.0,7
295758.0,3
295786.0,6
295798.0,3
295811.0,8
295815.0,5
295825.0,9
295842.0,5
295851.0,5
295856.0,7
295897.0,4
295900.0,4
295904.0,8
295916.0,2
295920.0,7
295937.0,4
295947.0,2
295955.0,4
295960.0,5
295976.0,4
295983.0,6
296017.0,2
296057.0,4
296063.0,7
296078.0,15
296085.0,12
296097.0,5
296104.0,3
296117.0,6
296121.0,2
296126.0,3
296131.0,5
296137.0,6
296144.0,3
296150.0,5
296165.0,4
296169.0,3
296187.0,4
296220.0,8
296256.0,4
296275.0,4
296287.0,3
296292.0,4
296300.0,6
296314.0,12
296326.0,4
296338.0,3
296345.0,15
296367.0,4
296371.0,2
296375.0,4
296377.0,2
296407.0,6
296428.0,6
296436.0,5
296443.0,4
296447.0,9
296455.0,3
296462.0,3
296466.0,4
296469.0,5
296488.0,6
296495.0,5
296505.0,5
296510.0,2
296523.0,7
296545.0,5
296551.0,5
296564.0,5
296571.0,4
296575.0,2
296579.0,4
296592.0,12
296614.0,3
296624.0,6
296629.0,6
296649.0,10
296659.0,4
296663.0,5
296670.0,4
296687.0,3
296698.0,6
296723.0,3
296727.0,10
296738.0,2
296741.0,5
296752.0,6
296815.0,4
296820.0,6
296852.0,2
296857.0,5
296883.0,3
296895.0,4
296907.0,5
296918.0,13
296934.0,3
296937.0,3
296965.0,7
296976.0,5
296979.0,6
297003.0,5
297030.0,6
297037.0,2
297050.0,3
297067.0,3
297100.0,8
297128.0,4
297132.0,4
297156.0,5
297172.0,14
297207.0,3
297216.0,6
297227.0,12
297235.0,3
297238.0,3
297264.0,2
297268.0,5
297277.0,5
297282.0,2
297305.0,7
297311.0,5
297316.0,3
297334.0,2
297337.0,7
297343.0,4
297347.0,2
297351.0,4
297370.0,6
297378.0,9
297386.0,3
297406.0,5
297409.0,7
297420.0,8
297428.0,2
297431.0,7
297443.0,7
297455.0,4
297461.0,6
297477.0,5
297514.0,2
297522.0,4
297539.0,2
297547.0,4
297553.0,10
297562.0,8
297581.0,2
297583.0,3
297591.0,20
297606.0,7
297618.0,3
297622.0,6
297642.0,3
297651.0,5
297656.0,7
297664.0,6
297674.0,7
297695.0,3
297702.0,5
297721.0,4
297726.0,4
297731.0,6
297736.0,4
297745.0,3
297755.0,4
297787.0,4
297797.0,4
297801.0,8
297844.0,5
297868.0,5
297890.0,3
297898.0,9
297911.0,4
297917.0,5
297922.0,12
297932.0,6
297947.0,4
298004.0,6
298028.0,6
298043.0,6
298050.0,4
298065.0,8
298085.0,8
298102.0,2
298109.0,2
298111.0,8
298132.0,2
298134.0,2
298137.0,10
298182.0,9
298190.0,17
298228.0,8
298247.0,7
298249.0,3
298268.0,7
298283.0,52
298335.0,20
298357.0,7
298365.0,19
298382.0,10
298394.0,7
298404.0,33
298434.0,5
298455.0,3
298458.0,20
298533.0,3
298536.0,11
298551.0,14
298563.0,9
298572.0,4
298599.0,21
298622.0,8
298630.0,9
298636.0,18
298660.0,14
298668.0,8
298703.0,7
298709.0,45
298795.0,26
298894.0,2
298918.0,13
298922.0,3
298927.0,42
298971.0,10
298978.0,6
298995.0,11
299006.0,11
299043.0,8
299053.0,18
299069.0,2
299100.0,5
299105.0,4
299119.0,11
299130.0,5
299132.0,22
299177.0,10
299185.0,7
299197.0,10
299202.0,24
299226.0,3
299233.0,39
299269.0,5
299275.0,11
299287.0,5
299297.0,10
299320.0,27
299351.0,6
299357.0,6
299362.0,3
299365.0,5
299370.0,17
299390.0,13
299404.0,3
299420.0,18
299429.0,6
299432.0,23
299454.0,14
299468.0,2
299471.0,32
299502.0,7
299530.0,18
299547.0,6
299554.0,6
299559.0,12
299572.0,4
299580.0,12
299593.0,16
299608.0,9
299625.0,5
299632.0,10
299639.0,13
299668.0,11
299679.0,10
299700.0,20
299719.0,2
299722.0,9
299734.0,31
299764.0,21
299786.0,12
299803.0,7
299811.0,13
299830.0,6
299839.0,7
299842.0,30
299872.0,5
299877.0,16
299893.0,2
299896.0,3
299899.0,7
299919.0,17
299936.0,10
299945.0,5
299956.0,5
299962.0,6
299968.0,9
299975.0,16
299991.0,5
299996.0,5
300001.0,9
300011.0,7
300020.0,14
300036.0,9
300043.0,3
300047.0,7
300056.0,3
300074.0,12
300082.0,7
300089.0,2
300095.0,12
300109.0,37
300144.0,8
300152.0,7
300177.0,20
300199.0,11
300215.0,6
300221.0,6
300228.0,10
300238.0,4
300243.0,7
300248.0,12
300261.0,3
300263.0,12
300282.0,3
300292.0,4
300294.0,8
300311.0,6
300327.0,7
300334.0,17
300359.0,6
300365.0,5
300377.0,7
300388.0,7
300410.0,14
300424.0,23
300449.0,6
300453.0,14
300468.0,8
300475.0,13
300495.0,7
300502.0,5
300507.0,11
300522.0,9
300533.0,14
300542.0,3
300564.0,6
300571.0,10
300580.0,3
300584.0,6
300601.0,14
300614.0,6
300626.0,2
300629.0,4
300640.0,5
300648.0,2
300650.0,7
300658.0,5
300662.0,21
300684.0,3
300686.0,5
300696.0,12
300704.0,13
300716.0,4
300720.0,7
300730.0,7
300734.0,6
300743.0,5
300745.0,11
300756.0,9
300768.0,8
300776.0,6
300791.0,11
300806.0,22
300829.0,14
300843.0,8
300852.0,11
300863.0,5
300869.0,4
300875.0,5
300889.0,3
300892.0,8
300902.0,7
300930.0,9
300938.0,9
300958.0,24
300980.0,5
300982.0,2
300987.0,12
301027.0,7
301033.0,2
301036.0,6
301044.0,16
301058.0,4
301065.0,7
301085.0,6
301091.0,5
301113.0,11
301125.0,26
301151.0,9
301164.0,7
301172.0,12
301183.0,24
301209.0,5
301214.0,12
301241.0,7
301246.0,16
301262.0,4
301281.0,2
301291.0,3
301294.0,5
301303.0,11
301314.0,11
301346.0,6
301350.0,6
301368.0,3
301372.0,9
301383.0,6
301387.0,6
301393.0,7
301400.0,9
301412.0,10
301421.0,3
301424.0,3
301433.0,10
301449.0,8
301454.0,4
301475.0,5
301481.0,11
301510.0,3
301514.0,5
301527.0,2
301531.0,4
301536.0,7
301540.0,8
301549.0,14
301568.0,3
301575.0,15
301590.0,3
301592.0,2
301610.0,9
301625.0,6
301630.0,6
301636.0,3
301642.0,9
301654.0,14
301669.0,3
301673.0,10
301686.0,16
301699.0,15
301716.0,23
301742.0,6
301748.0,10
301765.0,16
301782.0,11
301793.0,8
301805.0,6
301816.0,4
301820.0,5
301825.0,6
301835.0,4
301838.0,8
301850.0,8
301857.0,4
301861.0,3
301864.0,9
301875.0,14
301886.0,4
301891.0,8
301903.0,5
301922.0,8
301956.0,9
301967.0,13
301981.0,13
301995.0,8
302004.0,8
302009.0,3
302011.0,4
302017.0,7
302027.0,4
302030.0,4
302050.0,8
302064.0,2
302068.0,6
302077.0,4
302091.0,13
302104.0,5
302111.0,15
302139.0,5
302146.0,6
302167.0,6
302174.0,6
302178.0,3
302183.0,8
302199.0,6
302203.0,6
302214.0,4
302218.0,5
302223.0,9
302233.0,9
302245.0,9
302250.0,9
302258.0,10
302272.0,2
302276.0,4
302281.0,8
302288.0,7
302297.0,4
302303.0,6
302311.0,4
302318.0,17
302340.0,11
302359.0,7
302370.0,7
302418.0,9
302447.0,2
302452.0,10
302463.0,3
302481.0,5
302497.0,6
302509.0,12
302518.0,7
302525.0,2
302532.0,7
302534.0,10
302546.0,9
302558.0,7
302562.0,3
302565.0,3
302568.0,8
302583.0,10
302595.0,7
302607.0,14
302619.0,6
302624.0,5
302631.0,13
302653.0,10
302663.0,6
302666.0,5
302671.0,16
302689.0,2
302693.0,11
302704.0,6
302713.0,12
302723.0,3
302725.0,3
302728.0,3
302740.0,6
302750.0,17
302765.0,2
302770.0,4
302775.0,5
302787.0,6
302792.0,5
302799.0,9
302812.0,4
302818.0,10
302833.0,7
302841.0,8
302849.0,4
302856.0,6
302873.0,7
302888.0,4
302891.0,4
302896.0,9
302907.0,11
302918.0,6
302929.0,2
302935.0,8
302947.0,7
302960.0,5
302966.0,10
302979.0,3
302982.0,2
302987.0,13
302998.0,3
303001.0,5
303016.0,4
303021.0,5
303035.0,6
303041.0,5
303050.0,6
303058.0,2
303063.0,7
303094.0,16
303109.0,8
303114.0,7
303122.0,4
303146.0,6
303152.0,6
303160.0,5
303169.0,7
303174.0,3
303204.0,5
303216.0,4
303224.0,3
303228.0,6
303240.0,2
303242.0,2
303244.0,2
303246.0,4
303270.0,7
303274.0,4
303281.0,13
303296.0,11
303307.0,5
303312.0,11
303323.0,4
303334.0,4
303339.0,4
303343.0,8
303363.0,5
303371.0,8
303383.0,2
303389.0,3
303413.0,2
303415.0,12
303427.0,5
303432.0,3
303435.0,4
303443.0,2
303445.0,2
303451.0,10
303460.0,4
303471.0,3
303501.0,6
303505.0,3
303521.0,10
303552.0,2
303555.0,5
303560.0,2
303566.0,6
303574.0,13
303602.0,7
303610.0,12
303622.0,4
303631.0,4
303637.0,16
303660.0,8
303672.0,3
303677.0,7
303682.0,3
303685.0,3
303688.0,7
303701.0,9
303727.0,3
303735.0,6
303746.0,2
303749.0,7
303757.0,8
303763.0,3
303771.0,4
303775.0,8
303783.0,2
303798.0,7
303801.0,2
303810.0,4
303812.0,6
303821.0,14
303848.0,2
303850.0,6
303861.0,12
303874.0,15
303898.0,3
303912.0,6
303920.0,8
303927.0,7
303942.0,4
303946.0,3
303949.0,4
303977.0,8
303987.0,12
304027.0,19
304045.0,8
304058.0,13
304072.0,4
304077.0,8
304083.0,2
304085.0,12
304100.0,6
304135.0,4
304153.0,2
304157.0,6
304165.0,6
304174.0,6
304177.0,8
304187.0,5
304193.0,10
304205.0,5
304216.0,13
304230.0,7
304238.0,4
304241.0,8
304248.0,9
304257.0,4
304261.0,11
304275.0,6
304309.0,5
304324.0,4
304328.0,5
304333.0,9
304345.0,3
304369.0,7
304389.0,7
304395.0,10
304404.0,2
304406.0,6
304412.0,5
304429.0,3
304431.0,10
304445.0,4
304448.0,7
304456.0,4
304474.0,3
304477.0,7
304484.0,5
304508.0,5
304515.0,7
304524.0,9
304529.0,5
304542.0,3
304544.0,7
304562.0,4
304566.0,14
304585.0,3
304590.0,3
304595.0,5
304609.0,9
304620.0,5
304637.0,7
304642.0,4
304654.0,6
304668.0,6
304677.0,3
304684.0,6
304698.0,11
304705.0,12
304719.0,2
304723.0,3
304727.0,5
304738.0,4
304743.0,4
304746.0,10
304758.0,7
304763.0,5
304768.0,12
304785.0,3
304804.0,12
304848.0,2
304872.0,7
304884.0,11
304923.0,10
304945.0,6
304951.0,4
304955.0,2
304961.0,10
304986.0,6
305012.0,6
305016.0,7
305034.0,6
305046.0,7
305050.0,2
305057.0,2
305060.0,6
305065.0,3
305073.0,3
305078.0,8
305084.0,4
305088.0,9
305106.0,5
305128.0,6
305145.0,12
305158.0,4
305161.0,2
305163.0,4
305169.0,6
305182.0,2
305184.0,3
305189.0,5
305203.0,5
305210.0,4
305213.0,5
305232.0,3
305237.0,4
305244.0,4
305250.0,10
305260.0,4
305266.0,4
305272.0,6
305275.0,15
305297.0,13
305311.0,3
305313.0,5
305321.0,6
305324.0,5
305332.0,6
305352.0,5
305360.0,7
305367.0,6
305374.0,5
305378.0,4
305392.0,4
305404.0,2
305421.0,9
305428.0,3
305434.0,4
305440.0,2
305443.0,5
305453.0,8
305470.0,7
305490.0,5
305496.0,4
305511.0,3
305514.0,4
305522.0,4
305525.0,5
305541.0,3
305543.0,4
305553.0,4
305557.0,4
305565.0,7
305578.0,15
305595.0,4
305607.0,10
305625.0,3
305635.0,4
305639.0,4
305643.0,5
305648.0,3
305652.0,5
305674.0,4
305680.0,4
305685.0,17
305710.0,5
305714.0,4
305719.0,4
305725.0,4
305728.0,2
305732.0,5
305737.0,11
305750.0,4
305753.0,4
305774.0,8
305789.0,4
305796.0,21
305814.0,6
305824.0,3
305831.0,5
305836.0,20
305856.0,8
305865.0,10
305890.0,12
305905.0,10
305922.0,12
305934.0,5
305957.0,8
305964.0,6
305980.0,7
305986.0,5
305993.0,11
306016.0,2
306019.0,5
306024.0,7
306052.0,4
306056.0,5
306063.0,12
306075.0,13
306095.0,7
306100.0,4
306108.0,2
306111.0,4
306114.0,6
306122.0,4
306125.0,3
306138.0,5
306145.0,18
306168.0,10
306180.0,5
306189.0,7
306196.0,8
306208.0,2
306215.0,20
306232.0,2
306235.0,5
306239.0,6
306245.0,2
306261.0,9
306277.0,3
306280.0,2
306288.0,6
306293.0,11
306304.0,4
306310.0,3
306319.0,13
306334.0,8
306343.0,8
306349.0,15
306370.0,3
306381.0,2
306384.0,4
306388.0,9
306398.0,4
306403.0,4
306410.0,6
306426.0,9
306435.0,8
306443.0,7
306453.0,3
306457.0,14
306471.0,4
306476.0,4
306479.0,5
306486.0,9
306515.0,13
306529.0,3
306535.0,8
306539.0,3
306553.0,7
306559.0,6
306578.0,6
306582.0,6
306602.0,11
306614.0,6
306623.0,9
306630.0,6
306636.0,2
306638.0,2
306647.0,6
306650.0,4
306656.0,6
306669.0,6
306679.0,3
306690.0,3
306693.0,6
306702.0,6
306719.0,3
306733.0,4
306742.0,13
306753.0,3
306756.0,4
306776.0,5
306781.0,5
306794.0,8
306801.0,5
306810.0,4
306825.0,3
306841.0,4
306845.0,3
306849.0,6
306855.0,6
306869.0,6
306885.0,3
306899.0,3
306908.0,4
306920.0,3
306923.0,3
306930.0,4
306936.0,7
306946.0,2
306948.0,3
306960.0,4
306969.0,2
306971.0,4
306976.0,4
306985.0,7
306992.0,4
307001.0,2
307008.0,6
307014.0,3
307017.0,6
307025.0,5
307037.0,5
307043.0,4
307047.0,12
307059.0,2
307062.0,6
307069.0,5
307080.0,13
307085.0,10
307096.0,4
307107.0,3
307120.0,6
307123.0,2
307128.0,17
307147.0,6
307154.0,5
307161.0,12
307171.0,2
307184.0,5
307213.0,5
307228.0,3
307231.0,3
307236.0,5
314857.0,2
314880.0,7
314951.0,2
315213.0,4
315412.0,3
315419.0,3
315543.0,4
315606.0,2
315635.0,3
315679.0,6
315914.0,2
316018.0,4
316108.0,2
316143.0,2
316205.0,2
316336.0,6
316449.0,2
316683.0,4
316761.0,4
317361.0,2
317494.0,5
317732.0,3
317735.0,7
317951.0,4
318197.0,2
318463.0,2
318676.0,2
319425.0,2
320161.0,2
320175.0,4
320271.0,5
320721.0,2
320739.0,7
321681.0,3
322261.0,9
322275.0,3
322386.0,2
322442.0,4
322671.0,48
322720.0,5
322764.0,13
322777.0,27
322804.0,17
322823.0,31
322855.0,24
322912.0,8
322920.0,14
322934.0,24
322959.0,6
322964.0,15
322979.0,8
322987.0,19
323017.0,18
323041.0,15
323056.0,17
323117.0,11
323129.0,112
323257.0,30
323287.0,67
323354.0,15
323369.0,4
323373.0,19
323395.0,13
323548.0,75
323624.0,16
323710.0,14
323758.0,24
323785.0,18
323823.0,26
323844.0,48
323907.0,33
323971.0,76
324002.0,10
324017.0,62
324077.0,17
324094.0,4
324098.0,3
324136.0,132
324269.0,14
324282.0,6
324289.0,96
324384.0,9
324393.0,3
324397.0,21
324421.0,97
324514.0,20
324536.0,31
324565.0,30
324602.0,134
324731.0,26
324755.0,2
324757.0,284
325043.0,12
325067.0,2
325071.0,7
325081.0,9
325087.0,37
325125.0,132
325258.0,81
325337.0,21
325358.0,65
325423.0,76
325505.0,54
325606.0,72
325627.0,140
325827.0,41
325867.0,2
325869.0,5
325892.0,8
325922.0,15
325936.0,4
325942.0,4
325944.0,13
325957.0,30
326038.0,27
326067.0,45
326111.0,50
326193.0,6
326235.0,33
326270.0,22
326322.0,18
326337.0,237
326571.0,19
326590.0,7
326597.0,16
326619.0,6
326625.0,16
326641.0,17
326658.0,87
326798.0,30
326830.0,14
326842.0,15
326884.0,10
326895.0,11
326903.0,38
326943.0,2
326949.0,35
326982.0,22
327004.0,25
327029.0,6
327038.0,9
327044.0,2
327156.0,24
327193.0,4
327215.0,24
327253.0,10
327281.0,5
327285.0,10
327300.0,27
327327.0,18
327384.0,21
327405.0,7
327425.0,13
327443.0,20
327458.0,16
327484.0,19
327516.0,13
327529.0,5
327537.0,18
327554.0,28
327583.0,7
327644.0,7
327658.0,30
327681.0,91
327779.0,13
327798.0,20
327829.0,182
328014.0,38
328319.0,12
328331.0,86
328435.0,6
328441.0,7
328450.0,5
328458.0,10
328467.0,6
328473.0,17
328492.0,20
328517.0,10
328528.0,2
328530.0,21
328551.0,20
328575.0,38
328634.0,28
328641.0,3
328647.0,5
328651.0,2
328665.0,7
328676.0,4
328895.0,2
329233.0,9
329246.0,3
329273.0,3
329305.0,8
329338.0,5
329347.0,4
329351.0,3
329374.0,5
329391.0,3
329394.0,2
329399.0,3
329404.0,7
329412.0,5
329426.0,3
329431.0,6
329445.0,4
329457.0,3
329466.0,3
329468.0,7
329491.0,3
329495.0,3
329498.0,3
329505.0,3
329514.0,5
329557.0,2
329565.0,3
329576.0,7
329597.0,5
329619.0,3
329633.0,8
329646.0,5
329649.0,2
329669.0,7
329693.0,4
329706.0,2
329711.0,4
329722.0,3
329771.0,8
329777.0,2
329799.0,5
329808.0,3
329819.0,2
329826.0,6
329844.0,4
329869.0,5
329883.0,3
329922.0,8
329927.0,4
329934.0,4
329950.0,7
329987.0,7
330006.0,4
330022.0,5
330030.0,3
330051.0,2
330054.0,2
330062.0,2
330064.0,3
330081.0,5
330113.0,5
330117.0,10
330147.0,6
330182.0,6
330188.0,5
330236.0,4
330247.0,7
330354.0,6
330413.0,3
330418.0,5
330433.0,3
330483.0,6
330506.0,2
330514.0,2
330530.0,4
330542.0,12
330554.0,5
330559.0,4
330565.0,8
330574.0,5
330577.0,6
330647.0,3
330650.0,3
330661.0,2
330716.0,5
330770.0,6
330782.0,6
330791.0,8
330800.0,5
330809.0,7
330830.0,4
330865.0,17
330894.0,10
330907.0,3
330915.0,5
330920.0,4
330949.0,4
330967.0,3
330977.0,2
331006.0,5
331012.0,4
331067.0,8
331076.0,4
331081.0,5
331119.0,2
331121.0,3
331128.0,3
331137.0,4
331177.0,2
331237.0,2
331338.0,5
331384.0,5
331390.0,3
331397.0,2
331419.0,4
332416.0,7
332426.0,3
332490.0,3
332500.0,2
332619.0,3
332636.0,14
332729.0,6
332797.0,3
332809.0,9
332843.0,8
333000.0,6
333006.0,8
333201.0,2
333219.0,7
333248.0,5
333252.0,2
333256.0,2
333260.0,3
333327.0,3
333353.0,3
333404.0,9
333432.0,3
333458.0,3
333461.0,4
333605.0,7
333633.0,4
333671.0,9
333915.0,4
333934.0,6
334077.0,4
334085.0,2
334140.0,3
334191.0,9
334269.0,4
334418.0,3
334703.0,2
334715.0,4
334717.0,2
334721.0,6
334751.0,2
334791.0,7
334810.0,7
334837.0,2
334842.0,3
335515.0,6
335523.0,10
335666.0,6
335679.0,7
335943.0,3
336169.0,3
336171.0,3
336232.0,2
336241.0,3
336269.0,7
336292.0,5
336341.0,5
336443.0,4
336512.0,4
336672.0,7
336857.0,3
337047.0,8
337063.0,3
337351.0,11
337362.0,2
337370.0,7
337426.0,5
337487.0,9
337496.0,5
337523.0,2
337525.0,3
337528.0,6
337540.0,4
337572.0,9
337701.0,4
337795.0,3
337802.0,3
337917.0,3
337935.0,9
337951.0,3
337961.0,2
337992.0,3
337995.0,3
337998.0,12
338073.0,8
338122.0,7
338131.0,3
338272.0,3
338313.0,3
338316.0,5
338326.0,9
338345.0,2
338349.0,13
338360.0,2
338379.0,15
338410.0,6
338429.0,2
338455.0,4
338459.0,7
338517.0,6
338608.0,10
338630.0,3
338643.0,4
338661.0,2
338665.0,8
338703.0,4
339240.0,6
339245.0,12
339261.0,9
339269.0,10
339283.0,5
339294.0,6
339327.0,4
339370.0,4
339419.0,5
339422.0,3
339436.0,4
339486.0,3
339490.0,4
339493.0,2
339500.0,8
339660.0,3
339698.0,2
339748.0,3
339752.0,10
339951.0,2
340016.0,5
340034.0,11
340045.0,4
340049.0,4
340053.0,8
340089.0,5
340181.0,4
340188.0,3
340729.0,3
340736.0,3
340759.0,3
340812.0,5
341010.0,4
341078.0,4
341091.0,6
341097.0,3
341104.0,2
341106.0,4
341123.0,3
341137.0,2
341139.0,4
341177.0,4
341191.0,3
341208.0,2
341217.0,4
341240.0,3
341296.0,2
341331.0,6
341567.0,2
341588.0,6
341633.0,2
341638.0,4
341641.0,13
341654.0,4
341680.0,2
341692.0,3
341716.0,7
341721.0,9
341818.0,3
341824.0,3
341829.0,6
341838.0,5
341853.0,3
341857.0,4
341869.0,4
341885.0,3
341891.0,3
341904.0,10
341930.0,15
341948.0,6
341969.0,11
341980.0,6
341997.0,5
342007.0,4
342018.0,2
342022.0,3
342026.0,5
342035.0,2
342067.0,5
342204.0,2
342207.0,2
342499.0,7
342684.0,5
342699.0,2
342701.0,2
342705.0,13
342716.0,5
343887.0,3
344129.0,4
344942.0,5
345671.0,4
350852.0,3
350894.0,4
350897.0,4
351065.0,2
351455.0,4
351540.0,3
352091.0,8
352478.0,10
352482.0,3
352529.0,4
352564.0,5
352958.0,12
353371.0,3
357630.0,14
357649.0,5
357653.0,10
357663.0,15
357678.0,6
357692.0,7
357697.0,4
357716.0,3
357719.0,15
357742.0,11
357770.0,6
357775.0,7
357809.0,10
357824.0,4
357834.0,11
357842.0,4
357844.0,7
357863.0,8
357881.0,2
357917.0,11
357930.0,4
357935.0,5
357941.0,20
357989.0,9
357996.0,4
357999.0,4
358017.0,6
358026.0,7
358055.0,7
358083.0,3
358086.0,4
358091.0,5
358107.0,7
358133.0,5
358138.0,4
358141.0,15
358157.0,3
358177.0,11
358202.0,4
358210.0,2
358216.0,4
358232.0,8
358254.0,5
358258.0,12
358274.0,3
358287.0,2
358291.0,6
358298.0,4
358301.0,2
358328.0,5
358333.0,10
358351.0,2
358362.0,3
358365.0,3
358399.0,4
358405.0,6
358411.0,6
358420.0,11
358432.0,5
358443.0,8
358457.0,4
358463.0,7
358469.0,6
358485.0,6
358498.0,4
358508.0,10
358521.0,7
358531.0,4
358535.0,5
358540.0,4
358550.0,3
358562.0,3
358588.0,7
358594.0,3
358600.0,13
358619.0,2
358621.0,2
358623.0,3
358633.0,2
358652.0,5
358656.0,3
358658.0,5
358663.0,2
358669.0,2
358671.0,3
358682.0,4
358703.0,2
358736.0,2
358762.0,5
358767.0,5
358794.0,4
358799.0,4
358803.0,6
358831.0,5
358834.0,2
358836.0,2
358838.0,3
358850.0,3
358859.0,7
358863.0,2
358865.0,2
358867.0,2
358876.0,3
358905.0,7
358914.0,4
358927.0,9
358942.0,4
358954.0,3
359005.0,8
359034.0,2
359042.0,6
359064.0,3
359073.0,2
359096.0,7
359111.0,16
359126.0,3
359166.0,3
359202.0,6
359219.0,4
359224.0,3
359230.0,5
359243.0,5
359249.0,5
359255.0,5
359258.0,7
359265.0,2
359267.0,2
359305.0,9
359314.0,4
359330.0,6
359343.0,3
359349.0,5
359353.0,5
359357.0,3
359366.0,10
359381.0,17
359395.0,4
359406.0,3
359409.0,3
359426.0,4
359429.0,10
359458.0,5
359475.0,4
359481.0,4
359487.0,3
359512.0,4
359515.0,3
359519.0,4
359522.0,3
359527.0,8
359540.0,2
359547.0,5
359553.0,3
359560.0,2
359570.0,2
359580.0,4
359583.0,4
359615.0,3
359618.0,3
359621.0,4
359628.0,7
359632.0,4
359637.0,3
359655.0,4
359666.0,5
359680.0,4
359708.0,5
359715.0,6
359726.0,3
359732.0,5
359737.0,7
359746.0,2
359773.0,6
359779.0,2
359808.0,7
359825.0,4
359830.0,6
359837.0,7
359861.0,3
359865.0,9
359881.0,5
359893.0,2
359898.0,3
359907.0,3
359954.0,4
359957.0,3
359961.0,5
359974.0,7
359986.0,9
360016.0,5
360039.0,2
360065.0,3
360071.0,5
360087.0,5
360094.0,10
360106.0,5
360114.0,2
360123.0,6
360138.0,3
360141.0,4
360161.0,5
360175.0,3
360181.0,6
360184.0,4
360201.0,4
360219.0,5
360236.0,2
360241.0,2
360254.0,4
360258.0,6
360265.0,5
360271.0,2
360285.0,2
360287.0,2
360315.0,4
360359.0,4
360365.0,4
360380.0,4
360390.0,3
360429.0,5
360433.0,8
360483.0,6
360522.0,2
360537.0,8
360547.0,3
360553.0,3
360558.0,9
360574.0,6
360580.0,5
360596.0,10
360634.0,3
360637.0,2
360666.0,8
360683.0,2
360685.0,2
360699.0,5
360747.0,4
360757.0,8
360773.0,5
360777.0,4
360785.0,2
360790.0,6
360815.0,3
360818.0,4
360830.0,6
360885.0,4
360890.0,2
360894.0,5
360947.0,8
360956.0,4
360967.0,6
360973.0,11
360985.0,7
361037.0,5
361055.0,10
361067.0,4
361091.0,8
361105.0,3
361111.0,3
361117.0,2
361128.0,2
361130.0,4
361134.0,4
361186.0,4
361191.0,2
361200.0,6
361206.0,3
361212.0,3
361215.0,2
361231.0,8
361239.0,7
361249.0,3
361262.0,3
361277.0,2
361295.0,5
361305.0,6
361319.0,3
361334.0,11
361348.0,4
361386.0,4
361399.0,2
361413.0,6
361430.0,6
361459.0,7
361514.0,4
361518.0,3
361582.0,7
361612.0,15
361617.0,3
361630.0,2
361642.0,2
361655.0,3
361670.0,7
361694.0,4
361697.0,3
361728.0,5
361731.0,7
361738.0,9
361752.0,6
361764.0,4
361788.0,3
361796.0,3
361808.0,4
361813.0,3
361826.0,3
361830.0,6
361871.0,3
361883.0,2
361886.0,8
361899.0,2
361912.0,3
361917.0,4
361957.0,2
361959.0,6
361967.0,3
361981.0,2
361998.0,3
362012.0,8
362018.0,2
362030.0,5
362039.0,3
362047.0,6
362056.0,4
362073.0,4
362080.0,2
362121.0,4
362128.0,4
362135.0,3
362149.0,11
362179.0,4
362190.0,4
362196.0,4
362209.0,5
362213.0,2
362221.0,8
362231.0,5
362242.0,5
362261.0,5
362266.0,4
362271.0,6
362279.0,8
362331.0,3
362334.0,3
362341.0,5
362346.0,3
362349.0,4
362375.0,2
362386.0,5
362389.0,5
362407.0,7
362423.0,2
362432.0,4
362452.0,4
362470.0,3
362481.0,3
362503.0,4
362520.0,6
362539.0,6
362551.0,6
362556.0,3
362563.0,3
362574.0,3
362581.0,4
362607.0,3
362617.0,6
362620.0,2
362637.0,4
362661.0,8
362665.0,3
362672.0,6
362679.0,4
362716.0,6
362729.0,4
362742.0,3
362766.0,8
362774.0,4
362787.0,5
362794.0,2
362796.0,2
362807.0,4
362820.0,3
362826.0,9
362844.0,4
362851.0,4
362908.0,2
362930.0,3
362933.0,2
362935.0,3
362946.0,7
362969.0,5
363026.0,9
363053.0,5
363098.0,3
363103.0,22
363141.0,2
363162.0,2
363164.0,4
363168.0,3
363173.0,6
363190.0,5
363197.0,6
363204.0,6
363214.0,4
363229.0,2
363231.0,3
363234.0,2
363243.0,3
363246.0,3
363267.0,5
363305.0,5
363321.0,4
363324.0,3
363342.0,3
363353.0,4
363356.0,4
363378.0,6
363387.0,3
363503.0,3
363523.0,8
363553.0,3
363566.0,3
363571.0,2
363573.0,4
363587.0,5
363593.0,6
363614.0,6
363630.0,7
363651.0,4
363660.0,9
363669.0,8
363679.0,12
363689.0,5
363706.0,2
363708.0,2
363718.0,6
363735.0,3
363767.0,2
363776.0,5
363799.0,5
363808.0,2
363820.0,2
363830.0,6
363851.0,11
363881.0,3
363922.0,4
363964.0,2
363977.0,6
363982.0,6
363990.0,8
364001.0,4
364011.0,2
364018.0,6
364053.0,4
364070.0,2
364086.0,3
364089.0,2
364091.0,2
364094.0,3
364109.0,2
364161.0,4
364167.0,6
364175.0,4
364295.0,2
364325.0,5
364331.0,3
364336.0,4
364346.0,4
364360.0,2
364430.0,5
364434.0,4
364455.0,6
364461.0,2
364483.0,3
364489.0,2
364491.0,2
364504.0,2
364513.0,2
364515.0,5
364527.0,3
364534.0,3
364537.0,5
364542.0,9
364571.0,4
364592.0,2
364603.0,6
364726.0,5
364758.0,2
364767.0,8
364851.0,2
364863.0,8
364971.0,6
365012.0,4
365035.0,7
365087.0,4
365139.0,9
365168.0,4
365171.0,14
365193.0,2
365231.0,7
365270.0,12
365277.0,5
365307.0,21
365348.0,5
365362.0,4
365376.0,5
365390.0,11
365393.0,11
365444.0,17
365492.0,6
365502.0,14
365534.0,13
365575.0,7
365700.0,4
365785.0,3
365843.0,4
365856.0,2
365912.0,2
365914.0,5
365922.0,3
365997.0,11
366015.0,7
366176.0,17
366274.0,23
366316.0,3
366318.0,3
366322.0,3
366325.0,13
366386.0,2
366436.0,3
366439.0,5
366447.0,4
366570.0,3
366667.0,4
366671.0,5
366678.0,7
366685.0,2
366708.0,10
366716.0,6
366751.0,14
366772.0,15
366786.0,6
366808.0,8
366839.0,3
366952.0,2
366974.0,7
367008.0,2
367088.0,5
367105.0,9
367118.0,3
367159.0,6
367213.0,6
367247.0,4
367275.0,9
367339.0,2
367351.0,5
367355.0,3
367407.0,3
367454.0,2
367456.0,8
367563.0,3
367695.0,4
367708.0,4
367735.0,2
367851.0,4
367923.0,6
368003.0,5
368035.0,2
368162.0,3
368171.0,5
368219.0,5
368232.0,2
368256.0,4
368297.0,8
368317.0,2
368349.0,7
368462.0,22
368577.0,66
368700.0,67
368717.0,12
368825.0,3
368834.0,22
368951.0,15
368997.0,2
369123.0,12
369464.0,20
369532.0,5
369593.0,43
369615.0,8
369729.0,15
369760.0,114
370019.0,42
370608.0,209
370828.0,7
370834.0,3
371061.0,6
371264.0,178
371266.0,3
371270.0,2
371275.0,7
371282.0,6
371312.0,5
371377.0,3
371448.0,8
371455.0,6
371719.0,10
371746.0,4
372038.0,40
372110.0,5
372223.0,11
372435.0,2
372456.0,30
372961.0,13
372980.0,54
373256.0,99
374366.0,33
374466.0,6
374942.0,168
375477.0,172
376043.0,14
376064.0,5
376071.0,3
376145.0,5
376166.0,7
376175.0,9
376200.0,4
376202.0,28
376261.0,18
376282.0,7
376285.0,20
376305.0,10
376325.0,6
376332.0,333
376664.0,7
376671.0,6
376679.0,13
376690.0,3
376694.0,92
376792.0,63
376856.0,28
376885.0,8
376892.0,12
376918.0,21
376927.0,16
376943.0,39
376980.0,15
376996.0,140
377143.0,56
377193.0,14
377204.0,30
377236.0,34
377285.0,49
377319.0,52
377382.0,112
377487.0,10
377497.0,163
377660.0,28
377688.0,97
377786.0,9
377798.0,17
377814.0,13
377827.0,315
378142.0,2
378145.0,4
378149.0,245
378438.0,240
378678.0,22
378700.0,18
378718.0,46
378807.0,238
379042.0,54
379097.0,6
379103.0,17
379120.0,2
379126.0,13
379141.0,47
379215.0,11
379231.0,24
379261.0,6
379279.0,2
379295.0,4
379336.0,4
379352.0,30
379392.0,18
379408.0,6
379414.0,8
379476.0,3
379591.0,3
379599.0,4
379607.0,5
379613.0,4
379791.0,8
379854.0,4
379926.0,3
379939.0,5
379952.0,3
380036.0,6
380042.0,9
380096.0,3
380178.0,4
380236.0,2
380266.0,2
380316.0,5
380333.0,2
380368.0,4
380478.0,6
380530.0,3
380550.0,4
380572.0,7
380695.0,4
380781.0,5
380793.0,13
381006.0,4
381166.0,3
381204.0,8
381216.0,6
381300.0,5
381448.0,16
381463.0,38
381575.0,5
381592.0,13
381623.0,45
381680.0,16
381716.0,18
381785.0,13
381799.0,11
381816.0,42
381854.0,55
381911.0,14
382010.0,4
382045.0,72
382127.0,6
382180.0,26
382206.0,21
382230.0,7
382234.0,22
382280.0,6
382284.0,7
382292.0,4
382308.0,5
382311.0,6
382317.0,4
382321.0,4
382328.0,18
382347.0,39
382392.0,31
382428.0,25
382450.0,8
382456.0,48
382580.0,65
382641.0,9
382661.0,18
382679.0,21
382699.0,7
382706.0,3
382713.0,9
382721.0,6
382761.0,52
382808.0,57
382866.0,60
382946.0,6
382966.0,15
383078.0,9
383138.0,2
383149.0,3
383217.0,16
383317.0,110
383433.0,3
383490.0,2
383516.0,8
383600.0,43
383645.0,18
383663.0,22
383686.0,24
383729.0,35
383769.0,12
383773.0,23
383797.0,45
383841.0,7
383864.0,20
383883.0,32
383914.0,3
383991.0,7
384011.0,8
384027.0,38
384063.0,34
384113.0,18
384124.0,22
384149.0,43
384189.0,11
384213.0,24
384229.0,11
384236.0,51
384297.0,19
384322.0,17
384333.0,73
384406.0,22
384428.0,9
384440.0,27
384466.0,98
384564.0,11
384689.0,45
384749.0,10
384760.0,24
384788.0,11
384796.0,12
384806.0,12
384817.0,5
384842.0,8
384867.0,117
384981.0,56
385039.0,21
385061.0,28
385086.0,35
385132.0,10
385162.0,73
385231.0,14
385245.0,3
385248.0,51
385309.0,48
385360.0,10
385364.0,52
385441.0,6
385537.0,7
385558.0,32
385593.0,4
385604.0,21
385620.0,17
385644.0,19
385665.0,40
385710.0,59
385781.0,22
385784.0,54
385841.0,7
385845.0,10
385865.0,32
385900.0,9
385911.0,10
385920.0,27
385948.0,9
385962.0,18
385982.0,21
385993.0,22
386015.0,5
386022.0,46
386065.0,9
386089.0,17
386106.0,5
386110.0,10
386123.0,18
386141.0,34
386172.0,18
386194.0,43
386239.0,13
386246.0,6
386255.0,27
386290.0,11
386292.0,16
386326.0,18
386334.0,14
386345.0,5
386357.0,29
386381.0,9
386389.0,5
386398.0,8
386402.0,8
386413.0,8
386421.0,33
386450.0,38
386515.0,26
386535.0,19
386559.0,10
386562.0,39
386609.0,51
386663.0,25
386681.0,14
386707.0,36
386741.0,46
386793.0,43
386835.0,13
386844.0,29
386872.0,80
386956.0,14
386988.0,25
387002.0,13
387011.0,8
387018.0,20
387036.0,39
387078.0,8
387083.0,18
387109.0,35
387154.0,14
387168.0,8
387179.0,4
387188.0,11
387199.0,24
387243.0,53
387299.0,15
387321.0,2
387325.0,11
387336.0,14
387357.0,12
387380.0,13
387387.0,2
387389.0,3
387392.0,2
387394.0,3
387414.0,19
387441.0,43
387506.0,141
387627.0,7
387640.0,11
387645.0,22
387678.0,9
387688.0,8
387732.0,3
387735.0,2
387737.0,3
387746.0,5
387751.0,2
387799.0,33
387852.0,43
387896.0,3
387899.0,84
388013.0,17
388049.0,12
388058.0,8
388066.0,7
388090.0,23
388097.0,5
388102.0,14
388115.0,2
388163.0,8
388173.0,48
388222.0,74
388295.0,16
388316.0,26
388345.0,11
388365.0,33
388416.0,20
388438.0,43
388495.0,11
388557.0,36
388820.0,163
389038.0,29
389052.0,5
389059.0,6
389081.0,80
389163.0,59
389221.0,3
389226.0,5
389230.0,21
389256.0,14
389269.0,4
389275.0,13
389287.0,5
389291.0,15
389312.0,4
389319.0,5
389327.0,6
389338.0,15
389347.0,19
389365.0,9
389378.0,6
389384.0,5
389405.0,16
389419.0,6
389432.0,7
389439.0,8
389448.0,6
389453.0,7
389464.0,7
389471.0,4
389477.0,5
389485.0,3
389487.0,19
389507.0,6
389512.0,14
389528.0,9
389535.0,9
389544.0,5
389552.0,3
389566.0,9
389576.0,32
389608.0,12
389620.0,35
389655.0,26
389684.0,7
389696.0,5
389705.0,6
389709.0,281
389989.0,4
389993.0,2
389998.0,5
390000.0,6
390310.0,51
390362.0,9
390370.0,14
390386.0,4
390388.0,13
390402.0,5
390406.0,15
390421.0,18
390464.0,7
390470.0,5
390477.0,5
390482.0,15
390497.0,3
390505.0,23
390528.0,6
390541.0,15
390551.0,5
390557.0,5
390561.0,9
390592.0,21
390613.0,6
390683.0,35
390717.0,16
390733.0,8
390740.0,16
390756.0,18
390781.0,27
390807.0,5
390822.0,21
390842.0,52
390951.0,12
390970.0,6
390973.0,9
390982.0,8
391216.0,177
391389.0,17
391407.0,8
391414.0,10
391424.0,9
391433.0,9
391442.0,4
391446.0,4
391451.0,25
391520.0,49
391524.0,6
391531.0,6
391536.0,55
391591.0,9
391601.0,20
391621.0,19
391645.0,4
391649.0,7
391655.0,8
391663.0,48
391711.0,53
391765.0,8
391772.0,5
391778.0,8
391786.0,74
391859.0,13
391918.0,10
391928.0,5
391934.0,4
391937.0,16
391978.0,64
392044.0,14
392075.0,9
392085.0,22
392109.0,20
392126.0,9
392138.0,22
392158.0,4
392172.0,25
392193.0,19
392212.0,9
392224.0,65
392300.0,151
392451.0,3
392455.0,13
392467.0,2
392570.0,4
392573.0,8
392581.0,45
392629.0,10
392654.0,3
392658.0,102
392760.0,40
392798.0,5
392803.0,30
392894.0,9
392907.0,34
392941.0,15
392965.0,6
392973.0,6
392977.0,10
392987.0,36
393046.0,16
393062.0,2
393066.0,27
393092.0,7
393100.0,14
393113.0,5
393120.0,36
393154.0,2
393181.0,16
393198.0,7
393204.0,89
393294.0,87
393380.0,7
393388.0,7
393397.0,2
393401.0,6
393433.0,23
393447.0,14
393465.0,11
393475.0,3
393479.0,5
393484.0,5
393488.0,449
393939.0,2
393946.0,5
393951.0,2
393954.0,7
393960.0,7
393976.0,11
394032.0,7
394049.0,15
394064.0,3
394067.0,26
394093.0,7
394100.0,2
394105.0,4
394108.0,2
394113.0,4
394117.0,18
394134.0,8
394168.0,4
394175.0,9
394183.0,68
394249.0,4
394273.0,23
394295.0,16
394313.0,8
394322.0,10
394345.0,5
394365.0,11
394373.0,5
394376.0,2
394380.0,37
394515.0,3
394622.0,21
394643.0,180
394826.0,7
394830.0,55
394892.0,4
394896.0,4
394903.0,11
394936.0,5
394941.0,11
394950.0,9
394959.0,16
394976.0,7
394983.0,4
394986.0,11
394997.0,6
395003.0,9
395014.0,5
395017.0,5
395023.0,8
395034.0,11
395044.0,4
395049.0,5
395054.0,13
395068.0,10
395119.0,5
395126.0,11
395204.0,3
395254.0,9
395287.0,7
395299.0,3
395312.0,2
395314.0,2
395316.0,9
395337.0,9
395343.0,2
395346.0,4
395349.0,6
395368.0,8
395379.0,8
395387.0,4
395410.0,2
395415.0,4
395424.0,19
395443.0,21
395475.0,4
395486.0,14
395519.0,23
395555.0,8
395602.0,3
395643.0,4
395693.0,3
395764.0,9
395770.0,3
396131.0,2
396196.0,3
396306.0,2
396356.0,5
396362.0,3
396407.0,2
396504.0,2
396526.0,4
396615.0,10
396676.0,2
396921.0,2
396938.0,5
396955.0,5
396973.0,2
397047.0,2
397098.0,4
397147.0,4
397404.0,2
397515.0,92
397604.0,132
397738.0,11
397747.0,7
397754.0,16
397773.0,22
397793.0,48
397840.0,11
397851.0,15
397868.0,30
397922.0,27
397949.0,30
397982.0,9
397992.0,28
398018.0,7
398024.0,18
398041.0,7
398048.0,2
398053.0,19
398069.0,3
398077.0,11
398092.0,7
398097.0,3
398100.0,11
398112.0,19
398137.0,23
398166.0,21
398197.0,10
398217.0,8
398220.0,3
398225.0,8
398232.0,10
398242.0,7
398249.0,10
398258.0,18
398290.0,20
398309.0,5
398315.0,8
398326.0,13
398341.0,15
398351.0,13
398364.0,11
398380.0,5
398384.0,10
398393.0,12
398405.0,5
398409.0,3
398412.0,3
398415.0,15
398430.0,16
398447.0,4
398452.0,6
398460.0,12
398480.0,3
398491.0,13
398528.0,4
398530.0,15
398546.0,5
398561.0,4
398563.0,7
398579.0,11
398590.0,5
398598.0,13
398665.0,6
398675.0,15
398691.0,9
398698.0,5
398703.0,6
398710.0,9
398719.0,19
398748.0,12
398765.0,8
398770.0,18
398802.0,12
398812.0,8
398826.0,6
398828.0,6
398835.0,10
398845.0,3
398847.0,8
398857.0,9
398874.0,7
398884.0,13
398908.0,7
398910.0,8
398929.0,9
398937.0,4
398940.0,2
398964.0,30
398989.0,15
399010.0,5
399015.0,5
399020.0,2
399026.0,7
399040.0,3
399044.0,10
399075.0,7
399083.0,43
399125.0,33
399158.0,11
399169.0,5
399174.0,4
399179.0,5
399184.0,6
399193.0,8
399204.0,5
399215.0,5
399221.0,13
399234.0,5
399256.0,4
399260.0,4
399269.0,3
399278.0,10
399289.0,5
399295.0,13
399329.0,5
399349.0,222
399586.0,90
399668.0,84
399752.0,10
399760.0,83
399843.0,318
400161.0,128
400289.0,19
400309.0,232
400540.0,4
400597.0,143
400740.0,17
400759.0,40
400797.0,126
400923.0,78
401001.0,328
401329.0,32
401361.0,119
401481.0,13
401497.0,222
401717.0,95
401810.0,73
401883.0,36
401919.0,185
402104.0,46
402219.0,45
402263.0,25
402288.0,284
402572.0,2
402574.0,4
402578.0,318
402896.0,92
402988.0,3
402994.0,147
403139.0,13
403151.0,2
403215.0,14
403236.0,32
403268.0,153
403421.0,138
403559.0,4
403762.0,310
404205.0,11
404236.0,6
404284.0,109
404393.0,72
404465.0,26
404491.0,68
404559.0,25
404584.0,20
404604.0,64
404668.0,86
404821.0,199
405021.0,3
405036.0,15
405048.0,6
405054.0,22
405075.0,5
405080.0,6
405087.0,99
405205.0,5
405228.0,10
405273.0,116
405366.0,3
405385.0,6
405395.0,5
405400.0,3
405410.0,4
405421.0,12
405435.0,8
405443.0,18
405484.0,14
405496.0,8
405527.0,18
405552.0,29
405599.0,3
405633.0,25
405703.0,24
405887.0,10
405890.0,9
405901.0,24
405965.0,14
405984.0,20
406060.0,29
406079.0,25
406100.0,31
406155.0,8
406165.0,13
406171.0,26
406197.0,14
406220.0,41
406260.0,16
406293.0,6
406299.0,16
406313.0,3
406352.0,106
406445.0,83
406601.0,106
406749.0,84
406828.0,29
406863.0,7
406877.0,12
406889.0,6
406900.0,5
406905.0,12
407028.0,5
407051.0,6
407105.0,6
407111.0,29
407140.0,53
407215.0,4
407275.0,111
407391.0,13
407430.0,4
407448.0,5
407517.0,77
407609.0,7
407621.0,3
407690.0,5
407799.0,12
407861.0,13
407900.0,4
407903.0,4
407958.0,6
407972.0,4
408101.0,14
408142.0,4
408280.0,4
408295.0,9
408340.0,10
408404.0,4
408422.0,5
408443.0,2
408465.0,9
408503.0,5
408516.0,2
408596.0,3
408601.0,5
408719.0,9
408736.0,4
408741.0,3
408794.0,10
408804.0,2
408833.0,3
408838.0,7
408860.0,14
408871.0,7
408884.0,4
408962.0,12
408982.0,4
409002.0,6
409081.0,6
409181.0,11
409192.0,3
409343.0,2
409405.0,15
409420.0,7
409427.0,6
409434.0,10
409536.0,2
409620.0,2
409657.0,8
409721.0,9
409753.0,4
409780.0,2
409890.0,5
409979.0,4
410041.0,5
410054.0,4
410060.0,8
410087.0,19
410261.0,8
410289.0,12
410321.0,4
410378.0,12
410397.0,4
410430.0,13
410456.0,5
410491.0,6
410503.0,5
410508.0,3
410517.0,2
410558.0,8
410587.0,5
410595.0,3
410599.0,4
410626.0,5
410652.0,4
410658.0,6
410696.0,3
410705.0,2
410714.0,5
410727.0,9
410749.0,5
410755.0,5
410760.0,3
410763.0,6
410773.0,7
410793.0,4
410812.0,5
410819.0,4
410823.0,3
410826.0,8
410846.0,3
410861.0,5
410893.0,5
410900.0,13
410918.0,3
410934.0,8
410952.0,5
410978.0,4
410982.0,4
410999.0,4
411076.0,75
411535.0,38
411609.0,8
411624.0,7
411637.0,6
411670.0,23
411742.0,13
411755.0,5
411760.0,163
411924.0,25
411948.0,33
412164.0,284
412468.0,38
412505.0,56
412561.0,26
412589.0,5
412610.0,117
412724.0,3
412729.0,62
412789.0,581
413381.0,55
413434.0,147
413860.0,113
413978.0,49
413998.0,116
414103.0,54
414157.0,233
414390.0,69
414460.0,257
414716.0,159
414875.0,53
414928.0,60
414991.0,20
415008.0,86
415118.0,67
415168.0,34
415195.0,41
415246.0,36
415278.0,74
415352.0,397
415749.0,153
415908.0,8
415910.0,30
415940.0,5
415967.0,10
415991.0,28
416238.0,391
416623.0,6
416631.0,44
416672.0,10
416690.0,146
416874.0,2
416973.0,16
416993.0,108
417104.0,141
417240.0,110
417349.0,454
417881.0,172
418053.0,22
418088.0,3
418107.0,4
418111.0,16
418132.0,6
418138.0,5
418240.0,2
418242.0,3
418262.0,21
418340.0,2
418365.0,11
418393.0,9
418412.0,3
418415.0,6
418421.0,4
418464.0,17
418485.0,7
418493.0,3
418511.0,76
418587.0,7
418709.0,3
418763.0,6
418768.0,4
418772.0,164
418935.0,62
419021.0,22
419062.0,6
419101.0,4
420836.0,4
420869.0,17
420891.0,4
420904.0,20
420920.0,2
420922.0,6
420931.0,2
420964.0,34
421010.0,6
421032.0,5
421055.0,16
421101.0,2
421104.0,14
421127.0,6
421130.0,18
421147.0,3
421153.0,12
421162.0,3
421173.0,15
421187.0,4
421194.0,13
421205.0,4
421236.0,22
421257.0,85
421351.0,4
421358.0,13
421369.0,13
421382.0,6
421387.0,16
421459.0,5
421466.0,13
421480.0,5
421484.0,17
421501.0,9
421553.0,20
421572.0,46
421618.0,20
421653.0,3
421656.0,6
421666.0,22
421688.0,24
421712.0,6
421718.0,17
421735.0,4
421750.0,4
421754.0,2
421768.0,10
421790.0,8
421822.0,2
421863.0,7
421888.0,5
421894.0,7
421944.0,12
421964.0,4
421983.0,4
422007.0,10
422123.0,2
422125.0,5
422150.0,17
422179.0,4
422184.0,3
422228.0,4
422279.0,5
422293.0,5
422307.0,6
422327.0,5
422333.0,6
422350.0,6
422369.0,12
422417.0,2
422422.0,2
422439.0,9
422450.0,3
422478.0,4
422544.0,7
422549.0,14
422562.0,11
422573.0,4
422642.0,6
422646.0,6
422686.0,41
422725.0,13
422736.0,8
422746.0,9
422753.0,9
422761.0,4
422765.0,3
422773.0,11
422780.0,5
422784.0,3
422788.0,4
422793.0,2
422803.0,29
422824.0,6
422836.0,12
422855.0,6
422869.0,32
422902.0,5
422908.0,4
422911.0,13
422927.0,3
422930.0,6
422940.0,3
422955.0,7
422960.0,9
422967.0,13
422992.0,10
423016.0,6
423020.0,2
423040.0,7
423051.0,11
423060.0,2
423063.0,6
423096.0,13
423120.0,5
423130.0,11
423141.0,5
423158.0,9
423205.0,3
423216.0,4
423234.0,2
423243.0,16
423278.0,25
423299.0,11
423310.0,11
423322.0,5
423335.0,14
423368.0,79
423447.0,6
423453.0,4
423459.0,5
423462.0,7
423469.0,2
423479.0,34
423513.0,14
423528.0,3
423530.0,38
423568.0,23
423599.0,8
423613.0,7
423616.0,12
423631.0,3
423633.0,62
423705.0,3
423708.0,2
423712.0,16
423726.0,8
423850.0,11
423859.0,6
423865.0,5
423869.0,5
423887.0,6
423949.0,5
423959.0,4
423963.0,22
424026.0,5
424031.0,5
424044.0,9
424051.0,6
424117.0,16
424208.0,11
424365.0,5
424376.0,3
424396.0,2
424447.0,3
424467.0,16
424483.0,5
424538.0,22
424630.0,10
424641.0,4
424654.0,4
424729.0,3
424732.0,2
424759.0,11
424816.0,9
424843.0,10
424870.0,7
424880.0,2
424961.0,6
425052.0,3
425095.0,4
425148.0,5
425158.0,4
425162.0,16
425364.0,8
425379.0,7
425389.0,5
425480.0,10
425533.0,4
425637.0,2
425659.0,8
425668.0,4
425714.0,8
425726.0,4
425736.0,5
425753.0,4
425767.0,3
425770.0,9
425785.0,3
425810.0,11
425853.0,11
425875.0,4
425898.0,2
425912.0,8
425984.0,9
426053.0,12
426093.0,5
426109.0,3
426144.0,2
426148.0,3
426191.0,5
426198.0,2
426200.0,4
426204.0,3
426312.0,6
426365.0,3
426383.0,4
426400.0,16
426417.0,2
426419.0,4
426437.0,8
426506.0,5
426511.0,9
426518.0,9
426563.0,4
426746.0,4
426795.0,5
426861.0,10
426930.0,10
426944.0,7
426954.0,2
426957.0,3
427055.0,2
427057.0,3
427115.0,4
427152.0,6
427158.0,12
427189.0,2
427192.0,4
427252.0,3
427279.0,7
427284.0,3
427287.0,8
427376.0,4
427381.0,3
427385.0,3
427440.0,18
427476.0,7
427483.0,4
427489.0,7
427499.0,6
427505.0,4
427529.0,4
427539.0,10
427555.0,3
427742.0,7
427883.0,5
428035.0,5
428044.0,12
428061.0,16
428088.0,3
428092.0,5
428112.0,8
428117.0,8
428164.0,5
428174.0,19
428197.0,6
428230.0,8
428253.0,17
428258.0,37
428296.0,29
428333.0,44
428379.0,2
428388.0,4
428392.0,14
428408.0,4
428436.0,4
428450.0,3
428460.0,17
428479.0,8
428489.0,6
428493.0,20
428513.0,36
428549.0,9
428558.0,44
428636.0,7
428684.0,2
428688.0,6
428738.0,10
428792.0,3
428817.0,6
428877.0,7
428914.0,2
428976.0,10
429153.0,11
429238.0,10
429359.0,19
429398.0,21
429420.0,4
429635.0,15
429864.0,4
429911.0,7
429922.0,6
430087.0,11
430438.0,16
430454.0,2
430466.0,3
430469.0,8
430477.0,2
430480.0,22
430507.0,35
430554.0,6
430560.0,7
430640.0,24
430674.0,5
430679.0,4
430767.0,2
430858.0,2
430902.0,3
430918.0,4
430990.0,10
430992.0,31
431030.0,6
431042.0,34
431071.0,16
431087.0,24
431113.0,5
431121.0,4
431137.0,11
431167.0,5
431187.0,15
431200.0,13
431229.0,8
431237.0,9
431246.0,2
431252.0,9
431261.0,9
431287.0,10
431297.0,4
431299.0,2
431309.0,16
431327.0,4
431338.0,5
431349.0,2
431353.0,7
431363.0,4
431373.0,5
431380.0,2
431384.0,6
431396.0,8
431402.0,2
431406.0,6
431413.0,16
431428.0,5
431444.0,8
431467.0,3
431492.0,12
431508.0,5
431517.0,4
431521.0,2
431523.0,2
431531.0,5
431545.0,7
431556.0,5
431560.0,9
431575.0,6
431585.0,2
431587.0,5
431621.0,13
431633.0,5
431644.0,4
431646.0,2
431659.0,4
431663.0,2
431682.0,15
431703.0,2
431708.0,4
431725.0,7
431737.0,7
431752.0,6
431759.0,6
431766.0,7
431777.0,6
431784.0,4
431831.0,4
431855.0,4
431860.0,5
431874.0,3
431878.0,4
431900.0,6
431922.0,6
431956.0,2
431980.0,5
432017.0,6
432025.0,6
432031.0,2
432037.0,6
432046.0,4
432056.0,7
432072.0,4
432090.0,9
432101.0,4
432115.0,6
432134.0,2
432141.0,8
432144.0,3
432149.0,5
432175.0,12
432183.0,5
432186.0,9
432207.0,6
432225.0,4
432233.0,3
432271.0,5
432286.0,4
432303.0,5
432322.0,6
432333.0,5
432336.0,7
432356.0,5
432384.0,6
432411.0,4
432423.0,6
432442.0,4
432451.0,6
432470.0,4
432477.0,3
432490.0,6
432531.0,4
432544.0,15
432584.0,4
432601.0,2
432607.0,7
432610.0,4
432631.0,2
432638.0,3
432677.0,7
432689.0,6
432707.0,2
432719.0,14
432752.0,6
432760.0,3
432798.0,7
432822.0,6
432840.0,8
432862.0,4
432900.0,3
432903.0,5
432914.0,9
432966.0,8
432978.0,4
432982.0,12
432997.0,3
433000.0,5
433036.0,2
433052.0,6
433056.0,5
433064.0,10
433074.0,2
433076.0,3
433086.0,3
433101.0,7
433108.0,3
433149.0,4
433225.0,9
433242.0,6
433249.0,8
433262.0,2
433265.0,9
433275.0,5
433294.0,2
433296.0,3
433299.0,7
433306.0,11
433322.0,6
433328.0,2
433351.0,8
433389.0,4
433401.0,3
433404.0,6
433415.0,2
433432.0,7
433439.0,4
433468.0,7
433479.0,9
433494.0,4
433501.0,5
433521.0,15
433554.0,6
433561.0,3
433586.0,6
433602.0,4
433607.0,7
433639.0,15
433662.0,7
433668.0,9
433724.0,6
433799.0,4
433803.0,15
433825.0,3
433861.0,4
433864.0,2
433872.0,2
433887.0,3
433893.0,5
433903.0,4
433906.0,5
433926.0,5
433940.0,3
433944.0,13
433967.0,10
434010.0,6
434012.0,5
434018.0,4
434038.0,11
434054.0,12
434079.0,9
434096.0,4
434123.0,6
434127.0,2
434141.0,5
434147.0,3
434156.0,52
434205.0,31
434239.0,16
434259.0,5
434262.0,8
434271.0,19
434294.0,8
434299.0,6
434302.0,10
434318.0,31
434366.0,9
434372.0,5
434381.0,44
434424.0,29
434450.0,3
434519.0,35
434624.0,6
434629.0,7
434646.0,21
434663.0,7
434676.0,14
434720.0,13
434733.0,13
434749.0,9
434757.0,19
434783.0,13
434807.0,12
434823.0,6
434829.0,4
434834.0,3
434843.0,9
434849.0,18
434934.0,13
434953.0,19
434988.0,8
434993.0,6
434998.0,14
435014.0,2
435053.0,2
435061.0,2
435065.0,4
435068.0,7
435078.0,10
435094.0,28
435115.0,3
435122.0,6
435127.0,6
435130.0,26
435156.0,8
435164.0,4
435285.0,6
435291.0,15
435304.0,5
435359.0,53
435391.0,34
435396.0,4
435400.0,2
435407.0,4
435412.0,24
435435.0,2
435442.0,16
435461.0,9
435468.0,22
435489.0,6
435496.0,4
435500.0,7
435507.0,37
435543.0,32
435580.0,7
435592.0,10
435602.0,15
435617.0,40
435658.0,22
435685.0,13
435692.0,9
435701.0,3
435704.0,4
435712.0,2
435742.0,9
435746.0,8
435755.0,3
435772.0,2
435774.0,4
435821.0,23
435924.0,3
435958.0,3
435961.0,4
435982.0,54
436019.0,201
436220.0,3
436224.0,14
436237.0,3
436240.0,6
436255.0,33
436283.0,3
436286.0,2
436288.0,27
436317.0,4
436321.0,40
436359.0,14
436379.0,12
436388.0,26
436413.0,25
436438.0,3
436442.0,16
436457.0,2
436459.0,8
436468.0,11
436478.0,43
436521.0,4
436528.0,57
436582.0,11
436596.0,4
436601.0,17
436636.0,5
436809.0,5
436825.0,5
436829.0,3
436862.0,11
436891.0,2
436893.0,3
436896.0,4
436900.0,3
436906.0,15
436976.0,4
436982.0,5
436995.0,8
437004.0,3
437006.0,93
437099.0,4
437103.0,10
437113.0,7
437120.0,9
437131.0,64
437345.0,154
437347.0,4
437351.0,90
437449.0,3
437452.0,149
437605.0,150
438031.0,18
438048.0,9
438058.0,46
438437.0,362
438465.0,5
438470.0,5
438475.0,4
438481.0,2
438483.0,16
438661.0,101
438674.0,14
438710.0,4
438718.0,26
438746.0,12
438751.0,54
438808.0,5
438831.0,2
438833.0,241
439074.0,36
439110.0,4
439115.0,6
439120.0,4
439125.0,18
439146.0,4
439171.0,6
439178.0,5
439182.0,5
439276.0,110
439430.0,8
439437.0,4
439441.0,3
439446.0,14
439460.0,16
439476.0,2
439491.0,10
439509.0,4
439513.0,2
439516.0,4
439520.0,4
439528.0,7
439538.0,14
439597.0,4
439607.0,11
439688.0,10
439699.0,22
439723.0,20
439746.0,19
439764.0,25
439789.0,3
439795.0,6
439802.0,9
439816.0,12
439832.0,5
439843.0,13
439849.0,4
439853.0,10
439866.0,6
439882.0,4
439894.0,2
439902.0,9
439915.0,7
439931.0,7
439938.0,2
439940.0,9
439952.0,4
439961.0,12
439977.0,2
439979.0,4
439989.0,10
440002.0,10
440011.0,7
440017.0,6
440032.0,5
440074.0,5
440079.0,6
440083.0,8
440100.0,6
440111.0,4
440132.0,15
440147.0,7
440165.0,4
440180.0,9
440186.0,6
440196.0,8
440206.0,4
440211.0,7
440222.0,8
440246.0,7
440270.0,7
440274.0,3
440277.0,6
440288.0,5
440297.0,7
440303.0,5
440310.0,5
440319.0,11
440327.0,6
440335.0,4
440338.0,4
440344.0,7
440366.0,13
440371.0,2
440388.0,9
440412.0,16
440428.0,6
440435.0,6
440445.0,13
440458.0,3
440460.0,6
440466.0,3
440483.0,2
440486.0,9
440496.0,5
440499.0,4
440521.0,6
440527.0,6
440533.0,4
440538.0,5
440543.0,13
440560.0,3
440564.0,5
440567.0,4
440573.0,7
440582.0,7
440585.0,14
440599.0,3
440604.0,4
440616.0,13
440623.0,9
440638.0,3
440640.0,6
440653.0,7
440660.0,5
440667.0,7
440674.0,9
440683.0,2
440691.0,3
440694.0,7
440704.0,12
440724.0,2
440732.0,3
440737.0,5
440751.0,11
440772.0,4
440775.0,4
440780.0,5
440785.0,9
440794.0,3
440796.0,5
440804.0,8
440811.0,6
440819.0,9
440830.0,11
440839.0,3
440843.0,4
440848.0,2
440859.0,8
440865.0,5
440888.0,4
440892.0,8
440903.0,20
440933.0,9
440965.0,4
440969.0,2
440976.0,7
440980.0,10
440998.0,4
441003.0,8
441011.0,3
441019.0,11
441031.0,5
441033.0,2
441038.0,4
441042.0,2
441055.0,7
441061.0,2
441065.0,7
441082.0,5
441094.0,11
441099.0,5
441107.0,8
441126.0,2
441156.0,10
441164.0,10
441175.0,3
441180.0,14
441206.0,2
441209.0,3
441221.0,6
441232.0,4
441235.0,8
441244.0,7
441254.0,8
441259.0,4
441278.0,8
441297.0,14
441325.0,10
441337.0,3
441354.0,6
441362.0,2
441365.0,8
441372.0,9
441382.0,6
441395.0,18
441416.0,5
441418.0,3
441422.0,7
441432.0,15
441446.0,2
441471.0,5
441477.0,3
441496.0,4
441502.0,6
441521.0,4
441542.0,4
441560.0,3
441571.0,4
441577.0,2
441588.0,4
441601.0,2
441623.0,3
441648.0,11
441659.0,7
441666.0,8
441674.0,2
441702.0,4
441705.0,4
441716.0,9
441735.0,18
441796.0,126
441922.0,1381
443306.0,625
444790.0,9
444808.0,8
444816.0,13
444831.0,3
444834.0,44
444878.0,6
444884.0,3
444890.0,13
444915.0,18
444942.0,6
444957.0,5
444973.0,40
445582.0,6
445588.0,10
445701.0,23
446500.0,24
446531.0,9
446540.0,15
446555.0,101
446656.0,4
446660.0,123
446805.0,121
446915.0,11
446953.0,34
446960.0,21
446983.0,8
446989.0,3
446999.0,97
447092.0,6
447098.0,44
447267.0,2
447271.0,5
447291.0,10
447304.0,7
447339.0,18
447401.0,8
447422.0,25
447456.0,13
447478.0,16
447495.0,4
447502.0,4
447505.0,2
447585.0,7
447618.0,42
447661.0,10
447670.0,15
447685.0,19
447711.0,10
447720.0,10
447731.0,3
447741.0,10
447751.0,2
447773.0,14
447790.0,4
447821.0,2
447825.0,12
447916.0,5
447948.0,3
447959.0,11
448040.0,3
448046.0,5
448051.0,6
448065.0,418
448481.0,5
448498.0,7
448511.0,7
448566.0,31
448599.0,6
448602.0,19
448631.0,3
448677.0,2
448707.0,7
448725.0,15
448741.0,4
448744.0,4
448761.0,3
448802.0,2
448826.0,4
448851.0,4
448916.0,3
448954.0,3
448972.0,6
449005.0,3
449082.0,2
449084.0,3
449101.0,5
449145.0,2
449181.0,3
449196.0,4
449388.0,4
449533.0,3
449581.0,3
449639.0,2
449677.0,5
449685.0,4
449708.0,6
449761.0,4
449897.0,4
449925.0,2
449946.0,5
449951.0,4
450072.0,3
450078.0,2
450140.0,4
450195.0,7
450225.0,4
450280.0,10
450299.0,3
450303.0,5
450321.0,3
450353.0,8
450528.0,7
450595.0,4
450631.0,6
450659.0,5
450661.0,3
450694.0,9
450709.0,4
450721.0,5
450728.0,2
450730.0,6
450741.0,2
450744.0,4
450770.0,10
450777.0,2
450848.0,2
450890.0,5
450914.0,4
450962.0,4
450981.0,5
451074.0,7
451085.0,2
451112.0,3
451115.0,7
451164.0,5
451177.0,10
451191.0,8
451198.0,9
451209.0,19
451235.0,2
451240.0,5
451268.0,4
451284.0,7
451294.0,16
451312.0,2
451328.0,3
451580.0,11
451668.0,4
451813.0,6
451858.0,4
451887.0,8
451906.0,4
451952.0,3
451987.0,4
452076.0,3
452159.0,11
452172.0,2
452217.0,8
452224.0,3
452287.0,2
452291.0,5
452336.0,10
452403.0,7
452437.0,5
452448.0,19
452516.0,2
452558.0,6
452578.0,6
452589.0,7
452596.0,10
452628.0,2
452672.0,6
452679.0,4
452690.0,3
452726.0,5
452734.0,2
452736.0,4
452741.0,6
452757.0,5
452762.0,4
452766.0,5
452785.0,4
452812.0,3
452819.0,3
452831.0,7
452835.0,2
452846.0,3
452855.0,4
452861.0,8
452874.0,12
452957.0,5
452967.0,3
452986.0,4
453059.0,9
453070.0,6
453116.0,5
453125.0,3
453135.0,4
453151.0,7
453174.0,12
453180.0,14
453235.0,5
453355.0,12
453371.0,10
453472.0,3
453479.0,13
453508.0,14
453521.0,4
453574.0,3
453595.0,8
453610.0,3
453614.0,4
453617.0,5
453653.0,4
453671.0,3
453681.0,6
453687.0,6
453693.0,2
453697.0,14
453710.0,6
453720.0,3
453750.0,3
453754.0,2
453759.0,3
453769.0,4
453778.0,2
453786.0,2
453799.0,6
453813.0,3
453817.0,3
453830.0,4
453845.0,2
453874.0,10
453909.0,28
453999.0,2
454011.0,3
454023.0,5
454076.0,26
454103.0,3
454105.0,2
454110.0,8
454139.0,17
454198.0,7
454233.0,3
454236.0,3
454244.0,5
454280.0,9
454288.0,3
454318.0,12
454328.0,7
454379.0,20
454410.0,11
454415.0,4
454421.0,8
454461.0,5
454463.0,2
454500.0,3
454513.0,7
454533.0,4
454540.0,4
454553.0,18
454618.0,7
454625.0,2
454627.0,17
454644.0,3
454647.0,12
454683.0,10
454699.0,6
454740.0,4
454751.0,56
454798.0,22
454848.0,23
454854.0,19
454872.0,10
454893.0,18
454900.0,32
454936.0,23
454957.0,32
454988.0,21
455043.0,7
455081.0,2
455083.0,8
455092.0,11
455123.0,4
455149.0,6
455176.0,5
455196.0,4
455198.0,13
455211.0,7
455220.0,5
455223.0,7
455230.0,32
455319.0,10
455343.0,13
455418.0,22
455437.0,5
455442.0,7
455463.0,6
455586.0,3
455617.0,5
455649.0,5
455778.0,6
455783.0,38
455822.0,11
455974.0,17
456014.0,4
456023.0,21
456040.0,19
456058.0,3
456109.0,62
456219.0,112
456332.0,11
456342.0,9
456377.0,3
456386.0,41
456424.0,12
456470.0,9
456600.0,9
456605.0,11
456643.0,30
456693.0,15
456770.0,6
456843.0,2
456878.0,18
456893.0,31
456975.0,5
456983.0,4
456993.0,7
457002.0,5
457015.0,13
457024.0,2
457027.0,13
457051.0,8
457063.0,11
457133.0,6
457159.0,12
457173.0,6
457192.0,6
457202.0,4
457208.0,79
457322.0,14
457440.0,10
457483.0,16
457522.0,4
457548.0,13
457582.0,21
457593.0,44
457651.0,50
457709.0,21
457815.0,14
457832.0,17
457920.0,26
457930.0,11
457939.0,10
457963.0,3
457974.0,11
457986.0,3
457999.0,3
458002.0,3
458017.0,9
458111.0,8
458231.0,2
458242.0,5
458307.0,9
458322.0,16
458367.0,6
458382.0,3
458596.0,14
458645.0,13
458658.0,26
458697.0,13
458711.0,9
458721.0,18
458778.0,47
458813.0,2
458836.0,8
458845.0,22
458880.0,108
458983.0,7
458988.0,2
458995.0,7
458998.0,171
459170.0,107
459280.0,11
459311.0,6
459317.0,72
459389.0,65
459454.0,2
459458.0,15
459471.0,5
459476.0,121
459610.0,12
459650.0,13
459669.0,10
459675.0,108
459785.0,44
459827.0,274
460112.0,17
460146.0,15
460167.0,68
460324.0,5
460361.0,12
460480.0,14
460655.0,20
460711.0,44
461005.0,168
461168.0,41
461215.0,10
461235.0,12
461256.0,5
461293.0,4
461312.0,7
461348.0,40
461397.0,8
461404.0,5
461409.0,14
461431.0,3
461441.0,18
461458.0,2
461460.0,189
461649.0,402
462052.0,7
462076.0,13
462092.0,24
462116.0,24
462139.0,15
462155.0,9
462163.0,16
462180.0,9
462188.0,7
462220.0,7
462251.0,18
462269.0,12
462301.0,10
462306.0,2
462308.0,2
462326.0,16
462386.0,37
462430.0,17
462473.0,3
462477.0,45
462575.0,42
462613.0,75
462749.0,13
462865.0,20
462886.0,20
462905.0,11
462916.0,63
463044.0,15
463083.0,7
463224.0,18
463253.0,5
463258.0,162
463420.0,5
463425.0,19
463453.0,7
463460.0,3
463495.0,7
463497.0,4
463502.0,15
463606.0,24
463634.0,26
463733.0,2
463759.0,92
463851.0,13
463887.0,6
463921.0,7
463983.0,14
464009.0,33
464097.0,28
464125.0,3
464281.0,36
464318.0,30
464348.0,8
464434.0,24
464493.0,5
464498.0,7
464505.0,2
464507.0,4
464559.0,16
464580.0,10
464610.0,33
464666.0,5
464696.0,7
464720.0,475
465213.0,461
465675.0,5
465724.0,2
465734.0,2
465769.0,8
465777.0,7
465785.0,7
465808.0,4
465835.0,5
465840.0,14
465863.0,12
465867.0,7
465875.0,27
465907.0,30
465977.0,5
465983.0,15
466010.0,7
466024.0,3
466057.0,7
466070.0,13
466116.0,15
466191.0,11
466205.0,9
466229.0,54
466401.0,6
466418.0,4
466513.0,18
466528.0,22
466615.0,5
466763.0,2
466865.0,3
466890.0,12
467056.0,4
467135.0,6
467165.0,16
467197.0,25
467228.0,2
467238.0,8
467278.0,9
467352.0,9
467394.0,3
467433.0,10
467662.0,3
467677.0,10
467707.0,4
467758.0,40
468391.0,39
468723.0,2
469082.0,2
469087.0,6
469269.0,9
469287.0,6
469329.0,7
469359.0,5
469580.0,4
469642.0,2
469696.0,5
469734.0,2
469827.0,3
469868.0,5
469949.0,2
470216.0,304
472377.0,25
472488.0,14
474529.0,2
474863.0,10
475003.0,4
475625.0,18
475782.0,4
475818.0,2
475935.0,8
476571.0,3
476574.0,2
476997.0,5
477006.0,4
477010.0,2
477187.0,14
477269.0,12
477390.0,3
477401.0,2
477411.0,13
477426.0,3
477429.0,4
477434.0,9
477442.0,5
477448.0,7
477459.0,8
477468.0,132
477599.0,4
477602.0,107
477709.0,7
477720.0,34
477777.0,41
477814.0,9
477827.0,89
477914.0,63
477986.0,66
478052.0,233
478280.0,215
478527.0,7
478546.0,3
478559.0,3
478562.0,2
478572.0,10
478587.0,6
478593.0,2
478595.0,2
478604.0,4
478606.0,4
478627.0,6
478633.0,8
478641.0,6
478647.0,2
478652.0,6
478659.0,5
478663.0,2
478673.0,7
478679.0,185
478863.0,172
479037.0,98
479139.0,5
479145.0,61
479207.0,53
479309.0,6
479313.0,85
479397.0,43
479440.0,9
479450.0,275
479724.0,425
480150.0,30
480179.0,4
480183.0,6
480244.0,83
480325.0,174
480510.0,20
480547.0,143
480686.0,34
480723.0,11
480738.0,246
480978.0,104
481082.0,140
481443.0,9
481500.0,189
481688.0,32
481721.0,286
482027.0,48
482075.0,15
482090.0,35
482125.0,18
482143.0,5
482148.0,7
482155.0,45
482200.0,5
482206.0,15
482220.0,54
482274.0,30
482306.0,6
482310.0,14
482405.0,7
482413.0,35
482499.0,17
482520.0,24
482559.0,71
482624.0,13
482636.0,38
482678.0,10
482681.0,93
482774.0,23
482807.0,13
483067.0,2
483211.0,202
483413.0,5
483419.0,4
483422.0,20
483443.0,145
483587.0,129
483716.0,7
483723.0,27
483750.0,4
484325.0,20
484349.0,266
484615.0,65
484678.0,89
484767.0,52
484827.0,76
484897.0,345
485240.0,15
485259.0,233
485587.0,100
485685.0,116
485801.0,335
486140.0,18
486155.0,31
486185.0,72
486441.0,280
486724.0,93
486821.0,78
486966.0,14
486981.0,4
486998.0,11
487016.0,2
487022.0,2
487081.0,7
487088.0,2
487092.0,27
487145.0,41
487190.0,37
487230.0,27
487253.0,70
487336.0,104
487439.0,19
487456.0,71
487526.0,2
487532.0,122
487663.0,25
487693.0,75
487773.0,62
487846.0,282
488130.0,41
488172.0,45
488219.0,35
488249.0,26
488282.0,250
488527.0,39
488565.0,38
488601.0,102
488871.0,2
488885.0,55
488932.0,7
488968.0,25
488995.0,38
489077.0,47
489124.0,28
489164.0,196
489386.0,49
489432.0,140
489572.0,25
489599.0,68
489686.0,62
489727.0,166
489895.0,17
489910.0,160
490083.0,22
490148.0,42
490228.0,15
490263.0,10
490274.0,185
490461.0,26
490489.0,361
490892.0,73
490963.0,3
490966.0,29
491000.0,68
491065.0,14
491185.0,6
491201.0,18
491212.0,5
491215.0,49
491277.0,105
491407.0,135
491513.0,6
491526.0,7
491630.0,5
491636.0,155
491801.0,18
491819.0,13
491835.0,74
491909.0,263
492170.0,14
492244.0,4
492260.0,8
492269.0,22
492296.0,12
492308.0,16
492321.0,8
492331.0,149
492492.0,28
492524.0,8
492535.0,10
492537.0,8
492548.0,14
492562.0,12
492578.0,5
492584.0,4
492590.0,12
492600.0,46
492648.0,11
492659.0,2
492666.0,17
492690.0,9
492702.0,15
492727.0,21
492743.0,19
492819.0,16
492876.0,6
492883.0,9
492892.0,17
492915.0,92
493035.0,17
493052.0,6
493073.0,3
493192.0,2
493203.0,5
493208.0,9
493217.0,9
493403.0,3
493441.0,5
493478.0,4
493495.0,2
493553.0,4
493561.0,7
493866.0,3
493881.0,12
493964.0,11
494326.0,9
494340.0,8
494351.0,4
494374.0,4
494378.0,4
494395.0,6
494401.0,3
494427.0,5
494445.0,5
494468.0,7
494471.0,8
494490.0,10
494501.0,4
494593.0,3
494670.0,16
494693.0,3
494701.0,3
494710.0,6
494719.0,6
494829.0,3
494833.0,6
494847.0,5
494896.0,2
494919.0,4
494936.0,2
494978.0,5
494983.0,8
495002.0,2
495009.0,24
495040.0,3
495084.0,7
495123.0,4
495138.0,4
495154.0,9
495168.0,5
495187.0,5
495196.0,4
495226.0,3
495228.0,3
495232.0,10
495243.0,10
495254.0,2
495256.0,7
495273.0,9
495282.0,19
495313.0,12
495328.0,27
495350.0,17
495374.0,11
495385.0,6
495400.0,19
495511.0,6
495528.0,8
495542.0,6
495546.0,11
495656.0,3
495770.0,4
495833.0,6
495848.0,6
495853.0,4
495857.0,7
495908.0,9
495957.0,13
495963.0,7
495970.0,3
495974.0,9
495995.0,5
496248.0,13
496271.0,3
496274.0,53
496357.0,3
496372.0,13
496388.0,4
496463.0,4
496615.0,22
496661.0,3
496664.0,5
496686.0,4
496698.0,5
496884.0,3
497671.0,3
497674.0,3
498192.0,6
498897.0,6
499084.0,10
499212.0,6
499299.0,4
499372.0,2
499924.0,5
500042.0,33
500314.0,233
500616.0,73
500689.0,12
500701.0,23
500724.0,26
500751.0,10
500777.0,28
500804.0,8
500812.0,5
500818.0,9
500828.0,49
500876.0,20
500907.0,12
500919.0,35
500954.0,9
500967.0,3
500972.0,10
500981.0,14
500993.0,11
501004.0,8
501013.0,38
501050.0,6
501058.0,15
501094.0,3
501096.0,4
501102.0,12
501112.0,27
501142.0,63
501202.0,3
501205.0,17
501222.0,5
501227.0,4
501231.0,19
501250.0,8
501259.0,7
501266.0,6
501273.0,16
501287.0,21
501308.0,2
501311.0,5
501316.0,6
501321.0,3
501327.0,49
501374.0,20
501395.0,19
501412.0,5
501417.0,11
501429.0,6
501437.0,5
501440.0,26
501465.0,9
501474.0,11
501486.0,26
501511.0,19
501533.0,5
501540.0,28
501566.0,3
501569.0,17
501596.0,3
501599.0,40
501640.0,10
501652.0,9
501658.0,2
501660.0,7
501669.0,11
501679.0,50
501728.0,38
501766.0,18
501788.0,22
501807.0,4
501810.0,5
501815.0,24
501842.0,9
501850.0,13
501865.0,9
501874.0,3
501877.0,4
501881.0,8
501889.0,3
501894.0,40
501994.0,182
502177.0,9
502211.0,17
502333.0,41
502389.0,282
502714.0,19
502739.0,23
502764.0,13
502786.0,3
502789.0,85
502874.0,56
502962.0,50
502983.0,45
503049.0,92
503218.0,1293
504512.0,338
504849.0,390
505316.0,1042
506281.0,158
506439.0,101
506541.0,811
507353.0,72
507423.0,5
507548.0,128
507573.0,10
507590.0,450
508032.0,46
508078.0,8
508086.0,3
508191.0,135
508233.0,360
508590.0,33
508621.0,144
508762.0,3
508764.0,4
508790.0,3
508799.0,9
508808.0,6
508815.0,6
508820.0,5
508832.0,2
508840.0,25
508864.0,12
508881.0,27
508915.0,9
508923.0,3
508928.0,17
508944.0,11
508954.0,23
508977.0,3
509003.0,6
509017.0,5
509023.0,4
509042.0,3
509052.0,2
509070.0,17
509112.0,7
509119.0,4
509128.0,10
509175.0,16
509210.0,7
509228.0,4
509237.0,12
509246.0,5
509254.0,14
509268.0,7
509276.0,7
509283.0,13
509322.0,6
509353.0,4
509407.0,5
509425.0,4
509453.0,15
509458.0,12
509474.0,10
509483.0,51
509542.0,14
509560.0,27
509590.0,10
509595.0,6
509601.0,9
509612.0,5
509617.0,9
509626.0,4
509630.0,2
509632.0,3
509636.0,65
509702.0,93
509820.0,24
509845.0,4
509852.0,2
509868.0,15
510138.0,10
510199.0,29
510224.0,39
510263.0,6
510269.0,3
510307.0,6
510313.0,10
510324.0,22
510346.0,8
510392.0,7
510517.0,10
510528.0,4
510571.0,6
510619.0,46
510791.0,5
510809.0,10
510821.0,6
510901.0,3
510972.0,5
510995.0,6
511027.0,3
511076.0,5
511110.0,3
511157.0,14
511189.0,5
511197.0,10
511203.0,5
511239.0,3
511254.0,3
511272.0,3
511288.0,11
511405.0,4
511409.0,3
511457.0,2
511461.0,6
511515.0,3
511648.0,20
511729.0,4
511925.0,9
512005.0,3
512128.0,8
512140.0,7
512301.0,2
512310.0,5
512328.0,11
512376.0,4
512443.0,16
512457.0,2
512465.0,11
512483.0,4
512522.0,4
512608.0,10
512623.0,14
512636.0,22
512656.0,8
512665.0,8
512723.0,16
512794.0,6
512813.0,4
512884.0,7
512888.0,7
512899.0,6
512905.0,2
512958.0,3
512985.0,6
513006.0,6
513008.0,8
513070.0,12
513160.0,37
513325.0,3
513348.0,17
513365.0,4
513848.0,5
513968.0,6
514023.0,5
514255.0,5
514317.0,6
514470.0,8
514739.0,6
514751.0,6
514772.0,8
514818.0,8
514833.0,14
514880.0,6
514897.0,18
514916.0,7
514922.0,10
514939.0,10
514946.0,14
515000.0,4
515008.0,12
515022.0,7
515034.0,5
515062.0,3
515079.0,16
515126.0,23
515149.0,4
515244.0,14
515269.0,34
515353.0,51
515422.0,9
515431.0,7
515449.0,2
515490.0,2
516460.0,9
516653.0,5
517121.0,9
517131.0,3
517141.0,4
517178.0,2
517216.0,15
517252.0,2
517270.0,24
517284.0,6
517295.0,11
517307.0,12
517324.0,20
517346.0,12
517365.0,10
517403.0,7
517418.0,7
517426.0,4
517434.0,2
517467.0,30
517481.0,8
517510.0,13
517533.0,10
517542.0,6
517611.0,17
517675.0,7
517693.0,8
518392.0,13
518461.0,16
518556.0,5
518572.0,5
518579.0,4
518584.0,2
518589.0,6
518596.0,7
518613.0,6
518625.0,11
518671.0,13
518678.0,9
518742.0,5
518980.0,11
519012.0,93
519118.0,45
519169.0,5
519215.0,32
519293.0,11
519408.0,6
519419.0,41
519497.0,35
519527.0,5
519548.0,12
519584.0,76
519648.0,32
519697.0,12
519711.0,26
519734.0,39
519775.0,51
519843.0,21
519863.0,13
519876.0,225
520127.0,13
520159.0,31
520183.0,120
520295.0,94
520388.0,35
520423.0,29
520452.0,37
520489.0,10
520546.0,4
520549.0,28
520577.0,2
520587.0,5
520594.0,16
520608.0,7
520618.0,31
520647.0,13
520659.0,7
520666.0,2
520668.0,8
520676.0,10
520686.0,11
520698.0,7
520704.0,7
520711.0,14
520738.0,2
520740.0,14
520761.0,2
520765.0,3
520776.0,4
520789.0,12
520798.0,2
520800.0,2
520819.0,8
520850.0,7
520856.0,22
520881.0,3
520886.0,8
520892.0,10
520902.0,4
520907.0,7
520913.0,7
520920.0,3
520923.0,6
520950.0,4
521001.0,8
521003.0,4
521008.0,5
521017.0,2
521026.0,5
521037.0,6
521042.0,3
521057.0,2
521062.0,7
521082.0,2
521088.0,3
521092.0,3
521095.0,7
521109.0,3
521116.0,9
521120.0,4
521134.0,8
521164.0,6
521168.0,5
521448.0,40
521520.0,2
521534.0,14
521654.0,14
521666.0,31
521731.0,35
521769.0,3
521774.0,13
521942.0,9
521970.0,34
522035.0,29
522047.0,30
522074.0,2
522076.0,16
522092.0,3
522098.0,13
522181.0,21
522223.0,19
522250.0,2
522253.0,2
522279.0,15
522286.0,16
522327.0,4
522333.0,5
523829.0,17
524214.0,6
524285.0,4
524375.0,3
524523.0,12
524871.0,11
524886.0,12
524916.0,5
525196.0,2
525281.0,5
525342.0,10
525412.0,6
525482.0,15
525495.0,3
525591.0,9
525599.0,4
525603.0,9
525628.0,5
525793.0,17
525816.0,12
525832.0,4
525836.0,3
525844.0,8
525850.0,4
525857.0,5
525868.0,7
525876.0,2
525881.0,5
525893.0,8
525906.0,9
525917.0,11
525961.0,10
526045.0,13
526061.0,11
526076.0,12
526082.0,7
526089.0,3
526093.0,78
526173.0,7
526182.0,15
526195.0,5
526200.0,30
526243.0,13
526251.0,17
526286.0,3
526381.0,4
526468.0,8
526526.0,6
526542.0,6
526548.0,6
526625.0,3
526631.0,9
526648.0,3
526761.0,4
526808.0,8
527049.0,3
527054.0,8
527108.0,3
527113.0,9
527124.0,8
527148.0,2
527170.0,2
527172.0,6
527178.0,5
527189.0,4
527201.0,14
527224.0,5
527247.0,6
527270.0,3
527273.0,2
527285.0,7
527314.0,5
527323.0,3
527337.0,4
527357.0,3
527413.0,2
527425.0,14
527453.0,5
527459.0,6
527479.0,3
527488.0,9
527517.0,8
527532.0,10
527566.0,9
527605.0,18
527631.0,6
527644.0,14
527658.0,10
527672.0,8
527756.0,9
527774.0,13
527795.0,8
527818.0,3
527827.0,8
527848.0,5
527852.0,7
527864.0,5
527869.0,7
527881.0,6
527888.0,8
527904.0,8
527911.0,5
527928.0,2
527951.0,6
527969.0,2
527996.0,3
528017.0,4
528025.0,4
528029.0,6
528036.0,3
528038.0,5
528043.0,4
528113.0,4
528117.0,2
528490.0,23
528605.0,21
528648.0,4
528659.0,8
528675.0,5
528691.0,6
528695.0,41
528739.0,3
528741.0,3
528744.0,7
528978.0,5
529005.0,6
529111.0,4
529115.0,22
529169.0,12
529176.0,6
529192.0,5
529214.0,3
529238.0,9
529244.0,12
529258.0,5
529261.0,15
529651.0,32
529695.0,11
529703.0,2
529714.0,8
529721.0,5
529727.0,14
529743.0,11
529750.0,12
529763.0,10
529773.0,9
529785.0,13
529797.0,8
529809.0,9
529817.0,5
529820.0,2
529827.0,5
529857.0,2
529860.0,6
529923.0,3
529928.0,6
529933.0,9
529940.0,5
529970.0,5
530003.0,15
530031.0,8
530061.0,2
530076.0,4
530102.0,3
530112.0,44
530151.0,9
530158.0,10
530168.0,86
530258.0,34
530289.0,57
530345.0,17
530365.0,64
530465.0,144
530575.0,60
530634.0,13
530647.0,17
530669.0,64
530729.0,6
530755.0,9
530795.0,34
530810.0,27
530838.0,15
530851.0,6
530859.0,7
530864.0,7
530871.0,18
530921.0,13
530933.0,6
530943.0,24
530984.0,21
531004.0,6
531018.0,31
531126.0,31
531157.0,12
531172.0,7
531186.0,34
531214.0,48
531263.0,21
531401.0,61
531462.0,171
531722.0,196
531937.0,124
532061.0,77
532277.0,13
532343.0,83
532433.0,35
532463.0,29
532492.0,4
532496.0,3
532499.0,16
532656.0,10
532664.0,12
532723.0,47
532735.0,16
532789.0,38
532819.0,55
532903.0,5
532913.0,17
532922.0,26
532948.0,4
532957.0,16
532974.0,7
532985.0,7
532989.0,13
533072.0,16
533092.0,15
533185.0,30
533219.0,4
533228.0,20
533299.0,19
533321.0,4
533419.0,18
533455.0,8
533463.0,5
533495.0,34
533511.0,7
533526.0,2
533533.0,5
533598.0,19
533629.0,9
533680.0,14
533685.0,12
533721.0,4
533753.0,15
533761.0,24
533792.0,15
533806.0,15
533815.0,7
533822.0,8
533912.0,4
533957.0,12
534022.0,5
534025.0,3
534037.0,12
534084.0,14
534110.0,6
534136.0,6
534151.0,20
534167.0,31
534201.0,22
534257.0,10
534268.0,21
534310.0,18
534336.0,7
534350.0,37
534424.0,2
534426.0,4
534435.0,9
534447.0,9
534503.0,2
534523.0,14
534534.0,8
534542.0,9
534551.0,19
534583.0,4
534607.0,58
534661.0,8
534677.0,13
534690.0,8
534724.0,17
534753.0,12
534755.0,6
534768.0,4
534782.0,17
534813.0,6
534833.0,30
534860.0,2
534862.0,5
534867.0,4
534871.0,4
534876.0,9
534884.0,6
534890.0,2
534951.0,10
534961.0,4
534965.0,3
534976.0,5
534983.0,12
535042.0,11
535054.0,2
535057.0,5
535130.0,10
535177.0,10
535189.0,5
535209.0,7
535216.0,4
535224.0,6
535247.0,9
535250.0,7
535361.0,11
535373.0,5
535378.0,17
535394.0,6
535415.0,3
535436.0,10
535453.0,15
535469.0,2
535493.0,9
535497.0,3
535500.0,3
535506.0,13
535532.0,10
535554.0,34
535599.0,5
535834.0,10
536154.0,27
536181.0,6
536247.0,3
536329.0,8
536369.0,5
536395.0,18
536484.0,22
536543.0,17
536571.0,4
536586.0,6
536596.0,9
536610.0,13
536622.0,11
536674.0,17
536753.0,7
536808.0,14
536821.0,9
536843.0,4
536848.0,10
536863.0,8
536873.0,4
536884.0,5
536892.0,20
536917.0,4
536942.0,7
536948.0,10
536960.0,7
536969.0,5
536982.0,12
537005.0,3
537008.0,4
537025.0,9
537033.0,2
537062.0,5
537066.0,6
537086.0,12
537254.0,3
537338.0,4
537832.0,11
537859.0,8
537960.0,4
537964.0,7
538163.0,13
538177.0,13
538197.0,9
538258.0,9
538272.0,24
538293.0,6
538522.0,13
538605.0,10
539164.0,2
539178.0,2
539183.0,4
539188.0,7
539195.0,7
539206.0,4
539210.0,3
539213.0,4
539217.0,5
539234.0,3
539238.0,5
539244.0,4
539247.0,8
539255.0,4
539259.0,3
539275.0,3
539279.0,5
539284.0,4
539297.0,2
539300.0,3
539305.0,6
539308.0,2
539311.0,11
539334.0,12
539341.0,2
539343.0,7
539357.0,3
539373.0,9
539398.0,3
539424.0,14
539435.0,6
539456.0,7
539467.0,5
539508.0,5
539514.0,2
539520.0,5
539528.0,3
539533.0,2
539535.0,11
539575.0,10
539578.0,6
539595.0,4
539612.0,11
539621.0,4
539626.0,6
539633.0,2
539638.0,5
539640.0,6
539648.0,2
539650.0,4
539656.0,5
539689.0,8
539708.0,8
539716.0,4
539720.0,5
539750.0,5
539763.0,2
539778.0,5
539928.0,2
539950.0,3
539968.0,2
540065.0,3
540087.0,6
540236.0,2
540321.0,6
540417.0,2
540419.0,2
540444.0,3
540461.0,4
540515.0,4
540519.0,5
540530.0,3
540534.0,2
540549.0,6
540576.0,2
540582.0,6
540614.0,3
540625.0,5
540698.0,3
540741.0,5
540761.0,4
540770.0,7
540777.0,2
540802.0,3
540836.0,2
540841.0,2
540870.0,5
540922.0,7
540939.0,4
540945.0,5
540977.0,3
541034.0,2
541058.0,5
541084.0,2
541094.0,6
541106.0,5
541119.0,3
541122.0,2
541139.0,4
541155.0,3
541164.0,2
541232.0,5
541288.0,2
541304.0,2
541310.0,2
541454.0,5
541475.0,3
541491.0,2
541499.0,4
541521.0,4
541526.0,4
541537.0,4
541579.0,4
541607.0,5
541631.0,3
541656.0,3
541665.0,5
541671.0,4
541728.0,3
541739.0,3
541744.0,6
541757.0,5
541810.0,7
541814.0,2
541824.0,4
541834.0,2
541862.0,2
541872.0,3
541876.0,3
541878.0,2
541904.0,5
541916.0,2
541941.0,2
541943.0,4
541949.0,2
541968.0,3
541982.0,8
542008.0,7
542021.0,2
542023.0,3
542026.0,2
542028.0,3
542035.0,3
542046.0,7
542055.0,4
542075.0,5
542081.0,6
542093.0,3
542119.0,4
542123.0,4
542142.0,2
542153.0,5
542167.0,4
542192.0,4
542217.0,5
542225.0,8
542252.0,4
542255.0,3
542290.0,3
542308.0,3
542314.0,7
542324.0,4
542332.0,11
542355.0,3
542360.0,2
542371.0,4
542412.0,4
542451.0,3
542460.0,5
542465.0,2
542503.0,7
542526.0,7
542538.0,2
542541.0,6
542568.0,3
542575.0,2
542583.0,3
542601.0,2
542603.0,3
542616.0,4
542649.0,4
542653.0,6
542666.0,4
542669.0,2
542672.0,5
542678.0,5
542684.0,7
542691.0,3
542698.0,3
542735.0,7
542742.0,2
542758.0,9
542776.0,5
542789.0,8
542804.0,2
542806.0,2
542812.0,3
542818.0,3
542829.0,12
542850.0,6
542865.0,3
542883.0,9
542920.0,4
542925.0,3
542942.0,4
542948.0,3
542951.0,4
542955.0,2
542978.0,11
542989.0,6
542997.0,5
543008.0,4
543035.0,4
543074.0,3
543085.0,2
543129.0,6
543149.0,5
543154.0,7
543177.0,7
543209.0,5
543214.0,3
543228.0,4
543233.0,4
543237.0,3
543247.0,3
543258.0,8
543267.0,2
543269.0,5
543280.0,8
543292.0,4
543317.0,5
543326.0,5
543342.0,2
543346.0,4
543353.0,10
543500.0,3
543502.0,2
543508.0,5
543514.0,10
543527.0,3
543547.0,4
543561.0,4
543595.0,2
543625.0,8
543641.0,4
543655.0,4
543658.0,6
543666.0,6
543672.0,5
543700.0,2
543703.0,4
543709.0,7
543720.0,2
543734.0,3
543738.0,4
543744.0,4
543762.0,5
543801.0,4
543829.0,3
543835.0,3
543839.0,2
543873.0,2
543887.0,3
543892.0,6
543921.0,3
543924.0,12
543950.0,7
543980.0,6
543986.0,2
544001.0,3
544013.0,6
544041.0,2
544043.0,3
544086.0,4
544120.0,5
544132.0,2
544136.0,5
544152.0,3
544161.0,3
544168.0,7
544185.0,4
544202.0,4
544210.0,3
544217.0,4
544222.0,4
544233.0,2
544239.0,5
544246.0,12
544254.0,3
544257.0,2
544265.0,5
544290.0,2
544304.0,4
544314.0,13
544326.0,2
544343.0,3
544361.0,2
544376.0,3
544380.0,5
544388.0,3
544391.0,3
544417.0,9
544429.0,3
544434.0,2
544462.0,4
544475.0,8
544503.0,3
544511.0,4
544547.0,5
544551.0,11
544560.0,4
544565.0,4
544574.0,6
544581.0,3
544608.0,3
544617.0,6
544627.0,5
544636.0,3
544650.0,5
544658.0,5
544662.0,5
544665.0,3
544673.0,4
544694.0,5
544706.0,6
544712.0,5
544722.0,8
544751.0,8
544759.0,3
544762.0,13
544781.0,4
544829.0,8
544846.0,4
544865.0,7
544888.0,10
544915.0,4
544919.0,2
544921.0,3
544924.0,2
544936.0,3
544951.0,3
544958.0,3
544977.0,5
544983.0,7
545007.0,7
545016.0,3
545019.0,3
545022.0,2
545024.0,3
545039.0,7
545058.0,5
545062.0,4
545095.0,7
545103.0,3
545122.0,3
545128.0,3
545149.0,3
545151.0,3
545156.0,6
545162.0,3
545168.0,6
545174.0,3
545185.0,4
545189.0,2
545191.0,5
545196.0,14
545210.0,7
545219.0,3
545227.0,9
545237.0,3
545239.0,2
545243.0,4
545247.0,7
545254.0,3
545257.0,3
545260.0,3
545263.0,5
545271.0,5
545276.0,9
545285.0,5
545301.0,2
545315.0,16
545333.0,3
545336.0,3
545345.0,3
545348.0,4
545352.0,7
545367.0,2
545370.0,7
545377.0,4
545393.0,2
545396.0,6
545401.0,6
545407.0,3
545416.0,8
545428.0,4
545437.0,3
545450.0,4
545454.0,3
545476.0,5
545493.0,2
545495.0,4
545595.0,16
545611.0,8
545618.0,13
545719.0,10
545730.0,11
545957.0,3
545968.0,18
545987.0,15
546003.0,2
546005.0,35
546048.0,37
546085.0,20
546105.0,5
546110.0,23
546137.0,17
546151.0,16
546196.0,55
546240.0,3
546248.0,6
546315.0,4
546336.0,10
546382.0,3
546385.0,8
546393.0,2
546395.0,12
546458.0,4
546492.0,13
546503.0,3
546505.0,3
546517.0,14
546533.0,3
546536.0,6
546542.0,9
546556.0,2
546560.0,3
546566.0,13
546580.0,3
546582.0,2
546584.0,22
546608.0,6
546621.0,9
546630.0,3
546633.0,5
546694.0,127
546924.0,22
546953.0,6
546987.0,25
547015.0,12
547024.0,15
547045.0,11
547054.0,58
547113.0,54
547166.0,5
547172.0,13
547202.0,36
547238.0,28
547266.0,7
547275.0,31
547304.0,22
547327.0,8
547334.0,2
547336.0,15
547351.0,4
547358.0,9
547364.0,2
547379.0,9
547432.0,12
547461.0,14
547474.0,26
547500.0,26
547526.0,2
547528.0,12
547541.0,11
547551.0,9
547560.0,9
547614.0,36
547650.0,6
547659.0,32
547690.0,10
547698.0,23
547788.0,5
547794.0,3
547798.0,7
547804.0,5
547809.0,17
547896.0,17
547913.0,10
547924.0,38
547961.0,40
548001.0,39
548047.0,10
548058.0,32
548089.0,11
548166.0,27
548193.0,2
548197.0,14
548210.0,4
548215.0,57
548272.0,6
548278.0,14
548291.0,34
548324.0,8
548332.0,13
548345.0,2
548347.0,2
548367.0,6
548376.0,23
548397.0,19
548433.0,28
548462.0,9
548470.0,7
548477.0,13
548490.0,47
548537.0,33
548573.0,8
548586.0,22
548616.0,2
548619.0,30
548648.0,19
548668.0,8
548675.0,7
548682.0,3
548688.0,9
548698.0,8
548702.0,52
548755.0,4
548758.0,3
548761.0,29
548793.0,9
548800.0,12
548813.0,8
548820.0,22
548841.0,6
548847.0,2
548849.0,3
548857.0,19
548874.0,13
548887.0,17
548907.0,27
548931.0,21
548964.0,16
548969.0,36
549017.0,22
549052.0,18
549072.0,22
549101.0,10
549134.0,16
549148.0,3
549155.0,7
549161.0,21
549184.0,7
549189.0,7
549198.0,4
549202.0,2
549211.0,4
549237.0,48
549279.0,20
549299.0,17
549314.0,12
549350.0,17
549398.0,3
549400.0,7
549434.0,11
549442.0,4
549447.0,11
549457.0,14
549473.0,16
549486.0,2
549489.0,17
549508.0,8
549513.0,15
549539.0,7
549546.0,12
549562.0,19
549583.0,3
549605.0,7
549614.0,8
549641.0,5
549646.0,9
549668.0,8
549760.0,6
549766.0,18
549805.0,3
549837.0,18
549840.0,9
549849.0,8
549874.0,5
549888.0,14
549906.0,2
549919.0,4
549928.0,6
549942.0,3
549953.0,8
549960.0,2
549976.0,15
549991.0,12
550005.0,14
550019.0,2
550026.0,7
550044.0,6
550051.0,4
550070.0,3
550080.0,2
550091.0,6
550101.0,11
550108.0,2
550147.0,6
550158.0,4
550169.0,12
550183.0,2
550185.0,2
550187.0,3
550191.0,21
550214.0,4
550239.0,5
550266.0,24
550285.0,2
550288.0,4
550298.0,6
550314.0,9
550324.0,6
550351.0,6
550369.0,2
550378.0,8
550422.0,9
550437.0,9
550446.0,10
550460.0,9
550469.0,6
550490.0,5
550530.0,7
550567.0,4
550606.0,17
550618.0,2
550624.0,7
550637.0,16
550665.0,6
550679.0,8
550708.0,8
550724.0,6
550758.0,6
550766.0,5
550805.0,2
550812.0,4
550814.0,7
550822.0,7
550828.0,5
550833.0,11
550851.0,11
550870.0,4
550890.0,7
550911.0,5
550937.0,12
550953.0,18
550971.0,4
550994.0,9
551001.0,12
551046.0,51
551174.0,4
551179.0,2
551181.0,4
551187.0,7
551197.0,6
551222.0,22
551259.0,6
551265.0,7
551284.0,30
551322.0,51
551401.0,3
551465.0,13
551478.0,6
551483.0,3
551486.0,14
551543.0,7
551557.0,3
551607.0,2
551639.0,7
551651.0,13
551666.0,3
551815.0,4
551882.0,3
551902.0,48
551958.0,12
551978.0,9
551986.0,6
552008.0,3
552013.0,5
552028.0,14
552045.0,8
552053.0,9
552099.0,2
552105.0,19
552125.0,4
552134.0,9
552144.0,10
552178.0,8
552220.0,21
552249.0,11
552285.0,2
552294.0,11
552310.0,11
552326.0,5
552333.0,5
552385.0,4
552389.0,6
552398.0,7
552410.0,5
552415.0,2
552434.0,10
552446.0,4
552461.0,9
552470.0,13
552481.0,8
552516.0,12
552528.0,2
552541.0,4
552557.0,2
552626.0,5
552683.0,5
552726.0,5
552767.0,14
552789.0,4
552806.0,3
552811.0,2
552829.0,61
552901.0,2
552916.0,7
552929.0,6
552933.0,9
552942.0,4
552945.0,20
552985.0,2
553026.0,22
553049.0,9
553067.0,7
553073.0,2
553102.0,5
553143.0,3
553146.0,3
553166.0,6
553193.0,18
553217.0,4
553223.0,11
553234.0,8
553247.0,9
553275.0,15
553290.0,10
553308.0,5
553325.0,8
553339.0,8
553345.0,16
553366.0,8
553374.0,2
553378.0,6
553409.0,3
553430.0,7
553443.0,4
553446.0,3
553452.0,7
553508.0,7
553515.0,21
553568.0,24
553596.0,17
553613.0,8
553641.0,13
553653.0,6
553660.0,3
553662.0,4
553666.0,9
553679.0,2
553681.0,2
553683.0,2
553690.0,12
553723.0,10
553736.0,7
553752.0,8
553820.0,9
553832.0,9
553873.0,5
553896.0,10
553923.0,7
553933.0,2
553946.0,4
553952.0,2
553954.0,6
553965.0,3
553975.0,5
553992.0,5
554054.0,6
554077.0,5
554086.0,14
554100.0,5
554107.0,4
554142.0,11
554153.0,4
554160.0,5
554208.0,4
554217.0,2
554283.0,2
554285.0,5
554292.0,8
554348.0,11
554452.0,5
554456.0,4
554476.0,7
554486.0,6
554510.0,13
554528.0,2
554546.0,16
554561.0,45
554606.0,26
554632.0,7
554639.0,18
554657.0,11
554669.0,34
554704.0,5
554718.0,40
554757.0,14
554770.0,7
554777.0,34
554813.0,40
554856.0,79
554932.0,33
554984.0,61
555046.0,11
555059.0,9
555074.0,26
555100.0,15
555118.0,2
555120.0,7
555181.0,26
555208.0,11
555218.0,14
555233.0,25
555261.0,30
555287.0,3
555318.0,8
555323.0,45
555373.0,22
555390.0,5
555395.0,32
555428.0,6
555433.0,11
555454.0,10
555458.0,86
555544.0,73
555617.0,29
555645.0,57
555702.0,52
555754.0,11
555765.0,33
555804.0,56
555860.0,2
555865.0,12
555874.0,7
555882.0,119
556000.0,12
556012.0,19
556031.0,2
556034.0,52
556093.0,31
556124.0,39
556184.0,27
556208.0,63
556272.0,16
556292.0,24
556334.0,73
556408.0,2
556413.0,9
556419.0,106
556526.0,58
556583.0,19
556602.0,2
556606.0,6
556612.0,33
556643.0,12
556657.0,61
556716.0,37
556756.0,12
556788.0,2
556793.0,40
556903.0,74
556980.0,60
557066.0,16
557082.0,36
557124.0,36
557154.0,3
557157.0,22
557212.0,38
557295.0,26
557328.0,32
557372.0,2
557382.0,2
557384.0,5
557394.0,97
557493.0,15
557508.0,56
557563.0,18
557580.0,2
557644.0,27
557671.0,4
557680.0,28
557708.0,8
557717.0,3
557719.0,48
557782.0,38
557806.0,12
557819.0,28
557869.0,98
557991.0,33
558000.0,102
558115.0,183
558392.0,13
558405.0,13
558723.0,29
558755.0,5
558757.0,2
558764.0,4
558882.0,32
558930.0,44
558978.0,9
558987.0,8
558998.0,175
559188.0,107
559371.0,154
559616.0,74
559628.0,21
559645.0,2
559647.0,8
559693.0,84
559778.0,12
559823.0,6
559829.0,4
559831.0,82
559972.0,95
560093.0,48
560123.0,48
560269.0,8
560297.0,33
560309.0,29
560634.0,398
560803.0,67
560835.0,146
560997.0,19
561015.0,2
561019.0,65
561089.0,2
561091.0,23
561114.0,76
561204.0,44
561247.0,4
561251.0,3
561254.0,222
561485.0,215
561695.0,3
562141.0,348
562374.0,22
562406.0,91
562496.0,63
562570.0,31
562649.0,24
562717.0,254
562998.0,345
563475.0,70
563490.0,13
563504.0,29
564063.0,7
564118.0,28
564156.0,31
564191.0,28
564243.0,16
564267.0,33
564304.0,9
564313.0,81
564394.0,5
564399.0,17
564417.0,43
564460.0,3
564462.0,5
564472.0,11
564478.0,16
564504.0,99
564614.0,13
564623.0,8
564866.0,4
564945.0,8
564956.0,6
564964.0,10
564971.0,9
564980.0,6
565037.0,247
565261.0,52
565313.0,18
565330.0,105
565433.0,3
565436.0,55
565491.0,11
565502.0,113
565715.0,22
565748.0,4
565755.0,14
565765.0,11
565801.0,24
565851.0,36
565859.0,3
565864.0,22
565886.0,46
565938.0,40
565978.0,26
566056.0,55
566091.0,4
566116.0,10
566140.0,19
566159.0,4
566164.0,26
566201.0,20
566212.0,7
566285.0,11
566301.0,4
566305.0,4
566311.0,12
566322.0,45
566372.0,15
566388.0,6
566392.0,2
566394.0,29
566429.0,5
566434.0,13
566445.0,6
566455.0,34
566489.0,3
566497.0,18
566510.0,14
566524.0,12
566537.0,68
566606.0,70
566675.0,13
566700.0,17
566717.0,34
566751.0,5
566756.0,24
566780.0,3
566783.0,23
566808.0,3
566816.0,19
566843.0,4
566925.0,82
567004.0,15
567021.0,7
567028.0,94
567125.0,3
567148.0,17
567165.0,27
567196.0,16
567209.0,4
567213.0,23
567474.0,128
567666.0,65
567731.0,65
567796.0,317
568564.0,233
568801.0,4
568806.0,20
568826.0,9
568836.0,5
568840.0,18
568858.0,20
568879.0,3
568881.0,4
568888.0,13
568898.0,11
568918.0,3
568921.0,2
568923.0,4
568929.0,8
568948.0,2
568952.0,23
568973.0,6
568979.0,2
568981.0,20
569011.0,7
569018.0,3
569037.0,7
569043.0,4
569046.0,16
569062.0,19
569082.0,3
569086.0,4
569113.0,2
569118.0,3
569182.0,2
569210.0,3
569302.0,38
569339.0,15
569357.0,12
569396.0,4
569400.0,2
569402.0,4
569406.0,6
569412.0,2
569414.0,12
569426.0,6
569436.0,9
569485.0,7
569563.0,3
569585.0,2
569601.0,2
569603.0,2
569716.0,19
569735.0,31
569766.0,4
569771.0,10
569806.0,8
569820.0,5
569943.0,4
569972.0,4
569991.0,4
569995.0,6
570011.0,2
570028.0,5
570041.0,7
570050.0,6
570175.0,3
570219.0,2
570221.0,20
570241.0,6
570247.0,3
570250.0,9
570259.0,3
570263.0,26
570304.0,17
570321.0,14
570335.0,13
570350.0,13
570366.0,15
570394.0,4
570423.0,8
570436.0,3
570438.0,2
570442.0,2
570444.0,5
570485.0,14
570496.0,3
570500.0,7
570514.0,5
570526.0,3
570530.0,7
570538.0,8
570548.0,14
570562.0,9
570572.0,8
570579.0,2
570581.0,7
570592.0,4
570605.0,11
570618.0,18
570639.0,16
570656.0,3
570669.0,8
570676.0,5
570684.0,13
570698.0,9
570706.0,4
570712.0,8
570719.0,9
570745.0,12
570754.0,5
570771.0,12
570789.0,12
570836.0,12
570845.0,20
570886.0,6
570897.0,15
570926.0,21
570949.0,6
570958.0,14
570977.0,17
570994.0,5
570998.0,8
571009.0,19
571026.0,3
571044.0,18
571073.0,4
571081.0,2
571083.0,3
571086.0,7
571114.0,3
571123.0,18
571141.0,2
571151.0,11
571171.0,8
571190.0,8
571195.0,8
571203.0,6
571217.0,11
571226.0,3
571230.0,13
571258.0,5
571263.0,5
571268.0,6
571272.0,7
571285.0,10
571294.0,9
571304.0,6
571313.0,18
571330.0,4
571332.0,4
571343.0,4
571347.0,5
571368.0,3
571372.0,4
571375.0,6
571381.0,2
571388.0,17
571414.0,7
571430.0,5
571442.0,2
571444.0,3
571454.0,2
571496.0,4
571502.0,10
571520.0,6
571535.0,8
571546.0,9
571563.0,4
571566.0,9
571575.0,12
571588.0,3
571593.0,4
571599.0,5
571605.0,4
571608.0,10
571618.0,3
571621.0,5
571626.0,7
571643.0,6
571654.0,8
571669.0,5
571673.0,2
571675.0,2
571677.0,6
571706.0,3
571709.0,2
571712.0,11
571722.0,3
571725.0,7
571740.0,10
571763.0,5
571768.0,4
571775.0,4
571789.0,2
571807.0,6
571821.0,13
571839.0,5
571848.0,4
571857.0,2
571873.0,3
571892.0,21
571906.0,8
571913.0,3
571922.0,20
571942.0,4
571947.0,7
571961.0,4
571967.0,6
571982.0,10
571991.0,4
572002.0,8
572009.0,6
572021.0,6
572039.0,5
572044.0,4
572087.0,6
572111.0,3
572115.0,11
572126.0,6
572153.0,6
572160.0,5
572164.0,2
572167.0,14
572204.0,3
572224.0,7
572238.0,3
572245.0,4
572249.0,4
572264.0,9
572300.0,4
572305.0,11
572317.0,13
572331.0,5
572344.0,5
572349.0,21
572377.0,4
572383.0,20
572405.0,7
572411.0,6
572417.0,4
572422.0,9
572430.0,13
572443.0,2
572450.0,4
572470.0,2
572472.0,3
572480.0,4
572494.0,8
572502.0,4
572507.0,3
572511.0,11
572532.0,23
572560.0,2
572564.0,9
572582.0,2
572586.0,3
572603.0,4
572609.0,2
572616.0,15
572647.0,8
572661.0,9
572695.0,9
572705.0,6
572713.0,9
572720.0,3
572729.0,5
572751.0,6
572755.0,4
572795.0,3
572805.0,9
572811.0,19
572830.0,5
572842.0,4
572845.0,2
572847.0,5
572866.0,2
572872.0,12
572894.0,3
572901.0,8
572908.0,3
572911.0,2
572913.0,9
572925.0,5
572927.0,8
572939.0,4
572950.0,6
572956.0,7
572962.0,5
572972.0,12
572980.0,4
573006.0,2
573032.0,15
573044.0,10
573068.0,6
573075.0,3
573079.0,8
573095.0,7
573123.0,3
573126.0,4
573129.0,3
573134.0,6
573138.0,10
573148.0,3
573151.0,5
573159.0,18
573174.0,4
573178.0,2
573215.0,9
573223.0,5
573239.0,2
573243.0,6
573249.0,8
573278.0,6
573301.0,7
573308.0,3
573314.0,9
573335.0,3
573339.0,6
573345.0,6
573350.0,6
573364.0,4
573366.0,2
573370.0,4
573398.0,3
573404.0,14
573421.0,3
573424.0,7
573457.0,4
573459.0,2
573461.0,2
573463.0,2
573470.0,7
573476.0,6
573495.0,5
573513.0,5
573534.0,14
573545.0,5
573561.0,5
573566.0,7
573574.0,11
573589.0,3
573592.0,4
573599.0,7
573604.0,5
573634.0,3
573637.0,21
573658.0,3
573684.0,9
573698.0,4
573713.0,4
573717.0,2
573723.0,2
573726.0,6
573731.0,7
573746.0,5
573751.0,3
573755.0,8
573764.0,8
573789.0,21
573811.0,5
573815.0,2
573821.0,4
573826.0,4
573832.0,4
573838.0,5
573847.0,4
573853.0,2
573857.0,10
573873.0,3
573878.0,25
573903.0,2
573909.0,9
573957.0,3
573960.0,7
573968.0,3
573970.0,2
573975.0,5
573982.0,3
573986.0,4
573989.0,2
573993.0,3
574021.0,5
574026.0,2
574031.0,13
574054.0,16
574091.0,8
574108.0,8
574111.0,3
574115.0,4
574118.0,3
574122.0,4
574125.0,6
574131.0,10
574141.0,14
574155.0,5
574167.0,4
574207.0,4
574215.0,6
574220.0,4
574258.0,11
574268.0,13
574281.0,9
574290.0,7
574316.0,15
574333.0,9
574345.0,3
574369.0,6
574385.0,4
574409.0,8
574443.0,12
574453.0,7
574460.0,5
574466.0,3
574469.0,8
574477.0,3
574479.0,2
574489.0,6
574495.0,11
574503.0,13
574519.0,6
574524.0,5
574544.0,9
574555.0,12
574579.0,10
574596.0,4
574615.0,3
574628.0,7
574639.0,12
574650.0,6
574654.0,3
574664.0,6
574710.0,5
574714.0,4
574717.0,7
574732.0,2
574735.0,4
574740.0,8
574747.0,4
574752.0,5
574781.0,7
574804.0,9
574814.0,3
574822.0,3
574824.0,7
574841.0,15
574867.0,4
574878.0,6
574905.0,7
574921.0,4
574927.0,5
574932.0,5
574944.0,3
574977.0,16
575004.0,10
575011.0,5
575017.0,2
575027.0,5
575039.0,6
575056.0,7
575063.0,3
575066.0,3
575069.0,3
575072.0,5
575077.0,3
575096.0,5
575114.0,11
575144.0,18
575168.0,2
575170.0,3
575173.0,3
575178.0,6
575188.0,3
575191.0,3
575201.0,3
575204.0,6
575221.0,4
575233.0,4
575244.0,5
575281.0,3
575284.0,3
575286.0,4
575292.0,8
575301.0,4
575317.0,4
575325.0,13
575338.0,18
575356.0,3
575359.0,4
575374.0,3
575384.0,14
575400.0,6
575408.0,7
575416.0,5
575430.0,8
575437.0,15
575455.0,9
575462.0,2
575469.0,4
575477.0,8
575485.0,2
575488.0,5
575504.0,14
575513.0,5
575521.0,5
575536.0,17
575583.0,6
575602.0,2
575608.0,2
575612.0,5
575623.0,4
575641.0,17
575668.0,10
575680.0,4
575688.0,5
575699.0,5
575704.0,3
575714.0,4
575719.0,6
575724.0,6
575732.0,4
575739.0,7
575762.0,13
575775.0,2
575781.0,3
575784.0,7
575819.0,5
575830.0,4
575834.0,2
575844.0,2
575856.0,11
575878.0,10
575888.0,8
575922.0,2
575925.0,4
575928.0,5
575941.0,13
575957.0,5
575984.0,7
575989.0,6
575997.0,7
576002.0,8
576010.0,2
576014.0,6
576018.0,2
576022.0,7
576033.0,9
576043.0,4
576047.0,6
576055.0,5
576062.0,4
576067.0,5
576078.0,5
576083.0,9
576090.0,3
576093.0,3
576096.0,6
576113.0,6
576119.0,5
576125.0,8
576135.0,7
576139.0,3
576143.0,4
576147.0,9
576161.0,12
576168.0,6
576200.0,19
576231.0,4
576235.0,10
576248.0,4
576265.0,5
576272.0,7
576280.0,7
576299.0,3
576307.0,12
576317.0,9
576326.0,4
576331.0,5
576358.0,11
576376.0,3
576378.0,3
576390.0,3
576395.0,2
576409.0,7
576426.0,5
576433.0,5
576436.0,15
576459.0,5
576475.0,4
576479.0,2
576481.0,2
576483.0,4
576527.0,6
576539.0,7
576549.0,5
576556.0,3
576559.0,4
576563.0,2
576584.0,4
576591.0,8
576607.0,14
576625.0,5
576632.0,6
576642.0,3
576650.0,4
576656.0,2
576659.0,8
576679.0,4
576683.0,8
576691.0,3
576697.0,14
576717.0,4
576720.0,5
576728.0,6
576772.0,3
576775.0,3
576778.0,5
576784.0,8
576805.0,7
576822.0,8
576831.0,4
576841.0,4
576852.0,2
576854.0,5
576875.0,2
576882.0,9
576893.0,3
576895.0,3
576899.0,2
576911.0,3
576913.0,3
576942.0,6
576947.0,2
576964.0,6
576980.0,4
576983.0,4
576989.0,13
577006.0,4
577014.0,11
577037.0,8
577047.0,7
577052.0,14
577066.0,11
577088.0,6
577099.0,8
577116.0,10
577129.0,12
577139.0,6
577145.0,3
577158.0,3
577182.0,7
577199.0,3
577212.0,5
577219.0,3
577222.0,3
577242.0,10
577253.0,2
577295.0,8
577301.0,5
577304.0,8
577311.0,3
577314.0,4
577334.0,2
577336.0,4
577340.0,4
577357.0,4
577364.0,5
577381.0,3
577397.0,3
577415.0,3
577418.0,4
577422.0,3
577428.0,2
577431.0,4
577476.0,3
577512.0,5
577518.0,8
577531.0,6
577544.0,11
577574.0,7
577581.0,4
577585.0,2
577593.0,4
577598.0,9
577638.0,7
577650.0,4
577654.0,5
577682.0,8
577690.0,7
577707.0,2
577710.0,3
577714.0,7
577726.0,6
577745.0,6
577758.0,8
577778.0,6
577784.0,2
577789.0,2
577794.0,4
577798.0,13
577815.0,9
577832.0,7
577844.0,4
577850.0,5
577863.0,5
577868.0,8
577876.0,6
577882.0,6
577891.0,5
577893.0,2
577895.0,5
577902.0,6
577912.0,3
577926.0,8
577936.0,5
577939.0,2
577941.0,2
577944.0,7
577962.0,5
577964.0,8
577972.0,3
577997.0,10
578007.0,3
578010.0,2
578012.0,2
578014.0,2
578018.0,4
578021.0,10
578047.0,3
578054.0,3
578069.0,3
578088.0,8
578110.0,9
578127.0,11
578143.0,10
578148.0,3
578159.0,4
578185.0,3
578189.0,7
578195.0,3
578199.0,2
578201.0,10
578213.0,10
578226.0,7
578908.0,11
578918.0,2
578931.0,2
578935.0,68
579013.0,5
579091.0,9
579115.0,70
579185.0,6
579235.0,50
579290.0,21
579310.0,28
579340.0,16
579406.0,8
579460.0,59
579545.0,53
580166.0,8
580196.0,15
580211.0,44
580350.0,6
580365.0,2
580443.0,7
580551.0,22
580662.0,2
580788.0,8
581154.0,11
581443.0,5
581904.0,2
581934.0,10
582052.0,8
582063.0,17
582169.0,6
582944.0,2
582956.0,35
582990.0,34
583026.0,9
583038.0,45
583244.0,2
583386.0,5
583473.0,5
583487.0,2
583601.0,2
583671.0,3
583742.0,4
583925.0,8
583934.0,137
584092.0,4
584100.0,3
584105.0,20
584122.0,5
584130.0,3
584138.0,5
584143.0,16
584160.0,9
584170.0,9
584199.0,2
584214.0,11
584240.0,15
584264.0,30
584293.0,13
584305.0,7
584398.0,12
584409.0,4
584503.0,16
584573.0,20
584593.0,7
584647.0,8
584664.0,9
584676.0,5
584685.0,5
584690.0,8
584723.0,7
584731.0,12
584742.0,6
584748.0,7
584800.0,8
584808.0,4
584876.0,16
584890.0,8
584902.0,21
584978.0,2
584993.0,11
584997.0,3
585058.0,8
585089.0,17
585106.0,7
585113.0,19
585139.0,4
585143.0,4
585157.0,4
585162.0,4
585166.0,5
585255.0,18
585282.0,10
585298.0,4
585301.0,6
585309.0,5
585356.0,5
585383.0,10
585408.0,6
585412.0,5
585443.0,4
585446.0,3
585449.0,12
585522.0,20
585541.0,5
585546.0,12
585647.0,3
585694.0,4
585738.0,10
585767.0,10
585801.0,8
585814.0,6
585891.0,2
585893.0,2
585911.0,11
585964.0,9
585973.0,8
585981.0,8
586255.0,2
586292.0,14
586306.0,3
586310.0,54
586369.0,10
586382.0,12
586437.0,16
586447.0,3
586450.0,16
586465.0,2
586474.0,7
586538.0,6
586563.0,8
586626.0,20
586656.0,7
586663.0,18
586681.0,9
586695.0,30
586771.0,20
586786.0,15
586804.0,28
586834.0,4
586839.0,11
586906.0,5
586915.0,5
586973.0,24
586998.0,42
587048.0,14
587062.0,8
587073.0,23
587092.0,20
587137.0,10
587220.0,12
587236.0,5
587352.0,7
587626.0,12
587640.0,8
587689.0,10
587788.0,2
587831.0,6
588065.0,3
588651.0,4
592475.0,99
592574.0,65
592641.0,51
592694.0,16
592708.0,26
592735.0,113
592847.0,25
592872.0,7
592882.0,6
592887.0,57
592942.0,3
592945.0,6
592951.0,14
592966.0,4
592969.0,24
592993.0,53
593046.0,16
593062.0,9
593073.0,34
593107.0,4
593109.0,22
593131.0,2
593135.0,14
593147.0,7
593185.0,25
593209.0,17
593227.0,10
593239.0,40
593278.0,12
593288.0,30
593319.0,32
593350.0,33
593384.0,3
593387.0,6
593392.0,57
593454.0,16
593465.0,6
593474.0,9
593482.0,13
593495.0,6
593501.0,15
593516.0,4
593520.0,14
593535.0,7
593541.0,11
593552.0,35
593587.0,35
593622.0,3
593628.0,9
593634.0,36
593673.0,17
593687.0,17
593705.0,26
593736.0,15
593745.0,3
593748.0,18
593766.0,12
593778.0,5
593784.0,8
593791.0,22
593813.0,33
593846.0,12
593859.0,3
593861.0,11
593873.0,9
593882.0,18
593900.0,34
593933.0,30
593964.0,13
593976.0,25
594013.0,81
594095.0,6
594100.0,4
594106.0,15
594119.0,3
594122.0,11
594133.0,2
594135.0,4
594142.0,6
594147.0,9
594154.0,7
594162.0,5
594167.0,15
594181.0,10
594192.0,4
594196.0,7
594202.0,5
594207.0,4
594211.0,8
594219.0,8
594227.0,14
594241.0,7
594251.0,16
594264.0,3
594267.0,2
594272.0,6
594275.0,4
594279.0,10
594297.0,6
594303.0,18
594320.0,6
594327.0,4
594336.0,15
594351.0,4
594355.0,6
594361.0,15
594379.0,10
594386.0,9
594395.0,5
594400.0,3
594408.0,22
594430.0,18
594448.0,19
594468.0,16
594484.0,10
594493.0,4
594499.0,11
594508.0,15
594525.0,8
594531.0,27
594558.0,6
594564.0,3
594570.0,16
594583.0,20
594603.0,8
594611.0,3
594614.0,13
594632.0,22
594655.0,7
594663.0,7
594669.0,19
594688.0,2
594695.0,12
594705.0,11
594716.0,13
594730.0,4
594736.0,5
594740.0,4
594744.0,11
594759.0,21
594776.0,6
594782.0,3
594786.0,11
594796.0,4
594800.0,21
594822.0,5
594827.0,9
594843.0,5
594847.0,20
594867.0,4
594871.0,8
594879.0,11
594890.0,29
594920.0,7
594926.0,5
594933.0,9
594940.0,3
594943.0,12
594955.0,2
594957.0,16
594973.0,10
594983.0,14
594997.0,7
595004.0,2
595006.0,11
595018.0,32
595049.0,15
595067.0,16
595080.0,4
595086.0,6
595090.0,7
595098.0,29
595126.0,13
595139.0,44
595184.0,3
595186.0,9
595195.0,11
595206.0,29
595236.0,3
595240.0,8
595246.0,32
595278.0,20
595300.0,11
595309.0,21
595333.0,28
595362.0,6
595367.0,16
595384.0,7
595390.0,6
595397.0,7
595403.0,13
595417.0,7
595423.0,10
595433.0,75
595508.0,31
595553.0,4
595558.0,5
595564.0,6
595569.0,3
595575.0,8
595580.0,3
595583.0,11
595594.0,6
595601.0,4
595604.0,7
595611.0,8
595619.0,7
595626.0,5
595631.0,3
595637.0,14
595648.0,20
595668.0,21
595689.0,7
595696.0,7
595703.0,6
595709.0,4
595714.0,3
595719.0,8
595724.0,10
595734.0,6
595741.0,10
595752.0,9
595761.0,4
595765.0,22
595792.0,48
595836.0,4
595863.0,4
595869.0,5
595875.0,5
595877.0,5
595883.0,4
595887.0,11
595897.0,12
595909.0,14
595939.0,9
595951.0,6
595965.0,3
595968.0,18
595986.0,2
595989.0,4
595992.0,11
596004.0,18
596034.0,6
596041.0,15
596056.0,6
596061.0,10
596071.0,4
596075.0,6
596082.0,15
596097.0,4
596100.0,13
596115.0,32
596147.0,10
596158.0,44
596232.0,33
596277.0,12
596288.0,14
596302.0,3
596305.0,5
596311.0,3
596313.0,5
596318.0,12
596331.0,4
596334.0,2
596336.0,14
596351.0,9
596360.0,6
596365.0,13
596378.0,67
596446.0,12
596457.0,43
596500.0,25
596526.0,9
596536.0,13
596550.0,17
596567.0,4
596571.0,24
596595.0,15
596610.0,6
596615.0,33
596663.0,4
596666.0,9
596675.0,18
596693.0,7
596700.0,2
596702.0,4
596707.0,28
596734.0,3
596737.0,19
596757.0,4
596760.0,11
596771.0,13
596784.0,8
596793.0,7
596800.0,4
596803.0,38
596841.0,4
596845.0,13
596858.0,9
596867.0,4
596871.0,2
596873.0,2
596875.0,6
596882.0,12
596894.0,6
596901.0,8
596909.0,5
596927.0,2
596929.0,5
596934.0,10
596945.0,5
596949.0,7
596957.0,16
596974.0,5
596978.0,18
596995.0,2
596997.0,5
597002.0,13
597016.0,7
597023.0,4
597027.0,2
597029.0,17
597052.0,6
597058.0,21
597079.0,33
597112.0,10
597122.0,4
597126.0,2
597128.0,11
597143.0,9
597151.0,14
597165.0,2
597169.0,26
597194.0,8
597202.0,7
597208.0,11
597240.0,19
597274.0,7
597281.0,44
597328.0,7
597335.0,21
597356.0,3
597359.0,2
597362.0,5
597366.0,45
597411.0,6
597417.0,6
597423.0,2
597425.0,4
597429.0,4
597455.0,12
597466.0,14
597480.0,11
597493.0,8
597501.0,16
597518.0,7
597522.0,6
597528.0,21
597550.0,5
597554.0,14
597568.0,12
597580.0,2
597583.0,5
597587.0,10
597598.0,10
597607.0,5
597612.0,2
597614.0,9
597623.0,2
597629.0,15
597640.0,15
597657.0,11
597668.0,6
597675.0,11
597685.0,8
597693.0,3
597699.0,21
597717.0,5
597723.0,25
597751.0,8
597758.0,15
597782.0,6
597786.0,35
597824.0,16
597840.0,16
597857.0,25
597882.0,17
597902.0,10
597910.0,3
597915.0,6
597921.0,9
597931.0,31
597964.0,5
597974.0,7
597977.0,3
597985.0,6
598004.0,8
598011.0,7
598018.0,5
598023.0,7
598030.0,13
598043.0,14
598057.0,9
598066.0,9
598075.0,6
598081.0,11
598092.0,6
598100.0,8
598108.0,7
598115.0,2
598117.0,15
598143.0,10
598153.0,3
598157.0,9
598168.0,11
598177.0,4
598180.0,9
598190.0,27
598216.0,9
598225.0,3
598229.0,5
598235.0,27
598260.0,3
598263.0,3
598270.0,12
598283.0,3
598287.0,18
598303.0,3
598306.0,21
598334.0,3
598337.0,12
598350.0,4
598355.0,4
598362.0,8
598368.0,8
598375.0,8
598381.0,5
598390.0,5
598394.0,4
598398.0,9
598410.0,6
598416.0,5
598422.0,3
598424.0,23
598454.0,5
598459.0,3
598462.0,7
598469.0,19
598489.0,3
598491.0,11
598502.0,16
598521.0,13
598531.0,6
598538.0,3
598544.0,7
598551.0,6
598558.0,16
598573.0,7
598580.0,27
598607.0,12
598619.0,8
598628.0,8
598642.0,4
598645.0,19
598665.0,6
598669.0,9
598679.0,8
598698.0,3
598701.0,12
598712.0,2
598715.0,8
598722.0,12
598737.0,13
598747.0,8
598755.0,7
598762.0,8
598773.0,6
598780.0,14
598794.0,5
598799.0,27
598826.0,4
598835.0,14
598849.0,4
598853.0,5
598858.0,29
598894.0,7
598906.0,5
598910.0,17
598929.0,7
598934.0,10
598945.0,7
598951.0,6
598957.0,6
598963.0,3
598967.0,8
598974.0,2
598979.0,26
599006.0,32
599067.0,3
599071.0,14
599094.0,4
599130.0,24
599155.0,36
599191.0,3
599195.0,26
599252.0,8
599260.0,8
599268.0,3
599271.0,20
599293.0,23
599314.0,2
599316.0,19
599335.0,3
599339.0,7
599349.0,11
599361.0,5
599366.0,4
599373.0,8
599381.0,4
599384.0,2
599387.0,4
599399.0,10
599408.0,10
599418.0,12
599430.0,12
599444.0,11
599458.0,4
599462.0,7
599471.0,19
599498.0,13
599508.0,16
599530.0,9
599545.0,7
599553.0,10
599562.0,2
599564.0,10
599574.0,5
599579.0,11
599595.0,10
599607.0,10
599617.0,2
599621.0,7
599632.0,8
599642.0,8
599649.0,3
599651.0,7
599660.0,8
599668.0,7
599675.0,9
599700.0,16
599715.0,15
599731.0,11
599750.0,14
599763.0,10
599772.0,5
599780.0,18
599796.0,8
599840.0,8
599848.0,7
599855.0,3
599858.0,12
599870.0,12
599894.0,7
599899.0,5
599916.0,3
599918.0,8
599926.0,4
599932.0,21
599951.0,8
599959.0,5
599967.0,11
599980.0,2
599982.0,12
599994.0,20
600014.0,4
600018.0,4
600023.0,3
600025.0,3
600028.0,10
600038.0,2
600040.0,10
600051.0,4
600055.0,8
600069.0,12
600086.0,9
600093.0,2
600098.0,32
600130.0,5
600135.0,5
600141.0,22
600163.0,3
600165.0,11
600176.0,4
600180.0,8
600190.0,6
600194.0,10
600204.0,5
600211.0,18
600230.0,18
600247.0,6
600251.0,9
600273.0,10
600290.0,2
600292.0,15
600340.0,7
600346.0,3
600349.0,3
600352.0,3
600355.0,3
600370.0,19
600391.0,5
600394.0,3
600398.0,13
600418.0,12
600429.0,7
600438.0,18
600453.0,6
600459.0,14
600475.0,11
600490.0,10
600496.0,4
600500.0,11
600519.0,8
600526.0,7
600534.0,3
600540.0,16
600552.0,2
600554.0,4
600558.0,6
600564.0,7
600571.0,14
600585.0,2
600587.0,11
600598.0,2
600603.0,17
600619.0,8
600628.0,3
600630.0,15
600646.0,4
600649.0,5
600662.0,8
600671.0,3
600675.0,5
600680.0,5
600694.0,3
600699.0,5
600715.0,3
600717.0,2
600720.0,8
600727.0,12
600739.0,25
600765.0,17
600782.0,9
600797.0,2
600799.0,6
600819.0,6
600839.0,4
600860.0,2
600864.0,20
600882.0,4
600886.0,3
600889.0,4
600895.0,8
600903.0,3
600906.0,24
600933.0,3
600943.0,8
600956.0,8
600964.0,14
600977.0,3
600980.0,2
600983.0,19
601003.0,9
601011.0,5
601016.0,8
601026.0,11
601034.0,5
601040.0,7
601058.0,6
601064.0,4
601068.0,28
601098.0,2
601104.0,14
601161.0,7
601173.0,7
601177.0,2
601179.0,3
601183.0,7
601189.0,16
601205.0,2
601225.0,12
601259.0,19
601278.0,3
601295.0,19
601318.0,3
601322.0,20
601361.0,3
601365.0,9
601373.0,3
601376.0,2
601380.0,9
601388.0,5
601392.0,2
601395.0,7
601401.0,3
601405.0,4
601408.0,3
601421.0,31
601450.0,2
601452.0,8
601472.0,5
601474.0,12
601486.0,25
601511.0,2
601525.0,6
601531.0,9
601540.0,11
601552.0,12
601578.0,4
601581.0,9
601590.0,3
601602.0,8
601614.0,13
601623.0,8
601634.0,7
601645.0,11
601656.0,9
601664.0,2
601668.0,5
601675.0,9
601683.0,16
601704.0,9
601712.0,3
601716.0,13
601728.0,3
601731.0,15
601746.0,3
601749.0,11
601760.0,4
601771.0,8
601778.0,13
601797.0,9
601802.0,2
601808.0,9
601814.0,3
601816.0,30
601847.0,8
601874.0,15
601888.0,20
601909.0,8
601922.0,5
601927.0,20
601963.0,4
601984.0,2
601986.0,4
601990.0,7
601997.0,14
602012.0,9
602020.0,36
602056.0,15
602071.0,5
602077.0,4
602080.0,2
602082.0,18
602100.0,9
602109.0,10
602121.0,12
602153.0,3
602157.0,4
602159.0,2
602163.0,17
602179.0,5
602183.0,8
602200.0,5
602205.0,12
602219.0,9
602228.0,6
602235.0,8
602241.0,3
602245.0,8
602251.0,11
602264.0,8
602270.0,7
602277.0,2
602279.0,14
602313.0,11
602324.0,5
602341.0,7
602349.0,3
602351.0,6
602357.0,2
602360.0,10
602369.0,3
602372.0,39
602411.0,3
602414.0,14
602429.0,11
602442.0,5
602468.0,11
602482.0,17
602498.0,4
602502.0,8
602513.0,4
602516.0,5
602531.0,10
602540.0,7
602548.0,4
602576.0,4
602586.0,7
602592.0,7
602597.0,5
602633.0,3
602639.0,22
602660.0,23
602687.0,12
602698.0,3
602704.0,2
602717.0,5
602722.0,7
602737.0,10
602747.0,4
602753.0,11
602763.0,2
602765.0,2
602767.0,4
602771.0,7
602779.0,4
602782.0,6
602788.0,3
602808.0,3
602812.0,12
602829.0,17
602845.0,11
602859.0,5
602870.0,4
602872.0,11
602890.0,12
602901.0,10
602911.0,6
602928.0,2
602940.0,9
602950.0,8
602957.0,5
602962.0,2
602966.0,13
602977.0,9
602986.0,9
602996.0,17
603012.0,5
603017.0,6
603024.0,11
603034.0,4
603038.0,11
603054.0,6
603060.0,9
603070.0,6
603075.0,6
603081.0,7
603095.0,5
603099.0,3
603104.0,7
603116.0,5
603121.0,9
603130.0,4
603134.0,5
603141.0,15
603154.0,5
603159.0,3
603162.0,6
603181.0,4
603188.0,5
603193.0,11
603202.0,3
603213.0,10
603223.0,5
603235.0,7
603242.0,8
603250.0,6
603256.0,13
603269.0,11
603280.0,5
603285.0,4
603289.0,5
603294.0,2
603299.0,14
603318.0,6
603324.0,3
603344.0,3
603348.0,8
603358.0,11
603368.0,2
603371.0,3
603373.0,2
603376.0,5
603386.0,2
603388.0,3
603393.0,5
603396.0,10
603406.0,8
603418.0,6
603448.0,6
603454.0,9
603463.0,2
603472.0,11
603482.0,5
603485.0,3
603499.0,4
603503.0,12
603515.0,9
603523.0,7
603531.0,8
603539.0,6
603544.0,3
603553.0,5
603574.0,13
603587.0,3
603590.0,6
603596.0,7
603604.0,4
603607.0,2
603610.0,7
603618.0,15
603633.0,12
603670.0,3
603672.0,12
603691.0,11
603701.0,3
603705.0,8
603712.0,5
603717.0,3
603720.0,5
603727.0,2
603730.0,9
603742.0,12
603755.0,4
603759.0,4
603763.0,5
603768.0,42
603810.0,3
603812.0,10
603822.0,15
603838.0,14
603854.0,8
603861.0,3
603864.0,2
603866.0,16
603882.0,3
603887.0,4
603889.0,2
603891.0,3
603896.0,4
603900.0,7
603906.0,19
603928.0,7
603931.0,3
603936.0,4
603938.0,10
603948.0,13
603972.0,14
603985.0,4
603992.0,5
603998.0,16
604013.0,2
604015.0,11
604027.0,7
604035.0,15
604048.0,2
604050.0,5
604056.0,3
604060.0,18
604104.0,4
604108.0,9
604119.0,15
604135.0,14
604149.0,11
604159.0,19
604181.0,10
604192.0,15
604207.0,6
604218.0,5
604220.0,8
604228.0,3
604238.0,9
604243.0,2
604245.0,7
604252.0,4
604258.0,6
604266.0,6
604270.0,30
604322.0,18
604335.0,2
604337.0,5
604343.0,4
604346.0,5
604352.0,19
604371.0,5
604378.0,15
604394.0,6
604400.0,6
604405.0,5
604410.0,6
604417.0,3
604419.0,8
604432.0,4
604436.0,11
604447.0,2
604460.0,6
604476.0,6
604482.0,6
604489.0,5
604505.0,5
604509.0,4
604523.0,5
604533.0,10
604548.0,3
604552.0,28
604579.0,6
604585.0,5
604590.0,11
604606.0,10
604628.0,5
604634.0,9
604643.0,6
604684.0,9
604693.0,22
604713.0,8
604721.0,3
604726.0,11
604735.0,4
604767.0,6
604773.0,23
604798.0,4
604802.0,2
604809.0,7
604818.0,16
604832.0,5
604837.0,5
604842.0,33
604874.0,20
604894.0,7
604902.0,3
604907.0,15
604922.0,11
604935.0,13
604946.0,6
604960.0,9
604976.0,3
604979.0,9
604988.0,3
604992.0,5
605005.0,10
605015.0,10
605027.0,7
605032.0,4
605036.0,14
605056.0,8
605068.0,6
605074.0,8
605084.0,11
605093.0,9
605102.0,2
605118.0,6
605124.0,2
605129.0,7
605136.0,6
605154.0,13
605178.0,4
605185.0,12
605196.0,4
605205.0,7
605211.0,4
605218.0,5
605231.0,20
605252.0,4
605277.0,9
605288.0,4
605293.0,5
605333.0,9
605354.0,2
605356.0,11
605369.0,6
605373.0,7
605380.0,6
605403.0,25
605429.0,19
605443.0,13
605456.0,4
605463.0,5
605470.0,2
605473.0,9
605486.0,15
605500.0,23
605523.0,4
605527.0,25
605552.0,6
605559.0,3
605561.0,15
605576.0,10
605586.0,7
605594.0,17
605611.0,8
605620.0,20
605638.0,3
605641.0,6
605649.0,4
605653.0,4
605657.0,3
605665.0,13
605678.0,11
605689.0,5
605696.0,4
605699.0,3
605704.0,12
605714.0,7
605722.0,5
605726.0,4
605731.0,3
605746.0,3
605750.0,3
605758.0,9
605762.0,7
605769.0,20
605790.0,26
605819.0,6
605827.0,4
605830.0,2
605832.0,9
605842.0,6
605847.0,3
605850.0,8
605858.0,9
605867.0,9
605884.0,14
605899.0,6
605919.0,15
605934.0,9
605944.0,3
605946.0,8
605956.0,6
605962.0,12
605972.0,3
605975.0,19
606013.0,7
606021.0,6
606027.0,3
606029.0,8
606037.0,5
606043.0,7
606058.0,4
606062.0,7
606070.0,4
606075.0,8
606083.0,8
606094.0,5
606097.0,5
606103.0,5
606106.0,2
606129.0,4
606136.0,5
606142.0,3
606145.0,7
606156.0,4
606159.0,7
606173.0,4
606180.0,5
606186.0,11
606203.0,8
606210.0,9
606218.0,3
606221.0,6
606229.0,13
606248.0,4
606257.0,32
606287.0,3
606291.0,6
606296.0,17
606313.0,10
606323.0,9
606346.0,22
606367.0,4
606385.0,2
606388.0,5
606398.0,2
606405.0,2
606407.0,7
606415.0,3
606417.0,4
606424.0,16
606440.0,14
606460.0,9
606466.0,6
606478.0,13
606489.0,19
606507.0,3
606509.0,17
606526.0,3
606530.0,14
606550.0,3
606593.0,4
606600.0,8
606614.0,7
606623.0,5
606630.0,9
606639.0,4
606643.0,5
606652.0,14
606666.0,4
606672.0,2
606678.0,2
606680.0,6
606691.0,21
606711.0,4
606716.0,3
606738.0,3
606741.0,2
606759.0,7
606765.0,2
606771.0,24
606793.0,19
606810.0,6
606817.0,3
606824.0,11
606845.0,4
606850.0,3
606852.0,5
606860.0,11
606869.0,4
606887.0,27
606915.0,10
606931.0,2
606933.0,4
606951.0,6
606963.0,11
606976.0,5
606980.0,16
607012.0,6
607019.0,13
607032.0,4
607035.0,9
607056.0,5
607064.0,14
607075.0,2
607077.0,6
607094.0,6
607109.0,4
607129.0,9
607138.0,7
607145.0,5
607150.0,4
607154.0,13
607167.0,2
607169.0,5
607174.0,6
607183.0,6
607186.0,3
607190.0,4
607193.0,7
607214.0,10
607224.0,6
607230.0,4
607234.0,5
607239.0,8
607247.0,14
607283.0,6
607289.0,2
607302.0,9
607316.0,9
607324.0,5
607330.0,17
607349.0,8
607358.0,5
607364.0,5
607369.0,2
607372.0,6
607377.0,5
607384.0,2
607396.0,4
607399.0,2
607402.0,5
607406.0,6
607416.0,6
607442.0,6
607450.0,4
607452.0,3
607455.0,20
607483.0,7
607491.0,5
607499.0,2
607503.0,8
607611.0,12
607633.0,4
607667.0,18
607685.0,44
607738.0,70
607800.0,11
607811.0,32
607842.0,2
607845.0,8
607860.0,10
607885.0,9
607900.0,9
607911.0,8
607933.0,6
607947.0,17
607966.0,3
607973.0,17
607998.0,20
608012.0,4
608018.0,8
608026.0,3
608030.0,4
608033.0,3
608037.0,5
608044.0,13
608057.0,8
608066.0,14
608079.0,14
608093.0,15
608124.0,3
608127.0,13
608142.0,11
608151.0,2
608153.0,4
608158.0,14
608171.0,2
608173.0,4
608181.0,11
608191.0,15
608206.0,4
608214.0,7
608220.0,3
608222.0,2
608226.0,4
608328.0,2
608436.0,7
608444.0,3
608453.0,4
608472.0,9
608521.0,15
608555.0,6
608604.0,4
608661.0,3
608669.0,5
608683.0,4
608687.0,4
608727.0,6
608734.0,9
608760.0,3
608779.0,8
608788.0,5
608840.0,3
608904.0,2
608916.0,3
608922.0,4
608968.0,2
608998.0,4
609008.0,2
609034.0,8
609143.0,2
609164.0,3
609284.0,5
609295.0,7
609408.0,3
609545.0,5
609554.0,4
609672.0,10
609687.0,8
609700.0,3
609712.0,4
609718.0,4
609728.0,11
609744.0,5
609783.0,6
609816.0,8
609842.0,2
609849.0,2
609857.0,4
609875.0,7
609892.0,18
609914.0,2
609930.0,6
609941.0,6
609961.0,9
609964.0,3
609966.0,9
609983.0,8
609998.0,4
610001.0,4
610023.0,6
610032.0,3
610042.0,6
610046.0,4
610060.0,7
610079.0,2
610081.0,4
610089.0,14
610121.0,4
610128.0,5
610134.0,4
610142.0,2
610144.0,8
610153.0,5
610160.0,6
610170.0,6
610185.0,4
610198.0,5
610240.0,2
610242.0,2
610262.0,5
610273.0,10
610284.0,4
610297.0,13
610332.0,8
610339.0,4
610348.0,2
610364.0,15
610379.0,2
610382.0,6
610388.0,7
610402.0,4
610406.0,3
610413.0,5
610421.0,2
610424.0,6
610439.0,9
610446.0,9
610467.0,4
610478.0,4
610482.0,4
610502.0,11
610516.0,2
610519.0,3
610521.0,2
610523.0,2
610541.0,3
610549.0,6
610555.0,6
610561.0,4
610565.0,3
610605.0,4
610624.0,3
610639.0,9
610647.0,2
610687.0,3
610697.0,3
610702.0,7
610728.0,9
610735.0,5
610757.0,3
610777.0,3
610787.0,6
610791.0,3
610806.0,2
610812.0,8
610826.0,8
610833.0,7
610871.0,5
610896.0,9
610927.0,5
610949.0,5
610963.0,5
610966.0,3
610991.0,5
611035.0,7
611041.0,7
611058.0,2
611067.0,8
611075.0,4
611085.0,8
611092.0,3
611094.0,4
611103.0,9
611111.0,3
611130.0,3
611150.0,3
611189.0,7
611202.0,6
611232.0,5
611257.0,4
611265.0,10
611281.0,4
611286.0,6
611292.0,5
611299.0,9
611326.0,5
611352.0,5
611359.0,3
611361.0,6
611372.0,6
611394.0,2
611409.0,3
611413.0,3
611447.0,3
611456.0,9
611495.0,5
611504.0,4
611508.0,5
611516.0,7
611537.0,7
611555.0,7
611579.0,4
611584.0,3
611612.0,6
611617.0,4
611653.0,8
611695.0,6
611704.0,8
611743.0,9
611789.0,6
611795.0,3
611801.0,5
611809.0,4
611814.0,3
611843.0,3
611850.0,6
611856.0,4
611866.0,4
611887.0,3
611914.0,4
611918.0,2
611933.0,5
611951.0,2
611971.0,6
611989.0,6
612008.0,3
612041.0,10
612065.0,2
612123.0,4
612131.0,4
612142.0,4
612153.0,6
612156.0,5
612161.0,6
612171.0,3
612181.0,8
612219.0,2
612246.0,2
612288.0,3
612291.0,7
612298.0,3
612301.0,4
612375.0,3
612378.0,2
612387.0,4
612391.0,8
612400.0,6
612424.0,6
612436.0,4
612440.0,6
612460.0,4
612471.0,5
612534.0,3
612541.0,2
612559.0,8
612565.0,3
612580.0,9
612602.0,9
612625.0,4
612650.0,8
612671.0,8
612684.0,2
612694.0,7
612717.0,6
612722.0,2
612752.0,4
612761.0,5
612766.0,4
612785.0,5
612805.0,2
612816.0,4
612831.0,2
612854.0,2
612860.0,2
612872.0,6
612878.0,2
612919.0,6
612933.0,4
612940.0,4
612944.0,3
612975.0,10
612996.0,8
613018.0,5
613046.0,5
613113.0,4
613116.0,2
613140.0,2
613145.0,2
613148.0,4
613240.0,7
613292.0,5
613297.0,3
613329.0,5
613338.0,5
613353.0,6
613394.0,5
613408.0,3
613446.0,2
613455.0,4
613497.0,4
613499.0,2
613509.0,3
613512.0,3
613524.0,3
613548.0,3
613553.0,6
613584.0,4
613612.0,2
613619.0,4
613623.0,4
613632.0,4
613636.0,5
613660.0,3
613662.0,6
613686.0,5
613701.0,4
613715.0,6
613721.0,4
613741.0,2
613748.0,8
613765.0,2
613781.0,3
613794.0,4
613809.0,6
613815.0,12
613871.0,5
613881.0,10
613893.0,3
613898.0,3
613923.0,3
613931.0,6
613935.0,4
613952.0,3
613955.0,8
614041.0,5
614072.0,3
614105.0,9
614141.0,7
614157.0,3
614162.0,9
614169.0,2
614172.0,4
614190.0,2
614263.0,3
614284.0,2
614286.0,2
614291.0,4
614302.0,8
614324.0,4
614329.0,8
614384.0,7
614393.0,5
614406.0,10
614421.0,5
614442.0,2
614461.0,3
614463.0,8
614472.0,3
614477.0,2
614495.0,5
614509.0,4
614546.0,3
614555.0,5
614560.0,3
614593.0,4
614600.0,4
614604.0,3
614624.0,6
614658.0,5
614698.0,9
614719.0,2
614721.0,5
614754.0,3
614799.0,2
614814.0,2
614824.0,5
614839.0,10
614850.0,5
614877.0,6
614900.0,3
614934.0,5
614951.0,6
614957.0,9
614991.0,6
615029.0,3
615047.0,3
615052.0,2
615093.0,3
615105.0,5
615117.0,5
615139.0,5
615170.0,13
615200.0,5
615239.0,11
615267.0,5
615272.0,3
615294.0,5
615355.0,6
615366.0,7
615386.0,2
615401.0,3
615404.0,3
615407.0,2
615410.0,8
615426.0,3
615434.0,4
615465.0,5
615508.0,8
615551.0,7
615564.0,2
615580.0,4
615603.0,10
615641.0,2
615681.0,2
615695.0,5
615705.0,4
615792.0,3
615807.0,5
615812.0,4
615858.0,4
615877.0,7
615888.0,3
615904.0,2
615945.0,7
615952.0,2
615957.0,7
615979.0,8
615992.0,7
615999.0,4
616003.0,2
616006.0,7
616023.0,7
616045.0,4
616053.0,3
616056.0,8
616098.0,2
616126.0,3
616197.0,5
616215.0,10
616278.0,5
616300.0,9
616331.0,5
616363.0,5
616369.0,4
616404.0,3
616430.0,2
616436.0,2
616477.0,2
616480.0,10
616500.0,4
616525.0,7
616535.0,3
616556.0,3
616611.0,4
616641.0,5
616657.0,3
616677.0,4
616707.0,4
616722.0,3
616740.0,5
616750.0,5
616817.0,4
616821.0,5
616832.0,3
616850.0,6
616856.0,7
616891.0,7
616935.0,11
616953.0,8
616963.0,2
617013.0,2
617035.0,3
617038.0,6
617050.0,2
617052.0,5
617064.0,4
617124.0,16
617156.0,5
617161.0,6
617166.0,3
617198.0,5
617232.0,4
617236.0,4
617260.0,5
617270.0,4
617302.0,6
617313.0,5
617319.0,4
617360.0,3
617395.0,10
617430.0,3
617436.0,9
617498.0,2
617527.0,3
617529.0,4
617607.0,5
617625.0,3
617676.0,3
617736.0,2
617758.0,4
617822.0,5
617849.0,4
617859.0,2
617879.0,5
617897.0,8
617990.0,5
618013.0,3
618020.0,4
618054.0,3
618069.0,3
618072.0,4
618092.0,5
618099.0,3
618115.0,4
618127.0,4
618135.0,3
618142.0,11
618174.0,3
618178.0,5
618195.0,4
618213.0,4
618217.0,5
618226.0,7
618280.0,3
618300.0,2
618335.0,7
618354.0,3
618358.0,3
618362.0,5
618399.0,6
618419.0,2
618447.0,2
618449.0,6
618459.0,5
618503.0,2
618505.0,2
618538.0,3
618544.0,4
618548.0,2
618569.0,5
618595.0,4
618607.0,8
618617.0,2
618675.0,4
618679.0,5
618726.0,6
618755.0,4
618759.0,3
618837.0,12
618844.0,2
618863.0,5
618868.0,5
618984.0,7
618993.0,2
619005.0,6
619034.0,3
619037.0,2
619045.0,4
619074.0,7
619091.0,3
619117.0,2
619119.0,3
619155.0,3
619172.0,5
619183.0,2
619238.0,7
619263.0,8
619278.0,74
619351.0,13
619364.0,42
619406.0,7
619413.0,40
619453.0,8
619461.0,63
619524.0,4
619528.0,25
619553.0,48
619603.0,5
619606.0,4
619610.0,19
619629.0,3
619634.0,13
619671.0,8
619700.0,48
619748.0,69
619816.0,11
619827.0,11
619852.0,11
619863.0,5
619868.0,4
619872.0,29
619901.0,42
619943.0,15
619958.0,13
619971.0,16
619987.0,57
620044.0,61
620105.0,10
620145.0,27
620172.0,27
620199.0,5
620204.0,16
620220.0,44
620265.0,28
620292.0,10
620303.0,41
620343.0,3
620346.0,22
620368.0,25
620393.0,3
620396.0,47
620443.0,14
620457.0,41
620498.0,2
620500.0,68
620568.0,3
620572.0,51
620622.0,4
620626.0,113
620755.0,12
620767.0,14
620781.0,63
620844.0,9
620853.0,10
620864.0,38
620901.0,16
620917.0,19
620936.0,21
620957.0,83
621095.0,22
621117.0,18
621135.0,12
621147.0,21
621168.0,2
621172.0,6
621176.0,34
621219.0,4
621222.0,3
621225.0,27
621252.0,16
621268.0,5
621273.0,7
621280.0,20
621300.0,2
621311.0,23
621334.0,9
621343.0,4
621372.0,11
621384.0,5
621388.0,24
621413.0,21
621433.0,37
621470.0,27
621497.0,6
621503.0,28
621608.0,14
621625.0,28
621653.0,11
621664.0,52
621749.0,7
621756.0,17
621773.0,80
621853.0,20
621873.0,40
621913.0,45
621958.0,26
621984.0,41
622025.0,19
622044.0,42
622086.0,35
622121.0,31
622153.0,18
622170.0,21
622203.0,33
622263.0,16
622277.0,19
622296.0,3
622299.0,69
622368.0,11
622385.0,47
622432.0,3
622436.0,60
622496.0,3
622498.0,68
622567.0,24
622590.0,34
622624.0,5
622629.0,55
622684.0,103
622811.0,11
622822.0,36
622858.0,12
622870.0,83
622953.0,5
622958.0,3
622981.0,37
623018.0,6
623024.0,15
623040.0,5
623044.0,7
623093.0,3
623107.0,26
623132.0,21
623153.0,29
623182.0,6
623189.0,4
623194.0,58
623253.0,11
623264.0,87
623351.0,3
623354.0,5
623361.0,8
623376.0,40
623416.0,103
623519.0,34
623553.0,22
623575.0,19
623595.0,48
623646.0,10
623656.0,30
623686.0,103
623789.0,2
623793.0,5
623796.0,3
623799.0,2
623864.0,37
623902.0,24
623925.0,2
623927.0,20
623947.0,3
623951.0,62
624012.0,13
624025.0,20
624045.0,19
624065.0,137
624209.0,26
624234.0,6
624240.0,22
624262.0,31
624293.0,22
624317.0,18
624333.0,22
624355.0,25
624383.0,14
624394.0,31
624501.0,33
624534.0,11
624545.0,12
624558.0,37
624594.0,3
624597.0,33
624657.0,36
624694.0,68
624761.0,38
624799.0,53
624852.0,19
624871.0,59
624946.0,8
624973.0,25
625007.0,36
625043.0,3
625046.0,12
625058.0,7
625133.0,5
625163.0,39
625203.0,75
625306.0,5
625316.0,42
625422.0,22
625443.0,46
625545.0,69
625615.0,8
625633.0,5
625637.0,15
625677.0,11
625794.0,74
625893.0,7
625900.0,50
625950.0,14
625964.0,23
625987.0,10
625997.0,12
626010.0,17
626026.0,100
626149.0,23
626172.0,8
626180.0,19
626199.0,8
626207.0,2
626210.0,11
626220.0,59
626280.0,16
626302.0,48
626350.0,7
626358.0,9
626366.0,13
626382.0,27
626406.0,15
626495.0,13
626509.0,13
626521.0,2
626524.0,21
626544.0,17
626561.0,21
626583.0,40
626622.0,18
626640.0,25
626667.0,38
626706.0,5
626711.0,22
626733.0,27
626760.0,3
626763.0,20
626783.0,25
626808.0,25
626833.0,25
626858.0,10
626868.0,26
626920.0,9
626930.0,22
626949.0,28
626977.0,4
626982.0,34
627015.0,5
627020.0,22
627042.0,2
627045.0,26
627070.0,18
627093.0,12
627108.0,26
627133.0,5
627136.0,18
627154.0,17
627172.0,12
627198.0,18
627215.0,24
627239.0,7
627261.0,13
627274.0,6
627304.0,2
627307.0,9
627333.0,4
627354.0,9
627361.0,10
627372.0,5
627377.0,28
627404.0,17
627421.0,3
627424.0,34
627459.0,8
627466.0,5
627471.0,6
627505.0,16
627522.0,31
627552.0,25
627577.0,33
627617.0,26
627643.0,2
627645.0,11
627656.0,26
627682.0,3
627721.0,8
627728.0,7
627735.0,49
627803.0,17
627821.0,9
627876.0,21
627898.0,24
627933.0,3
627938.0,93
628029.0,26
628088.0,16
628104.0,35
628139.0,2
628157.0,24
628181.0,3
628184.0,27
628225.0,24
628266.0,3
628269.0,95
628364.0,34
628398.0,2
628401.0,32
628440.0,26
628516.0,5
628574.0,30
628605.0,13
628658.0,7
628665.0,5
628685.0,24
628709.0,11
628720.0,8
628728.0,38
628766.0,15
628781.0,7
628796.0,4
628799.0,5
628805.0,11
628815.0,2
628817.0,23
628862.0,4
628866.0,22
628888.0,10
628903.0,6
628909.0,100
629009.0,2
629011.0,8
629019.0,24
629132.0,3
629136.0,9
629144.0,6
629150.0,25
629175.0,34
629222.0,16
629238.0,10
629248.0,25
629277.0,7
629297.0,22
629322.0,21
629344.0,4
629347.0,6
629355.0,24
629391.0,19
629410.0,32
629471.0,18
629489.0,13
629502.0,53
629555.0,19
629605.0,39
629695.0,4
629699.0,40
629739.0,5
629744.0,15
629759.0,20
629779.0,23
629803.0,5
629808.0,15
629825.0,12
629837.0,34
629871.0,5
629878.0,22
629900.0,15
629915.0,13
629928.0,22
629976.0,8
629983.0,12
629995.0,2
630001.0,41
630056.0,24
630080.0,19
630099.0,13
630112.0,18
630148.0,10
630159.0,25
630183.0,16
630199.0,17
630221.0,7
630226.0,13
630239.0,7
630247.0,20
630266.0,23
630289.0,99
630389.0,9
630397.0,50
630447.0,4
630463.0,40
630503.0,5
630510.0,3
630513.0,32
630547.0,63
630609.0,13
630703.0,3
630706.0,7
630713.0,45
630760.0,10
630770.0,47
630817.0,10
630840.0,7
630848.0,43
630890.0,4
630895.0,6
630900.0,12
630912.0,17
630932.0,32
630961.0,16
630977.0,2
630979.0,8
630987.0,15
631002.0,8
631010.0,5
631015.0,6
631021.0,80
631102.0,8
631109.0,11
631120.0,9
631215.0,20
631235.0,9
631244.0,22
631266.0,11
631277.0,4
631281.0,6
631287.0,23
631310.0,61
631372.0,42
631413.0,5
631418.0,27
631446.0,40
631513.0,21
631552.0,2
631554.0,11
631577.0,34
631644.0,9
631806.0,68
631874.0,11
631885.0,34
631946.0,2
631949.0,4
631953.0,11
631967.0,22
631989.0,11
632031.0,8
632038.0,46
632085.0,24
632109.0,9
632118.0,35
632172.0,29
632201.0,14
632215.0,12
632227.0,11
632239.0,9
632337.0,10
632347.0,10
632356.0,11
632381.0,12
632403.0,10
632413.0,12
632478.0,4
632519.0,33
632552.0,3
632557.0,6
632608.0,12
632620.0,20
632645.0,6
632651.0,12
632663.0,32
632702.0,34
632739.0,19
632757.0,17
632789.0,3
632792.0,70
632862.0,32
632894.0,3
632898.0,3
632902.0,19
632919.0,2
632921.0,12
632933.0,14
632948.0,66
633013.0,11
633024.0,13
633037.0,37
633075.0,7
633082.0,7
633089.0,65
633203.0,9
633212.0,5
633250.0,19
633269.0,3
633272.0,4
633276.0,27
633323.0,16
633358.0,48
633416.0,12
633430.0,16
633444.0,24
633468.0,25
633492.0,8
633510.0,9
633519.0,26
633545.0,20
633566.0,36
633600.0,25
633653.0,4
633666.0,6
633672.0,25
633697.0,2
633711.0,4
633724.0,6
633730.0,21
633753.0,7
633759.0,6
633812.0,8
633841.0,24
633890.0,14
633899.0,17
633916.0,13
633929.0,23
633952.0,58
634012.0,14
634086.0,3
634089.0,23
634112.0,14
634126.0,2
634128.0,21
634149.0,8
634158.0,8
634168.0,15
634180.0,2
634182.0,5
634213.0,7
634220.0,2
634222.0,5
634228.0,50
634352.0,20
634372.0,37
634411.0,6
634417.0,4
634421.0,4
634427.0,11
634437.0,40
634477.0,16
634493.0,5
634500.0,33
634558.0,8
634566.0,11
634578.0,12
634590.0,9
634598.0,25
634692.0,5
634699.0,39
634736.0,40
634776.0,10
634786.0,4
634790.0,18
634808.0,9
634817.0,15
634832.0,43
634899.0,38
634936.0,7
634943.0,6
634949.0,8
634957.0,32
634989.0,21
635011.0,7
635021.0,5
635026.0,11
635039.0,4
635043.0,37
635099.0,9
635108.0,15
635123.0,15
635152.0,13
635175.0,62
635236.0,9
635247.0,4
635250.0,31
635280.0,29
635309.0,4
635319.0,11
635330.0,50
635404.0,13
635414.0,16
635432.0,13
635445.0,4
635450.0,4
635454.0,12
635465.0,14
635479.0,8
635487.0,12
635503.0,13
635524.0,8
635532.0,15
635547.0,6
635558.0,38
635596.0,32
635628.0,6
635635.0,21
635657.0,8
635664.0,15
635678.0,11
635729.0,9
635765.0,14
635779.0,3
635781.0,4
635785.0,4
635789.0,2
635792.0,44
635837.0,7
635843.0,5
635847.0,22
635869.0,16
635885.0,13
635920.0,18
635938.0,7
635945.0,15
635965.0,13
636018.0,9
636027.0,51
636081.0,5
636086.0,2
636088.0,32
636120.0,4
636124.0,15
636140.0,6
636145.0,3
636148.0,4
636153.0,4
636260.0,9
636269.0,14
636283.0,4
636287.0,52
636339.0,13
636354.0,18
636398.0,3
636401.0,17
636420.0,27
636445.0,3
636452.0,12
636464.0,4
636471.0,8
636479.0,11
636798.0,4
636858.0,2
636901.0,2
636980.0,3
637126.0,3
637133.0,5
637140.0,2
637207.0,4
637267.0,3
637313.0,3
637603.0,6
637680.0,9
637715.0,10
637724.0,3
637778.0,4
637828.0,5
637855.0,10
637865.0,6
637876.0,8
637891.0,3
638047.0,4
638096.0,5
638109.0,4
638155.0,5
638268.0,3
638306.0,3
638328.0,3
638460.0,4
638530.0,5
638655.0,7
638679.0,6
638697.0,5
638728.0,2
638778.0,3
638781.0,4
638826.0,6
638919.0,12
639104.0,2
639138.0,7
639169.0,6
639176.0,6
639213.0,3
639219.0,3
639280.0,2
639373.0,11
639493.0,6
639501.0,3
639576.0,2
639680.0,7
639712.0,6
639734.0,6
639869.0,3
639926.0,6
639966.0,3
640004.0,11
640027.0,4
640101.0,11
640174.0,2
640178.0,3
640188.0,4
640208.0,14
640216.0,3
640227.0,10
640282.0,4
640660.0,2
640674.0,4
640726.0,6
640733.0,2
640761.0,4
640792.0,8
640832.0,8
640842.0,8
640872.0,6
640938.0,4
640957.0,5
640966.0,6
641051.0,2
641076.0,2
641202.0,3
641254.0,4
641258.0,13
641271.0,7
641303.0,6
641353.0,9
641378.0,5
641395.0,4
641432.0,2
641618.0,3
641724.0,3
641956.0,7
642225.0,15
642253.0,8
642260.0,8
642270.0,7
642343.0,2
642346.0,10
642379.0,11
642451.0,13
642462.0,5
642471.0,10
642544.0,14
642602.0,10
642614.0,5
642624.0,3
642655.0,7
642684.0,2
642695.0,3
642700.0,6
643041.0,3
643156.0,5
643161.0,4
643166.0,13
643185.0,2
643214.0,2
643216.0,4
643248.0,7
643269.0,4
643356.0,6
643368.0,4
643386.0,10
644059.0,2
644061.0,3
644186.0,2
644213.0,4
644218.0,7
644223.0,9
644278.0,4
644381.0,8
644562.0,2
644618.0,12
644637.0,12
644700.0,2
644706.0,8
644728.0,3
644742.0,5
644756.0,5
644767.0,14
644792.0,2
644799.0,2
644828.0,4
644848.0,2
644851.0,3
644864.0,5
644867.0,2
644873.0,2
644885.0,6
644903.0,9
644913.0,3
644917.0,3
644931.0,9
644944.0,6
644958.0,2
644977.0,6
645007.0,3
645297.0,3
645443.0,5
645451.0,2
645460.0,4
645508.0,4
645679.0,6
645710.0,2
645845.0,2
645852.0,5
645895.0,8
645944.0,5
645957.0,5
646031.0,2
646036.0,5
646067.0,2
646106.0,3
646159.0,3
646175.0,6
646224.0,7
646239.0,3
646245.0,4
646311.0,3
646326.0,3
646331.0,6
646454.0,5
646863.0,3
646977.0,4
647102.0,4
647405.0,2
647417.0,3
647737.0,6
647984.0,4
648055.0,4
648180.0,4
648188.0,7
648209.0,4
648269.0,3
648289.0,3
648323.0,2
648325.0,3
648341.0,10
648418.0,8
648424.0,2
648482.0,4
648510.0,3
648512.0,2
648530.0,9
648543.0,2
648597.0,4
648611.0,4
648659.0,3
648679.0,6
648687.0,7
648702.0,2
648706.0,3
648729.0,7
648737.0,7
648769.0,5
648812.0,2
648824.0,4
648828.0,6
648845.0,2
648868.0,6
648887.0,3
648907.0,3
648918.0,2
648925.0,3
648934.0,3
648963.0,5
648979.0,2
649059.0,3
649062.0,5
649068.0,4
649108.0,3
649114.0,6
649143.0,4
649163.0,6
649175.0,4
649195.0,3
649205.0,2
649211.0,3
649219.0,4
649231.0,4
649236.0,8
649250.0,3
649257.0,5
649274.0,3
649293.0,3
649310.0,2
649317.0,2
649340.0,4
649352.0,4
649356.0,3
649389.0,2
649413.0,5
649431.0,4
649442.0,9
649487.0,3
649535.0,6
649555.0,13
649600.0,3
649624.0,3
649645.0,20
649656.0,4
649778.0,3
649795.0,3
649885.0,3
649901.0,5
649953.0,4
649965.0,2
650069.0,3
650089.0,4
650094.0,6
650114.0,4
650146.0,2
650223.0,4
650237.0,3
650249.0,5
650288.0,3
650310.0,5
650376.0,2
650396.0,3
650449.0,3
650474.0,2
650486.0,3
650503.0,3
650524.0,4
650548.0,2
650551.0,4
650613.0,5
650639.0,3
650643.0,7
650679.0,3
650691.0,9
650705.0,4
650728.0,5
650750.0,2
650792.0,2
650814.0,4
650837.0,4
650868.0,2
650922.0,4
650977.0,7
650988.0,5
650997.0,2
651013.0,3
651033.0,4
651040.0,2
651058.0,2
651114.0,7
651126.0,4
651255.0,4
651292.0,8
651310.0,4
651349.0,3
651415.0,4
651505.0,4
651538.0,3
651600.0,2
651602.0,5
651610.0,3
651651.0,4
651675.0,4
651692.0,3
651777.0,3
651806.0,8
651830.0,3
651871.0,2
651887.0,6
651890.0,3
651893.0,2
651899.0,2
651922.0,2
651990.0,8
652022.0,3
652035.0,7
652064.0,3
652138.0,4
652157.0,5
652179.0,3
652212.0,2
652259.0,4
652311.0,9
652368.0,3
652425.0,3
652451.0,7
652477.0,7
652502.0,3
652510.0,4
652631.0,7
652703.0,2
652782.0,6
652811.0,2
652838.0,7
652852.0,6
652884.0,4
652947.0,5
652960.0,5
652977.0,4
652994.0,3
653055.0,5
653094.0,8
653142.0,4
653154.0,7
653180.0,3
653184.0,4
653207.0,2
653220.0,5
653261.0,2
653300.0,6
653315.0,3
653530.0,2
653557.0,4
653575.0,8
653644.0,3
653678.0,5
653707.0,9
653713.0,5
653727.0,8
653733.0,6
653785.0,5
653798.0,5
653819.0,5
653825.0,5
653853.0,4
653857.0,6
653911.0,4
653926.0,5
653961.0,7
653992.0,3
653996.0,4
654039.0,5
654062.0,10
654072.0,2
654074.0,4
654085.0,4
654118.0,3
654145.0,2
654167.0,12
654200.0,4
654495.0,6
654531.0,3
654632.0,5
654641.0,3
654648.0,3
654652.0,7
654664.0,5
654670.0,4
654674.0,3
654680.0,4
654711.0,2
654744.0,5
654753.0,6
654763.0,8
654773.0,7
654792.0,4
654811.0,4
654816.0,5
654820.0,2
654832.0,6
654850.0,8
654856.0,7
654884.0,3
654887.0,2
654917.0,2
654919.0,2
654945.0,3
654949.0,4
654955.0,7
654983.0,5
655008.0,3
655022.0,2
655042.0,11
655050.0,3
655075.0,5
655081.0,6
655123.0,2
655145.0,9
655168.0,2
655177.0,3
655212.0,2
655214.0,4
655245.0,5
655259.0,3
655278.0,4
655326.0,2
655349.0,5
655357.0,5
655362.0,2
655364.0,4
655391.0,3
655394.0,4
655403.0,2
655424.0,3
655434.0,3
655441.0,3
655453.0,4
655457.0,3
655472.0,5
655483.0,6
655489.0,3
655530.0,6
655544.0,3
655552.0,4
655559.0,4
655565.0,11
655578.0,9
655610.0,3
655613.0,2
655626.0,3
655635.0,3
655644.0,4
655659.0,4
655662.0,3
655698.0,3
655710.0,3
655716.0,8
655722.0,3
655725.0,5
655737.0,9
655751.0,3
655761.0,4
655772.0,3
655788.0,2
655819.0,2
655821.0,3
655824.0,5
655833.0,8
655859.0,3
655864.0,12
655891.0,4
655897.0,4
655904.0,5
655914.0,2
655935.0,3
655938.0,4
655946.0,3
655956.0,4
655961.0,3
655963.0,3
655972.0,3
655977.0,7
655998.0,7
656002.0,4
656006.0,3
656018.0,7
656025.0,4
656044.0,2
656047.0,3
656056.0,6
656067.0,5
656077.0,2
656091.0,3
656119.0,6
656141.0,9
656167.0,6
656171.0,2
656178.0,2
656194.0,3
656197.0,3
656203.0,2
656217.0,5
656225.0,5
656238.0,4
656256.0,7
656269.0,4
656283.0,7
656302.0,3
656308.0,4
656312.0,2
656322.0,6
656328.0,2
656364.0,5
656369.0,4
656374.0,3
656382.0,4
656399.0,6
656405.0,4
656415.0,5
656424.0,4
656430.0,5
656441.0,3
656453.0,3
656461.0,10
656469.0,4
656485.0,5
656491.0,4
656503.0,7
656516.0,6
656529.0,3
656546.0,6
656578.0,2
656607.0,8
656629.0,4
656674.0,5
656692.0,5
656697.0,2
656702.0,5
656714.0,4
656725.0,7
656730.0,3
656745.0,3
656748.0,3
656767.0,11
656785.0,2
656793.0,3
656809.0,10
656825.0,10
656836.0,2
656852.0,9
656863.0,4
656866.0,3
656869.0,2
656878.0,5
656885.0,3
656889.0,4
656905.0,2
656907.0,2
656944.0,5
656996.0,7
657003.0,2
657006.0,3
657012.0,3
657027.0,6
657042.0,2
657074.0,2
657076.0,5
657086.0,3
657091.0,8
657116.0,2
657124.0,8
657142.0,4
657159.0,6
657171.0,3
657189.0,5
657220.0,5
657227.0,5
657230.0,7
657240.0,3
657245.0,2
657251.0,2
657268.0,4
657277.0,2
657281.0,6
657335.0,4
657344.0,7
657376.0,2
657395.0,2
657398.0,2
657403.0,3
657405.0,2
657408.0,4
657412.0,3
657429.0,3
657435.0,2
657439.0,4
657456.0,4
657464.0,4
657468.0,5
657475.0,3
657482.0,2
657498.0,7
657515.0,6
657517.0,3
657531.0,2
657552.0,7
657563.0,7
657574.0,8
657587.0,3
657598.0,4
657613.0,6
657679.0,2
657738.0,7
657782.0,2
657806.0,6
657813.0,4
657818.0,3
657834.0,5
657838.0,2
657842.0,4
657864.0,3
657870.0,5
657876.0,3
657883.0,4
657897.0,4
657909.0,4
657916.0,7
657931.0,2
657972.0,5
657982.0,7
657990.0,2
657992.0,3
657996.0,6
658016.0,6
658025.0,5
658034.0,3
658050.0,3
658062.0,3
658093.0,2
658097.0,2
658107.0,4
658126.0,2
658128.0,2
658148.0,6
658176.0,7
658189.0,4
658223.0,6
658240.0,2
658244.0,3
658274.0,3
658286.0,8
658313.0,5
658333.0,3
658337.0,4
658340.0,2
658351.0,4
658387.0,4
658398.0,3
658418.0,4
658422.0,5
658431.0,7
658437.0,12
658459.0,6
658473.0,6
658485.0,6
658490.0,5
658497.0,5
658532.0,9
658558.0,4
658568.0,4
658590.0,2
658598.0,2
658600.0,4
658610.0,4
658640.0,4
658642.0,2
658652.0,2
658658.0,2
658665.0,2
658677.0,7
658685.0,5
658693.0,2
658718.0,9
658730.0,4
658741.0,7
658755.0,3
658760.0,8
658809.0,2
658812.0,5
658823.0,5
658832.0,2
658836.0,4
658841.0,3
658844.0,4
658848.0,2
658875.0,6
658883.0,3
658895.0,7
658910.0,3
658922.0,4
658925.0,3
658937.0,4
658941.0,6
658970.0,4
658988.0,5
659039.0,3
659047.0,5
659055.0,5
659068.0,3
659105.0,3
659137.0,4
659148.0,2
659154.0,2
659165.0,5
659169.0,2
659177.0,7
659192.0,6
659208.0,4
659245.0,11
659260.0,5
659274.0,4
659279.0,6
659285.0,3
659296.0,6
659311.0,4
659344.0,8
659358.0,11
659372.0,2
659378.0,5
659423.0,4
659426.0,3
659430.0,6
659461.0,2
659469.0,4
659484.0,5
659494.0,6
659498.0,7
659505.0,4
659508.0,2
659518.0,2
659549.0,4
659554.0,2
659576.0,5
659581.0,3
659590.0,10
659603.0,4
659610.0,5
659630.0,4
659638.0,4
659650.0,6
659683.0,5
659686.0,8
659710.0,2
659721.0,4
659736.0,8
659756.0,5
659773.0,4
659786.0,2
659788.0,2
659803.0,3
659806.0,2
659836.0,2
659842.0,6
659848.0,2
659855.0,4
659874.0,5
659895.0,2
659948.0,6
659958.0,2
659987.0,4
659993.0,4
659997.0,3
660008.0,5
660015.0,3
660030.0,2
660035.0,7
660134.0,5
660139.0,2
660141.0,2
660148.0,3
660150.0,4
660157.0,6
660168.0,4
660199.0,7
660207.0,10
660222.0,4
660225.0,4
660231.0,4
660243.0,4
660247.0,4
660263.0,2
660270.0,6
660298.0,2
660344.0,5
660370.0,2
660382.0,3
660423.0,3
660429.0,6
660460.0,3
660467.0,3
660477.0,4
660486.0,4
660502.0,6
660519.0,3
660543.0,2
660546.0,3
660557.0,3
660562.0,3
660587.0,5
660594.0,5
660599.0,6
660605.0,3
660611.0,5
660619.0,5
660634.0,2
660636.0,5
660641.0,2
660676.0,5
660683.0,3
660690.0,2
660719.0,4
660722.0,2
660726.0,6
660733.0,6
660758.0,2
660782.0,5
660793.0,4
660816.0,4
660818.0,3
660847.0,4
660872.0,3
660888.0,2
660905.0,2
660949.0,4
660987.0,2
661026.0,4
661043.0,7
661055.0,6
661071.0,4
661089.0,7
661105.0,2
661113.0,3
661125.0,8
661174.0,3
661203.0,3
661223.0,9
661232.0,6
661239.0,4
661274.0,4
661301.0,4
661318.0,3
661322.0,2
661351.0,4
661355.0,7
661362.0,2
661374.0,5
661379.0,5
661386.0,3
661404.0,3
661438.0,2
661441.0,3
661445.0,3
661497.0,6
661521.0,3
661536.0,2
661577.0,3
661590.0,5
661595.0,3
661621.0,8
661645.0,4
661663.0,3
661667.0,5
661679.0,4
661697.0,2
661716.0,8
661729.0,3
661733.0,5
661740.0,3
661751.0,3
661776.0,3
661799.0,3
661813.0,2
661846.0,6
661851.0,3
661893.0,4
661904.0,4
661913.0,2
661921.0,5
661942.0,3
661947.0,5
662001.0,3
662013.0,2
662026.0,4
662037.0,3
662048.0,4
662055.0,5
662065.0,2
662072.0,4
662126.0,6
662134.0,2
662142.0,3
662145.0,5
662160.0,3
662182.0,6
662209.0,3
662215.0,6
662218.0,4
662225.0,4
662241.0,3
662261.0,11
662285.0,5
662290.0,5
662312.0,2
662322.0,7
662390.0,3
662407.0,2
662437.0,4
662447.0,2
662451.0,5
662470.0,2
662488.0,6
662498.0,4
662501.0,2
662549.0,2
662551.0,3
662561.0,4
662605.0,5
662620.0,4
662626.0,3
662631.0,2
662647.0,8
662676.0,4
662701.0,3
662704.0,4
662712.0,2
662730.0,3
662733.0,15
662754.0,4
662762.0,2
662766.0,3
662769.0,2
662772.0,9
662791.0,4
662802.0,4
662843.0,4
662847.0,3
662866.0,4
662876.0,2
662886.0,3
662890.0,11
662953.0,11
662980.0,2
663032.0,5
663039.0,4
663052.0,5
663071.0,2
663104.0,4
663126.0,14
663141.0,3
663148.0,5
663162.0,5
663166.0,6
663176.0,7
663188.0,4
663197.0,7
663223.0,5
663226.0,4
663254.0,4
663274.0,5
663282.0,4
663306.0,9
663325.0,9
663565.0,5
663572.0,14
663586.0,6
663609.0,4
663618.0,2
663626.0,8
663636.0,3
663639.0,3
663655.0,5
663665.0,6
663682.0,2
663692.0,4
663697.0,7
663703.0,5
663743.0,11
663806.0,5
663811.0,5
664064.0,13
664082.0,8
664089.0,4
664097.0,2
664115.0,3
664118.0,4
664145.0,16
664161.0,4
664176.0,5
664180.0,2
664188.0,3
664192.0,5
664207.0,6
664223.0,3
664232.0,8
664258.0,7
664265.0,9
664273.0,3
664278.0,7
664315.0,5
664325.0,5
664330.0,10
664351.0,10
665685.0,24
666637.0,3
666643.0,4
666839.0,6
666844.0,3
666981.0,21
667546.0,16
668761.0,2
669090.0,3
669126.0,2
669153.0,3
669244.0,18
669288.0,4
669705.0,3
669709.0,10
669916.0,16
671146.0,49
671601.0,15
671616.0,5
671936.0,4
671945.0,2
671949.0,6
672125.0,2
672128.0,6
672133.0,3
672163.0,6
672169.0,3
672172.0,11
672189.0,4
672193.0,3
672196.0,3
672199.0,4
672203.0,4
672265.0,4
672310.0,2
672312.0,3
672315.0,6
672322.0,7
672330.0,9
672341.0,9
672361.0,3
672372.0,3
672375.0,2
672379.0,4
672381.0,2
672389.0,7
672400.0,5
672410.0,4
672424.0,5
672429.0,9
672459.0,12
672471.0,6
672477.0,4
672484.0,16
672499.0,4
672525.0,6
672533.0,5
672543.0,16
672564.0,4
672568.0,4
672585.0,8
672603.0,5
672616.0,2
672631.0,11
672641.0,8
672649.0,8
672661.0,4
672665.0,3
672681.0,8
672698.0,7
672717.0,6
672723.0,2
672725.0,4
672735.0,4
672743.0,9
672769.0,12
672782.0,2
672801.0,16
672845.0,8
672853.0,6
672864.0,9
672873.0,8
672926.0,11
672962.0,3
672982.0,10
673024.0,9
673079.0,6
673088.0,2
673090.0,12
673122.0,3
673132.0,5
673141.0,3
673146.0,8
673156.0,6
673175.0,6
673183.0,2
673187.0,5
673198.0,6
673205.0,4
673211.0,2
673213.0,3
673221.0,7
673248.0,3
673267.0,6
673351.0,6
673363.0,5
673373.0,6
673379.0,3
673383.0,4
673386.0,14
673400.0,17
673418.0,11
673428.0,9
673437.0,6
673452.0,5
673468.0,11
673479.0,5
673484.0,11
673501.0,9
673504.0,5
673508.0,2
673510.0,10
673529.0,5
673535.0,3
673537.0,5
673543.0,4
673546.0,2
673550.0,5
673556.0,12
673566.0,5
673570.0,2
673576.0,10
673583.0,8
673592.0,11
673601.0,7
673609.0,6
673623.0,16
673642.0,7
673653.0,4
673657.0,3
673660.0,5
673667.0,14
673688.0,3
673691.0,11
673705.0,7
673711.0,4
673728.0,7
673736.0,12
673747.0,5
673770.0,9
673779.0,3
673781.0,7
673794.0,3
673809.0,12
673824.0,3
673828.0,3
673844.0,2
673855.0,4
673858.0,3
673860.0,3
673873.0,4
673879.0,3
673890.0,6
673898.0,7
673907.0,9
673915.0,3
673918.0,10
673935.0,5
673944.0,15
673964.0,5
673972.0,4
673979.0,6
673982.0,2
673988.0,6
673992.0,4
673996.0,3
674010.0,2
674017.0,6
674023.0,5
674029.0,7
674048.0,3
674051.0,2
674054.0,5
674061.0,5
674069.0,10
674094.0,3
674097.0,5
674102.0,8
674111.0,4
674118.0,4
674121.0,3
674127.0,8
674147.0,14
674163.0,7
674171.0,16
674187.0,8
674208.0,4
674214.0,7
674224.0,7
674256.0,3
674261.0,3
674289.0,5
674294.0,6
674301.0,8
674309.0,4
674335.0,2
674359.0,6
674367.0,9
674377.0,8
674384.0,3
674391.0,9
674396.0,2
674402.0,2
674406.0,9
674417.0,3
674423.0,6
674432.0,5
674449.0,4
674465.0,3
674486.0,8
674500.0,11
674511.0,4
674518.0,6
674524.0,2
674526.0,2
674535.0,4
674537.0,11
674551.0,2
674564.0,3
674567.0,5
674574.0,5
674580.0,5
674602.0,4
674604.0,3
674612.0,4
674621.0,5
674630.0,3
674636.0,3
674649.0,9
674658.0,2
674662.0,3
674667.0,14
674680.0,3
674683.0,6
674689.0,3
674692.0,4
674696.0,3
674702.0,4
674708.0,2
674717.0,3
674720.0,6
674726.0,5
674753.0,4
674760.0,2
674767.0,5
674776.0,3
674786.0,4
674797.0,2
674813.0,2
674822.0,2
674836.0,13
674886.0,3
674891.0,8
674917.0,4
674922.0,4
674925.0,7
674932.0,3
674939.0,6
674948.0,5
674959.0,9
674966.0,2
674971.0,5
674973.0,3
674976.0,3
674982.0,8
674990.0,3
674993.0,6
675000.0,4
675006.0,3
675013.0,6
675024.0,3
675040.0,4
675078.0,4
675098.0,3
675109.0,6
675121.0,2
675140.0,5
675148.0,2
675160.0,2
675171.0,4
675178.0,4
675187.0,2
675189.0,7
675196.0,3
675199.0,4
675205.0,3
675208.0,3
675218.0,6
675224.0,5
675243.0,4
675246.0,3
675249.0,3
675255.0,6
675272.0,5
675299.0,7
675304.0,4
675310.0,3
675319.0,5
675332.0,5
675339.0,4
675343.0,3
675350.0,4
675360.0,6
675368.0,5
675379.0,5
675382.0,3
675385.0,5
675390.0,6
675396.0,2
675398.0,4
675404.0,6
675410.0,5
675421.0,4
675434.0,5
675437.0,4
675441.0,2
675443.0,4
675460.0,6
675467.0,5
675475.0,6
675478.0,2
675482.0,4
675484.0,6
675498.0,13
675515.0,8
675522.0,4
675541.0,2
675551.0,2
675556.0,3
675566.0,6
675578.0,6
675597.0,6
675615.0,2
675619.0,4
675624.0,5
675628.0,4
675635.0,6
675641.0,4
675659.0,2
675684.0,4
675719.0,5
675723.0,4
675727.0,6
675734.0,2
675736.0,2
675752.0,5
675758.0,3
675760.0,5
675768.0,6
675771.0,7
675779.0,3
675796.0,9
675805.0,9
675814.0,2
675818.0,14
675835.0,5
675837.0,3
675841.0,4
675862.0,3
675865.0,3
675869.0,8
675896.0,8
675916.0,4
675920.0,3
675923.0,2
675949.0,5
675957.0,2
675967.0,3
675971.0,2
675985.0,3
675993.0,3
675996.0,4
676011.0,4
676029.0,4
676048.0,4
676065.0,3
676068.0,2
676078.0,4
676092.0,6
676103.0,3
676105.0,6
676124.0,3
676131.0,3
676137.0,4
676157.0,4
676160.0,2
676185.0,2
676202.0,4
676223.0,4
676240.0,4
676276.0,6
676289.0,4
676294.0,4
676318.0,4
676321.0,2
676325.0,2
676327.0,2
676332.0,3
676335.0,6
676342.0,4
676345.0,4
676350.0,2
676360.0,6
676388.0,3
676391.0,8
676400.0,4
676426.0,5
676430.0,4
676436.0,3
676440.0,3
676450.0,4
676476.0,2
676479.0,5
676488.0,3
676511.0,4
676525.0,3
676530.0,3
676558.0,3
676581.0,4
676620.0,3
676631.0,2
676634.0,4
676654.0,4
676662.0,4
676668.0,7
676696.0,3
676706.0,5
676727.0,5
676744.0,4
676747.0,4
676763.0,4
676776.0,2
676780.0,2
676802.0,4
676815.0,5
676834.0,4
676843.0,4
676847.0,4
676861.0,4
676877.0,5
676906.0,4
676917.0,4
676932.0,5
676942.0,3
676963.0,2
676990.0,3
676999.0,5
677017.0,5
677031.0,3
677039.0,11
677065.0,7
677090.0,3
677108.0,2
677115.0,2
677120.0,4
677135.0,2
677150.0,8
677158.0,5
677173.0,2
677179.0,2
677187.0,10
677210.0,3
677213.0,2
677215.0,5
677221.0,4
677234.0,3
677244.0,5
677256.0,3
677304.0,3
677327.0,2
677345.0,3
677370.0,2
677395.0,5
677405.0,6
677430.0,4
677471.0,8
677483.0,2
677491.0,7
677540.0,6
677546.0,2
677561.0,4
677578.0,3
677605.0,2
677614.0,2
677622.0,2
677629.0,5
677643.0,3
677650.0,2
677670.0,3
677691.0,4
677697.0,5
677705.0,4
677720.0,11
677737.0,5
677758.0,4
677768.0,3
677800.0,6
677846.0,3
677901.0,5
677909.0,2
677911.0,4
677925.0,3
677930.0,4
677934.0,3
677941.0,4
677977.0,3
677999.0,4
678017.0,4
678021.0,2
678029.0,3
678055.0,6
678080.0,5
678095.0,7
678115.0,3
678118.0,3
678157.0,4
678163.0,6
678189.0,4
678210.0,3
678214.0,2
678220.0,6
678229.0,2
678245.0,3
678254.0,3
678274.0,3
678311.0,3
678319.0,5
678323.0,8
678344.0,3
678361.0,3
678364.0,4
678376.0,3
678379.0,2
678420.0,2
678451.0,4
678460.0,2
678463.0,7
678492.0,3
678495.0,2
678509.0,2
678520.0,2
678592.0,3
678603.0,4
678617.0,3
678624.0,3
678662.0,2
678664.0,7
678712.0,3
678726.0,2
678785.0,3
678827.0,4
678884.0,3
678902.0,2
678914.0,2
678924.0,4
678944.0,2
678969.0,5
678982.0,4
678993.0,6
679001.0,4
679043.0,2
679052.0,3
679056.0,3
679069.0,6
679097.0,8
679105.0,3
679148.0,2
679151.0,3
679157.0,3
679169.0,5
679185.0,6
679190.0,2
679211.0,4
679252.0,2
679256.0,5
679265.0,2
679269.0,2
679292.0,3
679300.0,4
679331.0,6
679390.0,10
679402.0,6
679436.0,3
679439.0,2
679469.0,4
679499.0,4
679521.0,2
679535.0,6
679548.0,3
679562.0,3
679584.0,11
679609.0,5
679614.0,4
679644.0,4
679651.0,2
679655.0,4
679659.0,2
679663.0,3
679705.0,3
679716.0,3
679734.0,3
679740.0,2
679774.0,3
679789.0,7
679797.0,2
679836.0,2
679849.0,7
679872.0,7
679896.0,5
679904.0,4
679916.0,3
679921.0,5
679928.0,4
679932.0,2
679937.0,3
679950.0,2
679952.0,4
679962.0,3
679966.0,3
679991.0,5
680000.0,8
680014.0,5
680020.0,2
680055.0,3
680062.0,3
680084.0,6
680098.0,3
680113.0,4
680129.0,3
680147.0,4
680160.0,4
680177.0,6
680206.0,3
680238.0,5
680271.0,2
680283.0,4
680291.0,3
680294.0,5
680320.0,3
680323.0,2
680327.0,4
680352.0,2
680361.0,2
680365.0,2
680371.0,2
680373.0,4
680393.0,3
680397.0,11
680407.0,3
680413.0,2
680423.0,3
680438.0,6
680464.0,3
680507.0,3
680595.0,2
680599.0,4
680631.0,4
680636.0,3
680641.0,5
680646.0,14
680671.0,9
680686.0,4
680728.0,3
680784.0,2
680805.0,2
680810.0,4
680844.0,2
680847.0,6
680859.0,3
680897.0,3
680906.0,2
680922.0,4
680936.0,2
680942.0,6
681009.0,9
681021.0,4
681028.0,3
681057.0,4
681105.0,5
681143.0,6
681174.0,4
681250.0,5
681275.0,33
681308.0,3
681341.0,21
681362.0,10
681375.0,33
681405.0,16
681421.0,9
681439.0,50
681489.0,70
681565.0,13
681578.0,15
681593.0,17
681610.0,10
681622.0,10
681676.0,24
681700.0,6
681706.0,4
681710.0,7
681722.0,5
681727.0,11
681738.0,3
681742.0,7
681749.0,5
681753.0,13
681767.0,7
681774.0,7
681784.0,16
681800.0,6
681807.0,13
681820.0,11
681830.0,7
681838.0,9
681849.0,8
681856.0,15
681871.0,14
681907.0,7
681916.0,17
681940.0,12
681952.0,5
681964.0,9
681973.0,8
681981.0,2
681986.0,4
681990.0,2
681994.0,9
682010.0,3
682013.0,4
682019.0,13
682031.0,7
682038.0,22
682060.0,9
682068.0,6
682081.0,6
682101.0,4
682105.0,4
682162.0,6
682169.0,4
682213.0,11
682222.0,5
682232.0,8
682240.0,8
682248.0,4
682253.0,2
682256.0,13
682273.0,5
682278.0,3
682281.0,8
682307.0,3
682313.0,7
682355.0,6
682369.0,5
682376.0,5
682393.0,13
682406.0,10
682445.0,13
682480.0,3
682483.0,2
682486.0,5
682493.0,13
682505.0,2
682507.0,2
682510.0,4
682530.0,4
682554.0,18
682574.0,5
682595.0,4
682601.0,7
682607.0,6
682628.0,4
682631.0,13
682645.0,7
682680.0,2
682682.0,6
682689.0,5
682705.0,16
682720.0,4
682724.0,2
682733.0,4
682758.0,16
682778.0,10
682789.0,10
682798.0,5
682803.0,2
682805.0,50
682876.0,4
682880.0,17
682904.0,4
682908.0,5
682923.0,4
682939.0,2
682968.0,5
682972.0,6
682978.0,2
682980.0,2
682985.0,7
682991.0,3
682995.0,6
683000.0,11
683012.0,5
683016.0,14
683030.0,2
683032.0,17
683057.0,10
683072.0,4
683086.0,7
683095.0,3
683098.0,9
683107.0,4
683118.0,11
683129.0,3
683158.0,4
683162.0,12
683174.0,5
683179.0,7
683190.0,6
683217.0,7
683232.0,8
683240.0,8
683249.0,10
683265.0,6
683274.0,4
683299.0,10
683316.0,4
683332.0,5
683341.0,4
683348.0,25
683381.0,5
683385.0,3
683388.0,9
683405.0,4
683408.0,15
683422.0,3
683425.0,16
683444.0,7
683451.0,4
683472.0,3
683484.0,3
683513.0,6
683521.0,8
683528.0,4
683540.0,8
683561.0,6
683566.0,8
683574.0,8
683582.0,2
683584.0,3
683594.0,10
683630.0,4
683657.0,4
683661.0,4
683666.0,32
683697.0,4
683725.0,11
683734.0,6
683750.0,4
683761.0,5
683770.0,5
683782.0,7
683797.0,3
683811.0,12
683830.0,6
683836.0,12
683854.0,12
683864.0,4
683870.0,8
683879.0,7
683901.0,7
683905.0,7
683918.0,4
683929.0,2
683941.0,15
683954.0,3
683957.0,17
683974.0,9
683983.0,4
684005.0,3
684016.0,6
684022.0,13
684039.0,4
684050.0,5
684060.0,13
684098.0,6
684106.0,4
684110.0,4
684115.0,11
684125.0,3
684144.0,10
684176.0,2
684194.0,17
684211.0,3
684215.0,11
684225.0,14
684242.0,2
684245.0,6
684254.0,3
684280.0,8
684291.0,5
684295.0,5
684306.0,3
684309.0,16
684353.0,9
684362.0,4
684366.0,3
684377.0,10
684399.0,5
684413.0,2
684415.0,4
684420.0,3
684434.0,10
684459.0,3
684472.0,5
684487.0,5
684491.0,13
684532.0,7
684537.0,3
684540.0,5
684549.0,8
684557.0,11
684607.0,4
684610.0,18
684628.0,10
684639.0,8
684647.0,6
684652.0,7
684664.0,3
684673.0,6
684678.0,11
684689.0,7
684725.0,5
684727.0,17
684745.0,5
684757.0,4
684773.0,33
684807.0,6
684811.0,7
684819.0,8
684854.0,7
684873.0,7
684881.0,16
684910.0,2
684912.0,5
684917.0,7
684932.0,7
684939.0,25
684977.0,4
684982.0,3
684985.0,13
685004.0,5
685024.0,13
685038.0,4
685044.0,4
685046.0,3
685062.0,4
685065.0,3
685068.0,5
685076.0,5
685097.0,6
685103.0,7
685128.0,9
685137.0,7
685173.0,12
685183.0,3
685187.0,3
685192.0,13
685233.0,15
685275.0,4
685296.0,4
685300.0,2
685302.0,2
685304.0,5
685323.0,4
685333.0,4
685342.0,9
685416.0,7
685426.0,6
685471.0,6
685476.0,22
685499.0,5
685505.0,2
685510.0,3
685513.0,9
685554.0,3
685557.0,4
685561.0,13
685581.0,4
685592.0,7
685599.0,4
685617.0,5
685637.0,12
685664.0,2
685666.0,2
685668.0,4
685676.0,6
685681.0,4
685685.0,7
685695.0,7
685702.0,2
685704.0,2
685709.0,32
685745.0,24
685771.0,2
685773.0,6
685785.0,5
685794.0,8
685805.0,4
685823.0,7
685829.0,8
685837.0,6
685854.0,3
685860.0,6
685866.0,12
685884.0,13
685898.0,5
685902.0,7
685912.0,6
685935.0,2
685937.0,3
685954.0,3
685964.0,10
685989.0,5
685995.0,3
685999.0,4
686023.0,8
686035.0,3
686038.0,5
686047.0,2
686050.0,8
686057.0,9
686084.0,4
686094.0,7
686101.0,8
686110.0,4
686117.0,10
686151.0,3
686162.0,9
686174.0,5
686180.0,3
686192.0,10
686202.0,4
686239.0,2
686241.0,4
686250.0,9
686258.0,4
686262.0,2
686286.0,5
686288.0,5
686313.0,8
686321.0,5
686336.0,9
686408.0,5
686420.0,10
686428.0,6
686435.0,5
686439.0,7
686483.0,21
686507.0,13
686520.0,5
686531.0,5
686536.0,17
686555.0,4
686559.0,4
686563.0,4
686588.0,18
686608.0,9
686627.0,13
686645.0,2
686652.0,4
686664.0,3
686669.0,8
686689.0,12
686704.0,12
686723.0,3
686726.0,8
686733.0,7
686751.0,6
686756.0,2
686758.0,7
686765.0,2
686767.0,6
686773.0,8
686783.0,23
686823.0,4
686827.0,5
686832.0,2
686837.0,21
686857.0,3
686867.0,9
686891.0,8
686898.0,4
686902.0,5
686911.0,2
686955.0,16
686971.0,2
686974.0,3
686979.0,2
686989.0,5
687013.0,10
687024.0,9
687038.0,17
687052.0,5
687059.0,6
687065.0,7
687075.0,2
687080.0,11
687088.0,5
687093.0,7
687100.0,3
687103.0,2
687105.0,3
687116.0,2
687129.0,12
687155.0,7
687185.0,7
687199.0,3
687220.0,7
687227.0,12
687245.0,4
687248.0,11
687259.0,10
687269.0,3
687293.0,2
687298.0,2
687300.0,5
687305.0,2
687314.0,10
687333.0,10
687388.0,3
687397.0,5
687427.0,6
687436.0,4
687440.0,3
687444.0,3
687446.0,2
687478.0,5
687483.0,2
687500.0,3
687524.0,4
687533.0,2
687542.0,21
687562.0,2
687567.0,4
687571.0,2
687581.0,14
687602.0,10
687614.0,5
687632.0,7
687662.0,13
687680.0,9
687699.0,16
687732.0,5
687738.0,4
687743.0,10
687763.0,5
687784.0,6
687803.0,9
687811.0,2
687813.0,17
687830.0,5
687855.0,4
687860.0,17
687881.0,2
687883.0,2
687885.0,3
687894.0,10
687904.0,10
687919.0,3
687921.0,2
687965.0,8
687982.0,5
687987.0,2
687995.0,4
688004.0,4
688006.0,5
688011.0,5
688016.0,13
688029.0,11
688045.0,20
688072.0,15
688110.0,11
688121.0,9
688129.0,6
688143.0,4
688158.0,3
688165.0,11
688176.0,2
688185.0,2
688188.0,9
688206.0,10
688228.0,18
688248.0,9
688257.0,9
688267.0,11
688301.0,5
688308.0,17
688331.0,2
688340.0,28
688367.0,7
688383.0,3
688392.0,2
688396.0,10
688404.0,3
688407.0,3
688429.0,5
688435.0,3
688452.0,8
688460.0,5
688466.0,8
688475.0,5
688481.0,28
688524.0,2
688526.0,3
688542.0,9
688580.0,3
688597.0,3
688603.0,11
688626.0,4
688656.0,8
688671.0,4
688676.0,4
688681.0,4
688702.0,4
688709.0,6
688719.0,9
688727.0,3
688732.0,3
688735.0,22
688797.0,7
688842.0,12
688852.0,3
688864.0,21
688914.0,6
688926.0,5
688933.0,12
688950.0,4
688955.0,4
688957.0,8
688987.0,6
689061.0,14
689075.0,3
689079.0,6
689088.0,2
689091.0,6
689096.0,3
689126.0,9
689135.0,2
689145.0,4
689154.0,4
689162.0,6
689171.0,5
689176.0,4
689180.0,5
689187.0,2
689193.0,8
689204.0,8
689216.0,4
689220.0,7
689227.0,2
689232.0,6
689246.0,16
689266.0,6
689280.0,5
689288.0,5
689297.0,3
689331.0,12
689345.0,31
689374.0,4
689378.0,5
689383.0,4
689395.0,4
689403.0,8
689411.0,6
689417.0,14
689432.0,8
689440.0,4
689443.0,3
689449.0,9
689459.0,3
689464.0,12
689534.0,8
689540.0,3
689543.0,5
689548.0,4
689554.0,11
689578.0,2
689582.0,6
689598.0,4
689602.0,2
689623.0,3
689626.0,4
689630.0,5
689643.0,6
689683.0,5
689688.0,4
689692.0,2
689697.0,2
689701.0,7
689707.0,13
689719.0,7
689734.0,5
689745.0,4
689752.0,8
689764.0,4
689778.0,5
689794.0,6
689804.0,3
689839.0,4
689859.0,9
689868.0,10
689878.0,9
689907.0,2
689909.0,5
689916.0,5
689927.0,3
689930.0,7
689944.0,5
689959.0,3
689967.0,5
689974.0,19
689996.0,2
690031.0,3
690035.0,8
690080.0,4
690098.0,5
690117.0,4
690121.0,7
690132.0,3
690149.0,6
690154.0,4
690158.0,2
690195.0,5
690201.0,8
690210.0,12
690223.0,7
690230.0,7
690239.0,2
690260.0,2
690288.0,2
690290.0,4
690309.0,4
690314.0,4
690331.0,5
690336.0,5
690346.0,5
690357.0,17
690378.0,3
690421.0,2
690424.0,17
690442.0,8
690472.0,8
690479.0,3
690483.0,4
690487.0,14
690507.0,5
690516.0,4
690520.0,2
690531.0,12
690579.0,4
690593.0,4
690600.0,4
690623.0,4
690626.0,4
690636.0,12
690682.0,3
690838.0,160
690996.0,184
691180.0,30
691210.0,263
691473.0,46
691519.0,36
691555.0,33
691589.0,160
691748.0,16
691764.0,23
691787.0,125
691913.0,45
691958.0,181
692138.0,156
692294.0,67
692361.0,163
692524.0,2
692526.0,18
692654.0,4
692658.0,48
692706.0,46
692752.0,125
692917.0,19
692936.0,17
692953.0,51
693089.0,32
693120.0,18
693138.0,68
693206.0,57
693263.0,27
693290.0,29
693319.0,19
693338.0,37
693375.0,26
693401.0,45
693446.0,2
693448.0,71
693519.0,14
693534.0,136
693669.0,24
693693.0,243
693936.0,2
693939.0,23
693961.0,55
694016.0,98
694114.0,21
694135.0,36
694172.0,20
694285.0,21
694307.0,42
694348.0,7
694357.0,78
694433.0,87
694520.0,12
694533.0,5
694537.0,22
694570.0,17
694587.0,10
694597.0,3
694601.0,41
694685.0,50
694964.0,6
694970.0,9
694979.0,18
695055.0,11
695228.0,22
695250.0,13
695265.0,5
695268.0,7
695275.0,10
695285.0,31
695316.0,79
695418.0,32
695475.0,35
695539.0,23
695562.0,7
695570.0,19
695588.0,52
695640.0,5
695645.0,10
695655.0,7
695662.0,20
695682.0,6
695706.0,63
695769.0,35
695804.0,7
695811.0,22
695833.0,6
695872.0,15
695887.0,14
695901.0,3
695905.0,7
695911.0,19
695934.0,15
695963.0,35
696001.0,39
696044.0,9
696053.0,15
696068.0,5
696073.0,76
696149.0,12
696161.0,8
696216.0,4
696220.0,10
696230.0,35
696265.0,3
696268.0,41
696309.0,14
696323.0,31
696354.0,71
696426.0,9
696482.0,7
696496.0,57
696556.0,16
696573.0,22
696594.0,10
696604.0,3
696640.0,11
696651.0,17
696669.0,50
696718.0,5
696724.0,27
696829.0,5
696903.0,24
696926.0,10
696936.0,36
696972.0,7
696979.0,19
696998.0,19
697036.0,47
697083.0,16
697099.0,8
697107.0,32
697140.0,6
697145.0,49
697194.0,44
697239.0,8
697246.0,22
697269.0,52
697320.0,7
697327.0,13
697340.0,11
697351.0,3
697354.0,7
697381.0,11
697424.0,34
697460.0,7
697465.0,47
697550.0,16
697567.0,9
697575.0,14
697590.0,6
697595.0,2
697597.0,3
697600.0,72
697718.0,9
697761.0,2
697763.0,41
697817.0,2
697819.0,5
697824.0,17
697842.0,19
697881.0,38
697917.0,5
697922.0,20
697942.0,24
697967.0,7
697974.0,8
697981.0,30
698011.0,16
698028.0,17
698046.0,10
698055.0,34
698088.0,9
698097.0,14
698111.0,19
698130.0,34
698186.0,92
698279.0,15
698366.0,14
698387.0,8
698440.0,20
698460.0,20
698481.0,24
698504.0,5
698509.0,88
698635.0,18
698652.0,9
698662.0,22
698685.0,60
698744.0,8
698772.0,17
698790.0,8
698798.0,19
698838.0,10
698848.0,22
698869.0,7
698876.0,16
698895.0,25
698920.0,6
698926.0,54
699006.0,27
699034.0,4
699038.0,13
699051.0,8
699059.0,19
699088.0,5
699122.0,16
699152.0,10
699162.0,24
699187.0,22
699219.0,16
699250.0,8
699284.0,15
699307.0,33
699340.0,21
699361.0,7
699368.0,13
699381.0,2
699513.0,43
699557.0,4
699560.0,14
699576.0,34
699712.0,4
699736.0,6
699752.0,4
699760.0,4
699767.0,3
699805.0,5
699818.0,3
699825.0,3
699841.0,3
699856.0,5
699892.0,3
699895.0,2
699911.0,2
699914.0,3
699955.0,9
699969.0,2
699981.0,3
700013.0,2
700040.0,6
700063.0,5
700085.0,5
700112.0,4
700123.0,6
700150.0,3
700186.0,4
700244.0,4
700271.0,3
700273.0,3
700281.0,10
700291.0,3
700308.0,5
700343.0,3
700352.0,7
700389.0,6
700394.0,4
700402.0,3
700411.0,2
700439.0,2
700450.0,2
700467.0,5
700493.0,5
700498.0,4
700505.0,3
700508.0,2
700511.0,6
700564.0,4
700570.0,8
700605.0,3
700631.0,5
700642.0,8
700654.0,5
700659.0,2
700703.0,3
700715.0,4
700751.0,7
700768.0,3
700771.0,3
700774.0,4
700797.0,3
700808.0,3
700816.0,7
700824.0,6
700880.0,3
700911.0,35
700946.0,9
700972.0,5
700983.0,16
700999.0,6
701005.0,2
701046.0,8
701089.0,11
701117.0,5
701123.0,7
701131.0,7
701136.0,6
701154.0,3
701168.0,2
701205.0,8
701225.0,6
701291.0,18
701337.0,4
701341.0,3
701460.0,34
701501.0,3
701504.0,5
701531.0,26
701609.0,9
701654.0,6
701665.0,4
701688.0,4
701732.0,5
701740.0,3
701824.0,2
701828.0,6
701833.0,20
701932.0,7
701939.0,4
701943.0,6
701969.0,2
701973.0,4
702012.0,7
702026.0,5
702061.0,6
702101.0,2
702113.0,2
702115.0,9
702138.0,3
702167.0,4
702211.0,2
702213.0,6
702224.0,6
702243.0,2
702245.0,3
702256.0,3
702261.0,3
702264.0,3
702279.0,3
702285.0,5
702295.0,4
702305.0,3
702309.0,9
702319.0,30
702356.0,2
702366.0,3
702380.0,3
702423.0,4
702488.0,5
702553.0,28
702631.0,5
702711.0,6
702773.0,2
702785.0,2
702790.0,13
702866.0,2
702868.0,7
702875.0,17
702892.0,10
702905.0,13
702931.0,10
702957.0,2
702959.0,5
702988.0,6
702994.0,4
702998.0,11
703011.0,4
703067.0,4
703071.0,4
703115.0,8
703122.0,6
703182.0,2
703212.0,8
703405.0,11
703421.0,5
703467.0,2
703714.0,3
703788.0,15
703904.0,8
703928.0,6
704029.0,6
704036.0,4
704039.0,2
704049.0,7
704054.0,4
704058.0,2
704062.0,8
704073.0,2
704075.0,4
704085.0,7
704102.0,21
704251.0,4
704255.0,14
704290.0,9
704303.0,15
704348.0,3
704378.0,2
704389.0,4
704393.0,12
704815.0,6
704832.0,4
705030.0,5
705042.0,3
705378.0,2
705396.0,2
705398.0,2
705401.0,9
705478.0,3
705485.0,6
705626.0,3
705640.0,2
705646.0,9
705746.0,3
705808.0,2
705859.0,2
705863.0,5
705922.0,2
705924.0,10
705935.0,3
705937.0,11
706029.0,4
706041.0,5
706048.0,11
706092.0,6
706114.0,10
706261.0,3
706308.0,16
706394.0,7
706409.0,6
706427.0,4
706913.0,59
706978.0,3
706984.0,3
706996.0,2
707145.0,2
707254.0,4
707265.0,5
707423.0,8
707431.0,5
707436.0,9
707503.0,12
707570.0,4
707584.0,2
707586.0,5
707617.0,8
707630.0,3
707635.0,13
707706.0,3
707839.0,18
707857.0,2
707861.0,3
707940.0,2
707977.0,6
708050.0,2
708094.0,7
708110.0,10
708128.0,2
708183.0,8
708188.0,14
708216.0,3
708221.0,6
708255.0,4
708395.0,6
708419.0,16
708542.0,3
708651.0,3
708666.0,5
708671.0,7
708707.0,2
708733.0,11
708759.0,5
708827.0,2
708991.0,8
709084.0,2
709140.0,3
709178.0,2
709343.0,2
709448.0,3
709653.0,3
709662.0,6
709671.0,9
709832.0,7
709855.0,3
709898.0,6
709931.0,6
709969.0,3
710892.0,5
710897.0,2
711395.0,4
711433.0,3
711548.0,4
712018.0,3
712350.0,4
712917.0,6
712926.0,6
713033.0,2
713204.0,3
713841.0,6
714608.0,2
714761.0,24
714800.0,2
714809.0,4
714812.0,3
714818.0,13
714828.0,3
714831.0,4
714835.0,2
714837.0,9
714847.0,5
714851.0,3
714856.0,11
714866.0,4
714869.0,6
714878.0,28
714905.0,13
714918.0,6
714924.0,6
714930.0,8
714938.0,6
714980.0,14
714994.0,11
715005.0,4
715015.0,2
715022.0,15
715047.0,2
715080.0,11
715110.0,5
715114.0,8
715122.0,11
715184.0,10
715202.0,6
715209.0,9
715217.0,3
715221.0,7
715232.0,2
715270.0,9
715284.0,6
715328.0,8
715336.0,2
715338.0,9
715347.0,7
715372.0,13
715385.0,4
715389.0,12
715407.0,13
715444.0,2
715446.0,3
715449.0,11
715463.0,17
715482.0,7
715494.0,3
715498.0,4
715503.0,13
715514.0,13
715549.0,5
715560.0,5
715565.0,2
715567.0,2
715583.0,4
715600.0,2
715606.0,4
715614.0,8
715628.0,10
715638.0,2
715643.0,8
715648.0,2
715663.0,3
715689.0,2
715695.0,4
715702.0,4
715723.0,7
715731.0,4
715734.0,17
715756.0,2
715766.0,11
715777.0,11
715794.0,2
715807.0,7
715814.0,3
715817.0,8
715825.0,11
715849.0,7
715863.0,3
715865.0,2
715868.0,3
715876.0,7
715883.0,3
715890.0,3
715899.0,2
715902.0,4
715905.0,12
715917.0,2
715927.0,4
715940.0,3
715954.0,9
716012.0,9
716029.0,4
716042.0,7
716046.0,2
716058.0,3
716083.0,14
716114.0,2
716116.0,6
716148.0,13
716167.0,6
716173.0,4
716177.0,4
716186.0,15
716206.0,8
716219.0,4
716235.0,9
716255.0,5
716284.0,9
716344.0,3
716349.0,2
716384.0,4
716387.0,10
716416.0,4
716439.0,3
716442.0,5
716450.0,6
716456.0,4
716471.0,10
716493.0,7
716500.0,4
716511.0,3
716530.0,3
716533.0,2
716566.0,4
716571.0,5
716608.0,5
716613.0,10
716638.0,7
716646.0,18
716663.0,9
716693.0,14
716740.0,14
716794.0,12
716825.0,7
716829.0,4
716833.0,3
716838.0,4
716840.0,2
716843.0,6
716848.0,5
716854.0,4
716865.0,5
716871.0,7
716880.0,6
716885.0,5
716905.0,7
716919.0,6
716951.0,3
716968.0,7
716987.0,2
716989.0,2
717016.0,3
717027.0,2
717037.0,9
717048.0,7
717053.0,5
717069.0,6
717074.0,5
717081.0,2
717088.0,7
717096.0,3
717104.0,9
717122.0,4
717128.0,4
717134.0,3
717180.0,4
717182.0,7
717199.0,7
717205.0,7
717217.0,6
717223.0,4
717243.0,5
717247.0,6
717285.0,5
717295.0,5
717330.0,5
717354.0,3
717356.0,6
717369.0,6
717386.0,3
717395.0,7
717414.0,4
717420.0,2
717426.0,2
717428.0,4
717432.0,2
717434.0,2
717445.0,4
717448.0,2
717453.0,3
717459.0,7
717470.0,6
717488.0,12
717501.0,3
717527.0,5
717542.0,6
717561.0,9
717569.0,3
717572.0,4
717599.0,8
717625.0,5
717630.0,3
717656.0,2
717658.0,4
717662.0,3
717728.0,7
717739.0,7
717746.0,7
717772.0,10
717825.0,5
717842.0,13
717855.0,5
717863.0,3
717888.0,3
717892.0,3
717900.0,2
717902.0,5
717911.0,10
717924.0,2
717941.0,5
717979.0,6
717985.0,5
718001.0,2
718046.0,4
718052.0,2
718054.0,11
718065.0,2
718068.0,5
718090.0,5
718093.0,13
718109.0,5
718149.0,3
718176.0,2
718178.0,6
718193.0,5
718205.0,2
718212.0,6
718218.0,2
718220.0,8
718241.0,10
718266.0,7
718277.0,5
718282.0,2
718321.0,2
718330.0,6
718337.0,3
718353.0,3
718356.0,4
718372.0,3
718376.0,4
718412.0,4
718415.0,13
718459.0,5
718463.0,3
718490.0,6
718496.0,2
718506.0,10
718519.0,7
718522.0,9
718544.0,4
718567.0,3
718585.0,3
718603.0,13
718616.0,4
718631.0,4
718664.0,11
718698.0,3
718702.0,5
718710.0,10
718729.0,9
718761.0,3
718779.0,4
718783.0,2
718809.0,3
718812.0,11
718823.0,4
718827.0,4
718832.0,5
718838.0,4
718840.0,3
718843.0,4
718847.0,4
718852.0,3
718857.0,2
718859.0,2
718861.0,5
718874.0,8
718884.0,2
718895.0,10
718924.0,4
718975.0,8
718985.0,10
719022.0,4
719025.0,2
719028.0,2
719052.0,6
719057.0,2
719075.0,2
719094.0,7
719140.0,2
719142.0,10
719179.0,3
719218.0,5
719252.0,7
719275.0,12
719316.0,3
719318.0,3
719352.0,5
719381.0,6
719390.0,6
719401.0,10
719430.0,5
719440.0,5
719464.0,6
719470.0,5
719521.0,2
719523.0,9
719572.0,9
719582.0,2
719584.0,13
719601.0,7
719626.0,3
719632.0,6
719655.0,7
719688.0,7
719698.0,8
719728.0,8
719741.0,5
719750.0,5
719756.0,10
719811.0,5
719821.0,9
719831.0,10
719840.0,3
719852.0,4
719857.0,9
719868.0,8
719876.0,3
719880.0,3
719885.0,7
719890.0,2
719917.0,5
719921.0,7
719927.0,3
719942.0,3
719946.0,11
719962.0,3
719976.0,6
719981.0,12
719994.0,6
719999.0,3
720016.0,3
720051.0,2
720069.0,2
720074.0,3
720082.0,7
720091.0,12
720102.0,4
720105.0,4
720126.0,6
720132.0,4
720166.0,12
720223.0,5
720228.0,2
720256.0,2
720259.0,5
720272.0,4
720306.0,5
720316.0,2
720328.0,5
720332.0,3
720341.0,8
720353.0,9
720377.0,5
720391.0,3
720396.0,5
720399.0,9
720409.0,3
720421.0,4
720477.0,4
720482.0,4
720486.0,2
720488.0,5
720506.0,3
720519.0,3
720527.0,2
720529.0,3
720588.0,4
720594.0,5
720606.0,3
720610.0,7
720666.0,6
720681.0,8
720693.0,2
720697.0,6
720709.0,3
720714.0,3
720732.0,3
720776.0,2
720782.0,2
720835.0,2
720860.0,4
720864.0,4
720875.0,5
720914.0,8
720921.0,4
720928.0,2
720939.0,2
720943.0,6
720955.0,3
720981.0,8
720989.0,2
720991.0,5
720996.0,5
721008.0,4
721012.0,2
721023.0,3
721034.0,3
721038.0,3
721041.0,6
721047.0,7
721056.0,9
721063.0,4
721077.0,5
721085.0,5
721091.0,17
721137.0,8
721151.0,4
721156.0,10
721166.0,5
721171.0,3
721180.0,15
721213.0,9
721226.0,4
721252.0,2
721261.0,7
721279.0,4
721310.0,7
721320.0,3
721323.0,5
721333.0,6
721350.0,3
721376.0,6
721389.0,3
721399.0,2
721424.0,3
721471.0,2
721473.0,2
721475.0,6
721481.0,7
721559.0,7
721568.0,2
721575.0,3
721642.0,4
721655.0,4
721681.0,3
721703.0,4
721718.0,5
721732.0,4
721737.0,3
721766.0,5
721773.0,2
721776.0,5
721783.0,5
721788.0,2
721793.0,6
721825.0,3
721827.0,3
721833.0,7
721844.0,3
721847.0,8
721868.0,7
721886.0,5
721891.0,3
721893.0,8
721918.0,3
721922.0,5
721943.0,5
721975.0,5
721986.0,3
722006.0,4
722030.0,3
722051.0,6
722083.0,8
722106.0,3
722109.0,4
722136.0,6
722144.0,6
722151.0,3
722155.0,11
722169.0,5
722174.0,9
722183.0,6
722190.0,4
722200.0,5
722211.0,8
722232.0,2
722249.0,3
722252.0,2
722275.0,10
722295.0,5
722300.0,5
722310.0,3
722312.0,2
722327.0,4
722340.0,4
722355.0,4
722359.0,14
722374.0,3
722377.0,8
722443.0,3
722446.0,5
722468.0,3
722475.0,18
722506.0,5
722514.0,7
722524.0,7
722570.0,16
722604.0,14
722617.0,7
722628.0,4
722647.0,2
722655.0,7
722665.0,11
722684.0,4
722691.0,4
722704.0,8
722736.0,3
722740.0,3
722743.0,5
722751.0,9
722773.0,3
722789.0,4
722797.0,10
722820.0,2
722858.0,2
722862.0,2
722868.0,5
722878.0,4
722889.0,2
722901.0,13
722935.0,6
722941.0,8
722988.0,9
722997.0,7
723004.0,6
723019.0,7
723026.0,5
723033.0,6
723043.0,4
723049.0,4
723063.0,3
723076.0,3
723106.0,4
723113.0,7
723128.0,3
723131.0,10
723149.0,14
723163.0,4
723176.0,3
723179.0,7
723187.0,6
723200.0,3
723214.0,14
723228.0,2
723231.0,8
723244.0,4
723248.0,15
723272.0,4
723281.0,6
723286.0,5
723315.0,5
723337.0,6
723366.0,3
723371.0,4
723380.0,11
723421.0,5
723429.0,4
723433.0,3
723463.0,5
723469.0,3
723471.0,3
723483.0,3
723485.0,3
723518.0,2
723520.0,3
723531.0,2
723543.0,3
723554.0,3
723557.0,5
723598.0,5
723613.0,3
723616.0,2
723618.0,6
723626.0,5
723633.0,4
723641.0,18
723667.0,5
723675.0,3
723681.0,4
723689.0,8
723696.0,4
723707.0,4
723711.0,6
723719.0,7
723741.0,4
723744.0,4
723762.0,5
723791.0,3
723794.0,4
723856.0,3
723869.0,10
723898.0,3
723902.0,7
723909.0,2
723911.0,5
723919.0,2
723939.0,4
723958.0,3
723968.0,7
723984.0,2
724004.0,9
724020.0,2
724023.0,9
724041.0,3
724051.0,7
724122.0,2
724153.0,2
724285.0,4
724293.0,2
724425.0,2
724430.0,2
724535.0,4
724639.0,8
724676.0,6
724880.0,2
725013.0,5
725044.0,2
725184.0,4
725216.0,3
725251.0,3
725369.0,2
725380.0,3
725548.0,2
725766.0,2
726308.0,6
726323.0,2
726802.0,2
726846.0,5
726866.0,4
726875.0,7
726891.0,3
726970.0,4
726998.0,10
727082.0,2
727186.0,8
727194.0,2
727196.0,2
727231.0,10
727248.0,8
727264.0,3
727271.0,6
727329.0,2
727343.0,7
727359.0,6
727384.0,3
727488.0,4
727496.0,6
727498.0,5
727504.0,4
727509.0,6
727578.0,2
727602.0,2
727613.0,5
727617.0,6
727629.0,5
727657.0,2
727659.0,5
727679.0,3
727683.0,3
727685.0,3
727689.0,5
727705.0,3
727725.0,3
727749.0,2
727814.0,2
727853.0,6
727863.0,3
727905.0,4
727940.0,11
727965.0,2
728051.0,5
728079.0,6
728233.0,10
728246.0,8
728254.0,3
728289.0,4
728297.0,9
728305.0,5
728327.0,2
728332.0,6
728360.0,3
728372.0,12
728397.0,16
728411.0,4
728415.0,5
728451.0,4
728454.0,10
728512.0,2
728526.0,5
728535.0,3
728543.0,3
728762.0,3
728765.0,5
728793.0,8
728848.0,2
728867.0,7
728897.0,2
728921.0,3
729171.0,3
729213.0,4
729241.0,4
729263.0,2
729265.0,5
729270.0,3
729274.0,3
729278.0,5
729282.0,2
729294.0,6
729311.0,2
729317.0,11
729337.0,9
729384.0,3
729387.0,2
729402.0,3
729409.0,9
729419.0,2
729421.0,3
729424.0,2
729437.0,6
729440.0,12
729457.0,4
729464.0,6
729467.0,2
729469.0,2
729472.0,4
729477.0,8
729507.0,5
729516.0,2
729519.0,10
729534.0,5
729552.0,3
729561.0,6
729577.0,3
729580.0,5
729616.0,5
729662.0,7
729679.0,6
729686.0,5
729715.0,4
729719.0,2
729721.0,6
729770.0,4
729790.0,4
729794.0,3
729797.0,4
729804.0,5
729810.0,3
729814.0,2
729836.0,18
729863.0,9
729867.0,7
729875.0,3
729895.0,9
729905.0,8
729950.0,7
729955.0,2
729964.0,2
730003.0,5
730007.0,2
730022.0,8
730041.0,4
730064.0,2
730069.0,3
730140.0,2
730146.0,6
730160.0,8
730172.0,5
730193.0,7
730211.0,6
730221.0,2
730223.0,4
730228.0,5
730238.0,3
730252.0,3
730276.0,8
730302.0,3
730369.0,6
730381.0,2
730467.0,5
730507.0,5
730579.0,3
730596.0,5
730641.0,6
730667.0,8
730711.0,4
730731.0,2
730734.0,3
730738.0,9
730756.0,9
730769.0,3
730786.0,2
730815.0,8
730821.0,3
730823.0,2
730885.0,2
730892.0,6
730904.0,6
730910.0,7
731400.0,3
731556.0,3
731656.0,5
731660.0,2
731671.0,4
731682.0,2
731698.0,6
731744.0,2
731764.0,9
731773.0,2
731776.0,3
731778.0,2
731826.0,2
731887.0,8
731928.0,3
731947.0,5
731952.0,11
731978.0,2
731992.0,4
732102.0,9
732110.0,12
732197.0,7
732221.0,3
732237.0,2
732276.0,10
732279.0,6
732290.0,4
732295.0,2
735017.0,2
738589.0,4
738606.0,10
738618.0,3
738629.0,4
738640.0,3
738662.0,6
738678.0,3
738692.0,5
738704.0,5
738707.0,3
738721.0,3
738724.0,4
738730.0,3
738736.0,2
738747.0,12
738774.0,4
738781.0,2
738783.0,2
738799.0,2
738804.0,3
738837.0,3
738842.0,2
738875.0,4
738908.0,5
738917.0,5
738936.0,10
739011.0,3
739026.0,2
739058.0,4
739072.0,4
739084.0,4
739166.0,7
739178.0,2
739190.0,2
739207.0,4
739252.0,2
739257.0,4
739278.0,4
739303.0,4
739306.0,4
739311.0,3
739331.0,10
739340.0,2
739365.0,5
739369.0,5
739389.0,9
739402.0,2
739411.0,11
739445.0,5
739461.0,2
739531.0,4
739562.0,6
739573.0,7
739586.0,8
739626.0,4
739630.0,8
739638.0,2
739640.0,12
739657.0,3
739667.0,5
739673.0,8
739683.0,2
739705.0,5
739714.0,6
739719.0,3
739722.0,15
739738.0,4
739741.0,13
739768.0,3
739771.0,9
739788.0,27
739809.0,4
739816.0,3
739992.0,4
739996.0,3
739998.0,6
740018.0,9
740026.0,14
740192.0,6
740211.0,12
740222.0,22
740257.0,7
740264.0,3
740267.0,3
740270.0,5
740278.0,25
740317.0,19
740337.0,3
740358.0,13
740385.0,3
740411.0,8
740452.0,4
740467.0,3
740505.0,10
740591.0,12
740608.0,11
740641.0,5
740661.0,10
740668.0,5
740730.0,9
740744.0,12
740756.0,3
740774.0,7
740779.0,5
740784.0,8
740797.0,8
740800.0,5
740817.0,5
740828.0,4
740832.0,2
740834.0,4
740839.0,7
740849.0,3
740862.0,3
740867.0,3
740869.0,7
740880.0,13
740929.0,5
740934.0,2
740943.0,2
740975.0,6
740994.0,9
741004.0,3
741016.0,3
741019.0,2
741077.0,13
741098.0,5
741163.0,11
741175.0,6
741221.0,3
741231.0,2
741233.0,3
741238.0,10
741262.0,5
741265.0,5
741273.0,6
741292.0,7
741314.0,8
741325.0,8
741336.0,6
741346.0,6
741352.0,2
741354.0,6
741403.0,6
741411.0,4
741415.0,4
741450.0,7
741457.0,10
741467.0,12
741479.0,12
741505.0,5
741548.0,7
741558.0,3
741561.0,3
741566.0,5
741614.0,7
741628.0,6
741633.0,10
741643.0,6
741653.0,22
741696.0,7
741703.0,2
741721.0,13
741745.0,4
741785.0,2
741787.0,8
741798.0,2
741816.0,4
741835.0,14
741858.0,4
741862.0,18
741886.0,4
741896.0,2
741912.0,3
741915.0,5
741926.0,7
741938.0,2
741947.0,8
741977.0,6
741991.0,17
742014.0,10
742036.0,6
742060.0,14
742073.0,6
742079.0,3
742082.0,2
742086.0,4
742089.0,3
742106.0,3
742111.0,6
742117.0,4
742121.0,23
742173.0,17
742199.0,3
742217.0,8
742227.0,5
742232.0,9
742239.0,13
742252.0,9
742289.0,10
742298.0,5
742302.0,9
742324.0,6
742330.0,2
742334.0,21
742353.0,4
742366.0,11
742377.0,7
742381.0,7
742388.0,5
742394.0,11
742405.0,3
742408.0,14
742432.0,2
742448.0,12
742455.0,5
742471.0,14
742474.0,6
742480.0,4
742484.0,5
742489.0,3
742492.0,5
742501.0,3
742504.0,3
742509.0,7
742539.0,19
742559.0,18
742577.0,7
742584.0,6
742608.0,7
742646.0,3
742678.0,5
742683.0,5
742696.0,3
742710.0,8
742715.0,8
742723.0,12
742739.0,8
742757.0,15
742774.0,4
742795.0,2
742807.0,7
742812.0,3
742820.0,9
742845.0,4
742866.0,4
742919.0,5
742943.0,18
742962.0,3
742981.0,9
742988.0,10
743032.0,3
743071.0,9
743075.0,5
743114.0,35
743148.0,2
743162.0,8
743231.0,4
743241.0,3
743264.0,2
743271.0,34
743301.0,4
743343.0,6
743352.0,2
743355.0,7
743365.0,5
743377.0,4
743384.0,4
743391.0,2
743465.0,4
743492.0,4
743529.0,2
743594.0,5
743605.0,2
743608.0,5
743613.0,5
743661.0,2
743663.0,5
743677.0,8
743707.0,14
743721.0,8
743729.0,5
743767.0,4
743779.0,2
743798.0,11
743824.0,4
743828.0,7
743839.0,7
743851.0,30
743881.0,3
743886.0,4
743888.0,6
743940.0,7
743957.0,6
743963.0,2
744007.0,4
744022.0,9
744036.0,5
744043.0,3
744066.0,10
744075.0,31
744107.0,6
744114.0,6
744160.0,9
744173.0,8
744188.0,6
744194.0,2
744196.0,7
744203.0,14
744234.0,4
744285.0,8
744308.0,8
744316.0,13
744329.0,16
744379.0,7
744445.0,11
744562.0,5
744568.0,4
744583.0,3
744591.0,6
744597.0,6
744620.0,15
744637.0,5
744646.0,3
744653.0,3
744701.0,7
744796.0,4
744801.0,5
744925.0,19
744948.0,14
744974.0,4
744987.0,2
745002.0,14
745023.0,9
745027.0,4
745031.0,4
745071.0,2
745099.0,26
745119.0,9
745167.0,5
745172.0,39
745213.0,38
745378.0,10
745388.0,44
745455.0,27
745480.0,41
745550.0,3
745553.0,18
745571.0,4
745575.0,17
745618.0,14
745629.0,47
745694.0,20
745758.0,5
745780.0,20
745819.0,11
745843.0,10
745877.0,2
745897.0,3
745976.0,10
745988.0,8
746075.0,18
746179.0,10
746203.0,13
746241.0,11
746283.0,3
746311.0,5
746316.0,2
746326.0,18
746370.0,5
746372.0,19
746398.0,4
746416.0,37
746459.0,5
746493.0,7
746500.0,6
746508.0,8
746514.0,7
746521.0,6
746544.0,8
746607.0,2
746610.0,2
746623.0,5
746632.0,6
746643.0,7
746770.0,7
746787.0,13
746949.0,14
746988.0,2
747013.0,11
747024.0,23
747049.0,2
747062.0,4
747108.0,26
747184.0,6
747237.0,8
747341.0,5
747345.0,5
747387.0,15
747403.0,2
747406.0,4
747496.0,6
747523.0,6
747535.0,6
747540.0,8
747570.0,2
747572.0,7
747616.0,7
747628.0,5
747633.0,7
747650.0,4
747652.0,5
747657.0,3
747661.0,3
747664.0,5
747669.0,2
747671.0,3
747708.0,2
747719.0,22
747754.0,23
747764.0,5
747776.0,2
747834.0,2
747919.0,5
747923.0,7
747947.0,8
747960.0,15
747996.0,7
748016.0,8
748028.0,8
748115.0,3
749085.0,2
749982.0,18
750786.0,14
751755.0,2
751964.0,3
752007.0,16
752041.0,32
752069.0,6
752131.0,43
752232.0,58
752291.0,32
752362.0,36
752505.0,63
752589.0,10
752650.0,13
752663.0,31
752694.0,6
752754.0,131
752887.0,4
752891.0,2
752897.0,7
752900.0,2
752933.0,10
752983.0,22
753031.0,2
753060.0,3
753466.0,4
753804.0,34
753873.0,9
753880.0,36
753923.0,9
754001.0,7
754032.0,18
754076.0,32
757791.0,363
758154.0,47
758202.0,18
758219.0,16
758236.0,21
758256.0,50
758306.0,47
758353.0,43
758450.0,5
758455.0,8
758464.0,7
758471.0,22
758492.0,9
758501.0,4
758506.0,75
758580.0,5
758585.0,105
758690.0,31
758721.0,67
758788.0,9
758797.0,24
758822.0,65
758886.0,43
758929.0,23
758963.0,9
758973.0,112
759084.0,37
759121.0,4
759125.0,6
759132.0,37
759168.0,68
759236.0,47
759283.0,87
759370.0,6
759376.0,68
759535.0,10
759545.0,25
759570.0,28
759600.0,18
759616.0,13
759629.0,43
759672.0,14
759687.0,43
759729.0,39
759768.0,21
759789.0,3
759792.0,8
759800.0,45
759845.0,5
759856.0,14
759883.0,8
759890.0,17
759907.0,38
759945.0,4
759949.0,74
760023.0,7
760030.0,66
760097.0,59
760156.0,23
760180.0,8
760188.0,48
760236.0,7
760243.0,32
760275.0,66
760341.0,25
760367.0,9
760376.0,14
760393.0,26
760429.0,2
760431.0,19
760456.0,52
760508.0,73
760581.0,3
760584.0,27
760612.0,5
760616.0,4
760620.0,32
760652.0,44
760696.0,14
760711.0,7
760717.0,44
760761.0,32
760793.0,31
760824.0,7
760831.0,41
760872.0,7
760879.0,11
760890.0,30
760920.0,14
760934.0,10
760944.0,44
760988.0,111
761099.0,16
761115.0,32
761182.0,21
761204.0,31
761238.0,2
761241.0,7
761247.0,85
761332.0,20
761352.0,11
761364.0,16
761380.0,23
761403.0,5
761411.0,32
761443.0,4
761447.0,29
761476.0,26
761502.0,14
761516.0,94
761610.0,4
761615.0,13
761628.0,8
761635.0,41
761676.0,26
761702.0,7
761709.0,56
761765.0,10
761775.0,17
761852.0,62
761915.0,16
761930.0,45
761975.0,19
761994.0,3
761997.0,40
762038.0,7
762046.0,20
762079.0,9
762089.0,34
762149.0,8
762154.0,46
762200.0,11
762212.0,21
762234.0,5
762237.0,59
762296.0,9
762305.0,12
762317.0,33
762428.0,10
762475.0,13
762502.0,56
762558.0,6
762564.0,14
762606.0,10
762615.0,13
762628.0,3
762631.0,63
762695.0,8
762702.0,13
762715.0,39
762755.0,35
762789.0,16
762805.0,31
762837.0,9
762845.0,33
762878.0,66
762944.0,11
762955.0,16
763008.0,6
763013.0,5
763019.0,9
763027.0,8
763035.0,26
763061.0,37
763107.0,19
763127.0,27
763154.0,5
763159.0,10
763178.0,3
763181.0,46
763227.0,11
763238.0,24
763262.0,8
763271.0,10
763280.0,4
763284.0,6
763291.0,9
763299.0,11
763311.0,8
763318.0,20
763339.0,13
763351.0,3
763355.0,58
763413.0,7
763432.0,13
763445.0,10
763455.0,22
763477.0,16
763520.0,6
763526.0,4
763533.0,14
763544.0,25
763569.0,63
763633.0,40
763672.0,2
763675.0,7
763681.0,16
763697.0,12
763709.0,16
763725.0,46
763771.0,37
763808.0,4
763812.0,10
763822.0,7
763830.0,12
763841.0,22
763863.0,4
763869.0,17
763887.0,12
763898.0,9
763916.0,16
763929.0,15
763944.0,3
763947.0,11
763958.0,15
763993.0,16
764009.0,37
764046.0,2
764051.0,40
764088.0,2
764092.0,10
764100.0,49
764149.0,23
764172.0,10
764182.0,6
764188.0,49
764237.0,3
764241.0,10
764250.0,5
764255.0,17
764272.0,9
764296.0,8
764304.0,44
764349.0,5
764353.0,4
764372.0,24
764396.0,2
764447.0,7
764453.0,2
764455.0,17
764473.0,4
764476.0,16
764492.0,20
764533.0,24
764559.0,5
764566.0,12
764578.0,15
764591.0,26
764618.0,22
764639.0,9
764718.0,8
764725.0,10
764738.0,14
764752.0,20
764773.0,9
764781.0,33
764826.0,57
764884.0,7
764890.0,2
764924.0,17
764941.0,23
764964.0,4
764968.0,25
764995.0,4
764997.0,10
765007.0,10
765017.0,2
765019.0,3
765022.0,13
765058.0,8
765066.0,11
765077.0,27
765104.0,15
765119.0,54
765173.0,17
765190.0,10
765201.0,34
765234.0,4
765250.0,11
765262.0,63
765331.0,24
765358.0,69
765427.0,51
765478.0,35
765521.0,6
765543.0,5
765546.0,14
765562.0,6
765568.0,37
765605.0,57
765663.0,9
765727.0,19
765752.0,12
765764.0,48
765813.0,7
765820.0,3
765872.0,11
765999.0,5
766004.0,7
766013.0,6
766017.0,12
766029.0,8
766039.0,8
766099.0,16
766114.0,2
766116.0,59
766175.0,9
766205.0,7
766213.0,8
766220.0,39
766277.0,6
766288.0,4
766292.0,25
766317.0,126
766473.0,2
766476.0,20
766558.0,15
766573.0,6
766581.0,60
766639.0,18
766658.0,14
766675.0,23
766699.0,6
766705.0,8
766711.0,18
766730.0,5
766734.0,32
766766.0,5
766771.0,7
766841.0,2
766843.0,2
766845.0,38
766883.0,52
766937.0,30
766978.0,26
767004.0,10
767014.0,40
767054.0,4
767059.0,28
767086.0,8
767107.0,4
767110.0,26
767140.0,11
767168.0,15
767184.0,41
767224.0,19
767243.0,12
767255.0,29
767286.0,12
767296.0,25
767321.0,2
767332.0,2
767337.0,5
767340.0,10
767351.0,5
767355.0,3
767357.0,7
767370.0,2
767372.0,16
767388.0,55
767447.0,21
767470.0,33
767504.0,11
767512.0,12
767524.0,11
767535.0,5
767541.0,3
767544.0,9
767570.0,27
767596.0,15
767616.0,5
767647.0,3
767663.0,23
767686.0,18
767705.0,8
767713.0,46
767759.0,22
767780.0,2
767783.0,12
767812.0,10
767822.0,8
767834.0,51
767886.0,5
767892.0,17
767909.0,4
767913.0,14
767930.0,6
767937.0,19
767962.0,17
767978.0,7
767987.0,11
767996.0,5
768001.0,4
768005.0,17
768022.0,8
768040.0,2
768043.0,9
768052.0,12
768063.0,5
768070.0,10
768078.0,5
768085.0,14
768131.0,9
768145.0,7
768152.0,3
768180.0,5
768184.0,4
768220.0,6
768228.0,39
768265.0,19
768287.0,8
768295.0,9
768305.0,3
768307.0,5
768339.0,3
768342.0,27
768374.0,13
768391.0,3
768394.0,6
768405.0,10
768430.0,6
768452.0,4
768460.0,4
768463.0,8
768471.0,3
768476.0,7
768481.0,10
768494.0,14
768508.0,3
768517.0,7
768523.0,5
768528.0,16
768544.0,14
768560.0,10
768571.0,23
768601.0,2
768604.0,8
768611.0,9
768620.0,13
768633.0,14
768647.0,4
768667.0,2
768669.0,11
768680.0,2
768682.0,3
768685.0,16
768709.0,22
768726.0,3
768729.0,11
768748.0,8
768755.0,10
768765.0,2
768767.0,13
768790.0,3
768792.0,18
768810.0,8
768822.0,12
768830.0,16
768847.0,15
768861.0,6
768867.0,11
768878.0,4
768884.0,3
768898.0,17
768920.0,5
768925.0,16
768946.0,8
768963.0,3
768966.0,2
768984.0,17
769001.0,4
769014.0,20
769055.0,14
769069.0,4
769077.0,6
769084.0,25
769108.0,8
769116.0,14
769130.0,5
769134.0,16
769150.0,7
769157.0,3
769163.0,12
769175.0,4
769179.0,2
769207.0,16
769223.0,14
769253.0,16
769266.0,29
769295.0,14
769311.0,2
769313.0,11
769325.0,19
769355.0,4
769359.0,6
769366.0,4
769411.0,5
769453.0,5
769458.0,14
769483.0,9
769494.0,7
769512.0,9
769524.0,18
769539.0,3
769542.0,3
769550.0,4
769554.0,11
769574.0,5
769585.0,4
769598.0,9
769607.0,4
769614.0,16
769629.0,6
769635.0,3
769641.0,3
769646.0,11
769667.0,11
769678.0,7
769689.0,2
769691.0,2
769724.0,18
769741.0,7
769762.0,5
769766.0,4
769769.0,4
769776.0,4
769787.0,13
769798.0,10
769808.0,5
769815.0,8
769853.0,2
769902.0,7
769915.0,31
769946.0,9
769969.0,4
769972.0,10
769985.0,9
769994.0,7
769998.0,2
770002.0,3
770005.0,6
770015.0,8
770019.0,7
770026.0,3
770039.0,6
770046.0,3
770048.0,4
770054.0,6
770058.0,7
770066.0,5
770071.0,4
770074.0,13
770087.0,12
770099.0,8
770116.0,15
770130.0,3
770134.0,28
770164.0,14
770190.0,6
770201.0,2
770203.0,15
770219.0,8
770249.0,6
770261.0,7
770270.0,2
770272.0,4
770284.0,6
770290.0,5
770295.0,16
770322.0,9
770333.0,14
770347.0,4
770355.0,9
770360.0,2
770362.0,6
770369.0,7
770375.0,3
770386.0,7
770406.0,7
770416.0,11
770424.0,4
770427.0,3
770432.0,9
770440.0,12
770451.0,2
770454.0,3
770459.0,5
770464.0,18
770484.0,3
770487.0,11
770499.0,22
770533.0,5
770538.0,7
770547.0,10
770555.0,8
770574.0,5
770599.0,15
770616.0,6
770622.0,6
770626.0,4
770630.0,2
770632.0,6
770640.0,19
770658.0,5
770662.0,3
770665.0,11
770676.0,46
770722.0,6
770733.0,3
770737.0,6
770742.0,4
770754.0,7
770762.0,9
770776.0,2
770780.0,9
770789.0,6
770796.0,7
770802.0,7
770809.0,3
770812.0,15
770829.0,5
770835.0,9
770843.0,7
770849.0,15
770865.0,13
770877.0,2
770895.0,11
770906.0,4
770918.0,5
770922.0,17
770941.0,7
770946.0,11
770960.0,9
770975.0,5
770993.0,11
771011.0,3
771013.0,3
771017.0,13
771029.0,2
771031.0,6
771042.0,8
771050.0,9
771066.0,3
771070.0,9
771083.0,22
771120.0,19
771140.0,3
771142.0,10
771152.0,8
771162.0,17
771177.0,2
771179.0,8
771187.0,14
771223.0,6
771227.0,6
771233.0,19
771255.0,6
771263.0,5
771275.0,3
771277.0,8
771287.0,8
771304.0,2
771326.0,14
771345.0,6
771358.0,13
771374.0,7
771381.0,5
771387.0,6
771393.0,3
771398.0,8
771403.0,10
771413.0,3
771420.0,5
771424.0,3
771427.0,3
771453.0,3
771458.0,6
771465.0,16
771488.0,12
771509.0,6
771518.0,7
771524.0,3
771529.0,18
771545.0,3
771555.0,6
771560.0,6
771569.0,7
771574.0,3
771580.0,9
771588.0,7
771646.0,4
771649.0,6
771655.0,9
771666.0,18
771683.0,4
771686.0,17
771705.0,11
771714.0,6
771721.0,8
771728.0,16
771744.0,2
771749.0,7
771756.0,4
771759.0,7
771783.0,8
771797.0,10
771815.0,8
771817.0,8
771834.0,17
771844.0,7
771865.0,5
771882.0,3
771885.0,2
771887.0,5
771892.0,11
771918.0,10
771928.0,5
771935.0,12
771948.0,7
771959.0,7
771968.0,6
771974.0,4
771988.0,6
771995.0,10
772010.0,3
772013.0,19
772031.0,4
772045.0,14
772064.0,24
772088.0,3
772092.0,7
772118.0,5
772122.0,2
772131.0,13
772148.0,3
772152.0,3
772154.0,4
772159.0,8
772166.0,23
772208.0,6
772218.0,4
772223.0,12
772233.0,2
772245.0,7
772261.0,4
772269.0,2
772271.0,14
772313.0,8
772318.0,5
772328.0,4
772341.0,3
772352.0,7
772356.0,7
772363.0,2
772372.0,13
772390.0,3
772396.0,3
772400.0,8
772407.0,2
772409.0,8
772418.0,3
772420.0,3
772424.0,7
772445.0,2
772447.0,2
772457.0,7
772463.0,3
772465.0,5
772486.0,7
772493.0,14
772508.0,10
772539.0,5
772554.0,7
772583.0,2
772586.0,13
772600.0,2
772612.0,7
772620.0,3
772623.0,17
772639.0,6
772657.0,3
772659.0,2
772663.0,10
772673.0,10
772683.0,5
772688.0,3
772692.0,3
772697.0,12
772711.0,8
772717.0,4
772720.0,4
772725.0,10
772734.0,2
772738.0,9
772745.0,3
772749.0,4
772753.0,7
772763.0,10
772773.0,6
772779.0,3
772782.0,2
772792.0,13
772811.0,5
772820.0,9
772831.0,10
772838.0,5
772850.0,6
772856.0,5
772860.0,7
772875.0,5
772894.0,4
772916.0,7
772922.0,6
772935.0,20
772955.0,4
772972.0,3
772977.0,6
772983.0,9
772995.0,9
773005.0,12
773017.0,12
773029.0,4
773032.0,22
773058.0,21
773076.0,8
773084.0,17
773101.0,4
773105.0,2
773118.0,4
773136.0,3
773152.0,7
773157.0,10
773168.0,14
773182.0,2
773184.0,3
773190.0,7
773199.0,5
773202.0,5
773207.0,4
773215.0,11
773225.0,8
773237.0,11
773259.0,6
773264.0,10
773275.0,4
773277.0,4
773281.0,9
773311.0,4
773334.0,6
773341.0,5
773353.0,3
773364.0,7
773371.0,5
773381.0,11
773385.0,2
773402.0,4
773413.0,23
773450.0,6
773471.0,14
773482.0,10
773491.0,13
773506.0,8
773514.0,5
773521.0,4
773523.0,9
773559.0,3
773562.0,13
773575.0,5
773580.0,12
773592.0,3
773595.0,4
773607.0,3
773613.0,3
773619.0,10
773628.0,8
773640.0,4
773653.0,3
773659.0,7
773672.0,11
773696.0,7
773705.0,10
773714.0,4
773722.0,15
773742.0,19
773764.0,5
773766.0,3
773780.0,4
773783.0,18
773806.0,7
773809.0,11
773819.0,30
773849.0,4
773859.0,9
773868.0,10
773878.0,18
773896.0,5
773901.0,12
773914.0,3
773918.0,5
773922.0,3
773924.0,8
773935.0,6
773940.0,7
773947.0,4
773954.0,6
773958.0,7
773964.0,2
773966.0,5
773973.0,4
773984.0,11
774001.0,12
774012.0,6
774018.0,20
774053.0,4
774058.0,14
774081.0,8
774108.0,4
774114.0,12
774125.0,2
774129.0,8
774138.0,7
774144.0,8
774152.0,3
774163.0,23
774188.0,14
774200.0,10
774211.0,15
774226.0,3
774229.0,4
774232.0,10
774242.0,8
774250.0,3
774253.0,7
774260.0,8
774268.0,5
774286.0,16
774327.0,10
774337.0,17
774356.0,9
774363.0,9
774383.0,2
774386.0,4
774389.0,5
774396.0,4
774398.0,11
774420.0,10
774430.0,4
774436.0,2
774439.0,5
774444.0,5
774448.0,5
774457.0,7
774467.0,16
774489.0,5
774505.0,6
774518.0,8
774526.0,3
774529.0,4
774533.0,3
774536.0,3
774547.0,27
774576.0,9
774617.0,8
774775.0,3
774972.0,6
775107.0,7
775139.0,5
775151.0,3
775298.0,4
775308.0,6
775315.0,3
775333.0,2
775346.0,3
775356.0,4
775676.0,3
775699.0,6
775935.0,2
776058.0,3
776122.0,3
776177.0,5
776196.0,2
776248.0,5
776340.0,4
776789.0,3
776835.0,4
776849.0,3
776858.0,2
776917.0,3
777054.0,9
777082.0,4
777088.0,4
777178.0,3
777249.0,3
777301.0,3
777396.0,3
777404.0,2
777447.0,3
777452.0,5
777491.0,3
777494.0,5
777506.0,4
777525.0,5
777572.0,4
777586.0,4
777643.0,9
777653.0,5
777659.0,18
777676.0,16
777692.0,12
777704.0,2
777706.0,14
777720.0,18
777738.0,22
777762.0,38
777799.0,18
777817.0,4
777845.0,11
777856.0,2
777892.0,3
777895.0,3
777901.0,2
777903.0,12
777929.0,13
777939.0,3
777944.0,18
777960.0,9
777969.0,7
777976.0,4
777980.0,13
777994.0,5
778000.0,9
778014.0,7
778022.0,37
778058.0,2
778061.0,10
778101.0,5
778104.0,10
778114.0,19
778134.0,4
778139.0,10
778147.0,35
778182.0,2
778194.0,8
778202.0,3
778226.0,10
778240.0,7
778247.0,3
778250.0,19
778271.0,12
778288.0,6
778294.0,6
778316.0,9
778326.0,20
778374.0,12
778383.0,16
778399.0,23
778425.0,15
778444.0,13
778487.0,15
778503.0,4
778506.0,17
778586.0,2
778588.0,18
778607.0,5
778612.0,24
778636.0,8
778647.0,12
778657.0,16
778672.0,2
778675.0,6
778694.0,17
778711.0,8
778719.0,21
778742.0,13
778757.0,16
778772.0,4
778775.0,4
778779.0,4
778785.0,6
778807.0,6
778813.0,18
778831.0,3
778835.0,17
778851.0,2
778854.0,5
778860.0,7
778885.0,6
778890.0,10
778908.0,23
778928.0,11
778938.0,16
778955.0,20
778975.0,5
778980.0,4
778983.0,2
778985.0,2
778987.0,8
778995.0,5
779000.0,5
779005.0,9
779014.0,5
779023.0,6
779031.0,5
779035.0,4
779040.0,11
779049.0,10
779087.0,6
779094.0,7
779100.0,9
779128.0,5
779133.0,10
779188.0,14
779204.0,13
779216.0,2
779234.0,4
779237.0,14
779260.0,7
779267.0,2
779295.0,6
779302.0,10
779315.0,6
779318.0,4
779325.0,2
779327.0,3
779336.0,6
779351.0,16
779369.0,5
779372.0,12
779385.0,5
779406.0,10
779428.0,4
779431.0,10
779449.0,6
779453.0,22
779490.0,4
779494.0,10
779504.0,3
779509.0,4
779511.0,2
779522.0,5
779527.0,3
779536.0,6
779542.0,6
779555.0,5
779564.0,11
779576.0,4
779585.0,2
779587.0,12
779599.0,6
779606.0,3
779609.0,9
779617.0,9
779633.0,6
779649.0,8
779658.0,3
779660.0,4
779664.0,10
779677.0,4
779684.0,6
779691.0,3
779701.0,15
779713.0,4
779718.0,7
779725.0,10
779735.0,9
779763.0,10
779779.0,2
779782.0,17
779800.0,8
779808.0,7
779814.0,22
779836.0,7
779843.0,3
779851.0,16
779869.0,5
779880.0,10
779890.0,12
779907.0,16
779921.0,22
779942.0,13
779955.0,3
779959.0,6
779966.0,6
779975.0,9
779989.0,4
779992.0,3
780008.0,4
780011.0,3
780017.0,4
780042.0,15
780057.0,10
780069.0,2
780076.0,7
780085.0,5
780088.0,2
780090.0,2
780092.0,2
780094.0,4
780099.0,3
780101.0,17
780124.0,10
780135.0,5
780138.0,15
780154.0,4
780162.0,5
780167.0,7
780174.0,3
780179.0,3
780183.0,4
780186.0,2
780188.0,3
780191.0,6
780207.0,3
780214.0,10
780220.0,6
780243.0,3
780269.0,5
780305.0,9
780328.0,3
780331.0,6
780356.0,4
780389.0,14
780403.0,15
780419.0,10
780442.0,13
780465.0,6
780471.0,15
780486.0,3
780490.0,8
780497.0,6
780503.0,6
780512.0,3
780515.0,5
780523.0,7
780533.0,8
780540.0,4
780551.0,4
780559.0,3
780577.0,2
780590.0,3
780592.0,5
780609.0,6
780618.0,7
780628.0,4
780638.0,4
780652.0,7
780682.0,6
780701.0,5
780709.0,8
780714.0,9
780725.0,11
780740.0,9
780748.0,3
780760.0,3
780768.0,5
780770.0,9
780787.0,6
780792.0,3
780800.0,14
780816.0,8
780833.0,8
780841.0,5
780847.0,26
780874.0,16
780888.0,5
780899.0,5
780904.0,5
780910.0,3
780913.0,5
780924.0,11
780945.0,8
780952.0,3
780958.0,2
780962.0,3
780969.0,15
780984.0,6
780990.0,6
780997.0,3
781010.0,2
781020.0,9
781029.0,4
781041.0,8
781046.0,4
781059.0,6
781068.0,5
781072.0,7
781089.0,5
781099.0,12
781129.0,4
781133.0,21
781155.0,3
781185.0,3
781189.0,5
781200.0,13
781220.0,4
781241.0,17
781257.0,7
781264.0,3
781269.0,6
781273.0,4
781278.0,5
781283.0,3
781286.0,7
781329.0,4
781343.0,8
781354.0,2
781368.0,8
781386.0,2
781390.0,12
781415.0,5
781423.0,8
781428.0,2
781430.0,7
781439.0,6
781443.0,6
781464.0,8
781477.0,7
781484.0,4
781488.0,2
781490.0,19
781514.0,3
781516.0,3
781553.0,15
781568.0,3
781570.0,2
781587.0,3
781590.0,3
781598.0,5
781604.0,10
781625.0,5
781630.0,4
781638.0,13
781651.0,7
781658.0,9
781683.0,5
781691.0,13
781704.0,5
781709.0,5
781714.0,2
781716.0,5
781725.0,4
781733.0,5
781737.0,6
781746.0,11
781771.0,6
781785.0,3
781793.0,7
781803.0,15
781825.0,5
781831.0,15
781852.0,5
781870.0,14
781890.0,3
781904.0,2
781912.0,8
781916.0,6
781934.0,7
781943.0,6
781957.0,8
781967.0,2
781969.0,3
781972.0,4
781980.0,6
781991.0,4
781993.0,7
782005.0,4
782051.0,6
782061.0,6
782069.0,7
782084.0,3
782095.0,10
782101.0,11
782115.0,5
782119.0,13
782138.0,3
782161.0,6
782170.0,4
782175.0,10
782187.0,2
782189.0,3
782195.0,9
782223.0,4
782264.0,5
782269.0,2
782273.0,12
782294.0,2
782298.0,8
782307.0,7
782332.0,3
782340.0,4
782345.0,5
782353.0,2
782359.0,6
782366.0,17
782388.0,14
782417.0,4
782424.0,5
782429.0,4
782435.0,6
782439.0,2
782442.0,6
782447.0,11
782462.0,10
782475.0,9
782484.0,5
782488.0,8
782508.0,6
782514.0,6
782541.0,4
782544.0,6
782551.0,3
782556.0,3
782562.0,2
782573.0,3
782584.0,5
782598.0,4
782602.0,3
782646.0,4
782650.0,3
782653.0,3
782656.0,5
782676.0,8
782682.0,12
782698.0,4
782702.0,12
782718.0,4
782730.0,5
782734.0,4
782752.0,4
782756.0,4
782784.0,3
782787.0,9
782811.0,5
782817.0,8
782826.0,10
782844.0,6
782854.0,11
782870.0,7
782877.0,3
782880.0,6
782908.0,5
782910.0,4
782914.0,17
782932.0,10
782953.0,3
782957.0,13
782969.0,9
783013.0,2
783024.0,4
783029.0,3
783031.0,13
783045.0,6
783053.0,5
783059.0,7
783077.0,6
783099.0,3
783106.0,4
783121.0,8
783143.0,2
783148.0,2
783169.0,4
783175.0,8
783186.0,6
783193.0,4
783206.0,6
783215.0,5
783219.0,5
783224.0,3
783227.0,9
783269.0,5
783275.0,4
783279.0,11
783296.0,4
783316.0,2
783318.0,3
783334.0,8
783340.0,3
783367.0,3
783370.0,6
783378.0,7
783385.0,4
783389.0,5
783413.0,6
783419.0,16
783437.0,3
783444.0,8
783452.0,15
783467.0,5
783472.0,6
783479.0,3
783488.0,7
783494.0,7
783502.0,4
783506.0,4
783509.0,13
783534.0,8
783540.0,4
783551.0,4
783553.0,2
783555.0,4
783560.0,11
783570.0,25
783595.0,2
783597.0,22
783630.0,4
783633.0,3
783637.0,6
783644.0,11
783655.0,6
783662.0,11
783683.0,3
783695.0,4
783698.0,7
783705.0,5
783710.0,10
783732.0,7
783739.0,8
783749.0,6
783754.0,4
783762.0,4
783765.0,2
783769.0,8
783802.0,3
783834.0,5
783862.0,3
783864.0,7
783883.0,3
783885.0,3
783901.0,2
783934.0,2
783948.0,2
783950.0,7
783965.0,5
783969.0,2
783971.0,2
783973.0,4
783989.0,4
783993.0,4
784016.0,2
784021.0,5
784025.0,2
784037.0,8
784070.0,5
784078.0,9
784101.0,2
784108.0,2
784110.0,5
784115.0,4
784126.0,10
784136.0,3
784139.0,3
784152.0,2
784154.0,4
784160.0,10
784169.0,7
784176.0,2
784192.0,2
784195.0,5
784199.0,6
784216.0,5
784221.0,7
784246.0,3
784251.0,4
784268.0,13
784281.0,6
784293.0,9
784309.0,8
784322.0,11
784333.0,5
784338.0,2
784340.0,20
784369.0,3
784372.0,3
784381.0,17
784397.0,2
784399.0,12
784412.0,9
784420.0,10
784430.0,2
784434.0,2
784444.0,14
784458.0,3
784466.0,10
784476.0,4
784480.0,2
784484.0,5
784497.0,4
784501.0,6
784511.0,2
784513.0,7
784522.0,8
784530.0,2
784542.0,3
784545.0,5
784574.0,8
784590.0,10
784601.0,4
784609.0,2
784618.0,4
784621.0,2
784629.0,4
784643.0,4
784645.0,6
784655.0,2
784661.0,9
784684.0,5
784688.0,5
784697.0,3
784704.0,9
784718.0,6
784724.0,4
784732.0,8
784739.0,6
784745.0,8
784753.0,7
784766.0,6
784772.0,2
784774.0,8
784782.0,4
784796.0,10
784804.0,4
784815.0,5
784820.0,2
784832.0,8
784839.0,4
784846.0,6
784862.0,6
784878.0,5
784883.0,11
784894.0,7
784902.0,8
784916.0,5
784924.0,4
784933.0,2
784944.0,3
784963.0,5
784985.0,3
784989.0,5
784993.0,6
785015.0,4
785023.0,6
785028.0,2
785031.0,3
785037.0,2
785042.0,6
785045.0,4
785049.0,2
785054.0,16
785069.0,6
785075.0,2
785088.0,4
785093.0,20
785115.0,6
785119.0,4
785123.0,4
785129.0,13
785140.0,6
785156.0,7
785162.0,5
785173.0,7
785181.0,4
785200.0,2
785202.0,4
785207.0,4
785227.0,3
785235.0,3
785238.0,15
785253.0,24
785279.0,5
785282.0,2
785286.0,5
785292.0,8
785299.0,12
785328.0,13
785348.0,11
785368.0,15
785384.0,6
785393.0,3
785396.0,3
785400.0,12
785410.0,3
785413.0,3
785416.0,3
785424.0,2
785429.0,8
785437.0,6
785444.0,4
785458.0,5
785476.0,4
785478.0,3
785481.0,5
785503.0,4
785507.0,3
785510.0,2
785512.0,2
785522.0,4
785532.0,10
785550.0,18
785568.0,3
785575.0,4
785592.0,8
785627.0,4
785632.0,4
785638.0,8
785647.0,4
785650.0,17
785691.0,47
785737.0,10
785747.0,7
785754.0,15
785769.0,24
785794.0,8
785802.0,4
785805.0,2
785808.0,12
785827.0,26
785859.0,9
785868.0,9
785877.0,2
785881.0,7
785890.0,4
785901.0,5
785905.0,6
785911.0,13
785940.0,3
785945.0,5
785947.0,3
785950.0,4
785971.0,3
785973.0,6
785982.0,6
785987.0,2
785990.0,3
785996.0,4
786003.0,3
786013.0,3
786018.0,7
786026.0,16
786042.0,3
786057.0,6
786075.0,9
786086.0,7
786096.0,8
786106.0,7
786112.0,4
786135.0,6
786154.0,5
786167.0,3
786181.0,3
786184.0,4
786192.0,7
786242.0,6
786247.0,5
786252.0,7
786258.0,3
786262.0,4
786266.0,9
786274.0,2
786276.0,2
786281.0,7
786296.0,2
786298.0,6
786306.0,8
786466.0,2
786911.0,10
787193.0,16
787211.0,3
787547.0,3
787735.0,3
788442.0,58
788500.0,40
788544.0,132
788675.0,34
788706.0,4
788710.0,3
788713.0,10
788723.0,105
788828.0,107
788936.0,122
789059.0,10
789069.0,21
789091.0,95
789189.0,13
789198.0,92
789297.0,75
789365.0,9
789403.0,8
789409.0,31
789438.0,20
789461.0,10
789468.0,112
789580.0,10
789590.0,8
789599.0,32
789630.0,3
789634.0,50
789687.0,9
789694.0,4
789696.0,42
789738.0,2
789741.0,20
789762.0,4
789764.0,3
789767.0,3
789770.0,14
789785.0,33
789819.0,13
789830.0,2
789834.0,32
789865.0,15
789884.0,52
789931.0,35
789966.0,8
789974.0,26
790002.0,30
790036.0,14
790049.0,20
790064.0,46
790115.0,11
790136.0,61
790193.0,16
790209.0,17
790226.0,52
790278.0,31
790309.0,3
790314.0,7
790321.0,4
790328.0,17
790347.0,32
790379.0,16
790396.0,17
790412.0,15
790427.0,11
790438.0,5
790445.0,18
790461.0,30
790492.0,13
790504.0,16
790523.0,15
790536.0,21
790556.0,14
790570.0,22
790602.0,23
790625.0,5
790632.0,9
790640.0,7
790652.0,41
790690.0,32
790722.0,13
790738.0,39
790774.0,23
790797.0,18
790815.0,13
790828.0,6
790861.0,12
790876.0,13
790886.0,22
790914.0,11
790919.0,3
790925.0,14
790936.0,119
791055.0,6
791062.0,27
791140.0,9
791149.0,12
791179.0,13
791185.0,11
791195.0,27
791222.0,8
791230.0,11
791241.0,2
791243.0,25
791268.0,10
791281.0,16
791304.0,19
791314.0,25
791347.0,7
791361.0,34
791386.0,3
791390.0,15
791406.0,52
791456.0,4
791464.0,8
791475.0,8
791484.0,7
791489.0,43
791531.0,27
791558.0,12
791570.0,7
791578.0,4
791581.0,4
791586.0,3
791604.0,20
791618.0,14
791634.0,8
791639.0,4
791644.0,27
791675.0,6
791683.0,7
791690.0,12
791706.0,7
791723.0,9
791732.0,6
791738.0,7
791746.0,10
791755.0,8
791765.0,22
791788.0,10
791798.0,30
791835.0,12
791850.0,10
791857.0,2
791859.0,11
791875.0,40
791912.0,76
791987.0,6
791992.0,12
792046.0,17
792074.0,4
792082.0,8
792093.0,22
792119.0,20
792139.0,25
792164.0,28
792192.0,38
792229.0,28
792256.0,6
792268.0,16
792280.0,20
792305.0,7
792323.0,9
792374.0,6
792381.0,8
792389.0,32
792421.0,16
792438.0,18
792454.0,17
792472.0,26
792501.0,7
792511.0,6
792520.0,2
792525.0,36
792559.0,23
792586.0,12
792598.0,10
792612.0,10
792622.0,21
792648.0,13
792672.0,15
792687.0,24
792711.0,10
792719.0,7
792726.0,11
792740.0,5
792763.0,7
792803.0,31
792842.0,6
792853.0,12
792857.0,4
792862.0,4
792871.0,8
792874.0,4
792877.0,3
792881.0,6
792913.0,13
792918.0,6
792926.0,11
792940.0,3
792947.0,6
792962.0,10
792976.0,5
792984.0,4
792986.0,2
792990.0,11
793003.0,10
793022.0,2
793031.0,10
793039.0,6
793054.0,12
793061.0,13
793106.0,4
793136.0,12
793143.0,5
793200.0,3
793209.0,10
793224.0,4
793237.0,5
793249.0,3
793265.0,5
793280.0,3
793325.0,8
793332.0,2
793338.0,6
793354.0,2
793392.0,2
793416.0,5
793422.0,9
793441.0,2
793443.0,5
793455.0,7
793466.0,4
793515.0,2
793551.0,3
793564.0,6
793605.0,7
793622.0,3
793630.0,3
793677.0,2
793679.0,9
793863.0,4
793900.0,3
793909.0,2
793959.0,4
793963.0,2
793971.0,3
794034.0,2
794081.0,2
794145.0,2
794305.0,2
794323.0,2
794329.0,2
794362.0,3
794383.0,6
794409.0,3
794417.0,5
794470.0,3
794473.0,3
794504.0,4
794520.0,3
794558.0,4
794638.0,2
794875.0,3
794917.0,3
794944.0,2
795023.0,2
795029.0,5
795074.0,4
795216.0,3
795226.0,3
795360.0,4
795439.0,2
795623.0,2
795828.0,3
795943.0,3
796025.0,2
796177.0,2
796383.0,3
796407.0,2
796502.0,2
796658.0,4
797167.0,2
797493.0,46
797540.0,4
797545.0,30
797576.0,10
797583.0,3
797586.0,8
797599.0,5
797601.0,10
797612.0,3
797622.0,16
797637.0,17
797654.0,15
797675.0,8
797721.0,7
797730.0,4
797740.0,8
797749.0,7
797763.0,4
797774.0,10
797786.0,7
797825.0,2
797828.0,3
797832.0,5
797843.0,4
797870.0,7
797881.0,2
797883.0,6
797906.0,6
797931.0,2
797937.0,3
797948.0,2
797957.0,3
797968.0,3
797981.0,6
797991.0,2
798002.0,4
798038.0,3
798050.0,4
798064.0,9
798072.0,6
798095.0,4
798103.0,3
798116.0,5
798128.0,3
798133.0,3
798151.0,2
798167.0,6
798189.0,3
798194.0,4
798204.0,7
798250.0,3
798258.0,3
798265.0,7
798284.0,8
798293.0,3
798312.0,5
798325.0,2
798349.0,3
798353.0,3
798392.0,2
798394.0,4
798406.0,5
798411.0,5
798425.0,9
798442.0,2
798447.0,3
798474.0,4
798480.0,8
798516.0,37
798558.0,32
798576.0,15
798613.0,16
798646.0,2
798657.0,9
798666.0,6
798732.0,15
798757.0,79
798816.0,33
798850.0,24
798873.0,37
798910.0,28
798938.0,13
798951.0,5
798956.0,13
798969.0,18
798989.0,11
798999.0,4
799004.0,21
799024.0,27
799053.0,8
799059.0,22
799083.0,5
799093.0,9
799102.0,3
799104.0,4
799108.0,19
799127.0,5
799132.0,38
799171.0,19
799192.0,7
799199.0,9
799210.0,5
799214.0,11
799224.0,7
799231.0,11
799242.0,19
799261.0,14
799281.0,9
799291.0,4
799296.0,6
799300.0,8
799311.0,11
799333.0,14
799349.0,7
799360.0,7
799367.0,8
799376.0,3
799378.0,5
799388.0,11
799399.0,3
799405.0,3
799407.0,27
799436.0,7
799441.0,22
799464.0,3
799466.0,2
799481.0,30
799510.0,2
799512.0,7
799520.0,17
799536.0,27
799564.0,9
799573.0,6
799578.0,9
799590.0,6
799604.0,4
799607.0,14
799623.0,11
799632.0,7
799642.0,15
799659.0,14
799671.0,7
799678.0,9
799686.0,24
799710.0,7
799717.0,16
799736.0,15
799750.0,27
799776.0,14
799792.0,12
799809.0,18
799822.0,13
799836.0,7
799842.0,8
799850.0,17
799872.0,9
799877.0,3
799882.0,7
799893.0,6
799895.0,16
799913.0,7
799921.0,23
799943.0,4
799945.0,39
,2
,2
,2
,2
,2
,2
,2
,2
,2
,2
,2
,2
,2
,2
,2
,2
,2
,2
,2
,2
,2
,2
,2
,2
,2
,2
,2
,2
,2
,2
,2
,2
,2
,2
,2
,2
,2
,2
,2
,2
,2
,2
,2
,2
,2
,2
,2
,2
,2
,2
,2
,2
,2
,2
,2
,2
,2
,2
,2
,2
,2
,2
,2
,2
,2
,2
,2
,2
,2
,2
,2
,2
,2
,2
,2
,2
,2
,2
,2
,2
,2
,2
,2
,2
,2
,2
,2
,2
,2
,2
,2
,2
,2
,2
,2
,2
,2
,2
,2
,2
,2
,2
,2
,2
,2
,2
,2
,2
,2
,2
,2
,2
,2
,2
,2
,2
,2
,2
,2
,2
,2
,2
,2
,2
,2
,2
,2
,2
,2
,2
,2
,2
,2
,2
,2
,2
,2
,2
,2
,2
,2
,2
,2
,2
,2
,2
,2
,2
,2
,2
,2
,2
,2
,2
,2
,2
,2
,2
,2
,2
,2
,2
,2
,2
,2
,2
,2
,2
,2
,2
,2
,2
,2
,2
,2
,2
,2
,2
,2
,2
,2
,2
,2
,2
,2
,2
,2
,2
,2
,2
,2
,2
,2
,2
,2
,2
,2
,2
,2
,2
,2
,2
,2
,2
,2
,2
,2
,2
,2
,2
,2
,2
,2
,2
,2
,2
,2
,2
,2
,2
,2
,2
,2
,2
,2
,2
,2
,2
,2
,2
,2
,2
,2
,2
,2
,2
,2
,2
,2
,2
,2
,2
,2
,2
,2
,2
,2
,2
,2
,2
,2
,2
,2
,2
,2
,2
,2
,2
,2
,2
,2
,2
,2
,2
,2
,2
,2
,2
,2
,2
,2
,2
,2
,2
,2
,2
,2
,2
,2
,2
,2
,2
,2
,2
,2
,2
,2
,2
,2
,2
,2
,2
,2
,2
,2
,2
,2
,2
,2
,2
,2
,2
,2
,2
,2
,2
,2
,2
,2
,2
,2
,2
,2
,2
,2
,2
,2
,2
,2
,2
,2
,2
,2
,2
,2
,2
,2
,2
,2
,2
,2
,2
,2
,2
,2
,2
,2
,2
,2
,2
,2
,2
,2
,2
,2
,2
,2
,2
,2
,2
,2
,2
,2
,2
,2
,2
,2
,2
,2
,2
,2
,2
,2
,2
,2
,2
,2
,2
,2
,2
,2
,2
,2
,2
,2
,2
,2
,2
,2
,2
,2
,2
,2
,2
,2
,2
,2
,2
,2
,2
,2
,2
,2
,2
,2
,2
,2
,2
,2
,2
,2
,2
,2
,2
,2
,2
,2
,2
,2
,2
,2
,2
,2
,2
,2
,2
,2
,2
,2
,2
,2
,2
,2
,2
,2
,2
,2
,2
,2
,2
,2
,2
,2
,2
,2
,2
,2
,2
,2
,2
,2
,2
,2
,2
,2
,2
,2
,2
,2
,2
,2
,2
,2
,2
,2
,2
,2
,2
,2
,2
,2
,2
,2
,2
,2
,2
,2
,2
,2
,2
,2
,2
,2
,2
,2
,2
,2
,2
,2
,2
,2
,2
,2
,2
,2
,2
,2
,2
,2
,2
,2
,2
,2
,2
,2
,2
,2
,2
,2
,2
,2
,2
,2
,2
,2
,2
,2
,2
,2
,2
,2
,2
,2
,2
,2
,2
,2
,2
,2
,2
,2
,2
,2
,2
,2
,2
,2
,2
,2
,2
,2
,2
,2
,2
,2
,2
,2
,2
,2
,2
,2
,2
,2
,2
,2
,2
,2
,2
,2
,2
,2
,2
,2
,2
,2
,2
,2
,2
,2
,2
,2
,2
,2
,2
,2
,2
,2
,2
,2
,2
,2
,2
,2
,2
,2
,2
,2
,2
,2
,2
,2
,2
,2
,2
,2
,2
,2
,2
,2
,2
,2
,2
,2
,2
,2
,2
,2
,2
,2
,2
,2
,2
,2
,2
,2
,2
,2
,2
,2
,2
,2
,2
,2
,2
,2
,2
,2
,2
,2
,2
,2
,2
,2
,2
,2
,2
,2
,2
,2
,2
,2
,2
,2
,2
,2
,2
,2
,2
,2
,2
,2
,2
,2
,2
,2
,2
,2
,2
,2
,2
,2
,2
,2
,2
,2
,2
,2
,2
,2
,2
,2
,2
,2
,2
,2
,2
,2
,2
,2
,2
,2
,2
,2
,2
,2
,2
,2
,2
,2
,2
,2
,2
,2
,2
,2
,2
,2
,2
,2
,2
,2
,2
,2
,2
,2
,2
,2
,2
,2
,2
,2
,2
,2
,2
,2
,2
,2
,2
,2
,2
,2
,2
,2
,2
,2
,2
,2
,2
,2
,2
,2
,2
,2
,2
,2
,2
,2
,2
,2
,2
,2
,2
,2
,2
,2
,2
,2
,2
,2
,2
,2
,2
,2
,2
,2
,2
,2
,2
,2
,2
,2
,2
,2
,2
,2
,2
,2
,2
,2
,2
,2
,2
,2
,2
,2
,2
,2
,2
,2
,2
,2
,2
,2
,2
,2
,2
,2
,2
,2
,2
,2
,2
,2
,2
,2
,2
,2
,2
,2
,2
,2
,2
,2
,2
,2
,2
,2
,2
,2
,2
,2
,2
,2
,2
,2
,2
,2
,2
,2
,2
,2
,2
,2
,2
,2
,2
,2
,2
,2
,2
,2
,2
,2
,2
,2
,2
,2
,2
,2
,2
,2
,2
,2
,2
,2
,2
,2
,2
,2
,2
,2
,2
,2
,2
,2
,2
,2
,2
,2
,2
,2
,2
,2
,2
,2
,2
,2
,2
,2
,2
,2
,2
,2
,2
,2
,2
,2
,2
,2
,2
,2
,2
,2
,2
,2
,2
,2
,2
,2
,2
,2
,2
,2
,2
,2
,2
,2
,2
,2
,2
,2
,2
,2
,2
,2
,2
,2
,2
,2
,2
,2
,2
,2
,2
,2
,2
,2
,2
,2
,2
,2
,2
,2
,2
,2
,2
,2
,2
,2
,2
,2
,2
,2
,2
,2
,2
,2
,2
,2
,2
,2
,2
,2
,2
,2
,2
,2
,2
,2
,2
,2
,2
,2
,2
,2
,2
,2
,2
,2
,2
,2
,2
,2
,2
,2
,2
,2
,2
,2
,2
,2
,2
,2
,2
,2
,2
,2
,2
,2
,2
,2
,2
,2
,2
,2
,2
,2
,2
,2
,2
,2
,2
,2
,2
,2
,2
,2
,2
,2
,2
,2
,2
,2
,2
,2
,2
,2
,2
,2
,2
,2
,2
,2
,2
,2
,2
,2
,2
,2
,2
,2
,2
,2
,2
,2
,2
,2
,2
,2
,2
,2
,2
,2
,2
,2
,2
,2
,2
,2
,2
,2
,2
,2
,2
,2
,2
,2
,2
,2
,2
,2
,2
,2
,2
,2
,2
,2
,2
,2
,2
,2
,2
,2
,2
,2
,2
,2
,2
,2
,2
,2
,2
,2
,2
,2
,2
,2
,2
,2
,2
,2
,2
,2
,2
,2
,2
,2
,2
,2
,2
,2
,2
,2
,2
,2
,2
,2
,2
,2
,2
,2
,2
,2
,2
,2
,2
,2
,2
,2
,2
,2
,2
,2
,2
,2
,2
,2
,2
,2
,2
,2
,2
,2
,2
,2
,2
,2
,2
,2
,2
,2
,2
,2
,2
,2
,2
,2
,2
,2
,2
,2
,2
,2
,2
,2
,2
,2
,2
,2
,2
,2
,2
,2
,2
,2
,2
,2
,2
,2
,2
,2
,2
,2
,2
,2
,2
,2
,2
,2
,2
,2
,2
,2
,2
,2
,2
,2
,2
,2
,2
,2
,2
,2
,2
,2
,2
,2
,2
,2
,2
,2
,2
,2
,2
,2
,2
,2
,2
,2
,2
,2
,2
,2
,2
,2
,2
,2
,2
,2
,2
,2
,2
,2
,2
,2
,2
,2
,2
,2
,2
,2
,2
,2
,2
,2
,2
,2
,2
,2
,2
,2
,2
,2
,2
,2
,2
,2
,2
,2
,2
,2
,2
,2
,2
,2
,2
,2
,2
,2
,2
,2
,2
,2
,2
,2
,2
,2
,2
,2
,2
,2
,2
,2
,2
,2
,2
,2
,2
,2
,2
,2
,2
,2
,2
,2
,2
,2
,2
,2
,2
,2
,2
,2
,2
,2
,2
,2
,2
,2
,2
,2
,2
,2
,2
,2
,2
,2
,2
,2
,2
,2
,2
,2
,2
,2
,2
,2
,2
,2
,2
,2
,2
,2
,2
,2
,2
,2
,2
,2
,2
,2
,2
,2
,2
,2
,2
,2
,2
,2
,2
,2
,2
,2
,2
,2
,2
,2
,2
,2
,2
,2
,2
,2
,2
,2
,2
,2
,2
,2
,2
,2
,2
,2
,2
,2
,2
,2
,2
,2
,2
,2
,2
,2
,2
,2
,2
,2
,2
,2
,2
,2
,2
,2
,2
,2
,2
,2
,2
,2
,2
,2
,2
,2
,2
,2
,2
,2
,2
,2
,2
,2
,2
,2
,2
,2
,2
,2
,2
,2
,2
,2
,2
,2
,2
,2
,2
,2
,2
,2
,2
,2
,2
,2
,2
,2
,2
,2
,2
,2
,2
,2
,2
,2
,2
,2
,2
,2
,2
,2
,2
,2
,2
,2
,2
,2
,2
,2
,2
,2
,2
,2
,2
,2
,2
,2
,2
,2
,2
,2
,2
,2
,2
,2
,2
,2
,2
,2
,2
,2
,2
,2
,2
,2
,2
,2
,2
,2
,2
,2
,2
,2
,2
,2
,2
,2
,2
,2
,2
,2
,2
,2
,2
,2
,2
,2
,2
,2
,2
,2
,2
,2
,2
,2
,2
,2
,2
,2
,2
,2
,2
,2
,2
,2
,2
,2
,2
,2
,2
,2
,2
,2
,2
,2
,2
,2
,2
,2
,2
,2
,2
,2
,2
,2
,2
,2
,2
,2
,2
,2
,2
,2
,2
,2
,2
,2
,2
,2
,2
,2
,2
,2
,2
,2
,2
,2
,2
,2
,2
,2
,2
,2
,2
,2
,2
,2
,2
,2
,2
,2
,2
,2
,2
,2
,2
,2
,2
,2
,2
,2
,2
,2
,2
,2
,2
,2
,2
,2
,2
,2
,2
,2
,2
,2
,2
,2
,2
,2
,2
,2
,2
,2
,2
,2
,2
,2
,2
,2
,2
,2
,2
,2
,2
,2
,2
,2
,2
,2
,2
,2
,2
,2
,2
,2
,2
,2
,2
,2
,2
,2
,2
,2
,2
,2
,2
,2
,2
,2
,2
,2
,2
,2
,2
,2
,2
,2
,2
,2
,2
,2
,2
,2
,2
,2
,2
,2
,2
,2
,2
,2
,2
,2
,2
,2
,2
,2
,2
,2
,2
,2
,2
,2
,2
,2
,2
,2
,2
,2
,2
,2
,2
,2
,2
,2
,2
,2
,2
,2
,2
,2
,2
,2
,2
,2
,2
,2
,2
,2
,2
,2
,2
,2
,2
,2
,2
,2
,2
,2
,2
,2
,2
,2
,2
,2
,2
,2
,2
,2
,2
,2
,2
,2
,2
,2
,2
,2
,2
,2
,2
,2
,2
,2
,2
,2
,2
,2
,2
,2
,2
,2
,2
,2
,2
,2
,2
,2
,2
,2
,2
,2
,2
,2
,2
,2
,2
,2
,2
,2
,2
,2
,2
,2
,2
,2
,2
,2
,2
,2
,2
,2
,2
,2
,2
,2
,2
,2
,2
,2
,2
,2
,2
,2
,2
,2
,2
,2
,2
,2
,2
,2
,2
,2
,2
,2
,2
,2
,2
,2
,2
,2
,2
,2
,2
,2
,2
,2
,2
,2
,2
,2
,2
,2
,2
,2
,2
,2
,2
,2
,2
,2
,2
,2
,2
,2
,2
,2
,2
,2
,2
,2
,2
,2
,2
,2
,2
,2
,2
,2
,2
,2
,2
,2
,2
,2
,2
,2
,2
,2
,2
,2
,2
,2
,2
,2
,2
,2
,2
,2
,2
,2
,2
,2
,2
,2
,2
,2
,2
,2
,2
,2
,2
,2
,2
,2
,2
,2
,2
,2
,2
,2
,2
,2
,2
,2
,2
,2
,2
,2
,2
,2
,2
,2
,2
,2
,2
,2
,2
,2
,2
,2
,2
,2
,2
,2
,2
,2
,2
,2
,2
,2
,2
,2
,2
,2
,2
,2
,2
,2
,2
,2
,2
,2
,2
,2
,2
,2
,2
,2
,2
,2
,2
,2
,2
,2
,2
,2
,2
,2
,2
,2
,2
,2
,2
,2
,2
,2
,2
,2
,2
,2
,2
,2
,2
,2
,2
,2
,2
,2
,2
,2
,2
,2
,2
,2
,2
,2
,2
,2
,2
,2
,2
,2
,2
,2
,2
,2
,2
,2
,2
,2
,2
,2
,2
,2
,2
,2
,2
,2
,2
,2
,2
,2
,2
,2
,2
,2
,2
,2
,2
,2
,2
,2
,2
,2
,2
,2
,2
,2
,2
,2
,2
,2
,2
,2
,2
,2
,2
,2
,2
,2
,2
,2
,2
,2
,2
,2
,2
,2
,2
,2
,2
,2
,2
,2
,2
,2
,2
,2
,2
,2
,2
,2
,2
,2
,2
,2
,2
,2
,2
,2
,2
,2
,2
,2
,2
,2
,2
,2
,2
,2
,2
,2
,2
,2
,2
,2
,2
,2
,2
,2
,2
,2
,2
,2
,2
,2
,2
,2
,2
,2
,2
,2
,2
,2
,2
,2
,2
,2
,2
,2
,2
,2
,2
,2
,2
,2
,2
,2
,2
,2
,2
,2
,2
,2
,2
,2
,2
,2
,2
,2
,2
,2
,2
,2
,2
,2
,2
,2
,2
,2
,2
,2
,2
,2
,2
,2
,2
,2
,2
,2
,2
,2
,2
,2
,2
,2
,2
,2
,2
,2
,2
,2
,2
,2
,2
,2
,2
,2
,2
,2
,2
,2
,2
,2
,2
,2
,2
,2
,2
,2
,2
,2
,2
,2
,2
,2
,2
,2
,2
,2
,2
,2
,2
,2
,2
,2
,2
,2
,2
,2
,2
,2
,2
,2
,2
,2
,2
,2
,2
,2
,2
,2
,2
,2
,2
,2
,2
,2
,2
,2
,2
,2
,2
,2
,2
,2
,2
,2
,2
,2
,2
,2
,2
,2
,2
,2
,2
,2
,2
,2
,2
,2
,2
,2
,2
,2
,2
,2
,2
,2
,2
,2
,2
,2
,2
,2
,2
,2
,2
,2
,2
,2
,2
,2
,2
,2
,2
,2
,2
,2
,2
,2
,2
,2
,2
,2
,2
,2
,2
,2
,2
,2
,2
,2
,2
,2
,2
,2
,2
,2
,2
,2
,2
,2
,2
,2
,2
,2
,2
,2
,2
,2
,2
,2
,2
,2
,2
,2
,2
,2
,2
,2
,2
,2
,2
,2
,2
,2
,2
,2
,2
,2
,2
,2
,2
,2
,2
,2
,2
,2
,2
,2
,2
,2
,2
,2
,2
,2
,2
,2
,2
,2
,2
,2
,2
,2
,2
,2
,2
,2
,2
,2
,2
,2
,2
,2
,2
,2
,2
,2
,2
,2
,2
,2
,2
,2
,2
,2
,2
,2
,2
,2
,2
,2
,2
,2
,2
,2
,2
,2
,2
,2
,2
,2
,2
,2
,2
,2
,2
,2
,2
,2
,2
,2
,2
,2
,2
,2
,2
,2
,2
,2
,2
,2
,2
,2
,2
,2
,2
,2
,2
,2
,2
,2
,2
,2
,2
,2
,2
,2
,2
,2
,2
,2
,2
,2
,2
,2
,2
,2
,2
,2
,2
,2
,2
,2
,2
,2
,2
,2
,2
,2
,2
,2
,2
,2
,2
,2
,2
,2
,2
,2
,2
,2
,2
,2
,2
,2
,2
,2
,2
,2
,2
,2
,2
,2
,2
,2
,2
,2
,2
,2
,2
,2
,2
,2
,2
,2
,2
,2
,2
,2
,2
,2
,2
,2
,2
,2
,2
,2
,2
,2
,2
,2
,2
,2
,2
,2
,2
,2
,2
,2
,2
,2
,2
,2
,2
,2
,2
,2
,2
,2
,2
,2
,2
,2
,2
,2
,2
,2
,2
,2
,2
,2
,2
,2
,2
,2
,2
,2
,2
,2
,2
,2
,2
,2
,2
,2
,2
,2
,2
,2
,2
,2
,2
,2
,2
,2
,2
,2
,2
,2
,2
,2
,2
,2
,2
,2
,2
,2
,2
,2
,2
,2
,2
,2
,2
,2
,2
,2
,2
,2
,2
,2
,2
,2
,2
,2
,2
,2
,2
,2
,2
,2
,2
,2
,2
,2
,2
,2
,2
,2
,2
,2
,2
,2
,2
,2
,2
,2
,2
,2
,2
,2
,2
,2
,2
,2
,2
,2
,2
,2
,2
,2
,2
,2
,2
,2
,2
,2
,2
,2
,2
,2
,2
,2
,2
,2
,2
,2
,2
,2
,2
,2
,2
,2
,2
,2
,2
,2
,2
,2
,2
,2
,2
,2
,2
,2
,2
,2
,2
,2
,2
,2
,2
,2
,2
,2
,2
,2
,2
,2
,2
,2
,2
,2
,2
,2
,2
,2
,2
,2
,2
,2
,2
,2
,2
,2
,2
,2
,2
,2
,2
,2
,2
,2
,2
,2
,2
,2
,2
,2
,2
,2
,2
,2
,2
,2
,2
,2
,2
,2
,2
,2
,2
,2
,2
,2
,2
,2
,2
,2
,2
,2
,2
,2
,2
,2
,2
,2
,2
,2
,2
,2
,2
,2
,2
,2
,2
,2
,2
,2
,2
,2
,2
,2
,2
,2
,2
,2
,2
,2
,2
,2
,2
,2
,2
,2
,2
,2
,2
,2
,2
,2
,2
,2
,2
,2
,2
,2
,2
,2
,2
,2
,2
,2
,2
,2
,2
,2
,2
,2
,2
,2
,2
,2
,2
,2
,2
,2
,2
,2
,2
,2
,2
,2
,2
,2
,2
,2
,2
,2
,2
,2
,2
,2
,2
,2
,2
,2
,2
,2
,2
,2
,2
,2
,2
,2
,2
,2
,2
,2
,2
,2
,2
,2
,2
,2
,2
,2
,2
,2
,2
,2
,2
,2
,2
,2
,2
,2
,2
,2
,2
,2
,2
,2
,2
,2
,2
,2
,2
,2
,2
,2
,2
,2
,2
,2
,2
,2
,2
,2
,2
,2
,2
,2
,2
,2
,2
,2
,2
,2
,2
,2
,2
,2
,2
,2
,2
,2
,2
,2
,2
,2
,2
,2
,2
,2
,2
,2
,2
,2
,2
,2
,2
,2
,2
,2
,2
,2
,2
,2
,2
,2
,2
,2
,2
,2
,2
,2
,2
,2
,2
,2
,2
,2
,2
,2
,2
,2
,2
,2
,2
,2
,2
,2
,2
,2
,2
,2
,2
,2
,2
,2
,2
,2
,2
,2
,2
,2
,2
,2
,2
,2
,2
,2
,2
,2
,2
,2
,2
,2
,2
,2
,2
,2
,2
,2
,2
,2
,2
,2
,2
,2
,2
,2
,2
,2
,2
,2
,2
,2
,2
,2
,2
,2
,2
,2
,2
,2
,2
,2
,2
,2
,2
,2
,2
,2
,2
,2
,2
,2
,2
,2
,2
,2
,2
,2
,2
,2
,2
,2
,2
,2
,2
,2
,2
,2
,2
,2
,2
,2
,2
,2
,2
,2
,2
,2
,2
,2
,2
,2
,2
,2
,2
,2
,2
,2
,2
,2
,2
,2
,2
,2
,2
,2
,2
,2
,2
,2
,2
,2
,2
,2
,2
,2
,2
,2
,2
,2
,2
,2
,2
,2
,2
,2
,2
,2
,2
,2
,2
,2
,2
,2
,2
,2
,2
,2
,2
,2
,2
,2
,2
,2
,2
,2
,2
,2
,2
,2
,2
,2
,2
,2
,2
,2
,2
,2
,2
,2
,2
,2
,2
,2
,2
,2
,2
,2
,2
,2
,2
,2
,2
,2
,2
,2
,2
,2
,2
,2
,2
,2
,2
,2
,2
,2
,2
,2
,2
,2
,2
,2
,2
,2
,2
,2
,2
,2
,2
,2
,2
,2
,2
,2
,2
,2
,2
,2
,2
,2
,2
,2
,2
,2
,2
,2
,2
,2
,2
,2
,2
,2
,2
,2
,2
,2
,2
,2
,2
,2
,2
,2
,2
,2
,2
,2
,2
,2
,2
,2
,2
,2
,2
,2
,2
,2
,2
,2
,2
,2
,2
,2
,2
,2
,2
,2
,2
,2
,2
,2
,2
,2
,2
,2
,2
,2
,2
,2
,2
,2
,2
,2
,2
,2
,2
,2
,2
,2
,2
,2
,2
,2
,2
,2
,2
,2
,2
,2
,2
,2
,2
,2
,2
,2
,2
,2
,2
,2
,2
,2
,2
,2
,2
,2
,2
,2
,2
,2
,2
,2
,2
,2
,2
,2
,2
,2
,2
,2
,2
,2
,2
,2
,2
,2
,2
,2
,2
,2
,2
,2
,2
,2
,2
,2
,2
,2
,2
,2
,2
,2
,2
,2
,2
,2
,2
,2
,2
,2
,2
,2
,2
,2
,2
,2
,2
,2
,2
,2
,2
,2
,2
,2
,2
,2
,2
,2
,2
,2
,2
,2
,2
,2
,2
,2
,2
,2
,2
,2
,2
,2
,2
,2
,2
,2
,2
,2
,2
,2
,2
,2
,2
,2
,2
,2
,2
,2
,2
,2
,2
,2
,2
,2
,2
,2
,2
,2
,2
,2
,2
,2
,2
,2
,2
,2
,2
,2
,2
,2
,2
,2
,2
,2
,2
,2
,2
,2
,2
,2
,2
,2
,2
,2
,2
,2
,2
,2
,2
,2
,2
,2
,2
,2
,2
,2
,2
,2
,2
,2
,2
,2
,2
,2
,2
,2
,2
,2
,2
,2
,2
,2
,2
,2
,2
,2
,2
,2
,2
,2
,2
,2
,2
,2
,2
,2
,2
,2
,2
,2
,2
,2
,2
,2
,2
,2
,2
,2
,2
,2
,2
,2
,2
,2
,2
,2
,2
,2
,2
,2
,2
,2
,2
,2
,2
,2
,2
,2
,2
,2
,2
,2
,2
,2
,2
,2
,2
,2
,2
,2
,2
,2
,2
,2
,2
,2
,2
,2
,2
,2
,2
,2
,2
,2
,2
,2
,2
,2
,2
,2
,2
,2
,2
,2
,2
,2
,2
,2
,2
,2
,2
,2
,2
,2
,2
,2
,2
,2
,2
,2
,2
,2
,2
,2
,2
,2
,2
,2
,2
,2
,2
,2
,2
,2
,2
,2
,2
,2
,2
,2
,2
,2
,2
,2
,2
,2
,2
,2
,2
,2
,2
,2
,2
,2
,2
,2
,2
,2
,2
,2
,2
,2
,2
,2
,2
,2
,2
,2
,2
,2
,2
,2
,2
,2
,2
,2
,2
,2
,2
,2
,2
,2
,2
,2
,2
,2
,2
,2
,2
,2
,2
,2
,2
,2
,2
,2
,2
,2
,2
,2
,2
,2
,2
,2
,2
,2
,2
,2
,2
,2
,2
,2
,2
,2
,2
,2
,2
,2
,2
,2
,2
,2
,2
,2
,2
,2
,2
,2
,2
,2
,2
,2
,2
,2
,2
,2
,2
,2
,2
,2
,2
,2
,2
,2
,2
,2
,2
,2
,2
,2
,2
,2
,2
,2
,2
,2
,2
,2
,2
,2
,2
,2
,2
,2
,2
,2
,2
,2
,2
,2
,2
,2
,2
,2
,2
,2
,2
,2
,2
,2
,2
,2
,2
,2
,2
,2
,2
,2
,2
,2
,2
,2
,2
,2
,2
,2
,2
,2
,2
,2
,2
,2
,2
,2
,2
,2
,2
,2
,2
,2
,2
,2
,2
,2
,2
,2
,2
,2
,2
,2
,2
,2
,2
,2
,2
,2
,2
,2
,2
,2
,2
,2
,2
,2
,2
,2
,2
,2
,2
,2
,2
,2
,2
,2
,2
,2
,2
,2
,2
,2
,2
,2
,2
,2
,2
,2
,2
,2
,2
,2
,2
,2
,2
,2
,2
,2
,2
,2
,2
,2
,2
,2
,2
,2
,2
,2
,2
,2
,2
,2
,2
,2
,2
,2
,2
,2
,2
,2
,2
,2
,2
,2
,2
,2
,2
,2
,2
,2
,2
,2
,2
,2
,2
,2
,2
,2
,2
,2
,2
,2
,2
,2
,2
,2
,2
,2
,2
,2
,2
,2
,2
,2
,2
,2
,2
,2
,2
,2
,2
,2
,2
,2
,2
,2
,2
,2
,2
,2
,2
,2
,2
,2
,2
,2
,2
,2
,2
,2
,2
,2
,2
,2
,2
,2
,2
,2
,2
,2
,2
,2
,2
,2
,2
,2
,2
,2
,2
,2
,2
,2
,2
,2
,2
,2
,2
,2
,2
,2
,2
,2
,2
,2
,2
,2
,2
,2
,2
,2
,2
,2
,2
,2
,2
,2
,2
,2
,2
,2
,2
,2
,2
,2
,2
,2
,2
,2
,2
,2
,2
,2
,2
,2
,2
,2
,2
,2
,2
,2
,2
,2
,2
,2
,2
,2
,2
,2
,2
,2
,2
,2
,2
,2
,2
,2
,2
,2
,2
,2
,2
,2
,2
,2
,2
,2
,2
,2
,2
,2
,2
,2
,2
,2
,2
,2
,2
,2
,2
,2
,2
,2
,2
,2
,2
,2
,2
,2
,2
,2
,2
,2
,2
,2
,2
,2
,2
,2
,2
,2
,2
,2
,2
,2
,2
,2
,2
,2
,2
,2
,2
,2
,2
,2
,2
,2
,2
,2
,2
,2
,2
,2
,2
,2
,2
,2
,2
,2
,2
,2
,2
,2
,2
,2
,2
,2
,2
,2
,2
,2
,2
,2
,2
,2
,2
,2
,2
,2
,2
,2
,2
,2
,2
,2
,2
,2
,2
,2
,2
,2
,2
,2
,2
,2
,2
,2
,2
,2
,2
,2
,2
,2
,2
,2
,2
,2
,2
,2
,2
,2
,2
,2
,2
,2
,2
,2
,2
,2
,2
,2
,2
,2
,2
,2
,2
,2
,2
,2
,2
,2
,2
,2
,2
,2
,2
,2
,2
,2
,2
,2
,2
,2
,2
,2
,2
,2
,2
,2
,2
,2
,2
,2
,2
,2
,2
,2
,2
,2
,2
,2
,2
,2
,2
,2
,2
,2
,2
,2
,2
,2
,2
,2
,2
,2
,2
,2
,2
,2
,2
,2
,2
,2
,2
,2
,2
,2
,2
,2
,2
,2
,2
,2
,2
,2
,2
,2
,2
,2
,2
,2
,2
,2
,2
,2
,2
,2
,2
,2
,2
,2
,2
,2
,2
,2
,2
,2
,2
,2
,2
,2
,2
,2
,2
,2
,2
,2
,2
,2
,2
,2
,2
,2
,2
,2
,2
,2
,2
,2
,2
,2
,2
,2
,2
,2
,2
,2
,2
,2
,2
,2
,2
,2
,2
,2
,2
,2
,2
,2
,2
,2
,2
,2
,2
,2
,2
,2
,2
,2
,2
,2
,2
,2
,2
,2
,2
,2
,2
,2
,2
,2
,2
,2
,2
,2
,2
,2
,2
,2
,2
,2
,2
,2
,2
,2
,2
,2
,2
,2
,2
,2
,2
,2
,2
,2
,2
,2
,2
,2
,2
,2
,2
,2
,2
,2
,2
,2
,2
,2
,2
,2
,2
,2
,2
,2
,2
,2
,2
,2
,2
,2
,2
,2
,2
,2
,2
,2
,2
,2
,2
,2
,2
,2
,2
,2
,2
,2
,2
,2
,2
,2
,2
,2
,2
,2
,2
,2
,2
,2
,2
,2
,2
,2
,2
,2
,2
,2
,2
,2
,2
,2
,2
,2
,2
,2
,2
,2
,2
,2
,2
,2
,2
,2
,2
,2
,2
,2
,2
,2
,2
,2
,2
,2
,2
,2
,2
,2
,2
,2
,2
,2
,2
,2
,2
,2
,2
,2
,2
,2
,2
,2
,2
,2
,2
,2
,2
,2
,2
,2
,2
,2
,2
,2
,2
,2
,2
,2
,2
,2
,2
,2
,2
,2
,2
,2
,2
,2
,2
,2
,2
,2
,2
,2
,2
,2
,2
,2
,2
,2
,2
,2
,2
,2
,2
,2
,2
,2
,2
,2
,2
,2
,2
,2
,2
,2
,2
,2
,2
,2
,2
,2
,2
,2
,2
,2
,2
,2
,2
,2
,2
,2
,2
,2
,2
,2
,2
,2
,2
,2
,2
,2
,2
,2
,2
,2
,2
,2
,2
,2
,2
,2
,2
,2
,2
,2
,2
,2
,2
,2
,2
,2
,2
,2
,2
,2
,2
,2
,2
,2
,2
,2
,2
,2
,2
,2
,2
,2
,2
,2
,2
,2
,2
,2
,2
,2
,2
,2
,2
,2
,2
,2
,2
,2
,2
,2
,2
,2
,2
,2
,2
,2
,2
,2
,2
,2
,2
,2
,2
,2
,2
,2
,2
,2
,2
,2
,2
,2
,2
,2
,2
,2
,2
,2
,2
,2
,2
,2
,2
,2
,2
,2
,2
,2
,2
,2
,2
,2
,2
,2
,2
,2
,2
,2
,2
,2
,2
,2
,2
,2
,2
,2
,2
,2
,2
,2
,2
,2
,2
,2
,2
,2
,2
,2
,2
,2
,2
,2
,2
,2
,2
,2
,2
,2
,2
,2
,2
,2
,2
,2
,2
,2
,2
,2
,2
,2
,2
,2
,2
,2
,2
,2
,2
,2
,2
,2
,2
,2
,2
,2
,2
,2
,2
,2
,2
,2
,2
,2
,2
,2
,2
,2
,2
,2
,2
,2
,2
,2
,2
,2
,2
,2
,2
,2
,2
,2
,2
,2
,2
,2
,2
,2
,2
,2
,2
,2
,2
,2
,2
,2
,2
,2
,2
,2
,2
,2
,2
,2
,2
,2
,2
,2
,2
,2
,2
,2
,2
,2
,2
,2
,2
,2
,2
,2
,2
,2
,2
,2
,2
,2
,2
,2
,2
,2
,2
,2
,2
,2
,2
,2
,2
,2
,2
,2
,2
,2
,2
,2
,2
,2
,2
,2
,2
,2
,2
,2
,2
,2
,2
,2
,2
,2
,2
,2
,2
,2
,2
,2
,2
,2
,2
,2
,2
,2
,2
,2
,2
,2
,2
,2
,2
,2
,2
,2
,2
,2
,2
,2
,2
,2
,2
,2
,2
,2
,2
,2
,2
,2
,2
,2
,2
,2
,2
,2
,2
,2
,2
,2
,2
,2
,2
,2
,2
,2
,2
,2
,2
,2
,2
,2
,2
,2
,2
,2
,2
,2
,2
,2
,2
,2
,2
,2
,2
,2
,2
,2
,2
,2
,2
,2
,2
,2
,2
,2
,2
,2
,2
,2
,2
,2
,2
,2
,2
,2
,2
,2
,2
,2
,2
,2
,2
,2
,2
,2
,2
,2
,2
,2
,2
,2
,2
,2
,2
,2
,2
,2
,2
,2
,2
,2
,2
,2
,2
,2
,2
,2
,2
,2
,2
,2
,2
,2
,2
,2
,2
,2
,2
,2
,2
,2
,2
,2
,2
,2
,2
,2
,2
,2
,2
,2
,2
,2
,2
,2
,2
,2
,2
,2
,2
,2
,2
,2
,2
,2
,2
,2
,2
,2
,2
,2
,2
,2
,2
,2
,2
,2
,2
,2
,2
,2
,2
,2
,2
,2
,2
,2
,2
,2
,2
,2
,2
,2
,2
,2
,2
,2
,2
,2
,2
,2
,2
,2
,2
,2
,2
,2
,2
,2
,2
,2
,2
,2
,2
,2
,2
,2
,2
,2
,2
,2
,2
,2
,2
,2
,2
,2
,2
,2
,2
,2
,2
,2
,2
,2
,2
,2
,2
,2
,2
,2
,2
,2
,2
,2
,2
,2
,2
,2
,2
,2
,2
,2
,2
,2
,2
,2
,2
,2
,2
,2
,2
,2
,2
,2
,2
,2
,2
,2
,2
,2
,2
,2
,2
,2
,2
,2
,2
,2
,2
,2
,2
,2
,2
,2
,2
,2
,2
,2
,2
,2
,2
,2
,2
,2
,2
,2
,2
,2
,2
,2
,2
,2
,2
,2
,2
,2
,2
,2
,2
,2
,2
,2
,2
,2
,2
,2
,2
,2
,2
,2
,2
,2
,2
,2
,2
,2
,2
,2
,2
,2
,2
,2
,2
,2
,2
,2
,2
,2
,2
,2
,2
,2
,2
,2
,2
,2
,2
,2
,2
,2
,2
,2
,2
,2
,2
,2
,2
,2
,2
,2
,2
,2
,2
,2
,2
,2
,2
,2
,2
,2
,2
,2
,2
,2
,2
,2
,2
,2
,2
,2
,2
,2
,2
,2
,2
,2
,2
,2
,2
,2
,2
,2
,2
,2
,2
,2
,2
,2
,2
,2
,2
,2
,2
,2
,2
,2
,2
,2
,2
,2
,2
,2
,2
,2
,2
,2
,2
,2
,2
,2
,2
,2
,2
,2
,2
,2
,2
,2
,2
,2
,2
,2
,2
,2
,2
,2
,2
,2
,2
,2
,2
,2
,2
,2
,2
,2
,2
,2
,2
,2
,2
,2
,2
,2
,2
,2
,2
,2
,2
,2
,2
,2
,2
,2
,2
,2
,2
,2
,2
,2
,2
,2
,2
,2
,2
,2
,2
,2
,2
,2
,2
,2
,2
,2
,2
,2
,2
,2
,2
,2
,2
,2
,2
,2
,2
,2
,2
,2
,2
,2
,2
,2
,2
,2
,2
,2
,2
,2
,2
,2
,2
,2
,2
,2
,2
,2
,2
,2
,2
,2
,2
,2
,2
,2
,2
,2
,2
,2
,2
,2
,2
,2
,2
,2
,2
,2
,2
,2
,2
,2
,2
,2
,2
,2
,2
,2
,2
,2
,2
,2
,2
,2
,2
,2
,2
,2
,2
,2
,2
,2
,2
,2
,2
,2
,2
,2
,2
,2
,2
,2
,2
,2
,2
,2
,2
,2
,2
,2
,2
,2
,2
,2
,2
,2
,2
,2
,2
,2
,2
,2
,2
,2
,2
,2
,2
,2
,2
,2
,2
,2
,2
,2
,2
,2
,2
,2
,2
,2
,2
,2
,2
,2
,2
,2
,2
,2
,2
,2
,2
,2
,2
,2
,2
,2
,2
,2
,2
,2
,2
,2
,2
,2
,2
,2
,2
,2
,2
,2
,2
,2
,2
,2
,2
,2
,2
,2
,2
,2
,2
,2
,2
,2
,2
,2
,2
,2
,2
,2
,2
,2
,2
,2
,2
,2
,2
,2
,2
,2
,2
,2
,2
,2
,2
,2
,2
,2
,2
,2
,2
,2
,2
,2
,2
,2
,2
,2
,2
,2
,2
,2
,2
,2
,2
,2
,2
,2
,2
,2
,2
,2
,2
,2
,2
,2
,2
,2
,2
,2
,2
,2
,2
,2
,2
,2
,2
,2
,2
,2
,2
,2
,2
,2
,2
,2
,2
,2
,2
,2
,2
,2
,2
,2
,2
,2
,2
,2
,2
,2
,2
,2
,2
,2
,2
,2
,2
,2
,2
,2
,2
,2
,2
,2
,2
,2
,2
,2
,2
,2
,2
,2
,2
,2
,2
,2
,2
,2
,2
,2
,2
,2
,2
,2
,2
,2
,2
,2
,2
,2
,2
,2
,2
,2
,2
,2
,2
,2
,2
,2
,2
,2
,2
,2
,2
,2
,2
,2
,2
,2
,2
,2
,2
,2
,2
,2
,2
,2
,2
,2
,2
,2
,2
,2
,2
,2
,2
,2
,2
,2
,2
,2
,2
,2
,2
,2
,2
,2
,2
,2
,2
,2
,2
,2
,2
,2
,2
,2
,2
,2
,2
,2
,2
,2
,2
,2
,2
,2
,2
,2
,2
,2
,2
,2
,2
,2
,2
,2
,2
,2
,2
,2
,2
,2
,2
,2
,2
,2
,2
,2
,2
,2
,2
,2
,2
,2
,2
,2
,2
,2
,2
,2
,2
,2
,2
,2
,2
,2
,2
,2
,2
,2
,2
,2
,2
,2
,2
,2
,2
,2
,2
,2
,2
,2
,2
,2
,2
,2
,2
,2
,2
,2
,2
,2
,2
,2
,2
,2
,2
,2
,2
,2
,2
,2
,2
,2
,2
,2
,2
,2
,2
,2
,2
,2
,2
,2
,2
,2
,2
,2
,2
,2
,2
,2
,2
,2
,2
,2
,2
,2
,2
,2
,2
,2
,2
,2
,2
,2
,2
,2
,2
,2
,2
,2
,2
,2
,2
,2
,2
,2
,2
,2
,2
,2
,2
,2
,2
,2
,2
,2
,2
,2
,2
,2
,2
,2
,2
,2
,2
,2
,2
,2
,2
,2
,2
,2
,2
,2
,2
,2
,2
,2
,2
,2
,2
,2
,2
,2
,2
,2
,2
,2
,2
,2
,2
,2
,2
,2
,2
,2
,2
,2
,2
,2
,2
,2
,2
,2
,2
,2
,2
,2
,2
,2
,2
,2
,2
,2
,2
,2
,2
,2
,2
,2
,2
,2
,2
,2
,2
,2
,2
,2
,2
,2
,2
,2
,2
,2
,2
,2
,2
,2
,2
,2
,2
,2
,2
,2
,2
,2
,2
,2
,2
,2
,2
,2
,2
,2
,2
,2
,2
,2
,2
,2
,2
,2
,2
,2
,2
,2
,2
,2
,2
,2
,2
,2
,2
,2
,2
,2
,2
,2
,2
,2
,2
,2
,2
,2
,2
,2
,2
,2
,2
,2
,2
,2
,2
,2
,2
,2
,2
,2
,2
,2
,2
,2
,2
,2
,2
,2
,2
,2
,2
,2
,2
,2
,2
,2
,2
,2
,2
,2
,2
,2
,2
,2
,2
,2
,2
,2
,2
,2
,2
,2
,2
,2
,2
,2
,2
,2
,2
,2
,2
,2
,2
,2
,2
,2
,2
,2
,2
,2
,2
,2
,2
,2
,2
,2
,2
,2
,2
,2
,2
,2
,2
,2
,2
,2
,2
,2
,2
,2
,2
,2
,2
,2
,2
,2
,2
,2
,2
,2
,2
,2
,2
,2
,2
,2
,2
,2
,2
,2
,2
,2
,2
,2
,2
,2
,2
,2
,2
,2
,2
,2
,2
,2
,2
,2
,2
,2
,2
,2
,2
,2
,2
,2
,2
,2
,2
,2
,2
,2
,2
,2
,2
,2
,2
,2
,2
,2
,2
,2
,2
,2
,2
,2
,2
,2
,2
,2
,2
,2
,2
,2
,2
,2
,2
,2
,2
,2
,2
,2
,2
,2
,2
,2
,2
,2
,2
,2
,2
,2
,2
,2
,2
,2
,2
,2
,2
,2
,2
,2
,2
,2
,2
,2
,2
,2
,2
,2
,2
,2
,2
,2
,2
,2
,2
,2
,2
,2
,2
,2
,2
,2
,2
,2
,2
,2
,2
,2
,2
,2
,2
,2
,2
,2
,2
,2
,2
,2
,2
,2
,2
,2
,2
,2
,2
,2
,2
,2
,2
,2
,2
,2
,2
,2
,2
,2
,2
,2
,2
,2
,2
,2
,2
,2
,2
,2
,2
,2
,2
,2
,2
,2
,2
,2
,2
,2
,2
,2
,2
,2
,2
,2
,2
,2
,2
,2
,2
,2
,2
,2
,2
,2
,2
,2
,2
,2
,2
,2
,2
,2
,2
,2
,2
,2
,2
,2
,2
,2
,2
,2
,2
,2
,2
,2
,2
,2
,2
,2
,2
,2
,2
,2
,2
,2
,2
,2
,2
,2
,2
,2
,2
,2
,2
,2
,2
,2
,2
,2
,2
,2
,2
,2
,2
,2
,2
,2
,2
,2
,2
,2
,2
,2
,2
,2
,2
,2
,2
,2
,2
,2
,2
,2
,2
,2
,2
,2
,2
,2
,2
,2
,2
,2
,2
,2
,2
,2
,2
,2
,2
,2
,2
,2
,2
,2
,2
,2
,2
,2
,2
,2
,2
,2
,2
,2
,2
,2
,2
,2
,2
,2
,2
,2
,2
,2
,2
,2
,2
,2
,2
,2
,2
,2
,2
,2
,2
,2
,2
,2
,2
,2
,2
,2
,2
,2
,2
,2
,2
,2
,2
,2
,2
,2
,2
,2
,2
,2
,2
,2
,2
,2
,2
,2
,2
,2
,2
,2
,2
,2
,2
,2
,2
,2
,2
,2
,2
,2
,2
,2
,2
,2
,2
,2
,2
,2
,2
,2
,2
,2
,2
,2
,2
,2
,2
,2
,2
,2
,2
,2
,2
,2
,2
,2
,2
,2
,2
,2
,2
,2
,2
,2
,2
,2
,2
,2
,2
,2
,2
,2
,2
,2
,2
,2
,2
,2
,2
,2
,2
,2
,2
,2
,2
,2
,2
,2
,2
,2
,2
,2
,2
,2
,2
,2
,2
,2
,2
,2
,2
,2
,2
,2
,2
,2
,2
,2
,2
,2
,2
,2
,2
,2
,2
,2
,2
,2
,2
,2
,2
,2
,2
,2
,2
,2
,2
,2
,2
,2
,2
,2
,2
,2
,2
,2
,2
,2
,2
,2
,2
,2
,2
,2
,2
,2
,2
,2
,2
,2
,2
,2
,2
,2
,2
,2
,2
,2
,2
,2
,2
,2
,2
,2
,2
,2
,2
,2
,2
,2
,2
,2
,2
,2
,2
,2
,2
,2
,2
,2
,2
,2
,2
,2
,2
,2
,2
,2
,2
,2
,2
,2
,2
,2
,2
,2
,2
,2
,2
,2
,2
,2
,2
,2
,2
,2
,2
,2
,2
,2
,2
,2
,2
,2
,2
,2
,2
,2
,2
,2
,2
,2
,2
,2
,2
,2
,2
,2
,2
,2
,2
,2
,2
,2
,2
,2
,2
,2
,2
,2
,2
,2
,2
,2
,2
,2
,2
,2
,2
,2
,2
,2
,2
,2
,2
,2
,2
,2
,2
,2
,2
,2
,2
,2
,2
,2
,2
,2
,2
,2
,2
,2
,2
,2
,2
,2
,2
,2
,2
,2
,2
,2
,2
,2
,2
,2
,2
,2
,2
,2
,2
,2
,2
,2
,2
,2
,2
,2
,2
,2
,2
,2
,2
,2
,2
,2
,2
,2
,2
,2
,2
,2
,2
,2
,2
,2
,2
,2
,2
,2
,2
,2
,2
,2
,2
,2
,2
,2
,2
,2
,2
,2
,2
,2
,2
,2
,2
,2
,2
,2
,2
,2
,2
,2
,2
,2
,2
,2
,2
,2
,2
,2
,2
,2
,2
,2
,2
,2
,2
,2
,2
,2
,2
,2
,2
,2
,2
,2
,2
,2
,2
,2
,2
,2
,2
,2
,2
,2
,2
,2
,2
,2
,2
,2
,2
,2
,2
,2
,2
,2
,2
,2
,2
,2
,2
,2
,2
,2
,2
,2
,2
,2
,2
,2
,2
,2
,2
,2
,2
,2
,2
,2
,2
,2
,2
,2
,2
,2
,2
,2
,2
,2
,2
,2
,2
,2
,2
,2
,2
,2
,2
,2
,2
,2
,2
,2
,2
,2
,2
,2
,2
,2
,2
,2
,2
,2
,2
,2
,2
,2
,2
,2
,2
,2
,2
,2
,2
,2
,2
,2
,2
,2
,2
,2
,2
,2
,2
,2
,2
,2
,2
,2
,2
,2
,2
,2
,2
,2
,2
,2
,2
,2
,2
,2
,2
,2
,2
,2
,2
,2
,2
,2
,2
,2
,2
,2
,2
,2
,2
,2
,2
,2
,2
,2
,2
,2
,2
,2
,2
,2
,2
,2
,2
,2
,2
,2
,2
,2
,2
,2
,2
,2
,2
,2
,2
,2
,2
,2
,2
,2
,2
,2
,2
,2
,2
,2
,2
,2
,2
,2
,2
,2
,2
,2
,2
,2
,2
,2
,2
,2
,2
,2
,2
,2
,2
,2
,2
,2
,2
,2
,2
,2
,2
,2
,2
,2
,2
,2
,2
,2
,2
,2
,2
,2
,2
,2
,2
,2
,2
,2
,2
,2
,2
,2
,2
,2
,2
,2
,2
,2
,2
,2
,2
,2
,2
,2
,2
,2
,2
,2
,2
,2
,2
,2
,2
,2
,2
,2
,2
,2
,2
,2
,2
,2
,2
,2
,2
,2
,2
,2
,2
,2
,2
,2
,2
,2
,2
,2
,2
,2
,2
,2
,2
,2
,2
,2
,2
,2
,2
,2
,2
,2
,2
,2
,2
,2
,2
,2
,2
,2
,2
,2
,2
,2
,2
,2
,2
,2
,2
,2
,2
,2
,2
,2
,2
,2
,2
,2
,2
,2
,2
,2
,2
,2
,2
,2
,2
,2
,2
,2
,2
,2
,2
,2
,2
,2
,2
,2
,2
,2
,2
,2
,2
,2
,2
,2
,2
,2
,2
,2
,2
,2
,2
,2
,2
,2
,2
,2
,2
,2
,2
,2
,2
,2
,2
,2
,2
,2
,2
,2
,2
,2
,2
,2
,2
,2
,2
,2
,2
,2
,2
,2
,2
,2
,2
,2
,2
,2
,2
,2
,2
,2
,2
,2
,2
,2
,2
,2
,2
,2
,2
,2
,2
,2
,2
,2
,2
,2
,2
,2
,2
,2
,2
,2
,2
,2
,2
,2
,2
,2
,2
,2
,2
,2
,2
,2
,2
,2
,2
,2
,2
,2
,2
,2
,2
,2
,2
,2
,2
,2
,2
,2
,2
,2
,2
,2
,2
,2
,2
,2
,2
,2
,2
,2
,2
,2
,2
,2
,2
,2
,2
,2
,2
,2
,2
,2
,2
,2
,2
,2
,2
,2
,2
,2
,2
,2
,2
,2
,2
,2
,2
,2
,2
,2
,2
,2
,2
,2
,2
,2
,2
,2
,2
,2
,2
,2
,2
,2
,2
,2
,2
,2
,2
,2
,2
,2
,2
,2
,2
,2
,2
,2
,2
,2
,2
,2
,2
,2
,2
,2
,2
,2
,2
,2
,2
,2
,2
,2
,2
,2
,2
,2
,2
,2
,2
,2
,2
,2
,2
,2
,2
,2
,2
,2
,2
,2
,2
,2
,2
,2
,2
,2
,2
,2
,2
,2
,2
,2
,2
,2
,2
,2
,2
,2
,2
,2
,2
,2
,2
,2
,2
,2
,2
,2
,2
,2
,2
,2
,2
,2
,2
,2
,2
,2
,2
,2
,2
,2
,2
,2
,2
,2
,2
,2
,2
,2
,2
,2
,2
,2
,2
,2
,2
,2
,2
,2
,2
,2
,2
,2
,2
,2
,2
,2
,2
,2
,2
,2
,2
,2
,2
,2
,2
,2
,2
,2
,2
,2
,2
,2
,2
,2
,2
,2
,2
,2
,2
,2
,2
,2
,2
,2
,2
,2
,2
,2
,2
,2
,2
,2
,2
,2
,2
,2
,2
,2
,2
,2
,2
,2
,2
,2
,2
,2
,2
,2
,2
,2
,2
,2
,2
,2
,2
,2
,2
,2
,2
,2
,2
,2
,2
,2
,2
,2
,2
,2
,2
,2
,2
,2
,2
,2
,2
,2
,2
,2
,2
,2
,2
,2
,2
,2
,2
,2
,2
,2
,2
,2
,2
,2
,2
,2
,2
,2
,2
,2
,2
,2
,2
,2
,2
,2
,2
,2
,2
,2
,2
,2
,2
,2
,2
,2
,2
,2
,2
,2
,2
,2
,2
,2
,2
,2
,2
,2
,2
,2
,2
,2
,2
,2
,2
,2
,2
,2
,2
,2
,2
,2
,2
,2
,2
,2
,2
,2
,2
,2
,2
,2
,2
,2
,2
,2
,2
,2
,2
,2
,2
,2
,2
,2
,2
,2
,2
,2
,2
,2
,2
,2
,2
,2
,2
,2
,2
,2
,2
,2
,2
,2
,2
,2
,2
,2
,2
,2
,2
,2
,2
,2
,2
,2
,2
,2
,2
,2
,2
,2
,2
,2
,2
,2
,2
,2
,2
,2
,2
,2
,2
,2
,2
,2
,2
,2
,2
,2
,2
,2
,2
,2
,2
,2
,2
,2
,2
,2
,2
,2
,2
,2
,2
,2
,2
,2
,2
,2
,2
,2
,2
,2
,2
,2
,2
,2
,2
,2
,2
,2
,2
,2
,2
,2
,2
,2
,2
,2
,2
,2
,2
,2
,2
,2
,2
,2
,2
,2
,2
,2
,2
,2
,2
,2
,2
,2
,2
,2
,2
,2
,2
,2
,2
,2
,2
,2
,2
,2
,2
,2
,2
,2
,2
,2
,2
,2
,2
,2
,2
,2
,2
,2
,2
,2
,2
,2
,2
,2
,2
,2
,2
,2
,2
,2
,2
,2
,2
,2
,2
,2
,2
,2
,2
,2
,2
,2
,2
,2
,2
,2
,2
,2
,2
,2
,2
,2
,2
,2
,2
,2
,2
,2
,2
,2
,2
,2
,2
,2
,2
,2
,2
,2
,2
,2
,2
,2
,2
,2
,2
,2
,2
,2
,2
,2
,2
,2
,2
,2
,2
,2
,2
,2
,2
,2
,2
,2
,2
,2
,2
,2
,2
,2
,2
,2
,2
,2
,2
,2
,2
,2
,2
,2
,2
,2
,2
,2
,2
,2
,2
,2
,2
,2
,2
,2
,2
,2
,2
,2
,2
,2
,2
,2
,2
,2
,2
,2
,2
,2
,2
,2
,2
,2
,2
,2
,2
,2
,2
,2
,2
,2
,2
,2
,2
,2
,2
,2
,2
,2
,2
,2
,2
,2
,2
,2
,2
,2
,2
,2
,2
,2
,2
,2
,2
,2
,2
,2
,2
,2
,2
,2
,2
,2
,2
,2
,2
,2
,2
,2
,2
,2
,2
,2
,2
,2
,2
,2
,2
,2
,2
,2
,2
,2
,2
,2
,2
,2
,2
,2
,2
,2
,2
,2
,2
,2
,2
,2
,2
,2
,2
,2
,2
,2
,2
,2
,2
,2
,2
,2
,2
,2
,2
,2
,2
,2
,2
,2
,2
,2
,2
,2
,2
,2
,2
,2
,2
,2
,2
,2
,2
,2
,2
,2
,2
,2
,2
,2
,2
,2
,2
,2
,2
,2
,2
,2
,2
,2
,2
,2
,2
,2
,2
,2
,2
,2
,2
,2
,2
,2
,2
,2
,2
,2
,2
,2
,2
,2
,2
,2
,2
,2
,2
,2
,2
,2
,2
,2
,2
,2
,2
,2
,2
,2
,2
,2
,2
,2
,2
,2
,2
,2
,2
,2
,2
,2
,2
,2
,2
,2
,2
,2
,2
,2
,2
,2
,2
,2
,2
,2
,2
,2
,2
,2
,2
,2
,2
,2
,2
,2
,2
,2
,2
,2
,2
,2
,2
,2
,2
,2
,2
,2
,2
,2
,2
,2
,2
,2
,2
,2
,2
,2
,2
,2
,2
,2
,2
,2
,2
,2
,2
,2
,2
,2
,2
,2
,2
,2
,2
,2
,2
,2
,2
,2
,2
,2
,2
,2
,2
,2
,2
,2
,2
,2
,2
,2
,2
,2
,2
,2
,2
,2
,2
,2
,2
,2
,2
,2
,2
,2
,2
,2
,2
,2
,2
,2
,2
,2
,2
,2
,2
,2
,2
,2
,2
,2
,2
,2
,2
,2
,2
,2
,2
,2
,2
,2
,2
,2
,2
,2
,2
,2
,2
,2
,2
,2
,2
,2
,2
,2
,2
,2
,2
,2
,2
,2
,2
,2
,2
,2
,2
,2
,2
,2
,2
,2
,2
,2
,2
,2
,2
,2
,2
,2
,2
,2
,2
,2
,2
,2
,2
,2
,2
,2
,2
,2
,2
,2
,2
,2
,2
,2
,2
,2
,2
,2
,2
,2
,2
,2
,2
,2
,2
,2
,2
,2
,2
,2
,2
,2
,2
,2
,2
,2
,2
,2
,2
,2
,2
,2
,2
,2
,2
,2
,2
,2
,2
,2
,2
,2
,2
,2
,2
,2
,2
,2
,2
,2
,2
,2
,2
,2
,2
,2
,2
,2
,2
,2
,2
,2
,2
,2
,2
,2
,2
,2
,2
,2
,2
,2
,2
,2
,2
,2
,2
,2
,2
,2
,2
,2
,2
,2
,2
,2
,2
,2
,2
,2
,2
,2
,2
,2
,2
,2
,2
,2
,2
,2
,2
,2
,2
,2
,2
,2
,2
,2
,2
,2
,2
,2
,2
,2
,2
,2
,2
,2
,2
,2
,2
,2
,2
,2
,2
,2
,2
,2
,2
,2
,2
,2
,2
,2
,2
,2
,2
,2
,2
,2
,2
,2
,2
,2
,2
,2
,2
,2
,2
,2
,2
,2
,2
,2
,2
,2
,2
,2
,2
,2
,2
,2
,2
,2
,2
,2
,2
,2
,2
,2
,2
,2
,2
,2
,2
,2
,2
,2
,2
,2
,2
,2
,2
,2
,2
,2
,2
,2
,2
,2
,2
,2
,2
,2
,2
,2
,2
,2
,2
,2
,2
,2
,2
,2
,2
,2
,2
,2
,2
,2
,2
,2
,2
,2
,2
,2
,2
,2
,2
,2
,2
,2
,2
,2
,2
,2
,2
,2
,2
,2
,2
,2
,2
,2
,2
,2
,2
,2
,2
,2
,2
,2
,2
,2
,2
,2
,2
,2
,2
,2
,2
,2
,2
,2
,2
,2
,2
,2
,2
,2
,2
,2
,2
,2
,2
,2
,2
,2
,2
,2
,2
,2
,2
,2
,2
,2
,2
,2
,2
,2
,2
,2
,2
,2
,2
,2
,2
,2
,2
,2
,2
,2
,2
,2
,2
,2
,2
,2
,2
,2
,2
,2
,2
,2
,2
,2
,2
,2
,2
,2
,2
,2
,2
,2
,2
,2
,2
,2
,2
,2
,2
,2
,2
,2
,2
,2
,2
,2
,2
,2
,2
,2
,2
,2
,2
,2
,2
,2
,2
,2
,2
,2
,2
,2
,2
,2
,2
,2
,2
,2
,2
,2
,2
,2
,2
,2
,2
,2
,2
,2
,2
,2
,2
,2
,2
,2
,2
,2
,2
,2
,2
,2
,2
,2
,2
,2
,2
,2
,2
,2
,2
,2
,2
,2
,2
,2
,2
,2
,2
,2
,2
,2
,2
,2
,2
,2
,2
,2
,2
,2
,2
,2
,2
,2
,2
,2
,2
,2
,2
,2
,2
,2
,2
,2
,2
,2
,2
,2
,2
,2
,2
,2
,2
,2
,2
,2
,2
,2
,2
,2
,2
,2
,2
,2
,2
,2
,2
,2
,2
,2
,2
,2
,2
,2
,2
,2
,2
,2
,2
,2
,2
,2
,2
,2
,2
,2
,2
,2
,2
,2
,2
,2
,2
,2
,2
,2
,2
,2
,2
,2
,2
,2
,2
,2
,2
,2
,2
,2
,2
,2
,2
,2
,2
,2
,2
,2
,2
,2
,2
,2
,2
,2
,2
,2
,2
,2
,2
,2
,2
,2
,2
,2
,2
,2
,2
,2
,2
,2
,2
,2
,2
,2
,2
,2
,2
,2
,2
,2
,2
,2
,2
,2
,2
,2
,2
,2
,2
,2
,2
,2
,2
,2
,2
,2
,2
,2
,2
,2
,2
,2
,2
,2
,2
,2
,2
,2
,2
,2
,2
,2
,2
,2
,2
,2
,2
,2
,2
,2
,2
,2
,2
,2
,2
,2
,2
,2
,2
,2
,2
,2
,2
,2
,2
,2
,2
,2
,2
,2
,2
,2
,2
,2
,2
,2
,2
,2
,2
,2
,2
,2
,2
,2
,2
,2
,2
,2
,2
,2
,2
,2
,2
,2
,2
,2
,2
,2
,2
,2
,2
,2
,2
,2
,2
,2
,2
,2
,2
,2
,2
,2
,2
,2
,2
,2
,2
,2
,2
,2
,2
,2
,2
,2
,2
,2
,2
,2
,2
,2
,2
,2
,2
,2
,2
,2
,2
,2
,2
,2
,2
,2
,2
,2
,2
,2
,2
,2
,2
,2
,2
,2
,2
,2
,2
,2
,2
,2
,2
,2
,2
,2
,2
,2
,2
,2
,2
,2
,2
,2
,2
,2
,2
,2
,2
,2
,2
,2
,2
,2
,2
,2
,2
,2
,2
,2
,2
,2
,2
,2
,2
,2
,2
,2
,2
,2
,2
,2
,2
,2
,2
,2
,2
,2
,2
,2
,2
,2
,2
,2
,2
,2
,2
,2
,2
,2
,2
,2
,2
,2
,2
,2
,2
,2
,3
,3
,3
,3
,3
,3
,3
,3
,3
,3
,3
,3
,3
,3
,3
,3
,3
,3
,3
,3
,3
,3
,3
,3
,3
,3
,3
,3
,3
,3
,3
,3
,3
,3
,3
,3
,3
,3
,3
,3
,3
,3
,3
,3
,3
,3
,3
,3
,3
,3
,3
,3
,3
,3
,3
,3
,3
,3
,3
,3
,3
,3
,3
,3
,3
,3
,3
,3
,3
,3
,3
,3
,3
,3
,3
,3
,3
,3
,3
,3
,3
,3
,3
,3
,3
,3
,3
,3
,3
,3
,3
,3
,3
,3
,3
,3
,3
,3
,3
,3
,3
,3
,3
,3
,3
,3
,3
,3
,3
,3
,3
,3
,3
,3
,3
,3
,3
,3
,3
,3
,3
,3
,3
,3
,3
,3
,3
,3
,3
,3
,3
,3
,3
,3
,3
,3
,3
,3
,3
,3
,3
,3
,3
,3
,3
,3
,3
,3
,3
,3
,3
,3
,3
,3
,3
,3
,3
,3
,3
,3
,3
,3
,3
,3
,3
,3
,3
,3
,3
,3
,3
,3
,3
,3
,3
,3
,3
,3
,3
,3
,3
,3
,3
,3
,3
,3
,3
,3
,3
,3
,3
,3
,3
,3
,3
,3
,3
,3
,3
,3
,3
,3
,3
,3
,3
,3
,3
,3
,3
,3
,3
,3
,3
,3
,3
,3
,3
,3
,3
,3
,3
,3
,3
,3
,3
,3
,3
,3
,3
,3
,3
,3
,3
,3
,3
,3
,3
,3
,3
,3
,3
,3
,3
,3
,3
,3
,3
,3
,3
,3
,3
,3
,3
,3
,3
,3
,3
,3
,3
,3
,3
,3
,3
,3
,3
,3
,3
,3
,3
,3
,3
,3
,3
,3
,3
,3
,3
,3
,3
,3
,3
,3
,3
,3
,3
,3
,3
,3
,3
,3
,3
,3
,3
,3
,3
,3
,3
,3
,3
,3
,3
,3
,3
,3
,3
,3
,3
,3
,3
,3
,3
,3
,3
,3
,3
,3
,3
,3
,3
,3
,3
,3
,3
,3
,3
,3
,3
,3
,3
,3
,3
,3
,3
,3
,3
,3
,3
,3
,3
,3
,3
,3
,3
,3
,3
,3
,3
,3
,3
,3
,3
,3
,3
,3
,3
,3
,3
,3
,3
,3
,3
,3
,3
,3
,3
,3
,3
,3
,3
,3
,3
,3
,3
,3
,3
,3
,3
,3
,3
,3
,3
,3
,3
,3
,3
,3
,3
,3
,3
,3
,3
,3
,3
,3
,3
,3
,3
,3
,3
,3
,3
,3
,3
,3
,3
,3
,3
,3
,3
,3
,3
,3
,3
,3
,3
,3
,3
,3
,3
,3
,3
,3
,3
,3
,3
,3
,3
,3
,3
,3
,3
,3
,3
,3
,3
,3
,3
,3
,3
,3
,3
,3
,3
,3
,3
,3
,3
,3
,3
,3
,3
,3
,3
,3
,3
,3
,3
,3
,3
,3
,3
,3
,3
,3
,3
,3
,3
,3
,3
,3
,3
,3
,3
,3
,3
,3
,3
,3
,3
,3
,3
,3
,3
,3
,3
,3
,3
,3
,3
,3
,3
,3
,3
,3
,3
,3
,3
,3
,3
,3
,3
,3
,3
,3
,3
,3
,3
,3
,3
,3
,3
,3
,3
,3
,3
,3
,3
,3
,3
,3
,3
,3
,3
,3
,3
,3
,3
,3
,3
,3
,3
,3
,3
,3
,3
,3
,3
,3
,3
,3
,3
,3
,3
,3
,3
,3
,3
,3
,3
,3
,3
,3
,3
,3
,3
,3
,3
,3
,3
,3
,3
,3
,3
,3
,3
,3
,3
,3
,3
,3
,3
,3
,3
,3
,3
,3
,3
,3
,3
,3
,3
,3
,3
,3
,3
,3
,3
,3
,3
,3
,3
,3
,3
,3
,3
,3
,3
,3
,3
,3
,3
,3
,3
,3
,3
,3
,3
,3
,3
,3
,3
,3
,3
,3
,3
,3
,3
,3
,3
,3
,3
,3
,3
,3
,3
,3
,3
,3
,3
,3
,3
,3
,3
,3
,3
,3
,3
,3
,3
,3
,3
,3
,3
,3
,3
,3
,3
,3
,3
,3
,3
,3
,3
,3
,3
,3
,3
,3
,3
,3
,3
,3
,3
,3
,3
,3
,3
,3
,3
,3
,3
,3
,3
,3
,3
,3
,3
,3
,3
,3
,3
,3
,3
,3
,3
,3
,3
,3
,3
,3
,3
,3
,3
,3
,3
,3
,3
,3
,3
,3
,3
,3
,3
,3
,3
,3
,3
,3
,3
,3
,3
,3
,3
,3
,3
,3
,3
,3
,3
,3
,3
,3
,3
,3
,3
,3
,3
,3
,3
,3
,3
,3
,3
,3
,3
,3
,3
,3
,3
,3
,3
,3
,3
,3
,3
,3
,3
,3
,3
,3
,3
,3
,3
,3
,3
,3
,3
,3
,3
,3
,3
,3
,3
,3
,3
,3
,3
,3
,3
,3
,3
,3
,3
,3
,3
,3
,3
,3
,3
,3
,3
,3
,3
,3
,3
,3
,3
,3
,3
,3
,3
,3
,3
,3
,3
,3
,3
,3
,3
,3
,3
,3
,3
,3
,3
,3
,3
,3
,3
,3
,3
,3
,3
,3
,3
,3
,3
,3
,3
,3
,3
,3
,3
,3
,3
,3
,3
,3
,3
,3
,3
,3
,3
,3
,3
,3
,3
,3
,3
,3
,3
,3
,3
,3
,3
,3
,3
,3
,3
,3
,3
,3
,3
,3
,3
,3
,3
,3
,3
,3
,3
,3
,3
,3
,3
,3
,3
,3
,3
,3
,3
,3
,3
,3
,3
,3
,3
,3
,3
,3
,3
,3
,3
,3
,3
,3
,3
,3
,3
,3
,3
,3
,3
,3
,3
,3
,3
,3
,3
,3
,3
,3
,3
,3
,3
,3
,3
,3
,3
,3
,3
,3
,3
,3
,3
,3
,3
,3
,3
,3
,3
,3
,3
,3
,3
,3
,3
,3
,3
,3
,3
,3
,3
,3
,3
,3
,3
,3
,3
,3
,3
,3
,3
,3
,3
,3
,3
,3
,3
,3
,3
,3
,3
,3
,3
,3
,3
,3
,3
,3
,3
,3
,3
,3
,3
,3
,3
,3
,3
,3
,3
,3
,3
,3
,3
,3
,3
,3
,3
,3
,3
,3
,3
,3
,3
,3
,3
,3
,3
,3
,3
,3
,3
,3
,3
,3
,3
,3
,3
,3
,3
,3
,3
,3
,3
,3
,3
,3
,3
,3
,3
,3
,3
,3
,3
,3
,3
,3
,3
,3
,3
,3
,3
,3
,3
,3
,3
,3
,3
,3
,3
,3
,3
,3
,3
,3
,3
,3
,3
,3
,3
,3
,3
,3
,3
,3
,3
,3
,3
,3
,3
,3
,3
,3
,3
,3
,3
,3
,3
,3
,3
,3
,3
,3
,3
,3
,3
,3
,3
,3
,3
,3
,3
,3
,3
,3
,3
,3
,3
,3
,3
,3
,3
,3
,3
,3
,3
,3
,3
,3
,3
,3
,3
,3
,3
,3
,3
,3
,3
,3
,3
,3
,3
,3
,3
,3
,3
,3
,3
,3
,3
,3
,3
,3
,3
,3
,3
,3
,3
,3
,3
,3
,3
,3
,3
,3
,3
,3
,3
,3
,3
,3
,3
,3
,3
,3
,3
,3
,3
,3
,3
,3
,3
,3
,3
,3
,3
,3
,3
,3
,3
,3
,3
,3
,3
,3
,3
,3
,3
,3
,3
,3
,3
,3
,3
,3
,3
,3
,3
,3
,3
,3
,3
,3
,3
,3
,3
,3
,3
,3
,3
,3
,3
,3
,3
,3
,3
,3
,3
,3
,3
,3
,3
,3
,3
,3
,3
,3
,3
,3
,3
,3
,3
,3
,3
,3
,3
,3
,3
,3
,3
,3
,3
,3
,3
,3
,3
,3
,3
,3
,3
,3
,3
,3
,3
,3
,3
,3
,3
,3
,3
,3
,3
,3
,3
,3
,3
,3
,3
,3
,3
,3
,3
,3
,3
,3
,3
,3
,3
,3
,3
,3
,3
,3
,3
,3
,3
,3
,3
,3
,3
,3
,3
,3
,3
,3
,3
,3
,3
,3
,3
,3
,3
,3
,3
,3
,3
,3
,3
,3
,3
,3
,3
,3
,3
,3
,3
,3
,3
,3
,3
,3
,3
,3
,3
,3
,3
,3
,3
,3
,3
,3
,3
,3
,3
,3
,3
,3
,3
,3
,3
,3
,3
,3
,3
,3
,3
,3
,3
,3
,3
,3
,3
,3
,3
,3
,3
,3
,3
,3
,3
,3
,3
,3
,3
,3
,3
,3
,3
,3
,3
,3
,3
,3
,3
,3
,3
,3
,3
,3
,3
,3
,3
,3
,3
,3
,3
,3
,3
,3
,3
,3
,3
,3
,3
,3
,3
,3
,3
,3
,3
,3
,3
,3
,3
,3
,3
,3
,3
,3
,3
,3
,3
,3
,3
,3
,3
,3
,3
,3
,3
,3
,3
,3
,3
,3
,3
,3
,3
,3
,3
,3
,3
,3
,3
,3
,3
,3
,3
,3
,3
,3
,3
,3
,3
,3
,3
,3
,3
,3
,3
,3
,3
,3
,3
,3
,3
,3
,3
,3
,3
,3
,3
,3
,3
,3
,3
,3
,3
,3
,3
,3
,3
,3
,3
,3
,3
,3
,3
,3
,3
,3
,3
,3
,3
,3
,3
,3
,3
,3
,3
,3
,3
,3
,3
,3
,3
,3
,3
,3
,3
,3
,3
,3
,3
,3
,3
,3
,3
,3
,3
,3
,3
,3
,3
,3
,3
,3
,3
,3
,3
,3
,3
,3
,3
,3
,3
,3
,3
,3
,3
,3
,3
,3
,3
,3
,3
,3
,3
,3
,3
,3
,3
,3
,3
,3
,3
,3
,3
,3
,3
,3
,3
,3
,3
,3
,3
,3
,3
,3
,3
,3
,3
,3
,3
,3
,3
,3
,3
,3
,3
,3
,3
,3
,3
,3
,3
,3
,3
,3
,3
,3
,3
,3
,3
,3
,3
,3
,3
,3
,3
,3
,3
,3
,3
,3
,3
,3
,3
,3
,3
,3
,3
,3
,3
,3
,3
,3
,3
,3
,3
,3
,3
,3
,3
,3
,3
,3
,3
,3
,3
,3
,3
,3
,3
,3
,3
,3
,3
,3
,3
,3
,3
,3
,3
,3
,3
,3
,3
,3
,3
,3
,3
,3
,3
,3
,3
,3
,3
,3
,3
,3
,3
,3
,3
,3
,3
,3
,3
,3
,3
,3
,3
,3
,3
,3
,3
,3
,3
,3
,3
,3
,3
,3
,3
,3
,3
,3
,3
,3
,3
,3
,3
,3
,3
,3
,3
,3
,3
,3
,3
,3
,3
,3
,3
,3
,3
,3
,3
,3
,3
,3
,3
,3
,3
,3
,3
,3
,3
,3
,3
,3
,3
,3
,3
,3
,3
,3
,3
,3
,3
,3
,3
,3
,3
,3
,3
,3
,3
,3
,3
,3
,3
,3
,3
,3
,3
,3
,3
,3
,3
,3
,3
,3
,3
,3
,3
,3
,3
,3
,3
,3
,3
,3
,3
,3
,3
,3
,3
,3
,3
,3
,3
,3
,3
,3
,3
,3
,3
,3
,3
,3
,3
,3
,3
,3
,3
,3
,3
,3
,3
,3
,3
,3
,3
,3
,3
,3
,3
,3
,3
,3
,3
,3
,3
,3
,3
,3
,3
,3
,3
,3
,3
,3
,3
,3
,3
,3
,3
,3
,3
,3
,3
,3
,3
,3
,3
,3
,3
,3
,3
,3
,3
,3
,3
,3
,3
,3
,3
,3
,3
,3
,3
,3
,3
,3
,3
,3
,3
,3
,3
,3
,3
,3
,3
,3
,3
,3
,3
,3
,3
,3
,3
,3
,3
,3
,3
,3
,3
,3
,3
,3
,3
,3
,3
,3
,3
,3
,3
,3
,3
,3
,3
,3
,3
,3
,3
,3
,3
,3
,3
,3
,3
,3
,3
,3
,3
,3
,3
,3
,3
,3
,3
,3
,3
,3
,3
,3
,3
,3
,3
,3
,3
,3
,3
,3
,3
,3
,3
,3
,3
,3
,3
,3
,3
,3
,3
,3
,3
,3
,3
,3
,3
,3
,3
,3
,3
,3
,3
,3
,3
,3
,3
,3
,3
,3
,3
,3
,3
,3
,3
,3
,3
,3
,3
,3
,3
,3
,3
,3
,3
,3
,3
,3
,3
,3
,3
,3
,3
,3
,3
,3
,3
,3
,3
,3
,3
,3
,3
,3
,3
,3
,3
,3
,3
,3
,3
,3
,3
,3
,3
,3
,3
,3
,3
,3
,3
,3
,3
,3
,3
,3
,3
,3
,3
,3
,3
,3
,3
,3
,3
,3
,3
,3
,3
,3
,3
,3
,3
,3
,3
,3
,3
,3
,3
,3
,3
,3
,3
,3
,3
,3
,3
,3
,3
,3
,3
,3
,3
,3
,3
,3
,3
,3
,3
,3
,3
,3
,3
,3
,3
,3
,3
,3
,3
,3
,3
,3
,3
,3
,3
,3
,3
,3
,3
,3
,3
,3
,3
,3
,3
,3
,3
,3
,3
,3
,3
,3
,3
,3
,3
,3
,3
,3
,3
,3
,3
,3
,3
,3
,3
,3
,3
,3
,3
,3
,3
,3
,3
,3
,3
,3
,3
,3
,3
,3
,3
,3
,3
,3
,3
,3
,3
,3
,3
,3
,3
,3
,3
,3
,3
,3
,3
,3
,3
,3
,3
,3
,3
,3
,3
,3
,3
,3
,3
,3
,3
,3
,3
,3
,3
,3
,3
,3
,3
,3
,3
,3
,3
,3
,3
,3
,3
,3
,3
,3
,3
,3
,3
,3
,3
,3
,3
,3
,3
,3
,3
,3
,3
,3
,3
,3
,3
,3
,3
,3
,3
,3
,3
,3
,3
,3
,3
,3
,3
,3
,3
,3
,3
,3
,3
,3
,3
,3
,3
,3
,3
,3
,3
,3
,3
,3
,3
,3
,3
,3
,3
,3
,3
,3
,3
,3
,3
,3
,3
,3
,3
,3
,3
,3
,3
,3
,3
,3
,3
,3
,3
,3
,3
,3
,3
,3
,3
,3
,3
,3
,3
,3
,3
,3
,3
,3
,3
,3
,3
,3
,3
,3
,3
,3
,3
,3
,3
,3
,3
,3
,3
,3
,3
,3
,3
,3
,3
,3
,3
,3
,3
,3
,3
,3
,3
,3
,3
,3
,3
,3
,3
,3
,3
,3
,3
,3
,3
,3
,3
,3
,3
,3
,3
,3
,3
,3
,3
,3
,3
,3
,3
,3
,3
,3
,3
,3
,3
,3
,3
,3
,3
,3
,3
,3
,3
,3
,3
,3
,3
,3
,3
,3
,3
,3
,3
,3
,3
,3
,3
,3
,3
,3
,3
,3
,3
,3
,3
,3
,3
,3
,3
,3
,3
,3
,3
,3
,3
,3
,3
,3
,3
,3
,3
,3
,3
,3
,3
,3
,3
,3
,3
,3
,3
,3
,3
,3
,3
,3
,3
,3
,3
,3
,3
,3
,3
,3
,3
,3
,3
,3
,3
,3
,3
,3
,3
,3
,3
,3
,3
,3
,3
,3
,3
,3
,3
,3
,3
,3
,3
,3
,3
,3
,3
,3
,3
,3
,3
,3
,3
,3
,3
,3
,3
,3
,3
,3
,3
,3
,3
,3
,3
,3
,3
,3
,3
,3
,3
,3
,3
,3
,3
,3
,3
,3
,3
,3
,3
,3
,3
,3
,3
,3
,3
,3
,3
,3
,3
,3
,3
,3
,3
,3
,3
,3
,3
,3
,3
,3
,3
,3
,3
,3
,3
,3
,3
,3
,3
,3
,3
,3
,3
,3
,3
,3
,3
,3
,3
,3
,3
,3
,3
,3
,3
,3
,3
,3
,3
,3
,3
,3
,3
,3
,3
,3
,3
,3
,3
,3
,3
,3
,3
,3
,3
,3
,3
,3
,3
,3
,3
,3
,3
,3
,3
,3
,3
,3
,3
,3
,3
,3
,3
,3
,3
,3
,3
,3
,3
,3
,3
,3
,3
,3
,3
,3
,3
,3
,3
,3
,3
,3
,3
,3
,3
,3
,3
,3
,3
,3
,3
,3
,3
,3
,3
,3
,3
,3
,3
,3
,3
,3
,3
,3
,3
,3
,3
,3
,3
,3
,3
,3
,3
,3
,3
,3
,3
,3
,3
,3
,3
,3
,3
,3
,3
,3
,3
,3
,3
,3
,3
,3
,3
,3
,3
,3
,3
,3
,3
,3
,3
,3
,3
,3
,3
,3
,3
,3
,3
,3
,3
,3
,3
,3
,3
,3
,3
,3
,3
,3
,3
,3
,3
,3
,3
,3
,3
,3
,3
,3
,3
,3
,3
,3
,3
,3
,3
,3
,3
,3
,3
,3
,3
,3
,3
,3
,3
,3
,3
,3
,3
,3
,3
,3
,3
,3
,3
,3
,3
,3
,3
,3
,3
,3
,3
,3
,3
,3
,3
,3
,3
,3
,3
,3
,3
,3
,3
,3
,3
,3
,3
,3
,3
,3
,3
,3
,3
,3
,3
,3
,3
,3
,3
,3
,3
,3
,3
,3
,3
,3
,3
,3
,3
,3
,3
,3
,3
,3
,3
,3
,3
,3
,3
,3
,3
,3
,3
,3
,3
,3
,3
,3
,3
,3
,3
,3
,3
,3
,3
,3
,3
,3
,3
,3
,3
,3
,3
,3
,3
,3
,3
,3
,3
,3
,3
,3
,3
,3
,3
,3
,3
,3
,3
,3
,3
,3
,3
,3
,3
,3
,3
,3
,3
,3
,3
,3
,3
,3
,3
,3
,3
,3
,3
,3
,3
,3
,3
,3
,3
,3
,3
,3
,3
,3
,3
,3
,3
,3
,3
,3
,3
,3
,3
,3
,3
,3
,3
,3
,3
,3
,3
,3
,3
,3
,3
,3
,3
,3
,3
,3
,3
,3
,3
,3
,3
,3
,3
,3
,3
,3
,3
,3
,3
,3
,3
,3
,3
,3
,3
,3
,3
,3
,3
,3
,3
,3
,3
,3
,3
,3
,3
,3
,3
,3
,3
,3
,3
,3
,3
,3
,3
,3
,3
,3
,3
,3
,3
,3
,3
,3
,3
,3
,3
,3
,3
,3
,3
,3
,3
,3
,3
,3
,3
,3
,3
,3
,3
,3
,3
,3
,3
,3
,3
,3
,3
,3
,3
,3
,3
,3
,3
,3
,3
,3
,3
,3
,3
,3
,3
,3
,3
,3
,3
,3
,3
,3
,3
,3
,3
,3
,3
,3
,3
,3
,3
,3
,3
,3
,3
,3
,3
,3
,3
,3
,3
,3
,3
,3
,3
,3
,3
,3
,3
,3
,3
,3
,3
,3
,3
,3
,3
,3
,3
,3
,3
,3
,3
,3
,3
,3
,3
,3
,3
,3
,3
,3
,3
,3
,3
,3
,3
,3
,3
,3
,3
,3
,3
,3
,3
,3
,3
,3
,3
,3
,3
,3
,3
,3
,3
,3
,3
,3
,3
,3
,3
,3
,3
,3
,3
,3
,3
,3
,3
,3
,3
,3
,3
,3
,3
,3
,3
,3
,3
,3
,3
,3
,3
,3
,3
,3
,3
,3
,3
,3
,3
,3
,3
,3
,3
,3
,3
,3
,3
,3
,3
,3
,3
,3
,3
,3
,3
,3
,3
,3
,3
,3
,3
,3
,3
,3
,3
,3
,3
,3
,3
,3
,3
,3
,3
,3
,3
,3
,3
,3
,3
,3
,3
,3
,3
,3
,3
,3
,3
,3
,3
,3
,3
,3
,3
,3
,3
,3
,3
,3
,3
,3
,3
,3
,3
,3
,3
,3
,3
,3
,3
,3
,3
,3
,3
,3
,3
,3
,3
,3
,3
,3
,3
,3
,3
,3
,3
,3
,3
,3
,3
,3
,3
,3
,3
,3
,3
,3
,3
,3
,3
,3
,3
,3
,3
,3
,3
,3
,3
,3
,3
,3
,3
,3
,3
,3
,3
,3
,3
,3
,3
,3
,3
,3
,3
,3
,3
,3
,3
,3
,3
,3
,3
,3
,3
,3
,3
,3
,3
,3
,3
,3
,3
,3
,3
,3
,3
,3
,3
,3
,3
,3
,3
,3
,3
,3
,3
,3
,3
,3
,3
,3
,3
,3
,3
,3
,3
,3
,3
,3
,3
,3
,3
,3
,3
,3
,3
,3
,3
,3
,3
,3
,3
,3
,3
,3
,3
,3
,3
,3
,3
,3
,3
,3
,3
,3
,3
,3
,3
,3
,3
,3
,3
,3
,3
,3
,3
,3
,3
,3
,3
,3
,3
,3
,3
,3
,3
,3
,3
,3
,3
,3
,3
,3
,3
,3
,3
,3
,3
,3
,3
,3
,3
,3
,3
,3
,3
,3
,3
,3
,3
,3
,3
,3
,3
,3
,3
,3
,3
,3
,3
,3
,3
,3
,3
,3
,3
,3
,3
,3
,3
,3
,3
,3
,3
,3
,3
,3
,3
,3
,3
,3
,3
,3
,3
,3
,3
,3
,3
,3
,3
,3
,3
,3
,3
,3
,3
,3
,3
,3
,3
,3
,3
,3
,3
,3
,3
,3
,3
,3
,3
,3
,3
,3
,3
,3
,3
,3
,3
,3
,3
,3
,3
,3
,3
,3
,3
,3
,3
,3
,3
,3
,3
,3
,3
,3
,3
,3
,3
,3
,3
,3
,3
,3
,3
,3
,3
,3
,3
,3
,3
,3
,3
,3
,3
,3
,3
,3
,3
,3
,3
,3
,3
,3
,3
,3
,3
,3
,3
,3
,3
,3
,3
,3
,3
,3
,3
,3
,3
,3
,3
,3
,3
,3
,3
,3
,3
,3
,3
,3
,3
,3
,3
,3
,3
,3
,3
,3
,3
,3
,3
,3
,3
,3
,3
,3
,3
,3
,3
,3
,3
,3
,3
,3
,3
,3
,3
,3
,3
,3
,3
,3
,3
,3
,3
,3
,3
,3
,3
,3
,3
,3
,3
,3
,3
,3
,3
,3
,3
,3
,3
,3
,3
,3
,3
,3
,3
,3
,3
,3
,3
,3
,3
,3
,3
,3
,3
,3
,3
,3
,3
,3
,3
,3
,3
,3
,3
,3
,3
,3
,3
,3
,3
,3
,3
,3
,3
,3
,3
,3
,3
,3
,3
,3
,3
,3
,3
,3
,3
,3
,3
,3
,3
,3
,3
,3
,3
,3
,3
,3
,3
,3
,3
,3
,3
,3
,3
,3
,3
,3
,3
,3
,3
,3
,3
,3
,3
,3
,3
,3
,3
,3
,3
,3
,3
,3
,3
,3
,3
,3
,3
,3
,3
,3
,3
,3
,3
,3
,3
,3
,3
,3
,3
,3
,3
,3
,3
,3
,3
,3
,3
,3
,3
,3
,3
,3
,3
,3
,3
,3
,3
,3
,3
,3
,3
,3
,3
,3
,3
,3
,3
,3
,3
,3
,3
,3
,3
,3
,3
,3
,3
,3
,3
,3
,3
,3
,3
,3
,3
,3
,3
,3
,3
,3
,3
,3
,3
,3
,3
,3
,3
,3
,3
,3
,3
,3
,3
,3
,3
,3
,3
,3
,3
,3
,3
,3
,3
,3
,3
,3
,3
,3
,3
,3
,3
,3
,3
,3
,3
,3
,3
,3
,3
,3
,3
,3
,3
,3
,3
,3
,3
,3
,3
,3
,3
,3
,3
,3
,3
,3
,3
,3
,3
,3
,3
,3
,3
,3
,3
,3
,3
,3
,3
,3
,3
,3
,3
,3
,3
,3
,3
,3
,3
,3
,3
,3
,3
,3
,3
,3
,3
,3
,3
,3
,3
,3
,3
,3
,3
,3
,3
,3
,3
,3
,3
,3
,3
,3
,3
,3
,3
,3
,3
,3
,3
,3
,3
,3
,3
,3
,3
,3
,3
,3
,3
,3
,3
,3
,3
,3
,3
,3
,3
,3
,3
,3
,3
,3
,3
,3
,3
,3
,3
,3
,3
,3
,3
,3
,3
,3
,3
,3
,3
,3
,3
,3
,3
,3
,3
,3
,3
,3
,3
,3
,3
,3
,3
,3
,3
,3
,3
,3
,3
,3
,3
,3
,3
,3
,3
,3
,3
,3
,3
,3
,3
,3
,3
,3
,3
,3
,3
,3
,3
,3
,3
,3
,3
,3
,3
,3
,3
,3
,3
,3
,3
,3
,3
,3
,3
,3
,3
,3
,3
,3
,3
,3
,3
,3
,3
,3
,3
,3
,3
,3
,3
,3
,3
,3
,3
,3
,3
,3
,3
,3
,3
,3
,3
,3
,3
,3
,3
,3
,3
,3
,3
,3
,3
,3
,3
,3
,3
,3
,3
,3
,3
,3
,3
,3
,3
,3
,3
,3
,3
,3
,3
,3
,3
,3
,3
,3
,3
,3
,3
,3
,3
,3
,3
,3
,3
,3
,3
,3
,3
,3
,3
,3
,3
,3
,3
,3
,3
,3
,3
,3
,3
,3
,3
,3
,3
,3
,3
,3
,3
,3
,3
,3
,3
,3
,3
,3
,3
,3
,3
,3
,3
,3
,3
,3
,3
,3
,3
,3
,3
,3
,3
,3
,3
,3
,3
,3
,3
,3
,3
,3
,3
,3
,3
,3
,3
,3
,3
,3
,3
,3
,3
,3
,3
,3
,3
,3
,3
,3
,3
,3
,3
,3
,3
,3
,3
,3
,3
,3
,3
,3
,3
,3
,3
,3
,3
,3
,3
,3
,3
,3
,3
,3
,3
,3
,3
,3
,3
,3
,3
,3
,3
,3
,3
,3
,3
,3
,3
,3
,3
,3
,3
,3
,3
,3
,3
,3
,3
,3
,3
,3
,3
,3
,3
,3
,3
,3
,3
,3
,3
,3
,3
,3
,3
,3
,3
,3
,3
,3
,3
,3
,3
,3
,3
,3
,3
,3
,3
,3
,3
,3
,3
,3
,3
,3
,3
,3
,3
,3
,3
,3
,3
,3
,3
,3
,3
,3
,3
,3
,3
,3
,3
,3
,3
,3
,3
,3
,3
,3
,3
,3
,3
,3
,3
,3
,3
,3
,3
,3
,3
,3
,3
,3
,3
,3
,3
,3
,3
,3
,3
,3
,3
,3
,3
,3
,3
,3
,3
,3
,3
,3
,3
,3
,3
,3
,3
,3
,3
,3
,3
,3
,3
,3
,3
,3
,3
,3
,3
,3
,3
,3
,3
,3
,3
,3
,3
,3
,3
,3
,3
,3
,3
,3
,3
,3
,3
,3
,3
,3
,3
,3
,3
,3
,3
,3
,3
,3
,3
,3
,3
,3
,3
,3
,3
,3
,3
,3
,3
,3
,3
,3
,3
,3
,3
,3
,3
,3
,3
,3
,3
,3
,3
,3
,3
,3
,3
,3
,3
,3
,3
,3
,3
,3
,3
,3
,3
,3
,3
,3
,3
,3
,3
,3
,3
,3
,3
,3
,3
,3
,3
,3
,3
,3
,3
,3
,3
,3
,3
,3
,3
,3
,3
,3
,3
,3
,3
,3
,3
,3
,3
,3
,3
,3
,3
,3
,3
,3
,3
,3
,3
,3
,3
,3
,3
,3
,3
,3
,3
,3
,3
,3
,3
,3
,3
,3
,3
,3
,3
,3
,3
,3
,3
,3
,3
,3
,3
,3
,3
,3
,3
,3
,3
,3
,3
,3
,3
,3
,3
,3
,3
,3
,3
,3
,3
,3
,3
,3
,3
,3
,3
,3
,3
,3
,3
,3
,3
,3
,3
,3
,3
,3
,3
,3
,3
,3
,3
,3
,3
,3
,3
,3
,3
,3
,3
,3
,3
,3
,3
,3
,3
,3
,3
,3
,3
,3
,3
,3
,3
,3
,3
,3
,3
,3
,3
,3
,3
,3
,3
,3
,3
,3
,3
,3
,3
,3
,3
,3
,3
,3
,3
,3
,3
,3
,3
,3
,3
,3
,3
,3
,3
,3
,3
,3
,3
,3
,3
,3
,3
,3
,3
,3
,3
,3
,3
,3
,3
,3
,3
,3
,3
,3
,3
,3
,3
,3
,3
,3
,3
,3
,3
,3
,3
,3
,3
,3
,3
,3
,3
,3
,3
,3
,3
,3
,3
,3
,3
,3
,3
,3
,3
,3
,3
,3
,3
,3
,3
,3
,3
,3
,3
,3
,3
,3
,3
,3
,3
,3
,3
,3
,3
,3
,3
,3
,3
,3
,3
,3
,3
,3
,3
,3
,3
,3
,3
,3
,3
,3
,3
,3
,3
,3
,3
,3
,3
,3
,3
,3
,3
,3
,3
,3
,3
,3
,3
,3
,3
,3
,3
,3
,3
,3
,3
,3
,3
,3
,3
,3
,3
,3
,3
,3
,3
,3
,3
,3
,3
,3
,3
,3
,3
,3
,3
,3
,3
,3
,3
,3
,3
,3
,3
,3
,3
,3
,3
,3
,3
,3
,3
,3
,3
,3
,3
,3
,3
,3
,3
,3
,3
,3
,3
,3
,3
,3
,3
,3
,3
,3
,3
,3
,3
,3
,3
,3
,3
,3
,3
,3
,3
,3
,3
,3
,3
,3
,3
,3
,3
,3
,3
,3
,3
,3
,3
,3
,3
,3
,3
,3
,3
,3
,3
,3
,3
,3
,3
,3
,3
,3
,3
,3
,3
,3
,3
,3
,3
,3
,3
,3
,3
,3
,3
,3
,3
,3
,3
,3
,3
,3
,3
,3
,3
,3
,3
,3
,3
,3
,3
,3
,3
,3
,3
,3
,3
,3
,3
,3
,3
,3
,3
,3
,3
,3
,3
,3
,3
,3
,3
,3
,3
,3
,3
,3
,3
,3
,3
,3
,3
,3
,3
,3
,3
,3
,3
,3
,3
,3
,3
,3
,3
,3
,3
,3
,3
,3
,3
,3
,3
,3
,3
,3
,3
,3
,3
,3
,3
,3
,3
,3
,3
,3
,3
,3
,3
,3
,3
,3
,3
,3
,3
,3
,3
,3
,3
,3
,3
,3
,3
,3
,3
,3
,3
,3
,3
,3
,3
,3
,3
,3
,3
,3
,3
,3
,3
,3
,3
,3
,3
,3
,3
,3
,3
,3
,3
,3
,3
,3
,3
,3
,3
,3
,3
,3
,3
,3
,3
,3
,3
,3
,3
,3
,3
,3
,3
,3
,3
,3
,3
,3
,3
,3
,3
,3
,3
,3
,3
,3
,3
,3
,3
,3
,3
,3
,3
,3
,3
,3
,3
,3
,3
,3
,3
,3
,3
,3
,3
,3
,3
,3
,3
,3
,3
,3
,3
,3
,3
,3
,3
,3
,3
,3
,3
,3
,3
,3
,3
,3
,3
,3
,3
,3
,3
,3
,3
,3
,3
,3
,3
,3
,3
,3
,3
,3
,3
,3
,3
,3
,3
,3
,3
,3
,3
,3
,3
,3
,3
,3
,3
,3
,3
,3
,3
,3
,3
,3
,3
,3
,3
,3
,3
,3
,3
,3
,3
,3
,3
,3
,3
,3
,3
,3
,3
,3
,3
,3
,3
,3
,3
,3
,3
,3
,3
,3
,3
,3
,3
,3
,3
,3
,3
,3
,3
,3
,3
,3
,3
,3
,3
,3
,3
,3
,3
,3
,3
,3
,3
,3
,3
,3
,3
,3
,3
,3
,3
,3
,3
,3
,3
,3
,3
,3
,3
,3
,3
,3
,3
,3
,3
,3
,3
,3
,3
,3
,3
,3
,3
,3
,3
,3
,3
,3
,3
,3
,3
,3
,3
,3
,3
,3
,3
,3
,3
,3
,3
,3
,3
,3
,3
,3
,3
,3
,3
,3
,3
,3
,3
,3
,3
,3
,3
,3
,3
,3
,3
,3
,3
,3
,3
,3
,3
,3
,3
,3
,3
,3
,3
,3
,3
,3
,3
,3
,3
,3
,3
,3
,3
,3
,3
,3
,3
,3
,3
,3
,3
,3
,3
,3
,3
,3
,3
,3
,3
,3
,3
,3
,3
,3
,3
,3
,3
,3
,3
,3
,3
,3
,3
,3
,3
,3
,3
,3
,3
,3
,3
,3
,3
,3
,3
,3
,3
,3
,3
,3
,3
,3
,3
,3
,3
,3
,3
,3
,3
,3
,3
,3
,3
,3
,3
,3
,3
,3
,3
,3
,3
,3
,3
,3
,3
,3
,3
,3
,3
,3
,3
,3
,3
,3
,3
,3
,3
,3
,3
,3
,3
,3
,3
,3
,3
,3
,3
,3
,3
,3
,3
,3
,3
,3
,3
,3
,3
,3
,3
,3
,3
,3
,3
,3
,3
,3
,3
,3
,3
,3
,3
,3
,3
,3
,3
,3
,3
,3
,3
,3
,3
,3
,3
,3
,3
,3
,3
,3
,3
,3
,3
,3
,3
,3
,3
,3
,3
,3
,3
,3
,3
,3
,3
,3
,3
,3
,3
,3
,3
,3
,3
,3
,3
,3
,3
,3
,3
,3
,3
,3
,3
,3
,3
,3
,3
,3
,3
,3
,3
,3
,3
,3
,3
,3
,3
,3
,3
,3
,3
,3
,3
,3
,3
,3
,3
,3
,3
,3
,3
,3
,3
,3
,3
,3
,3
,3
,3
,3
,3
,3
,3
,3
,3
,3
,3
,3
,3
,3
,3
,3
,3
,3
,3
,3
,3
,3
,3
,3
,3
,3
,3
,3
,3
,3
,3
,3
,3
,3
,3
,3
,3
,3
,3
,3
,3
,3
,3
,3
,3
,3
,3
,3
,3
,3
,3
,3
,3
,3
,3
,3
,3
,3
,3
,3
,3
,3
,3
,3
,3
,3
,3
,3
,3
,3
,3
,3
,3
,3
,3
,3
,3
,3
,3
,3
,3
,3
,3
,3
,3
,3
,3
,3
,3
,3
,3
,3
,3
,3
,3
,3
,3
,3
,3
,3
,3
,3
,3
,3
,3
,3
,3
,3
,3
,3
,3
,3
,3
,3
,3
,3
,3
,3
,3
,3
,3
,3
,3
,3
,3
,3
,3
,3
,3
,3
,3
,3
,3
,3
,3
,3
,3
,3
,3
,3
,3
,3
,3
,3
,3
,3
,3
,3
,3
,3
,3
,3
,3
,3
,3
,3
,3
,3
,3
,3
,3
,3
,3
,3
,3
,3
,3
,3
,3
,3
,3
,3
,3
,3
,3
,3
,3
,3
,3
,3
,3
,3
,3
,3
,3
,3
,3
,3
,3
,3
,3
,3
,3
,3
,3
,3
,3
,3
,3
,3
,3
,3
,3
,3
,3
,3
,3
,3
,3
,3
,3
,3
,3
,3
,3
,3
,3
,3
,3
,3
,3
,3
,3
,3
,3
,3
,3
,3
,3
,3
,3
,3
,3
,3
,3
,3
,3
,3
,3
,3
,3
,3
,3
,3
,3
,3
,3
,3
,3
,3
,3
,3
,3
,3
,3
,3
,3
,3
,3
,3
,3
,3
,3
,3
,3
,3
,3
,3
,3
,3
,3
,3
,3
,3
,3
,3
,3
,3
,3
,3
,3
,3
,3
,3
,3
,3
,3
,3
,3
,3
,3
,3
,3
,3
,3
,3
,3
,3
,3
,3
,3
,3
,3
,3
,3
,3
,3
,3
,3
,3
,3
,3
,3
,3
,3
,3
,3
,3
,3
,3
,3
,3
,3
,3
,3
,3
,3
,3
,3
,3
,3
,3
,3
,3
,3
,3
,3
,3
,3
,3
,3
,3
,3
,3
,3
,3
,3
,3
,3
,3
,3
,3
,3
,3
,3
,3
,3
,3
,3
,3
,3
,3
,3
,3
,3
,3
,3
,3
,3
,3
,3
,3
,3
,3
,3
,3
,3
,3
,3
,3
,3
,3
,3
,3
,3
,3
,3
,3
,3
,3
,3
,3
,3
,3
,3
,3
,3
,3
,3
,3
,3
,3
,3
,3
,3
,3
,3
,3
,3
,3
,3
,3
,3
,3
,3
,3
,3
,3
,3
,3
,3
,3
,3
,3
,3
,3
,3
,3
,3
,3
,3
,3
,3
,3
,3
,3
,3
,3
,3
,3
,3
,3
,3
,3
,3
,3
,3
,3
,3
,3
,3
,3
,3
,3
,3
,3
,3
,3
,3
,3
,3
,3
,3
,3
,3
,3
,3
,3
,3
,3
,3
,3
,3
,3
,3
,3
,3
,3
,3
,3
,3
,3
,3
,3
,3
,3
,3
,3
,3
,3
,3
,3
,3
,3
,3
,3
,3
,3
,3
,3
,3
,3
,3
,3
,3
,3
,3
,3
,3
,3
,3
,3
,3
,3
,3
,3
,3
,3
,3
,3
,3
,3
,3
,3
,3
,3
,3
,3
,3
,3
,3
,3
,3
,3
,3
,3
,3
,3
,3
,3
,3
,3
,3
,3
,3
,3
,3
,3
,3
,3
,3
,3
,3
,3
,3
,3
,3
,3
,3
,3
,3
,3
,3
,3
,3
,3
,3
,3
,3
,3
,3
,3
,3
,3
,3
,3
,3
,3
,3
,3
,3
,3
,3
,3
,3
,3
,3
,3
,3
,3
,3
,3
,3
,3
,3
,3
,3
,3
,3
,3
,3
,3
,3
,3
,3
,3
,3
,3
,3
,3
,3
,3
,3
,3
,3
,3
,3
,3
,3
,3
,3
,3
,3
,3
,3
,3
,3
,3
,3
,3
,3
,3
,3
,3
,3
,3
,3
,3
,3
,3
,3
,3
,3
,3
,3
,3
,3
,3
,3
,3
,3
,3
,3
,3
,3
,3
,3
,3
,3
,3
,3
,3
,3
,3
,3
,3
,3
,3
,3
,3
,3
,3
,3
,3
,3
,3
,3
,3
,3
,3
,3
,3
,3
,3
,3
,3
,3
,3
,3
,3
,3
,3
,3
,3
,3
,3
,3
,3
,3
,3
,3
,3
,3
,3
,3
,3
,3
,3
,3
,3
,3
,3
,3
,3
,3
,3
,3
,3
,3
,3
,3
,3
,3
,3
,3
,3
,3
,3
,3
,3
,3
,3
,3
,3
,3
,3
,3
,3
,3
,3
,3
,3
,3
,3
,3
,3
,3
,3
,3
,3
,3
,3
,3
,3
,3
,3
,3
,3
,3
,3
,3
,3
,3
,3
,3
,3
,3
,3
,3
,3
,3
,3
,3
,3
,3
,3
,3
,3
,3
,3
,3
,3
,3
,3
,3
,3
,3
,3
,3
,3
,3
,3
,3
,3
,3
,3
,3
,3
,3
,3
,3
,3
,3
,3
,3
,3
,3
,3
,3
,3
,3
,3
,3
,3
,3
,3
,3
,3
,3
,3
,3
,3
,3
,3
,3
,3
,3
,3
,3
,3
,3
,3
,3
,3
,3
,3
,3
,3
,3
,3
,3
,3
,3
,3
,3
,3
,3
,3
,3
,3
,3
,3
,3
,3
,3
,3
,3
,3
,3
,3
,3
,3
,3
,3
,3
,3
,3
,3
,3
,3
,3
,3
,3
,3
,3
,3
,3
,3
,3
,3
,3
,3
,3
,3
,3
,3
,3
,3
,3
,3
,3
,3
,3
,3
,3
,3
,3
,3
,3
,3
,3
,3
,3
,3
,3
,3
,3
,3
,3
,3
,3
,3
,3
,3
,3
,3
,3
,3
,3
,3
,3
,3
,3
,3
,3
,3
,3
,3
,3
,3
,3
,3
,3
,3
,3
,3
,3
,3
,3
,3
,3
,3
,3
,3
,3
,3
,3
,3
,3
,3
,3
,3
,3
,3
,3
,3
,3
,3
,3
,3
,3
,3
,3
,3
,3
,3
,3
,3
,3
,3
,3
,3
,3
,3
,3
,3
,3
,3
,3
,3
,3
,3
,3
,3
,3
,3
,3
,3
,3
,3
,3
,3
,3
,3
,3
,3
,3
,3
,3
,3
,3
,3
,3
,3
,3
,3
,3
,3
,3
,3
,3
,3
,3
,3
,3
,3
,3
,3
,3
,3
,3
,3
,3
,3
,3
,3
,3
,3
,3
,3
,3
,3
,3
,3
,3
,3
,3
,3
,3
,3
,3
,3
,3
,3
,3
,3
,3
,3
,3
,3
,3
,3
,3
,3
,3
,3
,3
,3
,3
,3
,3
,3
,3
,3
,3
,3
,3
,3
,3
,3
,3
,3
,3
,3
,3
,3
,3
,3
,3
,3
,3
,3
,3
,3
,3
,3
,3
,3
,3
,3
,3
,3
,3
,3
,3
,3
,3
,3
,3
,3
,3
,3
,3
,3
,3
,3
,3
,3
,3
,3
,3
,3
,3
,3
,3
,3
,3
,3
,3
,3
,3
,3
,3
,3
,3
,3
,3
,3
,3
,3
,3
,3
,3
,3
,3
,3
,3
,3
,3
,3
,3
,3
,3
,3
,3
,3
,3
,3
,3
,3
,3
,3
,3
,3
,3
,3
,3
,3
,3
,3
,3
,3
,3
,3
,3
,3
,3
,3
,3
,3
,3
,3
,3
,3
,3
,3
,3
,3
,3
,3
,3
,3
,3
,3
,3
,3
,3
,3
,3
,3
,3
,3
,3
,3
,3
,3
,3
,3
,3
,3
,3
,3
,3
,3
,3
,3
,3
,3
,3
,3
,3
,3
,3
,3
,3
,3
,3
,3
,3
,3
,3
,3
,3
,3
,3
,3
,3
,3
,3
,3
,3
,3
,3
,3
,3
,3
,3
,3
,3
,3
,3
,3
,3
,3
,3
,3
,3
,3
,3
,3
,3
,3
,3
,3
,3
,3
,3
,3
,3
,3
,3
,3
,3
,3
,3
,3
,3
,3
,3
,3
,3
,3
,3
,3
,3
,3
,3
,3
,3
,3
,3
,3
,3
,3
,3
,3
,3
,3
,3
,3
,3
,3
,3
,3
,3
,3
,3
,3
,3
,3
,3
,3
,3
,3
,3
,3
,3
,3
,3
,3
,3
,3
,3
,3
,3
,3
,3
,3
,3
,3
,3
,3
,3
,3
,3
,3
,3
,3
,3
,3
,3
,3
,3
,3
,3
,3
,3
,3
,3
,3
,3
,3
,3
,4
,4
,4
,4
,4
,4
,4
,4
,4
,4
,4
,4
,4
,4
,4
,4
,4
,4
,4
,4
,4
,4
,4
,4
,4
,4
,4
,4
,4
,4
,4
,4
,4
,4
,4
,4
,4
,4
,4
,4
,4
,4
,4
,4
,4
,4
,4
,4
,4
,4
,4
,4
,4
,4
,4
,4
,4
,4
,4
,4
,4
,4
,4
,4
,4
,4
,4
,4
,4
,4
,4
,4
,4
,4
,4
,4
,4
,4
,4
,4
,4
,4
,4
,4
,4
,4
,4
,4
,4
,4
,4
,4
,4
,4
,4
,4
,4
,4
,4
,4
,4
,4
,4
,4
,4
,4
,4
,4
,4
,4
,4
,4
,4
,4
,4
,4
,4
,4
,4
,4
,4
,4
,4
,4
,4
,4
,4
,4
,4
,4
,4
,4
,4
,4
,4
,4
,4
,4
,4
,4
,4
,4
,4
,4
,4
,4
,4
,4
,4
,4
,4
,4
,4
,4
,4
,4
,4
,4
,4
,4
,4
,4
,4
,4
,4
,4
,4
,4
,4
,4
,4
,4
,4
,4
,4
,4
,4
,4
,4
,4
,4
,4
,4
,4
,4
,4
,4
,4
,4
,4
,4
,4
,4
,4
,4
,4
,4
,4
,4
,4
,4
,4
,4
,4
,4
,4
,4
,4
,4
,4
,4
,4
,4
,4
,4
,4
,4
,4
,4
,4
,4
,4
,4
,4
,4
,4
,4
,4
,4
,4
,4
,4
,4
,4
,4
,4
,4
,4
,4
,4
,4
,4
,4
,4
,4
,4
,4
,4
,4
,4
,4
,4
,4
,4
,4
,4
,4
,4
,4
,4
,4
,4
,4
,4
,4
,4
,4
,4
,4
,4
,4
,4
,4
,4
,4
,4
,4
,4
,4
,4
,4
,4
,4
,4
,4
,4
,4
,4
,4
,4
,4
,4
,4
,4
,4
,4
,4
,4
,4
,4
,4
,4
,4
,4
,4
,4
,4
,4
,4
,4
,4
,4
,4
,4
,4
,4
,4
,4
,4
,4
,4
,4
,4
,4
,4
,4
,4
,4
,4
,4
,4
,4
,4
,4
,4
,4
,4
,4
,4
,4
,4
,4
,4
,4
,4
,4
,4
,4
,4
,4
,4
,4
,4
,4
,4
,4
,4
,4
,4
,4
,4
,4
,4
,4
,4
,4
,4
,4
,4
,4
,4
,4
,4
,4
,4
,4
,4
,4
,4
,4
,4
,4
,4
,4
,4
,4
,4
,4
,4
,4
,4
,4
,4
,4
,4
,4
,4
,4
,4
,4
,4
,4
,4
,4
,4
,4
,4
,4
,4
,4
,4
,4
,4
,4
,4
,4
,4
,4
,4
,4
,4
,4
,4
,4
,4
,4
,4
,4
,4
,4
,4
,4
,4
,4
,4
,4
,4
,4
,4
,4
,4
,4
,4
,4
,4
,4
,4
,4
,4
,4
,4
,4
,4
,4
,4
,4
,4
,4
,4
,4
,4
,4
,4
,4
,4
,4
,4
,4
,4
,4
,4
,4
,4
,4
,4
,4
,4
,4
,4
,4
,4
,4
,4
,4
,4
,4
,4
,4
,4
,4
,4
,4
,4
,4
,4
,4
,4
,4
,4
,4
,4
,4
,4
,4
,4
,4
,4
,4
,4
,4
,4
,4
,4
,4
,4
,4
,4
,4
,4
,4
,4
,4
,4
,4
,4
,4
,4
,4
,4
,4
,4
,4
,4
,4
,4
,4
,4
,4
,4
,4
,4
,4
,4
,4
,4
,4
,4
,4
,4
,4
,4
,4
,4
,4
,4
,4
,4
,4
,4
,4
,4
,4
,4
,4
,4
,4
,4
,4
,4
,4
,4
,4
,4
,4
,4
,4
,4
,4
,4
,4
,4
,4
,4
,4
,4
,4
,4
,4
,4
,4
,4
,4
,4
,4
,4
,4
,4
,4
,4
,4
,4
,4
,4
,4
,4
,4
,4
,4
,4
,4
,4
,4
,4
,4
,4
,4
,4
,4
,4
,4
,4
,4
,4
,4
,4
,4
,4
,4
,4
,4
,4
,4
,4
,4
,4
,4
,4
,4
,4
,4
,4
,4
,4
,4
,4
,4
,4
,4
,4
,4
,4
,4
,4
,4
,4
,4
,4
,4
,4
,4
,4
,4
,4
,4
,4
,4
,4
,4
,4
,4
,4
,4
,4
,4
,4
,4
,4
,4
,4
,4
,4
,4
,4
,4
,4
,4
,4
,4
,4
,4
,4
,4
,4
,4
,4
,4
,4
,4
,4
,4
,4
,4
,4
,4
,4
,4
,4
,4
,4
,4
,4
,4
,4
,4
,4
,4
,4
,4
,4
,4
,4
,4
,4
,4
,4
,4
,4
,4
,4
,4
,4
,4
,4
,4
,4
,4
,4
,4
,4
,4
,4
,4
,4
,4
,4
,4
,4
,4
,4
,4
,4
,4
,4
,4
,4
,4
,4
,4
,4
,4
,4
,4
,4
,4
,4
,4
,4
,4
,4
,4
,4
,4
,4
,4
,4
,4
,4
,4
,4
,4
,4
,4
,4
,4
,4
,4
,4
,4
,4
,4
,4
,4
,4
,4
,4
,4
,4
,4
,4
,4
,4
,4
,4
,4
,4
,4
,4
,4
,4
,4
,4
,4
,4
,4
,4
,4
,4
,4
,4
,4
,4
,4
,4
,4
,4
,4
,4
,4
,4
,4
,4
,4
,4
,4
,4
,4
,4
,4
,4
,4
,4
,4
,4
,4
,4
,4
,4
,4
,4
,4
,4
,4
,4
,4
,4
,4
,4
,4
,4
,4
,4
,4
,4
,4
,4
,4
,4
,4
,4
,4
,4
,4
,4
,4
,4
,4
,4
,4
,4
,4
,4
,4
,4
,4
,4
,4
,4
,4
,4
,4
,4
,4
,4
,4
,4
,4
,4
,4
,4
,4
,4
,4
,4
,4
,4
,4
,4
,4
,4
,4
,4
,4
,4
,4
,4
,4
,4
,4
,4
,4
,4
,4
,4
,4
,4
,4
,4
,4
,4
,4
,4
,4
,4
,4
,4
,4
,4
,4
,4
,4
,4
,4
,4
,4
,4
,4
,4
,4
,4
,4
,4
,4
,4
,4
,4
,4
,4
,4
,4
,4
,4
,4
,4
,4
,4
,4
,4
,4
,4
,4
,4
,4
,4
,4
,4
,4
,4
,4
,4
,4
,4
,4
,4
,4
,4
,4
,4
,4
,4
,4
,4
,4
,4
,4
,4
,4
,4
,4
,4
,4
,4
,4
,4
,4
,4
,4
,4
,4
,4
,4
,4
,4
,4
,4
,4
,4
,4
,4
,4
,4
,4
,4
,4
,4
,4
,4
,4
,4
,4
,4
,4
,4
,4
,4
,4
,4
,4
,4
,4
,4
,4
,4
,4
,4
,4
,4
,4
,4
,4
,4
,4
,4
,4
,4
,4
,4
,4
,4
,4
,4
,4
,4
,4
,4
,4
,4
,4
,4
,4
,4
,4
,4
,4
,4
,4
,4
,4
,4
,4
,4
,4
,4
,4
,4
,4
,4
,4
,4
,4
,4
,4
,4
,4
,4
,4
,4
,4
,4
,4
,4
,4
,4
,4
,4
,4
,4
,4
,4
,4
,4
,4
,4
,4
,4
,4
,4
,4
,4
,4
,4
,4
,4
,4
,4
,4
,4
,4
,4
,4
,4
,4
,4
,4
,4
,4
,4
,4
,4
,4
,4
,4
,4
,4
,4
,4
,4
,4
,4
,4
,4
,4
,4
,4
,4
,4
,4
,4
,4
,4
,4
,4
,4
,4
,4
,4
,4
,4
,4
,4
,4
,4
,4
,4
,4
,4
,4
,4
,4
,4
,4
,4
,4
,4
,4
,4
,4
,4
,4
,4
,4
,4
,4
,4
,4
,4
,4
,4
,4
,4
,4
,4
,4
,4
,4
,4
,4
,4
,4
,4
,4
,4
,4
,4
,4
,4
,4
,4
,4
,4
,4
,4
,4
,4
,4
,4
,4
,4
,4
,4
,4
,4
,4
,4
,4
,4
,4
,4
,4
,4
,4
,4
,4
,4
,4
,4
,4
,4
,4
,4
,4
,4
,4
,4
,4
,4
,4
,4
,4
,4
,4
,4
,4
,4
,4
,4
,4
,4
,4
,4
,4
,4
,4
,4
,4
,4
,4
,4
,4
,4
,4
,4
,4
,4
,4
,4
,4
,4
,4
,4
,4
,4
,4
,4
,4
,4
,4
,4
,4
,4
,4
,4
,4
,4
,4
,4
,4
,4
,4
,4
,4
,4
,4
,4
,4
,4
,4
,4
,4
,4
,4
,4
,4
,4
,4
,4
,4
,4
,4
,4
,4
,4
,4
,4
,4
,4
,4
,4
,4
,4
,4
,4
,4
,4
,4
,4
,4
,4
,4
,4
,4
,4
,4
,4
,4
,4
,4
,4
,4
,4
,4
,4
,4
,4
,4
,4
,4
,4
,4
,4
,4
,4
,4
,4
,4
,4
,4
,4
,4
,4
,4
,4
,4
,4
,4
,4
,4
,4
,4
,4
,4
,4
,4
,4
,4
,4
,4
,4
,4
,4
,4
,4
,4
,4
,4
,4
,4
,4
,4
,4
,4
,4
,4
,4
,4
,4
,4
,4
,4
,4
,4
,4
,4
,4
,4
,4
,4
,4
,4
,4
,4
,4
,4
,4
,4
,4
,4
,4
,4
,4
,4
,4
,4
,4
,4
,4
,4
,4
,4
,4
,4
,4
,4
,4
,4
,4
,4
,4
,4
,4
,4
,4
,4
,4
,4
,4
,4
,4
,4
,4
,4
,4
,4
,4
,4
,4
,4
,4
,4
,4
,4
,4
,4
,4
,4
,4
,4
,4
,4
,4
,4
,4
,4
,4
,4
,4
,4
,4
,4
,4
,4
,4
,4
,4
,4
,4
,4
,4
,4
,4
,4
,4
,4
,4
,4
,4
,4
,4
,4
,4
,4
,4
,4
,4
,4
,4
,4
,4
,4
,4
,4
,4
,4
,4
,4
,4
,4
,4
,4
,4
,4
,4
,4
,4
,4
,4
,4
,4
,4
,4
,4
,4
,4
,4
,4
,4
,4
,4
,4
,4
,4
,4
,4
,4
,4
,4
,4
,4
,4
,4
,4
,4
,4
,4
,4
,4
,4
,4
,4
,4
,4
,4
,4
,4
,4
,4
,4
,4
,4
,4
,4
,4
,4
,4
,4
,4
,4
,4
,4
,4
,4
,4
,4
,4
,4
,4
,4
,4
,4
,4
,4
,4
,4
,4
,4
,4
,4
,4
,4
,4
,4
,4
,4
,4
,4
,4
,4
,4
,4
,4
,4
,4
,4
,4
,4
,4
,4
,4
,4
,4
,4
,4
,4
,4
,4
,4
,4
,4
,4
,4
,4
,4
,4
,4
,4
,4
,4
,4
,4
,4
,4
,4
,4
,4
,4
,4
,4
,4
,4
,4
,4
,4
,4
,4
,4
,4
,4
,4
,4
,4
,4
,4
,4
,4
,4
,4
,4
,4
,4
,4
,4
,4
,4
,4
,4
,4
,4
,4
,4
,4
,4
,4
,4
,4
,4
,4
,4
,4
,4
,4
,4
,4
,4
,4
,4
,4
,4
,4
,4
,4
,4
,4
,4
,4
,4
,4
,4
,4
,4
,4
,4
,4
,4
,4
,4
,4
,4
,4
,4
,4
,4
,4
,4
,4
,4
,4
,4
,4
,4
,4
,4
,4
,4
,4
,4
,4
,4
,4
,4
,4
,4
,4
,4
,4
,4
,4
,4
,4
,4
,4
,4
,4
,4
,4
,4
,4
,4
,4
,4
,4
,4
,4
,4
,4
,4
,4
,4
,4
,4
,4
,4
,4
,4
,4
,4
,4
,4
,4
,4
,4
,4
,4
,4
,4
,4
,4
,4
,4
,4
,4
,4
,4
,4
,4
,4
,4
,4
,4
,4
,4
,4
,4
,4
,4
,4
,4
,4
,4
,4
,4
,4
,4
,4
,4
,4
,4
,4
,4
,4
,4
,4
,4
,4
,4
,4
,4
,4
,4
,4
,4
,4
,4
,4
,4
,4
,4
,4
,4
,4
,4
,4
,4
,4
,4
,4
,4
,4
,4
,4
,4
,4
,4
,4
,4
,4
,4
,4
,4
,4
,4
,4
,4
,4
,4
,4
,4
,4
,4
,4
,4
,4
,4
,4
,4
,4
,4
,4
,4
,4
,4
,4
,4
,4
,4
,4
,4
,4
,4
,4
,4
,4
,4
,4
,4
,4
,4
,4
,4
,4
,4
,4
,4
,4
,4
,4
,4
,4
,4
,4
,4
,4
,4
,4
,4
,4
,4
,4
,4
,4
,4
,4
,4
,4
,4
,4
,4
,4
,4
,4
,4
,4
,4
,4
,4
,4
,4
,4
,4
,4
,4
,4
,4
,4
,4
,4
,4
,4
,4
,4
,4
,4
,4
,4
,4
,4
,4
,4
,4
,4
,4
,4
,4
,4
,4
,4
,4
,4
,4
,4
,4
,4
,4
,4
,4
,4
,4
,4
,4
,4
,4
,4
,4
,4
,4
,4
,4
,4
,4
,4
,4
,4
,4
,4
,4
,4
,4
,4
,4
,4
,4
,4
,4
,4
,4
,4
,4
,4
,4
,4
,4
,4
,4
,4
,4
,4
,4
,4
,4
,4
,4
,4
,4
,4
,4
,4
,4
,4
,4
,4
,4
,4
,4
,4
,4
,4
,4
,4
,4
,4
,4
,4
,4
,4
,4
,4
,4
,4
,4
,4
,4
,4
,4
,4
,4
,4
,4
,4
,4
,4
,4
,4
,4
,4
,4
,4
,4
,4
,4
,4
,4
,4
,4
,4
,4
,4
,4
,4
,4
,4
,4
,4
,4
,4
,4
,4
,4
,4
,4
,4
,4
,4
,4
,4
,4
,4
,4
,4
,4
,4
,4
,4
,4
,4
,4
,4
,4
,4
,4
,4
,4
,4
,4
,4
,4
,4
,4
,4
,4
,4
,4
,4
,4
,4
,4
,4
,4
,4
,4
,4
,4
,4
,4
,4
,4
,4
,4
,4
,4
,4
,4
,4
,4
,4
,4
,4
,4
,4
,4
,4
,4
,4
,4
,4
,4
,4
,4
,4
,4
,4
,4
,4
,4
,4
,4
,4
,4
,4
,4
,4
,4
,4
,4
,4
,4
,4
,4
,4
,4
,4
,4
,4
,4
,4
,4
,4
,4
,4
,4
,4
,4
,4
,4
,4
,4
,4
,4
,4
,4
,4
,4
,4
,4
,4
,4
,4
,4
,4
,4
,4
,4
,4
,4
,4
,4
,4
,4
,4
,4
,4
,4
,4
,4
,4
,4
,4
,4
,4
,4
,4
,4
,4
,4
,4
,4
,4
,4
,4
,4
,4
,4
,4
,4
,4
,4
,4
,4
,4
,4
,4
,4
,4
,4
,4
,4
,4
,4
,4
,4
,4
,4
,4
,4
,4
,4
,4
,4
,4
,4
,4
,4
,4
,4
,4
,4
,4
,4
,4
,4
,4
,4
,4
,4
,4
,4
,4
,4
,4
,4
,4
,4
,4
,4
,4
,4
,4
,4
,4
,4
,4
,4
,4
,4
,4
,4
,4
,4
,4
,4
,4
,4
,4
,4
,4
,4
,4
,4
,4
,4
,4
,4
,4
,4
,4
,4
,4
,4
,4
,4
,4
,4
,4
,4
,4
,4
,4
,4
,4
,4
,4
,4
,4
,4
,4
,4
,4
,4
,4
,4
,4
,4
,4
,4
,4
,4
,4
,4
,4
,4
,4
,4
,4
,4
,4
,4
,4
,4
,4
,4
,4
,4
,4
,4
,4
,4
,4
,4
,4
,4
,4
,4
,4
,4
,4
,4
,4
,4
,4
,4
,4
,4
,4
,4
,4
,4
,4
,4
,4
,4
,4
,4
,4
,4
,4
,4
,4
,4
,4
,4
,4
,4
,4
,4
,4
,4
,4
,4
,4
,4
,4
,4
,4
,4
,4
,4
,4
,4
,4
,4
,4
,4
,4
,4
,4
,4
,4
,4
,4
,4
,4
,4
,4
,4
,4
,4
,4
,4
,4
,4
,4
,4
,4
,4
,4
,4
,4
,4
,4
,4
,4
,4
,4
,4
,4
,4
,4
,4
,4
,4
,4
,4
,4
,4
,4
,4
,4
,4
,4
,4
,4
,4
,4
,4
,4
,4
,4
,4
,4
,4
,4
,4
,4
,4
,4
,4
,4
,4
,4
,4
,4
,4
,4
,4
,4
,4
,4
,4
,4
,4
,4
,4
,4
,4
,4
,4
,4
,4
,4
,4
,4
,4
,4
,4
,4
,4
,4
,4
,4
,4
,4
,4
,4
,4
,4
,4
,4
,4
,4
,4
,4
,4
,4
,4
,4
,4
,4
,4
,4
,4
,4
,4
,4
,4
,4
,4
,4
,4
,4
,4
,4
,4
,4
,4
,4
,4
,4
,4
,4
,4
,4
,4
,4
,4
,4
,4
,4
,4
,4
,4
,4
,4
,4
,4
,4
,4
,4
,4
,4
,4
,4
,4
,4
,4
,4
,4
,4
,4
,4
,4
,4
,4
,4
,4
,4
,4
,4
,4
,4
,4
,4
,4
,4
,4
,4
,4
,4
,4
,4
,4
,4
,4
,4
,4
,4
,4
,4
,4
,4
,4
,4
,4
,4
,4
,4
,4
,4
,4
,4
,4
,4
,4
,4
,4
,4
,4
,4
,4
,4
,4
,4
,4
,4
,4
,4
,4
,4
,4
,4
,4
,4
,4
,4
,4
,4
,4
,4
,4
,4
,4
,4
,4
,4
,4
,4
,4
,4
,4
,4
,4
,4
,4
,4
,4
,4
,4
,4
,4
,4
,4
,4
,4
,4
,4
,4
,4
,4
,4
,4
,4
,4
,4
,4
,4
,4
,4
,4
,4
,4
,4
,4
,4
,4
,4
,4
,4
,4
,4
,4
,4
,4
,4
,4
,4
,4
,4
,4
,4
,4
,4
,4
,4
,4
,4
,4
,4
,4
,4
,4
,4
,4
,4
,4
,4
,4
,4
,4
,4
,4
,4
,4
,4
,4
,4
,4
,4
,4
,4
,4
,4
,4
,4
,4
,4
,4
,4
,4
,4
,4
,4
,4
,4
,4
,4
,4
,4
,4
,4
,4
,4
,4
,4
,4
,4
,4
,4
,4
,4
,4
,4
,4
,4
,4
,4
,4
,4
,4
,4
,4
,4
,4
,4
,4
,4
,4
,4
,4
,4
,4
,4
,4
,4
,4
,4
,4
,4
,4
,4
,4
,4
,4
,4
,4
,4
,4
,4
,4
,4
,4
,4
,4
,4
,4
,4
,4
,4
,4
,4
,4
,4
,4
,4
,4
,4
,4
,4
,4
,4
,4
,4
,4
,4
,4
,4
,4
,4
,4
,4
,4
,4
,4
,4
,4
,4
,4
,4
,4
,4
,4
,4
,4
,4
,4
,4
,4
,4
,4
,4
,4
,4
,4
,4
,4
,4
,4
,4
,4
,4
,4
,4
,4
,4
,4
,4
,4
,4
,4
,4
,4
,4
,4
,4
,4
,4
,4
,4
,4
,4
,4
,4
,4
,4
,4
,4
,4
,4
,4
,4
,4
,4
,4
,4
,4
,4
,4
,4
,4
,4
,4
,4
,4
,4
,4
,4
,4
,4
,4
,4
,4
,4
,4
,4
,4
,4
,4
,4
,4
,4
,4
,4
,4
,4
,4
,4
,4
,4
,4
,4
,4
,4
,4
,4
,4
,4
,4
,4
,4
,4
,4
,4
,4
,4
,4
,4
,4
,4
,4
,4
,4
,4
,4
,4
,4
,4
,4
,4
,4
,4
,4
,4
,4
,4
,4
,4
,4
,4
,4
,4
,4
,4
,4
,4
,4
,4
,4
,4
,4
,4
,4
,4
,4
,4
,4
,4
,4
,4
,4
,4
,4
,4
,4
,4
,4
,4
,4
,4
,4
,4
,4
,4
,4
,4
,4
,4
,4
,4
,4
,4
,4
,4
,4
,4
,4
,4
,4
,4
,4
,4
,4
,4
,4
,4
,4
,4
,4
,4
,4
,4
,4
,4
,4
,4
,4
,4
,4
,4
,4
,4
,4
,4
,4
,4
,4
,4
,4
,4
,4
,4
,4
,4
,4
,4
,4
,4
,4
,4
,4
,4
,4
,4
,4
,4
,4
,4
,4
,4
,4
,4
,4
,4
,4
,4
,4
,4
,4
,4
,4
,4
,4
,4
,4
,4
,4
,4
,4
,4
,4
,4
,4
,4
,4
,4
,4
,4
,4
,4
,4
,4
,4
,4
,4
,4
,4
,4
,4
,4
,4
,4
,4
,4
,4
,4
,4
,4
,4
,4
,4
,4
,4
,4
,4
,4
,4
,4
,4
,4
,4
,4
,4
,4
,4
,4
,4
,4
,4
,4
,4
,4
,4
,4
,4
,4
,4
,4
,4
,4
,4
,4
,4
,4
,4
,4
,4
,4
,4
,4
,4
,4
,4
,4
,4
,4
,4
,4
,4
,4
,4
,4
,4
,4
,4
,4
,4
,4
,4
,4
,4
,4
,4
,4
,4
,4
,4
,4
,4
,4
,4
,4
,4
,4
,4
,4
,4
,4
,4
,4
,4
,4
,4
,4
,4
,4
,4
,4
,4
,4
,4
,4
,4
,4
,4
,4
,4
,4
,4
,4
,4
,4
,4
,4
,4
,4
,4
,4
,4
,4
,4
,4
,4
,4
,4
,4
,4
,4
,4
,4
,4
,4
,4
,4
,4
,4
,4
,4
,4
,4
,4
,4
,4
,4
,4
,4
,4
,4
,4
,4
,4
,4
,4
,4
,4
,4
,4
,4
,4
,4
,4
,4
,4
,4
,4
,4
,4
,4
,4
,4
,4
,4
,4
,4
,4
,4
,4
,4
,4
,4
,4
,4
,4
,4
,4
,4
,4
,4
,4
,4
,4
,4
,4
,4
,4
,4
,4
,4
,4
,4
,4
,4
,4
,4
,4
,4
,4
,4
,4
,4
,4
,4
,4
,4
,4
,4
,4
,4
,4
,4
,4
,4
,4
,4
,4
,4
,4
,4
,4
,4
,4
,4
,4
,4
,4
,4
,4
,4
,4
,4
,4
,4
,4
,4
,4
,4
,4
,4
,4
,4
,4
,4
,4
,4
,4
,4
,4
,4
,4
,4
,4
,4
,4
,4
,4
,4
,4
,4
,4
,4
,4
,4
,4
,4
,4
,4
,4
,4
,4
,4
,4
,4
,4
,4
,4
,4
,4
,4
,4
,4
,4
,4
,4
,4
,4
,4
,4
,4
,4
,4
,4
,4
,4
,4
,4
,4
,4
,4
,4
,4
,4
,4
,4
,4
,4
,4
,4
,4
,4
,4
,4
,4
,4
,4
,4
,4
,4
,4
,4
,4
,4
,4
,4
,4
,4
,4
,4
,4
,4
,4
,4
,4
,4
,4
,4
,4
,4
,4
,4
,4
,4
,4
,4
,4
,4
,4
,4
,4
,4
,4
,4
,4
,4
,4
,4
,4
,4
,4
,4
,4
,4
,4
,4
,4
,4
,4
,4
,4
,4
,4
,4
,4
,4
,4
,4
,4
,4
,4
,4
,4
,4
,4
,4
,4
,4
,4
,4
,4
,4
,4
,4
,4
,4
,4
,4
,4
,4
,4
,4
,4
,4
,4
,4
,4
,4
,4
,4
,4
,4
,4
,4
,4
,4
,4
,4
,4
,4
,4
,4
,4
,4
,4
,4
,4
,4
,4
,4
,4
,4
,4
,4
,4
,4
,4
,4
,4
,4
,4
,4
,4
,4
,4
,4
,4
,4
,4
,4
,4
,4
,4
,4
,4
,4
,4
,4
,4
,4
,4
,4
,4
,4
,4
,4
,4
,4
,4
,4
,4
,4
,4
,4
,4
,4
,4
,4
,4
,4
,4
,4
,4
,4
,4
,4
,4
,4
,4
,4
,4
,4
,4
,4
,4
,4
,4
,4
,4
,4
,4
,4
,4
,4
,4
,4
,4
,4
,4
,4
,4
,4
,4
,4
,4
,4
,4
,4
,4
,4
,4
,4
,4
,4
,4
,4
,4
,4
,4
,4
,4
,4
,4
,4
,4
,4
,4
,4
,4
,4
,4
,4
,4
,4
,4
,4
,4
,4
,4
,4
,4
,4
,4
,4
,4
,4
,4
,4
,4
,4
,4
,4
,4
,4
,4
,4
,4
,4
,4
,4
,4
,4
,4
,4
,4
,4
,4
,4
,4
,4
,4
,4
,4
,4
,4
,4
,4
,4
,4
,4
,4
,4
,4
,4
,4
,4
,4
,4
,4
,4
,4
,4
,4
,4
,4
,4
,4
,4
,4
,4
,4
,4
,4
,4
,4
,4
,4
,4
,4
,4
,4
,4
,4
,4
,4
,4
,4
,4
,4
,4
,4
,4
,4
,4
,4
,4
,4
,4
,4
,4
,4
,4
,4
,4
,4
,4
,4
,4
,4
,4
,4
,4
,4
,4
,4
,4
,4
,4
,4
,4
,4
,4
,4
,4
,4
,4
,4
,4
,4
,4
,4
,4
,4
,4
,4
,4
,4
,4
,4
,4
,4
,4
,4
,4
,4
,4
,4
,4
,4
,4
,4
,4
,4
,4
,4
,4
,4
,4
,4
,4
,4
,4
,4
,4
,4
,4
,4
,4
,4
,4
,4
,4
,4
,4
,4
,4
,4
,4
,4
,4
,4
,4
,4
,4
,4
,4
,4
,4
,4
,4
,4
,4
,4
,4
,4
,4
,4
,4
,4
,4
,4
,4
,4
,4
,4
,4
,4
,4
,4
,4
,4
,4
,4
,4
,4
,4
,4
,4
,4
,4
,4
,4
,4
,4
,4
,4
,4
,4
,4
,4
,4
,4
,4
,4
,4
,4
,4
,4
,4
,4
,4
,4
,4
,4
,4
,4
,4
,4
,5
,5
,5
,5
,5
,5
,5
,5
,5
,5
,5
,5
,5
,5
,5
,5
,5
,5
,5
,5
,5
,5
,5
,5
,5
,5
,5
,5
,5
,5
,5
,5
,5
,5
,5
,5
,5
,5
,5
,5
,5
,5
,5
,5
,5
,5
,5
,5
,5
,5
,5
,5
,5
,5
,5
,5
,5
,5
,5
,5
,5
,5
,5
,5
,5
,5
,5
,5
,5
,5
,5
,5
,5
,5
,5
,5
,5
,5
,5
,5
,5
,5
,5
,5
,5
,5
,5
,5
,5
,5
,5
,5
,5
,5
,5
,5
,5
,5
,5
,5
,5
,5
,5
,5
,5
,5
,5
,5
,5
,5
,5
,5
,5
,5
,5
,5
,5
,5
,5
,5
,5
,5
,5
,5
,5
,5
,5
,5
,5
,5
,5
,5
,5
,5
,5
,5
,5
,5
,5
,5
,5
,5
,5
,5
,5
,5
,5
,5
,5
,5
,5
,5
,5
,5
,5
,5
,5
,5
,5
,5
,5
,5
,5
,5
,5
,5
,5
,5
,5
,5
,5
,5
,5
,5
,5
,5
,5
,5
,5
,5
,5
,5
,5
,5
,5
,5
,5
,5
,5
,5
,5
,5
,5
,5
,5
,5
,5
,5
,5
,5
,5
,5
,5
,5
,5
,5
,5
,5
,5
,5
,5
,5
,5
,5
,5
,5
,5
,5
,5
,5
,5
,5
,5
,5
,5
,5
,5
,5
,5
,5
,5
,5
,5
,5
,5
,5
,5
,5
,5
,5
,5
,5
,5
,5
,5
,5
,5
,5
,5
,5
,5
,5
,5
,5
,5
,5
,5
,5
,5
,5
,5
,5
,5
,5
,5
,5
,5
,5
,5
,5
,5
,5
,5
,5
,5
,5
,5
,5
,5
,5
,5
,5
,5
,5
,5
,5
,5
,5
,5
,5
,5
,5
,5
,5
,5
,5
,5
,5
,5
,5
,5
,5
,5
,5
,5
,5
,5
,5
,5
,5
,5
,5
,5
,5
,5
,5
,5
,5
,5
,5
,5
,5
,5
,5
,5
,5
,5
,5
,5
,5
,5
,5
,5
,5
,5
,5
,5
,5
,5
,5
,5
,5
,5
,5
,5
,5
,5
,5
,5
,5
,5
,5
,5
,5
,5
,5
,5
,5
,5
,5
,5
,5
,5
,5
,5
,5
,5
,5
,5
,5
,5
,5
,5
,5
,5
,5
,5
,5
,5
,5
,5
,5
,5
,5
,5
,5
,5
,5
,5
,5
,5
,5
,5
,5
,5
,5
,5
,5
,5
,5
,5
,5
,5
,5
,5
,5
,5
,5
,5
,5
,5
,5
,5
,5
,5
,5
,5
,5
,5
,5
,5
,5
,5
,5
,5
,5
,5
,5
,5
,5
,5
,5
,5
,5
,5
,5
,5
,5
,5
,5
,5
,5
,5
,5
,5
,5
,5
,5
,5
,5
,5
,5
,5
,5
,5
,5
,5
,5
,5
,5
,5
,5
,5
,5
,5
,5
,5
,5
,5
,5
,5
,5
,5
,5
,5
,5
,5
,5
,5
,5
,5
,5
,5
,5
,5
,5
,5
,5
,5
,5
,5
,5
,5
,5
,5
,5
,5
,5
,5
,5
,5
,5
,5
,5
,5
,5
,5
,5
,5
,5
,5
,5
,5
,5
,5
,5
,5
,5
,5
,5
,5
,5
,5
,5
,5
,5
,5
,5
,5
,5
,5
,5
,5
,5
,5
,5
,5
,5
,5
,5
,5
,5
,5
,5
,5
,5
,5
,5
,5
,5
,5
,5
,5
,5
,5
,5
,5
,5
,5
,5
,5
,5
,5
,5
,5
,5
,5
,5
,5
,5
,5
,5
,5
,5
,5
,5
,5
,5
,5
,5
,5
,5
,5
,5
,5
,5
,5
,5
,5
,5
,5
,5
,5
,5
,5
,5
,5
,5
,5
,5
,5
,5
,5
,5
,5
,5
,5
,5
,5
,5
,5
,5
,5
,5
,5
,5
,5
,5
,5
,5
,5
,5
,5
,5
,5
,5
,5
,5
,5
,5
,5
,5
,5
,5
,5
,5
,5
,5
,5
,5
,5
,5
,5
,5
,5
,5
,5
,5
,5
,5
,5
,5
,5
,5
,5
,5
,5
,5
,5
,5
,5
,5
,5
,5
,5
,5
,5
,5
,5
,5
,5
,5
,5
,5
,5
,5
,5
,5
,5
,5
,5
,5
,5
,5
,5
,5
,5
,5
,5
,5
,5
,5
,5
,5
,5
,5
,5
,5
,5
,5
,5
,5
,5
,5
,5
,5
,5
,5
,5
,5
,5
,5
,5
,5
,5
,5
,5
,5
,5
,5
,5
,5
,5
,5
,5
,5
,5
,5
,5
,5
,5
,5
,5
,5
,5
,5
,5
,5
,5
,5
,5
,5
,5
,5
,5
,5
,5
,5
,5
,5
,5
,5
,5
,5
,5
,5
,5
,5
,5
,5
,5
,5
,5
,5
,5
,5
,5
,5
,5
,5
,5
,5
,5
,5
,5
,5
,5
,5
,5
,5
,5
,5
,5
,5
,5
,5
,5
,5
,5
,5
,5
,5
,5
,5
,5
,5
,5
,5
,5
,5
,5
,5
,5
,5
,5
,5
,5
,5
,5
,5
,5
,5
,5
,5
,5
,5
,5
,5
,5
,5
,5
,5
,5
,5
,5
,5
,5
,5
,5
,5
,5
,5
,5
,5
,5
,5
,5
,5
,5
,5
,5
,5
,5
,5
,5
,5
,5
,5
,5
,5
,5
,5
,5
,5
,5
,5
,5
,5
,5
,5
,5
,5
,5
,5
,5
,5
,5
,5
,5
,5
,5
,5
,5
,5
,5
,5
,5
,5
,5
,5
,5
,5
,5
,5
,5
,5
,5
,5
,5
,5
,5
,5
,5
,5
,5
,5
,5
,5
,5
,5
,5
,5
,5
,5
,5
,5
,5
,5
,5
,5
,5
,5
,5
,5
,5
,5
,5
,5
,5
,5
,5
,5
,5
,5
,5
,5
,5
,5
,5
,5
,5
,5
,5
,5
,5
,5
,5
,5
,5
,5
,5
,5
,5
,5
,5
,5
,5
,5
,5
,5
,5
,5
,5
,5
,5
,5
,5
,5
,5
,5
,5
,5
,5
,5
,5
,5
,5
,5
,5
,5
,5
,5
,5
,5
,5
,5
,5
,5
,5
,5
,5
,5
,5
,5
,5
,5
,5
,5
,5
,5
,5
,5
,5
,5
,5
,5
,5
,5
,5
,5
,5
,5
,5
,5
,5
,5
,5
,5
,5
,5
,5
,5
,5
,5
,5
,5
,5
,5
,5
,5
,5
,5
,5
,5
,5
,5
,5
,5
,5
,5
,5
,5
,5
,5
,5
,5
,5
,5
,5
,5
,5
,5
,5
,5
,5
,5
,5
,5
,5
,5
,5
,5
,5
,5
,5
,5
,5
,5
,5
,5
,5
,5
,5
,5
,5
,5
,5
,5
,5
,5
,5
,5
,5
,5
,5
,5
,5
,5
,5
,5
,5
,5
,5
,5
,5
,5
,5
,5
,5
,5
,5
,5
,5
,5
,5
,5
,5
,5
,5
,5
,5
,5
,5
,5
,5
,5
,5
,5
,5
,5
,5
,5
,5
,5
,5
,5
,5
,5
,5
,5
,5
,5
,5
,5
,5
,5
,5
,5
,5
,5
,5
,5
,5
,5
,5
,5
,5
,5
,5
,5
,5
,5
,5
,5
,5
,5
,5
,5
,5
,5
,5
,5
,5
,5
,5
,5
,5
,5
,5
,5
,5
,5
,5
,5
,5
,5
,5
,5
,5
,5
,5
,5
,5
,5
,5
,5
,5
,5
,5
,5
,5
,5
,5
,5
,5
,5
,5
,5
,5
,5
,5
,5
,5
,5
,5
,5
,5
,5
,5
,5
,5
,5
,5
,5
,5
,5
,5
,5
,5
,5
,5
,5
,5
,5
,5
,5
,5
,5
,5
,5
,5
,5
,5
,5
,5
,5
,5
,5
,5
,5
,5
,5
,5
,5
,5
,5
,5
,5
,5
,5
,5
,5
,5
,5
,5
,5
,5
,5
,5
,5
,5
,5
,5
,5
,5
,5
,5
,5
,5
,5
,5
,5
,5
,5
,5
,5
,5
,5
,5
,5
,5
,5
,5
,5
,5
,5
,5
,5
,5
,5
,5
,5
,5
,5
,5
,5
,5
,5
,5
,5
,5
,5
,5
,5
,5
,5
,5
,5
,5
,5
,5
,5
,5
,5
,5
,5
,5
,5
,5
,5
,5
,5
,5
,5
,5
,5
,5
,5
,5
,5
,5
,5
,5
,5
,5
,5
,5
,5
,5
,5
,5
,5
,5
,5
,5
,5
,5
,5
,5
,5
,5
,5
,5
,5
,5
,5
,5
,5
,5
,5
,5
,5
,5
,5
,5
,5
,5
,5
,5
,5
,5
,5
,5
,5
,5
,5
,5
,5
,5
,5
,5
,5
,5
,5
,5
,5
,5
,5
,5
,5
,5
,5
,5
,5
,5
,5
,5
,5
,5
,5
,5
,5
,5
,5
,5
,5
,5
,5
,5
,5
,5
,5
,5
,5
,5
,5
,5
,5
,5
,5
,5
,5
,5
,5
,5
,5
,5
,5
,5
,5
,5
,5
,5
,5
,5
,5
,5
,5
,5
,5
,5
,5
,5
,5
,5
,5
,5
,5
,5
,5
,5
,5
,5
,5
,5
,5
,5
,5
,5
,5
,5
,5
,5
,5
,5
,5
,5
,5
,5
,5
,5
,5
,5
,5
,5
,5
,5
,5
,5
,5
,5
,5
,5
,5
,5
,5
,5
,5
,5
,5
,5
,5
,5
,5
,5
,5
,5
,5
,5
,5
,5
,5
,5
,5
,5
,5
,5
,5
,5
,5
,5
,5
,5
,5
,5
,5
,5
,5
,5
,5
,5
,5
,5
,5
,5
,5
,5
,5
,5
,5
,5
,5
,5
,5
,5
,5
,5
,5
,5
,5
,5
,5
,5
,5
,5
,5
,5
,5
,5
,5
,5
,5
,5
,5
,5
,5
,5
,5
,5
,5
,5
,5
,5
,5
,5
,5
,5
,5
,5
,5
,5
,5
,5
,5
,5
,5
,5
,5
,5
,5
,5
,5
,5
,5
,5
,5
,5
,5
,5
,5
,5
,5
,5
,5
,5
,5
,5
,5
,5
,5
,5
,5
,5
,5
,5
,5
,5
,5
,5
,5
,5
,5
,5
,5
,5
,5
,5
,5
,5
,5
,5
,5
,5
,5
,5
,5
,5
,5
,5
,5
,5
,5
,5
,5
,5
,5
,5
,5
,5
,5
,5
,5
,5
,5
,5
,5
,5
,5
,5
,5
,5
,5
,5
,5
,5
,5
,5
,5
,5
,5
,5
,5
,5
,5
,5
,5
,5
,5
,5
,5
,5
,5
,5
,5
,5
,5
,5
,5
,5
,5
,5
,5
,5
,5
,5
,5
,5
,5
,5
,5
,5
,5
,5
,5
,5
,5
,5
,5
,5
,5
,5
,5
,5
,5
,5
,5
,5
,5
,5
,5
,5
,5
,5
,5
,5
,5
,5
,5
,5
,5
,5
,5
,5
,5
,5
,5
,5
,5
,5
,5
,5
,5
,5
,5
,5
,5
,5
,5
,5
,5
,5
,5
,5
,5
,5
,5
,5
,5
,5
,5
,5
,5
,5
,5
,5
,5
,5
,5
,5
,5
,5
,5
,5
,5
,5
,5
,5
,5
,5
,5
,5
,5
,5
,5
,5
,5
,5
,5
,5
,5
,5
,5
,5
,5
,5
,5
,5
,5
,5
,5
,5
,5
,5
,5
,5
,5
,5
,5
,5
,5
,5
,5
,5
,5
,5
,5
,5
,5
,5
,5
,5
,5
,5
,5
,5
,5
,5
,5
,5
,5
,5
,5
,5
,5
,5
,5
,5
,5
,5
,5
,5
,5
,5
,5
,5
,5
,5
,5
,5
,5
,5
,5
,5
,5
,5
,5
,5
,5
,5
,5
,5
,5
,5
,5
,5
,5
,5
,5
,5
,5
,5
,5
,5
,5
,5
,5
,5
,5
,5
,5
,5
,5
,5
,5
,5
,5
,5
,5
,5
,5
,5
,5
,5
,5
,5
,5
,5
,5
,5
,5
,5
,5
,5
,5
,5
,5
,5
,5
,5
,5
,5
,5
,5
,5
,5
,5
,5
,5
,5
,5
,5
,5
,5
,5
,5
,5
,5
,5
,5
,5
,5
,5
,5
,5
,5
,5
,5
,5
,5
,5
,5
,5
,5
,5
,5
,5
,5
,5
,5
,5
,5
,5
,5
,5
,5
,5
,5
,5
,5
,5
,5
,5
,5
,5
,5
,5
,5
,5
,5
,5
,5
,5
,5
,5
,5
,5
,5
,5
,5
,5
,5
,5
,5
,5
,5
,5
,5
,5
,5
,5
,5
,5
,5
,5
,5
,5
,5
,5
,5
,5
,5
,5
,5
,5
,5
,5
,5
,5
,5
,5
,5
,5
,5
,5
,5
,5
,5
,5
,5
,5
,5
,5
,5
,5
,5
,5
,5
,5
,5
,5
,5
,5
,5
,5
,5
,5
,5
,5
,5
,5
,5
,5
,5
,5
,5
,5
,5
,5
,5
,5
,5
,5
,5
,5
,5
,5
,5
,5
,5
,5
,5
,5
,5
,5
,5
,5
,5
,5
,5
,5
,5
,5
,5
,5
,5
,5
,5
,5
,5
,5
,5
,5
,5
,5
,5
,5
,5
,5
,5
,5
,5
,5
,5
,5
,5
,5
,5
,5
,5
,5
,5
,5
,5
,5
,5
,5
,5
,5
,5
,5
,5
,5
,5
,5
,5
,5
,5
,5
,5
,5
,5
,5
,5
,5
,5
,5
,5
,5
,5
,5
,5
,5
,5
,5
,5
,5
,5
,5
,5
,5
,5
,5
,5
,5
,5
,5
,5
,5
,5
,5
,5
,5
,5
,5
,5
,5
,5
,5
,5
,5
,5
,5
,5
,5
,5
,5
,5
,5
,5
,5
,5
,5
,5
,5
,5
,5
,5
,5
,5
,5
,5
,5
,5
,5
,5
,5
,5
,5
,5
,5
,5
,5
,5
,5
,5
,5
,5
,5
,5
,5
,5
,5
,5
,5
,5
,5
,5
,5
,5
,5
,5
,5
,5
,5
,5
,5
,5
,5
,5
,5
,5
,5
,5
,5
,5
,5
,5
,5
,5
,5
,5
,5
,5
,5
,5
,5
,5
,5
,5
,5
,5
,5
,5
,5
,5
,5
,5
,5
,5
,5
,5
,5
,5
,5
,5
,5
,5
,5
,5
,5
,5
,5
,5
,5
,5
,5
,5
,5
,5
,5
,5
,5
,5
,5
,5
,5
,5
,5
,5
,5
,5
,5
,5
,5
,5
,5
,5
,5
,5
,5
,5
,5
,5
,5
,5
,5
,5
,5
,5
,5
,5
,5
,5
,5
,5
,5
,5
,5
,5
,5
,5
,5
,5
,5
,5
,5
,5
,5
,5
,5
,5
,5
,5
,5
,5
,5
,5
,5
,5
,5
,5
,5
,5
,5
,5
,5
,5
,5
,5
,5
,5
,5
,5
,5
,5
,5
,5
,5
,5
,5
,5
,5
,5
,5
,5
,5
,5
,5
,5
,5
,5
,5
,5
,5
,5
,5
,5
,5
,5
,5
,5
,5
,5
,5
,5
,5
,5
,5
,5
,5
,5
,5
,5
,5
,5
,5
,5
,5
,5
,5
,5
,5
,5
,5
,5
,5
,5
,5
,5
,5
,5
,5
,5
,5
,5
,5
,5
,5
,5
,5
,5
,5
,5
,5
,5
,5
,5
,5
,5
,5
,5
,5
,5
,5
,5
,5
,5
,5
,5
,5
,5
,5
,5
,5
,5
,5
,5
,5
,5
,5
,5
,5
,5
,5
,5
,5
,5
,5
,5
,5
,5
,5
,5
,5
,5
,5
,5
,5
,5
,5
,5
,5
,5
,5
,5
,5
,5
,5
,5
,5
,5
,5
,5
,5
,5
,6
,6
,6
,6
,6
,6
,6
,6
,6
,6
,6
,6
,6
,6
,6
,6
,6
,6
,6
,6
,6
,6
,6
,6
,6
,6
,6
,6
,6
,6
,6
,6
,6
,6
,6
,6
,6
,6
,6
,6
,6
,6
,6
,6
,6
,6
,6
,6
,6
,6
,6
,6
,6
,6
,6
,6
,6
,6
,6
,6
,6
,6
,6
,6
,6
,6
,6
,6
,6
,6
,6
,6
,6
,6
,6
,6
,6
,6
,6
,6
,6
,6
,6
,6
,6
,6
,6
,6
,6
,6
,6
,6
,6
,6
,6
,6
,6
,6
,6
,6
,6
,6
,6
,6
,6
,6
,6
,6
,6
,6
,6
,6
,6
,6
,6
,6
,6
,6
,6
,6
,6
,6
,6
,6
,6
,6
,6
,6
,6
,6
,6
,6
,6
,6
,6
,6
,6
,6
,6
,6
,6
,6
,6
,6
,6
,6
,6
,6
,6
,6
,6
,6
,6
,6
,6
,6
,6
,6
,6
,6
,6
,6
,6
,6
,6
,6
,6
,6
,6
,6
,6
,6
,6
,6
,6
,6
,6
,6
,6
,6
,6
,6
,6
,6
,6
,6
,6
,6
,6
,6
,6
,6
,6
,6
,6
,6
,6
,6
,6
,6
,6
,6
,6
,6
,6
,6
,6
,6
,6
,6
,6
,6
,6
,6
,6
,6
,6
,6
,6
,6
,6
,6
,6
,6
,6
,6
,6
,6
,6
,6
,6
,6
,6
,6
,6
,6
,6
,6
,6
,6
,6
,6
,6
,6
,6
,6
,6
,6
,6
,6
,6
,6
,6
,6
,6
,6
,6
,6
,6
,6
,6
,6
,6
,6
,6
,6
,6
,6
,6
,6
,6
,6
,6
,6
,6
,6
,6
,6
,6
,6
,6
,6
,6
,6
,6
,6
,6
,6
,6
,6
,6
,6
,6
,6
,6
,6
,6
,6
,6
,6
,6
,6
,6
,6
,6
,6
,6
,6
,6
,6
,6
,6
,6
,6
,6
,6
,6
,6
,6
,6
,6
,6
,6
,6
,6
,6
,6
,6
,6
,6
,6
,6
,6
,6
,6
,6
,6
,6
,6
,6
,6
,6
,6
,6
,6
,6
,6
,6
,6
,6
,6
,6
,6
,6
,6
,6
,6
,6
,6
,6
,6
,6
,6
,6
,6
,6
,6
,6
,6
,6
,6
,6
,6
,6
,6
,6
,6
,6
,6
,6
,6
,6
,6
,6
,6
,6
,6
,6
,6
,6
,6
,6
,6
,6
,6
,6
,6
,6
,6
,6
,6
,6
,6
,6
,6
,6
,6
,6
,6
,6
,6
,6
,6
,6
,6
,6
,6
,6
,6
,6
,6
,6
,6
,6
,6
,6
,6
,6
,6
,6
,6
,6
,6
,6
,6
,6
,6
,6
,6
,6
,6
,6
,6
,6
,6
,6
,6
,6
,6
,6
,6
,6
,6
,6
,6
,6
,6
,6
,6
,6
,6
,6
,6
,6
,6
,6
,6
,6
,6
,6
,6
,6
,6
,6
,6
,6
,6
,6
,6
,6
,6
,6
,6
,6
,6
,6
,6
,6
,6
,6
,6
,6
,6
,6
,6
,6
,6
,6
,6
,6
,6
,6
,6
,6
,6
,6
,6
,6
,6
,6
,6
,6
,6
,6
,6
,6
,6
,6
,6
,6
,6
,6
,6
,6
,6
,6
,6
,6
,6
,6
,6
,6
,6
,6
,6
,6
,6
,6
,6
,6
,6
,6
,6
,6
,6
,6
,6
,6
,6
,6
,6
,6
,6
,6
,6
,6
,6
,6
,6
,6
,6
,6
,6
,6
,6
,6
,6
,6
,6
,6
,6
,6
,6
,6
,6
,6
,6
,6
,6
,6
,6
,6
,6
,6
,6
,6
,6
,6
,6
,6
,6
,6
,6
,6
,6
,6
,6
,6
,6
,6
,6
,6
,6
,6
,6
,6
,6
,6
,6
,6
,6
,6
,6
,6
,6
,6
,6
,6
,6
,6
,6
,6
,6
,6
,6
,6
,6
,6
,6
,6
,6
,6
,6
,6
,6
,6
,6
,6
,6
,6
,6
,6
,6
,6
,6
,6
,6
,6
,6
,6
,6
,6
,6
,6
,6
,6
,6
,6
,6
,6
,6
,6
,6
,6
,6
,6
,6
,6
,6
,6
,6
,6
,6
,6
,6
,6
,6
,6
,6
,6
,6
,6
,6
,6
,6
,6
,6
,6
,6
,6
,6
,6
,6
,6
,6
,6
,6
,6
,6
,6
,6
,6
,6
,6
,6
,6
,6
,6
,6
,6
,6
,6
,6
,6
,6
,6
,6
,6
,6
,6
,6
,6
,6
,6
,6
,6
,6
,6
,6
,6
,6
,6
,6
,6
,6
,6
,6
,6
,6
,6
,6
,6
,6
,6
,6
,6
,6
,6
,6
,6
,6
,6
,6
,6
,6
,6
,6
,6
,6
,6
,6
,6
,6
,6
,6
,6
,6
,6
,6
,6
,6
,6
,6
,6
,6
,6
,6
,6
,6
,6
,6
,6
,6
,6
,6
,6
,6
,6
,6
,6
,6
,6
,6
,6
,6
,6
,6
,6
,6
,6
,6
,6
,6
,6
,6
,6
,6
,6
,6
,6
,6
,6
,6
,6
,6
,6
,6
,6
,6
,6
,6
,6
,6
,6
,6
,6
,6
,6
,6
,6
,6
,6
,6
,6
,6
,6
,6
,6
,6
,6
,6
,6
,6
,6
,6
,6
,6
,6
,6
,6
,6
,6
,6
,6
,6
,6
,6
,6
,6
,6
,6
,6
,6
,6
,6
,6
,6
,6
,6
,6
,6
,6
,6
,6
,6
,6
,6
,6
,6
,6
,6
,6
,6
,6
,6
,6
,6
,6
,6
,6
,6
,6
,6
,6
,6
,6
,6
,6
,6
,6
,6
,6
,6
,6
,6
,6
,6
,6
,6
,6
,6
,6
,6
,6
,6
,6
,6
,6
,6
,6
,6
,6
,6
,6
,6
,6
,6
,6
,6
,6
,6
,6
,6
,6
,6
,6
,6
,6
,6
,6
,6
,6
,6
,6
,6
,6
,6
,6
,6
,6
,6
,6
,6
,6
,6
,6
,6
,6
,6
,6
,6
,6
,6
,6
,6
,6
,6
,6
,6
,6
,6
,6
,6
,6
,6
,6
,6
,6
,6
,6
,6
,6
,6
,6
,6
,6
,6
,6
,6
,6
,6
,6
,6
,6
,6
,6
,6
,6
,6
,6
,6
,6
,6
,6
,6
,6
,6
,6
,6
,6
,6
,6
,6
,6
,6
,6
,6
,6
,6
,6
,6
,6
,6
,6
,6
,6
,6
,6
,6
,6
,6
,6
,6
,6
,6
,6
,6
,6
,6
,6
,6
,6
,6
,6
,6
,6
,6
,6
,6
,6
,6
,6
,6
,6
,6
,6
,6
,6
,6
,6
,6
,6
,6
,6
,6
,6
,6
,6
,6
,6
,6
,6
,6
,6
,6
,6
,6
,6
,6
,6
,6
,6
,6
,6
,6
,6
,6
,6
,6
,6
,6
,6
,6
,6
,6
,6
,6
,6
,6
,6
,6
,6
,6
,6
,6
,6
,6
,6
,6
,6
,6
,6
,6
,6
,6
,6
,6
,6
,6
,6
,6
,6
,6
,6
,6
,6
,6
,6
,6
,6
,6
,6
,6
,6
,6
,6
,6
,6
,6
,6
,6
,6
,6
,6
,6
,6
,6
,6
,6
,6
,6
,6
,6
,6
,6
,6
,6
,6
,6
,6
,6
,6
,6
,6
,6
,6
,6
,6
,6
,6
,6
,6
,6
,6
,6
,6
,6
,6
,6
,6
,6
,6
,6
,6
,6
,6
,6
,6
,6
,6
,6
,6
,6
,6
,6
,6
,6
,6
,6
,6
,6
,6
,6
,6
,6
,6
,6
,6
,6
,6
,6
,6
,6
,6
,6
,6
,6
,6
,6
,6
,6
,6
,6
,6
,6
,6
,6
,6
,6
,6
,6
,6
,6
,6
,6
,6
,6
,6
,6
,6
,6
,6
,6
,6
,6
,6
,6
,6
,6
,6
,6
,6
,6
,6
,6
,6
,6
,6
,6
,6
,6
,6
,6
,6
,6
,6
,6
,6
,6
,6
,6
,6
,6
,6
,6
,6
,6
,6
,6
,6
,6
,6
,6
,6
,6
,6
,6
,6
,6
,6
,6
,6
,6
,6
,6
,6
,6
,6
,6
,6
,6
,6
,6
,6
,6
,6
,6
,6
,6
,6
,6
,6
,6
,6
,6
,6
,6
,6
,6
,6
,6
,6
,6
,6
,6
,6
,6
,6
,6
,6
,6
,6
,6
,6
,6
,6
,6
,6
,6
,6
,6
,6
,6
,6
,6
,6
,6
,6
,6
,6
,6
,6
,6
,6
,6
,6
,6
,6
,6
,6
,6
,6
,6
,6
,6
,6
,6
,6
,6
,6
,6
,6
,6
,6
,6
,6
,6
,6
,6
,6
,6
,6
,6
,6
,7
,7
,7
,7
,7
,7
,7
,7
,7
,7
,7
,7
,7
,7
,7
,7
,7
,7
,7
,7
,7
,7
,7
,7
,7
,7
,7
,7
,7
,7
,7
,7
,7
,7
,7
,7
,7
,7
,7
,7
,7
,7
,7
,7
,7
,7
,7
,7
,7
,7
,7
,7
,7
,7
,7
,7
,7
,7
,7
,7
,7
,7
,7
,7
,7
,7
,7
,7
,7
,7
,7
,7
,7
,7
,7
,7
,7
,7
,7
,7
,7
,7
,7
,7
,7
,7
,7
,7
,7
,7
,7
,7
,7
,7
,7
,7
,7
,7
,7
,7
,7
,7
,7
,7
,7
,7
,7
,7
,7
,7
,7
,7
,7
,7
,7
,7
,7
,7
,7
,7
,7
,7
,7
,7
,7
,7
,7
,7
,7
,7
,7
,7
,7
,7
,7
,7
,7
,7
,7
,7
,7
,7
,7
,7
,7
,7
,7
,7
,7
,7
,7
,7
,7
,7
,7
,7
,7
,7
,7
,7
,7
,7
,7
,7
,7
,7
,7
,7
,7
,7
,7
,7
,7
,7
,7
,7
,7
,7
,7
,7
,7
,7
,7
,7
,7
,7
,7
,7
,7
,7
,7
,7
,7
,7
,7
,7
,7
,7
,7
,7
,7
,7
,7
,7
,7
,7
,7
,7
,7
,7
,7
,7
,7
,7
,7
,7
,7
,7
,7
,7
,7
,7
,7
,7
,7
,7
,7
,7
,7
,7
,7
,7
,7
,7
,7
,7
,7
,7
,7
,7
,7
,7
,7
,7
,7
,7
,7
,7
,7
,7
,7
,7
,7
,7
,7
,7
,7
,7
,7
,7
,7
,7
,7
,7
,7
,7
,7
,7
,7
,7
,7
,7
,7
,7
,7
,7
,7
,7
,7
,7
,7
,7
,7
,7
,7
,7
,7
,7
,7
,7
,7
,7
,7
,7
,7
,7
,7
,7
,7
,7
,7
,7
,7
,7
,7
,7
,7
,7
,7
,7
,7
,7
,7
,7
,7
,7
,7
,7
,7
,7
,7
,7
,7
,7
,7
,7
,7
,7
,7
,7
,7
,7
,7
,7
,7
,7
,7
,7
,7
,7
,7
,7
,7
,7
,7
,7
,7
,7
,7
,7
,7
,7
,7
,7
,7
,7
,7
,7
,7
,7
,7
,7
,7
,7
,7
,7
,7
,7
,7
,7
,7
,7
,7
,7
,7
,7
,7
,7
,7
,7
,7
,7
,7
,7
,7
,7
,7
,7
,7
,7
,7
,7
,7
,7
,7
,7
,7
,7
,7
,7
,7
,7
,7
,7
,7
,7
,7
,7
,7
,7
,7
,7
,7
,7
,7
,7
,7
,7
,7
,7
,7
,7
,7
,7
,7
,7
,7
,7
,7
,7
,7
,7
,7
,7
,7
,7
,7
,7
,7
,7
,7
,7
,7
,7
,7
,7
,7
,7
,7
,7
,7
,7
,7
,7
,7
,7
,7
,7
,7
,7
,7
,7
,7
,7
,7
,7
,7
,7
,7
,7
,7
,7
,7
,7
,7
,7
,7
,7
,7
,7
,7
,7
,7
,7
,7
,7
,7
,7
,7
,7
,7
,7
,7
,7
,7
,7
,7
,7
,7
,7
,7
,7
,7
,7
,7
,7
,7
,7
,7
,7
,7
,7
,7
,7
,7
,7
,7
,7
,7
,7
,7
,7
,7
,7
,7
,7
,7
,7
,7
,7
,7
,7
,7
,7
,7
,7
,7
,7
,7
,7
,7
,7
,7
,7
,7
,7
,7
,7
,7
,7
,7
,7
,7
,7
,7
,7
,7
,7
,7
,7
,7
,7
,7
,7
,7
,7
,7
,7
,7
,7
,7
,7
,7
,7
,7
,7
,7
,7
,7
,7
,7
,7
,7
,7
,7
,7
,7
,7
,7
,7
,7
,7
,7
,7
,7
,7
,7
,7
,7
,7
,7
,7
,7
,7
,7
,7
,7
,7
,7
,7
,7
,7
,7
,7
,7
,7
,7
,7
,7
,7
,7
,7
,7
,7
,7
,7
,7
,7
,7
,7
,7
,7
,7
,7
,7
,7
,7
,7
,7
,7
,7
,7
,7
,7
,7
,7
,7
,7
,7
,7
,7
,7
,7
,7
,7
,7
,7
,7
,7
,7
,7
,7
,7
,7
,7
,7
,7
,7
,7
,7
,7
,7
,7
,7
,7
,7
,7
,7
,7
,7
,7
,7
,7
,7
,7
,7
,7
,7
,7
,7
,7
,7
,7
,7
,7
,7
,7
,7
,7
,7
,7
,7
,7
,7
,7
,7
,7
,7
,7
,7
,7
,7
,7
,7
,7
,7
,7
,7
,7
,7
,7
,7
,7
,7
,7
,7
,7
,7
,7
,7
,7
,7
,7
,7
,7
,7
,7
,7
,7
,7
,7
,7
,7
,7
,7
,7
,7
,7
,7
,7
,7
,7
,7
,7
,7
,7
,7
,7
,7
,7
,7
,7
,7
,7
,7
,7
,7
,7
,7
,7
,7
,7
,7
,7
,7
,7
,7
,7
,7
,7
,7
,7
,7
,7
,7
,7
,7
,7
,7
,7
,7
,7
,7
,7
,7
,7
,7
,7
,7
,7
,7
,7
,7
,7
,7
,7
,7
,7
,7
,7
,7
,7
,7
,7
,7
,7
,7
,7
,7
,7
,7
,7
,7
,7
,7
,7
,7
,7
,7
,7
,7
,7
,7
,7
,7
,7
,7
,7
,7
,7
,7
,7
,7
,7
,7
,7
,7
,7
,7
,7
,7
,7
,7
,7
,7
,7
,7
,7
,7
,7
,7
,7
,8
,8
,8
,8
,8
,8
,8
,8
,8
,8
,8
,8
,8
,8
,8
,8
,8
,8
,8
,8
,8
,8
,8
,8
,8
,8
,8
,8
,8
,8
,8
,8
,8
,8
,8
,8
,8
,8
,8
,8
,8
,8
,8
,8
,8
,8
,8
,8
,8
,8
,8
,8
,8
,8
,8
,8
,8
,8
,8
,8
,8
,8
,8
,8
,8
,8
,8
,8
,8
,8
,8
,8
,8
,8
,8
,8
,8
,8
,8
,8
,8
,8
,8
,8
,8
,8
,8
,8
,8
,8
,8
,8
,8
,8
,8
,8
,8
,8
,8
,8
,8
,8
,8
,8
,8
,8
,8
,8
,8
,8
,8
,8
,8
,8
,8
,8
,8
,8
,8
,8
,8
,8
,8
,8
,8
,8
,8
,8
,8
,8
,8
,8
,8
,8
,8
,8
,8
,8
,8
,8
,8
,8
,8
,8
,8
,8
,8
,8
,8
,8
,8
,8
,8
,8
,8
,8
,8
,8
,8
,8
,8
,8
,8
,8
,8
,8
,8
,8
,8
,8
,8
,8
,8
,8
,8
,8
,8
,8
,8
,8
,8
,8
,8
,8
,8
,8
,8
,8
,8
,8
,8
,8
,8
,8
,8
,8
,8
,8
,8
,8
,8
,8
,8
,8
,8
,8
,8
,8
,8
,8
,8
,8
,8
,8
,8
,8
,8
,8
,8
,8
,8
,8
,8
,8
,8
,8
,8
,8
,8
,8
,8
,8
,8
,8
,8
,8
,8
,8
,8
,8
,8
,8
,8
,8
,8
,8
,8
,8
,8
,8
,8
,8
,8
,8
,8
,8
,8
,8
,8
,8
,8
,8
,8
,8
,8
,8
,8
,8
,8
,8
,8
,8
,8
,8
,8
,8
,8
,8
,8
,8
,8
,8
,8
,8
,8
,8
,8
,8
,8
,8
,8
,8
,8
,8
,8
,8
,8
,8
,8
,8
,8
,8
,8
,8
,8
,8
,8
,8
,8
,8
,8
,8
,8
,8
,8
,8
,8
,8
,8
,8
,8
,8
,8
,8
,8
,8
,8
,8
,8
,8
,8
,8
,8
,8
,8
,8
,8
,8
,8
,8
,8
,8
,8
,8
,8
,8
,8
,8
,8
,8
,8
,8
,8
,8
,8
,8
,8
,8
,8
,8
,8
,8
,8
,8
,8
,8
,8
,8
,8
,8
,8
,8
,8
,8
,8
,8
,8
,8
,8
,8
,8
,8
,8
,8
,8
,8
,8
,8
,8
,8
,8
,8
,8
,8
,8
,8
,8
,8
,8
,8
,8
,8
,8
,8
,8
,8
,8
,8
,8
,8
,8
,8
,8
,8
,8
,8
,8
,8
,8
,8
,8
,8
,8
,8
,8
,8
,8
,8
,8
,8
,8
,8
,8
,8
,8
,8
,8
,8
,8
,8
,8
,8
,8
,8
,8
,8
,8
,8
,8
,8
,8
,8
,8
,8
,8
,8
,8
,8
,8
,8
,8
,8
,8
,8
,8
,8
,8
,8
,8
,8
,8
,8
,8
,8
,8
,8
,8
,8
,8
,8
,8
,8
,8
,8
,8
,8
,8
,8
,8
,8
,8
,8
,8
,8
,8
,8
,8
,8
,8
,8
,8
,8
,8
,8
,8
,8
,8
,8
,8
,8
,8
,8
,8
,8
,8
,8
,8
,8
,8
,8
,8
,8
,8
,8
,8
,8
,8
,8
,8
,8
,8
,9
,9
,9
,9
,9
,9
,9
,9
,9
,9
,9
,9
,9
,9
,9
,9
,9
,9
,9
,9
,9
,9
,9
,9
,9
,9
,9
,9
,9
,9
,9
,9
,9
,9
,9
,9
,9
,9
,9
,9
,9
,9
,9
,9
,9
,9
,9
,9
,9
,9
,9
,9
,9
,9
,9
,9
,9
,9
,9
,9
,9
,9
,9
,9
,9
,9
,9
,9
,9
,9
,9
,9
,9
,9
,9
,9
,9
,9
,9
,9
,9
,9
,9
,9
,9
,9
,9
,9
,9
,9
,9
,9
,9
,9
,9
,9
,9
,9
,9
,9
,9
,9
,9
,9
,9
,9
,9
,9
,9
,9
,9
,9
,9
,9
,9
,9
,9
,9
,9
,9
,9
,9
,9
,9
,9
,9
,9
,9
,9
,9
,9
,9
,9
,9
,9
,9
,9
,9
,9
,9
,9
,9
,9
,9
,9
,9
,9
,9
,9
,9
,9
,9
,9
,9
,9
,9
,9
,9
,9
,9
,9
,9
,9
,9
,9
,9
,9
,9
,9
,9
,9
,9
,9
,9
,9
,9
,9
,9
,9
,9
,9
,9
,9
,9
,9
,9
,9
,9
,9
,9
,9
,9
,9
,9
,9
,9
,9
,9
,9
,9
,9
,9
,9
,9
,9
,9
,9
,9
,9
,9
,9
,9
,9
,9
,9
,9
,9
,9
,9
,9
,9
,9
,9
,9
,9
,9
,9
,9
,9
,9
,9
,9
,9
,9
,9
,9
,9
,9
,9
,9
,9
,9
,9
,9
,9
,9
,9
,9
,9
,9
,9
,9
,9
,9
,9
,9
,9
,9
,9
,9
,9
,9
,9
,9
,9
,9
,9
,9
,9
,9
,9
,9
,9
,9
,9
,9
,9
,9
,9
,9
,9
,9
,9
,9
,9
,9
,9
,9
,9
,9
,9
,9
,9
,9
,9
,9
,9
,9
,9
,9
,9
,9
,9
,9
,9
,9
,9
,9
,9
,9
,9
,9
,9
,9
,9
,9
,9
,9
,9
,9
,9
,9
,9
,9
,9
,9
,9
,9
,9
,9
,9
,9
,9
,9
,9
,9
,9
,9
,9
,9
,9
,9
,9
,9
,9
,9
,9
,9
,9
,9
,9
,9
,9
,9
,10
,10
,10
,10
,10
,10
,10
,10
,10
,10
,10
,10
,10
,10
,10
,10
,10
,10
,10
,10
,10
,10
,10
,10
,10
,10
,10
,10
,10
,10
,10
,10
,10
,10
,10
,10
,10
,10
,10
,10
,10
,10
,10
,10
,10
,10
,10
,10
,10
,10
,10
,10
,10
,10
,10
,10
,10
,10
,10
,10
,10
,10
,10
,10
,10
,10
,10
,10
,10
,10
,10
,10
,10
,10
,10
,10
,10
,10
,10
,10
,10
,10
,10
,10
,10
,10
,10
,10
,10
,10
,10
,10
,10
,10
,10
,10
,10
,10
,10
,10
,10
,10
,10
,10
,10
,10
,10
,10
,10
,10
,10
,10
,10
,10
,10
,10
,10
,10
,10
,10
,10
,10
,10
,10
,10
,10
,10
,10
,10
,10
,10
,10
,10
,10
,10
,10
,10
,10
,10
,10
,10
,10
,10
,10
,10
,10
,10
,10
,10
,10
,10
,10
,10
,10
,10
,10
,10
,10
,10
,10
,10
,10
,10
,10
,10
,10
,10
,10
,10
,10
,10
,10
,10
,10
,10
,10
,10
,10
,10
,10
,10
,10
,10
,10
,10
,10
,10
,10
,10
,10
,10
,10
,10
,10
,10
,10
,10
,10
,10
,10
,10
,10
,10
,10
,10
,10
,10
,10
,10
,10
,10
,10
,10
,10
,10
,10
,10
,10
,10
,10
,10
,10
,10
,10
,10
,10
,10
,10
,10
,10
,10
,10
,10
,10
,10
,10
,10
,10
,10
,10
,10
,10
,10
,10
,10
,10
,10
,10
,10
,10
,10
,10
,10
,10
,10
,11
,11
,11
,11
,11
,11
,11
,11
,11
,11
,11
,11
,11
,11
,11
,11
,11
,11
,11
,11
,11
,11
,11
,11
,11
,11
,11
,11
,11
,11
,11
,11
,11
,11
,11
,11
,11
,11
,11
,11
,11
,11
,11
,11
,11
,11
,11
,11
,11
,11
,11
,11
,11
,11
,11
,11
,11
,11
,11
,11
,11
,11
,11
,11
,11
,11
,11
,11
,11
,11
,11
,11
,11
,11
,11
,11
,11
,11
,11
,11
,11
,11
,11
,11
,11
,11
,11
,11
,11
,11
,11
,11
,11
,11
,11
,11
,11
,11
,11
,11
,11
,11
,11
,11
,11
,11
,11
,11
,11
,11
,11
,11
,11
,11
,11
,11
,11
,11
,11
,11
,11
,11
,11
,11
,11
,11
,11
,11
,11
,11
,11
,11
,11
,11
,11
,11
,11
,11
,11
,11
,11
,11
,11
,11
,11
,11
,11
,11
,11
,11
,11
,11
,11
,11
,11
,11
,11
,11
,11
,11
,11
,11
,11
,11
,11
,11
,11
,11
,11
,11
,12
,12
,12
,12
,12
,12
,12
,12
,12
,12
,12
,12
,12
,12
,12
,12
,12
,12
,12
,12
,12
,12
,12
,12
,12
,12
,12
,12
,12
,12
,12
,12
,12
,12
,12
,12
,12
,12
,12
,12
,12
,12
,12
,12
,12
,12
,12
,12
,12
,12
,12
,12
,12
,12
,12
,12
,12
,12
,12
,12
,12
,12
,12
,12
,12
,12
,12
,12
,12
,12
,12
,12
,12
,12
,12
,12
,12
,12
,12
,12
,12
,12
,12
,12
,12
,12
,12
,12
,12
,12
,12
,12
,12
,12
,12
,12
,12
,12
,12
,12
,12
,12
,12
,12
,12
,12
,12
,12
,12
,12
,12
,12
,12
,12
,12
,12
,12
,12
,12
,12
,12
,12
,12
,12
,12
,12
,12
,12
,12
,12
,12
,12
,12
,12
,13
,13
,13
,13
,13
,13
,13
,13
,13
,13
,13
,13
,13
,13
,13
,13
,13
,13
,13
,13
,13
,13
,13
,13
,13
,13
,13
,13
,13
,13
,13
,13
,13
,13
,13
,13
,13
,13
,13
,13
,13
,13
,13
,13
,13
,13
,13
,13
,13
,13
,13
,13
,13
,13
,13
,13
,13
,13
,13
,13
,13
,13
,13
,13
,13
,13
,13
,13
,13
,13
,13
,13
,13
,13
,13
,13
,13
,13
,13
,13
,13
,13
,13
,13
,13
,13
,13
,13
,13
,13
,13
,13
,13
,13
,13
,13
,13
,14
,14
,14
,14
,14
,14
,14
,14
,14
,14
,14
,14
,14
,14
,14
,14
,14
,14
,14
,14
,14
,14
,14
,14
,14
,14
,14
,14
,14
,14
,14
,14
,14
,14
,14
,14
,14
,14
,14
,14
,14
,14
,14
,14
,14
,14
,14
,14
,14
,14
,14
,14
,14
,14
,14
,14
,14
,14
,14
,14
,14
,14
,14
,14
,14
,14
,14
,14
,14
,14
,14
,14
,14
,15
,15
,15
,15
,15
,15
,15
,15
,15
,15
,15
,15
,15
,15
,15
,15
,15
,15
,15
,15
,15
,15
,15
,15
,15
,15
,15
,15
,15
,15
,15
,15
,15
,15
,15
,15
,15
,15
,15
,15
,15
,15
,15
,15
,15
,15
,15
,15
,15
,15
,15
,15
,15
,15
,15
,15
,15
,15
,15
,15
,16
,16
,16
,16
,16
,16
,16
,16
,16
,16
,16
,16
,16
,16
,16
,16
,16
,16
,16
,16
,16
,16
,16
,16
,16
,16
,16
,16
,16
,16
,16
,16
,16
,16
,16
,16
,16
,16
,16
,16
,16
,16
,16
,16
,16
,16
,16
,16
,16
,16
,16
,16
,16
,16
,16
,16
,16
,16
,16
,16
,17
,17
,17
,17
,17
,17
,17
,17
,17
,17
,17
,17
,17
,17
,17
,17
,17
,17
,17
,17
,17
,17
,17
,17
,17
,17
,17
,17
,17
,17
,17
,17
,17
,17
,17
,17
,17
,17
,18
,18
,18
,18
,18
,18
,18
,18
,18
,18
,18
,18
,18
,18
,18
,18
,18
,18
,18
,18
,18
,18
,18
,18
,18
,18
,18
,18
,18
,18
,18
,18
,18
,18
,18
,18
,18
,18
,18
,18
,19
,19
,19
,19
,19
,19
,19
,19
,19
,19
,19
,19
,19
,19
,19
,19
,19
,19
,19
,19
,19
,19
,19
,19
,20
,20
,20
,20
,20
,20
,20
,20
,20
,20
,20
,20
,20
,20
,20
,20
,20
,20
,20
,20
,20
,20
,20
,20
,20
,20
,20
,21
,21
,21
,21
,21
,21
,21
,21
,21
,21
,21
,21
,21
,21
,21
,21
,21
,21
,21
,21
,21
,22
,22
,22
,22
,22
,22
,22
,22
,22
,22
,22
,22
,22
,22
,22
,23
,23
,23
,23
,23
,23
,23
,23
,23
,23
,23
,23
,23
,23
,23
,23
,23
,23
,24
,24
,24
,24
,24
,24
,24
,24
,24
,24
,24
,24
,24
,25
,25
,25
,25
,25
,25
,25
,25
,25
,25
,25
,25
,25
,25
,25
,25
,26
,26
,26
,26
,26
,26
,26
,26
,26
,26
,26
,26
,26
,26
,26
,26
,26
,26
,26
,26
,26
,26
,27
,27
,27
,27
,27
,27
,27
,27
,27
,27
,28
,28
,28
,28
,28
,28
,28
,28
,28
,28
,28
,28
,28
,28
,29
,29
,29
,29
,29
,29
,29
,29
,30
,30
,30
,30
,30
,30
,30
,30
,31
,31
,31
,31
,31
,31
,31
,31
,32
,32
,32
,32
,32
,32
,32
,32
,33
,33
,33
,33
,33
,33
,34
,34
,34
,34
,35
,35
,35
,35
,35
,35
,35
,35
,35
,35
,35
,35
,36
,36
,36
,36
,37
,37
,37
,37
,38
,38
,38
,39
,39
,39
,39
,39
,39
,40
,40
,40
,40
,41
,41
,41
,42
,42
,42
,43
,44
,44
,44
,44
,45
,45
,45
,46
,47
,48
,49
,50
,50
,51
,52
,53
,53
,53
,54
,54
,54
,54
,56
,56
,57
,57
,59
,60
,61
,63
,63
,64
,64
,69
,69
,70
,72
,72
,74
,81
,82
,85
,86
,88
,88
,89
,91
,92
,92
,94
,97
,99
,103
,104
,116
,121
,143
,154
,172
,184
,195
,200
,252
,274
,412
,488
,761
