start_row,end_row,match_length,a_count,b_count,c_count
420,422,3,1,1,1
1344,1346,3,2,0,1
1509,1511,3,1,0,2
1572,1574,3,1,0,2
1737,1738,2,1,0,1
1792,1795,4,1,0,3
1800,1801,2,1,0,1
1815,1818,4,1,1,2
1897,1899,3,1,0,2
1926,1927,2,1,0,1
2026,2028,3,1,1,1
2031,2037,7,1,4,2
2049,2052,4,1,2,1
2055,2056,2,1,0,1
2068,2071,4,1,1,2
2072,2075,4,1,2,1
2125,2126,2,1,0,1
2147,2148,2,1,0,1
2203,2204,2,1,0,1
2232,2237,6,1,0,5
2260,2263,4,1,2,1
2276,2277,2,1,0,1
2290,2292,3,1,1,1
2303,2304,2,1,0,1
2319,2321,3,1,1,1
2325,2326,2,1,0,1
2331,2334,4,1,1,2
2368,2369,2,1,0,1
2377,2378,2,1,0,1
2381,2383,3,1,1,1
2434,2436,3,1,1,1
2460,2461,2,1,0,1
2482,2483,2,1,0,1
2545,2546,2,1,0,1
2584,2586,3,2,0,1
2594,2599,6,1,4,1
2619,2622,4,2,1,1
2707,2710,4,2,1,1
2738,2740,3,1,0,2
2743,2748,6,1,3,2
2804,2807,4,1,2,1
2818,2820,3,1,1,1
2824,2825,2,1,0,1
2832,2833,2,1,0,1
2834,2837,4,1,1,2
2838,2840,3,1,1,1
2841,2843,3,2,0,1
2850,2856,7,1,0,6
2863,2867,5,2,0,3
2882,2883,2,1,0,1
2886,2887,2,1,0,1
2928,2930,3,1,1,1
2931,2933,3,1,1,1
2948,2952,5,3,1,1
2966,2970,5,1,3,1
2972,2975,4,2,0,2
2984,2985,2,1,0,1
2986,2988,3,2,0,1
2991,2994,4,1,1,2
3001,3002,2,1,0,1
3014,3015,2,1,0,1
3031,3033,3,1,0,2
3048,3050,3,2,0,1
3069,3070,2,1,0,1
3104,3105,2,1,0,1
3130,3138,9,5,3,1
3145,3146,2,1,0,1
3160,3161,2,1,0,1
3162,3163,2,1,0,1
3177,3184,8,3,4,1
3203,3205,3,1,1,1
3208,3210,3,2,0,1
3229,3233,5,1,1,3
3238,3240,3,2,0,1
3247,3248,2,1,0,1
3250,3255,6,5,0,1
3266,3269,4,2,1,1
3286,3290,5,2,2,1
3295,3296,2,1,0,1
3312,3319,8,5,2,1
3322,3326,5,1,0,4
3341,3344,4,1,2,1
3346,3347,2,1,0,1
3348,3349,2,1,0,1
3354,3358,5,3,0,2
3369,3371,3,1,0,2
3376,3377,2,1,0,1
3380,3384,5,1,2,2
3385,3392,8,1,5,2
3413,3415,3,1,1,1
3437,3442,6,1,4,1
3445,3448,4,1,1,2
3449,3451,3,1,1,1
3467,3470,4,1,1,2
3503,3505,3,1,1,1
3508,3509,2,1,0,1
3537,3539,3,2,0,1
3557,3559,3,2,0,1
3567,3571,5,1,1,3
3576,3582,7,2,4,1
3583,3584,2,1,0,1
3585,3587,3,1,1,1
3594,3597,4,2,1,1
3605,3609,5,1,3,1
3620,3622,3,2,0,1
3646,3650,5,4,0,1
3654,3655,2,1,0,1
3658,3660,3,1,0,2
3699,3700,2,1,0,1
3701,3703,3,1,1,1
3710,3713,4,1,1,2
3725,3727,3,2,0,1
3732,3735,4,3,0,1
3736,3741,6,1,3,2
3742,3747,6,1,4,1
3752,3758,7,2,4,1
3767,3772,6,5,0,1
3780,3785,6,1,3,2
3786,3787,2,1,0,1
3805,3809,5,1,2,2
3812,3818,7,5,0,2
3830,3831,2,1,0,1
3837,3841,5,1,3,1
3843,3844,2,1,0,1
3868,3871,4,1,2,1
3883,3887,5,4,0,1
3888,3894,7,1,0,6
3896,3899,4,1,2,1
3912,3918,7,1,5,1
3919,3920,2,1,0,1
3923,3926,4,3,0,1
3940,3943,4,3,0,1
3958,3959,2,1,0,1
3967,3971,5,2,2,1
3973,3979,7,2,3,2
4043,4044,2,1,0,1
4051,4052,2,1,0,1
4066,4069,4,1,2,1
4071,4073,3,1,0,2
4077,4079,3,1,1,1
4081,4085,5,1,3,1
4097,4099,3,1,1,1
4112,4114,3,1,1,1
4120,4122,3,2,0,1
4131,4132,2,1,0,1
4134,4135,2,1,0,1
4136,4138,3,2,0,1
4141,4142,2,1,0,1
4144,4147,4,2,0,2
4154,4156,3,1,0,2
4174,4175,2,1,0,1
4204,4210,7,1,4,2
4220,4225,6,2,1,3
4241,4242,2,1,0,1
4261,4267,7,4,1,2
4275,4277,3,1,1,1
4278,4281,4,2,1,1
4309,4311,3,1,1,1
4322,4324,3,1,1,1
4331,4333,3,1,0,2
4344,4345,2,1,0,1
4377,4379,3,1,1,1
4381,4389,9,4,0,5
4400,4402,3,1,0,2
4459,4463,5,3,0,2
4491,4493,3,1,1,1
4621,4622,2,1,0,1
4627,4628,2,1,0,1
4798,4803,6,2,3,1
4817,4820,4,1,0,3
4823,4824,2,1,0,1
4827,4829,3,1,1,1
4835,4836,2,1,0,1
4846,4848,3,1,0,2
4863,4865,3,1,0,2
4866,4868,3,1,1,1
4896,4898,3,2,0,1
4899,4900,2,1,0,1
4907,4912,6,5,0,1
5374,5378,5,1,2,2
5379,5380,2,1,0,1
5385,5390,6,1,0,5
5402,5404,3,1,0,2
6448,6451,4,1,1,2
6750,6752,3,1,1,1
7349,7353,5,2,2,1
7424,7426,3,2,0,1
7695,7696,2,1,0,1
8129,8130,2,1,0,1
9091,9092,2,1,0,1
9103,9108,6,5,0,1
9110,9111,2,1,0,1
9135,9153,19,4,0,15
9155,9160,6,1,0,5
9282,9285,4,3,0,1
9291,9294,4,1,0,3
9302,9320,19,1,0,18
9360,9365,6,5,0,1
9370,9372,3,1,1,1
9382,9384,3,1,0,2
9385,9386,2,1,0,1
9387,9388,2,1,0,1
9415,9421,7,5,1,1
9425,9427,3,2,0,1
9482,9485,4,2,1,1
9486,9487,2,1,0,1
9488,9490,3,1,1,1
9491,9494,4,1,2,1
9496,9501,6,5,0,1
9503,9504,2,1,0,1
9505,9506,2,1,0,1
9513,9514,2,1,0,1
9516,9518,3,2,0,1
9528,9530,3,2,0,1
9531,9533,3,2,0,1
9537,9539,3,2,0,1
9544,9548,5,2,0,3
9570,9571,2,1,0,1
9580,9582,3,2,0,1
9584,9586,3,1,0,2
9598,9601,4,2,0,2
9602,9603,2,1,0,1
9613,9621,9,3,0,6
9626,9629,4,1,0,3
9636,9639,4,3,0,1
9647,9653,7,3,0,4
9657,9659,3,2,0,1
9665,9668,4,3,0,1
9671,9675,5,3,0,2
9676,9677,2,1,0,1
9679,9684,6,5,0,1
9709,9731,23,5,15,3
9735,9736,2,1,0,1
9756,9785,30,1,28,1
9790,9795,6,5,0,1
9799,9803,5,4,0,1
9811,9816,6,4,1,1
9830,9832,3,1,1,1
9838,9843,6,5,0,1
9845,9848,4,3,0,1
9849,9850,2,1,0,1
9853,9854,2,1,0,1
9869,9871,3,1,1,1
9879,9882,4,3,0,1
10005,10006,2,1,0,1
10222,10223,2,1,0,1
11301,11302,2,1,0,1
11329,11330,2,1,0,1
11400,11401,2,1,0,1
11407,11408,2,1,0,1
11411,11414,4,3,0,1
11435,11437,3,2,0,1
11442,11444,3,1,0,2
11461,11462,2,1,0,1
11468,11471,4,1,1,2
11473,11477,5,1,1,3
11481,11484,4,3,0,1
11485,11486,2,1,0,1
11498,11500,3,1,0,2
11513,11516,4,2,1,1
11522,11523,2,1,0,1
11525,11527,3,1,0,2
11532,11533,2,1,0,1
11542,11544,3,2,0,1
11550,11551,2,1,0,1
11556,11557,2,1,0,1
11585,11586,2,1,0,1
11603,11604,2,1,0,1
11618,11619,2,1,0,1
11620,11621,2,1,0,1
11627,11628,2,1,0,1
11632,11633,2,1,0,1
11637,11638,2,1,0,1
11644,11648,5,3,0,2
11674,11675,2,1,0,1
11679,11681,3,1,0,2
11687,11689,3,1,0,2
11702,11703,2,1,0,1
11704,11706,3,2,0,1
11734,11736,3,1,1,1
11757,11758,2,1,0,1
11786,11791,6,1,4,1
11794,11795,2,1,0,1
11802,11805,4,3,0,1
11823,11824,2,1,0,1
11834,11837,4,3,0,1
11875,11876,2,1,0,1
11891,11895,5,2,1,2
11910,11912,3,2,0,1
11921,11922,2,1,0,1
11937,11941,5,1,2,2
11955,11957,3,1,1,1
11962,11963,2,1,0,1
11986,11987,2,1,0,1
11993,11994,2,1,0,1
11996,11997,2,1,0,1
12008,12009,2,1,0,1
12011,12012,2,1,0,1
12022,12023,2,1,0,1
12027,12033,7,1,5,1
12042,12044,3,1,1,1
12055,12057,3,1,1,1
12060,12063,4,2,1,1
12065,12069,5,3,0,2
12074,12078,5,2,2,1
12087,12089,3,1,1,1
12103,12104,2,1,0,1
12142,12143,2,1,0,1
12144,12145,2,1,0,1
12163,12165,3,1,1,1
12166,12169,4,3,0,1
12227,12234,8,2,4,2
12236,12240,5,2,2,1
12259,12260,2,1,0,1
12268,12269,2,1,0,1
12277,12281,5,3,1,1
12287,12289,3,2,0,1
12291,12292,2,1,0,1
12297,12298,2,1,0,1
12302,12305,4,3,0,1
12313,12315,3,1,1,1
12357,12358,2,1,0,1
12376,12377,2,1,0,1
12378,12380,3,1,0,2
12418,12422,5,1,1,3
12432,12435,4,1,0,3
12436,12437,2,1,0,1
12482,12484,3,2,0,1
12485,12488,4,1,0,3
12501,12504,4,2,1,1
12513,12515,3,2,0,1
12519,12521,3,2,0,1
12523,12525,3,1,0,2
12530,12532,3,1,1,1
12535,12537,3,2,0,1
12543,12544,2,1,0,1
12555,12556,2,1,0,1
12557,12559,3,1,1,1
12566,12567,2,1,0,1
12622,12623,2,1,0,1
12633,12634,2,1,0,1
12636,12637,2,1,0,1
12639,12641,3,2,0,1
12653,12654,2,1,0,1
12680,12682,3,1,1,1
12695,12696,2,1,0,1
12701,12705,5,1,3,1
12716,12717,2,1,0,1
12725,12727,3,1,1,1
12736,12737,2,1,0,1
12749,12750,2,1,0,1
12760,12761,2,1,0,1
12789,12792,4,1,1,2
12828,12829,2,1,0,1
12853,12855,3,1,1,1
12860,12861,2,1,0,1
12862,12864,3,1,1,1
12869,12872,4,3,0,1
12885,12886,2,1,0,1
12912,12920,9,1,7,1
12937,12939,3,1,0,2
12996,12997,2,1,0,1
13047,13051,5,1,2,2
13076,13083,8,1,0,7
13118,13119,2,1,0,1
13120,13124,5,1,1,3
13130,13132,3,1,0,2
13170,13171,2,1,0,1
13242,13243,2,1,0,1
13265,13266,2,1,0,1
13267,13268,2,1,0,1
13323,13325,3,2,0,1
13335,13336,2,1,0,1
13338,13340,3,1,1,1
13369,13371,3,2,0,1
13376,13377,2,1,0,1
13389,13390,2,1,0,1
13391,13394,4,1,1,2
13398,13399,2,1,0,1
13400,13402,3,2,0,1
13413,13415,3,2,0,1
13423,13427,5,3,1,1
13437,13438,2,1,0,1
13461,13463,3,2,0,1
13478,13480,3,2,0,1
13482,13486,5,2,1,2
13493,13495,3,1,0,2
13503,13504,2,1,0,1
13536,13537,2,1,0,1
13556,13558,3,1,1,1
13566,13567,2,1,0,1
13590,13592,3,2,0,1
13594,13595,2,1,0,1
13616,13617,2,1,0,1
13619,13621,3,1,1,1
13627,13629,3,1,0,2
13642,13645,4,1,1,2
13647,13651,5,1,3,1
13667,13671,5,2,1,2
13714,13718,5,3,1,1
13719,13721,3,2,0,1
13732,13733,2,1,0,1
13758,13759,2,1,0,1
13778,13781,4,1,2,1
13782,13783,2,1,0,1
13790,13795,6,3,2,1
13830,13832,3,2,0,1
13850,13859,10,5,3,2
13863,13866,4,3,0,1
13869,13870,2,1,0,1
13888,13890,3,1,0,2
13891,13894,4,2,1,1
13899,13903,5,3,1,1
13934,13936,3,2,0,1
13948,13950,3,1,0,2
13957,13958,2,1,0,1
13975,13979,5,1,2,2
13996,13997,2,1,0,1
13998,13999,2,1,0,1
14009,14010,2,1,0,1
14024,14026,3,1,0,2
14045,14046,2,1,0,1
14057,14061,5,1,3,1
14064,14065,2,1,0,1
14067,14070,4,1,1,2
14072,14074,3,1,0,2
14103,14107,5,1,2,2
14118,14120,3,1,1,1
14125,14130,6,3,2,1
14131,14133,3,2,0,1
14150,14151,2,1,0,1
14157,14158,2,1,0,1
14159,14164,6,1,3,2
14197,14200,4,2,1,1
14223,14225,3,1,1,1
14230,14231,2,1,0,1
14245,14246,2,1,0,1
14249,14250,2,1,0,1
14263,14265,3,1,1,1
14270,14271,2,1,0,1
14283,14284,2,1,0,1
14300,14301,2,1,0,1
14303,14306,4,2,1,1
14328,14329,2,1,0,1
14332,14334,3,1,0,2
14342,14344,3,2,0,1
14371,14373,3,2,0,1
14379,14382,4,1,2,1
14384,14390,7,2,0,5
14398,14399,2,1,0,1
14417,14418,2,1,0,1
14420,14421,2,1,0,1
14425,14426,2,1,0,1
14429,14430,2,1,0,1
14432,14434,3,2,0,1
14438,14439,2,1,0,1
14500,14501,2,1,0,1
14515,14516,2,1,0,1
14535,14536,2,1,0,1
14542,14548,7,2,3,2
14568,14571,4,1,1,2
14573,14574,2,1,0,1
14636,14637,2,1,0,1
14649,14651,3,1,1,1
14653,14656,4,3,0,1
14661,14664,4,1,1,2
14676,14680,5,3,1,1
14682,14684,3,1,1,1
14686,14689,4,1,2,1
14691,14693,3,1,0,2
14694,14697,4,2,0,2
14715,14716,2,1,0,1
14728,14731,4,2,1,1
14732,14733,2,1,0,1
14744,14747,4,2,0,2
14754,14755,2,1,0,1
14764,14767,4,1,2,1
14786,14789,4,1,2,1
14791,14793,3,1,1,1
14801,14804,4,1,2,1
14821,14824,4,1,1,2
14839,14841,3,1,0,2
14849,14852,4,1,2,1
14860,14861,2,1,0,1
14864,14865,2,1,0,1
14868,14869,2,1,0,1
14886,14888,3,1,0,2
14892,14896,5,3,0,2
14899,14900,2,1,0,1
14901,14903,3,1,0,2
14944,14945,2,1,0,1
14957,14958,2,1,0,1
14961,14964,4,2,0,2
14981,14983,3,1,0,2
15025,15027,3,1,0,2
15030,15034,5,2,1,2
15036,15038,3,2,0,1
15048,15049,2,1,0,1
15051,15053,3,1,0,2
15067,15072,6,3,0,3
15104,15105,2,1,0,1
15118,15121,4,2,0,2
15134,15135,2,1,0,1
15154,15158,5,2,2,1
15167,15169,3,1,1,1
15170,15172,3,1,1,1
15202,15203,2,1,0,1
15204,15205,2,1,0,1
15207,15208,2,1,0,1
15219,15220,2,1,0,1
15224,15225,2,1,0,1
15226,15228,3,1,0,2
15232,15234,3,1,1,1
15239,15240,2,1,0,1
15253,15257,5,2,1,2
15282,15284,3,1,1,1
15290,15292,3,1,1,1
15293,15294,2,1,0,1
15299,15300,2,1,0,1
15311,15312,2,1,0,1
15325,15327,3,1,1,1
15335,15336,2,1,0,1
15360,15361,2,1,0,1
15365,15366,2,1,0,1
15381,15385,5,1,1,3
15389,15390,2,1,0,1
15399,15401,3,2,0,1
15422,15423,2,1,0,1
15432,15434,3,1,1,1
15439,15440,2,1,0,1
15450,15451,2,1,0,1
15475,15481,7,1,0,6
15482,15484,3,2,0,1
15487,15489,3,2,0,1
15492,15494,3,1,1,1
15501,15505,5,2,0,3
15510,15511,2,1,0,1
15515,15518,4,1,2,1
15521,15522,2,1,0,1
15529,15530,2,1,0,1
15534,15535,2,1,0,1
15552,15556,5,4,0,1
15563,15564,2,1,0,1
15566,15568,3,1,0,2
15569,15571,3,2,0,1
15576,15578,3,1,0,2
15579,15581,3,1,1,1
15585,15587,3,1,1,1
15588,15590,3,1,1,1
15597,15599,3,2,0,1
15643,15644,2,1,0,1
15647,15649,3,1,1,1
15657,15658,2,1,0,1
15701,15703,3,1,0,2
15714,15716,3,1,0,2
15717,15719,3,2,0,1
15740,15742,3,2,0,1
15750,15751,2,1,0,1
15762,15765,4,1,1,2
15776,15778,3,2,0,1
15780,15781,2,1,0,1
15782,15785,4,1,0,3
15788,15791,4,1,2,1
15799,15801,3,1,1,1
15811,15814,4,2,1,1
15815,15816,2,1,0,1
15823,15824,2,1,0,1
15844,15846,3,1,1,1
15855,15856,2,1,0,1
15861,15864,4,2,1,1
15870,15871,2,1,0,1
15883,15886,4,2,1,1
15897,15899,3,1,0,2
15914,15915,2,1,0,1
15923,15925,3,1,1,1
15953,15954,2,1,0,1
15973,15975,3,1,1,1
15977,15979,3,1,0,2
15994,15996,3,1,0,2
15997,16000,4,3,0,1
16001,16002,2,1,0,1
16003,16007,5,2,1,2
16020,16022,3,1,0,2
16052,16053,2,1,0,1
16054,16056,3,2,0,1
16073,16074,2,1,0,1
16103,16105,3,1,1,1
16106,16108,3,1,0,2
16121,16125,5,1,1,3
16130,16133,4,1,0,3
16138,16139,2,1,0,1
16150,16151,2,1,0,1
16199,16202,4,2,0,2
16206,16207,2,1,0,1
16226,16227,2,1,0,1
16239,16240,2,1,0,1
16248,16252,5,2,2,1
16265,16267,3,1,0,2
16273,16274,2,1,0,1
16278,16281,4,2,1,1
16286,16288,3,2,0,1
16289,16290,2,1,0,1
16293,16296,4,1,1,2
16309,16311,3,2,0,1
16313,16315,3,2,0,1
16336,16338,3,1,1,1
16353,16355,3,2,0,1
16383,16384,2,1,0,1
16387,16390,4,2,0,2
16428,16429,2,1,0,1
16455,16456,2,1,0,1
16462,16463,2,1,0,1
16464,16466,3,2,0,1
16483,16484,2,1,0,1
16494,16497,4,1,0,3
16504,16508,5,1,3,1
16519,16520,2,1,0,1
16550,16557,8,1,6,1
16575,16576,2,1,0,1
16588,16589,2,1,0,1
16592,16594,3,1,1,1
16604,16605,2,1,0,1
16620,16621,2,1,0,1
16636,16639,4,1,1,2
16642,16644,3,2,0,1
16648,16649,2,1,0,1
16653,16654,2,1,0,1
16672,16673,2,1,0,1
16692,16693,2,1,0,1
16697,16700,4,1,2,1
16708,16709,2,1,0,1
16721,16722,2,1,0,1
16730,16732,3,1,1,1
16758,16759,2,1,0,1
16770,16773,4,2,1,1
16780,16782,3,1,1,1
16785,16786,2,1,0,1
16812,16814,3,2,0,1
16843,16845,3,1,1,1
16865,16867,3,1,1,1
16872,16874,3,2,0,1
16876,16877,2,1,0,1
16882,16883,2,1,0,1
16890,16891,2,1,0,1
16904,16905,2,1,0,1
16919,16921,3,1,0,2
16925,16926,2,1,0,1
16941,16943,3,1,0,2
16968,16971,4,3,0,1
16986,16987,2,1,0,1
16991,16992,2,1,0,1
17004,17005,2,1,0,1
17012,17013,2,1,0,1
17023,17024,2,1,0,1
17036,17039,4,1,0,3
17048,17050,3,1,1,1
17056,17057,2,1,0,1
17064,17068,5,1,3,1
17071,17074,4,3,0,1
17087,17090,4,2,1,1
17107,17110,4,3,0,1
17114,17116,3,1,0,2
17117,17120,4,1,0,3
17183,17184,2,1,0,1
17187,17189,3,1,1,1
17204,17208,5,3,1,1
17217,17219,3,1,0,2
17226,17227,2,1,0,1
17233,17234,2,1,0,1
17267,17268,2,1,0,1
17270,17271,2,1,0,1
17311,17312,2,1,0,1
17317,17320,4,1,2,1
17326,17328,3,2,0,1
17344,17346,3,1,0,2
17347,17348,2,1,0,1
17364,17365,2,1,0,1
17371,17373,3,2,0,1
17393,17395,3,1,1,1
17401,17402,2,1,0,1
17406,17409,4,3,0,1
17437,17439,3,1,0,2
17441,17444,4,1,1,2
17457,17459,3,1,1,1
17460,17464,5,4,0,1
17476,17477,2,1,0,1
17495,17497,3,2,0,1
17510,17511,2,1,0,1
17528,17529,2,1,0,1
17532,17534,3,2,0,1
17545,17547,3,1,1,1
17554,17556,3,1,0,2
17563,17565,3,2,0,1
17576,17578,3,1,1,1
17584,17585,2,1,0,1
17603,17606,4,1,1,2
17607,17611,5,1,3,1
17616,17617,2,1,0,1
17633,17640,8,2,0,6
17766,17769,4,1,1,2
17876,17877,2,1,0,1
17934,17935,2,1,0,1
18083,18084,2,1,0,1
18137,18138,2,1,0,1
18152,18154,3,2,0,1
18453,18454,2,1,0,1
18456,18457,2,1,0,1
18470,18471,2,1,0,1
18543,18546,4,1,0,3
18557,18558,2,1,0,1
18681,18687,7,1,5,1
18692,18693,2,1,0,1
18699,18700,2,1,0,1
18707,18709,3,1,1,1
18717,18720,4,1,2,1
18732,18733,2,1,0,1
18739,18746,8,1,4,3
18759,18764,6,1,2,3
18777,18780,4,1,2,1
18826,18828,3,1,0,2
18835,18838,4,2,0,2
18842,18844,3,1,0,2
18851,18854,4,1,2,1
18858,18859,2,1,0,1
18876,18881,6,1,2,3
18888,18889,2,1,0,1
18905,18906,2,1,0,1
18972,18973,2,1,0,1
18999,19001,3,1,0,2
19023,19024,2,1,0,1
19051,19054,4,1,0,3
19071,19077,7,1,1,5
19395,19396,2,1,0,1
19407,19408,2,1,0,1
19417,19419,3,1,1,1
19443,19446,4,1,2,1
19455,19459,5,1,2,2
19468,19469,2,1,0,1
19474,19475,2,1,0,1
19483,19485,3,1,0,2
19508,19509,2,1,0,1
19604,19605,2,1,0,1
19607,19608,2,1,0,1
19650,19653,4,3,0,1
19654,19656,3,1,1,1
19710,19711,2,1,0,1
19729,19731,3,1,1,1
19735,19738,4,1,2,1
19758,19763,6,4,1,1
19770,19772,3,2,0,1
19785,19787,3,2,0,1
19795,19798,4,3,0,1
19811,19812,2,1,0,1
19840,19841,2,1,0,1
19855,19858,4,1,2,1
19873,19876,4,3,0,1
19882,19884,3,2,0,1
19930,19932,3,1,1,1
19933,19935,3,2,0,1
19962,19963,2,1,0,1
19964,19968,5,4,0,1
19973,19974,2,1,0,1
19990,19993,4,1,2,1
20002,20003,2,1,0,1
20005,20008,4,2,1,1
20022,20023,2,1,0,1
20040,20041,2,1,0,1
20055,20057,3,1,1,1
20075,20076,2,1,0,1
20214,20216,3,2,0,1
20231,20237,7,3,3,1
20243,20245,3,2,0,1
20293,20295,3,2,0,1
20330,20331,2,1,0,1
20367,20371,5,2,2,1
20379,20384,6,5,0,1
20417,20419,3,2,0,1
20432,20435,4,1,2,1
20468,20470,3,2,0,1
20484,20486,3,2,0,1
20497,20502,6,3,1,2
20503,20505,3,1,1,1
20520,20521,2,1,0,1
20582,20585,4,3,0,1
20594,20595,2,1,0,1
20646,20647,2,1,0,1
20654,20656,3,1,1,1
20680,20681,2,1,0,1
20735,20737,3,2,0,1
20738,20739,2,1,0,1
20757,20760,4,2,1,1
20771,20774,4,3,0,1
20777,20779,3,2,0,1
20782,20784,3,1,1,1
20789,20792,4,2,1,1
20812,20815,4,1,2,1
20816,20817,2,1,0,1
20872,20873,2,1,0,1
20889,20891,3,1,1,1
20900,20902,3,1,1,1
20911,20918,8,5,2,1
20937,20938,2,1,0,1
20968,20969,2,1,0,1
20972,20975,4,2,1,1
21012,21014,3,2,0,1
21025,21030,6,2,3,1
21048,21053,6,5,0,1
21054,21057,4,3,0,1
21068,21072,5,2,2,1
21086,21089,4,3,0,1
21112,21115,4,1,2,1
21122,21124,3,2,0,1
21157,21158,2,1,0,1
21178,21180,3,2,0,1
21185,21187,3,2,0,1
21199,21201,3,1,1,1
21215,21216,2,1,0,1
21239,21243,5,4,0,1
21252,21255,4,2,1,1
21256,21259,4,2,1,1
21260,21262,3,2,0,1
21295,21297,3,1,1,1
21311,21315,5,2,2,1
21340,21342,3,2,0,1
21357,21362,6,3,2,1
21387,21390,4,1,2,1
21393,21395,3,1,1,1
21438,21443,6,1,3,2
21460,21462,3,2,0,1
21480,21482,3,2,0,1
21486,21488,3,2,0,1
21493,21498,6,2,3,1
21542,21544,3,2,0,1
21545,21548,4,1,2,1
21551,21553,3,1,1,1
21559,21561,3,2,0,1
21563,21564,2,1,0,1
21585,21589,5,2,2,1
21596,21598,3,2,0,1
21608,21613,6,5,0,1
21616,21621,6,2,3,1
21630,21633,4,2,0,2
21645,21647,3,2,0,1
21673,21675,3,2,0,1
21678,21682,5,2,2,1
21704,21707,4,2,1,1
21713,21714,2,1,0,1
21725,21727,3,2,0,1
21754,21757,4,2,0,2
21777,21779,3,2,0,1
21814,21815,2,1,0,1
21848,21849,2,1,0,1
21922,21923,2,1,0,1
21957,21962,6,5,0,1
21966,21971,6,5,0,1
21984,21985,2,1,0,1
21997,22000,4,2,0,2
22006,22009,4,3,0,1
22021,22022,2,1,0,1
22024,22027,4,3,0,1
22040,22043,4,3,0,1
22053,22055,3,1,1,1
22094,22095,2,1,0,1
22096,22097,2,1,0,1
22098,22100,3,1,1,1
22130,22132,3,1,1,1
22176,22178,3,2,0,1
22211,22213,3,1,0,2
22263,22268,6,1,4,1
22284,22285,2,1,0,1
22302,22304,3,1,1,1
22322,22323,2,1,0,1
22325,22328,4,2,1,1
22336,22339,4,2,1,1
22364,22368,5,2,2,1
22382,22383,2,1,0,1
22387,22390,4,1,2,1
22405,22407,3,2,0,1
22430,22434,5,2,2,1
22485,22487,3,1,0,2
22538,22541,4,3,0,1
22542,22547,6,5,0,1
22556,22565,10,3,5,2
22597,22600,4,1,2,1
22610,22613,4,2,1,1
22620,22627,8,3,4,1
22633,22635,3,1,1,1
22636,22637,2,1,0,1
22663,22665,3,1,1,1
22730,22732,3,2,0,1
22734,22735,2,1,0,1
22763,22769,7,2,4,1
22770,22774,5,3,1,1
22775,22776,2,1,0,1
22780,22781,2,1,0,1
22801,22804,4,3,0,1
22812,22816,5,4,0,1
22826,22830,5,4,0,1
22854,22858,5,2,1,2
22864,22866,3,2,0,1
22874,22875,2,1,0,1
22888,22893,6,5,0,1
22913,22914,2,1,0,1
22939,22943,5,2,1,2
22944,22950,7,5,1,1
22970,22972,3,2,0,1
22973,22978,6,4,1,1
22989,22992,4,2,0,2
23005,23009,5,2,2,1
23032,23033,2,1,0,1
23046,23052,7,5,1,1
23094,23097,4,2,1,1
23104,23105,2,1,0,1
23125,23127,3,2,0,1
23141,23142,2,1,0,1
23152,23154,3,1,0,2
23210,23212,3,2,0,1
23230,23232,3,2,0,1
23242,23243,2,1,0,1
23300,23301,2,1,0,1
23310,23312,3,2,0,1
23330,23336,7,3,3,1
23339,23340,2,1,0,1
23355,23358,4,3,0,1
23366,23371,6,2,3,1
23381,23382,2,1,0,1
23430,23433,4,2,1,1
23438,23440,3,1,1,1
23480,23481,2,1,0,1
23487,23488,2,1,0,1
23510,23516,7,4,1,2
23519,23521,3,2,0,1
23545,23551,7,4,2,1
23563,23565,3,2,0,1
23569,23571,3,2,0,1
23603,23604,2,1,0,1
23608,23609,2,1,0,1
23653,23656,4,1,2,1
23658,23659,2,1,0,1
23673,23674,2,1,0,1
23676,23678,3,1,1,1
23687,23691,5,4,0,1
23715,23716,2,1,0,1
23723,23726,4,2,1,1
23739,23741,3,2,0,1
23759,23761,3,2,0,1
23763,23764,2,1,0,1
23781,23786,6,2,3,1
23787,23789,3,1,1,1
23795,23798,4,3,0,1
23807,23808,2,1,0,1
23809,23812,4,3,0,1
23813,23817,5,3,1,1
23832,23835,4,3,0,1
23849,23851,3,1,1,1
23854,23857,4,2,0,2
23869,23873,5,4,0,1
23903,23906,4,1,2,1
23909,23912,4,2,1,1
23913,23914,2,1,0,1
23917,23919,3,2,0,1
23935,23938,4,3,0,1
23949,23952,4,2,1,1
23963,23965,3,2,0,1
23976,23977,2,1,0,1
23981,23984,4,1,0,3
23993,23997,5,3,1,1
24012,24015,4,2,1,1
24016,24017,2,1,0,1
24025,24027,3,2,0,1
24060,24065,6,4,0,2
24087,24089,3,2,0,1
24102,24106,5,4,0,1
24111,24112,2,1,0,1
24176,24178,3,2,0,1
24194,24199,6,5,0,1
24213,24214,2,1,0,1
24230,24231,2,1,0,1
24361,24364,4,1,2,1
24371,24373,3,1,1,1
24376,24377,2,1,0,1
24385,24386,2,1,0,1
24392,24396,5,2,1,2
24437,24439,3,2,0,1
24480,24482,3,2,0,1
24486,24491,6,5,0,1
24497,24498,2,1,0,1
24504,24507,4,3,0,1
24529,24533,5,4,0,1
24536,24537,2,1,0,1
24541,24542,2,1,0,1
24549,24550,2,1,0,1
24552,24553,2,1,0,1
24555,24561,7,2,4,1
24580,24583,4,3,0,1
24613,24615,3,2,0,1
24629,24630,2,1,0,1
24631,24632,2,1,0,1
24648,24653,6,4,1,1
24654,24659,6,5,0,1
24676,24678,3,2,0,1
24698,24700,3,2,0,1
24716,24719,4,2,1,1
24727,24731,5,3,1,1
24738,24742,5,1,2,2
24743,24746,4,2,0,2
24756,24757,2,1,0,1
24764,24769,6,5,0,1
24770,24772,3,1,1,1
24802,24803,2,1,0,1
24820,24823,4,2,0,2
24824,24825,2,1,0,1
24860,24863,4,2,1,1
24886,24890,5,4,0,1
24891,24893,3,2,0,1
24928,24936,9,4,4,1
24938,24942,5,3,1,1
24944,24949,6,4,1,1
24955,24960,6,3,2,1
24961,24965,5,4,0,1
24968,24970,3,1,1,1
24981,24985,5,1,3,1
24989,24994,6,5,0,1
25009,25010,2,1,0,1
25011,25013,3,2,0,1
25021,25025,5,3,1,1
25029,25033,5,1,3,1
25065,25068,4,1,1,2
25070,25073,4,2,1,1
25082,25085,4,1,2,1
25088,25093,6,3,2,1
25099,25101,3,2,0,1
25114,25115,2,1,0,1
25116,25117,2,1,0,1
25175,25180,6,5,0,1
25240,25246,7,5,1,1
25262,25263,2,1,0,1
25318,25320,3,2,0,1
25352,25355,4,3,0,1
25409,25411,3,1,1,1
25423,25424,2,1,0,1
25440,25446,7,5,0,2
25488,25491,4,3,0,1
25503,25506,4,3,0,1
25510,25511,2,1,0,1
25600,25601,2,1,0,1
25655,25657,3,2,0,1
25713,25718,6,4,1,1
25779,25780,2,1,0,1
25845,25849,5,4,0,1
25917,25922,6,3,2,1
25923,25924,2,1,0,1
25925,25927,3,1,1,1
25958,25963,6,5,0,1
26014,26019,6,5,0,1
26090,26092,3,2,0,1
26181,26184,4,2,1,1
26185,26189,5,3,1,1
26248,26251,4,3,0,1
26252,26254,3,2,0,1
26262,26269,8,5,2,1
26277,26281,5,2,2,1
26294,26299,6,5,0,1
26341,26342,2,1,0,1
26379,26383,5,1,3,1
26389,26394,6,5,0,1
26432,26435,4,3,0,1
26448,26453,6,5,0,1
26472,26477,6,5,0,1
26485,26490,6,5,0,1
26501,26505,5,4,0,1
26525,26528,4,3,0,1
26529,26531,3,1,1,1
26561,26563,3,2,0,1
26578,26581,4,2,1,1
26682,26683,2,1,0,1
26698,26703,6,5,0,1
26718,26723,6,5,0,1
26754,26756,3,2,0,1
26770,26773,4,3,0,1
26774,26775,2,1,0,1
26779,26780,2,1,0,1
26786,26792,7,5,1,1
26831,26836,6,5,0,1
26842,26845,4,3,0,1
26911,26913,3,2,0,1
26968,26971,4,3,0,1
26979,26983,5,3,1,1
26987,26992,6,5,0,1
26997,27000,4,3,0,1
27079,27083,5,4,0,1
27089,27092,4,3,0,1
27111,27114,4,3,0,1
27154,27159,6,3,2,1
27174,27177,4,3,0,1
27221,27224,4,3,0,1
27228,27229,2,1,0,1
27283,27286,4,3,0,1
27316,27319,4,3,0,1
27359,27362,4,2,1,1
27402,27406,5,3,0,2
27408,27412,5,4,0,1
27430,27434,5,4,0,1
27466,27468,3,2,0,1
27480,27487,8,4,3,1
27544,27548,5,2,2,1
27556,27557,2,1,0,1
27571,27574,4,3,0,1
27577,27578,2,1,0,1
27587,27591,5,4,0,1
27613,27615,3,2,0,1
27700,27702,3,1,1,1
27709,27714,6,5,0,1
27715,27716,2,1,0,1
27727,27731,5,3,1,1
27732,27737,6,3,2,1
27770,27773,4,2,0,2
27799,27801,3,2,0,1
27834,27836,3,2,0,1
27837,27838,2,1,0,1
27849,27850,2,1,0,1
27851,27854,4,2,1,1
27864,27865,2,1,0,1
27873,27875,3,2,0,1
27889,27891,3,2,0,1
27914,27915,2,1,0,1
28014,28015,2,1,0,1
28016,28022,7,5,1,1
28040,28043,4,3,0,1
28061,28066,6,4,1,1
28084,28089,6,4,1,1
28123,28129,7,3,3,1
28141,28145,5,4,0,1
28160,28164,5,4,0,1
28219,28221,3,2,0,1
28222,28225,4,1,1,2
28255,28257,3,2,0,1
28291,28296,6,5,0,1
28297,28301,5,4,0,1
28317,28319,3,2,0,1
28368,28370,3,2,0,1
28388,28391,4,3,0,1
28392,28393,2,1,0,1
28422,28423,2,1,0,1
28454,28455,2,1,0,1
28461,28462,2,1,0,1
28548,28550,3,1,1,1
28554,28555,2,1,0,1
28577,28579,3,2,0,1
28590,28593,4,3,0,1
28596,28602,7,5,1,1
28605,28610,6,5,0,1
28625,28627,3,1,0,2
28630,28631,2,1,0,1
28667,28671,5,3,1,1
28674,28678,5,2,2,1
28709,28712,4,3,0,1
28714,28717,4,3,0,1
28727,28729,3,1,1,1
28730,28735,6,3,2,1
28746,28747,2,1,0,1
28760,28761,2,1,0,1
28773,28775,3,2,0,1
28832,28836,5,3,1,1
28839,28842,4,2,1,1
28896,28897,2,1,0,1
28925,28926,2,1,0,1
28961,28964,4,3,0,1
29002,29004,3,2,0,1
29048,29053,6,3,2,1
29073,29079,7,4,1,2
29113,29115,3,2,0,1
29128,29131,4,1,2,1
29154,29155,2,1,0,1
29198,29201,4,1,2,1
29244,29247,4,3,0,1
29248,29250,3,1,0,2
29291,29292,2,1,0,1
29326,29328,3,2,0,1
29334,29338,5,4,0,1
29346,29347,2,1,0,1
29366,29367,2,1,0,1
29386,29390,5,4,0,1
29402,29406,5,3,1,1
29434,29435,2,1,0,1
29443,29446,4,2,1,1
29447,29452,6,4,1,1
29454,29457,4,3,0,1
29458,29460,3,2,0,1
29472,29477,6,5,0,1
29480,29483,4,2,0,2
29540,29542,3,2,0,1
29543,29548,6,5,0,1
29556,29557,2,1,0,1
29561,29566,6,5,0,1
29623,29624,2,1,0,1
29625,29626,2,1,0,1
29630,29635,6,5,0,1
29660,29664,5,3,1,1
29676,29681,6,5,0,1
29683,29687,5,2,2,1
29688,29691,4,3,0,1
29692,29695,4,2,1,1
29734,29740,7,5,1,1
29765,29767,3,2,0,1
29791,29795,5,4,0,1
29796,29802,7,5,1,1
29808,29809,2,1,0,1
29820,29822,3,2,0,1
29823,29825,3,2,0,1
29829,29830,2,1,0,1
29845,29847,3,2,0,1
29865,29867,3,2,0,1
29925,29927,3,2,0,1
29941,29943,3,1,1,1
29955,29957,3,2,0,1
29960,29961,2,1,0,1
30013,30016,4,1,2,1
30017,30018,2,1,0,1
30019,30020,2,1,0,1
30021,30023,3,2,0,1
30043,30044,2,1,0,1
30045,30047,3,1,1,1
30048,30051,4,3,0,1
30101,30105,5,3,1,1
30113,30118,6,5,0,1
30126,30128,3,2,0,1
30129,30131,3,1,1,1
30145,30146,2,1,0,1
30159,30164,6,4,1,1
30177,30179,3,2,0,1
30196,30198,3,2,0,1
30201,30202,2,1,0,1
30215,30221,7,5,1,1
30238,30244,7,5,1,1
30264,30267,4,2,1,1
30310,30313,4,3,0,1
30314,30315,2,1,0,1
30334,30339,6,5,0,1
30343,30348,6,3,2,1
30352,30353,2,1,0,1
30361,30365,5,3,1,1
30394,30395,2,1,0,1
30406,30407,2,1,0,1
30418,30422,5,3,1,1
30423,30425,3,2,0,1
30434,30439,6,5,0,1
30499,30503,5,4,0,1
30505,30507,3,2,0,1
30509,30512,4,3,0,1
30516,30520,5,4,0,1
30537,30539,3,2,0,1
30569,30576,8,5,2,1
30577,30579,3,1,1,1
30594,30595,2,1,0,1
30650,30651,2,1,0,1
30659,30660,2,1,0,1
30667,30668,2,1,0,1
30669,30674,6,5,0,1
30699,30704,6,5,0,1
30709,30713,5,3,1,1
30764,30768,5,4,0,1
30772,30773,2,1,0,1
30812,30814,3,2,0,1
30820,30825,6,5,0,1
30845,30850,6,4,1,1
30855,30857,3,2,0,1
30879,30884,6,5,0,1
30890,30895,6,5,0,1
30906,30907,2,1,0,1
30913,30916,4,2,0,2
30917,30919,3,1,1,1
30956,30958,3,2,0,1
30960,30963,4,3,0,1
30988,30990,3,1,1,1
30999,31002,4,3,0,1
31015,31017,3,2,0,1
31029,31031,3,2,0,1
31082,31086,5,3,0,2
31108,31110,3,2,0,1
31115,31116,2,1,0,1
31132,31133,2,1,0,1
31150,31155,6,5,0,1
31163,31166,4,1,2,1
31206,31211,6,2,3,1
31227,31234,8,5,2,1
31235,31239,5,4,0,1
31240,31245,6,5,0,1
31339,31341,3,2,0,1
31347,31348,2,1,0,1
31365,31366,2,1,0,1
31369,31373,5,3,1,1
31376,31378,3,1,1,1
31383,31386,4,3,0,1
31388,31389,2,1,0,1
31409,31410,2,1,0,1
31411,31414,4,2,0,2
31419,31421,3,2,0,1
31438,31440,3,1,1,1
31446,31448,3,2,0,1
31453,31455,3,1,1,1
31460,31461,2,1,0,1
31498,31499,2,1,0,1
31506,31511,6,5,0,1
31541,31542,2,1,0,1
31561,31563,3,1,1,1
31587,31588,2,1,0,1
31592,31593,2,1,0,1
31599,31602,4,3,0,1
31609,31610,2,1,0,1
31625,31626,2,1,0,1
31629,31633,5,3,1,1
31648,31650,3,2,0,1
31654,31657,4,3,0,1
31661,31663,3,2,0,1
31672,31675,4,2,0,2
31686,31688,3,2,0,1
31700,31702,3,1,1,1
31703,31705,3,2,0,1
31709,31714,6,5,0,1
31717,31720,4,3,0,1
31731,31736,6,5,0,1
31743,31744,2,1,0,1
31749,31754,6,3,2,1
31757,31760,4,3,0,1
31766,31770,5,4,0,1
31788,31792,5,3,1,1
31821,31824,4,2,0,2
31825,31829,5,4,0,1
31830,31831,2,1,0,1
31833,31836,4,3,0,1
31855,31858,4,2,1,1
31861,31862,2,1,0,1
31880,31881,2,1,0,1
31882,31885,4,3,0,1
31966,31969,4,2,1,1
31995,31998,4,3,0,1
32006,32007,2,1,0,1
32034,32037,4,3,0,1
32047,32048,2,1,0,1
32049,32054,6,5,0,1
32060,32062,3,2,0,1
32063,32067,5,4,0,1
32098,32101,4,2,1,1
32121,32125,5,4,0,1
32143,32148,6,5,0,1
32171,32176,6,5,0,1
32177,32178,2,1,0,1
32207,32209,3,2,0,1
32259,32267,9,5,1,3
32344,32348,5,3,1,1
32374,32375,2,1,0,1
32376,32378,3,2,0,1
32387,32388,2,1,0,1
32389,32390,2,1,0,1
32392,32394,3,2,0,1
32405,32410,6,5,0,1
32415,32418,4,3,0,1
32443,32447,5,4,0,1
32520,32522,3,1,1,1
32539,32541,3,1,0,2
32557,32559,3,1,1,1
32566,32569,4,2,0,2
32575,32576,2,1,0,1
32595,32597,3,1,1,1
32598,32600,3,2,0,1
32605,32610,6,2,2,2
32637,32639,3,1,1,1
32659,32663,5,4,0,1
32709,32711,3,1,1,1
32733,32736,4,3,0,1
32737,32740,4,3,0,1
32774,32776,3,1,1,1
32787,32789,3,1,1,1
32790,32792,3,2,0,1
32808,32810,3,1,1,1
32819,32820,2,1,0,1
32835,32839,5,2,1,2
32849,32854,6,5,0,1
32859,32861,3,1,1,1
32864,32865,2,1,0,1
32886,32888,3,1,1,1
32889,32892,4,2,1,1
32947,32948,2,1,0,1
32949,32950,2,1,0,1
32962,32963,2,1,0,1
32967,32969,3,2,0,1
32994,32997,4,3,0,1
33000,33004,5,4,0,1
33036,33037,2,1,0,1
33057,33060,4,2,1,1
33118,33120,3,2,0,1
33137,33140,4,3,0,1
33147,33148,2,1,0,1
33173,33174,2,1,0,1
33183,33188,6,5,0,1
33200,33203,4,3,0,1
33214,33216,3,2,0,1
33218,33220,3,2,0,1
33234,33237,4,1,1,2
33238,33239,2,1,0,1
33260,33266,7,4,2,1
33271,33274,4,2,1,1
33281,33282,2,1,0,1
33292,33295,4,2,1,1
33310,33312,3,2,0,1
33328,33332,5,3,1,1
33333,33334,2,1,0,1
33349,33354,6,5,0,1
33357,33362,6,5,0,1
33366,33368,3,2,0,1
33378,33381,4,2,1,1
33382,33385,4,3,0,1
33392,33397,6,4,1,1
33406,33409,4,3,0,1
33421,33422,2,1,0,1
33425,33430,6,5,0,1
33434,33435,2,1,0,1
33438,33441,4,1,2,1
33497,33498,2,1,0,1
33500,33503,4,3,0,1
33515,33519,5,3,1,1
33520,33521,2,1,0,1
33540,33541,2,1,0,1
33555,33557,3,2,0,1
33596,33598,3,1,1,1
33606,33608,3,1,1,1
33614,33615,2,1,0,1
33624,33626,3,1,1,1
33676,33680,5,4,0,1
33698,33699,2,1,0,1
33707,33708,2,1,0,1
33732,33734,3,1,1,1
33750,33754,5,2,2,1
33775,33778,4,1,2,1
33783,33784,2,1,0,1
33792,33796,5,2,1,2
33811,33812,2,1,0,1
33813,33816,4,2,0,2
33823,33827,5,1,3,1
33842,33843,2,1,0,1
33852,33856,5,2,1,2
33875,33878,4,1,2,1
33881,33885,5,1,3,1
33891,33893,3,1,1,1
33900,33902,3,1,0,2
33903,33904,2,1,0,1
33916,33922,7,1,5,1
33950,33953,4,2,1,1
33965,33967,3,1,1,1
33976,33979,4,1,1,2
33981,33984,4,1,2,1
33991,33999,9,2,4,3
34013,34015,3,1,1,1
34023,34024,2,1,0,1
34035,34040,6,1,2,3
34064,34067,4,2,1,1
34068,34072,5,2,1,2
34093,34096,4,1,2,1
34112,34113,2,1,0,1
34160,34162,3,1,0,2
34163,34167,5,2,1,2
34173,34177,5,1,1,3
34180,34181,2,1,0,1
34186,34188,3,1,1,1
34190,34191,2,1,0,1
34192,34194,3,1,0,2
34208,34209,2,1,0,1
34220,34222,3,2,0,1
34231,34233,3,2,0,1
34235,34242,8,2,3,3
34251,34255,5,1,0,4
34265,34267,3,1,1,1
34276,34278,3,1,0,2
34290,34293,4,2,1,1
34294,34298,5,1,0,4
34317,34322,6,2,1,3
34323,34325,3,1,1,1
34328,34329,2,1,0,1
34347,34352,6,1,2,3
34354,34358,5,1,3,1
34375,34379,5,3,1,1
34399,34403,5,1,1,3
34419,34421,3,2,0,1
34435,34439,5,1,3,1
34465,34467,3,1,1,1
34476,34477,2,1,0,1
34485,34486,2,1,0,1
34492,34494,3,1,1,1
34524,34526,3,2,0,1
34531,34532,2,1,0,1
34556,34558,3,1,1,1
34592,34593,2,1,0,1
34596,34598,3,2,0,1
34601,34602,2,1,0,1
34612,34615,4,1,1,2
34624,34628,5,1,0,4
34630,34633,4,1,2,1
34659,34661,3,1,1,1
34670,34671,2,1,0,1
34717,34718,2,1,0,1
34728,34732,5,1,1,3
34747,34750,4,3,0,1
34801,34804,4,2,1,1
34807,34808,2,1,0,1
34812,34813,2,1,0,1
34827,34831,5,2,2,1
34844,34846,3,1,0,2
34863,34864,2,1,0,1
34880,34882,3,2,0,1
34891,34894,4,1,1,2
34912,34913,2,1,0,1
34955,34957,3,1,1,1
34958,34960,3,1,1,1
34976,34977,2,1,0,1
34986,34988,3,1,0,2
35002,35003,2,1,0,1
35029,35031,3,1,0,2
35045,35046,2,1,0,1
35053,35056,4,2,1,1
35105,35106,2,1,0,1
35124,35125,2,1,0,1
35127,35129,3,2,0,1
35158,35160,3,1,1,1
35162,35163,2,1,0,1
35176,35178,3,1,0,2
35198,35200,3,1,0,2
35211,35216,6,1,2,3
35234,35235,2,1,0,1
35265,35266,2,1,0,1
35267,35268,2,1,0,1
35269,35270,2,1,0,1
35288,35291,4,1,1,2
35306,35309,4,1,2,1
35330,35333,4,1,2,1
35334,35335,2,1,0,1
35378,35380,3,1,0,2
35394,35395,2,1,0,1
35417,35419,3,1,1,1
35457,35459,3,2,0,1
35466,35467,2,1,0,1
35493,35496,4,2,0,2
35499,35500,2,1,0,1
35578,35581,4,1,0,3
35582,35586,5,2,1,2
35589,35592,4,2,1,1
35597,35599,3,1,1,1
35619,35620,2,1,0,1
35621,35623,3,1,0,2
35624,35626,3,1,1,1
35642,35644,3,1,1,1
35650,35651,2,1,0,1
35652,35655,4,2,0,2
35667,35669,3,2,0,1
35679,35680,2,1,0,1
35699,35700,2,1,0,1
35746,35747,2,1,0,1
35782,35786,5,1,3,1
35788,35789,2,1,0,1
35795,35797,3,1,1,1
35802,35804,3,1,0,2
35839,35842,4,1,1,2
35860,35863,4,1,1,2
35887,35889,3,1,0,2
35927,35929,3,2,0,1
35931,35937,7,1,5,1
35950,35951,2,1,0,1
35957,35959,3,1,1,1
35975,35979,5,2,1,2
35986,35987,2,1,0,1
36007,36008,2,1,0,1
36054,36055,2,1,0,1
36082,36084,3,1,0,2
36123,36124,2,1,0,1
36134,36135,2,1,0,1
36147,36148,2,1,0,1
36175,36179,5,2,0,3
36207,36209,3,2,0,1
36289,36291,3,1,1,1
36298,36302,5,1,2,2
36360,36363,4,2,0,2
36369,36370,2,1,0,1
36373,36375,3,1,1,1
36393,36396,4,1,1,2
36440,36442,3,1,1,1
36470,36471,2,1,0,1
36505,36506,2,1,0,1
36542,36545,4,2,1,1
36568,36570,3,1,1,1
36615,36617,3,1,0,2
36631,36634,4,1,2,1
36635,36639,5,3,0,2
36659,36662,4,2,1,1
36669,36670,2,1,0,1
36677,36678,2,1,0,1
36679,36680,2,1,0,1
36703,36706,4,2,1,1
36713,36714,2,1,0,1
36732,36734,3,1,1,1
36772,36776,5,1,1,3
36842,36843,2,1,0,1
36846,36847,2,1,0,1
36858,36860,3,1,0,2
36920,36921,2,1,0,1
36928,36931,4,1,1,2
36945,36947,3,1,0,2
37004,37006,3,1,1,1
37039,37043,5,1,3,1
37114,37115,2,1,0,1
37131,37135,5,2,1,2
37197,37201,5,2,1,2
37202,37206,5,1,3,1
37207,37208,2,1,0,1
37251,37253,3,1,0,2
37256,37257,2,1,0,1
37268,37270,3,1,1,1
37282,37284,3,1,1,1
37304,37305,2,1,0,1
37339,37340,2,1,0,1
37342,37345,4,1,2,1
37353,37355,3,1,0,2
37393,37396,4,1,1,2
37413,37414,2,1,0,1
37416,37418,3,1,1,1
37434,37436,3,1,0,2
37437,37438,2,1,0,1
37477,37478,2,1,0,1
37491,37493,3,2,0,1
37511,37514,4,3,0,1
37529,37530,2,1,0,1
37560,37561,2,1,0,1
37587,37589,3,2,0,1
37608,37612,5,1,3,1
37627,37630,4,2,1,1
37695,37697,3,1,0,2
37701,37702,2,1,0,1
37742,37745,4,1,1,2
37749,37755,7,2,2,3
37775,37777,3,1,1,1
37791,37793,3,1,0,2
37797,37799,3,1,0,2
37800,37801,2,1,0,1
37856,37859,4,2,0,2
37879,37880,2,1,0,1
37897,37898,2,1,0,1
37900,37902,3,1,0,2
37982,37986,5,2,2,1
37993,37994,2,1,0,1
38002,38003,2,1,0,1
38016,38017,2,1,0,1
38019,38020,2,1,0,1
38067,38069,3,1,0,2
38074,38075,2,1,0,1
38088,38089,2,1,0,1
38112,38115,4,3,0,1
38158,38161,4,1,1,2
38169,38171,3,2,0,1
38172,38174,3,2,0,1
38262,38263,2,1,0,1
38267,38272,6,1,3,2
38281,38282,2,1,0,1
38296,38297,2,1,0,1
38315,38317,3,2,0,1
38329,38330,2,1,0,1
38345,38348,4,1,1,2
38349,38352,4,1,0,3
38419,38420,2,1,0,1
38423,38425,3,1,1,1
38431,38432,2,1,0,1
38436,38438,3,2,0,1
38472,38474,3,1,0,2
38489,38490,2,1,0,1
38507,38509,3,1,1,1
38563,38566,4,1,0,3
38594,38597,4,1,1,2
38599,38601,3,1,0,2
38655,38656,2,1,0,1
38677,38678,2,1,0,1
38679,38682,4,1,2,1
38699,38700,2,1,0,1
38724,38726,3,1,1,1
38771,38773,3,2,0,1
38775,38777,3,1,0,2
38787,38788,2,1,0,1
38792,38794,3,1,1,1
38814,38818,5,4,0,1
38819,38820,2,1,0,1
38877,38878,2,1,0,1
38906,38908,3,2,0,1
38965,38966,2,1,0,1
38972,38974,3,2,0,1
38978,38980,3,2,0,1
39023,39025,3,1,1,1
39030,39032,3,2,0,1
39037,39038,2,1,0,1
39049,39056,8,1,3,4
39071,39072,2,1,0,1
39092,39095,4,1,1,2
39125,39127,3,1,1,1
39187,39191,5,1,2,2
39197,39198,2,1,0,1
39209,39215,7,3,3,1
39216,39220,5,2,1,2
39231,39233,3,2,0,1
39252,39260,9,3,4,2
39275,39276,2,1,0,1
39297,39299,3,1,0,2
39304,39305,2,1,0,1
39341,39343,3,1,1,1
39356,39358,3,2,0,1
39383,39386,4,1,1,2
39399,39400,2,1,0,1
39410,39414,5,2,2,1
39415,39416,2,1,0,1
39438,39439,2,1,0,1
39473,39475,3,2,0,1
39512,39515,4,1,2,1
39526,39527,2,1,0,1
39528,39531,4,1,1,2
39608,39610,3,1,0,2
39631,39632,2,1,0,1
39655,39656,2,1,0,1
39722,39724,3,2,0,1
39776,39777,2,1,0,1
39840,39841,2,1,0,1
39846,39848,3,1,0,2
39883,39884,2,1,0,1
39899,39901,3,1,0,2
39933,39934,2,1,0,1
39954,39956,3,2,0,1
39978,39988,11,2,7,2
39997,39998,2,1,0,1
40027,40028,2,1,0,1
40030,40032,3,1,0,2
40039,40040,2,1,0,1
40058,40059,2,1,0,1
40064,40067,4,2,0,2
40078,40080,3,1,1,1
40109,40110,2,1,0,1
40126,40128,3,1,0,2
40130,40131,2,1,0,1
40183,40184,2,1,0,1
40185,40189,5,2,0,3
40204,40205,2,1,0,1
40219,40223,5,1,2,2
40236,40237,2,1,0,1
40246,40247,2,1,0,1
40255,40257,3,1,0,2
40285,40286,2,1,0,1
40287,40290,4,1,2,1
40333,40334,2,1,0,1
40337,40338,2,1,0,1
40352,40356,5,1,3,1
40362,40367,6,2,1,3
40388,40391,4,2,0,2
40462,40463,2,1,0,1
40483,40484,2,1,0,1
40501,40502,2,1,0,1
40506,40507,2,1,0,1
40513,40515,3,2,0,1
40544,40546,3,1,1,1
40602,40605,4,2,1,1
40634,40636,3,1,0,2
40641,40644,4,2,0,2
40661,40663,3,1,0,2
40708,40709,2,1,0,1
40775,40777,3,2,0,1
40785,40786,2,1,0,1
40819,40820,2,1,0,1
40825,40826,2,1,0,1
40860,40861,2,1,0,1
40913,40915,3,1,1,1
40935,40936,2,1,0,1
40976,40978,3,1,0,2
40984,40985,2,1,0,1
40986,40987,2,1,0,1
40991,40992,2,1,0,1
41033,41034,2,1,0,1
41044,41046,3,2,0,1
41085,41086,2,1,0,1
41101,41102,2,1,0,1
41118,41121,4,1,1,2
41124,41127,4,1,2,1
41137,41139,3,1,1,1
41184,41186,3,2,0,1
41236,41239,4,2,0,2
41251,41253,3,1,0,2
41291,41292,2,1,0,1
41313,41314,2,1,0,1
41325,41326,2,1,0,1
41348,41349,2,1,0,1
41358,41359,2,1,0,1
41362,41363,2,1,0,1
41378,41379,2,1,0,1
41393,41396,4,2,0,2
41399,41400,2,1,0,1
41403,41404,2,1,0,1
41423,41426,4,2,1,1
41427,41428,2,1,0,1
41433,41437,5,1,3,1
41439,41443,5,1,2,2
41457,41459,3,1,1,1
41462,41465,4,1,2,1
41511,41513,3,1,0,2
41520,41522,3,1,1,1
41553,41555,3,2,0,1
41567,41569,3,1,1,1
41570,41576,7,2,3,2
41628,41630,3,2,0,1
41640,41642,3,1,0,2
41646,41649,4,1,0,3
41674,41675,2,1,0,1
41691,41693,3,1,0,2
41711,41712,2,1,0,1
41748,41750,3,1,1,1
41753,41754,2,1,0,1
41755,41756,2,1,0,1
41787,41788,2,1,0,1
41795,41797,3,1,0,2
41812,41814,3,1,0,2
41848,41849,2,1,0,1
41857,41858,2,1,0,1
41866,41868,3,2,0,1
41878,41879,2,1,0,1
41895,41898,4,1,1,2
41915,41917,3,1,1,1
41930,41931,2,1,0,1
42050,42052,3,1,0,2
42067,42069,3,1,1,1
42075,42076,2,1,0,1
42164,42165,2,1,0,1
42183,42184,2,1,0,1
42189,42191,3,1,1,1
42203,42205,3,1,1,1
42226,42227,2,1,0,1
42233,42235,3,1,1,1
42253,42257,5,1,3,1
42300,42303,4,1,2,1
42304,42307,4,1,2,1
42357,42365,9,1,6,2
42367,42369,3,1,1,1
42372,42377,6,1,1,4
42384,42385,2,1,0,1
42394,42396,3,1,1,1
42397,42401,5,1,2,2
42405,42409,5,1,3,1
42417,42421,5,1,1,3
42422,42425,4,1,2,1
42426,42428,3,1,0,2
42429,42430,2,1,0,1
42434,42437,4,1,0,3
42445,42446,2,1,0,1
42447,42448,2,1,0,1
42457,42460,4,2,1,1
42483,42484,2,1,0,1
42504,42505,2,1,0,1
42506,42510,5,3,1,1
42524,42527,4,1,2,1
42528,42530,3,1,0,2
42545,42547,3,1,1,1
42549,42550,2,1,0,1
42564,42567,4,2,0,2
42569,42573,5,1,2,2
42576,42580,5,1,0,4
42589,42592,4,2,0,2
42593,42594,2,1,0,1
42601,42603,3,2,0,1
42613,42617,5,1,1,3
42629,42630,2,1,0,1
42642,42643,2,1,0,1
42644,42646,3,1,0,2
42657,42662,6,1,3,2
42672,42673,2,1,0,1
42676,42677,2,1,0,1
42679,42680,2,1,0,1
42694,42695,2,1,0,1
42700,42704,5,2,0,3
42705,42707,3,1,1,1
42718,42720,3,1,0,2
42733,42734,2,1,0,1
42738,42740,3,2,0,1
42761,42762,2,1,0,1
42769,42770,2,1,0,1
42779,42780,2,1,0,1
42807,42810,4,1,1,2
42831,42835,5,2,2,1
42843,42847,5,1,2,2
42862,42863,2,1,0,1
42867,42870,4,1,2,1
42873,42875,3,1,0,2
42878,42881,4,3,0,1
42882,42883,2,1,0,1
42895,42897,3,1,1,1
42907,42910,4,1,0,3
42911,42912,2,1,0,1
42919,42920,2,1,0,1
42923,42925,3,1,1,1
42932,42936,5,1,3,1
42959,42960,2,1,0,1
42973,42976,4,1,1,2
42977,42981,5,2,1,2
42982,42983,2,1,0,1
42992,42994,3,1,0,2
43005,43007,3,2,0,1
43014,43016,3,1,0,2
43028,43031,4,2,1,1
43042,43045,4,1,2,1
43117,43119,3,1,1,1
43126,43128,3,1,0,2
43139,43141,3,1,1,1
43171,43172,2,1,0,1
43212,43213,2,1,0,1
43225,43228,4,1,2,1
43240,43241,2,1,0,1
43262,43263,2,1,0,1
43302,43309,8,1,6,1
43328,43330,3,1,1,1
43337,43338,2,1,0,1
43352,43355,4,2,0,2
43399,43400,2,1,0,1
43422,43424,3,1,0,2
43425,43428,4,1,2,1
43429,43430,2,1,0,1
43434,43437,4,2,1,1
43446,43447,2,1,0,1
43448,43450,3,1,0,2
43453,43456,4,1,1,2
43468,43471,4,1,2,1
43500,43503,4,1,0,3
43509,43510,2,1,0,1
43517,43521,5,1,2,2
43547,43548,2,1,0,1
43553,43554,2,1,0,1
43573,43575,3,2,0,1
43594,43596,3,1,1,1
43599,43600,2,1,0,1
43620,43622,3,1,1,1
43624,43625,2,1,0,1
43651,43654,4,1,2,1
43658,43659,2,1,0,1
43664,43666,3,1,1,1
43695,43698,4,1,0,3
43699,43701,3,2,0,1
43714,43719,6,2,3,1
43729,43733,5,2,0,3
43746,43749,4,1,1,2
43751,43753,3,2,0,1
43768,43770,3,1,0,2
43775,43777,3,1,1,1
43786,43789,4,1,1,2
43793,43794,2,1,0,1
43798,43799,2,1,0,1
43834,43835,2,1,0,1
43851,43856,6,2,3,1
43917,43921,5,1,3,1
43943,43947,5,1,2,2
43954,43956,3,1,1,1
43957,43958,2,1,0,1
43961,43964,4,1,2,1
43994,43995,2,1,0,1
44047,44050,4,2,1,1
44051,44052,2,1,0,1
44053,44056,4,1,0,3
44077,44078,2,1,0,1
44086,44087,2,1,0,1
44089,44092,4,1,0,3
44128,44131,4,2,0,2
44137,44138,2,1,0,1
44148,44149,2,1,0,1
44150,44151,2,1,0,1
44199,44200,2,1,0,1
44202,44204,3,1,0,2
44226,44227,2,1,0,1
44242,44243,2,1,0,1
44251,44252,2,1,0,1
44267,44269,3,1,1,1
44304,44307,4,1,1,2
44323,44326,4,1,0,3
44384,44387,4,1,2,1
44399,44402,4,2,1,1
44430,44433,4,3,0,1
44437,44439,3,1,1,1
44448,44450,3,1,1,1
44455,44458,4,2,0,2
44473,44474,2,1,0,1
44481,44482,2,1,0,1
44498,44499,2,1,0,1
44508,44509,2,1,0,1
44514,44516,3,2,0,1
44534,44536,3,2,0,1
44592,44594,3,1,1,1
44603,44605,3,1,1,1
44627,44628,2,1,0,1
44639,44640,2,1,0,1
44647,44648,2,1,0,1
44652,44654,3,1,1,1
44657,44659,3,2,0,1
44677,44679,3,1,0,2
44683,44685,3,1,1,1
44724,44725,2,1,0,1
44735,44739,5,2,1,2
44759,44761,3,1,0,2
44765,44766,2,1,0,1
44768,44769,2,1,0,1
44791,44794,4,1,2,1
44798,44800,3,1,1,1
44811,44813,3,1,1,1
44833,44834,2,1,0,1
44845,44847,3,1,1,1
44903,44909,7,1,5,1
44930,44931,2,1,0,1
44967,44972,6,2,3,1
44977,44979,3,1,0,2
44999,45001,3,1,0,2
45046,45051,6,1,2,3
45071,45073,3,1,1,1
45125,45126,2,1,0,1
45146,45149,4,1,0,3
45170,45171,2,1,0,1
45174,45175,2,1,0,1
45189,45190,2,1,0,1
45194,45197,4,1,2,1
45207,45208,2,1,0,1
45222,45226,5,1,2,2
45231,45232,2,1,0,1
45241,45244,4,1,2,1
45265,45266,2,1,0,1
45273,45274,2,1,0,1
45299,45301,3,1,1,1
45337,45338,2,1,0,1
45348,45350,3,1,0,2
45351,45352,2,1,0,1
45389,45391,3,1,1,1
45395,45398,4,1,2,1
45399,45401,3,2,0,1
45402,45405,4,1,2,1
45412,45414,3,1,1,1
45457,45459,3,1,1,1
45502,45504,3,1,1,1
45525,45526,2,1,0,1
45552,45555,4,1,2,1
45568,45571,4,1,2,1
45595,45596,2,1,0,1
45646,45647,2,1,0,1
45651,45652,2,1,0,1
45677,45679,3,2,0,1
45680,45682,3,1,0,2
45692,45693,2,1,0,1
45703,45704,2,1,0,1
45706,45707,2,1,0,1
45712,45714,3,1,1,1
45727,45731,5,1,2,2
45732,45734,3,1,0,2
45753,45754,2,1,0,1
45781,45783,3,1,0,2
45788,45792,5,1,3,1
45805,45809,5,3,0,2
45810,45812,3,1,1,1
45880,45883,4,1,1,2
45901,45903,3,1,1,1
45912,45914,3,1,0,2
45925,45927,3,1,0,2
45971,45973,3,1,0,2
46010,46011,2,1,0,1
46072,46073,2,1,0,1
46098,46100,3,1,1,1
46103,46105,3,1,1,1
46118,46120,3,1,1,1
46124,46125,2,1,0,1
46128,46132,5,1,3,1
46138,46141,4,1,0,3
46147,46152,6,1,4,1
46180,46183,4,2,1,1
46185,46187,3,1,1,1
46200,46202,3,1,0,2
46224,46227,4,2,1,1
46248,46249,2,1,0,1
46263,46264,2,1,0,1
46277,46279,3,1,0,2
46294,46295,2,1,0,1
46408,46409,2,1,0,1
46412,46413,2,1,0,1
46432,46436,5,1,3,1
46437,46438,2,1,0,1
46474,46475,2,1,0,1
46537,46542,6,2,3,1
46543,46546,4,2,1,1
46603,46604,2,1,0,1
46612,46613,2,1,0,1
46616,46618,3,1,1,1
46637,46639,3,2,0,1
46653,46654,2,1,0,1
46675,46676,2,1,0,1
46688,46690,3,1,0,2
46698,46700,3,1,1,1
46701,46702,2,1,0,1
46754,46755,2,1,0,1
46756,46760,5,3,1,1
46769,46771,3,2,0,1
46827,46828,2,1,0,1
46835,46837,3,1,1,1
46898,46899,2,1,0,1
46904,46908,5,3,1,1
46912,46917,6,3,1,2
46926,46927,2,1,0,1
47018,47020,3,1,1,1
47041,47044,4,1,0,3
47050,47052,3,2,0,1
47084,47087,4,3,0,1
47117,47119,3,1,1,1
47157,47159,3,1,0,2
47163,47164,2,1,0,1
47171,47173,3,1,1,1
47177,47178,2,1,0,1
47225,47228,4,1,1,2
47249,47250,2,1,0,1
47258,47260,3,1,0,2
47317,47320,4,1,0,3
47331,47335,5,2,2,1
47336,47337,2,1,0,1
47346,47348,3,2,0,1
47355,47357,3,1,0,2
47369,47371,3,1,1,1
47453,47455,3,1,0,2
47474,47477,4,2,0,2
47561,47565,5,1,3,1
47579,47580,2,1,0,1
47590,47592,3,1,1,1
47691,47695,5,3,0,2
47719,47721,3,1,0,2
47728,47730,3,1,0,2
47815,47816,2,1,0,1
47818,47820,3,1,1,1
47858,47859,2,1,0,1
47868,47873,6,3,1,2
47891,47892,2,1,0,1
47895,47900,6,2,2,2
47904,47906,3,2,0,1
47913,47914,2,1,0,1
47917,47920,4,2,1,1
47926,47927,2,1,0,1
47932,47933,2,1,0,1
47934,47935,2,1,0,1
47939,47940,2,1,0,1
47961,47964,4,2,1,1
47968,47971,4,3,0,1
48002,48005,4,3,0,1
48006,48010,5,3,0,2
48020,48022,3,1,1,1
48063,48066,4,1,1,2
48135,48136,2,1,0,1
48182,48183,2,1,0,1
48215,48216,2,1,0,1
48228,48230,3,2,0,1
48271,48272,2,1,0,1
48459,48463,5,1,0,4
48469,48470,2,1,0,1
48565,48566,2,1,0,1
48571,48572,2,1,0,1
48645,48647,3,1,0,2
48704,48705,2,1,0,1
48863,48865,3,1,1,1
48878,48879,2,1,0,1
48908,48910,3,1,0,2
48938,48940,3,1,0,2
48946,48950,5,1,1,3
48952,48954,3,1,0,2
48955,48957,3,1,1,1
49011,49012,2,1,0,1
49057,49058,2,1,0,1
49074,49075,2,1,0,1
49088,49091,4,1,1,2
49092,49094,3,1,0,2
49113,49114,2,1,0,1
49121,49123,3,1,0,2
49130,49134,5,1,0,4
49143,49144,2,1,0,1
49205,49209,5,3,0,2
49223,49225,3,1,1,1
49252,49257,6,1,1,4
49262,49264,3,2,0,1
49265,49267,3,2,0,1
49288,49289,2,1,0,1
49290,49292,3,2,0,1
49294,49298,5,1,0,4
49323,49327,5,2,2,1
49328,49329,2,1,0,1
49342,49343,2,1,0,1
49381,49382,2,1,0,1
49388,49390,3,1,0,2
49391,49392,2,1,0,1
49393,49394,2,1,0,1
49405,49409,5,3,0,2
49426,49431,6,5,0,1
49512,49513,2,1,0,1
49514,49516,3,2,0,1
49518,49521,4,1,2,1
49525,49527,3,1,1,1
49582,49584,3,1,1,1
49676,49678,3,1,0,2
49683,49684,2,1,0,1
49691,49694,4,1,1,2
49696,49701,6,1,2,3
49705,49706,2,1,0,1
49711,49715,5,1,3,1
49716,49728,13,1,3,9
49730,49733,4,1,0,3
49734,49739,6,2,1,3
49759,49760,2,1,0,1
49772,49774,3,1,1,1
49816,49820,5,1,3,1
49836,49840,5,1,3,1
49860,49861,2,1,0,1
49868,49870,3,1,1,1
49891,49893,3,1,1,1
49903,49906,4,1,2,1
49953,49955,3,1,1,1
49963,49965,3,1,1,1
49985,49987,3,1,0,2
50057,50059,3,1,0,2
50072,50077,6,1,0,5
50079,50080,2,1,0,1
50152,50153,2,1,0,1
50239,50246,8,1,1,6
50247,50248,2,1,0,1
50272,50275,4,2,0,2
50396,50397,2,1,0,1
50424,50425,2,1,0,1
50435,50437,3,1,1,1
50465,50469,5,1,0,4
50503,50505,3,1,0,2
50517,50519,3,2,0,1
50586,50588,3,2,0,1
50595,50601,7,1,5,1
50660,50661,2,1,0,1
50664,50666,3,1,1,1
50670,50673,4,2,1,1
50757,50759,3,2,0,1
50764,50765,2,1,0,1
50859,50861,3,2,0,1
51075,51077,3,1,1,1
51092,51093,2,1,0,1
51103,51108,6,1,0,5
51128,51129,2,1,0,1
51138,51139,2,1,0,1
51142,51144,3,2,0,1
51175,51177,3,1,1,1
51186,51187,2,1,0,1
51206,51208,3,1,0,2
51211,51213,3,1,1,1
51221,51223,3,1,0,2
51253,51257,5,2,0,3
51282,51285,4,1,0,3
51350,51351,2,1,0,1
51375,51376,2,1,0,1
51377,51380,4,1,0,3
51415,51419,5,3,0,2
51431,51434,4,1,1,2
51440,51442,3,1,1,1
51462,51466,5,2,2,1
51479,51481,3,1,1,1
51543,51545,3,1,0,2
51550,51551,2,1,0,1
51749,51751,3,1,0,2
51754,51756,3,1,0,2
51766,51768,3,1,0,2
51782,51784,3,1,0,2
51820,51821,2,1,0,1
51857,51860,4,1,0,3
51924,51926,3,1,0,2
51929,51931,3,1,0,2
51933,51934,2,1,0,1
51943,51944,2,1,0,1
51957,51958,2,1,0,1
52030,52032,3,1,1,1
52046,52047,2,1,0,1
52060,52062,3,1,0,2
52250,52251,2,1,0,1
52272,52274,3,2,0,1
52275,52279,5,1,1,3
52391,52395,5,2,1,2
52396,52399,4,1,0,3
52622,52624,3,2,0,1
52637,52638,2,1,0,1
52654,52658,5,1,1,3
52717,52721,5,1,3,1
52731,52732,2,1,0,1
52782,52783,2,1,0,1
52838,52844,7,1,2,4
52932,52933,2,1,0,1
52935,52936,2,1,0,1
52969,52971,3,1,1,1
53032,53033,2,1,0,1
53048,53051,4,2,1,1
53078,53079,2,1,0,1
53091,53092,2,1,0,1
53121,53123,3,1,1,1
53132,53134,3,1,1,1
53176,53177,2,1,0,1
53183,53185,3,1,0,2
53204,53207,4,1,1,2
53215,53216,2,1,0,1
53220,53224,5,2,1,2
53235,53236,2,1,0,1
53249,53253,5,1,2,2
53305,53307,3,1,0,2
53313,53316,4,1,1,2
53421,53423,3,1,1,1
53455,53458,4,1,2,1
53496,53497,2,1,0,1
53531,53533,3,1,1,1
53548,53551,4,1,1,2
53577,53581,5,2,1,2
53587,53588,2,1,0,1
53635,53636,2,1,0,1
53661,53662,2,1,0,1
53683,53684,2,1,0,1
53691,53692,2,1,0,1
53701,53702,2,1,0,1
53750,53753,4,2,0,2
53755,53758,4,1,0,3
53776,53779,4,1,1,2
53820,53824,5,1,1,3
53872,53873,2,1,0,1
53912,53915,4,2,0,2
53921,53922,2,1,0,1
53932,53935,4,1,0,3
53941,53942,2,1,0,1
53985,53989,5,1,0,4
54056,54057,2,1,0,1
54094,54095,2,1,0,1
54096,54098,3,1,1,1
54179,54180,2,1,0,1
54181,54182,2,1,0,1
54210,54211,2,1,0,1
54222,54225,4,1,1,2
54292,54293,2,1,0,1
54343,54344,2,1,0,1
54371,54375,5,1,0,4
54486,54488,3,1,0,2
54569,54570,2,1,0,1
54620,54621,2,1,0,1
54643,54645,3,1,0,2
54676,54677,2,1,0,1
54743,54744,2,1,0,1
54754,54758,5,1,1,3
54808,54810,3,1,1,1
54830,54832,3,2,0,1
54876,54878,3,1,0,2
54983,54985,3,1,0,2
54987,54988,2,1,0,1
55082,55083,2,1,0,1
55084,55085,2,1,0,1
55115,55117,3,1,0,2
55135,55137,3,1,0,2
55177,55178,2,1,0,1
55217,55221,5,1,1,3
55283,55284,2,1,0,1
55308,55309,2,1,0,1
55378,55379,2,1,0,1
55411,55412,2,1,0,1
55431,55432,2,1,0,1
55436,55437,2,1,0,1
55485,55487,3,1,1,1
55490,55491,2,1,0,1
55504,55508,5,1,1,3
55523,55525,3,1,1,1
55625,55626,2,1,0,1
55657,55661,5,1,0,4
55679,55683,5,1,1,3
55696,55697,2,1,0,1
55724,55728,5,1,3,1
55827,55828,2,1,0,1
55849,55851,3,1,1,1
55877,55879,3,1,1,1
55925,55926,2,1,0,1
55929,55930,2,1,0,1
56024,56026,3,1,1,1
56213,56214,2,1,0,1
56218,56219,2,1,0,1
56244,56246,3,1,0,2
56272,56274,3,2,0,1
56278,56281,4,1,1,2
56297,56298,2,1,0,1
56339,56340,2,1,0,1
56381,56382,2,1,0,1
56406,56408,3,1,1,1
56411,56412,2,1,0,1
56449,56451,3,2,0,1
56518,56521,4,1,0,3
56539,56540,2,1,0,1
56558,56560,3,1,0,2
56627,56628,2,1,0,1
56639,56643,5,2,1,2
56644,56648,5,1,0,4
56661,56662,2,1,0,1
56691,56693,3,2,0,1
56765,56766,2,1,0,1
56774,56775,2,1,0,1
56846,56848,3,1,1,1
56861,56862,2,1,0,1
56909,56910,2,1,0,1
56933,56937,5,1,0,4
56976,56980,5,1,1,3
56994,56999,6,1,4,1
57038,57042,5,3,0,2
57059,57060,2,1,0,1
57064,57067,4,1,0,3
57170,57172,3,1,1,1
57202,57205,4,3,0,1
57221,57223,3,1,0,2
57225,57226,2,1,0,1
57253,57256,4,1,2,1
57305,57307,3,1,1,1
57313,57314,2,1,0,1
57328,57329,2,1,0,1
57335,57338,4,2,0,2
57342,57344,3,1,0,2
57354,57356,3,1,1,1
57358,57361,4,1,0,3
57379,57380,2,1,0,1
57387,57390,4,3,0,1
57417,57419,3,2,0,1
57455,57456,2,1,0,1
57619,57620,2,1,0,1
57660,57662,3,2,0,1
57715,57716,2,1,0,1
57758,57762,5,2,0,3
57802,57803,2,1,0,1
57880,57881,2,1,0,1
57883,57885,3,2,0,1
57894,57896,3,1,0,2
57899,57901,3,1,1,1
57921,57923,3,2,0,1
57944,57946,3,2,0,1
57950,57958,9,4,4,1
58018,58021,4,3,0,1
58047,58049,3,1,1,1
58055,58056,2,1,0,1
58069,58074,6,5,0,1
58130,58133,4,1,2,1
58158,58159,2,1,0,1
58160,58162,3,2,0,1
58185,58186,2,1,0,1
58200,58205,6,5,0,1
58218,58219,2,1,0,1
58245,58248,4,3,0,1
58252,58254,3,1,1,1
58255,58258,4,1,2,1
58274,58276,3,1,1,1
58280,58283,4,3,0,1
58306,58310,5,2,2,1
58353,58355,3,2,0,1
58366,58369,4,1,0,3
58373,58375,3,2,0,1
58387,58389,3,2,0,1
58407,58411,5,2,2,1
58412,58415,4,3,0,1
58421,58422,2,1,0,1
58426,58427,2,1,0,1
58444,58445,2,1,0,1
58457,58458,2,1,0,1
58480,58485,6,5,0,1
58525,58526,2,1,0,1
58535,58540,6,5,0,1
58549,58550,2,1,0,1
58614,58616,3,2,0,1
58636,58641,6,3,2,1
58642,58645,4,2,1,1
58646,58648,3,2,0,1
58649,58651,3,2,0,1
58667,58669,3,1,1,1
58694,58699,6,1,4,1
58704,58706,3,1,1,1
58714,58715,2,1,0,1
58735,58738,4,2,0,2
58752,58756,5,2,1,2
58764,58767,4,3,0,1
58768,58771,4,1,1,2
58855,58857,3,1,1,1
58858,58859,2,1,0,1
58860,58865,6,3,2,1
58876,58879,4,1,2,1
58892,58893,2,1,0,1
58900,58905,6,4,0,2
58906,58908,3,1,1,1
58913,58914,2,1,0,1
58921,58924,4,1,1,2
58937,58938,2,1,0,1
58944,58949,6,5,0,1
58960,58965,6,5,0,1
58968,58971,4,2,1,1
58980,58981,2,1,0,1
59015,59017,3,2,0,1
59024,59027,4,2,1,1
59034,59040,7,3,3,1
59047,59048,2,1,0,1
59051,59053,3,1,1,1
59074,59075,2,1,0,1
59086,59087,2,1,0,1
59126,59127,2,1,0,1
59144,59147,4,1,1,2
59181,59182,2,1,0,1
59204,59208,5,1,2,2
59249,59250,2,1,0,1
59266,59272,7,5,1,1
59277,59282,6,5,0,1
59284,59286,3,2,0,1
59295,59297,3,1,0,2
59310,59311,2,1,0,1
59329,59332,4,2,1,1
59336,59339,4,2,1,1
59342,59346,5,3,0,2
59348,59350,3,1,0,2
59362,59366,5,1,3,1
59386,59388,3,1,1,1
59392,59395,4,2,1,1
59402,59403,2,1,0,1
59409,59410,2,1,0,1
59416,59417,2,1,0,1
59418,59421,4,1,2,1
59441,59443,3,1,1,1
59466,59467,2,1,0,1
59472,59481,10,1,1,8
59494,59496,3,2,0,1
59503,59504,2,1,0,1
59542,59543,2,1,0,1
59553,59555,3,1,0,2
59558,59563,6,1,4,1
59564,59570,7,1,5,1
59573,59577,5,4,0,1
59586,59587,2,1,0,1
59588,59591,4,2,1,1
59604,59607,4,1,1,2
59626,59629,4,1,2,1
59648,59649,2,1,0,1
59670,59676,7,2,3,2
59700,59706,7,1,4,2
59710,59711,2,1,0,1
59785,59787,3,1,0,2
59815,59821,7,1,3,3
59822,59826,5,1,3,1
59842,59843,2,1,0,1
59850,59855,6,2,3,1
59860,59861,2,1,0,1
59875,59888,14,3,7,4
59893,59896,4,3,0,1
59911,59912,2,1,0,1
59918,59919,2,1,0,1
59920,59921,2,1,0,1
59922,59924,3,1,0,2
59925,59928,4,2,0,2
59935,59936,2,1,0,1
59947,59949,3,1,1,1
59950,59952,3,1,0,2
59968,59970,3,2,0,1
59980,59983,4,2,0,2
60001,60004,4,1,0,3
60025,60026,2,1,0,1
60044,60046,3,1,1,1
60064,60072,9,1,0,8
60073,60075,3,1,1,1
60092,60094,3,1,1,1
60098,60099,2,1,0,1
60105,60107,3,1,1,1
60108,60112,5,3,1,1
60123,60124,2,1,0,1
60137,60139,3,1,0,2
60161,60163,3,1,0,2
60176,60177,2,1,0,1
60184,60193,10,1,8,1
60197,60198,2,1,0,1
60215,60224,10,2,5,3
60227,60232,6,3,2,1
60257,60259,3,1,1,1
60297,60302,6,1,3,2
60332,60336,5,2,1,2
60364,60366,3,1,1,1
60367,60369,3,2,0,1
60375,60378,4,1,2,1
60402,60403,2,1,0,1
60412,60416,5,1,3,1
60452,60457,6,2,1,3
60458,60459,2,1,0,1
60562,60570,9,1,7,1
60627,60628,2,1,0,1
60700,60705,6,1,4,1
60728,60730,3,1,1,1
60731,60732,2,1,0,1
60737,60741,5,3,1,1
60747,60750,4,3,0,1
60764,60765,2,1,0,1
60777,60778,2,1,0,1
60791,60794,4,1,1,2
60797,60799,3,1,0,2
60927,60928,2,1,0,1
60942,60945,4,1,2,1
60947,60949,3,1,1,1
60960,60966,7,5,1,1
60974,60980,7,5,1,1
60986,60987,2,1,0,1
60993,60994,2,1,0,1
60996,60998,3,2,0,1
61014,61018,5,3,1,1
61035,61037,3,2,0,1
61049,61051,3,2,0,1
61059,61063,5,4,0,1
61081,61084,4,1,2,1
61089,61093,5,4,0,1
61099,61105,7,3,3,1
61108,61109,2,1,0,1
61112,61113,2,1,0,1
61115,61118,4,3,0,1
61131,61132,2,1,0,1
61135,61137,3,1,1,1
61173,61178,6,1,4,1
61197,61199,3,2,0,1
61202,61203,2,1,0,1
61210,61213,4,3,0,1
61214,61215,2,1,0,1
61220,61222,3,2,0,1
61235,61237,3,1,0,2
61267,61268,2,1,0,1
61275,61276,2,1,0,1
61315,61319,5,4,0,1
61322,61323,2,1,0,1
61324,61326,3,2,0,1
61336,61339,4,3,0,1
61347,61350,4,2,1,1
61351,61353,3,1,0,2
61361,61366,6,5,0,1
61379,61381,3,1,1,1
61389,61391,3,2,0,1
61406,61408,3,1,0,2
61417,61419,3,1,1,1
61439,61440,2,1,0,1
61442,61443,2,1,0,1
61446,61447,2,1,0,1
61457,61459,3,1,1,1
61460,61463,4,1,2,1
61476,61477,2,1,0,1
61489,61491,3,1,0,2
61492,61493,2,1,0,1
61500,61502,3,2,0,1
61504,61507,4,2,1,1
61533,61534,2,1,0,1
61535,61539,5,3,1,1
61543,61549,7,2,4,1
61550,61552,3,2,0,1
61564,61565,2,1,0,1
61566,61569,4,1,2,1
61588,61595,8,5,1,2
61600,61603,4,1,2,1
61606,61608,3,1,0,2
61610,61612,3,1,1,1
61620,61623,4,3,0,1
61644,61646,3,1,0,2
61651,61653,3,2,0,1
61654,61656,3,1,1,1
61669,61670,2,1,0,1
61671,61674,4,1,2,1
61681,61685,5,3,1,1
61711,61712,2,1,0,1
61720,61721,2,1,0,1
61722,61725,4,2,0,2
61733,61735,3,1,1,1
61743,61745,3,1,1,1
61751,61756,6,4,0,2
61770,61773,4,3,0,1
61790,61795,6,3,1,2
61835,61836,2,1,0,1
61845,61849,5,2,1,2
61850,61854,5,2,2,1
61855,61858,4,1,2,1
61862,61863,2,1,0,1
61877,61878,2,1,0,1
61898,61899,2,1,0,1
61901,61902,2,1,0,1
61911,61917,7,4,0,3
61923,61924,2,1,0,1
61940,61942,3,1,1,1
61952,61955,4,1,1,2
61964,61966,3,1,1,1
61973,61976,4,3,0,1
61981,61982,2,1,0,1
62001,62002,2,1,0,1
62003,62005,3,1,1,1
62017,62020,4,2,1,1
62023,62025,3,1,1,1
62033,62036,4,3,0,1
62062,62069,8,2,3,3
62075,62080,6,5,0,1
62085,62087,3,1,1,1
62107,62113,7,2,3,2
62128,62131,4,1,2,1
62137,62139,3,1,0,2
62157,62159,3,2,0,1
62160,62164,5,1,1,3
62165,62169,5,1,1,3
62173,62177,5,2,2,1
62180,62182,3,1,0,2
62186,62188,3,1,1,1
62199,62202,4,1,2,1
62205,62207,3,1,0,2
62217,62219,3,2,0,1
62223,62226,4,2,1,1
62234,62236,3,1,1,1
62243,62244,2,1,0,1
62249,62250,2,1,0,1
62310,62311,2,1,0,1
62316,62318,3,1,1,1
62323,62329,7,5,1,1
62330,62331,2,1,0,1
62350,62354,5,3,1,1
62358,62361,4,1,2,1
62372,62373,2,1,0,1
62387,62390,4,2,1,1
62395,62397,3,2,0,1
62402,62403,2,1,0,1
62406,62407,2,1,0,1
62409,62411,3,2,0,1
62429,62430,2,1,0,1
62481,62486,6,2,1,3
62489,62493,5,3,1,1
62494,62495,2,1,0,1
62513,62514,2,1,0,1
62550,62552,3,2,0,1
62558,62560,3,2,0,1
62573,62577,5,2,0,3
62583,62586,4,2,0,2
62593,62597,5,2,1,2
62605,62606,2,1,0,1
62608,62614,7,3,3,1
62619,62621,3,2,0,1
62626,62629,4,2,0,2
62636,62639,4,3,0,1
62640,62645,6,3,1,2
62651,62656,6,5,0,1
62666,62667,2,1,0,1
62673,62675,3,1,1,1
62694,62696,3,1,1,1
62717,62719,3,1,0,2
62721,62723,3,2,0,1
62725,62726,2,1,0,1
62732,62734,3,2,0,1
62759,62761,3,1,1,1
62778,62782,5,1,2,2
62783,62788,6,4,1,1
62800,62802,3,2,0,1
62807,62809,3,1,1,1
62810,62812,3,1,1,1
62833,62838,6,5,0,1
62841,62845,5,2,2,1
62856,62857,2,1,0,1
62862,62866,5,1,3,1
62870,62872,3,2,0,1
62891,62893,3,1,1,1
62896,62897,2,1,0,1
62898,62899,2,1,0,1
62901,62902,2,1,0,1
62904,62905,2,1,0,1
62906,62909,4,1,1,2
62926,62929,4,2,1,1
62930,62932,3,2,0,1
62960,62962,3,1,1,1
62965,62970,6,1,4,1
62971,62972,2,1,0,1
62996,62999,4,3,0,1
63001,63002,2,1,0,1
63022,63026,5,1,3,1
63032,63035,4,1,1,2
63042,63045,4,1,2,1
63051,63053,3,1,1,1
63054,63055,2,1,0,1
63065,63069,5,2,2,1
63078,63079,2,1,0,1
63083,63084,2,1,0,1
63085,63087,3,2,0,1
63093,63095,3,2,0,1
63106,63108,3,2,0,1
63128,63130,3,1,1,1
63135,63138,4,1,2,1
63145,63147,3,1,1,1
63162,63164,3,2,0,1
63166,63168,3,1,0,2
63179,63181,3,2,0,1
63183,63184,2,1,0,1
63190,63192,3,2,0,1
63195,63199,5,3,1,1
63202,63210,9,1,7,1
63211,63212,2,1,0,1
63235,63238,4,1,2,1
63242,63246,5,1,2,2
63252,63258,7,2,4,1
63260,63262,3,2,0,1
63282,63283,2,1,0,1
63304,63308,5,1,2,2
63321,63323,3,1,1,1
63326,63330,5,2,0,3
63337,63338,2,1,0,1
63349,63350,2,1,0,1
63355,63358,4,3,0,1
63361,63363,3,2,0,1
63373,63375,3,1,1,1
63395,63398,4,1,2,1
63409,63411,3,2,0,1
63413,63417,5,1,2,2
63421,63423,3,1,0,2
63436,63441,6,2,3,1
63445,63449,5,3,1,1
63456,63461,6,5,0,1
63472,63473,2,1,0,1
63489,63490,2,1,0,1
63495,63497,3,1,1,1
63504,63506,3,2,0,1
63511,63515,5,1,3,1
63538,63539,2,1,0,1
63549,63556,8,3,4,1
63568,63570,3,1,1,1
63575,63578,4,2,1,1
63581,63586,6,2,3,1
63602,63605,4,1,2,1
63612,63616,5,2,2,1
63623,63628,6,5,0,1
63634,63639,6,2,2,2
63646,63648,3,1,0,2
63649,63651,3,1,1,1
63652,63654,3,2,0,1
63657,63658,2,1,0,1
63661,63663,3,1,0,2
63683,63684,2,1,0,1
63685,63686,2,1,0,1
63691,63692,2,1,0,1
63698,63708,11,5,4,2
63717,63718,2,1,0,1
63732,63734,3,1,1,1
63745,63746,2,1,0,1
63749,63751,3,1,0,2
63753,63756,4,2,1,1
63760,63761,2,1,0,1
63773,63775,3,1,0,2
63776,63778,3,2,0,1
63779,63781,3,1,1,1
63783,63785,3,2,0,1
63797,63798,2,1,0,1
63810,63811,2,1,0,1
63824,63826,3,2,0,1
63828,63830,3,1,0,2
63840,63844,5,1,3,1
63851,63853,3,2,0,1
63882,63885,4,1,1,2
63891,63892,2,1,0,1
63895,63897,3,1,1,1
63908,63911,4,1,2,1
63943,63947,5,3,1,1
63958,63959,2,1,0,1
63970,63972,3,2,0,1
63974,63978,5,1,2,2
63982,63983,2,1,0,1
63985,63986,2,1,0,1
64002,64005,4,2,1,1
64020,64021,2,1,0,1
64023,64025,3,1,1,1
64030,64033,4,1,2,1
64035,64038,4,1,2,1
64063,64065,3,1,1,1
64068,64071,4,1,2,1
64078,64080,3,2,0,1
64086,64089,4,1,0,3
64096,64098,3,1,1,1
64100,64102,3,2,0,1
64103,64104,2,1,0,1
64105,64106,2,1,0,1
64108,64109,2,1,0,1
64115,64118,4,1,2,1
64119,64120,2,1,0,1
64129,64134,6,2,3,1
64135,64136,2,1,0,1
64140,64141,2,1,0,1
64143,64145,3,1,0,2
64175,64176,2,1,0,1
64206,64210,5,1,2,2
64216,64218,3,1,0,2
64231,64237,7,2,4,1
64243,64250,8,2,2,4
64253,64255,3,1,0,2
64280,64281,2,1,0,1
64283,64284,2,1,0,1
64293,64294,2,1,0,1
64298,64301,4,1,2,1
64311,64313,3,2,0,1
64363,64365,3,1,1,1
64366,64369,4,1,1,2
64373,64377,5,2,2,1
64381,64383,3,1,0,2
64401,64405,5,2,1,2
64414,64418,5,4,0,1
64426,64428,3,2,0,1
64430,64433,4,3,0,1
64434,64435,2,1,0,1
64439,64442,4,1,2,1
64443,64451,9,2,6,1
64459,64461,3,2,0,1
64467,64468,2,1,0,1
64469,64470,2,1,0,1
64478,64479,2,1,0,1
64483,64484,2,1,0,1
64485,64486,2,1,0,1
64509,64510,2,1,0,1
64513,64514,2,1,0,1
64521,64526,6,1,4,1
64538,64539,2,1,0,1
64540,64544,5,1,3,1
64549,64551,3,1,1,1
64556,64558,3,1,0,2
64566,64567,2,1,0,1
64585,64588,4,2,0,2
64589,64590,2,1,0,1
64591,64595,5,1,3,1
64599,64600,2,1,0,1
64601,64603,3,1,0,2
64606,64607,2,1,0,1
64630,64633,4,2,1,1
64637,64638,2,1,0,1
64663,64664,2,1,0,1
64671,64673,3,1,1,1
64675,64678,4,2,1,1
64682,64685,4,3,0,1
64686,64688,3,2,0,1
64689,64693,5,3,1,1
64708,64709,2,1,0,1
64721,64722,2,1,0,1
64730,64731,2,1,0,1
64737,64743,7,1,5,1
64749,64752,4,1,2,1
64755,64758,4,3,0,1
64759,64761,3,2,0,1
64772,64773,2,1,0,1
64782,64785,4,2,1,1
64797,64799,3,2,0,1
64804,64806,3,1,0,2
64807,64809,3,2,0,1
64815,64818,4,2,0,2
64826,64829,4,1,2,1
64830,64833,4,1,2,1
64835,64838,4,2,0,2
64844,64847,4,1,0,3
64848,64850,3,2,0,1
64858,64860,3,1,1,1
64861,64863,3,2,0,1
64867,64871,5,2,2,1
64883,64884,2,1,0,1
64908,64911,4,1,1,2
64917,64918,2,1,0,1
64919,64921,3,1,1,1
64927,64928,2,1,0,1
64929,64931,3,1,1,1
64946,64948,3,2,0,1
64950,64953,4,1,2,1
64965,64968,4,3,0,1
64975,64977,3,2,0,1
64992,64993,2,1,0,1
65003,65006,4,1,1,2
65020,65021,2,1,0,1
65022,65028,7,4,2,1
65030,65032,3,2,0,1
65041,65042,2,1,0,1
65054,65060,7,1,3,3
65077,65080,4,1,2,1
65084,65086,3,1,1,1
65091,65093,3,1,1,1
65101,65102,2,1,0,1
65103,65107,5,2,2,1
65108,65110,3,2,0,1
65111,65113,3,1,1,1
65120,65122,3,1,1,1
65127,65132,6,3,2,1
65149,65150,2,1,0,1
65158,65159,2,1,0,1
65190,65193,4,2,1,1
65204,65208,5,2,2,1
65210,65214,5,1,3,1
65215,65216,2,1,0,1
65217,65219,3,2,0,1
65221,65223,3,2,0,1
65228,65229,2,1,0,1
65234,65236,3,1,0,2
65237,65239,3,1,0,2
65240,65242,3,2,0,1
65250,65255,6,1,4,1
65276,65277,2,1,0,1
65278,65280,3,1,1,1
65281,65282,2,1,0,1
65283,65287,5,2,2,1
65289,65291,3,2,0,1
65292,65293,2,1,0,1
65312,65314,3,1,1,1
65316,65318,3,1,1,1
65336,65342,7,5,1,1
65352,65357,6,2,3,1
65360,65362,3,1,1,1
65370,65371,2,1,0,1
65377,65383,7,5,1,1
65411,65412,2,1,0,1
65423,65427,5,1,3,1
65440,65443,4,2,0,2
65447,65454,8,1,6,1
65457,65459,3,2,0,1
65463,65467,5,1,3,1
65493,65494,2,1,0,1
65498,65499,2,1,0,1
65538,65544,7,2,4,1
65568,65569,2,1,0,1
65570,65571,2,1,0,1
65593,65595,3,2,0,1
65604,65610,7,5,1,1
65611,65614,4,1,2,1
65616,65620,5,3,0,2
65642,65644,3,2,0,1
65645,65647,3,1,0,2
65652,65653,2,1,0,1
65659,65661,3,2,0,1
65670,65674,5,1,3,1
65715,65717,3,1,1,1
65739,65740,2,1,0,1
65749,65752,4,3,0,1
65771,65773,3,2,0,1
65777,65778,2,1,0,1
65779,65780,2,1,0,1
65784,65785,2,1,0,1
65803,65804,2,1,0,1
65815,65816,2,1,0,1
65833,65838,6,5,0,1
65845,65848,4,3,0,1
65851,65856,6,2,2,2
65858,65859,2,1,0,1
65865,65872,8,1,6,1
65874,65876,3,1,1,1
65881,65888,8,1,6,1
65896,65897,2,1,0,1
65898,65900,3,2,0,1
65904,65907,4,3,0,1
65913,65916,4,2,0,2
65920,65921,2,1,0,1
65922,65923,2,1,0,1
65927,65928,2,1,0,1
65930,65932,3,1,0,2
65937,65939,3,1,0,2
65958,65961,4,2,0,2
65989,65991,3,1,1,1
65992,65993,2,1,0,1
66004,66007,4,3,0,1
66008,66010,3,1,1,1
66067,66069,3,2,0,1
66078,66079,2,1,0,1
66086,66087,2,1,0,1
66092,66094,3,1,1,1
66095,66097,3,1,0,2
66098,66100,3,2,0,1
66101,66103,3,2,0,1
66123,66126,4,1,2,1
66134,66136,3,1,1,1
66139,66141,3,2,0,1
66149,66150,2,1,0,1
66163,66165,3,1,1,1
66174,66177,4,2,1,1
66178,66186,9,4,4,1
66189,66190,2,1,0,1
66206,66208,3,1,1,1
66224,66225,2,1,0,1
66234,66239,6,2,3,1
66249,66252,4,2,1,1
66280,66281,2,1,0,1
66295,66297,3,1,0,2
66307,66310,4,3,0,1
66323,66325,3,1,1,1
66329,66333,5,3,1,1
66340,66341,2,1,0,1
66342,66343,2,1,0,1
66349,66353,5,4,0,1
66354,66357,4,1,1,2
66358,66363,6,3,2,1
66370,66371,2,1,0,1
66372,66374,3,1,1,1
66376,66378,3,2,0,1
66387,66388,2,1,0,1
66396,66398,3,1,0,2
66400,66401,2,1,0,1
66412,66413,2,1,0,1
66418,66423,6,2,2,2
66425,66426,2,1,0,1
66463,66466,4,2,1,1
66479,66481,3,2,0,1
66496,66497,2,1,0,1
66498,66501,4,2,0,2
66546,66548,3,1,0,2
66550,66553,4,1,1,2
66563,66564,2,1,0,1
66590,66592,3,1,1,1
66605,66606,2,1,0,1
66607,66608,2,1,0,1
66627,66628,2,1,0,1
66642,66643,2,1,0,1
66656,66658,3,1,1,1
66675,66677,3,1,1,1
66678,66679,2,1,0,1
66688,66691,4,1,1,2
66697,66698,2,1,0,1
66729,66730,2,1,0,1
66753,66754,2,1,0,1
66755,66760,6,4,1,1
66767,66769,3,1,1,1
66773,66775,3,2,0,1
66777,66780,4,2,0,2
66796,66797,2,1,0,1
66817,66820,4,1,1,2
66821,66822,2,1,0,1
66860,66861,2,1,0,1
66862,66863,2,1,0,1
66865,66869,5,2,2,1
66875,66876,2,1,0,1
66881,66885,5,4,0,1
66893,66895,3,1,1,1
66912,66914,3,1,0,2
66919,66920,2,1,0,1
66926,66928,3,1,0,2
66929,66930,2,1,0,1
66931,66933,3,1,0,2
66979,66980,2,1,0,1
66993,66995,3,2,0,1
66996,66999,4,2,1,1
67009,67010,2,1,0,1
67021,67025,5,3,1,1
67058,67059,2,1,0,1
67061,67063,3,2,0,1
67068,67071,4,1,2,1
67073,67077,5,1,2,2
67078,67080,3,1,0,2
67083,67085,3,1,0,2
67095,67099,5,1,3,1
67100,67105,6,1,4,1
67107,67110,4,1,2,1
67119,67121,3,1,0,2
67133,67135,3,1,1,1
67144,67146,3,2,0,1
67147,67150,4,3,0,1
67168,67169,2,1,0,1
67187,67189,3,1,1,1
67207,67208,2,1,0,1
67211,67212,2,1,0,1
67224,67228,5,1,3,1
67229,67231,3,1,1,1
67232,67234,3,1,1,1
67262,67264,3,2,0,1
67283,67284,2,1,0,1
67300,67302,3,2,0,1
67313,67315,3,1,1,1
67318,67322,5,3,0,2
67339,67347,9,1,6,2
67383,67384,2,1,0,1
67404,67405,2,1,0,1
67421,67425,5,1,2,2
67464,67465,2,1,0,1
67472,67475,4,2,1,1
67486,67488,3,1,1,1
67497,67498,2,1,0,1
67502,67504,3,2,0,1
67552,67554,3,2,0,1
67555,67558,4,2,0,2
67575,67577,3,1,1,1
67581,67582,2,1,0,1
67585,67588,4,1,2,1
67621,67623,3,1,1,1
67632,67633,2,1,0,1
67634,67635,2,1,0,1
67643,67649,7,4,2,1
67659,67662,4,1,2,1
67669,67671,3,1,1,1
67673,67674,2,1,0,1
67740,67744,5,2,2,1
67747,67748,2,1,0,1
67774,67778,5,1,2,2
67788,67789,2,1,0,1
67800,67801,2,1,0,1
67810,67813,4,1,2,1
67814,67816,3,1,1,1
67818,67820,3,2,0,1
67827,67830,4,3,0,1
67840,67841,2,1,0,1
67842,67846,5,1,3,1
67856,67858,3,1,1,1
67860,67861,2,1,0,1
67864,67865,2,1,0,1
67873,67876,4,1,0,3
67877,67878,2,1,0,1
67880,67881,2,1,0,1
67886,67888,3,1,1,1
67892,67894,3,1,0,2
67905,67906,2,1,0,1
67909,67911,3,2,0,1
67915,67916,2,1,0,1
67932,67935,4,3,0,1
67938,67940,3,1,1,1
67953,67955,3,1,0,2
67964,67966,3,1,1,1
67974,67976,3,1,1,1
67979,67983,5,2,2,1
67989,67993,5,3,1,1
67997,68001,5,1,3,1
68003,68004,2,1,0,1
68012,68015,4,2,0,2
68022,68023,2,1,0,1
68024,68025,2,1,0,1
68032,68033,2,1,0,1
68041,68043,3,2,0,1
68046,68049,4,1,2,1
68050,68051,2,1,0,1
68064,68066,3,2,0,1
68078,68084,7,4,0,3
68087,68089,3,2,0,1
68096,68097,2,1,0,1
68098,68100,3,1,1,1
68120,68121,2,1,0,1
68134,68135,2,1,0,1
68143,68147,5,1,3,1
68158,68161,4,1,1,2
68171,68175,5,2,2,1
68178,68184,7,2,0,5
68208,68209,2,1,0,1
68226,68227,2,1,0,1
68231,68232,2,1,0,1
68241,68243,3,1,1,1
68264,68265,2,1,0,1
68268,68270,3,1,0,2
68271,68273,3,1,1,1
68274,68275,2,1,0,1
68276,68279,4,1,2,1
68287,68291,5,3,1,1
68296,68297,2,1,0,1
68307,68308,2,1,0,1
68319,68320,2,1,0,1
68326,68328,3,2,0,1
68331,68332,2,1,0,1
68352,68353,2,1,0,1
68356,68358,3,1,1,1
68359,68361,3,1,1,1
68362,68364,3,1,1,1
68384,68386,3,1,1,1
68398,68399,2,1,0,1
68409,68410,2,1,0,1
68419,68420,2,1,0,1
68424,68429,6,1,4,1
68459,68460,2,1,0,1
68473,68475,3,1,1,1
68486,68489,4,3,0,1
68490,68491,2,1,0,1
68497,68499,3,1,1,1
68507,68508,2,1,0,1
68531,68533,3,1,1,1
68558,68563,6,1,2,3
68565,68567,3,1,0,2
68571,68573,3,2,0,1
68577,68578,2,1,0,1
68580,68582,3,2,0,1
68590,68593,4,2,1,1
68606,68610,5,1,2,2
68612,68613,2,1,0,1
68634,68635,2,1,0,1
68640,68642,3,1,0,2
68648,68650,3,1,0,2
68654,68655,2,1,0,1
68686,68688,3,1,1,1
68689,68690,2,1,0,1
68695,68696,2,1,0,1
68697,68698,2,1,0,1
68707,68708,2,1,0,1
68741,68743,3,1,1,1
68747,68753,7,3,0,4
68772,68775,4,1,1,2
68792,68793,2,1,0,1
68798,68799,2,1,0,1
68801,68803,3,2,0,1
68808,68809,2,1,0,1
68823,68825,3,2,0,1
68853,68857,5,3,1,1
68862,68864,3,1,0,2
68871,68872,2,1,0,1
68878,68879,2,1,0,1
68899,68904,6,3,0,3
68905,68907,3,2,0,1
68914,68915,2,1,0,1
68932,68936,5,1,0,4
68937,68938,2,1,0,1
68939,68943,5,4,0,1
68945,68947,3,1,0,2
68948,68949,2,1,0,1
68961,68965,5,3,1,1
68977,68978,2,1,0,1
68981,68985,5,1,2,2
68986,68990,5,1,3,1
69007,69009,3,2,0,1
69015,69019,5,3,1,1
69033,69035,3,1,0,2
69038,69041,4,1,2,1
69055,69058,4,3,0,1
69061,69063,3,2,0,1
69099,69102,4,2,1,1
69148,69151,4,2,1,1
69164,69171,8,1,6,1
69180,69181,2,1,0,1
69188,69189,2,1,0,1
69225,69227,3,1,1,1
69238,69239,2,1,0,1
69248,69250,3,2,0,1
69262,69265,4,2,1,1
69278,69279,2,1,0,1
69285,69286,2,1,0,1
69295,69297,3,2,0,1
69309,69312,4,3,0,1
69313,69314,2,1,0,1
69315,69317,3,1,0,2
69331,69332,2,1,0,1
69344,69345,2,1,0,1
69347,69350,4,2,0,2
69360,69361,2,1,0,1
69367,69374,8,3,4,1
69375,69377,3,1,1,1
69379,69381,3,2,0,1
69403,69405,3,1,0,2
69413,69419,7,3,3,1
69447,69454,8,1,6,1
69472,69475,4,1,2,1
69479,69482,4,3,0,1
69486,69488,3,2,0,1
69489,69492,4,3,0,1
69509,69510,2,1,0,1
69513,69515,3,1,1,1
69520,69525,6,3,2,1
69533,69534,2,1,0,1
69542,69544,3,2,0,1
69549,69551,3,2,0,1
69554,69556,3,2,0,1
69564,69565,2,1,0,1
69571,69574,4,2,1,1
69579,69581,3,1,1,1
69583,69585,3,2,0,1
69614,69615,2,1,0,1
69622,69624,3,1,1,1
69635,69636,2,1,0,1
69640,69642,3,1,1,1
69647,69648,2,1,0,1
69680,69682,3,2,0,1
69698,69699,2,1,0,1
69704,69707,4,1,2,1
69737,69740,4,2,1,1
69748,69749,2,1,0,1
69755,69756,2,1,0,1
69760,69764,5,3,1,1
69778,69783,6,2,2,2
69794,69796,3,2,0,1
69807,69808,2,1,0,1
69835,69839,5,3,0,2
69849,69851,3,1,1,1
69853,69855,3,1,1,1
69866,69868,3,2,0,1
69882,69883,2,1,0,1
69896,69897,2,1,0,1
69898,69900,3,1,1,1
69904,69907,4,2,1,1
69930,69934,5,3,1,1
69962,69965,4,2,1,1
69969,69973,5,2,2,1
69990,69993,4,1,1,2
69997,70002,6,1,4,1
70007,70011,5,2,2,1
70020,70022,3,1,0,2
70046,70048,3,2,0,1
70056,70058,3,1,1,1
70066,70067,2,1,0,1
70071,70072,2,1,0,1
70075,70077,3,1,1,1
70078,70081,4,1,1,2
70082,70083,2,1,0,1
70084,70085,2,1,0,1
70086,70089,4,2,1,1
70099,70105,7,1,3,3
70115,70116,2,1,0,1
70121,70123,3,2,0,1
70137,70140,4,2,1,1
70160,70161,2,1,0,1
70168,70172,5,1,1,3
70180,70181,2,1,0,1
70199,70200,2,1,0,1
70204,70205,2,1,0,1
70215,70216,2,1,0,1
70229,70235,7,1,4,2
70238,70239,2,1,0,1
70267,70270,4,1,2,1
70282,70284,3,1,1,1
70287,70290,4,2,1,1
70294,70298,5,1,3,1
70320,70326,7,2,4,1
70327,70333,7,1,3,3
70374,70375,2,1,0,1
70376,70377,2,1,0,1
70383,70386,4,2,0,2
70390,70392,3,1,0,2
70395,70398,4,1,2,1
70399,70402,4,2,0,2
70413,70415,3,1,0,2
70441,70447,7,2,4,1
70450,70455,6,5,0,1
70474,70476,3,1,1,1
70479,70480,2,1,0,1
70509,70517,9,1,5,3
70545,70549,5,1,3,1
70553,70555,3,1,1,1
70556,70557,2,1,0,1
70565,70566,2,1,0,1
70582,70588,7,1,5,1
70593,70596,4,1,2,1
70628,70629,2,1,0,1
70635,70638,4,1,2,1
70644,70646,3,1,1,1
70652,70663,12,1,10,1
70669,70671,3,2,0,1
70675,70681,7,1,5,1
70687,70690,4,3,0,1
70707,70711,5,2,2,1
70738,70740,3,2,0,1
70757,70758,2,1,0,1
70769,70773,5,1,3,1
70777,70779,3,1,1,1
70932,70935,4,1,2,1
70949,70954,6,3,2,1
70957,70958,2,1,0,1
70964,70966,3,1,1,1
70975,70978,4,1,2,1
70988,71001,14,1,3,10
71008,71010,3,2,0,1
71025,71029,5,1,3,1
71033,71040,8,2,5,1
71051,71058,8,1,6,1
71086,71089,4,1,2,1
71109,71110,2,1,0,1
71117,71122,6,1,3,2
71149,71150,2,1,0,1
71152,71159,8,1,6,1
71167,71171,5,1,3,1
71182,71196,15,3,11,1
71204,71207,4,1,2,1
71239,71243,5,1,3,1
71251,71252,2,1,0,1
71263,71266,4,3,0,1
71272,71273,2,1,0,1
71277,71278,2,1,0,1
71285,71290,6,3,1,2
71305,71306,2,1,0,1
71316,71317,2,1,0,1
71326,71329,4,1,2,1
71337,71341,5,1,3,1
71363,71370,8,1,6,1
71374,71375,2,1,0,1
71387,71388,2,1,0,1
71392,71393,2,1,0,1
71397,71398,2,1,0,1
71400,71401,2,1,0,1
71403,71405,3,1,0,2
71414,71418,5,1,2,2
71425,71426,2,1,0,1
71433,71436,4,1,2,1
71439,71443,5,1,3,1
71449,71455,7,1,5,1
71458,71459,2,1,0,1
71474,71478,5,2,2,1
71485,71487,3,1,0,2
71497,71498,2,1,0,1
71517,71519,3,1,1,1
71522,71523,2,1,0,1
71526,71527,2,1,0,1
71530,71534,5,1,3,1
71546,71547,2,1,0,1
71561,71567,7,1,5,1
71570,71571,2,1,0,1
71577,71581,5,1,2,2
71600,71601,2,1,0,1
71610,71613,4,2,0,2
71616,71617,2,1,0,1
71645,71647,3,2,0,1
71662,71663,2,1,0,1
71668,71672,5,3,1,1
71678,71680,3,1,1,1
71684,71687,4,2,1,1
71690,71691,2,1,0,1
71694,71695,2,1,0,1
71699,71701,3,1,1,1
71712,71716,5,1,3,1
71717,71722,6,2,3,1
71734,71735,2,1,0,1
71751,71754,4,2,1,1
71768,71772,5,4,0,1
71795,71796,2,1,0,1
71798,71804,7,1,5,1
71827,71831,5,2,1,2
71837,71839,3,1,0,2
71852,71855,4,1,2,1
71880,71882,3,1,1,1
71888,71892,5,2,2,1
71921,71923,3,1,1,1
71931,71936,6,1,4,1
71938,71939,2,1,0,1
71946,71948,3,1,1,1
71962,71968,7,2,4,1
71969,71971,3,1,1,1
71981,71982,2,1,0,1
71983,71984,2,1,0,1
72002,72005,4,2,1,1
72025,72026,2,1,0,1
72037,72046,10,1,8,1
72053,72059,7,1,4,2
72067,72075,9,3,5,1
72081,72082,2,1,0,1
72087,72090,4,1,1,2
72098,72099,2,1,0,1
72103,72108,6,1,3,2
72117,72120,4,1,2,1
72132,72133,2,1,0,1
72135,72139,5,1,3,1
72146,72147,2,1,0,1
72154,72157,4,3,0,1
72168,72172,5,1,3,1
72185,72186,2,1,0,1
72188,72190,3,1,0,2
72197,72199,3,1,1,1
72203,72206,4,3,0,1
72210,72213,4,1,2,1
72220,72227,8,2,5,1
72228,72231,4,1,2,1
72235,72237,3,1,1,1
72246,72248,3,2,0,1
72249,72257,9,1,7,1
72265,72266,2,1,0,1
72287,72291,5,1,3,1
72301,72302,2,1,0,1
72303,72304,2,1,0,1
72306,72311,6,1,4,1
72326,72328,3,1,0,2
72333,72334,2,1,0,1
72340,72341,2,1,0,1
72342,72345,4,1,2,1
72353,72354,2,1,0,1
72385,72386,2,1,0,1
72388,72391,4,1,2,1
72403,72407,5,3,1,1
72408,72418,11,1,9,1
72421,72422,2,1,0,1
72446,72447,2,1,0,1
72460,72463,4,1,2,1
72487,72488,2,1,0,1
72493,72495,3,1,1,1
72497,72503,7,2,4,1
72514,72517,4,2,1,1
72526,72534,9,1,6,2
72551,72553,3,1,1,1
72562,72564,3,1,1,1
72568,72569,2,1,0,1
72586,72588,3,1,1,1
72595,72600,6,1,4,1
72603,72605,3,1,1,1
72620,72621,2,1,0,1
72658,72660,3,1,1,1
72676,72681,6,1,4,1
72708,72709,2,1,0,1
72716,72718,3,1,1,1
72733,72735,3,1,0,2
72736,72739,4,3,0,1
72746,72750,5,1,3,1
72771,72772,2,1,0,1
72777,72784,8,1,6,1
72786,72790,5,2,2,1
72792,72797,6,2,3,1
72818,72820,3,1,1,1
72821,72823,3,1,1,1
72826,72829,4,1,2,1
72830,72833,4,2,1,1
72843,72845,3,1,1,1
72852,72855,4,1,2,1
72857,72860,4,1,2,1
72866,72880,15,1,13,1
72883,72891,9,4,4,1
72921,72927,7,1,5,1
72936,72938,3,1,1,1
72944,72945,2,1,0,1
72953,72964,12,1,9,2
72967,72973,7,5,1,1
72975,72977,3,1,1,1
72982,72984,3,2,0,1
72988,72992,5,2,2,1
72999,73004,6,1,4,1
73007,73013,7,1,4,2
73015,73019,5,1,3,1
73020,73021,2,1,0,1
73023,73027,5,1,3,1
73038,73041,4,1,2,1
73046,73048,3,1,1,1
73059,73062,4,1,1,2
73067,73069,3,1,1,1
73082,73085,4,2,1,1
73091,73094,4,2,1,1
73096,73099,4,1,2,1
73107,73111,5,1,3,1
73145,73148,4,3,0,1
73154,73155,2,1,0,1
73167,73170,4,3,0,1
73186,73188,3,1,1,1
73195,73197,3,1,0,2
73199,73200,2,1,0,1
73216,73218,3,1,1,1
73219,73220,2,1,0,1
73232,73233,2,1,0,1
73237,73240,4,1,2,1
73252,73254,3,2,0,1
73256,73257,2,1,0,1
73263,73270,8,2,3,3
73279,73281,3,1,1,1
73282,73283,2,1,0,1
73303,73305,3,1,1,1
73317,73318,2,1,0,1
73343,73349,7,1,5,1
73352,73354,3,1,0,2
73360,73362,3,1,1,1
73368,73372,5,1,3,1
73385,73389,5,1,3,1
73397,73399,3,1,1,1
73422,73427,6,1,4,1
73431,73432,2,1,0,1
73433,73435,3,1,1,1
73447,73450,4,2,1,1
73458,73459,2,1,0,1
73491,73493,3,1,1,1
73498,73499,2,1,0,1
73501,73503,3,1,0,2
73534,73537,4,1,2,1
73561,73564,4,1,1,2
73571,73573,3,1,1,1
73578,73580,3,1,1,1
73590,73594,5,2,2,1
73607,73614,8,2,5,1
73623,73626,4,1,2,1
73645,73651,7,1,4,2
73652,73654,3,2,0,1
73657,73661,5,2,2,1
73665,73667,3,1,0,2
73685,73687,3,1,1,1
73688,73695,8,1,6,1
73697,73698,2,1,0,1
73706,73714,9,2,6,1
73723,73727,5,1,2,2
73736,73738,3,1,1,1
73739,73741,3,2,0,1
73742,73744,3,1,0,2
73747,73750,4,2,1,1
73762,73764,3,1,0,2
73771,73773,3,1,0,2
73789,73790,2,1,0,1
73797,73798,2,1,0,1
73811,73814,4,1,2,1
73845,73848,4,1,2,1
73865,73867,3,1,1,1
73884,73893,10,1,7,2
73904,73914,11,1,8,2
73937,73940,4,2,1,1
73942,73950,9,1,7,1
73963,73965,3,1,1,1
73996,73997,2,1,0,1
74021,74025,5,2,2,1
74038,74040,3,1,1,1
74041,74043,3,1,0,2
74056,74063,8,1,4,3
74065,74070,6,1,3,2
74079,74082,4,2,0,2
74085,74087,3,2,0,1
74091,74092,2,1,0,1
74100,74104,5,1,3,1
74115,74118,4,2,1,1
74126,74128,3,1,0,2
74137,74139,3,1,1,1
74150,74154,5,3,1,1
74155,74166,12,2,9,1
74184,74187,4,1,2,1
74192,74193,2,1,0,1
74195,74197,3,1,1,1
74223,74224,2,1,0,1
74229,74231,3,1,0,2
74244,74246,3,2,0,1
74254,74260,7,1,4,2
74279,74280,2,1,0,1
74284,74286,3,1,0,2
74289,74292,4,1,2,1
74297,74298,2,1,0,1
74302,74305,4,1,1,2
74321,74323,3,1,1,1
74330,74331,2,1,0,1
74339,74341,3,1,1,1
74345,74348,4,1,2,1
74366,74372,7,5,1,1
74374,74376,3,1,1,1
74377,74378,2,1,0,1
74389,74390,2,1,0,1
74410,74412,3,1,1,1
74419,74420,2,1,0,1
74424,74427,4,2,1,1
74431,74433,3,1,1,1
74440,74442,3,1,0,2
74450,74453,4,3,0,1
74458,74460,3,1,1,1
74464,74467,4,1,1,2
74474,74475,2,1,0,1
74491,74495,5,1,3,1
74504,74505,2,1,0,1
74509,74510,2,1,0,1
74516,74517,2,1,0,1
74560,74562,3,1,1,1
74572,74575,4,1,2,1
74582,74584,3,1,0,2
74587,74588,2,1,0,1
74595,74598,4,1,2,1
74607,74611,5,4,0,1
74624,74628,5,1,3,1
74643,74646,4,2,0,2
74647,74649,3,1,1,1
74676,74679,4,3,0,1
74680,74682,3,1,1,1
74696,74700,5,4,0,1
74709,74712,4,1,2,1
74714,74718,5,1,2,2
74735,74736,2,1,0,1
74761,74763,3,1,1,1
74767,74769,3,2,0,1
74772,74774,3,1,1,1
74785,74788,4,2,1,1
74789,74796,8,1,5,2
74804,74805,2,1,0,1
74825,74831,7,1,4,2
74836,74839,4,1,2,1
74862,74866,5,4,0,1
74876,74877,2,1,0,1
74878,74882,5,1,3,1
74885,74887,3,1,1,1
74890,74891,2,1,0,1
74896,74897,2,1,0,1
74935,74939,5,2,2,1
74943,74949,7,1,5,1
74968,74969,2,1,0,1
74981,74982,2,1,0,1
74984,74990,7,2,4,1
74999,75007,9,1,5,3
75010,75012,3,2,0,1
75027,75031,5,1,2,2
75037,75038,2,1,0,1
75047,75051,5,1,3,1
75064,75070,7,1,5,1
75074,75079,6,2,2,2
75090,75091,2,1,0,1
75100,75102,3,1,1,1
75107,75108,2,1,0,1
75142,75145,4,1,2,1
75146,75148,3,2,0,1
75150,75154,5,2,2,1
75161,75162,2,1,0,1
75168,75170,3,1,1,1
75180,75183,4,1,0,3
75197,75199,3,1,1,1
75205,75207,3,1,1,1
75211,75215,5,1,2,2
75253,75254,2,1,0,1
75256,75257,2,1,0,1
75260,75264,5,3,1,1
75272,75273,2,1,0,1
75281,75284,4,1,1,2
75290,75293,4,1,2,1
75298,75299,2,1,0,1
75306,75307,2,1,0,1
75312,75315,4,1,2,1
75317,75321,5,1,2,2
75346,75348,3,1,0,2
75370,75371,2,1,0,1
75373,75374,2,1,0,1
75375,75380,6,1,2,3
75386,75389,4,1,2,1
75413,75416,4,2,1,1
75417,75419,3,1,0,2
75435,75436,2,1,0,1
75443,75446,4,1,0,3
75457,75459,3,1,1,1
75461,75462,2,1,0,1
75474,75476,3,1,1,1
75479,75483,5,1,3,1
75497,75499,3,1,1,1
75507,75508,2,1,0,1
75517,75521,5,2,2,1
75523,75526,4,1,1,2
75536,75539,4,1,2,1
75541,75542,2,1,0,1
75556,75559,4,1,2,1
75570,75572,3,1,0,2
75583,75584,2,1,0,1
75591,75592,2,1,0,1
75595,75596,2,1,0,1
75607,75611,5,1,2,2
75620,75622,3,1,1,1
75624,75625,2,1,0,1
75630,75632,3,1,0,2
75639,75643,5,1,3,1
75667,75670,4,1,1,2
75676,75681,6,2,1,3
75706,75707,2,1,0,1
75708,75713,6,2,3,1
75724,75727,4,2,1,1
75731,75736,6,1,4,1
75739,75742,4,2,1,1
75750,75752,3,1,1,1
75753,75756,4,2,1,1
75757,75759,3,2,0,1
75760,75762,3,1,1,1
75764,75771,8,1,5,2
75776,75778,3,1,0,2
75789,75790,2,1,0,1
75799,75801,3,2,0,1
75805,75807,3,1,0,2
75818,75821,4,2,1,1
75854,75858,5,2,2,1
75861,75865,5,2,2,1
75870,75871,2,1,0,1
75888,75893,6,1,4,1
75900,75904,5,2,2,1
75915,75918,4,2,1,1
75920,75922,3,1,1,1
75923,75925,3,1,0,2
75929,75934,6,2,2,2
75952,75954,3,1,1,1
75961,75962,2,1,0,1
75966,75968,3,2,0,1
75982,75985,4,2,1,1
75990,75992,3,2,0,1
75993,75994,2,1,0,1
75999,76002,4,1,0,3
76003,76005,3,1,0,2
76018,76021,4,1,2,1
76030,76033,4,3,0,1
76037,76039,3,1,1,1
76048,76050,3,1,1,1
76051,76059,9,1,7,1
76075,76077,3,1,1,1
76079,76080,2,1,0,1
76112,76115,4,1,0,3
76116,76117,2,1,0,1
76120,76121,2,1,0,1
76124,76126,3,1,0,2
76128,76130,3,2,0,1
76159,76160,2,1,0,1
76171,76182,12,3,7,2
76207,76208,2,1,0,1
76217,76219,3,1,1,1
76229,76232,4,1,2,1
76235,76236,2,1,0,1
76237,76240,4,1,2,1
76245,76247,3,1,1,1
76251,76255,5,1,3,1
76261,76263,3,1,1,1
76272,76273,2,1,0,1
76308,76311,4,1,1,2
76317,76318,2,1,0,1
76325,76326,2,1,0,1
76328,76331,4,1,2,1
76337,76339,3,1,0,2
76384,76385,2,1,0,1
76394,76397,4,1,2,1
76405,76406,2,1,0,1
76413,76414,2,1,0,1
76424,76426,3,1,1,1
76427,76432,6,4,1,1
76436,76439,4,1,2,1
76453,76456,4,1,2,1
76465,76467,3,1,1,1
76473,76475,3,1,1,1
76487,76491,5,1,2,2
76492,76495,4,1,2,1
76498,76499,2,1,0,1
76512,76516,5,3,1,1
76534,76535,2,1,0,1
76539,76544,6,2,1,3
76562,76565,4,1,2,1
76575,76581,7,2,3,2
76595,76598,4,1,2,1
76606,76608,3,1,1,1
76610,76615,6,3,2,1
76626,76631,6,1,4,1
76668,76669,2,1,0,1
76670,76672,3,1,0,2
76675,76680,6,1,4,1
76703,76705,3,1,1,1
76719,76720,2,1,0,1
76721,76722,2,1,0,1
76744,76747,4,1,1,2
76757,76762,6,1,4,1
76768,76769,2,1,0,1
76772,76777,6,1,4,1
76790,76791,2,1,0,1
76792,76793,2,1,0,1
76811,76812,2,1,0,1
76817,76819,3,1,1,1
76822,76825,4,1,2,1
76831,76833,3,1,0,2
76836,76837,2,1,0,1
76841,76844,4,1,1,2
76847,76848,2,1,0,1
76870,76872,3,2,0,1
76873,76874,2,1,0,1
76891,76893,3,1,1,1
76897,76900,4,3,0,1
76907,76908,2,1,0,1
76910,76913,4,1,1,2
76916,76918,3,1,1,1
76919,76920,2,1,0,1
76925,76926,2,1,0,1
76929,76933,5,1,3,1
76946,76951,6,1,4,1
76952,76954,3,1,1,1
76960,76961,2,1,0,1
76986,76989,4,1,2,1
76994,76996,3,1,1,1
77019,77021,3,1,1,1
77023,77025,3,1,1,1
77026,77029,4,2,1,1
77032,77038,7,1,5,1
77045,77046,2,1,0,1
77052,77055,4,2,0,2
77057,77059,3,1,0,2
77063,77067,5,2,2,1
77070,77073,4,1,0,3
77076,77077,2,1,0,1
77086,77091,6,2,3,1
77097,77098,2,1,0,1
77116,77120,5,1,2,2
77121,77122,2,1,0,1
77124,77128,5,2,2,1
77134,77137,4,2,0,2
77144,77148,5,1,3,1
77149,77150,2,1,0,1
77151,77155,5,1,3,1
77157,77158,2,1,0,1
77166,77168,3,1,1,1
77175,77180,6,1,4,1
77181,77183,3,2,0,1
77198,77199,2,1,0,1
77222,77225,4,2,1,1
77231,77233,3,2,0,1
77235,77242,8,1,5,2
77244,77247,4,2,1,1
77251,77254,4,1,1,2
77261,77262,2,1,0,1
77271,77274,4,1,2,1
77275,77278,4,1,2,1
77297,77298,2,1,0,1
77299,77300,2,1,0,1
77301,77305,5,4,0,1
77306,77307,2,1,0,1
77321,77325,5,2,2,1
77332,77334,3,1,0,2
77335,77336,2,1,0,1
77357,77359,3,1,1,1
77363,77364,2,1,0,1
77383,77390,8,3,3,2
77421,77428,8,1,6,1
77445,77450,6,2,3,1
77460,77462,3,1,1,1
77470,77472,3,1,1,1
77485,77487,3,1,1,1
77488,77489,2,1,0,1
77492,77494,3,1,1,1
77502,77503,2,1,0,1
77523,77524,2,1,0,1
77530,77532,3,2,0,1
77546,77548,3,1,1,1
77550,77551,2,1,0,1
77564,77566,3,1,1,1
77571,77575,5,1,3,1
77576,77577,2,1,0,1
77597,77598,2,1,0,1
77611,77612,2,1,0,1
77613,77616,4,2,1,1
77617,77620,4,1,0,3
77627,77631,5,1,3,1
77635,77638,4,1,1,2
77641,77642,2,1,0,1
77650,77652,3,1,1,1
77653,77654,2,1,0,1
77655,77659,5,2,1,2
77673,77674,2,1,0,1
77678,77680,3,2,0,1
77695,77696,2,1,0,1
77699,77700,2,1,0,1
77703,77705,3,1,0,2
77711,77713,3,1,1,1
77719,77724,6,3,2,1
77725,77731,7,1,4,2
77745,77749,5,2,2,1
77758,77760,3,1,1,1
77763,77764,2,1,0,1
77802,77803,2,1,0,1
77804,77806,3,1,0,2
77815,77818,4,1,2,1
77819,77820,2,1,0,1
77824,77826,3,1,0,2
77828,77829,2,1,0,1
77839,77841,3,2,0,1
77848,77852,5,2,2,1
77855,77858,4,1,2,1
77871,77872,2,1,0,1
77881,77888,8,1,5,2
77900,77901,2,1,0,1
77904,77906,3,1,1,1
77907,77912,6,1,4,1
77924,77927,4,1,2,1
77935,77937,3,2,0,1
77945,77952,8,1,6,1
77953,77958,6,1,4,1
77964,77965,2,1,0,1
77976,77979,4,1,2,1
77999,78001,3,1,1,1
78005,78006,2,1,0,1
78007,78012,6,1,3,2
78017,78024,8,2,4,2
78025,78027,3,1,1,1
78037,78038,2,1,0,1
78043,78047,5,2,2,1
78066,78068,3,1,1,1
78080,78082,3,1,1,1
78090,78092,3,1,0,2
78096,78098,3,1,1,1
78105,78106,2,1,0,1
78119,78121,3,1,1,1
78126,78128,3,2,0,1
78130,78136,7,1,5,1
78141,78144,4,1,2,1
78145,78146,2,1,0,1
78147,78151,5,1,3,1
78182,78185,4,1,1,2
78195,78198,4,1,1,2
78200,78202,3,1,1,1
78209,78211,3,1,0,2
78212,78213,2,1,0,1
78216,78218,3,2,0,1
78228,78229,2,1,0,1
78239,78244,6,1,4,1
78250,78251,2,1,0,1
78262,78264,3,1,1,1
78274,78275,2,1,0,1
78296,78297,2,1,0,1
78304,78308,5,1,2,2
78309,78312,4,3,0,1
78331,78336,6,1,1,4
78338,78342,5,1,3,1
78353,78355,3,1,1,1
78365,78368,4,1,0,3
78376,78377,2,1,0,1
78384,78388,5,1,3,1
78400,78401,2,1,0,1
78405,78407,3,2,0,1
78413,78415,3,2,0,1
78417,78418,2,1,0,1
78422,78423,2,1,0,1
78432,78433,2,1,0,1
78439,78440,2,1,0,1
78484,78485,2,1,0,1
78496,78502,7,1,3,3
78505,78509,5,1,3,1
78546,78548,3,1,1,1
78571,78573,3,1,1,1
78620,78623,4,1,2,1
78627,78630,4,1,2,1
78645,78649,5,1,3,1
78650,78653,4,3,0,1
78654,78656,3,1,1,1
78661,78666,6,2,3,1
78670,78672,3,1,0,2
78676,78678,3,2,0,1
78686,78687,2,1,0,1
78699,78703,5,1,3,1
78714,78716,3,1,1,1
78717,78718,2,1,0,1
78724,78725,2,1,0,1
78752,78755,4,3,0,1
78763,78765,3,2,0,1
78771,78775,5,1,3,1
78776,78778,3,1,0,2
78794,78795,2,1,0,1
78797,78800,4,2,1,1
78801,78802,2,1,0,1
78816,78818,3,2,0,1
78820,78827,8,2,4,2
78837,78839,3,2,0,1
78854,78856,3,1,1,1
78859,78862,4,1,2,1
78871,78876,6,1,2,3
78886,78888,3,1,1,1
78893,78894,2,1,0,1
78903,78907,5,1,1,3
78919,78923,5,2,2,1
78928,78930,3,2,0,1
78931,78940,10,1,5,4
78943,78953,11,1,9,1
78990,78992,3,2,0,1
78997,79000,4,1,2,1
79001,79005,5,1,2,2
79009,79013,5,1,2,2
79016,79022,7,2,4,1
79026,79028,3,1,1,1
79035,79037,3,2,0,1
79039,79040,2,1,0,1
79048,79053,6,1,0,5
79056,79057,2,1,0,1
79080,79081,2,1,0,1
79119,79120,2,1,0,1
79129,79130,2,1,0,1
79136,79138,3,1,0,2
79144,79146,3,1,0,2
79159,79161,3,2,0,1
79163,79164,2,1,0,1
79190,79192,3,1,1,1
79195,79199,5,1,2,2
79208,79217,10,1,7,2
79231,79234,4,1,2,1
79267,79268,2,1,0,1
79274,79277,4,1,1,2
79282,79283,2,1,0,1
79291,79296,6,2,2,2
79299,79302,4,3,0,1
79309,79312,4,1,0,3
79327,79329,3,1,0,2
79334,79336,3,1,1,1
79339,79343,5,2,1,2
79344,79348,5,2,0,3
79349,79351,3,1,0,2
79353,79354,2,1,0,1
79364,79365,2,1,0,1
79366,79367,2,1,0,1
79384,79386,3,1,1,1
79410,79412,3,1,1,1
79413,79415,3,1,0,2
79434,79437,4,1,0,3
79445,79449,5,3,0,2
79452,79453,2,1,0,1
79463,79465,3,2,0,1
79485,79491,7,1,4,2
79521,79522,2,1,0,1
79532,79533,2,1,0,1
79544,79547,4,2,1,1
79562,79564,3,1,1,1
79569,79570,2,1,0,1
79597,79599,3,1,0,2
79611,79613,3,1,0,2
79617,79620,4,1,2,1
79629,79630,2,1,0,1
79638,79642,5,1,3,1
79655,79658,4,1,2,1
79673,79674,2,1,0,1
79679,79682,4,1,1,2
79685,79686,2,1,0,1
79688,79689,2,1,0,1
79701,79702,2,1,0,1
79710,79713,4,1,2,1
79715,79718,4,1,2,1
79721,79724,4,2,1,1
79725,79727,3,1,1,1
79729,79731,3,1,1,1
79734,79738,5,3,1,1
79750,79751,2,1,0,1
79753,79754,2,1,0,1
79779,79780,2,1,0,1
79781,79783,3,2,0,1
79796,79800,5,1,3,1
79808,79809,2,1,0,1
79814,79820,7,1,5,1
79822,79823,2,1,0,1
79842,79843,2,1,0,1
79844,79846,3,1,0,2
79852,79853,2,1,0,1
79864,79865,2,1,0,1
79869,79871,3,1,1,1
79877,79882,6,1,3,2
79885,79887,3,1,1,1
79888,79890,3,1,1,1
79896,79897,2,1,0,1
79898,79901,4,1,2,1
79905,79907,3,1,1,1
79908,79909,2,1,0,1
79915,79916,2,1,0,1
79920,79921,2,1,0,1
79925,79926,2,1,0,1
79927,79930,4,2,0,2
79934,79935,2,1,0,1
79939,79941,3,1,1,1
79942,79944,3,1,1,1
79945,79949,5,1,1,3
79950,79951,2,1,0,1
79960,79962,3,2,0,1
79979,79980,2,1,0,1
79985,79991,7,2,3,2
79992,79995,4,1,2,1
79996,79998,3,1,0,2
80008,80014,7,1,4,2
80015,80016,2,1,0,1
80030,80033,4,2,1,1
80057,80058,2,1,0,1
80059,80060,2,1,0,1
80063,80065,3,1,1,1
80066,80069,4,2,1,1
80085,80086,2,1,0,1
80091,80092,2,1,0,1
80097,80100,4,1,2,1
80103,80105,3,2,0,1
80106,80109,4,1,1,2
80121,80123,3,1,1,1
80144,80146,3,1,1,1
80154,80155,2,1,0,1
80156,80157,2,1,0,1
80166,80169,4,1,0,3
80172,80178,7,3,3,1
80199,80200,2,1,0,1
80210,80212,3,1,1,1
80218,80221,4,1,1,2
80224,80228,5,1,3,1
80232,80235,4,1,0,3
80248,80252,5,2,1,2
80268,80269,2,1,0,1
80272,80274,3,1,1,1
80277,80279,3,1,1,1
80284,80285,2,1,0,1
80287,80289,3,1,0,2
80306,80307,2,1,0,1
80311,80313,3,1,1,1
80336,80338,3,1,0,2
80341,80342,2,1,0,1
80347,80349,3,1,0,2
80355,80358,4,1,1,2
80364,80370,7,1,2,4
80372,80373,2,1,0,1
80395,80398,4,1,0,3
80422,80424,3,1,0,2
80428,80432,5,1,1,3
80435,80438,4,2,1,1
80441,80442,2,1,0,1
80450,80451,2,1,0,1
80452,80453,2,1,0,1
80454,80455,2,1,0,1
80458,80460,3,1,1,1
80482,80488,7,5,1,1
80493,80496,4,3,0,1
80503,80505,3,1,1,1
80525,80526,2,1,0,1
80542,80544,3,2,0,1
80545,80550,6,1,4,1
80551,80552,2,1,0,1
80556,80560,5,4,0,1
80582,80583,2,1,0,1
80591,80594,4,1,1,2
80599,80601,3,1,1,1
80623,80624,2,1,0,1
80641,80655,15,2,11,2
80675,80676,2,1,0,1
80682,80684,3,1,0,2
80686,80691,6,2,3,1
80702,80705,4,1,2,1
80713,80716,4,2,1,1
80720,80722,3,1,1,1
80727,80733,7,1,4,2
80756,80757,2,1,0,1
80760,80765,6,1,4,1
80777,80778,2,1,0,1
80782,80783,2,1,0,1
80797,80799,3,1,1,1
80812,80813,2,1,0,1
80816,80818,3,1,1,1
80839,80841,3,1,0,2
80848,80850,3,1,0,2
80879,80881,3,1,1,1
80903,80905,3,1,0,2
80913,80924,12,1,9,2
80940,80941,2,1,0,1
80946,80948,3,1,1,1
80968,80971,4,3,0,1
80992,80993,2,1,0,1
80995,80997,3,1,0,2
81010,81011,2,1,0,1
81026,81027,2,1,0,1
81028,81029,2,1,0,1
81030,81032,3,1,1,1
81033,81034,2,1,0,1
81035,81037,3,1,0,2
81038,81041,4,1,2,1
81050,81052,3,1,0,2
81065,81066,2,1,0,1
81089,81090,2,1,0,1
81098,81099,2,1,0,1
81100,81101,2,1,0,1
81106,81114,9,3,5,1
81123,81124,2,1,0,1
81153,81157,5,3,1,1
81172,81174,3,1,0,2
81197,81199,3,1,1,1
81207,81209,3,1,0,2
81242,81245,4,1,1,2
81256,81259,4,3,0,1
81273,81278,6,2,2,2
81283,81285,3,1,1,1
81286,81289,4,3,0,1
81302,81303,2,1,0,1
81326,81330,5,2,2,1
81331,81333,3,1,1,1
81334,81335,2,1,0,1
81346,81350,5,1,3,1
81373,81375,3,2,0,1
81378,81379,2,1,0,1
81380,81384,5,2,0,3
81385,81389,5,1,3,1
81391,81393,3,2,0,1
81396,81406,11,5,2,4
81449,81454,6,1,4,1
81464,81466,3,2,0,1
81470,81472,3,2,0,1
81479,81482,4,1,2,1
81494,81499,6,2,2,2
81521,81523,3,1,1,1
81527,81530,4,2,1,1
81536,81537,2,1,0,1
81540,81542,3,1,1,1
81547,81548,2,1,0,1
81555,81556,2,1,0,1
81584,81586,3,2,0,1
81587,81591,5,2,2,1
81599,81600,2,1,0,1
81619,81622,4,2,0,2
81625,81626,2,1,0,1
81630,81631,2,1,0,1
81636,81642,7,1,5,1
81643,81645,3,1,0,2
81649,81653,5,2,2,1
81654,81656,3,1,0,2
81660,81664,5,1,2,2
81678,81684,7,2,4,1
81695,81698,4,1,0,3
81725,81727,3,2,0,1
81730,81732,3,1,1,1
81759,81762,4,1,1,2
81781,81782,2,1,0,1
81794,81796,3,1,1,1
81797,81798,2,1,0,1
81806,81809,4,1,1,2
81811,81812,2,1,0,1
81835,81836,2,1,0,1
81838,81839,2,1,0,1
81846,81851,6,5,0,1
81853,81855,3,2,0,1
81856,81857,2,1,0,1
81860,81861,2,1,0,1
81890,81892,3,1,0,2
81893,81896,4,2,1,1
81906,81909,4,1,0,3
81914,81917,4,1,0,3
81919,81921,3,1,1,1
81928,81930,3,2,0,1
81950,81952,3,1,1,1
81955,81957,3,1,1,1
81958,81960,3,2,0,1
81972,81973,2,1,0,1
81987,81989,3,1,0,2
81991,81992,2,1,0,1
81994,81996,3,2,0,1
82003,82004,2,1,0,1
82009,82010,2,1,0,1
82011,82012,2,1,0,1
82018,82019,2,1,0,1
82034,82035,2,1,0,1
82051,82058,8,4,0,4
82068,82071,4,1,2,1
82076,82080,5,2,2,1
82088,82090,3,2,0,1
82102,82105,4,1,0,3
82118,82119,2,1,0,1
82120,82122,3,1,1,1
82141,82142,2,1,0,1
82166,82167,2,1,0,1
82175,82177,3,2,0,1
82231,82233,3,2,0,1
82236,82238,3,1,1,1
82242,82243,2,1,0,1
82244,82245,2,1,0,1
82260,82261,2,1,0,1
82283,82285,3,1,1,1
82289,82290,2,1,0,1
82306,82309,4,1,0,3
82318,82322,5,1,3,1
82323,82325,3,1,1,1
82357,82361,5,2,2,1
82362,82363,2,1,0,1
82372,82375,4,2,1,1
82388,82389,2,1,0,1
82407,82409,3,1,0,2
82412,82415,4,1,0,3
82416,82419,4,2,1,1
82425,82427,3,1,1,1
82435,82439,5,1,2,2
82441,82442,2,1,0,1
82446,82448,3,2,0,1
82453,82454,2,1,0,1
82483,82485,3,1,1,1
82486,82488,3,2,0,1
82493,82495,3,1,0,2
82499,82500,2,1,0,1
82517,82520,4,1,2,1
82543,82549,7,1,5,1
82559,82561,3,1,0,2
82575,82581,7,5,1,1
82582,82584,3,1,0,2
82586,82588,3,1,1,1
82595,82596,2,1,0,1
82605,82610,6,2,3,1
82618,82619,2,1,0,1
82620,82621,2,1,0,1
82637,82638,2,1,0,1
82639,82640,2,1,0,1
82643,82645,3,1,1,1
82651,82652,2,1,0,1
82660,82661,2,1,0,1
82682,82683,2,1,0,1
82686,82687,2,1,0,1
82699,82704,6,2,1,3
82705,82707,3,1,0,2
82709,82712,4,1,2,1
82713,82717,5,2,2,1
82733,82735,3,1,1,1
82739,82740,2,1,0,1
82741,82744,4,2,1,1
82751,82752,2,1,0,1
82762,82763,2,1,0,1
82765,82769,5,1,3,1
82784,82786,3,2,0,1
82801,82803,3,1,1,1
82819,82822,4,1,2,1
82852,82855,4,1,2,1
82859,82864,6,2,3,1
82874,82875,2,1,0,1
82884,82886,3,1,1,1
82907,82909,3,2,0,1
82927,82930,4,1,2,1
82931,82932,2,1,0,1
82940,82943,4,2,1,1
82948,82949,2,1,0,1
82974,82976,3,1,1,1
82978,82982,5,3,1,1
82996,82998,3,1,1,1
83021,83022,2,1,0,1
83030,83032,3,1,0,2
83040,83043,4,1,2,1
83061,83063,3,1,1,1
83065,83067,3,1,1,1
83074,83076,3,2,0,1
83083,83086,4,1,2,1
83095,83096,2,1,0,1
83100,83101,2,1,0,1
83112,83114,3,1,1,1
83121,83122,2,1,0,1
83123,83124,2,1,0,1
83144,83145,2,1,0,1
83147,83148,2,1,0,1
83149,83150,2,1,0,1
83161,83163,3,1,0,2
83164,83170,7,1,4,2
83197,83200,4,1,1,2
83202,83204,3,2,0,1
83209,83216,8,1,6,1
83230,83235,6,1,4,1
83238,83242,5,1,3,1
83285,83286,2,1,0,1
83333,83337,5,1,1,3
83338,83340,3,1,1,1
83353,83359,7,1,1,5
83378,83380,3,1,1,1
83395,83396,2,1,0,1
83403,83405,3,2,0,1
83408,83409,2,1,0,1
83410,83414,5,2,2,1
83423,83425,3,2,0,1
83426,83428,3,1,0,2
83433,83438,6,1,4,1
83460,83463,4,1,0,3
83501,83503,3,1,0,2
83505,83508,4,1,2,1
83514,83515,2,1,0,1
83525,83527,3,1,0,2
83528,83530,3,1,1,1
83552,83555,4,1,2,1
83561,83563,3,2,0,1
83569,83570,2,1,0,1
83578,83580,3,1,1,1
83593,83596,4,1,1,2
83604,83607,4,1,1,2
83625,83626,2,1,0,1
83630,83631,2,1,0,1
83636,83637,2,1,0,1
83642,83647,6,1,3,2
83648,83652,5,2,1,2
83665,83666,2,1,0,1
83705,83707,3,2,0,1
83713,83714,2,1,0,1
83715,83716,2,1,0,1
83721,83722,2,1,0,1
83726,83729,4,1,2,1
83735,83736,2,1,0,1
83758,83761,4,2,1,1
83763,83766,4,1,1,2
83800,83802,3,1,1,1
83844,83846,3,1,1,1
83863,83865,3,1,1,1
83875,83879,5,2,1,2
83885,83886,2,1,0,1
83898,83900,3,2,0,1
83923,83927,5,1,3,1
83929,83932,4,2,0,2
83945,83949,5,2,0,3
83969,83970,2,1,0,1
84002,84006,5,1,3,1
84008,84010,3,2,0,1
84011,84012,2,1,0,1
84017,84019,3,1,1,1
84028,84031,4,1,2,1
84038,84041,4,2,1,1
84046,84049,4,3,0,1
84098,84108,11,5,5,1
84109,84111,3,1,0,2
84118,84120,3,1,1,1
84122,84123,2,1,0,1
84142,84145,4,1,2,1
84147,84149,3,1,1,1
84152,84155,4,3,0,1
84162,84165,4,1,1,2
84167,84170,4,3,0,1
84176,84179,4,2,0,2
84187,84188,2,1,0,1
84198,84199,2,1,0,1
84220,84221,2,1,0,1
84235,84240,6,1,0,5
84248,84249,2,1,0,1
84253,84257,5,2,2,1
84276,84280,5,1,3,1
84291,84293,3,1,1,1
84298,84299,2,1,0,1
84302,84303,2,1,0,1
84304,84305,2,1,0,1
84311,84313,3,1,0,2
84331,84332,2,1,0,1
84335,84341,7,3,1,3
84358,84360,3,1,0,2
84364,84370,7,3,2,2
84376,84379,4,1,1,2
84383,84387,5,1,3,1
84405,84408,4,1,1,2
84410,84412,3,1,1,1
84445,84447,3,2,0,1
84461,84463,3,2,0,1
84509,84510,2,1,0,1
84513,84516,4,2,0,2
84519,84522,4,1,1,2
84564,84568,5,1,3,1
84580,84582,3,1,0,2
84587,84588,2,1,0,1
84594,84596,3,2,0,1
84612,84614,3,1,1,1
84617,84619,3,1,0,2
84630,84634,5,1,2,2
84637,84638,2,1,0,1
84647,84649,3,2,0,1
84657,84661,5,1,0,4
84700,84703,4,1,1,2
84722,84726,5,1,1,3
84750,84754,5,1,3,1
84755,84756,2,1,0,1
84765,84766,2,1,0,1
84777,84780,4,1,2,1
84781,84782,2,1,0,1
84797,84798,2,1,0,1
84803,84806,4,1,2,1
84821,84824,4,1,2,1
84825,84827,3,1,1,1
84832,84836,5,1,1,3
84845,84846,2,1,0,1
84861,84863,3,1,0,2
84865,84868,4,1,2,1
84879,84881,3,1,1,1
84918,84919,2,1,0,1
84936,84937,2,1,0,1
84940,84942,3,2,0,1
84946,84947,2,1,0,1
84953,84958,6,2,3,1
84960,84963,4,2,1,1
84970,84975,6,4,1,1
84984,84985,2,1,0,1
85006,85007,2,1,0,1
85032,85035,4,2,1,1
85038,85041,4,1,2,1
85046,85047,2,1,0,1
85055,85057,3,1,1,1
85103,85107,5,1,3,1
85117,85118,2,1,0,1
85169,85170,2,1,0,1
85183,85186,4,2,0,2
85191,85192,2,1,0,1
85194,85198,5,4,0,1
85214,85221,8,5,2,1
85225,85228,4,1,2,1
85231,85235,5,2,2,1
85240,85242,3,1,1,1
85278,85280,3,1,1,1
85283,85286,4,1,2,1
85362,85363,2,1,0,1
85381,85384,4,1,2,1
85386,85387,2,1,0,1
85393,85394,2,1,0,1
85442,85444,3,1,0,2
85450,85454,5,1,0,4
85455,85457,3,1,0,2
85459,85461,3,2,0,1
85468,85470,3,1,0,2
85477,85479,3,1,1,1
85496,85499,4,1,1,2
85503,85505,3,1,1,1
85506,85508,3,2,0,1
85511,85517,7,2,4,1
85522,85523,2,1,0,1
85536,85540,5,1,2,2
85546,85549,4,1,2,1
85557,85559,3,1,0,2
85562,85563,2,1,0,1
85578,85580,3,1,1,1
85588,85595,8,1,6,1
85628,85630,3,1,0,2
85631,85635,5,1,1,3
85678,85683,6,1,4,1
85701,85704,4,1,1,2
85705,85706,2,1,0,1
85710,85712,3,1,1,1
85715,85717,3,1,1,1
85739,85741,3,2,0,1
85751,85755,5,4,0,1
85758,85762,5,2,0,3
85764,85767,4,2,0,2
85770,85773,4,2,1,1
85774,85779,6,4,0,2
85784,85786,3,1,0,2
85792,85793,2,1,0,1
85795,85797,3,1,0,2
85799,85802,4,2,1,1
85816,85818,3,1,1,1
85824,85826,3,1,0,2
85827,85829,3,1,1,1
85833,85838,6,2,2,2
85848,85850,3,1,1,1
85854,85855,2,1,0,1
85856,85857,2,1,0,1
85881,85882,2,1,0,1
85913,85914,2,1,0,1
85919,85922,4,2,0,2
85935,85938,4,1,0,3
85950,85956,7,1,4,2
85959,85961,3,1,0,2
85966,85968,3,1,0,2
85969,85970,2,1,0,1
85973,85975,3,2,0,1
85981,85983,3,1,1,1
85989,85993,5,1,1,3
86004,86005,2,1,0,1
86029,86032,4,2,1,1
86070,86071,2,1,0,1
86083,86084,2,1,0,1
86117,86118,2,1,0,1
86128,86131,4,2,0,2
86139,86141,3,1,1,1
86145,86146,2,1,0,1
86155,86157,3,1,1,1
86176,86178,3,1,0,2
86181,86182,2,1,0,1
86183,86185,3,2,0,1
86207,86210,4,1,2,1
86215,86217,3,1,1,1
86220,86221,2,1,0,1
86224,86225,2,1,0,1
86242,86244,3,1,1,1
86245,86247,3,1,0,2
86253,86255,3,2,0,1
86257,86258,2,1,0,1
86267,86270,4,2,1,1
86271,86273,3,1,1,1
86318,86320,3,1,1,1
86323,86329,7,1,5,1
86330,86334,5,1,3,1
86335,86336,2,1,0,1
86510,86524,15,1,13,1
86574,86577,4,1,2,1
86587,86588,2,1,0,1
86601,86602,2,1,0,1
86605,86606,2,1,0,1
86627,86629,3,1,1,1
86639,86641,3,1,1,1
86648,86649,2,1,0,1
86650,86652,3,2,0,1
86693,86694,2,1,0,1
86706,86708,3,1,0,2
86729,86731,3,1,0,2
86752,86753,2,1,0,1
86756,86758,3,1,1,1
86759,86761,3,2,0,1
86764,86765,2,1,0,1
86785,86786,2,1,0,1
86790,86792,3,1,1,1
86799,86800,2,1,0,1
86823,86826,4,2,0,2
86833,86838,6,2,3,1
86839,86843,5,1,3,1
86872,86874,3,2,0,1
86888,86889,2,1,0,1
86895,86898,4,2,0,2
86901,86904,4,1,0,3
86905,86906,2,1,0,1
86918,86923,6,1,4,1
86946,86947,2,1,0,1
86962,86965,4,1,1,2
86972,86975,4,1,0,3
86977,86979,3,1,1,1
86982,86985,4,1,0,3
86986,86987,2,1,0,1
86989,86990,2,1,0,1
87000,87002,3,1,1,1
87012,87014,3,1,0,2
87016,87018,3,1,1,1
87023,87025,3,2,0,1
87026,87029,4,1,1,2
87039,87042,4,1,1,2
87049,87051,3,1,1,1
87054,87058,5,2,2,1
87062,87063,2,1,0,1
87075,87079,5,4,0,1
87100,87106,7,1,1,5
87109,87111,3,2,0,1
87146,87148,3,2,0,1
87150,87152,3,1,1,1
87166,87168,3,2,0,1
87170,87172,3,1,1,1
87174,87177,4,3,0,1
87181,87184,4,1,2,1
87188,87192,5,1,3,1
87193,87196,4,3,0,1
87200,87204,5,1,1,3
87206,87207,2,1,0,1
87226,87227,2,1,0,1
87228,87230,3,2,0,1
87246,87249,4,3,0,1
87255,87260,6,1,0,5
87261,87263,3,1,1,1
87281,87282,2,1,0,1
87284,87286,3,1,1,1
87289,87290,2,1,0,1
87296,87301,6,5,0,1
87309,87310,2,1,0,1
87311,87312,2,1,0,1
87314,87317,4,1,0,3
87318,87320,3,1,1,1
87321,87323,3,2,0,1
87366,87372,7,3,2,2
87376,87377,2,1,0,1
87379,87380,2,1,0,1
87394,87398,5,3,1,1
87401,87402,2,1,0,1
87403,87404,2,1,0,1
87414,87415,2,1,0,1
87427,87433,7,3,2,2
87435,87437,3,1,1,1
87441,87447,7,1,0,6
87451,87456,6,2,0,4
87464,87466,3,1,1,1
87469,87473,5,1,2,2
87484,87486,3,1,1,1
87497,87499,3,1,0,2
87503,87504,2,1,0,1
87512,87514,3,2,0,1
87529,87530,2,1,0,1
87532,87534,3,1,0,2
87536,87538,3,1,0,2
87545,87548,4,1,2,1
87552,87557,6,2,3,1
87566,87570,5,1,3,1
87575,87579,5,4,0,1
87586,87590,5,3,1,1
87596,87597,2,1,0,1
87603,87604,2,1,0,1
87605,87607,3,1,1,1
87637,87641,5,1,3,1
87646,87648,3,1,0,2
87662,87664,3,1,1,1
87677,87681,5,1,0,4
87697,87698,2,1,0,1
87702,87704,3,2,0,1
87709,87711,3,2,0,1
87717,87719,3,2,0,1
87724,87726,3,1,1,1
87729,87731,3,2,0,1
87734,87738,5,2,2,1
87753,87755,3,2,0,1
87814,87819,6,1,0,5
87820,87826,7,1,0,6
87871,87872,2,1,0,1
87880,87881,2,1,0,1
87891,87893,3,2,0,1
87899,87900,2,1,0,1
87902,87903,2,1,0,1
87908,87910,3,1,1,1
87960,87965,6,1,4,1
87966,87967,2,1,0,1
88003,88009,7,4,1,2
88010,88013,4,1,1,2
88045,88046,2,1,0,1
88050,88051,2,1,0,1
88057,88058,2,1,0,1
88061,88063,3,1,1,1
88068,88070,3,2,0,1
88071,88073,3,2,0,1
88099,88100,2,1,0,1
88120,88122,3,1,0,2
88137,88141,5,1,2,2
88150,88151,2,1,0,1
88154,88155,2,1,0,1
88175,88176,2,1,0,1
88188,88190,3,1,0,2
88236,88238,3,2,0,1
88242,88244,3,1,0,2
88250,88251,2,1,0,1
88288,88289,2,1,0,1
88295,88298,4,2,1,1
88307,88308,2,1,0,1
88309,88310,2,1,0,1
88318,88319,2,1,0,1
88329,88337,9,5,2,2
88344,88348,5,2,1,2
88350,88352,3,1,1,1
88369,88373,5,1,3,1
88388,88389,2,1,0,1
88390,88391,2,1,0,1
88392,88393,2,1,0,1
88403,88406,4,1,1,2
88409,88410,2,1,0,1
88428,88430,3,1,1,1
88432,88433,2,1,0,1
88458,88459,2,1,0,1
88469,88471,3,1,1,1
88474,88475,2,1,0,1
88477,88479,3,1,1,1
88484,88488,5,1,1,3
88489,88490,2,1,0,1
88514,88516,3,1,0,2
88519,88520,2,1,0,1
88529,88530,2,1,0,1
88531,88533,3,1,1,1
88571,88574,4,1,0,3
88580,88582,3,1,0,2
88594,88599,6,2,0,4
88613,88615,3,1,1,1
88619,88622,4,1,2,1
88639,88640,2,1,0,1
88641,88644,4,1,2,1
88655,88656,2,1,0,1
88658,88661,4,1,1,2
88665,88670,6,1,2,3
88671,88672,2,1,0,1
88673,88677,5,1,3,1
88678,88682,5,2,0,3
88685,88687,3,1,0,2
88688,88689,2,1,0,1
88693,88698,6,1,1,4
88699,88702,4,1,2,1
88703,88706,4,2,1,1
88719,88721,3,1,0,2
88724,88726,3,1,0,2
88733,88737,5,2,2,1
88748,88751,4,1,2,1
88761,88764,4,2,0,2
88768,88770,3,2,0,1
88775,88776,2,1,0,1
88783,88787,5,1,3,1
88794,88797,4,2,0,2
88801,88807,7,4,1,2
88831,88832,2,1,0,1
88833,88837,5,2,2,1
88848,88850,3,2,0,1
88862,88863,2,1,0,1
88865,88868,4,1,2,1
88870,88872,3,2,0,1
88874,88876,3,1,0,2
88880,88881,2,1,0,1
88883,88884,2,1,0,1
88890,88891,2,1,0,1
88908,88909,2,1,0,1
88927,88929,3,2,0,1
88947,88949,3,1,1,1
88951,88952,2,1,0,1
88973,88975,3,2,0,1
89015,89018,4,1,1,2
89026,89030,5,1,3,1
89031,89033,3,1,1,1
89053,89056,4,1,1,2
89073,89074,2,1,0,1
89082,89083,2,1,0,1
89087,89088,2,1,0,1
89094,89099,6,5,0,1
89102,89105,4,1,2,1
89106,89109,4,1,1,2
89142,89143,2,1,0,1
89156,89161,6,1,4,1
89177,89181,5,1,2,2
89201,89203,3,2,0,1
89204,89207,4,2,1,1
89210,89212,3,1,0,2
89219,89220,2,1,0,1
89221,89224,4,1,1,2
89248,89251,4,1,2,1
89258,89261,4,1,2,1
89262,89263,2,1,0,1
89266,89269,4,2,0,2
89275,89276,2,1,0,1
89280,89282,3,1,0,2
89300,89304,5,1,0,4
89307,89309,3,1,0,2
89310,89311,2,1,0,1
89323,89326,4,1,0,3
89327,89328,2,1,0,1
89329,89331,3,1,1,1
89346,89349,4,2,1,1
89351,89354,4,1,2,1
89359,89363,5,2,2,1
89365,89367,3,1,0,2
89385,89386,2,1,0,1
89397,89398,2,1,0,1
89399,89400,2,1,0,1
89411,89416,6,4,0,2
89418,89420,3,1,1,1
89440,89446,7,1,5,1
89450,89452,3,2,0,1
89455,89458,4,2,1,1
89471,89473,3,1,0,2
89520,89522,3,1,1,1
89529,89532,4,3,0,1
89580,89582,3,1,0,2
89621,89623,3,2,0,1
89629,89630,2,1,0,1
89633,89634,2,1,0,1
89645,89650,6,2,0,4
89656,89660,5,1,3,1
89668,89673,6,4,1,1
89674,89676,3,1,1,1
89681,89682,2,1,0,1
89688,89693,6,1,4,1
89700,89701,2,1,0,1
89704,89708,5,1,2,2
89731,89733,3,1,1,1
89756,89760,5,1,3,1
89802,89806,5,1,3,1
89807,89811,5,1,2,2
89814,89815,2,1,0,1
89816,89818,3,2,0,1
89838,89844,7,1,5,1
89847,89849,3,1,1,1
89850,89852,3,1,1,1
89862,89867,6,1,4,1
89892,89897,6,3,2,1
89936,89939,4,1,2,1
89942,89945,4,3,0,1
89952,89953,2,1,0,1
89954,89956,3,1,0,2
89957,89958,2,1,0,1
89959,89962,4,3,0,1
89964,89967,4,1,1,2
89968,89970,3,1,0,2
89973,89978,6,1,4,1
89984,89986,3,2,0,1
90002,90005,4,1,0,3
90019,90021,3,1,1,1
90024,90026,3,1,1,1
90041,90044,4,3,0,1
90046,90049,4,1,2,1
90077,90078,2,1,0,1
90082,90083,2,1,0,1
90086,90087,2,1,0,1
90090,90093,4,2,0,2
90101,90103,3,1,1,1
90117,90120,4,2,0,2
90154,90156,3,1,1,1
90164,90166,3,1,0,2
90175,90176,2,1,0,1
90178,90180,3,1,0,2
90184,90186,3,2,0,1
90198,90200,3,1,0,2
90206,90211,6,4,1,1
90212,90216,5,1,2,2
90225,90227,3,1,1,1
90228,90230,3,2,0,1
90232,90233,2,1,0,1
90236,90239,4,1,0,3
90240,90242,3,1,0,2
90249,90252,4,1,2,1
90259,90261,3,2,0,1
90262,90263,2,1,0,1
90274,90278,5,3,1,1
90291,90294,4,1,2,1
90297,90300,4,3,0,1
90302,90305,4,1,2,1
90312,90315,4,1,2,1
90316,90317,2,1,0,1
90319,90320,2,1,0,1
90332,90335,4,1,1,2
90348,90350,3,1,0,2
90353,90354,2,1,0,1
90362,90364,3,2,0,1
90374,90376,3,1,1,1
90421,90423,3,1,1,1
90425,90427,3,1,0,2
90433,90437,5,1,0,4
90465,90468,4,2,1,1
90474,90476,3,1,1,1
90486,90487,2,1,0,1
90494,90495,2,1,0,1
90500,90502,3,1,1,1
90504,90506,3,2,0,1
90517,90519,3,1,1,1
90521,90522,2,1,0,1
90526,90527,2,1,0,1
90533,90534,2,1,0,1
90536,90539,4,2,1,1
90555,90556,2,1,0,1
90562,90567,6,2,3,1
90568,90571,4,1,1,2
90575,90576,2,1,0,1
90578,90580,3,1,0,2
90583,90584,2,1,0,1
90589,90592,4,1,0,3
90596,90599,4,2,0,2
90606,90609,4,1,2,1
90614,90616,3,1,0,2
90625,90628,4,1,2,1
90634,90637,4,1,2,1
90639,90644,6,1,0,5
90657,90660,4,3,0,1
90673,90675,3,1,1,1
90679,90681,3,1,0,2
90704,90705,2,1,0,1
90715,90716,2,1,0,1
90748,90750,3,1,0,2
90751,90753,3,1,0,2
90770,90771,2,1,0,1
90773,90776,4,1,0,3
90792,90794,3,1,0,2
90807,90808,2,1,0,1
90812,90815,4,1,1,2
90826,90828,3,2,0,1
90830,90831,2,1,0,1
90851,90853,3,2,0,1
90867,90871,5,1,3,1
90902,90904,3,1,1,1
90906,90908,3,1,0,2
90914,90916,3,1,1,1
90921,90923,3,1,1,1
90926,90928,3,1,1,1
90929,90932,4,2,1,1
90944,90946,3,1,0,2
90951,90953,3,1,1,1
90961,90962,2,1,0,1
90980,90985,6,1,4,1
90988,90989,2,1,0,1
90991,91003,13,5,7,1
91005,91008,4,1,2,1
91017,91020,4,1,0,3
91031,91033,3,1,0,2
91036,91039,4,1,1,2
91044,91045,2,1,0,1
91135,91136,2,1,0,1
91342,91343,2,1,0,1
91387,91389,3,2,0,1
91392,91394,3,1,0,2
91462,91464,3,1,1,1
91487,91488,2,1,0,1
91505,91507,3,1,1,1
91512,91513,2,1,0,1
91522,91524,3,1,0,2
91538,91540,3,2,0,1
91548,91549,2,1,0,1
91554,91555,2,1,0,1
91560,91562,3,1,1,1
91572,91574,3,2,0,1
91578,91579,2,1,0,1
91582,91584,3,1,1,1
91601,91602,2,1,0,1
91614,91615,2,1,0,1
91618,91621,4,1,2,1
91622,91625,4,3,0,1
91626,91628,3,1,0,2
91631,91632,2,1,0,1
91633,91637,5,4,0,1
91640,91641,2,1,0,1
91647,91651,5,1,3,1
91655,91661,7,5,0,2
91666,91671,6,2,3,1
91672,91673,2,1,0,1
91680,91683,4,2,0,2
91693,91696,4,2,0,2
91697,91699,3,1,0,2
91703,91704,2,1,0,1
91728,91731,4,1,2,1
91732,91734,3,1,0,2
91747,91749,3,1,0,2
91757,91763,7,1,0,6
91765,91766,2,1,0,1
91784,91785,2,1,0,1
91830,91832,3,1,1,1
91833,91836,4,3,0,1
91852,91858,7,1,5,1
91869,91873,5,1,3,1
91909,91910,2,1,0,1
91948,91950,3,2,0,1
91963,91968,6,2,2,2
91982,91983,2,1,0,1
91989,91990,2,1,0,1
92000,92005,6,1,3,2
92012,92015,4,2,1,1
92020,92021,2,1,0,1
92030,92031,2,1,0,1
92056,92057,2,1,0,1
92080,92082,3,1,1,1
92096,92098,3,1,1,1
92105,92106,2,1,0,1
92107,92110,4,3,0,1
92116,92117,2,1,0,1
92128,92131,4,3,0,1
92135,92136,2,1,0,1
92137,92139,3,1,0,2
92140,92141,2,1,0,1
92156,92158,3,1,0,2
92168,92170,3,2,0,1
92176,92177,2,1,0,1
92178,92181,4,1,2,1
92182,92184,3,1,1,1
92207,92210,4,2,1,1
92216,92218,3,1,0,2
92233,92234,2,1,0,1
92246,92247,2,1,0,1
92249,92262,14,4,4,6
92263,92265,3,1,0,2
92292,92294,3,1,1,1
92300,92302,3,1,0,2
92337,92338,2,1,0,1
92342,92346,5,3,1,1
92358,92359,2,1,0,1
92366,92367,2,1,0,1
92404,92408,5,3,1,1
92411,92412,2,1,0,1
92413,92414,2,1,0,1
92442,92443,2,1,0,1
92446,92451,6,5,0,1
92452,92453,2,1,0,1
92454,92458,5,3,0,2
92459,92462,4,1,0,3
92463,92468,6,2,0,4
92472,92473,2,1,0,1
92498,92499,2,1,0,1
92504,92505,2,1,0,1
92535,92539,5,3,0,2
92542,92543,2,1,0,1
92557,92558,2,1,0,1
92587,92592,6,3,1,2
92594,92596,3,1,0,2
92598,92601,4,3,0,1
92603,92604,2,1,0,1
92609,92611,3,1,1,1
92624,92626,3,1,0,2
92644,92646,3,2,0,1
92675,92677,3,2,0,1
92708,92712,5,2,2,1
92727,92731,5,1,3,1
92739,92740,2,1,0,1
92749,92751,3,2,0,1
92757,92758,2,1,0,1
92761,92763,3,1,1,1
92792,92795,4,1,2,1
92813,92815,3,1,0,2
92816,92817,2,1,0,1
92839,92840,2,1,0,1
92843,92846,4,1,2,1
92861,92863,3,1,1,1
92868,92870,3,2,0,1
92882,92883,2,1,0,1
92884,92886,3,2,0,1
92890,92893,4,1,2,1
92916,92921,6,5,0,1
92950,92956,7,2,4,1
92958,92959,2,1,0,1
92972,92973,2,1,0,1
92976,92977,2,1,0,1
92982,92985,4,3,0,1
92990,92993,4,1,0,3
92994,92995,2,1,0,1
92997,93002,6,1,4,1
93016,93020,5,3,1,1
93025,93031,7,5,1,1
93032,93033,2,1,0,1
93034,93036,3,2,0,1
93046,93053,8,5,2,1
93054,93056,3,2,0,1
93057,93058,2,1,0,1
93059,93060,2,1,0,1
93061,93064,4,2,0,2
93068,93070,3,1,0,2
93089,93093,5,2,0,3
93104,93107,4,1,2,1
93149,93150,2,1,0,1
93163,93168,6,2,3,1
93225,93227,3,2,0,1
93264,93266,3,2,0,1
93286,93288,3,2,0,1
93328,93330,3,1,0,2
93341,93346,6,1,4,1
93360,93362,3,1,0,2
93363,93365,3,1,0,2
93458,93460,3,1,1,1
93465,93467,3,2,0,1
93471,93472,2,1,0,1
93478,93479,2,1,0,1
93496,93499,4,1,0,3
93504,93505,2,1,0,1
93523,93526,4,3,0,1
93608,93610,3,1,0,2
93620,93622,3,1,1,1
93651,93654,4,2,0,2
93671,93672,2,1,0,1
93675,93676,2,1,0,1
93690,93695,6,2,0,4
93701,93704,4,3,0,1
93723,93724,2,1,0,1
93750,93754,5,3,1,1
93767,93768,2,1,0,1
93798,93803,6,1,4,1
93804,93807,4,1,2,1
93808,93810,3,2,0,1
93818,93826,9,2,4,3
93839,93842,4,3,0,1
93859,93860,2,1,0,1
93865,93869,5,3,1,1
93870,93871,2,1,0,1
93873,93875,3,1,1,1
93881,93884,4,3,0,1
93916,93919,4,2,1,1
93985,93988,4,3,0,1
93998,93999,2,1,0,1
94030,94034,5,1,2,2
94043,94045,3,1,0,2
94046,94049,4,3,0,1
94057,94060,4,3,0,1
94074,94081,8,5,2,1
94083,94084,2,1,0,1
94128,94134,7,1,5,1
94168,94174,7,1,5,1
94202,94203,2,1,0,1
94217,94220,4,1,0,3
94225,94228,4,2,0,2
94229,94230,2,1,0,1
94232,94237,6,4,1,1
94264,94265,2,1,0,1
94313,94315,3,1,1,1
94357,94358,2,1,0,1
94364,94369,6,5,0,1
94378,94382,5,3,1,1
94383,94384,2,1,0,1
94385,94387,3,1,1,1
94442,94445,4,1,2,1
94575,94586,12,2,0,10
94617,94618,2,1,0,1
94669,94670,2,1,0,1
94691,94692,2,1,0,1
94695,94697,3,2,0,1
94735,94737,3,2,0,1
94759,94761,3,2,0,1
94777,94780,4,2,1,1
94785,94786,2,1,0,1
94796,94797,2,1,0,1
94803,94809,7,2,4,1
94888,94889,2,1,0,1
94890,94891,2,1,0,1
94908,94910,3,1,1,1
94959,94960,2,1,0,1
94977,94980,4,1,2,1
94993,94994,2,1,0,1
94995,94997,3,1,0,2
95002,95007,6,5,0,1
95151,95155,5,1,3,1
95156,95158,3,1,1,1
95170,95172,3,1,1,1
95185,95186,2,1,0,1
95198,95200,3,2,0,1
95205,95209,5,4,0,1
95210,95211,2,1,0,1
95215,95219,5,1,2,2
95220,95222,3,1,0,2
95227,95229,3,2,0,1
95247,95249,3,1,0,2
95268,95274,7,2,2,3
95280,95282,3,2,0,1
95321,95322,2,1,0,1
95334,95337,4,1,1,2
95347,95349,3,1,1,1
95350,95352,3,2,0,1
95359,95361,3,1,0,2
95365,95368,4,3,0,1
95380,95383,4,1,2,1
95387,95389,3,1,1,1
95395,95396,2,1,0,1
95403,95405,3,2,0,1
95407,95411,5,2,1,2
95415,95416,2,1,0,1
95420,95422,3,1,1,1
95429,95434,6,1,3,2
95442,95443,2,1,0,1
95451,95452,2,1,0,1
95460,95461,2,1,0,1
95468,95474,7,5,1,1
95491,95494,4,3,0,1
95511,95512,2,1,0,1
95531,95532,2,1,0,1
95534,95535,2,1,0,1
95565,95569,5,3,1,1
95583,95585,3,1,1,1
95608,95609,2,1,0,1
95655,95656,2,1,0,1
95673,95676,4,3,0,1
95679,95681,3,1,1,1
95690,95691,2,1,0,1
95713,95714,2,1,0,1
95715,95717,3,1,1,1
95719,95722,4,3,0,1
95723,95726,4,1,2,1
95727,95728,2,1,0,1
95738,95740,3,1,1,1
95743,95744,2,1,0,1
95745,95746,2,1,0,1
95747,95748,2,1,0,1
95754,95759,6,4,1,1
95763,95766,4,1,0,3
95767,95768,2,1,0,1
95797,95798,2,1,0,1
95800,95802,3,1,1,1
95810,95816,7,5,0,2
95817,95818,2,1,0,1
95825,95826,2,1,0,1
95841,95842,2,1,0,1
95844,95846,3,2,0,1
95899,95902,4,1,1,2
95909,95910,2,1,0,1
95924,95928,5,2,1,2
95945,95947,3,2,0,1
95958,95960,3,1,1,1
95985,95987,3,1,0,2
95990,95991,2,1,0,1
96002,96005,4,2,1,1
96025,96026,2,1,0,1
96035,96036,2,1,0,1
96037,96038,2,1,0,1
96041,96048,8,1,5,2
96050,96052,3,2,0,1
96094,96095,2,1,0,1
96107,96108,2,1,0,1
96150,96151,2,1,0,1
96159,96160,2,1,0,1
96178,96181,4,1,1,2
96197,96198,2,1,0,1
96237,96239,3,2,0,1
96249,96253,5,2,1,2
96260,96261,2,1,0,1
96302,96303,2,1,0,1
96312,96314,3,2,0,1
96316,96317,2,1,0,1
96328,96329,2,1,0,1
96337,96340,4,1,0,3
96358,96359,2,1,0,1
96368,96370,3,2,0,1
96375,96378,4,1,2,1
96389,96390,2,1,0,1
96417,96419,3,2,0,1
96435,96439,5,1,0,4
96440,96443,4,2,1,1
96449,96451,3,1,0,2
96458,96459,2,1,0,1
96475,96481,7,3,2,2
96485,96490,6,1,4,1
96491,96494,4,1,0,3
96510,96511,2,1,0,1
96518,96519,2,1,0,1
96520,96522,3,2,0,1
96527,96532,6,1,3,2
96556,96557,2,1,0,1
96569,96570,2,1,0,1
96585,96587,3,1,0,2
96611,96615,5,1,0,4
96616,96617,2,1,0,1
96623,96624,2,1,0,1
96638,96640,3,1,0,2
96668,96670,3,1,1,1
96682,96684,3,1,1,1
96709,96710,2,1,0,1
96711,96714,4,3,0,1
96725,96728,4,1,1,2
96735,96738,4,3,0,1
96744,96747,4,2,0,2
96750,96753,4,2,0,2
96778,96779,2,1,0,1
96780,96784,5,1,3,1
96819,96821,3,1,1,1
96826,96827,2,1,0,1
96847,96848,2,1,0,1
96856,96858,3,2,0,1
96860,96861,2,1,0,1
96867,96869,3,2,0,1
96883,96886,4,2,1,1
96888,96889,2,1,0,1
96903,96906,4,2,0,2
96914,96915,2,1,0,1
96934,96935,2,1,0,1
96953,96954,2,1,0,1
96963,96964,2,1,0,1
96965,96966,2,1,0,1
96980,96982,3,1,0,2
96987,96989,3,1,0,2
96993,96994,2,1,0,1
97020,97022,3,1,0,2
97034,97035,2,1,0,1
97049,97051,3,1,1,1
97057,97058,2,1,0,1
97067,97068,2,1,0,1
97090,97092,3,2,0,1
97093,97094,2,1,0,1
97107,97111,5,2,1,2
97125,97126,2,1,0,1
97151,97155,5,2,2,1
97163,97165,3,1,0,2
97170,97171,2,1,0,1
97190,97192,3,1,1,1
97215,97216,2,1,0,1
97249,97250,2,1,0,1
97262,97264,3,2,0,1
97277,97278,2,1,0,1
97316,97319,4,3,0,1
97373,97374,2,1,0,1
97385,97386,2,1,0,1
97430,97433,4,1,2,1
97436,97438,3,1,0,2
97448,97452,5,1,1,3
97471,97474,4,3,0,1
97487,97488,2,1,0,1
97492,97493,2,1,0,1
97503,97504,2,1,0,1
97535,97539,5,1,2,2
97540,97542,3,2,0,1
97543,97544,2,1,0,1
97548,97550,3,1,1,1
97551,97553,3,2,0,1
97560,97561,2,1,0,1
97567,97569,3,1,1,1
97590,97592,3,2,0,1
97594,97596,3,1,1,1
97643,97644,2,1,0,1
97649,97652,4,2,0,2
97655,97658,4,2,1,1
97672,97673,2,1,0,1
97685,97686,2,1,0,1
97721,97722,2,1,0,1
97741,97742,2,1,0,1
97743,97745,3,2,0,1
97764,97767,4,1,1,2
97770,97772,3,1,1,1
97779,97782,4,1,1,2
97785,97786,2,1,0,1
97787,97789,3,1,1,1
97792,97794,3,1,1,1
97824,97827,4,1,2,1
97842,97844,3,1,1,1
97845,97847,3,1,1,1
97864,97865,2,1,0,1
97874,97877,4,1,0,3
97881,97882,2,1,0,1
97897,97898,2,1,0,1
97929,97930,2,1,0,1
97949,97952,4,1,2,1
97961,97962,2,1,0,1
97973,97975,3,1,0,2
97995,97998,4,1,1,2
98013,98014,2,1,0,1
98045,98047,3,1,1,1
98062,98063,2,1,0,1
98069,98072,4,2,1,1
98083,98085,3,1,1,1
98097,98098,2,1,0,1
98108,98111,4,2,0,2
98118,98119,2,1,0,1
98121,98122,2,1,0,1
98129,98131,3,1,0,2
98139,98140,2,1,0,1
98144,98146,3,1,1,1
98153,98156,4,1,0,3
98192,98194,3,1,1,1
98201,98206,6,3,2,1
98207,98209,3,1,1,1
98217,98219,3,1,0,2
98227,98234,8,2,4,2
98243,98245,3,1,0,2
98246,98248,3,2,0,1
98267,98269,3,1,0,2
98278,98281,4,2,1,1
98317,98318,2,1,0,1
98320,98322,3,1,0,2
98346,98348,3,1,1,1
98358,98360,3,1,0,2
98367,98368,2,1,0,1
98371,98372,2,1,0,1
98373,98374,2,1,0,1
98379,98382,4,1,1,2
98397,98401,5,2,2,1
98403,98409,7,1,5,1
98419,98422,4,1,1,2
98429,98431,3,1,1,1
98448,98449,2,1,0,1
98479,98480,2,1,0,1
98487,98488,2,1,0,1
98489,98490,2,1,0,1
98503,98504,2,1,0,1
98551,98555,5,1,2,2
98563,98565,3,1,1,1
98570,98573,4,1,0,3
98582,98584,3,1,1,1
98603,98604,2,1,0,1
98607,98609,3,2,0,1
98614,98615,2,1,0,1
98659,98660,2,1,0,1
98683,98684,2,1,0,1
98701,98703,3,1,0,2
98708,98709,2,1,0,1
98713,98714,2,1,0,1
98715,98717,3,1,1,1
98741,98743,3,2,0,1
98749,98750,2,1,0,1
98756,98758,3,1,1,1
98766,98768,3,1,1,1
98774,98776,3,1,1,1
98806,98811,6,5,0,1
98815,98818,4,1,2,1
98842,98845,4,1,1,2
98858,98859,2,1,0,1
98864,98866,3,1,0,2
98873,98875,3,1,1,1
98907,98908,2,1,0,1
98914,98918,5,2,2,1
98950,98952,3,2,0,1
98954,98955,2,1,0,1
99009,99011,3,2,0,1
99016,99018,3,1,0,2
99037,99039,3,1,0,2
99045,99046,2,1,0,1
99063,99065,3,2,0,1
99092,99097,6,1,2,3
99114,99116,3,1,1,1
99118,99120,3,1,1,1
99131,99135,5,2,1,2
99162,99165,4,1,2,1
99169,99172,4,1,2,1
99184,99185,2,1,0,1
99186,99188,3,1,0,2
99197,99198,2,1,0,1
99221,99228,8,3,4,1
99238,99240,3,2,0,1
99267,99268,2,1,0,1
99279,99280,2,1,0,1
99281,99287,7,1,2,4
99292,99294,3,1,1,1
99298,99299,2,1,0,1
99300,99301,2,1,0,1
99336,99339,4,1,1,2
99341,99342,2,1,0,1
99353,99354,2,1,0,1
99355,99357,3,2,0,1
99364,99366,3,1,1,1
99367,99368,2,1,0,1
99380,99381,2,1,0,1
99382,99383,2,1,0,1
99390,99392,3,2,0,1
99437,99439,3,1,1,1
99458,99461,4,1,2,1
99520,99522,3,1,1,1
99531,99532,2,1,0,1
99535,99536,2,1,0,1
99538,99540,3,2,0,1
99541,99542,2,1,0,1
99560,99561,2,1,0,1
99570,99574,5,2,1,2
99575,99576,2,1,0,1
99640,99642,3,1,1,1
99675,99676,2,1,0,1
99681,99684,4,1,2,1
99689,99691,3,1,1,1
99704,99705,2,1,0,1
99717,99718,2,1,0,1
99722,99725,4,1,2,1
99728,99730,3,1,1,1
99744,99746,3,2,0,1
99763,99765,3,1,0,2
99772,99775,4,1,2,1
99798,99799,2,1,0,1
99805,99806,2,1,0,1
99812,99814,3,2,0,1
99840,99841,2,1,0,1
99843,99845,3,2,0,1
99848,99851,4,2,1,1
99865,99867,3,1,1,1
99880,99883,4,1,2,1
99890,99893,4,1,2,1
99898,99901,4,2,0,2
99930,99931,2,1,0,1
99932,99935,4,3,0,1
99951,99952,2,1,0,1
99967,99969,3,2,0,1
100031,100033,3,1,1,1
100060,100067,8,4,2,2
100068,100072,5,2,0,3
100074,100077,4,1,1,2
100095,100097,3,1,1,1
100102,100103,2,1,0,1
100115,100117,3,1,1,1
100153,100155,3,1,0,2
100189,100192,4,1,2,1
100195,100199,5,4,0,1
100219,100220,2,1,0,1
100228,100231,4,2,1,1
100240,100241,2,1,0,1
100263,100265,3,1,1,1
100278,100280,3,1,1,1
100320,100321,2,1,0,1
100382,100385,4,1,0,3
100398,100400,3,2,0,1
100412,100414,3,1,0,2
100417,100418,2,1,0,1
100432,100434,3,1,0,2
100460,100463,4,1,2,1
100475,100476,2,1,0,1
100494,100495,2,1,0,1
100516,100518,3,2,0,1
100554,100555,2,1,0,1
100596,100598,3,1,0,2
100601,100602,2,1,0,1
100613,100615,3,1,1,1
100621,100622,2,1,0,1
100623,100624,2,1,0,1
100630,100633,4,3,0,1
100645,100646,2,1,0,1
100665,100666,2,1,0,1
100672,100674,3,1,1,1
100680,100682,3,1,0,2
100686,100688,3,1,1,1
100689,100690,2,1,0,1
100708,100711,4,1,1,2
100719,100723,5,1,1,3
100728,100731,4,3,0,1
100733,100735,3,1,0,2
100743,100744,2,1,0,1
100759,100761,3,1,1,1
100770,100771,2,1,0,1
100774,100775,2,1,0,1
100800,100803,4,1,2,1
100809,100813,5,1,2,2
100817,100818,2,1,0,1
100825,100827,3,1,1,1
100831,100833,3,1,1,1
100847,100849,3,2,0,1
100859,100861,3,1,1,1
100869,100870,2,1,0,1
100897,100902,6,1,4,1
100920,100921,2,1,0,1
100922,100923,2,1,0,1
100924,100928,5,2,1,2
100947,100948,2,1,0,1
100978,100979,2,1,0,1
101027,101029,3,1,0,2
101042,101043,2,1,0,1
101050,101052,3,1,1,1
101068,101070,3,2,0,1
101080,101081,2,1,0,1
101102,101103,2,1,0,1
101111,101112,2,1,0,1
101113,101114,2,1,0,1
101129,101131,3,1,1,1
101137,101139,3,1,1,1
101166,101167,2,1,0,1
101182,101186,5,4,0,1
101196,101197,2,1,0,1
101220,101221,2,1,0,1
101257,101259,3,1,1,1
101273,101275,3,2,0,1
101286,101289,4,1,1,2
101363,101365,3,1,1,1
101391,101395,5,2,2,1
101396,101398,3,2,0,1
101402,101405,4,2,1,1
101408,101410,3,1,1,1
101420,101421,2,1,0,1
101425,101426,2,1,0,1
101427,101430,4,1,0,3
101458,101461,4,2,1,1
101518,101519,2,1,0,1
101533,101534,2,1,0,1
101544,101545,2,1,0,1
101552,101555,4,2,1,1
101568,101570,3,1,1,1
101572,101573,2,1,0,1
101592,101596,5,1,3,1
101598,101600,3,2,0,1
101643,101644,2,1,0,1
101660,101662,3,1,1,1
101670,101671,2,1,0,1
101672,101674,3,1,0,2
101679,101680,2,1,0,1
101689,101691,3,2,0,1
101703,101704,2,1,0,1
101714,101720,7,2,4,1
101726,101727,2,1,0,1
101742,101743,2,1,0,1
101763,101766,4,1,2,1
101767,101770,4,2,1,1
101785,101787,3,1,0,2
101813,101814,2,1,0,1
101828,101832,5,1,3,1
101854,101856,3,1,1,1
101865,101867,3,1,1,1
101873,101875,3,1,1,1
101884,101886,3,1,0,2
101889,101890,2,1,0,1
101922,101924,3,1,1,1
101948,101949,2,1,0,1
101967,101971,5,1,2,2
101998,102000,3,1,0,2
102066,102067,2,1,0,1
102078,102080,3,1,1,1
102101,102102,2,1,0,1
102105,102106,2,1,0,1
102119,102120,2,1,0,1
102130,102131,2,1,0,1
102139,102141,3,2,0,1
102156,102163,8,2,5,1
102196,102197,2,1,0,1
102202,102203,2,1,0,1
102208,102210,3,1,0,2
102277,102278,2,1,0,1
102306,102307,2,1,0,1
102319,102322,4,1,0,3
102339,102340,2,1,0,1
102388,102389,2,1,0,1
102424,102426,3,2,0,1
102438,102440,3,1,0,2
102443,102445,3,1,0,2
102450,102458,9,5,0,4
102462,102464,3,1,1,1
102474,102475,2,1,0,1
102479,102480,2,1,0,1
102498,102499,2,1,0,1
102532,102533,2,1,0,1
102535,102537,3,1,0,2
102538,102540,3,1,1,1
102541,102544,4,1,0,3
102574,102575,2,1,0,1
102585,102587,3,1,0,2
102604,102608,5,1,3,1
102610,102613,4,1,1,2
102620,102624,5,2,1,2
102636,102638,3,2,0,1
102648,102654,7,5,1,1
102657,102660,4,1,2,1
102716,102718,3,2,0,1
102725,102729,5,2,0,3
102730,102731,2,1,0,1
102732,102735,4,1,2,1
102736,102738,3,2,0,1
102743,102744,2,1,0,1
102746,102748,3,2,0,1
102749,102751,3,2,0,1
102774,102776,3,2,0,1
102793,102795,3,2,0,1
102796,102800,5,1,3,1
102844,102846,3,1,0,2
102876,102878,3,2,0,1
102882,102883,2,1,0,1
102884,102887,4,1,1,2
102923,102926,4,1,2,1
102931,102935,5,3,1,1
102937,102939,3,2,0,1
102962,102963,2,1,0,1
102969,102972,4,3,0,1
102976,102977,2,1,0,1
102991,102997,7,5,1,1
103013,103016,4,3,0,1
103023,103027,5,4,0,1
103031,103035,5,1,2,2
103049,103052,4,1,2,1
103055,103060,6,1,4,1
103069,103072,4,3,0,1
103076,103078,3,1,0,2
103082,103085,4,2,1,1
103121,103122,2,1,0,1
103130,103135,6,3,2,1
103141,103143,3,2,0,1
103154,103156,3,2,0,1
103175,103177,3,2,0,1
103189,103192,4,2,1,1
103197,103205,9,1,6,2
103209,103212,4,2,1,1
103216,103221,6,2,0,4
103222,103224,3,1,1,1
103233,103237,5,1,1,3
103241,103243,3,1,0,2
103248,103250,3,1,1,1
103251,103254,4,1,2,1
103255,103256,2,1,0,1
103312,103313,2,1,0,1
103315,103316,2,1,0,1
103325,103331,7,1,4,2
103335,103342,8,2,3,3
103383,103385,3,1,1,1
103403,103405,3,1,0,2
103406,103407,2,1,0,1
103408,103412,5,2,1,2
103419,103423,5,2,2,1
103445,103447,3,1,1,1
103462,103465,4,2,0,2
103466,103467,2,1,0,1
103469,103470,2,1,0,1
103495,103498,4,1,2,1
103501,103503,3,2,0,1
103513,103516,4,3,0,1
103518,103523,6,1,4,1
103560,103561,2,1,0,1
103562,103563,2,1,0,1
103579,103582,4,1,2,1
103585,103587,3,1,1,1
103597,103599,3,1,1,1
103612,103613,2,1,0,1
103629,103631,3,2,0,1
103671,103676,6,5,0,1
103682,103684,3,2,0,1
103685,103687,3,2,0,1
103698,103701,4,3,0,1
103727,103732,6,1,4,1
103733,103737,5,4,0,1
103739,103744,6,1,4,1
103750,103752,3,1,1,1
103753,103755,3,1,1,1
103756,103758,3,1,1,1
103778,103780,3,1,0,2
103784,103786,3,2,0,1
103789,103791,3,2,0,1
103793,103795,3,1,0,2
103807,103808,2,1,0,1
103817,103820,4,1,2,1
103835,103843,9,3,2,4
103847,103848,2,1,0,1
103864,103865,2,1,0,1
103876,103880,5,1,3,1
103894,103896,3,1,1,1
103909,103910,2,1,0,1
103912,103913,2,1,0,1
103947,103949,3,1,0,2
103951,103953,3,2,0,1
103955,103961,7,3,2,2
103968,103970,3,1,1,1
103975,103976,2,1,0,1
103982,103986,5,1,0,4
103994,103995,2,1,0,1
103996,103999,4,2,1,1
104001,104002,2,1,0,1
104006,104011,6,4,1,1
104014,104016,3,1,1,1
104047,104052,6,5,0,1
104069,104070,2,1,0,1
104071,104072,2,1,0,1
104097,104104,8,1,4,3
104120,104121,2,1,0,1
104139,104140,2,1,0,1
104142,104147,6,1,0,5
104151,104152,2,1,0,1
104164,104172,9,3,3,3
104204,104205,2,1,0,1
104206,104209,4,1,1,2
104210,104211,2,1,0,1
104232,104233,2,1,0,1
104244,104246,3,1,1,1
104270,104271,2,1,0,1
104278,104279,2,1,0,1
104280,104282,3,2,0,1
104321,104323,3,2,0,1
104331,104333,3,1,1,1
104345,104348,4,1,2,1
104394,104397,4,1,0,3
104455,104456,2,1,0,1
104463,104464,2,1,0,1
104474,104478,5,2,2,1
104497,104499,3,1,0,2
104513,104515,3,1,1,1
104539,104540,2,1,0,1
104550,104552,3,2,0,1
104615,104616,2,1,0,1
104633,104634,2,1,0,1
104639,104640,2,1,0,1
104693,104694,2,1,0,1
104702,104704,3,1,1,1
104712,104713,2,1,0,1
104857,104859,3,1,0,2
104864,104865,2,1,0,1
104893,104895,3,1,0,2
104933,104935,3,1,1,1
104977,104978,2,1,0,1
105012,105014,3,1,0,2
105043,105045,3,2,0,1
105070,105071,2,1,0,1
105082,105083,2,1,0,1
105108,105110,3,1,1,1
105156,105162,7,5,0,2
105198,105201,4,3,0,1
105244,105245,2,1,0,1
105287,105291,5,1,2,2
105488,105491,4,1,0,3
105543,105550,8,3,1,4
105633,105634,2,1,0,1
105755,105757,3,2,0,1
105804,105805,2,1,0,1
105807,105809,3,1,1,1
105897,105900,4,2,1,1
105965,105966,2,1,0,1
105976,105983,8,5,0,3
106083,106084,2,1,0,1
106187,106189,3,2,0,1
106199,106201,3,1,0,2
106227,106233,7,4,2,1
106580,106584,5,2,1,2
106595,106596,2,1,0,1
106608,106609,2,1,0,1
106672,106673,2,1,0,1
106676,106678,3,2,0,1
106694,106695,2,1,0,1
106738,106742,5,3,0,2
106758,106763,6,2,2,2
106792,106794,3,2,0,1
106816,106818,3,1,1,1
106880,106884,5,1,0,4
106901,106902,2,1,0,1
106948,106954,7,1,5,1
107010,107011,2,1,0,1
107030,107032,3,1,0,2
107060,107062,3,1,1,1
107069,107070,2,1,0,1
107092,107095,4,2,1,1
107209,107216,8,1,0,7
107505,107510,6,5,0,1
107519,107521,3,1,1,1
107530,107534,5,2,2,1
107535,107538,4,2,1,1
107539,107541,3,1,1,1
107562,107564,3,1,1,1
107579,107580,2,1,0,1
107588,107591,4,1,2,1
107595,107600,6,2,3,1
107623,107625,3,1,0,2
107664,107665,2,1,0,1
107790,107793,4,2,1,1
107801,107802,2,1,0,1
107812,107815,4,3,0,1
107818,107819,2,1,0,1
107877,107878,2,1,0,1
108026,108029,4,3,0,1
108101,108102,2,1,0,1
108108,108111,4,2,1,1
108139,108141,3,2,0,1
108158,108160,3,2,0,1
108164,108165,2,1,0,1
108168,108172,5,4,0,1
108175,108180,6,4,1,1
108182,108186,5,3,1,1
108214,108217,4,3,0,1
108259,108260,2,1,0,1
108310,108311,2,1,0,1
108317,108318,2,1,0,1
108340,108341,2,1,0,1
108343,108347,5,2,2,1
108380,108383,4,3,0,1
108412,108415,4,3,0,1
108417,108422,6,4,1,1
108436,108439,4,2,1,1
108467,108468,2,1,0,1
108469,108470,2,1,0,1
108476,108478,3,1,1,1
108482,108483,2,1,0,1
108513,108516,4,1,2,1
108561,108563,3,2,0,1
108564,108566,3,1,1,1
108585,108590,6,3,2,1
108595,108603,9,2,6,1
108609,108611,3,1,1,1
108640,108641,2,1,0,1
108650,108652,3,2,0,1
108671,108673,3,2,0,1
108679,108680,2,1,0,1
108705,108708,4,3,0,1
108712,108714,3,2,0,1
108717,108723,7,5,0,2
108730,108734,5,2,2,1
108788,108792,5,1,3,1
108796,108800,5,3,1,1
108810,108812,3,1,0,2
108815,108818,4,2,1,1
108837,108844,8,4,1,3
108856,108858,3,1,1,1
108879,108880,2,1,0,1
108883,108886,4,1,0,3
108891,108895,5,2,1,2
108940,108944,5,4,0,1
108956,108961,6,2,3,1
108985,108988,4,3,0,1
108996,109001,6,5,0,1
109021,109023,3,1,1,1
109024,109026,3,2,0,1
109036,109037,2,1,0,1
109043,109045,3,1,1,1
109052,109055,4,3,0,1
109056,109057,2,1,0,1
109068,109077,10,5,4,1
109078,109079,2,1,0,1
109084,109088,5,3,1,1
109091,109093,3,1,1,1
109096,109097,2,1,0,1
109098,109099,2,1,0,1
109107,109109,3,2,0,1
109125,109126,2,1,0,1
109128,109129,2,1,0,1
109138,109142,5,2,2,1
109159,109163,5,4,0,1
109166,109168,3,1,0,2
109173,109174,2,1,0,1
109176,109178,3,2,0,1
109192,109193,2,1,0,1
109198,109200,3,1,1,1
109214,109219,6,5,0,1
109220,109223,4,3,0,1
109233,109234,2,1,0,1
109237,109239,3,1,1,1
109265,109267,3,2,0,1
109291,109293,3,1,1,1
109294,109296,3,1,0,2
109299,109301,3,2,0,1
109315,109316,2,1,0,1
109327,109328,2,1,0,1
109329,109331,3,1,1,1
109332,109334,3,1,0,2
109335,109341,7,1,5,1
109342,109344,3,1,0,2
109351,109352,2,1,0,1
109356,109357,2,1,0,1
109358,109361,4,1,2,1
109368,109369,2,1,0,1
109374,109375,2,1,0,1
109391,109392,2,1,0,1
109396,109397,2,1,0,1
109415,109416,2,1,0,1
109423,109424,2,1,0,1
109429,109431,3,1,1,1
109439,109442,4,2,1,1
109470,109472,3,2,0,1
109482,109483,2,1,0,1
109484,109487,4,3,0,1
109494,109495,2,1,0,1
109526,109529,4,3,0,1
109533,109534,2,1,0,1
109535,109537,3,2,0,1
109548,109550,3,2,0,1
109553,109558,6,3,1,2
109559,109560,2,1,0,1
109561,109563,3,2,0,1
109564,109565,2,1,0,1
109569,109572,4,1,2,1
109603,109605,3,2,0,1
109615,109620,6,1,4,1
109623,109631,9,5,2,2
109632,109634,3,1,0,2
109650,109657,8,5,2,1
109662,109666,5,3,0,2
109680,109685,6,5,0,1
109688,109691,4,2,1,1
109692,109698,7,4,1,2
109702,109706,5,1,2,2
109719,109720,2,1,0,1
109737,109739,3,1,1,1
109741,109746,6,1,2,3
109747,109748,2,1,0,1
109764,109765,2,1,0,1
109795,109796,2,1,0,1
109803,109807,5,3,1,1
109814,109815,2,1,0,1
109816,109819,4,1,0,3
109830,109837,8,5,2,1
109866,109867,2,1,0,1
109882,109883,2,1,0,1
109891,109895,5,4,0,1
109902,109906,5,3,1,1
109909,109911,3,1,1,1
109918,109919,2,1,0,1
109921,109922,2,1,0,1
109925,109926,2,1,0,1
109941,109943,3,2,0,1
109952,109957,6,3,2,1
109962,109964,3,1,1,1
109968,109974,7,2,4,1
109984,109987,4,1,2,1
109990,109992,3,1,0,2
109997,110000,4,1,0,3
110007,110008,2,1,0,1
110022,110025,4,3,0,1
110032,110034,3,1,1,1
110042,110045,4,3,0,1
110048,110052,5,1,2,2
110053,110056,4,1,0,3
110070,110071,2,1,0,1
110080,110081,2,1,0,1
110086,110087,2,1,0,1
110090,110092,3,2,0,1
110093,110095,3,1,1,1
110096,110098,3,2,0,1
110103,110108,6,2,3,1
110158,110160,3,2,0,1
110165,110166,2,1,0,1
110174,110178,5,4,0,1
110184,110185,2,1,0,1
110186,110188,3,1,1,1
110211,110213,3,1,1,1
110219,110220,2,1,0,1
110241,110245,5,4,0,1
110246,110247,2,1,0,1
110253,110254,2,1,0,1
110265,110269,5,2,2,1
110285,110292,8,5,2,1
110299,110300,2,1,0,1
110308,110310,3,1,1,1
110311,110313,3,1,0,2
110320,110322,3,1,1,1
110326,110330,5,1,3,1
110331,110332,2,1,0,1
110343,110344,2,1,0,1
110347,110350,4,2,0,2
110372,110374,3,1,0,2
110377,110380,4,3,0,1
110383,110384,2,1,0,1
110396,110398,3,1,0,2
110407,110413,7,5,1,1
110451,110456,6,1,4,1
110468,110471,4,3,0,1
110473,110476,4,1,2,1
110477,110482,6,2,3,1
110483,110486,4,2,1,1
110491,110495,5,2,2,1
110498,110499,2,1,0,1
110529,110530,2,1,0,1
110534,110537,4,2,1,1
110547,110548,2,1,0,1
110561,110563,3,1,1,1
110564,110567,4,2,1,1
110575,110576,2,1,0,1
110613,110614,2,1,0,1
110633,110634,2,1,0,1
110637,110641,5,3,1,1
110654,110658,5,1,3,1
110665,110671,7,5,1,1
110672,110673,2,1,0,1
110689,110691,3,2,0,1
110695,110697,3,1,1,1
110731,110734,4,3,0,1
110753,110754,2,1,0,1
110755,110756,2,1,0,1
110769,110770,2,1,0,1
110773,110776,4,1,2,1
110796,110798,3,2,0,1
110804,110806,3,2,0,1
110820,110821,2,1,0,1
110862,110864,3,1,0,2
110875,110878,4,1,2,1
110904,110906,3,1,1,1
110907,110910,4,3,0,1
110918,110922,5,4,0,1
110923,110926,4,3,0,1
110930,110931,2,1,0,1
110938,110943,6,5,0,1
110960,110964,5,3,1,1
110972,110978,7,1,4,2
110981,110985,5,1,3,1
111001,111002,2,1,0,1
111003,111004,2,1,0,1
111005,111009,5,4,0,1
111018,111023,6,1,4,1
111037,111040,4,1,2,1
111046,111049,4,2,1,1
111054,111055,2,1,0,1
111056,111059,4,3,0,1
111064,111066,3,2,0,1
111067,111069,3,1,1,1
111073,111077,5,1,3,1
111099,111101,3,2,0,1
111114,111123,10,1,7,2
111124,111125,2,1,0,1
111126,111129,4,1,2,1
111139,111141,3,1,0,2
111150,111152,3,2,0,1
111158,111164,7,1,5,1
111180,111183,4,2,1,1
111188,111193,6,2,3,1
111219,111222,4,2,1,1
111224,111225,2,1,0,1
111226,111230,5,4,0,1
111252,111253,2,1,0,1
111258,111263,6,1,3,2
111277,111279,3,1,0,2
111283,111285,3,1,0,2
111286,111289,4,2,1,1
111304,111309,6,2,3,1
111334,111339,6,1,4,1
111340,111342,3,2,0,1
111346,111347,2,1,0,1
111385,111389,5,4,0,1
111403,111408,6,2,3,1
111423,111426,4,2,1,1
111436,111442,7,3,3,1
111452,111456,5,1,2,2
111462,111463,2,1,0,1
111469,111470,2,1,0,1
111489,111490,2,1,0,1
111495,111499,5,4,0,1
111505,111507,3,1,1,1
111511,111512,2,1,0,1
111516,111521,6,3,1,2
111540,111542,3,2,0,1
111543,111546,4,2,1,1
111576,111577,2,1,0,1
111580,111582,3,2,0,1
111593,111595,3,1,1,1
111596,111598,3,1,0,2
111605,111608,4,1,2,1
111623,111624,2,1,0,1
111625,111629,5,1,2,2
111631,111636,6,4,1,1
111637,111638,2,1,0,1
111640,111643,4,3,0,1
111652,111653,2,1,0,1
111654,111655,2,1,0,1
111667,111669,3,1,1,1
111670,111671,2,1,0,1
111705,111706,2,1,0,1
111711,111714,4,2,1,1
111724,111726,3,1,1,1
111728,111730,3,2,0,1
111731,111734,4,3,0,1
111756,111759,4,2,1,1
111788,111790,3,2,0,1
111804,111806,3,2,0,1
111812,111816,5,2,2,1
111820,111823,4,1,2,1
111827,111830,4,3,0,1
111839,111843,5,4,0,1
111853,111855,3,2,0,1
111856,111859,4,1,2,1
111860,111862,3,1,1,1
111875,111876,2,1,0,1
111881,111883,3,1,1,1
111888,111893,6,5,0,1
111922,111925,4,2,0,2
111943,111944,2,1,0,1
111945,111946,2,1,0,1
111962,111966,5,2,2,1
111971,111974,4,3,0,1
111977,111979,3,1,0,2
111980,111982,3,2,0,1
111990,111991,2,1,0,1
111992,111996,5,2,2,1
111997,111999,3,2,0,1
112000,112001,2,1,0,1
112002,112006,5,1,2,2
112012,112015,4,2,0,2
112021,112022,2,1,0,1
112034,112035,2,1,0,1
112038,112039,2,1,0,1
112054,112056,3,2,0,1
112064,112068,5,1,3,1
112069,112072,4,2,1,1
112077,112079,3,2,0,1
112080,112081,2,1,0,1
112085,112086,2,1,0,1
112094,112096,3,2,0,1
112111,112114,4,1,2,1
112116,112118,3,1,1,1
112120,112124,5,3,1,1
112129,112132,4,1,2,1
112135,112140,6,1,3,2
112189,112192,4,3,0,1
112226,112229,4,2,1,1
112230,112232,3,1,0,2
112235,112238,4,2,0,2
112256,112260,5,2,2,1
112263,112265,3,2,0,1
112270,112271,2,1,0,1
112278,112281,4,2,1,1
112287,112288,2,1,0,1
112316,112317,2,1,0,1
112318,112319,2,1,0,1
112328,112329,2,1,0,1
112330,112332,3,1,1,1
112338,112341,4,1,2,1
112348,112349,2,1,0,1
112365,112366,2,1,0,1
112368,112370,3,2,0,1
112371,112373,3,1,1,1
112381,112386,6,5,0,1
112393,112395,3,1,1,1
112398,112400,3,2,0,1
112411,112414,4,1,2,1
112430,112431,2,1,0,1
112433,112441,9,5,3,1
112454,112456,3,2,0,1
112457,112460,4,2,1,1
112466,112471,6,5,0,1
112505,112507,3,1,1,1
112512,112516,5,2,2,1
112521,112526,6,2,3,1
112529,112530,2,1,0,1
112531,112533,3,1,1,1
112537,112539,3,2,0,1
112541,112543,3,2,0,1
112556,112561,6,1,4,1
112581,112584,4,3,0,1
112589,112591,3,2,0,1
112599,112605,7,2,4,1
112629,112631,3,2,0,1
112636,112638,3,2,0,1
112689,112690,2,1,0,1
112694,112697,4,2,1,1
112704,112707,4,3,0,1
112711,112713,3,2,0,1
112723,112726,4,3,0,1
112727,112729,3,1,0,2
112731,112732,2,1,0,1
112733,112735,3,1,1,1
112770,112771,2,1,0,1
112779,112780,2,1,0,1
112782,112784,3,1,0,2
112785,112786,2,1,0,1
112789,112790,2,1,0,1
112804,112806,3,2,0,1
112812,112820,9,5,3,1
112822,112825,4,3,0,1
112827,112829,3,1,0,2
112865,112869,5,3,1,1
112894,112897,4,1,2,1
112942,112944,3,2,0,1
112963,112965,3,2,0,1
112973,112974,2,1,0,1
112985,112988,4,2,1,1
112996,112998,3,1,1,1
113000,113006,7,2,4,1
113028,113031,4,2,0,2
113046,113048,3,1,1,1
113049,113050,2,1,0,1
113054,113057,4,1,2,1
113079,113080,2,1,0,1
113084,113090,7,2,3,2
113091,113095,5,4,0,1
113096,113098,3,1,1,1
113140,113143,4,2,0,2
113155,113160,6,4,1,1
113161,113164,4,1,2,1
113171,113172,2,1,0,1
113179,113180,2,1,0,1
113181,113183,3,2,0,1
113189,113192,4,2,1,1
113193,113199,7,3,2,2
113203,113204,2,1,0,1
113205,113208,4,3,0,1
113213,113216,4,1,2,1
113217,113218,2,1,0,1
113225,113227,3,1,1,1
113230,113237,8,5,0,3
113257,113258,2,1,0,1
113274,113278,5,1,3,1
113303,113304,2,1,0,1
113328,113330,3,2,0,1
113338,113345,8,1,5,2
113355,113358,4,2,0,2
113361,113365,5,4,0,1
113380,113383,4,3,0,1
113392,113398,7,2,4,1
113418,113420,3,1,0,2
113423,113428,6,1,4,1
113429,113433,5,4,0,1
113437,113439,3,1,1,1
113458,113460,3,1,1,1
113464,113467,4,1,2,1
113483,113484,2,1,0,1
113485,113489,5,1,1,3
113492,113494,3,2,0,1
113501,113503,3,2,0,1
113532,113533,2,1,0,1
113539,113540,2,1,0,1
113556,113557,2,1,0,1
113567,113569,3,1,1,1
113601,113607,7,2,4,1
113608,113609,2,1,0,1
113639,113642,4,2,1,1
113643,113644,2,1,0,1
113645,113648,4,3,0,1
113655,113660,6,1,4,1
113676,113679,4,1,2,1
113690,113693,4,3,0,1
113710,113713,4,1,1,2
113745,113746,2,1,0,1
113748,113749,2,1,0,1
113774,113776,3,2,0,1
113777,113778,2,1,0,1
113781,113782,2,1,0,1
113798,113800,3,2,0,1
113810,113812,3,2,0,1
113833,113835,3,1,1,1
113839,113842,4,3,0,1
113844,113850,7,3,3,1
113853,113856,4,2,1,1
113857,113860,4,3,0,1
113861,113863,3,1,1,1
113871,113873,3,1,1,1
113892,113893,2,1,0,1
113897,113899,3,1,1,1
113904,113906,3,2,0,1
113922,113924,3,1,1,1
113935,113937,3,2,0,1
113947,113948,2,1,0,1
113951,113953,3,1,1,1
113956,113960,5,3,0,2
113968,113970,3,2,0,1
113987,113990,4,1,2,1
113991,113994,4,1,2,1
114009,114012,4,1,2,1
114016,114019,4,3,0,1
114021,114023,3,1,1,1
114035,114039,5,2,2,1
114041,114042,2,1,0,1
114057,114058,2,1,0,1
114059,114060,2,1,0,1
114061,114062,2,1,0,1
114069,114076,8,1,6,1
114077,114079,3,1,1,1
114081,114085,5,3,1,1
114089,114090,2,1,0,1
114104,114106,3,2,0,1
114108,114109,2,1,0,1
114136,114137,2,1,0,1
114148,114149,2,1,0,1
114154,114157,4,1,1,2
114158,114159,2,1,0,1
114162,114163,2,1,0,1
114173,114179,7,4,2,1
114188,114189,2,1,0,1
114195,114197,3,1,1,1
114222,114223,2,1,0,1
114225,114230,6,1,4,1
114235,114240,6,3,2,1
114242,114246,5,3,1,1
114260,114261,2,1,0,1
114296,114299,4,3,0,1
114314,114315,2,1,0,1
114318,114322,5,1,2,2
114324,114326,3,2,0,1
114327,114328,2,1,0,1
114329,114330,2,1,0,1
114337,114343,7,5,1,1
114349,114351,3,1,1,1
114352,114353,2,1,0,1
114390,114391,2,1,0,1
114399,114402,4,1,2,1
114408,114409,2,1,0,1
114416,114417,2,1,0,1
114421,114422,2,1,0,1
114423,114425,3,1,0,2
114438,114439,2,1,0,1
114457,114459,3,1,1,1
114484,114487,4,2,1,1
114488,114492,5,2,2,1
114497,114498,2,1,0,1
114499,114503,5,1,3,1
114504,114505,2,1,0,1
114507,114510,4,2,0,2
114532,114538,7,1,5,1
114541,114552,12,2,9,1
114558,114560,3,1,1,1
114563,114567,5,1,3,1
114574,114579,6,5,0,1
114591,114596,6,1,4,1
114613,114617,5,1,3,1
114618,114620,3,2,0,1
114628,114629,2,1,0,1
114645,114647,3,2,0,1
114655,114656,2,1,0,1
114663,114665,3,1,1,1
114668,114671,4,3,0,1
114676,114678,3,2,0,1
114682,114683,2,1,0,1
114686,114693,8,5,2,1
114700,114702,3,1,1,1
114711,114715,5,2,2,1
114720,114721,2,1,0,1
114724,114728,5,2,2,1
114737,114741,5,1,3,1
114744,114749,6,4,1,1
114762,114764,3,1,1,1
114780,114792,13,1,11,1
114810,114812,3,1,1,1
114819,114821,3,2,0,1
114828,114830,3,1,1,1
114833,114836,4,2,1,1
114841,114842,2,1,0,1
114848,114850,3,1,0,2
114851,114855,5,1,3,1
114858,114859,2,1,0,1
114867,114871,5,3,1,1
114873,114879,7,5,0,2
114895,114901,7,5,1,1
114928,114929,2,1,0,1
114936,114939,4,2,1,1
114947,114949,3,2,0,1
114961,114964,4,2,1,1
114967,114969,3,1,1,1
115001,115004,4,1,1,2
115009,115010,2,1,0,1
115011,115014,4,3,0,1
115047,115050,4,1,2,1
115054,115055,2,1,0,1
115069,115070,2,1,0,1
115075,115076,2,1,0,1
115089,115090,2,1,0,1
115097,115103,7,1,5,1
115113,115119,7,5,1,1
115121,115126,6,5,0,1
115129,115132,4,2,1,1
115138,115142,5,2,2,1
115152,115154,3,1,1,1
115155,115158,4,2,1,1
115164,115170,7,1,5,1
115175,115179,5,1,3,1
115196,115201,6,1,4,1
115210,115211,2,1,0,1
115225,115226,2,1,0,1
115228,115232,5,4,0,1
115265,115266,2,1,0,1
115269,115271,3,2,0,1
115288,115290,3,2,0,1
115300,115303,4,3,0,1
115309,115312,4,2,1,1
115313,115315,3,2,0,1
115316,115319,4,1,1,2
115328,115332,5,4,0,1
115349,115351,3,2,0,1
115354,115356,3,1,1,1
115361,115366,6,3,2,1
115371,115377,7,1,5,1
115387,115389,3,1,1,1
115390,115391,2,1,0,1
115392,115393,2,1,0,1
115397,115399,3,1,1,1
115424,115428,5,4,0,1
115437,115443,7,1,5,1
115445,115447,3,1,1,1
115463,115467,5,3,1,1
115468,115469,2,1,0,1
115474,115477,4,1,1,2
115485,115486,2,1,0,1
115499,115501,3,2,0,1
115502,115504,3,1,1,1
115505,115510,6,2,3,1
115515,115516,2,1,0,1
115528,115529,2,1,0,1
115544,115545,2,1,0,1
115549,115552,4,3,0,1
115555,115558,4,3,0,1
115561,115564,4,3,0,1
115587,115588,2,1,0,1
115597,115598,2,1,0,1
115600,115602,3,1,1,1
115628,115630,3,2,0,1
115631,115632,2,1,0,1
115635,115638,4,3,0,1
115643,115644,2,1,0,1
115669,115673,5,2,2,1
115677,115679,3,1,1,1
115684,115687,4,1,2,1
115690,115697,8,3,4,1
115702,115706,5,2,2,1
115711,115714,4,3,0,1
115732,115737,6,4,1,1
115745,115746,2,1,0,1
115751,115752,2,1,0,1
115757,115758,2,1,0,1
115759,115761,3,2,0,1
115793,115794,2,1,0,1
115796,115798,3,2,0,1
115813,115816,4,1,0,3
115830,115832,3,2,0,1
115841,115846,6,1,3,2
115863,115865,3,2,0,1
115871,115873,3,1,1,1
115877,115883,7,1,1,5
115884,115886,3,2,0,1
115912,115914,3,2,0,1
115918,115921,4,3,0,1
115934,115938,5,3,1,1
115948,115950,3,1,0,2
115957,115959,3,2,0,1
115962,115964,3,2,0,1
115978,115982,5,1,3,1
115985,115992,8,1,5,2
115998,116002,5,2,2,1
116013,116015,3,1,1,1
116019,116021,3,1,1,1
116032,116037,6,1,4,1
116046,116054,9,5,3,1
116078,116084,7,5,1,1
116085,116087,3,2,0,1
116092,116096,5,2,1,2
116107,116110,4,3,0,1
116115,116116,2,1,0,1
116120,116122,3,1,1,1
116130,116131,2,1,0,1
116150,116152,3,1,1,1
116153,116155,3,1,1,1
116160,116167,8,1,5,2
116202,116206,5,4,0,1
116211,116212,2,1,0,1
116233,116239,7,2,4,1
116241,116243,3,1,1,1
116244,116245,2,1,0,1
116251,116252,2,1,0,1
116260,116262,3,1,0,2
116278,116279,2,1,0,1
116285,116287,3,2,0,1
116288,116293,6,5,0,1
116308,116309,2,1,0,1
116315,116317,3,1,1,1
116319,116320,2,1,0,1
116335,116337,3,2,0,1
116344,116349,6,1,3,2
116350,116355,6,1,4,1
116368,116369,2,1,0,1
116384,116386,3,1,0,2
116407,116411,5,3,1,1
116414,116417,4,2,1,1
116424,116430,7,1,5,1
116455,116457,3,1,1,1
116462,116465,4,1,2,1
116496,116500,5,3,0,2
116501,116503,3,2,0,1
116506,116509,4,3,0,1
116512,116514,3,2,0,1
116522,116525,4,2,1,1
116530,116532,3,2,0,1
116546,116547,2,1,0,1
116548,116554,7,3,3,1
116562,116565,4,3,0,1
116566,116568,3,2,0,1
116569,116570,2,1,0,1
116573,116577,5,4,0,1
116578,116581,4,3,0,1
116589,116591,3,1,0,2
116592,116593,2,1,0,1
116594,116595,2,1,0,1
116602,116603,2,1,0,1
116611,116615,5,3,1,1
116618,116623,6,3,2,1
116626,116627,2,1,0,1
116632,116633,2,1,0,1
116637,116638,2,1,0,1
116639,116641,3,1,0,2
116649,116653,5,3,1,1
116657,116658,2,1,0,1
116665,116668,4,2,1,1
116669,116673,5,3,1,1
116687,116688,2,1,0,1
116689,116690,2,1,0,1
116704,116705,2,1,0,1
116738,116739,2,1,0,1
116749,116754,6,3,2,1
116770,116774,5,2,0,3
116775,116776,2,1,0,1
116778,116781,4,3,0,1
116790,116793,4,1,2,1
116794,116796,3,2,0,1
116801,116804,4,1,2,1
116809,116811,3,1,1,1
116812,116814,3,2,0,1
116821,116824,4,3,0,1
116839,116844,6,2,3,1
116855,116856,2,1,0,1
116863,116865,3,1,0,2
116875,116878,4,1,0,3
116893,116895,3,1,1,1
116909,116914,6,3,2,1
116919,116927,9,2,6,1
116933,116937,5,1,3,1
116946,116949,4,2,1,1
116959,116961,3,1,1,1
116965,116966,2,1,0,1
116976,116979,4,2,0,2
116980,116984,5,4,0,1
116994,116995,2,1,0,1
116996,117000,5,4,0,1
117004,117007,4,2,1,1
117011,117016,6,1,4,1
117018,117023,6,4,1,1
117048,117054,7,4,2,1
117068,117073,6,5,0,1
117082,117085,4,3,0,1
117094,117097,4,1,2,1
117098,117106,9,3,0,6
117111,117112,2,1,0,1
117116,117118,3,2,0,1
117119,117120,2,1,0,1
117121,117123,3,1,0,2
117125,117128,4,1,2,1
117135,117137,3,2,0,1
117139,117147,9,1,6,2
117159,117161,3,2,0,1
117168,117174,7,5,1,1
117182,117185,4,3,0,1
117186,117190,5,1,3,1
117213,117215,3,2,0,1
117230,117231,2,1,0,1
117233,117237,5,1,3,1
117240,117241,2,1,0,1
117246,117254,9,4,3,2
117290,117295,6,5,0,1
117296,117297,2,1,0,1
117315,117317,3,1,1,1
117320,117324,5,1,2,2
117362,117365,4,2,1,1
117375,117379,5,2,2,1
117386,117387,2,1,0,1
117393,117394,2,1,0,1
117396,117397,2,1,0,1
117399,117400,2,1,0,1
117401,117405,5,2,2,1
117415,117417,3,1,0,2
117420,117424,5,1,3,1
117435,117438,4,1,1,2
117443,117444,2,1,0,1
117448,117453,6,5,0,1
117463,117468,6,2,3,1
117496,117498,3,2,0,1
117508,117509,2,1,0,1
117524,117528,5,2,2,1
117529,117530,2,1,0,1
117541,117542,2,1,0,1
117549,117553,5,1,3,1
117563,117570,8,1,6,1
117582,117588,7,4,2,1
117590,117591,2,1,0,1
117598,117601,4,3,0,1
117602,117603,2,1,0,1
117608,117614,7,3,3,1
117626,117628,3,1,1,1
117636,117639,4,3,0,1
117653,117654,2,1,0,1
117673,117677,5,2,2,1
117680,117682,3,2,0,1
117685,117687,3,1,1,1
117691,117701,11,3,7,1
117702,117705,4,1,1,2
117709,117710,2,1,0,1
117711,117712,2,1,0,1
117752,117753,2,1,0,1
117781,117782,2,1,0,1
117787,117789,3,2,0,1
117797,117798,2,1,0,1
117801,117804,4,1,2,1
117807,117810,4,3,0,1
117825,117828,4,1,2,1
117845,117847,3,1,1,1
117850,117852,3,2,0,1
117858,117860,3,2,0,1
117863,117864,2,1,0,1
117865,117869,5,3,0,2
117892,117894,3,1,1,1
117898,117899,2,1,0,1
117914,117916,3,2,0,1
117931,117933,3,1,1,1
117950,117951,2,1,0,1
117952,117954,3,2,0,1
117955,117959,5,3,1,1
117974,117979,6,4,1,1
117985,117989,5,4,0,1
117991,117992,2,1,0,1
118000,118002,3,2,0,1
118003,118005,3,1,1,1
118006,118010,5,3,1,1
118020,118022,3,1,0,2
118023,118027,5,2,2,1
118041,118044,4,1,2,1
118054,118055,2,1,0,1
118056,118057,2,1,0,1
118059,118062,4,2,1,1
118064,118065,2,1,0,1
118079,118095,17,3,13,1
118099,118100,2,1,0,1
118103,118104,2,1,0,1
118110,118111,2,1,0,1
118116,118120,5,1,3,1
118121,118124,4,1,2,1
118139,118142,4,1,2,1
118143,118148,6,1,4,1
118158,118170,13,1,11,1
118179,118180,2,1,0,1
118198,118200,3,2,0,1
118206,118209,4,1,2,1
118219,118220,2,1,0,1
118221,118223,3,1,1,1
118230,118231,2,1,0,1
118236,118237,2,1,0,1
118246,118252,7,5,1,1
118267,118276,10,4,5,1
118281,118285,5,1,3,1
118286,118289,4,3,0,1
118294,118295,2,1,0,1
118305,118306,2,1,0,1
118327,118330,4,1,1,2
118347,118350,4,2,1,1
118354,118357,4,3,0,1
118358,118361,4,1,1,2
118371,118374,4,3,0,1
118394,118397,4,1,2,1
118398,118402,5,2,2,1
118429,118434,6,1,4,1
118437,118439,3,2,0,1
118449,118452,4,2,1,1
118463,118467,5,3,1,1
118473,118475,3,1,1,1
118538,118540,3,1,1,1
118576,118579,4,2,0,2
118585,118586,2,1,0,1
118589,118592,4,1,0,3
118596,118599,4,1,2,1
118623,118630,8,5,2,1
118647,118649,3,1,1,1
118657,118663,7,3,0,4
118667,118672,6,1,4,1
118673,118674,2,1,0,1
118677,118678,2,1,0,1
118680,118684,5,1,3,1
118688,118693,6,5,0,1
118699,118704,6,3,2,1
118711,118716,6,5,0,1
118740,118745,6,4,0,2
118746,118751,6,4,0,2
118755,118757,3,2,0,1
118758,118759,2,1,0,1
118760,118763,4,1,1,2
118773,118778,6,5,0,1
118781,118784,4,2,1,1
118798,118800,3,1,1,1
118801,118806,6,1,3,2
118809,118813,5,1,3,1
118815,118817,3,1,1,1
118828,118829,2,1,0,1
118832,118834,3,1,1,1
118838,118842,5,2,0,3
118851,118860,10,5,4,1
118872,118873,2,1,0,1
118886,118892,7,1,5,1
118893,118895,3,1,1,1
118905,118909,5,2,2,1
118914,118920,7,1,5,1
118923,118927,5,1,3,1
118928,118932,5,1,3,1
118933,118936,4,1,1,2
118940,118942,3,2,0,1
118943,118945,3,1,0,2
118949,118950,2,1,0,1
118951,118954,4,1,2,1
118957,118961,5,4,0,1
118962,118970,9,5,3,1
118971,118972,2,1,0,1
118991,118997,7,5,1,1
118999,119002,4,2,1,1
119008,119013,6,1,4,1
119020,119025,6,5,0,1
119030,119036,7,4,2,1
119054,119056,3,1,0,2
119062,119068,7,3,0,4
119070,119072,3,2,0,1
119077,119083,7,5,1,1
119094,119101,8,2,3,3
119104,119105,2,1,0,1
119112,119113,2,1,0,1
119122,119125,4,2,1,1
119133,119134,2,1,0,1
119142,119144,3,1,1,1
119152,119155,4,3,0,1
119163,119166,4,1,1,2
119180,119181,2,1,0,1
119191,119193,3,2,0,1
119209,119211,3,1,0,2
119217,119220,4,3,0,1
119225,119227,3,2,0,1
119230,119235,6,2,3,1
119236,119241,6,2,3,1
119260,119262,3,1,0,2
119273,119274,2,1,0,1
119304,119306,3,1,0,2
119312,119314,3,1,1,1
119315,119320,6,3,0,3
119326,119331,6,2,1,3
119339,119343,5,3,1,1
119345,119349,5,4,0,1
119360,119364,5,1,3,1
119366,119368,3,1,1,1
119379,119381,3,1,1,1
119400,119401,2,1,0,1
119405,119414,10,2,7,1
119431,119434,4,1,2,1
119440,119441,2,1,0,1
119462,119463,2,1,0,1
119476,119480,5,1,3,1
119485,119492,8,3,4,1
119494,119499,6,1,4,1
119505,119507,3,1,1,1
119512,119516,5,2,1,2
119521,119524,4,2,1,1
119530,119535,6,1,4,1
119540,119541,2,1,0,1
119547,119553,7,1,5,1
119555,119557,3,1,0,2
119558,119559,2,1,0,1
119563,119565,3,2,0,1
119569,119574,6,4,1,1
119575,119577,3,1,0,2
119587,119588,2,1,0,1
119606,119608,3,1,0,2
119617,119620,4,3,0,1
119647,119649,3,1,1,1
119650,119652,3,1,0,2
119653,119658,6,4,1,1
119663,119664,2,1,0,1
119666,119671,6,1,4,1
119672,119674,3,2,0,1
119675,119676,2,1,0,1
119686,119687,2,1,0,1
119697,119699,3,2,0,1
119705,119706,2,1,0,1
119711,119716,6,5,0,1
119719,119720,2,1,0,1
119725,119729,5,2,0,3
119731,119735,5,1,3,1
119738,119742,5,3,1,1
119745,119751,7,1,0,6
119753,119754,2,1,0,1
119772,119774,3,1,0,2
119791,119794,4,2,0,2
119802,119803,2,1,0,1
119815,119818,4,3,0,1
119821,119823,3,1,1,1
119840,119842,3,1,1,1
119881,119882,2,1,0,1
119894,119900,7,5,1,1
119901,119902,2,1,0,1
119909,119910,2,1,0,1
119911,119914,4,3,0,1
119923,119925,3,2,0,1
119937,119940,4,2,1,1
119944,119946,3,1,1,1
119947,119954,8,1,4,3
119959,119960,2,1,0,1
119961,119969,9,2,3,4
119974,119979,6,3,2,1
119985,119987,3,1,0,2
119988,119989,2,1,0,1
119991,119993,3,2,0,1
119994,119996,3,1,1,1
120030,120031,2,1,0,1
120032,120034,3,2,0,1
120041,120048,8,1,6,1
120109,120115,7,1,5,1
120125,120126,2,1,0,1
120182,120187,6,4,1,1
120191,120192,2,1,0,1
120212,120217,6,4,0,2
120219,120221,3,2,0,1
120236,120237,2,1,0,1
120238,120241,4,2,0,2
120261,120263,3,1,1,1
120268,120269,2,1,0,1
120272,120273,2,1,0,1
120274,120277,4,3,0,1
120285,120290,6,5,0,1
120293,120295,3,1,1,1
120302,120304,3,2,0,1
120306,120312,7,2,4,1
120313,120315,3,2,0,1
120323,120324,2,1,0,1
120326,120328,3,1,0,2
120340,120343,4,1,1,2
120346,120348,3,1,0,2
120359,120360,2,1,0,1
120390,120397,8,1,0,7
120403,120405,3,1,0,2
120406,120417,12,5,0,7
120438,120453,16,3,0,13
120455,120460,6,5,0,1
120465,120468,4,1,1,2
120494,120498,5,4,0,1
120503,120510,8,5,2,1
120539,120541,3,1,0,2
120599,120600,2,1,0,1
120625,120631,7,5,1,1
120652,120658,7,2,4,1
120676,120678,3,2,0,1
120680,120684,5,4,0,1
120688,120691,4,2,0,2
120693,120699,7,1,1,5
120715,120719,5,1,3,1
120720,120721,2,1,0,1
120743,120745,3,1,1,1
120792,120794,3,1,0,2
120795,120796,2,1,0,1
120831,120839,9,2,3,4
120857,120858,2,1,0,1
120887,120895,9,5,1,3
120930,120932,3,2,0,1
120949,120952,4,1,0,3
120956,120957,2,1,0,1
120988,120993,6,5,0,1
120994,120997,4,3,0,1
121009,121015,7,3,1,3
121017,121020,4,2,1,1
121028,121038,11,1,7,3
121090,121093,4,1,1,2
121103,121106,4,2,1,1
121120,121122,3,1,1,1
121148,121150,3,1,1,1
121157,121158,2,1,0,1
121162,121168,7,5,1,1
121177,121180,4,2,1,1
121187,121190,4,1,2,1
121193,121197,5,1,2,2
121216,121226,11,5,4,2
121240,121241,2,1,0,1
121253,121257,5,4,0,1
121260,121262,3,1,1,1
121264,121267,4,1,2,1
121268,121269,2,1,0,1
121273,121274,2,1,0,1
121281,121287,7,2,3,2
121288,121292,5,2,0,3
121300,121302,3,1,1,1
121324,121331,8,1,6,1
121334,121341,8,1,6,1
121363,121364,2,1,0,1
121365,121367,3,2,0,1
121372,121378,7,2,4,1
121431,121434,4,1,2,1
121516,121519,4,1,2,1
121533,121544,12,3,8,1
121559,121562,4,3,0,1
121567,121573,7,1,4,2
121585,121590,6,1,2,3
121601,121602,2,1,0,1
121604,121607,4,1,0,3
121701,121703,3,1,1,1
121713,121715,3,1,0,2
121754,121758,5,1,1,3
121765,121767,3,1,0,2
121822,121823,2,1,0,1
121824,121834,11,2,8,1
121845,121846,2,1,0,1
121905,121906,2,1,0,1
121935,121937,3,1,0,2
121942,121945,4,1,1,2
121998,122000,3,1,1,1
122009,122010,2,1,0,1
122043,122053,11,1,9,1
122097,122098,2,1,0,1
122099,122101,3,1,0,2
122108,122111,4,2,0,2
122115,122118,4,1,0,3
122120,122121,2,1,0,1
122200,122201,2,1,0,1
122245,122247,3,2,0,1
122248,122250,3,2,0,1
122271,122280,10,1,8,1
122296,122303,8,5,2,1
122322,122326,5,2,0,3
122339,122342,4,1,0,3
122353,122354,2,1,0,1
122364,122367,4,3,0,1
122368,122370,3,1,1,1
122413,122421,9,2,6,1
122422,122423,2,1,0,1
122430,122432,3,1,1,1
122441,122444,4,2,0,2
122471,122473,3,2,0,1
122492,122498,7,2,1,4
122538,122540,3,2,0,1
122544,122546,3,2,0,1
122561,122563,3,1,0,2
122568,122570,3,2,0,1
122571,122573,3,1,0,2
122621,122626,6,2,1,3
122666,122669,4,1,2,1
122739,122741,3,1,1,1
122746,122747,2,1,0,1
122753,122757,5,4,0,1
122781,122782,2,1,0,1
122785,122789,5,1,2,2
122791,122795,5,3,0,2
122800,122801,2,1,0,1
122806,122807,2,1,0,1
122808,122813,6,5,0,1
122838,122840,3,1,1,1
122850,122852,3,1,1,1
122900,122901,2,1,0,1
122909,122911,3,1,1,1
122914,122915,2,1,0,1
122982,122984,3,1,1,1
122990,122996,7,5,0,2
123003,123004,2,1,0,1
123112,123117,6,5,0,1
123122,123123,2,1,0,1
123130,123133,4,3,0,1
123157,123159,3,2,0,1
123160,123162,3,2,0,1
123163,123169,7,4,1,2
123180,123181,2,1,0,1
123210,123212,3,1,0,2
123228,123234,7,2,2,3
123246,123247,2,1,0,1
123254,123258,5,1,1,3
123259,123260,2,1,0,1
123264,123268,5,2,1,2
123272,123274,3,1,1,1
123280,123284,5,3,0,2
123289,123291,3,2,0,1
123292,123294,3,2,0,1
123306,123310,5,3,0,2
123317,123321,5,2,2,1
123335,123338,4,1,2,1
123353,123355,3,1,1,1
123362,123364,3,1,1,1
123381,123382,2,1,0,1
123386,123398,13,1,7,5
123410,123412,3,1,0,2
123423,123425,3,1,1,1
123429,123431,3,1,1,1
123489,123493,5,3,1,1
123518,123520,3,1,1,1
123534,123539,6,1,2,3
123562,123564,3,1,0,2
123583,123584,2,1,0,1
123585,123591,7,1,0,6
123612,123616,5,2,0,3
123685,123688,4,3,0,1
123720,123721,2,1,0,1
123767,123771,5,1,3,1
123792,123793,2,1,0,1
123794,123799,6,3,2,1
123804,123807,4,1,2,1
123813,123814,2,1,0,1
123815,123818,4,2,0,2
123828,123830,3,1,1,1
123837,123840,4,1,2,1
123846,123853,8,1,4,3
123855,123862,8,1,1,6
123878,123879,2,1,0,1
123881,123883,3,2,0,1
123927,123928,2,1,0,1
123951,123959,9,1,1,7
123980,123981,2,1,0,1
123985,123989,5,1,3,1
123994,123995,2,1,0,1
123996,123999,4,3,0,1
124003,124004,2,1,0,1
124015,124016,2,1,0,1
124017,124020,4,1,0,3
124021,124023,3,1,1,1
124025,124029,5,1,3,1
124043,124046,4,1,0,3
124065,124068,4,1,1,2
124072,124075,4,1,2,1
124076,124078,3,1,0,2
124091,124092,2,1,0,1
124122,124124,3,1,0,2
124125,124127,3,1,0,2
124214,124217,4,1,1,2
124294,124295,2,1,0,1
124298,124300,3,1,0,2
124336,124337,2,1,0,1
124378,124380,3,1,0,2
124389,124390,2,1,0,1
124391,124392,2,1,0,1
124455,124456,2,1,0,1
124480,124484,5,1,1,3
124508,124510,3,1,0,2
124516,124518,3,2,0,1
124553,124556,4,1,1,2
124562,124563,2,1,0,1
124634,124635,2,1,0,1
124645,124648,4,2,1,1
124667,124669,3,1,1,1
124691,124693,3,2,0,1
124784,124786,3,1,1,1
124805,124808,4,1,2,1
124811,124812,2,1,0,1
124819,124822,4,1,2,1
124826,124827,2,1,0,1
124837,124839,3,1,1,1
124887,124889,3,1,0,2
124921,124923,3,1,1,1
124934,124937,4,1,0,3
124938,124939,2,1,0,1
124947,124948,2,1,0,1
124953,124954,2,1,0,1
124960,124965,6,1,3,2
124991,124992,2,1,0,1
125005,125007,3,1,1,1
125025,125026,2,1,0,1
125042,125044,3,1,0,2
125056,125057,2,1,0,1
125071,125074,4,2,1,1
125078,125080,3,1,1,1
125083,125084,2,1,0,1
125111,125115,5,1,1,3
125196,125200,5,1,3,1
125333,125338,6,1,1,4
125353,125354,2,1,0,1
125367,125368,2,1,0,1
125375,125376,2,1,0,1
125379,125383,5,3,0,2
125384,125388,5,3,1,1
125389,125390,2,1,0,1
125445,125449,5,4,0,1
125469,125472,4,3,0,1
125519,125520,2,1,0,1
125531,125534,4,1,1,2
125545,125546,2,1,0,1
125574,125577,4,2,0,2
125584,125597,14,1,11,2
125599,125613,15,1,13,1
125627,125628,2,1,0,1
125629,125634,6,1,4,1
125636,125638,3,1,1,1
125693,125700,8,3,4,1
125702,125706,5,1,3,1
125708,125711,4,2,1,1
125732,125734,3,1,1,1
125758,125759,2,1,0,1
125792,125794,3,2,0,1
125842,125843,2,1,0,1
125867,125870,4,1,0,3
125883,125885,3,2,0,1
126042,126044,3,1,1,1
126047,126050,4,1,2,1
126125,126135,11,1,7,3
126277,126285,9,2,5,2
126595,126602,8,1,5,2
126680,126684,5,2,2,1
126778,126784,7,1,5,1
126816,126817,2,1,0,1
126870,126879,10,5,3,2
126938,126939,2,1,0,1
126963,126968,6,1,4,1
127106,127110,5,1,3,1
127160,127164,5,2,2,1
127180,127185,6,1,4,1
127191,127193,3,2,0,1
127199,127209,11,1,9,1
127211,127213,3,1,1,1
127214,127225,12,1,10,1
127241,127242,2,1,0,1
127316,127321,6,5,0,1
127406,127410,5,1,3,1
127579,127580,2,1,0,1
127671,127674,4,1,2,1
127731,127735,5,2,2,1
127761,127763,3,1,1,1
127770,127772,3,1,1,1
127793,127797,5,1,2,2
127799,127807,9,1,4,4
127853,127863,11,1,9,1
127901,127904,4,1,2,1
127914,127918,5,1,2,2
127937,127939,3,1,1,1
127992,128000,9,1,7,1
128028,128033,6,2,1,3
128045,128046,2,1,0,1
128077,128081,5,1,2,2
128091,128096,6,1,0,5
128106,128108,3,1,0,2
128143,128149,7,1,5,1
128282,128287,6,1,2,3
128303,128304,2,1,0,1
128364,128370,7,1,5,1
128377,128383,7,1,5,1
128387,128389,3,1,1,1
128636,128637,2,1,0,1
128776,128777,2,1,0,1
128806,128814,9,1,7,1
128858,128860,3,1,1,1
128867,128870,4,1,2,1
128996,129001,6,2,3,1
129003,129004,2,1,0,1
129071,129072,2,1,0,1
129176,129177,2,1,0,1
129195,129197,3,1,1,1
129228,129234,7,1,5,1
129250,129254,5,1,1,3
129420,129422,3,1,1,1
129434,129436,3,1,0,2
129560,129572,13,2,8,3
129754,129756,3,1,0,2
129791,129792,2,1,0,1
129854,129859,6,2,3,1
129899,129904,6,1,4,1
129935,129943,9,1,7,1
129953,129962,10,1,8,1
129968,129977,10,1,2,7
129983,129991,9,1,0,8
130005,130013,9,2,1,6
130026,130029,4,1,2,1
130070,130078,9,5,3,1
130085,130086,2,1,0,1
130093,130099,7,1,5,1
130147,130151,5,2,2,1
130155,130157,3,2,0,1
130221,130225,5,4,0,1
130244,130251,8,5,1,2
130317,130319,3,1,0,2
130323,130325,3,1,1,1
130338,130343,6,1,4,1
130358,130372,15,1,13,1
130547,130559,13,3,9,1
130585,130589,5,1,3,1
130590,130593,4,1,2,1
130602,130607,6,2,3,1
130655,130665,11,1,9,1
130685,130687,3,2,0,1
130696,130697,2,1,0,1
130705,130710,6,2,0,4
130756,130760,5,3,1,1
130883,130890,8,5,2,1
130893,130894,2,1,0,1
130901,130904,4,1,0,3
130905,130907,3,1,0,2
130908,130909,2,1,0,1
130940,130941,2,1,0,1
130961,130969,9,4,0,5
130987,130991,5,1,0,4
130993,130994,2,1,0,1
130995,130998,4,1,0,3
131002,131010,9,4,1,4
131025,131041,17,1,12,4
131087,131094,8,5,2,1
131160,131162,3,2,0,1
131163,131164,2,1,0,1
131244,131246,3,2,0,1
131264,131268,5,4,0,1
131357,131359,3,2,0,1
131360,131363,4,2,1,1
131367,131368,2,1,0,1
131369,131373,5,1,3,1
131377,131378,2,1,0,1
131407,131409,3,1,1,1
131608,131609,2,1,0,1
131610,131614,5,1,3,1
131641,131643,3,1,1,1
131688,131704,17,3,13,1
131719,131722,4,3,0,1
132271,132277,7,1,4,2
132280,132291,12,5,5,2
132377,132378,2,1,0,1
132379,132381,3,1,0,2
132388,132394,7,1,5,1
132410,132412,3,1,1,1
132429,132445,17,1,15,1
132460,132463,4,1,2,1
132487,132488,2,1,0,1
132534,132538,5,1,0,4
132542,132543,2,1,0,1
132608,132609,2,1,0,1
132704,132705,2,1,0,1
132843,132844,2,1,0,1
133039,133046,8,1,6,1
133091,133098,8,1,0,7
133100,133101,2,1,0,1
133109,133111,3,1,1,1
133130,133131,2,1,0,1
133204,133205,2,1,0,1
133627,133629,3,1,0,2
133630,133632,3,1,1,1
134200,134202,3,1,0,2
134211,134212,2,1,0,1
134238,134243,6,1,4,1
134257,134259,3,1,0,2
134516,134518,3,2,0,1
135103,135104,2,1,0,1
136329,136331,3,1,0,2
136568,136570,3,2,0,1
136767,136768,2,1,0,1
136874,136877,4,2,0,2
137457,137459,3,1,1,1
137484,137485,2,1,0,1
138706,138707,2,1,0,1
138780,138782,3,1,1,1
138795,138797,3,1,1,1
138829,138830,2,1,0,1
138840,138842,3,1,1,1
138863,138864,2,1,0,1
138877,138879,3,1,1,1
138881,138884,4,1,1,2
138928,138931,4,3,0,1
138955,138956,2,1,0,1
138998,139000,3,2,0,1
139001,139003,3,2,0,1
139009,139012,4,2,0,2
139055,139058,4,3,0,1
139068,139074,7,5,1,1
139100,139103,4,2,0,2
139117,139118,2,1,0,1
139125,139128,4,3,0,1
139129,139134,6,5,0,1
139141,139145,5,3,0,2
139152,139160,9,1,7,1
139163,139164,2,1,0,1
139191,139192,2,1,0,1
139193,139194,2,1,0,1
139201,139206,6,3,2,1
139220,139222,3,1,1,1
139247,139249,3,1,0,2
139252,139260,9,5,3,1
139267,139268,2,1,0,1
139287,139294,8,3,0,5
139298,139299,2,1,0,1
139341,139343,3,2,0,1
139372,139374,3,2,0,1
139383,139384,2,1,0,1
139396,139397,2,1,0,1
139401,139404,4,3,0,1
139427,139429,3,2,0,1
139458,139466,9,2,6,1
139487,139488,2,1,0,1
139736,139738,3,2,0,1
139754,139757,4,3,0,1
139786,139792,7,5,1,1
139800,139803,4,3,0,1
139817,139821,5,4,0,1
139822,139823,2,1,0,1
139848,139849,2,1,0,1
139854,139856,3,2,0,1
139898,139901,4,3,0,1
139906,139908,3,2,0,1
139911,139912,2,1,0,1
139913,139915,3,2,0,1
139921,139923,3,2,0,1
139924,139925,2,1,0,1
139932,139938,7,5,0,2
139940,139944,5,4,0,1
139962,139964,3,1,1,1
139969,139974,6,1,4,1
139982,139983,2,1,0,1
139992,139995,4,2,1,1
140055,140062,8,1,0,7
140098,140103,6,4,0,2
140112,140118,7,2,0,5
140155,140160,6,1,2,3
140167,140168,2,1,0,1
140180,140187,8,5,0,3
140190,140193,4,3,0,1
140197,140199,3,1,1,1
140200,140203,4,2,0,2
140259,140262,4,1,1,2
140291,140292,2,1,0,1
140332,140334,3,1,0,2
140339,140341,3,2,0,1
140354,140358,5,4,0,1
140377,140386,10,5,0,5
140398,140399,2,1,0,1
140406,140411,6,5,0,1
140527,140530,4,1,0,3
140558,140564,7,5,0,2
140626,140630,5,1,1,3
140646,140656,11,2,8,1
140669,140672,4,1,2,1
140690,140691,2,1,0,1
140705,140706,2,1,0,1
140757,140762,6,5,0,1
140784,140785,2,1,0,1
140804,140818,15,2,12,1
140826,140836,11,5,5,1
140885,140886,2,1,0,1
140887,140888,2,1,0,1
140897,140901,5,2,2,1
140910,140923,14,1,12,1
140940,140942,3,2,0,1
141000,141002,3,1,0,2
141041,141042,2,1,0,1
141045,141047,3,1,0,2
141049,141052,4,1,0,3
141054,141056,3,1,1,1
141069,141070,2,1,0,1
141074,141079,6,5,0,1
141080,141083,4,2,0,2
141096,141097,2,1,0,1
141138,141142,5,1,1,3
141145,141146,2,1,0,1
141151,141152,2,1,0,1
141156,141158,3,2,0,1
141166,141168,3,1,1,1
141190,141193,4,1,2,1
141218,141219,2,1,0,1
141233,141234,2,1,0,1
141236,141237,2,1,0,1
141245,141249,5,2,0,3
141279,141281,3,1,0,2
141292,141295,4,3,0,1
141296,141299,4,2,0,2
141331,141334,4,1,0,3
141386,141387,2,1,0,1
141401,141405,5,3,1,1
141411,141414,4,1,0,3
141435,141438,4,1,0,3
141463,141465,3,2,0,1
141481,141482,2,1,0,1
141502,141503,2,1,0,1
141510,141514,5,1,0,4
141521,141522,2,1,0,1
141523,141532,10,5,0,5
141561,141563,3,1,1,1
141579,141580,2,1,0,1
141627,141628,2,1,0,1
141630,141631,2,1,0,1
141678,141681,4,1,0,3
141685,141691,7,1,3,3
141749,141750,2,1,0,1
141751,141757,7,2,3,2
141780,141781,2,1,0,1
141784,141789,6,5,0,1
141861,141862,2,1,0,1
141894,141896,3,1,1,1
141899,141902,4,1,2,1
141906,141909,4,1,2,1
141910,141912,3,2,0,1
141913,141914,2,1,0,1
141915,141917,3,1,1,1
141920,141923,4,1,0,3
141926,141930,5,2,2,1
141932,141933,2,1,0,1
141939,141942,4,1,2,1
141943,141946,4,1,0,3
141952,141955,4,1,1,2
141957,141963,7,1,0,6
141964,141967,4,1,2,1
141974,141977,4,1,1,2
141995,142002,8,2,2,4
142007,142008,2,1,0,1
142011,142014,4,1,0,3
142031,142033,3,2,0,1
142034,142037,4,1,1,2
142038,142039,2,1,0,1
142045,142049,5,3,0,2
142050,142051,2,1,0,1
142056,142057,2,1,0,1
142076,142077,2,1,0,1
142079,142082,4,1,0,3
142083,142084,2,1,0,1
142097,142098,2,1,0,1
142139,142142,4,1,0,3
142148,142150,3,1,0,2
142161,142162,2,1,0,1
142164,142174,11,1,3,7
142175,142177,3,1,0,2
142183,142184,2,1,0,1
142188,142189,2,1,0,1
142190,142194,5,1,2,2
142207,142208,2,1,0,1
142228,142229,2,1,0,1
142240,142242,3,1,0,2
142243,142246,4,1,0,3
142249,142254,6,1,2,3
142289,142294,6,1,1,4
142295,142297,3,1,1,1
142309,142310,2,1,0,1
142313,142317,5,4,0,1
142324,142327,4,2,0,2
142328,142329,2,1,0,1
142334,142335,2,1,0,1
142342,142346,5,2,1,2
142350,142353,4,1,1,2
142359,142362,4,1,0,3
142373,142375,3,1,0,2
142387,142390,4,1,1,2
142391,142392,2,1,0,1
142394,142398,5,1,2,2
142400,142404,5,1,1,3
142414,142416,3,1,0,2
142426,142427,2,1,0,1
142441,142443,3,1,0,2
142448,142449,2,1,0,1
142468,142476,9,5,2,2
142489,142490,2,1,0,1
142491,142495,5,3,0,2
142499,142503,5,2,0,3
142506,142507,2,1,0,1
142521,142525,5,3,0,2
142526,142529,4,1,0,3
142530,142532,3,1,0,2
142533,142534,2,1,0,1
142537,142538,2,1,0,1
142571,142572,2,1,0,1
142576,142578,3,1,0,2
142588,142590,3,1,0,2
142599,142601,3,1,1,1
142603,142604,2,1,0,1
142608,142611,4,3,0,1
142612,142613,2,1,0,1
142639,142640,2,1,0,1
142645,142646,2,1,0,1
142647,142648,2,1,0,1
142653,142655,3,1,0,2
142657,142658,2,1,0,1
142665,142667,3,2,0,1
142682,142684,3,1,0,2
142687,142688,2,1,0,1
142702,142705,4,3,0,1
142707,142710,4,2,1,1
142728,142730,3,1,0,2
142739,142740,2,1,0,1
142748,142749,2,1,0,1
142763,142764,2,1,0,1
142765,142766,2,1,0,1
142780,142781,2,1,0,1
142788,142789,2,1,0,1
142795,142799,5,1,1,3
142823,142825,3,1,0,2
142835,142837,3,1,0,2
142845,142847,3,1,0,2
142877,142879,3,1,1,1
142906,142907,2,1,0,1
142908,142909,2,1,0,1
142940,142943,4,1,2,1
143004,143005,2,1,0,1
143011,143012,2,1,0,1
143021,143026,6,1,0,5
143044,143045,2,1,0,1
143067,143068,2,1,0,1
143069,143071,3,1,1,1
143073,143075,3,1,1,1
143076,143079,4,1,1,2
143086,143088,3,1,0,2
143128,143131,4,1,0,3
143139,143140,2,1,0,1
143141,143143,3,1,0,2
143145,143146,2,1,0,1
143162,143164,3,2,0,1
143174,143175,2,1,0,1
143176,143177,2,1,0,1
143183,143184,2,1,0,1
143193,143195,3,1,1,1
143210,143212,3,1,0,2
143242,143245,4,3,0,1
143250,143252,3,1,1,1
143266,143267,2,1,0,1
143270,143274,5,2,2,1
143304,143308,5,1,3,1
143343,143344,2,1,0,1
143352,143354,3,2,0,1
143374,143376,3,2,0,1
143421,143422,2,1,0,1
143429,143432,4,1,0,3
143442,143446,5,1,3,1
143457,143460,4,1,2,1
143468,143471,4,1,2,1
143473,143474,2,1,0,1
143499,143504,6,4,0,2
143517,143518,2,1,0,1
143552,143554,3,1,1,1
143568,143570,3,2,0,1
143571,143572,2,1,0,1
143573,143575,3,1,0,2
143613,143615,3,1,0,2
143633,143640,8,3,4,1
143641,143643,3,1,1,1
143645,143657,13,3,2,8
143667,143669,3,1,1,1
143670,143674,5,3,1,1
143688,143689,2,1,0,1
143699,143701,3,2,0,1
143706,143709,4,2,1,1
143710,143712,3,1,1,1
143714,143716,3,1,1,1
143732,143734,3,1,1,1
143741,143742,2,1,0,1
143758,143768,11,2,8,1
143772,143773,2,1,0,1
143774,143777,4,1,2,1
143805,143810,6,2,3,1
143817,143819,3,2,0,1
143826,143829,4,1,2,1
143853,143858,6,4,1,1
143859,143861,3,1,1,1
143871,143874,4,1,2,1
143898,143899,2,1,0,1
143902,143906,5,1,2,2
143919,143923,5,3,1,1
143933,143937,5,4,0,1
143950,143951,2,1,0,1
143962,143964,3,1,0,2
143976,143977,2,1,0,1
143978,143983,6,1,0,5
144000,144003,4,1,2,1
144024,144028,5,2,2,1
144040,144041,2,1,0,1
144044,144046,3,1,1,1
144047,144048,2,1,0,1
144061,144063,3,1,1,1
144066,144071,6,2,1,3
144074,144076,3,1,1,1
144082,144084,3,2,0,1
144091,144093,3,2,0,1
144101,144104,4,2,1,1
144135,144136,2,1,0,1
144137,144138,2,1,0,1
144141,144143,3,1,1,1
144155,144160,6,3,1,2
144161,144164,4,2,1,1
144167,144170,4,1,2,1
144185,144189,5,3,1,1
144193,144195,3,2,0,1
144201,144204,4,1,0,3
144205,144207,3,1,0,2
144233,144234,2,1,0,1
144244,144250,7,1,3,3
144259,144260,2,1,0,1
144304,144307,4,1,1,2
144309,144313,5,3,1,1
144314,144318,5,4,0,1
144334,144340,7,5,1,1
144355,144356,2,1,0,1
144373,144376,4,2,1,1
144378,144380,3,2,0,1
144382,144383,2,1,0,1
144401,144408,8,1,5,2
144419,144422,4,3,0,1
144435,144437,3,1,1,1
144443,144444,2,1,0,1
144459,144464,6,5,0,1
144473,144475,3,1,1,1
144500,144503,4,2,0,2
144505,144508,4,2,0,2
144513,144515,3,2,0,1
144519,144522,4,1,2,1
144545,144549,5,1,3,1
144581,144582,2,1,0,1
144655,144656,2,1,0,1
144658,144665,8,3,4,1
144669,144673,5,4,0,1
144764,144767,4,3,0,1
144785,144789,5,1,3,1
144790,144791,2,1,0,1
144792,144793,2,1,0,1
144811,144812,2,1,0,1
144822,144827,6,3,2,1
144831,144834,4,1,2,1
144841,144843,3,2,0,1
144862,144863,2,1,0,1
144903,144906,4,3,0,1
144941,144946,6,1,4,1
144980,144983,4,1,2,1
144996,144997,2,1,0,1
144998,145003,6,5,0,1
145060,145064,5,4,0,1
145117,145119,3,2,0,1
145120,145124,5,1,3,1
145152,145155,4,1,1,2
145207,145208,2,1,0,1
145219,145221,3,2,0,1
145222,145227,6,1,4,1
145229,145235,7,5,0,2
145239,145241,3,1,0,2
145249,145252,4,3,0,1
145253,145254,2,1,0,1
145293,145297,5,2,2,1
145310,145312,3,1,1,1
145316,145321,6,5,0,1
145337,145342,6,2,3,1
145377,145379,3,2,0,1
145393,145394,2,1,0,1
145398,145403,6,5,0,1
145421,145425,5,1,3,1
145446,145447,2,1,0,1
145458,145460,3,2,0,1
145496,145497,2,1,0,1
145513,145514,2,1,0,1
145515,145516,2,1,0,1
145528,145530,3,2,0,1
145544,145545,2,1,0,1
145551,145554,4,1,2,1
145555,145558,4,3,0,1
145571,145576,6,3,2,1
145687,145688,2,1,0,1
145704,145709,6,3,0,3
145767,145769,3,1,0,2
145786,145792,7,5,0,2
145804,145824,21,5,15,1
145847,145849,3,2,0,1
145857,145859,3,1,1,1
145889,145891,3,1,1,1
145892,145896,5,3,0,2
145901,145904,4,1,2,1
145905,145910,6,2,2,2
145928,145933,6,5,0,1
145935,145937,3,2,0,1
145956,145957,2,1,0,1
145960,145963,4,1,2,1
145986,145988,3,1,1,1
145995,145997,3,2,0,1
146001,146003,3,2,0,1
146005,146006,2,1,0,1
146012,146018,7,2,3,2
146024,146028,5,4,0,1
146038,146041,4,3,0,1
146048,146053,6,5,0,1
146072,146073,2,1,0,1
146078,146081,4,1,1,2
146082,146086,5,2,1,2
146106,146108,3,2,0,1
146111,146116,6,5,0,1
146118,146120,3,1,1,1
146138,146143,6,5,0,1
146145,146150,6,5,0,1
146158,146164,7,3,3,1
146172,146177,6,5,0,1
146187,146192,6,5,0,1
146199,146202,4,3,0,1
146233,146240,8,2,1,5
146243,146245,3,2,0,1
146271,146274,4,1,1,2
146302,146304,3,1,0,2
146307,146310,4,1,0,3
146337,146341,5,4,0,1
146346,146348,3,1,0,2
146350,146352,3,2,0,1
146360,146363,4,3,0,1
146367,146373,7,3,2,2
146375,146381,7,1,4,2
146383,146386,4,2,1,1
146391,146394,4,1,1,2
146395,146397,3,1,0,2
146411,146417,7,5,0,2
146420,146425,6,4,1,1
146430,146431,2,1,0,1
146433,146436,4,1,2,1
146439,146441,3,1,0,2
146489,146491,3,1,1,1
146545,146546,2,1,0,1
146549,146550,2,1,0,1
146553,146554,2,1,0,1
146556,146560,5,4,0,1
146574,146577,4,2,1,1
146580,146581,2,1,0,1
146621,146624,4,2,1,1
146626,146629,4,1,0,3
146635,146646,12,5,6,1
146653,146654,2,1,0,1
146657,146658,2,1,0,1
146659,146661,3,1,0,2
146664,146669,6,2,3,1
146680,146683,4,3,0,1
146687,146689,3,2,0,1
146692,146695,4,3,0,1
146696,146698,3,1,1,1
146706,146707,2,1,0,1
146708,146722,15,3,4,8
146723,146728,6,3,0,3
146729,146735,7,1,0,6
146789,146792,4,3,0,1
146835,146837,3,1,1,1
146846,146853,8,5,1,2
146871,146876,6,3,2,1
147299,147307,9,4,4,1
147325,147330,6,4,0,2
147346,147347,2,1,0,1
147358,147364,7,4,2,1
147380,147381,2,1,0,1
147414,147417,4,3,0,1
147431,147433,3,1,1,1
147435,147438,4,1,2,1
147447,147452,6,5,0,1
147470,147472,3,1,0,2
147474,147478,5,2,2,1
147500,147502,3,1,1,1
147539,147544,6,2,3,1
147546,147547,2,1,0,1
147551,147556,6,5,0,1
147566,147568,3,2,0,1
147590,147591,2,1,0,1
147593,147599,7,4,2,1
147621,147627,7,1,5,1
147629,147631,3,2,0,1
147701,147704,4,3,0,1
147765,147767,3,1,1,1
147768,147773,6,2,3,1
147820,147823,4,1,2,1
147846,147847,2,1,0,1
147866,147868,3,1,1,1
147987,147992,6,1,4,1
148001,148005,5,4,0,1
148028,148031,4,3,0,1
148038,148041,4,3,0,1
148042,148043,2,1,0,1
148086,148088,3,1,1,1
148097,148098,2,1,0,1
148107,148111,5,4,0,1
148120,148122,3,2,0,1
148123,148126,4,3,0,1
148151,148152,2,1,0,1
148192,148193,2,1,0,1
148198,148200,3,1,1,1
148248,148250,3,1,1,1
148266,148274,9,1,7,1
148284,148288,5,3,1,1
148289,148292,4,3,0,1
148299,148303,5,3,1,1
148306,148311,6,1,4,1
148329,148334,6,3,2,1
148361,148364,4,1,1,2
148370,148372,3,1,1,1
148378,148381,4,3,0,1
148425,148426,2,1,0,1
148466,148472,7,5,1,1
148496,148501,6,5,0,1
148514,148515,2,1,0,1
148519,148523,5,4,0,1
148534,148535,2,1,0,1
148539,148540,2,1,0,1
148558,148560,3,2,0,1
148605,148612,8,4,3,1
148635,148637,3,1,1,1
148642,148643,2,1,0,1
148647,148655,9,2,5,2
148703,148707,5,1,3,1
148770,148773,4,3,0,1
148830,148834,5,1,3,1
148925,148930,6,1,3,2
148965,148966,2,1,0,1
148971,148974,4,1,1,2
149019,149024,6,1,4,1
149042,149044,3,1,0,2
149047,149048,2,1,0,1
149057,149060,4,1,2,1
149072,149076,5,1,3,1
149077,149080,4,1,2,1
149083,149088,6,1,4,1
149097,149104,8,1,6,1
149112,149114,3,1,0,2
149119,149121,3,2,0,1
149134,149137,4,2,1,1
149147,149150,4,3,0,1
149157,149159,3,2,0,1
149166,149170,5,3,1,1
149201,149206,6,5,0,1
149215,149217,3,1,1,1
149232,149236,5,1,3,1
149261,149262,2,1,0,1
149281,149283,3,2,0,1
149319,149322,4,2,1,1
149349,149351,3,2,0,1
149359,149361,3,1,0,2
149367,149368,2,1,0,1
149369,149371,3,2,0,1
149373,149374,2,1,0,1
149375,149377,3,2,0,1
149378,149382,5,3,0,2
149406,149411,6,5,0,1
149419,149421,3,2,0,1
149422,149425,4,2,1,1
149440,149442,3,1,0,2
149448,149449,2,1,0,1
149524,149525,2,1,0,1
149526,149529,4,1,0,3
149538,149539,2,1,0,1
149546,149547,2,1,0,1
149551,149553,3,2,0,1
149554,149556,3,1,1,1
149561,149563,3,2,0,1
149564,149569,6,2,2,2
149571,149572,2,1,0,1
149587,149592,6,1,1,4
149600,149604,5,1,3,1
149677,149679,3,1,0,2
149798,149800,3,1,0,2
149874,149875,2,1,0,1
149890,149891,2,1,0,1
149952,149954,3,2,0,1
150017,150018,2,1,0,1
150066,150067,2,1,0,1
150108,150110,3,1,1,1
150147,150148,2,1,0,1
150149,150151,3,2,0,1
150304,150305,2,1,0,1
150332,150333,2,1,0,1
150337,150339,3,2,0,1
150379,150381,3,1,1,1
150436,150438,3,2,0,1
150448,150449,2,1,0,1
150460,150465,6,1,4,1
150469,150470,2,1,0,1
150472,150477,6,2,3,1
150488,150489,2,1,0,1
150508,150512,5,1,3,1
150522,150523,2,1,0,1
150544,150548,5,1,3,1
150560,150562,3,1,1,1
150565,150574,10,1,8,1
150583,150585,3,1,1,1
150596,150597,2,1,0,1
150606,150613,8,1,6,1
150622,150625,4,1,2,1
150629,150631,3,1,0,2
150636,150641,6,1,4,1
150644,150646,3,1,1,1
150649,150653,5,1,3,1
150667,150670,4,1,2,1
150671,150674,4,3,0,1
150691,150693,3,2,0,1
150696,150699,4,1,2,1
150700,150705,6,1,4,1
150707,150708,2,1,0,1
150712,150714,3,1,1,1
150719,150723,5,1,3,1
150729,150736,8,2,3,3
150740,150743,4,2,1,1
150748,150749,2,1,0,1
150757,150762,6,1,1,4
150782,150789,8,2,5,1
150793,150797,5,1,2,2
150798,150804,7,1,1,5
150817,150819,3,1,1,1
150828,150831,4,2,1,1
150835,150840,6,1,4,1
150848,150854,7,1,5,1
150855,150858,4,1,2,1
150862,150865,4,1,1,2
150866,150867,2,1,0,1
150873,150875,3,1,1,1
150883,150886,4,2,1,1
150888,150889,2,1,0,1
150892,150894,3,2,0,1
150905,150907,3,1,1,1
150908,150909,2,1,0,1
150919,150922,4,1,2,1
150927,150929,3,1,0,2
150936,150941,6,3,0,3
150942,150943,2,1,0,1
150946,150948,3,1,1,1
150958,150959,2,1,0,1
150962,150963,2,1,0,1
150968,150974,7,1,4,2
150993,150997,5,1,3,1
151001,151004,4,1,2,1
151010,151011,2,1,0,1
151015,151021,7,3,0,4
151040,151044,5,1,3,1
151046,151048,3,1,1,1
151051,151052,2,1,0,1
151067,151068,2,1,0,1
151073,151074,2,1,0,1
151075,151077,3,1,1,1
151082,151083,2,1,0,1
151084,151088,5,3,1,1
151100,151103,4,1,1,2
151107,151108,2,1,0,1
151116,151118,3,1,0,2
151137,151138,2,1,0,1
151182,151186,5,3,1,1
151187,151192,6,2,3,1
151238,151242,5,2,2,1
151278,151280,3,2,0,1
151285,151289,5,3,1,1
151297,151299,3,2,0,1
151300,151301,2,1,0,1
151345,151347,3,1,1,1
151349,151350,2,1,0,1
151361,151366,6,5,0,1
151375,151383,9,3,5,1
151442,151444,3,1,0,2
151451,151474,24,1,22,1
151479,151485,7,1,4,2
151534,151535,2,1,0,1
151548,151553,6,2,3,1
151562,151575,14,5,8,1
151630,151634,5,1,3,1
151684,151690,7,1,0,6
151700,151707,8,1,6,1
151736,151739,4,1,1,2
151756,151757,2,1,0,1
151764,151768,5,1,1,3
151779,151784,6,5,0,1
151815,151820,6,5,0,1
151911,151914,4,3,0,1
151923,151931,9,3,4,2
151932,151934,3,1,0,2
151945,151947,3,1,1,1
151970,151981,12,5,5,2
152056,152063,8,5,1,2
152081,152086,6,4,1,1
152108,152112,5,1,2,2
152121,152128,8,5,2,1
152137,152139,3,2,0,1
152167,152170,4,1,0,3
152172,152180,9,2,2,5
152273,152276,4,1,1,2
152313,152316,4,1,1,2
152323,152328,6,5,0,1
152341,152344,4,2,1,1
152345,152348,4,1,2,1
152409,152410,2,1,0,1
152460,152465,6,1,4,1
152472,152474,3,2,0,1
152483,152488,6,5,0,1
152493,152497,5,4,0,1
152587,152589,3,1,1,1
152618,152619,2,1,0,1
152622,152624,3,2,0,1
152630,152636,7,1,2,4
152665,152666,2,1,0,1
152679,152687,9,1,0,8
152688,152690,3,1,0,2
152766,152770,5,1,2,2
152771,152772,2,1,0,1
152886,152888,3,1,1,1
152890,152892,3,1,0,2
152898,152904,7,2,4,1
152905,152908,4,3,0,1
152934,152938,5,1,3,1
152942,152943,2,1,0,1
152958,152960,3,1,1,1
152992,152995,4,1,2,1
153008,153016,9,3,5,1
153049,153051,3,1,1,1
153052,153053,2,1,0,1
153062,153064,3,1,0,2
153065,153068,4,3,0,1
153069,153070,2,1,0,1
153158,153163,6,4,1,1
153164,153177,14,2,1,11
153283,153284,2,1,0,1
153295,153298,4,1,1,2
153303,153312,10,2,6,2
153572,153574,3,1,1,1
153626,153637,12,3,2,7
153642,153647,6,2,0,4
153653,153674,22,1,0,21
153699,153723,25,2,20,3
153736,153743,8,5,0,3
153744,153746,3,2,0,1
153993,153996,4,2,1,1
153997,154010,14,4,9,1
154020,154026,7,1,0,6
154088,154091,4,1,1,2
154134,154139,6,1,4,1
154184,154185,2,1,0,1
154186,154198,13,1,8,4
154203,154208,6,5,0,1
154234,154244,11,5,5,1
154254,154257,4,1,0,3
154274,154275,2,1,0,1
154285,154290,6,5,0,1
154312,154315,4,3,0,1
154320,154325,6,5,0,1
154368,154373,6,4,0,2
154395,154407,13,5,6,2
154465,154471,7,3,3,1
154492,154495,4,3,0,1
154497,154510,14,1,0,13
154515,154521,7,5,1,1
154531,154534,4,1,1,2
154536,154542,7,4,2,1
154544,154560,17,1,15,1
154576,154585,10,1,8,1
154614,154618,5,1,3,1
154619,154620,2,1,0,1
154622,154624,3,1,0,2
154637,154639,3,2,0,1
154644,154648,5,3,0,2
154649,154651,3,2,0,1
154681,154686,6,2,3,1
154703,154705,3,1,0,2
154725,154729,5,1,2,2
154747,154750,4,1,1,2
154771,154775,5,1,1,3
154789,154790,2,1,0,1
154818,154820,3,1,1,1
154824,154830,7,3,1,3
154836,154842,7,4,1,2
154853,154856,4,1,2,1
154865,154866,2,1,0,1
154918,154923,6,2,2,2
154931,154933,3,1,1,1
154948,154953,6,5,0,1
155054,155059,6,1,4,1
155062,155068,7,5,0,2
155079,155084,6,5,0,1
155085,155086,2,1,0,1
155092,155094,3,1,1,1
155103,155113,11,5,0,6
155114,155121,8,1,2,5
155132,155134,3,2,0,1
155141,155144,4,3,0,1
155145,155147,3,1,1,1
155163,155169,7,4,0,3
155171,155174,4,3,0,1
155185,155187,3,1,0,2
155192,155194,3,2,0,1
155216,155221,6,5,0,1
155226,155231,6,5,0,1
155233,155240,8,1,0,7
155254,155258,5,1,3,1
155274,155279,6,1,1,4
155289,155292,4,1,2,1
155297,155300,4,1,0,3
155339,155341,3,1,0,2
155382,155385,4,2,1,1
155603,155605,3,1,0,2
155607,155608,2,1,0,1
155760,155761,2,1,0,1
155911,155914,4,1,0,3
155977,155978,2,1,0,1
156187,156188,2,1,0,1
156201,156203,3,2,0,1
156236,156237,2,1,0,1
156270,156277,8,1,0,7
156287,156295,9,5,3,1
156298,156303,6,5,0,1
156316,156318,3,1,1,1
156323,156328,6,5,0,1
156332,156349,18,1,0,17
156351,156357,7,4,2,1
156450,156452,3,1,1,1
156453,156454,2,1,0,1
157116,157120,5,2,0,3
157164,157167,4,1,1,2
157317,157318,2,1,0,1
157346,157347,2,1,0,1
157360,157361,2,1,0,1
157597,157600,4,1,2,1
157629,157632,4,1,0,3
157651,157652,2,1,0,1
158090,158095,6,2,0,4
158100,158101,2,1,0,1
158144,158146,3,2,0,1
158158,158161,4,2,0,2
158204,158208,5,4,0,1
158248,158252,5,2,2,1
158261,158264,4,1,1,2
158318,158320,3,1,1,1
158333,158340,8,1,5,2
158344,158349,6,1,3,2
158571,158573,3,1,1,1
158707,158709,3,2,0,1
158732,158736,5,4,0,1
158794,158799,6,1,3,2
158954,158969,16,1,0,15
159031,159036,6,3,2,1
159041,159043,3,2,0,1
159053,159054,2,1,0,1
159063,159064,2,1,0,1
159071,159072,2,1,0,1
159077,159079,3,1,1,1
159087,159089,3,1,1,1
159094,159096,3,2,0,1
159099,159101,3,1,0,2
159106,159109,4,1,1,2
159120,159121,2,1,0,1
159122,159124,3,1,1,1
159125,159126,2,1,0,1
159134,159137,4,1,2,1
159146,159147,2,1,0,1
159160,159162,3,1,1,1
159168,159170,3,1,0,2
159183,159188,6,2,0,4
159191,159195,5,3,1,1
159207,159209,3,1,1,1
159215,159217,3,1,1,1
159220,159226,7,3,1,3
159237,159239,3,1,0,2
159243,159245,3,1,1,1
159251,159252,2,1,0,1
159253,159260,8,3,4,1
159262,159264,3,1,1,1
159294,159295,2,1,0,1
159297,159298,2,1,0,1
159299,159301,3,1,0,2
159303,159306,4,2,1,1
159307,159309,3,2,0,1
159318,159319,2,1,0,1
159345,159347,3,2,0,1
159356,159358,3,1,0,2
159371,159372,2,1,0,1
159375,159377,3,1,1,1
159392,159393,2,1,0,1
159397,159398,2,1,0,1
159402,159408,7,2,2,3
159414,159418,5,3,1,1
159419,159422,4,1,1,2
159426,159429,4,1,0,3
159430,159431,2,1,0,1
159436,159438,3,1,0,2
159448,159450,3,2,0,1
159495,159497,3,1,1,1
159503,159504,2,1,0,1
159505,159507,3,1,1,1
159515,159520,6,3,1,2
159522,159524,3,2,0,1
159527,159529,3,1,0,2
159538,159540,3,2,0,1
159556,159558,3,1,0,2
159576,159579,4,1,2,1
159588,159592,5,2,0,3
159621,159623,3,2,0,1
159648,159649,2,1,0,1
159657,159658,2,1,0,1
159662,159663,2,1,0,1
159668,159670,3,1,1,1
159685,159687,3,1,0,2
159688,159690,3,1,0,2
159696,159697,2,1,0,1
159705,159708,4,2,0,2
159719,159721,3,1,1,1
159722,159724,3,1,1,1
159738,159740,3,1,0,2
159749,159751,3,1,1,1
159763,159764,2,1,0,1
159768,159770,3,1,0,2
159772,159775,4,1,1,2
159787,159790,4,2,0,2
159800,159801,2,1,0,1
159818,159821,4,1,0,3
159835,159836,2,1,0,1
159840,159845,6,1,4,1
159848,159850,3,1,1,1
159857,159863,7,4,2,1
159871,159873,3,1,1,1
159874,159875,2,1,0,1
159879,159881,3,2,0,1
159882,159883,2,1,0,1
159900,159901,2,1,0,1
159909,159910,2,1,0,1
159921,159922,2,1,0,1
159923,159924,2,1,0,1
159930,159931,2,1,0,1
159933,159936,4,1,2,1
159953,159955,3,1,1,1
159956,159958,3,2,0,1
159959,159962,4,1,1,2
159964,159965,2,1,0,1
159991,159993,3,1,0,2
159995,159996,2,1,0,1
159997,159998,2,1,0,1
160000,160003,4,2,1,1
160015,160016,2,1,0,1
160022,160025,4,1,0,3
160033,160038,6,4,1,1
160050,160053,4,1,2,1
160081,160082,2,1,0,1
160090,160094,5,1,0,4
160108,160109,2,1,0,1
160125,160128,4,1,2,1
160138,160139,2,1,0,1
160143,160147,5,1,3,1
160148,160149,2,1,0,1
160151,160153,3,1,1,1
160157,160159,3,1,0,2
160165,160166,2,1,0,1
160168,160170,3,1,1,1
160178,160179,2,1,0,1
160199,160201,3,1,1,1
160202,160205,4,1,1,2
160221,160223,3,1,1,1
160225,160231,7,1,5,1
160236,160238,3,1,1,1
160259,160260,2,1,0,1
160271,160275,5,1,2,2
160283,160287,5,3,1,1
160289,160290,2,1,0,1
160296,160304,9,3,5,1
160326,160327,2,1,0,1
160335,160340,6,2,1,3
160362,160363,2,1,0,1
160364,160366,3,1,1,1
160380,160381,2,1,0,1
160385,160387,3,2,0,1
160389,160392,4,1,2,1
160393,160396,4,1,2,1
160404,160407,4,1,1,2
160409,160411,3,2,0,1
160415,160419,5,2,0,3
160433,160434,2,1,0,1
160444,160447,4,1,2,1
160457,160460,4,2,1,1
160461,160462,2,1,0,1
160467,160469,3,1,0,2
160475,160476,2,1,0,1
160478,160479,2,1,0,1
160482,160488,7,1,5,1
160493,160495,3,1,0,2
160502,160503,2,1,0,1
160530,160534,5,2,0,3
160541,160543,3,1,0,2
160551,160552,2,1,0,1
160554,160556,3,1,1,1
160557,160558,2,1,0,1
160575,160576,2,1,0,1
160577,160582,6,1,3,2
160584,160585,2,1,0,1
160590,160591,2,1,0,1
160595,160596,2,1,0,1
160598,160603,6,4,1,1
160606,160607,2,1,0,1
160608,160609,2,1,0,1
160610,160614,5,1,2,2
160620,160626,7,1,5,1
160637,160641,5,1,3,1
160655,160656,2,1,0,1
160669,160670,2,1,0,1
160679,160680,2,1,0,1
160701,160702,2,1,0,1
160704,160705,2,1,0,1
160708,160709,2,1,0,1
160713,160714,2,1,0,1
160715,160716,2,1,0,1
160731,160735,5,2,2,1
160745,160747,3,2,0,1
160750,160754,5,1,2,2
160765,160766,2,1,0,1
160778,160779,2,1,0,1
160792,160793,2,1,0,1
160796,160800,5,2,2,1
160809,160812,4,1,2,1
160817,160820,4,1,2,1
160824,160826,3,1,1,1
160845,160847,3,1,1,1
160850,160855,6,2,3,1
160883,160886,4,1,0,3
160896,160899,4,2,0,2
160908,160909,2,1,0,1
160931,160933,3,1,0,2
160935,160937,3,1,0,2
160950,160951,2,1,0,1
160964,160967,4,2,0,2
160975,160977,3,1,1,1
160998,161003,6,3,1,2
161007,161008,2,1,0,1
161012,161013,2,1,0,1
161044,161046,3,1,0,2
161047,161049,3,1,1,1
161053,161054,2,1,0,1
161055,161056,2,1,0,1
161063,161064,2,1,0,1
161069,161071,3,1,0,2
161074,161075,2,1,0,1
161076,161078,3,2,0,1
161087,161090,4,1,0,3
161098,161100,3,1,1,1
161105,161107,3,1,1,1
161117,161119,3,2,0,1
161129,161131,3,1,1,1
161137,161139,3,1,0,2
161142,161143,2,1,0,1
161177,161179,3,1,0,2
161190,161192,3,1,1,1
161197,161198,2,1,0,1
161229,161230,2,1,0,1
161239,161240,2,1,0,1
161245,161247,3,1,1,1
161301,161303,3,1,1,1
161342,161343,2,1,0,1
161352,161353,2,1,0,1
161380,161382,3,1,1,1
161383,161384,2,1,0,1
161391,161392,2,1,0,1
161403,161406,4,1,2,1
161417,161418,2,1,0,1
161419,161420,2,1,0,1
161444,161447,4,1,1,2
161448,161449,2,1,0,1
161478,161481,4,2,1,1
161491,161492,2,1,0,1
161493,161497,5,1,3,1
161536,161538,3,1,1,1
161557,161558,2,1,0,1
161559,161560,2,1,0,1
161563,161564,2,1,0,1
161565,161568,4,3,0,1
161575,161576,2,1,0,1
161592,161593,2,1,0,1
161625,161626,2,1,0,1
161638,161640,3,1,1,1
161659,161660,2,1,0,1
161663,161664,2,1,0,1
161666,161669,4,1,0,3
161670,161672,3,1,1,1
161674,161675,2,1,0,1
161697,161699,3,1,0,2
161709,161715,7,3,3,1
161733,161734,2,1,0,1
161743,161745,3,2,0,1
161754,161755,2,1,0,1
161770,161773,4,1,2,1
161774,161775,2,1,0,1
161793,161794,2,1,0,1
161801,161803,3,2,0,1
161807,161808,2,1,0,1
161825,161826,2,1,0,1
161873,161878,6,1,3,2
161882,161885,4,1,0,3
161902,161903,2,1,0,1
161904,161906,3,1,1,1
161942,161946,5,3,0,2
161952,161954,3,1,0,2
161963,161965,3,1,1,1
161966,161969,4,2,1,1
161980,161981,2,1,0,1
161998,162000,3,1,1,1
162005,162006,2,1,0,1
162016,162019,4,1,2,1
162021,162022,2,1,0,1
162053,162054,2,1,0,1
162058,162061,4,2,1,1
162088,162090,3,2,0,1
162109,162112,4,1,2,1
162127,162128,2,1,0,1
162134,162135,2,1,0,1
162152,162154,3,1,1,1
162156,162157,2,1,0,1
162165,162166,2,1,0,1
162173,162174,2,1,0,1
162188,162193,6,2,1,3
162196,162198,3,1,0,2
162231,162234,4,2,0,2
162236,162239,4,1,2,1
162245,162247,3,2,0,1
162252,162255,4,1,1,2
162267,162268,2,1,0,1
162273,162277,5,1,1,3
162296,162300,5,1,3,1
162312,162316,5,1,1,3
162357,162358,2,1,0,1
162365,162369,5,1,3,1
162371,162375,5,2,2,1
162384,162385,2,1,0,1
162391,162393,3,2,0,1
162395,162396,2,1,0,1
162401,162404,4,1,2,1
162420,162422,3,1,0,2
162438,162440,3,1,0,2
162446,162447,2,1,0,1
162468,162469,2,1,0,1
162479,162480,2,1,0,1
162489,162491,3,1,1,1
162510,162513,4,1,2,1
162546,162548,3,1,1,1
162553,162558,6,2,3,1
162570,162571,2,1,0,1
162572,162573,2,1,0,1
162577,162581,5,1,1,3
162601,162602,2,1,0,1
162628,162629,2,1,0,1
162630,162632,3,1,1,1
162637,162638,2,1,0,1
162641,162643,3,2,0,1
162673,162676,4,1,1,2
162698,162700,3,1,0,2
162709,162716,8,5,1,2
162719,162720,2,1,0,1
162730,162731,2,1,0,1
162758,162759,2,1,0,1
162768,162769,2,1,0,1
162770,162771,2,1,0,1
162774,162778,5,1,3,1
162804,162805,2,1,0,1
162810,162812,3,1,0,2
162821,162823,3,1,1,1
162840,162844,5,1,3,1
162845,162849,5,3,0,2
162856,162857,2,1,0,1
162865,162869,5,1,0,4
162879,162880,2,1,0,1
162903,162905,3,1,0,2
162915,162917,3,1,1,1
162924,162925,2,1,0,1
162958,162959,2,1,0,1
162964,162965,2,1,0,1
162967,162968,2,1,0,1
162988,162989,2,1,0,1
162990,162991,2,1,0,1
163005,163007,3,1,1,1
163028,163032,5,2,0,3
163038,163040,3,1,0,2
163043,163044,2,1,0,1
163046,163047,2,1,0,1
163051,163054,4,3,0,1
163077,163079,3,1,1,1
163087,163090,4,1,2,1
163163,163164,2,1,0,1
163181,163182,2,1,0,1
163183,163184,2,1,0,1
163185,163189,5,1,0,4
163193,163199,7,2,0,5
163213,163214,2,1,0,1
163234,163235,2,1,0,1
163358,163361,4,1,1,2
163362,163367,6,3,2,1
163368,163370,3,2,0,1
163377,163379,3,2,0,1
163393,163397,5,1,1,3
163400,163403,4,1,2,1
163409,163410,2,1,0,1
163416,163417,2,1,0,1
163419,163422,4,1,2,1
163427,163428,2,1,0,1
163434,163436,3,2,0,1
163442,163443,2,1,0,1
163446,163447,2,1,0,1
163467,163471,5,1,1,3
163477,163479,3,2,0,1
163483,163485,3,1,1,1
163527,163528,2,1,0,1
163550,163551,2,1,0,1
163568,163570,3,1,0,2
163577,163580,4,1,2,1
163597,163598,2,1,0,1
163605,163606,2,1,0,1
163610,163613,4,1,2,1
163641,163642,2,1,0,1
163645,163646,2,1,0,1
163656,163658,3,1,0,2
163673,163674,2,1,0,1
163687,163688,2,1,0,1
163727,163730,4,2,1,1
163740,163743,4,1,2,1
163744,163746,3,2,0,1
163752,163755,4,1,0,3
163760,163761,2,1,0,1
163774,163777,4,1,0,3
163810,163812,3,2,0,1
163817,163818,2,1,0,1
163825,163826,2,1,0,1
163842,163843,2,1,0,1
163862,163867,6,1,3,2
163871,163873,3,1,1,1
163905,163906,2,1,0,1
163913,163915,3,1,1,1
163958,163961,4,3,0,1
163977,163979,3,2,0,1
163982,163983,2,1,0,1
164017,164019,3,1,1,1
164022,164024,3,1,1,1
164027,164029,3,1,1,1
164051,164052,2,1,0,1
164059,164065,7,3,1,3
164067,164074,8,4,0,4
164095,164096,2,1,0,1
164099,164100,2,1,0,1
164108,164109,2,1,0,1
164111,164113,3,2,0,1
164124,164127,4,1,2,1
164133,164134,2,1,0,1
164138,164141,4,2,1,1
164142,164143,2,1,0,1
164153,164154,2,1,0,1
164160,164162,3,1,1,1
164164,164166,3,1,1,1
164184,164186,3,1,0,2
164202,164204,3,2,0,1
164212,164215,4,2,0,2
164263,164265,3,2,0,1
164268,164269,2,1,0,1
164275,164276,2,1,0,1
164277,164278,2,1,0,1
164288,164291,4,1,2,1
164308,164313,6,2,3,1
164336,164337,2,1,0,1
164340,164341,2,1,0,1
164370,164372,3,1,1,1
164391,164393,3,1,0,2
164402,164405,4,2,1,1
164406,164409,4,2,1,1
164424,164427,4,2,0,2
164428,164429,2,1,0,1
164432,164435,4,1,2,1
164447,164450,4,2,1,1
164474,164477,4,1,0,3
164479,164480,2,1,0,1
164487,164489,3,2,0,1
164498,164499,2,1,0,1
164514,164516,3,2,0,1
164547,164550,4,2,0,2
164595,164598,4,2,0,2
164623,164624,2,1,0,1
164626,164628,3,2,0,1
164633,164636,4,1,1,2
164651,164652,2,1,0,1
164653,164655,3,1,1,1
164668,164671,4,1,2,1
164709,164711,3,1,1,1
164720,164723,4,2,1,1
164730,164731,2,1,0,1
164743,164745,3,2,0,1
164765,164766,2,1,0,1
164819,164820,2,1,0,1
164822,164823,2,1,0,1
164857,164858,2,1,0,1
164869,164871,3,1,1,1
164876,164879,4,2,1,1
164880,164881,2,1,0,1
164895,164898,4,2,1,1
164902,164905,4,2,1,1
164911,164912,2,1,0,1
164948,164950,3,1,1,1
164953,164954,2,1,0,1
164964,164967,4,1,1,2
164994,164996,3,1,0,2
165006,165009,4,1,1,2
165011,165013,3,1,1,1
165043,165045,3,1,0,2
165046,165050,5,1,0,4
165058,165061,4,1,0,3
165070,165073,4,2,1,1
165103,165104,2,1,0,1
165115,165116,2,1,0,1
165147,165148,2,1,0,1
165151,165153,3,1,0,2
165164,165166,3,1,1,1
165176,165177,2,1,0,1
165187,165188,2,1,0,1
165195,165197,3,1,1,1
165204,165205,2,1,0,1
165207,165208,2,1,0,1
165226,165228,3,1,1,1
165242,165244,3,2,0,1
165256,165258,3,1,0,2
165273,165276,4,1,2,1
165284,165285,2,1,0,1
165295,165297,3,1,0,2
165305,165306,2,1,0,1
165307,165309,3,2,0,1
165310,165314,5,3,1,1
165339,165340,2,1,0,1
165341,165342,2,1,0,1
165356,165358,3,1,1,1
165364,165366,3,2,0,1
165424,165426,3,1,0,2
165433,165435,3,2,0,1
165497,165498,2,1,0,1
165499,165501,3,2,0,1
165522,165523,2,1,0,1
165540,165542,3,1,1,1
165556,165559,4,2,0,2
165571,165572,2,1,0,1
165581,165583,3,1,0,2
165584,165588,5,1,3,1
165594,165597,4,2,0,2
165603,165604,2,1,0,1
165616,165617,2,1,0,1
165624,165626,3,2,0,1
165648,165652,5,1,2,2
165689,165690,2,1,0,1
165723,165725,3,1,1,1
165731,165732,2,1,0,1
165734,165736,3,1,1,1
165740,165741,2,1,0,1
165745,165747,3,2,0,1
165748,165749,2,1,0,1
165751,165754,4,3,0,1
165755,165758,4,2,1,1
165772,165774,3,2,0,1
165777,165784,8,1,6,1
165788,165789,2,1,0,1
165794,165795,2,1,0,1
165814,165815,2,1,0,1
165827,165829,3,1,1,1
165838,165839,2,1,0,1
165854,165856,3,2,0,1
165862,165863,2,1,0,1
165883,165884,2,1,0,1
165935,165937,3,1,1,1
165944,165946,3,1,0,2
165954,165957,4,2,1,1
165968,165970,3,1,1,1
166001,166004,4,1,2,1
166013,166014,2,1,0,1
166015,166016,2,1,0,1
166023,166024,2,1,0,1
166028,166030,3,2,0,1
166046,166049,4,1,0,3
166054,166058,5,1,2,2
166059,166061,3,2,0,1
166086,166087,2,1,0,1
166102,166103,2,1,0,1
166117,166119,3,1,1,1
166171,166174,4,1,2,1
166175,166177,3,1,0,2
166183,166186,4,2,1,1
166200,166201,2,1,0,1
166203,166205,3,2,0,1
166206,166208,3,1,1,1
166258,166261,4,2,1,1
166262,166263,2,1,0,1
166274,166275,2,1,0,1
166279,166281,3,1,1,1
166304,166306,3,1,1,1
166311,166312,2,1,0,1
166315,166316,2,1,0,1
166335,166336,2,1,0,1
166342,166344,3,1,1,1
166353,166354,2,1,0,1
166407,166409,3,1,1,1
166410,166411,2,1,0,1
166458,166460,3,1,1,1
166463,166466,4,3,0,1
166509,166510,2,1,0,1
166521,166524,4,1,0,3
166526,166531,6,1,1,4
166532,166535,4,2,0,2
166548,166550,3,1,0,2
166557,166560,4,1,1,2
166565,166566,2,1,0,1
166579,166581,3,1,1,1
166601,166605,5,2,2,1
166608,166610,3,1,1,1
166622,166624,3,2,0,1
166626,166628,3,1,0,2
166638,166640,3,2,0,1
166662,166663,2,1,0,1
166666,166671,6,1,2,3
166672,166679,8,3,0,5
166704,166705,2,1,0,1
166718,166721,4,2,1,1
166729,166732,4,1,0,3
166735,166736,2,1,0,1
166764,166766,3,2,0,1
166767,166768,2,1,0,1
166779,166780,2,1,0,1
166782,166783,2,1,0,1
166787,166790,4,1,2,1
166793,166798,6,1,4,1
166805,166809,5,2,2,1
166822,166825,4,1,1,2
166828,166829,2,1,0,1
166836,166837,2,1,0,1
166879,166880,2,1,0,1
166886,166888,3,1,0,2
166914,166915,2,1,0,1
166917,166919,3,1,1,1
166922,166925,4,1,2,1
166939,166941,3,1,0,2
166950,166952,3,1,1,1
166954,166956,3,1,1,1
166964,166968,5,1,3,1
166970,166971,2,1,0,1
166989,166991,3,1,1,1
166996,166997,2,1,0,1
166998,167000,3,2,0,1
167006,167007,2,1,0,1
167018,167020,3,1,1,1
167045,167051,7,2,4,1
167053,167054,2,1,0,1
167068,167073,6,1,3,2
167086,167090,5,1,3,1
167102,167106,5,1,3,1
167107,167109,3,1,1,1
167122,167125,4,2,0,2
167127,167128,2,1,0,1
167135,167137,3,1,1,1
167148,167149,2,1,0,1
167158,167159,2,1,0,1
167173,167175,3,1,1,1
167209,167210,2,1,0,1
167218,167219,2,1,0,1
167222,167225,4,2,1,1
167252,167257,6,1,4,1
167302,167305,4,1,0,3
167306,167308,3,2,0,1
167312,167315,4,1,0,3
167322,167323,2,1,0,1
167324,167326,3,2,0,1
167337,167340,4,1,2,1
167343,167347,5,1,0,4
167355,167357,3,1,0,2
167375,167378,4,1,2,1
167382,167385,4,2,0,2
167413,167420,8,1,6,1
167437,167438,2,1,0,1
167442,167445,4,1,2,1
167452,167454,3,1,1,1
167467,167468,2,1,0,1
167473,167475,3,1,1,1
167480,167485,6,2,0,4
167501,167505,5,1,1,3
167545,167547,3,1,1,1
167548,167550,3,2,0,1
167551,167553,3,1,1,1
167554,167556,3,1,1,1
167573,167577,5,1,3,1
167619,167621,3,1,1,1
167629,167631,3,1,0,2
167638,167639,2,1,0,1
167654,167656,3,1,1,1
167673,167679,7,5,0,2
167692,167698,7,2,3,2
167722,167727,6,5,0,1
167758,167759,2,1,0,1
167771,167772,2,1,0,1
167778,167781,4,1,1,2
167792,167795,4,2,1,1
167818,167819,2,1,0,1
167835,167838,4,1,2,1
167846,167848,3,1,1,1
167856,167857,2,1,0,1
167859,167861,3,2,0,1
167864,167866,3,1,1,1
167870,167874,5,1,3,1
167893,167894,2,1,0,1
167912,167914,3,2,0,1
167924,167930,7,1,4,2
167941,167943,3,1,1,1
167946,167949,4,2,0,2
167955,167957,3,1,0,2
167989,167991,3,1,1,1
168006,168007,2,1,0,1
168011,168014,4,1,2,1
168029,168032,4,1,1,2
168047,168048,2,1,0,1
168056,168057,2,1,0,1
168063,168064,2,1,0,1
168069,168071,3,2,0,1
168096,168099,4,1,2,1
168110,168112,3,1,1,1
168121,168123,3,1,1,1
168125,168126,2,1,0,1
168129,168131,3,1,1,1
168146,168147,2,1,0,1
168152,168153,2,1,0,1
168165,168166,2,1,0,1
168176,168177,2,1,0,1
168189,168192,4,1,1,2
168193,168194,2,1,0,1
168200,168201,2,1,0,1
168210,168211,2,1,0,1
168213,168216,4,1,2,1
168232,168236,5,2,0,3
168265,168267,3,1,0,2
168272,168275,4,1,1,2
168276,168278,3,1,0,2
168328,168331,4,1,1,2
168369,168370,2,1,0,1
168372,168373,2,1,0,1
168375,168376,2,1,0,1
168377,168380,4,1,2,1
168385,168386,2,1,0,1
168388,168390,3,1,1,1
168392,168396,5,3,1,1
168397,168400,4,1,2,1
168408,168411,4,1,1,2
168414,168417,4,1,0,3
168421,168424,4,1,2,1
168439,168442,4,3,0,1
168446,168448,3,1,1,1
168459,168462,4,2,1,1
168464,168467,4,1,1,2
168472,168474,3,2,0,1
168475,168482,8,1,4,3
168501,168503,3,2,0,1
168504,168505,2,1,0,1
168507,168509,3,2,0,1
168530,168533,4,1,1,2
168540,168542,3,1,1,1
168595,168596,2,1,0,1
168632,168634,3,1,0,2
168646,168647,2,1,0,1
168672,168675,4,1,1,2
168681,168686,6,2,3,1
168702,168703,2,1,0,1
168706,168708,3,1,0,2
168739,168742,4,1,2,1
168792,168793,2,1,0,1
168821,168822,2,1,0,1
168824,168825,2,1,0,1
168829,168830,2,1,0,1
168834,168835,2,1,0,1
168843,168845,3,2,0,1
168851,168852,2,1,0,1
168867,168868,2,1,0,1
168876,168877,2,1,0,1
168882,168884,3,1,1,1
168946,168948,3,1,0,2
168950,168953,4,1,0,3
168956,168957,2,1,0,1
168966,168970,5,2,2,1
168987,168988,2,1,0,1
168995,168996,2,1,0,1
168998,169001,4,1,1,2
169007,169008,2,1,0,1
169032,169034,3,1,0,2
169035,169038,4,1,0,3
169048,169051,4,1,2,1
169067,169069,3,1,1,1
169070,169072,3,1,0,2
169073,169075,3,1,0,2
169080,169084,5,3,1,1
169092,169094,3,1,1,1
169117,169120,4,2,1,1
169145,169146,2,1,0,1
169152,169153,2,1,0,1
169214,169218,5,1,2,2
169221,169223,3,1,1,1
169227,169229,3,1,0,2
169248,169250,3,1,1,1
169251,169253,3,1,1,1
169265,169267,3,2,0,1
169279,169283,5,1,2,2
169309,169311,3,2,0,1
169313,169318,6,1,4,1
169335,169336,2,1,0,1
169339,169342,4,1,1,2
169370,169372,3,1,0,2
169377,169380,4,2,0,2
169397,169399,3,1,0,2
169422,169423,2,1,0,1
169433,169435,3,1,0,2
169440,169442,3,2,0,1
169444,169446,3,1,1,1
169469,169474,6,1,4,1
169504,169505,2,1,0,1
169508,169509,2,1,0,1
169524,169529,6,1,3,2
169538,169539,2,1,0,1
169548,169552,5,3,1,1
169570,169571,2,1,0,1
169587,169588,2,1,0,1
169596,169600,5,1,3,1
169601,169602,2,1,0,1
169603,169604,2,1,0,1
169615,169624,10,2,7,1
169673,169674,2,1,0,1
169712,169713,2,1,0,1
169714,169718,5,2,1,2
169730,169734,5,3,1,1
169747,169750,4,3,0,1
169757,169760,4,2,0,2
169762,169764,3,1,0,2
169767,169770,4,2,1,1
169773,169774,2,1,0,1
169778,169780,3,1,1,1
169784,169785,2,1,0,1
169796,169797,2,1,0,1
169798,169800,3,1,0,2
169842,169846,5,2,2,1
169847,169853,7,4,0,3
169867,169871,5,3,1,1
169884,169889,6,2,2,2
169891,169894,4,1,2,1
169925,169926,2,1,0,1
169927,169933,7,5,1,1
169938,169939,2,1,0,1
169949,169950,2,1,0,1
169952,169954,3,1,1,1
169958,169959,2,1,0,1
169987,169988,2,1,0,1
169991,169993,3,2,0,1
170005,170006,2,1,0,1
170012,170014,3,1,0,2
170032,170033,2,1,0,1
170041,170046,6,1,4,1
170062,170065,4,2,1,1
170076,170077,2,1,0,1
170078,170080,3,1,1,1
170097,170098,2,1,0,1
170103,170106,4,2,1,1
170134,170136,3,2,0,1
170181,170182,2,1,0,1
170202,170204,3,1,1,1
170206,170210,5,2,2,1
170214,170215,2,1,0,1
170240,170241,2,1,0,1
170243,170245,3,1,1,1
170274,170275,2,1,0,1
170279,170281,3,1,0,2
170295,170297,3,1,1,1
170307,170313,7,2,3,2
170326,170329,4,3,0,1
170363,170366,4,1,2,1
170389,170391,3,1,0,2
170392,170397,6,4,1,1
170424,170427,4,1,2,1
170429,170430,2,1,0,1
170442,170445,4,2,0,2
170448,170449,2,1,0,1
170484,170486,3,2,0,1
170492,170495,4,1,2,1
170496,170498,3,1,1,1
170509,170510,2,1,0,1
170514,170515,2,1,0,1
170522,170523,2,1,0,1
170534,170535,2,1,0,1
170583,170586,4,1,2,1
170591,170592,2,1,0,1
170595,170597,3,1,1,1
170600,170601,2,1,0,1
170615,170616,2,1,0,1
170625,170627,3,1,1,1
170631,170632,2,1,0,1
170660,170661,2,1,0,1
170688,170691,4,2,0,2
170701,170702,2,1,0,1
170720,170721,2,1,0,1
170725,170727,3,1,0,2
170760,170762,3,1,0,2
170764,170769,6,1,0,5
170773,170774,2,1,0,1
170779,170782,4,2,0,2
170793,170794,2,1,0,1
170810,170811,2,1,0,1
170825,170826,2,1,0,1
170834,170836,3,1,1,1
170838,170840,3,1,1,1
170846,170847,2,1,0,1
170859,170863,5,2,2,1
170873,170875,3,1,1,1
170903,170904,2,1,0,1
170907,170908,2,1,0,1
170909,170911,3,1,1,1
170912,170913,2,1,0,1
170916,170917,2,1,0,1
170968,170969,2,1,0,1
170973,170975,3,1,1,1
170986,170988,3,2,0,1
171010,171013,4,1,0,3
171023,171024,2,1,0,1
171025,171027,3,1,1,1
171066,171067,2,1,0,1
171091,171093,3,2,0,1
171116,171118,3,1,1,1
171125,171131,7,2,4,1
171135,171136,2,1,0,1
171138,171139,2,1,0,1
171160,171163,4,1,1,2
171185,171186,2,1,0,1
171189,171191,3,1,1,1
171192,171194,3,1,1,1
171208,171209,2,1,0,1
171229,171231,3,1,1,1
171235,171237,3,2,0,1
171269,171271,3,1,1,1
171278,171281,4,1,2,1
171283,171285,3,1,0,2
171286,171288,3,1,1,1
171290,171291,2,1,0,1
171297,171299,3,1,0,2
171339,171344,6,4,1,1
171346,171348,3,1,1,1
171352,171354,3,2,0,1
171359,171360,2,1,0,1
171372,171373,2,1,0,1
171399,171402,4,1,2,1
171440,171441,2,1,0,1
171461,171463,3,1,1,1
171464,171465,2,1,0,1
171471,171472,2,1,0,1
171481,171483,3,1,1,1
171491,171492,2,1,0,1
171504,171505,2,1,0,1
171514,171517,4,2,1,1
171532,171535,4,2,1,1
171542,171543,2,1,0,1
171559,171561,3,1,0,2
171572,171575,4,2,1,1
171606,171608,3,1,0,2
171628,171630,3,1,1,1
171679,171680,2,1,0,1
171685,171686,2,1,0,1
171702,171703,2,1,0,1
171734,171735,2,1,0,1
171758,171763,6,1,4,1
171767,171768,2,1,0,1
171801,171805,5,3,1,1
171817,171820,4,1,2,1
171821,171825,5,1,3,1
171836,171837,2,1,0,1
171878,171880,3,1,1,1
171927,171928,2,1,0,1
171945,171949,5,1,2,2
171960,171961,2,1,0,1
171976,171977,2,1,0,1
171979,171983,5,1,3,1
171986,171990,5,2,1,2
171998,171999,2,1,0,1
172002,172004,3,1,1,1
172033,172035,3,1,1,1
172038,172039,2,1,0,1
172041,172043,3,1,1,1
172049,172051,3,1,0,2
172059,172062,4,1,0,3
172063,172067,5,1,2,2
172093,172095,3,2,0,1
172124,172126,3,1,0,2
172130,172133,4,3,0,1
172137,172142,6,1,4,1
172167,172169,3,2,0,1
172172,172175,4,1,1,2
172197,172201,5,3,1,1
172204,172207,4,1,2,1
172215,172219,5,2,0,3
172236,172240,5,1,2,2
172244,172246,3,1,0,2
172259,172260,2,1,0,1
172294,172302,9,2,6,1
172303,172307,5,1,2,2
172327,172329,3,1,1,1
172334,172337,4,1,1,2
172346,172356,11,5,0,6
172426,172429,4,1,2,1
172435,172436,2,1,0,1
172453,172454,2,1,0,1
172493,172495,3,1,1,1
172499,172500,2,1,0,1
172516,172521,6,1,4,1
172522,172523,2,1,0,1
172535,172541,7,1,3,3
172542,172544,3,1,1,1
172550,172553,4,1,2,1
172555,172562,8,2,5,1
172576,172577,2,1,0,1
172595,172598,4,2,1,1
172614,172616,3,1,0,2
172641,172643,3,2,0,1
172645,172647,3,2,0,1
172691,172692,2,1,0,1
172696,172698,3,2,0,1
172702,172705,4,2,0,2
172706,172708,3,1,1,1
172724,172725,2,1,0,1
172727,172729,3,1,0,2
172740,172741,2,1,0,1
172745,172747,3,1,1,1
172758,172761,4,2,0,2
172775,172776,2,1,0,1
172796,172798,3,2,0,1
172816,172817,2,1,0,1
172855,172858,4,1,0,3
172865,172866,2,1,0,1
172875,172877,3,1,1,1
172887,172888,2,1,0,1
172897,172898,2,1,0,1
172922,172925,4,2,1,1
172932,172934,3,1,0,2
172944,172945,2,1,0,1
172950,172952,3,1,1,1
172955,172957,3,1,1,1
172971,172975,5,1,2,2
173019,173020,2,1,0,1
173028,173029,2,1,0,1
173030,173032,3,1,0,2
173041,173046,6,4,1,1
173052,173054,3,1,1,1
173072,173073,2,1,0,1
173091,173096,6,2,3,1
173105,173108,4,1,1,2
173138,173139,2,1,0,1
173168,173169,2,1,0,1
173171,173172,2,1,0,1
173184,173186,3,1,0,2
173188,173189,2,1,0,1
173204,173205,2,1,0,1
173214,173216,3,1,1,1
173239,173241,3,1,1,1
173257,173259,3,1,0,2
173260,173262,3,1,1,1
173265,173266,2,1,0,1
173283,173285,3,1,0,2
173294,173295,2,1,0,1
173305,173306,2,1,0,1
173331,173333,3,2,0,1
173341,173342,2,1,0,1
173343,173345,3,1,1,1
173355,173356,2,1,0,1
173368,173369,2,1,0,1
173381,173383,3,2,0,1
173392,173395,4,1,2,1
173396,173398,3,2,0,1
173408,173412,5,3,0,2
173424,173427,4,1,2,1
173435,173439,5,1,2,2
173448,173450,3,1,1,1
173463,173466,4,3,0,1
173475,173479,5,2,1,2
173482,173483,2,1,0,1
173524,173526,3,2,0,1
173531,173535,5,1,3,1
173539,173543,5,2,2,1
173545,173547,3,1,0,2
173614,173617,4,1,0,3
173629,173630,2,1,0,1
173639,173640,2,1,0,1
173646,173647,2,1,0,1
173650,173652,3,2,0,1
173664,173666,3,2,0,1
173667,173670,4,2,1,1
173696,173697,2,1,0,1
173709,173710,2,1,0,1
173715,173719,5,1,3,1
173721,173722,2,1,0,1
173723,173724,2,1,0,1
173729,173730,2,1,0,1
173764,173766,3,2,0,1
173771,173773,3,1,1,1
173787,173791,5,1,3,1
173796,173797,2,1,0,1
173800,173802,3,2,0,1
173847,173850,4,3,0,1
173859,173860,2,1,0,1
173871,173872,2,1,0,1
173894,173896,3,1,1,1
173938,173939,2,1,0,1
173948,173953,6,1,0,5
173986,173992,7,1,5,1
174024,174025,2,1,0,1
174044,174045,2,1,0,1
174046,174047,2,1,0,1
174057,174058,2,1,0,1
174072,174075,4,1,2,1
174090,174092,3,1,1,1
174098,174101,4,1,1,2
174133,174134,2,1,0,1
174142,174143,2,1,0,1
174155,174157,3,2,0,1
174160,174163,4,3,0,1
174178,174179,2,1,0,1
174184,174186,3,1,1,1
174213,174214,2,1,0,1
174220,174223,4,2,0,2
174227,174229,3,1,0,2
174234,174237,4,2,1,1
174242,174243,2,1,0,1
174253,174254,2,1,0,1
174263,174264,2,1,0,1
174266,174268,3,1,0,2
174279,174283,5,3,1,1
174284,174286,3,1,1,1
174314,174317,4,3,0,1
174319,174323,5,2,1,2
174356,174357,2,1,0,1
174362,174364,3,1,0,2
174379,174380,2,1,0,1
174386,174391,6,3,2,1
174393,174394,2,1,0,1
174396,174397,2,1,0,1
174405,174409,5,1,3,1
174437,174438,2,1,0,1
174475,174479,5,1,3,1
174529,174535,7,5,1,1
174587,174588,2,1,0,1
174592,174594,3,1,1,1
174611,174612,2,1,0,1
174627,174628,2,1,0,1
174661,174662,2,1,0,1
174667,174668,2,1,0,1
174683,174684,2,1,0,1
174695,174696,2,1,0,1
174702,174703,2,1,0,1
174712,174714,3,2,0,1
174743,174745,3,1,1,1
174753,174754,2,1,0,1
174768,174770,3,1,0,2
174773,174777,5,3,1,1
174781,174782,2,1,0,1
174786,174788,3,1,1,1
174795,174797,3,1,1,1
174804,174805,2,1,0,1
174810,174812,3,1,1,1
174822,174824,3,1,1,1
174827,174829,3,1,1,1
174855,174856,2,1,0,1
174917,174921,5,2,2,1
174952,174954,3,1,0,2
174958,174959,2,1,0,1
174962,174967,6,2,2,2
174968,174972,5,1,2,2
175011,175017,7,3,2,2
175040,175042,3,2,0,1
175043,175046,4,3,0,1
175049,175052,4,2,1,1
175055,175056,2,1,0,1
175083,175084,2,1,0,1
175103,175105,3,1,1,1
175106,175107,2,1,0,1
175136,175137,2,1,0,1
175138,175139,2,1,0,1
175145,175146,2,1,0,1
175152,175153,2,1,0,1
175165,175167,3,1,1,1
175182,175183,2,1,0,1
175189,175190,2,1,0,1
175191,175192,2,1,0,1
175245,175247,3,2,0,1
175251,175255,5,1,2,2
175256,175257,2,1,0,1
175279,175281,3,2,0,1
175292,175296,5,2,1,2
175298,175301,4,2,1,1
175330,175331,2,1,0,1
175343,175344,2,1,0,1
175406,175407,2,1,0,1
175421,175422,2,1,0,1
175531,175535,5,1,3,1
175572,175574,3,1,0,2
175615,175616,2,1,0,1
175626,175630,5,2,2,1
175633,175635,3,1,0,2
175646,175648,3,1,1,1
175649,175651,3,1,1,1
175665,175666,2,1,0,1
175672,175673,2,1,0,1
175674,175677,4,3,0,1
175678,175682,5,1,2,2
175715,175716,2,1,0,1
175725,175726,2,1,0,1
175750,175755,6,2,1,3
175784,175786,3,1,1,1
175787,175790,4,3,0,1
175801,175805,5,2,1,2
175828,175829,2,1,0,1
175837,175839,3,1,1,1
175842,175844,3,1,0,2
175881,175883,3,2,0,1
175895,175896,2,1,0,1
175923,175924,2,1,0,1
175964,175967,4,1,2,1
175982,175983,2,1,0,1
175995,175997,3,2,0,1
176014,176015,2,1,0,1
176025,176027,3,1,1,1
176080,176081,2,1,0,1
176087,176089,3,1,1,1
176103,176104,2,1,0,1
176122,176123,2,1,0,1
176146,176148,3,2,0,1
176166,176167,2,1,0,1
176198,176200,3,1,1,1
176203,176205,3,2,0,1
176208,176210,3,2,0,1
176243,176246,4,2,0,2
176263,176267,5,2,1,2
176274,176275,2,1,0,1
176284,176286,3,1,0,2
176297,176299,3,1,0,2
176335,176337,3,1,1,1
176355,176356,2,1,0,1
176362,176363,2,1,0,1
176405,176408,4,3,0,1
176413,176416,4,1,2,1
176440,176443,4,3,0,1
176444,176446,3,2,0,1
176449,176451,3,2,0,1
176452,176453,2,1,0,1
176525,176526,2,1,0,1
176530,176531,2,1,0,1
176547,176549,3,1,0,2
176551,176552,2,1,0,1
176555,176556,2,1,0,1
176606,176607,2,1,0,1
176614,176616,3,2,0,1
176617,176618,2,1,0,1
176624,176628,5,2,0,3
176644,176648,5,2,1,2
176664,176671,8,2,5,1
176673,176674,2,1,0,1
176686,176687,2,1,0,1
176705,176706,2,1,0,1
176711,176712,2,1,0,1
176750,176754,5,1,3,1
176755,176756,2,1,0,1
176778,176779,2,1,0,1
176784,176785,2,1,0,1
176824,176826,3,1,1,1
176833,176835,3,1,1,1
176850,176851,2,1,0,1
176930,176931,2,1,0,1
176943,176944,2,1,0,1
176960,176964,5,2,1,2
176969,176974,6,1,4,1
177018,177019,2,1,0,1
177030,177033,4,1,2,1
177046,177047,2,1,0,1
177089,177090,2,1,0,1
177214,177215,2,1,0,1
177217,177218,2,1,0,1
177223,177229,7,5,1,1
177233,177238,6,4,0,2
177241,177242,2,1,0,1
177258,177259,2,1,0,1
177293,177297,5,1,3,1
177304,177305,2,1,0,1
177307,177309,3,2,0,1
177324,177327,4,3,0,1
177331,177332,2,1,0,1
177342,177344,3,1,1,1
177363,177366,4,2,0,2
177375,177378,4,1,2,1
177382,177384,3,1,0,2
177405,177406,2,1,0,1
177424,177426,3,2,0,1
177453,177454,2,1,0,1
177478,177480,3,1,1,1
177489,177491,3,1,0,2
177528,177529,2,1,0,1
177554,177555,2,1,0,1
177603,177607,5,2,2,1
177612,177613,2,1,0,1
177614,177617,4,1,2,1
177753,177755,3,2,0,1
177758,177759,2,1,0,1
177779,177783,5,4,0,1
177807,177808,2,1,0,1
177819,177821,3,2,0,1
177852,177856,5,1,3,1
177871,177874,4,1,1,2
177886,177889,4,1,2,1
177923,177926,4,1,1,2
177940,177943,4,1,2,1
177944,177947,4,1,2,1
177961,177963,3,2,0,1
177971,177974,4,1,2,1
177982,177984,3,1,1,1
177997,178002,6,1,4,1
178012,178014,3,1,1,1
178021,178025,5,1,0,4
178090,178094,5,1,1,3
178111,178112,2,1,0,1
178129,178133,5,1,3,1
178241,178243,3,1,0,2
178274,178276,3,1,1,1
178358,178359,2,1,0,1
178402,178403,2,1,0,1
178406,178409,4,1,0,3
178468,178470,3,1,1,1
178475,178479,5,1,0,4
178519,178522,4,1,1,2
178529,178530,2,1,0,1
178532,178535,4,1,2,1
178555,178559,5,1,0,4
178591,178593,3,1,0,2
178616,178617,2,1,0,1
178623,178625,3,1,1,1
178657,178661,5,1,1,3
178671,178673,3,2,0,1
178675,178676,2,1,0,1
178683,178686,4,1,2,1
178756,178761,6,1,0,5
178765,178767,3,1,0,2
178858,178860,3,2,0,1
178883,178884,2,1,0,1
178885,178886,2,1,0,1
178917,178918,2,1,0,1
178932,178940,9,1,2,6
178975,178976,2,1,0,1
178984,178987,4,1,1,2
178988,178989,2,1,0,1
178995,178996,2,1,0,1
179004,179005,2,1,0,1
179024,179030,7,1,5,1
179110,179112,3,1,0,2
179114,179116,3,1,0,2
179117,179120,4,1,2,1
179128,179129,2,1,0,1
179145,179146,2,1,0,1
179173,179174,2,1,0,1
179204,179207,4,1,0,3
179264,179267,4,1,1,2
179290,179291,2,1,0,1
179326,179327,2,1,0,1
179341,179342,2,1,0,1
179388,179389,2,1,0,1
179395,179398,4,1,0,3
179422,179423,2,1,0,1
179424,179426,3,1,0,2
179512,179513,2,1,0,1
179517,179518,2,1,0,1
179566,179567,2,1,0,1
179570,179572,3,1,1,1
179629,179630,2,1,0,1
179638,179639,2,1,0,1
179646,179647,2,1,0,1
179671,179673,3,1,0,2
179774,179776,3,1,0,2
179809,179810,2,1,0,1
179816,179818,3,1,1,1
179857,179858,2,1,0,1
179862,179864,3,1,0,2
179883,179884,2,1,0,1
179885,179886,2,1,0,1
179929,179930,2,1,0,1
179942,179944,3,1,1,1
179948,179950,3,1,0,2
179960,179962,3,1,1,1
180000,180002,3,1,1,1
180039,180041,3,1,0,2
180046,180047,2,1,0,1
180074,180077,4,1,1,2
180084,180086,3,1,0,2
180143,180145,3,1,1,1
180149,180150,2,1,0,1
180167,180168,2,1,0,1
180178,180181,4,1,2,1
180189,180192,4,1,0,3
180217,180221,5,2,2,1
180271,180274,4,2,0,2
180284,180285,2,1,0,1
180288,180291,4,1,0,3
180342,180344,3,1,0,2
180352,180353,2,1,0,1
180378,180379,2,1,0,1
180387,180388,2,1,0,1
180414,180416,3,1,0,2
180435,180437,3,1,1,1
180451,180455,5,1,3,1
180477,180481,5,1,2,2
180498,180502,5,1,0,4
180523,180524,2,1,0,1
180561,180563,3,1,0,2
180595,180596,2,1,0,1
180601,180602,2,1,0,1
180621,180622,2,1,0,1
180654,180656,3,1,0,2
180680,180681,2,1,0,1
180692,180694,3,1,1,1
180701,180703,3,1,0,2
180704,180705,2,1,0,1
180721,180724,4,1,1,2
180769,180771,3,1,1,1
180823,180824,2,1,0,1
180843,180845,3,1,0,2
180880,180881,2,1,0,1
180886,180887,2,1,0,1
180908,180910,3,1,0,2
180913,180915,3,1,1,1
181001,181004,4,1,0,3
181032,181033,2,1,0,1
181035,181036,2,1,0,1
181083,181085,3,2,0,1
181143,181145,3,1,1,1
181185,181188,4,1,1,2
181195,181198,4,1,0,3
181215,181216,2,1,0,1
181262,181264,3,1,1,1
181334,181336,3,1,1,1
181359,181360,2,1,0,1
181390,181392,3,1,0,2
181407,181409,3,1,1,1
181518,181521,4,1,0,3
181527,181529,3,2,0,1
181534,181535,2,1,0,1
181544,181545,2,1,0,1
181560,181562,3,1,1,1
181567,181569,3,2,0,1
181592,181596,5,1,3,1
181597,181599,3,2,0,1
181612,181613,2,1,0,1
181625,181627,3,1,0,2
181650,181653,4,1,0,3
181663,181664,2,1,0,1
181692,181694,3,1,0,2
181722,181723,2,1,0,1
181775,181776,2,1,0,1
181778,181779,2,1,0,1
181797,181799,3,1,0,2
181823,181825,3,2,0,1
181832,181833,2,1,0,1
181872,181874,3,1,0,2
181882,181885,4,1,1,2
181941,181943,3,1,0,2
181944,181945,2,1,0,1
181965,181967,3,1,0,2
181974,181977,4,2,0,2
182014,182016,3,1,1,1
182027,182028,2,1,0,1
182039,182041,3,1,0,2
182043,182049,7,1,1,5
182068,182070,3,1,0,2
182103,182104,2,1,0,1
182126,182127,2,1,0,1
182159,182161,3,1,1,1
182197,182198,2,1,0,1
182237,182239,3,1,1,1
182255,182256,2,1,0,1
182341,182342,2,1,0,1
182358,182359,2,1,0,1
182361,182365,5,3,0,2
182381,182383,3,1,0,2
182423,182425,3,2,0,1
182433,182434,2,1,0,1
182477,182478,2,1,0,1
182503,182506,4,2,1,1
182545,182546,2,1,0,1
182605,182606,2,1,0,1
182643,182644,2,1,0,1
182758,182759,2,1,0,1
182762,182763,2,1,0,1
182799,182800,2,1,0,1
182827,182828,2,1,0,1
182860,182863,4,1,1,2
182943,182944,2,1,0,1
182949,182951,3,1,1,1
183003,183004,2,1,0,1
183043,183047,5,1,1,3
183055,183056,2,1,0,1
183133,183134,2,1,0,1
183175,183179,5,1,2,2
183200,183201,2,1,0,1
183223,183225,3,2,0,1
183232,183233,2,1,0,1
183242,183243,2,1,0,1
183297,183298,2,1,0,1
183311,183312,2,1,0,1
183339,183340,2,1,0,1
183344,183345,2,1,0,1
183415,183416,2,1,0,1
183441,183442,2,1,0,1
183457,183458,2,1,0,1
183478,183479,2,1,0,1
183482,183485,4,2,0,2
183531,183532,2,1,0,1
183579,183580,2,1,0,1
183593,183594,2,1,0,1
183601,183602,2,1,0,1
183613,183614,2,1,0,1
183623,183626,4,1,2,1
183665,183667,3,2,0,1
183685,183686,2,1,0,1
183700,183701,2,1,0,1
183748,183750,3,1,0,2
183758,183760,3,1,0,2
183832,183834,3,1,0,2
183859,183860,2,1,0,1
183989,183991,3,1,0,2
184002,184004,3,1,1,1
184044,184045,2,1,0,1
184076,184077,2,1,0,1
184096,184098,3,1,0,2
184120,184125,6,3,2,1
184129,184131,3,1,1,1
184265,184266,2,1,0,1
184297,184299,3,1,1,1
184331,184333,3,1,0,2
184334,184335,2,1,0,1
184356,184360,5,2,2,1
184361,184363,3,2,0,1
184411,184413,3,1,0,2
184423,184425,3,2,0,1
184444,184445,2,1,0,1
184541,184543,3,1,1,1
184555,184557,3,1,1,1
184558,184560,3,1,1,1
184565,184566,2,1,0,1
184631,184632,2,1,0,1
184665,184666,2,1,0,1
184734,184735,2,1,0,1
184768,184769,2,1,0,1
184784,184786,3,2,0,1
184835,184837,3,1,0,2
184865,184866,2,1,0,1
184887,184889,3,1,1,1
184946,184947,2,1,0,1
184967,184970,4,1,1,2
184976,184979,4,1,2,1
184990,184992,3,1,1,1
185013,185016,4,1,1,2
185031,185034,4,1,2,1
185040,185042,3,1,1,1
185044,185045,2,1,0,1
185047,185048,2,1,0,1
185056,185059,4,1,2,1
185065,185068,4,2,0,2
185094,185095,2,1,0,1
185178,185181,4,1,0,3
185183,185184,2,1,0,1
185190,185191,2,1,0,1
185198,185199,2,1,0,1
185232,185233,2,1,0,1
185251,185252,2,1,0,1
185271,185272,2,1,0,1
185290,185291,2,1,0,1
185343,185344,2,1,0,1
185347,185348,2,1,0,1
185349,185350,2,1,0,1
185393,185394,2,1,0,1
185409,185411,3,1,1,1
185424,185426,3,1,1,1
185453,185454,2,1,0,1
185470,185471,2,1,0,1
185494,185496,3,1,1,1
185573,185574,2,1,0,1
185586,185589,4,1,1,2
185660,185662,3,1,1,1
185673,185675,3,1,1,1
185683,185686,4,1,0,3
185721,185722,2,1,0,1
185736,185738,3,2,0,1
185745,185747,3,1,0,2
185769,185770,2,1,0,1
185779,185781,3,1,1,1
185841,185842,2,1,0,1
185867,185868,2,1,0,1
185896,185897,2,1,0,1
185928,185929,2,1,0,1
186032,186033,2,1,0,1
186095,186096,2,1,0,1
186101,186102,2,1,0,1
186146,186148,3,1,0,2
186149,186151,3,1,0,2
186160,186161,2,1,0,1
186205,186209,5,1,1,3
186250,186253,4,2,0,2
186285,186286,2,1,0,1
186293,186297,5,2,2,1
186313,186314,2,1,0,1
186347,186348,2,1,0,1
186375,186376,2,1,0,1
186390,186391,2,1,0,1
186399,186403,5,3,1,1
186430,186431,2,1,0,1
186441,186444,4,1,0,3
186525,186527,3,1,1,1
186533,186534,2,1,0,1
186590,186592,3,1,0,2
186623,186624,2,1,0,1
186634,186635,2,1,0,1
186642,186644,3,1,1,1
186780,186781,2,1,0,1
186848,186849,2,1,0,1
186983,186985,3,1,1,1
186986,186987,2,1,0,1
188238,188239,2,1,0,1
188355,188364,10,1,8,1
188408,188413,6,1,3,2
188489,188490,2,1,0,1
188746,188747,2,1,0,1
188749,188751,3,1,0,2
188854,188856,3,1,1,1
189262,189267,6,5,0,1
189749,189755,7,1,0,6
190258,190259,2,1,0,1
190385,190386,2,1,0,1
190437,190440,4,2,0,2
190953,190954,2,1,0,1
191385,191386,2,1,0,1
191788,191799,12,5,6,1
191855,191864,10,3,6,1
191901,191903,3,1,0,2
191972,191973,2,1,0,1
192189,192194,6,2,3,1
192294,192295,2,1,0,1
192307,192308,2,1,0,1
192339,192342,4,1,2,1
192343,192350,8,2,3,3
192403,192408,6,1,1,4
192466,192468,3,1,0,2
192469,192470,2,1,0,1
192548,192553,6,5,0,1
192743,192745,3,1,0,2
194468,194470,3,1,0,2
194695,194697,3,1,1,1
195094,195095,2,1,0,1
195102,195105,4,1,2,1
195110,195112,3,1,1,1
195117,195122,6,1,4,1
195127,195133,7,3,3,1
195149,195151,3,1,0,2
195176,195177,2,1,0,1
195185,195187,3,1,0,2
195188,195192,5,1,3,1
195208,195211,4,1,0,3
195220,195222,3,1,0,2
195229,195232,4,1,2,1
195240,195241,2,1,0,1
195253,195256,4,2,0,2
195269,195273,5,1,2,2
195284,195287,4,1,0,3
195295,195297,3,1,1,1
195298,195301,4,1,1,2
195331,195334,4,1,2,1
195340,195342,3,1,1,1
195355,195357,3,1,1,1
195358,195361,4,1,1,2
195383,195384,2,1,0,1
195419,195421,3,1,1,1
195427,195429,3,1,1,1
195433,195437,5,1,3,1
195441,195443,3,1,1,1
195453,195454,2,1,0,1
195458,195459,2,1,0,1
195488,195489,2,1,0,1
195501,195503,3,2,0,1
195515,195516,2,1,0,1
195519,195525,7,2,3,2
195535,195538,4,1,0,3
195544,195546,3,2,0,1
195547,195548,2,1,0,1
195550,195551,2,1,0,1
195566,195570,5,2,2,1
195575,195577,3,1,1,1
195594,195595,2,1,0,1
195618,195621,4,2,0,2
195636,195638,3,1,0,2
195658,195661,4,1,1,2
195664,195665,2,1,0,1
195667,195673,7,1,5,1
195692,195693,2,1,0,1
195705,195708,4,3,0,1
195722,195726,5,2,0,3
195727,195729,3,1,0,2
195737,195738,2,1,0,1
195742,195747,6,1,2,3
195756,195764,9,1,3,5
195771,195772,2,1,0,1
195773,195776,4,2,1,1
195777,195779,3,1,0,2
195852,195854,3,1,1,1
195867,195868,2,1,0,1
195880,195881,2,1,0,1
195885,195887,3,1,1,1
195894,195895,2,1,0,1
195898,195900,3,2,0,1
195916,195918,3,2,0,1
195927,195929,3,1,0,2
195953,195958,6,4,0,2
195967,195968,2,1,0,1
196024,196026,3,1,1,1
196031,196032,2,1,0,1
196081,196085,5,1,3,1
196093,196097,5,2,2,1
196106,196108,3,2,0,1
196129,196130,2,1,0,1
196150,196152,3,2,0,1
196154,196155,2,1,0,1
196158,196160,3,1,1,1
196165,196167,3,2,0,1
196174,196176,3,1,1,1
196180,196181,2,1,0,1
196183,196185,3,1,0,2
196221,196226,6,1,0,5
196243,196245,3,1,1,1
196251,196255,5,2,1,2
196257,196259,3,1,1,1
196260,196262,3,1,1,1
196297,196299,3,1,1,1
196332,196334,3,2,0,1
196341,196344,4,2,1,1
196348,196349,2,1,0,1
196371,196373,3,1,1,1
196381,196383,3,1,0,2
196401,196407,7,1,0,6
196409,196412,4,1,0,3
196425,196431,7,2,4,1
196461,196462,2,1,0,1
196466,196468,3,2,0,1
196482,196484,3,1,0,2
196491,196493,3,2,0,1
196511,196512,2,1,0,1
196521,196523,3,1,1,1
196545,196546,2,1,0,1
196554,196555,2,1,0,1
196556,196559,4,2,1,1
196649,196650,2,1,0,1
196667,196668,2,1,0,1
196790,196797,8,4,3,1
196817,196819,3,1,1,1
196826,196830,5,1,3,1
196838,196841,4,2,0,2
196842,196849,8,1,6,1
196999,197001,3,1,1,1
197045,197051,7,4,0,3
197062,197064,3,1,1,1
197190,197193,4,3,0,1
197208,197211,4,1,1,2
197213,197214,2,1,0,1
197228,197233,6,5,0,1
197280,197281,2,1,0,1
197305,197311,7,4,1,2
197345,197350,6,1,3,2
197370,197375,6,2,3,1
197386,197391,6,4,1,1
197694,197699,6,1,4,1
197719,197721,3,2,0,1
197735,197743,9,5,3,1
197744,197747,4,1,0,3
197816,197823,8,4,1,3
197855,197863,9,2,6,1
197867,197868,2,1,0,1
197976,197977,2,1,0,1
198017,198020,4,1,0,3
198055,198056,2,1,0,1
198086,198094,9,3,3,3
198103,198105,3,2,0,1
198225,198232,8,1,6,1
198239,198241,3,1,0,2
198263,198267,5,1,2,2
198277,198278,2,1,0,1
198279,198280,2,1,0,1
198287,198290,4,2,1,1
198362,198363,2,1,0,1
198377,198381,5,1,1,3
198408,198412,5,1,3,1
198443,198449,7,1,4,2
198539,198543,5,1,3,1
198711,198712,2,1,0,1
198726,198728,3,1,0,2
198861,198864,4,1,1,2
198871,198878,8,1,2,5
198900,198911,12,1,10,1
198913,198914,2,1,0,1
198921,198924,4,1,2,1
199612,199614,3,2,0,1
200262,200264,3,1,0,2
200954,200956,3,1,1,1
201642,201648,7,1,5,1
201765,201766,2,1,0,1
202643,202644,2,1,0,1
202679,202681,3,1,1,1
203617,203618,2,1,0,1
204376,204378,3,1,1,1
204379,204381,3,1,0,2
204392,204395,4,1,2,1
204417,204418,2,1,0,1
204435,204437,3,1,0,2
204442,204444,3,1,1,1
204468,204471,4,1,2,1
204500,204501,2,1,0,1
204511,204512,2,1,0,1
204521,204523,3,1,1,1
204524,204526,3,1,0,2
204533,204534,2,1,0,1
204551,204553,3,1,1,1
204565,204568,4,1,0,3
204569,204573,5,1,1,3
204601,204604,4,1,2,1
204613,204618,6,3,2,1
205387,205390,4,1,0,3
205396,205400,5,2,1,2
205409,205410,2,1,0,1
205412,205417,6,4,1,1
205418,205423,6,1,1,4
205440,205441,2,1,0,1
205444,205447,4,1,1,2
205451,205454,4,2,1,1
205481,205484,4,1,1,2
205643,205646,4,1,1,2
205663,205665,3,2,0,1
205676,205677,2,1,0,1
205678,205680,3,1,1,1
205695,205697,3,2,0,1
205699,205701,3,2,0,1
205711,205712,2,1,0,1
205722,205726,5,3,0,2
205727,205732,6,5,0,1
205740,205747,8,3,4,1
205761,205762,2,1,0,1
205793,205795,3,1,1,1
205808,205811,4,1,2,1
205812,205813,2,1,0,1
205833,205835,3,2,0,1
205852,205854,3,2,0,1
205874,205880,7,5,1,1
205892,205893,2,1,0,1
205919,205922,4,1,2,1
205951,205956,6,5,0,1
206034,206036,3,2,0,1
206045,206048,4,3,0,1
206054,206058,5,1,2,2
206059,206061,3,1,0,2
206075,206077,3,1,1,1
206078,206080,3,2,0,1
206083,206084,2,1,0,1
206086,206088,3,2,0,1
206107,206110,4,2,1,1
206113,206115,3,2,0,1
206122,206123,2,1,0,1
206141,206144,4,2,1,1
206145,206147,3,1,1,1
206148,206150,3,2,0,1
206159,206160,2,1,0,1
206163,206166,4,2,0,2
206173,206174,2,1,0,1
206184,206187,4,1,1,2
206217,206220,4,2,1,1
206234,206240,7,3,2,2
206243,206245,3,2,0,1
206250,206251,2,1,0,1
206268,206273,6,5,0,1
206280,206281,2,1,0,1
206282,206284,3,1,0,2
206285,206289,5,4,0,1
206312,206314,3,2,0,1
206341,206342,2,1,0,1
206350,206354,5,2,2,1
206368,206371,4,1,2,1
206382,206384,3,1,1,1
206385,206386,2,1,0,1
206390,206394,5,4,0,1
206433,206434,2,1,0,1
206445,206453,9,5,3,1
206456,206457,2,1,0,1
206466,206470,5,4,0,1
206473,206476,4,1,2,1
206501,206502,2,1,0,1
206503,206511,9,3,5,1
206521,206524,4,2,1,1
206528,206530,3,1,1,1
206541,206545,5,2,2,1
206546,206548,3,2,0,1
206568,206569,2,1,0,1
206577,206579,3,2,0,1
206583,206584,2,1,0,1
206586,206587,2,1,0,1
206588,206589,2,1,0,1
206600,206601,2,1,0,1
206608,206611,4,2,1,1
206618,206620,3,1,1,1
206621,206622,2,1,0,1
206625,206628,4,1,2,1
206629,206630,2,1,0,1
206638,206641,4,2,1,1
206651,206657,7,5,1,1
206674,206676,3,1,0,2
206679,206682,4,3,0,1
206692,206695,4,3,0,1
206697,206698,2,1,0,1
206704,206710,7,2,3,2
206714,206717,4,2,1,1
206720,206721,2,1,0,1
206736,206739,4,3,0,1
206743,206744,2,1,0,1
206745,206747,3,2,0,1
206754,206756,3,1,1,1
206764,206769,6,1,4,1
206780,206786,7,5,1,1
206794,206795,2,1,0,1
206798,206801,4,3,0,1
206802,206803,2,1,0,1
206808,206812,5,4,0,1
206813,206815,3,1,1,1
206823,206824,2,1,0,1
206835,206838,4,2,1,1
206846,206849,4,3,0,1
206856,206859,4,1,2,1
206860,206865,6,4,1,1
206867,206869,3,1,1,1
206871,206873,3,1,0,2
206874,206875,2,1,0,1
206887,206889,3,2,0,1
206892,206895,4,1,2,1
206908,206910,3,2,0,1
206914,206916,3,1,1,1
206917,206921,5,3,1,1
206926,206928,3,2,0,1
206937,206940,4,3,0,1
206974,206976,3,2,0,1
206986,206987,2,1,0,1
206992,206993,2,1,0,1
206994,206996,3,2,0,1
206997,207002,6,1,4,1
207013,207017,5,2,1,2
207031,207032,2,1,0,1
207036,207039,4,1,1,2
207043,207045,3,1,1,1
207046,207048,3,2,0,1
207052,207060,9,3,4,2
207078,207081,4,2,1,1
207098,207099,2,1,0,1
207100,207104,5,4,0,1
207106,207107,2,1,0,1
207111,207116,6,1,4,1
207119,207120,2,1,0,1
207148,207151,4,2,1,1
207152,207160,9,4,4,1
207178,207179,2,1,0,1
207182,207184,3,1,1,1
207190,207193,4,1,2,1
207195,207196,2,1,0,1
207207,207208,2,1,0,1
207209,207213,5,2,2,1
207227,207229,3,1,1,1
207262,207267,6,4,1,1
207268,207272,5,4,0,1
207274,207278,5,2,2,1
207289,207294,6,2,3,1
207311,207313,3,1,1,1
207325,207326,2,1,0,1
207329,207333,5,1,2,2
207343,207347,5,4,0,1
207352,207355,4,1,2,1
207382,207383,2,1,0,1
207390,207391,2,1,0,1
207413,207416,4,2,1,1
207429,207430,2,1,0,1
207437,207439,3,2,0,1
207444,207449,6,5,0,1
207461,207464,4,1,2,1
207470,207473,4,1,1,2
207494,207495,2,1,0,1
207497,207498,2,1,0,1
207501,207504,4,3,0,1
207508,207510,3,2,0,1
207515,207517,3,1,1,1
207529,207531,3,1,1,1
207553,207556,4,1,1,2
207583,207586,4,2,1,1
207588,207590,3,1,1,1
207596,207597,2,1,0,1
207598,207601,4,1,2,1
207603,207608,6,4,1,1
207612,207615,4,2,1,1
207623,207624,2,1,0,1
207627,207629,3,2,0,1
207633,207634,2,1,0,1
207635,207636,2,1,0,1
207654,207657,4,2,1,1
207661,207665,5,4,0,1
207668,207670,3,1,1,1
207688,207693,6,5,0,1
207699,207701,3,2,0,1
207719,207721,3,2,0,1
207734,207737,4,1,2,1
207738,207742,5,3,0,2
207745,207746,2,1,0,1
207754,207755,2,1,0,1
207767,207768,2,1,0,1
207770,207771,2,1,0,1
207772,207776,5,1,3,1
207790,207793,4,3,0,1
207806,207807,2,1,0,1
207828,207832,5,2,2,1
207833,207834,2,1,0,1
207845,207848,4,2,1,1
207854,207858,5,3,1,1
207874,207880,7,3,3,1
207902,207907,6,1,4,1
207917,207919,3,2,0,1
207921,207926,6,3,2,1
207929,207930,2,1,0,1
207946,207947,2,1,0,1
207952,207953,2,1,0,1
207954,207957,4,2,0,2
207964,207965,2,1,0,1
207975,207977,3,2,0,1
207985,207987,3,2,0,1
207999,208004,6,5,0,1
208005,208006,2,1,0,1
208012,208013,2,1,0,1
208014,208017,4,1,2,1
208025,208027,3,1,1,1
208032,208034,3,1,1,1
208035,208037,3,1,1,1
208038,208041,4,2,0,2
208053,208055,3,1,1,1
208060,208064,5,3,1,1
208070,208071,2,1,0,1
208072,208073,2,1,0,1
208074,208077,4,3,0,1
208086,208089,4,1,1,2
208091,208095,5,1,3,1
208101,208103,3,1,1,1
208105,208112,8,5,1,2
208113,208114,2,1,0,1
208115,208119,5,4,0,1
208121,208122,2,1,0,1
208126,208129,4,2,1,1
208132,208133,2,1,0,1
208148,208152,5,2,1,2
208169,208172,4,2,1,1
208173,208175,3,2,0,1
208181,208183,3,1,0,2
208208,208212,5,1,1,3
208233,208238,6,2,3,1
208240,208241,2,1,0,1
208255,208259,5,4,0,1
208264,208267,4,1,2,1
208306,208309,4,1,2,1
208312,208313,2,1,0,1
208316,208317,2,1,0,1
208322,208327,6,4,1,1
208338,208340,3,2,0,1
208381,208382,2,1,0,1
208404,208407,4,2,1,1
208420,208425,6,5,0,1
208429,208433,5,2,1,2
208439,208440,2,1,0,1
208444,208449,6,3,2,1
208456,208457,2,1,0,1
208468,208471,4,1,2,1
208473,208479,7,2,2,3
208510,208514,5,2,2,1
208522,208526,5,4,0,1
208527,208529,3,2,0,1
208531,208534,4,2,1,1
208568,208570,3,2,0,1
208579,208582,4,1,2,1
208599,208603,5,4,0,1
208634,208641,8,1,6,1
208650,208651,2,1,0,1
208662,208665,4,1,2,1
208666,208671,6,1,4,1
208678,208681,4,3,0,1
208688,208689,2,1,0,1
208715,208719,5,2,2,1
208720,208721,2,1,0,1
208727,208729,3,2,0,1
208758,208761,4,3,0,1
208769,208772,4,3,0,1
208773,208781,9,1,7,1
208785,208789,5,2,2,1
208799,208805,7,1,5,1
208806,208811,6,2,3,1
208817,208821,5,3,1,1
208825,208826,2,1,0,1
208841,208842,2,1,0,1
208877,208878,2,1,0,1
208881,208884,4,1,2,1
208903,208904,2,1,0,1
208918,208924,7,1,5,1
208926,208929,4,3,0,1
208935,208939,5,2,2,1
208945,208950,6,1,3,2
208955,208958,4,3,0,1
208961,208963,3,1,0,2
208979,208985,7,1,5,1
208986,208989,4,1,2,1
208994,208996,3,1,0,2
209001,209003,3,2,0,1
209020,209023,4,2,1,1
209027,209029,3,1,1,1
209039,209040,2,1,0,1
209055,209056,2,1,0,1
209082,209084,3,1,1,1
209092,209095,4,3,0,1
209098,209099,2,1,0,1
209104,209107,4,3,0,1
209113,209116,4,2,0,2
209134,209135,2,1,0,1
209143,209147,5,1,2,2
209162,209164,3,2,0,1
209165,209166,2,1,0,1
209170,209171,2,1,0,1
209180,209184,5,1,3,1
209188,209189,2,1,0,1
209195,209196,2,1,0,1
209197,209198,2,1,0,1
209202,209203,2,1,0,1
209212,209214,3,2,0,1
209220,209221,2,1,0,1
209227,209229,3,1,1,1
209239,209240,2,1,0,1
209270,209273,4,3,0,1
209276,209277,2,1,0,1
209281,209282,2,1,0,1
209292,209294,3,2,0,1
209305,209309,5,1,3,1
209310,209311,2,1,0,1
209323,209329,7,2,4,1
209336,209339,4,2,1,1
209344,209346,3,1,1,1
209357,209361,5,2,2,1
209370,209377,8,5,2,1
209380,209382,3,1,1,1
209384,209385,2,1,0,1
209390,209391,2,1,0,1
209406,209407,2,1,0,1
209421,209426,6,5,0,1
209439,209440,2,1,0,1
209471,209473,3,1,1,1
209480,209484,5,1,3,1
209497,209498,2,1,0,1
209509,209510,2,1,0,1
209514,209515,2,1,0,1
209529,209533,5,2,2,1
209549,209551,3,2,0,1
209571,209574,4,3,0,1
209586,209589,4,3,0,1
209592,209593,2,1,0,1
209633,209638,6,5,0,1
209647,209649,3,2,0,1
209657,209658,2,1,0,1
209660,209663,4,2,0,2
209666,209669,4,3,0,1
209675,209677,3,2,0,1
209682,209684,3,2,0,1
209688,209692,5,1,3,1
209701,209702,2,1,0,1
209715,209716,2,1,0,1
209720,209723,4,2,1,1
209729,209731,3,1,1,1
209739,209744,6,5,0,1
209753,209755,3,1,0,2
209787,209788,2,1,0,1
209789,209790,2,1,0,1
209818,209821,4,3,0,1
209825,209826,2,1,0,1
209833,209835,3,2,0,1
209851,209852,2,1,0,1
209859,209860,2,1,0,1
209873,209877,5,3,1,1
209886,209887,2,1,0,1
209900,209904,5,3,1,1
209906,209908,3,1,1,1
209919,209922,4,1,2,1
209925,209927,3,2,0,1
209934,209939,6,4,1,1
209944,209947,4,1,2,1
209950,209953,4,1,2,1
209954,209955,2,1,0,1
209973,209975,3,1,0,2
209984,209989,6,1,4,1
209991,209993,3,1,1,1
210008,210016,9,5,3,1
210021,210024,4,3,0,1
210025,210027,3,2,0,1
210033,210035,3,1,1,1
210043,210045,3,1,1,1
210054,210055,2,1,0,1
210056,210057,2,1,0,1
210058,210059,2,1,0,1
210083,210087,5,1,2,2
210089,210091,3,2,0,1
210106,210109,4,1,2,1
210117,210123,7,1,4,2
210126,210130,5,1,2,2
210135,210138,4,1,2,1
210153,210157,5,4,0,1
210162,210168,7,3,3,1
210175,210177,3,2,0,1
210178,210181,4,2,1,1
210183,210188,6,5,0,1
210189,210192,4,2,1,1
210210,210213,4,3,0,1
210220,210221,2,1,0,1
210226,210228,3,2,0,1
210240,210250,11,4,6,1
210255,210258,4,3,0,1
210260,210263,4,3,0,1
210264,210266,3,2,0,1
210271,210274,4,2,0,2
210275,210280,6,3,2,1
210285,210287,3,1,1,1
210311,210312,2,1,0,1
210320,210324,5,4,0,1
210331,210332,2,1,0,1
210347,210348,2,1,0,1
210354,210356,3,2,0,1
210359,210361,3,1,1,1
210362,210364,3,1,1,1
210365,210366,2,1,0,1
210370,210375,6,3,2,1
210376,210381,6,2,3,1
210397,210398,2,1,0,1
210436,210441,6,3,2,1
210443,210446,4,1,2,1
210447,210450,4,1,1,2
210451,210452,2,1,0,1
210470,210473,4,3,0,1
210493,210494,2,1,0,1
210501,210503,3,1,1,1
210524,210526,3,2,0,1
210528,210529,2,1,0,1
210535,210539,5,2,2,1
210541,210545,5,3,1,1
210553,210554,2,1,0,1
210558,210561,4,2,1,1
210580,210582,3,2,0,1
210588,210589,2,1,0,1
210600,210601,2,1,0,1
210603,210605,3,1,0,2
210606,210608,3,1,1,1
210614,210617,4,2,1,1
210624,210629,6,1,4,1
210655,210658,4,1,2,1
210665,210666,2,1,0,1
210669,210670,2,1,0,1
210673,210674,2,1,0,1
210690,210694,5,4,0,1
210700,210702,3,1,1,1
210706,210711,6,2,3,1
210750,210751,2,1,0,1
210765,210766,2,1,0,1
210781,210783,3,1,0,2
210796,210797,2,1,0,1
210809,210811,3,1,1,1
210819,210821,3,2,0,1
210829,210831,3,1,1,1
210832,210834,3,1,1,1
210843,210846,4,1,2,1
210869,210874,6,4,1,1
210875,210876,2,1,0,1
210882,210887,6,5,0,1
210892,210895,4,1,0,3
210902,210906,5,2,1,2
210910,210911,2,1,0,1
210929,210933,5,2,2,1
210944,210946,3,1,1,1
210948,210949,2,1,0,1
210957,210964,8,1,6,1
210966,210970,5,3,0,2
210979,210985,7,2,4,1
211002,211004,3,1,1,1
211007,211008,2,1,0,1
211011,211013,3,1,1,1
211040,211041,2,1,0,1
211046,211047,2,1,0,1
211052,211055,4,1,1,2
211056,211057,2,1,0,1
211059,211060,2,1,0,1
211076,211079,4,1,1,2
211087,211089,3,2,0,1
211090,211093,4,1,2,1
211096,211098,3,1,1,1
211102,211106,5,1,2,2
211119,211124,6,3,2,1
211125,211127,3,1,1,1
211129,211133,5,4,0,1
211139,211144,6,3,2,1
211156,211158,3,2,0,1
211163,211167,5,2,2,1
211176,211181,6,1,4,1
211182,211184,3,1,1,1
211185,211188,4,1,2,1
211190,211195,6,1,4,1
211211,211215,5,1,3,1
211221,211224,4,3,0,1
211250,211253,4,2,1,1
211257,211258,2,1,0,1
211264,211267,4,1,2,1
211271,211272,2,1,0,1
211278,211280,3,2,0,1
211301,211304,4,1,2,1
211319,211322,4,2,1,1
211324,211329,6,3,2,1
211344,211347,4,2,1,1
211352,211357,6,2,3,1
211369,211370,2,1,0,1
211372,211374,3,2,0,1
211376,211378,3,1,1,1
211380,211383,4,1,2,1
211384,211386,3,1,1,1
211406,211411,6,3,2,1
211412,211415,4,2,1,1
211418,211420,3,1,1,1
211424,211425,2,1,0,1
211426,211428,3,1,0,2
211448,211449,2,1,0,1
211453,211455,3,2,0,1
211459,211462,4,2,1,1
211464,211465,2,1,0,1
211472,211473,2,1,0,1
211483,211484,2,1,0,1
211489,211491,3,1,0,2
211492,211495,4,2,1,1
211527,211528,2,1,0,1
211543,211544,2,1,0,1
211546,211547,2,1,0,1
211555,211556,2,1,0,1
211580,211585,6,1,4,1
211606,211609,4,3,0,1
211610,211611,2,1,0,1
211630,211631,2,1,0,1
211650,211654,5,1,3,1
211655,211657,3,1,0,2
211677,211679,3,1,0,2
211688,211690,3,2,0,1
211707,211708,2,1,0,1
211710,211714,5,1,2,2
211716,211721,6,4,1,1
211742,211743,2,1,0,1
211748,211749,2,1,0,1
211750,211755,6,4,1,1
211757,211761,5,2,2,1
211775,211779,5,2,2,1
211801,211805,5,4,0,1
211806,211808,3,1,1,1
211812,211814,3,1,1,1
211817,211818,2,1,0,1
211819,211822,4,3,0,1
211827,211830,4,2,1,1
211853,211855,3,2,0,1
211912,211914,3,2,0,1
211925,211926,2,1,0,1
211941,211943,3,2,0,1
211951,211955,5,4,0,1
211958,211959,2,1,0,1
211971,211975,5,3,1,1
211983,211984,2,1,0,1
211991,211993,3,1,0,2
212014,212016,3,1,1,1
212021,212022,2,1,0,1
212032,212036,5,3,1,1
212041,212047,7,2,4,1
212050,212052,3,1,1,1
212061,212066,6,5,0,1
212067,212069,3,1,1,1
212071,212079,9,4,4,1
212082,212085,4,3,0,1
212093,212094,2,1,0,1
212097,212104,8,3,4,1
212105,212109,5,4,0,1
212136,212137,2,1,0,1
212142,212145,4,1,2,1
212146,212154,9,4,4,1
212165,212167,3,1,0,2
212170,212175,6,5,0,1
212185,212186,2,1,0,1
212197,212201,5,2,2,1
212205,212208,4,3,0,1
212214,212216,3,2,0,1
212227,212228,2,1,0,1
212238,212243,6,1,2,3
212244,212246,3,1,1,1
212247,212250,4,2,1,1
212251,212253,3,2,0,1
212260,212263,4,2,1,1
212265,212266,2,1,0,1
212267,212271,5,2,1,2
212273,212276,4,3,0,1
212278,212281,4,2,0,2
212282,212285,4,2,0,2
212288,212290,3,1,1,1
212291,212292,2,1,0,1
212305,212309,5,1,3,1
212313,212317,5,3,1,1
212341,212343,3,1,0,2
212346,212350,5,2,0,3
212361,212363,3,1,1,1
212364,212365,2,1,0,1
212370,212376,7,3,3,1
212387,212390,4,2,1,1
212392,212393,2,1,0,1
212403,212406,4,3,0,1
212419,212421,3,2,0,1
212445,212450,6,2,3,1
212459,212462,4,2,0,2
212483,212484,2,1,0,1
212489,212496,8,1,6,1
212498,212502,5,4,0,1
212513,212516,4,1,2,1
212527,212529,3,1,1,1
212538,212540,3,2,0,1
212546,212548,3,1,0,2
212549,212551,3,1,1,1
212557,212560,4,1,2,1
212574,212581,8,2,5,1
212582,212584,3,1,1,1
212593,212600,8,4,3,1
212633,212637,5,2,2,1
212654,212656,3,2,0,1
212661,212664,4,2,0,2
212667,212669,3,2,0,1
212675,212678,4,1,0,3
212680,212684,5,2,2,1
212686,212687,2,1,0,1
212706,212708,3,1,0,2
212709,212712,4,1,2,1
212731,212733,3,1,1,1
212739,212741,3,1,1,1
212745,212746,2,1,0,1
212750,212753,4,3,0,1
212754,212759,6,4,1,1
212760,212762,3,1,1,1
212777,212781,5,4,0,1
212784,212785,2,1,0,1
212787,212788,2,1,0,1
212791,212792,2,1,0,1
212793,212794,2,1,0,1
212795,212796,2,1,0,1
212798,212801,4,2,0,2
212804,212806,3,1,1,1
212810,212813,4,1,1,2
212816,212817,2,1,0,1
212827,212828,2,1,0,1
212831,212834,4,2,1,1
212837,212838,2,1,0,1
212843,212844,2,1,0,1
212845,212849,5,4,0,1
212858,212860,3,1,1,1
212870,212873,4,3,0,1
212877,212881,5,3,1,1
212887,212889,3,2,0,1
212901,212907,7,5,0,2
212922,212923,2,1,0,1
212931,212932,2,1,0,1
212936,212938,3,2,0,1
212954,212957,4,1,2,1
212967,212972,6,1,4,1
212977,212979,3,2,0,1
212987,212988,2,1,0,1
212993,212996,4,2,1,1
212997,212998,2,1,0,1
213004,213006,3,1,1,1
213011,213015,5,3,1,1
213025,213027,3,2,0,1
213028,213029,2,1,0,1
213033,213034,2,1,0,1
213038,213041,4,2,0,2
213043,213045,3,2,0,1
213046,213050,5,1,3,1
213059,213061,3,1,1,1
213065,213067,3,1,0,2
213086,213089,4,2,1,1
213096,213098,3,2,0,1
213105,213107,3,2,0,1
213116,213118,3,2,0,1
213123,213124,2,1,0,1
213132,213137,6,2,3,1
213167,213174,8,1,6,1
213211,213213,3,1,1,1
213218,213219,2,1,0,1
213228,213229,2,1,0,1
213238,213241,4,2,1,1
213255,213257,3,1,1,1
213261,213263,3,2,0,1
213271,213272,2,1,0,1
213276,213277,2,1,0,1
213295,213298,4,1,0,3
213318,213319,2,1,0,1
213320,213322,3,1,1,1
213333,213334,2,1,0,1
213335,213340,6,3,2,1
213353,213355,3,1,1,1
213357,213358,2,1,0,1
213359,213363,5,3,0,2
213364,213368,5,4,0,1
213398,213400,3,1,1,1
213419,213421,3,1,1,1
213438,213440,3,1,0,2
213447,213448,2,1,0,1
213461,213464,4,2,1,1
213465,213468,4,2,1,1
213471,213476,6,1,4,1
213483,213490,8,5,2,1
213504,213509,6,3,2,1
213512,213516,5,1,3,1
213546,213548,3,2,0,1
213555,213558,4,2,1,1
213571,213572,2,1,0,1
213574,213577,4,1,2,1
213586,213588,3,1,1,1
213601,213608,8,1,6,1
213611,213619,9,1,7,1
213644,213647,4,2,1,1
213648,213650,3,1,1,1
213656,213657,2,1,0,1
213660,213662,3,2,0,1
213683,213687,5,1,1,3
213689,213695,7,5,1,1
213700,213704,5,1,2,2
213720,213721,2,1,0,1
213723,213724,2,1,0,1
213736,213739,4,2,1,1
213742,213744,3,1,1,1
213761,213765,5,3,1,1
213771,213774,4,2,1,1
213780,213782,3,2,0,1
213790,213795,6,2,3,1
213821,213824,4,2,1,1
213835,213836,2,1,0,1
213838,213841,4,1,2,1
213845,213850,6,2,3,1
213852,213854,3,1,0,2
213856,213857,2,1,0,1
213863,213870,8,1,6,1
213871,213873,3,2,0,1
213889,213892,4,1,2,1
213902,213903,2,1,0,1
213906,213907,2,1,0,1
213908,213910,3,2,0,1
213929,213930,2,1,0,1
213942,213946,5,1,3,1
213966,213968,3,1,1,1
213988,213989,2,1,0,1
214003,214008,6,5,0,1
214010,214011,2,1,0,1
214028,214031,4,1,2,1
214056,214060,5,1,3,1
214061,214062,2,1,0,1
214063,214066,4,1,2,1
214071,214072,2,1,0,1
214113,214116,4,3,0,1
214117,214121,5,2,2,1
214124,214128,5,3,1,1
214129,214130,2,1,0,1
214131,214133,3,2,0,1
214142,214146,5,4,0,1
214170,214171,2,1,0,1
214176,214178,3,2,0,1
214179,214182,4,1,2,1
214189,214194,6,4,1,1
214202,214205,4,2,1,1
214219,214222,4,1,2,1
214226,214227,2,1,0,1
214240,214242,3,1,0,2
214243,214248,6,3,2,1
214262,214267,6,3,2,1
214286,214288,3,2,0,1
214295,214302,8,5,0,3
214304,214305,2,1,0,1
214310,214311,2,1,0,1
214317,214318,2,1,0,1
214349,214355,7,5,1,1
214357,214361,5,1,2,2
214367,214370,4,1,2,1
214396,214398,3,2,0,1
214406,214410,5,1,3,1
214420,214422,3,1,1,1
214435,214437,3,2,0,1
214443,214446,4,2,1,1
214457,214458,2,1,0,1
214463,214464,2,1,0,1
214465,214467,3,2,0,1
214478,214480,3,1,1,1
214490,214492,3,1,0,2
214493,214495,3,2,0,1
214503,214506,4,1,1,2
214507,214508,2,1,0,1
214512,214514,3,2,0,1
214517,214520,4,2,1,1
214521,214527,7,5,1,1
214532,214534,3,1,1,1
214543,214546,4,2,0,2
214549,214551,3,1,0,2
214560,214565,6,1,4,1
214570,214575,6,2,3,1
214577,214581,5,3,1,1
214589,214590,2,1,0,1
214601,214606,6,1,4,1
214613,214614,2,1,0,1
214622,214626,5,4,0,1
214634,214636,3,2,0,1
214637,214640,4,3,0,1
214656,214661,6,5,0,1
214664,214665,2,1,0,1
214670,214674,5,2,2,1
214684,214686,3,2,0,1
214692,214698,7,5,0,2
214706,214710,5,4,0,1
214725,214728,4,1,1,2
214731,214732,2,1,0,1
214737,214738,2,1,0,1
214739,214741,3,1,1,1
214746,214750,5,2,2,1
214767,214769,3,2,0,1
214772,214773,2,1,0,1
214782,214786,5,2,2,1
214787,214791,5,4,0,1
214793,214794,2,1,0,1
214803,214805,3,1,1,1
214820,214822,3,1,0,2
214854,214855,2,1,0,1
214865,214869,5,4,0,1
214870,214872,3,2,0,1
214902,214904,3,1,1,1
214911,214916,6,3,2,1
214921,214923,3,1,1,1
214929,214934,6,2,3,1
214942,214945,4,1,2,1
214947,214950,4,2,0,2
214968,214971,4,1,2,1
214995,214997,3,2,0,1
215021,215023,3,2,0,1
215026,215031,6,2,2,2
215032,215034,3,1,1,1
215043,215045,3,1,0,2
215046,215047,2,1,0,1
215060,215061,2,1,0,1
215062,215063,2,1,0,1
215065,215067,3,2,0,1
215093,215099,7,1,4,2
215102,215109,8,5,2,1
215110,215115,6,2,3,1
215118,215119,2,1,0,1
215120,215122,3,1,1,1
215132,215135,4,2,1,1
215141,215146,6,5,0,1
215150,215153,4,1,2,1
215156,215157,2,1,0,1
215183,215186,4,1,1,2
215192,215193,2,1,0,1
215218,215221,4,3,0,1
215233,215236,4,3,0,1
215257,215259,3,2,0,1
215277,215280,4,1,0,3
215296,215301,6,3,2,1
215333,215334,2,1,0,1
215374,215378,5,2,2,1
215380,215381,2,1,0,1
215418,215420,3,2,0,1
215448,215452,5,4,0,1
215466,215470,5,3,1,1
215488,215490,3,2,0,1
215495,215496,2,1,0,1
215518,215526,9,5,3,1
215593,215599,7,5,1,1
215602,215607,6,2,2,2
215668,215669,2,1,0,1
215687,215690,4,2,1,1
215692,215694,3,1,1,1
215699,215700,2,1,0,1
215703,215706,4,2,1,1
215737,215738,2,1,0,1
215822,215825,4,2,1,1
215858,215859,2,1,0,1
215867,215872,6,5,0,1
215883,215885,3,2,0,1
215927,215928,2,1,0,1
215931,215932,2,1,0,1
215934,215935,2,1,0,1
215942,215946,5,3,1,1
215967,215972,6,5,0,1
215973,215976,4,3,0,1
215992,215993,2,1,0,1
215997,216001,5,3,0,2
216014,216017,4,2,0,2
216019,216022,4,3,0,1
216027,216029,3,2,0,1
216052,216056,5,2,2,1
216061,216062,2,1,0,1
216087,216092,6,5,0,1
216108,216111,4,2,1,1
216139,216141,3,1,1,1
216145,216148,4,3,0,1
216159,216164,6,5,0,1
216165,216166,2,1,0,1
216171,216176,6,1,4,1
216181,216185,5,4,0,1
216219,216220,2,1,0,1
216264,216266,3,2,0,1
216267,216269,3,2,0,1
216279,216281,3,2,0,1
216289,216292,4,2,1,1
216313,216315,3,1,0,2
216322,216328,7,5,0,2
216336,216337,2,1,0,1
216346,216348,3,2,0,1
216353,216354,2,1,0,1
216375,216378,4,2,0,2
216383,216385,3,2,0,1
216386,216389,4,2,1,1
216396,216398,3,2,0,1
216403,216406,4,3,0,1
216417,216421,5,4,0,1
216425,216427,3,1,1,1
216430,216431,2,1,0,1
216439,216442,4,2,1,1
216453,216458,6,2,3,1
216482,216484,3,2,0,1
216508,216511,4,1,1,2
216530,216532,3,2,0,1
216557,216558,2,1,0,1
216566,216568,3,2,0,1
216569,216570,2,1,0,1
216651,216653,3,2,0,1
216666,216671,6,5,0,1
216720,216724,5,1,3,1
216732,216735,4,1,1,2
216746,216747,2,1,0,1
216752,216754,3,2,0,1
216772,216778,7,5,1,1
216784,216789,6,5,0,1
216797,216801,5,1,3,1
216804,216806,3,1,1,1
216826,216827,2,1,0,1
216833,216835,3,2,0,1
216838,216839,2,1,0,1
216875,216878,4,3,0,1
216885,216886,2,1,0,1
216917,216918,2,1,0,1
216928,216932,5,1,3,1
216939,216943,5,2,2,1
216955,216956,2,1,0,1
216957,216958,2,1,0,1
217005,217008,4,3,0,1
217040,217044,5,3,1,1
217051,217053,3,2,0,1
217077,217081,5,4,0,1
217096,217098,3,2,0,1
217144,217147,4,2,1,1
217152,217153,2,1,0,1
217185,217189,5,4,0,1
217198,217199,2,1,0,1
217202,217204,3,1,1,1
217209,217213,5,1,3,1
217225,217228,4,2,1,1
217236,217241,6,1,4,1
217259,217262,4,3,0,1
217271,217275,5,1,3,1
217286,217287,2,1,0,1
217288,217290,3,1,1,1
217307,217312,6,5,0,1
217315,217321,7,3,3,1
217338,217343,6,5,0,1
217363,217364,2,1,0,1
217365,217366,2,1,0,1
217400,217404,5,2,2,1
217407,217410,4,3,0,1
217437,217439,3,2,0,1
217454,217457,4,2,1,1
217458,217459,2,1,0,1
217472,217476,5,4,0,1
217503,217505,3,2,0,1
217522,217525,4,2,1,1
217552,217557,6,5,0,1
217567,217572,6,5,0,1
217585,217587,3,1,1,1
217598,217600,3,2,0,1
217618,217621,4,3,0,1
217623,217628,6,5,0,1
217630,217635,6,5,0,1
217661,217662,2,1,0,1
217664,217666,3,1,1,1
217672,217674,3,2,0,1
217682,217684,3,1,1,1
217691,217693,3,2,0,1
217719,217722,4,3,0,1
217723,217725,3,1,1,1
217739,217740,2,1,0,1
217748,217751,4,1,1,2
217779,217782,4,3,0,1
217794,217796,3,1,1,1
217803,217805,3,2,0,1
217816,217819,4,3,0,1
217845,217853,9,5,3,1
217885,217887,3,1,1,1
217888,217894,7,1,4,2
217902,217907,6,5,0,1
217919,217920,2,1,0,1
217922,217923,2,1,0,1
217974,217975,2,1,0,1
217982,217985,4,3,0,1
217994,217995,2,1,0,1
218021,218024,4,3,0,1
218025,218029,5,2,2,1
218045,218047,3,1,1,1
218099,218102,4,1,2,1
218145,218147,3,2,0,1
218152,218154,3,2,0,1
218158,218162,5,2,2,1
218219,218221,3,1,1,1
218223,218227,5,3,0,2
218237,218241,5,2,2,1
218263,218267,5,4,0,1
218283,218285,3,1,1,1
218288,218289,2,1,0,1
218361,218363,3,1,1,1
218374,218376,3,2,0,1
218415,218417,3,2,0,1
218419,218420,2,1,0,1
218421,218422,2,1,0,1
218424,218426,3,2,0,1
218428,218429,2,1,0,1
218437,218444,8,5,1,2
218449,218452,4,3,0,1
218472,218476,5,4,0,1
218513,218517,5,3,0,2
218518,218522,5,4,0,1
218569,218571,3,1,1,1
218587,218590,4,3,0,1
218614,218617,4,2,0,2
218645,218649,5,4,0,1
218657,218659,3,2,0,1
218664,218667,4,2,1,1
218668,218670,3,2,0,1
218692,218695,4,2,1,1
218696,218698,3,2,0,1
218705,218712,8,5,2,1
218713,218715,3,1,0,2
218720,218721,2,1,0,1
218725,218726,2,1,0,1
218738,218740,3,1,1,1
218758,218764,7,4,2,1
218782,218785,4,2,0,2
218804,218808,5,3,1,1
218820,218823,4,3,0,1
218854,218857,4,3,0,1
218867,218868,2,1,0,1
218889,218893,5,4,0,1
218914,218918,5,3,1,1
218922,218927,6,4,1,1
218954,218957,4,2,1,1
218958,218959,2,1,0,1
218974,218979,6,5,0,1
218984,218987,4,2,1,1
219019,219022,4,3,0,1
219048,219049,2,1,0,1
219050,219055,6,5,0,1
219060,219061,2,1,0,1
219066,219071,6,5,0,1
219101,219103,3,2,0,1
219104,219109,6,3,1,2
219110,219112,3,1,1,1
219116,219122,7,4,2,1
219126,219127,2,1,0,1
219137,219139,3,1,0,2
219143,219145,3,2,0,1
219157,219160,4,2,1,1
219163,219167,5,4,0,1
219170,219172,3,1,1,1
219189,219191,3,2,0,1
219194,219195,2,1,0,1
219202,219203,2,1,0,1
219242,219249,8,5,2,1
219251,219252,2,1,0,1
219264,219267,4,3,0,1
219276,219277,2,1,0,1
219294,219296,3,2,0,1
219302,219307,6,5,0,1
219324,219329,6,3,2,1
219385,219387,3,2,0,1
219389,219390,2,1,0,1
219401,219403,3,2,0,1
219410,219414,5,3,1,1
219427,219429,3,1,1,1
219444,219445,2,1,0,1
219459,219462,4,3,0,1
219481,219482,2,1,0,1
219490,219491,2,1,0,1
219509,219513,5,2,2,1
219520,219526,7,5,0,2
219559,219560,2,1,0,1
219572,219577,6,5,0,1
219584,219586,3,2,0,1
219611,219614,4,2,1,1
219616,219617,2,1,0,1
219647,219649,3,1,1,1
219653,219654,2,1,0,1
219678,219682,5,2,2,1
219713,219718,6,5,0,1
219738,219742,5,2,2,1
219754,219756,3,2,0,1
219761,219762,2,1,0,1
219848,219851,4,2,1,1
219863,219866,4,3,0,1
219889,219893,5,1,3,1
219904,219907,4,3,0,1
219908,219911,4,3,0,1
219941,219944,4,2,1,1
219945,219948,4,2,1,1
219949,219950,2,1,0,1
219956,219959,4,3,0,1
219978,219983,6,5,0,1
220030,220032,3,1,1,1
220039,220043,5,4,0,1
220044,220045,2,1,0,1
220050,220052,3,1,1,1
220054,220058,5,3,0,2
220066,220067,2,1,0,1
220105,220111,7,2,4,1
220116,220120,5,4,0,1
220145,220147,3,2,0,1
220149,220150,2,1,0,1
220151,220155,5,3,1,1
220156,220160,5,4,0,1
220175,220178,4,2,1,1
220192,220195,4,2,1,1
220206,220207,2,1,0,1
220218,220220,3,2,0,1
220225,220229,5,3,1,1
220230,220232,3,1,1,1
220237,220242,6,5,0,1
220267,220272,6,2,3,1
220274,220276,3,2,0,1
220308,220311,4,1,2,1
220329,220330,2,1,0,1
220366,220367,2,1,0,1
220385,220386,2,1,0,1
220393,220397,5,4,0,1
220400,220404,5,4,0,1
220419,220424,6,2,3,1
220426,220428,3,1,1,1
220460,220462,3,1,1,1
220472,220473,2,1,0,1
220486,220488,3,1,1,1
220502,220503,2,1,0,1
220508,220509,2,1,0,1
220528,220529,2,1,0,1
220544,220547,4,3,0,1
220566,220571,6,5,0,1
220592,220593,2,1,0,1
220611,220612,2,1,0,1
220613,220616,4,2,1,1
220624,220626,3,1,1,1
220645,220649,5,2,2,1
220663,220668,6,5,0,1
220677,220679,3,1,1,1
220680,220682,3,1,1,1
220733,220734,2,1,0,1
220748,220752,5,4,0,1
220764,220765,2,1,0,1
220776,220781,6,4,1,1
220792,220794,3,2,0,1
220795,220797,3,1,1,1
220823,220826,4,3,0,1
220853,220855,3,2,0,1
220872,220874,3,2,0,1
220881,220884,4,1,2,1
220885,220886,2,1,0,1
220912,220914,3,2,0,1
220922,220924,3,1,0,2
220931,220932,2,1,0,1
220933,220937,5,2,2,1
220952,220956,5,4,0,1
220975,220976,2,1,0,1
221015,221019,5,4,0,1
221020,221023,4,3,0,1
221024,221026,3,2,0,1
221027,221032,6,5,0,1
221033,221035,3,1,1,1
221112,221114,3,2,0,1
221122,221123,2,1,0,1
221127,221128,2,1,0,1
221130,221134,5,4,0,1
221135,221137,3,2,0,1
221149,221152,4,2,1,1
221169,221171,3,2,0,1
221235,221238,4,3,0,1
221240,221242,3,2,0,1
221294,221295,2,1,0,1
221300,221305,6,5,0,1
221310,221312,3,1,1,1
221314,221316,3,2,0,1
221341,221344,4,1,2,1
221350,221353,4,3,0,1
221361,221365,5,4,0,1
221371,221373,3,1,0,2
221377,221379,3,1,1,1
221381,221383,3,2,0,1
221389,221394,6,5,0,1
221405,221409,5,3,1,1
221412,221413,2,1,0,1
221416,221418,3,1,1,1
221419,221423,5,4,0,1
221426,221431,6,5,0,1
221446,221447,2,1,0,1
221449,221450,2,1,0,1
221453,221454,2,1,0,1
221472,221476,5,1,3,1
221488,221490,3,2,0,1
221509,221514,6,5,0,1
221567,221572,6,5,0,1
221584,221588,5,4,0,1
221590,221593,4,3,0,1
221622,221625,4,3,0,1
221627,221629,3,1,1,1
221631,221632,2,1,0,1
221640,221645,6,5,0,1
221647,221652,6,5,0,1
221662,221666,5,3,1,1
221678,221683,6,5,0,1
221710,221711,2,1,0,1
221712,221715,4,1,1,2
221718,221720,3,1,1,1
221741,221742,2,1,0,1
221764,221768,5,4,0,1
221787,221791,5,3,1,1
221792,221793,2,1,0,1
221803,221809,7,5,0,2
221830,221835,6,3,2,1
221837,221838,2,1,0,1
221840,221844,5,2,2,1
221846,221848,3,2,0,1
221850,221855,6,5,0,1
221859,221861,3,2,0,1
221877,221880,4,2,1,1
221891,221894,4,2,1,1
221921,221922,2,1,0,1
221923,221927,5,4,0,1
221935,221940,6,3,2,1
221947,221948,2,1,0,1
221988,221989,2,1,0,1
221997,222002,6,4,1,1
222009,222011,3,2,0,1
222035,222039,5,3,1,1
222057,222058,2,1,0,1
222125,222128,4,3,0,1
222134,222138,5,2,2,1
222153,222156,4,3,0,1
222177,222179,3,1,1,1
222192,222197,6,2,3,1
222207,222210,4,3,0,1
222228,222230,3,2,0,1
222238,222240,3,2,0,1
222271,222275,5,2,2,1
222284,222287,4,2,1,1
222294,222299,6,5,0,1
222306,222309,4,3,0,1
222324,222325,2,1,0,1
222328,222330,3,1,1,1
222387,222389,3,2,0,1
222398,222403,6,5,0,1
222409,222411,3,1,1,1
222422,222424,3,2,0,1
222426,222428,3,2,0,1
222437,222443,7,3,3,1
222449,222450,2,1,0,1
222453,222456,4,2,1,1
222467,222472,6,5,0,1
222473,222475,3,2,0,1
222481,222483,3,2,0,1
222488,222491,4,3,0,1
222513,222515,3,1,1,1
222587,222590,4,2,1,1
222604,222609,6,5,0,1
222610,222611,2,1,0,1
222621,222624,4,3,0,1
222638,222641,4,3,0,1
222650,222652,3,1,0,2
222674,222676,3,2,0,1
222684,222687,4,3,0,1
222695,222698,4,2,0,2
222707,222712,6,5,0,1
222731,222735,5,4,0,1
222828,222829,2,1,0,1
222840,222842,3,2,0,1
222876,222877,2,1,0,1
222879,222882,4,3,0,1
222901,222902,2,1,0,1
222904,222905,2,1,0,1
222924,222926,3,2,0,1
222941,222946,6,3,2,1
222959,222962,4,3,0,1
222998,223001,4,3,0,1
223002,223007,6,4,1,1
223039,223044,6,5,0,1
223047,223049,3,2,0,1
223050,223054,5,4,0,1
223057,223059,3,2,0,1
223091,223098,8,2,5,1
223099,223102,4,1,2,1
223111,223114,4,1,1,2
223122,223125,4,3,0,1
223142,223148,7,4,2,1
223165,223170,6,5,0,1
223171,223172,2,1,0,1
223175,223177,3,1,1,1
223179,223180,2,1,0,1
223188,223190,3,2,0,1
223203,223206,4,3,0,1
223223,223225,3,1,1,1
223227,223229,3,2,0,1
223237,223243,7,4,1,2
223244,223247,4,1,2,1
223248,223250,3,2,0,1
223269,223270,2,1,0,1
223277,223278,2,1,0,1
223279,223283,5,3,1,1
223285,223288,4,2,1,1
223302,223304,3,2,0,1
223335,223340,6,5,0,1
223363,223368,6,5,0,1
223398,223403,6,5,0,1
223404,223406,3,1,1,1
223408,223409,2,1,0,1
223416,223418,3,1,0,2
223421,223423,3,1,0,2
223463,223464,2,1,0,1
223474,223475,2,1,0,1
223491,223494,4,3,0,1
223495,223500,6,5,0,1
223506,223507,2,1,0,1
223550,223552,3,2,0,1
223574,223576,3,2,0,1
223583,223587,5,4,0,1
223602,223604,3,2,0,1
223608,223611,4,3,0,1
223613,223615,3,1,0,2
223628,223631,4,2,1,1
223635,223637,3,2,0,1
223646,223649,4,3,0,1
223651,223654,4,3,0,1
223666,223667,2,1,0,1
223720,223721,2,1,0,1
223749,223755,7,5,0,2
223775,223780,6,5,0,1
223807,223808,2,1,0,1
223849,223852,4,2,0,2
223875,223878,4,3,0,1
223888,223891,4,2,1,1
223904,223905,2,1,0,1
223924,223930,7,5,1,1
223943,223950,8,5,2,1
223957,223963,7,5,1,1
223968,223973,6,4,1,1
223983,223984,2,1,0,1
223990,223992,3,1,1,1
223993,223995,3,1,1,1
224017,224019,3,2,0,1
224023,224024,2,1,0,1
224030,224035,6,4,1,1
224051,224059,9,5,3,1
224073,224079,7,1,4,2
224101,224103,3,2,0,1
224111,224113,3,2,0,1
224114,224115,2,1,0,1
224126,224130,5,4,0,1
224138,224143,6,5,0,1
224144,224146,3,1,1,1
224158,224160,3,2,0,1
224163,224164,2,1,0,1
224189,224191,3,2,0,1
224201,224207,7,5,1,1
224235,224236,2,1,0,1
224237,224238,2,1,0,1
224239,224242,4,2,0,2
224247,224250,4,1,2,1
224272,224278,7,4,0,3
224300,224304,5,2,2,1
224337,224339,3,2,0,1
224364,224366,3,1,1,1
224415,224420,6,5,0,1
224469,224471,3,2,0,1
224472,224474,3,2,0,1
224493,224494,2,1,0,1
224495,224497,3,1,0,2
224531,224532,2,1,0,1
224533,224535,3,2,0,1
224537,224538,2,1,0,1
224540,224548,9,1,6,2
224549,224551,3,1,0,2
224554,224557,4,1,2,1
224559,224562,4,1,1,2
224564,224566,3,1,1,1
224569,224570,2,1,0,1
224582,224585,4,1,2,1
224592,224601,10,1,8,1
224602,224603,2,1,0,1
224622,224624,3,1,1,1
224631,224632,2,1,0,1
224633,224637,5,1,2,2
224642,224646,5,1,3,1
224648,224649,2,1,0,1
224657,224658,2,1,0,1
224659,224660,2,1,0,1
224664,224665,2,1,0,1
224687,224688,2,1,0,1
224727,224729,3,1,0,2
224743,224744,2,1,0,1
224745,224747,3,1,1,1
224755,224757,3,2,0,1
224758,224759,2,1,0,1
224775,224777,3,1,0,2
224779,224782,4,1,0,3
224820,224822,3,2,0,1
224825,224828,4,2,1,1
224829,224832,4,1,1,2
224848,224850,3,1,1,1
224851,224854,4,2,0,2
224868,224875,8,2,5,1
224901,224903,3,1,1,1
224918,224922,5,1,2,2
224937,224940,4,2,1,1
224950,224951,2,1,0,1
224957,224960,4,1,0,3
225007,225009,3,1,0,2
225081,225086,6,2,3,1
225091,225093,3,1,0,2
225098,225100,3,2,0,1
225119,225121,3,2,0,1
225123,225125,3,1,0,2
225129,225130,2,1,0,1
225139,225140,2,1,0,1
225180,225181,2,1,0,1
225234,225235,2,1,0,1
225236,225238,3,1,1,1
225274,225279,6,1,4,1
225292,225295,4,2,1,1
225306,225309,4,2,1,1
225347,225349,3,2,0,1
225350,225352,3,1,1,1
225373,225376,4,1,2,1
225379,225381,3,1,1,1
225389,225391,3,2,0,1
225394,225397,4,1,2,1
225410,225413,4,2,0,2
225427,225433,7,1,4,2
225456,225458,3,2,0,1
225473,225474,2,1,0,1
225483,225486,4,1,1,2
225499,225500,2,1,0,1
225504,225505,2,1,0,1
225532,225534,3,2,0,1
225535,225536,2,1,0,1
225540,225542,3,1,1,1
225549,225550,2,1,0,1
225584,225586,3,1,1,1
225596,225599,4,2,1,1
225636,225638,3,1,0,2
225646,225648,3,1,0,2
225662,225665,4,1,1,2
225680,225683,4,1,0,3
225712,225714,3,1,0,2
225730,225731,2,1,0,1
225750,225752,3,2,0,1
225754,225755,2,1,0,1
225762,225763,2,1,0,1
225764,225765,2,1,0,1
225766,225769,4,2,0,2
225770,225774,5,1,0,4
225810,225814,5,1,2,2
225821,225823,3,1,0,2
225828,225831,4,2,1,1
225854,225855,2,1,0,1
225899,225903,5,2,1,2
225913,225916,4,1,1,2
225923,225924,2,1,0,1
226005,226008,4,1,1,2
226030,226031,2,1,0,1
226044,226045,2,1,0,1
226074,226077,4,1,1,2
226079,226080,2,1,0,1
226105,226110,6,1,4,1
226123,226124,2,1,0,1
226159,226161,3,1,0,2
226162,226163,2,1,0,1
226176,226178,3,1,1,1
226202,226206,5,4,0,1
226235,226237,3,1,1,1
226254,226255,2,1,0,1
226277,226280,4,1,1,2
226284,226285,2,1,0,1
226293,226294,2,1,0,1
226333,226337,5,2,1,2
226357,226359,3,1,0,2
226373,226375,3,1,0,2
226384,226386,3,1,0,2
226395,226397,3,1,1,1
226401,226402,2,1,0,1
226408,226410,3,1,0,2
226454,226455,2,1,0,1
226469,226471,3,1,0,2
226480,226482,3,1,0,2
226542,226544,3,1,1,1
226560,226561,2,1,0,1
226562,226565,4,1,1,2
226571,226572,2,1,0,1
226574,226576,3,2,0,1
226597,226598,2,1,0,1
226605,226608,4,1,2,1
226615,226620,6,2,2,2
226640,226641,2,1,0,1
226651,226652,2,1,0,1
226660,226666,7,1,5,1
226710,226714,5,1,3,1
226715,226721,7,1,5,1
226756,226760,5,1,0,4
226774,226775,2,1,0,1
226844,226847,4,3,0,1
226855,226856,2,1,0,1
226857,226860,4,1,1,2
226866,226869,4,1,0,3
226885,226888,4,1,0,3
226899,226901,3,1,1,1
226904,226906,3,2,0,1
226927,226928,2,1,0,1
227034,227035,2,1,0,1
227071,227072,2,1,0,1
227090,227091,2,1,0,1
227096,227098,3,1,0,2
227112,227115,4,2,0,2
227136,227137,2,1,0,1
227159,227160,2,1,0,1
227193,227194,2,1,0,1
227206,227207,2,1,0,1
227240,227242,3,2,0,1
227244,227246,3,1,1,1
227288,227290,3,2,0,1
227321,227322,2,1,0,1
227327,227330,4,3,0,1
227362,227363,2,1,0,1
227405,227408,4,1,0,3
227437,227440,4,1,2,1
227451,227452,2,1,0,1
227456,227457,2,1,0,1
227537,227538,2,1,0,1
227554,227555,2,1,0,1
227569,227570,2,1,0,1
227571,227573,3,1,1,1
227609,227612,4,3,0,1
227644,227645,2,1,0,1
227656,227658,3,1,0,2
227669,227670,2,1,0,1
227742,227745,4,1,2,1
227776,227777,2,1,0,1
227796,227800,5,1,3,1
227808,227812,5,1,1,3
227816,227818,3,1,0,2
227864,227865,2,1,0,1
227868,227870,3,1,1,1
227877,227878,2,1,0,1
227908,227911,4,1,0,3
227931,227932,2,1,0,1
227950,227951,2,1,0,1
228044,228045,2,1,0,1
228108,228109,2,1,0,1
228130,228131,2,1,0,1
228148,228149,2,1,0,1
228173,228174,2,1,0,1
228216,228219,4,1,0,3
228246,228250,5,3,0,2
228254,228256,3,1,1,1
228286,228288,3,1,1,1
228291,228292,2,1,0,1
228314,228317,4,1,1,2
228322,228324,3,1,1,1
228355,228358,4,1,0,3
228363,228364,2,1,0,1
228387,228388,2,1,0,1
228420,228421,2,1,0,1
228433,228434,2,1,0,1
228441,228443,3,1,0,2
228541,228542,2,1,0,1
228574,228577,4,1,0,3
228590,228591,2,1,0,1
228645,228646,2,1,0,1
228653,228655,3,2,0,1
228670,228673,4,2,0,2
228727,228728,2,1,0,1
228771,228773,3,2,0,1
228790,228791,2,1,0,1
228897,228898,2,1,0,1
228922,228923,2,1,0,1
228986,228988,3,1,0,2
229010,229011,2,1,0,1
229024,229025,2,1,0,1
229039,229048,10,2,1,7
229062,229065,4,2,0,2
229081,229082,2,1,0,1
229101,229104,4,1,1,2
229168,229171,4,3,0,1
229193,229194,2,1,0,1
229271,229272,2,1,0,1
229357,229359,3,1,1,1
229377,229378,2,1,0,1
229379,229383,5,1,3,1
229384,229385,2,1,0,1
229459,229460,2,1,0,1
229491,229492,2,1,0,1
229524,229526,3,1,1,1
229527,229529,3,1,0,2
229582,229584,3,1,1,1
229619,229621,3,1,1,1
229650,229654,5,1,2,2
229704,229705,2,1,0,1
229713,229715,3,2,0,1
229718,229720,3,1,1,1
229727,229729,3,1,1,1
229745,229747,3,1,1,1
229786,229788,3,1,1,1
229833,229835,3,1,0,2
229836,229839,4,1,2,1
229847,229849,3,1,0,2
229869,229872,4,1,2,1
229889,229890,2,1,0,1
229920,229924,5,2,2,1
229925,229927,3,1,0,2
229955,229956,2,1,0,1
229994,229995,2,1,0,1
230063,230065,3,1,1,1
230153,230155,3,1,1,1
230165,230166,2,1,0,1
230183,230184,2,1,0,1
230197,230198,2,1,0,1
230256,230257,2,1,0,1
230267,230268,2,1,0,1
230283,230285,3,1,1,1
230351,230353,3,1,1,1
230359,230361,3,1,1,1
230374,230376,3,1,0,2
230457,230460,4,2,1,1
230463,230466,4,1,0,3
230525,230526,2,1,0,1
230583,230584,2,1,0,1
230594,230595,2,1,0,1
230642,230644,3,1,0,2
230673,230677,5,1,1,3
230713,230715,3,1,0,2
230725,230726,2,1,0,1
230859,230860,2,1,0,1
230885,230886,2,1,0,1
230914,230916,3,1,0,2
230919,230921,3,1,0,2
230932,230933,2,1,0,1
230968,230969,2,1,0,1
230970,230971,2,1,0,1
231003,231004,2,1,0,1
231009,231010,2,1,0,1
231051,231052,2,1,0,1
231136,231138,3,1,0,2
231164,231166,3,1,0,2
231173,231174,2,1,0,1
231176,231177,2,1,0,1
231210,231211,2,1,0,1
231235,231236,2,1,0,1
231248,231249,2,1,0,1
231291,231292,2,1,0,1
231297,231298,2,1,0,1
231329,231330,2,1,0,1
231393,231394,2,1,0,1
231461,231462,2,1,0,1
231467,231468,2,1,0,1
231598,231601,4,2,0,2
231619,231620,2,1,0,1
231669,231670,2,1,0,1
231729,231731,3,1,1,1
231852,231853,2,1,0,1
231879,231881,3,2,0,1
232086,232092,7,3,1,3
232156,232158,3,1,0,2
232181,232183,3,1,1,1
232186,232187,2,1,0,1
232207,232208,2,1,0,1
232233,232234,2,1,0,1
232262,232263,2,1,0,1
232277,232279,3,1,0,2
232453,232454,2,1,0,1
232546,232547,2,1,0,1
232578,232580,3,1,0,2
232634,232635,2,1,0,1
232646,232650,5,3,0,2
232651,232652,2,1,0,1
232664,232666,3,1,0,2
232680,232681,2,1,0,1
232730,232732,3,1,1,1
232865,232868,4,1,2,1
232917,232921,5,1,1,3
232957,232958,2,1,0,1
233074,233075,2,1,0,1
233181,233182,2,1,0,1
233183,233184,2,1,0,1
233288,233290,3,2,0,1
233297,233299,3,2,0,1
233319,233322,4,2,1,1
233337,233340,4,2,1,1
233344,233347,4,1,2,1
233348,233351,4,2,0,2
233356,233357,2,1,0,1
233369,233371,3,2,0,1
233384,233386,3,2,0,1
233389,233392,4,2,1,1
233393,233395,3,2,0,1
233396,233398,3,2,0,1
233399,233400,2,1,0,1
233415,233420,6,1,4,1
233429,233432,4,1,0,3
233433,233434,2,1,0,1
233441,233442,2,1,0,1
233448,233450,3,2,0,1
233451,233456,6,1,4,1
233468,233469,2,1,0,1
233471,233472,2,1,0,1
233473,233474,2,1,0,1
233477,233480,4,2,0,2
233483,233485,3,1,1,1
233488,233490,3,1,1,1
233497,233501,5,4,0,1
233502,233503,2,1,0,1
233504,233505,2,1,0,1
233510,233516,7,2,4,1
233529,233530,2,1,0,1
233535,233540,6,1,4,1
233549,233552,4,2,1,1
233569,233571,3,2,0,1
233577,233582,6,1,4,1
233583,233585,3,2,0,1
233590,233592,3,1,0,2
233600,233603,4,1,2,1
233618,233619,2,1,0,1
233620,233622,3,1,1,1
233624,233627,4,1,2,1
233656,233661,6,4,1,1
233677,233684,8,2,5,1
233694,233697,4,3,0,1
233698,233699,2,1,0,1
233715,233716,2,1,0,1
233722,233725,4,1,1,2
233740,233744,5,1,2,2
233766,233768,3,1,1,1
233770,233773,4,2,1,1
233782,233786,5,2,2,1
233803,233808,6,2,3,1
233811,233814,4,1,2,1
233820,233821,2,1,0,1
233827,233829,3,1,1,1
233831,233832,2,1,0,1
233842,233844,3,1,1,1
233851,233859,9,2,6,1
233884,233887,4,1,2,1
233889,233894,6,2,3,1
233904,233906,3,1,1,1
233910,233913,4,2,1,1
233925,233928,4,1,2,1
233930,233932,3,1,0,2
233944,233945,2,1,0,1
233952,233953,2,1,0,1
233954,233957,4,2,1,1
233959,233960,2,1,0,1
233969,233971,3,2,0,1
233978,233980,3,1,1,1
233998,234002,5,4,0,1
234005,234006,2,1,0,1
234007,234012,6,2,2,2
234013,234018,6,1,4,1
234019,234020,2,1,0,1
234030,234032,3,1,1,1
234078,234081,4,1,2,1
234090,234093,4,1,2,1
234110,234117,8,1,5,2
234119,234121,3,1,1,1
234127,234128,2,1,0,1
234138,234140,3,1,1,1
234147,234149,3,1,1,1
234169,234170,2,1,0,1
234171,234177,7,3,2,2
234178,234180,3,1,0,2
234182,234183,2,1,0,1
234190,234192,3,1,1,1
234194,234196,3,2,0,1
234203,234206,4,2,0,2
234230,234231,2,1,0,1
234242,234243,2,1,0,1
234251,234253,3,1,1,1
234256,234261,6,1,4,1
234263,234266,4,2,1,1
234273,234275,3,1,1,1
234287,234288,2,1,0,1
234309,234311,3,1,1,1
234322,234325,4,1,2,1
234331,234332,2,1,0,1
234335,234336,2,1,0,1
234339,234345,7,1,5,1
234349,234352,4,1,2,1
234353,234355,3,1,0,2
234366,234367,2,1,0,1
234370,234373,4,1,2,1
234390,234393,4,1,2,1
234394,234396,3,1,1,1
234400,234405,6,3,2,1
234420,234422,3,2,0,1
234425,234426,2,1,0,1
234427,234430,4,2,0,2
234442,234443,2,1,0,1
234444,234447,4,1,2,1
234448,234450,3,1,0,2
234455,234459,5,4,0,1
234468,234471,4,1,2,1
234502,234503,2,1,0,1
234505,234507,3,2,0,1
234508,234510,3,2,0,1
234521,234523,3,1,1,1
234551,234553,3,2,0,1
234578,234582,5,1,3,1
234584,234585,2,1,0,1
234592,234597,6,1,2,3
234606,234615,10,1,8,1
234616,234617,2,1,0,1
234619,234621,3,1,1,1
234625,234629,5,1,2,2
234636,234639,4,1,1,2
234662,234664,3,2,0,1
234671,234674,4,1,2,1
234706,234708,3,1,1,1
234722,234723,2,1,0,1
234748,234752,5,1,2,2
234756,234761,6,4,1,1
234762,234765,4,1,2,1
234769,234771,3,1,0,2
234791,234793,3,2,0,1
234809,234813,5,3,1,1
234825,234827,3,2,0,1
234832,234833,2,1,0,1
234834,234840,7,5,1,1
234847,234850,4,1,2,1
234851,234853,3,1,1,1
234872,234875,4,1,1,2
234879,234882,4,3,0,1
234896,234897,2,1,0,1
234903,234907,5,1,2,2
234918,234921,4,2,1,1
234924,234926,3,1,1,1
234947,234948,2,1,0,1
234955,234957,3,1,1,1
234981,234982,2,1,0,1
234994,234998,5,1,1,3
235001,235003,3,2,0,1
235015,235017,3,1,0,2
235023,235025,3,1,0,2
235033,235034,2,1,0,1
235035,235038,4,1,2,1
235047,235051,5,1,3,1
235053,235058,6,2,3,1
235065,235066,2,1,0,1
235068,235070,3,1,1,1
235092,235095,4,1,2,1
235107,235109,3,1,1,1
235114,235116,3,1,1,1
235119,235120,2,1,0,1
235123,235124,2,1,0,1
235125,235127,3,1,1,1
235128,235133,6,1,3,2
235135,235137,3,1,1,1
235141,235142,2,1,0,1
235144,235150,7,4,2,1
235162,235163,2,1,0,1
235171,235172,2,1,0,1
235199,235203,5,2,2,1
235207,235208,2,1,0,1
235215,235218,4,1,2,1
235236,235239,4,1,2,1
235245,235250,6,1,3,2
235251,235252,2,1,0,1
235275,235276,2,1,0,1
235277,235282,6,3,2,1
235295,235298,4,1,1,2
235306,235307,2,1,0,1
235318,235320,3,2,0,1
235333,235334,2,1,0,1
235340,235341,2,1,0,1
235343,235347,5,1,2,2
235357,235363,7,5,1,1
235377,235381,5,2,0,3
235383,235385,3,1,0,2
235389,235390,2,1,0,1
235391,235395,5,1,2,2
235403,235404,2,1,0,1
235426,235428,3,1,1,1
235431,235436,6,4,1,1
235444,235445,2,1,0,1
235447,235453,7,3,3,1
235467,235470,4,1,1,2
235477,235479,3,2,0,1
235483,235485,3,1,1,1
235497,235498,2,1,0,1
235500,235503,4,1,2,1
235506,235509,4,2,1,1
235530,235532,3,1,1,1
235535,235538,4,3,0,1
235539,235543,5,3,0,2
235548,235549,2,1,0,1
235573,235574,2,1,0,1
235585,235596,12,1,10,1
235598,235599,2,1,0,1
235612,235614,3,1,1,1
235640,235641,2,1,0,1
235645,235646,2,1,0,1
235653,235655,3,1,1,1
235661,235664,4,1,2,1
235665,235667,3,2,0,1
235674,235675,2,1,0,1
235680,235682,3,1,1,1
235693,235697,5,2,1,2
235698,235699,2,1,0,1
235702,235703,2,1,0,1
235715,235721,7,1,5,1
235722,235723,2,1,0,1
235729,235734,6,1,4,1
235735,235736,2,1,0,1
235741,235743,3,1,1,1
235757,235758,2,1,0,1
235765,235767,3,1,1,1
235782,235785,4,1,1,2
235786,235788,3,1,1,1
235789,235791,3,1,1,1
235795,235796,2,1,0,1
235814,235815,2,1,0,1
235817,235826,10,5,4,1
235830,235832,3,2,0,1
235855,235858,4,2,0,2
235901,235903,3,1,1,1
235925,235927,3,1,1,1
235939,235943,5,1,3,1
235949,235953,5,1,3,1
235964,235965,2,1,0,1
235980,235982,3,1,1,1
235993,235997,5,3,1,1
235999,236002,4,1,2,1
236004,236005,2,1,0,1
236011,236013,3,1,1,1
236017,236018,2,1,0,1
236032,236033,2,1,0,1
236037,236041,5,2,1,2
236042,236047,6,3,2,1
236060,236061,2,1,0,1
236071,236072,2,1,0,1
236073,236075,3,2,0,1
236085,236087,3,2,0,1
236088,236089,2,1,0,1
236095,236097,3,1,1,1
236105,236106,2,1,0,1
236117,236118,2,1,0,1
236124,236125,2,1,0,1
236131,236133,3,1,1,1
236146,236149,4,1,2,1
236153,236160,8,1,6,1
236178,236182,5,2,2,1
236183,236186,4,2,0,2
236195,236196,2,1,0,1
236200,236202,3,1,0,2
236207,236209,3,2,0,1
236219,236220,2,1,0,1
236224,236225,2,1,0,1
236242,236243,2,1,0,1
236245,236248,4,2,1,1
236250,236253,4,1,1,2
236258,236260,3,1,1,1
236262,236268,7,1,5,1
236292,236294,3,1,1,1
236298,236301,4,1,1,2
236310,236313,4,3,0,1
236325,236327,3,2,0,1
236337,236338,2,1,0,1
236342,236344,3,1,0,2
236347,236349,3,1,1,1
236352,236356,5,1,3,1
236358,236362,5,1,3,1
236379,236381,3,1,1,1
236387,236388,2,1,0,1
236391,236393,3,2,0,1
236402,236405,4,2,1,1
236416,236418,3,1,1,1
236438,236442,5,2,2,1
236443,236446,4,3,0,1
236453,236456,4,1,1,2
236465,236468,4,1,2,1
236470,236472,3,1,0,2
236483,236486,4,2,1,1
236498,236501,4,1,1,2
236507,236508,2,1,0,1
236516,236519,4,1,2,1
236521,236522,2,1,0,1
236536,236538,3,1,1,1
236539,236540,2,1,0,1
236546,236547,2,1,0,1
236593,236595,3,1,0,2
236613,236616,4,1,2,1
236621,236623,3,1,1,1
236626,236630,5,3,0,2
236634,236635,2,1,0,1
236637,236639,3,2,0,1
236640,236642,3,1,0,2
236644,236650,7,1,2,4
236654,236655,2,1,0,1
236656,236659,4,1,1,2
236661,236665,5,1,3,1
236683,236688,6,2,3,1
236723,236726,4,1,2,1
236740,236744,5,2,2,1
236747,236749,3,2,0,1
236771,236775,5,1,0,4
236780,236782,3,1,1,1
236785,236788,4,1,2,1
236789,236790,2,1,0,1
236797,236800,4,1,1,2
236805,236806,2,1,0,1
236813,236815,3,2,0,1
236827,236830,4,3,0,1
236831,236833,3,1,1,1
236834,236839,6,1,3,2
236840,236842,3,1,0,2
236845,236848,4,2,0,2
236863,236864,2,1,0,1
236867,236868,2,1,0,1
236878,236879,2,1,0,1
236892,236895,4,2,0,2
236906,236908,3,1,1,1
236918,236920,3,1,0,2
236926,236928,3,1,1,1
236933,236935,3,1,0,2
236937,236943,7,1,5,1
236956,236957,2,1,0,1
236966,236971,6,4,1,1
236974,236978,5,1,3,1
236996,236998,3,1,0,2
236999,237000,2,1,0,1
237002,237007,6,1,2,3
237023,237026,4,1,1,2
237048,237052,5,2,2,1
237066,237068,3,1,1,1
237070,237071,2,1,0,1
237093,237097,5,3,1,1
237099,237103,5,2,2,1
237109,237115,7,2,4,1
237133,237138,6,1,4,1
237140,237141,2,1,0,1
237142,237144,3,1,0,2
237148,237154,7,2,3,2
237157,237159,3,2,0,1
237165,237167,3,1,1,1
237168,237170,3,1,0,2
237176,237182,7,1,5,1
237183,237184,2,1,0,1
237190,237191,2,1,0,1
237197,237198,2,1,0,1
237203,237206,4,1,2,1
237209,237214,6,2,3,1
237218,237221,4,1,1,2
237223,237227,5,1,0,4
237234,237236,3,1,1,1
237251,237252,2,1,0,1
237253,237258,6,1,4,1
237263,237264,2,1,0,1
237271,237278,8,1,5,2
237279,237286,8,1,5,2
237292,237293,2,1,0,1
237298,237300,3,1,1,1
237312,237313,2,1,0,1
237330,237332,3,2,0,1
237341,237342,2,1,0,1
237350,237354,5,1,3,1
237356,237358,3,2,0,1
237371,237373,3,2,0,1
237387,237389,3,1,0,2
237393,237396,4,2,1,1
237397,237402,6,5,0,1
237406,237411,6,1,4,1
237425,237426,2,1,0,1
237429,237433,5,1,2,2
237441,237442,2,1,0,1
237449,237450,2,1,0,1
237463,237468,6,1,4,1
237475,237480,6,2,3,1
237492,237494,3,1,1,1
237504,237506,3,1,0,2
237507,237510,4,1,2,1
237511,237515,5,1,1,3
237533,237535,3,1,0,2
237541,237543,3,1,1,1
237549,237552,4,1,2,1
237558,237561,4,1,2,1
237567,237570,4,1,1,2
237576,237579,4,1,1,2
237591,237592,2,1,0,1
237593,237596,4,3,0,1
237603,237604,2,1,0,1
237608,237617,10,4,5,1
237618,237620,3,1,0,2
237621,237624,4,1,1,2
237629,237631,3,1,1,1
237641,237642,2,1,0,1
237645,237646,2,1,0,1
237654,237655,2,1,0,1
237669,237672,4,1,2,1
237689,237691,3,1,1,1
237700,237703,4,1,2,1
237715,237718,4,1,2,1
237719,237720,2,1,0,1
237724,237725,2,1,0,1
237740,237742,3,1,1,1
237743,237746,4,1,2,1
237762,237763,2,1,0,1
237794,237797,4,2,1,1
237802,237804,3,2,0,1
237809,237811,3,1,1,1
237812,237814,3,2,0,1
237830,237831,2,1,0,1
237837,237843,7,1,5,1
237844,237846,3,2,0,1
237847,237848,2,1,0,1
237868,237869,2,1,0,1
237891,237893,3,1,1,1
237895,237896,2,1,0,1
237900,237904,5,1,2,2
237909,237912,4,1,2,1
237921,237923,3,1,1,1
237927,237929,3,1,1,1
237931,237933,3,1,1,1
237936,237937,2,1,0,1
237938,237939,2,1,0,1
237943,237946,4,1,0,3
237949,237950,2,1,0,1
237971,237974,4,1,2,1
237979,237981,3,1,0,2
237998,238004,7,1,1,5
238031,238032,2,1,0,1
238036,238042,7,2,4,1
238055,238058,4,2,1,1
238064,238065,2,1,0,1
238073,238074,2,1,0,1
238096,238098,3,1,0,2
238099,238101,3,2,0,1
238111,238114,4,1,2,1
238116,238120,5,2,2,1
238126,238128,3,2,0,1
238129,238131,3,2,0,1
238161,238164,4,1,0,3
238167,238169,3,1,0,2
238176,238179,4,1,0,3
238185,238187,3,1,1,1
238191,238195,5,1,2,2
238202,238205,4,1,2,1
238211,238213,3,2,0,1
238224,238227,4,1,2,1
238242,238243,2,1,0,1
238248,238250,3,1,0,2
238261,238262,2,1,0,1
238267,238268,2,1,0,1
238269,238271,3,1,1,1
238272,238273,2,1,0,1
238275,238276,2,1,0,1
238278,238279,2,1,0,1
238288,238290,3,2,0,1
238300,238302,3,1,0,2
238308,238312,5,1,3,1
238372,238373,2,1,0,1
238376,238378,3,1,1,1
238381,238389,9,1,7,1
238391,238393,3,1,1,1
238403,238404,2,1,0,1
238405,238408,4,1,1,2
238414,238415,2,1,0,1
238435,238436,2,1,0,1
238451,238452,2,1,0,1
238453,238456,4,1,0,3
238457,238459,3,1,1,1
238465,238466,2,1,0,1
238482,238485,4,2,1,1
238490,238491,2,1,0,1
238496,238497,2,1,0,1
238500,238501,2,1,0,1
238519,238522,4,3,0,1
238553,238558,6,1,4,1
238559,238564,6,1,2,3
238570,238571,2,1,0,1
238573,238577,5,1,3,1
238590,238592,3,2,0,1
238611,238615,5,1,3,1
238616,238617,2,1,0,1
238618,238620,3,1,1,1
238630,238635,6,1,4,1
238636,238638,3,1,1,1
238650,238652,3,1,1,1
238663,238666,4,1,1,2
238673,238674,2,1,0,1
238677,238682,6,2,3,1
238712,238713,2,1,0,1
238715,238718,4,1,2,1
238719,238723,5,1,2,2
238726,238729,4,1,1,2
238730,238733,4,3,0,1
238749,238752,4,1,0,3
238770,238773,4,2,1,1
238806,238809,4,2,1,1
238815,238817,3,1,1,1
238823,238825,3,2,0,1
238829,238833,5,1,2,2
238875,238877,3,1,0,2
238888,238889,2,1,0,1
238907,238909,3,1,1,1
238914,238915,2,1,0,1
238926,238927,2,1,0,1
238947,238949,3,2,0,1
238950,238951,2,1,0,1
238953,238959,7,1,3,3
238974,238977,4,3,0,1
238982,238985,4,1,2,1
239031,239034,4,2,1,1
239038,239039,2,1,0,1
239047,239050,4,1,2,1
239060,239063,4,2,1,1
239064,239067,4,2,1,1
239069,239073,5,3,1,1
239087,239089,3,1,0,2
239092,239094,3,1,0,2
239098,239101,4,2,0,2
239124,239125,2,1,0,1
239146,239150,5,1,3,1
239176,239181,6,1,1,4
239184,239187,4,2,0,2
239197,239200,4,2,0,2
239265,239270,6,4,1,1
239317,239319,3,1,0,2
239321,239327,7,3,3,1
239332,239334,3,1,1,1
239336,239340,5,2,2,1
239352,239353,2,1,0,1
239355,239356,2,1,0,1
239368,239370,3,2,0,1
239373,239375,3,2,0,1
239378,239384,7,4,2,1
239394,239395,2,1,0,1
239398,239400,3,1,1,1
239402,239403,2,1,0,1
239404,239409,6,1,3,2
239425,239426,2,1,0,1
239443,239449,7,2,4,1
239466,239468,3,1,1,1
239479,239481,3,2,0,1
239482,239486,5,1,3,1
239488,239491,4,1,2,1
239509,239511,3,1,1,1
239527,239530,4,1,2,1
239547,239549,3,1,1,1
239560,239562,3,1,1,1
239578,239581,4,2,0,2
239597,239600,4,1,2,1
239618,239626,9,2,6,1
239632,239633,2,1,0,1
239642,239643,2,1,0,1
239653,239655,3,1,1,1
239675,239678,4,1,2,1
239715,239718,4,1,1,2
239722,239726,5,1,1,3
239779,239781,3,1,1,1
239784,239785,2,1,0,1
239792,239795,4,1,1,2
239802,239805,4,1,2,1
239819,239820,2,1,0,1
239834,239835,2,1,0,1
239838,239839,2,1,0,1
239848,239849,2,1,0,1
239853,239854,2,1,0,1
239870,239874,5,1,0,4
239891,239895,5,1,3,1
239899,239901,3,1,0,2
239909,239912,4,2,1,1
239914,239920,7,2,3,2
239932,239933,2,1,0,1
239941,239942,2,1,0,1
239946,239948,3,1,0,2
239954,239957,4,1,2,1
239964,239965,2,1,0,1
239972,239973,2,1,0,1
239974,239978,5,1,3,1
239981,239982,2,1,0,1
239986,239988,3,1,1,1
240031,240032,2,1,0,1
240059,240060,2,1,0,1
240080,240083,4,1,2,1
240085,240087,3,1,1,1
240110,240113,4,1,2,1
240123,240126,4,1,2,1
240135,240136,2,1,0,1
240144,240146,3,1,1,1
240150,240152,3,1,0,2
240169,240176,8,1,6,1
240180,240185,6,5,0,1
240186,240189,4,1,2,1
240197,240209,13,1,11,1
240230,240231,2,1,0,1
240236,240237,2,1,0,1
240253,240256,4,1,2,1
240262,240265,4,1,2,1
240292,240294,3,1,0,2
240306,240309,4,1,2,1
240323,240329,7,1,0,6
240334,240343,10,2,1,7
240390,240392,3,2,0,1
240401,240402,2,1,0,1
240413,240414,2,1,0,1
240422,240423,2,1,0,1
240436,240437,2,1,0,1
240444,240446,3,1,1,1
240449,240450,2,1,0,1
240472,240473,2,1,0,1
240477,240480,4,1,2,1
240481,240482,2,1,0,1
240488,240489,2,1,0,1
240552,240558,7,1,4,2
240559,240560,2,1,0,1
240620,240622,3,1,1,1
240649,240653,5,1,1,3
240656,240659,4,1,2,1
240679,240681,3,1,0,2
240701,240705,5,2,1,2
240721,240723,3,1,1,1
240727,240730,4,1,2,1
240732,240735,4,2,1,1
240746,240749,4,1,1,2
240763,240764,2,1,0,1
240768,240769,2,1,0,1
240784,240785,2,1,0,1
240853,240860,8,2,5,1
240893,240899,7,1,5,1
240919,240922,4,1,1,2
240935,240937,3,1,1,1
240938,240939,2,1,0,1
240973,240979,7,1,5,1
240981,240988,8,1,6,1
240989,240991,3,1,0,2
241068,241069,2,1,0,1
241101,241103,3,1,1,1
241105,241109,5,3,1,1
241149,241151,3,2,0,1
241172,241173,2,1,0,1
241180,241182,3,2,0,1
241203,241206,4,2,1,1
241208,241223,16,1,13,2
241233,241238,6,5,0,1
241239,241241,3,1,1,1
241260,241261,2,1,0,1
241268,241272,5,2,2,1
241290,241292,3,1,0,2
241296,241303,8,1,6,1
241307,241308,2,1,0,1
241312,241314,3,2,0,1
241318,241319,2,1,0,1
241321,241323,3,2,0,1
241327,241328,2,1,0,1
241331,241335,5,4,0,1
241349,241354,6,3,1,2
241401,241405,5,1,1,3
241416,241417,2,1,0,1
241430,241432,3,1,0,2
241442,241445,4,1,2,1
241447,241456,10,2,6,2
241461,241462,2,1,0,1
241467,241471,5,2,2,1
241489,241491,3,2,0,1
241496,241499,4,2,1,1
241506,241511,6,2,3,1
241512,241513,2,1,0,1
241522,241524,3,1,1,1
241525,241526,2,1,0,1
241541,241544,4,1,1,2
241552,241554,3,1,0,2
241578,241581,4,1,1,2
241609,241614,6,1,4,1
241626,241627,2,1,0,1
241643,241649,7,1,5,1
241666,241668,3,2,0,1
241672,241677,6,1,4,1
241709,241713,5,1,3,1
241719,241725,7,2,4,1
241732,241733,2,1,0,1
241738,241740,3,1,1,1
241770,241772,3,2,0,1
241788,241790,3,1,0,2
241791,241796,6,1,3,2
241804,241808,5,2,1,2
241814,241816,3,1,1,1
241820,241825,6,2,3,1
241826,241833,8,2,5,1
241839,241842,4,2,1,1
241854,241860,7,1,5,1
241873,241875,3,1,1,1
241876,241877,2,1,0,1
241882,241885,4,1,2,1
241910,241912,3,2,0,1
241933,241937,5,1,3,1
241938,241941,4,2,0,2
241944,241949,6,2,3,1
241950,241952,3,2,0,1
241962,241965,4,1,2,1
241966,241970,5,1,2,2
241999,242001,3,1,1,1
242008,242010,3,1,0,2
242014,242016,3,2,0,1
242046,242048,3,1,0,2
242055,242056,2,1,0,1
242061,242066,6,1,4,1
242077,242078,2,1,0,1
242095,242097,3,1,0,2
242099,242101,3,1,1,1
242107,242108,2,1,0,1
242116,242118,3,1,0,2
242140,242142,3,1,1,1
242143,242145,3,2,0,1
242164,242168,5,1,2,2
242181,242184,4,2,1,1
242188,242191,4,1,1,2
242194,242196,3,1,1,1
242213,242214,2,1,0,1
242215,242218,4,3,0,1
242223,242228,6,1,4,1
242231,242236,6,1,4,1
242238,242239,2,1,0,1
242240,242241,2,1,0,1
242258,242260,3,2,0,1
242272,242273,2,1,0,1
242288,242290,3,2,0,1
242297,242299,3,1,1,1
242307,242310,4,2,1,1
242314,242315,2,1,0,1
242319,242321,3,2,0,1
242336,242341,6,2,3,1
242363,242365,3,1,1,1
242368,242370,3,1,0,2
242374,242376,3,1,1,1
242381,242382,2,1,0,1
242383,242386,4,1,2,1
242390,242392,3,2,0,1
242412,242414,3,2,0,1
242443,242445,3,2,0,1
242450,242451,2,1,0,1
242479,242480,2,1,0,1
242481,242482,2,1,0,1
242494,242498,5,1,2,2
242499,242501,3,1,1,1
242506,242510,5,2,2,1
242511,242512,2,1,0,1
242518,242520,3,1,1,1
242521,242522,2,1,0,1
242550,242552,3,1,1,1
242556,242559,4,1,2,1
242565,242567,3,2,0,1
242572,242575,4,3,0,1
242586,242587,2,1,0,1
242591,242597,7,5,1,1
242598,242602,5,4,0,1
242604,242607,4,1,2,1
242608,242611,4,1,1,2
242621,242624,4,1,2,1
242625,242631,7,4,1,2
242649,242653,5,4,0,1
242658,242660,3,2,0,1
242661,242662,2,1,0,1
242666,242669,4,3,0,1
242670,242673,4,3,0,1
242761,242767,7,4,2,1
242779,242782,4,3,0,1
242802,242805,4,1,1,2
242809,242812,4,2,1,1
242815,242817,3,2,0,1
242825,242826,2,1,0,1
242830,242835,6,5,0,1
242856,242859,4,1,2,1
242884,242887,4,1,2,1
242899,242902,4,2,1,1
242906,242908,3,1,1,1
242911,242913,3,1,1,1
242916,242919,4,1,2,1
242929,242930,2,1,0,1
242931,242937,7,5,1,1
242945,242947,3,1,1,1
242957,242962,6,2,3,1
242966,242969,4,3,0,1
242970,242971,2,1,0,1
242976,242979,4,1,2,1
242983,242985,3,1,1,1
242986,242988,3,2,0,1
243005,243007,3,2,0,1
243027,243029,3,2,0,1
243037,243039,3,2,0,1
243042,243045,4,3,0,1
243059,243064,6,3,2,1
243066,243069,4,3,0,1
243084,243085,2,1,0,1
243089,243091,3,2,0,1
243101,243106,6,3,2,1
243108,243111,4,3,0,1
243126,243129,4,2,1,1
243141,243143,3,2,0,1
243159,243160,2,1,0,1
243161,243163,3,2,0,1
243166,243168,3,2,0,1
243203,243206,4,1,2,1
243207,243209,3,1,1,1
243215,243219,5,3,1,1
243236,243237,2,1,0,1
243239,243242,4,1,2,1
243243,243245,3,2,0,1
243248,243250,3,1,1,1
243251,243252,2,1,0,1
243257,243258,2,1,0,1
243274,243278,5,2,2,1
243282,243285,4,1,2,1
243292,243297,6,2,2,2
243300,243303,4,2,0,2
243305,243306,2,1,0,1
243314,243315,2,1,0,1
243317,243319,3,2,0,1
243341,243342,2,1,0,1
243351,243354,4,1,2,1
243366,243368,3,2,0,1
243381,243383,3,2,0,1
243388,243393,6,3,2,1
243398,243400,3,1,0,2
243401,243404,4,2,0,2
243409,243411,3,2,0,1
243447,243448,2,1,0,1
243482,243487,6,2,3,1
243494,243497,4,2,0,2
243498,243501,4,3,0,1
243510,243514,5,4,0,1
243523,243528,6,5,0,1
243532,243533,2,1,0,1
243543,243545,3,2,0,1
243551,243553,3,1,1,1
243556,243558,3,2,0,1
243563,243564,2,1,0,1
243582,243585,4,2,1,1
243597,243598,2,1,0,1
243618,243622,5,2,2,1
243631,243632,2,1,0,1
243671,243675,5,2,2,1
243720,243725,6,1,4,1
243750,243751,2,1,0,1
243756,243758,3,1,1,1
243765,243767,3,1,1,1
243772,243774,3,1,1,1
243777,243779,3,2,0,1
243805,243806,2,1,0,1
243823,243825,3,1,0,2
243839,243843,5,1,3,1
243844,243846,3,1,1,1
243855,243858,4,3,0,1
243866,243867,2,1,0,1
243873,243875,3,1,1,1
243881,243882,2,1,0,1
243889,243892,4,2,1,1
243905,243908,4,3,0,1
243912,243917,6,5,0,1
243923,243927,5,4,0,1
243943,243945,3,1,1,1
243950,243952,3,2,0,1
243957,243958,2,1,0,1
243966,243967,2,1,0,1
243990,243992,3,2,0,1
244012,244019,8,3,4,1
244030,244031,2,1,0,1
244043,244046,4,1,0,3
244053,244054,2,1,0,1
244065,244066,2,1,0,1
244070,244074,5,1,3,1
244090,244092,3,2,0,1
244119,244122,4,3,0,1
244125,244126,2,1,0,1
244136,244138,3,1,1,1
244158,244163,6,5,0,1
244172,244174,3,2,0,1
244177,244180,4,3,0,1
244190,244192,3,2,0,1
244209,244212,4,1,2,1
244215,244216,2,1,0,1
244221,244225,5,3,0,2
244232,244235,4,3,0,1
244236,244238,3,1,1,1
244247,244248,2,1,0,1
244264,244265,2,1,0,1
244269,244270,2,1,0,1
244280,244281,2,1,0,1
244285,244286,2,1,0,1
244292,244294,3,2,0,1
244306,244307,2,1,0,1
244312,244314,3,2,0,1
244319,244325,7,2,4,1
244339,244340,2,1,0,1
244394,244395,2,1,0,1
244396,244397,2,1,0,1
244400,244402,3,1,0,2
244410,244414,5,3,1,1
244426,244428,3,2,0,1
244436,244440,5,1,3,1
244442,244445,4,2,1,1
244447,244449,3,1,1,1
244458,244459,2,1,0,1
244463,244465,3,1,1,1
244470,244473,4,1,2,1
244483,244485,3,2,0,1
244496,244505,10,5,4,1
244546,244552,7,2,4,1
244572,244576,5,1,3,1
244590,244594,5,3,1,1
244623,244624,2,1,0,1
244628,244632,5,3,1,1
244649,244651,3,2,0,1
244654,244656,3,1,1,1
244657,244660,4,2,1,1
244674,244679,6,4,0,2
244681,244684,4,3,0,1
244687,244688,2,1,0,1
244693,244696,4,2,1,1
244697,244699,3,2,0,1
244717,244720,4,1,2,1
244721,244722,2,1,0,1
244723,244727,5,2,1,2
244729,244731,3,1,1,1
244742,244745,4,1,2,1
244769,244770,2,1,0,1
244776,244777,2,1,0,1
244782,244784,3,1,1,1
244799,244801,3,1,1,1
244810,244813,4,3,0,1
244821,244822,2,1,0,1
244828,244832,5,2,1,2
244855,244856,2,1,0,1
244863,244864,2,1,0,1
244869,244871,3,1,1,1
244878,244879,2,1,0,1
244880,244882,3,2,0,1
244891,244892,2,1,0,1
244896,244900,5,2,2,1
244901,244904,4,1,2,1
244905,244906,2,1,0,1
244907,244908,2,1,0,1
244911,244918,8,5,2,1
244925,244928,4,3,0,1
244933,244935,3,1,0,2
244937,244942,6,5,0,1
244945,244948,4,1,2,1
244965,244966,2,1,0,1
244977,244979,3,1,1,1
245010,245011,2,1,0,1
245014,245016,3,2,0,1
245026,245027,2,1,0,1
245035,245036,2,1,0,1
245042,245046,5,2,2,1
245047,245052,6,3,2,1
245061,245067,7,2,4,1
245069,245071,3,1,1,1
245083,245086,4,3,0,1
245088,245089,2,1,0,1
245090,245091,2,1,0,1
245108,245113,6,5,0,1
245118,245119,2,1,0,1
245120,245122,3,2,0,1
245127,245128,2,1,0,1
245131,245136,6,1,3,2
245151,245153,3,2,0,1
245164,245166,3,2,0,1
245168,245170,3,1,1,1
245193,245196,4,1,2,1
245201,245203,3,2,0,1
245209,245211,3,1,0,2
245217,245219,3,1,1,1
245221,245227,7,1,3,3
245228,245231,4,3,0,1
245232,245235,4,3,0,1
245253,245254,2,1,0,1
245255,245256,2,1,0,1
245262,245264,3,1,0,2
245267,245270,4,1,2,1
245278,245279,2,1,0,1
245286,245287,2,1,0,1
245306,245307,2,1,0,1
245308,245313,6,4,1,1
245314,245316,3,1,1,1
245339,245346,8,2,5,1
245357,245359,3,2,0,1
245368,245370,3,2,0,1
245400,245402,3,2,0,1
245408,245411,4,1,2,1
245420,245422,3,1,1,1
245428,245429,2,1,0,1
245434,245436,3,1,1,1
245461,245464,4,3,0,1
245467,245470,4,3,0,1
245476,245478,3,1,1,1
245487,245490,4,3,0,1
245503,245505,3,1,1,1
245514,245515,2,1,0,1
245524,245526,3,1,1,1
245529,245533,5,1,3,1
245555,245556,2,1,0,1
245565,245567,3,1,1,1
245570,245574,5,1,2,2
245577,245582,6,1,4,1
245590,245594,5,1,3,1
245611,245617,7,1,5,1
245618,245621,4,1,1,2
245624,245629,6,1,2,3
245645,245648,4,1,2,1
245669,245675,7,1,5,1
245676,245678,3,2,0,1
245684,245687,4,3,0,1
245700,245701,2,1,0,1
245707,245710,4,2,1,1
245721,245722,2,1,0,1
245728,245733,6,1,4,1
245735,245737,3,2,0,1
245740,245741,2,1,0,1
245768,245771,4,3,0,1
245772,245776,5,2,1,2
245782,245789,8,2,5,1
245796,245799,4,1,2,1
245801,245802,2,1,0,1
245810,245822,13,5,6,2
245860,245861,2,1,0,1
245865,245868,4,3,0,1
245876,245878,3,2,0,1
245879,245881,3,1,0,2
245895,245898,4,2,0,2
245904,245909,6,1,4,1
245930,245931,2,1,0,1
245938,245942,5,2,2,1
245951,245952,2,1,0,1
245953,245955,3,1,1,1
245958,245959,2,1,0,1
245969,245973,5,3,0,2
245974,245976,3,1,1,1
245978,245980,3,1,1,1
245987,245993,7,1,5,1
245996,245997,2,1,0,1
245998,245999,2,1,0,1
246005,246006,2,1,0,1
246014,246015,2,1,0,1
246022,246024,3,1,1,1
246025,246029,5,2,2,1
246030,246033,4,1,2,1
246048,246049,2,1,0,1
246056,246058,3,1,1,1
246074,246076,3,2,0,1
246088,246089,2,1,0,1
246101,246107,7,2,4,1
246111,246114,4,3,0,1
246117,246120,4,1,2,1
246130,246132,3,2,0,1
246142,246144,3,1,1,1
246145,246146,2,1,0,1
246153,246160,8,2,5,1
246162,246168,7,5,1,1
246174,246175,2,1,0,1
246183,246184,2,1,0,1
246196,246200,5,4,0,1
246201,246205,5,4,0,1
246244,246248,5,3,0,2
246249,246253,5,4,0,1
246260,246261,2,1,0,1
246266,246269,4,1,1,2
246270,246272,3,1,1,1
246280,246282,3,2,0,1
246289,246290,2,1,0,1
246291,246293,3,2,0,1
246296,246297,2,1,0,1
246315,246316,2,1,0,1
246326,246327,2,1,0,1
246328,246330,3,2,0,1
246332,246333,2,1,0,1
246338,246339,2,1,0,1
246346,246347,2,1,0,1
246348,246350,3,1,1,1
246360,246363,4,1,1,2
246398,246399,2,1,0,1
246404,246406,3,1,1,1
246409,246411,3,1,1,1
246415,246417,3,2,0,1
246425,246428,4,3,0,1
246442,246443,2,1,0,1
246448,246450,3,1,0,2
246459,246463,5,1,0,4
246487,246488,2,1,0,1
246492,246493,2,1,0,1
246494,246497,4,2,1,1
246501,246506,6,2,2,2
246507,246508,2,1,0,1
246512,246513,2,1,0,1
246514,246516,3,1,1,1
246544,246547,4,2,1,1
246577,246578,2,1,0,1
246580,246586,7,1,5,1
246608,246609,2,1,0,1
246621,246624,4,1,0,3
246626,246627,2,1,0,1
246628,246629,2,1,0,1
246631,246632,2,1,0,1
246639,246643,5,1,3,1
246691,246692,2,1,0,1
246701,246702,2,1,0,1
246711,246714,4,2,1,1
246719,246721,3,1,1,1
246734,246735,2,1,0,1
246736,246738,3,2,0,1
246739,246742,4,3,0,1
246744,246745,2,1,0,1
246763,246764,2,1,0,1
246766,246767,2,1,0,1
246775,246777,3,2,0,1
246788,246790,3,2,0,1
246795,246799,5,3,1,1
246805,246808,4,2,1,1
246819,246822,4,1,2,1
246823,246826,4,2,1,1
246831,246834,4,1,2,1
246835,246837,3,2,0,1
246844,246845,2,1,0,1
246849,246852,4,1,0,3
246856,246857,2,1,0,1
246882,246884,3,2,0,1
246888,246891,4,1,1,2
246902,246906,5,1,2,2
246929,246932,4,3,0,1
246939,246941,3,2,0,1
246947,246948,2,1,0,1
246959,246961,3,1,1,1
246964,246965,2,1,0,1
246975,246982,8,1,6,1
246990,246993,4,2,1,1
246998,246999,2,1,0,1
247012,247017,6,3,2,1
247018,247020,3,1,1,1
247025,247028,4,3,0,1
247029,247034,6,1,4,1
247038,247040,3,1,1,1
247042,247048,7,4,0,3
247051,247052,2,1,0,1
247058,247060,3,1,1,1
247063,247066,4,2,1,1
247074,247075,2,1,0,1
247076,247078,3,1,0,2
247081,247085,5,1,3,1
247094,247097,4,1,2,1
247105,247106,2,1,0,1
247108,247112,5,1,1,3
247127,247128,2,1,0,1
247129,247134,6,5,0,1
247153,247154,2,1,0,1
247155,247158,4,2,1,1
247162,247166,5,2,2,1
247168,247173,6,5,0,1
247177,247183,7,2,4,1
247184,247188,5,1,3,1
247195,247197,3,1,0,2
247220,247224,5,3,1,1
247234,247238,5,2,2,1
247246,247251,6,3,1,2
247252,247253,2,1,0,1
247257,247260,4,3,0,1
247266,247271,6,4,1,1
247299,247302,4,1,0,3
247303,247307,5,2,2,1
247312,247318,7,3,3,1
247321,247324,4,1,2,1
247330,247331,2,1,0,1
247354,247355,2,1,0,1
247360,247363,4,1,2,1
247370,247373,4,3,0,1
247387,247389,3,1,1,1
247395,247398,4,2,1,1
247408,247410,3,2,0,1
247421,247423,3,2,0,1
247425,247426,2,1,0,1
247440,247442,3,1,1,1
247446,247449,4,3,0,1
247453,247455,3,2,0,1
247463,247466,4,1,2,1
247472,247473,2,1,0,1
247479,247485,7,5,1,1
247486,247487,2,1,0,1
247517,247518,2,1,0,1
247522,247525,4,1,2,1
247527,247528,2,1,0,1
247529,247530,2,1,0,1
247536,247538,3,2,0,1
247544,247546,3,1,1,1
247554,247556,3,2,0,1
247596,247597,2,1,0,1
247598,247599,2,1,0,1
247610,247613,4,2,1,1
247623,247625,3,1,1,1
247636,247639,4,1,2,1
247640,247642,3,1,1,1
247643,247645,3,2,0,1
247647,247650,4,1,1,2
247676,247677,2,1,0,1
247678,247682,5,3,1,1
247684,247688,5,2,1,2
247696,247697,2,1,0,1
247702,247703,2,1,0,1
247711,247713,3,1,1,1
247714,247716,3,1,1,1
247721,247722,2,1,0,1
247727,247728,2,1,0,1
247759,247761,3,1,1,1
247762,247763,2,1,0,1
247765,247766,2,1,0,1
247778,247779,2,1,0,1
247793,247796,4,1,2,1
247797,247798,2,1,0,1
247804,247805,2,1,0,1
247811,247813,3,1,1,1
247821,247822,2,1,0,1
247825,247828,4,1,2,1
247869,247870,2,1,0,1
247878,247880,3,1,0,2
247887,247889,3,1,1,1
247897,247899,3,1,1,1
247900,247901,2,1,0,1
247914,247923,10,2,7,1
247937,247938,2,1,0,1
247942,247943,2,1,0,1
247952,247954,3,2,0,1
247966,247974,9,2,5,2
247981,247986,6,2,3,1
247995,247996,2,1,0,1
247997,248000,4,3,0,1
248003,248008,6,3,2,1
248009,248011,3,1,0,2
248017,248020,4,1,2,1
248028,248031,4,2,1,1
248035,248038,4,2,0,2
248042,248047,6,2,3,1
248049,248050,2,1,0,1
248068,248071,4,2,0,2
248080,248085,6,1,4,1
248122,248127,6,3,2,1
248128,248130,3,1,1,1
248137,248140,4,2,1,1
248156,248158,3,1,1,1
248170,248171,2,1,0,1
248184,248187,4,2,1,1
248199,248204,6,2,2,2
248219,248221,3,2,0,1
248231,248235,5,4,0,1
248257,248259,3,2,0,1
248267,248271,5,3,1,1
248278,248283,6,4,1,1
248293,248296,4,1,2,1
248310,248311,2,1,0,1
248331,248332,2,1,0,1
248348,248351,4,2,1,1
248411,248414,4,1,2,1
248437,248438,2,1,0,1
248453,248454,2,1,0,1
248499,248500,2,1,0,1
248525,248527,3,1,1,1
248565,248569,5,1,3,1
248577,248579,3,2,0,1
248582,248586,5,3,1,1
248595,248596,2,1,0,1
248599,248604,6,2,3,1
248619,248622,4,2,1,1
248652,248653,2,1,0,1
248657,248660,4,2,1,1
248668,248671,4,2,1,1
248709,248711,3,1,1,1
248713,248714,2,1,0,1
248717,248719,3,1,1,1
248724,248725,2,1,0,1
248734,248735,2,1,0,1
248742,248743,2,1,0,1
248747,248748,2,1,0,1
248761,248763,3,1,1,1
248764,248766,3,1,1,1
248767,248771,5,1,3,1
248775,248777,3,1,0,2
248781,248783,3,2,0,1
248792,248793,2,1,0,1
248800,248806,7,1,4,2
248813,248818,6,1,2,3
248833,248835,3,1,0,2
248836,248838,3,2,0,1
248842,248844,3,1,0,2
248878,248880,3,2,0,1
248887,248889,3,1,1,1
248892,248898,7,4,2,1
248904,248911,8,1,6,1
248931,248932,2,1,0,1
248941,248945,5,2,1,2
248952,248953,2,1,0,1
248954,248957,4,3,0,1
248958,248960,3,1,1,1
248969,248971,3,1,1,1
248974,248975,2,1,0,1
248981,248986,6,1,4,1
248988,248990,3,1,0,2
248992,248993,2,1,0,1
248996,248998,3,1,0,2
249031,249032,2,1,0,1
249037,249038,2,1,0,1
249040,249044,5,1,2,2
249049,249051,3,1,1,1
249057,249058,2,1,0,1
249068,249071,4,3,0,1
249074,249076,3,2,0,1
249087,249089,3,1,1,1
249095,249102,8,2,4,2
249150,249151,2,1,0,1
249154,249157,4,2,0,2
249182,249185,4,1,2,1
249202,249205,4,3,0,1
249222,249223,2,1,0,1
249229,249231,3,1,1,1
249235,249239,5,1,3,1
249242,249243,2,1,0,1
249250,249251,2,1,0,1
249270,249271,2,1,0,1
249278,249280,3,1,1,1
249291,249292,2,1,0,1
249293,249295,3,1,1,1
249297,249298,2,1,0,1
249316,249321,6,2,3,1
249326,249328,3,1,1,1
249330,249333,4,1,2,1
249339,249340,2,1,0,1
249342,249345,4,1,2,1
249368,249369,2,1,0,1
249374,249376,3,1,1,1
249390,249392,3,2,0,1
249393,249397,5,1,2,2
249404,249408,5,2,1,2
249415,249419,5,1,3,1
249446,249447,2,1,0,1
249456,249459,4,3,0,1
249464,249465,2,1,0,1
249466,249467,2,1,0,1
249494,249500,7,1,5,1
249501,249504,4,1,2,1
249505,249507,3,2,0,1
249522,249525,4,3,0,1
249550,249557,8,2,5,1
249567,249572,6,4,0,2
249579,249581,3,1,1,1
249589,249591,3,2,0,1
249597,249602,6,2,3,1
249603,249606,4,1,2,1
249609,249613,5,2,0,3
249622,249625,4,1,2,1
249627,249629,3,1,1,1
249630,249631,2,1,0,1
249636,249637,2,1,0,1
249641,249643,3,1,1,1
249645,249649,5,2,2,1
249661,249665,5,1,3,1
249669,249672,4,2,0,2
249679,249680,2,1,0,1
249688,249689,2,1,0,1
249702,249703,2,1,0,1
249716,249719,4,2,1,1
249723,249727,5,1,2,2
249734,249737,4,1,2,1
249738,249739,2,1,0,1
249744,249746,3,1,1,1
249749,249752,4,1,2,1
249764,249765,2,1,0,1
249771,249773,3,1,0,2
249774,249776,3,1,1,1
249777,249782,6,5,0,1
249786,249788,3,2,0,1
249799,249800,2,1,0,1
249811,249815,5,1,2,2
249829,249833,5,1,3,1
249853,249854,2,1,0,1
249859,249865,7,4,2,1
249870,249873,4,1,2,1
249874,249875,2,1,0,1
249879,249881,3,1,1,1
249910,249915,6,2,3,1
249929,249932,4,2,1,1
249933,249937,5,4,0,1
249938,249941,4,1,2,1
249953,249955,3,1,0,2
249956,249958,3,2,0,1
249980,249981,2,1,0,1
249986,249987,2,1,0,1
249995,249999,5,2,2,1
250007,250008,2,1,0,1
250031,250033,3,1,1,1
250034,250035,2,1,0,1
250045,250046,2,1,0,1
250053,250055,3,2,0,1
250059,250060,2,1,0,1
250061,250067,7,3,2,2
250068,250071,4,3,0,1
250074,250077,4,1,0,3
250078,250080,3,1,0,2
250128,250129,2,1,0,1
250153,250156,4,1,2,1
250165,250167,3,2,0,1
250171,250173,3,1,1,1
250181,250183,3,1,1,1
250190,250194,5,1,3,1
250198,250202,5,3,1,1
250224,250225,2,1,0,1
250227,250228,2,1,0,1
250233,250234,2,1,0,1
250237,250240,4,2,1,1
250243,250245,3,1,0,2
250249,250251,3,1,1,1
250261,250264,4,3,0,1
250273,250274,2,1,0,1
250277,250278,2,1,0,1
250283,250284,2,1,0,1
250297,250304,8,4,3,1
250305,250307,3,1,1,1
250312,250314,3,2,0,1
250336,250339,4,1,2,1
250341,250350,10,2,7,1
250360,250363,4,1,2,1
250378,250379,2,1,0,1
250380,250381,2,1,0,1
250396,250402,7,2,4,1
250455,250457,3,1,1,1
250476,250477,2,1,0,1
250484,250485,2,1,0,1
250506,250509,4,2,1,1
250519,250524,6,3,2,1
250526,250529,4,2,1,1
250531,250535,5,3,1,1
250536,250537,2,1,0,1
250539,250541,3,2,0,1
250544,250545,2,1,0,1
250585,250588,4,1,2,1
250596,250599,4,1,2,1
250603,250604,2,1,0,1
250609,250610,2,1,0,1
250627,250631,5,2,2,1
250636,250637,2,1,0,1
250641,250642,2,1,0,1
250643,250646,4,2,1,1
250649,250652,4,2,1,1
250665,250671,7,1,5,1
250689,250690,2,1,0,1
250697,250705,9,1,6,2
250709,250712,4,3,0,1
250724,250728,5,3,0,2
250732,250735,4,1,0,3
250742,250746,5,2,2,1
250751,250752,2,1,0,1
250773,250777,5,2,0,3
250782,250783,2,1,0,1
250809,250812,4,2,1,1
250813,250816,4,1,0,3
250819,250823,5,1,2,2
250833,250836,4,3,0,1
250839,250841,3,2,0,1
250849,250850,2,1,0,1
250851,250860,10,4,4,2
250865,250867,3,2,0,1
250873,250875,3,1,1,1
250879,250881,3,1,1,1
250886,250889,4,1,2,1
250892,250895,4,2,1,1
250901,250903,3,2,0,1
250906,250910,5,1,3,1
250919,250921,3,1,0,2
250926,250927,2,1,0,1
250928,250932,5,2,2,1
250941,250943,3,2,0,1
250944,250945,2,1,0,1
250951,250952,2,1,0,1
250958,250959,2,1,0,1
250962,250964,3,1,1,1
250965,250967,3,1,1,1
250976,250978,3,2,0,1
250989,250994,6,2,2,2
250999,251000,2,1,0,1
251001,251002,2,1,0,1
251003,251004,2,1,0,1
251008,251010,3,1,1,1
251014,251016,3,2,0,1
251032,251034,3,1,1,1
251051,251053,3,2,0,1
251055,251058,4,1,2,1
251059,251061,3,2,0,1
251068,251069,2,1,0,1
251079,251081,3,1,1,1
251091,251092,2,1,0,1
251108,251111,4,2,1,1
251115,251118,4,3,0,1
251120,251124,5,2,2,1
251125,251126,2,1,0,1
251131,251132,2,1,0,1
251154,251158,5,1,3,1
251170,251173,4,2,1,1
251174,251178,5,2,2,1
251181,251183,3,1,1,1
251189,251190,2,1,0,1
251191,251194,4,3,0,1
251205,251208,4,1,2,1
251211,251212,2,1,0,1
251214,251215,2,1,0,1
251219,251223,5,4,0,1
251235,251238,4,1,2,1
251239,251242,4,2,1,1
251243,251246,4,1,0,3
251247,251251,5,3,1,1
251254,251255,2,1,0,1
251256,251257,2,1,0,1
251264,251268,5,2,2,1
251285,251288,4,1,1,2
251289,251291,3,2,0,1
251292,251296,5,2,2,1
251306,251307,2,1,0,1
251320,251324,5,2,0,3
251332,251335,4,1,2,1
251336,251338,3,2,0,1
251351,251352,2,1,0,1
251360,251363,4,1,2,1
251364,251368,5,2,2,1
251375,251378,4,2,1,1
251382,251384,3,1,0,2
251391,251394,4,1,1,2
251396,251400,5,1,3,1
251417,251418,2,1,0,1
251432,251433,2,1,0,1
251491,251494,4,1,1,2
251516,251521,6,1,2,3
251526,251527,2,1,0,1
251537,251540,4,1,1,2
251545,251546,2,1,0,1
251578,251579,2,1,0,1
251599,251600,2,1,0,1
251607,251610,4,1,2,1
251615,251616,2,1,0,1
251651,251652,2,1,0,1
251714,251719,6,1,1,4
251781,251783,3,1,0,2
251835,251836,2,1,0,1
251921,251923,3,1,1,1
251924,251926,3,1,0,2
251995,251996,2,1,0,1
252081,252082,2,1,0,1
252091,252094,4,1,1,2
252170,252171,2,1,0,1
252261,252262,2,1,0,1
252276,252281,6,1,0,5
252454,252455,2,1,0,1
252485,252486,2,1,0,1
252499,252500,2,1,0,1
252528,252531,4,1,1,2
252567,252570,4,1,0,3
252575,252579,5,1,2,2
252617,252619,3,1,1,1
252627,252628,2,1,0,1
252746,252750,5,2,0,3
252877,252878,2,1,0,1
252879,252880,2,1,0,1
252928,252929,2,1,0,1
252950,252951,2,1,0,1
253134,253136,3,1,1,1
253258,253260,3,1,0,2
253279,253280,2,1,0,1
253358,253359,2,1,0,1
253417,253418,2,1,0,1
253561,253564,4,1,0,3
253565,253567,3,1,1,1
253643,253644,2,1,0,1
253683,253684,2,1,0,1
253728,253729,2,1,0,1
253738,253741,4,1,1,2
253814,253815,2,1,0,1
253838,253839,2,1,0,1
253922,253925,4,1,1,2
253940,253941,2,1,0,1
253945,253946,2,1,0,1
254092,254093,2,1,0,1
254336,254337,2,1,0,1
254345,254346,2,1,0,1
254430,254431,2,1,0,1
254458,254459,2,1,0,1
254528,254529,2,1,0,1
254564,254567,4,1,0,3
254667,254668,2,1,0,1
254712,254713,2,1,0,1
254723,254724,2,1,0,1
254873,254874,2,1,0,1
254947,254950,4,1,0,3
254996,254999,4,1,2,1
255002,255007,6,2,0,4
255103,255105,3,1,0,2
255121,255122,2,1,0,1
255179,255180,2,1,0,1
255412,255413,2,1,0,1
255428,255429,2,1,0,1
255677,255680,4,2,0,2
255807,255808,2,1,0,1
255837,255838,2,1,0,1
255870,255872,3,1,1,1
255895,255896,2,1,0,1
256043,256044,2,1,0,1
256153,256155,3,1,1,1
256159,256161,3,1,1,1
256229,256232,4,1,2,1
256340,256341,2,1,0,1
256358,256359,2,1,0,1
256454,256456,3,2,0,1
256512,256513,2,1,0,1
256601,256602,2,1,0,1
256633,256636,4,1,0,3
256638,256639,2,1,0,1
256644,256645,2,1,0,1
256924,256927,4,2,0,2
256937,256938,2,1,0,1
257089,257090,2,1,0,1
257200,257201,2,1,0,1
257262,257264,3,1,1,1
257292,257297,6,2,3,1
257313,257318,6,1,4,1
257359,257363,5,1,1,3
257372,257373,2,1,0,1
257380,257383,4,1,0,3
257399,257402,4,1,2,1
257433,257434,2,1,0,1
257517,257520,4,1,1,2
257606,257607,2,1,0,1
257610,257612,3,1,1,1
257647,257648,2,1,0,1
257666,257669,4,1,1,2
257771,257773,3,1,1,1
257781,257782,2,1,0,1
257807,257808,2,1,0,1
257809,257810,2,1,0,1
257834,257836,3,1,1,1
257879,257881,3,1,1,1
257884,257887,4,1,1,2
257888,257889,2,1,0,1
257939,257944,6,1,2,3
257956,257958,3,1,1,1
257968,257969,2,1,0,1
257986,257987,2,1,0,1
258000,258002,3,1,1,1
258047,258049,3,1,1,1
258065,258074,10,1,5,4
258111,258117,7,1,4,2
258126,258128,3,1,1,1
258182,258187,6,1,4,1
258233,258235,3,1,0,2
258242,258246,5,1,2,2
258250,258253,4,1,2,1
258272,258274,3,2,0,1
258302,258305,4,1,0,3
258342,258344,3,1,1,1
258402,258407,6,1,1,4
258523,258524,2,1,0,1
258555,258558,4,1,1,2
258673,258674,2,1,0,1
258768,258777,10,1,8,1
258781,258782,2,1,0,1
258830,258834,5,1,3,1
258910,258914,5,1,0,4
258923,258928,6,1,0,5
258971,258973,3,1,1,1
258974,258976,3,1,1,1
259001,259002,2,1,0,1
259036,259040,5,1,3,1
259044,259045,2,1,0,1
259068,259071,4,1,1,2
259078,259079,2,1,0,1
259082,259083,2,1,0,1
259130,259133,4,1,1,2
259138,259140,3,1,0,2
259178,259179,2,1,0,1
259252,259253,2,1,0,1
259305,259306,2,1,0,1
259309,259310,2,1,0,1
259313,259315,3,1,0,2
259432,259436,5,1,3,1
259446,259449,4,1,2,1
259467,259475,9,1,5,3
259494,259497,4,1,1,2
259534,259536,3,1,1,1
259546,259550,5,1,0,4
259590,259594,5,1,1,3
259603,259605,3,1,1,1
259611,259612,2,1,0,1
259616,259619,4,1,0,3
259625,259626,2,1,0,1
259634,259637,4,2,0,2
259653,259655,3,1,1,1
259712,259717,6,1,4,1
259729,259732,4,1,1,2
259750,259753,4,1,2,1
259808,259811,4,2,0,2
259826,259828,3,1,1,1
259837,259838,2,1,0,1
259842,259843,2,1,0,1
259854,259855,2,1,0,1
259864,259867,4,1,2,1
259878,259881,4,1,1,2
259884,259885,2,1,0,1
259896,259898,3,1,0,2
259899,259902,4,1,2,1
259912,259914,3,1,0,2
259955,259960,6,1,1,4
259965,259967,3,1,0,2
259968,259973,6,1,2,3
260000,260005,6,1,4,1
260006,260011,6,1,1,4
260016,260018,3,1,0,2
260028,260030,3,1,1,1
260059,260060,2,1,0,1
260151,260157,7,1,5,1
260193,260195,3,1,0,2
260241,260244,4,1,2,1
260255,260257,3,1,0,2
260275,260276,2,1,0,1
260300,260303,4,1,2,1
260327,260328,2,1,0,1
260500,260501,2,1,0,1
260526,260527,2,1,0,1
260547,260548,2,1,0,1
260559,260564,6,1,4,1
260734,260737,4,3,0,1
260854,260856,3,2,0,1
260957,260960,4,3,0,1
260989,260993,5,3,1,1
260994,260995,2,1,0,1
261024,261025,2,1,0,1
261135,261141,7,4,0,3
261270,261273,4,2,1,1
261288,261293,6,4,1,1
261294,261296,3,2,0,1
261323,261326,4,1,2,1
261331,261333,3,1,1,1
261354,261359,6,5,0,1
261368,261370,3,2,0,1
261372,261376,5,4,0,1
261386,261388,3,2,0,1
261434,261435,2,1,0,1
261469,261471,3,2,0,1
261494,261499,6,5,0,1
261504,261509,6,5,0,1
261536,261537,2,1,0,1
261539,261540,2,1,0,1
261543,261548,6,5,0,1
261595,261597,3,1,1,1
261613,261614,2,1,0,1
261656,261661,6,4,0,2
261667,261668,2,1,0,1
261679,261682,4,3,0,1
261695,261696,2,1,0,1
261697,261698,2,1,0,1
261711,261717,7,5,1,1
261745,261746,2,1,0,1
261747,261752,6,4,1,1
261763,261764,2,1,0,1
261771,261773,3,2,0,1
261801,261802,2,1,0,1
261805,261808,4,2,1,1
261827,261829,3,1,1,1
261838,261842,5,4,0,1
261865,261869,5,3,1,1
261873,261877,5,3,1,1
261922,261924,3,2,0,1
261941,261946,6,4,1,1
261953,261954,2,1,0,1
261965,261967,3,2,0,1
261974,261979,6,4,1,1
261980,261982,3,1,1,1
262000,262003,4,3,0,1
262007,262011,5,1,3,1
262031,262035,5,1,3,1
262056,262059,4,3,0,1
262064,262066,3,1,1,1
262069,262071,3,2,0,1
262097,262103,7,5,1,1
262127,262131,5,3,1,1
262139,262144,6,5,0,1
262162,262164,3,1,0,2
262173,262177,5,2,2,1
262181,262186,6,5,0,1
262212,262215,4,1,2,1
262245,262248,4,3,0,1
262282,262283,2,1,0,1
262293,262296,4,3,0,1
262297,262298,2,1,0,1
262362,262365,4,3,0,1
262370,262375,6,5,0,1
262388,262389,2,1,0,1
262390,262393,4,2,1,1
262404,262407,4,2,0,2
262411,262416,6,4,1,1
262419,262422,4,3,0,1
262429,262430,2,1,0,1
262451,262454,4,2,0,2
262485,262488,4,3,0,1
262494,262497,4,1,2,1
262520,262521,2,1,0,1
262522,262526,5,3,1,1
262543,262546,4,2,1,1
262560,262565,6,4,1,1
262567,262573,7,5,1,1
262576,262579,4,3,0,1
262581,262587,7,1,5,1
262591,262595,5,2,2,1
262609,262610,2,1,0,1
262625,262626,2,1,0,1
262640,262643,4,1,2,1
262649,262653,5,1,3,1
262709,262710,2,1,0,1
262712,262715,4,3,0,1
262721,262725,5,4,0,1
262726,262730,5,3,0,2
262754,262758,5,2,2,1
262793,262799,7,2,4,1
262807,262810,4,2,1,1
262844,262845,2,1,0,1
262849,262854,6,4,1,1
262868,262872,5,4,0,1
262938,262939,2,1,0,1
262971,262972,2,1,0,1
262990,262994,5,2,2,1
262995,262996,2,1,0,1
263004,263007,4,1,2,1
263009,263012,4,1,1,2
263052,263057,6,3,2,1
263070,263072,3,2,0,1
263079,263080,2,1,0,1
263085,263086,2,1,0,1
263089,263093,5,4,0,1
263106,263108,3,2,0,1
263123,263124,2,1,0,1
263166,263168,3,1,1,1
263207,263208,2,1,0,1
263242,263247,6,4,1,1
263254,263256,3,1,0,2
263282,263283,2,1,0,1
263284,263286,3,2,0,1
263299,263303,5,3,1,1
263311,263316,6,5,0,1
263332,263335,4,3,0,1
263340,263342,3,2,0,1
263346,263350,5,1,2,2
263377,263385,9,4,2,3
263391,263392,2,1,0,1
263395,263397,3,1,1,1
263406,263407,2,1,0,1
263418,263419,2,1,0,1
263421,263424,4,2,1,1
263428,263433,6,5,0,1
263439,263440,2,1,0,1
263446,263450,5,3,1,1
263451,263453,3,1,1,1
263469,263470,2,1,0,1
263477,263480,4,2,1,1
263498,263501,4,3,0,1
263504,263510,7,5,0,2
263512,263514,3,2,0,1
263516,263517,2,1,0,1
263518,263522,5,2,2,1
263527,263528,2,1,0,1
263537,263539,3,1,0,2
263543,263548,6,5,0,1
263560,263568,9,3,5,1
263573,263578,6,5,0,1
263594,263595,2,1,0,1
263601,263604,4,2,1,1
263605,263609,5,3,0,2
263648,263651,4,3,0,1
263656,263660,5,4,0,1
263665,263667,3,2,0,1
263672,263678,7,3,3,1
263699,263703,5,3,1,1
263704,263705,2,1,0,1
263714,263715,2,1,0,1
263727,263728,2,1,0,1
263755,263757,3,2,0,1
263759,263760,2,1,0,1
263773,263774,2,1,0,1
263846,263852,7,4,2,1
263870,263875,6,1,4,1
263896,263899,4,3,0,1
263900,263903,4,3,0,1
263922,263931,10,5,4,1
263936,263941,6,2,3,1
263951,263957,7,5,1,1
264005,264006,2,1,0,1
264011,264013,3,2,0,1
264028,264031,4,2,0,2
264032,264034,3,1,1,1
264035,264036,2,1,0,1
264056,264058,3,2,0,1
264066,264069,4,2,1,1
264075,264077,3,1,1,1
264079,264081,3,1,1,1
264101,264103,3,2,0,1
264104,264105,2,1,0,1
264146,264149,4,1,1,2
264155,264161,7,4,2,1
264164,264167,4,2,1,1
264185,264187,3,2,0,1
264206,264209,4,2,1,1
264236,264238,3,1,0,2
264244,264246,3,2,0,1
264269,264271,3,2,0,1
264277,264279,3,1,1,1
264283,264290,8,5,2,1
264302,264305,4,2,1,1
264329,264334,6,1,3,2
264346,264348,3,1,1,1
264358,264362,5,3,1,1
264369,264371,3,2,0,1
264385,264386,2,1,0,1
264398,264399,2,1,0,1
264414,264417,4,1,0,3
264439,264442,4,3,0,1
264443,264446,4,1,1,2
264460,264461,2,1,0,1
264462,264463,2,1,0,1
264464,264465,2,1,0,1
264485,264486,2,1,0,1
264487,264490,4,3,0,1
264503,264505,3,2,0,1
264510,264513,4,2,1,1
264530,264531,2,1,0,1
264537,264539,3,2,0,1
264562,264566,5,1,3,1
264571,264572,2,1,0,1
264585,264588,4,1,1,2
264605,264607,3,2,0,1
264632,264635,4,1,2,1
264641,264642,2,1,0,1
264647,264652,6,5,0,1
264660,264662,3,2,0,1
264667,264671,5,2,2,1
264680,264682,3,1,1,1
264700,264702,3,1,1,1
264703,264706,4,2,1,1
264707,264710,4,2,0,2
264718,264722,5,3,1,1
264723,264726,4,1,2,1
264751,264753,3,1,0,2
264760,264762,3,1,1,1
264767,264768,2,1,0,1
264769,264772,4,2,1,1
264778,264779,2,1,0,1
264786,264787,2,1,0,1
264793,264795,3,1,1,1
264801,264802,2,1,0,1
264836,264838,3,2,0,1
264845,264849,5,2,1,2
264852,264853,2,1,0,1
264854,264855,2,1,0,1
264856,264858,3,1,1,1
264867,264870,4,2,1,1
264873,264874,2,1,0,1
264875,264878,4,2,1,1
264884,264887,4,2,1,1
264897,264901,5,1,3,1
264902,264906,5,4,0,1
264910,264913,4,2,1,1
264932,264933,2,1,0,1
264936,264941,6,5,0,1
264942,264947,6,1,3,2
265002,265003,2,1,0,1
265004,265006,3,2,0,1
265017,265018,2,1,0,1
265021,265022,2,1,0,1
265031,265033,3,1,0,2
265036,265037,2,1,0,1
265038,265044,7,5,1,1
265050,265055,6,5,0,1
265067,265071,5,3,1,1
265098,265099,2,1,0,1
265121,265122,2,1,0,1
265130,265133,4,2,1,1
265138,265139,2,1,0,1
265148,265150,3,2,0,1
265165,265168,4,2,1,1
265177,265178,2,1,0,1
265180,265181,2,1,0,1
265183,265189,7,5,1,1
265193,265194,2,1,0,1
265201,265206,6,5,0,1
265215,265217,3,2,0,1
265218,265220,3,2,0,1
265238,265240,3,2,0,1
265243,265244,2,1,0,1
265252,265254,3,2,0,1
265257,265261,5,2,2,1
265263,265270,8,5,2,1
265299,265300,2,1,0,1
265302,265303,2,1,0,1
265309,265310,2,1,0,1
265325,265335,11,5,5,1
265344,265350,7,1,5,1
265354,265355,2,1,0,1
265357,265358,2,1,0,1
265371,265374,4,1,1,2
265375,265376,2,1,0,1
265394,265400,7,3,3,1
265419,265420,2,1,0,1
265421,265425,5,3,1,1
265427,265430,4,1,2,1
265433,265436,4,1,2,1
265448,265451,4,1,2,1
265465,265467,3,2,0,1
265498,265500,3,1,1,1
265509,265510,2,1,0,1
265521,265522,2,1,0,1
265523,265528,6,4,1,1
265535,265539,5,3,1,1
265545,265547,3,2,0,1
265554,265556,3,1,1,1
265579,265582,4,1,2,1
265590,265594,5,2,2,1
265602,265605,4,3,0,1
265631,265633,3,1,1,1
265634,265635,2,1,0,1
265642,265644,3,1,1,1
265652,265654,3,1,1,1
265664,265666,3,1,1,1
265667,265672,6,5,0,1
265676,265681,6,1,4,1
265684,265687,4,3,0,1
265693,265694,2,1,0,1
265704,265709,6,3,2,1
265743,265745,3,1,1,1
265750,265755,6,5,0,1
265769,265770,2,1,0,1
265777,265779,3,2,0,1
265799,265801,3,2,0,1
265805,265806,2,1,0,1
265811,265812,2,1,0,1
265813,265815,3,2,0,1
265816,265819,4,2,1,1
265820,265823,4,3,0,1
265826,265828,3,1,1,1
265830,265831,2,1,0,1
265832,265835,4,2,1,1
265845,265848,4,2,1,1
265849,265852,4,2,0,2
265857,265858,2,1,0,1
265863,265865,3,2,0,1
265866,265867,2,1,0,1
265869,265875,7,3,3,1
265916,265919,4,2,0,2
265922,265924,3,1,1,1
265933,265934,2,1,0,1
265956,265959,4,1,1,2
265974,265975,2,1,0,1
265983,265986,4,1,1,2
266000,266004,5,1,1,3
266026,266028,3,1,0,2
266029,266030,2,1,0,1
266045,266049,5,1,3,1
266052,266053,2,1,0,1
266059,266063,5,3,1,1
266069,266072,4,3,0,1
266073,266074,2,1,0,1
266075,266076,2,1,0,1
266089,266091,3,1,1,1
266097,266101,5,4,0,1
266102,266106,5,3,1,1
266110,266111,2,1,0,1
266146,266150,5,2,2,1
266169,266174,6,5,0,1
266183,266184,2,1,0,1
266191,266193,3,1,1,1
266199,266200,2,1,0,1
266203,266206,4,2,1,1
266232,266238,7,3,3,1
266246,266248,3,2,0,1
266251,266254,4,2,1,1
266258,266260,3,1,1,1
266266,266269,4,1,1,2
266287,266289,3,2,0,1
266300,266305,6,2,3,1
266324,266329,6,1,4,1
266346,266351,6,5,0,1
266353,266355,3,2,0,1
266364,266366,3,1,0,2
266389,266391,3,2,0,1
266392,266399,8,4,3,1
266412,266413,2,1,0,1
266419,266420,2,1,0,1
266425,266426,2,1,0,1
266435,266440,6,2,3,1
266442,266445,4,2,1,1
266471,266474,4,1,2,1
266476,266480,5,3,1,1
266485,266486,2,1,0,1
266491,266498,8,1,6,1
266499,266504,6,5,0,1
266505,266506,2,1,0,1
266510,266511,2,1,0,1
266519,266520,2,1,0,1
266530,266531,2,1,0,1
266539,266540,2,1,0,1
266547,266550,4,2,1,1
266551,266553,3,1,1,1
266560,266561,2,1,0,1
266564,266565,2,1,0,1
266568,266569,2,1,0,1
266576,266581,6,5,0,1
266595,266598,4,2,1,1
266601,266602,2,1,0,1
266618,266619,2,1,0,1
266622,266624,3,1,0,2
266630,266633,4,1,2,1
266634,266638,5,3,1,1
266639,266642,4,1,2,1
266666,266670,5,1,3,1
266678,266681,4,1,2,1
266682,266685,4,1,2,1
266687,266689,3,1,1,1
266694,266695,2,1,0,1
266703,266705,3,1,1,1
266707,266708,2,1,0,1
266712,266714,3,1,1,1
266721,266722,2,1,0,1
266723,266724,2,1,0,1
266732,266736,5,1,3,1
266741,266743,3,1,1,1
266756,266759,4,3,0,1
266773,266774,2,1,0,1
266801,266804,4,1,2,1
266806,266808,3,1,1,1
266843,266845,3,2,0,1
266877,266881,5,1,3,1
266885,266886,2,1,0,1
266891,266892,2,1,0,1
266895,266896,2,1,0,1
266909,266910,2,1,0,1
266912,266919,8,5,2,1
266954,266957,4,2,1,1
266958,266960,3,1,0,2
267003,267006,4,1,2,1
267011,267015,5,1,3,1
267016,267020,5,4,0,1
267021,267026,6,5,0,1
267038,267045,8,3,4,1
267050,267056,7,1,5,1
267062,267065,4,3,0,1
267073,267076,4,2,1,1
267077,267081,5,1,3,1
267102,267103,2,1,0,1
267150,267152,3,2,0,1
267160,267163,4,2,1,1
267173,267174,2,1,0,1
267188,267194,7,5,1,1
267201,267202,2,1,0,1
267204,267207,4,3,0,1
267212,267215,4,2,1,1
267223,267225,3,2,0,1
267242,267246,5,2,2,1
267260,267264,5,4,0,1
267274,267277,4,2,1,1
267291,267292,2,1,0,1
267294,267302,9,5,1,3
267303,267306,4,1,1,2
267307,267310,4,2,1,1
267315,267316,2,1,0,1
267323,267325,3,2,0,1
267332,267336,5,4,0,1
267339,267340,2,1,0,1
267355,267357,3,2,0,1
267358,267360,3,2,0,1
267361,267362,2,1,0,1
267368,267369,2,1,0,1
267370,267373,4,2,1,1
267374,267378,5,4,0,1
267380,267382,3,1,1,1
267383,267386,4,1,2,1
267387,267392,6,4,1,1
267393,267396,4,1,2,1
267404,267406,3,1,0,2
267407,267410,4,3,0,1
267416,267417,2,1,0,1
267418,267420,3,2,0,1
267423,267429,7,2,4,1
267433,267435,3,1,1,1
267436,267437,2,1,0,1
267441,267443,3,2,0,1
267444,267445,2,1,0,1
267448,267450,3,1,1,1
267452,267456,5,1,3,1
267472,267477,6,2,3,1
267491,267495,5,4,0,1
267499,267501,3,1,1,1
267512,267513,2,1,0,1
267523,267526,4,1,2,1
267536,267539,4,1,2,1
267548,267550,3,1,1,1
267551,267553,3,2,0,1
267557,267558,2,1,0,1
267559,267562,4,2,0,2
267563,267565,3,1,1,1
267566,267568,3,2,0,1
267569,267572,4,1,2,1
267575,267580,6,4,1,1
267587,267589,3,1,1,1
267597,267599,3,1,0,2
267604,267605,2,1,0,1
267610,267611,2,1,0,1
267618,267622,5,2,2,1
267633,267637,5,3,1,1
267638,267641,4,3,0,1
267647,267650,4,1,2,1
267651,267652,2,1,0,1
267662,267665,4,3,0,1
267667,267669,3,1,1,1
267681,267683,3,1,1,1
267693,267695,3,1,1,1
267701,267704,4,2,0,2
267705,267706,2,1,0,1
267713,267716,4,2,0,2
267723,267724,2,1,0,1
267752,267756,5,4,0,1
267759,267765,7,4,2,1
267768,267771,4,2,1,1
267776,267779,4,2,0,2
267785,267789,5,3,0,2
267796,267800,5,3,0,2
267806,267807,2,1,0,1
267814,267817,4,1,2,1
267821,267825,5,3,1,1
267867,267870,4,1,2,1
267892,267895,4,1,2,1
267898,267903,6,3,2,1
267904,267906,3,1,0,2
267917,267918,2,1,0,1
267921,267926,6,1,4,1
267934,267936,3,2,0,1
267955,267956,2,1,0,1
267957,267961,5,4,0,1
267968,267969,2,1,0,1
267972,267974,3,1,1,1
267976,267979,4,3,0,1
267982,267990,9,4,4,1
267991,267995,5,4,0,1
268012,268014,3,1,1,1
268021,268024,4,1,2,1
268031,268034,4,3,0,1
268036,268039,4,2,1,1
268040,268042,3,1,1,1
268062,268069,8,3,4,1
268076,268077,2,1,0,1
268091,268093,3,1,1,1
268107,268108,2,1,0,1
268112,268116,5,2,2,1
268120,268123,4,2,0,2
268172,268176,5,2,2,1
268194,268200,7,2,4,1
268209,268211,3,2,0,1
268220,268222,3,1,1,1
268230,268232,3,1,1,1
268243,268248,6,3,2,1
268249,268250,2,1,0,1
268264,268265,2,1,0,1
268268,268271,4,1,2,1
268289,268290,2,1,0,1
268303,268306,4,2,1,1
268336,268337,2,1,0,1
268340,268342,3,2,0,1
268344,268346,3,1,1,1
268354,268358,5,3,1,1
268362,268363,2,1,0,1
268365,268367,3,2,0,1
268368,268369,2,1,0,1
268383,268384,2,1,0,1
268399,268403,5,1,3,1
268418,268423,6,1,3,2
268427,268431,5,2,2,1
268433,268437,5,4,0,1
268470,268471,2,1,0,1
268485,268486,2,1,0,1
268491,268494,4,3,0,1
268501,268504,4,1,2,1
268508,268510,3,1,1,1
268520,268526,7,5,1,1
268527,268531,5,1,2,2
268532,268533,2,1,0,1
268545,268546,2,1,0,1
268562,268563,2,1,0,1
268564,268566,3,1,1,1
268585,268590,6,4,1,1
268601,268603,3,2,0,1
268623,268625,3,2,0,1
268627,268630,4,3,0,1
268631,268638,8,4,3,1
268640,268642,3,2,0,1
268645,268647,3,1,0,2
268652,268655,4,2,0,2
268656,268660,5,1,3,1
268676,268678,3,2,0,1
268689,268693,5,4,0,1
268694,268696,3,1,1,1
268701,268702,2,1,0,1
268703,268705,3,1,1,1
268707,268708,2,1,0,1
268712,268713,2,1,0,1
268714,268716,3,2,0,1
268721,268726,6,1,2,3
268727,268733,7,5,1,1
268734,268735,2,1,0,1
268749,268750,2,1,0,1
268779,268780,2,1,0,1
268781,268784,4,1,1,2
268794,268795,2,1,0,1
268806,268808,3,1,1,1
268814,268816,3,2,0,1
268831,268833,3,1,1,1
268843,268845,3,1,1,1
268849,268850,2,1,0,1
268855,268858,4,2,0,2
268859,268861,3,2,0,1
268866,268868,3,1,1,1
268882,268884,3,1,1,1
268888,268889,2,1,0,1
268900,268905,6,3,2,1
268916,268919,4,1,2,1
268931,268932,2,1,0,1
268949,268952,4,2,1,1
268962,268966,5,4,0,1
268980,268982,3,1,1,1
268987,268988,2,1,0,1
268990,268995,6,3,2,1
268996,268998,3,2,0,1
268999,269001,3,1,0,2
269007,269009,3,2,0,1
269013,269018,6,3,2,1
269020,269022,3,2,0,1
269035,269036,2,1,0,1
269039,269042,4,1,2,1
269069,269070,2,1,0,1
269073,269076,4,3,0,1
269078,269079,2,1,0,1
269085,269087,3,1,0,2
269092,269094,3,2,0,1
269098,269101,4,2,1,1
269102,269104,3,1,0,2
269118,269120,3,2,0,1
269124,269127,4,2,0,2
269133,269136,4,2,1,1
269152,269153,2,1,0,1
269171,269176,6,3,2,1
269185,269186,2,1,0,1
269195,269197,3,1,1,1
269212,269214,3,1,1,1
269222,269224,3,2,0,1
269232,269234,3,1,1,1
269256,269260,5,1,3,1
269262,269263,2,1,0,1
269271,269273,3,2,0,1
269288,269289,2,1,0,1
269291,269295,5,3,1,1
269296,269298,3,2,0,1
269304,269309,6,4,1,1
269310,269311,2,1,0,1
269318,269321,4,2,1,1
269328,269329,2,1,0,1
269333,269337,5,1,3,1
269345,269350,6,5,0,1
269353,269354,2,1,0,1
269368,269371,4,1,1,2
269378,269382,5,4,0,1
269390,269392,3,1,0,2
269412,269414,3,1,1,1
269434,269435,2,1,0,1
269440,269444,5,1,2,2
269448,269450,3,1,1,1
269455,269456,2,1,0,1
269460,269463,4,2,0,2
269472,269473,2,1,0,1
269478,269482,5,4,0,1
269492,269494,3,2,0,1
269497,269498,2,1,0,1
269499,269503,5,4,0,1
269511,269512,2,1,0,1
269518,269522,5,4,0,1
269529,269532,4,1,2,1
269535,269537,3,1,1,1
269539,269540,2,1,0,1
269546,269548,3,1,1,1
269549,269555,7,3,3,1
269568,269569,2,1,0,1
269572,269578,7,2,4,1
269590,269591,2,1,0,1
269622,269623,2,1,0,1
269628,269631,4,2,1,1
269633,269636,4,3,0,1
269650,269652,3,1,0,2
269662,269664,3,2,0,1
269666,269669,4,3,0,1
269673,269676,4,1,1,2
269682,269683,2,1,0,1
269691,269692,2,1,0,1
269700,269703,4,2,1,1
269705,269707,3,2,0,1
269708,269709,2,1,0,1
269717,269719,3,1,0,2
269735,269739,5,2,0,3
269746,269748,3,1,1,1
269758,269759,2,1,0,1
269767,269768,2,1,0,1
269772,269774,3,2,0,1
269776,269779,4,2,1,1
269795,269797,3,1,1,1
269801,269809,9,5,3,1
269813,269817,5,1,3,1
269822,269824,3,2,0,1
269844,269845,2,1,0,1
269854,269855,2,1,0,1
269864,269866,3,1,1,1
269880,269886,7,5,1,1
269900,269902,3,2,0,1
269912,269915,4,2,0,2
269916,269921,6,4,1,1
269924,269926,3,1,1,1
269932,269937,6,3,1,2
269948,269949,2,1,0,1
269960,269964,5,3,1,1
269973,269974,2,1,0,1
269980,269983,4,1,0,3
269984,269988,5,3,1,1
269993,269997,5,1,3,1
270010,270014,5,4,0,1
270024,270027,4,2,0,2
270031,270036,6,5,0,1
270039,270040,2,1,0,1
270078,270080,3,2,0,1
270092,270094,3,2,0,1
270096,270098,3,2,0,1
270122,270124,3,2,0,1
270136,270137,2,1,0,1
270146,270149,4,2,1,1
270166,270169,4,3,0,1
270174,270175,2,1,0,1
270177,270180,4,3,0,1
270185,270186,2,1,0,1
270193,270194,2,1,0,1
270200,270201,2,1,0,1
270202,270204,3,2,0,1
270209,270211,3,1,1,1
270214,270218,5,4,0,1
270258,270260,3,1,0,2
270292,270293,2,1,0,1
270312,270313,2,1,0,1
270314,270319,6,1,4,1
270321,270323,3,1,1,1
270327,270330,4,3,0,1
270339,270340,2,1,0,1
270364,270366,3,2,0,1
270379,270382,4,3,0,1
270383,270385,3,2,0,1
270391,270393,3,1,1,1
270394,270399,6,2,3,1
270406,270408,3,1,1,1
270422,270424,3,1,0,2
270425,270426,2,1,0,1
270434,270436,3,1,1,1
270442,270444,3,2,0,1
270452,270455,4,1,2,1
270459,270465,7,1,5,1
270469,270472,4,2,1,1
270473,270476,4,1,2,1
270477,270478,2,1,0,1
270479,270485,7,5,0,2
270507,270515,9,5,3,1
270543,270546,4,3,0,1
270551,270552,2,1,0,1
270553,270554,2,1,0,1
270555,270558,4,1,0,3
270567,270570,4,2,0,2
270572,270575,4,1,2,1
270584,270585,2,1,0,1
270590,270592,3,2,0,1
270599,270602,4,1,2,1
270614,270616,3,2,0,1
270620,270623,4,2,0,2
270627,270630,4,3,0,1
270641,270642,2,1,0,1
270643,270645,3,1,1,1
270670,270673,4,1,2,1
270680,270681,2,1,0,1
270683,270687,5,3,0,2
270688,270689,2,1,0,1
270697,270701,5,1,3,1
270707,270708,2,1,0,1
270710,270711,2,1,0,1
270722,270724,3,2,0,1
270725,270730,6,2,2,2
270748,270750,3,2,0,1
270754,270755,2,1,0,1
270757,270759,3,2,0,1
270774,270777,4,1,2,1
270781,270782,2,1,0,1
270789,270790,2,1,0,1
270794,270799,6,1,4,1
270800,270804,5,4,0,1
270810,270812,3,2,0,1
270816,270818,3,2,0,1
270820,270821,2,1,0,1
270826,270827,2,1,0,1
270842,270846,5,2,1,2
270851,270853,3,1,1,1
270859,270862,4,1,2,1
270863,270864,2,1,0,1
270874,270876,3,1,1,1
270880,270881,2,1,0,1
270882,270885,4,3,0,1
270888,270889,2,1,0,1
270891,270894,4,2,0,2
270901,270902,2,1,0,1
270908,270911,4,1,2,1
270918,270920,3,2,0,1
270922,270924,3,2,0,1
270935,270940,6,2,2,2
270956,270960,5,4,0,1
270961,270964,4,3,0,1
270982,270983,2,1,0,1
270996,270999,4,1,2,1
271005,271006,2,1,0,1
271010,271013,4,1,1,2
271018,271020,3,2,0,1
271025,271028,4,2,1,1
271035,271040,6,2,3,1
271042,271046,5,2,2,1
271047,271048,2,1,0,1
271055,271056,2,1,0,1
271071,271072,2,1,0,1
271079,271088,10,5,4,1
271092,271093,2,1,0,1
271114,271115,2,1,0,1
271119,271120,2,1,0,1
271122,271123,2,1,0,1
271127,271131,5,1,3,1
271140,271142,3,2,0,1
271144,271145,2,1,0,1
271149,271154,6,5,0,1
271164,271165,2,1,0,1
271166,271167,2,1,0,1
271169,271170,2,1,0,1
271178,271179,2,1,0,1
271182,271184,3,2,0,1
271194,271195,2,1,0,1
271205,271206,2,1,0,1
271207,271210,4,1,2,1
271213,271216,4,3,0,1
271218,271219,2,1,0,1
271223,271228,6,4,0,2
271229,271230,2,1,0,1
271240,271242,3,2,0,1
271243,271248,6,1,4,1
271251,271252,2,1,0,1
271261,271264,4,1,1,2
271265,271268,4,2,0,2
271282,271283,2,1,0,1
271286,271290,5,3,1,1
271295,271298,4,1,2,1
271303,271305,3,1,1,1
271308,271311,4,1,2,1
271315,271316,2,1,0,1
271317,271323,7,3,3,1
271342,271343,2,1,0,1
271361,271363,3,2,0,1
271365,271370,6,5,0,1
271376,271378,3,2,0,1
271383,271386,4,1,2,1
271417,271420,4,1,2,1
271436,271437,2,1,0,1
271442,271443,2,1,0,1
271453,271455,3,2,0,1
271458,271461,4,2,0,2
271462,271463,2,1,0,1
271472,271474,3,2,0,1
271477,271480,4,2,1,1
271484,271487,4,3,0,1
271490,271491,2,1,0,1
271494,271500,7,4,2,1
271521,271523,3,2,0,1
271529,271530,2,1,0,1
271535,271539,5,2,2,1
271540,271543,4,3,0,1
271547,271550,4,2,1,1
271553,271561,9,1,7,1
271562,271563,2,1,0,1
271574,271575,2,1,0,1
271578,271579,2,1,0,1
271580,271582,3,2,0,1
271585,271587,3,2,0,1
271593,271595,3,2,0,1
271607,271609,3,1,1,1
271614,271616,3,2,0,1
271629,271633,5,1,0,4
271639,271642,4,3,0,1
271643,271645,3,1,1,1
271649,271651,3,1,0,2
271654,271657,4,1,2,1
271664,271668,5,4,0,1
271669,271671,3,1,1,1
271672,271677,6,4,1,1
271684,271686,3,2,0,1
271687,271690,4,2,1,1
271703,271706,4,3,0,1
271721,271725,5,4,0,1
271741,271745,5,1,2,2
271769,271771,3,1,1,1
271772,271773,2,1,0,1
271785,271786,2,1,0,1
271794,271802,9,4,4,1
271808,271809,2,1,0,1
271810,271811,2,1,0,1
271815,271816,2,1,0,1
271825,271828,4,3,0,1
271836,271837,2,1,0,1
271841,271842,2,1,0,1
271844,271849,6,4,1,1
271861,271862,2,1,0,1
271870,271871,2,1,0,1
271874,271876,3,2,0,1
271883,271885,3,1,1,1
271921,271925,5,3,1,1
271927,271929,3,2,0,1
271935,271938,4,2,1,1
271966,271967,2,1,0,1
271973,271975,3,1,0,2
271986,271987,2,1,0,1
272009,272011,3,1,1,1
272015,272018,4,3,0,1
272028,272030,3,1,0,2
272031,272035,5,1,3,1
272057,272062,6,3,1,2
272071,272076,6,2,3,1
272078,272082,5,1,3,1
272083,272084,2,1,0,1
272088,272090,3,1,1,1
272091,272094,4,3,0,1
272095,272098,4,2,1,1
272100,272102,3,1,1,1
272120,272122,3,1,1,1
272123,272127,5,3,1,1
272130,272135,6,5,0,1
272139,272142,4,1,2,1
272143,272145,3,2,0,1
272150,272152,3,1,1,1
272162,272164,3,1,0,2
272170,272172,3,1,0,2
272189,272190,2,1,0,1
272191,272194,4,2,1,1
272198,272201,4,2,1,1
272202,272204,3,2,0,1
272211,272214,4,1,2,1
272221,272223,3,1,1,1
272236,272239,4,2,1,1
272249,272250,2,1,0,1
272256,272260,5,2,2,1
272267,272269,3,1,1,1
272271,272273,3,1,1,1
272276,272278,3,1,0,2
272290,272292,3,1,1,1
272295,272297,3,1,1,1
272305,272306,2,1,0,1
272307,272308,2,1,0,1
272309,272312,4,3,0,1
272322,272324,3,2,0,1
272329,272333,5,4,0,1
272334,272336,3,2,0,1
272337,272339,3,2,0,1
272343,272348,6,5,0,1
272352,272355,4,1,2,1
272357,272359,3,2,0,1
272381,272383,3,2,0,1
272390,272392,3,1,0,2
272393,272395,3,1,0,2
272403,272404,2,1,0,1
272406,272407,2,1,0,1
272408,272409,2,1,0,1
272418,272419,2,1,0,1
272422,272428,7,1,5,1
272438,272440,3,2,0,1
272443,272445,3,1,0,2
272454,272455,2,1,0,1
272470,272473,4,2,1,1
272494,272496,3,1,1,1
272499,272502,4,2,0,2
272509,272513,5,3,1,1
272525,272527,3,2,0,1
272528,272529,2,1,0,1
272542,272547,6,1,4,1
272565,272572,8,3,4,1
272573,272575,3,1,1,1
272577,272578,2,1,0,1
272582,272586,5,2,2,1
272587,272590,4,2,1,1
272596,272597,2,1,0,1
272603,272604,2,1,0,1
272606,272609,4,1,1,2
272626,272627,2,1,0,1
272628,272631,4,1,2,1
272638,272639,2,1,0,1
272640,272642,3,1,1,1
272658,272662,5,2,2,1
272666,272670,5,4,0,1
272677,272679,3,2,0,1
272684,272685,2,1,0,1
272687,272690,4,2,1,1
272694,272695,2,1,0,1
272699,272701,3,1,0,2
272736,272737,2,1,0,1
272742,272744,3,2,0,1
272745,272749,5,4,0,1
272761,272762,2,1,0,1
272782,272784,3,1,1,1
272794,272798,5,1,3,1
272802,272803,2,1,0,1
272811,272813,3,1,1,1
272820,272823,4,2,0,2
272833,272837,5,4,0,1
272850,272858,9,5,1,3
272866,272871,6,3,2,1
272880,272886,7,2,4,1
272888,272889,2,1,0,1
272892,272894,3,1,1,1
272909,272911,3,2,0,1
272912,272914,3,1,0,2
272917,272922,6,1,4,1
272924,272927,4,3,0,1
272934,272939,6,5,0,1
272946,272953,8,1,5,2
272954,272955,2,1,0,1
272960,272967,8,1,6,1
272968,272969,2,1,0,1
272976,272977,2,1,0,1
272978,272981,4,1,2,1
272983,272984,2,1,0,1
272991,272993,3,2,0,1
273004,273008,5,2,2,1
273022,273025,4,1,1,2
273031,273037,7,5,1,1
273048,273051,4,1,1,2
273059,273062,4,3,0,1
273068,273070,3,1,1,1
273080,273088,9,4,4,1
273107,273109,3,2,0,1
273117,273119,3,2,0,1
273134,273136,3,1,1,1
273148,273149,2,1,0,1
273150,273152,3,2,0,1
273157,273159,3,1,0,2
273160,273161,2,1,0,1
273168,273170,3,2,0,1
273174,273179,6,4,1,1
273190,273195,6,3,2,1
273198,273206,9,2,5,2
273207,273210,4,1,2,1
273247,273255,9,4,4,1
273257,273262,6,1,4,1
273278,273280,3,2,0,1
273288,273292,5,1,3,1
273296,273297,2,1,0,1
273298,273299,2,1,0,1
273303,273306,4,1,2,1
273310,273316,7,4,2,1
273329,273331,3,1,0,2
273332,273335,4,2,1,1
273338,273341,4,3,0,1
273342,273347,6,2,3,1
273348,273350,3,1,1,1
273351,273352,2,1,0,1
273356,273358,3,1,1,1
273362,273366,5,4,0,1
273376,273379,4,3,0,1
273386,273388,3,1,1,1
273395,273398,4,3,0,1
273423,273428,6,2,3,1
273429,273431,3,1,1,1
273438,273439,2,1,0,1
273445,273449,5,2,2,1
273450,273451,2,1,0,1
273452,273456,5,2,2,1
273457,273459,3,1,1,1
273460,273461,2,1,0,1
273462,273465,4,1,0,3
273466,273469,4,2,1,1
273473,273475,3,1,0,2
273477,273479,3,2,0,1
273494,273495,2,1,0,1
273515,273518,4,1,2,1
273520,273521,2,1,0,1
273533,273534,2,1,0,1
273535,273536,2,1,0,1
273541,273544,4,1,1,2
273546,273548,3,1,1,1
273549,273552,4,1,0,3
273557,273559,3,2,0,1
273564,273565,2,1,0,1
273579,273583,5,1,3,1
273585,273587,3,1,1,1
273596,273597,2,1,0,1
273598,273602,5,1,0,4
273611,273614,4,2,1,1
273625,273628,4,3,0,1
273638,273639,2,1,0,1
273640,273642,3,2,0,1
273646,273647,2,1,0,1
273649,273650,2,1,0,1
273662,273665,4,2,0,2
273667,273669,3,2,0,1
273697,273698,2,1,0,1
273714,273716,3,1,1,1
273718,273719,2,1,0,1
273722,273723,2,1,0,1
273732,273733,2,1,0,1
273734,273738,5,1,3,1
273740,273742,3,2,0,1
273749,273750,2,1,0,1
273755,273757,3,1,1,1
273772,273774,3,2,0,1
273775,273778,4,1,2,1
273780,273782,3,1,0,2
273783,273787,5,2,2,1
273796,273798,3,2,0,1
273808,273813,6,3,2,1
273831,273836,6,2,1,3
273842,273843,2,1,0,1
273853,273856,4,3,0,1
273859,273861,3,2,0,1
273862,273863,2,1,0,1
273866,273869,4,3,0,1
273877,273878,2,1,0,1
273881,273883,3,1,1,1
273892,273894,3,1,1,1
273896,273899,4,1,2,1
273900,273901,2,1,0,1
273909,273911,3,1,1,1
273913,273919,7,2,4,1
273932,273934,3,2,0,1
273935,273938,4,2,1,1
273939,273940,2,1,0,1
273957,273959,3,2,0,1
273960,273962,3,1,0,2
273966,273968,3,1,1,1
273977,273980,4,1,2,1
274006,274010,5,3,1,1
274021,274026,6,5,0,1
274033,274036,4,1,2,1
274038,274041,4,1,2,1
274044,274046,3,1,1,1
274057,274059,3,2,0,1
274060,274062,3,1,1,1
274080,274083,4,2,0,2
274090,274092,3,2,0,1
274097,274099,3,2,0,1
274100,274101,2,1,0,1
274110,274112,3,1,1,1
274116,274117,2,1,0,1
274131,274133,3,1,1,1
274136,274138,3,1,1,1
274139,274140,2,1,0,1
274142,274144,3,2,0,1
274145,274147,3,1,1,1
274160,274161,2,1,0,1
274172,274173,2,1,0,1
274179,274183,5,1,3,1
274189,274193,5,2,1,2
274194,274203,10,3,5,2
274204,274205,2,1,0,1
274218,274221,4,1,2,1
274223,274228,6,1,4,1
274230,274234,5,1,3,1
274242,274248,7,3,3,1
274250,274251,2,1,0,1
274254,274258,5,3,0,2
274273,274274,2,1,0,1
274296,274299,4,3,0,1
274303,274305,3,1,0,2
274306,274308,3,1,0,2
274310,274313,4,1,2,1
274318,274322,5,3,1,1
274335,274336,2,1,0,1
274339,274341,3,1,1,1
274344,274349,6,5,0,1
274359,274360,2,1,0,1
274361,274364,4,3,0,1
274382,274385,4,3,0,1
274399,274401,3,1,1,1
274404,274405,2,1,0,1
274406,274408,3,2,0,1
274415,274416,2,1,0,1
274417,274418,2,1,0,1
274433,274435,3,1,1,1
274436,274438,3,1,1,1
274451,274454,4,1,1,2
274457,274459,3,1,1,1
274476,274480,5,3,1,1
274496,274497,2,1,0,1
274513,274517,5,1,2,2
274543,274544,2,1,0,1
274545,274550,6,1,4,1
274557,274559,3,1,1,1
274587,274593,7,3,2,2
274606,274609,4,2,0,2
274619,274621,3,2,0,1
274633,274635,3,1,1,1
274636,274638,3,2,0,1
274641,274644,4,3,0,1
274651,274652,2,1,0,1
274655,274657,3,1,1,1
274658,274661,4,3,0,1
274663,274665,3,1,1,1
274667,274668,2,1,0,1
274677,274682,6,1,4,1
274694,274695,2,1,0,1
274701,274703,3,1,0,2
274711,274712,2,1,0,1
274715,274718,4,2,1,1
274721,274723,3,1,1,1
274729,274732,4,3,0,1
274736,274738,3,2,0,1
274750,274756,7,4,0,3
274759,274761,3,2,0,1
274764,274766,3,2,0,1
274773,274774,2,1,0,1
274795,274797,3,1,1,1
274801,274804,4,1,0,3
274812,274815,4,2,1,1
274816,274820,5,2,1,2
274831,274834,4,1,2,1
274849,274852,4,1,2,1
274857,274860,4,3,0,1
274861,274864,4,1,0,3
274867,274870,4,1,2,1
274873,274874,2,1,0,1
274899,274900,2,1,0,1
274918,274919,2,1,0,1
274923,274926,4,1,2,1
274935,274938,4,2,1,1
274960,274963,4,2,0,2
274969,274972,4,1,1,2
274986,274991,6,4,1,1
274993,274996,4,3,0,1
275007,275010,4,3,0,1
275011,275012,2,1,0,1
275037,275039,3,1,1,1
275044,275047,4,3,0,1
275060,275061,2,1,0,1
275069,275070,2,1,0,1
275074,275078,5,1,3,1
275084,275086,3,1,1,1
275093,275095,3,1,1,1
275098,275101,4,3,0,1
275102,275105,4,3,0,1
275109,275111,3,2,0,1
275130,275132,3,2,0,1
275136,275137,2,1,0,1
275147,275151,5,3,1,1
275160,275167,8,2,1,5
275186,275187,2,1,0,1
275192,275194,3,2,0,1
275202,275204,3,2,0,1
275225,275231,7,1,5,1
275236,275237,2,1,0,1
275242,275246,5,1,3,1
275249,275251,3,2,0,1
275263,275265,3,2,0,1
275272,275273,2,1,0,1
275277,275279,3,1,0,2
275288,275292,5,3,0,2
275297,275298,2,1,0,1
275306,275307,2,1,0,1
275324,275325,2,1,0,1
275328,275334,7,4,2,1
275343,275344,2,1,0,1
275346,275349,4,2,1,1
275354,275358,5,3,1,1
275370,275377,8,2,5,1
275411,275413,3,2,0,1
275428,275429,2,1,0,1
275431,275435,5,4,0,1
275436,275440,5,1,3,1
275441,275442,2,1,0,1
275462,275463,2,1,0,1
275464,275466,3,1,1,1
275478,275479,2,1,0,1
275482,275487,6,4,1,1
275492,275493,2,1,0,1
275518,275519,2,1,0,1
275527,275531,5,1,3,1
275534,275535,2,1,0,1
275567,275568,2,1,0,1
275572,275577,6,2,3,1
275582,275585,4,2,1,1
275588,275589,2,1,0,1
275593,275594,2,1,0,1
275599,275600,2,1,0,1
275608,275609,2,1,0,1
275610,275612,3,1,1,1
275613,275616,4,3,0,1
275629,275632,4,2,0,2
275651,275655,5,2,1,2
275663,275668,6,1,3,2
275700,275705,6,1,4,1
275713,275714,2,1,0,1
275723,275725,3,2,0,1
275732,275735,4,3,0,1
275744,275745,2,1,0,1
275753,275757,5,3,0,2
275758,275760,3,1,1,1
275761,275764,4,3,0,1
275767,275769,3,2,0,1
275779,275780,2,1,0,1
275785,275790,6,3,2,1
275791,275795,5,1,3,1
275797,275799,3,1,1,1
275808,275810,3,1,1,1
275811,275814,4,3,0,1
275819,275821,3,1,0,2
275822,275827,6,3,1,2
275828,275832,5,2,2,1
275836,275838,3,1,1,1
275845,275849,5,2,1,2
275850,275853,4,2,1,1
275857,275859,3,2,0,1
275874,275875,2,1,0,1
275878,275881,4,1,1,2
275882,275887,6,3,1,2
275893,275895,3,1,1,1
275902,275904,3,2,0,1
275906,275912,7,2,4,1
275917,275919,3,1,0,2
275952,275955,4,2,0,2
275962,275966,5,3,1,1
275976,275977,2,1,0,1
275979,275980,2,1,0,1
275997,276000,4,3,0,1
276009,276010,2,1,0,1
276029,276033,5,2,2,1
276065,276069,5,2,2,1
276074,276075,2,1,0,1
276076,276079,4,3,0,1
276088,276091,4,1,2,1
276094,276096,3,2,0,1
276098,276101,4,2,1,1
276107,276108,2,1,0,1
276123,276127,5,3,1,1
276150,276152,3,1,1,1
276168,276171,4,2,0,2
276172,276177,6,2,3,1
276181,276184,4,1,2,1
276187,276191,5,3,1,1
276192,276193,2,1,0,1
276197,276202,6,1,4,1
276207,276212,6,5,0,1
276219,276223,5,2,0,3
276224,276225,2,1,0,1
276226,276228,3,1,1,1
276231,276234,4,1,2,1
276239,276243,5,1,0,4
276256,276261,6,3,1,2
276266,276268,3,1,1,1
276290,276295,6,5,0,1
276305,276307,3,2,0,1
276333,276338,6,4,1,1
276342,276346,5,3,1,1
276355,276357,3,2,0,1
276358,276362,5,3,1,1
276366,276369,4,3,0,1
276372,276374,3,2,0,1
276384,276385,2,1,0,1
276386,276390,5,1,0,4
276397,276399,3,2,0,1
276400,276402,3,1,1,1
276404,276406,3,2,0,1
276412,276413,2,1,0,1
276416,276419,4,1,2,1
276423,276424,2,1,0,1
276427,276432,6,1,3,2
276440,276441,2,1,0,1
276444,276449,6,2,3,1
276455,276461,7,4,2,1
276465,276466,2,1,0,1
276467,276470,4,1,1,2
276474,276479,6,2,3,1
276481,276482,2,1,0,1
276483,276484,2,1,0,1
276490,276493,4,1,2,1
276502,276505,4,2,1,1
276533,276535,3,1,1,1
276536,276539,4,1,2,1
276550,276552,3,2,0,1
276576,276578,3,1,1,1
276588,276590,3,2,0,1
276594,276595,2,1,0,1
276597,276600,4,1,2,1
276611,276612,2,1,0,1
276622,276624,3,1,0,2
276630,276632,3,2,0,1
276643,276644,2,1,0,1
276645,276647,3,2,0,1
276657,276659,3,1,0,2
276664,276667,4,3,0,1
276684,276685,2,1,0,1
276691,276693,3,1,1,1
276694,276695,2,1,0,1
276709,276711,3,2,0,1
276716,276717,2,1,0,1
276728,276729,2,1,0,1
276730,276731,2,1,0,1
276733,276738,6,4,0,2
276740,276742,3,2,0,1
276743,276744,2,1,0,1
276747,276752,6,2,3,1
276765,276767,3,1,1,1
276778,276780,3,1,1,1
276782,276785,4,1,2,1
276786,276789,4,1,2,1
276790,276794,5,4,0,1
276796,276800,5,3,0,2
276803,276805,3,1,0,2
276830,276832,3,1,1,1
276834,276836,3,2,0,1
276847,276849,3,1,1,1
276858,276859,2,1,0,1
276866,276867,2,1,0,1
276884,276890,7,3,2,2
276899,276904,6,3,1,2
276906,276911,6,5,0,1
276915,276920,6,1,4,1
276922,276925,4,1,2,1
276934,276939,6,2,3,1
276941,276944,4,1,0,3
276946,276951,6,1,2,3
276965,276966,2,1,0,1
276972,276976,5,2,1,2
276987,276988,2,1,0,1
276996,276999,4,3,0,1
277013,277014,2,1,0,1
277022,277023,2,1,0,1
277032,277034,3,1,0,2
277052,277055,4,2,1,1
277059,277062,4,3,0,1
277064,277068,5,1,2,2
277069,277072,4,3,0,1
277085,277090,6,5,0,1
277092,277093,2,1,0,1
277096,277097,2,1,0,1
277105,277108,4,2,0,2
277109,277112,4,2,1,1
277113,277115,3,2,0,1
277116,277119,4,2,1,1
277130,277135,6,3,2,1
277142,277143,2,1,0,1
277156,277157,2,1,0,1
277158,277161,4,2,0,2
277168,277169,2,1,0,1
277170,277173,4,3,0,1
277175,277176,2,1,0,1
277177,277179,3,2,0,1
277186,277189,4,1,1,2
277190,277191,2,1,0,1
277197,277199,3,1,1,1
277215,277218,4,3,0,1
277221,277223,3,1,1,1
277227,277232,6,5,0,1
277234,277235,2,1,0,1
277236,277238,3,2,0,1
277242,277245,4,1,2,1
277246,277250,5,3,1,1
277256,277261,6,1,4,1
277278,277283,6,5,0,1
277289,277290,2,1,0,1
277299,277300,2,1,0,1
277316,277319,4,2,0,2
277329,277330,2,1,0,1
277332,277334,3,1,1,1
277336,277337,2,1,0,1
277339,277341,3,2,0,1
277342,277344,3,1,1,1
277354,277357,4,1,2,1
277361,277362,2,1,0,1
277371,277372,2,1,0,1
277376,277380,5,2,2,1
277381,277387,7,3,3,1
277389,277391,3,2,0,1
277395,277397,3,1,0,2
277409,277410,2,1,0,1
277421,277425,5,2,2,1
277431,277434,4,2,1,1
277443,277444,2,1,0,1
277480,277482,3,1,1,1
277495,277499,5,2,1,2
277514,277516,3,1,1,1
277517,277518,2,1,0,1
277519,277521,3,2,0,1
277541,277542,2,1,0,1
277554,277556,3,1,0,2
277559,277560,2,1,0,1
277571,277572,2,1,0,1
277582,277587,6,5,0,1
277588,277591,4,2,1,1
277594,277596,3,1,1,1
277617,277619,3,1,0,2
277624,277627,4,3,0,1
277628,277629,2,1,0,1
277631,277635,5,3,1,1
277636,277640,5,3,1,1
277641,277642,2,1,0,1
277645,277646,2,1,0,1
277647,277649,3,2,0,1
277651,277653,3,2,0,1
277661,277664,4,3,0,1
277667,277671,5,3,1,1
277683,277685,3,2,0,1
277694,277697,4,3,0,1
277710,277714,5,3,1,1
277718,277722,5,3,0,2
277726,277728,3,2,0,1
277760,277762,3,2,0,1
277774,277777,4,2,1,1
277782,277786,5,1,3,1
277802,277806,5,3,1,1
277811,277812,2,1,0,1
277813,277814,2,1,0,1
277822,277824,3,2,0,1
277830,277834,5,3,1,1
277838,277842,5,3,1,1
277846,277847,2,1,0,1
277855,277856,2,1,0,1
277868,277871,4,1,2,1
277879,277881,3,2,0,1
277882,277883,2,1,0,1
277884,277885,2,1,0,1
277886,277889,4,2,0,2
277890,277895,6,1,4,1
277911,277915,5,4,0,1
277916,277919,4,2,1,1
277925,277926,2,1,0,1
277929,277932,4,2,0,2
277936,277938,3,2,0,1
277941,277944,4,2,1,1
277945,277947,3,1,1,1
277952,277958,7,3,2,2
277963,277964,2,1,0,1
277967,277969,3,2,0,1
277970,277972,3,1,1,1
277989,277990,2,1,0,1
277997,277999,3,1,1,1
278002,278005,4,3,0,1
278017,278018,2,1,0,1
278039,278043,5,4,0,1
278047,278052,6,4,1,1
278054,278059,6,2,3,1
278065,278067,3,1,1,1
278069,278071,3,1,1,1
278096,278097,2,1,0,1
278098,278099,2,1,0,1
278114,278115,2,1,0,1
278128,278129,2,1,0,1
278135,278136,2,1,0,1
278144,278146,3,2,0,1
278148,278149,2,1,0,1
278163,278171,9,3,3,3
278179,278181,3,1,1,1
278195,278196,2,1,0,1
278197,278199,3,2,0,1
278202,278203,2,1,0,1
278207,278208,2,1,0,1
278209,278213,5,4,0,1
278243,278246,4,2,1,1
278249,278251,3,2,0,1
278260,278264,5,4,0,1
278268,278269,2,1,0,1
278271,278272,2,1,0,1
278279,278287,9,1,7,1
278303,278304,2,1,0,1
278306,278308,3,2,0,1
278310,278313,4,3,0,1
278316,278317,2,1,0,1
278319,278320,2,1,0,1
278325,278326,2,1,0,1
278330,278332,3,2,0,1
278338,278339,2,1,0,1
278342,278343,2,1,0,1
278347,278348,2,1,0,1
278349,278352,4,3,0,1
278357,278360,4,1,2,1
278366,278370,5,1,3,1
278373,278374,2,1,0,1
278379,278381,3,1,0,2
278385,278389,5,2,2,1
278405,278409,5,3,1,1
278434,278438,5,2,2,1
278447,278449,3,1,0,2
278466,278469,4,1,1,2
278472,278474,3,2,0,1
278484,278485,2,1,0,1
278486,278488,3,2,0,1
278490,278493,4,2,1,1
278495,278496,2,1,0,1
278502,278505,4,2,0,2
278511,278516,6,1,4,1
278520,278523,4,3,0,1
278533,278534,2,1,0,1
278537,278539,3,1,1,1
278543,278547,5,2,2,1
278550,278555,6,1,4,1
278560,278563,4,1,2,1
278580,278581,2,1,0,1
278586,278587,2,1,0,1
278589,278591,3,2,0,1
278600,278603,4,2,1,1
278604,278605,2,1,0,1
278606,278610,5,3,1,1
278637,278639,3,1,1,1
278642,278643,2,1,0,1
278645,278646,2,1,0,1
278647,278650,4,1,2,1
278659,278660,2,1,0,1
278661,278666,6,3,2,1
278667,278670,4,2,1,1
278684,278689,6,3,0,3
278694,278698,5,3,0,2
278699,278701,3,1,1,1
278713,278717,5,4,0,1
278719,278723,5,1,3,1
278730,278731,2,1,0,1
278733,278737,5,3,1,1
278745,278746,2,1,0,1
278751,278753,3,2,0,1
278756,278759,4,3,0,1
278760,278762,3,1,1,1
278777,278779,3,1,1,1
278780,278782,3,2,0,1
278785,278786,2,1,0,1
278789,278792,4,1,2,1
278795,278797,3,1,1,1
278798,278799,2,1,0,1
278805,278806,2,1,0,1
278809,278811,3,1,0,2
278815,278819,5,2,2,1
278820,278822,3,1,1,1
278825,278828,4,2,1,1
278831,278835,5,2,2,1
278836,278837,2,1,0,1
278841,278843,3,1,1,1
278853,278854,2,1,0,1
278856,278861,6,1,4,1
278862,278863,2,1,0,1
278873,278875,3,2,0,1
278885,278887,3,1,1,1
278889,278890,2,1,0,1
278895,278905,11,2,8,1
278906,278907,2,1,0,1
278908,278912,5,1,2,2
278934,278935,2,1,0,1
278941,278945,5,2,1,2
278946,278947,2,1,0,1
278951,278953,3,1,1,1
278956,278958,3,1,1,1
278970,278971,2,1,0,1
278972,278975,4,3,0,1
278981,278982,2,1,0,1
278988,278989,2,1,0,1
278990,278995,6,2,3,1
279000,279001,2,1,0,1
279003,279006,4,3,0,1
279007,279010,4,2,1,1
279011,279014,4,3,0,1
279018,279019,2,1,0,1
279024,279028,5,1,3,1
279031,279034,4,1,1,2
279042,279047,6,1,3,2
279057,279061,5,3,1,1
279071,279073,3,1,1,1
279077,279080,4,1,2,1
279082,279085,4,1,2,1
279099,279100,2,1,0,1
279117,279119,3,1,1,1
279126,279129,4,1,2,1
279135,279137,3,1,1,1
279145,279146,2,1,0,1
279150,279154,5,3,1,1
279155,279158,4,2,1,1
279160,279162,3,1,1,1
279163,279164,2,1,0,1
279171,279172,2,1,0,1
279190,279192,3,2,0,1
279193,279195,3,1,0,2
279204,279205,2,1,0,1
279208,279217,10,4,5,1
279222,279223,2,1,0,1
279227,279229,3,2,0,1
279236,279238,3,1,0,2
279239,279241,3,2,0,1
279258,279261,4,1,0,3
279296,279298,3,2,0,1
279318,279319,2,1,0,1
279332,279334,3,2,0,1
279348,279350,3,2,0,1
279354,279355,2,1,0,1
279361,279363,3,1,1,1
279365,279368,4,1,1,2
279370,279372,3,1,1,1
279377,279381,5,1,3,1
279426,279427,2,1,0,1
279574,279579,6,5,0,1
279585,279586,2,1,0,1
279627,279631,5,1,3,1
279714,279719,6,1,3,2
279890,279893,4,1,2,1
279899,279902,4,3,0,1
279927,279929,3,1,1,1
279972,279977,6,5,0,1
280006,280010,5,1,3,1
280044,280045,2,1,0,1
280113,280115,3,1,1,1
280124,280127,4,2,1,1
280128,280134,7,3,3,1
280182,280184,3,1,1,1
280209,280210,2,1,0,1
280216,280218,3,2,0,1
280248,280250,3,1,1,1
280266,280269,4,3,0,1
280273,280274,2,1,0,1
280400,280403,4,1,2,1
280415,280418,4,3,0,1
280419,280420,2,1,0,1
280436,280437,2,1,0,1
280450,280456,7,5,1,1
280474,280476,3,1,1,1
280492,280496,5,4,0,1
280531,280532,2,1,0,1
280778,280781,4,3,0,1
280816,280817,2,1,0,1
280835,280836,2,1,0,1
280853,280854,2,1,0,1
280864,280865,2,1,0,1
280878,280880,3,2,0,1
281016,281018,3,2,0,1
281023,281028,6,5,0,1
281066,281067,2,1,0,1
281176,281183,8,3,4,1
281184,281185,2,1,0,1
281209,281214,6,5,0,1
281222,281224,3,1,1,1
281245,281247,3,2,0,1
281311,281317,7,4,2,1
281357,281360,4,1,2,1
281376,281377,2,1,0,1
281380,281383,4,3,0,1
281476,281481,6,3,2,1
281503,281506,4,3,0,1
281520,281526,7,5,1,1
281548,281551,4,2,1,1
281642,281648,7,2,4,1
281717,281722,6,3,2,1
281731,281732,2,1,0,1
281734,281740,7,5,1,1
281813,281815,3,1,1,1
281835,281837,3,2,0,1
281863,281864,2,1,0,1
281897,281901,5,4,0,1
281946,281949,4,3,0,1
281973,281974,2,1,0,1
281979,281986,8,5,2,1
281987,281988,2,1,0,1
282094,282096,3,1,1,1
282126,282128,3,2,0,1
282162,282163,2,1,0,1
282169,282170,2,1,0,1
282171,282176,6,1,4,1
282211,282214,4,1,2,1
282228,282232,5,2,2,1
282293,282295,3,2,0,1
282317,282319,3,2,0,1
282353,282360,8,5,2,1
282373,282375,3,1,1,1
282393,282395,3,2,0,1
282419,282422,4,1,2,1
282423,282424,2,1,0,1
282433,282438,6,3,2,1
282487,282489,3,2,0,1
282535,282537,3,2,0,1
282542,282543,2,1,0,1
282563,282568,6,5,0,1
282587,282588,2,1,0,1
282598,282600,3,2,0,1
282627,282630,4,2,1,1
282680,282681,2,1,0,1
282730,282733,4,3,0,1
282786,282788,3,2,0,1
282796,282801,6,4,1,1
282804,282806,3,2,0,1
282910,282912,3,1,1,1
282962,282966,5,1,3,1
282994,282997,4,2,1,1
283003,283004,2,1,0,1
283055,283060,6,5,0,1
283236,283238,3,2,0,1
283289,283292,4,1,2,1
283298,283299,2,1,0,1
283321,283322,2,1,0,1
283326,283331,6,5,0,1
283355,283358,4,3,0,1
283377,283379,3,1,1,1
283421,283427,7,2,4,1
283453,283457,5,4,0,1
283497,283499,3,1,1,1
283540,283542,3,1,1,1
283544,283548,5,4,0,1
283561,283567,7,3,3,1
283693,283695,3,1,1,1
283779,283781,3,2,0,1
283786,283789,4,3,0,1
283798,283800,3,2,0,1
283840,283845,6,5,0,1
283892,283893,2,1,0,1
283921,283927,7,5,1,1
283929,283932,4,2,1,1
283961,283966,6,4,1,1
283998,283999,2,1,0,1
284006,284012,7,5,0,2
284047,284048,2,1,0,1
284068,284072,5,1,3,1
284081,284085,5,2,2,1
284131,284133,3,2,0,1
284184,284187,4,2,1,1
284192,284197,6,5,0,1
284199,284202,4,3,0,1
284210,284211,2,1,0,1
284220,284225,6,5,0,1
284228,284234,7,5,1,1
284235,284237,3,2,0,1
284263,284265,3,1,1,1
284285,284289,5,4,0,1
284303,284309,7,2,4,1
284311,284313,3,1,1,1
284314,284320,7,3,3,1
284352,284355,4,1,2,1
284356,284361,6,5,0,1
284373,284375,3,2,0,1
284403,284405,3,2,0,1
284408,284411,4,1,2,1
284420,284422,3,1,1,1
284436,284441,6,3,2,1
284444,284449,6,5,0,1
284461,284463,3,1,1,1
284465,284470,6,5,0,1
284494,284496,3,2,0,1
284583,284587,5,4,0,1
284605,284607,3,1,1,1
284615,284620,6,5,0,1
284621,284623,3,1,1,1
284658,284662,5,4,0,1
284687,284692,6,5,0,1
284719,284722,4,2,1,1
284732,284735,4,3,0,1
284736,284740,5,4,0,1
284755,284759,5,2,2,1
284808,284811,4,3,0,1
284825,284827,3,2,0,1
284859,284861,3,2,0,1
284884,284889,6,5,0,1
284894,284897,4,1,2,1
284934,284936,3,2,0,1
284961,284963,3,1,1,1
284974,284979,6,5,0,1
284986,284993,8,5,2,1
285002,285007,6,5,0,1
285012,285014,3,1,1,1
285018,285019,2,1,0,1
285024,285029,6,5,0,1
285034,285037,4,3,0,1
285040,285041,2,1,0,1
285059,285061,3,1,1,1
285072,285075,4,3,0,1
285086,285090,5,1,3,1
285110,285115,6,4,1,1
285132,285134,3,2,0,1
285148,285151,4,3,0,1
285167,285169,3,1,1,1
285198,285200,3,1,1,1
285219,285223,5,2,2,1
285241,285242,2,1,0,1
285249,285251,3,2,0,1
285278,285280,3,2,0,1
285308,285309,2,1,0,1
285316,285321,6,5,0,1
285451,285454,4,2,0,2
285457,285461,5,1,2,2
285466,285470,5,2,2,1
285484,285489,6,3,2,1
285491,285492,2,1,0,1
285494,285497,4,2,1,1
285514,285516,3,1,0,2
285544,285545,2,1,0,1
285546,285552,7,2,4,1
285566,285569,4,3,0,1
285570,285575,6,1,4,1
285582,285583,2,1,0,1
285603,285604,2,1,0,1
285618,285621,4,3,0,1
285634,285635,2,1,0,1
285654,285658,5,2,2,1
285689,285696,8,5,2,1
285723,285725,3,1,1,1
285741,285742,2,1,0,1
285763,285764,2,1,0,1
285770,285771,2,1,0,1
285796,285799,4,2,0,2
285825,285827,3,2,0,1
285828,285829,2,1,0,1
285851,285854,4,2,1,1
285858,285861,4,2,1,1
285879,285880,2,1,0,1
285903,285905,3,2,0,1
285906,285913,8,1,6,1
285916,285917,2,1,0,1
285992,285993,2,1,0,1
286017,286018,2,1,0,1
286042,286046,5,2,2,1
286085,286087,3,2,0,1
286096,286101,6,3,2,1
286109,286111,3,1,1,1
286118,286120,3,2,0,1
286122,286125,4,2,0,2
286130,286132,3,1,0,2
286152,286157,6,1,4,1
286167,286168,2,1,0,1
286185,286191,7,4,2,1
286197,286203,7,2,4,1
286204,286208,5,4,0,1
286214,286215,2,1,0,1
286225,286226,2,1,0,1
286252,286258,7,5,1,1
286276,286277,2,1,0,1
286298,286301,4,3,0,1
286336,286338,3,2,0,1
286339,286343,5,2,2,1
286413,286415,3,1,1,1
286435,286441,7,2,4,1
286446,286447,2,1,0,1
286451,286454,4,3,0,1
286460,286462,3,2,0,1
286463,286464,2,1,0,1
286471,286472,2,1,0,1
286506,286508,3,1,1,1
286523,286524,2,1,0,1
286538,286545,8,5,2,1
286573,286574,2,1,0,1
286582,286584,3,1,1,1
286585,286587,3,1,1,1
286606,286609,4,2,0,2
286623,286628,6,2,3,1
286667,286670,4,3,0,1
286680,286683,4,2,0,2
286706,286712,7,5,1,1
286720,286721,2,1,0,1
286740,286742,3,2,0,1
286743,286744,2,1,0,1
286764,286766,3,1,1,1
286774,286777,4,2,1,1
286799,286802,4,3,0,1
286818,286819,2,1,0,1
286837,286839,3,2,0,1
286840,286842,3,1,1,1
286843,286845,3,2,0,1
286860,286861,2,1,0,1
286864,286867,4,1,1,2
286874,286877,4,2,1,1
286880,286881,2,1,0,1
286882,286883,2,1,0,1
286888,286890,3,1,1,1
286969,286971,3,1,0,2
286993,286995,3,1,1,1
287000,287001,2,1,0,1
287034,287035,2,1,0,1
287061,287063,3,1,1,1
287066,287071,6,5,0,1
287081,287085,5,3,1,1
287112,287114,3,2,0,1
287116,287117,2,1,0,1
287119,287124,6,5,0,1
287170,287175,6,5,0,1
287219,287224,6,5,0,1
287231,287232,2,1,0,1
287233,287234,2,1,0,1
287276,287278,3,2,0,1
287315,287319,5,3,1,1
287322,287323,2,1,0,1
287336,287337,2,1,0,1
287356,287359,4,2,1,1
287406,287407,2,1,0,1
287410,287415,6,5,0,1
287470,287472,3,1,1,1
287493,287495,3,1,0,2
287509,287515,7,4,2,1
287523,287526,4,2,1,1
287547,287552,6,4,1,1
287588,287589,2,1,0,1
287593,287595,3,1,1,1
287614,287615,2,1,0,1
287618,287620,3,1,1,1
287645,287646,2,1,0,1
287651,287652,2,1,0,1
287653,287656,4,3,0,1
287659,287661,3,1,1,1
287685,287687,3,1,1,1
287692,287693,2,1,0,1
287725,287728,4,1,2,1
287760,287763,4,3,0,1
287802,287807,6,5,0,1
287808,287810,3,2,0,1
287814,287816,3,1,1,1
287819,287821,3,2,0,1
287825,287831,7,2,3,2
287841,287847,7,4,2,1
287869,287874,6,3,2,1
287876,287877,2,1,0,1
287891,287893,3,2,0,1
287896,287898,3,2,0,1
287909,287915,7,5,0,2
287921,287926,6,4,1,1
287940,287941,2,1,0,1
287962,287964,3,2,0,1
287969,287972,4,1,2,1
287983,287986,4,2,1,1
287993,288000,8,5,2,1
288035,288039,5,2,2,1
288067,288070,4,2,1,1
288079,288082,4,1,2,1
288094,288099,6,5,0,1
288120,288125,6,5,0,1
288162,288163,2,1,0,1
288170,288171,2,1,0,1
288177,288180,4,2,1,1
288184,288187,4,2,1,1
288192,288196,5,3,1,1
288205,288211,7,4,2,1
288216,288218,3,2,0,1
288278,288279,2,1,0,1
288318,288320,3,2,0,1
288328,288330,3,1,1,1
288341,288342,2,1,0,1
288360,288361,2,1,0,1
288362,288365,4,2,1,1
288367,288377,11,5,5,1
288392,288396,5,4,0,1
288419,288423,5,4,0,1
288433,288436,4,2,1,1
288451,288452,2,1,0,1
288470,288472,3,1,1,1
288485,288487,3,1,1,1
288490,288492,3,2,0,1
288502,288504,3,1,0,2
288586,288592,7,5,0,2
288599,288600,2,1,0,1
288606,288609,4,2,1,1
288613,288617,5,3,1,1
288658,288662,5,2,2,1
288707,288711,5,3,1,1
288733,288735,3,1,1,1
288763,288764,2,1,0,1
288765,288766,2,1,0,1
288777,288778,2,1,0,1
288804,288808,5,3,0,2
288810,288814,5,4,0,1
288821,288825,5,3,1,1
288826,288829,4,2,1,1
288833,288834,2,1,0,1
288836,288842,7,5,1,1
288849,288852,4,3,0,1
288861,288865,5,3,0,2
288873,288877,5,1,2,2
288896,288898,3,1,1,1
288899,288903,5,1,3,1
288904,288905,2,1,0,1
288910,288918,9,1,7,1
288924,288927,4,3,0,1
288939,288941,3,1,1,1
288949,288950,2,1,0,1
288961,288965,5,1,3,1
288968,288972,5,1,3,1
288976,288980,5,3,0,2
288985,288987,3,1,0,2
288988,288991,4,1,0,3
288994,288997,4,1,2,1
289009,289010,2,1,0,1
289023,289025,3,2,0,1
289032,289035,4,1,2,1
289049,289050,2,1,0,1
289059,289067,9,1,7,1
289074,289077,4,1,2,1
289080,289081,2,1,0,1
289096,289098,3,1,1,1
289116,289127,12,2,7,3
289143,289146,4,1,0,3
289147,289149,3,1,1,1
289151,289153,3,2,0,1
289158,289160,3,1,1,1
289175,289180,6,2,3,1
289187,289188,2,1,0,1
289209,289213,5,2,2,1
289224,289225,2,1,0,1
289262,289264,3,2,0,1
289266,289268,3,1,1,1
289280,289281,2,1,0,1
289290,289292,3,1,1,1
289295,289299,5,2,2,1
289309,289311,3,2,0,1
289324,289325,2,1,0,1
289343,289344,2,1,0,1
289346,289351,6,1,1,4
289356,289364,9,1,7,1
289371,289372,2,1,0,1
289375,289376,2,1,0,1
289377,289380,4,1,2,1
289381,289382,2,1,0,1
289391,289394,4,1,2,1
289407,289409,3,1,0,2
289417,289422,6,1,1,4
289443,289448,6,2,2,2
289449,289450,2,1,0,1
289472,289476,5,3,1,1
289485,289487,3,1,0,2
289493,289495,3,1,1,1
289528,289531,4,3,0,1
289540,289541,2,1,0,1
289552,289554,3,1,1,1
289562,289563,2,1,0,1
289567,289568,2,1,0,1
289573,289574,2,1,0,1
289575,289577,3,1,1,1
289584,289585,2,1,0,1
289587,289592,6,2,3,1
289609,289610,2,1,0,1
289615,289616,2,1,0,1
289630,289637,8,1,5,2
289639,289640,2,1,0,1
289666,289669,4,1,2,1
289674,289676,3,1,1,1
289710,289712,3,1,0,2
289716,289717,2,1,0,1
289721,289723,3,2,0,1
289732,289735,4,1,2,1
289736,289738,3,1,1,1
289742,289745,4,2,1,1
289746,289748,3,1,0,2
289752,289757,6,1,4,1
289767,289768,2,1,0,1
289772,289774,3,1,1,1
289789,289794,6,3,2,1
289825,289826,2,1,0,1
289827,289829,3,1,1,1
289834,289836,3,1,1,1
289849,289851,3,1,1,1
289855,289857,3,1,1,1
289866,289869,4,1,2,1
289870,289872,3,2,0,1
289877,289879,3,2,0,1
289890,289891,2,1,0,1
289902,289903,2,1,0,1
289917,289918,2,1,0,1
289925,289927,3,1,1,1
289934,289935,2,1,0,1
289938,289940,3,2,0,1
289941,289943,3,2,0,1
289961,289963,3,1,1,1
289977,289981,5,1,3,1
289983,289986,4,1,1,2
290001,290005,5,1,2,2
290010,290012,3,1,0,2
290026,290028,3,1,0,2
290030,290031,2,1,0,1
290051,290052,2,1,0,1
290054,290059,6,1,3,2
290060,290061,2,1,0,1
290102,290103,2,1,0,1
290111,290112,2,1,0,1
290122,290123,2,1,0,1
290127,290129,3,2,0,1
290134,290136,3,1,0,2
290145,290148,4,1,0,3
290154,290156,3,1,1,1
290157,290158,2,1,0,1
290159,290160,2,1,0,1
290189,290192,4,2,0,2
290222,290225,4,2,0,2
290226,290231,6,3,1,2
290242,290247,6,1,4,1
290248,290250,3,1,0,2
290259,290263,5,1,3,1
290278,290279,2,1,0,1
290286,290288,3,2,0,1
290293,290296,4,1,1,2
290306,290307,2,1,0,1
290310,290311,2,1,0,1
290312,290313,2,1,0,1
290323,290324,2,1,0,1
290326,290327,2,1,0,1
290328,290330,3,1,1,1
290347,290351,5,1,1,3
290361,290366,6,1,4,1
290379,290380,2,1,0,1
290383,290386,4,3,0,1
290393,290395,3,1,0,2
290414,290420,7,1,4,2
290435,290437,3,1,0,2
290448,290449,2,1,0,1
290456,290458,3,2,0,1
290462,290464,3,1,0,2
290475,290478,4,2,1,1
290481,290485,5,1,3,1
290499,290500,2,1,0,1
290502,290503,2,1,0,1
290506,290508,3,1,0,2
290514,290518,5,2,1,2
290520,290522,3,1,1,1
290526,290527,2,1,0,1
290534,290536,3,1,0,2
290562,290563,2,1,0,1
290564,290567,4,1,1,2
290574,290576,3,1,1,1
290602,290606,5,1,1,3
290607,290610,4,1,1,2
290611,290617,7,1,5,1
290636,290639,4,1,2,1
290646,290650,5,1,2,2
290655,290661,7,1,5,1
290662,290663,2,1,0,1
290667,290670,4,2,0,2
290691,290694,4,1,2,1
290698,290699,2,1,0,1
290714,290718,5,1,2,2
290728,290729,2,1,0,1
290734,290737,4,2,1,1
290745,290748,4,1,2,1
290762,290764,3,1,1,1
290766,290769,4,2,1,1
290782,290787,6,1,4,1
290791,290792,2,1,0,1
290803,290805,3,2,0,1
290806,290807,2,1,0,1
290816,290819,4,1,2,1
290822,290825,4,1,2,1
290828,290831,4,2,1,1
290842,290843,2,1,0,1
290847,290850,4,2,1,1
290851,290853,3,1,0,2
290864,290867,4,1,0,3
290870,290872,3,2,0,1
290884,290888,5,1,2,2
290918,290919,2,1,0,1
290920,290922,3,1,0,2
290927,290930,4,1,0,3
290937,290938,2,1,0,1
290944,290946,3,1,0,2
290947,290951,5,1,3,1
290957,290962,6,1,4,1
290986,290987,2,1,0,1
290991,290994,4,1,2,1
290999,291002,4,1,1,2
291023,291026,4,1,0,3
291037,291038,2,1,0,1
291046,291048,3,1,0,2
291055,291060,6,1,1,4
291061,291062,2,1,0,1
291078,291080,3,2,0,1
291095,291096,2,1,0,1
291107,291109,3,1,0,2
291110,291111,2,1,0,1
291149,291150,2,1,0,1
291151,291154,4,1,1,2
291168,291170,3,1,0,2
291178,291180,3,1,1,1
291203,291207,5,1,3,1
291214,291215,2,1,0,1
291236,291239,4,2,0,2
291242,291243,2,1,0,1
291246,291247,2,1,0,1
291251,291257,7,1,5,1
291267,291273,7,1,4,2
291276,291281,6,1,3,2
291283,291285,3,1,1,1
291291,291296,6,1,4,1
291299,291301,3,1,1,1
291312,291314,3,1,1,1
291341,291344,4,1,0,3
291359,291361,3,2,0,1
291371,291372,2,1,0,1
291381,291383,3,1,0,2
291415,291416,2,1,0,1
291417,291421,5,1,3,1
291426,291427,2,1,0,1
291436,291442,7,1,5,1
291454,291458,5,1,3,1
291461,291464,4,1,1,2
291493,291494,2,1,0,1
291502,291505,4,1,2,1
291509,291510,2,1,0,1
291511,291512,2,1,0,1
291518,291520,3,1,0,2
291528,291529,2,1,0,1
291542,291544,3,1,1,1
291554,291556,3,1,1,1
291559,291562,4,1,1,2
291568,291569,2,1,0,1
291570,291571,2,1,0,1
291584,291587,4,1,2,1
291599,291601,3,1,1,1
291603,291604,2,1,0,1
291608,291610,3,1,1,1
291649,291650,2,1,0,1
291651,291653,3,1,1,1
291656,291659,4,1,1,2
291689,291690,2,1,0,1
291691,291693,3,1,1,1
291722,291724,3,1,1,1
291737,291739,3,1,1,1
291741,291742,2,1,0,1
291755,291756,2,1,0,1
291769,291772,4,3,0,1
291776,291777,2,1,0,1
291788,291790,3,1,1,1
291794,291797,4,2,1,1
291798,291800,3,1,0,2
291807,291809,3,1,1,1
291812,291814,3,1,1,1
291816,291820,5,1,1,3
291821,291823,3,1,1,1
291837,291840,4,1,1,2
291861,291864,4,1,2,1
291880,291882,3,1,0,2
291890,291894,5,1,2,2
291900,291904,5,1,3,1
291907,291910,4,1,2,1
291918,291924,7,4,2,1
291925,291926,2,1,0,1
291940,291943,4,1,2,1
291963,291966,4,1,2,1
291972,291977,6,2,0,4
291978,291984,7,1,3,3
291986,291987,2,1,0,1
291999,292001,3,1,0,2
292006,292009,4,1,1,2
292032,292036,5,1,1,3
292038,292039,2,1,0,1
292055,292056,2,1,0,1
292084,292086,3,2,0,1
292096,292097,2,1,0,1
292106,292108,3,1,1,1
292112,292113,2,1,0,1
292114,292119,6,2,3,1
292124,292125,2,1,0,1
292132,292137,6,2,3,1
292138,292139,2,1,0,1
292173,292174,2,1,0,1
292180,292183,4,2,1,1
292186,292189,4,2,0,2
292199,292204,6,1,1,4
292215,292216,2,1,0,1
292218,292221,4,1,1,2
292231,292233,3,1,1,1
292250,292253,4,1,1,2
292266,292268,3,2,0,1
292269,292273,5,1,2,2
292275,292281,7,1,4,2
292288,292291,4,2,1,1
292299,292301,3,1,1,1
292304,292312,9,1,7,1
292318,292319,2,1,0,1
292328,292333,6,2,3,1
292339,292340,2,1,0,1
292349,292350,2,1,0,1
292370,292372,3,1,1,1
292373,292375,3,1,0,2
292378,292381,4,1,2,1
292386,292388,3,2,0,1
292391,292392,2,1,0,1
292400,292402,3,2,0,1
292427,292430,4,2,1,1
292435,292436,2,1,0,1
292443,292448,6,1,3,2
292455,292456,2,1,0,1
292459,292460,2,1,0,1
292472,292475,4,1,2,1
292479,292480,2,1,0,1
292481,292484,4,3,0,1
292487,292488,2,1,0,1
292526,292529,4,2,0,2
292538,292541,4,2,1,1
292561,292563,3,2,0,1
292564,292567,4,1,2,1
292578,292579,2,1,0,1
292586,292587,2,1,0,1
292591,292593,3,1,0,2
292594,292595,2,1,0,1
292605,292607,3,2,0,1
292622,292623,2,1,0,1
292626,292628,3,1,1,1
292683,292684,2,1,0,1
292701,292702,2,1,0,1
292703,292705,3,2,0,1
292712,292713,2,1,0,1
292726,292727,2,1,0,1
292742,292746,5,2,1,2
292752,292757,6,2,2,2
292766,292767,2,1,0,1
292768,292770,3,1,1,1
292782,292786,5,1,3,1
292788,292791,4,1,0,3
292792,292793,2,1,0,1
292796,292800,5,1,1,3
292815,292816,2,1,0,1
292833,292836,4,1,2,1
292840,292843,4,3,0,1
292846,292848,3,1,1,1
292855,292858,4,3,0,1
292871,292872,2,1,0,1
292884,292889,6,1,1,4
292890,292892,3,1,1,1
292902,292903,2,1,0,1
292905,292906,2,1,0,1
292912,292915,4,1,1,2
292927,292931,5,4,0,1
292932,292936,5,2,1,2
292939,292940,2,1,0,1
292943,292944,2,1,0,1
292962,292964,3,1,1,1
292980,292984,5,1,3,1
293007,293008,2,1,0,1
293010,293011,2,1,0,1
293017,293022,6,1,4,1
293023,293024,2,1,0,1
293025,293027,3,1,1,1
293029,293030,2,1,0,1
293031,293033,3,1,1,1
293050,293051,2,1,0,1
293052,293054,3,1,1,1
293068,293070,3,1,0,2
293073,293075,3,1,1,1
293082,293086,5,2,2,1
293101,293104,4,1,2,1
293107,293108,2,1,0,1
293109,293110,2,1,0,1
293118,293120,3,2,0,1
293128,293134,7,4,2,1
293135,293136,2,1,0,1
293156,293158,3,1,1,1
293186,293189,4,2,1,1
293217,293218,2,1,0,1
293219,293220,2,1,0,1
293262,293265,4,1,2,1
293269,293272,4,1,2,1
293274,293275,2,1,0,1
293284,293286,3,1,0,2
293287,293289,3,2,0,1
293296,293298,3,1,0,2
293324,293327,4,3,0,1
293330,293332,3,1,0,2
293342,293343,2,1,0,1
293346,293347,2,1,0,1
293348,293349,2,1,0,1
293350,293351,2,1,0,1
293367,293369,3,2,0,1
293428,293429,2,1,0,1
293443,293447,5,2,1,2
293459,293464,6,2,3,1
293465,293467,3,1,1,1
293468,293472,5,1,3,1
293480,293481,2,1,0,1
293504,293507,4,1,2,1
293515,293519,5,4,0,1
293524,293527,4,1,1,2
293530,293533,4,1,2,1
293542,293543,2,1,0,1
293558,293560,3,1,1,1
293572,293574,3,2,0,1
293576,293578,3,1,1,1
293589,293592,4,1,0,3
293608,293612,5,2,2,1
293615,293617,3,2,0,1
293619,293622,4,2,0,2
293624,293629,6,1,3,2
293645,293648,4,1,2,1
293683,293688,6,1,4,1
293689,293692,4,1,2,1
293695,293697,3,1,0,2
293700,293701,2,1,0,1
293713,293714,2,1,0,1
293735,293737,3,1,1,1
293741,293742,2,1,0,1
293745,293746,2,1,0,1
293753,293756,4,1,1,2
293757,293758,2,1,0,1
293762,293764,3,1,0,2
293769,293770,2,1,0,1
293784,293787,4,2,0,2
293806,293808,3,1,1,1
293815,293819,5,1,3,1
293836,293843,8,3,2,3
293851,293852,2,1,0,1
293853,293854,2,1,0,1
293855,293857,3,1,1,1
293867,293870,4,2,1,1
293871,293872,2,1,0,1
293874,293878,5,1,3,1
293882,293884,3,2,0,1
293902,293904,3,1,0,2
293905,293910,6,1,4,1
293911,293914,4,1,0,3
293918,293920,3,1,1,1
293930,293932,3,1,0,2
293945,293949,5,1,3,1
293952,293953,2,1,0,1
293963,293964,2,1,0,1
293971,293974,4,1,1,2
293978,293980,3,1,1,1
293981,293982,2,1,0,1
293983,293985,3,1,0,2
293987,293989,3,1,1,1
293992,293993,2,1,0,1
294006,294007,2,1,0,1
294012,294014,3,2,0,1
294033,294035,3,1,1,1
294036,294037,2,1,0,1
294038,294039,2,1,0,1
294049,294052,4,1,2,1
294060,294065,6,1,4,1
294076,294078,3,1,1,1
294084,294085,2,1,0,1
294115,294116,2,1,0,1
294117,294119,3,1,1,1
294125,294129,5,3,0,2
294134,294138,5,2,1,2
294141,294142,2,1,0,1
294152,294154,3,2,0,1
294174,294178,5,4,0,1
294183,294190,8,1,6,1
294193,294195,3,1,0,2
294204,294207,4,1,1,2
294216,294219,4,1,2,1
294223,294227,5,1,1,3
294242,294245,4,2,1,1
294247,294248,2,1,0,1
294269,294272,4,3,0,1
294275,294276,2,1,0,1
294284,294287,4,1,1,2
294301,294308,8,1,5,2
294310,294311,2,1,0,1
294330,294335,6,1,1,4
294350,294353,4,1,0,3
294368,294369,2,1,0,1
294371,294372,2,1,0,1
294395,294397,3,2,0,1
294410,294411,2,1,0,1
294415,294419,5,3,1,1
294423,294425,3,2,0,1
294439,294441,3,1,0,2
294442,294449,8,4,3,1
294462,294463,2,1,0,1
294464,294466,3,2,0,1
294490,294491,2,1,0,1
294497,294506,10,1,8,1
294523,294524,2,1,0,1
294526,294529,4,1,1,2
294539,294540,2,1,0,1
294559,294560,2,1,0,1
294568,294573,6,1,3,2
294574,294575,2,1,0,1
294576,294577,2,1,0,1
294585,294587,3,1,1,1
294592,294593,2,1,0,1
294602,294612,11,3,5,3
294613,294615,3,1,1,1
294619,294623,5,1,3,1
294626,294630,5,2,2,1
294632,294634,3,1,0,2
294644,294646,3,2,0,1
294660,294663,4,1,2,1
294664,294665,2,1,0,1
294714,294718,5,1,1,3
294719,294721,3,1,1,1
294732,294734,3,1,1,1
294743,294747,5,1,3,1
294750,294752,3,1,1,1
294757,294758,2,1,0,1
294773,294775,3,1,1,1
294795,294796,2,1,0,1
294815,294816,2,1,0,1
294818,294824,7,1,4,2
294825,294831,7,2,4,1
294841,294845,5,3,1,1
294865,294870,6,1,4,1
294872,294877,6,1,3,2
294910,294912,3,2,0,1
294916,294918,3,1,0,2
294919,294920,2,1,0,1
294955,294957,3,2,0,1
294966,294967,2,1,0,1
294977,294979,3,1,0,2
294990,294991,2,1,0,1
294995,294997,3,1,1,1
295012,295014,3,1,0,2
295024,295026,3,1,0,2
295045,295046,2,1,0,1
295050,295054,5,1,3,1
295058,295061,4,1,2,1
295065,295066,2,1,0,1
295070,295072,3,1,0,2
295082,295084,3,1,1,1
295113,295116,4,2,1,1
295123,295126,4,1,1,2
295141,295142,2,1,0,1
295169,295171,3,1,1,1
295189,295192,4,2,1,1
295196,295198,3,1,0,2
295199,295203,5,1,1,3
295214,295215,2,1,0,1
295221,295223,3,1,1,1
295234,295236,3,2,0,1
295254,295257,4,2,1,1
295264,295265,2,1,0,1
295266,295268,3,1,0,2
295285,295289,5,3,0,2
295296,295301,6,1,4,1
295302,295305,4,2,1,1
295312,295315,4,1,1,2
295327,295329,3,1,1,1
295337,295340,4,2,0,2
295350,295355,6,2,1,3
295374,295378,5,1,0,4
295380,295382,3,1,0,2
295387,295389,3,1,1,1
295408,295412,5,3,1,1
295418,295422,5,2,0,3
295424,295426,3,2,0,1
295432,295434,3,1,0,2
295450,295453,4,1,2,1
295462,295463,2,1,0,1
295467,295471,5,2,1,2
295475,295476,2,1,0,1
295480,295482,3,1,1,1
295494,295495,2,1,0,1
295496,295501,6,2,2,2
295502,295503,2,1,0,1
295505,295506,2,1,0,1
295507,295510,4,3,0,1
295539,295540,2,1,0,1
295541,295542,2,1,0,1
295543,295553,11,2,6,3
295555,295556,2,1,0,1
295558,295563,6,1,3,2
295591,295593,3,1,1,1
295594,295595,2,1,0,1
295596,295599,4,2,0,2
295603,295605,3,1,0,2
295610,295611,2,1,0,1
295617,295619,3,2,0,1
295629,295631,3,1,1,1
295634,295636,3,2,0,1
295638,295648,11,2,5,4
295658,295659,2,1,0,1
295660,295666,7,1,3,3
295672,295673,2,1,0,1
295684,295686,3,1,1,1
295712,295713,2,1,0,1
295714,295722,9,1,5,3
295737,295740,4,1,1,2
295756,295757,2,1,0,1
295758,295760,3,1,1,1
295786,295787,2,1,0,1
295798,295800,3,1,0,2
295811,295814,4,1,2,1
295817,295819,3,2,0,1
295825,295828,4,1,2,1
295842,295844,3,2,0,1
295851,295855,5,4,0,1
295859,295862,4,1,0,3
295897,295898,2,1,0,1
295900,295903,4,2,1,1
295904,295911,8,2,0,6
295916,295917,2,1,0,1
295920,295923,4,1,0,3
295937,295940,4,1,2,1
295947,295948,2,1,0,1
295955,295957,3,1,0,2
295960,295961,2,1,0,1
295976,295978,3,2,0,1
295983,295988,6,2,3,1
296017,296018,2,1,0,1
296057,296059,3,2,0,1
296063,296069,7,4,2,1
296078,296084,7,2,3,2
296095,296096,2,1,0,1
296097,296101,5,1,3,1
296104,296106,3,2,0,1
296117,296120,4,1,0,3
296121,296122,2,1,0,1
296126,296128,3,1,1,1
296131,296132,2,1,0,1
296137,296141,5,1,3,1
296144,296146,3,1,1,1
296150,296152,3,1,1,1
296165,296167,3,1,0,2
296169,296171,3,2,0,1
296187,296189,3,1,1,1
296222,296223,2,1,0,1
296256,296259,4,1,2,1
296275,296276,2,1,0,1
296287,296288,2,1,0,1
296292,296294,3,1,1,1
296302,296303,2,1,0,1
296322,296325,4,1,2,1
296326,296328,3,2,0,1
296338,296340,3,2,0,1
296356,296359,4,1,2,1
296367,296370,4,1,2,1
296371,296372,2,1,0,1
296375,296376,2,1,0,1
296377,296378,2,1,0,1
296407,296410,4,1,0,3
296428,296433,6,1,4,1
296436,296438,3,1,1,1
296443,296445,3,2,0,1
296452,296454,3,1,0,2
296455,296457,3,1,0,2
296462,296464,3,1,1,1
296466,296468,3,1,1,1
296469,296473,5,1,2,2
296491,296492,2,1,0,1
296495,296499,5,1,3,1
296505,296508,4,1,2,1
296510,296511,2,1,0,1
296523,296528,6,1,4,1
296545,296547,3,1,0,2
296551,296553,3,1,1,1
296567,296568,2,1,0,1
296571,296574,4,3,0,1
296575,296576,2,1,0,1
296579,296582,4,2,1,1
296596,296598,3,1,1,1
296614,296616,3,2,0,1
296624,296626,3,1,0,2
296631,296633,3,1,1,1
296649,296657,9,2,6,1
296659,296662,4,1,1,2
296663,296666,4,1,2,1
296670,296671,2,1,0,1
296687,296688,2,1,0,1
296698,296702,5,1,3,1
296723,296724,2,1,0,1
296732,296734,3,1,1,1
296738,296739,2,1,0,1
296741,296744,4,3,0,1
296752,296757,6,2,1,3
296815,296817,3,1,0,2
296820,296824,5,2,1,2
296852,296853,2,1,0,1
296857,296858,2,1,0,1
296883,296885,3,1,1,1
296895,296897,3,1,1,1
296907,296910,4,1,0,3
296926,296929,4,2,0,2
296934,296936,3,1,0,2
296937,296939,3,1,0,2
296967,296969,3,1,1,1
296976,296977,2,1,0,1
296979,296983,5,1,2,2
297003,297006,4,1,1,2
297030,297033,4,1,1,2
297037,297038,2,1,0,1
297050,297052,3,1,1,1
297067,297068,2,1,0,1
297104,297105,2,1,0,1
297128,297131,4,1,1,2
297132,297135,4,1,2,1
297156,297159,4,1,2,1
297180,297182,3,1,1,1
297207,297209,3,1,0,2
297216,297219,4,1,2,1
297229,297234,6,5,0,1
297235,297237,3,1,1,1
297238,297240,3,2,0,1
297264,297265,2,1,0,1
297268,297270,3,2,0,1
297277,297281,5,2,2,1
297282,297283,2,1,0,1
297305,297310,6,1,3,2
297311,297313,3,1,1,1
297316,297318,3,1,0,2
297334,297335,2,1,0,1
297337,297342,6,1,3,2
297343,297346,4,1,1,2
297347,297348,2,1,0,1
297351,297352,2,1,0,1
297372,297375,4,1,2,1
297378,297383,6,4,0,2
297386,297387,2,1,0,1
297406,297407,2,1,0,1
297409,297412,4,2,0,2
297424,297426,3,1,0,2
297428,297429,2,1,0,1
297433,297434,2,1,0,1
297443,297446,4,1,2,1
297455,297458,4,1,2,1
297461,297464,4,1,1,2
297477,297478,2,1,0,1
297514,297515,2,1,0,1
297522,297523,2,1,0,1
297539,297540,2,1,0,1
297547,297549,3,1,0,2
297558,297559,2,1,0,1
297565,297567,3,2,0,1
297581,297582,2,1,0,1
297583,297584,2,1,0,1
297602,297605,4,3,0,1
297609,297612,4,1,2,1
297618,297620,3,2,0,1
297622,297625,4,1,2,1
297642,297644,3,1,0,2
297651,297655,5,3,0,2
297660,297662,3,1,1,1
297666,297668,3,1,1,1
297679,297680,2,1,0,1
297695,297697,3,1,0,2
297702,297705,4,1,1,2
297721,297724,4,1,1,2
297726,297728,3,1,0,2
297731,297735,5,1,1,3
297736,297739,4,2,0,2
297745,297747,3,2,0,1
297755,297758,4,1,2,1
297787,297789,3,1,0,2
297797,297799,3,2,0,1
297804,297805,2,1,0,1
297844,297847,4,2,1,1
297868,297872,5,1,3,1
297890,297891,2,1,0,1
297901,297904,4,1,1,2
297911,297913,3,1,1,1
297917,297919,3,1,0,2
297927,297931,5,4,0,1
297935,297937,3,1,0,2
297949,297950,2,1,0,1
298004,298008,5,1,3,1
298028,298032,5,2,2,1
298043,298044,2,1,0,1
298050,298052,3,1,0,2
298065,298070,6,4,1,1
298090,298092,3,2,0,1
298102,298103,2,1,0,1
298109,298110,2,1,0,1
298116,298118,3,1,1,1
298132,298133,2,1,0,1
298134,298135,2,1,0,1
298144,298145,2,1,0,1
298186,298188,3,1,1,1
298198,298205,8,5,1,2
298228,298235,8,2,5,1
298247,298248,2,1,0,1
298249,298251,3,1,1,1
298268,298272,5,2,2,1
298328,298334,7,1,5,1
298352,298354,3,1,1,1
298357,298361,5,1,3,1
298379,298381,3,2,0,1
298390,298391,2,1,0,1
298394,298398,5,2,2,1
298430,298431,2,1,0,1
298434,298436,3,1,1,1
298455,298457,3,2,0,1
298475,298477,3,1,1,1
298533,298535,3,1,1,1
298544,298546,3,1,1,1
298558,298560,3,2,0,1
298565,298569,5,1,3,1
298572,298573,2,1,0,1
298612,298618,7,2,4,1
298622,298626,5,2,2,1
298630,298635,6,2,3,1
298651,298653,3,1,0,2
298662,298667,6,3,2,1
298671,298675,5,2,2,1
298707,298708,2,1,0,1
298748,298753,6,2,3,1
298805,298816,12,1,10,1
298894,298895,2,1,0,1
298918,298921,4,3,0,1
298922,298924,3,1,1,1
298965,298966,2,1,0,1
298971,298976,6,3,2,1
298978,298982,5,3,1,1
298998,299003,6,1,4,1
299012,299014,3,2,0,1
299046,299050,5,1,3,1
299066,299068,3,2,0,1
299069,299070,2,1,0,1
299100,299104,5,1,3,1
299105,299108,4,1,2,1
299119,299126,8,1,6,1
299130,299131,2,1,0,1
299150,299153,4,2,1,1
299177,299184,8,2,5,1
299185,299191,7,1,5,1
299197,299201,5,1,3,1
299220,299225,6,1,4,1
299226,299228,3,1,1,1
299256,299267,12,1,10,1
299271,299272,2,1,0,1
299282,299283,2,1,0,1
299287,299288,2,1,0,1
299301,299305,5,1,3,1
299345,299346,2,1,0,1
299353,299355,3,2,0,1
299360,299361,2,1,0,1
299362,299364,3,1,1,1
299365,299369,5,2,2,1
299385,299386,2,1,0,1
299399,299402,4,2,1,1
299404,299405,2,1,0,1
299420,299424,5,2,2,1
299429,299430,2,1,0,1
299451,299453,3,1,1,1
299465,299467,3,2,0,1
299468,299469,2,1,0,1
299497,299501,5,2,2,1
299502,299508,7,2,4,1
299535,299536,2,1,0,1
299547,299552,6,1,4,1
299556,299558,3,1,0,2
299569,299570,2,1,0,1
299572,299574,3,2,0,1
299588,299591,4,2,1,1
299599,299607,9,1,6,2
299612,299616,5,2,2,1
299625,299628,4,2,1,1
299637,299638,2,1,0,1
299649,299651,3,1,1,1
299674,299675,2,1,0,1
299682,299687,6,2,1,3
299712,299718,7,1,5,1
299719,299720,2,1,0,1
299726,299729,4,2,1,1
299753,299762,10,2,7,1
299781,299783,3,1,1,1
299794,299795,2,1,0,1
299803,299807,5,1,3,1
299821,299822,2,1,0,1
299830,299834,5,1,3,1
299839,299841,3,1,0,2
299870,299871,2,1,0,1
299872,299876,5,1,3,1
299891,299892,2,1,0,1
299893,299894,2,1,0,1
299896,299897,2,1,0,1
299899,299904,6,2,3,1
299928,299933,6,2,3,1
299940,299943,4,2,1,1
299947,299948,2,1,0,1
299956,299959,4,1,1,2
299962,299965,4,1,2,1
299968,299974,7,2,4,1
299988,299990,3,1,0,2
299991,299995,5,3,1,1
299998,300000,3,1,1,1
300006,300009,4,1,2,1
300015,300016,2,1,0,1
300029,300033,5,2,2,1
300036,300042,7,1,4,2
300043,300045,3,1,1,1
300051,300052,2,1,0,1
300056,300057,2,1,0,1
300076,300081,6,1,4,1
300082,300088,7,4,1,2
300089,300090,2,1,0,1
300101,300105,5,2,2,1
300140,300142,3,1,1,1
300146,300150,5,3,1,1
300156,300157,2,1,0,1
300189,300195,7,2,4,1
300199,300206,8,4,3,1
300215,300220,6,2,3,1
300221,300226,6,2,3,1
300235,300236,2,1,0,1
300238,300240,3,1,1,1
300243,300247,5,1,3,1
300257,300259,3,2,0,1
300261,300262,2,1,0,1
300272,300274,3,1,1,1
300282,300284,3,1,1,1
300292,300293,2,1,0,1
300299,300301,3,1,0,2
300311,300314,4,1,2,1
300331,300332,2,1,0,1
300348,300349,2,1,0,1
300359,300364,6,1,4,1
300368,300369,2,1,0,1
300379,300382,4,2,1,1
300392,300394,3,2,0,1
300413,300416,4,2,1,1
300443,300446,4,1,2,1
300449,300452,4,1,1,2
300458,300466,9,1,7,1
300472,300473,2,1,0,1
300481,300487,7,1,5,1
300495,300499,5,3,0,2
300502,300504,3,1,1,1
300515,300517,3,1,1,1
300525,300526,2,1,0,1
300538,300540,3,2,0,1
300542,300543,2,1,0,1
300566,300569,4,2,1,1
300578,300579,2,1,0,1
300580,300582,3,1,0,2
300584,300588,5,1,3,1
300601,300613,13,2,9,2
300618,300619,2,1,0,1
300626,300627,2,1,0,1
300629,300631,3,2,0,1
300643,300644,2,1,0,1
300648,300649,2,1,0,1
300650,300656,7,1,5,1
300658,300661,4,2,1,1
300681,300682,2,1,0,1
300684,300685,2,1,0,1
300688,300690,3,1,0,2
300696,300702,7,1,5,1
300712,300715,4,1,2,1
300718,300719,2,1,0,1
300725,300726,2,1,0,1
300730,300733,4,2,1,1
300734,300738,5,1,3,1
300743,300744,2,1,0,1
300753,300755,3,1,1,1
300761,300764,4,1,2,1
300768,300774,7,1,5,1
300778,300780,3,1,1,1
300800,300801,2,1,0,1
300826,300827,2,1,0,1
300839,300841,3,1,1,1
300848,300849,2,1,0,1
300859,300860,2,1,0,1
300863,300865,3,1,1,1
300869,300870,2,1,0,1
300875,300879,5,1,3,1
300889,300891,3,1,1,1
300892,300899,8,2,5,1
300902,300906,5,1,2,2
300933,300937,5,1,1,3
300940,300946,7,2,3,2
300975,300976,2,1,0,1
300980,300981,2,1,0,1
300982,300983,2,1,0,1
300995,300997,3,1,1,1
301027,301032,6,3,2,1
301033,301034,2,1,0,1
301038,301040,3,1,1,1
301054,301056,3,1,1,1
301058,301060,3,1,1,1
301065,301068,4,1,2,1
301085,301088,4,2,0,2
301094,301095,2,1,0,1
301121,301123,3,1,1,1
301140,301149,10,2,6,2
301153,301158,6,2,3,1
301166,301169,4,1,2,1
301180,301181,2,1,0,1
301204,301205,2,1,0,1
301209,301212,4,2,0,2
301214,301225,12,5,3,4
301241,301242,2,1,0,1
301257,301260,4,2,1,1
301262,301264,3,1,1,1
301281,301282,2,1,0,1
301291,301293,3,2,0,1
301297,301298,2,1,0,1
301311,301312,2,1,0,1
301317,301323,7,1,5,1
301346,301348,3,1,1,1
301353,301354,2,1,0,1
301368,301369,2,1,0,1
301379,301380,2,1,0,1
301383,301386,4,2,1,1
301390,301392,3,1,1,1
301395,301399,5,1,3,1
301400,301408,9,2,5,2
301415,301420,6,2,3,1
301421,301423,3,2,0,1
301424,301426,3,1,1,1
301440,301442,3,1,1,1
301449,301450,2,1,0,1
301454,301457,4,1,2,1
301475,301476,2,1,0,1
301483,301487,5,2,1,2
301510,301512,3,2,0,1
301516,301517,2,1,0,1
301527,301528,2,1,0,1
301531,301532,2,1,0,1
301536,301539,4,3,0,1
301546,301547,2,1,0,1
301559,301561,3,1,0,2
301568,301569,2,1,0,1
301585,301588,4,1,2,1
301590,301591,2,1,0,1
301592,301593,2,1,0,1
301610,301618,9,2,6,1
301625,301628,4,2,1,1
301630,301633,4,2,1,1
301636,301637,2,1,0,1
301645,301646,2,1,0,1
301657,301660,4,2,1,1
301669,301671,3,2,0,1
301680,301681,2,1,0,1
301695,301697,3,2,0,1
301709,301712,4,1,1,2
301734,301737,4,3,0,1
301742,301747,6,2,3,1
301750,301757,8,5,1,2
301778,301780,3,1,1,1
301787,301790,4,2,1,1
301793,301799,7,3,3,1
301808,301809,2,1,0,1
301816,301819,4,1,2,1
301820,301824,5,1,2,2
301827,301830,4,1,2,1
301835,301836,2,1,0,1
301842,301844,3,2,0,1
301854,301855,2,1,0,1
301857,301859,3,2,0,1
301861,301862,2,1,0,1
301867,301871,5,1,3,1
301882,301885,4,1,2,1
301886,301889,4,2,1,1
301891,301897,7,1,5,1
301903,301907,5,2,2,1
301925,301929,5,3,1,1
301956,301963,8,1,4,3
301974,301978,5,1,3,1
301990,301991,2,1,0,1
301995,301999,5,1,3,1
302004,302007,4,3,0,1
302009,302010,2,1,0,1
302011,302014,4,1,2,1
302017,302021,5,2,1,2
302027,302028,2,1,0,1
302030,302032,3,1,1,1
302054,302056,3,1,1,1
302064,302065,2,1,0,1
302068,302071,4,1,2,1
302077,302079,3,1,0,2
302091,302098,8,1,5,2
302104,302108,5,1,2,2
302118,302123,6,1,4,1
302139,302143,5,2,0,3
302146,302149,4,1,1,2
302167,302170,4,2,1,1
302174,302176,3,1,0,2
302178,302179,2,1,0,1
302188,302190,3,1,1,1
302199,302201,3,1,0,2
302203,302207,5,1,3,1
302214,302216,3,2,0,1
302218,302221,4,2,1,1
302227,302230,4,2,1,1
302235,302239,5,1,3,1
302247,302248,2,1,0,1
302254,302255,2,1,0,1
302264,302267,4,1,2,1
302272,302273,2,1,0,1
302276,302279,4,1,2,1
302285,302287,3,2,0,1
302291,302294,4,1,2,1
302297,302300,4,2,1,1
302305,302308,4,1,2,1
302311,302314,4,1,0,3
302318,302331,14,3,9,2
302345,302346,2,1,0,1
302359,302360,2,1,0,1
302370,302376,7,2,4,1
302418,302424,7,1,5,1
302447,302448,2,1,0,1
302458,302461,4,1,1,2
302463,302464,2,1,0,1
302483,302484,2,1,0,1
302497,302500,4,1,2,1
302509,302514,6,3,2,1
302520,302524,5,2,1,2
302525,302526,2,1,0,1
302532,302533,2,1,0,1
302538,302543,6,1,1,4
302550,302552,3,1,0,2
302558,302561,4,1,1,2
302562,302564,3,1,1,1
302565,302567,3,1,1,1
302572,302575,4,1,0,3
302589,302591,3,1,1,1
302595,302600,6,1,3,2
302613,302617,5,2,2,1
302619,302623,5,1,2,2
302626,302628,3,2,0,1
302638,302643,6,3,1,2
302658,302659,2,1,0,1
302663,302665,3,2,0,1
302666,302670,5,1,3,1
302684,302685,2,1,0,1
302689,302690,2,1,0,1
302701,302703,3,1,1,1
302707,302709,3,2,0,1
302720,302721,2,1,0,1
302723,302724,2,1,0,1
302725,302727,3,1,1,1
302728,302730,3,2,0,1
302743,302745,3,1,1,1
302760,302764,5,1,3,1
302765,302766,2,1,0,1
302770,302773,4,1,1,2
302775,302778,4,3,0,1
302787,302789,3,1,1,1
302792,302794,3,1,1,1
302804,302807,4,2,1,1
302812,302814,3,2,0,1
302826,302827,2,1,0,1
302836,302838,3,1,1,1
302843,302847,5,1,2,2
302849,302851,3,1,1,1
302856,302857,2,1,0,1
302873,302878,6,1,2,3
302888,302889,2,1,0,1
302891,302893,3,1,1,1
302900,302902,3,1,1,1
302912,302915,4,3,0,1
302918,302921,4,1,2,1
302929,302930,2,1,0,1
302935,302941,7,1,4,2
302950,302951,2,1,0,1
302960,302962,3,2,0,1
302974,302975,2,1,0,1
302979,302981,3,2,0,1
302982,302983,2,1,0,1
302995,302996,2,1,0,1
302998,302999,2,1,0,1
303001,303004,4,1,1,2
303016,303018,3,2,0,1
303024,303025,2,1,0,1
303035,303040,6,1,3,2
303043,303045,3,2,0,1
303050,303053,4,2,1,1
303058,303059,2,1,0,1
303063,303069,7,1,3,3
303101,303105,5,4,0,1
303109,303113,5,1,3,1
303117,303120,4,2,1,1
303122,303124,3,1,0,2
303146,303151,6,2,3,1
303155,303157,3,1,0,2
303160,303164,5,1,2,2
303171,303173,3,1,1,1
303174,303176,3,1,1,1
303204,303205,2,1,0,1
303216,303217,2,1,0,1
303224,303226,3,2,0,1
303228,303232,5,1,3,1
303240,303241,2,1,0,1
303242,303243,2,1,0,1
303244,303245,2,1,0,1
303246,303249,4,1,2,1
303270,303272,3,1,1,1
303274,303277,4,2,1,1
303288,303292,5,1,3,1
303305,303306,2,1,0,1
303307,303311,5,3,1,1
303315,303321,7,1,5,1
303323,303326,4,3,0,1
303334,303337,4,1,1,2
303339,303341,3,1,1,1
303346,303349,4,1,2,1
303363,303366,4,1,2,1
303373,303375,3,1,0,2
303383,303384,2,1,0,1
303389,303390,2,1,0,1
303413,303414,2,1,0,1
303421,303426,6,1,4,1
303427,303431,5,1,3,1
303432,303434,3,2,0,1
303437,303438,2,1,0,1
303443,303444,2,1,0,1
303445,303446,2,1,0,1
303454,303458,5,2,1,2
303460,303462,3,1,1,1
303471,303472,2,1,0,1
303501,303504,4,1,0,3
303505,303507,3,1,1,1
303526,303529,4,2,1,1
303552,303553,2,1,0,1
303555,303559,5,2,2,1
303560,303561,2,1,0,1
303566,303567,2,1,0,1
303582,303584,3,1,1,1
303605,303607,3,1,1,1
303613,303618,6,2,2,2
303622,303625,4,3,0,1
303631,303632,2,1,0,1
303649,303651,3,1,1,1
303662,303665,4,2,1,1
303672,303674,3,1,1,1
303677,303681,5,1,3,1
303682,303684,3,1,1,1
303685,303687,3,1,0,2
303688,303694,7,1,4,2
303701,303706,6,2,2,2
303727,303729,3,2,0,1
303735,303740,6,1,4,1
303746,303747,2,1,0,1
303753,303754,2,1,0,1
303760,303762,3,1,1,1
303763,303765,3,1,0,2
303771,303772,2,1,0,1
303780,303782,3,1,1,1
303783,303784,2,1,0,1
303798,303800,3,1,1,1
303801,303802,2,1,0,1
303810,303811,2,1,0,1
303812,303817,6,1,4,1
303831,303833,3,2,0,1
303848,303849,2,1,0,1
303853,303855,3,2,0,1
303868,303872,5,3,1,1
303885,303887,3,2,0,1
303898,303900,3,2,0,1
303912,303914,3,2,0,1
303922,303923,2,1,0,1
303930,303931,2,1,0,1
303942,303944,3,2,0,1
303946,303947,2,1,0,1
303949,303951,3,1,0,2
303981,303983,3,2,0,1
303993,303995,3,1,1,1
304038,304041,4,2,1,1
304050,304052,3,1,0,2
304068,304070,3,1,0,2
304072,304074,3,1,1,1
304081,304082,2,1,0,1
304083,304084,2,1,0,1
304090,304096,7,3,3,1
304100,304104,5,1,3,1
304135,304137,3,1,1,1
304153,304154,2,1,0,1
304157,304160,4,2,1,1
304165,304170,6,2,3,1
304174,304176,3,1,0,2
304180,304184,5,2,0,3
304187,304191,5,3,0,2
304197,304201,5,1,2,2
304207,304209,3,1,0,2
304224,304228,5,1,2,2
304233,304235,3,1,1,1
304238,304239,2,1,0,1
304241,304247,7,3,3,1
304250,304256,7,4,0,3
304257,304260,4,1,1,2
304266,304271,6,1,3,2
304275,304277,3,1,0,2
304311,304313,3,1,0,2
304324,304327,4,1,2,1
304328,304332,5,2,1,2
304339,304341,3,1,0,2
304345,304347,3,1,1,1
304369,304374,6,1,0,5
304389,304393,5,1,0,4
304402,304403,2,1,0,1
304404,304405,2,1,0,1
304406,304411,6,3,0,3
304412,304416,5,3,0,2
304429,304430,2,1,0,1
304438,304440,3,1,0,2
304445,304447,3,2,0,1
304453,304454,2,1,0,1
304456,304458,3,1,1,1
304474,304476,3,2,0,1
304480,304483,4,1,2,1
304484,304488,5,1,3,1
304508,304510,3,1,0,2
304517,304519,3,1,0,2
304524,304528,5,1,2,2
304529,304533,5,2,1,2
304542,304543,2,1,0,1
304548,304549,2,1,0,1
304562,304565,4,1,1,2
304575,304579,5,3,1,1
304585,304587,3,1,1,1
304590,304592,3,1,1,1
304595,304597,3,2,0,1
304609,304611,3,1,1,1
304620,304624,5,3,1,1
304637,304638,2,1,0,1
304642,304645,4,1,2,1
304654,304656,3,1,1,1
304672,304673,2,1,0,1
304677,304678,2,1,0,1
304684,304689,6,2,3,1
304698,304700,3,2,0,1
304705,304712,8,1,6,1
304719,304720,2,1,0,1
304723,304725,3,1,1,1
304727,304730,4,1,2,1
304738,304740,3,1,1,1
304743,304744,2,1,0,1
304753,304754,2,1,0,1
304758,304761,4,2,1,1
304763,304766,4,1,2,1
304777,304778,2,1,0,1
304785,304787,3,1,0,2
304811,304813,3,2,0,1
304848,304849,2,1,0,1
304874,304878,5,2,1,2
304888,304889,2,1,0,1
304925,304932,8,1,6,1
304945,304950,6,1,4,1
304951,304954,4,3,0,1
304955,304956,2,1,0,1
304964,304968,5,1,3,1
304986,304987,2,1,0,1
305012,305013,2,1,0,1
305016,305022,7,1,2,4
305036,305039,4,1,2,1
305046,305049,4,1,2,1
305050,305051,2,1,0,1
305057,305058,2,1,0,1
305060,305063,4,1,2,1
305065,305067,3,2,0,1
305073,305075,3,1,0,2
305078,305083,6,1,4,1
305084,305087,4,1,1,2
305088,305096,9,1,4,4
305106,305110,5,2,0,3
305128,305132,5,1,3,1
305145,305154,10,2,7,1
305158,305160,3,1,1,1
305161,305162,2,1,0,1
305163,305166,4,1,2,1
305169,305172,4,1,2,1
305182,305183,2,1,0,1
305184,305186,3,1,1,1
305191,305193,3,1,1,1
305203,305207,5,2,2,1
305210,305211,2,1,0,1
305213,305216,4,1,2,1
305232,305234,3,1,1,1
305237,305238,2,1,0,1
305244,305246,3,1,1,1
305256,305258,3,1,1,1
305260,305262,3,2,0,1
305266,305268,3,2,0,1
305272,305274,3,1,1,1
305287,305289,3,1,0,2
305299,305309,11,5,0,6
305311,305312,2,1,0,1
305316,305317,2,1,0,1
305321,305323,3,2,0,1
305324,305328,5,1,3,1
305332,305337,6,1,4,1
305352,305354,3,1,1,1
305364,305366,3,1,1,1
305370,305372,3,1,0,2
305374,305377,4,3,0,1
305378,305381,4,1,2,1
305392,305395,4,3,0,1
305404,305405,2,1,0,1
305421,305424,4,1,0,3
305428,305430,3,1,1,1
305434,305436,3,1,1,1
305440,305441,2,1,0,1
305443,305446,4,1,2,1
305453,305457,5,1,1,3
305474,305476,3,1,1,1
305490,305493,4,1,1,2
305496,305497,2,1,0,1
305511,305513,3,2,0,1
305516,305517,2,1,0,1
305522,305524,3,1,1,1
305527,305529,3,2,0,1
305541,305542,2,1,0,1
305543,305546,4,1,2,1
305553,305556,4,1,0,3
305559,305560,2,1,0,1
305565,305567,3,1,1,1
305586,305592,7,1,4,2
305595,305596,2,1,0,1
305613,305615,3,2,0,1
305625,305627,3,1,0,2
305635,305638,4,1,1,2
305639,305641,3,1,0,2
305643,305647,5,1,3,1
305648,305650,3,1,1,1
305654,305655,2,1,0,1
305674,305676,3,1,1,1
305680,305681,2,1,0,1
305699,305701,3,1,0,2
305710,305711,2,1,0,1
305716,305717,2,1,0,1
305719,305721,3,1,0,2
305725,305727,3,2,0,1
305728,305729,2,1,0,1
305735,305736,2,1,0,1
305737,305747,11,3,6,2
305750,305751,2,1,0,1
305753,305755,3,1,1,1
305777,305780,4,1,1,2
305789,305791,3,2,0,1
305810,305812,3,1,1,1
305814,305818,5,4,0,1
305824,305825,2,1,0,1
305834,305835,2,1,0,1
305852,305855,4,2,1,1
305859,305863,5,4,0,1
305868,305872,5,2,2,1
305896,305901,6,1,4,1
305909,305911,3,1,1,1
305930,305933,4,1,1,2
305934,305938,5,1,0,4
305959,305962,4,1,1,2
305964,305969,6,1,4,1
305980,305983,4,3,0,1
305986,305988,3,2,0,1
306002,306003,2,1,0,1
306016,306017,2,1,0,1
306019,306022,4,1,2,1
306024,306029,6,1,4,1
306052,306054,3,2,0,1
306056,306059,4,3,0,1
306072,306074,3,1,1,1
306085,306087,3,1,1,1
306095,306096,2,1,0,1
306100,306103,4,2,1,1
306108,306109,2,1,0,1
306111,306113,3,1,1,1
306114,306119,6,2,2,2
306122,306123,2,1,0,1
306125,306126,2,1,0,1
306138,306140,3,1,1,1
306150,306161,12,2,8,2
306168,306174,7,4,2,1
306180,306184,5,2,2,1
306194,306195,2,1,0,1
306201,306203,3,1,0,2
306208,306209,2,1,0,1
306230,306231,2,1,0,1
306232,306233,2,1,0,1
306237,306238,2,1,0,1
306242,306244,3,1,1,1
306245,306246,2,1,0,1
306261,306265,5,1,3,1
306277,306279,3,1,1,1
306280,306281,2,1,0,1
306290,306291,2,1,0,1
306293,306302,10,3,5,2
306304,306306,3,1,0,2
306310,306311,2,1,0,1
306324,306328,5,2,1,2
306338,306340,3,2,0,1
306346,306348,3,1,1,1
306359,306363,5,1,3,1
306370,306372,3,2,0,1
306381,306382,2,1,0,1
306384,306386,3,1,1,1
306394,306395,2,1,0,1
306398,306399,2,1,0,1
306403,306405,3,1,1,1
306410,306415,6,1,4,1
306431,306434,4,2,1,1
306438,306442,5,2,1,2
306447,306449,3,2,0,1
306453,306454,2,1,0,1
306464,306470,7,1,4,2
306471,306474,4,1,2,1
306476,306478,3,1,1,1
306481,306482,2,1,0,1
306489,306492,4,2,0,2
306523,306527,5,1,1,3
306529,306530,2,1,0,1
306537,306538,2,1,0,1
306539,306541,3,1,1,1
306555,306558,4,3,0,1
306561,306564,4,1,2,1
306578,306580,3,1,1,1
306582,306586,5,4,0,1
306602,306605,4,2,0,2
306616,306619,4,3,0,1
306625,306629,5,1,3,1
306630,306635,6,2,2,2
306636,306637,2,1,0,1
306638,306639,2,1,0,1
306647,306649,3,1,1,1
306650,306653,4,1,2,1
306656,306659,4,3,0,1
306669,306672,4,2,1,1
306679,306680,2,1,0,1
306690,306692,3,2,0,1
306693,306698,6,5,0,1
306702,306707,6,2,0,4
306719,306721,3,2,0,1
306733,306735,3,2,0,1
306744,306752,9,5,3,1
306753,306755,3,1,1,1
306756,306758,3,1,0,2
306779,306780,2,1,0,1
306781,306785,5,2,1,2
306794,306800,7,1,0,6
306801,306805,5,2,2,1
306810,306813,4,2,0,2
306825,306827,3,2,0,1
306841,306843,3,1,1,1
306845,306846,2,1,0,1
306849,306852,4,1,0,3
306855,306858,4,2,0,2
306869,306873,5,1,3,1
306885,306887,3,2,0,1
306899,306901,3,2,0,1
306908,306909,2,1,0,1
306920,306922,3,1,1,1
306923,306925,3,1,1,1
306930,306933,4,2,1,1
306938,306942,5,2,2,1
306946,306947,2,1,0,1
306948,306950,3,2,0,1
306960,306962,3,1,0,2
306969,306970,2,1,0,1
306971,306974,4,1,1,2
306976,306978,3,1,1,1
306985,306991,7,1,3,3
306992,306993,2,1,0,1
307001,307002,2,1,0,1
307012,307013,2,1,0,1
307014,307016,3,1,0,2
307017,307022,6,2,3,1
307025,307029,5,1,1,3
307037,307040,4,1,2,1
307043,307044,2,1,0,1
307051,307056,6,2,3,1
307059,307060,2,1,0,1
307065,307066,2,1,0,1
307069,307071,3,2,0,1
307080,307084,5,2,0,3
307093,307094,2,1,0,1
307096,307098,3,1,1,1
307107,307108,2,1,0,1
307120,307122,3,2,0,1
307123,307124,2,1,0,1
307138,307144,7,2,2,3
307147,307150,4,2,1,1
307156,307158,3,1,1,1
307164,307170,7,2,3,2
307171,307172,2,1,0,1
307184,307185,2,1,0,1
307215,307216,2,1,0,1
307228,307229,2,1,0,1
307231,307233,3,1,0,2
307236,307238,3,2,0,1
314857,314858,2,1,0,1
314880,314886,7,1,0,6
314951,314952,2,1,0,1
315213,315216,4,1,0,3
315412,315413,2,1,0,1
315419,315421,3,1,0,2
315543,315545,3,1,1,1
315606,315607,2,1,0,1
315635,315637,3,1,0,2
315679,315683,5,4,0,1
315914,315915,2,1,0,1
316018,316019,2,1,0,1
316108,316109,2,1,0,1
316143,316144,2,1,0,1
316205,316206,2,1,0,1
316336,316340,5,1,0,4
316449,316450,2,1,0,1
316683,316686,4,2,0,2
316761,316764,4,1,0,3
317361,317362,2,1,0,1
317494,317498,5,1,0,4
317732,317734,3,2,0,1
317735,317738,4,1,0,3
317951,317954,4,1,0,3
318197,318198,2,1,0,1
318463,318464,2,1,0,1
318676,318677,2,1,0,1
319425,319426,2,1,0,1
320161,320162,2,1,0,1
320175,320177,3,1,0,2
320271,320272,2,1,0,1
320721,320722,2,1,0,1
320739,320740,2,1,0,1
321681,321683,3,1,1,1
322261,322263,3,1,1,1
322275,322277,3,2,0,1
322386,322387,2,1,0,1
322442,322443,2,1,0,1
322716,322718,3,2,0,1
322720,322723,4,2,0,2
322772,322776,5,4,0,1
322799,322803,5,3,1,1
322816,322820,5,4,0,1
322850,322851,2,1,0,1
322873,322877,5,4,0,1
322918,322919,2,1,0,1
322929,322933,5,4,0,1
322953,322957,5,3,1,1
322959,322963,5,1,3,1
322973,322978,6,5,0,1
322981,322986,6,4,1,1
322999,323005,7,5,0,2
323029,323032,4,3,0,1
323051,323055,5,2,2,1
323071,323072,2,1,0,1
323122,323127,6,5,0,1
323232,323239,8,5,0,3
323285,323286,2,1,0,1
323346,323353,8,5,0,3
323366,323368,3,2,0,1
323369,323371,3,1,1,1
323387,323391,5,4,0,1
323399,323404,6,5,0,1
323617,323622,6,5,0,1
323632,323638,7,5,0,2
323719,323723,5,1,3,1
323775,323781,7,1,5,1
323789,323799,11,2,8,1
323838,323840,3,1,0,2
323887,323891,5,4,0,1
323915,323924,10,4,5,1
323990,324000,11,3,7,1
324002,324010,9,3,4,2
324071,324076,6,2,3,1
324089,324093,5,4,0,1
324094,324097,4,2,1,1
324098,324100,3,2,0,1
324266,324267,2,1,0,1
324277,324281,5,4,0,1
324282,324287,6,3,2,1
324381,324383,3,1,1,1
324384,324392,9,4,2,3
324393,324395,3,1,0,2
324415,324416,2,1,0,1
324510,324513,4,3,0,1
324528,324533,6,4,1,1
324561,324564,4,2,1,1
324589,324594,6,5,0,1
324725,324727,3,2,0,1
324747,324754,8,5,0,3
324755,324756,2,1,0,1
325036,325040,5,3,1,1
325045,325054,10,5,4,1
325067,325068,2,1,0,1
325076,325077,2,1,0,1
325083,325086,4,2,1,1
325121,325123,3,2,0,1
325253,325255,3,2,0,1
325334,325336,3,1,0,2
325346,325357,12,5,5,2
325420,325422,3,2,0,1
325496,325498,3,1,1,1
325547,325552,6,5,0,1
325620,325624,5,3,0,2
325764,325766,3,2,0,1
325864,325866,3,2,0,1
325867,325868,2,1,0,1
325869,325873,5,3,1,1
325897,325899,3,2,0,1
325922,325935,14,1,12,1
325936,325939,4,3,0,1
325942,325943,2,1,0,1
325950,325956,7,5,1,1
325984,325986,3,2,0,1
326055,326064,10,2,6,2
326100,326109,10,5,3,2
326154,326159,6,5,0,1
326193,326198,6,4,1,1
326261,326267,7,5,0,2
326284,326289,6,5,0,1
326326,326333,8,5,2,1
326569,326570,2,1,0,1
326587,326589,3,2,0,1
326593,326596,4,3,0,1
326609,326612,4,1,2,1
326621,326623,3,2,0,1
326634,326639,6,5,0,1
326652,326656,5,3,1,1
326742,326744,3,2,0,1
326823,326827,5,4,0,1
326830,326841,12,2,9,1
326848,326856,9,3,2,4
326887,326891,5,3,1,1
326896,326902,7,5,1,1
326939,326940,2,1,0,1
326943,326944,2,1,0,1
326976,326981,6,3,2,1
326999,327003,5,3,0,2
327024,327028,5,1,3,1
327032,327034,3,1,0,2
327038,327042,5,2,2,1
327044,327045,2,1,0,1
327168,327173,6,2,3,1
327193,327196,4,1,2,1
327215,327220,6,2,2,2
327253,327259,7,2,4,1
327281,327283,3,1,0,2
327286,327293,8,5,1,2
327317,327322,6,5,0,1
327335,327342,8,3,3,2
327398,327402,5,1,2,2
327405,327409,5,3,1,1
327435,327437,3,2,0,1
327452,327457,6,3,2,1
327466,327473,8,5,2,1
327495,327500,6,5,0,1
327525,327528,4,3,0,1
327529,327533,5,2,1,2
327546,327551,6,1,1,4
327570,327579,10,4,4,2
327583,327586,4,2,1,1
327644,327650,7,2,4,1
327678,327680,3,1,1,1
327765,327771,7,1,5,1
327785,327790,6,1,1,4
327807,327813,7,5,0,2
328007,328009,3,1,1,1
328044,328047,4,1,2,1
328324,328330,7,3,3,1
328407,328416,10,4,5,1
328438,328440,3,1,1,1
328444,328447,4,2,1,1
328450,328454,5,2,2,1
328464,328466,3,2,0,1
328467,328472,6,2,3,1
328477,328489,13,5,6,2
328507,328511,5,2,2,1
328521,328525,5,1,3,1
328528,328529,2,1,0,1
328543,328550,8,4,2,2
328551,328570,20,1,0,19
328607,328608,2,1,0,1
328636,328637,2,1,0,1
328641,328643,3,2,0,1
328647,328648,2,1,0,1
328651,328652,2,1,0,1
328665,328670,6,1,4,1
328676,328677,2,1,0,1
328895,328896,2,1,0,1
329233,329238,6,2,3,1
329246,329248,3,1,1,1
329273,329275,3,1,1,1
329309,329311,3,1,0,2
329338,329340,3,1,0,2
329349,329350,2,1,0,1
329351,329353,3,2,0,1
329374,329375,2,1,0,1
329391,329392,2,1,0,1
329394,329395,2,1,0,1
329399,329401,3,1,1,1
329407,329410,4,1,1,2
329414,329415,2,1,0,1
329426,329428,3,2,0,1
329431,329434,4,1,2,1
329447,329448,2,1,0,1
329457,329459,3,1,0,2
329466,329467,2,1,0,1
329468,329474,7,2,1,4
329491,329493,3,1,0,2
329495,329497,3,1,0,2
329498,329500,3,1,1,1
329505,329507,3,1,0,2
329516,329518,3,1,0,2
329557,329558,2,1,0,1
329565,329567,3,1,1,1
329576,329581,6,2,3,1
329599,329600,2,1,0,1
329619,329620,2,1,0,1
329633,329636,4,1,1,2
329646,329647,2,1,0,1
329649,329650,2,1,0,1
329669,329673,5,3,1,1
329695,329696,2,1,0,1
329706,329707,2,1,0,1
329711,329714,4,2,0,2
329722,329724,3,2,0,1
329774,329776,3,1,1,1
329777,329778,2,1,0,1
329799,329800,2,1,0,1
329808,329809,2,1,0,1
329819,329820,2,1,0,1
329826,329831,6,1,2,3
329844,329847,4,1,2,1
329872,329873,2,1,0,1
329883,329885,3,1,0,2
329922,329926,5,1,1,3
329927,329930,4,1,2,1
329934,329937,4,1,2,1
329950,329956,7,3,2,2
329990,329993,4,1,2,1
330006,330009,4,1,2,1
330022,330024,3,1,1,1
330030,330031,2,1,0,1
330051,330052,2,1,0,1
330054,330055,2,1,0,1
330062,330063,2,1,0,1
330064,330066,3,1,1,1
330081,330084,4,2,1,1
330113,330114,2,1,0,1
330123,330124,2,1,0,1
330147,330151,5,1,2,2
330182,330185,4,2,0,2
330190,330192,3,1,0,2
330236,330238,3,1,1,1
330247,330253,7,1,4,2
330354,330359,6,3,0,3
330413,330414,2,1,0,1
330418,330419,2,1,0,1
330433,330435,3,1,1,1
330483,330487,5,1,3,1
330506,330507,2,1,0,1
330514,330515,2,1,0,1
330530,330532,3,1,1,1
330547,330551,5,2,1,2
330554,330557,4,2,1,1
330559,330561,3,1,1,1
330567,330571,5,2,1,2
330574,330576,3,1,0,2
330577,330582,6,2,3,1
330647,330649,3,1,0,2
330650,330652,3,1,0,2
330661,330662,2,1,0,1
330716,330718,3,1,1,1
330772,330775,4,1,1,2
330785,330787,3,2,0,1
330795,330798,4,1,0,3
330800,330803,4,3,0,1
330813,330815,3,1,1,1
330830,330833,4,3,0,1
330880,330881,2,1,0,1
330894,330899,6,4,0,2
330907,330909,3,2,0,1
330915,330918,4,1,2,1
330920,330923,4,1,2,1
330949,330952,4,1,1,2
330967,330969,3,2,0,1
330977,330978,2,1,0,1
331006,331010,5,1,1,3
331012,331014,3,1,1,1
331069,331074,6,1,2,3
331076,331078,3,1,1,1
331081,331085,5,3,0,2
331119,331120,2,1,0,1
331121,331123,3,1,1,1
331128,331130,3,1,1,1
331139,331140,2,1,0,1
331177,331178,2,1,0,1
331237,331238,2,1,0,1
331341,331342,2,1,0,1
331384,331387,4,1,0,3
331390,331392,3,1,0,2
331397,331398,2,1,0,1
331419,331421,3,2,0,1
332416,332421,6,3,1,2
332426,332428,3,1,1,1
332490,332492,3,2,0,1
332500,332501,2,1,0,1
332619,332621,3,1,1,1
332645,332649,5,1,0,4
332729,332732,4,1,2,1
332797,332799,3,1,0,2
332811,332815,5,1,2,2
332843,332847,5,1,3,1
333000,333002,3,1,0,2
333006,333009,4,1,0,3
333201,333202,2,1,0,1
333219,333223,5,1,2,2
333248,333249,2,1,0,1
333252,333253,2,1,0,1
333256,333257,2,1,0,1
333260,333261,2,1,0,1
333327,333328,2,1,0,1
333353,333354,2,1,0,1
333406,333411,6,1,3,2
333432,333434,3,1,1,1
333458,333459,2,1,0,1
333461,333463,3,1,1,1
333607,333609,3,1,1,1
333633,333635,3,2,0,1
333677,333678,2,1,0,1
333915,333918,4,1,2,1
333934,333939,6,1,2,3
334077,334080,4,1,1,2
334085,334086,2,1,0,1
334140,334142,3,2,0,1
334194,334196,3,1,1,1
334269,334272,4,3,0,1
334418,334419,2,1,0,1
334703,334704,2,1,0,1
334715,334716,2,1,0,1
334717,334718,2,1,0,1
334721,334724,4,2,0,2
334751,334752,2,1,0,1
334793,334797,5,4,0,1
334810,334815,6,1,4,1
334837,334838,2,1,0,1
334842,334843,2,1,0,1
335515,335519,5,1,3,1
335527,335529,3,1,1,1
335666,335669,4,3,0,1
335681,335685,5,1,3,1
335943,335945,3,2,0,1
336169,336170,2,1,0,1
336171,336173,3,1,0,2
336232,336233,2,1,0,1
336241,336243,3,2,0,1
336272,336274,3,1,1,1
336292,336293,2,1,0,1
336341,336345,5,3,0,2
336443,336446,4,1,2,1
336512,336514,3,2,0,1
336672,336677,6,1,1,4
336857,336859,3,1,1,1
337052,337053,2,1,0,1
337063,337064,2,1,0,1
337356,337361,6,5,0,1
337362,337363,2,1,0,1
337370,337375,6,4,1,1
337426,337430,5,1,3,1
337491,337495,5,2,2,1
337496,337500,5,4,0,1
337523,337524,2,1,0,1
337525,337527,3,1,0,2
337528,337533,6,1,1,4
337540,337541,2,1,0,1
337578,337579,2,1,0,1
337701,337702,2,1,0,1
337795,337796,2,1,0,1
337802,337804,3,1,0,2
337917,337919,3,2,0,1
337941,337943,3,1,1,1
337951,337953,3,2,0,1
337961,337962,2,1,0,1
337992,337994,3,1,0,2
337995,337997,3,1,0,2
337998,338007,10,1,3,6
338073,338077,5,1,3,1
338122,338123,2,1,0,1
338131,338133,3,2,0,1
338272,338274,3,1,1,1
338313,338315,3,2,0,1
338316,338320,5,1,0,4
338329,338334,6,1,4,1
338345,338346,2,1,0,1
338351,338359,9,4,3,2
338360,338361,2,1,0,1
338388,338391,4,1,2,1
338410,338412,3,1,0,2
338429,338430,2,1,0,1
338455,338458,4,3,0,1
338459,338465,7,3,3,1
338517,338519,3,1,1,1
338608,338609,2,1,0,1
338630,338631,2,1,0,1
338643,338646,4,1,0,3
338661,338662,2,1,0,1
338665,338666,2,1,0,1
338703,338706,4,1,1,2
339240,339244,5,2,2,1
339252,339256,5,1,3,1
339263,339268,6,4,1,1
339269,339278,10,3,5,2
339283,339287,5,1,2,2
339294,339296,3,1,1,1
339327,339329,3,1,1,1
339370,339372,3,1,0,2
339419,339421,3,2,0,1
339422,339424,3,2,0,1
339436,339439,4,1,2,1
339486,339488,3,1,1,1
339490,339492,3,1,0,2
339493,339494,2,1,0,1
339500,339507,8,3,4,1
339660,339662,3,1,0,2
339698,339699,2,1,0,1
339748,339749,2,1,0,1
339757,339759,3,1,1,1
339951,339952,2,1,0,1
340016,340019,4,2,0,2
340036,340044,9,4,3,2
340045,340048,4,3,0,1
340049,340051,3,2,0,1
340055,340059,5,2,1,2
340089,340091,3,1,1,1
340181,340184,4,1,1,2
340188,340190,3,1,0,2
340729,340731,3,2,0,1
340736,340737,2,1,0,1
340759,340760,2,1,0,1
340812,340813,2,1,0,1
341010,341013,4,3,0,1
341078,341080,3,2,0,1
341091,341094,4,1,2,1
341097,341098,2,1,0,1
341104,341105,2,1,0,1
341106,341109,4,1,1,2
341123,341125,3,1,1,1
341137,341138,2,1,0,1
341139,341142,4,1,1,2
341177,341180,4,1,1,2
341191,341193,3,1,0,2
341208,341209,2,1,0,1
341217,341219,3,2,0,1
341240,341242,3,2,0,1
341296,341297,2,1,0,1
341334,341336,3,2,0,1
341567,341568,2,1,0,1
341592,341593,2,1,0,1
341633,341634,2,1,0,1
341638,341640,3,2,0,1
341648,341653,6,2,0,4
341656,341657,2,1,0,1
341680,341681,2,1,0,1
341692,341693,2,1,0,1
341716,341720,5,4,0,1
341721,341729,9,1,6,2
341818,341820,3,1,0,2
341824,341826,3,1,1,1
341829,341832,4,1,2,1
341838,341842,5,1,0,4
341853,341855,3,1,0,2
341857,341859,3,1,0,2
341869,341872,4,2,0,2
341885,341887,3,1,1,1
341891,341892,2,1,0,1
341904,341911,8,5,2,1
341940,341944,5,2,2,1
341948,341953,6,4,1,1
341974,341978,5,3,0,2
341983,341985,3,1,1,1
341997,341999,3,2,0,1
342007,342009,3,1,0,2
342018,342019,2,1,0,1
342022,342023,2,1,0,1
342026,342029,4,2,0,2
342035,342036,2,1,0,1
342067,342071,5,2,1,2
342204,342205,2,1,0,1
342207,342208,2,1,0,1
342503,342505,3,2,0,1
342686,342688,3,2,0,1
342699,342700,2,1,0,1
342701,342702,2,1,0,1
342711,342715,5,4,0,1
342716,342720,5,4,0,1
343887,343889,3,1,0,2
344129,344132,4,1,1,2
344942,344946,5,1,1,3
345671,345674,4,3,0,1
350852,350853,2,1,0,1
350894,350896,3,1,0,2
350897,350900,4,1,1,2
351065,351066,2,1,0,1
351455,351458,4,1,2,1
351540,351541,2,1,0,1
352093,352098,6,2,3,1
352478,352481,4,3,0,1
352482,352484,3,1,1,1
352529,352531,3,1,0,2
352564,352565,2,1,0,1
352958,352963,6,2,2,2
353371,353372,2,1,0,1
357640,357643,4,2,1,1
357649,357652,4,1,2,1
357660,357662,3,1,1,1
357676,357677,2,1,0,1
357678,357683,6,1,3,2
357692,357696,5,2,2,1
357697,357699,3,1,0,2
357716,357718,3,1,0,2
357727,357733,7,1,4,2
357747,357750,4,2,0,2
357770,357773,4,1,2,1
357779,357780,2,1,0,1
357813,357818,6,4,1,1
357824,357826,3,1,1,1
357834,357837,4,2,1,1
357842,357843,2,1,0,1
357848,357850,3,1,1,1
357865,357868,4,1,2,1
357881,357882,2,1,0,1
357917,357924,8,5,1,2
357930,357932,3,1,0,2
357935,357937,3,1,1,1
357956,357957,2,1,0,1
357992,357994,3,1,0,2
357996,357998,3,1,1,1
357999,358002,4,2,0,2
358019,358022,4,2,1,1
358026,358029,4,3,0,1
358055,358058,4,1,2,1
358083,358084,2,1,0,1
358086,358089,4,2,1,1
358091,358094,4,3,0,1
358107,358113,7,1,5,1
358133,358136,4,1,2,1
358138,358140,3,1,1,1
358145,358155,11,1,8,2
358157,358158,2,1,0,1
358181,358185,5,2,2,1
358202,358203,2,1,0,1
358210,358211,2,1,0,1
358216,358219,4,1,2,1
358237,358238,2,1,0,1
358254,358255,2,1,0,1
358265,358269,5,1,2,2
358274,358275,2,1,0,1
358287,358288,2,1,0,1
358291,358294,4,2,1,1
358298,358300,3,1,1,1
358301,358302,2,1,0,1
358331,358332,2,1,0,1
358338,358342,5,1,2,2
358351,358352,2,1,0,1
358362,358364,3,2,0,1
358365,358366,2,1,0,1
358399,358400,2,1,0,1
358405,358408,4,1,1,2
358413,358414,2,1,0,1
358425,358430,6,2,3,1
358434,358435,2,1,0,1
358443,358450,8,1,6,1
358457,358458,2,1,0,1
358463,358468,6,2,0,4
358472,358474,3,1,1,1
358485,358489,5,1,2,2
358498,358500,3,1,0,2
358508,358516,9,2,5,2
358521,358524,4,1,1,2
358531,358534,4,1,2,1
358535,358539,5,3,1,1
358540,358543,4,1,2,1
358550,358552,3,1,1,1
358562,358564,3,1,1,1
358590,358592,3,1,0,2
358594,358595,2,1,0,1
358605,358608,4,2,1,1
358619,358620,2,1,0,1
358621,358622,2,1,0,1
358623,358625,3,1,1,1
358633,358634,2,1,0,1
358652,358654,3,2,0,1
358656,358657,2,1,0,1
358658,358662,5,2,2,1
358663,358664,2,1,0,1
358669,358670,2,1,0,1
358671,358673,3,1,1,1
358682,358685,4,2,1,1
358703,358704,2,1,0,1
358736,358737,2,1,0,1
358762,358763,2,1,0,1
358767,358769,3,1,1,1
358794,358796,3,1,0,2
358799,358801,3,2,0,1
358806,358808,3,1,1,1
358831,358833,3,1,0,2
358834,358835,2,1,0,1
358836,358837,2,1,0,1
358838,358840,3,1,1,1
358850,358852,3,1,1,1
358859,358862,4,2,1,1
358863,358864,2,1,0,1
358865,358866,2,1,0,1
358867,358868,2,1,0,1
358876,358878,3,1,0,2
358907,358909,3,2,0,1
358914,358917,4,1,2,1
358934,358935,2,1,0,1
358942,358945,4,1,2,1
358954,358956,3,1,0,2
359005,359009,5,2,2,1
359034,359035,2,1,0,1
359042,359046,5,1,3,1
359064,359065,2,1,0,1
359073,359074,2,1,0,1
359096,359099,4,1,1,2
359119,359125,7,1,5,1
359126,359128,3,2,0,1
359166,359167,2,1,0,1
359206,359207,2,1,0,1
359219,359222,4,1,1,2
359224,359225,2,1,0,1
359230,359233,4,2,1,1
359243,359247,5,2,2,1
359249,359252,4,2,1,1
359255,359257,3,2,0,1
359258,359262,5,2,1,2
359265,359266,2,1,0,1
359267,359268,2,1,0,1
359310,359311,2,1,0,1
359314,359316,3,1,0,2
359330,359333,4,1,1,2
359343,359344,2,1,0,1
359349,359350,2,1,0,1
359353,359355,3,1,0,2
359357,359359,3,1,0,2
359374,359375,2,1,0,1
359386,359392,7,1,3,3
359395,359398,4,1,2,1
359406,359408,3,1,1,1
359409,359411,3,1,0,2
359426,359428,3,2,0,1
359436,359438,3,1,1,1
359458,359461,4,2,0,2
359475,359478,4,1,2,1
359481,359482,2,1,0,1
359487,359488,2,1,0,1
359512,359513,2,1,0,1
359515,359517,3,1,1,1
359519,359521,3,1,1,1
359522,359524,3,1,1,1
359527,359532,6,1,4,1
359540,359541,2,1,0,1
359547,359550,4,1,2,1
359553,359554,2,1,0,1
359560,359561,2,1,0,1
359570,359571,2,1,0,1
359580,359582,3,1,1,1
359583,359586,4,1,1,2
359615,359617,3,1,0,2
359618,359620,3,1,1,1
359621,359624,4,1,2,1
359628,359631,4,2,1,1
359632,359635,4,1,2,1
359637,359639,3,1,0,2
359655,359656,2,1,0,1
359669,359670,2,1,0,1
359680,359682,3,1,1,1
359708,359710,3,1,0,2
359715,359716,2,1,0,1
359726,359727,2,1,0,1
359732,359736,5,2,2,1
359737,359741,5,2,1,2
359746,359747,2,1,0,1
359776,359778,3,1,1,1
359779,359780,2,1,0,1
359808,359811,4,1,0,3
359827,359828,2,1,0,1
359832,359834,3,2,0,1
359837,359840,4,1,1,2
359861,359863,3,1,0,2
359867,359869,3,1,1,1
359881,359883,3,1,1,1
359893,359894,2,1,0,1
359898,359899,2,1,0,1
359907,359908,2,1,0,1
359954,359956,3,2,0,1
359957,359958,2,1,0,1
359961,359964,4,1,2,1
359976,359977,2,1,0,1
359986,359992,7,1,2,4
360016,360020,5,1,3,1
360039,360040,2,1,0,1
360065,360067,3,1,1,1
360071,360072,2,1,0,1
360087,360090,4,1,2,1
360094,360101,8,4,2,2
360106,360108,3,1,1,1
360114,360115,2,1,0,1
360123,360128,6,2,3,1
360138,360140,3,1,0,2
360141,360143,3,1,0,2
360161,360163,3,1,1,1
360175,360177,3,1,0,2
360181,360182,2,1,0,1
360184,360187,4,1,2,1
360201,360203,3,1,1,1
360221,360223,3,1,1,1
360236,360237,2,1,0,1
360241,360242,2,1,0,1
360254,360257,4,3,0,1
360258,360259,2,1,0,1
360265,360267,3,1,0,2
360271,360272,2,1,0,1
360285,360286,2,1,0,1
360287,360288,2,1,0,1
360315,360316,2,1,0,1
360361,360362,2,1,0,1
360365,360366,2,1,0,1
360380,360381,2,1,0,1
360390,360392,3,1,0,2
360429,360432,4,2,0,2
360433,360439,7,1,3,3
360487,360488,2,1,0,1
360522,360523,2,1,0,1
360537,360540,4,3,0,1
360547,360549,3,1,1,1
360553,360555,3,2,0,1
360561,360564,4,2,0,2
360574,360578,5,1,3,1
360580,360583,4,1,0,3
360596,360599,4,1,2,1
360634,360636,3,1,0,2
360637,360638,2,1,0,1
360666,360669,4,2,0,2
360683,360684,2,1,0,1
360685,360686,2,1,0,1
360699,360701,3,1,1,1
360747,360749,3,1,1,1
360759,360761,3,1,0,2
360773,360776,4,1,2,1
360777,360780,4,1,2,1
360785,360786,2,1,0,1
360790,360792,3,1,0,2
360815,360817,3,1,1,1
360818,360821,4,1,2,1
360834,360835,2,1,0,1
360885,360888,4,1,2,1
360890,360891,2,1,0,1
360894,360898,5,2,0,3
360947,360953,7,2,4,1
360956,360958,3,1,0,2
360967,360968,2,1,0,1
360973,360980,8,1,5,2
360985,360990,6,1,4,1
361039,361041,3,1,1,1
361057,361058,2,1,0,1
361067,361069,3,1,0,2
361091,361092,2,1,0,1
361105,361107,3,2,0,1
361111,361113,3,1,0,2
361117,361118,2,1,0,1
361128,361129,2,1,0,1
361132,361133,2,1,0,1
361134,361135,2,1,0,1
361186,361188,3,1,1,1
361191,361192,2,1,0,1
361200,361205,6,2,3,1
361206,361208,3,1,1,1
361212,361214,3,1,1,1
361215,361216,2,1,0,1
361233,361234,2,1,0,1
361241,361242,2,1,0,1
361249,361251,3,1,0,2
361262,361263,2,1,0,1
361277,361278,2,1,0,1
361295,361297,3,1,0,2
361305,361307,3,1,0,2
361319,361320,2,1,0,1
361339,361341,3,1,1,1
361348,361351,4,1,2,1
361386,361389,4,2,0,2
361399,361400,2,1,0,1
361413,361418,6,2,2,2
361430,361433,4,2,1,1
361459,361461,3,1,1,1
361514,361517,4,1,2,1
361518,361520,3,1,0,2
361585,361587,3,1,0,2
361612,361615,4,2,1,1
361617,361618,2,1,0,1
361630,361631,2,1,0,1
361642,361643,2,1,0,1
361655,361656,2,1,0,1
361673,361675,3,1,0,2
361694,361696,3,1,1,1
361697,361698,2,1,0,1
361728,361729,2,1,0,1
361731,361736,6,1,4,1
361742,361745,4,2,0,2
361752,361754,3,1,0,2
361764,361767,4,2,0,2
361788,361790,3,1,1,1
361796,361797,2,1,0,1
361808,361809,2,1,0,1
361813,361815,3,1,0,2
361826,361827,2,1,0,1
361830,361833,4,1,2,1
361871,361873,3,1,1,1
361883,361884,2,1,0,1
361886,361891,6,1,0,5
361899,361900,2,1,0,1
361912,361913,2,1,0,1
361917,361920,4,1,2,1
361957,361958,2,1,0,1
361961,361964,4,1,2,1
361967,361969,3,2,0,1
361981,361982,2,1,0,1
361998,362000,3,2,0,1
362012,362017,6,1,4,1
362018,362019,2,1,0,1
362030,362031,2,1,0,1
362039,362040,2,1,0,1
362047,362051,5,2,0,3
362056,362058,3,1,0,2
362075,362076,2,1,0,1
362080,362081,2,1,0,1
362121,362124,4,1,1,2
362128,362130,3,1,1,1
362135,362137,3,1,1,1
362149,362155,7,1,4,2
362179,362182,4,1,1,2
362190,362193,4,1,2,1
362196,362197,2,1,0,1
362209,362212,4,1,2,1
362213,362214,2,1,0,1
362221,362223,3,1,1,1
362231,362235,5,1,3,1
362244,362246,3,2,0,1
362261,362265,5,1,1,3
362266,362269,4,1,0,3
362271,362273,3,1,1,1
362281,362283,3,1,1,1
362331,362333,3,1,1,1
362334,362336,3,2,0,1
362341,362345,5,1,3,1
362346,362348,3,2,0,1
362349,362352,4,2,1,1
362375,362376,2,1,0,1
362386,362388,3,1,0,2
362391,362392,2,1,0,1
362410,362411,2,1,0,1
362423,362424,2,1,0,1
362432,362435,4,2,1,1
362452,362455,4,1,1,2
362470,362472,3,1,1,1
362481,362483,3,1,1,1
362503,362505,3,1,0,2
362520,362525,6,1,3,2
362539,362542,4,1,2,1
362551,362552,2,1,0,1
362556,362558,3,2,0,1
362563,362564,2,1,0,1
362574,362576,3,2,0,1
362581,362583,3,1,0,2
362607,362609,3,2,0,1
362617,362619,3,1,0,2
362620,362621,2,1,0,1
362637,362640,4,1,2,1
362661,362664,4,2,1,1
362665,362667,3,1,1,1
362672,362676,5,1,1,3
362679,362680,2,1,0,1
362716,362719,4,2,0,2
362729,362732,4,1,1,2
362742,362744,3,1,0,2
362766,362769,4,1,1,2
362774,362777,4,2,0,2
362787,362790,4,1,2,1
362794,362795,2,1,0,1
362796,362797,2,1,0,1
362807,362810,4,1,2,1
362820,362821,2,1,0,1
362826,362830,5,2,0,3
362844,362847,4,2,0,2
362851,362852,2,1,0,1
362908,362909,2,1,0,1
362930,362932,3,1,1,1
362933,362934,2,1,0,1
362935,362937,3,2,0,1
362946,362948,3,1,0,2
362969,362971,3,1,0,2
363026,363028,3,1,0,2
363053,363056,4,1,0,3
363098,363099,2,1,0,1
363103,363117,15,1,10,4
363141,363142,2,1,0,1
363162,363163,2,1,0,1
363164,363165,2,1,0,1
363168,363170,3,1,1,1
363173,363176,4,2,1,1
363193,363194,2,1,0,1
363200,363202,3,1,1,1
363206,363207,2,1,0,1
363214,363217,4,1,2,1
363229,363230,2,1,0,1
363231,363232,2,1,0,1
363234,363235,2,1,0,1
363243,363245,3,1,1,1
363246,363248,3,2,0,1
363270,363271,2,1,0,1
363305,363307,3,1,1,1
363321,363322,2,1,0,1
363324,363326,3,1,0,2
363342,363343,2,1,0,1
363353,363355,3,1,0,2
363356,363359,4,1,1,2
363378,363381,4,1,1,2
363387,363389,3,1,1,1
363503,363505,3,1,1,1
363523,363525,3,1,0,2
363553,363554,2,1,0,1
363566,363567,2,1,0,1
363571,363572,2,1,0,1
363573,363576,4,1,2,1
363587,363590,4,2,1,1
363593,363597,5,2,2,1
363614,363619,6,1,4,1
363631,363636,6,5,0,1
363651,363652,2,1,0,1
363666,363668,3,2,0,1
363673,363676,4,3,0,1
363679,363688,10,1,7,2
363689,363693,5,1,2,2
363706,363707,2,1,0,1
363708,363709,2,1,0,1
363718,363722,5,1,2,2
363735,363737,3,1,1,1
363767,363768,2,1,0,1
363776,363779,4,1,2,1
363799,363800,2,1,0,1
363808,363809,2,1,0,1
363820,363821,2,1,0,1
363832,363835,4,2,1,1
363853,363854,2,1,0,1
363881,363883,3,2,0,1
363922,363924,3,1,1,1
363964,363965,2,1,0,1
363977,363980,4,1,2,1
363984,363986,3,1,0,2
363990,363994,5,1,2,2
364001,364004,4,1,2,1
364011,364012,2,1,0,1
364018,364022,5,1,2,2
364053,364056,4,1,2,1
364070,364071,2,1,0,1
364086,364088,3,1,1,1
364089,364090,2,1,0,1
364091,364092,2,1,0,1
364094,364095,2,1,0,1
364109,364110,2,1,0,1
364163,364164,2,1,0,1
364167,364170,4,1,1,2
364175,364177,3,2,0,1
364295,364296,2,1,0,1
364325,364329,5,1,1,3
364331,364333,3,1,1,1
364336,364337,2,1,0,1
364346,364347,2,1,0,1
364360,364361,2,1,0,1
364430,364432,3,1,0,2
364434,364437,4,3,0,1
364455,364456,2,1,0,1
364461,364462,2,1,0,1
364483,364485,3,2,0,1
364489,364490,2,1,0,1
364491,364492,2,1,0,1
364504,364505,2,1,0,1
364513,364514,2,1,0,1
364515,364519,5,1,2,2
364527,364528,2,1,0,1
364534,364536,3,1,1,1
364537,364541,5,1,3,1
364542,364543,2,1,0,1
364571,364574,4,1,0,3
364592,364593,2,1,0,1
364603,364605,3,1,1,1
364726,364730,5,2,0,3
364758,364759,2,1,0,1
364767,364768,2,1,0,1
364851,364852,2,1,0,1
364863,364864,2,1,0,1
364971,364976,6,1,4,1
365012,365014,3,1,0,2
365035,365036,2,1,0,1
365087,365089,3,1,0,2
365139,365142,4,2,0,2
365168,365170,3,1,1,1
365182,365184,3,2,0,1
365193,365194,2,1,0,1
365235,365237,3,2,0,1
365270,365275,6,2,2,2
365277,365280,4,2,1,1
365326,365327,2,1,0,1
365348,365351,4,1,2,1
365362,365365,4,2,1,1
365376,365380,5,1,2,2
365390,365391,2,1,0,1
365399,365402,4,2,1,1
365456,365459,4,3,0,1
365492,365497,6,1,3,2
365514,365515,2,1,0,1
365539,365545,7,5,1,1
365577,365580,4,1,1,2
365700,365703,4,2,0,2
365785,365787,3,1,1,1
365843,365844,2,1,0,1
365856,365857,2,1,0,1
365912,365913,2,1,0,1
365914,365918,5,1,0,4
365922,365924,3,1,1,1
365997,366002,6,1,4,1
366015,366018,4,1,2,1
366189,366192,4,2,1,1
366293,366295,3,2,0,1
366316,366317,2,1,0,1
366318,366320,3,2,0,1
366322,366323,2,1,0,1
366333,366337,5,2,2,1
366386,366387,2,1,0,1
366436,366438,3,1,1,1
366439,366443,5,3,0,2
366447,366449,3,1,1,1
366570,366571,2,1,0,1
366667,366668,2,1,0,1
366671,366675,5,3,0,2
366678,366682,5,1,3,1
366685,366686,2,1,0,1
366708,366712,5,1,3,1
366716,366721,6,1,4,1
366755,366760,6,1,1,4
366774,366781,8,1,6,1
366786,366790,5,1,3,1
366810,366814,5,1,1,3
366839,366840,2,1,0,1
366952,366953,2,1,0,1
366974,366976,3,1,0,2
367008,367009,2,1,0,1
367088,367089,2,1,0,1
367105,367110,6,1,3,2
367118,367119,2,1,0,1
367159,367163,5,1,1,3
367213,367218,6,1,4,1
367247,367249,3,1,0,2
367275,367281,7,1,1,5
367339,367340,2,1,0,1
367351,367354,4,1,2,1
367355,367357,3,1,1,1
367407,367408,2,1,0,1
367454,367455,2,1,0,1
367456,367463,8,1,5,2
367563,367565,3,1,1,1
367695,367697,3,2,0,1
367708,367711,4,1,0,3
367735,367736,2,1,0,1
367851,367854,4,1,1,2
367923,367928,6,1,0,5
368003,368007,5,1,1,3
368035,368036,2,1,0,1
368162,368163,2,1,0,1
368171,368174,4,1,1,2
368219,368222,4,2,1,1
368232,368233,2,1,0,1
368256,368259,4,1,2,1
368297,368304,8,1,3,4
368317,368318,2,1,0,1
368349,368355,7,1,5,1
368462,368483,22,2,18,2
368577,368639,63,1,61,1
368700,368709,10,1,6,3
368717,368728,12,1,10,1
368825,368827,3,1,0,2
368846,368855,10,1,7,2
368951,368952,2,1,0,1
368997,368998,2,1,0,1
369131,369134,4,1,0,3
369470,369483,14,1,8,5
369532,369536,5,2,0,3
369593,369596,4,1,2,1
369615,369622,8,1,0,7
369729,369734,6,1,4,1
369760,369873,114,1,111,2
370019,370020,2,1,0,1
370608,370816,209,1,204,4
370828,370832,5,1,2,2
370834,370835,2,1,0,1
371064,371066,3,1,0,2
371264,371265,2,1,0,1
371266,371268,3,1,1,1
371270,371271,2,1,0,1
371275,371280,6,2,3,1
371282,371286,5,3,1,1
371312,371315,4,1,0,3
371377,371379,3,2,0,1
371448,371454,7,1,2,4
371455,371460,6,2,0,4
371723,371728,6,5,0,1
371746,371749,4,1,0,3
372038,372041,4,2,0,2
372110,372114,5,4,0,1
372226,372228,3,1,0,2
372435,372436,2,1,0,1
372456,372457,2,1,0,1
372961,372963,3,1,0,2
372980,373017,38,1,36,1
373256,373333,78,1,24,53
374366,374398,33,1,31,1
374466,374468,3,1,1,1
374942,375109,168,1,0,167
375484,375648,165,1,11,153
376049,376051,3,1,1,1
376064,376068,5,1,3,1
376071,376073,3,1,0,2
376145,376147,3,1,1,1
376171,376172,2,1,0,1
376177,376182,6,1,3,2
376200,376201,2,1,0,1
376227,376229,3,1,0,2
376276,376277,2,1,0,1
376282,376284,3,1,1,1
376301,376304,4,1,2,1
376310,376314,5,2,2,1
376325,376330,6,1,4,1
376648,376663,16,5,7,4
376664,376670,7,2,2,3
376671,376676,6,1,4,1
376683,376689,7,5,0,2
376690,376692,3,2,0,1
376777,376784,8,5,2,1
376845,376854,10,3,6,1
376880,376882,3,1,1,1
376885,376890,6,2,0,4
376901,376902,2,1,0,1
376921,376923,3,1,1,1
376936,376939,4,1,2,1
376975,376978,4,1,2,1
376985,376993,9,1,6,2
377124,377133,10,5,3,2
377183,377189,7,1,5,1
377201,377203,3,2,0,1
377228,377233,6,1,3,2
377262,377267,6,2,3,1
377288,377316,29,4,21,4
377358,377368,11,1,9,1
377480,377486,7,2,4,1
377490,377496,7,5,0,2
377654,377659,6,5,0,1
377685,377687,3,2,0,1
377778,377784,7,5,1,1
377786,377793,8,1,1,6
377808,377813,6,5,0,1
377821,377826,6,5,0,1
378135,378141,7,5,1,1
378142,378143,2,1,0,1
378145,378147,3,2,0,1
378390,378393,4,3,0,1
378672,378677,6,5,0,1
378694,378699,6,5,0,1
378712,378717,6,5,0,1
378740,378763,24,1,0,23
379033,379041,9,4,4,1
379054,379084,31,1,0,30
379097,379102,6,3,1,2
379111,379119,9,1,1,7
379120,379121,2,1,0,1
379134,379137,4,2,0,2
379150,379184,35,2,0,33
379215,379223,9,1,7,1
379239,379247,9,1,7,1
379261,379266,6,2,3,1
379279,379280,2,1,0,1
379295,379297,3,1,1,1
379336,379337,2,1,0,1
379378,379380,3,2,0,1
379398,379404,7,5,1,1
379408,379411,4,1,0,3
379414,379421,8,2,5,1
379476,379478,3,1,0,2
379591,379592,2,1,0,1
379599,379602,4,1,0,3
379607,379611,5,1,1,3
379613,379615,3,2,0,1
379791,379798,8,1,3,4
379854,379857,4,1,0,3
379926,379928,3,2,0,1
379939,379942,4,1,0,3
379952,379954,3,1,0,2
380036,380041,6,1,1,4
380042,380050,9,1,2,6
380096,380098,3,1,0,2
380178,380181,4,1,0,3
380236,380237,2,1,0,1
380266,380267,2,1,0,1
380316,380319,4,1,1,2
380333,380334,2,1,0,1
380368,380370,3,1,0,2
380478,380480,3,1,0,2
380530,380532,3,1,0,2
380550,380553,4,1,2,1
380572,380574,3,1,0,2
380695,380696,2,1,0,1
380781,380784,4,1,1,2
380793,380799,7,1,0,6
381006,381008,3,1,1,1
381166,381168,3,1,1,1
381204,381210,7,1,0,6
381216,381221,6,1,0,5
381300,381303,4,1,0,3
381461,381462,2,1,0,1
381496,381500,5,1,3,1
381575,381577,3,1,1,1
381592,381604,13,1,11,1
381623,381649,27,1,25,1
381686,381691,6,1,4,1
381732,381733,2,1,0,1
381787,381797,11,5,0,6
381803,381808,6,1,4,1
381847,381853,7,2,4,1
381905,381908,4,3,0,1
381919,381922,4,3,0,1
382010,382013,4,3,0,1
382112,382115,4,1,1,2
382127,382132,6,4,1,1
382196,382205,10,1,1,8
382218,382226,9,5,2,2
382230,382233,4,1,2,1
382239,382254,16,5,0,11
382280,382283,4,1,2,1
382289,382290,2,1,0,1
382292,382294,3,1,1,1
382308,382310,3,2,0,1
382311,382316,6,3,1,2
382317,382320,4,2,0,2
382321,382324,4,1,0,3
382344,382345,2,1,0,1
382374,382384,11,2,4,5
382417,382422,6,1,4,1
382444,382447,4,1,2,1
382454,382455,2,1,0,1
382500,382503,4,1,0,3
382636,382639,4,1,1,2
382641,382648,8,1,6,1
382671,382677,7,5,1,1
382696,382698,3,2,0,1
382699,382705,7,1,0,6
382706,382708,3,1,0,2
382713,382717,5,3,0,2
382721,382723,3,1,1,1
382805,382807,3,2,0,1
382862,382864,3,2,0,1
382917,382924,8,4,2,2
382946,382948,3,2,0,1
382966,382971,6,1,3,2
383078,383083,6,4,1,1
383138,383139,2,1,0,1
383149,383150,2,1,0,1
383219,383222,4,2,1,1
383424,383426,3,1,1,1
383433,383435,3,1,0,2
383490,383491,2,1,0,1
383516,383518,3,1,1,1
383640,383642,3,1,1,1
383659,383660,2,1,0,1
383682,383684,3,1,1,1
383706,383708,3,2,0,1
383757,383759,3,2,0,1
383769,383771,3,1,0,2
383780,383794,15,1,13,1
383838,383839,2,1,0,1
383844,383846,3,1,1,1
383864,383871,8,2,5,1
383891,383903,13,1,11,1
383914,383916,3,1,1,1
383991,383996,6,1,4,1
384011,384015,5,2,2,1
384052,384053,2,1,0,1
384069,384094,26,1,24,1
384113,384122,10,1,8,1
384138,384144,7,1,5,1
384176,384187,12,1,10,1
384196,384198,3,1,1,1
384221,384222,2,1,0,1
384229,384233,5,1,3,1
384282,384284,3,1,1,1
384308,384315,8,1,6,1
384327,384332,6,1,4,1
384404,384405,2,1,0,1
384423,384427,5,1,3,1
384435,384436,2,1,0,1
384456,384463,8,1,6,1
384559,384561,3,1,1,1
384564,384572,9,1,7,1
384713,384725,13,1,9,3
384756,384757,2,1,0,1
384777,384781,5,3,1,1
384791,384792,2,1,0,1
384796,384804,9,1,7,1
384809,384816,8,1,6,1
384817,384821,5,2,2,1
384842,384847,6,1,4,1
384977,384980,4,3,0,1
385031,385036,6,4,1,1
385053,385057,5,1,3,1
385067,385085,19,1,17,1
385116,385120,5,1,3,1
385132,385136,5,1,3,1
385227,385230,4,1,2,1
385242,385244,3,1,1,1
385245,385247,3,2,0,1
385295,385298,4,1,2,1
385350,385353,4,1,2,1
385360,385363,4,1,2,1
385408,385415,8,1,4,3
385441,385443,3,1,0,2
385537,385541,5,1,3,1
385572,385586,15,1,13,1
385593,385595,3,1,1,1
385604,385616,13,1,10,2
385625,385633,9,1,7,1
385644,385652,9,1,7,1
385684,385702,19,1,17,1
385752,385761,10,2,7,1
385781,385783,3,1,1,1
385810,385837,28,1,26,1
385841,385844,4,1,2,1
385845,385854,10,1,8,1
385886,385892,7,1,5,1
385902,385906,5,1,3,1
385913,385916,4,1,2,1
385937,385943,7,1,5,1
385951,385952,2,1,0,1
385962,385970,9,1,7,1
385982,385991,10,1,8,1
386006,386013,8,3,4,1
386015,386018,4,2,1,1
386057,386064,8,2,5,1
386071,386073,3,1,1,1
386100,386102,3,1,1,1
386106,386107,2,1,0,1
386110,386117,8,1,6,1
386126,386135,10,1,8,1
386166,386169,4,1,2,1
386184,386187,4,1,2,1
386218,386230,13,1,11,1
386239,386243,5,2,1,2
386246,386249,4,1,2,1
386277,386280,4,1,2,1
386290,386291,2,1,0,1
386292,386307,16,1,14,1
386326,386330,5,2,2,1
386334,386344,11,2,8,1
386345,386349,5,2,2,1
386371,386378,8,1,6,1
386381,386387,7,2,4,1
386389,386392,4,2,1,1
386398,386400,3,2,0,1
386402,386408,7,1,5,1
386413,386416,4,2,1,1
386442,386449,8,1,6,1
386485,386487,3,1,1,1
386530,386532,3,1,1,1
386546,386551,6,1,3,2
386559,386561,3,1,1,1
386596,386600,5,2,2,1
386639,386651,13,1,11,1
386670,386676,7,1,5,1
386691,386694,4,1,2,1
386737,386740,4,1,2,1
386781,386786,6,1,4,1
386823,386829,7,1,4,2
386840,386842,3,1,1,1
386864,386871,8,1,6,1
386950,386951,2,1,0,1
386956,386965,10,1,7,2
386988,386990,3,1,1,1
387002,387007,6,1,4,1
387011,387015,5,1,3,1
387029,387035,7,1,5,1
387071,387074,4,1,1,2
387078,387082,5,1,3,1
387094,387100,7,1,5,1
387130,387135,6,1,4,1
387158,387166,9,3,4,2
387171,387174,4,2,0,2
387179,387182,4,1,2,1
387192,387198,7,3,3,1
387219,387222,4,2,1,1
387289,387294,6,5,0,1
387299,387309,11,1,9,1
387321,387322,2,1,0,1
387331,387333,3,2,0,1
387347,387349,3,1,0,2
387360,387366,7,5,0,2
387383,387386,4,1,0,3
387387,387388,2,1,0,1
387389,387391,3,2,0,1
387392,387393,2,1,0,1
387394,387396,3,2,0,1
387418,387420,3,1,0,2
387481,387483,3,2,0,1
387623,387624,2,1,0,1
387627,387631,5,2,2,1
387640,387642,3,1,1,1
387658,387664,7,2,3,2
387682,387686,5,3,1,1
387688,387694,7,2,4,1
387732,387734,3,2,0,1
387735,387736,2,1,0,1
387737,387739,3,1,0,2
387746,387750,5,2,1,2
387751,387752,2,1,0,1
387807,387813,7,1,5,1
387887,387894,8,2,5,1
387896,387897,2,1,0,1
387974,387981,8,2,5,1
388024,388028,5,2,2,1
388054,388057,4,2,1,1
388062,388065,4,2,0,2
388066,388072,7,1,4,2
388093,388095,3,2,0,1
388097,388100,4,3,0,1
388108,388114,7,5,1,1
388115,388116,2,1,0,1
388163,388167,5,3,0,2
388214,388217,4,3,0,1
388291,388294,4,3,0,1
388306,388310,5,2,1,2
388334,388336,3,2,0,1
388347,388354,8,1,6,1
388365,388375,11,1,9,1
388433,388435,3,1,0,2
388475,388477,3,2,0,1
388499,388503,5,1,3,1
388575,388589,15,3,8,4
388945,388981,37,1,35,1
389045,389046,2,1,0,1
389052,389056,5,3,0,2
389059,389062,4,3,0,1
389157,389160,4,1,2,1
389213,389219,7,1,4,2
389221,389222,2,1,0,1
389226,389227,2,1,0,1
389247,389248,2,1,0,1
389264,389268,5,1,3,1
389269,389272,4,2,1,1
389283,389285,3,2,0,1
389287,389290,4,2,0,2
389304,389305,2,1,0,1
389312,389315,4,1,2,1
389319,389320,2,1,0,1
389327,389330,4,1,1,2
389342,389345,4,1,2,1
389363,389364,2,1,0,1
389365,389373,9,1,7,1
389378,389379,2,1,0,1
389384,389387,4,1,1,2
389415,389418,4,2,0,2
389419,389424,6,1,4,1
389432,389438,7,1,5,1
389439,389446,8,2,1,5
389448,389452,5,2,2,1
389456,389459,4,1,0,3
389469,389470,2,1,0,1
389473,389474,2,1,0,1
389477,389479,3,1,0,2
389485,389486,2,1,0,1
389503,389505,3,2,0,1
389507,389511,5,2,1,2
389521,389525,5,1,3,1
389531,389534,4,3,0,1
389535,389543,9,3,4,2
389546,389548,3,1,1,1
389552,389554,3,2,0,1
389567,389572,6,5,0,1
389600,389607,8,2,5,1
389614,389619,6,5,0,1
389646,389654,9,5,3,1
389661,389680,20,1,2,17
389686,389690,5,3,1,1
389696,389698,3,1,1,1
389705,389707,3,1,1,1
389985,389988,4,1,2,1
389989,389992,4,1,2,1
389993,389994,2,1,0,1
389998,389999,2,1,0,1
390003,390005,3,2,0,1
390353,390360,8,5,2,1
390366,390369,4,1,0,3
390378,390383,6,5,0,1
390386,390387,2,1,0,1
390398,390400,3,2,0,1
390404,390405,2,1,0,1
390418,390420,3,1,0,2
390437,390438,2,1,0,1
390464,390469,6,2,0,4
390470,390474,5,2,2,1
390477,390479,3,2,0,1
390495,390496,2,1,0,1
390497,390499,3,1,0,2
390521,390526,6,1,4,1
390528,390532,5,2,0,3
390541,390547,7,5,1,1
390551,390554,4,1,2,1
390557,390559,3,1,1,1
390563,390568,6,5,0,1
390609,390611,3,2,0,1
390613,390617,5,1,3,1
390713,390715,3,2,0,1
390727,390731,5,4,0,1
390735,390739,5,4,0,1
390749,390755,7,5,1,1
390770,390773,4,1,2,1
390800,390806,7,5,1,1
390809,390811,3,2,0,1
390835,390840,6,5,0,1
390889,390892,4,2,1,1
390960,390961,2,1,0,1
390970,390972,3,1,1,1
390980,390981,2,1,0,1
390984,390989,6,5,0,1
391381,391386,6,5,0,1
391400,391405,6,5,0,1
391409,391413,5,4,0,1
391418,391423,6,5,0,1
391430,391432,3,2,0,1
391436,391441,6,5,0,1
391442,391445,4,2,1,1
391446,391449,4,3,0,1
391469,391474,6,4,1,1
391520,391523,4,1,2,1
391527,391529,3,2,0,1
391531,391535,5,1,3,1
391585,391590,6,5,0,1
391596,391599,4,3,0,1
391618,391619,2,1,0,1
391636,391638,3,2,0,1
391645,391647,3,1,1,1
391649,391654,6,5,0,1
391659,391662,4,3,0,1
391704,391710,7,4,2,1
391759,391763,5,3,1,1
391766,391771,6,5,0,1
391772,391776,5,4,0,1
391778,391784,7,5,1,1
391853,391856,4,2,1,1
391862,391871,10,4,5,1
391923,391927,5,2,0,3
391928,391932,5,3,0,2
391934,391936,3,2,0,1
391950,391952,3,2,0,1
392039,392041,3,2,0,1
392053,392055,3,1,0,2
392075,392083,9,1,4,4
392104,392105,2,1,0,1
392123,392125,3,1,1,1
392130,392134,5,2,0,3
392152,392156,5,1,3,1
392158,392159,2,1,0,1
392191,392192,2,1,0,1
392204,392211,8,5,1,2
392212,392220,9,5,3,1
392287,392288,2,1,0,1
392445,392450,6,5,0,1
392451,392453,3,1,1,1
392465,392466,2,1,0,1
392467,392468,2,1,0,1
392570,392572,3,2,0,1
392579,392580,2,1,0,1
392619,392625,7,5,1,1
392629,392635,7,4,0,3
392654,392655,2,1,0,1
392754,392757,4,3,0,1
392794,392797,4,3,0,1
392800,392802,3,2,0,1
392826,392832,7,5,0,2
392895,392901,7,5,1,1
392935,392940,6,5,0,1
392953,392955,3,1,0,2
392965,392970,6,4,0,2
392973,392976,4,3,0,1
392983,392986,4,3,0,1
393011,393022,12,5,0,7
393060,393061,2,1,0,1
393062,393063,2,1,0,1
393085,393091,7,5,1,1
393092,393097,6,2,1,3
393104,393112,9,2,5,2
393113,393117,5,4,0,1
393147,393153,7,3,3,1
393154,393155,2,1,0,1
393190,393196,7,5,0,2
393202,393203,2,1,0,1
393283,393292,10,2,7,1
393366,393379,14,5,0,9
393381,393386,6,5,0,1
393388,393393,6,5,0,1
393397,393398,2,1,0,1
393401,393404,4,1,1,2
393440,393446,7,5,0,2
393450,393460,11,5,1,5
393468,393471,4,2,1,1
393475,393477,3,2,0,1
393479,393482,4,2,0,2
393484,393487,4,1,1,2
393931,393936,6,5,0,1
393939,393940,2,1,0,1
393946,393948,3,1,1,1
393951,393952,2,1,0,1
393954,393959,6,1,4,1
393962,393966,5,1,3,1
393980,393983,4,2,0,2
394032,394038,7,5,1,1
394057,394063,7,4,2,1
394064,394066,3,2,0,1
394090,394092,3,1,0,2
394093,394099,7,5,0,2
394100,394101,2,1,0,1
394105,394107,3,1,0,2
394108,394109,2,1,0,1
394113,394115,3,1,0,2
394129,394133,5,4,0,1
394138,394141,4,3,0,1
394168,394171,4,2,0,2
394175,394180,6,1,3,2
394242,394248,7,5,1,1
394249,394252,4,2,1,1
394288,394294,7,5,1,1
394304,394310,7,5,1,1
394317,394318,2,1,0,1
394322,394331,10,1,8,1
394345,394349,5,3,1,1
394365,394370,6,5,0,1
394373,394375,3,1,1,1
394376,394377,2,1,0,1
394380,394416,37,1,35,1
394515,394517,3,2,0,1
394636,394642,7,5,1,1
394817,394822,6,1,4,1
394826,394829,4,3,0,1
394882,394884,3,2,0,1
394892,394895,4,1,1,2
394896,394899,4,2,1,1
394903,394912,10,1,8,1
394936,394937,2,1,0,1
394948,394949,2,1,0,1
394957,394958,2,1,0,1
394968,394974,7,1,5,1
394980,394981,2,1,0,1
394983,394985,3,1,0,2
394995,394996,2,1,0,1
394997,395002,6,4,0,2
395003,395011,9,1,4,4
395014,395016,3,1,0,2
395017,395021,5,4,0,1
395028,395029,2,1,0,1
395037,395040,4,1,2,1
395044,395047,4,2,0,2
395051,395052,2,1,0,1
395063,395065,3,2,0,1
395068,395077,10,2,7,1
395119,395123,5,1,3,1
395131,395136,6,1,4,1
395204,395205,2,1,0,1
395254,395262,9,1,0,8
395290,395292,3,1,0,2
395299,395301,3,1,1,1
395312,395313,2,1,0,1
395314,395315,2,1,0,1
395321,395324,4,1,2,1
395337,395342,6,1,4,1
395343,395344,2,1,0,1
395346,395348,3,1,1,1
395352,395354,3,1,0,2
395368,395370,3,2,0,1
395379,395384,6,1,4,1
395387,395390,4,1,2,1
395410,395411,2,1,0,1
395415,395417,3,1,1,1
395438,395441,4,1,1,2
395457,395462,6,3,0,3
395475,395476,2,1,0,1
395486,395490,5,2,0,3
395519,395533,15,1,13,1
395555,395560,6,1,4,1
395602,395603,2,1,0,1
395643,395646,4,1,0,3
395693,395695,3,1,0,2
395764,395767,4,1,1,2
395770,395772,3,1,1,1
396131,396132,2,1,0,1
396196,396197,2,1,0,1
396306,396307,2,1,0,1
396356,396357,2,1,0,1
396362,396363,2,1,0,1
396407,396408,2,1,0,1
396504,396505,2,1,0,1
396526,396529,4,1,0,3
396615,396616,2,1,0,1
396676,396677,2,1,0,1
396921,396922,2,1,0,1
396938,396939,2,1,0,1
396955,396959,5,1,0,4
396973,396974,2,1,0,1
397047,397048,2,1,0,1
397098,397101,4,1,0,3
397147,397149,3,1,0,2
397404,397405,2,1,0,1
397600,397603,4,1,2,1
397734,397735,2,1,0,1
397744,397746,3,2,0,1
397747,397753,7,3,3,1
397762,397769,8,5,2,1
397784,397791,8,1,6,1
397838,397839,2,1,0,1
397847,397850,4,2,0,2
397864,397865,2,1,0,1
397890,397895,6,1,4,1
397944,397948,5,1,3,1
397975,397978,4,1,0,3
397985,397987,3,1,1,1
398014,398015,2,1,0,1
398021,398022,2,1,0,1
398037,398040,4,1,2,1
398043,398047,5,1,3,1
398048,398049,2,1,0,1
398066,398068,3,1,1,1
398069,398071,3,1,1,1
398084,398087,4,1,2,1
398094,398096,3,2,0,1
398097,398099,3,1,1,1
398104,398110,7,1,5,1
398128,398129,2,1,0,1
398155,398156,2,1,0,1
398182,398183,2,1,0,1
398199,398206,8,4,2,2
398217,398219,3,2,0,1
398220,398222,3,2,0,1
398227,398230,4,3,0,1
398238,398240,3,1,0,2
398242,398247,6,1,4,1
398252,398257,6,4,1,1
398272,398275,4,1,2,1
398304,398308,5,1,3,1
398309,398313,5,1,3,1
398319,398321,3,1,1,1
398329,398334,6,1,4,1
398347,398349,3,2,0,1
398356,398362,7,2,4,1
398370,398373,4,1,1,2
398380,398381,2,1,0,1
398384,398391,8,2,3,3
398395,398403,9,4,4,1
398405,398408,4,1,1,2
398409,398411,3,1,0,2
398412,398414,3,1,1,1
398424,398427,4,1,1,2
398444,398445,2,1,0,1
398447,398449,3,1,0,2
398454,398455,2,1,0,1
398460,398471,12,1,10,1
398480,398482,3,1,1,1
398491,398498,8,2,5,1
398528,398529,2,1,0,1
398543,398544,2,1,0,1
398548,398549,2,1,0,1
398561,398562,2,1,0,1
398563,398569,7,2,3,2
398584,398588,5,3,0,2
398590,398593,4,3,0,1
398608,398609,2,1,0,1
398665,398669,5,1,3,1
398685,398688,4,1,1,2
398693,398697,5,3,1,1
398698,398702,5,3,0,2
398703,398708,6,1,2,3
398716,398717,2,1,0,1
398730,398736,7,1,3,3
398752,398758,7,5,1,1
398765,398766,2,1,0,1
398784,398787,4,1,0,3
398806,398811,6,5,0,1
398812,398819,8,1,3,4
398826,398827,2,1,0,1
398831,398833,3,1,0,2
398835,398843,9,2,6,1
398845,398846,2,1,0,1
398853,398854,2,1,0,1
398861,398863,3,1,1,1
398874,398880,7,2,2,3
398887,398893,7,1,5,1
398908,398909,2,1,0,1
398914,398917,4,1,2,1
398932,398935,4,2,0,2
398937,398938,2,1,0,1
398940,398941,2,1,0,1
398985,398988,4,2,0,2
399001,399003,3,1,0,2
399010,399014,5,1,3,1
399015,399018,4,2,1,1
399020,399021,2,1,0,1
399026,399028,3,1,1,1
399040,399042,3,1,1,1
399047,399052,6,1,3,2
399075,399081,7,2,4,1
399122,399124,3,1,1,1
399153,399157,5,2,1,2
399162,399168,7,1,5,1
399171,399173,3,1,1,1
399174,399177,4,2,1,1
399179,399182,4,2,1,1
399184,399188,5,1,3,1
399193,399196,4,1,1,2
399204,399208,5,1,3,1
399215,399218,4,2,1,1
399225,399232,8,1,5,2
399234,399235,2,1,0,1
399256,399257,2,1,0,1
399260,399263,4,1,2,1
399269,399270,2,1,0,1
399278,399280,3,1,1,1
399289,399291,3,1,0,2
399300,399307,8,2,4,2
399329,399331,3,1,1,1
399568,399569,2,1,0,1
399654,399659,6,5,0,1
399745,399749,5,2,2,1
399752,399759,8,4,3,1
399836,399842,7,1,1,5
400159,400160,2,1,0,1
400285,400288,4,3,0,1
400299,400307,9,1,3,5
400534,400539,6,5,0,1
400540,400543,4,3,0,1
400731,400739,9,1,7,1
400754,400756,3,1,1,1
400790,400796,7,5,0,2
400917,400922,6,5,0,1
400998,401000,3,2,0,1
401326,401328,3,1,1,1
401359,401360,2,1,0,1
401474,401479,6,5,0,1
401489,401491,3,1,1,1
401709,401714,6,5,0,1
401805,401809,5,2,0,3
401881,401882,2,1,0,1
401912,401918,7,5,1,1
402102,402103,2,1,0,1
402144,402149,6,5,0,1
402256,402261,6,5,0,1
402282,402287,6,5,0,1
402566,402571,6,5,0,1
402572,402573,2,1,0,1
402574,402577,4,2,1,1
402890,402895,6,5,0,1
402985,402987,3,1,1,1
402988,402990,3,2,0,1
403126,403137,12,5,6,1
403147,403150,4,2,1,1
403151,403152,2,1,0,1
403222,403228,7,5,1,1
403262,403267,6,5,0,1
403418,403420,3,1,1,1
403553,403558,6,2,3,1
403559,403562,4,2,0,2
404067,404071,5,2,2,1
404205,404215,11,4,6,1
404236,404241,6,2,2,2
404387,404392,6,5,0,1
404460,404464,5,4,0,1
404481,404490,10,1,8,1
404552,404558,7,5,1,1
404578,404583,6,5,0,1
404595,404603,9,5,2,2
404666,404667,2,1,0,1
404746,404753,8,5,2,1
404842,405018,177,5,170,2
405021,405022,2,1,0,1
405036,405046,11,1,9,1
405050,405052,3,1,1,1
405073,405074,2,1,0,1
405077,405079,3,2,0,1
405080,405085,6,4,1,1
405180,405184,5,2,2,1
405205,405209,5,1,1,3
405228,405235,8,1,6,1
405358,405364,7,5,1,1
405366,405367,2,1,0,1
405385,405389,5,1,3,1
405395,405399,5,1,3,1
405400,405402,3,1,1,1
405410,405413,4,2,0,2
405424,405426,3,1,0,2
405435,405440,6,1,4,1
405456,405458,3,1,0,2
405494,405495,2,1,0,1
405496,405503,8,1,6,1
405538,405544,7,1,4,2
405561,405573,13,4,8,1
405599,405601,3,2,0,1
405649,405656,8,2,5,1
405713,405719,7,1,5,1
405887,405888,2,1,0,1
405890,405897,8,1,6,1
405913,405921,9,5,2,2
405974,405975,2,1,0,1
405992,405995,4,2,1,1
406068,406072,5,1,3,1
406094,406097,4,1,2,1
406125,406128,4,1,2,1
406155,406157,3,1,1,1
406165,406170,6,1,4,1
406193,406196,4,2,1,1
406207,406210,4,1,2,1
406253,406257,5,3,1,1
406268,406273,6,2,3,1
406293,406294,2,1,0,1
406309,406310,2,1,0,1
406313,406315,3,1,1,1
406441,406442,2,1,0,1
406522,406525,4,3,0,1
406697,406706,10,2,7,1
406809,406811,3,2,0,1
406848,406854,7,1,4,2
406863,406867,5,1,3,1
406882,406888,7,4,0,3
406892,406893,2,1,0,1
406900,406904,5,3,0,2
406907,406916,10,5,3,2
407028,407031,4,1,1,2
407051,407055,5,2,1,2
407108,407110,3,1,1,1
407137,407139,3,2,0,1
407191,407192,2,1,0,1
407215,407216,2,1,0,1
407380,407385,6,5,0,1
407401,407403,3,2,0,1
407430,407433,4,1,1,2
407448,407451,4,1,2,1
407588,407593,6,5,0,1
407609,407614,6,1,0,5
407621,407622,2,1,0,1
407690,407694,5,4,0,1
407799,407808,10,4,5,1
407861,407862,2,1,0,1
407900,407901,2,1,0,1
407903,407906,4,3,0,1
407960,407963,4,1,1,2
407972,407974,3,1,1,1
408108,408114,7,5,1,1
408142,408145,4,1,1,2
408280,408283,4,1,1,2
408295,408296,2,1,0,1
408340,408345,6,1,2,3
408404,408405,2,1,0,1
408422,408424,3,1,0,2
408443,408444,2,1,0,1
408465,408468,4,1,2,1
408503,408507,5,1,2,2
408516,408517,2,1,0,1
408596,408598,3,1,1,1
408601,408602,2,1,0,1
408719,408724,6,5,0,1
408736,408739,4,1,2,1
408741,408742,2,1,0,1
408794,408801,8,3,1,4
408804,408805,2,1,0,1
408833,408835,3,1,1,1
408838,408842,5,3,1,1
408860,408868,9,3,0,6
408871,408875,5,1,2,2
408884,408886,3,2,0,1
408962,408963,2,1,0,1
408982,408985,4,1,0,3
409002,409003,2,1,0,1
409081,409086,6,1,0,5
409181,409183,3,1,0,2
409192,409194,3,1,0,2
409343,409344,2,1,0,1
409418,409419,2,1,0,1
409423,409426,4,3,0,1
409429,409432,4,3,0,1
409436,409442,7,4,1,2
409536,409537,2,1,0,1
409620,409621,2,1,0,1
409659,409663,5,1,3,1
409721,409726,6,2,0,4
409753,409754,2,1,0,1
409780,409781,2,1,0,1
409890,409894,5,4,0,1
409981,409982,2,1,0,1
410041,410045,5,3,1,1
410054,410057,4,3,0,1
410060,410065,6,2,1,3
410087,410088,2,1,0,1
410261,410265,5,1,3,1
410289,410295,7,1,5,1
410321,410322,2,1,0,1
410378,410381,4,1,1,2
410399,410400,2,1,0,1
410433,410436,4,1,1,2
410456,410460,5,1,0,4
410491,410493,3,1,1,1
410503,410507,5,1,3,1
410508,410510,3,1,1,1
410517,410518,2,1,0,1
410558,410560,3,1,0,2
410587,410591,5,2,0,3
410595,410597,3,1,1,1
410599,410601,3,1,1,1
410626,410630,5,2,2,1
410652,410653,2,1,0,1
410658,410661,4,2,1,1
410696,410698,3,1,1,1
410705,410706,2,1,0,1
410716,410718,3,1,0,2
410727,410732,6,2,3,1
410749,410752,4,2,1,1
410755,410757,3,1,0,2
410760,410762,3,1,0,2
410763,410765,3,2,0,1
410773,410778,6,1,3,2
410793,410795,3,1,0,2
410812,410816,5,1,2,2
410819,410822,4,1,1,2
410823,410825,3,2,0,1
410828,410833,6,1,0,5
410846,410848,3,1,0,2
410861,410862,2,1,0,1
410893,410897,5,1,0,4
410906,410910,5,2,1,2
410918,410919,2,1,0,1
410939,410941,3,2,0,1
410954,410956,3,1,0,2
410978,410981,4,3,0,1
410982,410985,4,2,0,2
410999,411002,4,2,0,2
411081,411150,70,1,67,2
411564,411572,9,5,0,4
411609,411615,7,4,1,2
411624,411630,7,4,2,1
411637,411639,3,2,0,1
411687,411692,6,5,0,1
411747,411753,7,5,1,1
411755,411758,4,1,2,1
411917,411921,5,1,3,1
411938,411946,9,2,6,1
411973,411979,7,1,5,1
412441,412446,6,4,1,1
412502,412504,3,2,0,1
412554,412560,7,4,1,2
412581,412586,6,2,3,1
412589,412591,3,1,1,1
412717,412723,7,5,0,2
412724,412726,3,1,1,1
412783,412788,6,5,0,1
413362,413369,8,2,5,1
413403,413424,22,1,20,1
413434,413571,138,1,136,1
413922,413937,16,1,14,1
413978,413986,9,1,7,1
414101,414102,2,1,0,1
414154,414156,3,2,0,1
414386,414389,4,3,0,1
414451,414458,8,5,1,2
414713,414715,3,2,0,1
414873,414874,2,1,0,1
414926,414927,2,1,0,1
414986,414987,2,1,0,1
415006,415007,2,1,0,1
415092,415093,2,1,0,1
415144,415160,17,1,14,2
415168,415194,27,1,25,1
415224,415235,12,1,10,1
415275,415277,3,1,1,1
415338,415351,14,1,12,1
415743,415748,6,5,0,1
415897,415901,5,4,0,1
415908,415909,2,1,0,1
415936,415939,4,1,1,2
415940,415944,5,1,3,1
415967,415974,8,1,6,1
416000,416017,18,1,16,1
416617,416621,5,3,1,1
416623,416627,5,2,2,1
416667,416671,5,4,0,1
416680,416681,2,1,0,1
416815,416834,20,1,18,1
416874,416875,2,1,0,1
416983,416986,4,1,2,1
417095,417097,3,2,0,1
417237,417238,2,1,0,1
417343,417348,6,5,0,1
417801,417802,2,1,0,1
418044,418051,8,1,6,1
418069,418073,5,1,1,3
418088,418089,2,1,0,1
418107,418110,4,1,2,1
418123,418126,4,3,0,1
418134,418137,4,1,2,1
418138,418141,4,1,1,2
418240,418241,2,1,0,1
418242,418244,3,2,0,1
418277,418282,6,1,3,2
418340,418341,2,1,0,1
418365,418373,9,2,6,1
418393,418399,7,1,2,4
418412,418414,3,1,0,2
418415,418420,6,2,0,4
418421,418424,4,3,0,1
418470,418478,9,1,7,1
418485,418489,5,1,3,1
418493,418494,2,1,0,1
418580,418586,7,1,5,1
418587,418593,7,5,1,1
418709,418711,3,1,0,2
418763,418764,2,1,0,1
418768,418769,2,1,0,1
418929,418934,6,4,1,1
418989,418995,7,3,1,3
419036,419039,4,1,2,1
419062,419066,5,1,3,1
419101,419104,4,1,0,3
420836,420839,4,1,2,1
420884,420885,2,1,0,1
420891,420892,2,1,0,1
420917,420919,3,2,0,1
420920,420921,2,1,0,1
420922,420927,6,4,0,2
420931,420932,2,1,0,1
420982,420995,14,2,7,5
421010,421014,5,3,0,2
421032,421036,5,1,3,1
421055,421070,16,1,0,15
421101,421102,2,1,0,1
421107,421116,10,2,7,1
421127,421128,2,1,0,1
421143,421146,4,2,1,1
421147,421149,3,1,1,1
421159,421161,3,1,1,1
421162,421164,3,1,1,1
421182,421185,4,2,0,2
421187,421189,3,1,0,2
421194,421202,9,1,6,2
421205,421208,4,3,0,1
421253,421256,4,1,1,2
421331,421341,11,5,1,5
421351,421354,4,1,0,3
421366,421367,2,1,0,1
421376,421380,5,1,3,1
421382,421386,5,1,3,1
421399,421402,4,3,0,1
421459,421463,5,3,0,2
421473,421478,6,3,2,1
421480,421483,4,2,0,2
421496,421500,5,4,0,1
421507,421509,3,1,0,2
421570,421571,2,1,0,1
421612,421617,6,5,0,1
421632,421637,6,5,0,1
421653,421655,3,1,1,1
421656,421661,6,1,4,1
421672,421687,16,1,4,11
421690,421711,22,5,1,16
421712,421717,6,5,0,1
421730,421734,5,2,0,3
421735,421738,4,1,0,3
421750,421753,4,1,1,2
421754,421755,2,1,0,1
421770,421774,5,1,1,3
421790,421792,3,2,0,1
421822,421823,2,1,0,1
421863,421865,3,2,0,1
421888,421890,3,2,0,1
421894,421899,6,2,3,1
421944,421950,7,2,1,4
421964,421966,3,2,0,1
421985,421986,2,1,0,1
422012,422015,4,1,1,2
422123,422124,2,1,0,1
422125,422129,5,1,2,2
422150,422153,4,1,2,1
422179,422182,4,1,1,2
422184,422185,2,1,0,1
422228,422230,3,1,1,1
422279,422282,4,1,2,1
422293,422296,4,1,0,3
422307,422310,4,1,2,1
422327,422330,4,2,0,2
422333,422338,6,2,3,1
422350,422351,2,1,0,1
422378,422380,3,1,0,2
422417,422418,2,1,0,1
422422,422423,2,1,0,1
422439,422441,3,1,0,2
422450,422452,3,1,1,1
422478,422481,4,1,2,1
422544,422547,4,1,0,3
422553,422561,9,5,2,2
422562,422572,11,4,5,2
422573,422576,4,1,2,1
422642,422644,3,1,1,1
422649,422650,2,1,0,1
422718,422721,4,2,1,1
422732,422734,3,1,1,1
422739,422742,4,3,0,1
422750,422751,2,1,0,1
422757,422760,4,1,2,1
422761,422764,4,1,2,1
422765,422767,3,1,1,1
422775,422778,4,1,2,1
422782,422783,2,1,0,1
422784,422786,3,1,1,1
422788,422790,3,1,1,1
422793,422794,2,1,0,1
422818,422823,6,1,4,1
422824,422829,6,1,3,2
422838,422841,4,1,2,1
422855,422857,3,1,1,1
422895,422897,3,1,1,1
422902,422905,4,2,1,1
422908,422910,3,1,0,2
422920,422923,4,2,0,2
422927,422929,3,1,1,1
422932,422935,4,1,2,1
422940,422942,3,1,1,1
422955,422957,3,1,1,1
422960,422966,7,2,4,1
422977,422979,3,2,0,1
422992,422996,5,1,2,2
423016,423019,4,2,1,1
423020,423021,2,1,0,1
423043,423044,2,1,0,1
423051,423059,9,1,6,2
423060,423061,2,1,0,1
423063,423067,5,2,2,1
423099,423106,8,1,5,2
423120,423122,3,1,1,1
423135,423138,4,1,2,1
423144,423145,2,1,0,1
423165,423166,2,1,0,1
423205,423207,3,1,1,1
423216,423218,3,1,1,1
423234,423235,2,1,0,1
423250,423258,9,1,7,1
423286,423298,13,5,1,7
423303,423309,7,5,0,2
423310,423320,11,1,0,10
423322,423325,4,1,0,3
423335,423345,11,3,1,7
423441,423446,6,5,0,1
423447,423452,6,4,0,2
423453,423456,4,1,2,1
423459,423461,3,2,0,1
423462,423467,6,3,1,2
423469,423470,2,1,0,1
423501,423512,12,2,1,9
423513,423526,14,2,2,10
423528,423529,2,1,0,1
423563,423567,5,2,2,1
423583,423590,8,5,1,2
423602,423606,5,2,0,3
423613,423615,3,1,0,2
423616,423627,12,3,7,2
423631,423632,2,1,0,1
423633,423694,62,2,0,60
423705,423707,3,1,1,1
423708,423709,2,1,0,1
423720,423725,6,5,0,1
423726,423732,7,4,2,1
423850,423857,8,3,0,5
423859,423863,5,1,0,4
423865,423868,4,1,2,1
423869,423873,5,1,1,3
423887,423892,6,1,2,3
423949,423952,4,2,0,2
423959,423962,4,1,0,3
423968,423974,7,1,5,1
424026,424030,5,1,0,4
424031,424035,5,1,1,3
424044,424047,4,2,0,2
424051,424056,6,1,4,1
424117,424131,15,2,0,13
424208,424211,4,1,0,3
424365,424369,5,1,0,4
424376,424378,3,1,0,2
424396,424397,2,1,0,1
424447,424448,2,1,0,1
424467,424476,10,2,5,3
424483,424487,5,2,1,2
424538,424543,6,1,4,1
424633,424636,4,1,1,2
424641,424643,3,1,1,1
424654,424656,3,2,0,1
424729,424731,3,1,1,1
424732,424733,2,1,0,1
424762,424768,7,1,4,2
424816,424824,9,1,4,4
424843,424845,3,1,1,1
424870,424876,7,2,0,5
424880,424881,2,1,0,1
424961,424965,5,1,0,4
425052,425054,3,2,0,1
425095,425098,4,1,0,3
425148,425149,2,1,0,1
425158,425161,4,1,1,2
425162,425177,16,1,1,14
425366,425371,6,1,1,4
425379,425384,6,1,2,3
425389,425392,4,1,0,3
425480,425488,9,2,6,1
425533,425536,4,1,2,1
425637,425638,2,1,0,1
425659,425666,8,1,1,6
425668,425670,3,1,1,1
425717,425720,4,2,0,2
425726,425729,4,2,0,2
425736,425739,4,1,1,2
425753,425756,4,1,2,1
425767,425768,2,1,0,1
425770,425777,8,2,1,5
425785,425787,3,2,0,1
425810,425811,2,1,0,1
425859,425862,4,1,2,1
425875,425878,4,1,0,3
425898,425899,2,1,0,1
425914,425918,5,1,1,3
425984,425991,8,1,4,3
426053,426064,12,2,8,2
426093,426097,5,4,0,1
426109,426110,2,1,0,1
426144,426145,2,1,0,1
426148,426150,3,2,0,1
426191,426195,5,2,1,2
426198,426199,2,1,0,1
426200,426203,4,1,0,3
426204,426206,3,1,0,2
426312,426317,6,1,0,5
426365,426367,3,1,1,1
426383,426384,2,1,0,1
426400,426404,5,1,3,1
426417,426418,2,1,0,1
426419,426422,4,3,0,1
426437,426444,8,5,0,3
426506,426507,2,1,0,1
426511,426516,6,1,3,2
426518,426525,8,1,5,2
426563,426566,4,1,1,2
426746,426747,2,1,0,1
426795,426798,4,1,0,3
426864,426869,6,1,0,5
426930,426933,4,1,1,2
426944,426950,7,1,1,5
426954,426955,2,1,0,1
426957,426958,2,1,0,1
427055,427056,2,1,0,1
427057,427059,3,1,0,2
427115,427117,3,2,0,1
427154,427156,3,1,0,2
427158,427167,10,2,4,4
427189,427190,2,1,0,1
427192,427194,3,1,0,2
427252,427253,2,1,0,1
427279,427281,3,1,1,1
427284,427286,3,1,0,2
427291,427294,4,1,2,1
427376,427379,4,2,0,2
427381,427382,2,1,0,1
427385,427387,3,1,1,1
427440,427453,14,3,10,1
427476,427479,4,1,1,2
427483,427485,3,1,1,1
427491,427492,2,1,0,1
427499,427504,6,3,1,2
427505,427508,4,3,0,1
427529,427531,3,1,1,1
427539,427548,10,1,7,2
427555,427556,2,1,0,1
427742,427747,6,2,1,3
427883,427885,3,1,0,2
428035,428036,2,1,0,1
428044,428050,7,1,4,2
428061,428068,8,2,5,1
428088,428089,2,1,0,1
428092,428094,3,1,1,1
428112,428116,5,3,0,2
428119,428124,6,5,0,1
428164,428167,4,1,2,1
428185,428189,5,4,0,1
428197,428200,4,1,1,2
428235,428237,3,1,0,2
428253,428254,2,1,0,1
428292,428294,3,1,1,1
428320,428323,4,2,0,2
428369,428375,7,5,0,2
428379,428380,2,1,0,1
428388,428391,4,3,0,1
428399,428405,7,1,5,1
428408,428409,2,1,0,1
428436,428437,2,1,0,1
428450,428451,2,1,0,1
428469,428475,7,5,0,2
428479,428483,5,1,3,1
428489,428492,4,1,0,3
428504,428512,9,2,5,2
428539,428548,10,4,5,1
428554,428557,4,2,1,1
428558,428562,5,1,1,3
428636,428642,7,1,1,5
428684,428685,2,1,0,1
428688,428691,4,1,1,2
428742,428747,6,2,2,2
428792,428794,3,1,1,1
428821,428822,2,1,0,1
428877,428882,6,1,3,2
428914,428915,2,1,0,1
428976,428985,10,1,7,2
429153,429158,6,1,3,2
429238,429245,8,1,6,1
429370,429371,2,1,0,1
429398,429409,12,1,10,1
429420,429421,2,1,0,1
429635,429649,15,1,13,1
429864,429866,3,1,0,2
429911,429917,7,1,4,2
429922,429926,5,1,3,1
430087,430096,10,1,8,1
430438,430440,3,1,0,2
430454,430455,2,1,0,1
430466,430468,3,2,0,1
430470,430476,7,5,1,1
430477,430478,2,1,0,1
430492,430500,9,5,3,1
430536,430539,4,3,0,1
430554,430558,5,3,1,1
430560,430566,7,1,0,6
430645,430656,12,1,10,1
430674,430678,5,4,0,1
430679,430682,4,2,0,2
430767,430768,2,1,0,1
430858,430859,2,1,0,1
430902,430904,3,2,0,1
430918,430921,4,1,0,3
430990,430991,2,1,0,1
431016,431022,7,1,5,1
431030,431032,3,1,1,1
431063,431068,6,2,3,1
431083,431084,2,1,0,1
431102,431108,7,1,5,1
431113,431117,5,1,3,1
431121,431124,4,1,2,1
431144,431146,3,1,1,1
431167,431171,5,2,2,1
431196,431198,3,1,1,1
431206,431211,6,1,3,2
431229,431233,5,1,3,1
431237,431245,9,1,6,2
431246,431247,2,1,0,1
431252,431258,7,1,5,1
431261,431267,7,1,5,1
431287,431291,5,2,2,1
431297,431298,2,1,0,1
431299,431300,2,1,0,1
431318,431324,7,1,4,2
431327,431328,2,1,0,1
431338,431340,3,1,1,1
431349,431350,2,1,0,1
431357,431359,3,1,1,1
431363,431366,4,1,0,3
431373,431375,3,1,0,2
431380,431381,2,1,0,1
431384,431387,4,1,1,2
431396,431399,4,1,0,3
431402,431403,2,1,0,1
431406,431409,4,2,1,1
431420,431425,6,1,4,1
431428,431430,3,2,0,1
431444,431448,5,1,3,1
431467,431468,2,1,0,1
431492,431501,10,1,8,1
431508,431511,4,1,2,1
431517,431520,4,2,0,2
431521,431522,2,1,0,1
431523,431524,2,1,0,1
431531,431534,4,1,2,1
431545,431549,5,1,2,2
431556,431558,3,1,1,1
431566,431567,2,1,0,1
431575,431580,6,1,3,2
431585,431586,2,1,0,1
431587,431591,5,1,3,1
431621,431631,11,1,8,2
431633,431636,4,1,1,2
431644,431645,2,1,0,1
431646,431647,2,1,0,1
431659,431662,4,1,1,2
431663,431664,2,1,0,1
431691,431692,2,1,0,1
431703,431704,2,1,0,1
431708,431711,4,1,2,1
431725,431729,5,1,3,1
431737,431742,6,3,2,1
431752,431755,4,1,0,3
431759,431761,3,1,1,1
431770,431772,3,1,0,2
431777,431782,6,1,4,1
431784,431786,3,1,1,1
431831,431833,3,1,1,1
431855,431856,2,1,0,1
431860,431864,5,1,0,4
431874,431876,3,1,1,1
431878,431880,3,1,0,2
431900,431903,4,1,2,1
431922,431923,2,1,0,1
431956,431957,2,1,0,1
431980,431984,5,1,1,3
432017,432021,5,1,0,4
432025,432030,6,1,0,5
432031,432032,2,1,0,1
432037,432042,6,1,2,3
432046,432048,3,2,0,1
432056,432060,5,1,3,1
432072,432075,4,2,1,1
432090,432094,5,1,3,1
432101,432104,4,1,2,1
432115,432116,2,1,0,1
432134,432135,2,1,0,1
432141,432143,3,1,0,2
432144,432146,3,1,1,1
432149,432153,5,2,0,3
432175,432178,4,1,1,2
432183,432185,3,1,1,1
432190,432194,5,3,1,1
432207,432209,3,1,0,2
432225,432226,2,1,0,1
432233,432235,3,1,1,1
432271,432273,3,1,0,2
432286,432289,4,1,2,1
432303,432307,5,1,3,1
432322,432324,3,1,1,1
432333,432334,2,1,0,1
432336,432341,6,1,1,4
432356,432359,4,1,1,2
432384,432388,5,1,2,2
432411,432412,2,1,0,1
432423,432428,6,2,1,3
432442,432445,4,1,2,1
432451,432454,4,1,1,2
432470,432472,3,1,1,1
432477,432479,3,1,1,1
432490,432494,5,1,2,2
432531,432534,4,1,0,3
432546,432551,6,1,1,4
432584,432587,4,1,1,2
432601,432602,2,1,0,1
432607,432609,3,1,1,1
432610,432613,4,1,2,1
432631,432632,2,1,0,1
432638,432640,3,1,0,2
432677,432682,6,2,0,4
432689,432692,4,1,1,2
432707,432708,2,1,0,1
432727,432732,6,1,3,2
432752,432756,5,1,0,4
432760,432762,3,1,0,2
432798,432800,3,1,0,2
432825,432827,3,1,1,1
432840,432847,8,1,5,2
432862,432864,3,1,1,1
432900,432902,3,1,0,2
432903,432907,5,2,0,3
432917,432921,5,1,3,1
432966,432971,6,2,1,3
432978,432979,2,1,0,1
432988,432991,4,2,0,2
432997,432999,3,1,1,1
433000,433004,5,1,3,1
433036,433037,2,1,0,1
433052,433054,3,1,0,2
433056,433060,5,1,0,4
433064,433073,10,1,6,3
433074,433075,2,1,0,1
433076,433078,3,1,0,2
433086,433088,3,2,0,1
433101,433107,7,1,5,1
433108,433110,3,2,0,1
433149,433152,4,1,0,3
433229,433232,4,1,1,2
433242,433245,4,1,2,1
433249,433254,6,1,2,3
433262,433263,2,1,0,1
433269,433272,4,2,1,1
433277,433279,3,1,0,2
433294,433295,2,1,0,1
433296,433298,3,1,0,2
433299,433305,7,1,1,5
433306,433315,10,3,3,4
433322,433327,6,2,1,3
433328,433329,2,1,0,1
433351,433355,5,1,2,2
433389,433391,3,1,0,2
433401,433403,3,1,0,2
433404,433409,6,1,2,3
433415,433416,2,1,0,1
433432,433433,2,1,0,1
433439,433441,3,1,0,2
433468,433473,6,1,2,3
433479,433482,4,1,0,3
433494,433496,3,1,0,2
433501,433505,5,4,0,1
433531,433535,5,1,2,2
433554,433559,6,1,0,5
433561,433562,2,1,0,1
433586,433589,4,1,0,3
433602,433605,4,1,2,1
433607,433612,6,1,4,1
433652,433653,2,1,0,1
433662,433665,4,1,2,1
433668,433676,9,1,0,8
433724,433727,4,1,2,1
433799,433802,4,1,0,3
433806,433817,12,2,2,8
433825,433827,3,1,1,1
433861,433863,3,1,0,2
433864,433865,2,1,0,1
433872,433873,2,1,0,1
433887,433889,3,1,0,2
433893,433894,2,1,0,1
433903,433905,3,1,1,1
433906,433910,5,1,2,2
433926,433930,5,1,0,4
433940,433942,3,2,0,1
433946,433955,10,2,1,7
433967,433973,7,5,1,1
434010,434011,2,1,0,1
434012,434016,5,1,0,4
434018,434020,3,1,0,2
434038,434048,11,1,1,9
434054,434063,10,1,0,9
434079,434087,9,1,0,8
434096,434099,4,1,0,3
434123,434126,4,1,2,1
434127,434128,2,1,0,1
434141,434144,4,1,1,2
434147,434148,2,1,0,1
434200,434204,5,2,2,1
434228,434235,8,1,0,7
434248,434253,6,5,0,1
434259,434260,2,1,0,1
434262,434268,7,1,5,1
434283,434287,5,1,3,1
434294,434295,2,1,0,1
434299,434301,3,1,1,1
434302,434311,10,1,8,1
434336,434342,7,1,5,1
434366,434371,6,2,2,2
434374,434376,3,1,0,2
434416,434420,5,2,2,1
434438,434449,12,4,0,8
434450,434452,3,1,0,2
434544,434550,7,1,5,1
434624,434627,4,1,2,1
434633,434634,2,1,0,1
434646,434655,10,1,8,1
434663,434669,7,1,5,1
434676,434685,10,3,6,1
434720,434723,4,1,1,2
434744,434745,2,1,0,1
434749,434754,6,1,4,1
434772,434773,2,1,0,1
434783,434791,9,1,7,1
434807,434812,6,2,1,3
434825,434826,2,1,0,1
434829,434832,4,1,2,1
434834,434835,2,1,0,1
434843,434844,2,1,0,1
434856,434862,7,1,3,3
434938,434944,7,2,4,1
434964,434971,8,1,6,1
434988,434990,3,1,1,1
434993,434996,4,1,1,2
435005,435010,6,2,2,2
435014,435015,2,1,0,1
435053,435054,2,1,0,1
435061,435062,2,1,0,1
435065,435066,2,1,0,1
435068,435073,6,1,4,1
435081,435083,3,2,0,1
435100,435114,15,1,13,1
435115,435117,3,2,0,1
435122,435123,2,1,0,1
435127,435129,3,1,0,2
435148,435155,8,1,6,1
435156,435163,8,4,2,2
435164,435167,4,1,0,3
435285,435286,2,1,0,1
435296,435301,6,2,3,1
435304,435308,5,1,2,2
435359,435361,3,1,1,1
435391,435395,5,1,3,1
435396,435399,4,2,1,1
435400,435401,2,1,0,1
435407,435410,4,1,1,2
435432,435434,3,2,0,1
435435,435436,2,1,0,1
435449,435457,9,1,1,7
435461,435466,6,5,0,1
435487,435488,2,1,0,1
435491,435494,4,1,1,2
435496,435498,3,1,1,1
435500,435505,6,2,3,1
435530,435542,13,1,1,11
435558,435574,17,4,0,13
435580,435586,7,1,0,6
435592,435601,10,2,1,7
435602,435616,15,1,0,14
435655,435656,2,1,0,1
435673,435678,6,1,4,1
435689,435691,3,1,1,1
435692,435700,9,1,1,7
435701,435703,3,1,0,2
435704,435707,4,1,1,2
435712,435713,2,1,0,1
435742,435745,4,1,2,1
435746,435753,8,1,6,1
435755,435756,2,1,0,1
435772,435773,2,1,0,1
435774,435777,4,2,1,1
435840,435842,3,2,0,1
435924,435926,3,1,0,2
435958,435960,3,1,0,2
435961,435964,4,3,0,1
436010,436018,9,1,7,1
436215,436219,5,3,1,1
436220,436222,3,1,1,1
436233,436236,4,3,0,1
436237,436239,3,1,1,1
436240,436245,6,3,0,3
436270,436280,11,5,4,2
436283,436285,3,1,0,2
436286,436287,2,1,0,1
436288,436314,27,1,0,26
436317,436318,2,1,0,1
436340,436358,19,4,1,14
436369,436372,4,2,1,1
436381,436386,6,2,3,1
436410,436411,2,1,0,1
436430,436437,8,4,2,2
436438,436440,3,2,0,1
436455,436456,2,1,0,1
436457,436458,2,1,0,1
436463,436466,4,2,1,1
436468,436477,10,1,1,8
436518,436520,3,2,0,1
436521,436524,4,1,0,3
436539,436581,43,1,41,1
436588,436592,5,1,2,2
436596,436598,3,2,0,1
436611,436615,5,1,1,3
436636,436640,5,2,2,1
436809,436813,5,2,0,3
436825,436828,4,1,2,1
436829,436831,3,1,1,1
436862,436868,7,1,1,5
436891,436892,2,1,0,1
436893,436895,3,2,0,1
436896,436899,4,1,1,2
436900,436902,3,1,0,2
436906,436914,9,2,0,7
436976,436979,4,1,0,3
436982,436984,3,1,0,2
437001,437002,2,1,0,1
437004,437005,2,1,0,1
437093,437098,6,5,0,1
437099,437102,4,3,0,1
437106,437112,7,4,2,1
437114,437119,6,5,0,1
437124,437128,5,4,0,1
437134,437192,59,1,57,1
437345,437346,2,1,0,1
437347,437350,4,1,0,3
437430,437440,11,5,4,2
437449,437450,2,1,0,1
437556,437599,44,2,40,2
437750,437753,4,2,1,1
438031,438047,17,1,2,14
438048,438056,9,4,4,1
438058,438093,36,3,1,32
438459,438464,6,2,1,3
438465,438469,5,3,0,2
438470,438474,5,4,0,1
438475,438478,4,2,0,2
438481,438482,2,1,0,1
438493,438498,6,1,2,3
438661,438670,10,1,1,8
438676,438682,7,5,0,2
438710,438711,2,1,0,1
438718,438737,20,1,18,1
438746,438749,4,2,1,1
438798,438803,6,5,0,1
438808,438810,3,1,0,2
438831,438832,2,1,0,1
439067,439073,7,5,1,1
439102,439109,8,5,1,2
439110,439113,4,1,0,3
439118,439119,2,1,0,1
439120,439123,4,2,0,2
439129,439141,13,1,11,1
439146,439149,4,3,0,1
439171,439176,6,4,1,1
439178,439181,4,1,0,3
439182,439186,5,3,1,1
439289,439292,4,2,0,2
439430,439436,7,2,0,5
439437,439440,4,3,0,1
439441,439443,3,2,0,1
439446,439452,7,2,3,2
439469,439475,7,5,1,1
439476,439477,2,1,0,1
439495,439499,5,1,2,2
439509,439512,4,1,2,1
439513,439514,2,1,0,1
439516,439518,3,1,0,2
439520,439522,3,2,0,1
439528,439532,5,4,0,1
439544,439551,8,3,0,5
439597,439600,4,1,1,2
439609,439617,9,1,0,8
439690,439693,4,1,2,1
439713,439719,7,1,5,1
439731,439739,9,1,7,1
439752,439758,7,1,5,1
439780,439788,9,1,7,1
439789,439791,3,1,1,1
439798,439799,2,1,0,1
439804,439810,7,1,5,1
439816,439822,7,1,5,1
439832,439834,3,1,0,2
439845,439847,3,1,1,1
439849,439851,3,1,1,1
439859,439861,3,1,1,1
439866,439867,2,1,0,1
439882,439884,3,1,1,1
439894,439895,2,1,0,1
439902,439910,9,1,7,1
439915,439917,3,1,1,1
439935,439937,3,2,0,1
439938,439939,2,1,0,1
439940,439945,6,1,4,1
439954,439955,2,1,0,1
439966,439967,2,1,0,1
439977,439978,2,1,0,1
439979,439982,4,1,2,1
439991,439996,6,1,4,1
440006,440009,4,1,0,3
440015,440016,2,1,0,1
440017,440022,6,1,4,1
440032,440035,4,2,1,1
440074,440076,3,1,1,1
440081,440082,2,1,0,1
440083,440090,8,1,6,1
440100,440104,5,1,3,1
440111,440112,2,1,0,1
440142,440144,3,1,0,2
440147,440149,3,1,1,1
440167,440168,2,1,0,1
440182,440184,3,1,1,1
440188,440190,3,2,0,1
440196,440200,5,1,3,1
440206,440207,2,1,0,1
440214,440217,4,1,2,1
440222,440228,7,1,5,1
440249,440252,4,1,1,2
440270,440273,4,2,1,1
440274,440276,3,1,0,2
440279,440282,4,2,1,1
440288,440292,5,1,2,2
440299,440302,4,2,1,1
440303,440307,5,1,3,1
440310,440314,5,1,3,1
440323,440324,2,1,0,1
440327,440331,5,1,2,2
440335,440337,3,1,1,1
440338,440341,4,2,1,1
440344,440348,5,1,2,2
440366,440370,5,2,2,1
440371,440372,2,1,0,1
440394,440396,3,1,0,2
440420,440422,3,2,0,1
440428,440431,4,1,0,3
440435,440437,3,1,1,1
440451,440456,6,2,3,1
440458,440459,2,1,0,1
440460,440465,6,1,3,2
440466,440468,3,1,1,1
440483,440484,2,1,0,1
440489,440493,5,1,2,2
440496,440498,3,2,0,1
440501,440502,2,1,0,1
440521,440525,5,1,2,2
440529,440531,3,1,1,1
440533,440535,3,1,0,2
440538,440540,3,2,0,1
440549,440555,7,1,4,2
440560,440561,2,1,0,1
440564,440566,3,1,1,1
440567,440570,4,2,0,2
440575,440577,3,2,0,1
440582,440584,3,1,1,1
440596,440598,3,1,1,1
440599,440601,3,1,0,2
440604,440607,4,2,0,2
440616,440621,6,1,4,1
440625,440631,7,2,4,1
440638,440639,2,1,0,1
440643,440645,3,1,1,1
440653,440655,3,2,0,1
440660,440664,5,2,1,2
440667,440671,5,2,2,1
440674,440682,9,3,3,3
440683,440684,2,1,0,1
440691,440693,3,1,1,1
440694,440700,7,1,4,2
440711,440713,3,1,1,1
440724,440725,2,1,0,1
440732,440734,3,1,0,2
440737,440739,3,1,1,1
440758,440761,4,3,0,1
440772,440774,3,1,1,1
440777,440778,2,1,0,1
440782,440783,2,1,0,1
440785,440792,8,5,1,2
440794,440795,2,1,0,1
440796,440800,5,1,3,1
440804,440807,4,1,2,1
440813,440816,4,1,2,1
440824,440825,2,1,0,1
440835,440838,4,2,1,1
440839,440841,3,1,0,2
440843,440845,3,1,0,2
440848,440849,2,1,0,1
440859,440864,6,3,1,2
440865,440869,5,4,0,1
440890,440891,2,1,0,1
440892,440899,8,3,4,1
440918,440922,5,1,1,3
440933,440940,8,3,3,2
440965,440968,4,2,1,1
440969,440970,2,1,0,1
440976,440979,4,2,1,1
440984,440989,6,1,4,1
440998,441000,3,1,1,1
441003,441008,6,1,3,2
441011,441013,3,2,0,1
441023,441027,5,1,3,1
441031,441032,2,1,0,1
441033,441034,2,1,0,1
441038,441041,4,1,0,3
441042,441043,2,1,0,1
441055,441060,6,2,2,2
441061,441062,2,1,0,1
441065,441069,5,2,2,1
441082,441084,3,1,0,2
441094,441097,4,1,1,2
441101,441102,2,1,0,1
441107,441113,7,4,2,1
441126,441127,2,1,0,1
441156,441160,5,3,0,2
441169,441173,5,3,1,1
441175,441176,2,1,0,1
441189,441193,5,1,3,1
441206,441207,2,1,0,1
441209,441210,2,1,0,1
441221,441223,3,1,1,1
441232,441233,2,1,0,1
441235,441240,6,3,2,1
441247,441250,4,2,1,1
441256,441258,3,1,1,1
441259,441262,4,2,1,1
441278,441282,5,1,2,2
441302,441308,7,3,2,2
441328,441329,2,1,0,1
441337,441338,2,1,0,1
441354,441357,4,2,0,2
441362,441363,2,1,0,1
441368,441371,4,2,1,1
441372,441379,8,2,5,1
441382,441386,5,1,2,2
441410,441412,3,2,0,1
441416,441417,2,1,0,1
441418,441420,3,2,0,1
441422,441427,6,1,4,1
441442,441445,4,3,0,1
441446,441447,2,1,0,1
441471,441473,3,1,1,1
441477,441479,3,1,1,1
441496,441497,2,1,0,1
441502,441505,4,2,0,2
441521,441523,3,1,1,1
441542,441545,4,2,1,1
441560,441562,3,2,0,1
441571,441574,4,2,0,2
441577,441578,2,1,0,1
441588,441591,4,2,1,1
441601,441602,2,1,0,1
441623,441625,3,1,1,1
441652,441658,7,1,4,2
441659,441665,7,1,4,2
441670,441673,4,2,0,2
441674,441675,2,1,0,1
441702,441704,3,1,1,1
441705,441708,4,3,0,1
441716,441721,6,1,3,2
441749,441750,2,1,0,1
441919,441921,3,1,0,2
443301,443302,2,1,0,1
443925,443927,3,1,1,1
444790,444796,7,3,3,1
444808,444815,8,4,0,4
444820,444828,9,1,0,8
444831,444833,3,2,0,1
444856,444877,22,3,16,3
444878,444881,4,1,0,3
444884,444886,3,2,0,1
444892,444899,8,5,0,3
444929,444930,2,1,0,1
444942,444947,6,2,1,3
444957,444961,5,3,1,1
445006,445011,6,5,0,1
445582,445587,6,1,3,2
445592,445597,6,4,1,1
445718,445723,6,5,0,1
446519,446523,5,1,3,1
446531,446537,7,1,4,2
446547,446552,6,5,0,1
446653,446655,3,1,0,2
446656,446659,4,1,0,3
446777,446782,6,5,0,1
446904,446907,4,3,0,1
446915,446925,11,1,9,1
446955,446959,5,1,3,1
446974,446980,7,5,1,1
446986,446988,3,2,0,1
446989,446991,3,2,0,1
447090,447091,2,1,0,1
447092,447097,6,5,0,1
447136,447141,6,5,0,1
447267,447268,2,1,0,1
447271,447274,4,1,0,3
447299,447300,2,1,0,1
447307,447309,3,2,0,1
447343,447349,7,5,1,1
447401,447408,8,5,0,3
447441,447446,6,5,0,1
447463,447468,6,5,0,1
447487,447493,7,5,1,1
447495,447497,3,1,1,1
447502,447504,3,1,1,1
447505,447506,2,1,0,1
447585,447590,6,1,1,4
447652,447659,8,2,2,4
447667,447669,3,2,0,1
447676,447684,9,1,7,1
447696,447703,8,5,0,3
447713,447719,7,5,0,2
447724,447729,6,5,0,1
447731,447733,3,2,0,1
447741,447747,7,2,0,5
447751,447752,2,1,0,1
447773,447776,4,1,0,3
447792,447793,2,1,0,1
447821,447822,2,1,0,1
447825,447834,10,1,0,9
447916,447919,4,3,0,1
447948,447949,2,1,0,1
447967,447969,3,1,1,1
448040,448041,2,1,0,1
448046,448050,5,1,0,4
448054,448056,3,1,0,2
448473,448478,6,5,0,1
448481,448483,3,2,0,1
448498,448502,5,2,2,1
448511,448513,3,1,1,1
448593,448595,3,1,1,1
448599,448601,3,2,0,1
448614,448620,7,1,5,1
448631,448633,3,1,0,2
448677,448678,2,1,0,1
448710,448713,4,1,2,1
448738,448739,2,1,0,1
448741,448743,3,1,1,1
448746,448747,2,1,0,1
448761,448763,3,2,0,1
448802,448803,2,1,0,1
448826,448827,2,1,0,1
448851,448852,2,1,0,1
448916,448917,2,1,0,1
448954,448956,3,1,1,1
448972,448973,2,1,0,1
449005,449006,2,1,0,1
449082,449083,2,1,0,1
449084,449085,2,1,0,1
449101,449105,5,1,1,3
449145,449146,2,1,0,1
449181,449182,2,1,0,1
449196,449198,3,2,0,1
449388,449391,4,1,2,1
449533,449534,2,1,0,1
449581,449582,2,1,0,1
449639,449640,2,1,0,1
449677,449678,2,1,0,1
449685,449687,3,1,1,1
449708,449710,3,1,1,1
449761,449763,3,1,0,2
449897,449898,2,1,0,1
449925,449926,2,1,0,1
449946,449948,3,1,1,1
449951,449953,3,1,0,2
450072,450073,2,1,0,1
450078,450079,2,1,0,1
450140,450141,2,1,0,1
450195,450198,4,1,1,2
450225,450227,3,1,1,1
450280,450283,4,1,0,3
450299,450301,3,2,0,1
450303,450304,2,1,0,1
450321,450322,2,1,0,1
450356,450360,5,1,0,4
450528,450529,2,1,0,1
450595,450597,3,1,1,1
450631,450634,4,1,1,2
450659,450660,2,1,0,1
450661,450663,3,1,1,1
450694,450700,7,1,4,2
450709,450710,2,1,0,1
450721,450723,3,1,1,1
450728,450729,2,1,0,1
450732,450735,4,1,2,1
450741,450742,2,1,0,1
450744,450746,3,1,1,1
450770,450772,3,1,1,1
450777,450778,2,1,0,1
450848,450849,2,1,0,1
450890,450891,2,1,0,1
450914,450917,4,1,0,3
450962,450964,3,1,0,2
450981,450984,4,1,0,3
451074,451080,7,1,3,3
451085,451086,2,1,0,1
451112,451114,3,1,1,1
451119,451121,3,1,1,1
451166,451167,2,1,0,1
451180,451186,7,1,1,5
451195,451196,2,1,0,1
451198,451205,8,1,6,1
451219,451227,9,1,7,1
451235,451236,2,1,0,1
451240,451241,2,1,0,1
451268,451270,3,1,1,1
451289,451290,2,1,0,1
451304,451306,3,1,0,2
451312,451313,2,1,0,1
451328,451329,2,1,0,1
451580,451584,5,2,2,1
451668,451669,2,1,0,1
451813,451815,3,1,0,2
451858,451861,4,1,2,1
451887,451889,3,1,1,1
451908,451909,2,1,0,1
451952,451954,3,1,1,1
451987,451990,4,1,1,2
452076,452078,3,1,1,1
452165,452167,3,1,1,1
452172,452173,2,1,0,1
452217,452221,5,1,0,4
452224,452226,3,1,0,2
452287,452288,2,1,0,1
452291,452295,5,1,3,1
452336,452343,8,1,6,1
452403,452409,7,1,0,6
452437,452441,5,1,0,4
452450,452466,17,1,1,15
452516,452517,2,1,0,1
452558,452561,4,1,0,3
452578,452582,5,1,0,4
452589,452595,7,1,0,6
452596,452604,9,1,0,8
452628,452629,2,1,0,1
452672,452676,5,1,3,1
452679,452680,2,1,0,1
452690,452691,2,1,0,1
452728,452730,3,1,0,2
452734,452735,2,1,0,1
452736,452739,4,1,2,1
452741,452745,5,2,2,1
452757,452760,4,1,1,2
452762,452764,3,2,0,1
452766,452769,4,1,1,2
452785,452788,4,1,0,3
452812,452814,3,1,1,1
452819,452821,3,1,1,1
452831,452833,3,1,0,2
452835,452836,2,1,0,1
452846,452848,3,1,0,2
452855,452857,3,1,1,1
452861,452865,5,1,3,1
452874,452878,5,2,2,1
452957,452959,3,1,1,1
452967,452968,2,1,0,1
452986,452988,3,1,1,1
453059,453063,5,1,2,2
453070,453074,5,3,1,1
453116,453119,4,1,2,1
453125,453126,2,1,0,1
453135,453136,2,1,0,1
453151,453153,3,2,0,1
453174,453178,5,1,2,2
453188,453192,5,3,1,1
453235,453236,2,1,0,1
453361,453365,5,1,3,1
453371,453375,5,1,0,4
453472,453473,2,1,0,1
453479,453491,13,1,0,12
453510,453520,11,1,8,2
453521,453524,4,1,0,3
453574,453575,2,1,0,1
453597,453600,4,1,0,3
453610,453612,3,1,0,2
453614,453616,3,1,0,2
453619,453621,3,2,0,1
453653,453654,2,1,0,1
453671,453672,2,1,0,1
453683,453686,4,3,0,1
453691,453692,2,1,0,1
453693,453694,2,1,0,1
453705,453708,4,2,0,2
453710,453714,5,1,0,4
453720,453721,2,1,0,1
453750,453752,3,1,0,2
453754,453755,2,1,0,1
453759,453761,3,1,0,2
453769,453771,3,1,1,1
453778,453779,2,1,0,1
453786,453787,2,1,0,1
453799,453801,3,1,1,1
453813,453815,3,1,0,2
453817,453818,2,1,0,1
453832,453833,2,1,0,1
453845,453846,2,1,0,1
453874,453883,10,1,8,1
453921,453934,14,1,12,1
453999,454000,2,1,0,1
454011,454012,2,1,0,1
454023,454025,3,1,0,2
454088,454101,14,1,3,10
454103,454104,2,1,0,1
454105,454106,2,1,0,1
454112,454117,6,2,2,2
454145,454148,4,1,2,1
454198,454203,6,1,3,2
454233,454235,3,1,0,2
454236,454238,3,1,1,1
454244,454247,4,1,1,2
454280,454287,8,2,0,6
454288,454290,3,2,0,1
454325,454326,2,1,0,1
454328,454334,7,1,0,6
454379,454385,7,1,4,2
454410,454412,3,1,1,1
454417,454418,2,1,0,1
454421,454426,6,1,3,2
454461,454462,2,1,0,1
454463,454464,2,1,0,1
454500,454502,3,1,0,2
454513,454515,3,1,1,1
454533,454534,2,1,0,1
454540,454542,3,1,0,2
454567,454568,2,1,0,1
454618,454624,7,1,4,2
454625,454626,2,1,0,1
454641,454643,3,2,0,1
454644,454646,3,1,0,2
454647,454658,12,1,10,1
454685,454691,7,1,5,1
454699,454703,5,1,1,3
454740,454741,2,1,0,1
454795,454797,3,1,1,1
454814,454819,6,1,4,1
454850,454852,3,1,1,1
454864,454871,8,1,6,1
454873,454881,9,5,3,1
454898,454899,2,1,0,1
454925,454931,7,1,5,1
454948,454954,7,1,5,1
454980,454986,7,1,4,2
455001,455007,7,1,5,1
455043,455044,2,1,0,1
455081,455082,2,1,0,1
455087,455090,4,1,0,3
455096,455101,6,1,4,1
455123,455126,4,1,1,2
455149,455153,5,1,1,3
455176,455178,3,1,1,1
455196,455197,2,1,0,1
455200,455210,11,1,9,1
455215,455217,3,1,1,1
455220,455222,3,2,0,1
455224,455229,6,5,0,1
455254,455261,8,1,5,2
455323,455326,4,1,2,1
455351,455354,4,1,2,1
455433,455436,4,1,1,2
455437,455441,5,1,0,4
455442,455448,7,1,5,1
455463,455466,4,2,1,1
455586,455587,2,1,0,1
455617,455618,2,1,0,1
455649,455651,3,1,1,1
455781,455782,2,1,0,1
455813,455820,8,5,2,1
455830,455831,2,1,0,1
455989,455990,2,1,0,1
456014,456017,4,2,1,1
456023,456038,16,2,13,1
456053,456057,5,1,3,1
456058,456059,2,1,0,1
456114,456165,52,1,48,3
456219,456277,59,1,57,1
456332,456338,7,1,4,2
456342,456347,6,1,4,1
456377,456379,3,1,0,2
456392,456414,23,1,21,1
456424,456435,12,1,10,1
456470,456475,6,1,4,1
456600,456604,5,1,3,1
456611,456615,5,1,3,1
456643,456645,3,1,0,2
456695,456704,10,2,7,1
456770,456775,6,1,3,2
456843,456844,2,1,0,1
456878,456892,15,1,1,13
456893,456904,12,1,0,11
456975,456978,4,1,2,1
456983,456986,4,1,2,1
456993,456998,6,1,2,3
457002,457003,2,1,0,1
457015,457018,4,1,2,1
457024,457025,2,1,0,1
457027,457038,12,1,10,1
457051,457052,2,1,0,1
457063,457065,3,1,1,1
457133,457135,3,1,0,2
457159,457169,11,1,8,2
457173,457175,3,1,0,2
457192,457193,2,1,0,1
457202,457205,4,3,0,1
457281,457284,4,1,1,2
457322,457333,12,3,3,6
457447,457448,2,1,0,1
457494,457498,5,1,2,2
457522,457525,4,2,0,2
457548,457551,4,1,2,1
457582,457588,7,1,5,1
457604,457632,29,1,27,1
457674,457682,9,1,7,1
457709,457723,15,1,13,1
457815,457822,8,1,6,1
457832,457839,8,1,6,1
457920,457922,3,1,1,1
457930,457933,4,1,1,2
457939,457945,7,1,4,2
457963,457965,3,1,1,1
457977,457982,6,4,0,2
457986,457988,3,1,1,1
457999,458001,3,1,0,2
458002,458004,3,1,1,1
458017,458020,4,1,1,2
458111,458116,6,2,0,4
458231,458232,2,1,0,1
458242,458246,5,1,0,4
458307,458314,8,1,0,7
458322,458325,4,1,0,3
458367,458371,5,1,0,4
458382,458384,3,1,0,2
458600,458604,5,2,2,1
458645,458649,5,3,1,1
458674,458679,6,1,4,1
458697,458700,4,1,2,1
458716,458718,3,1,1,1
458721,458736,16,1,14,1
458811,458812,2,1,0,1
458813,458814,2,1,0,1
458836,458840,5,1,1,3
458862,458865,4,1,2,1
458969,458973,5,1,3,1
458983,458987,5,2,0,3
458988,458989,2,1,0,1
458995,458996,2,1,0,1
459163,459167,5,1,2,2
459267,459274,8,2,5,1
459282,459288,7,1,5,1
459311,459316,6,4,0,2
459383,459388,6,5,0,1
459445,459453,9,1,7,1
459454,459455,2,1,0,1
459467,459470,4,3,0,1
459471,459475,5,1,0,4
459589,459596,8,2,5,1
459619,459621,3,1,1,1
459650,459658,9,1,1,7
459669,459673,5,1,3,1
459780,459781,2,1,0,1
459821,459825,5,2,2,1
460092,460099,8,5,2,1
460120,460128,9,5,0,4
460146,460153,8,1,4,3
460225,460234,10,5,1,4
460324,460328,5,1,3,1
460361,460365,5,1,3,1
460480,460492,13,1,11,1
460655,460660,6,1,4,1
460711,460712,2,1,0,1
461163,461164,2,1,0,1
461206,461208,3,1,1,1
461215,461223,9,2,5,2
461241,461245,5,1,0,4
461256,461257,2,1,0,1
461293,461296,4,1,2,1
461314,461317,4,1,0,3
461368,461372,5,2,2,1
461399,461403,5,1,3,1
461404,461406,3,1,0,2
461409,461422,14,1,11,2
461431,461432,2,1,0,1
461452,461457,6,5,0,1
461458,461459,2,1,0,1
461636,461648,13,5,3,5
462045,462050,6,5,0,1
462052,462057,6,1,0,5
462086,462088,3,1,1,1
462107,462112,6,3,1,2
462125,462138,14,1,12,1
462149,462153,5,3,1,1
462155,462162,8,2,0,6
462169,462178,10,5,0,5
462186,462187,2,1,0,1
462193,462194,2,1,0,1
462222,462225,4,1,2,1
462264,462267,4,1,0,3
462272,462279,8,2,5,1
462301,462305,5,1,0,4
462306,462307,2,1,0,1
462308,462309,2,1,0,1
462328,462341,14,5,8,1
462394,462421,28,3,24,1
462430,462435,6,1,1,4
462473,462474,2,1,0,1
462508,462520,13,3,9,1
462575,462612,38,3,32,3
462684,462687,4,1,1,2
462751,462759,9,3,1,5
462881,462884,4,3,0,1
462891,462904,14,2,0,12
462912,462915,4,1,2,1
462976,462978,3,1,1,1
463056,463058,3,1,0,2
463083,463088,6,3,0,3
463228,463234,7,5,1,1
463255,463257,3,1,1,1
463413,463419,7,5,0,2
463422,463424,3,1,0,2
463425,463430,6,2,1,3
463453,463459,7,4,1,2
463460,463462,3,1,0,2
463495,463496,2,1,0,1
463497,463500,4,1,0,3
463502,463515,14,1,5,8
463623,463629,7,2,0,5
463653,463658,6,5,0,1
463733,463734,2,1,0,1
463842,463849,8,5,0,3
463858,463863,6,5,0,1
463887,463889,3,1,1,1
463921,463924,4,1,0,3
463983,463990,8,1,6,1
464009,464041,33,1,1,31
464120,464124,5,3,0,2
464125,464127,3,1,0,2
464313,464316,4,3,0,1
464341,464344,4,2,0,2
464351,464354,4,2,0,2
464451,464453,3,1,1,1
464493,464496,4,2,0,2
464498,464504,7,3,0,4
464505,464506,2,1,0,1
464507,464510,4,3,0,1
464559,464572,14,1,0,13
464587,464589,3,2,0,1
464629,464636,8,1,5,2
464666,464668,3,1,1,1
464696,464698,3,1,0,2
465187,465193,7,5,0,2
465670,465673,4,1,1,2
465675,465679,5,1,1,3
465724,465725,2,1,0,1
465734,465735,2,1,0,1
465769,465776,8,3,0,5
465780,465783,4,3,0,1
465785,465789,5,1,1,3
465808,465811,4,2,0,2
465835,465836,2,1,0,1
465846,465853,8,1,6,1
465863,465865,3,1,1,1
465867,465872,6,1,4,1
465891,465899,9,1,7,1
465930,465933,4,1,0,3
465979,465980,2,1,0,1
465983,465995,13,1,1,11
466010,466015,6,1,1,4
466024,466026,3,1,0,2
466059,466060,2,1,0,1
466072,466076,5,1,3,1
466116,466128,13,1,11,1
466191,466193,3,1,1,1
466205,466213,9,1,0,8
466229,466230,2,1,0,1
466403,466405,3,1,1,1
466418,466421,4,1,0,3
466524,466525,2,1,0,1
466528,466547,20,1,6,13
466615,466616,2,1,0,1
466763,466764,2,1,0,1
466865,466867,3,1,1,1
466890,466897,8,1,6,1
467056,467057,2,1,0,1
467135,467138,4,2,1,1
467165,467169,5,2,1,2
467197,467204,8,2,3,3
467228,467229,2,1,0,1
467238,467243,6,1,2,3
467278,467283,6,1,3,2
467352,467358,7,1,4,2
467394,467395,2,1,0,1
467433,467434,2,1,0,1
467662,467664,3,1,1,1
467677,467686,10,1,0,9
467707,467709,3,1,0,2
467758,467791,34,1,32,1
468396,468428,33,1,31,1
468723,468724,2,1,0,1
469082,469083,2,1,0,1
469087,469091,5,1,1,3
469269,469272,4,1,0,3
469287,469290,4,1,0,3
469329,469333,5,1,1,3
469359,469363,5,1,0,4
469580,469583,4,1,0,3
469642,469643,2,1,0,1
469696,469698,3,1,0,2
469734,469735,2,1,0,1
469827,469829,3,1,0,2
469868,469872,5,1,1,3
469949,469950,2,1,0,1
470216,470519,304,1,0,303
472377,472379,3,1,1,1
472500,472501,2,1,0,1
474529,474530,2,1,0,1
474863,474868,6,1,0,5
475003,475005,3,1,0,2
475625,475626,2,1,0,1
475782,475785,4,1,1,2
475818,475819,2,1,0,1
475935,475940,6,1,3,2
476571,476573,3,1,0,2
476574,476575,2,1,0,1
476997,476999,3,1,1,1
477006,477007,2,1,0,1
477010,477011,2,1,0,1
477187,477189,3,1,1,1
477269,477275,7,1,2,4
477390,477392,3,1,0,2
477401,477402,2,1,0,1
477418,477423,6,3,2,1
477426,477428,3,1,0,2
477431,477432,2,1,0,1
477439,477441,3,1,1,1
477444,477446,3,2,0,1
477451,477453,3,2,0,1
477459,477461,3,1,0,2
477593,477596,4,1,2,1
477599,477600,2,1,0,1
477704,477707,4,2,0,2
477712,477714,3,2,0,1
477745,477748,4,3,0,1
477810,477813,4,2,1,1
477814,477822,9,1,7,1
477899,477913,15,1,13,1
477972,477976,5,1,3,1
477988,478046,59,4,54,1
478276,478279,4,2,1,1
478482,478494,13,5,1,7
478527,478532,6,2,1,3
478546,478548,3,1,0,2
478559,478561,3,1,0,2
478562,478563,2,1,0,1
478578,478581,4,1,2,1
478587,478592,6,1,4,1
478593,478594,2,1,0,1
478595,478596,2,1,0,1
478604,478605,2,1,0,1
478608,478609,2,1,0,1
478627,478632,6,1,1,4
478633,478640,8,1,0,7
478644,478646,3,1,1,1
478647,478648,2,1,0,1
478652,478657,6,1,0,5
478659,478662,4,1,2,1
478663,478664,2,1,0,1
478673,478677,5,1,3,1
478861,478862,2,1,0,1
479030,479034,5,1,2,2
479126,479132,7,5,0,2
479139,479142,4,1,1,2
479200,479205,6,1,4,1
479251,479258,8,4,3,1
479309,479311,3,1,1,1
479390,479396,7,1,5,1
479438,479439,2,1,0,1
479446,479448,3,1,1,1
479722,479723,2,1,0,1
480143,480148,6,5,0,1
480174,480178,5,4,0,1
480179,480182,4,3,0,1
480183,480188,6,5,0,1
480313,480321,9,5,3,1
480493,480498,6,1,4,1
480524,480527,4,3,0,1
480684,480685,2,1,0,1
480718,480719,2,1,0,1
480727,480730,4,2,1,1
480975,480976,2,1,0,1
481074,481080,7,5,0,2
481217,481220,4,1,2,1
481448,481451,4,3,0,1
481682,481687,6,5,0,1
481714,481719,6,5,0,1
482004,482005,2,1,0,1
482069,482074,6,4,0,2
482080,482089,10,1,1,8
482120,482124,5,3,0,2
482140,482142,3,1,1,1
482143,482147,5,2,0,3
482148,482154,7,2,0,5
482196,482199,4,2,0,2
482203,482204,2,1,0,1
482218,482219,2,1,0,1
482269,482273,5,2,1,2
482297,482303,7,3,2,2
482306,482309,4,1,2,1
482310,482311,2,1,0,1
482405,482411,7,1,0,6
482444,482446,3,2,0,1
482505,482513,9,1,7,1
482520,482537,18,1,11,6
482603,482608,6,1,4,1
482629,482632,4,2,0,2
482668,482670,3,1,1,1
482678,482680,3,1,1,1
482770,482773,4,2,0,2
482795,482796,2,1,0,1
482812,482817,6,5,0,1
483067,483068,2,1,0,1
483410,483412,3,2,0,1
483415,483417,3,1,1,1
483419,483421,3,1,0,2
483438,483441,4,3,0,1
483581,483586,6,5,0,1
483714,483715,2,1,0,1
483716,483722,7,1,5,1
483744,483749,6,5,0,1
483750,483753,4,3,0,1
484338,484344,7,4,2,1
484606,484612,7,5,1,1
484676,484677,2,1,0,1
484761,484766,6,5,0,1
484814,484818,5,3,1,1
484883,484894,12,5,6,1
485237,485239,3,2,0,1
485251,485254,4,1,2,1
485489,485491,3,1,1,1
485677,485684,8,5,2,1
485777,485800,24,1,22,1
486127,486135,9,1,7,1
486145,486153,9,5,3,1
486180,486184,5,2,1,2
486251,486256,6,2,3,1
486710,486719,10,5,4,1
486807,486814,8,1,6,1
486890,486892,3,2,0,1
486966,486973,8,1,0,7
486981,486982,2,1,0,1
486998,487001,4,1,1,2
487016,487017,2,1,0,1
487022,487023,2,1,0,1
487084,487087,4,1,2,1
487088,487089,2,1,0,1
487112,487116,5,2,0,3
487184,487185,2,1,0,1
487216,487222,7,5,1,1
487247,487252,6,5,0,1
487321,487322,2,1,0,1
487430,487435,6,2,3,1
487448,487454,7,2,3,2
487516,487525,10,5,3,2
487526,487527,2,1,0,1
487651,487652,2,1,0,1
487671,487677,7,5,0,2
487763,487767,5,1,3,1
487829,487834,6,1,4,1
488120,488126,7,1,5,1
488166,488167,2,1,0,1
488196,488212,17,1,15,1
488245,488247,3,1,1,1
488269,488273,5,1,3,1
488518,488523,6,1,4,1
488558,488562,5,1,3,1
488597,488600,4,1,2,1
488692,488702,11,3,6,2
488871,488872,2,1,0,1
488916,488929,14,1,12,1
488932,488938,7,1,5,1
488980,488984,5,4,0,1
489011,489022,12,2,9,1
489109,489122,14,1,12,1
489144,489150,7,2,4,1
489354,489355,2,1,0,1
489427,489431,5,2,2,1
489568,489571,4,1,1,2
489591,489596,6,5,0,1
489661,489664,4,1,2,1
489723,489726,4,2,1,1
489888,489892,5,1,3,1
489905,489909,5,2,2,1
490068,490069,2,1,0,1
490095,490100,6,3,2,1
490186,490189,4,1,2,1
490228,490237,10,1,7,2
490263,490266,4,1,2,1
490441,490451,11,5,5,1
490482,490484,3,2,0,1
490801,490847,47,1,45,1
490949,490960,12,1,10,1
490963,490965,3,1,0,2
490991,490994,4,1,2,1
491039,491062,24,1,22,1
491065,491076,12,1,10,1
491185,491190,6,1,4,1
491201,491208,8,1,6,1
491212,491213,2,1,0,1
491247,491262,16,1,14,1
491369,491376,8,5,2,1
491500,491511,12,5,1,6
491515,491517,3,1,1,1
491528,491529,2,1,0,1
491630,491634,5,3,0,2
491783,491789,7,1,5,1
491801,491807,7,2,4,1
491829,491830,2,1,0,1
491902,491904,3,1,1,1
492157,492167,11,1,9,1
492177,492181,5,2,2,1
492244,492247,4,1,2,1
492260,492267,8,1,5,2
492288,492289,2,1,0,1
492303,492304,2,1,0,1
492318,492320,3,1,1,1
492321,492328,8,2,3,3
492478,492479,2,1,0,1
492510,492518,9,2,6,1
492524,492526,3,1,1,1
492535,492536,2,1,0,1
492543,492544,2,1,0,1
492557,492561,5,1,3,1
492572,492573,2,1,0,1
492578,492580,3,2,0,1
492584,492586,3,1,0,2
492590,492598,9,3,5,1
492642,492644,3,2,0,1
492654,492658,5,1,3,1
492659,492660,2,1,0,1
492671,492677,7,5,0,2
492692,492696,5,1,3,1
492710,492715,6,1,4,1
492741,492742,2,1,0,1
492760,492761,2,1,0,1
492819,492828,10,5,4,1
492876,492880,5,3,0,2
492888,492890,3,1,1,1
492904,492907,4,3,0,1
492998,492999,2,1,0,1
493035,493038,4,1,2,1
493055,493057,3,1,1,1
493073,493074,2,1,0,1
493192,493193,2,1,0,1
493203,493207,5,4,0,1
493209,493216,8,5,2,1
493222,493225,4,1,0,3
493403,493405,3,1,0,2
493441,493445,5,2,2,1
493478,493481,4,3,0,1
493495,493496,2,1,0,1
493553,493556,4,1,2,1
493561,493565,5,2,2,1
493866,493867,2,1,0,1
493881,493883,3,1,1,1
493964,493966,3,1,1,1
494326,494332,7,1,2,4
494340,494342,3,2,0,1
494351,494354,4,3,0,1
494374,494377,4,1,2,1
494378,494381,4,1,2,1
494398,494400,3,1,1,1
494401,494403,3,1,1,1
494427,494430,4,1,2,1
494445,494449,5,1,1,3
494468,494469,2,1,0,1
494471,494477,7,1,5,1
494492,494495,4,1,1,2
494501,494503,3,1,0,2
494593,494595,3,1,1,1
494671,494681,11,5,5,1
494693,494695,3,1,1,1
494701,494702,2,1,0,1
494710,494715,6,1,2,3
494719,494724,6,2,1,3
494829,494831,3,2,0,1
494833,494837,5,3,0,2
494847,494848,2,1,0,1
494896,494897,2,1,0,1
494919,494922,4,2,1,1
494936,494937,2,1,0,1
494980,494982,3,2,0,1
494989,494990,2,1,0,1
495002,495003,2,1,0,1
495025,495031,7,1,5,1
495040,495042,3,2,0,1
495084,495088,5,1,2,2
495123,495126,4,1,1,2
495138,495141,4,1,2,1
495154,495158,5,1,3,1
495168,495171,4,1,2,1
495187,495190,4,1,0,3
495196,495198,3,2,0,1
495226,495227,2,1,0,1
495228,495230,3,1,1,1
495232,495240,9,1,7,1
495248,495250,3,1,0,2
495254,495255,2,1,0,1
495256,495262,7,1,5,1
495273,495280,8,1,5,2
495294,495299,6,1,4,1
495313,495317,5,1,3,1
495337,495344,8,1,6,1
495354,495366,13,1,10,2
495383,495384,2,1,0,1
495389,495390,2,1,0,1
495408,495409,2,1,0,1
495511,495512,2,1,0,1
495528,495535,8,1,6,1
495542,495545,4,1,2,1
495546,495556,11,1,8,2
495656,495658,3,1,1,1
495770,495773,4,1,1,2
495833,495838,6,2,2,2
495848,495850,3,1,1,1
495853,495854,2,1,0,1
495857,495863,7,1,3,3
495908,495910,3,1,1,1
495957,495962,6,3,2,1
495963,495969,7,2,4,1
495970,495972,3,1,1,1
495974,495981,8,1,5,2
495995,495996,2,1,0,1
496248,496249,2,1,0,1
496271,496273,3,2,0,1
496287,496291,5,1,3,1
496357,496358,2,1,0,1
496372,496373,2,1,0,1
496388,496389,2,1,0,1
496463,496466,4,1,1,2
496615,496619,5,1,0,4
496661,496662,2,1,0,1
496664,496667,4,1,0,3
496686,496688,3,1,1,1
496698,496702,5,1,1,3
496884,496885,2,1,0,1
497671,497672,2,1,0,1
497674,497675,2,1,0,1
498192,498195,4,1,2,1
498897,498902,6,1,4,1
499092,499093,2,1,0,1
499212,499214,3,2,0,1
499299,499300,2,1,0,1
499372,499373,2,1,0,1
499924,499928,5,3,1,1
500042,500074,33,1,0,32
500543,500546,4,3,0,1
500687,500688,2,1,0,1
500699,500700,2,1,0,1
500718,500723,6,5,0,1
500748,500749,2,1,0,1
500756,500759,4,3,0,1
500800,500803,4,3,0,1
500808,500811,4,2,0,2
500812,500816,5,3,1,1
500819,500825,7,5,1,1
500872,500874,3,1,1,1
500893,500894,2,1,0,1
500917,500918,2,1,0,1
500951,500953,3,1,1,1
500959,500962,4,1,2,1
500967,500968,2,1,0,1
500973,500978,6,5,0,1
500991,500992,2,1,0,1
501002,501003,2,1,0,1
501010,501011,2,1,0,1
501047,501049,3,1,1,1
501054,501055,2,1,0,1
501064,501070,7,5,1,1
501094,501095,2,1,0,1
501096,501099,4,2,1,1
501104,501111,8,5,2,1
501136,501138,3,2,0,1
501198,501201,4,3,0,1
501202,501204,3,1,1,1
501218,501221,4,1,2,1
501222,501226,5,1,3,1
501229,501230,2,1,0,1
501248,501249,2,1,0,1
501252,501257,6,5,0,1
501262,501264,3,1,1,1
501266,501270,5,4,0,1
501282,501286,5,1,3,1
501304,501307,4,1,2,1
501308,501309,2,1,0,1
501311,501314,4,2,0,2
501318,501320,3,1,1,1
501321,501323,3,2,0,1
501371,501372,2,1,0,1
501389,501392,4,3,0,1
501409,501411,3,1,1,1
501414,501416,3,1,1,1
501421,501427,7,5,0,2
501429,501433,5,4,0,1
501437,501438,2,1,0,1
501463,501464,2,1,0,1
501471,501473,3,1,1,1
501480,501484,5,4,0,1
501509,501510,2,1,0,1
501517,501529,13,5,7,1
501533,501537,5,4,0,1
501559,501565,7,5,0,2
501566,501568,3,1,1,1
501580,501585,6,2,3,1
501596,501598,3,1,1,1
501633,501638,6,3,2,1
501645,501648,4,3,0,1
501656,501657,2,1,0,1
501658,501659,2,1,0,1
501665,501666,2,1,0,1
501673,501677,5,1,3,1
501722,501727,6,5,0,1
501763,501765,3,1,1,1
501778,501783,6,5,0,1
501800,501805,6,5,0,1
501807,501809,3,2,0,1
501813,501814,2,1,0,1
501833,501838,6,5,0,1
501848,501849,2,1,0,1
501860,501862,3,1,1,1
501870,501871,2,1,0,1
501874,501876,3,2,0,1
501877,501880,4,1,1,2
501883,501888,6,1,4,1
501889,501891,3,1,1,1
501926,501931,6,4,1,1
502174,502175,2,1,0,1
502181,502184,4,3,0,1
502225,502227,3,1,1,1
502372,502373,2,1,0,1
502662,502670,9,4,2,3
502726,502732,7,3,2,2
502756,502761,6,1,0,5
502769,502776,8,4,1,3
502786,502788,3,2,0,1
502868,502873,6,2,3,1
502924,502929,6,5,0,1
502976,502981,6,4,1,1
503024,503026,3,2,0,1
503115,503118,4,1,2,1
504464,504510,47,2,44,1
504843,504848,6,5,0,1
505229,505238,10,3,6,1
506277,506280,4,1,2,1
506432,506438,7,5,1,1
506524,506539,16,1,14,1
507341,507350,10,1,8,1
507417,507422,6,3,0,3
507423,507427,5,2,2,1
507548,507555,8,2,5,1
507579,507581,3,1,1,1
508026,508031,6,5,0,1
508072,508077,6,5,0,1
508080,508085,6,5,0,1
508086,508088,3,1,1,1
508198,508223,26,1,24,1
508577,508583,7,1,5,1
508605,508616,12,2,9,1
508756,508760,5,1,3,1
508762,508763,2,1,0,1
508764,508767,4,1,2,1
508790,508791,2,1,0,1
508799,508807,9,1,4,4
508808,508812,5,1,2,2
508817,508819,3,2,0,1
508820,508824,5,1,2,2
508832,508833,2,1,0,1
508854,508858,5,2,1,2
508870,508875,6,1,1,4
508897,508902,6,3,2,1
508920,508922,3,1,1,1
508923,508925,3,2,0,1
508936,508942,7,5,0,2
508950,508953,4,2,1,1
508973,508976,4,1,1,2
508977,508979,3,1,0,2
509003,509007,5,1,2,2
509017,509021,5,1,3,1
509023,509025,3,1,1,1
509042,509044,3,1,1,1
509052,509053,2,1,0,1
509070,509085,16,1,14,1
509112,509118,7,1,4,2
509119,509122,4,1,2,1
509128,509135,8,1,6,1
509186,509190,5,1,3,1
509210,509214,5,1,3,1
509228,509231,4,1,2,1
509237,509243,7,1,3,3
509246,509250,5,1,1,3
509263,509267,5,2,2,1
509272,509274,3,1,0,2
509276,509281,6,1,4,1
509291,509294,4,2,0,2
509322,509326,5,4,0,1
509353,509356,4,1,1,2
509407,509409,3,1,0,2
509425,509427,3,1,0,2
509453,509454,2,1,0,1
509458,509466,9,1,7,1
509474,509481,8,1,0,7
509490,509532,43,3,3,37
509542,509552,11,1,3,7
509581,509584,4,1,2,1
509590,509594,5,2,1,2
509595,509600,6,4,0,2
509607,509609,3,2,0,1
509612,509614,3,2,0,1
509617,509625,9,5,2,2
509626,509629,4,3,0,1
509630,509631,2,1,0,1
509632,509634,3,1,0,2
509687,509699,13,1,0,12
509790,509792,3,1,1,1
509840,509843,4,1,2,1
509845,509847,3,2,0,1
509852,509853,2,1,0,1
509868,509878,11,1,5,5
510138,510144,7,1,0,6
510219,510223,5,4,0,1
510256,510262,7,4,0,3
510263,510268,6,3,0,3
510269,510271,3,1,1,1
510307,510312,6,4,1,1
510317,510322,6,5,0,1
510339,510344,6,5,0,1
510346,510352,7,1,5,1
510392,510398,7,2,2,3
510519,510525,7,5,1,1
510528,510529,2,1,0,1
510571,510572,2,1,0,1
510623,510627,5,1,1,3
510791,510795,5,1,1,3
510816,510818,3,1,0,2
510821,510822,2,1,0,1
510901,510903,3,1,1,1
510972,510975,4,1,0,3
510995,510998,4,1,1,2
511027,511029,3,1,0,2
511076,511079,4,1,2,1
511110,511111,2,1,0,1
511157,511159,3,1,0,2
511189,511192,4,1,2,1
511197,511202,6,1,4,1
511203,511207,5,1,3,1
511239,511241,3,1,1,1
511254,511255,2,1,0,1
511272,511273,2,1,0,1
511290,511296,7,2,4,1
511405,511407,3,2,0,1
511409,511411,3,1,1,1
511457,511458,2,1,0,1
511461,511466,6,1,0,5
511515,511517,3,1,0,2
511648,511649,2,1,0,1
511729,511732,4,1,2,1
511925,511931,7,1,4,2
512005,512006,2,1,0,1
512128,512132,5,1,0,4
512140,512146,7,1,1,5
512301,512302,2,1,0,1
512310,512314,5,2,2,1
512328,512334,7,1,0,6
512376,512379,4,1,2,1
512451,512453,3,1,1,1
512457,512458,2,1,0,1
512465,512469,5,2,2,1
512483,512485,3,1,0,2
512522,512523,2,1,0,1
512608,512614,7,1,5,1
512623,512628,6,1,1,4
512651,512654,4,2,1,1
512659,512662,4,1,1,2
512665,512670,6,5,0,1
512733,512736,4,3,0,1
512796,512799,4,1,0,3
512813,512815,3,1,1,1
512884,512887,4,1,1,2
512888,512892,5,1,1,3
512899,512904,6,1,4,1
512905,512906,2,1,0,1
512958,512960,3,2,0,1
512985,512987,3,1,0,2
513006,513007,2,1,0,1
513008,513011,4,1,1,2
513070,513075,6,1,3,2
513162,513165,4,2,0,2
513325,513327,3,2,0,1
513348,513351,4,3,0,1
513365,513368,4,2,0,2
513848,513852,5,1,0,4
513968,513970,3,2,0,1
514023,514026,4,1,0,3
514255,514257,3,2,0,1
514317,514318,2,1,0,1
514470,514471,2,1,0,1
514739,514742,4,1,0,3
514753,514755,3,2,0,1
514774,514776,3,1,1,1
514823,514824,2,1,0,1
514833,514838,6,1,4,1
514880,514881,2,1,0,1
514897,514905,9,1,6,2
514916,514918,3,1,1,1
514922,514930,9,1,7,1
514939,514943,5,1,3,1
514946,514958,13,1,9,3
515000,515001,2,1,0,1
515015,515019,5,1,3,1
515024,515026,3,1,0,2
515034,515037,4,1,1,2
515062,515064,3,1,1,1
515079,515090,12,1,10,1
515126,515147,22,1,20,1
515149,515151,3,1,0,2
515246,515249,4,1,0,3
515285,515302,18,1,16,1
515353,515372,20,1,0,19
515422,515423,2,1,0,1
515431,515437,7,3,0,4
515449,515450,2,1,0,1
515490,515491,2,1,0,1
516460,516462,3,1,0,2
516653,516655,3,1,0,2
517121,517127,7,1,5,1
517131,517133,3,1,1,1
517141,517143,3,2,0,1
517178,517179,2,1,0,1
517216,517220,5,1,2,2
517252,517253,2,1,0,1
517270,517280,11,1,7,3
517284,517289,6,1,3,2
517295,517300,6,1,4,1
517310,517315,6,1,4,1
517324,517332,9,1,7,1
517346,517352,7,3,3,1
517365,517368,4,1,2,1
517403,517407,5,1,3,1
517418,517422,5,1,2,2
517426,517429,4,1,0,3
517434,517435,2,1,0,1
517467,517477,11,1,8,2
517481,517485,5,1,3,1
517510,517517,8,2,5,1
517533,517535,3,1,1,1
517542,517544,3,2,0,1
517623,517627,5,1,3,1
517675,517677,3,2,0,1
517695,517700,6,1,4,1
518392,518393,2,1,0,1
518461,518475,15,1,13,1
518556,518557,2,1,0,1
518572,518574,3,1,1,1
518579,518581,3,1,1,1
518584,518585,2,1,0,1
518589,518593,5,1,3,1
518596,518600,5,2,2,1
518613,518615,3,1,1,1
518625,518629,5,1,2,2
518675,518676,2,1,0,1
518681,518685,5,1,3,1
518742,518745,4,1,2,1
518980,518990,11,1,0,10
519101,519103,3,2,0,1
519138,519159,22,1,20,1
519169,519173,5,1,2,2
519227,519245,19,5,13,1
519297,519302,6,2,3,1
519408,519409,2,1,0,1
519448,519452,5,2,2,1
519520,519525,6,1,3,2
519527,519530,4,1,2,1
519548,519552,5,1,3,1
519644,519647,4,1,2,1
519669,519679,11,2,6,3
519697,519707,11,1,8,2
519731,519733,3,1,0,2
519767,519772,6,1,4,1
519818,519823,6,2,3,1
519859,519862,4,2,1,1
519870,519875,6,5,0,1
520098,520100,3,2,0,1
520127,520133,7,1,5,1
520159,520173,15,1,13,1
520286,520293,8,4,3,1
520383,520387,5,4,0,1
520389,520422,34,5,1,28
520449,520451,3,2,0,1
520487,520488,2,1,0,1
520494,520498,5,3,1,1
520546,520548,3,2,0,1
520574,520576,3,2,0,1
520577,520578,2,1,0,1
520587,520591,5,3,1,1
520599,520607,9,3,0,6
520608,520614,7,4,0,3
520618,520645,28,5,0,23
520647,520658,12,5,2,5
520663,520665,3,1,0,2
520666,520667,2,1,0,1
520669,520675,7,5,0,2
520676,520685,10,5,2,3
520693,520696,4,2,1,1
520700,520703,4,1,0,3
520704,520710,7,3,1,3
520718,520724,7,5,1,1
520738,520739,2,1,0,1
520743,520753,11,2,0,9
520761,520762,2,1,0,1
520765,520767,3,2,0,1
520776,520778,3,1,1,1
520794,520797,4,2,1,1
520798,520799,2,1,0,1
520800,520801,2,1,0,1
520819,520825,7,5,1,1
520850,520854,5,1,3,1
520875,520876,2,1,0,1
520881,520883,3,1,0,2
520889,520891,3,1,1,1
520898,520901,4,2,0,2
520904,520905,2,1,0,1
520907,520912,6,3,2,1
520917,520919,3,2,0,1
520920,520922,3,1,1,1
520923,520928,6,4,0,2
520950,520953,4,1,0,3
521001,521002,2,1,0,1
521003,521006,4,1,2,1
521008,521011,4,1,1,2
521017,521018,2,1,0,1
521026,521029,4,1,1,2
521039,521040,2,1,0,1
521042,521043,2,1,0,1
521057,521058,2,1,0,1
521062,521065,4,1,2,1
521082,521083,2,1,0,1
521088,521090,3,1,0,2
521092,521093,2,1,0,1
521095,521100,6,1,4,1
521109,521110,2,1,0,1
521116,521119,4,1,2,1
521120,521123,4,1,2,1
521134,521139,6,1,0,5
521164,521167,4,2,1,1
521168,521172,5,1,3,1
521448,521457,10,1,0,9
521520,521521,2,1,0,1
521545,521547,3,1,0,2
521663,521665,3,1,1,1
521685,521696,12,1,10,1
521739,521765,27,1,25,1
521769,521771,3,1,1,1
521774,521784,11,1,0,10
521946,521950,5,2,2,1
521993,522001,9,4,4,1
522035,522038,4,1,2,1
522068,522073,6,4,1,1
522074,522075,2,1,0,1
522081,522086,6,3,0,3
522092,522094,3,1,1,1
522102,522107,6,5,0,1
522181,522200,20,1,0,19
522226,522233,8,1,1,6
522250,522251,2,1,0,1
522253,522254,2,1,0,1
522279,522285,7,2,0,5
522286,522292,7,1,0,6
522329,522330,2,1,0,1
522333,522335,3,1,0,2
523829,523838,10,1,0,9
524214,524219,6,1,3,2
524287,524288,2,1,0,1
524375,524377,3,2,0,1
524523,524528,6,1,0,5
524871,524876,6,1,0,5
524886,524894,9,5,1,3
524916,524918,3,1,1,1
525196,525197,2,1,0,1
525283,525285,3,1,0,2
525342,525351,10,1,0,9
525412,525417,6,3,1,2
525482,525484,3,1,0,2
525495,525497,3,1,0,2
525591,525597,7,1,0,6
525601,525602,2,1,0,1
525606,525608,3,1,0,2
525628,525632,5,1,2,2
525802,525805,4,3,0,1
525816,525817,2,1,0,1
525832,525834,3,2,0,1
525836,525837,2,1,0,1
525848,525849,2,1,0,1
525850,525853,4,3,0,1
525860,525861,2,1,0,1
525868,525871,4,1,2,1
525876,525877,2,1,0,1
525884,525885,2,1,0,1
525893,525895,3,2,0,1
525912,525914,3,2,0,1
525925,525927,3,2,0,1
525961,525970,10,2,0,8
526045,526056,12,2,9,1
526061,526069,9,5,2,2
526079,526081,3,2,0,1
526082,526088,7,5,0,2
526089,526091,3,1,0,2
526160,526169,10,5,2,3
526175,526179,5,3,1,1
526189,526194,6,5,0,1
526195,526199,5,2,1,2
526212,526229,18,4,11,3
526247,526250,4,1,2,1
526251,526267,17,1,13,3
526286,526288,3,1,0,2
526381,526384,4,2,1,1
526468,526475,8,1,4,3
526526,526528,3,1,0,2
526542,526546,5,1,3,1
526548,526552,5,1,3,1
526625,526627,3,1,1,1
526631,526636,6,1,0,5
526648,526649,2,1,0,1
526761,526764,4,1,1,2
526808,526812,5,1,2,2
527049,527050,2,1,0,1
527054,527060,7,1,1,5
527108,527110,3,1,1,1
527113,527119,7,2,2,3
527124,527127,4,1,1,2
527148,527149,2,1,0,1
527170,527171,2,1,0,1
527172,527177,6,2,3,1
527181,527182,2,1,0,1
527189,527192,4,1,2,1
527201,527209,9,5,2,2
527224,527228,5,1,3,1
527247,527248,2,1,0,1
527270,527272,3,2,0,1
527273,527274,2,1,0,1
527285,527288,4,1,0,3
527314,527318,5,1,2,2
527323,527325,3,1,0,2
527337,527338,2,1,0,1
527357,527359,3,1,1,1
527413,527414,2,1,0,1
527425,527438,14,1,6,7
527453,527457,5,2,0,3
527459,527463,5,1,3,1
527479,527480,2,1,0,1
527488,527495,8,1,5,2
527517,527521,5,3,1,1
527535,527540,6,1,4,1
527566,527572,7,1,4,2
527605,527614,10,2,7,1
527631,527635,5,2,2,1
527644,527653,10,1,8,1
527661,527663,3,1,1,1
527672,527674,3,1,1,1
527756,527762,7,1,4,2
527780,527782,3,1,0,2
527795,527802,8,1,5,2
527818,527820,3,1,1,1
527827,527831,5,1,0,4
527848,527850,3,1,0,2
527852,527857,6,1,1,4
527864,527865,2,1,0,1
527869,527871,3,1,0,2
527881,527886,6,1,1,4
527888,527894,7,2,2,3
527904,527910,7,1,2,4
527911,527915,5,2,1,2
527928,527929,2,1,0,1
527951,527955,5,1,0,4
527969,527970,2,1,0,1
527996,527998,3,1,0,2
528017,528020,4,1,2,1
528025,528028,4,1,1,2
528029,528034,6,4,1,1
528036,528037,2,1,0,1
528040,528042,3,1,1,1
528043,528046,4,1,0,3
528113,528116,4,1,1,2
528117,528118,2,1,0,1
528494,528497,4,1,0,3
528605,528613,9,1,1,7
528648,528651,4,1,1,2
528659,528664,6,1,2,3
528675,528679,5,1,1,3
528691,528694,4,1,0,3
528695,528702,8,1,1,6
528739,528740,2,1,0,1
528741,528743,3,1,0,2
528744,528750,7,1,2,4
528978,528979,2,1,0,1
529005,529008,4,1,1,2
529111,529114,4,1,0,3
529115,529119,5,1,1,3
529172,529174,3,1,1,1
529176,529180,5,1,0,4
529192,529195,4,3,0,1
529214,529216,3,1,1,1
529238,529239,2,1,0,1
529244,529255,12,1,3,8
529258,529260,3,1,1,1
529261,529275,15,1,0,14
529677,529681,5,1,1,3
529699,529702,4,1,1,2
529703,529704,2,1,0,1
529714,529719,6,1,2,3
529721,529724,4,1,2,1
529733,529738,6,1,3,2
529743,529749,7,1,5,1
529759,529761,3,1,1,1
529767,529771,5,2,2,1
529773,529780,8,1,6,1
529792,529793,2,1,0,1
529797,529802,6,1,4,1
529809,529814,6,1,3,2
529817,529819,3,1,1,1
529820,529821,2,1,0,1
529827,529828,2,1,0,1
529857,529858,2,1,0,1
529860,529864,5,1,3,1
529923,529924,2,1,0,1
529928,529930,3,1,1,1
529933,529939,7,2,4,1
529940,529944,5,1,3,1
529970,529974,5,1,0,4
530014,530017,4,1,2,1
530031,530037,7,1,0,6
530061,530062,2,1,0,1
530076,530079,4,1,0,3
530102,530104,3,1,0,2
530135,530148,14,5,8,1
530151,530157,7,1,5,1
530164,530167,4,3,0,1
530241,530253,13,1,11,1
530285,530287,3,1,1,1
530341,530344,4,1,0,3
530359,530361,3,1,1,1
530418,530425,8,4,3,1
530491,530569,79,1,77,1
530578,530633,56,1,54,1
530634,530646,13,1,11,1
530650,530663,14,1,12,1
530726,530727,2,1,0,1
530732,530733,2,1,0,1
530760,530762,3,1,1,1
530795,530805,11,3,1,7
530817,530835,19,5,13,1
530848,530850,3,2,0,1
530851,530856,6,5,0,1
530862,530863,2,1,0,1
530864,530870,7,2,4,1
530878,530888,11,1,3,7
530930,530932,3,2,0,1
530937,530938,2,1,0,1
530961,530965,5,1,3,1
530995,531003,9,5,0,4
531004,531009,6,5,0,1
531035,531040,6,2,0,4
531152,531156,5,4,0,1
531162,531167,6,5,0,1
531172,531178,7,1,0,6
531211,531212,2,1,0,1
531252,531260,9,5,3,1
531276,531281,6,5,0,1
531455,531461,7,4,1,2
531626,531632,7,5,1,1
531910,531915,6,2,3,1
532057,532060,4,1,1,2
532133,532137,5,4,0,1
532283,532289,7,5,1,1
532423,532425,3,2,0,1
532460,532462,3,2,0,1
532486,532491,6,5,0,1
532492,532495,4,2,0,2
532496,532498,3,2,0,1
532510,532514,5,2,2,1
532658,532661,4,3,0,1
532668,532673,6,5,0,1
532725,532733,9,5,3,1
532747,532748,2,1,0,1
532795,532799,5,1,3,1
532822,532873,52,1,49,2
532903,532904,2,1,0,1
532916,532921,6,1,4,1
532942,532947,6,5,0,1
532948,532951,4,1,0,3
532960,532967,8,3,4,1
532974,532978,5,1,2,2
532985,532988,4,3,0,1
532996,533001,6,5,0,1
533075,533084,10,1,8,1
533095,533101,7,4,1,2
533190,533192,3,1,0,2
533219,533222,4,2,0,2
533228,533246,19,1,17,1
533304,533307,4,1,2,1
533321,533323,3,2,0,1
533419,533422,4,3,0,1
533455,533460,6,3,1,2
533463,533467,5,4,0,1
533495,533510,16,2,7,7
533511,533516,6,1,1,4
533526,533527,2,1,0,1
533533,533536,4,2,1,1
533598,533603,6,1,4,1
533629,533632,4,2,0,2
533680,533683,4,2,1,1
533693,533695,3,1,1,1
533721,533722,2,1,0,1
533755,533758,4,2,0,2
533761,533784,24,1,9,14
533795,533799,5,3,0,2
533806,533814,9,1,0,8
533815,533821,7,1,5,1
533822,533829,8,1,5,2
533912,533915,4,2,0,2
533957,533968,12,3,0,9
534022,534024,3,1,1,1
534025,534027,3,1,0,2
534037,534043,7,2,3,2
534086,534087,2,1,0,1
534112,534113,2,1,0,1
534136,534141,6,1,0,5
534155,534161,7,5,0,2
534178,534192,15,2,0,13
534209,534214,6,5,0,1
534260,534266,7,1,0,6
534279,534287,9,1,7,1
534318,534324,7,2,0,5
534336,534341,6,2,3,1
534352,534378,27,1,22,4
534424,534425,2,1,0,1
534426,534429,4,1,2,1
534435,534440,6,1,4,1
534447,534449,3,2,0,1
534503,534504,2,1,0,1
534530,534533,4,1,2,1
534534,534541,8,3,4,1
534546,534550,5,2,2,1
534558,534568,11,1,1,9
534583,534586,4,3,0,1
534652,534659,8,2,2,4
534662,534667,6,5,0,1
534687,534688,2,1,0,1
534693,534696,4,2,0,2
534724,534734,11,4,6,1
534753,534754,2,1,0,1
534759,534760,2,1,0,1
534768,534769,2,1,0,1
534782,534786,5,4,0,1
534813,534816,4,1,2,1
534852,534859,8,1,6,1
534860,534861,2,1,0,1
534862,534866,5,1,0,4
534867,534870,4,1,0,3
534871,534874,4,2,0,2
534877,534883,7,5,0,2
534884,534889,6,4,1,1
534890,534891,2,1,0,1
534958,534960,3,1,0,2
534961,534964,4,2,0,2
534965,534967,3,2,0,1
534976,534980,5,1,1,3
534992,534994,3,1,0,2
535047,535051,5,4,0,1
535054,535055,2,1,0,1
535057,535060,4,1,0,3
535135,535139,5,2,1,2
535183,535184,2,1,0,1
535191,535193,3,1,0,2
535212,535215,4,2,0,2
535216,535219,4,1,1,2
535224,535225,2,1,0,1
535247,535248,2,1,0,1
535254,535256,3,1,1,1
535361,535368,8,2,3,3
535373,535375,3,2,0,1
535378,535392,15,3,0,12
535394,535398,5,2,1,2
535415,535417,3,1,1,1
535440,535442,3,1,1,1
535453,535456,4,2,1,1
535469,535470,2,1,0,1
535493,535496,4,2,1,1
535497,535498,2,1,0,1
535500,535502,3,1,0,2
535506,535515,10,1,8,1
535532,535541,10,1,1,8
535586,535587,2,1,0,1
535599,535600,2,1,0,1
535834,535841,8,1,6,1
536154,536166,13,1,10,2
536181,536183,3,1,0,2
536247,536249,3,1,1,1
536329,536334,6,2,1,3
536369,536373,5,1,3,1
536395,536403,9,1,4,4
536484,536501,18,1,0,17
536543,536558,16,1,14,1
536571,536573,3,2,0,1
536586,536590,5,1,0,4
536596,536600,5,1,3,1
536613,536615,3,1,0,2
536622,536632,11,1,7,3
536686,536687,2,1,0,1
536753,536759,7,2,3,2
536808,536819,12,1,3,8
536826,536828,3,1,1,1
536843,536846,4,1,0,3
536852,536855,4,2,0,2
536863,536864,2,1,0,1
536873,536874,2,1,0,1
536884,536888,5,1,2,2
536896,536908,13,1,0,12
536919,536920,2,1,0,1
536942,536945,4,1,2,1
536948,536951,4,1,2,1
536960,536962,3,1,1,1
536969,536972,4,3,0,1
536982,536984,3,1,0,2
537005,537006,2,1,0,1
537008,537010,3,1,0,2
537025,537029,5,3,1,1
537033,537034,2,1,0,1
537062,537063,2,1,0,1
537066,537069,4,1,1,2
537086,537095,10,1,8,1
537254,537256,3,2,0,1
537338,537341,4,1,0,3
537832,537842,11,1,9,1
537859,537866,8,1,2,5
537960,537963,4,2,0,2
537964,537970,7,2,0,5
538163,538166,4,1,1,2
538177,538179,3,1,1,1
538197,538204,8,1,5,2
538258,538259,2,1,0,1
538286,538292,7,2,4,1
538293,538296,4,1,2,1
538522,538523,2,1,0,1
538605,538613,9,1,4,4
539164,539165,2,1,0,1
539178,539179,2,1,0,1
539183,539186,4,1,1,2
539192,539193,2,1,0,1
539198,539200,3,2,0,1
539206,539209,4,3,0,1
539210,539212,3,1,0,2
539213,539216,4,3,0,1
539217,539221,5,2,1,2
539234,539235,2,1,0,1
539238,539242,5,2,0,3
539244,539246,3,2,0,1
539252,539254,3,1,0,2
539255,539257,3,1,0,2
539259,539261,3,2,0,1
539275,539277,3,1,1,1
539279,539282,4,2,1,1
539284,539286,3,1,1,1
539297,539298,2,1,0,1
539300,539301,2,1,0,1
539305,539307,3,1,0,2
539308,539309,2,1,0,1
539318,539320,3,1,1,1
539338,539340,3,1,1,1
539341,539342,2,1,0,1
539348,539349,2,1,0,1
539357,539359,3,1,1,1
539379,539380,2,1,0,1
539398,539400,3,1,1,1
539430,539434,5,1,3,1
539435,539440,6,5,0,1
539456,539461,6,3,1,2
539467,539469,3,1,1,1
539508,539512,5,1,2,2
539514,539515,2,1,0,1
539522,539524,3,2,0,1
539528,539529,2,1,0,1
539533,539534,2,1,0,1
539541,539545,5,2,0,3
539575,539577,3,1,1,1
539582,539583,2,1,0,1
539595,539597,3,2,0,1
539612,539617,6,2,3,1
539621,539624,4,1,2,1
539629,539630,2,1,0,1
539633,539634,2,1,0,1
539638,539639,2,1,0,1
539643,539645,3,2,0,1
539648,539649,2,1,0,1
539650,539653,4,1,2,1
539656,539657,2,1,0,1
539692,539694,3,1,1,1
539708,539715,8,1,6,1
539716,539719,4,2,0,2
539722,539724,3,1,0,2
539752,539754,3,1,0,2
539763,539764,2,1,0,1
539778,539780,3,1,1,1
539928,539929,2,1,0,1
539950,539952,3,1,0,2
539968,539969,2,1,0,1
540065,540066,2,1,0,1
540087,540092,6,1,2,3
540236,540237,2,1,0,1
540321,540323,3,2,0,1
540417,540418,2,1,0,1
540419,540420,2,1,0,1
540444,540445,2,1,0,1
540461,540463,3,1,0,2
540515,540516,2,1,0,1
540519,540521,3,1,0,2
540530,540531,2,1,0,1
540534,540535,2,1,0,1
540551,540554,4,2,1,1
540576,540577,2,1,0,1
540582,540583,2,1,0,1
540614,540616,3,1,0,2
540625,540626,2,1,0,1
540698,540700,3,1,1,1
540741,540745,5,1,2,2
540761,540764,4,2,1,1
540772,540775,4,1,1,2
540777,540778,2,1,0,1
540802,540804,3,1,1,1
540836,540837,2,1,0,1
540841,540842,2,1,0,1
540870,540873,4,1,1,2
540922,540927,6,1,4,1
540939,540940,2,1,0,1
540945,540947,3,1,0,2
540977,540979,3,2,0,1
541034,541035,2,1,0,1
541058,541061,4,1,1,2
541084,541085,2,1,0,1
541094,541098,5,1,3,1
541106,541107,2,1,0,1
541119,541121,3,1,1,1
541122,541123,2,1,0,1
541139,541140,2,1,0,1
541155,541156,2,1,0,1
541164,541165,2,1,0,1
541235,541236,2,1,0,1
541288,541289,2,1,0,1
541304,541305,2,1,0,1
541310,541311,2,1,0,1
541454,541456,3,1,0,2
541475,541476,2,1,0,1
541491,541492,2,1,0,1
541499,541501,3,1,1,1
541521,541523,3,2,0,1
541526,541528,3,1,1,1
541537,541540,4,1,2,1
541579,541582,4,1,2,1
541607,541609,3,1,0,2
541631,541633,3,1,0,2
541656,541658,3,1,0,2
541665,541668,4,1,1,2
541671,541672,2,1,0,1
541728,541730,3,1,0,2
541739,541741,3,1,1,1
541744,541747,4,1,2,1
541757,541760,4,1,1,2
541810,541813,4,1,2,1
541814,541815,2,1,0,1
541824,541826,3,1,1,1
541834,541835,2,1,0,1
541862,541863,2,1,0,1
541872,541874,3,2,0,1
541876,541877,2,1,0,1
541878,541879,2,1,0,1
541904,541905,2,1,0,1
541916,541917,2,1,0,1
541941,541942,2,1,0,1
541943,541946,4,1,0,3
541949,541950,2,1,0,1
541968,541970,3,1,1,1
541982,541986,5,1,0,4
542008,542013,6,4,1,1
542021,542022,2,1,0,1
542023,542025,3,1,1,1
542026,542027,2,1,0,1
542028,542030,3,1,1,1
542035,542036,2,1,0,1
542046,542050,5,1,3,1
542055,542056,2,1,0,1
542075,542078,4,1,1,2
542081,542086,6,1,4,1
542093,542095,3,1,0,2
542121,542122,2,1,0,1
542123,542124,2,1,0,1
542142,542143,2,1,0,1
542153,542157,5,1,2,2
542167,542170,4,1,1,2
542194,542195,2,1,0,1
542217,542220,4,1,0,3
542225,542230,6,1,4,1
542252,542254,3,2,0,1
542255,542257,3,1,1,1
542290,542291,2,1,0,1
542308,542309,2,1,0,1
542314,542315,2,1,0,1
542324,542326,3,1,0,2
542336,542339,4,1,2,1
542355,542357,3,1,0,2
542360,542361,2,1,0,1
542371,542372,2,1,0,1
542412,542415,4,1,1,2
542451,542453,3,1,0,2
542460,542464,5,1,2,2
542465,542466,2,1,0,1
542503,542505,3,1,1,1
542526,542529,4,1,2,1
542538,542539,2,1,0,1
542541,542542,2,1,0,1
542568,542570,3,2,0,1
542575,542576,2,1,0,1
542583,542584,2,1,0,1
542601,542602,2,1,0,1
542603,542605,3,1,1,1
542616,542617,2,1,0,1
542649,542652,4,1,1,2
542653,542655,3,2,0,1
542666,542668,3,1,1,1
542669,542670,2,1,0,1
542672,542675,4,3,0,1
542678,542680,3,1,1,1
542684,542690,7,1,5,1
542691,542693,3,1,0,2
542698,542699,2,1,0,1
542735,542738,4,1,2,1
542742,542743,2,1,0,1
542763,542765,3,1,1,1
542776,542779,4,1,0,3
542789,542794,6,1,2,3
542804,542805,2,1,0,1
542806,542807,2,1,0,1
542812,542814,3,1,1,1
542818,542819,2,1,0,1
542829,542837,9,3,5,1
542850,542855,6,1,4,1
542865,542866,2,1,0,1
542883,542886,4,1,1,2
542922,542923,2,1,0,1
542925,542926,2,1,0,1
542944,542945,2,1,0,1
542948,542950,3,1,1,1
542951,542954,4,1,0,3
542955,542956,2,1,0,1
542985,542987,3,1,0,2
542989,542993,5,2,2,1
542997,542999,3,1,0,2
543008,543009,2,1,0,1
543035,543037,3,2,0,1
543074,543076,3,1,0,2
543085,543086,2,1,0,1
543133,543134,2,1,0,1
543152,543153,2,1,0,1
543154,543157,4,1,1,2
543177,543181,5,2,2,1
543209,543213,5,1,0,4
543214,543216,3,1,1,1
543228,543231,4,1,2,1
543233,543235,3,2,0,1
543237,543238,2,1,0,1
543247,543249,3,1,1,1
543258,543260,3,1,0,2
543267,543268,2,1,0,1
543272,543273,2,1,0,1
543280,543281,2,1,0,1
543292,543294,3,1,0,2
543317,543320,4,1,1,2
543326,543329,4,2,0,2
543342,543343,2,1,0,1
543346,543349,4,1,0,3
543353,543359,7,1,4,2
543500,543501,2,1,0,1
543502,543503,2,1,0,1
543508,543511,4,1,2,1
543519,543521,3,1,1,1
543527,543528,2,1,0,1
543547,543550,4,1,1,2
543561,543564,4,1,2,1
543595,543596,2,1,0,1
543629,543632,4,1,2,1
543641,543642,2,1,0,1
543655,543657,3,2,0,1
543658,543659,2,1,0,1
543666,543669,4,3,0,1
543672,543675,4,1,2,1
543700,543701,2,1,0,1
543703,543705,3,1,1,1
543709,543712,4,2,0,2
543720,543721,2,1,0,1
543734,543736,3,1,0,2
543738,543740,3,2,0,1
543744,543747,4,1,1,2
543762,543764,3,1,0,2
543801,543802,2,1,0,1
543829,543830,2,1,0,1
543835,543836,2,1,0,1
543839,543840,2,1,0,1
543873,543874,2,1,0,1
543887,543889,3,1,0,2
543892,543895,4,2,1,1
543921,543923,3,2,0,1
543931,543935,5,1,3,1
543953,543956,4,2,1,1
543980,543985,6,1,3,2
543986,543987,2,1,0,1
544001,544003,3,1,0,2
544013,544018,6,1,4,1
544041,544042,2,1,0,1
544043,544045,3,1,1,1
544086,544087,2,1,0,1
544120,544122,3,1,0,2
544132,544133,2,1,0,1
544138,544140,3,1,1,1
544152,544154,3,1,1,1
544161,544162,2,1,0,1
544168,544169,2,1,0,1
544185,544186,2,1,0,1
544202,544204,3,1,1,1
544210,544211,2,1,0,1
544217,544220,4,1,1,2
544222,544224,3,1,1,1
544233,544234,2,1,0,1
544239,544241,3,1,1,1
544246,544253,8,1,5,2
544254,544256,3,2,0,1
544257,544258,2,1,0,1
544265,544268,4,1,2,1
544290,544291,2,1,0,1
544304,544307,4,3,0,1
544322,544325,4,1,2,1
544326,544327,2,1,0,1
544343,544345,3,1,0,2
544361,544362,2,1,0,1
544376,544378,3,1,1,1
544380,544383,4,1,2,1
544388,544390,3,1,0,2
544391,544393,3,2,0,1
544419,544423,5,1,2,2
544429,544430,2,1,0,1
544434,544435,2,1,0,1
544462,544465,4,1,2,1
544480,544482,3,1,0,2
544503,544504,2,1,0,1
544511,544512,2,1,0,1
544547,544548,2,1,0,1
544554,544558,5,1,2,2
544560,544561,2,1,0,1
544565,544567,3,2,0,1
544574,544579,6,1,4,1
544581,544582,2,1,0,1
544608,544610,3,1,0,2
544620,544622,3,1,0,2
544627,544629,3,1,1,1
544636,544637,2,1,0,1
544650,544653,4,1,0,3
544658,544659,2,1,0,1
544662,544664,3,1,1,1
544665,544667,3,1,1,1
544673,544674,2,1,0,1
544694,544698,5,3,1,1
544709,544711,3,1,0,2
544712,544715,4,1,2,1
544722,544724,3,1,0,2
544755,544757,3,2,0,1
544759,544760,2,1,0,1
544772,544774,3,1,1,1
544781,544782,2,1,0,1
544834,544836,3,1,1,1
544846,544849,4,1,1,2
544865,544868,4,1,2,1
544888,544890,3,2,0,1
544915,544918,4,1,2,1
544919,544920,2,1,0,1
544921,544923,3,1,1,1
544924,544925,2,1,0,1
544936,544938,3,1,0,2
544951,544953,3,1,1,1
544958,544959,2,1,0,1
544977,544980,4,2,0,2
544983,544987,5,1,3,1
545007,545009,3,1,0,2
545016,545018,3,1,1,1
545019,545021,3,1,1,1
545022,545023,2,1,0,1
545024,545026,3,2,0,1
545039,545045,7,2,0,5
545058,545061,4,1,2,1
545062,545064,3,1,1,1
545095,545097,3,2,0,1
545103,545105,3,2,0,1
545122,545124,3,1,1,1
545128,545130,3,2,0,1
545149,545150,2,1,0,1
545151,545153,3,2,0,1
545160,545161,2,1,0,1
545162,545164,3,2,0,1
545171,545173,3,2,0,1
545174,545176,3,2,0,1
545185,545188,4,3,0,1
545189,545190,2,1,0,1
545193,545195,3,1,1,1
545204,545209,6,5,0,1
545213,545216,4,3,0,1
545219,545221,3,2,0,1
545231,545235,5,3,1,1
545237,545238,2,1,0,1
545239,545240,2,1,0,1
545243,545246,4,2,0,2
545248,545253,6,5,0,1
545254,545256,3,2,0,1
545257,545259,3,1,0,2
545260,545262,3,2,0,1
545263,545267,5,3,0,2
545271,545275,5,4,0,1
545279,545284,6,5,0,1
545288,545289,2,1,0,1
545301,545302,2,1,0,1
545329,545330,2,1,0,1
545333,545335,3,2,0,1
545336,545338,3,2,0,1
545345,545347,3,2,0,1
545348,545351,4,3,0,1
545352,545358,7,4,2,1
545367,545368,2,1,0,1
545370,545375,6,5,0,1
545377,545379,3,2,0,1
545393,545394,2,1,0,1
545396,545400,5,3,1,1
545405,545406,2,1,0,1
545407,545409,3,1,0,2
545419,545421,3,2,0,1
545428,545430,3,2,0,1
545437,545438,2,1,0,1
545450,545453,4,3,0,1
545454,545456,3,2,0,1
545476,545480,5,4,0,1
545493,545494,2,1,0,1
545495,545498,4,3,0,1
545597,545609,13,4,0,9
545613,545617,5,1,1,3
545618,545624,7,1,0,6
545719,545724,6,3,0,3
545730,545733,4,3,0,1
545957,545959,3,1,1,1
545983,545985,3,2,0,1
545993,546000,8,5,2,1
546003,546004,2,1,0,1
546033,546039,7,4,2,1
546077,546083,7,4,2,1
546100,546103,4,3,0,1
546105,546109,5,2,2,1
546119,546132,14,2,0,12
546143,546149,7,1,5,1
546161,546166,6,2,3,1
546236,546238,3,1,1,1
546240,546241,2,1,0,1
546248,546251,4,1,0,3
546315,546318,4,1,0,3
546340,546345,6,4,0,2
546382,546384,3,1,0,2
546385,546388,4,2,1,1
546393,546394,2,1,0,1
546400,546406,7,5,1,1
546458,546461,4,2,0,2
546497,546501,5,2,2,1
546503,546504,2,1,0,1
546505,546507,3,1,0,2
546525,546530,6,5,0,1
546533,546535,3,1,1,1
546540,546541,2,1,0,1
546548,546550,3,2,0,1
546556,546557,2,1,0,1
546560,546562,3,2,0,1
546574,546578,5,2,0,3
546580,546581,2,1,0,1
546582,546583,2,1,0,1
546600,546605,6,5,0,1
546610,546611,2,1,0,1
546623,546628,6,5,0,1
546630,546632,3,1,1,1
546633,546637,5,4,0,1
546814,546820,7,5,0,2
546939,546942,4,3,0,1
546953,546957,5,4,0,1
547010,547011,2,1,0,1
547021,547023,3,1,1,1
547036,547038,3,2,0,1
547045,547053,9,1,7,1
547107,547111,5,3,1,1
547159,547164,6,4,1,1
547169,547170,2,1,0,1
547182,547183,2,1,0,1
547234,547237,4,2,1,1
547260,547265,6,3,0,3
547270,547272,3,1,1,1
547302,547303,2,1,0,1
547321,547325,5,1,0,4
547331,547333,3,1,1,1
547334,547335,2,1,0,1
547348,547350,3,1,1,1
547351,547354,4,3,0,1
547361,547363,3,1,1,1
547364,547365,2,1,0,1
547385,547386,2,1,0,1
547441,547442,2,1,0,1
547463,547471,9,5,3,1
547498,547499,2,1,0,1
547520,547525,6,3,0,3
547526,547527,2,1,0,1
547536,547539,4,2,1,1
547548,547550,3,1,1,1
547556,547559,4,2,1,1
547564,547567,4,2,1,1
547648,547649,2,1,0,1
547652,547655,4,3,0,1
547684,547687,4,1,1,2
547695,547697,3,1,1,1
547717,547720,4,1,2,1
547788,547791,4,3,0,1
547794,547796,3,1,1,1
547798,547803,6,5,0,1
547804,547808,5,3,1,1
547822,547825,4,1,2,1
547908,547912,5,2,2,1
547916,547922,7,3,3,1
547957,547960,4,2,1,1
547999,548000,2,1,0,1
548037,548039,3,1,1,1
548055,548056,2,1,0,1
548086,548088,3,2,0,1
548098,548099,2,1,0,1
548190,548192,3,2,0,1
548193,548194,2,1,0,1
548204,548208,5,3,1,1
548210,548212,3,1,1,1
548267,548269,3,2,0,1
548272,548275,4,3,0,1
548288,548289,2,1,0,1
548321,548323,3,2,0,1
548330,548331,2,1,0,1
548338,548344,7,2,4,1
548345,548346,2,1,0,1
548347,548348,2,1,0,1
548367,548372,6,3,2,1
548393,548395,3,1,1,1
548411,548414,4,1,0,3
548453,548460,8,5,2,1
548468,548469,2,1,0,1
548470,548476,7,5,1,1
548488,548489,2,1,0,1
548533,548536,4,1,2,1
548559,548569,11,5,5,1
548573,548577,5,3,1,1
548606,548607,2,1,0,1
548616,548617,2,1,0,1
548645,548647,3,1,1,1
548660,548666,7,4,2,1
548673,548674,2,1,0,1
548679,548681,3,1,0,2
548682,548684,3,1,1,1
548690,548693,4,3,0,1
548700,548701,2,1,0,1
548750,548753,4,1,1,2
548755,548757,3,2,0,1
548758,548760,3,1,1,1
548785,548789,5,1,3,1
548793,548798,6,4,1,1
548805,548810,6,5,0,1
548817,548818,2,1,0,1
548839,548840,2,1,0,1
548844,548846,3,1,1,1
548847,548848,2,1,0,1
548849,548851,3,2,0,1
548865,548873,9,5,3,1
548885,548886,2,1,0,1
548899,548903,5,1,2,2
548928,548930,3,1,1,1
548948,548951,4,2,0,2
548964,548967,4,2,1,1
549002,549003,2,1,0,1
549037,549038,2,1,0,1
549064,549069,6,3,1,2
549088,549091,4,1,1,2
549101,549103,3,1,1,1
549146,549147,2,1,0,1
549148,549150,3,2,0,1
549155,549157,3,1,1,1
549177,549179,3,1,0,2
549184,549188,5,2,1,2
549191,549195,5,2,2,1
549198,549201,4,1,2,1
549202,549203,2,1,0,1
549211,549212,2,1,0,1
549273,549276,4,1,2,1
549285,549296,12,3,8,1
549311,549313,3,1,1,1
549323,549325,3,1,1,1
549350,549365,16,1,14,1
549398,549399,2,1,0,1
549400,549406,7,3,2,2
549438,549440,3,1,0,2
549442,549443,2,1,0,1
549452,549455,4,1,2,1
549467,549469,3,2,0,1
549476,549485,10,2,6,2
549486,549487,2,1,0,1
549502,549504,3,2,0,1
549508,549512,5,4,0,1
549524,549527,4,1,1,2
549543,549545,3,2,0,1
549553,549557,5,4,0,1
549574,549576,3,1,1,1
549583,549584,2,1,0,1
549609,549611,3,2,0,1
549614,549619,6,1,4,1
549641,549644,4,3,0,1
549646,549653,8,2,5,1
549672,549675,4,1,1,2
549762,549765,4,2,0,2
549780,549783,4,1,2,1
549805,549806,2,1,0,1
549837,549839,3,1,1,1
549840,549848,9,2,6,1
549852,549856,5,1,3,1
549874,549875,2,1,0,1
549899,549901,3,2,0,1
549906,549907,2,1,0,1
549919,549921,3,1,1,1
549931,549933,3,1,0,2
549942,549943,2,1,0,1
549953,549959,7,1,1,5
549960,549961,2,1,0,1
549988,549990,3,1,1,1
549991,550002,12,3,0,9
550008,550018,11,1,1,9
550019,550020,2,1,0,1
550026,550030,5,3,1,1
550044,550048,5,3,1,1
550051,550054,4,3,0,1
550070,550072,3,1,0,2
550080,550081,2,1,0,1
550091,550096,6,2,3,1
550101,550107,7,3,0,4
550108,550109,2,1,0,1
550150,550152,3,1,1,1
550158,550161,4,1,2,1
550173,550178,6,5,0,1
550183,550184,2,1,0,1
550185,550186,2,1,0,1
550187,550189,3,1,0,2
550196,550210,15,5,9,1
550214,550217,4,1,1,2
550239,550242,4,2,0,2
550280,550284,5,4,0,1
550285,550286,2,1,0,1
550288,550290,3,1,1,1
550298,550300,3,1,1,1
550320,550322,3,1,0,2
550326,550328,3,1,0,2
550351,550354,4,2,1,1
550369,550370,2,1,0,1
550380,550384,5,4,0,1
550425,550430,6,2,0,4
550441,550444,4,1,2,1
550446,550454,9,1,4,4
550460,550465,6,1,4,1
550469,550471,3,1,1,1
550492,550493,2,1,0,1
550530,550531,2,1,0,1
550567,550569,3,1,1,1
550613,550617,5,1,1,3
550618,550619,2,1,0,1
550624,550627,4,1,2,1
550645,550651,7,2,4,1
550665,550670,6,2,2,2
550679,550681,3,1,0,2
550708,550715,8,1,5,2
550724,550729,6,1,4,1
550760,550761,2,1,0,1
550766,550768,3,1,0,2
550805,550806,2,1,0,1
550812,550813,2,1,0,1
550814,550820,7,1,4,2
550822,550827,6,3,0,3
550828,550832,5,1,0,4
550842,550843,2,1,0,1
550851,550859,9,1,7,1
550870,550872,3,1,1,1
550890,550893,4,1,1,2
550911,550915,5,1,3,1
550942,550946,5,2,0,3
550956,550964,9,2,5,2
550973,550974,2,1,0,1
550994,550995,2,1,0,1
551010,551011,2,1,0,1
551088,551096,9,4,4,1
551174,551177,4,2,0,2
551179,551180,2,1,0,1
551181,551183,3,1,0,2
551187,551193,7,1,5,1
551197,551199,3,2,0,1
551234,551243,10,5,3,2
551259,551264,6,2,2,2
551268,551271,4,3,0,1
551307,551312,6,5,0,1
551369,551372,4,3,0,1
551401,551403,3,2,0,1
551470,551473,4,2,0,2
551478,551482,5,2,0,3
551483,551485,3,1,1,1
551493,551496,4,2,1,1
551543,551549,7,1,1,5
551557,551559,3,1,0,2
551607,551608,2,1,0,1
551639,551645,7,1,2,4
551657,551663,7,2,3,2
551666,551667,2,1,0,1
551815,551817,3,2,0,1
551882,551884,3,2,0,1
551930,551932,3,1,0,2
551958,551959,2,1,0,1
551978,551979,2,1,0,1
551986,551988,3,1,1,1
552008,552009,2,1,0,1
552013,552016,4,1,2,1
552028,552041,14,1,12,1
552045,552048,4,1,1,2
552057,552060,4,3,0,1
552099,552100,2,1,0,1
552121,552122,2,1,0,1
552125,552128,4,3,0,1
552134,552136,3,1,1,1
552148,552149,2,1,0,1
552178,552180,3,1,1,1
552221,552233,13,5,2,6
552253,552259,7,1,4,2
552285,552286,2,1,0,1
552298,552303,6,2,3,1
552315,552320,6,1,4,1
552326,552328,3,1,1,1
552333,552335,3,1,0,2
552385,552388,4,1,2,1
552391,552394,4,3,0,1
552398,552400,3,2,0,1
552410,552414,5,2,1,2
552415,552416,2,1,0,1
552442,552443,2,1,0,1
552446,552449,4,2,0,2
552461,552466,6,1,4,1
552477,552478,2,1,0,1
552481,552487,7,3,3,1
552516,552527,12,1,0,11
552528,552529,2,1,0,1
552541,552542,2,1,0,1
552557,552558,2,1,0,1
552626,552630,5,3,1,1
552683,552686,4,3,0,1
552726,552730,5,1,1,3
552767,552776,10,1,1,8
552789,552791,3,1,0,2
552806,552808,3,2,0,1
552811,552812,2,1,0,1
552829,552864,36,1,0,35
552901,552902,2,1,0,1
552916,552922,7,5,1,1
552929,552931,3,1,1,1
552938,552940,3,1,1,1
552942,552944,3,1,1,1
552957,552964,8,1,6,1
552985,552986,2,1,0,1
553036,553041,6,5,0,1
553049,553057,9,1,1,7
553067,553069,3,1,1,1
553073,553074,2,1,0,1
553102,553104,3,2,0,1
553143,553145,3,1,1,1
553146,553148,3,1,1,1
553168,553171,4,2,1,1
553198,553210,13,5,0,8
553217,553220,4,2,1,1
553226,553231,6,4,1,1
553237,553239,3,2,0,1
553251,553254,4,3,0,1
553287,553289,3,1,1,1
553290,553299,10,3,5,2
553308,553311,4,1,2,1
553325,553332,8,3,0,5
553342,553343,2,1,0,1
553351,553359,9,5,1,3
553368,553373,6,5,0,1
553374,553375,2,1,0,1
553378,553382,5,1,2,2
553409,553411,3,1,1,1
553430,553434,5,1,0,4
553443,553445,3,1,1,1
553446,553448,3,1,1,1
553452,553455,4,1,1,2
553508,553512,5,1,3,1
553527,553533,7,5,0,2
553587,553591,5,3,1,1
553603,553608,6,1,4,1
553615,553616,2,1,0,1
553643,553647,5,4,0,1
553653,553658,6,3,2,1
553660,553661,2,1,0,1
553662,553665,4,1,2,1
553666,553673,8,1,0,7
553679,553680,2,1,0,1
553681,553682,2,1,0,1
553683,553684,2,1,0,1
553690,553695,6,4,0,2
553723,553731,9,1,0,8
553738,553742,5,1,2,2
553752,553758,7,3,2,2
553823,553828,6,2,1,3
553835,553839,5,1,3,1
553873,553876,4,1,2,1
553896,553901,6,3,1,2
553923,553926,4,2,0,2
553933,553934,2,1,0,1
553946,553949,4,3,0,1
553952,553953,2,1,0,1
553954,553959,6,1,4,1
553965,553967,3,2,0,1
553975,553978,4,1,2,1
553995,553996,2,1,0,1
554054,554059,6,2,0,4
554077,554081,5,4,0,1
554096,554099,4,3,0,1
554100,554104,5,1,1,3
554107,554110,4,1,0,3
554142,554152,11,4,6,1
554153,554156,4,3,0,1
554160,554164,5,1,1,3
554208,554210,3,1,1,1
554217,554218,2,1,0,1
554283,554284,2,1,0,1
554287,554289,3,1,1,1
554296,554297,2,1,0,1
554357,554358,2,1,0,1
554452,554454,3,2,0,1
554456,554459,4,1,1,2
554476,554480,5,1,3,1
554486,554490,5,3,0,2
554510,554521,12,3,8,1
554528,554529,2,1,0,1
554559,554560,2,1,0,1
554602,554605,4,2,1,1
554627,554631,5,3,1,1
554635,554638,4,3,0,1
554655,554656,2,1,0,1
554657,554667,11,1,9,1
554698,554701,4,2,1,1
554704,554706,3,1,1,1
554753,554755,3,1,1,1
554768,554769,2,1,0,1
554773,554776,4,2,1,1
554808,554810,3,2,0,1
554848,554850,3,1,0,2
554928,554929,2,1,0,1
554959,554962,4,3,0,1
555042,555043,2,1,0,1
555053,555054,2,1,0,1
555065,555067,3,2,0,1
555090,555093,4,3,0,1
555107,555108,2,1,0,1
555118,555119,2,1,0,1
555122,555126,5,4,0,1
555202,555205,4,3,0,1
555215,555217,3,1,1,1
555230,555231,2,1,0,1
555251,555256,6,5,0,1
555281,555286,6,5,0,1
555287,555289,3,2,0,1
555318,555322,5,1,3,1
555365,555367,3,2,0,1
555387,555389,3,1,1,1
555393,555394,2,1,0,1
555420,555425,6,5,0,1
555428,555432,5,1,3,1
555441,555443,3,1,1,1
555454,555456,3,2,0,1
555540,555542,3,1,1,1
555612,555615,4,2,1,1
555639,555644,6,1,4,1
555695,555701,7,5,0,2
555749,555753,5,1,3,1
555758,555764,7,5,1,1
555793,555797,5,3,1,1
555855,555859,5,3,1,1
555860,555861,2,1,0,1
555872,555873,2,1,0,1
555878,555880,3,1,1,1
555993,555999,7,5,1,1
556007,556011,5,2,2,1
556025,556030,6,5,0,1
556031,556032,2,1,0,1
556081,556084,4,1,1,2
556118,556123,6,2,3,1
556159,556162,4,2,0,2
556205,556207,3,1,1,1
556267,556270,4,3,0,1
556284,556286,3,1,1,1
556311,556315,5,3,0,2
556386,556388,3,2,0,1
556408,556409,2,1,0,1
556413,556418,6,4,1,1
556511,556524,14,1,12,1
556576,556582,7,1,4,2
556596,556601,6,5,0,1
556602,556603,2,1,0,1
556606,556609,4,3,0,1
556637,556642,6,3,2,1
556652,556654,3,2,0,1
556710,556715,6,5,0,1
556749,556752,4,3,0,1
556756,556764,9,2,6,1
556788,556789,2,1,0,1
556817,556831,15,1,13,1
556972,556976,5,3,0,2
557033,557036,4,3,0,1
557078,557081,4,3,0,1
557115,557117,3,1,1,1
557143,557153,11,5,5,1
557154,557156,3,2,0,1
557165,557178,14,5,8,1
557246,557247,2,1,0,1
557306,557318,13,5,1,7
557353,557357,5,1,3,1
557372,557373,2,1,0,1
557382,557383,2,1,0,1
557384,557388,5,3,1,1
557485,557490,6,3,1,2
557495,557505,11,2,8,1
557558,557561,4,1,2,1
557577,557579,3,2,0,1
557580,557581,2,1,0,1
557662,557670,9,5,2,2
557671,557674,4,2,0,2
557705,557707,3,2,0,1
557709,557715,7,5,0,2
557717,557718,2,1,0,1
557739,557766,28,5,22,1
557782,557804,23,2,20,1
557808,557816,9,5,0,4
557831,557844,14,1,11,2
557947,557966,20,1,18,1
557998,557999,2,1,0,1
558090,558101,12,5,6,1
558271,558284,14,4,9,1
558397,558404,8,5,2,1
558411,558417,7,5,0,2
558749,558751,3,1,1,1
558755,558756,2,1,0,1
558757,558758,2,1,0,1
558764,558766,3,1,0,2
558910,558912,3,1,1,1
558971,558973,3,2,0,1
558981,558986,6,5,0,1
558991,558994,4,3,0,1
559168,559169,2,1,0,1
559270,559292,23,1,21,1
559517,559524,8,1,6,1
559616,559621,6,1,4,1
559635,559644,10,1,0,9
559645,559646,2,1,0,1
559647,559654,8,5,1,2
559771,559776,6,5,0,1
559784,559788,5,3,0,2
559823,559826,4,1,2,1
559829,559830,2,1,0,1
559904,559912,9,5,3,1
560061,560065,5,3,1,1
560097,560113,17,1,15,1
560141,560170,30,5,24,1
560269,560272,4,1,0,3
560304,560308,5,2,2,1
560319,560337,19,1,17,1
560720,560735,16,2,13,1
560803,560828,26,1,24,1
560966,560974,9,5,3,1
561001,561014,14,5,8,1
561015,561016,2,1,0,1
561074,561082,9,5,3,1
561089,561090,2,1,0,1
561110,561113,4,3,0,1
561188,561189,2,1,0,1
561240,561246,7,5,0,2
561247,561250,4,1,0,3
561251,561253,3,2,0,1
561449,561475,27,3,22,2
561649,561693,45,5,39,1
561695,561696,2,1,0,1
562353,562354,2,1,0,1
562374,562394,21,1,19,1
562489,562494,6,5,0,1
562554,562557,4,2,1,1
562586,562588,3,1,0,2
562651,562659,9,1,4,4
562731,562967,237,2,234,1
563197,563328,132,1,130,1
563488,563489,2,1,0,1
563498,563502,5,2,2,1
563512,563531,20,1,18,1
564063,564065,3,2,0,1
564139,564145,7,1,5,1
564171,564186,16,1,0,15
564208,564217,10,1,7,2
564250,564257,8,3,2,3
564284,564290,7,5,1,1
564305,564312,8,5,2,1
564388,564393,6,5,0,1
564394,564398,5,4,0,1
564410,564415,6,5,0,1
564417,564458,42,1,40,1
564460,564461,2,1,0,1
564462,564466,5,2,1,2
564472,564477,6,5,0,1
564490,564493,4,2,1,1
564581,564600,20,1,18,1
564614,564622,9,1,7,1
564628,564630,3,1,1,1
564866,564867,2,1,0,1
564945,564951,7,1,2,4
564958,564960,3,2,0,1
564964,564970,7,1,0,6
564973,564979,7,5,1,1
564980,564985,6,5,0,1
565227,565232,6,5,0,1
565308,565309,2,1,0,1
565321,565327,7,1,5,1
565430,565432,3,2,0,1
565433,565435,3,2,0,1
565487,565490,4,1,1,2
565497,565501,5,3,1,1
565598,565614,17,5,10,2
565725,565732,8,3,3,2
565748,565750,3,1,0,2
565760,565764,5,1,1,3
565765,565775,11,1,9,1
565820,565822,3,1,1,1
565851,565858,8,4,3,1
565859,565861,3,1,0,2
565877,565883,7,5,1,1
565929,565930,2,1,0,1
565968,565977,10,5,4,1
565985,566003,19,5,3,11
566083,566090,8,5,2,1
566091,566094,4,1,0,3
566119,566125,7,5,1,1
566147,566158,12,3,7,2
566159,566162,4,1,0,3
566182,566188,7,3,3,1
566201,566211,11,2,8,1
566212,566218,7,4,2,1
566291,566295,5,4,0,1
566301,566304,4,3,0,1
566305,566308,4,1,1,2
566311,566320,10,1,1,8
566364,566365,2,1,0,1
566378,566385,8,5,2,1
566388,566391,4,3,0,1
566392,566393,2,1,0,1
566420,566421,2,1,0,1
566429,566431,3,2,0,1
566437,566444,8,1,5,2
566447,566450,4,2,1,1
566481,566484,4,3,0,1
566489,566491,3,1,1,1
566503,566509,7,5,1,1
566517,566523,7,4,2,1
566529,566535,7,4,2,1
566598,566603,6,4,0,2
566669,566673,5,2,2,1
566684,566686,3,1,1,1
566711,566716,6,5,0,1
566744,566750,7,5,0,2
566751,566755,5,2,1,2
566778,566779,2,1,0,1
566780,566782,3,2,0,1
566801,566805,5,3,0,2
566808,566810,3,2,0,1
566816,566829,14,1,12,1
566843,566845,3,2,0,1
566999,567003,5,1,2,2
567016,567018,3,1,1,1
567021,567025,5,4,0,1
567103,567119,17,2,13,2
567125,567127,3,1,1,1
567156,567162,7,2,4,1
567181,567191,11,1,9,1
567198,567207,10,1,8,1
567209,567211,3,2,0,1
567213,567234,22,4,0,18
567596,567601,6,5,0,1
567725,567730,6,5,0,1
567792,567795,4,3,0,1
568106,568112,7,5,1,1
568791,568796,6,5,0,1
568801,568803,3,1,1,1
568823,568825,3,2,0,1
568831,568834,4,2,1,1
568836,568839,4,1,2,1
568852,568857,6,3,1,2
568872,568877,6,3,2,1
568879,568880,2,1,0,1
568883,568884,2,1,0,1
568893,568897,5,3,1,1
568907,568908,2,1,0,1
568918,568920,3,2,0,1
568921,568922,2,1,0,1
568923,568926,4,3,0,1
568932,568934,3,2,0,1
568948,568949,2,1,0,1
568970,568972,3,2,0,1
568975,568978,4,2,1,1
568979,568980,2,1,0,1
568996,569000,5,3,0,2
569014,569017,4,3,0,1
569018,569020,3,1,1,1
569037,569041,5,1,2,2
569043,569045,3,2,0,1
569060,569061,2,1,0,1
569077,569080,4,1,2,1
569082,569083,2,1,0,1
569088,569089,2,1,0,1
569113,569114,2,1,0,1
569118,569119,2,1,0,1
569182,569183,2,1,0,1
569210,569212,3,1,0,2
569337,569338,2,1,0,1
569352,569353,2,1,0,1
569362,569368,7,2,4,1
569396,569399,4,1,2,1
569400,569401,2,1,0,1
569402,569405,4,2,1,1
569406,569411,6,1,4,1
569412,569413,2,1,0,1
569419,569425,7,4,2,1
569426,569431,6,2,3,1
569436,569444,9,5,3,1
569489,569491,3,2,0,1
569563,569564,2,1,0,1
569585,569586,2,1,0,1
569601,569602,2,1,0,1
569603,569604,2,1,0,1
569732,569734,3,2,0,1
569761,569765,5,4,0,1
569768,569769,2,1,0,1
569771,569779,9,1,6,2
569806,569813,8,2,5,1
569820,569822,3,1,1,1
569943,569944,2,1,0,1
569972,569974,3,1,1,1
569993,569994,2,1,0,1
569995,570000,6,3,1,2
570011,570012,2,1,0,1
570028,570031,4,1,2,1
570046,570047,2,1,0,1
570050,570053,4,1,2,1
570175,570177,3,1,0,2
570219,570220,2,1,0,1
570237,570240,4,2,1,1
570244,570246,3,2,0,1
570247,570249,3,1,0,2
570257,570258,2,1,0,1
570259,570261,3,1,0,2
570282,570287,6,5,0,1
570316,570320,5,3,1,1
570331,570334,4,1,1,2
570343,570347,5,4,0,1
570358,570360,3,1,1,1
570376,570377,2,1,0,1
570394,570397,4,1,2,1
570427,570429,3,1,1,1
570436,570437,2,1,0,1
570438,570439,2,1,0,1
570442,570443,2,1,0,1
570446,570448,3,1,1,1
570488,570495,8,1,6,1
570496,570498,3,1,1,1
570504,570506,3,1,1,1
570514,570517,4,1,1,2
570526,570528,3,2,0,1
570534,570535,2,1,0,1
570542,570545,4,2,1,1
570560,570561,2,1,0,1
570567,570570,4,1,2,1
570577,570578,2,1,0,1
570579,570580,2,1,0,1
570584,570587,4,3,0,1
570592,570595,4,1,2,1
570614,570615,2,1,0,1
570627,570635,9,1,7,1
570651,570654,4,2,1,1
570656,570657,2,1,0,1
570674,570675,2,1,0,1
570676,570680,5,2,2,1
570693,570696,4,2,1,1
570703,570705,3,1,1,1
570706,570709,4,3,0,1
570716,570717,2,1,0,1
570725,570726,2,1,0,1
570751,570753,3,1,1,1
570757,570758,2,1,0,1
570776,570782,7,1,5,1
570795,570799,5,4,0,1
570842,570844,3,1,1,1
570862,570864,3,1,1,1
570886,570888,3,1,1,1
570904,570909,6,2,1,3
570942,570946,5,2,1,2
570951,570952,2,1,0,1
570966,570968,3,2,0,1
570985,570991,7,1,5,1
570994,570996,3,1,1,1
571002,571004,3,1,1,1
571023,571025,3,2,0,1
571026,571028,3,1,1,1
571056,571061,6,4,1,1
571073,571074,2,1,0,1
571081,571082,2,1,0,1
571083,571085,3,2,0,1
571089,571092,4,2,1,1
571114,571116,3,1,1,1
571135,571140,6,5,0,1
571141,571142,2,1,0,1
571158,571160,3,1,1,1
571176,571177,2,1,0,1
571192,571194,3,2,0,1
571197,571202,6,2,3,1
571205,571208,4,1,2,1
571221,571222,2,1,0,1
571226,571228,3,2,0,1
571237,571241,5,1,2,2
571258,571260,3,1,1,1
571263,571265,3,1,0,2
571270,571271,2,1,0,1
571272,571278,7,1,5,1
571289,571290,2,1,0,1
571296,571301,6,1,4,1
571304,571307,4,1,2,1
571322,571327,6,1,4,1
571330,571331,2,1,0,1
571334,571335,2,1,0,1
571343,571344,2,1,0,1
571347,571351,5,2,1,2
571368,571370,3,2,0,1
571372,571374,3,2,0,1
571375,571380,6,1,3,2
571381,571382,2,1,0,1
571402,571404,3,2,0,1
571417,571419,3,1,1,1
571430,571431,2,1,0,1
571442,571443,2,1,0,1
571444,571446,3,1,0,2
571454,571455,2,1,0,1
571496,571499,4,1,2,1
571507,571511,5,3,1,1
571520,571522,3,2,0,1
571541,571542,2,1,0,1
571552,571554,3,1,1,1
571563,571565,3,2,0,1
571570,571572,3,2,0,1
571580,571586,7,2,4,1
571588,571589,2,1,0,1
571593,571594,2,1,0,1
571599,571600,2,1,0,1
571605,571607,3,1,1,1
571611,571616,6,2,3,1
571618,571619,2,1,0,1
571621,571625,5,3,0,2
571630,571632,3,2,0,1
571643,571646,4,1,2,1
571657,571659,3,1,1,1
571671,571672,2,1,0,1
571673,571674,2,1,0,1
571675,571676,2,1,0,1
571677,571682,6,3,1,2
571706,571708,3,1,1,1
571709,571710,2,1,0,1
571719,571721,3,1,1,1
571722,571724,3,1,1,1
571729,571731,3,1,1,1
571747,571749,3,2,0,1
571763,571767,5,1,3,1
571768,571769,2,1,0,1
571775,571778,4,2,1,1
571789,571790,2,1,0,1
571807,571811,5,3,0,2
571831,571832,2,1,0,1
571839,571842,4,1,2,1
571848,571851,4,3,0,1
571857,571858,2,1,0,1
571873,571875,3,2,0,1
571901,571903,3,1,1,1
571906,571911,6,3,2,1
571913,571915,3,1,0,2
571939,571941,3,2,0,1
571942,571944,3,2,0,1
571950,571952,3,2,0,1
571961,571963,3,1,1,1
571967,571969,3,1,1,1
571982,571985,4,2,1,1
571991,571994,4,3,0,1
572002,572008,7,5,1,1
572009,572013,5,3,1,1
572023,572025,3,1,0,2
572039,572043,5,4,0,1
572044,572047,4,2,1,1
572087,572091,5,1,3,1
572111,572113,3,2,0,1
572122,572124,3,1,1,1
572126,572130,5,1,3,1
572156,572157,2,1,0,1
572160,572163,4,1,2,1
572164,572165,2,1,0,1
572178,572179,2,1,0,1
572204,572206,3,2,0,1
572226,572227,2,1,0,1
572238,572239,2,1,0,1
572245,572248,4,1,2,1
572249,572252,4,2,0,2
572264,572269,6,1,4,1
572300,572303,4,1,2,1
572309,572314,6,1,4,1
572327,572329,3,2,0,1
572333,572334,2,1,0,1
572344,572345,2,1,0,1
572367,572368,2,1,0,1
572379,572380,2,1,0,1
572395,572400,6,1,4,1
572409,572410,2,1,0,1
572415,572416,2,1,0,1
572419,572420,2,1,0,1
572426,572429,4,2,1,1
572438,572440,3,1,1,1
572443,572444,2,1,0,1
572450,572453,4,2,0,2
572470,572471,2,1,0,1
572472,572474,3,2,0,1
572480,572483,4,1,2,1
572497,572500,4,3,0,1
572502,572504,3,2,0,1
572507,572509,3,1,1,1
572519,572520,2,1,0,1
572547,572553,7,4,2,1
572560,572561,2,1,0,1
572569,572572,4,2,1,1
572582,572583,2,1,0,1
572586,572588,3,1,0,2
572605,572606,2,1,0,1
572609,572610,2,1,0,1
572624,572630,7,5,1,1
572651,572652,2,1,0,1
572664,572667,4,2,1,1
572701,572703,3,2,0,1
572707,572708,2,1,0,1
572716,572718,3,1,1,1
572720,572721,2,1,0,1
572729,572730,2,1,0,1
572753,572754,2,1,0,1
572755,572758,4,2,0,2
572795,572797,3,2,0,1
572809,572810,2,1,0,1
572828,572829,2,1,0,1
572832,572834,3,1,0,2
572842,572844,3,1,1,1
572845,572846,2,1,0,1
572847,572851,5,1,1,3
572866,572867,2,1,0,1
572878,572882,5,3,1,1
572894,572895,2,1,0,1
572903,572907,5,2,2,1
572908,572910,3,1,1,1
572911,572912,2,1,0,1
572917,572921,5,1,2,2
572925,572926,2,1,0,1
572931,572934,4,1,1,2
572939,572941,3,2,0,1
572953,572954,2,1,0,1
572959,572961,3,1,1,1
572964,572966,3,1,1,1
572976,572978,3,1,0,2
572980,572982,3,2,0,1
573006,573007,2,1,0,1
573035,573037,3,1,1,1
573046,573047,2,1,0,1
573071,573073,3,1,0,2
573075,573076,2,1,0,1
573082,573084,3,2,0,1
573099,573101,3,2,0,1
573123,573124,2,1,0,1
573126,573128,3,1,1,1
573129,573131,3,1,1,1
573134,573137,4,1,0,3
573144,573146,3,1,1,1
573148,573150,3,1,1,1
573153,573155,3,2,0,1
573172,573173,2,1,0,1
573174,573177,4,1,2,1
573178,573179,2,1,0,1
573219,573222,4,1,1,2
573223,573227,5,3,1,1
573239,573240,2,1,0,1
573243,573248,6,2,3,1
573254,573256,3,1,1,1
573281,573283,3,1,1,1
573301,573305,5,2,1,2
573308,573310,3,2,0,1
573317,573322,6,2,3,1
573335,573337,3,1,0,2
573342,573343,2,1,0,1
573345,573349,5,3,0,2
573350,573353,4,1,0,3
573364,573365,2,1,0,1
573366,573367,2,1,0,1
573370,573371,2,1,0,1
573398,573400,3,2,0,1
573413,573414,2,1,0,1
573421,573422,2,1,0,1
573426,573429,4,1,0,3
573457,573458,2,1,0,1
573459,573460,2,1,0,1
573461,573462,2,1,0,1
573463,573464,2,1,0,1
573472,573475,4,2,1,1
573480,573481,2,1,0,1
573495,573499,5,1,3,1
573513,573516,4,1,2,1
573536,573544,9,3,5,1
573545,573549,5,2,2,1
573563,573564,2,1,0,1
573570,573572,3,1,1,1
573582,573583,2,1,0,1
573589,573591,3,2,0,1
573594,573595,2,1,0,1
573601,573602,2,1,0,1
573604,573607,4,1,0,3
573634,573636,3,1,0,2
573652,573657,6,1,4,1
573658,573660,3,2,0,1
573686,573688,3,1,1,1
573698,573700,3,1,1,1
573713,573715,3,2,0,1
573717,573718,2,1,0,1
573723,573724,2,1,0,1
573726,573729,4,2,0,2
573734,573737,4,1,2,1
573748,573750,3,2,0,1
573751,573753,3,1,1,1
573758,573761,4,3,0,1
573764,573769,6,1,4,1
573808,573809,2,1,0,1
573811,573814,4,2,1,1
573815,573816,2,1,0,1
573821,573823,3,1,0,2
573828,573829,2,1,0,1
573834,573835,2,1,0,1
573838,573842,5,2,1,2
573847,573850,4,2,1,1
573853,573854,2,1,0,1
573862,573863,2,1,0,1
573873,573874,2,1,0,1
573897,573899,3,1,1,1
573903,573904,2,1,0,1
573911,573914,4,1,2,1
573957,573959,3,1,1,1
573964,573966,3,2,0,1
573968,573969,2,1,0,1
573970,573971,2,1,0,1
573975,573978,4,1,2,1
573982,573984,3,1,1,1
573986,573988,3,1,1,1
573989,573990,2,1,0,1
573993,573995,3,2,0,1
574024,574025,2,1,0,1
574026,574027,2,1,0,1
574037,574042,6,1,4,1
574064,574068,5,3,0,2
574095,574098,4,1,2,1
574108,574110,3,1,1,1
574111,574113,3,1,0,2
574115,574117,3,2,0,1
574118,574120,3,2,0,1
574122,574124,3,2,0,1
574128,574130,3,1,0,2
574137,574140,4,1,2,1
574151,574154,4,3,0,1
574155,574158,4,1,2,1
574167,574169,3,1,0,2
574207,574210,4,3,0,1
574215,574218,4,2,1,1
574220,574223,4,2,0,2
574266,574267,2,1,0,1
574277,574280,4,1,0,3
574286,574289,4,2,1,1
574292,574296,5,1,1,3
574320,574328,9,1,7,1
574336,574339,4,3,0,1
574345,574346,2,1,0,1
574369,574371,3,1,1,1
574387,574388,2,1,0,1
574411,574414,4,2,1,1
574448,574451,4,2,1,1
574453,574458,6,4,1,1
574463,574464,2,1,0,1
574466,574467,2,1,0,1
574469,574475,7,1,5,1
574477,574478,2,1,0,1
574479,574480,2,1,0,1
574489,574491,3,1,1,1
574500,574502,3,1,0,2
574514,574515,2,1,0,1
574519,574521,3,1,0,2
574524,574528,5,1,3,1
574548,574551,4,2,1,1
574563,574565,3,1,0,2
574584,574588,5,3,1,1
574596,574599,4,1,1,2
574615,574616,2,1,0,1
574628,574632,5,1,3,1
574642,574646,5,1,3,1
574650,574652,3,1,0,2
574654,574655,2,1,0,1
574667,574668,2,1,0,1
574710,574712,3,1,1,1
574714,574716,3,1,0,2
574720,574723,4,3,0,1
574732,574733,2,1,0,1
574735,574737,3,1,0,2
574744,574746,3,1,1,1
574747,574750,4,1,2,1
574752,574755,4,2,1,1
574782,574787,6,5,0,1
574809,574812,4,1,2,1
574814,574815,2,1,0,1
574822,574823,2,1,0,1
574825,574830,6,5,0,1
574850,574853,4,1,2,1
574867,574868,2,1,0,1
574878,574881,4,1,2,1
574909,574911,3,2,0,1
574921,574924,4,1,2,1
574927,574929,3,1,0,2
574932,574936,5,1,3,1
574944,574946,3,1,1,1
574987,574991,5,1,1,3
575004,575009,6,1,4,1
575011,575014,4,1,2,1
575017,575018,2,1,0,1
575027,575030,4,1,2,1
575039,575040,2,1,0,1
575060,575061,2,1,0,1
575063,575065,3,2,0,1
575066,575068,3,1,1,1
575069,575071,3,1,1,1
575075,575076,2,1,0,1
575077,575079,3,1,0,2
575096,575100,5,1,1,3
575114,575115,2,1,0,1
575158,575161,4,2,1,1
575168,575169,2,1,0,1
575170,575172,3,1,1,1
575173,575175,3,1,0,2
575181,575183,3,1,0,2
575188,575189,2,1,0,1
575191,575192,2,1,0,1
575201,575203,3,1,1,1
575204,575209,6,2,2,2
575221,575224,4,1,2,1
575233,575235,3,2,0,1
575244,575247,4,1,2,1
575281,575282,2,1,0,1
575284,575285,2,1,0,1
575286,575289,4,2,1,1
575296,575299,4,1,2,1
575301,575303,3,2,0,1
575319,575320,2,1,0,1
575336,575337,2,1,0,1
575351,575354,4,1,1,2
575356,575358,3,1,1,1
575359,575362,4,1,2,1
575374,575375,2,1,0,1
575391,575392,2,1,0,1
575404,575405,2,1,0,1
575410,575412,3,2,0,1
575416,575417,2,1,0,1
575430,575434,5,1,3,1
575447,575451,5,4,0,1
575459,575461,3,1,1,1
575462,575463,2,1,0,1
575469,575472,4,2,1,1
575477,575484,8,1,4,3
575485,575486,2,1,0,1
575488,575491,4,1,2,1
575508,575509,2,1,0,1
575513,575516,4,2,1,1
575521,575525,5,3,0,2
575543,575551,9,4,4,1
575587,575588,2,1,0,1
575602,575603,2,1,0,1
575608,575609,2,1,0,1
575612,575614,3,1,1,1
575623,575625,3,1,1,1
575651,575655,5,3,1,1
575672,575677,6,5,0,1
575680,575683,4,2,1,1
575688,575691,4,1,2,1
575702,575703,2,1,0,1
575704,575706,3,2,0,1
575716,575717,2,1,0,1
575721,575723,3,1,1,1
575728,575729,2,1,0,1
575732,575733,2,1,0,1
575739,575743,5,1,2,2
575766,575774,9,4,4,1
575775,575776,2,1,0,1
575781,575782,2,1,0,1
575788,575790,3,1,0,2
575819,575823,5,1,3,1
575832,575833,2,1,0,1
575834,575835,2,1,0,1
575844,575845,2,1,0,1
575863,575864,2,1,0,1
575884,575887,4,2,1,1
575890,575893,4,1,2,1
575922,575923,2,1,0,1
575925,575927,3,1,0,2
575931,575932,2,1,0,1
575950,575953,4,2,1,1
575959,575961,3,1,0,2
575984,575988,5,1,3,1
575991,575994,4,1,2,1
575999,576001,3,2,0,1
576006,576009,4,2,0,2
576010,576011,2,1,0,1
576014,576017,4,1,2,1
576018,576019,2,1,0,1
576026,576028,3,1,1,1
576036,576037,2,1,0,1
576043,576046,4,1,2,1
576050,576052,3,1,0,2
576055,576059,5,1,3,1
576062,576065,4,1,2,1
576067,576070,4,2,0,2
576078,576080,3,1,1,1
576083,576089,7,1,5,1
576090,576092,3,2,0,1
576093,576095,3,2,0,1
576096,576101,6,3,0,3
576113,576118,6,3,2,1
576121,576123,3,2,0,1
576130,576131,2,1,0,1
576135,576138,4,2,1,1
576139,576141,3,2,0,1
576143,576145,3,1,1,1
576150,576154,5,2,2,1
576164,576166,3,1,1,1
576168,576172,5,3,1,1
576208,576211,4,2,1,1
576233,576234,2,1,0,1
576238,576242,5,2,1,2
576250,576251,2,1,0,1
576265,576268,4,1,2,1
576275,576277,3,2,0,1
576280,576284,5,2,2,1
576299,576301,3,2,0,1
576312,576316,5,3,1,1
576324,576325,2,1,0,1
576328,576329,2,1,0,1
576331,576334,4,2,1,1
576364,576367,4,1,0,3
576376,576377,2,1,0,1
576378,576380,3,2,0,1
576390,576392,3,2,0,1
576395,576396,2,1,0,1
576409,576413,5,2,2,1
576426,576429,4,1,1,2
576433,576434,2,1,0,1
576440,576449,10,3,6,1
576459,576460,2,1,0,1
576477,576478,2,1,0,1
576479,576480,2,1,0,1
576481,576482,2,1,0,1
576483,576486,4,3,0,1
576527,576530,4,1,1,2
576539,576544,6,3,2,1
576549,576552,4,1,2,1
576556,576558,3,1,1,1
576561,576562,2,1,0,1
576563,576564,2,1,0,1
576584,576586,3,2,0,1
576595,576598,4,1,1,2
576614,576618,5,1,2,2
576627,576628,2,1,0,1
576632,576634,3,2,0,1
576642,576643,2,1,0,1
576650,576653,4,3,0,1
576656,576657,2,1,0,1
576664,576666,3,1,1,1
576679,576682,4,3,0,1
576688,576690,3,2,0,1
576691,576693,3,2,0,1
576706,576709,4,1,2,1
576717,576719,3,1,1,1
576720,576724,5,1,3,1
576728,576732,5,2,1,2
576772,576774,3,2,0,1
576775,576776,2,1,0,1
576778,576782,5,2,2,1
576789,576790,2,1,0,1
576807,576810,4,1,2,1
576824,576828,5,2,2,1
576833,576834,2,1,0,1
576841,576844,4,1,2,1
576852,576853,2,1,0,1
576856,576858,3,1,1,1
576875,576876,2,1,0,1
576882,576885,4,1,1,2
576893,576894,2,1,0,1
576895,576897,3,2,0,1
576899,576900,2,1,0,1
576911,576912,2,1,0,1
576913,576915,3,2,0,1
576942,576946,5,3,1,1
576947,576948,2,1,0,1
576966,576968,3,1,1,1
576980,576982,3,1,1,1
576983,576986,4,2,0,2
576998,577001,4,1,1,2
577006,577009,4,3,0,1
577018,577024,7,1,5,1
577042,577044,3,2,0,1
577050,577051,2,1,0,1
577058,577065,8,1,6,1
577071,577076,6,1,4,1
577088,577093,6,2,3,1
577101,577103,3,1,1,1
577119,577121,3,1,0,2
577132,577138,7,1,5,1
577139,577144,6,4,0,2
577145,577147,3,1,0,2
577158,577159,2,1,0,1
577186,577187,2,1,0,1
577199,577201,3,2,0,1
577212,577213,2,1,0,1
577219,577221,3,1,1,1
577222,577223,2,1,0,1
577245,577247,3,1,1,1
577253,577254,2,1,0,1
577295,577297,3,1,1,1
577301,577302,2,1,0,1
577304,577310,7,2,4,1
577311,577313,3,1,1,1
577316,577317,2,1,0,1
577334,577335,2,1,0,1
577336,577339,4,2,1,1
577340,577343,4,3,0,1
577357,577360,4,3,0,1
577364,577365,2,1,0,1
577381,577383,3,1,1,1
577397,577399,3,2,0,1
577415,577416,2,1,0,1
577418,577420,3,1,0,2
577422,577423,2,1,0,1
577428,577429,2,1,0,1
577431,577433,3,1,1,1
577476,577478,3,2,0,1
577512,577515,4,1,1,2
577521,577523,3,2,0,1
577531,577536,6,2,2,2
577550,577554,5,2,2,1
577578,577580,3,2,0,1
577581,577583,3,2,0,1
577585,577586,2,1,0,1
577593,577595,3,1,1,1
577601,577605,5,1,1,3
577643,577644,2,1,0,1
577650,577651,2,1,0,1
577654,577658,5,2,2,1
577686,577689,4,1,1,2
577690,577695,6,2,1,3
577707,577708,2,1,0,1
577710,577711,2,1,0,1
577714,577718,5,3,1,1
577726,577730,5,2,2,1
577745,577747,3,1,1,1
577762,577765,4,1,1,2
577778,577783,6,1,4,1
577784,577785,2,1,0,1
577789,577790,2,1,0,1
577794,577797,4,2,0,2
577806,577810,5,3,0,2
577818,577822,5,3,1,1
577832,577833,2,1,0,1
577844,577847,4,1,2,1
577852,577854,3,2,0,1
577863,577867,5,1,3,1
577871,577875,5,1,3,1
577878,577880,3,1,0,2
577885,577887,3,1,0,2
577891,577892,2,1,0,1
577893,577894,2,1,0,1
577895,577899,5,1,3,1
577902,577905,4,3,0,1
577912,577913,2,1,0,1
577930,577933,4,2,1,1
577936,577938,3,2,0,1
577939,577940,2,1,0,1
577941,577942,2,1,0,1
577944,577947,4,1,2,1
577962,577963,2,1,0,1
577968,577971,4,1,1,2
577972,577974,3,1,1,1
578001,578006,6,4,1,1
578007,578009,3,2,0,1
578010,578011,2,1,0,1
578012,578013,2,1,0,1
578014,578015,2,1,0,1
578018,578019,2,1,0,1
578026,578029,4,1,1,2
578047,578048,2,1,0,1
578054,578055,2,1,0,1
578069,578071,3,1,1,1
578091,578095,5,2,2,1
578114,578117,4,1,1,2
578129,578137,9,1,5,3
578143,578147,5,1,3,1
578148,578150,3,2,0,1
578159,578161,3,1,1,1
578185,578187,3,2,0,1
578193,578194,2,1,0,1
578195,578197,3,1,1,1
578199,578200,2,1,0,1
578207,578209,3,1,1,1
578218,578220,3,1,1,1
578226,578229,4,3,0,1
578913,578917,5,4,0,1
578918,578919,2,1,0,1
578931,578932,2,1,0,1
578935,579000,66,1,0,65
579013,579017,5,3,1,1
579091,579099,9,4,3,2
579176,579184,9,5,0,4
579185,579190,6,4,0,2
579270,579277,8,1,6,1
579290,579298,9,1,7,1
579310,579326,17,1,15,1
579340,579352,13,1,11,1
579411,579413,3,2,0,1
579515,579517,3,1,1,1
579591,579596,6,5,0,1
580167,580172,6,5,0,1
580206,580210,5,4,0,1
580249,580254,6,5,0,1
580354,580355,2,1,0,1
580365,580366,2,1,0,1
580443,580449,7,2,3,2
580551,580554,4,1,2,1
580662,580663,2,1,0,1
580794,580795,2,1,0,1
581157,581164,8,1,5,2
581443,581446,4,1,0,3
581904,581905,2,1,0,1
581934,581942,9,2,0,7
582052,582054,3,1,1,1
582063,582071,9,1,7,1
582169,582171,3,1,0,2
582944,582945,2,1,0,1
582981,582988,8,2,5,1
583020,583022,3,1,1,1
583026,583029,4,1,1,2
583059,583064,6,2,2,2
583244,583245,2,1,0,1
583386,583388,3,2,0,1
583473,583474,2,1,0,1
583487,583488,2,1,0,1
583601,583602,2,1,0,1
583671,583672,2,1,0,1
583742,583744,3,1,1,1
583925,583928,4,1,0,3
583942,584065,124,5,0,119
584094,584095,2,1,0,1
584100,584101,2,1,0,1
584119,584121,3,1,1,1
584124,584126,3,1,1,1
584130,584132,3,1,0,2
584138,584142,5,1,0,4
584155,584158,4,3,0,1
584160,584167,8,3,2,3
584172,584176,5,1,0,4
584199,584200,2,1,0,1
584218,584223,6,5,0,1
584251,584254,4,1,2,1
584279,584291,13,5,2,6
584293,584304,12,2,3,7
584305,584311,7,1,0,6
584405,584407,3,2,0,1
584409,584412,4,1,0,3
584506,584510,5,1,0,4
584580,584592,13,1,2,10
584598,584599,2,1,0,1
584647,584653,7,1,0,6
584669,584671,3,1,1,1
584676,584677,2,1,0,1
584685,584689,5,1,3,1
584693,584697,5,1,0,4
584723,584728,6,2,1,3
584731,584739,9,1,4,4
584742,584746,5,1,0,4
584752,584753,2,1,0,1
584805,584807,3,1,0,2
584808,584811,4,3,0,1
584876,584879,4,1,2,1
584895,584897,3,1,1,1
584913,584920,8,3,0,5
584978,584979,2,1,0,1
584993,584994,2,1,0,1
584997,584999,3,2,0,1
585058,585064,7,1,2,4
585099,585100,2,1,0,1
585106,585109,4,2,0,2
585124,585130,7,1,4,2
585139,585142,4,1,1,2
585143,585146,4,1,2,1
585157,585160,4,1,0,3
585162,585164,3,1,1,1
585166,585169,4,1,0,3
585269,585270,2,1,0,1
585282,585286,5,4,0,1
585298,585300,3,1,0,2
585301,585306,6,1,4,1
585309,585311,3,1,1,1
585356,585359,4,1,1,2
585388,585390,3,1,1,1
585408,585410,3,1,1,1
585412,585416,5,3,0,2
585443,585445,3,2,0,1
585446,585448,3,1,0,2
585455,585460,6,5,0,1
585538,585540,3,2,0,1
585541,585543,3,2,0,1
585549,585557,9,2,6,1
585647,585649,3,2,0,1
585694,585696,3,1,1,1
585738,585747,10,1,0,9
585774,585775,2,1,0,1
585801,585807,7,1,3,3
585814,585818,5,2,2,1
585891,585892,2,1,0,1
585893,585894,2,1,0,1
585911,585914,4,2,0,2
585964,585967,4,3,0,1
585973,585976,4,1,0,3
585981,585988,8,1,0,7
586255,586256,2,1,0,1
586304,586305,2,1,0,1
586306,586308,3,2,0,1
586321,586362,42,1,1,40
586372,586378,7,5,0,2
586382,586390,9,1,7,1
586439,586445,7,1,5,1
586447,586448,2,1,0,1
586463,586464,2,1,0,1
586465,586466,2,1,0,1
586474,586476,3,1,1,1
586538,586542,5,2,0,3
586563,586564,2,1,0,1
586626,586635,10,1,8,1
586656,586662,7,2,4,1
586677,586680,4,1,2,1
586683,586689,7,2,3,2
586713,586719,7,1,5,1
586773,586776,4,1,2,1
586786,586791,6,1,4,1
586827,586831,5,3,0,2
586834,586836,3,1,0,2
586844,586847,4,1,2,1
586906,586908,3,2,0,1
586915,586918,4,2,1,1
586994,586996,3,2,0,1
587035,587038,4,2,1,1
587048,587058,11,1,9,1
587062,587066,5,2,2,1
587087,587089,3,1,1,1
587106,587109,4,2,1,1
587137,587139,3,2,0,1
587224,587225,2,1,0,1
587236,587240,5,1,1,3
587352,587356,5,1,3,1
587630,587635,6,4,1,1
587640,587645,6,2,2,2
587689,587697,9,5,1,3
587788,587789,2,1,0,1
587833,587836,4,1,2,1
588065,588066,2,1,0,1
588651,588654,4,1,2,1
592572,592573,2,1,0,1
592633,592638,6,5,0,1
592687,592691,5,4,0,1
592704,592707,4,3,0,1
592726,592733,8,5,1,2
592843,592846,4,1,2,1
592869,592871,3,1,1,1
592876,592878,3,2,0,1
592882,592884,3,2,0,1
592938,592941,4,2,1,1
592942,592944,3,1,1,1
592948,592950,3,2,0,1
592959,592964,6,5,0,1
592966,592968,3,1,1,1
592989,592992,4,2,1,1
593043,593045,3,1,1,1
593057,593061,5,3,1,1
593068,593070,3,2,0,1
593102,593104,3,1,1,1
593107,593108,2,1,0,1
593128,593130,3,2,0,1
593131,593132,2,1,0,1
593144,593146,3,2,0,1
593149,593153,5,4,0,1
593206,593208,3,1,1,1
593224,593225,2,1,0,1
593233,593235,3,1,1,1
593272,593275,4,2,1,1
593281,593287,7,3,3,1
593311,593317,7,2,4,1
593348,593349,2,1,0,1
593378,593382,5,2,1,2
593384,593385,2,1,0,1
593387,593391,5,1,3,1
593444,593448,5,1,2,2
593463,593464,2,1,0,1
593465,593470,6,3,2,1
593479,593481,3,1,1,1
593492,593494,3,2,0,1
593495,593500,6,1,4,1
593514,593515,2,1,0,1
593516,593519,4,2,1,1
593528,593533,6,5,0,1
593539,593540,2,1,0,1
593549,593551,3,2,0,1
593585,593586,2,1,0,1
593617,593621,5,3,1,1
593622,593624,3,2,0,1
593632,593633,2,1,0,1
593662,593669,8,5,2,1
593682,593686,5,2,2,1
593699,593703,5,1,3,1
593727,593729,3,2,0,1
593743,593744,2,1,0,1
593745,593747,3,1,1,1
593764,593765,2,1,0,1
593775,593777,3,2,0,1
593778,593782,5,2,2,1
593784,593790,7,5,1,1
593810,593812,3,2,0,1
593842,593845,4,3,0,1
593855,593857,3,1,1,1
593859,593860,2,1,0,1
593865,593871,7,3,1,3
593875,593880,6,5,0,1
593895,593898,4,3,0,1
593928,593932,5,2,1,2
593960,593962,3,2,0,1
593973,593975,3,1,1,1
593996,594000,5,1,1,3
594089,594093,5,3,1,1
594098,594099,2,1,0,1
594102,594103,2,1,0,1
594113,594118,6,5,0,1
594119,594121,3,1,1,1
594129,594132,4,1,2,1
594133,594134,2,1,0,1
594135,594138,4,2,1,1
594142,594144,3,2,0,1
594152,594153,2,1,0,1
594159,594160,2,1,0,1
594162,594165,4,2,1,1
594179,594180,2,1,0,1
594184,594190,7,5,1,1
594192,594194,3,1,0,2
594200,594201,2,1,0,1
594202,594206,5,1,3,1
594207,594210,4,1,2,1
594217,594218,2,1,0,1
594223,594226,4,3,0,1
594239,594240,2,1,0,1
594243,594247,5,1,3,1
594259,594263,5,2,2,1
594264,594266,3,1,1,1
594267,594268,2,1,0,1
594272,594274,3,1,1,1
594275,594278,4,1,2,1
594283,594288,6,3,1,2
594297,594301,5,1,3,1
594316,594319,4,2,1,1
594324,594325,2,1,0,1
594327,594329,3,2,0,1
594347,594350,4,2,1,1
594353,594354,2,1,0,1
594359,594360,2,1,0,1
594373,594375,3,2,0,1
594382,594385,4,2,1,1
594393,594394,2,1,0,1
594398,594399,2,1,0,1
594400,594402,3,2,0,1
594428,594429,2,1,0,1
594445,594447,3,1,1,1
594465,594466,2,1,0,1
594476,594482,7,4,2,1
594489,594492,4,3,0,1
594493,594496,4,2,1,1
594506,594507,2,1,0,1
594517,594522,6,5,0,1
594525,594530,6,5,0,1
594554,594557,4,2,1,1
594561,594563,3,1,1,1
594564,594566,3,2,0,1
594580,594582,3,1,1,1
594601,594602,2,1,0,1
594607,594610,4,3,0,1
594611,594613,3,2,0,1
594623,594626,4,2,1,1
594650,594652,3,1,1,1
594658,594659,2,1,0,1
594665,594668,4,2,1,1
594683,594687,5,3,1,1
594688,594689,2,1,0,1
594699,594704,6,5,0,1
594714,594715,2,1,0,1
594727,594728,2,1,0,1
594730,594732,3,1,1,1
594736,594739,4,2,1,1
594740,594743,4,1,1,2
594752,594754,3,1,1,1
594773,594775,3,1,1,1
594776,594781,6,5,0,1
594782,594784,3,1,1,1
594789,594795,7,2,4,1
594796,594799,4,3,0,1
594816,594820,5,4,0,1
594822,594825,4,2,1,1
594832,594834,3,1,0,2
594843,594846,4,2,1,1
594863,594866,4,2,1,1
594867,594870,4,2,1,1
594875,594878,4,1,2,1
594888,594889,2,1,0,1
594916,594918,3,2,0,1
594923,594925,3,2,0,1
594928,594930,3,1,1,1
594938,594939,2,1,0,1
594940,594942,3,2,0,1
594952,594954,3,2,0,1
594955,594956,2,1,0,1
594968,594972,5,4,0,1
594980,594982,3,2,0,1
594994,594996,3,1,1,1
594997,595003,7,2,4,1
595004,595005,2,1,0,1
595011,595016,6,3,2,1
595044,595048,5,3,0,2
595061,595063,3,2,0,1
595076,595079,4,2,1,1
595080,595083,4,3,0,1
595088,595089,2,1,0,1
595093,595096,4,3,0,1
595120,595125,6,4,1,1
595136,595138,3,2,0,1
595176,595182,7,5,1,1
595184,595185,2,1,0,1
595191,595194,4,3,0,1
595203,595205,3,2,0,1
595232,595234,3,2,0,1
595236,595237,2,1,0,1
595242,595245,4,2,1,1
595274,595277,4,1,2,1
595291,595297,7,3,0,4
595306,595308,3,1,1,1
595328,595329,2,1,0,1
595357,595360,4,3,0,1
595362,595366,5,2,2,1
595381,595382,2,1,0,1
595384,595389,6,5,0,1
595393,595395,3,1,0,2
595400,595402,3,1,1,1
595411,595415,5,3,1,1
595420,595422,3,2,0,1
595430,595432,3,2,0,1
595505,595507,3,2,0,1
595536,595538,3,2,0,1
595553,595555,3,2,0,1
595558,595562,5,3,0,2
595564,595568,5,3,0,2
595569,595571,3,2,0,1
595577,595579,3,1,1,1
595580,595582,3,1,1,1
595591,595593,3,2,0,1
595598,595599,2,1,0,1
595601,595603,3,1,1,1
595608,595610,3,2,0,1
595614,595618,5,2,2,1
595619,595625,7,1,5,1
595629,595630,2,1,0,1
595631,595633,3,2,0,1
595645,595647,3,1,0,2
595663,595667,5,3,1,1
595687,595688,2,1,0,1
595692,595695,4,2,1,1
595701,595702,2,1,0,1
595706,595708,3,2,0,1
595709,595712,4,1,2,1
595714,595715,2,1,0,1
595719,595723,5,2,0,3
595732,595733,2,1,0,1
595736,595739,4,1,2,1
595745,595749,5,3,1,1
595758,595760,3,2,0,1
595761,595764,4,1,2,1
595782,595786,5,3,1,1
595831,595834,4,2,1,1
595836,595838,3,1,1,1
595863,595866,4,3,0,1
595869,595871,3,2,0,1
595875,595876,2,1,0,1
595880,595881,2,1,0,1
595883,595885,3,2,0,1
595893,595896,4,2,1,1
595906,595908,3,2,0,1
595920,595922,3,1,1,1
595944,595947,4,3,0,1
595953,595956,4,1,2,1
595965,595967,3,1,0,2
595982,595985,4,3,0,1
595986,595987,2,1,0,1
595989,595991,3,2,0,1
595996,596002,7,2,3,2
596014,596020,7,5,1,1
596037,596038,2,1,0,1
596053,596054,2,1,0,1
596056,596060,5,1,3,1
596068,596070,3,2,0,1
596071,596074,4,2,1,1
596078,596080,3,1,1,1
596091,596095,5,4,0,1
596097,596099,3,2,0,1
596108,596112,5,4,0,1
596140,596144,5,3,1,1
596150,596154,5,3,1,1
596197,596201,5,2,2,1
596260,596263,4,2,1,1
596283,596287,5,2,0,3
596300,596301,2,1,0,1
596302,596304,3,2,0,1
596305,596309,5,4,0,1
596311,596312,2,1,0,1
596313,596317,5,3,0,2
596328,596329,2,1,0,1
596331,596333,3,1,1,1
596334,596335,2,1,0,1
596340,596349,10,3,6,1
596356,596358,3,1,1,1
596363,596364,2,1,0,1
596373,596377,5,1,3,1
596442,596444,3,1,1,1
596455,596456,2,1,0,1
596496,596499,4,2,1,1
596523,596524,2,1,0,1
596528,596533,6,2,2,2
596546,596548,3,2,0,1
596560,596565,6,3,2,1
596567,596569,3,2,0,1
596584,596593,10,5,4,1
596605,596608,4,3,0,1
596610,596614,5,1,2,2
596644,596647,4,1,2,1
596663,596665,3,2,0,1
596672,596674,3,1,1,1
596689,596692,4,3,0,1
596695,596699,5,3,0,2
596700,596701,2,1,0,1
596702,596705,4,3,0,1
596727,596733,7,1,5,1
596734,596736,3,1,0,2
596751,596755,5,4,0,1
596757,596759,3,2,0,1
596764,596770,7,5,1,1
596781,596783,3,1,1,1
596788,596791,4,2,1,1
596797,596798,2,1,0,1
596800,596802,3,2,0,1
596839,596840,2,1,0,1
596841,596844,4,1,2,1
596852,596857,6,5,0,1
596864,596866,3,2,0,1
596867,596870,4,2,1,1
596871,596872,2,1,0,1
596873,596874,2,1,0,1
596875,596880,6,1,4,1
596886,596892,7,4,2,1
596894,596898,5,1,3,1
596906,596908,3,2,0,1
596909,596913,5,1,3,1
596927,596928,2,1,0,1
596929,596933,5,2,2,1
596940,596943,4,3,0,1
596947,596948,2,1,0,1
596952,596955,4,3,0,1
596970,596971,2,1,0,1
596974,596976,3,2,0,1
596992,596994,3,1,1,1
596995,596996,2,1,0,1
596997,597001,5,4,0,1
597008,597014,7,5,1,1
597016,597021,6,5,0,1
597023,597025,3,2,0,1
597027,597028,2,1,0,1
597043,597045,3,2,0,1
597055,597057,3,1,1,1
597076,597078,3,1,1,1
597109,597111,3,1,1,1
597116,597121,6,5,0,1
597124,597125,2,1,0,1
597126,597127,2,1,0,1
597135,597138,4,1,2,1
597147,597150,4,3,0,1
597162,597164,3,1,1,1
597165,597166,2,1,0,1
597191,597192,2,1,0,1
597197,597200,4,2,1,1
597202,597207,6,5,0,1
597213,597218,6,5,0,1
597257,597258,2,1,0,1
597279,597280,2,1,0,1
597323,597324,2,1,0,1
597333,597334,2,1,0,1
597354,597355,2,1,0,1
597356,597358,3,1,1,1
597359,597360,2,1,0,1
597362,597365,4,1,2,1
597404,597410,7,5,1,1
597413,597416,4,3,0,1
597419,597422,4,3,0,1
597423,597424,2,1,0,1
597425,597428,4,3,0,1
597429,597432,4,3,0,1
597458,597465,8,5,2,1
597478,597479,2,1,0,1
597489,597490,2,1,0,1
597497,597498,2,1,0,1
597509,597514,6,5,0,1
597518,597521,4,1,2,1
597524,597527,4,2,1,1
597547,597548,2,1,0,1
597550,597553,4,2,1,1
597565,597567,3,1,1,1
597578,597579,2,1,0,1
597580,597581,2,1,0,1
597583,597586,4,2,1,1
597594,597596,3,2,0,1
597603,597606,4,2,0,2
597610,597611,2,1,0,1
597612,597613,2,1,0,1
597620,597622,3,1,1,1
597623,597624,2,1,0,1
597634,597639,6,5,0,1
597650,597654,5,2,1,2
597664,597667,4,3,0,1
597671,597673,3,2,0,1
597681,597684,4,2,0,2
597688,597692,5,2,2,1
597693,597695,3,1,1,1
597714,597716,3,1,1,1
597720,597721,2,1,0,1
597745,597746,2,1,0,1
597756,597757,2,1,0,1
597771,597772,2,1,0,1
597784,597785,2,1,0,1
597818,597820,3,2,0,1
597836,597839,4,3,0,1
597853,597855,3,2,0,1
597879,597880,2,1,0,1
597896,597897,2,1,0,1
597905,597909,5,3,0,2
597910,597912,3,1,1,1
597917,597920,4,3,0,1
597923,597929,7,4,2,1
597959,597960,2,1,0,1
597966,597968,3,2,0,1
597974,597975,2,1,0,1
597977,597978,2,1,0,1
597985,597990,6,3,2,1
598007,598010,4,1,2,1
598015,598017,3,1,1,1
598018,598022,5,2,2,1
598027,598029,3,2,0,1
598041,598042,2,1,0,1
598054,598056,3,1,1,1
598063,598065,3,2,0,1
598071,598074,4,2,1,1
598077,598080,4,1,2,1
598090,598091,2,1,0,1
598092,598097,6,4,0,2
598106,598107,2,1,0,1
598111,598114,4,2,0,2
598115,598116,2,1,0,1
598124,598131,8,4,3,1
598149,598152,4,2,1,1
598153,598155,3,1,1,1
598160,598164,5,1,1,3
598170,598175,6,1,4,1
598177,598179,3,2,0,1
598187,598188,2,1,0,1
598210,598215,6,5,0,1
598221,598224,4,2,1,1
598225,598227,3,2,0,1
598229,598232,4,2,1,1
598257,598259,3,1,1,1
598260,598262,3,2,0,1
598263,598265,3,1,0,2
598280,598281,2,1,0,1
598283,598284,2,1,0,1
598300,598302,3,1,1,1
598303,598305,3,2,0,1
598325,598326,2,1,0,1
598334,598336,3,1,0,2
598347,598348,2,1,0,1
598350,598352,3,1,0,2
598355,598356,2,1,0,1
598362,598364,3,2,0,1
598371,598372,2,1,0,1
598375,598380,6,5,0,1
598381,598385,5,4,0,1
598390,598393,4,1,2,1
598394,598397,4,3,0,1
598403,598406,4,2,0,2
598414,598415,2,1,0,1
598416,598420,5,1,3,1
598422,598423,2,1,0,1
598445,598446,2,1,0,1
598456,598458,3,1,0,2
598459,598461,3,1,1,1
598462,598468,7,2,2,3
598484,598487,4,3,0,1
598489,598490,2,1,0,1
598498,598501,4,1,2,1
598512,598517,6,3,2,1
598526,598530,5,3,0,2
598535,598536,2,1,0,1
598538,598539,2,1,0,1
598547,598550,4,2,1,1
598555,598556,2,1,0,1
598571,598572,2,1,0,1
598577,598579,3,2,0,1
598602,598606,5,4,0,1
598614,598618,5,3,1,1
598624,598626,3,1,1,1
598631,598634,4,2,1,1
598642,598643,2,1,0,1
598660,598662,3,2,0,1
598665,598668,4,1,2,1
598674,598677,4,1,2,1
598683,598685,3,1,0,2
598698,598699,2,1,0,1
598704,598711,8,5,2,1
598712,598713,2,1,0,1
598717,598721,5,4,0,1
598730,598733,4,1,1,2
598743,598746,4,2,0,2
598750,598754,5,2,2,1
598755,598761,7,4,2,1
598766,598769,4,2,1,1
598773,598777,5,1,3,1
598790,598793,4,2,0,2
598794,598798,5,3,0,2
598823,598825,3,1,1,1
598826,598829,4,1,0,3
598845,598848,4,3,0,1
598849,598852,4,2,1,1
598853,598857,5,2,1,2
598881,598886,6,1,3,2
598894,598900,7,3,3,1
598906,598909,4,1,2,1
598921,598926,6,5,0,1
598931,598933,3,2,0,1
598941,598943,3,1,0,2
598945,598950,6,2,3,1
598951,598956,6,1,4,1
598957,598962,6,5,0,1
598963,598965,3,1,0,2
598967,598973,7,1,5,1
598974,598975,2,1,0,1
599001,599004,4,3,0,1
599028,599036,9,5,3,1
599067,599069,3,2,0,1
599078,599083,6,5,0,1
599094,599097,4,2,1,1
599150,599153,4,1,2,1
599188,599189,2,1,0,1
599191,599192,2,1,0,1
599216,599218,3,1,0,2
599255,599259,5,2,2,1
599263,599267,5,2,2,1
599268,599270,3,2,0,1
599289,599290,2,1,0,1
599309,599313,5,3,1,1
599314,599315,2,1,0,1
599331,599334,4,2,1,1
599335,599337,3,1,0,2
599339,599344,6,5,0,1
599355,599359,5,2,1,2
599361,599364,4,3,0,1
599366,599368,3,2,0,1
599376,599379,4,3,0,1
599381,599383,3,1,0,2
599384,599385,2,1,0,1
599387,599389,3,1,1,1
599404,599406,3,2,0,1
599414,599416,3,1,1,1
599426,599428,3,2,0,1
599438,599440,3,2,0,1
599451,599453,3,2,0,1
599458,599460,3,1,0,2
599464,599467,4,3,0,1
599484,599486,3,1,1,1
599498,599506,9,4,4,1
599519,599522,4,2,1,1
599537,599538,2,1,0,1
599550,599551,2,1,0,1
599553,599561,9,5,2,2
599562,599563,2,1,0,1
599572,599573,2,1,0,1
599574,599578,5,1,3,1
599587,599589,3,2,0,1
599600,599603,4,1,2,1
599612,599613,2,1,0,1
599617,599618,2,1,0,1
599624,599625,2,1,0,1
599634,599639,6,4,1,1
599642,599647,6,3,2,1
599649,599650,2,1,0,1
599653,599657,5,4,0,1
599664,599667,4,1,2,1
599672,599674,3,1,0,2
599682,599683,2,1,0,1
599708,599714,7,1,1,5
599725,599729,5,4,0,1
599739,599740,2,1,0,1
599757,599761,5,2,2,1
599769,599771,3,1,1,1
599774,599776,3,2,0,1
599793,599794,2,1,0,1
599799,599802,4,3,0,1
599845,599847,3,2,0,1
599851,599854,4,2,1,1
599855,599857,3,2,0,1
599867,599869,3,1,1,1
599880,599881,2,1,0,1
599896,599898,3,2,0,1
599902,599903,2,1,0,1
599916,599917,2,1,0,1
599924,599925,2,1,0,1
599926,599929,4,1,0,3
599948,599950,3,2,0,1
599955,599958,4,1,0,3
599962,599963,2,1,0,1
599973,599974,2,1,0,1
599980,599981,2,1,0,1
599986,599993,8,2,5,1
600009,600013,5,3,0,2
600014,600017,4,3,0,1
600018,600021,4,3,0,1
600023,600024,2,1,0,1
600025,600027,3,2,0,1
600031,600037,7,3,3,1
600038,600039,2,1,0,1
600046,600049,4,3,0,1
600051,600053,3,2,0,1
600059,600061,3,2,0,1
600076,600079,4,2,1,1
600089,600092,4,1,2,1
600093,600094,2,1,0,1
600124,600128,5,3,1,1
600130,600134,5,3,0,2
600135,600139,5,2,2,1
600158,600161,4,1,2,1
600163,600164,2,1,0,1
600172,600175,4,3,0,1
600176,600179,4,3,0,1
600186,600187,2,1,0,1
600190,600193,4,3,0,1
600201,600203,3,1,1,1
600207,600208,2,1,0,1
600225,600226,2,1,0,1
600240,600244,5,1,2,2
600247,600250,4,2,1,1
600258,600259,2,1,0,1
600277,600282,6,4,0,2
600290,600291,2,1,0,1
600302,600306,5,2,2,1
600343,600345,3,1,1,1
600346,600348,3,2,0,1
600349,600351,3,2,0,1
600352,600354,3,1,1,1
600355,600357,3,2,0,1
600386,600388,3,1,1,1
600391,600393,3,1,1,1
600394,600396,3,1,1,1
600402,600409,8,1,6,1
600425,600427,3,1,0,2
600431,600434,4,3,0,1
600450,600452,3,2,0,1
600453,600457,5,2,2,1
600471,600472,2,1,0,1
600482,600485,4,2,1,1
600493,600495,3,1,1,1
600496,600499,4,3,0,1
600509,600510,2,1,0,1
600523,600525,3,2,0,1
600529,600532,4,3,0,1
600534,600535,2,1,0,1
600546,600551,6,2,3,1
600552,600553,2,1,0,1
600556,600557,2,1,0,1
600562,600563,2,1,0,1
600564,600570,7,4,1,2
600579,600583,5,4,0,1
600585,600586,2,1,0,1
600593,600597,5,1,3,1
600598,600599,2,1,0,1
600614,600616,3,2,0,1
600625,600626,2,1,0,1
600628,600629,2,1,0,1
600643,600644,2,1,0,1
600646,600648,3,2,0,1
600649,600653,5,2,0,3
600665,600669,5,4,0,1
600671,600672,2,1,0,1
600675,600679,5,2,0,3
600682,600684,3,1,1,1
600694,600696,3,2,0,1
600699,600701,3,2,0,1
600715,600716,2,1,0,1
600717,600718,2,1,0,1
600724,600726,3,1,0,2
600736,600738,3,1,1,1
600757,600763,7,4,2,1
600774,600780,7,5,1,1
600788,600789,2,1,0,1
600797,600798,2,1,0,1
600799,600804,6,2,3,1
600819,600822,4,2,0,2
600839,600841,3,1,0,2
600860,600861,2,1,0,1
600880,600881,2,1,0,1
600882,600885,4,2,1,1
600886,600888,3,2,0,1
600889,600892,4,1,2,1
600901,600902,2,1,0,1
600903,600905,3,2,0,1
600925,600929,5,4,0,1
600933,600935,3,1,0,2
600948,600949,2,1,0,1
600959,600962,4,1,2,1
600975,600976,2,1,0,1
600977,600979,3,1,1,1
600980,600981,2,1,0,1
600998,601000,3,1,0,2
601003,601009,7,2,4,1
601011,601014,4,3,0,1
601018,601022,5,1,3,1
601026,601033,8,2,5,1
601036,601038,3,1,1,1
601040,601045,6,5,0,1
601058,601061,4,1,0,3
601064,601065,2,1,0,1
601090,601095,6,5,0,1
601098,601099,2,1,0,1
601113,601116,4,1,2,1
601161,601166,6,4,0,2
601173,601176,4,1,2,1
601177,601178,2,1,0,1
601179,601181,3,2,0,1
601185,601188,4,1,1,2
601203,601204,2,1,0,1
601205,601206,2,1,0,1
601232,601234,3,2,0,1
601271,601276,6,5,0,1
601278,601279,2,1,0,1
601309,601311,3,1,1,1
601318,601319,2,1,0,1
601332,601339,8,3,4,1
601361,601363,3,1,1,1
601370,601372,3,1,1,1
601373,601375,3,2,0,1
601376,601377,2,1,0,1
601385,601386,2,1,0,1
601388,601391,4,1,2,1
601392,601393,2,1,0,1
601398,601400,3,2,0,1
601401,601403,3,2,0,1
601405,601407,3,2,0,1
601408,601410,3,1,0,2
601447,601449,3,2,0,1
601450,601451,2,1,0,1
601458,601459,2,1,0,1
601472,601473,2,1,0,1
601481,601484,4,1,2,1
601506,601510,5,4,0,1
601511,601512,2,1,0,1
601528,601530,3,1,0,2
601538,601539,2,1,0,1
601547,601550,4,2,1,1
601557,601562,6,4,1,1
601578,601580,3,1,1,1
601586,601589,4,1,1,2
601590,601592,3,1,1,1
601608,601609,2,1,0,1
601620,601622,3,1,1,1
601629,601630,2,1,0,1
601634,601637,4,1,2,1
601648,601654,7,2,4,1
601662,601663,2,1,0,1
601664,601665,2,1,0,1
601671,601672,2,1,0,1
601679,601681,3,1,1,1
601688,601697,10,1,8,1
601709,601711,3,1,1,1
601712,601714,3,2,0,1
601723,601727,5,3,1,1
601728,601730,3,1,1,1
601740,601745,6,5,0,1
601746,601748,3,2,0,1
601755,601759,5,4,0,1
601760,601763,4,3,0,1
601776,601777,2,1,0,1
601784,601790,7,4,2,1
601797,601801,5,3,0,2
601802,601803,2,1,0,1
601810,601812,3,1,1,1
601814,601815,2,1,0,1
601842,601845,4,1,2,1
601852,601853,2,1,0,1
601885,601886,2,1,0,1
601898,601906,9,4,4,1
601911,601916,6,2,3,1
601922,601926,5,2,2,1
601945,601946,2,1,0,1
601963,601965,3,1,1,1
601984,601985,2,1,0,1
601986,601989,4,2,1,1
601990,601996,7,5,1,1
602005,602010,6,2,3,1
602015,602019,5,1,3,1
602050,602055,6,4,1,1
602069,602070,2,1,0,1
602074,602075,2,1,0,1
602077,602079,3,2,0,1
602080,602081,2,1,0,1
602096,602099,4,1,2,1
602105,602108,4,2,1,1
602117,602118,2,1,0,1
602129,602130,2,1,0,1
602153,602154,2,1,0,1
602157,602158,2,1,0,1
602159,602160,2,1,0,1
602169,602177,9,5,3,1
602179,602182,4,1,2,1
602188,602190,3,1,1,1
602202,602204,3,1,1,1
602213,602216,4,3,0,1
602219,602225,7,5,1,1
602230,602231,2,1,0,1
602238,602239,2,1,0,1
602241,602242,2,1,0,1
602248,602250,3,2,0,1
602260,602261,2,1,0,1
602267,602269,3,2,0,1
602274,602276,3,2,0,1
602277,602278,2,1,0,1
602287,602292,6,5,0,1
602321,602323,3,1,1,1
602324,602328,5,3,1,1
602346,602347,2,1,0,1
602349,602350,2,1,0,1
602354,602356,3,1,1,1
602357,602358,2,1,0,1
602366,602368,3,1,1,1
602369,602371,3,2,0,1
602404,602410,7,5,1,1
602411,602413,3,1,0,2
602424,602427,4,1,1,2
602432,602438,7,2,4,1
602442,602443,2,1,0,1
602470,602476,7,3,3,1
602495,602497,3,1,0,2
602500,602501,2,1,0,1
602508,602509,2,1,0,1
602513,602515,3,2,0,1
602518,602520,3,1,1,1
602537,602539,3,1,1,1
602541,602546,6,5,0,1
602548,602551,4,3,0,1
602576,602578,3,2,0,1
602586,602589,4,3,0,1
602595,602596,2,1,0,1
602597,602601,5,1,3,1
602633,602635,3,2,0,1
602658,602659,2,1,0,1
602680,602682,3,2,0,1
602692,602697,6,1,4,1
602698,602700,3,1,0,2
602704,602705,2,1,0,1
602720,602721,2,1,0,1
602725,602728,4,2,1,1
602744,602745,2,1,0,1
602747,602749,3,1,1,1
602759,602762,4,2,1,1
602763,602764,2,1,0,1
602765,602766,2,1,0,1
602767,602770,4,3,0,1
602776,602777,2,1,0,1
602779,602781,3,1,1,1
602784,602787,4,1,2,1
602788,602790,3,2,0,1
602808,602810,3,1,1,1
602821,602822,2,1,0,1
602839,602844,6,3,2,1
602853,602855,3,1,0,2
602859,602860,2,1,0,1
602870,602871,2,1,0,1
602881,602882,2,1,0,1
602899,602900,2,1,0,1
602909,602910,2,1,0,1
602911,602916,6,2,2,2
602928,602929,2,1,0,1
602944,602948,5,4,0,1
602950,602956,7,1,3,3
602957,602961,5,1,3,1
602962,602963,2,1,0,1
602970,602976,7,2,4,1
602980,602985,6,3,2,1
602993,602994,2,1,0,1
603010,603011,2,1,0,1
603012,603016,5,4,0,1
603019,603022,4,1,2,1
603032,603033,2,1,0,1
603034,603037,4,1,2,1
603042,603048,7,5,1,1
603058,603059,2,1,0,1
603060,603068,9,3,5,1
603070,603074,5,4,0,1
603077,603080,4,2,0,2
603081,603087,7,5,0,2
603095,603096,2,1,0,1
603099,603101,3,2,0,1
603104,603107,4,2,1,1
603119,603120,2,1,0,1
603126,603128,3,1,0,2
603130,603133,4,3,0,1
603134,603138,5,4,0,1
603151,603153,3,2,0,1
603154,603158,5,2,2,1
603159,603161,3,2,0,1
603165,603167,3,2,0,1
603181,603182,2,1,0,1
603188,603189,2,1,0,1
603198,603200,3,1,0,2
603202,603203,2,1,0,1
603216,603218,3,1,1,1
603223,603226,4,1,2,1
603235,603241,7,2,3,2
603242,603249,8,3,3,2
603250,603255,6,2,3,1
603265,603268,4,1,2,1
603278,603279,2,1,0,1
603280,603282,3,2,0,1
603285,603288,4,2,1,1
603289,603293,5,4,0,1
603294,603295,2,1,0,1
603304,603307,4,1,2,1
603322,603323,2,1,0,1
603324,603326,3,2,0,1
603344,603346,3,1,0,2
603349,603354,6,5,0,1
603365,603367,3,1,1,1
603368,603369,2,1,0,1
603371,603372,2,1,0,1
603373,603374,2,1,0,1
603376,603378,3,2,0,1
603386,603387,2,1,0,1
603388,603390,3,1,1,1
603393,603395,3,1,1,1
603396,603405,10,2,7,1
603409,603413,5,1,3,1
603420,603422,3,1,0,2
603452,603453,2,1,0,1
603460,603462,3,1,1,1
603463,603464,2,1,0,1
603476,603479,4,2,0,2
603482,603484,3,2,0,1
603485,603487,3,1,1,1
603499,603501,3,2,0,1
603508,603513,6,2,2,2
603519,603522,4,2,1,1
603525,603529,5,4,0,1
603531,603537,7,2,4,1
603542,603543,2,1,0,1
603544,603546,3,2,0,1
603553,603555,3,2,0,1
603582,603586,5,4,0,1
603587,603589,3,1,1,1
603590,603595,6,1,2,3
603600,603602,3,1,0,2
603604,603606,3,1,1,1
603607,603608,2,1,0,1
603612,603615,4,2,1,1
603628,603632,5,1,2,2
603641,603644,4,1,2,1
603670,603671,2,1,0,1
603682,603683,2,1,0,1
603697,603700,4,2,1,1
603701,603703,3,2,0,1
603705,603711,7,1,2,4
603715,603716,2,1,0,1
603717,603719,3,1,1,1
603720,603724,5,3,1,1
603727,603728,2,1,0,1
603735,603737,3,1,1,1
603745,603753,9,5,3,1
603755,603757,3,1,1,1
603759,603761,3,2,0,1
603763,603766,4,1,2,1
603806,603808,3,1,1,1
603810,603811,2,1,0,1
603815,603821,7,3,3,1
603832,603836,5,2,1,2
603847,603850,4,1,2,1
603854,603858,5,4,0,1
603861,603863,3,1,1,1
603864,603865,2,1,0,1
603879,603881,3,1,0,2
603882,603884,3,2,0,1
603887,603888,2,1,0,1
603889,603890,2,1,0,1
603891,603893,3,2,0,1
603896,603897,2,1,0,1
603903,603904,2,1,0,1
603917,603923,7,5,1,1
603928,603930,3,2,0,1
603931,603933,3,2,0,1
603936,603937,2,1,0,1
603944,603947,4,3,0,1
603956,603960,5,2,1,2
603983,603984,2,1,0,1
603987,603988,2,1,0,1
603992,603996,5,1,3,1
604009,604012,4,2,1,1
604013,604014,2,1,0,1
604024,604025,2,1,0,1
604031,604032,2,1,0,1
604044,604047,4,1,0,3
604048,604049,2,1,0,1
604053,604054,2,1,0,1
604056,604057,2,1,0,1
604071,604075,5,1,3,1
604106,604107,2,1,0,1
604114,604116,3,1,1,1
604130,604133,4,3,0,1
604145,604147,3,1,1,1
604152,604158,7,5,1,1
604175,604177,3,1,1,1
604181,604187,7,5,0,2
604201,604205,5,1,3,1
604207,604211,5,3,1,1
604218,604219,2,1,0,1
604222,604227,6,1,4,1
604228,604230,3,2,0,1
604238,604242,5,4,0,1
604243,604244,2,1,0,1
604249,604251,3,1,0,2
604252,604255,4,3,0,1
604262,604263,2,1,0,1
604268,604269,2,1,0,1
604296,604299,4,1,1,2
604328,604334,7,2,3,2
604335,604336,2,1,0,1
604337,604341,5,1,3,1
604343,604345,3,1,0,2
604346,604350,5,1,3,1
604364,604369,6,1,3,2
604371,604374,4,3,0,1
604386,604392,7,5,0,2
604396,604398,3,1,0,2
604400,604404,5,2,2,1
604405,604409,5,3,0,2
604413,604415,3,1,1,1
604417,604418,2,1,0,1
604423,604426,4,2,1,1
604432,604435,4,1,1,2
604441,604446,6,2,3,1
604447,604448,2,1,0,1
604463,604465,3,1,1,1
604476,604481,6,1,0,5
604482,604487,6,2,3,1
604489,604492,4,1,2,1
604505,604508,4,2,1,1
604509,604512,4,1,2,1
604523,604524,2,1,0,1
604537,604542,6,1,4,1
604548,604550,3,2,0,1
604577,604578,2,1,0,1
604583,604584,2,1,0,1
604585,604588,4,2,1,1
604599,604600,2,1,0,1
604611,604615,5,2,1,2
604630,604632,3,1,1,1
604639,604641,3,1,1,1
604646,604647,2,1,0,1
604684,604690,7,2,4,1
604710,604712,3,1,1,1
604719,604720,2,1,0,1
604721,604723,3,1,0,2
604731,604734,4,2,1,1
604735,604738,4,1,2,1
604771,604772,2,1,0,1
604790,604795,6,5,0,1
604800,604801,2,1,0,1
604802,604803,2,1,0,1
604809,604810,2,1,0,1
604828,604830,3,2,0,1
604832,604835,4,1,0,3
604837,604840,4,1,2,1
604869,604873,5,1,2,2
604891,604893,3,1,0,2
604896,604900,5,3,1,1
604902,604903,2,1,0,1
604918,604921,4,1,1,2
604922,604932,11,5,5,1
604943,604945,3,2,0,1
604946,604951,6,4,1,1
604965,604968,4,2,1,1
604976,604978,3,2,0,1
604982,604987,6,1,4,1
604988,604990,3,2,0,1
604994,604995,2,1,0,1
605009,605012,4,1,0,3
605020,605024,5,1,3,1
605027,605031,5,3,1,1
605032,605035,4,2,0,2
605042,605049,8,3,3,2
605061,605063,3,2,0,1
605068,605073,6,5,0,1
605078,605081,4,1,2,1
605090,605092,3,1,0,2
605099,605101,3,1,1,1
605102,605103,2,1,0,1
605118,605123,6,2,3,1
605124,605125,2,1,0,1
605131,605134,4,2,1,1
605136,605140,5,3,1,1
605162,605164,3,1,1,1
605178,605181,4,2,1,1
605191,605195,5,4,0,1
605196,605199,4,1,2,1
605205,605210,6,4,1,1
605213,605214,2,1,0,1
605218,605219,2,1,0,1
605245,605250,6,2,3,1
605252,605254,3,1,1,1
605284,605285,2,1,0,1
605288,605289,2,1,0,1
605293,605294,2,1,0,1
605333,605337,5,2,2,1
605354,605355,2,1,0,1
605363,605366,4,1,2,1
605369,605372,4,3,0,1
605377,605379,3,1,1,1
605380,605385,6,1,4,1
605420,605423,4,1,2,1
605440,605442,3,2,0,1
605454,605455,2,1,0,1
605458,605459,2,1,0,1
605463,605466,4,1,1,2
605470,605471,2,1,0,1
605478,605480,3,1,1,1
605496,605499,4,2,1,1
605518,605522,5,2,2,1
605523,605526,4,2,1,1
605548,605551,4,3,0,1
605555,605557,3,2,0,1
605559,605560,2,1,0,1
605568,605575,8,2,5,1
605580,605585,6,1,4,1
605591,605592,2,1,0,1
605607,605609,3,2,0,1
605616,605617,2,1,0,1
605636,605637,2,1,0,1
605638,605640,3,1,0,2
605644,605646,3,1,1,1
605649,605652,4,2,0,2
605655,605656,2,1,0,1
605657,605659,3,1,0,2
605673,605676,4,2,1,1
605686,605687,2,1,0,1
605689,605692,4,1,2,1
605696,605698,3,1,0,2
605699,605701,3,2,0,1
605708,605713,6,1,1,4
605718,605720,3,1,1,1
605722,605725,4,2,1,1
605726,605729,4,3,0,1
605731,605732,2,1,0,1
605746,605748,3,2,0,1
605750,605751,2,1,0,1
605758,605761,4,1,2,1
605764,605767,4,1,2,1
605786,605788,3,1,1,1
605813,605814,2,1,0,1
605819,605822,4,1,2,1
605827,605829,3,1,0,2
605830,605831,2,1,0,1
605834,605840,7,2,4,1
605845,605846,2,1,0,1
605847,605849,3,2,0,1
605856,605857,2,1,0,1
605864,605866,3,2,0,1
605871,605874,4,2,1,1
605888,605892,5,2,1,2
605901,605904,4,2,1,1
605930,605933,4,1,1,2
605940,605942,3,1,1,1
605944,605945,2,1,0,1
605952,605953,2,1,0,1
605956,605959,4,1,2,1
605967,605971,5,3,1,1
605972,605973,2,1,0,1
605991,605992,2,1,0,1
606017,606019,3,1,1,1
606023,606025,3,2,0,1
606027,606028,2,1,0,1
606035,606036,2,1,0,1
606037,606041,5,4,0,1
606046,606048,3,1,0,2
606058,606061,4,3,0,1
606062,606068,7,4,2,1
606070,606072,3,1,0,2
606080,606082,3,2,0,1
606085,606090,6,1,4,1
606094,606095,2,1,0,1
606099,606100,2,1,0,1
606103,606105,3,2,0,1
606106,606107,2,1,0,1
606129,606132,4,2,1,1
606136,606140,5,1,2,2
606142,606143,2,1,0,1
606145,606150,6,3,1,2
606156,606158,3,2,0,1
606160,606165,6,5,0,1
606173,606175,3,1,1,1
606180,606183,4,1,2,1
606192,606194,3,1,1,1
606203,606208,6,2,3,1
606215,606217,3,1,0,2
606218,606220,3,1,1,1
606223,606226,4,3,0,1
606237,606239,3,1,1,1
606248,606251,4,1,2,1
606283,606286,4,2,1,1
606287,606289,3,2,0,1
606291,606295,5,3,1,1
606310,606312,3,1,1,1
606319,606322,4,1,2,1
606327,606331,5,4,0,1
606358,606363,6,4,0,2
606367,606369,3,1,1,1
606385,606386,2,1,0,1
606388,606391,4,2,1,1
606398,606399,2,1,0,1
606405,606406,2,1,0,1
606408,606413,6,5,0,1
606415,606416,2,1,0,1
606419,606420,2,1,0,1
606438,606439,2,1,0,1
606451,606452,2,1,0,1
606460,606465,6,3,2,1
606466,606471,6,5,0,1
606484,606486,3,2,0,1
606501,606505,5,2,0,3
606507,606508,2,1,0,1
606524,606525,2,1,0,1
606526,606528,3,2,0,1
606540,606542,3,1,1,1
606550,606552,3,1,1,1
606593,606596,4,2,1,1
606602,606606,5,4,0,1
606619,606620,2,1,0,1
606623,606627,5,2,2,1
606630,606636,7,1,5,1
606639,606641,3,1,1,1
606643,606646,4,2,1,1
606663,606665,3,2,0,1
606666,606669,4,2,0,2
606672,606673,2,1,0,1
606678,606679,2,1,0,1
606680,606685,6,2,2,2
606707,606710,4,2,0,2
606711,606714,4,3,0,1
606716,606717,2,1,0,1
606738,606740,3,2,0,1
606741,606742,2,1,0,1
606759,606764,6,1,3,2
606765,606766,2,1,0,1
606787,606790,4,1,2,1
606802,606809,8,5,2,1
606810,606815,6,5,0,1
606817,606818,2,1,0,1
606831,606832,2,1,0,1
606845,606848,4,2,1,1
606850,606851,2,1,0,1
606852,606856,5,3,0,2
606865,606868,4,1,2,1
606869,606872,4,2,1,1
606911,606913,3,2,0,1
606922,606923,2,1,0,1
606931,606932,2,1,0,1
606933,606936,4,1,1,2
606953,606956,4,2,1,1
606967,606972,6,1,4,1
606976,606979,4,1,2,1
606992,606995,4,1,2,1
607015,607016,2,1,0,1
607028,607029,2,1,0,1
607032,607033,2,1,0,1
607039,607042,4,3,0,1
607056,607060,5,2,1,2
607073,607074,2,1,0,1
607075,607076,2,1,0,1
607077,607082,6,3,2,1
607094,607099,6,3,2,1
607109,607112,4,3,0,1
607136,607137,2,1,0,1
607143,607144,2,1,0,1
607145,607149,5,3,1,1
607152,607153,2,1,0,1
607164,607166,3,1,0,2
607167,607168,2,1,0,1
607169,607173,5,1,3,1
607174,607179,6,4,0,2
607183,607185,3,1,1,1
607186,607188,3,1,1,1
607190,607192,3,2,0,1
607195,607199,5,4,0,1
607220,607223,4,2,1,1
607228,607229,2,1,0,1
607230,607233,4,3,0,1
607236,607238,3,1,1,1
607240,607246,7,5,0,2
607258,607260,3,1,1,1
607283,607288,6,3,1,2
607289,607290,2,1,0,1
607308,607310,3,1,1,1
607320,607323,4,3,0,1
607324,607328,5,1,3,1
607344,607345,2,1,0,1
607351,607356,6,1,3,2
607358,607361,4,3,0,1
607366,607368,3,1,0,2
607369,607370,2,1,0,1
607374,607376,3,2,0,1
607377,607381,5,1,1,3
607384,607385,2,1,0,1
607396,607398,3,2,0,1
607399,607400,2,1,0,1
607402,607405,4,1,0,3
607410,607411,2,1,0,1
607419,607421,3,2,0,1
607442,607447,6,1,2,3
607450,607451,2,1,0,1
607452,607454,3,2,0,1
607472,607474,3,2,0,1
607488,607489,2,1,0,1
607491,607494,4,1,0,3
607499,607500,2,1,0,1
607508,607510,3,2,0,1
607611,607615,5,2,1,2
607633,607635,3,2,0,1
607682,607684,3,2,0,1
607725,607728,4,1,2,1
607796,607798,3,2,0,1
607807,607809,3,1,1,1
607840,607841,2,1,0,1
607842,607843,2,1,0,1
607848,607851,4,1,1,2
607860,607864,5,1,2,2
607885,607888,4,1,1,2
607900,607902,3,1,1,1
607911,607913,3,1,0,2
607933,607936,4,1,1,2
607956,607958,3,1,1,1
607966,607968,3,1,1,1
607986,607987,2,1,0,1
608009,608011,3,2,0,1
608012,608015,4,3,0,1
608023,608025,3,2,0,1
608026,608028,3,1,1,1
608030,608032,3,2,0,1
608033,608035,3,2,0,1
608037,608040,4,2,1,1
608054,608056,3,1,1,1
608060,608064,5,1,3,1
608077,608078,2,1,0,1
608090,608092,3,1,0,2
608105,608107,3,2,0,1
608124,608126,3,1,1,1
608136,608139,4,2,1,1
608146,608150,5,3,1,1
608151,608152,2,1,0,1
608155,608156,2,1,0,1
608166,608170,5,3,1,1
608171,608172,2,1,0,1
608173,608176,4,3,0,1
608186,608187,2,1,0,1
608203,608205,3,2,0,1
608206,608209,4,1,2,1
608216,608218,3,1,0,2
608220,608221,2,1,0,1
608222,608223,2,1,0,1
608226,608227,2,1,0,1
608328,608329,2,1,0,1
608436,608437,2,1,0,1
608444,608445,2,1,0,1
608453,608456,4,2,1,1
608476,608478,3,2,0,1
608521,608524,4,1,1,2
608555,608558,4,1,0,3
608604,608605,2,1,0,1
608661,608663,3,1,1,1
608669,608673,5,1,1,3
608683,608686,4,1,2,1
608687,608690,4,1,2,1
608727,608729,3,1,1,1
608736,608741,6,1,4,1
608760,608762,3,1,0,2
608779,608781,3,2,0,1
608788,608789,2,1,0,1
608840,608842,3,2,0,1
608904,608905,2,1,0,1
608916,608917,2,1,0,1
608922,608924,3,2,0,1
608968,608969,2,1,0,1
608998,609000,3,1,1,1
609008,609009,2,1,0,1
609034,609036,3,1,1,1
609143,609144,2,1,0,1
609164,609166,3,1,1,1
609284,609287,4,1,0,3
609295,609297,3,1,0,2
609408,609409,2,1,0,1
609545,609548,4,1,2,1
609554,609555,2,1,0,1
609672,609681,10,2,4,4
609687,609693,7,1,3,3
609700,609701,2,1,0,1
609712,609714,3,1,1,1
609718,609719,2,1,0,1
609728,609734,7,1,4,2
609744,609747,4,1,0,3
609783,609786,4,1,1,2
609816,609823,8,2,3,3
609842,609843,2,1,0,1
609849,609850,2,1,0,1
609857,609860,4,1,1,2
609875,609878,4,1,2,1
609892,609896,5,1,3,1
609914,609915,2,1,0,1
609930,609932,3,1,1,1
609941,609946,6,1,4,1
609961,609962,2,1,0,1
609964,609965,2,1,0,1
609966,609974,9,1,3,5
609987,609988,2,1,0,1
609998,610000,3,1,1,1
610001,610004,4,1,2,1
610023,610027,5,2,0,3
610032,610034,3,1,1,1
610042,610043,2,1,0,1
610046,610047,2,1,0,1
610063,610066,4,1,1,2
610079,610080,2,1,0,1
610081,610084,4,1,2,1
610094,610102,9,1,5,3
610121,610123,3,1,0,2
610131,610132,2,1,0,1
610134,610136,3,2,0,1
610142,610143,2,1,0,1
610144,610151,8,2,5,1
610153,610156,4,1,2,1
610160,610162,3,1,0,2
610170,610172,3,1,1,1
610185,610188,4,1,2,1
610198,610202,5,1,0,4
610240,610241,2,1,0,1
610242,610243,2,1,0,1
610262,610266,5,1,3,1
610273,610279,7,1,5,1
610284,610286,3,1,1,1
610302,610308,7,1,5,1
610332,610335,4,1,2,1
610339,610342,4,1,0,3
610348,610349,2,1,0,1
610371,610378,8,2,5,1
610379,610380,2,1,0,1
610382,610386,5,1,2,2
610388,610393,6,2,1,3
610404,610405,2,1,0,1
610406,610408,3,1,1,1
610413,610416,4,1,2,1
610421,610422,2,1,0,1
610426,610428,3,1,1,1
610439,610443,5,1,1,3
610446,610452,7,3,0,4
610467,610468,2,1,0,1
610478,610480,3,1,0,2
610482,610485,4,1,2,1
610502,610506,5,2,2,1
610516,610517,2,1,0,1
610519,610520,2,1,0,1
610521,610522,2,1,0,1
610523,610524,2,1,0,1
610541,610542,2,1,0,1
610549,610552,4,1,2,1
610555,610560,6,1,3,2
610561,610564,4,1,0,3
610565,610567,3,1,0,2
610605,610608,4,1,2,1
610624,610626,3,1,0,2
610639,610645,7,2,2,3
610647,610648,2,1,0,1
610687,610688,2,1,0,1
610697,610699,3,2,0,1
610702,610708,7,1,2,4
610728,610733,6,1,2,3
610735,610738,4,2,0,2
610757,610759,3,1,0,2
610777,610779,3,2,0,1
610789,610790,2,1,0,1
610791,610793,3,1,0,2
610806,610807,2,1,0,1
610812,610819,8,2,0,6
610826,610829,4,1,1,2
610833,610839,7,1,2,4
610871,610872,2,1,0,1
610896,610899,4,1,2,1
610927,610928,2,1,0,1
610949,610952,4,1,1,2
610963,610965,3,1,1,1
610966,610968,3,1,0,2
610991,610995,5,1,1,3
611035,611038,4,1,1,2
611041,611045,5,1,3,1
611058,611059,2,1,0,1
611067,611068,2,1,0,1
611075,611076,2,1,0,1
611085,611090,6,1,4,1
611092,611093,2,1,0,1
611094,611097,4,2,0,2
611103,611105,3,1,0,2
611111,611112,2,1,0,1
611130,611131,2,1,0,1
611150,611152,3,1,0,2
611189,611194,6,1,0,5
611204,611206,3,1,1,1
611232,611234,3,1,1,1
611257,611258,2,1,0,1
611265,611268,4,1,1,2
611281,611284,4,1,0,3
611286,611290,5,1,1,3
611292,611295,4,1,1,2
611299,611304,6,1,2,3
611326,611328,3,1,0,2
611352,611354,3,1,0,2
611359,611360,2,1,0,1
611361,611363,3,1,0,2
611375,611377,3,1,0,2
611394,611395,2,1,0,1
611409,611411,3,1,1,1
611413,611414,2,1,0,1
611447,611449,3,1,1,1
611461,611463,3,1,1,1
611495,611499,5,1,1,3
611504,611507,4,1,0,3
611508,611511,4,1,1,2
611516,611520,5,1,0,4
611537,611542,6,4,0,2
611555,611558,4,1,0,3
611579,611582,4,1,2,1
611584,611585,2,1,0,1
611612,611615,4,1,2,1
611617,611619,3,1,0,2
611657,611660,4,1,2,1
611695,611700,6,1,1,4
611704,611708,5,1,3,1
611743,611746,4,1,0,3
611789,611794,6,1,0,5
611795,611797,3,1,1,1
611801,611802,2,1,0,1
611809,611810,2,1,0,1
611814,611815,2,1,0,1
611843,611845,3,1,0,2
611853,611855,3,1,0,2
611856,611857,2,1,0,1
611866,611868,3,1,1,1
611887,611888,2,1,0,1
611914,611917,4,1,1,2
611918,611919,2,1,0,1
611933,611937,5,1,3,1
611951,611952,2,1,0,1
611971,611973,3,1,0,2
611993,611994,2,1,0,1
612008,612010,3,1,1,1
612044,612045,2,1,0,1
612065,612066,2,1,0,1
612123,612124,2,1,0,1
612131,612132,2,1,0,1
612144,612145,2,1,0,1
612153,612155,3,1,0,2
612156,612160,5,1,1,3
612161,612166,6,1,0,5
612171,612172,2,1,0,1
612181,612187,7,1,0,6
612219,612220,2,1,0,1
612246,612247,2,1,0,1
612288,612290,3,1,1,1
612291,612294,4,1,2,1
612298,612300,3,1,1,1
612301,612304,4,1,0,3
612375,612377,3,1,0,2
612378,612379,2,1,0,1
612387,612390,4,1,2,1
612394,612396,3,1,0,2
612400,612404,5,1,0,4
612424,612429,6,1,4,1
612436,612438,3,2,0,1
612440,612444,5,1,1,3
612460,612462,3,1,0,2
612471,612475,5,1,1,3
612534,612536,3,1,0,2
612541,612542,2,1,0,1
612559,612561,3,1,1,1
612565,612567,3,1,0,2
612587,612588,2,1,0,1
612602,612607,6,1,3,2
612625,612627,3,1,1,1
612650,612655,6,1,1,4
612671,612678,8,1,2,5
612684,612685,2,1,0,1
612694,612698,5,1,3,1
612717,612719,3,1,0,2
612722,612723,2,1,0,1
612752,612753,2,1,0,1
612761,612764,4,1,1,2
612766,612768,3,1,0,2
612785,612788,4,1,1,2
612805,612806,2,1,0,1
612816,612818,3,1,1,1
612831,612832,2,1,0,1
612854,612855,2,1,0,1
612860,612861,2,1,0,1
612872,612877,6,1,4,1
612878,612879,2,1,0,1
612919,612922,4,1,0,3
612933,612936,4,1,0,3
612940,612943,4,1,1,2
612944,612946,3,1,1,1
612975,612982,8,1,2,5
612998,613000,3,2,0,1
613018,613021,4,2,0,2
613046,613048,3,1,1,1
613113,613114,2,1,0,1
613116,613117,2,1,0,1
613140,613141,2,1,0,1
613145,613146,2,1,0,1
613148,613150,3,1,0,2
613240,613245,6,1,0,5
613292,613295,4,1,0,3
613297,613298,2,1,0,1
613329,613330,2,1,0,1
613338,613339,2,1,0,1
613356,613358,3,2,0,1
613394,613398,5,1,2,2
613408,613410,3,1,0,2
613446,613447,2,1,0,1
613455,613458,4,1,1,2
613497,613498,2,1,0,1
613499,613500,2,1,0,1
613509,613511,3,2,0,1
613512,613514,3,1,0,2
613524,613526,3,1,0,2
613548,613550,3,1,0,2
613553,613555,3,1,1,1
613586,613587,2,1,0,1
613612,613613,2,1,0,1
613619,613622,4,1,2,1
613623,613626,4,1,1,2
613632,613634,3,1,0,2
613636,613638,3,1,1,1
613660,613661,2,1,0,1
613662,613665,4,1,1,2
613686,613687,2,1,0,1
613701,613703,3,1,0,2
613715,613717,3,1,1,1
613721,613724,4,1,0,3
613741,613742,2,1,0,1
613750,613754,5,1,1,3
613765,613766,2,1,0,1
613781,613782,2,1,0,1
613794,613797,4,2,1,1
613809,613810,2,1,0,1
613815,613816,2,1,0,1
613871,613873,3,1,1,1
613881,613885,5,1,1,3
613893,613894,2,1,0,1
613898,613900,3,1,0,2
613923,613925,3,1,1,1
613931,613934,4,1,0,3
613935,613938,4,1,0,3
613952,613954,3,1,0,2
613957,613959,3,1,0,2
614041,614044,4,2,1,1
614072,614074,3,1,1,1
614105,614107,3,2,0,1
614141,614147,7,2,3,2
614157,614159,3,2,0,1
614162,614168,7,1,4,2
614169,614170,2,1,0,1
614172,614174,3,1,0,2
614190,614191,2,1,0,1
614263,614265,3,1,1,1
614284,614285,2,1,0,1
614286,614287,2,1,0,1
614291,614292,2,1,0,1
614302,614309,8,1,0,7
614324,614327,4,1,2,1
614329,614330,2,1,0,1
614384,614386,3,1,1,1
614393,614394,2,1,0,1
614406,614407,2,1,0,1
614421,614422,2,1,0,1
614442,614443,2,1,0,1
614461,614462,2,1,0,1
614463,614469,7,1,2,4
614472,614473,2,1,0,1
614477,614478,2,1,0,1
614495,614499,5,1,2,2
614509,614511,3,1,1,1
614546,614547,2,1,0,1
614555,614557,3,1,1,1
614560,614562,3,1,0,2
614593,614594,2,1,0,1
614600,614603,4,1,1,2
614604,614606,3,1,0,2
614624,614625,2,1,0,1
614658,614662,5,1,1,3
614698,614702,5,1,2,2
614719,614720,2,1,0,1
614721,614725,5,1,2,2
614754,614756,3,1,0,2
614799,614800,2,1,0,1
614814,614815,2,1,0,1
614824,614827,4,1,1,2
614842,614843,2,1,0,1
614850,614854,5,1,3,1
614877,614880,4,1,1,2
614900,614901,2,1,0,1
614934,614936,3,1,0,2
614951,614952,2,1,0,1
614957,614963,7,1,1,5
614991,614995,5,2,2,1
615029,615031,3,1,1,1
615047,615048,2,1,0,1
615052,615053,2,1,0,1
615093,615094,2,1,0,1
615105,615109,5,1,0,4
615117,615118,2,1,0,1
615139,615142,4,1,1,2
615170,615175,6,1,1,4
615202,615204,3,1,1,1
615239,615243,5,1,1,3
615267,615271,5,1,0,4
615272,615274,3,1,1,1
615294,615296,3,1,1,1
615355,615359,5,1,0,4
615366,615367,2,1,0,1
615386,615387,2,1,0,1
615401,615403,3,1,0,2
615404,615406,3,1,1,1
615407,615408,2,1,0,1
615410,615411,2,1,0,1
615426,615428,3,1,1,1
615434,615435,2,1,0,1
615465,615469,5,1,0,4
615508,615513,6,1,0,5
615551,615552,2,1,0,1
615564,615565,2,1,0,1
615580,615583,4,1,0,3
615603,615608,6,1,2,3
615641,615642,2,1,0,1
615681,615682,2,1,0,1
615695,615699,5,1,1,3
615705,615707,3,1,1,1
615792,615793,2,1,0,1
615807,615811,5,1,2,2
615812,615815,4,1,2,1
615858,615860,3,1,1,1
615877,615882,6,1,1,4
615888,615889,2,1,0,1
615904,615905,2,1,0,1
615945,615950,6,2,2,2
615952,615953,2,1,0,1
615957,615961,5,2,1,2
615979,615985,7,1,2,4
615992,615995,4,1,1,2
615999,616002,4,1,0,3
616003,616004,2,1,0,1
616006,616009,4,1,2,1
616023,616026,4,1,1,2
616047,616048,2,1,0,1
616053,616054,2,1,0,1
616056,616061,6,1,1,4
616098,616099,2,1,0,1
616126,616127,2,1,0,1
616197,616200,4,1,0,3
616215,616217,3,1,1,1
616278,616282,5,1,3,1
616300,616303,4,1,1,2
616331,616333,3,1,1,1
616363,616366,4,1,2,1
616369,616371,3,1,0,2
616404,616406,3,1,1,1
616430,616431,2,1,0,1
616436,616437,2,1,0,1
616477,616478,2,1,0,1
616480,616484,5,1,0,4
616500,616501,2,1,0,1
616525,616531,7,1,1,5
616535,616537,3,1,1,1
616556,616557,2,1,0,1
616611,616612,2,1,0,1
616641,616645,5,1,0,4
616657,616659,3,1,0,2
616677,616680,4,1,1,2
616707,616709,3,1,1,1
616722,616723,2,1,0,1
616740,616744,5,1,2,2
616750,616751,2,1,0,1
616817,616820,4,1,0,3
616821,616823,3,1,0,2
616832,616833,2,1,0,1
616850,616854,5,1,1,3
616856,616862,7,2,0,5
616891,616893,3,1,0,2
616938,616942,5,1,3,1
616953,616960,8,1,2,5
616963,616964,2,1,0,1
617013,617014,2,1,0,1
617035,617037,3,1,1,1
617038,617043,6,1,0,5
617050,617051,2,1,0,1
617055,617056,2,1,0,1
617064,617066,3,1,0,2
617124,617127,4,1,0,3
617156,617159,4,1,1,2
617161,617164,4,1,0,3
617166,617168,3,1,1,1
617198,617201,4,1,2,1
617232,617233,2,1,0,1
617236,617239,4,1,2,1
617260,617264,5,1,0,4
617270,617272,3,1,0,2
617302,617305,4,2,0,2
617315,617317,3,2,0,1
617319,617322,4,1,1,2
617360,617362,3,1,0,2
617395,617397,3,1,1,1
617430,617431,2,1,0,1
617436,617443,8,2,0,6
617498,617499,2,1,0,1
617527,617528,2,1,0,1
617529,617532,4,1,1,2
617607,617608,2,1,0,1
617625,617626,2,1,0,1
617676,617677,2,1,0,1
617736,617737,2,1,0,1
617758,617761,4,2,0,2
617822,617826,5,1,0,4
617849,617852,4,1,2,1
617859,617860,2,1,0,1
617879,617881,3,1,1,1
617897,617899,3,1,1,1
617990,617992,3,1,0,2
618013,618014,2,1,0,1
618020,618023,4,1,0,3
618054,618056,3,1,0,2
618069,618071,3,1,0,2
618072,618074,3,1,1,1
618092,618093,2,1,0,1
618099,618101,3,1,1,1
618115,618116,2,1,0,1
618127,618129,3,1,1,1
618135,618137,3,1,1,1
618142,618146,5,1,1,3
618174,618176,3,1,0,2
618178,618182,5,1,1,3
618195,618197,3,2,0,1
618213,618216,4,1,1,2
618217,618220,4,1,0,3
618226,618227,2,1,0,1
618280,618282,3,1,0,2
618300,618301,2,1,0,1
618335,618341,7,1,0,6
618354,618356,3,1,0,2
618358,618359,2,1,0,1
618362,618364,3,1,0,2
618399,618402,4,1,0,3
618419,618420,2,1,0,1
618447,618448,2,1,0,1
618449,618452,4,1,0,3
618461,618463,3,1,0,2
618503,618504,2,1,0,1
618505,618506,2,1,0,1
618538,618539,2,1,0,1
618544,618545,2,1,0,1
618548,618549,2,1,0,1
618569,618573,5,1,0,4
618595,618598,4,1,0,3
618607,618608,2,1,0,1
618617,618618,2,1,0,1
618675,618677,3,1,0,2
618679,618680,2,1,0,1
618726,618727,2,1,0,1
618755,618757,3,1,1,1
618759,618760,2,1,0,1
618837,618839,3,1,1,1
618844,618845,2,1,0,1
618863,618867,5,1,1,3
618868,618872,5,1,0,4
618984,618990,7,1,0,6
618993,618994,2,1,0,1
619005,619009,5,1,0,4
619034,619036,3,1,1,1
619037,619038,2,1,0,1
619045,619046,2,1,0,1
619074,619079,6,1,3,2
619091,619092,2,1,0,1
619117,619118,2,1,0,1
619119,619121,3,1,1,1
619155,619157,3,1,0,2
619172,619173,2,1,0,1
619183,619184,2,1,0,1
619238,619243,6,1,0,5
619263,619264,2,1,0,1
619348,619350,3,2,0,1
619357,619363,7,5,1,1
619400,619405,6,5,0,1
619407,619412,6,5,0,1
619447,619452,6,5,0,1
619458,619460,3,1,1,1
619518,619523,6,5,0,1
619524,619527,4,3,0,1
619550,619552,3,1,1,1
619599,619600,2,1,0,1
619603,619605,3,2,0,1
619606,619609,4,2,1,1
619627,619628,2,1,0,1
619629,619631,3,2,0,1
619638,619644,7,5,1,1
619673,619678,6,5,0,1
619745,619746,2,1,0,1
619810,619815,6,5,0,1
619820,619826,7,5,1,1
619832,619837,6,5,0,1
619856,619862,7,5,1,1
619866,619867,2,1,0,1
619868,619871,4,3,0,1
619896,619900,5,4,0,1
619941,619942,2,1,0,1
619956,619957,2,1,0,1
619965,619970,6,5,0,1
619984,619986,3,2,0,1
620038,620043,6,5,0,1
620102,620104,3,2,0,1
620109,620114,6,5,0,1
620167,620171,5,3,1,1
620193,620198,6,5,0,1
620201,620203,3,2,0,1
620217,620219,3,2,0,1
620262,620263,2,1,0,1
620287,620291,5,4,0,1
620299,620301,3,2,0,1
620337,620342,6,5,0,1
620343,620345,3,2,0,1
620362,620367,6,5,0,1
620387,620392,6,5,0,1
620393,620395,3,2,0,1
620437,620442,6,5,0,1
620450,620456,7,5,1,1
620494,620497,4,3,0,1
620498,620499,2,1,0,1
620563,620567,5,4,0,1
620568,620570,3,2,0,1
620618,620621,4,3,0,1
620622,620625,4,1,1,2
620733,620738,6,5,0,1
620762,620766,5,4,0,1
620778,620780,3,2,0,1
620838,620843,6,5,0,1
620847,620852,6,4,0,2
620857,620862,6,5,0,1
620898,620900,3,2,0,1
620914,620916,3,2,0,1
620930,620935,6,5,0,1
620951,620956,6,5,0,1
621037,621039,3,2,0,1
621114,621116,3,2,0,1
621129,621134,6,5,0,1
621141,621146,6,5,0,1
621166,621167,2,1,0,1
621168,621169,2,1,0,1
621172,621175,4,2,1,1
621204,621209,6,5,0,1
621219,621221,3,2,0,1
621222,621224,3,2,0,1
621245,621251,7,5,1,1
621264,621267,4,3,0,1
621271,621272,2,1,0,1
621273,621279,7,4,2,1
621294,621299,6,5,0,1
621300,621301,2,1,0,1
621331,621333,3,2,0,1
621340,621342,3,2,0,1
621343,621346,4,3,0,1
621381,621382,2,1,0,1
621384,621387,4,1,2,1
621406,621411,6,5,0,1
621427,621432,6,5,0,1
621464,621469,6,5,0,1
621493,621496,4,3,0,1
621499,621502,4,3,0,1
621525,621530,6,5,0,1
621616,621621,6,5,0,1
621651,621652,2,1,0,1
621658,621663,6,5,0,1
621709,621715,7,5,1,1
621753,621755,3,2,0,1
621767,621772,6,5,0,1
621848,621852,5,3,1,1
621868,621872,5,3,1,1
621907,621912,6,5,0,1
621955,621957,3,2,0,1
621981,621983,3,2,0,1
622019,622024,6,5,0,1
622042,622043,2,1,0,1
622079,622085,7,5,1,1
622115,622120,6,5,0,1
622148,622151,4,3,0,1
622164,622169,6,5,0,1
622189,622190,2,1,0,1
622234,622235,2,1,0,1
622275,622276,2,1,0,1
622290,622295,6,5,0,1
622296,622298,3,2,0,1
622362,622367,6,5,0,1
622376,622378,3,2,0,1
622430,622431,2,1,0,1
622432,622434,3,2,0,1
622489,622494,6,5,0,1
622496,622497,2,1,0,1
622560,622565,6,5,0,1
622588,622589,2,1,0,1
622620,622623,4,3,0,1
622624,622628,5,4,0,1
622681,622683,3,2,0,1
622781,622786,6,5,0,1
622816,622821,6,5,0,1
622853,622857,5,4,0,1
622868,622869,2,1,0,1
622948,622952,5,4,0,1
622953,622957,5,4,0,1
622958,622960,3,1,1,1
623013,623017,5,4,0,1
623018,623023,6,5,0,1
623033,623038,6,5,0,1
623040,623043,4,3,0,1
623044,623050,7,5,1,1
623093,623095,3,1,0,2
623126,623131,6,5,0,1
623151,623152,2,1,0,1
623178,623181,4,3,0,1
623182,623187,6,5,0,1
623189,623191,3,1,1,1
623248,623249,2,1,0,1
623258,623263,6,4,1,1
623344,623350,7,5,1,1
623351,623353,3,1,0,2
623354,623358,5,4,0,1
623361,623366,6,5,0,1
623414,623415,2,1,0,1
623515,623518,4,2,1,1
623546,623552,7,5,1,1
623569,623574,6,5,0,1
623590,623593,4,2,1,1
623638,623641,4,3,0,1
623651,623655,5,4,0,1
623680,623685,6,5,0,1
623787,623788,2,1,0,1
623789,623790,2,1,0,1
623793,623795,3,1,0,2
623796,623798,3,2,0,1
623799,623800,2,1,0,1
623899,623900,2,1,0,1
623918,623924,7,5,1,1
623925,623926,2,1,0,1
623942,623946,5,3,1,1
623947,623949,3,2,0,1
624010,624011,2,1,0,1
624018,624024,7,5,1,1
624041,624044,4,3,0,1
624061,624063,3,2,0,1
624195,624200,6,5,0,1
624229,624233,5,4,0,1
624234,624239,6,5,0,1
624255,624261,7,5,1,1
624291,624292,2,1,0,1
624308,624314,7,5,1,1
624330,624332,3,2,0,1
624352,624354,3,2,0,1
624374,624379,6,5,0,1
624392,624393,2,1,0,1
624418,624424,7,4,2,1
624531,624533,3,2,0,1
624538,624544,7,5,1,1
624551,624556,6,5,0,1
624589,624593,5,3,1,1
624594,624596,3,2,0,1
624628,624629,2,1,0,1
624687,624692,6,5,0,1
624754,624760,7,5,1,1
624793,624798,6,5,0,1
624850,624851,2,1,0,1
624866,624870,5,4,0,1
624926,624929,4,2,1,1
624946,624953,8,5,2,1
624992,624997,6,4,0,2
625039,625042,4,1,1,2
625043,625045,3,1,1,1
625056,625057,2,1,0,1
625058,625064,7,5,0,2
625133,625137,5,4,0,1
625197,625201,5,4,0,1
625271,625276,6,5,0,1
625306,625310,5,4,0,1
625356,625357,2,1,0,1
625440,625442,3,1,1,1
625483,625488,6,3,2,1
625610,625613,4,3,0,1
625620,625621,2,1,0,1
625633,625636,4,3,0,1
625649,625651,3,1,1,1
625681,625686,6,5,0,1
625864,625867,4,3,0,1
625898,625899,2,1,0,1
625945,625949,5,4,0,1
625958,625963,6,5,0,1
625981,625986,6,5,0,1
625991,625996,6,5,0,1
626004,626008,5,4,0,1
626020,626025,6,5,0,1
626121,626125,5,4,0,1
626167,626171,5,1,2,2
626174,626179,6,5,0,1
626196,626198,3,1,1,1
626205,626206,2,1,0,1
626207,626208,2,1,0,1
626214,626219,6,5,0,1
626276,626278,3,2,0,1
626288,626294,7,5,1,1
626344,626349,6,5,0,1
626350,626356,7,5,1,1
626363,626365,3,1,1,1
626373,626378,6,5,0,1
626403,626405,3,2,0,1
626418,626420,3,2,0,1
626503,626505,3,1,1,1
626515,626520,6,5,0,1
626521,626522,2,1,0,1
626540,626543,4,3,0,1
626558,626560,3,2,0,1
626580,626581,2,1,0,1
626616,626621,6,5,0,1
626634,626639,6,5,0,1
626661,626664,4,3,0,1
626697,626702,6,4,1,1
626706,626710,5,1,3,1
626727,626732,6,5,0,1
626754,626759,6,5,0,1
626760,626762,3,1,1,1
626781,626782,2,1,0,1
626802,626807,6,5,0,1
626827,626832,6,5,0,1
626854,626857,4,1,2,1
626864,626867,4,3,0,1
626889,626893,5,4,0,1
626920,626926,7,5,1,1
626943,626948,6,5,0,1
626975,626976,2,1,0,1
626977,626980,4,3,0,1
627011,627014,4,2,0,2
627017,627019,3,2,0,1
627040,627041,2,1,0,1
627042,627043,2,1,0,1
627068,627069,2,1,0,1
627085,627087,3,2,0,1
627100,627104,5,4,0,1
627128,627130,3,2,0,1
627133,627135,3,1,1,1
627152,627153,2,1,0,1
627167,627170,4,2,1,1
627179,627182,4,3,0,1
627209,627214,6,5,0,1
627235,627238,4,3,0,1
627241,627245,5,4,0,1
627268,627273,6,5,0,1
627274,627279,6,2,3,1
627304,627305,2,1,0,1
627313,627314,2,1,0,1
627333,627336,4,3,0,1
627355,627360,6,5,0,1
627368,627370,3,2,0,1
627372,627375,4,3,0,1
627396,627403,8,5,2,1
627415,627420,6,4,1,1
627421,627423,3,2,0,1
627452,627457,6,5,0,1
627459,627465,7,5,0,2
627466,627470,5,4,0,1
627474,627476,3,2,0,1
627519,627520,2,1,0,1
627546,627551,6,5,0,1
627574,627576,3,2,0,1
627603,627609,7,5,1,1
627637,627642,6,5,0,1
627643,627644,2,1,0,1
627649,627655,7,5,1,1
627679,627681,3,2,0,1
627682,627684,3,2,0,1
627722,627727,6,5,0,1
627728,627734,7,3,3,1
627779,627783,5,2,2,1
627814,627819,6,5,0,1
627823,627828,6,5,0,1
627890,627895,6,5,0,1
627918,627919,2,1,0,1
627933,627935,3,2,0,1
628024,628028,5,4,0,1
628051,628054,4,3,0,1
628097,628103,7,5,1,1
628135,628138,4,3,0,1
628139,628140,2,1,0,1
628176,628180,5,4,0,1
628181,628183,3,2,0,1
628206,628209,4,3,0,1
628241,628247,7,4,2,1
628266,628268,3,2,0,1
628362,628363,2,1,0,1
628395,628397,3,1,1,1
628398,628399,2,1,0,1
628429,628431,3,2,0,1
628464,628465,2,1,0,1
628516,628520,5,2,2,1
628600,628603,4,3,0,1
628613,628616,4,3,0,1
628660,628664,5,4,0,1
628665,628669,5,4,0,1
628702,628708,7,5,1,1
628714,628719,6,5,0,1
628726,628727,2,1,0,1
628761,628765,5,4,0,1
628775,628780,6,4,1,1
628785,628787,3,2,0,1
628796,628798,3,2,0,1
628799,628803,5,3,1,1
628813,628814,2,1,0,1
628815,628816,2,1,0,1
628833,628839,7,5,1,1
628862,628865,4,2,0,2
628885,628887,3,2,0,1
628892,628897,6,5,0,1
628906,628908,3,2,0,1
629007,629008,2,1,0,1
629009,629010,2,1,0,1
629017,629018,2,1,0,1
629037,629042,6,5,0,1
629132,629134,3,2,0,1
629138,629143,6,5,0,1
629147,629149,3,1,1,1
629167,629174,8,5,2,1
629203,629208,6,5,0,1
629236,629237,2,1,0,1
629242,629247,6,5,0,1
629268,629272,5,3,1,1
629280,629283,4,3,0,1
629314,629318,5,3,1,1
629339,629342,4,3,0,1
629344,629346,3,2,0,1
629350,629352,3,2,0,1
629374,629376,3,2,0,1
629408,629409,2,1,0,1
629439,629441,3,2,0,1
629486,629488,3,2,0,1
629499,629501,3,2,0,1
629547,629554,8,5,2,1
629571,629573,3,1,0,2
629638,629643,6,5,0,1
629695,629698,4,3,0,1
629736,629738,3,2,0,1
629741,629743,3,2,0,1
629750,629758,9,5,3,1
629777,629778,2,1,0,1
629800,629801,2,1,0,1
629803,629806,4,3,0,1
629816,629821,6,5,0,1
629831,629836,6,5,0,1
629867,629870,4,3,0,1
629874,629875,2,1,0,1
629896,629899,4,2,1,1
629908,629914,7,5,1,1
629925,629927,3,1,1,1
629944,629949,6,5,0,1
629981,629982,2,1,0,1
629993,629994,2,1,0,1
629995,629996,2,1,0,1
630035,630041,7,5,1,1
630075,630079,5,3,1,1
630094,630098,5,4,0,1
630107,630111,5,4,0,1
630127,630129,3,2,0,1
630156,630157,2,1,0,1
630178,630182,5,3,0,2
630197,630198,2,1,0,1
630212,630215,4,3,0,1
630224,630225,2,1,0,1
630237,630238,2,1,0,1
630243,630245,3,2,0,1
630263,630265,3,1,1,1
630284,630288,5,4,0,1
630381,630387,7,5,0,2
630394,630396,3,2,0,1
630441,630446,6,5,0,1
630447,630450,4,1,2,1
630499,630502,4,3,0,1
630506,630507,2,1,0,1
630510,630512,3,2,0,1
630541,630543,3,1,1,1
630605,630607,3,1,0,2
630615,630620,6,5,0,1
630703,630705,3,2,0,1
630708,630712,5,4,0,1
630752,630757,6,5,0,1
630768,630769,2,1,0,1
630813,630816,4,3,0,1
630821,630826,6,5,0,1
630844,630846,3,1,1,1
630883,630889,7,5,1,1
630890,630893,4,3,0,1
630895,630899,5,4,0,1
630906,630911,6,5,0,1
630919,630928,10,5,4,1
630954,630960,7,5,1,1
630971,630976,6,5,0,1
630977,630978,2,1,0,1
630981,630986,6,5,0,1
631000,631001,2,1,0,1
631004,631009,6,5,0,1
631010,631014,5,3,1,1
631017,631020,4,3,0,1
631095,631100,6,5,0,1
631105,631108,4,2,1,1
631117,631119,3,1,1,1
631122,631128,7,5,1,1
631229,631234,6,5,0,1
631240,631243,4,2,1,1
631263,631265,3,2,0,1
631273,631276,4,2,1,1
631277,631280,4,3,0,1
631284,631286,3,2,0,1
631305,631309,5,4,0,1
631368,631370,3,1,0,2
631409,631412,4,3,0,1
631413,631417,5,4,0,1
631439,631444,6,4,0,2
631479,631484,6,5,0,1
631528,631532,5,3,1,1
631552,631553,2,1,0,1
631558,631564,7,4,2,1
631606,631608,3,2,0,1
631644,631651,8,5,1,2
631869,631873,5,3,1,1
631881,631884,4,3,0,1
631915,631918,4,2,1,1
631946,631947,2,1,0,1
631949,631951,3,1,1,1
631956,631962,7,2,4,1
631983,631988,6,2,3,1
631995,631999,5,3,1,1
632034,632037,4,3,0,1
632079,632083,5,4,0,1
632102,632107,6,5,0,1
632112,632116,5,4,0,1
632145,632151,7,5,1,1
632196,632200,5,3,1,1
632213,632214,2,1,0,1
632221,632226,6,5,0,1
632236,632237,2,1,0,1
632243,632246,4,3,0,1
632342,632345,4,3,0,1
632354,632355,2,1,0,1
632364,632366,3,2,0,1
632390,632391,2,1,0,1
632406,632411,6,5,0,1
632422,632424,3,2,0,1
632478,632481,4,3,0,1
632546,632551,6,5,0,1
632552,632554,3,2,0,1
632557,632560,4,2,1,1
632617,632619,3,2,0,1
632638,632639,2,1,0,1
632645,632650,6,5,0,1
632660,632662,3,2,0,1
632693,632694,2,1,0,1
632732,632735,4,3,0,1
632750,632756,7,5,1,1
632768,632773,6,5,0,1
632789,632791,3,2,0,1
632858,632861,4,3,0,1
632889,632893,5,2,2,1
632894,632896,3,1,1,1
632898,632899,2,1,0,1
632915,632918,4,3,0,1
632919,632920,2,1,0,1
632926,632932,7,4,2,1
632940,632946,7,5,1,1
633007,633012,6,5,0,1
633018,633023,6,5,0,1
633035,633036,2,1,0,1
633068,633073,6,3,2,1
633079,633080,2,1,0,1
633084,633087,4,3,0,1
633149,633152,4,2,0,2
633209,633211,3,1,1,1
633212,633216,5,3,1,1
633267,633268,2,1,0,1
633269,633271,3,2,0,1
633272,633275,4,3,0,1
633301,633302,2,1,0,1
633333,633338,6,5,0,1
633401,633405,5,4,0,1
633422,633426,5,2,2,1
633435,633442,8,5,2,1
633462,633466,5,2,2,1
633490,633491,2,1,0,1
633498,633499,2,1,0,1
633512,633517,6,5,0,1
633541,633543,3,2,0,1
633558,633563,6,5,0,1
633594,633599,6,5,0,1
633621,633624,4,3,0,1
633653,633656,4,2,1,1
633670,633671,2,1,0,1
633692,633696,5,4,0,1
633697,633698,2,1,0,1
633711,633714,4,1,2,1
633728,633729,2,1,0,1
633749,633750,2,1,0,1
633753,633757,5,4,0,1
633759,633763,5,4,0,1
633816,633819,4,3,0,1
633863,633864,2,1,0,1
633893,633898,6,5,0,1
633914,633915,2,1,0,1
633926,633928,3,2,0,1
633948,633951,4,2,0,2
634008,634009,2,1,0,1
634017,634023,7,5,1,1
634086,634087,2,1,0,1
634107,634111,5,2,1,2
634122,634125,4,3,0,1
634126,634127,2,1,0,1
634143,634148,6,4,1,1
634149,634156,8,5,2,1
634163,634164,2,1,0,1
634174,634179,6,5,0,1
634180,634181,2,1,0,1
634182,634186,5,3,1,1
634218,634219,2,1,0,1
634220,634221,2,1,0,1
634222,634226,5,3,1,1
634274,634276,3,2,0,1
634370,634371,2,1,0,1
634402,634408,7,5,1,1
634415,634416,2,1,0,1
634417,634420,4,1,0,3
634421,634424,4,3,0,1
634431,634436,6,5,0,1
634471,634476,6,5,0,1
634491,634492,2,1,0,1
634493,634497,5,3,0,2
634528,634530,3,1,1,1
634563,634565,3,2,0,1
634571,634576,6,5,0,1
634583,634588,6,5,0,1
634596,634597,2,1,0,1
634618,634622,5,3,1,1
634694,634696,3,2,0,1
634729,634735,7,5,1,1
634774,634775,2,1,0,1
634782,634785,4,3,0,1
634786,634789,4,2,1,1
634804,634807,4,2,1,1
634810,634816,7,5,1,1
634829,634831,3,2,0,1
634871,634874,4,3,0,1
634931,634935,5,4,0,1
634939,634942,4,2,1,1
634943,634948,6,5,0,1
634951,634956,6,5,0,1
634985,634988,4,2,1,1
635008,635009,2,1,0,1
635015,635016,2,1,0,1
635021,635025,5,2,2,1
635033,635036,4,3,0,1
635041,635042,2,1,0,1
635078,635079,2,1,0,1
635104,635107,4,2,1,1
635117,635122,6,5,0,1
635131,635137,7,5,1,1
635160,635163,4,3,0,1
635230,635235,6,4,1,1
635240,635244,5,4,0,1
635247,635248,2,1,0,1
635275,635279,5,4,0,1
635302,635308,7,5,1,1
635309,635312,4,2,1,1
635328,635329,2,1,0,1
635373,635379,7,5,1,1
635409,635413,5,3,1,1
635426,635429,4,2,1,1
635439,635444,6,5,0,1
635445,635448,4,3,0,1
635450,635452,3,1,1,1
635460,635464,5,3,1,1
635476,635478,3,2,0,1
635481,635486,6,5,0,1
635494,635498,5,3,1,1
635508,635511,4,1,2,1
635529,635531,3,2,0,1
635542,635546,5,2,2,1
635547,635552,6,3,2,1
635590,635595,6,5,0,1
635622,635627,6,3,1,2
635628,635633,6,5,0,1
635650,635654,5,1,3,1
635660,635662,3,2,0,1
635671,635677,7,5,1,1
635686,635688,3,1,1,1
635736,635737,2,1,0,1
635772,635777,6,5,0,1
635779,635780,2,1,0,1
635781,635784,4,3,0,1
635785,635788,4,1,1,2
635789,635790,2,1,0,1
635833,635834,2,1,0,1
635837,635841,5,4,0,1
635843,635846,4,3,0,1
635866,635868,3,2,0,1
635881,635884,4,3,0,1
635895,635897,3,2,0,1
635934,635937,4,1,2,1
635942,635944,3,2,0,1
635954,635959,6,5,0,1
635975,635977,3,1,0,2
636024,636026,3,2,0,1
636072,636077,6,4,1,1
636081,636085,5,4,0,1
636086,636087,2,1,0,1
636118,636119,2,1,0,1
636122,636123,2,1,0,1
636132,636138,7,5,0,2
636142,636144,3,2,0,1
636145,636147,3,2,0,1
636150,636151,2,1,0,1
636153,636155,3,2,0,1
636263,636268,6,5,0,1
636277,636282,6,5,0,1
636283,636286,4,3,0,1
636333,636338,6,5,0,1
636348,636351,4,3,0,1
636367,636369,3,2,0,1
636398,636400,3,2,0,1
636415,636417,3,2,0,1
636439,636444,6,5,0,1
636445,636447,3,2,0,1
636462,636463,2,1,0,1
636464,636467,4,2,0,2
636473,636478,6,5,0,1
636484,636489,6,5,0,1
636798,636800,3,1,1,1
636858,636859,2,1,0,1
636901,636902,2,1,0,1
636980,636981,2,1,0,1
637126,637128,3,1,0,2
637133,637134,2,1,0,1
637140,637141,2,1,0,1
637207,637210,4,1,1,2
637267,637269,3,1,1,1
637313,637315,3,1,1,1
637603,637607,5,1,3,1
637682,637688,7,4,2,1
637715,637721,7,1,4,2
637724,637726,3,1,0,2
637778,637780,3,1,1,1
637828,637830,3,1,1,1
637857,637863,7,1,4,2
637865,637869,5,1,3,1
637876,637877,2,1,0,1
637891,637893,3,2,0,1
638047,638049,3,1,0,2
638096,638100,5,2,2,1
638109,638112,4,3,0,1
638155,638159,5,3,1,1
638268,638270,3,2,0,1
638306,638308,3,1,1,1
638328,638329,2,1,0,1
638460,638461,2,1,0,1
638530,638533,4,1,2,1
638655,638656,2,1,0,1
638679,638683,5,1,3,1
638697,638698,2,1,0,1
638728,638729,2,1,0,1
638778,638780,3,1,0,2
638781,638784,4,3,0,1
638826,638831,6,1,4,1
638919,638927,9,1,7,1
639104,639105,2,1,0,1
639138,639142,5,2,2,1
639169,639171,3,1,1,1
639176,639181,6,1,4,1
639213,639215,3,1,1,1
639219,639220,2,1,0,1
639280,639281,2,1,0,1
639377,639379,3,1,1,1
639493,639495,3,1,1,1
639501,639503,3,1,1,1
639576,639577,2,1,0,1
639680,639686,7,1,1,5
639714,639715,2,1,0,1
639734,639739,6,2,3,1
639869,639871,3,1,1,1
639928,639931,4,1,2,1
639966,639968,3,1,1,1
640004,640010,7,1,5,1
640027,640028,2,1,0,1
640104,640110,7,1,3,3
640174,640175,2,1,0,1
640178,640180,3,1,1,1
640188,640191,4,2,0,2
640213,640215,3,1,0,2
640216,640218,3,1,0,2
640232,640233,2,1,0,1
640282,640285,4,1,2,1
640660,640661,2,1,0,1
640674,640675,2,1,0,1
640726,640727,2,1,0,1
640733,640734,2,1,0,1
640761,640762,2,1,0,1
640792,640796,5,2,2,1
640832,640839,8,1,4,3
640842,640847,6,1,3,2
640872,640875,4,1,2,1
640938,640940,3,1,0,2
640957,640961,5,4,0,1
640966,640971,6,4,1,1
641051,641052,2,1,0,1
641076,641077,2,1,0,1
641202,641204,3,1,0,2
641254,641256,3,1,1,1
641268,641269,2,1,0,1
641271,641273,3,1,0,2
641305,641308,4,3,0,1
641357,641359,3,1,1,1
641378,641382,5,1,0,4
641395,641397,3,1,1,1
641432,641433,2,1,0,1
641618,641619,2,1,0,1
641724,641725,2,1,0,1
641956,641960,5,3,1,1
642227,642234,8,1,6,1
642255,642258,4,2,1,1
642260,642266,7,1,3,3
642270,642275,6,1,4,1
642343,642344,2,1,0,1
642351,642354,4,1,2,1
642381,642389,9,1,7,1
642454,642461,8,2,5,1
642465,642466,2,1,0,1
642476,642480,5,2,2,1
642545,642550,6,5,0,1
642602,642604,3,1,1,1
642614,642618,5,1,3,1
642624,642626,3,2,0,1
642655,642657,3,1,1,1
642684,642685,2,1,0,1
642695,642696,2,1,0,1
642700,642703,4,2,0,2
643041,643043,3,1,1,1
643156,643159,4,3,0,1
643161,643163,3,1,0,2
643173,643176,4,3,0,1
643185,643186,2,1,0,1
643214,643215,2,1,0,1
643216,643219,4,1,2,1
643251,643252,2,1,0,1
643269,643270,2,1,0,1
643359,643361,3,1,1,1
643368,643370,3,1,0,2
643389,643390,2,1,0,1
644059,644060,2,1,0,1
644061,644063,3,1,0,2
644186,644187,2,1,0,1
644213,644215,3,2,0,1
644218,644222,5,3,1,1
644223,644231,9,5,1,3
644278,644281,4,1,0,3
644381,644388,8,2,5,1
644562,644563,2,1,0,1
644621,644624,4,1,1,2
644637,644648,12,5,6,1
644700,644701,2,1,0,1
644706,644707,2,1,0,1
644728,644729,2,1,0,1
644742,644745,4,1,1,2
644756,644758,3,1,1,1
644774,644775,2,1,0,1
644792,644793,2,1,0,1
644799,644800,2,1,0,1
644828,644829,2,1,0,1
644848,644849,2,1,0,1
644851,644852,2,1,0,1
644864,644866,3,1,1,1
644867,644868,2,1,0,1
644873,644874,2,1,0,1
644885,644890,6,3,1,2
644907,644911,5,2,0,3
644913,644914,2,1,0,1
644917,644919,3,1,1,1
644931,644933,3,2,0,1
644944,644948,5,2,0,3
644958,644959,2,1,0,1
644977,644980,4,1,2,1
645007,645009,3,1,0,2
645297,645298,2,1,0,1
645443,645444,2,1,0,1
645451,645452,2,1,0,1
645460,645461,2,1,0,1
645508,645509,2,1,0,1
645679,645681,3,1,0,2
645710,645711,2,1,0,1
645845,645846,2,1,0,1
645852,645855,4,1,1,2
645897,645899,3,1,1,1
645944,645947,4,1,1,2
645960,645961,2,1,0,1
646031,646032,2,1,0,1
646036,646037,2,1,0,1
646067,646068,2,1,0,1
646106,646107,2,1,0,1
646159,646160,2,1,0,1
646175,646179,5,3,1,1
646227,646229,3,1,1,1
646239,646241,3,2,0,1
646245,646247,3,1,1,1
646311,646312,2,1,0,1
646326,646328,3,2,0,1
646331,646336,6,2,1,3
646454,646458,5,1,3,1
646863,646864,2,1,0,1
646977,646980,4,1,1,2
647102,647103,2,1,0,1
647405,647406,2,1,0,1
647417,647418,2,1,0,1
647737,647741,5,1,2,2
647984,647986,3,1,0,2
648055,648056,2,1,0,1
648180,648182,3,1,1,1
648188,648189,2,1,0,1
648209,648210,2,1,0,1
648269,648271,3,1,0,2
648289,648291,3,1,0,2
648323,648324,2,1,0,1
648325,648326,2,1,0,1
648341,648346,6,2,2,2
648418,648423,6,1,0,5
648424,648425,2,1,0,1
648482,648484,3,2,0,1
648510,648511,2,1,0,1
648512,648513,2,1,0,1
648530,648535,6,1,3,2
648543,648544,2,1,0,1
648597,648600,4,3,0,1
648611,648612,2,1,0,1
648659,648661,3,2,0,1
648679,648682,4,1,2,1
648687,648692,6,1,3,2
648702,648703,2,1,0,1
648706,648708,3,1,0,2
648731,648733,3,1,1,1
648740,648743,4,1,1,2
648769,648773,5,3,1,1
648812,648813,2,1,0,1
648824,648826,3,1,0,2
648828,648832,5,1,2,2
648845,648846,2,1,0,1
648868,648873,6,2,2,2
648887,648888,2,1,0,1
648907,648908,2,1,0,1
648918,648919,2,1,0,1
648925,648927,3,1,1,1
648934,648936,3,1,0,2
648963,648964,2,1,0,1
648979,648980,2,1,0,1
649059,649061,3,1,0,2
649062,649066,5,1,0,4
649068,649070,3,1,0,2
649108,649109,2,1,0,1
649114,649118,5,1,2,2
649143,649145,3,1,1,1
649165,649167,3,2,0,1
649175,649176,2,1,0,1
649195,649196,2,1,0,1
649205,649206,2,1,0,1
649211,649212,2,1,0,1
649221,649222,2,1,0,1
649231,649233,3,1,1,1
649239,649240,2,1,0,1
649250,649252,3,1,0,2
649257,649259,3,1,0,2
649274,649276,3,1,0,2
649293,649295,3,1,1,1
649310,649311,2,1,0,1
649317,649318,2,1,0,1
649340,649342,3,1,0,2
649352,649353,2,1,0,1
649356,649358,3,1,1,1
649389,649390,2,1,0,1
649413,649415,3,1,0,2
649431,649432,2,1,0,1
649445,649450,6,1,4,1
649487,649489,3,1,1,1
649535,649540,6,2,2,2
649557,649559,3,1,1,1
649600,649602,3,1,0,2
649624,649626,3,1,0,2
649645,649653,9,4,4,1
649656,649659,4,1,1,2
649778,649779,2,1,0,1
649795,649797,3,2,0,1
649885,649887,3,1,1,1
649901,649904,4,1,1,2
649953,649955,3,1,1,1
649965,649966,2,1,0,1
650069,650070,2,1,0,1
650089,650091,3,1,1,1
650094,650095,2,1,0,1
650114,650116,3,1,0,2
650146,650147,2,1,0,1
650223,650224,2,1,0,1
650237,650239,3,2,0,1
650249,650253,5,1,1,3
650288,650290,3,1,1,1
650310,650314,5,1,2,2
650376,650377,2,1,0,1
650396,650397,2,1,0,1
650449,650450,2,1,0,1
650474,650475,2,1,0,1
650486,650487,2,1,0,1
650503,650505,3,1,1,1
650524,650526,3,1,1,1
650548,650549,2,1,0,1
650551,650552,2,1,0,1
650613,650616,4,3,0,1
650639,650641,3,1,0,2
650643,650648,6,2,3,1
650679,650681,3,1,1,1
650691,650696,6,1,4,1
650705,650707,3,1,0,2
650728,650732,5,1,1,3
650750,650751,2,1,0,1
650792,650793,2,1,0,1
650814,650817,4,1,2,1
650837,650840,4,1,2,1
650868,650869,2,1,0,1
650922,650924,3,1,0,2
650977,650982,6,1,2,3
650988,650991,4,1,2,1
650997,650998,2,1,0,1
651013,651015,3,2,0,1
651033,651034,2,1,0,1
651040,651041,2,1,0,1
651058,651059,2,1,0,1
651117,651120,4,1,2,1
651126,651129,4,1,0,3
651255,651256,2,1,0,1
651294,651298,5,2,1,2
651310,651313,4,1,2,1
651349,651350,2,1,0,1
651415,651418,4,1,2,1
651505,651508,4,1,2,1
651538,651539,2,1,0,1
651600,651601,2,1,0,1
651602,651606,5,1,0,4
651610,651612,3,1,0,2
651651,651652,2,1,0,1
651675,651676,2,1,0,1
651692,651693,2,1,0,1
651777,651778,2,1,0,1
651806,651813,8,2,4,2
651830,651832,3,1,1,1
651871,651872,2,1,0,1
651887,651889,3,1,0,2
651890,651892,3,1,0,2
651893,651894,2,1,0,1
651899,651900,2,1,0,1
651922,651923,2,1,0,1
651993,651997,5,3,1,1
652022,652023,2,1,0,1
652035,652037,3,1,1,1
652064,652065,2,1,0,1
652138,652141,4,1,1,2
652157,652160,4,1,0,3
652179,652181,3,1,0,2
652212,652213,2,1,0,1
652259,652260,2,1,0,1
652314,652319,6,2,1,3
652368,652369,2,1,0,1
652425,652427,3,2,0,1
652451,652454,4,1,2,1
652477,652480,4,1,1,2
652502,652504,3,1,1,1
652510,652513,4,1,2,1
652631,652635,5,2,2,1
652703,652704,2,1,0,1
652782,652784,3,1,1,1
652811,652812,2,1,0,1
652838,652844,7,1,4,2
652852,652856,5,1,2,2
652884,652885,2,1,0,1
652947,652951,5,2,1,2
652960,652963,4,2,1,1
652977,652979,3,1,1,1
652994,652996,3,2,0,1
653055,653058,4,1,2,1
653094,653098,5,1,3,1
653142,653144,3,1,0,2
653154,653159,6,1,0,5
653180,653181,2,1,0,1
653184,653185,2,1,0,1
653207,653208,2,1,0,1
653220,653222,3,1,1,1
653261,653262,2,1,0,1
653300,653304,5,1,3,1
653315,653316,2,1,0,1
653530,653531,2,1,0,1
653557,653559,3,1,0,2
653579,653582,4,1,1,2
653644,653645,2,1,0,1
653678,653680,3,1,1,1
653707,653710,4,3,0,1
653713,653715,3,1,1,1
653731,653732,2,1,0,1
653733,653738,6,2,1,3
653785,653789,5,2,2,1
653798,653802,5,3,1,1
653819,653820,2,1,0,1
653825,653829,5,2,1,2
653853,653855,3,1,0,2
653857,653861,5,1,3,1
653911,653914,4,2,0,2
653926,653927,2,1,0,1
653961,653963,3,1,0,2
653992,653994,3,1,0,2
653996,653997,2,1,0,1
654039,654041,3,1,1,1
654062,654067,6,2,3,1
654072,654073,2,1,0,1
654074,654077,4,1,2,1
654085,654087,3,1,1,1
654118,654120,3,2,0,1
654145,654146,2,1,0,1
654167,654176,10,2,0,8
654200,654203,4,2,1,1
654499,654500,2,1,0,1
654531,654532,2,1,0,1
654632,654634,3,1,0,2
654641,654642,2,1,0,1
654648,654649,2,1,0,1
654655,654658,4,2,1,1
654664,654667,4,1,2,1
654670,654671,2,1,0,1
654674,654675,2,1,0,1
654680,654682,3,2,0,1
654711,654712,2,1,0,1
654744,654748,5,1,2,2
654753,654756,4,1,2,1
654766,654768,3,1,1,1
654773,654779,7,2,4,1
654792,654793,2,1,0,1
654811,654814,4,2,1,1
654816,654818,3,1,0,2
654820,654821,2,1,0,1
654832,654837,6,1,3,2
654853,654855,3,1,1,1
654856,654862,7,2,3,2
654884,654886,3,1,1,1
654887,654888,2,1,0,1
654917,654918,2,1,0,1
654919,654920,2,1,0,1
654945,654947,3,1,1,1
654949,654951,3,1,1,1
654959,654960,2,1,0,1
654983,654987,5,2,2,1
655008,655010,3,1,0,2
655022,655023,2,1,0,1
655042,655048,7,1,5,1
655050,655052,3,2,0,1
655075,655078,4,1,1,2
655084,655085,2,1,0,1
655123,655124,2,1,0,1
655145,655149,5,1,1,3
655168,655169,2,1,0,1
655177,655179,3,1,1,1
655212,655213,2,1,0,1
655214,655217,4,1,1,2
655247,655248,2,1,0,1
655259,655261,3,1,0,2
655278,655280,3,1,1,1
655326,655327,2,1,0,1
655349,655352,4,1,2,1
655357,655361,5,1,1,3
655362,655363,2,1,0,1
655364,655367,4,1,1,2
655391,655393,3,1,0,2
655394,655395,2,1,0,1
655403,655404,2,1,0,1
655424,655426,3,2,0,1
655434,655436,3,2,0,1
655441,655443,3,1,1,1
655453,655456,4,3,0,1
655457,655459,3,1,0,2
655472,655474,3,1,0,2
655483,655488,6,3,2,1
655489,655491,3,2,0,1
655530,655532,3,1,0,2
655544,655545,2,1,0,1
655552,655554,3,1,1,1
655559,655560,2,1,0,1
655573,655575,3,2,0,1
655581,655583,3,1,1,1
655610,655611,2,1,0,1
655613,655614,2,1,0,1
655626,655628,3,1,1,1
655635,655637,3,1,0,2
655644,655647,4,2,0,2
655659,655661,3,1,1,1
655662,655664,3,1,0,2
655698,655699,2,1,0,1
655710,655712,3,1,0,2
655718,655720,3,2,0,1
655722,655723,2,1,0,1
655725,655727,3,2,0,1
655739,655741,3,2,0,1
655751,655753,3,2,0,1
655761,655764,4,1,2,1
655772,655774,3,1,1,1
655788,655789,2,1,0,1
655819,655820,2,1,0,1
655821,655823,3,1,1,1
655826,655828,3,1,0,2
655833,655835,3,1,0,2
655859,655861,3,1,1,1
655867,655869,3,1,0,2
655891,655892,2,1,0,1
655897,655898,2,1,0,1
655904,655906,3,2,0,1
655914,655915,2,1,0,1
655935,655936,2,1,0,1
655938,655940,3,1,1,1
655946,655947,2,1,0,1
655956,655959,4,1,2,1
655961,655962,2,1,0,1
655963,655965,3,2,0,1
655972,655974,3,1,0,2
655979,655981,3,2,0,1
655998,656001,4,1,2,1
656002,656003,2,1,0,1
656006,656008,3,2,0,1
656018,656021,4,1,1,2
656025,656028,4,1,2,1
656044,656045,2,1,0,1
656047,656048,2,1,0,1
656056,656061,6,2,3,1
656067,656070,4,1,0,3
656077,656078,2,1,0,1
656091,656092,2,1,0,1
656123,656124,2,1,0,1
656144,656146,3,1,1,1
656167,656168,2,1,0,1
656171,656172,2,1,0,1
656178,656179,2,1,0,1
656194,656195,2,1,0,1
656197,656198,2,1,0,1
656203,656204,2,1,0,1
656217,656218,2,1,0,1
656225,656228,4,3,0,1
656238,656241,4,1,2,1
656256,656260,5,1,3,1
656269,656272,4,1,0,3
656283,656289,7,2,1,4
656302,656303,2,1,0,1
656308,656310,3,1,0,2
656312,656313,2,1,0,1
656324,656326,3,1,0,2
656328,656329,2,1,0,1
656364,656368,5,1,1,3
656369,656372,4,1,1,2
656374,656375,2,1,0,1
656382,656383,2,1,0,1
656403,656404,2,1,0,1
656405,656406,2,1,0,1
656415,656419,5,3,1,1
656424,656425,2,1,0,1
656430,656431,2,1,0,1
656441,656443,3,1,1,1
656453,656455,3,1,1,1
656461,656467,7,1,4,2
656469,656470,2,1,0,1
656487,656489,3,1,0,2
656491,656494,4,2,1,1
656503,656508,6,3,0,3
656516,656517,2,1,0,1
656529,656531,3,1,0,2
656549,656551,3,1,1,1
656578,656579,2,1,0,1
656607,656608,2,1,0,1
656629,656631,3,1,0,2
656674,656678,5,1,2,2
656692,656696,5,1,3,1
656697,656698,2,1,0,1
656705,656706,2,1,0,1
656714,656716,3,1,0,2
656725,656727,3,2,0,1
656730,656732,3,2,0,1
656745,656746,2,1,0,1
656748,656750,3,1,0,2
656767,656769,3,1,0,2
656785,656786,2,1,0,1
656793,656795,3,2,0,1
656813,656816,4,1,2,1
656832,656834,3,2,0,1
656836,656837,2,1,0,1
656852,656857,6,3,1,2
656863,656865,3,1,1,1
656866,656868,3,2,0,1
656869,656870,2,1,0,1
656878,656879,2,1,0,1
656885,656887,3,1,0,2
656889,656892,4,2,1,1
656905,656906,2,1,0,1
656907,656908,2,1,0,1
656944,656945,2,1,0,1
656998,656999,2,1,0,1
657003,657004,2,1,0,1
657006,657007,2,1,0,1
657012,657013,2,1,0,1
657027,657028,2,1,0,1
657042,657043,2,1,0,1
657074,657075,2,1,0,1
657076,657079,4,2,1,1
657086,657088,3,1,0,2
657091,657097,7,1,4,2
657116,657117,2,1,0,1
657127,657131,5,1,3,1
657142,657143,2,1,0,1
657159,657161,3,1,0,2
657171,657173,3,2,0,1
657189,657192,4,1,0,3
657220,657224,5,2,2,1
657227,657229,3,1,1,1
657232,657235,4,2,1,1
657240,657242,3,1,1,1
657245,657246,2,1,0,1
657251,657252,2,1,0,1
657268,657270,3,2,0,1
657277,657278,2,1,0,1
657283,657285,3,2,0,1
657335,657337,3,1,1,1
657349,657350,2,1,0,1
657376,657377,2,1,0,1
657395,657396,2,1,0,1
657398,657399,2,1,0,1
657403,657404,2,1,0,1
657405,657406,2,1,0,1
657408,657411,4,3,0,1
657412,657414,3,2,0,1
657429,657430,2,1,0,1
657435,657436,2,1,0,1
657439,657441,3,1,1,1
657456,657458,3,1,0,2
657464,657466,3,1,1,1
657468,657472,5,1,0,4
657475,657477,3,1,1,1
657482,657483,2,1,0,1
657501,657504,4,1,2,1
657515,657516,2,1,0,1
657517,657519,3,1,1,1
657531,657532,2,1,0,1
657556,657557,2,1,0,1
657567,657568,2,1,0,1
657576,657578,3,1,1,1
657587,657588,2,1,0,1
657598,657601,4,1,2,1
657616,657617,2,1,0,1
657679,657680,2,1,0,1
657743,657744,2,1,0,1
657782,657783,2,1,0,1
657806,657810,5,2,2,1
657813,657816,4,3,0,1
657818,657819,2,1,0,1
657834,657835,2,1,0,1
657838,657839,2,1,0,1
657842,657845,4,1,0,3
657864,657866,3,2,0,1
657870,657874,5,3,1,1
657876,657877,2,1,0,1
657883,657884,2,1,0,1
657899,657900,2,1,0,1
657909,657911,3,1,1,1
657920,657921,2,1,0,1
657931,657932,2,1,0,1
657972,657974,3,1,0,2
657986,657988,3,1,1,1
657990,657991,2,1,0,1
657992,657994,3,1,1,1
657996,657998,3,2,0,1
658016,658020,5,3,1,1
658025,658028,4,3,0,1
658034,658035,2,1,0,1
658050,658051,2,1,0,1
658062,658064,3,1,0,2
658093,658094,2,1,0,1
658097,658098,2,1,0,1
658107,658110,4,3,0,1
658126,658127,2,1,0,1
658128,658129,2,1,0,1
658148,658151,4,1,2,1
658176,658179,4,2,1,1
658189,658190,2,1,0,1
658223,658226,4,3,0,1
658240,658241,2,1,0,1
658244,658246,3,2,0,1
658274,658275,2,1,0,1
658289,658293,5,2,2,1
658313,658315,3,2,0,1
658333,658335,3,1,0,2
658337,658339,3,1,0,2
658340,658341,2,1,0,1
658351,658353,3,1,1,1
658387,658388,2,1,0,1
658398,658400,3,2,0,1
658418,658421,4,3,0,1
658422,658426,5,1,3,1
658431,658436,6,1,4,1
658442,658448,7,4,2,1
658459,658463,5,2,1,2
658473,658476,4,1,0,3
658485,658487,3,1,1,1
658490,658494,5,1,2,2
658497,658500,4,2,0,2
658535,658538,4,2,0,2
658558,658559,2,1,0,1
658568,658571,4,1,1,2
658590,658591,2,1,0,1
658598,658599,2,1,0,1
658600,658603,4,1,1,2
658610,658613,4,2,1,1
658640,658641,2,1,0,1
658642,658643,2,1,0,1
658652,658653,2,1,0,1
658658,658659,2,1,0,1
658665,658666,2,1,0,1
658677,658678,2,1,0,1
658685,658687,3,2,0,1
658693,658694,2,1,0,1
658723,658726,4,1,2,1
658730,658733,4,2,1,1
658744,658747,4,1,1,2
658755,658756,2,1,0,1
658760,658763,4,1,2,1
658809,658810,2,1,0,1
658812,658815,4,2,1,1
658823,658825,3,2,0,1
658832,658833,2,1,0,1
658836,658839,4,3,0,1
658841,658842,2,1,0,1
658846,658847,2,1,0,1
658848,658849,2,1,0,1
658875,658876,2,1,0,1
658883,658885,3,2,0,1
658899,658901,3,1,0,2
658910,658911,2,1,0,1
658922,658924,3,1,1,1
658925,658927,3,2,0,1
658939,658940,2,1,0,1
658941,658946,6,1,0,5
658972,658973,2,1,0,1
658988,658992,5,1,0,4
659039,659040,2,1,0,1
659049,659050,2,1,0,1
659055,659057,3,2,0,1
659068,659070,3,1,1,1
659105,659107,3,1,0,2
659137,659139,3,1,0,2
659148,659149,2,1,0,1
659154,659155,2,1,0,1
659165,659168,4,1,2,1
659169,659170,2,1,0,1
659177,659179,3,1,1,1
659196,659197,2,1,0,1
659208,659210,3,1,1,1
659251,659255,5,1,3,1
659260,659264,5,3,0,2
659276,659277,2,1,0,1
659279,659283,5,1,3,1
659285,659286,2,1,0,1
659298,659300,3,1,1,1
659311,659313,3,2,0,1
659350,659351,2,1,0,1
659363,659365,3,1,0,2
659372,659373,2,1,0,1
659378,659382,5,4,0,1
659423,659425,3,2,0,1
659426,659428,3,2,0,1
659432,659434,3,1,0,2
659461,659462,2,1,0,1
659469,659471,3,1,0,2
659484,659487,4,2,0,2
659494,659496,3,2,0,1
659498,659503,6,4,1,1
659505,659507,3,1,0,2
659508,659509,2,1,0,1
659518,659519,2,1,0,1
659549,659550,2,1,0,1
659554,659555,2,1,0,1
659578,659579,2,1,0,1
659581,659582,2,1,0,1
659594,659599,6,4,0,2
659603,659604,2,1,0,1
659610,659612,3,2,0,1
659630,659631,2,1,0,1
659638,659640,3,1,0,2
659650,659653,4,1,1,2
659683,659685,3,1,1,1
659689,659693,5,2,0,3
659710,659711,2,1,0,1
659721,659724,4,1,2,1
659738,659741,4,1,2,1
659758,659760,3,1,1,1
659773,659774,2,1,0,1
659786,659787,2,1,0,1
659788,659789,2,1,0,1
659803,659805,3,2,0,1
659806,659807,2,1,0,1
659836,659837,2,1,0,1
659844,659847,4,2,1,1
659848,659849,2,1,0,1
659855,659858,4,2,1,1
659876,659878,3,1,0,2
659895,659896,2,1,0,1
659948,659953,6,1,4,1
659958,659959,2,1,0,1
659987,659990,4,1,2,1
659993,659996,4,1,1,2
659997,659999,3,2,0,1
660011,660012,2,1,0,1
660015,660017,3,1,0,2
660030,660031,2,1,0,1
660039,660041,3,1,1,1
660137,660138,2,1,0,1
660139,660140,2,1,0,1
660141,660142,2,1,0,1
660148,660149,2,1,0,1
660150,660153,4,2,1,1
660161,660162,2,1,0,1
660168,660171,4,2,1,1
660199,660203,5,3,1,1
660213,660214,2,1,0,1
660222,660224,3,1,0,2
660225,660228,4,1,0,3
660231,660233,3,2,0,1
660243,660244,2,1,0,1
660247,660248,2,1,0,1
660263,660264,2,1,0,1
660273,660275,3,1,1,1
660298,660299,2,1,0,1
660347,660348,2,1,0,1
660370,660371,2,1,0,1
660382,660384,3,1,1,1
660423,660424,2,1,0,1
660429,660432,4,1,2,1
660460,660462,3,1,1,1
660467,660468,2,1,0,1
660477,660479,3,2,0,1
660486,660488,3,1,1,1
660505,660507,3,1,1,1
660519,660521,3,1,1,1
660543,660544,2,1,0,1
660546,660547,2,1,0,1
660557,660559,3,1,0,2
660562,660564,3,1,1,1
660587,660591,5,1,3,1
660594,660596,3,1,1,1
660602,660604,3,2,0,1
660605,660607,3,1,1,1
660611,660615,5,2,0,3
660619,660622,4,2,0,2
660634,660635,2,1,0,1
660638,660639,2,1,0,1
660641,660642,2,1,0,1
660676,660678,3,2,0,1
660683,660685,3,1,1,1
660690,660691,2,1,0,1
660719,660721,3,2,0,1
660722,660723,2,1,0,1
660726,660727,2,1,0,1
660733,660737,5,3,1,1
660758,660759,2,1,0,1
660782,660784,3,1,1,1
660793,660796,4,1,1,2
660816,660817,2,1,0,1
660818,660820,3,1,1,1
660847,660850,4,1,2,1
660872,660873,2,1,0,1
660888,660889,2,1,0,1
660905,660906,2,1,0,1
660949,660951,3,2,0,1
660987,660988,2,1,0,1
661026,661028,3,1,1,1
661043,661046,4,3,0,1
661055,661056,2,1,0,1
661073,661074,2,1,0,1
661089,661093,5,2,2,1
661105,661106,2,1,0,1
661113,661114,2,1,0,1
661129,661132,4,2,0,2
661174,661176,3,1,0,2
661203,661205,3,1,1,1
661226,661228,3,1,1,1
661235,661237,3,2,0,1
661239,661241,3,2,0,1
661274,661277,4,2,0,2
661301,661303,3,2,0,1
661318,661319,2,1,0,1
661322,661323,2,1,0,1
661353,661354,2,1,0,1
661359,661361,3,1,1,1
661362,661363,2,1,0,1
661374,661378,5,4,0,1
661379,661383,5,3,1,1
661386,661387,2,1,0,1
661404,661406,3,1,1,1
661438,661439,2,1,0,1
661441,661442,2,1,0,1
661445,661446,2,1,0,1
661497,661500,4,3,0,1
661521,661523,3,1,1,1
661536,661537,2,1,0,1
661577,661578,2,1,0,1
661590,661592,3,2,0,1
661595,661597,3,1,1,1
661621,661622,2,1,0,1
661645,661647,3,2,0,1
661663,661665,3,2,0,1
661667,661670,4,2,1,1
661679,661682,4,2,1,1
661697,661698,2,1,0,1
661716,661720,5,3,0,2
661729,661730,2,1,0,1
661736,661737,2,1,0,1
661740,661742,3,1,1,1
661751,661753,3,2,0,1
661776,661777,2,1,0,1
661799,661801,3,1,1,1
661813,661814,2,1,0,1
661846,661849,4,1,2,1
661851,661852,2,1,0,1
661893,661895,3,2,0,1
661904,661907,4,1,0,3
661913,661914,2,1,0,1
661921,661925,5,1,2,2
661942,661943,2,1,0,1
661947,661949,3,2,0,1
662001,662003,3,1,1,1
662013,662014,2,1,0,1
662026,662029,4,1,2,1
662037,662039,3,1,1,1
662048,662050,3,1,1,1
662055,662058,4,1,2,1
662065,662066,2,1,0,1
662072,662074,3,2,0,1
662126,662129,4,1,1,2
662134,662135,2,1,0,1
662142,662144,3,2,0,1
662145,662149,5,2,1,2
662160,662161,2,1,0,1
662182,662185,4,1,2,1
662209,662211,3,1,1,1
662215,662217,3,2,0,1
662218,662220,3,1,1,1
662225,662228,4,2,1,1
662241,662243,3,1,0,2
662265,662268,4,1,2,1
662285,662287,3,1,1,1
662292,662293,2,1,0,1
662312,662313,2,1,0,1
662326,662328,3,1,0,2
662390,662391,2,1,0,1
662407,662408,2,1,0,1
662437,662440,4,1,1,2
662447,662448,2,1,0,1
662451,662452,2,1,0,1
662470,662471,2,1,0,1
662488,662490,3,1,1,1
662498,662500,3,2,0,1
662501,662502,2,1,0,1
662549,662550,2,1,0,1
662551,662553,3,1,0,2
662563,662564,2,1,0,1
662605,662609,5,3,1,1
662620,662622,3,1,1,1
662626,662628,3,2,0,1
662631,662632,2,1,0,1
662653,662654,2,1,0,1
662676,662679,4,1,1,2
662701,662702,2,1,0,1
662704,662707,4,2,1,1
662712,662713,2,1,0,1
662730,662732,3,1,1,1
662742,662744,3,1,0,2
662754,662756,3,2,0,1
662762,662763,2,1,0,1
662766,662768,3,2,0,1
662769,662770,2,1,0,1
662778,662779,2,1,0,1
662791,662793,3,1,1,1
662802,662804,3,1,1,1
662845,662846,2,1,0,1
662847,662849,3,2,0,1
662866,662869,4,1,2,1
662876,662877,2,1,0,1
662886,662888,3,1,0,2
662897,662899,3,1,0,2
662957,662960,4,1,2,1
662980,662981,2,1,0,1
663032,663035,4,2,1,1
663039,663040,2,1,0,1
663052,663054,3,1,0,2
663071,663072,2,1,0,1
663104,663107,4,3,0,1
663133,663137,5,1,3,1
663141,663143,3,1,1,1
663148,663150,3,1,1,1
663162,663164,3,2,0,1
663166,663170,5,1,3,1
663179,663182,4,1,2,1
663188,663189,2,1,0,1
663197,663201,5,1,3,1
663223,663225,3,1,1,1
663226,663229,4,1,0,3
663254,663256,3,2,0,1
663274,663276,3,1,0,2
663282,663285,4,1,2,1
663309,663312,4,1,2,1
663327,663331,5,1,2,2
663565,663567,3,1,1,1
663583,663585,3,1,0,2
663586,663591,6,1,3,2
663609,663611,3,1,0,2
663618,663619,2,1,0,1
663626,663627,2,1,0,1
663636,663637,2,1,0,1
663639,663640,2,1,0,1
663655,663656,2,1,0,1
663665,663669,5,1,1,3
663682,663683,2,1,0,1
663692,663695,4,1,1,2
663700,663702,3,1,0,2
663703,663706,4,1,2,1
663743,663747,5,1,3,1
663806,663810,5,1,0,4
663811,663814,4,1,0,3
664069,664072,4,2,1,1
664082,664088,7,3,2,2
664089,664092,4,3,0,1
664097,664098,2,1,0,1
664115,664117,3,2,0,1
664118,664120,3,1,1,1
664152,664155,4,1,1,2
664163,664164,2,1,0,1
664176,664179,4,3,0,1
664180,664181,2,1,0,1
664188,664190,3,1,1,1
664192,664195,4,1,1,2
664207,664211,5,1,3,1
664223,664224,2,1,0,1
664234,664239,6,1,4,1
664258,664261,4,1,2,1
664265,664272,8,1,6,1
664273,664275,3,2,0,1
664278,664282,5,1,3,1
664318,664319,2,1,0,1
664325,664329,5,3,0,2
664336,664339,4,1,0,3
664351,664352,2,1,0,1
665685,665686,2,1,0,1
666637,666638,2,1,0,1
666643,666646,4,1,0,3
666839,666841,3,2,0,1
666844,666846,3,1,1,1
666981,666982,2,1,0,1
667550,667553,4,1,2,1
668761,668762,2,1,0,1
669090,669091,2,1,0,1
669126,669127,2,1,0,1
669153,669155,3,1,1,1
669244,669245,2,1,0,1
669288,669291,4,2,1,1
669705,669707,3,1,0,2
669709,669717,9,1,0,8
669916,669920,5,4,0,1
671146,671152,7,1,3,3
671601,671602,2,1,0,1
671616,671619,4,1,0,3
671936,671939,4,1,2,1
671945,671946,2,1,0,1
671952,671954,3,1,1,1
672125,672126,2,1,0,1
672131,672132,2,1,0,1
672133,672135,3,2,0,1
672167,672168,2,1,0,1
672169,672171,3,1,0,2
672177,672182,6,2,3,1
672189,672192,4,3,0,1
672193,672195,3,2,0,1
672196,672198,3,2,0,1
672199,672202,4,3,0,1
672203,672206,4,1,1,2
672265,672267,3,1,1,1
672310,672311,2,1,0,1
672312,672314,3,1,1,1
672315,672317,3,2,0,1
672325,672327,3,2,0,1
672332,672336,5,1,3,1
672344,672345,2,1,0,1
672361,672363,3,1,1,1
672372,672374,3,1,0,2
672375,672376,2,1,0,1
672379,672380,2,1,0,1
672381,672382,2,1,0,1
672389,672393,5,1,3,1
672400,672403,4,1,1,2
672410,672412,3,1,1,1
672426,672428,3,1,0,2
672436,672437,2,1,0,1
672468,672470,3,1,1,1
672473,672476,4,2,0,2
672477,672480,4,1,2,1
672496,672498,3,1,1,1
672499,672502,4,2,1,1
672527,672530,4,1,2,1
672533,672537,5,2,2,1
672552,672558,7,5,0,2
672564,672567,4,2,0,2
672568,672571,4,1,0,3
672591,672592,2,1,0,1
672603,672607,5,1,3,1
672616,672617,2,1,0,1
672638,672640,3,1,1,1
672643,672644,2,1,0,1
672655,672656,2,1,0,1
672661,672664,4,1,1,2
672665,672667,3,1,1,1
672684,672687,4,3,0,1
672699,672704,6,5,0,1
672717,672719,3,1,1,1
672723,672724,2,1,0,1
672725,672728,4,1,0,3
672735,672736,2,1,0,1
672743,672745,3,1,0,2
672777,672779,3,2,0,1
672782,672783,2,1,0,1
672801,672805,5,2,2,1
672845,672851,7,2,2,3
672853,672857,5,4,0,1
672868,672872,5,4,0,1
672878,672879,2,1,0,1
672926,672936,11,1,9,1
672962,672964,3,2,0,1
672982,672991,10,2,2,6
673024,673028,5,3,1,1
673082,673084,3,1,0,2
673088,673089,2,1,0,1
673095,673101,7,4,1,2
673122,673124,3,1,1,1
673132,673136,5,3,1,1
673141,673143,3,1,0,2
673150,673151,2,1,0,1
673156,673157,2,1,0,1
673179,673180,2,1,0,1
673183,673184,2,1,0,1
673190,673191,2,1,0,1
673200,673202,3,2,0,1
673205,673207,3,1,0,2
673211,673212,2,1,0,1
673213,673215,3,2,0,1
673224,673227,4,2,0,2
673248,673250,3,2,0,1
673269,673271,3,2,0,1
673351,673354,4,1,2,1
673366,673367,2,1,0,1
673377,673378,2,1,0,1
673379,673381,3,1,0,2
673383,673385,3,1,1,1
673398,673399,2,1,0,1
673412,673416,5,1,3,1
673423,673427,5,3,0,2
673433,673436,4,3,0,1
673437,673442,6,5,0,1
673452,673454,3,1,1,1
673475,673477,3,2,0,1
673479,673482,4,1,2,1
673492,673493,2,1,0,1
673501,673502,2,1,0,1
673504,673507,4,2,1,1
673508,673509,2,1,0,1
673515,673519,5,1,2,2
673529,673533,5,1,1,3
673535,673536,2,1,0,1
673537,673541,5,1,3,1
673543,673545,3,1,0,2
673546,673547,2,1,0,1
673550,673552,3,1,1,1
673562,673563,2,1,0,1
673566,673569,4,1,2,1
673570,673571,2,1,0,1
673579,673581,3,1,1,1
673588,673589,2,1,0,1
673592,673598,7,5,0,2
673603,673607,5,2,1,2
673609,673613,5,1,3,1
673634,673638,5,2,2,1
673645,673647,3,1,0,2
673653,673655,3,1,0,2
673657,673658,2,1,0,1
673660,673663,4,3,0,1
673678,673679,2,1,0,1
673688,673690,3,2,0,1
673698,673701,4,2,1,1
673705,673708,4,3,0,1
673711,673712,2,1,0,1
673731,673734,4,1,2,1
673742,673745,4,3,0,1
673747,673749,3,1,0,2
673770,673777,8,2,5,1
673779,673780,2,1,0,1
673783,673787,5,1,3,1
673794,673795,2,1,0,1
673816,673820,5,1,3,1
673824,673826,3,1,0,2
673828,673829,2,1,0,1
673844,673845,2,1,0,1
673855,673856,2,1,0,1
673858,673859,2,1,0,1
673860,673862,3,2,0,1
673873,673874,2,1,0,1
673879,673881,3,2,0,1
673890,673894,5,4,0,1
673903,673904,2,1,0,1
673909,673913,5,1,1,3
673915,673916,2,1,0,1
673925,673926,2,1,0,1
673935,673938,4,1,1,2
673956,673957,2,1,0,1
673966,673967,2,1,0,1
673972,673975,4,1,2,1
673979,673981,3,1,1,1
673982,673983,2,1,0,1
673988,673991,4,1,1,2
673994,673995,2,1,0,1
673996,673998,3,2,0,1
674010,674011,2,1,0,1
674020,674022,3,1,0,2
674023,674027,5,2,0,3
674029,674033,5,1,3,1
674048,674050,3,2,0,1
674051,674052,2,1,0,1
674054,674057,4,2,1,1
674061,674064,4,2,1,1
674069,674076,8,5,0,3
674094,674096,3,1,0,2
674097,674101,5,2,2,1
674108,674109,2,1,0,1
674111,674113,3,2,0,1
674118,674120,3,2,0,1
674121,674123,3,1,1,1
674132,674134,3,2,0,1
674153,674160,8,3,1,4
674163,674166,4,3,0,1
674185,674186,2,1,0,1
674192,674193,2,1,0,1
674208,674210,3,2,0,1
674216,674217,2,1,0,1
674224,674230,7,4,2,1
674256,674257,2,1,0,1
674261,674262,2,1,0,1
674289,674291,3,1,1,1
674294,674297,4,3,0,1
674306,674308,3,1,1,1
674309,674312,4,3,0,1
674335,674336,2,1,0,1
674361,674363,3,2,0,1
674372,674375,4,2,1,1
674380,674383,4,1,2,1
674384,674386,3,1,0,2
674391,674393,3,1,0,2
674396,674397,2,1,0,1
674402,674403,2,1,0,1
674412,674414,3,1,1,1
674417,674419,3,2,0,1
674427,674428,2,1,0,1
674432,674436,5,3,1,1
674449,674450,2,1,0,1
674465,674467,3,1,0,2
674488,674493,6,3,2,1
674508,674510,3,2,0,1
674511,674514,4,2,0,2
674520,674522,3,1,0,2
674524,674525,2,1,0,1
674526,674527,2,1,0,1
674535,674536,2,1,0,1
674545,674547,3,2,0,1
674551,674552,2,1,0,1
674564,674566,3,1,0,2
674567,674571,5,2,2,1
674574,674578,5,1,1,3
674580,674583,4,2,1,1
674602,674603,2,1,0,1
674604,674606,3,1,0,2
674612,674615,4,2,0,2
674621,674625,5,2,0,3
674630,674632,3,2,0,1
674636,674637,2,1,0,1
674653,674657,5,1,3,1
674658,674659,2,1,0,1
674662,674664,3,1,0,2
674677,674678,2,1,0,1
674680,674682,3,1,0,2
674686,674688,3,1,1,1
674689,674691,3,1,1,1
674692,674695,4,2,0,2
674696,674698,3,1,1,1
674702,674704,3,1,1,1
674708,674709,2,1,0,1
674717,674719,3,1,1,1
674723,674725,3,1,1,1
674729,674730,2,1,0,1
674753,674755,3,1,0,2
674760,674761,2,1,0,1
674767,674771,5,3,1,1
674776,674778,3,1,1,1
674788,674789,2,1,0,1
674797,674798,2,1,0,1
674813,674814,2,1,0,1
674822,674823,2,1,0,1
674846,674848,3,1,1,1
674886,674888,3,2,0,1
674891,674896,6,1,2,3
674917,674918,2,1,0,1
674922,674924,3,2,0,1
674928,674931,4,1,2,1
674932,674934,3,2,0,1
674939,674940,2,1,0,1
674951,674952,2,1,0,1
674959,674964,6,2,3,1
674966,674967,2,1,0,1
674971,674972,2,1,0,1
674973,674975,3,1,1,1
674976,674978,3,1,0,2
674984,674986,3,2,0,1
674990,674991,2,1,0,1
674993,674994,2,1,0,1
675000,675002,3,2,0,1
675006,675008,3,1,0,2
675013,675014,2,1,0,1
675024,675026,3,2,0,1
675040,675042,3,1,1,1
675078,675080,3,2,0,1
675098,675099,2,1,0,1
675111,675113,3,2,0,1
675121,675122,2,1,0,1
675140,675142,3,1,1,1
675148,675149,2,1,0,1
675160,675161,2,1,0,1
675171,675173,3,2,0,1
675178,675179,2,1,0,1
675187,675188,2,1,0,1
675191,675195,5,4,0,1
675196,675198,3,1,0,2
675199,675202,4,1,2,1
675205,675207,3,1,0,2
675208,675210,3,1,0,2
675218,675221,4,1,1,2
675224,675228,5,1,1,3
675243,675245,3,1,1,1
675246,675248,3,2,0,1
675249,675251,3,1,0,2
675255,675257,3,2,0,1
675272,675275,4,1,0,3
675299,675303,5,3,0,2
675304,675307,4,1,2,1
675310,675311,2,1,0,1
675319,675321,3,2,0,1
675332,675335,4,2,1,1
675341,675342,2,1,0,1
675343,675345,3,1,0,2
675350,675353,4,1,2,1
675360,675365,6,1,4,1
675368,675370,3,1,0,2
675379,675381,3,2,0,1
675382,675384,3,1,1,1
675387,675389,3,2,0,1
675393,675395,3,1,1,1
675396,675397,2,1,0,1
675398,675401,4,2,0,2
675404,675408,5,2,1,2
675410,675413,4,3,0,1
675421,675424,4,2,1,1
675434,675436,3,1,1,1
675437,675440,4,1,0,3
675441,675442,2,1,0,1
675443,675446,4,2,1,1
675460,675464,5,3,1,1
675467,675468,2,1,0,1
675475,675477,3,1,1,1
675478,675479,2,1,0,1
675482,675483,2,1,0,1
675484,675489,6,2,3,1
675503,675510,8,1,4,3
675517,675521,5,4,0,1
675522,675525,4,2,1,1
675541,675542,2,1,0,1
675551,675552,2,1,0,1
675556,675558,3,1,0,2
675566,675569,4,3,0,1
675582,675583,2,1,0,1
675599,675601,3,2,0,1
675615,675616,2,1,0,1
675619,675622,4,2,1,1
675624,675627,4,1,2,1
675630,675631,2,1,0,1
675635,675640,6,1,4,1
675641,675642,2,1,0,1
675659,675660,2,1,0,1
675684,675685,2,1,0,1
675719,675722,4,1,2,1
675723,675726,4,1,2,1
675727,675732,6,1,2,3
675734,675735,2,1,0,1
675736,675737,2,1,0,1
675754,675755,2,1,0,1
675758,675759,2,1,0,1
675760,675764,5,1,2,2
675768,675770,3,1,0,2
675773,675777,5,1,2,2
675779,675780,2,1,0,1
675796,675803,8,3,3,2
675809,675812,4,2,0,2
675814,675815,2,1,0,1
675823,675830,8,1,5,2
675835,675836,2,1,0,1
675837,675839,3,1,0,2
675841,675843,3,1,0,2
675862,675864,3,2,0,1
675865,675867,3,1,1,1
675874,675875,2,1,0,1
675902,675903,2,1,0,1
675916,675919,4,2,1,1
675920,675922,3,1,0,2
675923,675924,2,1,0,1
675949,675952,4,2,0,2
675957,675958,2,1,0,1
675967,675968,2,1,0,1
675971,675972,2,1,0,1
675985,675987,3,1,1,1
675993,675994,2,1,0,1
675996,675998,3,2,0,1
676011,676013,3,2,0,1
676029,676031,3,1,1,1
676048,676049,2,1,0,1
676065,676067,3,1,1,1
676068,676069,2,1,0,1
676078,676080,3,1,1,1
676092,676095,4,2,0,2
676103,676104,2,1,0,1
676105,676110,6,2,3,1
676124,676125,2,1,0,1
676131,676133,3,1,0,2
676137,676139,3,1,1,1
676157,676159,3,1,1,1
676160,676161,2,1,0,1
676185,676186,2,1,0,1
676202,676203,2,1,0,1
676223,676226,4,1,2,1
676240,676243,4,1,2,1
676276,676277,2,1,0,1
676289,676291,3,1,0,2
676294,676297,4,1,2,1
676318,676320,3,2,0,1
676321,676322,2,1,0,1
676325,676326,2,1,0,1
676327,676328,2,1,0,1
676332,676334,3,2,0,1
676337,676340,4,1,0,3
676342,676344,3,1,1,1
676345,676348,4,3,0,1
676350,676351,2,1,0,1
676360,676362,3,1,0,2
676388,676389,2,1,0,1
676392,676397,6,5,0,1
676400,676403,4,1,2,1
676426,676428,3,1,1,1
676430,676433,4,1,1,2
676436,676438,3,2,0,1
676440,676441,2,1,0,1
676450,676452,3,2,0,1
676476,676477,2,1,0,1
676479,676481,3,1,0,2
676488,676490,3,2,0,1
676511,676512,2,1,0,1
676525,676526,2,1,0,1
676530,676532,3,1,0,2
676558,676560,3,2,0,1
676581,676583,3,1,0,2
676620,676622,3,2,0,1
676631,676632,2,1,0,1
676634,676637,4,1,2,1
676654,676657,4,2,1,1
676662,676664,3,1,0,2
676668,676671,4,1,1,2
676696,676697,2,1,0,1
676706,676709,4,3,0,1
676727,676729,3,1,0,2
676744,676746,3,1,1,1
676747,676748,2,1,0,1
676763,676766,4,2,0,2
676776,676777,2,1,0,1
676780,676781,2,1,0,1
676802,676804,3,2,0,1
676815,676816,2,1,0,1
676834,676836,3,1,0,2
676843,676846,4,2,0,2
676847,676849,3,2,0,1
676863,676864,2,1,0,1
676877,676879,3,1,1,1
676908,676909,2,1,0,1
676917,676920,4,1,1,2
676932,676934,3,1,0,2
676942,676944,3,1,0,2
676963,676964,2,1,0,1
676990,676991,2,1,0,1
676999,677003,5,3,0,2
677017,677021,5,1,2,2
677031,677033,3,2,0,1
677047,677049,3,1,1,1
677065,677068,4,1,2,1
677090,677092,3,1,0,2
677108,677109,2,1,0,1
677115,677116,2,1,0,1
677120,677122,3,1,0,2
677135,677136,2,1,0,1
677151,677156,6,5,0,1
677158,677161,4,2,0,2
677173,677174,2,1,0,1
677179,677180,2,1,0,1
677194,677195,2,1,0,1
677210,677212,3,1,0,2
677213,677214,2,1,0,1
677215,677217,3,2,0,1
677221,677223,3,1,1,1
677234,677236,3,2,0,1
677246,677247,2,1,0,1
677256,677258,3,1,1,1
677304,677306,3,1,1,1
677327,677328,2,1,0,1
677345,677347,3,2,0,1
677370,677371,2,1,0,1
677395,677398,4,3,0,1
677405,677409,5,1,2,2
677430,677431,2,1,0,1
677474,677477,4,2,1,1
677483,677484,2,1,0,1
677491,677494,4,1,2,1
677544,677545,2,1,0,1
677546,677547,2,1,0,1
677561,677564,4,2,0,2
677578,677580,3,1,1,1
677605,677606,2,1,0,1
677614,677615,2,1,0,1
677622,677623,2,1,0,1
677629,677632,4,1,1,2
677643,677645,3,2,0,1
677650,677651,2,1,0,1
677670,677671,2,1,0,1
677691,677693,3,1,0,2
677697,677698,2,1,0,1
677705,677706,2,1,0,1
677727,677729,3,1,1,1
677737,677740,4,2,1,1
677758,677759,2,1,0,1
677768,677770,3,1,1,1
677803,677805,3,1,0,2
677846,677848,3,2,0,1
677901,677905,5,3,1,1
677909,677910,2,1,0,1
677911,677914,4,2,0,2
677925,677927,3,1,1,1
677930,677933,4,2,1,1
677934,677935,2,1,0,1
677941,677942,2,1,0,1
677977,677978,2,1,0,1
678001,678002,2,1,0,1
678017,678020,4,1,0,3
678021,678022,2,1,0,1
678029,678031,3,1,1,1
678058,678060,3,2,0,1
678080,678084,5,1,2,2
678098,678100,3,1,1,1
678115,678117,3,1,0,2
678118,678120,3,1,1,1
678157,678160,4,1,0,3
678167,678168,2,1,0,1
678189,678191,3,2,0,1
678210,678211,2,1,0,1
678214,678215,2,1,0,1
678220,678225,6,1,0,5
678229,678230,2,1,0,1
678245,678247,3,1,1,1
678254,678256,3,2,0,1
678274,678275,2,1,0,1
678311,678313,3,2,0,1
678319,678322,4,2,0,2
678328,678330,3,1,0,2
678344,678346,3,1,0,2
678361,678363,3,1,1,1
678364,678367,4,1,1,2
678376,678378,3,1,0,2
678379,678380,2,1,0,1
678420,678421,2,1,0,1
678451,678452,2,1,0,1
678460,678461,2,1,0,1
678465,678468,4,1,2,1
678492,678493,2,1,0,1
678495,678496,2,1,0,1
678509,678510,2,1,0,1
678520,678521,2,1,0,1
678592,678593,2,1,0,1
678603,678606,4,2,0,2
678617,678618,2,1,0,1
678624,678626,3,2,0,1
678662,678663,2,1,0,1
678664,678668,5,1,2,2
678712,678714,3,2,0,1
678726,678727,2,1,0,1
678785,678787,3,1,0,2
678827,678830,4,2,0,2
678884,678885,2,1,0,1
678902,678903,2,1,0,1
678914,678915,2,1,0,1
678924,678927,4,3,0,1
678944,678945,2,1,0,1
678971,678973,3,1,1,1
678982,678985,4,2,1,1
678997,678998,2,1,0,1
679001,679004,4,1,2,1
679043,679044,2,1,0,1
679052,679054,3,1,0,2
679056,679058,3,2,0,1
679069,679072,4,2,1,1
679100,679102,3,1,1,1
679105,679107,3,1,0,2
679148,679149,2,1,0,1
679151,679152,2,1,0,1
679157,679158,2,1,0,1
679169,679173,5,3,1,1
679185,679188,4,3,0,1
679190,679191,2,1,0,1
679211,679214,4,1,0,3
679252,679253,2,1,0,1
679256,679260,5,1,3,1
679265,679266,2,1,0,1
679269,679270,2,1,0,1
679292,679294,3,2,0,1
679300,679303,4,2,0,2
679333,679335,3,1,0,2
679390,679393,4,1,2,1
679402,679404,3,1,1,1
679436,679438,3,1,0,2
679439,679440,2,1,0,1
679469,679471,3,1,0,2
679499,679502,4,1,1,2
679521,679522,2,1,0,1
679535,679538,4,2,1,1
679548,679549,2,1,0,1
679562,679564,3,2,0,1
679588,679591,4,1,2,1
679609,679611,3,1,1,1
679614,679617,4,1,2,1
679644,679647,4,2,1,1
679651,679652,2,1,0,1
679655,679656,2,1,0,1
679659,679660,2,1,0,1
679663,679665,3,1,0,2
679705,679707,3,2,0,1
679716,679717,2,1,0,1
679734,679735,2,1,0,1
679740,679741,2,1,0,1
679774,679776,3,1,1,1
679792,679794,3,1,1,1
679797,679798,2,1,0,1
679836,679837,2,1,0,1
679849,679851,3,1,1,1
679872,679875,4,1,2,1
679896,679900,5,1,3,1
679904,679907,4,2,0,2
679916,679918,3,2,0,1
679921,679923,3,1,0,2
679928,679929,2,1,0,1
679932,679933,2,1,0,1
679937,679939,3,2,0,1
679950,679951,2,1,0,1
679952,679955,4,3,0,1
679962,679964,3,1,1,1
679966,679968,3,2,0,1
679991,679995,5,2,2,1
680000,680003,4,1,1,2
680014,680016,3,2,0,1
680020,680021,2,1,0,1
680055,680057,3,1,0,2
680062,680063,2,1,0,1
680086,680089,4,1,2,1
680098,680099,2,1,0,1
680113,680116,4,2,1,1
680129,680130,2,1,0,1
680149,680150,2,1,0,1
680160,680163,4,1,1,2
680177,680182,6,2,3,1
680206,680207,2,1,0,1
680238,680241,4,2,1,1
680271,680272,2,1,0,1
680283,680286,4,2,1,1
680291,680292,2,1,0,1
680294,680296,3,2,0,1
680320,680322,3,2,0,1
680323,680324,2,1,0,1
680327,680329,3,1,0,2
680352,680353,2,1,0,1
680361,680362,2,1,0,1
680365,680366,2,1,0,1
680371,680372,2,1,0,1
680373,680375,3,1,0,2
680393,680395,3,2,0,1
680397,680400,4,1,2,1
680407,680408,2,1,0,1
680413,680414,2,1,0,1
680423,680425,3,1,1,1
680438,680441,4,2,1,1
680464,680465,2,1,0,1
680507,680509,3,1,0,2
680595,680596,2,1,0,1
680599,680602,4,3,0,1
680631,680634,4,2,1,1
680636,680637,2,1,0,1
680641,680642,2,1,0,1
680652,680658,7,2,4,1
680675,680676,2,1,0,1
680686,680688,3,2,0,1
680728,680730,3,2,0,1
680784,680785,2,1,0,1
680805,680806,2,1,0,1
680810,680811,2,1,0,1
680844,680845,2,1,0,1
680847,680851,5,1,1,3
680859,680861,3,1,1,1
680897,680899,3,1,1,1
680906,680907,2,1,0,1
680922,680923,2,1,0,1
680936,680937,2,1,0,1
680945,680947,3,1,0,2
681011,681015,5,2,2,1
681021,681024,4,1,2,1
681028,681029,2,1,0,1
681057,681060,4,1,2,1
681105,681109,5,3,0,2
681143,681144,2,1,0,1
681174,681177,4,1,1,2
681250,681254,5,1,3,1
681301,681306,6,5,0,1
681308,681309,2,1,0,1
681358,681361,4,3,0,1
681370,681371,2,1,0,1
681403,681404,2,1,0,1
681416,681420,5,4,0,1
681424,681429,6,4,1,1
681485,681488,4,3,0,1
681554,681558,5,2,1,2
681571,681577,7,5,1,1
681590,681592,3,2,0,1
681607,681608,2,1,0,1
681618,681619,2,1,0,1
681625,681629,5,3,1,1
681694,681699,6,5,0,1
681700,681705,6,2,3,1
681706,681709,4,2,1,1
681714,681716,3,2,0,1
681724,681726,3,2,0,1
681731,681737,7,5,0,2
681738,681740,3,2,0,1
681742,681747,6,5,0,1
681749,681752,4,2,1,1
681763,681765,3,2,0,1
681769,681772,4,1,2,1
681777,681779,3,2,0,1
681797,681799,3,1,1,1
681802,681805,4,3,0,1
681816,681818,3,2,0,1
681824,681829,6,5,0,1
681831,681836,6,5,0,1
681838,681845,8,4,3,1
681853,681855,3,2,0,1
681867,681870,4,3,0,1
681883,681884,2,1,0,1
681909,681912,4,3,0,1
681931,681932,2,1,0,1
681945,681951,7,5,0,2
681955,681956,2,1,0,1
681970,681972,3,1,0,2
681977,681980,4,1,2,1
681981,681982,2,1,0,1
681986,681988,3,1,1,1
681990,681991,2,1,0,1
681999,682002,4,1,1,2
682010,682012,3,1,1,1
682013,682016,4,3,0,1
682026,682029,4,3,0,1
682034,682036,3,1,1,1
682053,682058,6,5,0,1
682065,682067,3,2,0,1
682068,682073,6,5,0,1
682081,682084,4,2,1,1
682101,682104,4,3,0,1
682105,682107,3,2,0,1
682162,682167,6,5,0,1
682169,682171,3,2,0,1
682220,682221,2,1,0,1
682222,682226,5,4,0,1
682232,682239,8,4,2,2
682240,682247,8,5,0,3
682248,682251,4,3,0,1
682253,682254,2,1,0,1
682263,682267,5,4,0,1
682276,682277,2,1,0,1
682278,682280,3,1,1,1
682282,682288,7,5,1,1
682307,682309,3,2,0,1
682317,682319,3,2,0,1
682358,682360,3,2,0,1
682369,682373,5,3,1,1
682376,682378,3,2,0,1
682399,682405,7,5,1,1
682412,682415,4,3,0,1
682449,682457,9,5,2,2
682480,682482,3,2,0,1
682483,682484,2,1,0,1
682488,682489,2,1,0,1
682497,682504,8,5,1,2
682505,682506,2,1,0,1
682507,682508,2,1,0,1
682510,682512,3,2,0,1
682530,682533,4,3,0,1
682567,682570,4,3,0,1
682574,682578,5,2,2,1
682595,682598,4,3,0,1
682603,682606,4,3,0,1
682607,682612,6,2,3,1
682628,682630,3,2,0,1
682639,682642,4,2,1,1
682645,682650,6,5,0,1
682680,682681,2,1,0,1
682684,682687,4,1,2,1
682689,682692,4,2,0,2
682712,682716,5,3,1,1
682720,682723,4,1,2,1
682724,682725,2,1,0,1
682733,682736,4,1,2,1
682770,682773,4,1,2,1
682783,682787,5,3,1,1
682796,682797,2,1,0,1
682798,682802,5,4,0,1
682803,682804,2,1,0,1
682852,682854,3,1,0,2
682878,682879,2,1,0,1
682895,682896,2,1,0,1
682904,682907,4,3,0,1
682908,682912,5,4,0,1
682923,682924,2,1,0,1
682939,682940,2,1,0,1
682968,682971,4,3,0,1
682974,682976,3,2,0,1
682978,682979,2,1,0,1
682980,682981,2,1,0,1
682989,682990,2,1,0,1
682991,682993,3,1,1,1
682995,682999,5,4,0,1
683004,683010,7,4,2,1
683012,683015,4,1,2,1
683028,683029,2,1,0,1
683030,683031,2,1,0,1
683044,683048,5,4,0,1
683060,683065,6,5,0,1
683072,683074,3,2,0,1
683091,683092,2,1,0,1
683095,683097,3,1,0,2
683104,683106,3,2,0,1
683107,683110,4,3,0,1
683123,683128,6,5,0,1
683129,683131,3,2,0,1
683160,683161,2,1,0,1
683171,683173,3,2,0,1
683176,683178,3,2,0,1
683179,683185,7,5,1,1
683190,683194,5,4,0,1
683219,683222,4,2,1,1
683234,683239,6,5,0,1
683242,683247,6,3,2,1
683256,683257,2,1,0,1
683265,683269,5,2,1,2
683274,683277,4,3,0,1
683303,683307,5,4,0,1
683316,683319,4,3,0,1
683332,683336,5,2,2,1
683341,683344,4,3,0,1
683367,683369,3,2,0,1
683381,683384,4,3,0,1
683385,683387,3,2,0,1
683394,683396,3,1,1,1
683405,683406,2,1,0,1
683418,683421,4,1,2,1
683422,683424,3,2,0,1
683439,683440,2,1,0,1
683448,683450,3,2,0,1
683453,683454,2,1,0,1
683472,683474,3,2,0,1
683484,683486,3,1,1,1
683516,683518,3,1,1,1
683522,683527,6,5,0,1
683530,683531,2,1,0,1
683541,683546,6,5,0,1
683561,683565,5,3,1,1
683571,683573,3,2,0,1
683577,683581,5,3,1,1
683582,683583,2,1,0,1
683584,683586,3,2,0,1
683600,683603,4,1,2,1
683630,683633,4,3,0,1
683659,683660,2,1,0,1
683661,683664,4,1,2,1
683694,683696,3,1,1,1
683697,683700,4,1,2,1
683728,683733,6,5,0,1
683738,683739,2,1,0,1
683750,683751,2,1,0,1
683761,683764,4,2,1,1
683770,683774,5,3,1,1
683784,683788,5,2,2,1
683797,683799,3,1,0,2
683820,683822,3,1,1,1
683832,683835,4,2,1,1
683843,683847,5,3,0,2
683861,683863,3,2,0,1
683864,683867,4,3,0,1
683875,683877,3,2,0,1
683879,683884,6,4,1,1
683901,683904,4,1,1,2
683906,683911,6,5,0,1
683918,683920,3,2,0,1
683929,683930,2,1,0,1
683951,683953,3,1,1,1
683954,683955,2,1,0,1
683971,683973,3,1,1,1
683980,683982,3,2,0,1
683983,683985,3,2,0,1
684005,684006,2,1,0,1
684019,684020,2,1,0,1
684029,684033,5,3,1,1
684039,684042,4,3,0,1
684050,684053,4,3,0,1
684066,684072,7,5,0,2
684098,684103,6,5,0,1
684106,684109,4,2,1,1
684110,684113,4,2,1,1
684122,684124,3,2,0,1
684125,684127,3,2,0,1
684151,684152,2,1,0,1
684176,684177,2,1,0,1
684209,684210,2,1,0,1
684211,684213,3,1,1,1
684221,684224,4,2,1,1
684236,684238,3,2,0,1
684242,684243,2,1,0,1
684245,684247,3,1,1,1
684254,684256,3,1,1,1
684280,684286,7,5,1,1
684291,684294,4,3,0,1
684295,684299,5,3,0,2
684306,684308,3,1,1,1
684323,684324,2,1,0,1
684358,684361,4,1,2,1
684362,684365,4,3,0,1
684366,684368,3,2,0,1
684383,684386,4,3,0,1
684399,684402,4,2,1,1
684413,684414,2,1,0,1
684415,684418,4,3,0,1
684420,684421,2,1,0,1
684440,684443,4,2,0,2
684459,684461,3,2,0,1
684472,684476,5,2,2,1
684487,684490,4,2,0,2
684502,684503,2,1,0,1
684532,684536,5,4,0,1
684537,684539,3,1,1,1
684543,684544,2,1,0,1
684553,684555,3,2,0,1
684565,684567,3,2,0,1
684607,684609,3,2,0,1
684622,684627,6,5,0,1
684631,684637,7,5,1,1
684642,684645,4,3,0,1
684649,684651,3,2,0,1
684657,684658,2,1,0,1
684664,684666,3,1,1,1
684673,684677,5,4,0,1
684684,684688,5,3,1,1
684694,684695,2,1,0,1
684725,684726,2,1,0,1
684738,684743,6,1,4,1
684747,684748,2,1,0,1
684757,684760,4,3,0,1
684799,684804,6,5,0,1
684809,684810,2,1,0,1
684816,684817,2,1,0,1
684824,684825,2,1,0,1
684858,684859,2,1,0,1
684875,684879,5,1,3,1
684893,684895,3,2,0,1
684910,684911,2,1,0,1
684912,684914,3,2,0,1
684921,684923,3,2,0,1
684936,684938,3,2,0,1
684961,684963,3,1,1,1
684977,684980,4,3,0,1
684982,684983,2,1,0,1
684991,684996,6,5,0,1
685004,685007,4,3,0,1
685034,685036,3,1,1,1
685038,685041,4,3,0,1
685044,685045,2,1,0,1
685046,685048,3,2,0,1
685062,685064,3,1,1,1
685065,685067,3,1,1,1
685068,685072,5,4,0,1
685076,685077,2,1,0,1
685097,685102,6,5,0,1
685108,685109,2,1,0,1
685132,685136,5,3,1,1
685141,685143,3,2,0,1
685177,685182,6,5,0,1
685183,685185,3,1,0,2
685187,685188,2,1,0,1
685202,685204,3,2,0,1
685245,685247,3,1,1,1
685275,685277,3,2,0,1
685296,685299,4,1,2,1
685300,685301,2,1,0,1
685302,685303,2,1,0,1
685306,685308,3,2,0,1
685323,685326,4,2,1,1
685333,685334,2,1,0,1
685346,685348,3,2,0,1
685420,685421,2,1,0,1
685429,685431,3,2,0,1
685471,685472,2,1,0,1
685492,685494,3,1,0,2
685499,685502,4,2,1,1
685505,685506,2,1,0,1
685510,685512,3,2,0,1
685519,685521,3,2,0,1
685554,685556,3,1,1,1
685559,685560,2,1,0,1
685570,685573,4,1,2,1
685581,685583,3,2,0,1
685594,685598,5,2,2,1
685599,685602,4,3,0,1
685617,685621,5,2,2,1
685641,685647,7,4,2,1
685664,685665,2,1,0,1
685666,685667,2,1,0,1
685668,685671,4,1,2,1
685676,685680,5,4,0,1
685681,685684,4,2,1,1
685690,685691,2,1,0,1
685700,685701,2,1,0,1
685702,685703,2,1,0,1
685704,685705,2,1,0,1
685739,685740,2,1,0,1
685767,685768,2,1,0,1
685771,685772,2,1,0,1
685773,685778,6,5,0,1
685787,685789,3,1,1,1
685796,685800,5,3,1,1
685805,685807,3,2,0,1
685825,685828,4,3,0,1
685835,685836,2,1,0,1
685840,685842,3,1,1,1
685854,685856,3,1,1,1
685860,685865,6,2,3,1
685875,685877,3,2,0,1
685895,685896,2,1,0,1
685898,685901,4,3,0,1
685907,685908,2,1,0,1
685915,685916,2,1,0,1
685935,685936,2,1,0,1
685937,685939,3,1,1,1
685954,685956,3,1,1,1
685969,685973,5,2,1,2
685989,685993,5,4,0,1
685995,685996,2,1,0,1
685999,686000,2,1,0,1
686026,686030,5,3,1,1
686035,686037,3,2,0,1
686038,686042,5,4,0,1
686047,686048,2,1,0,1
686055,686056,2,1,0,1
686060,686065,6,4,1,1
686084,686086,3,1,0,2
686098,686100,3,1,1,1
686107,686108,2,1,0,1
686110,686112,3,2,0,1
686119,686124,6,5,0,1
686151,686153,3,1,1,1
686164,686170,7,4,2,1
686176,686178,3,2,0,1
686180,686181,2,1,0,1
686200,686201,2,1,0,1
686202,686205,4,1,1,2
686239,686240,2,1,0,1
686241,686244,4,2,1,1
686250,686255,6,4,1,1
686258,686261,4,1,2,1
686262,686263,2,1,0,1
686286,686287,2,1,0,1
686288,686291,4,3,0,1
686313,686320,8,4,3,1
686323,686325,3,1,1,1
686338,686342,5,3,1,1
686411,686412,2,1,0,1
686422,686427,6,5,0,1
686428,686432,5,3,1,1
686435,686438,4,3,0,1
686442,686445,4,3,0,1
686497,686500,4,3,0,1
686517,686519,3,1,1,1
686520,686524,5,4,0,1
686533,686534,2,1,0,1
686550,686551,2,1,0,1
686555,686558,4,1,2,1
686559,686562,4,3,0,1
686563,686565,3,2,0,1
686602,686605,4,3,0,1
686611,686614,4,1,2,1
686633,686634,2,1,0,1
686645,686646,2,1,0,1
686654,686655,2,1,0,1
686664,686666,3,1,0,2
686674,686676,3,2,0,1
686699,686700,2,1,0,1
686710,686715,6,4,1,1
686723,686724,2,1,0,1
686726,686732,7,3,3,1
686738,686739,2,1,0,1
686754,686755,2,1,0,1
686756,686757,2,1,0,1
686760,686764,5,4,0,1
686765,686766,2,1,0,1
686769,686772,4,2,0,2
686779,686780,2,1,0,1
686799,686805,7,5,1,1
686823,686826,4,2,1,1
686827,686831,5,3,0,2
686832,686833,2,1,0,1
686853,686854,2,1,0,1
686857,686859,3,2,0,1
686869,686875,7,3,3,1
686895,686897,3,1,1,1
686898,686901,4,2,1,1
686902,686905,4,2,1,1
686911,686912,2,1,0,1
686969,686970,2,1,0,1
686971,686972,2,1,0,1
686974,686975,2,1,0,1
686979,686980,2,1,0,1
686992,686993,2,1,0,1
687017,687022,6,5,0,1
687027,687032,6,5,0,1
687049,687051,3,2,0,1
687052,687056,5,4,0,1
687062,687064,3,1,1,1
687068,687071,4,2,1,1
687075,687076,2,1,0,1
687086,687087,2,1,0,1
687088,687092,5,3,1,1
687096,687099,4,2,1,1
687100,687102,3,1,1,1
687103,687104,2,1,0,1
687105,687107,3,2,0,1
687116,687117,2,1,0,1
687138,687140,3,2,0,1
687155,687161,7,3,3,1
687185,687191,7,2,4,1
687199,687201,3,2,0,1
687220,687226,7,5,1,1
687237,687238,2,1,0,1
687245,687247,3,2,0,1
687256,687258,3,2,0,1
687265,687268,4,1,2,1
687269,687271,3,2,0,1
687293,687294,2,1,0,1
687298,687299,2,1,0,1
687300,687304,5,3,1,1
687305,687306,2,1,0,1
687321,687322,2,1,0,1
687339,687342,4,3,0,1
687388,687390,3,1,1,1
687397,687398,2,1,0,1
687427,687432,6,5,0,1
687436,687439,4,3,0,1
687440,687441,2,1,0,1
687444,687445,2,1,0,1
687446,687447,2,1,0,1
687478,687482,5,3,1,1
687483,687484,2,1,0,1
687500,687501,2,1,0,1
687526,687527,2,1,0,1
687533,687534,2,1,0,1
687559,687561,3,1,1,1
687562,687563,2,1,0,1
687567,687570,4,2,1,1
687571,687572,2,1,0,1
687590,687593,4,2,1,1
687609,687611,3,2,0,1
687617,687618,2,1,0,1
687636,687638,3,2,0,1
687666,687671,6,1,4,1
687684,687687,4,3,0,1
687712,687714,3,2,0,1
687735,687736,2,1,0,1
687738,687740,3,1,1,1
687748,687750,3,2,0,1
687763,687767,5,3,1,1
687784,687787,4,3,0,1
687807,687810,4,3,0,1
687811,687812,2,1,0,1
687826,687829,4,3,0,1
687832,687834,3,2,0,1
687855,687858,4,1,1,2
687872,687875,4,2,0,2
687881,687882,2,1,0,1
687883,687884,2,1,0,1
687885,687887,3,2,0,1
687901,687903,3,2,0,1
687906,687912,7,3,3,1
687919,687920,2,1,0,1
687921,687922,2,1,0,1
687965,687970,6,5,0,1
687982,687986,5,1,3,1
687987,687988,2,1,0,1
687995,687998,4,3,0,1
688004,688005,2,1,0,1
688008,688009,2,1,0,1
688011,688015,5,2,2,1
688026,688028,3,1,1,1
688035,688039,5,4,0,1
688059,688064,6,3,2,1
688080,688086,7,5,1,1
688117,688119,3,1,1,1
688121,688128,8,5,1,2
688133,688134,2,1,0,1
688143,688146,4,3,0,1
688158,688159,2,1,0,1
688171,688175,5,3,1,1
688176,688177,2,1,0,1
688185,688186,2,1,0,1
688188,688195,8,5,1,2
688211,688215,5,4,0,1
688244,688245,2,1,0,1
688249,688255,7,5,1,1
688260,688265,6,5,0,1
688273,688276,4,2,1,1
688301,688303,3,1,1,1
688322,688324,3,1,1,1
688331,688332,2,1,0,1
688361,688366,6,5,0,1
688367,688373,7,5,0,2
688383,688385,3,1,0,2
688392,688393,2,1,0,1
688398,688403,6,4,1,1
688404,688406,3,1,1,1
688407,688409,3,2,0,1
688429,688432,4,3,0,1
688435,688437,3,1,1,1
688453,688459,7,5,0,2
688463,688464,2,1,0,1
688471,688473,3,2,0,1
688475,688478,4,1,2,1
688505,688508,4,3,0,1
688524,688525,2,1,0,1
688526,688528,3,2,0,1
688546,688548,3,1,1,1
688580,688582,3,2,0,1
688597,688598,2,1,0,1
688612,688613,2,1,0,1
688628,688629,2,1,0,1
688657,688663,7,5,1,1
688671,688674,4,2,1,1
688676,688678,3,1,1,1
688681,688684,4,2,1,1
688702,688704,3,2,0,1
688711,688713,3,1,1,1
688721,688724,4,2,0,2
688727,688729,3,2,0,1
688732,688734,3,1,1,1
688748,688755,8,5,1,2
688800,688803,4,2,1,1
688848,688851,4,3,0,1
688852,688854,3,1,1,1
688881,688883,3,2,0,1
688918,688919,2,1,0,1
688929,688930,2,1,0,1
688941,688943,3,1,0,2
688950,688952,3,1,1,1
688955,688956,2,1,0,1
688963,688964,2,1,0,1
688987,688989,3,2,0,1
689070,689074,5,4,0,1
689075,689077,3,1,1,1
689079,689083,5,4,0,1
689088,689089,2,1,0,1
689091,689095,5,3,1,1
689096,689098,3,1,1,1
689128,689132,5,3,1,1
689135,689136,2,1,0,1
689145,689148,4,3,0,1
689154,689157,4,2,1,1
689162,689163,2,1,0,1
689171,689173,3,2,0,1
689176,689179,4,1,2,1
689180,689184,5,2,2,1
689187,689188,2,1,0,1
689193,689199,7,4,1,2
689204,689210,7,5,0,2
689218,689219,2,1,0,1
689223,689226,4,3,0,1
689227,689228,2,1,0,1
689232,689234,3,2,0,1
689256,689261,6,5,0,1
689268,689271,4,1,2,1
689280,689283,4,2,0,2
689288,689292,5,4,0,1
689297,689299,3,1,1,1
689340,689342,3,1,1,1
689372,689373,2,1,0,1
689376,689377,2,1,0,1
689378,689382,5,4,0,1
689383,689386,4,2,1,1
689395,689397,3,2,0,1
689409,689410,2,1,0,1
689414,689416,3,2,0,1
689428,689430,3,2,0,1
689434,689438,5,3,1,1
689440,689442,3,2,0,1
689443,689445,3,2,0,1
689455,689457,3,2,0,1
689459,689460,2,1,0,1
689469,689472,4,2,1,1
689538,689539,2,1,0,1
689540,689542,3,2,0,1
689546,689547,2,1,0,1
689548,689551,4,2,1,1
689562,689563,2,1,0,1
689578,689579,2,1,0,1
689585,689587,3,1,0,2
689598,689601,4,1,0,3
689602,689603,2,1,0,1
689623,689625,3,2,0,1
689626,689629,4,3,0,1
689630,689634,5,2,1,2
689647,689648,2,1,0,1
689683,689687,5,1,3,1
689688,689691,4,3,0,1
689692,689693,2,1,0,1
689697,689698,2,1,0,1
689704,689705,2,1,0,1
689713,689718,6,5,0,1
689724,689725,2,1,0,1
689734,689738,5,4,0,1
689745,689747,3,2,0,1
689755,689758,4,2,1,1
689764,689766,3,1,1,1
689778,689780,3,2,0,1
689794,689799,6,4,1,1
689804,689806,3,1,1,1
689839,689842,4,3,0,1
689866,689867,2,1,0,1
689875,689877,3,2,0,1
689880,689883,4,3,0,1
689907,689908,2,1,0,1
689909,689913,5,4,0,1
689918,689920,3,2,0,1
689927,689928,2,1,0,1
689932,689935,4,3,0,1
689944,689948,5,2,2,1
689959,689960,2,1,0,1
689967,689970,4,1,2,1
689990,689992,3,1,1,1
689996,689997,2,1,0,1
690031,690033,3,2,0,1
690038,690041,4,3,0,1
690080,690083,4,3,0,1
690100,690102,3,1,1,1
690117,690120,4,3,0,1
690126,690127,2,1,0,1
690132,690134,3,1,1,1
690149,690153,5,4,0,1
690154,690156,3,2,0,1
690158,690159,2,1,0,1
690197,690199,3,2,0,1
690205,690207,3,2,0,1
690219,690221,3,1,0,2
690223,690228,6,3,1,2
690233,690235,3,2,0,1
690239,690240,2,1,0,1
690260,690261,2,1,0,1
690288,690289,2,1,0,1
690290,690293,4,3,0,1
690309,690312,4,2,1,1
690314,690317,4,2,1,1
690334,690335,2,1,0,1
690339,690340,2,1,0,1
690349,690350,2,1,0,1
690372,690373,2,1,0,1
690378,690380,3,1,0,2
690421,690422,2,1,0,1
690436,690439,4,2,1,1
690444,690449,6,4,1,1
690474,690478,5,2,1,2
690479,690480,2,1,0,1
690483,690485,3,2,0,1
690497,690500,4,3,0,1
690507,690510,4,1,2,1
690516,690519,4,3,0,1
690520,690521,2,1,0,1
690531,690532,2,1,0,1
690579,690580,2,1,0,1
690593,690596,4,1,0,3
690600,690603,4,1,1,2
690623,690625,3,1,1,1
690628,690629,2,1,0,1
690636,690637,2,1,0,1
690682,690684,3,1,0,2
690990,690995,6,5,0,1
691174,691179,6,5,0,1
691204,691209,6,5,0,1
691468,691472,5,4,0,1
691513,691518,6,5,0,1
691549,691554,6,5,0,1
691582,691587,6,5,0,1
691744,691747,4,2,1,1
691761,691763,3,2,0,1
691784,691786,3,2,0,1
691906,691911,6,5,0,1
691952,691956,5,2,2,1
692135,692137,3,2,0,1
692291,692293,3,2,0,1
692358,692360,3,2,0,1
692521,692523,3,2,0,1
692524,692525,2,1,0,1
692540,692543,4,3,0,1
692654,692657,4,3,0,1
692700,692705,6,5,0,1
692747,692751,5,2,2,1
692875,692876,2,1,0,1
692931,692935,5,3,1,1
692950,692952,3,1,1,1
693001,693003,3,1,1,1
693115,693119,5,3,1,1
693136,693137,2,1,0,1
693204,693205,2,1,0,1
693261,693262,2,1,0,1
693284,693289,6,5,0,1
693317,693318,2,1,0,1
693334,693337,4,3,0,1
693372,693374,3,2,0,1
693398,693400,3,2,0,1
693444,693445,2,1,0,1
693446,693447,2,1,0,1
693514,693518,5,1,3,1
693531,693532,2,1,0,1
693666,693668,3,2,0,1
693691,693692,2,1,0,1
693934,693935,2,1,0,1
693936,693937,2,1,0,1
693956,693960,5,4,0,1
694013,694015,3,2,0,1
694107,694113,7,5,1,1
694131,694134,4,3,0,1
694169,694170,2,1,0,1
694189,694190,2,1,0,1
694299,694305,7,5,1,1
694342,694347,6,5,0,1
694352,694354,3,2,0,1
694428,694432,5,4,0,1
694517,694519,3,1,1,1
694530,694531,2,1,0,1
694533,694536,4,3,0,1
694552,694558,7,4,2,1
694581,694586,6,5,0,1
694592,694596,5,4,0,1
694597,694599,3,1,1,1
694639,694640,2,1,0,1
694728,694732,5,4,0,1
694967,694969,3,2,0,1
694976,694978,3,2,0,1
694994,694996,3,2,0,1
695059,695065,7,5,1,1
695244,695249,6,5,0,1
695257,695262,6,5,0,1
695265,695267,3,2,0,1
695269,695274,6,5,0,1
695281,695284,4,3,0,1
695313,695315,3,2,0,1
695392,695394,3,2,0,1
695442,695447,6,5,0,1
695506,695509,4,2,1,1
695560,695561,2,1,0,1
695564,695568,5,4,0,1
695586,695587,2,1,0,1
695635,695639,5,4,0,1
695643,695644,2,1,0,1
695653,695654,2,1,0,1
695660,695661,2,1,0,1
695676,695681,6,5,0,1
695682,695687,6,4,1,1
695763,695768,6,5,0,1
695797,695803,7,5,1,1
695804,695810,7,3,3,1
695830,695832,3,2,0,1
695833,695838,6,5,0,1
695882,695886,5,3,1,1
695897,695900,4,1,2,1
695901,695903,3,2,0,1
695905,695910,6,5,0,1
695926,695929,4,3,0,1
695943,695947,5,3,1,1
695991,695997,7,5,1,1
696035,696039,5,3,1,1
696047,696052,6,4,1,1
696066,696067,2,1,0,1
696070,696072,3,2,0,1
696145,696148,4,1,2,1
696158,696160,3,2,0,1
696161,696168,8,5,1,2
696218,696219,2,1,0,1
696227,696229,3,1,1,1
696260,696264,5,4,0,1
696265,696267,3,2,0,1
696307,696308,2,1,0,1
696319,696322,4,3,0,1
696347,696353,7,5,1,1
696420,696424,5,4,0,1
696432,696433,2,1,0,1
696486,696488,3,1,1,1
696548,696552,5,3,1,1
696567,696571,5,4,0,1
696590,696593,4,3,0,1
696598,696603,6,5,0,1
696604,696606,3,1,1,1
696645,696650,6,5,0,1
696662,696667,6,5,0,1
696715,696717,3,2,0,1
696721,696722,2,1,0,1
696744,696749,6,5,0,1
696832,696833,2,1,0,1
696922,696925,4,3,0,1
696934,696935,2,1,0,1
696968,696971,4,3,0,1
696976,696978,3,2,0,1
696995,696997,3,2,0,1
697011,697016,6,5,0,1
697079,697082,4,3,0,1
697097,697098,2,1,0,1
697102,697106,5,4,0,1
697135,697138,4,3,0,1
697140,697144,5,4,0,1
697192,697193,2,1,0,1
697236,697237,2,1,0,1
697243,697245,3,2,0,1
697266,697267,2,1,0,1
697313,697319,7,4,2,1
697321,697326,6,5,0,1
697334,697339,6,5,0,1
697345,697350,6,5,0,1
697351,697353,3,2,0,1
697358,697360,3,1,1,1
697390,697391,2,1,0,1
697455,697457,3,1,1,1
697460,697464,5,3,1,1
697506,697511,6,5,0,1
697562,697565,4,3,0,1
697572,697574,3,1,0,2
697579,697588,10,5,4,1
697590,697594,5,2,1,2
697595,697596,2,1,0,1
697597,697599,3,2,0,1
697664,697671,8,4,3,1
697720,697726,7,5,1,1
697761,697762,2,1,0,1
697802,697803,2,1,0,1
697817,697818,2,1,0,1
697819,697823,5,4,0,1
697834,697840,7,4,1,2
697856,697859,4,3,0,1
697909,697916,8,3,4,1
697917,697921,5,4,0,1
697936,697941,6,3,2,1
697964,697965,2,1,0,1
697971,697972,2,1,0,1
697976,697980,5,4,0,1
698008,698010,3,2,0,1
698025,698026,2,1,0,1
698040,698043,4,3,0,1
698048,698053,6,4,0,2
698086,698087,2,1,0,1
698094,698096,3,2,0,1
698108,698110,3,2,0,1
698123,698129,7,4,2,1
698162,698163,2,1,0,1
698276,698277,2,1,0,1
698287,698292,6,5,0,1
698373,698379,7,3,3,1
698389,698394,6,5,0,1
698457,698459,3,2,0,1
698476,698479,4,2,1,1
698502,698503,2,1,0,1
698506,698508,3,2,0,1
698595,698596,2,1,0,1
698647,698651,5,4,0,1
698657,698660,4,3,0,1
698682,698683,2,1,0,1
698739,698743,5,2,2,1
698746,698750,5,4,0,1
698783,698787,5,3,1,1
698793,698795,3,1,0,2
698809,698815,7,5,1,1
698843,698846,4,3,0,1
698867,698868,2,1,0,1
698870,698875,6,5,0,1
698890,698891,2,1,0,1
698914,698919,6,4,0,2
698920,698925,6,5,0,1
698978,698979,2,1,0,1
699028,699031,4,1,2,1
699034,699037,4,3,0,1
699046,699050,5,3,1,1
699053,699058,6,5,0,1
699075,699077,3,1,1,1
699088,699092,5,4,0,1
699135,699137,3,2,0,1
699155,699161,7,5,1,1
699180,699185,6,5,0,1
699206,699207,2,1,0,1
699232,699234,3,1,1,1
699250,699256,7,5,1,1
699295,699298,4,2,1,1
699333,699339,7,5,1,1
699359,699360,2,1,0,1
699363,699367,5,1,3,1
699379,699380,2,1,0,1
699381,699382,2,1,0,1
699548,699555,8,5,2,1
699557,699559,3,2,0,1
699569,699573,5,2,2,1
699605,699609,5,4,0,1
699712,699715,4,3,0,1
699736,699740,5,4,0,1
699752,699753,2,1,0,1
699760,699763,4,1,1,2
699767,699769,3,1,1,1
699805,699808,4,1,2,1
699818,699820,3,1,0,2
699825,699827,3,1,0,2
699841,699843,3,1,0,2
699856,699857,2,1,0,1
699892,699894,3,1,0,2
699895,699896,2,1,0,1
699911,699912,2,1,0,1
699914,699916,3,1,1,1
699955,699959,5,1,1,3
699969,699970,2,1,0,1
699981,699983,3,1,0,2
700013,700014,2,1,0,1
700040,700043,4,2,1,1
700063,700066,4,1,0,3
700085,700089,5,1,0,4
700112,700115,4,1,0,3
700123,700127,5,1,0,4
700150,700151,2,1,0,1
700186,700187,2,1,0,1
700244,700246,3,1,1,1
700271,700272,2,1,0,1
700273,700274,2,1,0,1
700281,700285,5,1,3,1
700291,700293,3,1,1,1
700308,700310,3,1,0,2
700343,700345,3,1,1,1
700352,700356,5,1,0,4
700391,700392,2,1,0,1
700394,700396,3,1,0,2
700402,700403,2,1,0,1
700411,700412,2,1,0,1
700439,700440,2,1,0,1
700450,700451,2,1,0,1
700467,700468,2,1,0,1
700493,700497,5,1,0,4
700498,700501,4,1,2,1
700505,700507,3,1,0,2
700508,700509,2,1,0,1
700511,700514,4,3,0,1
700564,700565,2,1,0,1
700570,700572,3,1,1,1
700605,700607,3,2,0,1
700631,700635,5,2,1,2
700642,700649,8,5,0,3
700654,700657,4,1,0,3
700659,700660,2,1,0,1
700703,700704,2,1,0,1
700715,700718,4,2,0,2
700751,700755,5,4,0,1
700768,700770,3,1,0,2
700771,700773,3,1,1,1
700774,700776,3,2,0,1
700797,700798,2,1,0,1
700808,700810,3,2,0,1
700816,700818,3,1,0,2
700824,700827,4,1,0,3
700880,700882,3,2,0,1
700911,700912,2,1,0,1
700946,700952,7,4,0,3
700975,700976,2,1,0,1
700992,700998,7,5,0,2
700999,701001,3,1,0,2
701005,701006,2,1,0,1
701046,701051,6,5,0,1
701091,701099,9,1,0,8
701117,701120,4,1,0,3
701123,701128,6,1,3,2
701131,701135,5,3,1,1
701136,701141,6,1,0,5
701154,701156,3,1,1,1
701168,701169,2,1,0,1
701205,701208,4,1,0,3
701225,701227,3,1,1,1
701301,701307,7,5,1,1
701337,701340,4,1,0,3
701341,701343,3,1,0,2
701460,701466,7,5,1,1
701501,701503,3,1,0,2
701504,701506,3,2,0,1
701536,701544,9,5,0,4
701609,701616,8,1,1,6
701656,701659,4,1,0,3
701665,701666,2,1,0,1
701688,701691,4,1,0,3
701732,701735,4,1,2,1
701740,701742,3,1,0,2
701824,701825,2,1,0,1
701828,701831,4,1,0,3
701833,701851,19,2,0,17
701932,701938,7,3,3,1
701939,701942,4,1,1,2
701943,701948,6,1,0,5
701969,701970,2,1,0,1
701973,701975,3,1,0,2
702012,702017,6,1,2,3
702026,702029,4,2,1,1
702061,702063,3,1,0,2
702101,702102,2,1,0,1
702113,702114,2,1,0,1
702115,702118,4,1,1,2
702138,702140,3,1,0,2
702167,702168,2,1,0,1
702211,702212,2,1,0,1
702213,702218,6,1,0,5
702224,702229,6,1,0,5
702243,702244,2,1,0,1
702245,702247,3,1,0,2
702256,702257,2,1,0,1
702261,702263,3,1,1,1
702264,702265,2,1,0,1
702279,702280,2,1,0,1
702285,702286,2,1,0,1
702295,702298,4,2,0,2
702305,702307,3,2,0,1
702309,702315,7,1,0,6
702319,702327,9,1,0,8
702356,702357,2,1,0,1
702366,702368,3,1,1,1
702380,702381,2,1,0,1
702423,702426,4,2,0,2
702488,702492,5,2,2,1
702556,702565,10,5,0,5
702631,702635,5,1,1,3
702711,702716,6,1,0,5
702773,702774,2,1,0,1
702785,702786,2,1,0,1
702790,702795,6,2,0,4
702866,702867,2,1,0,1
702868,702874,7,1,2,4
702875,702879,5,1,0,4
702892,702894,3,2,0,1
702905,702906,2,1,0,1
702931,702934,4,1,0,3
702957,702958,2,1,0,1
702959,702961,3,1,0,2
702990,702993,4,2,1,1
702994,702995,2,1,0,1
702998,703002,5,1,2,2
703011,703012,2,1,0,1
703067,703070,4,3,0,1
703071,703074,4,1,0,3
703116,703121,6,5,0,1
703122,703127,6,5,0,1
703182,703183,2,1,0,1
703216,703218,3,1,0,2
703405,703409,5,3,0,2
703421,703422,2,1,0,1
703467,703468,2,1,0,1
703714,703716,3,2,0,1
703788,703789,2,1,0,1
703904,703906,3,1,1,1
703928,703931,4,1,0,3
704029,704031,3,1,0,2
704036,704038,3,1,1,1
704039,704040,2,1,0,1
704052,704053,2,1,0,1
704054,704057,4,2,1,1
704058,704059,2,1,0,1
704062,704065,4,1,0,3
704073,704074,2,1,0,1
704075,704076,2,1,0,1
704085,704089,5,4,0,1
704102,704117,16,1,2,13
704251,704254,4,3,0,1
704266,704268,3,1,0,2
704290,704292,3,1,1,1
704309,704316,8,4,1,3
704348,704350,3,1,1,1
704378,704379,2,1,0,1
704389,704392,4,3,0,1
704393,704401,9,1,0,8
704815,704817,3,1,0,2
704832,704835,4,3,0,1
705030,705033,4,2,1,1
705042,705044,3,1,1,1
705378,705379,2,1,0,1
705396,705397,2,1,0,1
705398,705399,2,1,0,1
705403,705408,6,2,0,4
705478,705480,3,2,0,1
705485,705489,5,2,2,1
705626,705627,2,1,0,1
705640,705641,2,1,0,1
705646,705647,2,1,0,1
705746,705748,3,1,0,2
705808,705809,2,1,0,1
705859,705860,2,1,0,1
705863,705866,4,3,0,1
705922,705923,2,1,0,1
705928,705933,6,4,0,2
705935,705936,2,1,0,1
705945,705947,3,1,0,2
706029,706030,2,1,0,1
706041,706045,5,1,1,3
706048,706049,2,1,0,1
706092,706097,6,3,1,2
706114,706118,5,1,0,4
706261,706263,3,2,0,1
706308,706323,16,1,0,15
706394,706397,4,2,0,2
706412,706414,3,1,1,1
706427,706430,4,2,0,2
706965,706971,7,5,1,1
706978,706979,2,1,0,1
706984,706985,2,1,0,1
706996,706997,2,1,0,1
707145,707146,2,1,0,1
707254,707256,3,1,1,1
707265,707269,5,1,1,3
707423,707429,7,3,0,4
707431,707435,5,1,0,4
707436,707444,9,1,0,8
707504,707510,7,5,1,1
707570,707572,3,1,1,1
707584,707585,2,1,0,1
707586,707590,5,1,0,4
707617,707624,8,4,0,4
707630,707632,3,2,0,1
707635,707639,5,4,0,1
707706,707708,3,1,0,2
707839,707846,8,1,0,7
707857,707858,2,1,0,1
707861,707863,3,1,0,2
707940,707941,2,1,0,1
707977,707979,3,1,0,2
708050,708051,2,1,0,1
708094,708100,7,1,0,6
708110,708119,10,2,0,8
708128,708129,2,1,0,1
708183,708184,2,1,0,1
708188,708190,3,2,0,1
708216,708217,2,1,0,1
708221,708223,3,2,0,1
708255,708258,4,1,2,1
708395,708397,3,1,0,2
708423,708429,7,1,2,4
708542,708544,3,1,1,1
708651,708652,2,1,0,1
708666,708670,5,1,0,4
708671,708677,7,2,0,5
708707,708708,2,1,0,1
708733,708743,11,1,0,10
708759,708760,2,1,0,1
708827,708828,2,1,0,1
708991,708995,5,2,0,3
709084,709085,2,1,0,1
709140,709141,2,1,0,1
709178,709179,2,1,0,1
709343,709344,2,1,0,1
709448,709449,2,1,0,1
709653,709654,2,1,0,1
709662,709664,3,2,0,1
709671,709672,2,1,0,1
709835,709838,4,1,2,1
709855,709857,3,1,0,2
709898,709899,2,1,0,1
709931,709935,5,3,0,2
709969,709971,3,1,1,1
710892,710896,5,3,0,2
710897,710898,2,1,0,1
711395,711398,4,2,1,1
711433,711435,3,1,0,2
711548,711550,3,1,0,2
712018,712019,2,1,0,1
712350,712352,3,1,1,1
712920,712921,2,1,0,1
712929,712931,3,1,1,1
713033,713034,2,1,0,1
713204,713206,3,1,1,1
713843,713846,4,1,2,1
714608,714609,2,1,0,1
714782,714784,3,2,0,1
714800,714801,2,1,0,1
714809,714811,3,2,0,1
714812,714814,3,1,1,1
714824,714827,4,3,0,1
714828,714830,3,1,1,1
714831,714834,4,2,1,1
714835,714836,2,1,0,1
714842,714845,4,1,2,1
714849,714850,2,1,0,1
714851,714853,3,2,0,1
714861,714864,4,3,0,1
714866,714868,3,2,0,1
714873,714874,2,1,0,1
714901,714902,2,1,0,1
714914,714917,4,3,0,1
714920,714923,4,3,0,1
714928,714929,2,1,0,1
714930,714937,8,5,1,2
714938,714942,5,4,0,1
714991,714993,3,2,0,1
715002,715004,3,1,1,1
715005,715008,4,1,2,1
715015,715016,2,1,0,1
715034,715035,2,1,0,1
715047,715048,2,1,0,1
715087,715089,3,1,1,1
715110,715112,3,1,1,1
715116,715120,5,4,0,1
715129,715131,3,2,0,1
715188,715192,5,4,0,1
715204,715207,4,3,0,1
715211,715216,6,5,0,1
715217,715219,3,2,0,1
715224,715226,3,1,1,1
715232,715233,2,1,0,1
715270,715278,9,5,2,2
715286,715289,4,3,0,1
715332,715335,4,1,2,1
715336,715337,2,1,0,1
715340,715346,7,5,0,2
715350,715352,3,2,0,1
715381,715384,4,1,1,2
715385,715388,4,2,1,1
715395,715400,6,5,0,1
715414,715419,6,5,0,1
715444,715445,2,1,0,1
715446,715448,3,1,1,1
715455,715459,5,2,2,1
715472,715476,5,1,3,1
715482,715488,7,3,2,2
715494,715496,3,2,0,1
715498,715500,3,2,0,1
715510,715513,4,3,0,1
715523,715526,4,2,0,2
715552,715553,2,1,0,1
715563,715564,2,1,0,1
715565,715566,2,1,0,1
715567,715568,2,1,0,1
715585,715586,2,1,0,1
715600,715601,2,1,0,1
715606,715608,3,1,1,1
715618,715619,2,1,0,1
715632,715637,6,5,0,1
715638,715639,2,1,0,1
715643,715647,5,4,0,1
715648,715649,2,1,0,1
715663,715665,3,1,0,2
715689,715690,2,1,0,1
715695,715698,4,3,0,1
715702,715704,3,2,0,1
715728,715729,2,1,0,1
715731,715733,3,1,0,2
715749,715750,2,1,0,1
715756,715757,2,1,0,1
715774,715775,2,1,0,1
715786,715787,2,1,0,1
715794,715795,2,1,0,1
715811,715813,3,1,1,1
715814,715816,3,2,0,1
715822,715824,3,2,0,1
715830,715835,6,5,0,1
715853,715854,2,1,0,1
715863,715864,2,1,0,1
715865,715866,2,1,0,1
715868,715869,2,1,0,1
715879,715882,4,1,2,1
715883,715885,3,1,1,1
715890,715892,3,1,1,1
715899,715900,2,1,0,1
715902,715904,3,2,0,1
715913,715916,4,3,0,1
715917,715918,2,1,0,1
715927,715930,4,3,0,1
715940,715942,3,1,0,2
715960,715962,3,2,0,1
716012,716018,7,2,4,1
716029,716031,3,1,0,2
716044,716045,2,1,0,1
716046,716047,2,1,0,1
716058,716059,2,1,0,1
716091,716092,2,1,0,1
716114,716115,2,1,0,1
716116,716121,6,5,0,1
716155,716160,6,3,2,1
716169,716172,4,3,0,1
716173,716176,4,3,0,1
716177,716180,4,3,0,1
716194,716200,7,5,1,1
716210,716212,3,1,1,1
716219,716222,4,3,0,1
716241,716243,3,2,0,1
716255,716259,5,3,1,1
716284,716289,6,1,4,1
716344,716345,2,1,0,1
716349,716350,2,1,0,1
716384,716386,3,2,0,1
716395,716396,2,1,0,1
716416,716418,3,2,0,1
716439,716441,3,1,1,1
716442,716446,5,3,1,1
716453,716454,2,1,0,1
716456,716458,3,2,0,1
716477,716479,3,2,0,1
716496,716499,4,2,1,1
716500,716503,4,3,0,1
716511,716513,3,1,1,1
716530,716532,3,1,1,1
716533,716534,2,1,0,1
716566,716568,3,2,0,1
716571,716574,4,2,1,1
716608,716612,5,1,3,1
716619,716622,4,2,0,2
716643,716644,2,1,0,1
716660,716662,3,2,0,1
716667,716671,5,4,0,1
716704,716705,2,1,0,1
716750,716753,4,2,1,1
716801,716804,4,2,0,2
716825,716828,4,2,1,1
716831,716832,2,1,0,1
716833,716835,3,1,1,1
716838,716839,2,1,0,1
716840,716841,2,1,0,1
716846,716847,2,1,0,1
716848,716852,5,4,0,1
716854,716856,3,1,1,1
716865,716868,4,3,0,1
716871,716876,6,4,1,1
716880,716883,4,2,1,1
716888,716889,2,1,0,1
716907,716910,4,1,2,1
716919,716922,4,1,2,1
716951,716953,3,1,0,2
716968,716974,7,5,1,1
716987,716988,2,1,0,1
716989,716990,2,1,0,1
717016,717018,3,2,0,1
717027,717028,2,1,0,1
717042,717045,4,3,0,1
717048,717052,5,1,3,1
717053,717057,5,3,1,1
717072,717073,2,1,0,1
717076,717078,3,1,1,1
717081,717082,2,1,0,1
717088,717094,7,4,1,2
717096,717097,2,1,0,1
717108,717112,5,1,3,1
717122,717125,4,2,1,1
717128,717131,4,1,2,1
717134,717135,2,1,0,1
717180,717181,2,1,0,1
717185,717188,4,2,1,1
717202,717204,3,2,0,1
717205,717209,5,2,1,2
717219,717222,4,2,0,2
717223,717226,4,2,1,1
717243,717245,3,2,0,1
717247,717249,3,1,1,1
717288,717289,2,1,0,1
717295,717298,4,2,1,1
717330,717334,5,2,2,1
717354,717355,2,1,0,1
717359,717361,3,2,0,1
717372,717373,2,1,0,1
717386,717388,3,1,1,1
717398,717400,3,2,0,1
717414,717416,3,2,0,1
717420,717421,2,1,0,1
717426,717427,2,1,0,1
717428,717429,2,1,0,1
717432,717433,2,1,0,1
717434,717435,2,1,0,1
717445,717447,3,1,1,1
717448,717449,2,1,0,1
717453,717455,3,2,0,1
717463,717465,3,2,0,1
717472,717475,4,1,1,2
717498,717499,2,1,0,1
717501,717502,2,1,0,1
717527,717531,5,2,2,1
717545,717547,3,2,0,1
717567,717568,2,1,0,1
717569,717571,3,1,0,2
717572,717575,4,2,1,1
717603,717605,3,2,0,1
717625,717629,5,4,0,1
717630,717632,3,1,0,2
717656,717657,2,1,0,1
717658,717660,3,2,0,1
717662,717664,3,1,1,1
717731,717733,3,2,0,1
717741,717745,5,3,1,1
717750,717752,3,1,1,1
717777,717778,2,1,0,1
717825,717829,5,1,3,1
717850,717853,4,1,2,1
717855,717856,2,1,0,1
717863,717864,2,1,0,1
717888,717890,3,1,0,2
717892,717893,2,1,0,1
717900,717901,2,1,0,1
717905,717906,2,1,0,1
717919,717920,2,1,0,1
717924,717925,2,1,0,1
717941,717945,5,4,0,1
717982,717984,3,1,1,1
717985,717989,5,4,0,1
718001,718002,2,1,0,1
718046,718048,3,2,0,1
718052,718053,2,1,0,1
718063,718064,2,1,0,1
718065,718066,2,1,0,1
718070,718071,2,1,0,1
718090,718092,3,2,0,1
718103,718105,3,2,0,1
718109,718112,4,3,0,1
718149,718150,2,1,0,1
718176,718177,2,1,0,1
718178,718183,6,5,0,1
718195,718197,3,2,0,1
718205,718206,2,1,0,1
718215,718217,3,1,1,1
718218,718219,2,1,0,1
718223,718227,5,2,2,1
718247,718249,3,1,0,2
718266,718270,5,3,1,1
718277,718281,5,2,2,1
718282,718283,2,1,0,1
718321,718322,2,1,0,1
718334,718335,2,1,0,1
718337,718339,3,2,0,1
718353,718355,3,1,1,1
718358,718359,2,1,0,1
718372,718374,3,2,0,1
718376,718378,3,2,0,1
718412,718414,3,2,0,1
718422,718427,6,3,2,1
718459,718462,4,3,0,1
718463,718465,3,1,1,1
718494,718495,2,1,0,1
718496,718497,2,1,0,1
718509,718514,6,5,0,1
718519,718521,3,2,0,1
718527,718530,4,3,0,1
718544,718547,4,3,0,1
718567,718569,3,1,0,2
718585,718586,2,1,0,1
718607,718610,4,3,0,1
718618,718619,2,1,0,1
718631,718634,4,2,0,2
718669,718674,6,4,1,1
718698,718700,3,1,0,2
718705,718706,2,1,0,1
718716,718717,2,1,0,1
718733,718737,5,4,0,1
718761,718763,3,1,1,1
718779,718782,4,2,0,2
718783,718784,2,1,0,1
718809,718811,3,1,0,2
718820,718822,3,1,1,1
718823,718826,4,2,0,2
718829,718830,2,1,0,1
718832,718835,4,1,2,1
718838,718839,2,1,0,1
718840,718842,3,1,1,1
718843,718846,4,2,1,1
718847,718850,4,3,0,1
718852,718854,3,2,0,1
718857,718858,2,1,0,1
718859,718860,2,1,0,1
718861,718865,5,3,0,2
718874,718876,3,2,0,1
718884,718885,2,1,0,1
718898,718902,5,2,2,1
718924,718927,4,1,2,1
718977,718982,6,2,2,2
718991,718992,2,1,0,1
719022,719024,3,2,0,1
719025,719026,2,1,0,1
719028,719029,2,1,0,1
719054,719056,3,1,1,1
719057,719058,2,1,0,1
719075,719076,2,1,0,1
719097,719099,3,2,0,1
719140,719141,2,1,0,1
719149,719151,3,2,0,1
719179,719180,2,1,0,1
719220,719222,3,2,0,1
719252,719257,6,3,2,1
719281,719285,5,3,0,2
719316,719317,2,1,0,1
719318,719320,3,1,1,1
719352,719353,2,1,0,1
719383,719386,4,3,0,1
719393,719395,3,2,0,1
719403,719406,4,2,1,1
719430,719434,5,4,0,1
719440,719444,5,3,0,2
719464,719468,5,3,0,2
719472,719474,3,1,1,1
719521,719522,2,1,0,1
719528,719531,4,2,1,1
719576,719578,3,1,1,1
719582,719583,2,1,0,1
719592,719596,5,4,0,1
719605,719607,3,1,0,2
719626,719628,3,1,0,2
719632,719633,2,1,0,1
719659,719661,3,2,0,1
719693,719694,2,1,0,1
719704,719705,2,1,0,1
719733,719735,3,2,0,1
719741,719744,4,3,0,1
719750,719752,3,2,0,1
719762,719764,3,2,0,1
719811,719813,3,1,1,1
719826,719829,4,3,0,1
719836,719839,4,1,1,2
719840,719842,3,1,1,1
719852,719855,4,1,2,1
719863,719864,2,1,0,1
719868,719872,5,4,0,1
719876,719877,2,1,0,1
719880,719882,3,1,1,1
719885,719888,4,1,1,2
719890,719891,2,1,0,1
719917,719919,3,2,0,1
719921,719926,6,3,2,1
719927,719929,3,1,1,1
719942,719944,3,1,1,1
719951,719955,5,4,0,1
719962,719964,3,1,1,1
719976,719980,5,3,0,2
719991,719992,2,1,0,1
719994,719998,5,4,0,1
719999,720001,3,2,0,1
720016,720018,3,1,1,1
720051,720052,2,1,0,1
720069,720070,2,1,0,1
720074,720076,3,1,1,1
720084,720088,5,2,2,1
720098,720100,3,2,0,1
720102,720104,3,1,1,1
720105,720108,4,3,0,1
720130,720131,2,1,0,1
720132,720134,3,1,1,1
720174,720177,4,3,0,1
720226,720227,2,1,0,1
720228,720229,2,1,0,1
720256,720257,2,1,0,1
720259,720261,3,1,0,2
720272,720275,4,3,0,1
720308,720309,2,1,0,1
720316,720317,2,1,0,1
720328,720331,4,1,0,3
720332,720334,3,2,0,1
720344,720348,5,1,3,1
720355,720359,5,4,0,1
720379,720380,2,1,0,1
720391,720393,3,2,0,1
720396,720398,3,1,1,1
720405,720406,2,1,0,1
720409,720410,2,1,0,1
720421,720424,4,1,2,1
720479,720480,2,1,0,1
720484,720485,2,1,0,1
720486,720487,2,1,0,1
720488,720490,3,1,1,1
720506,720508,3,1,1,1
720519,720521,3,1,1,1
720527,720528,2,1,0,1
720529,720531,3,1,1,1
720588,720591,4,2,0,2
720596,720598,3,2,0,1
720606,720608,3,1,1,1
720613,720616,4,3,0,1
720670,720671,2,1,0,1
720681,720685,5,3,1,1
720693,720694,2,1,0,1
720701,720702,2,1,0,1
720709,720711,3,2,0,1
720714,720716,3,2,0,1
720732,720734,3,2,0,1
720776,720777,2,1,0,1
720782,720783,2,1,0,1
720835,720836,2,1,0,1
720860,720863,4,3,0,1
720864,720867,4,1,2,1
720875,720879,5,2,2,1
720919,720920,2,1,0,1
720921,720924,4,3,0,1
720928,720929,2,1,0,1
720939,720940,2,1,0,1
720945,720946,2,1,0,1
720955,720957,3,2,0,1
720983,720988,6,1,2,3
720989,720990,2,1,0,1
720993,720995,3,2,0,1
720999,721000,2,1,0,1
721010,721011,2,1,0,1
721012,721013,2,1,0,1
721023,721024,2,1,0,1
721034,721036,3,1,0,2
721038,721040,3,2,0,1
721041,721046,6,4,0,2
721051,721053,3,1,1,1
721061,721062,2,1,0,1
721063,721066,4,3,0,1
721079,721080,2,1,0,1
721085,721088,4,1,1,2
721103,721105,3,2,0,1
721142,721144,3,1,1,1
721151,721153,3,1,1,1
721159,721165,7,3,2,2
721166,721170,5,3,1,1
721171,721172,2,1,0,1
721190,721193,4,1,1,2
721217,721218,2,1,0,1
721226,721229,4,2,1,1
721252,721253,2,1,0,1
721263,721266,4,1,2,1
721279,721282,4,2,1,1
721310,721314,5,4,0,1
721320,721322,3,2,0,1
721323,721327,5,1,3,1
721333,721338,6,3,2,1
721350,721352,3,2,0,1
721376,721379,4,2,1,1
721389,721391,3,2,0,1
721399,721400,2,1,0,1
721424,721426,3,1,0,2
721471,721472,2,1,0,1
721473,721474,2,1,0,1
721477,721479,3,1,1,1
721482,721487,6,5,0,1
721559,721562,4,3,0,1
721568,721569,2,1,0,1
721575,721577,3,2,0,1
721642,721645,4,2,1,1
721655,721658,4,3,0,1
721681,721683,3,1,1,1
721705,721706,2,1,0,1
721720,721721,2,1,0,1
721732,721735,4,3,0,1
721737,721738,2,1,0,1
721766,721769,4,3,0,1
721773,721774,2,1,0,1
721776,721779,4,2,1,1
721783,721787,5,4,0,1
721788,721789,2,1,0,1
721795,721798,4,3,0,1
721825,721826,2,1,0,1
721827,721829,3,1,0,2
721833,721836,4,1,2,1
721844,721846,3,2,0,1
721851,721854,4,3,0,1
721872,721874,3,2,0,1
721886,721887,2,1,0,1
721891,721892,2,1,0,1
721897,721900,4,3,0,1
721918,721920,3,2,0,1
721922,721925,4,1,2,1
721946,721947,2,1,0,1
721975,721979,5,4,0,1
721986,721988,3,2,0,1
722008,722009,2,1,0,1
722030,722031,2,1,0,1
722053,722056,4,2,1,1
722087,722089,3,1,1,1
722106,722107,2,1,0,1
722109,722112,4,2,1,1
722136,722141,6,2,2,2
722146,722149,4,1,2,1
722151,722152,2,1,0,1
722159,722164,6,5,0,1
722171,722173,3,1,1,1
722179,722180,2,1,0,1
722183,722188,6,4,1,1
722190,722192,3,2,0,1
722200,722204,5,1,3,1
722217,722218,2,1,0,1
722232,722233,2,1,0,1
722249,722251,3,1,1,1
722252,722253,2,1,0,1
722275,722282,8,4,3,1
722295,722298,4,3,0,1
722300,722303,4,2,1,1
722310,722311,2,1,0,1
722312,722313,2,1,0,1
722329,722330,2,1,0,1
722340,722342,3,2,0,1
722357,722358,2,1,0,1
722368,722372,5,4,0,1
722374,722376,3,1,1,1
722382,722384,3,1,1,1
722443,722445,3,2,0,1
722446,722450,5,2,2,1
722468,722470,3,1,1,1
722482,722488,7,3,2,2
722506,722508,3,1,1,1
722519,722520,2,1,0,1
722528,722530,3,1,0,2
722581,722583,3,2,0,1
722610,722615,6,5,0,1
722620,722622,3,1,1,1
722628,722630,3,2,0,1
722647,722648,2,1,0,1
722655,722660,6,4,1,1
722670,722673,4,2,1,1
722684,722687,4,3,0,1
722691,722694,4,2,1,1
722708,722710,3,1,1,1
722736,722738,3,1,1,1
722740,722742,3,1,0,2
722745,722747,3,2,0,1
722758,722759,2,1,0,1
722773,722774,2,1,0,1
722791,722792,2,1,0,1
722799,722801,3,2,0,1
722820,722821,2,1,0,1
722858,722859,2,1,0,1
722862,722863,2,1,0,1
722868,722872,5,3,0,2
722878,722881,4,1,2,1
722889,722890,2,1,0,1
722910,722913,4,2,1,1
722935,722940,6,3,2,1
722947,722948,2,1,0,1
722990,722991,2,1,0,1
722998,723003,6,5,0,1
723004,723009,6,5,0,1
723024,723025,2,1,0,1
723026,723030,5,4,0,1
723035,723038,4,1,2,1
723043,723046,4,3,0,1
723049,723052,4,2,1,1
723063,723065,3,1,1,1
723076,723078,3,2,0,1
723106,723109,4,3,0,1
723113,723118,6,4,1,1
723128,723129,2,1,0,1
723139,723140,2,1,0,1
723155,723159,5,3,1,1
723165,723166,2,1,0,1
723176,723178,3,2,0,1
723179,723185,7,1,5,1
723191,723192,2,1,0,1
723200,723201,2,1,0,1
723221,723225,5,2,2,1
723228,723229,2,1,0,1
723231,723236,6,2,3,1
723244,723247,4,3,0,1
723260,723262,3,1,1,1
723272,723275,4,1,2,1
723281,723285,5,1,3,1
723286,723290,5,4,0,1
723315,723317,3,1,1,1
723339,723342,4,2,1,1
723366,723368,3,2,0,1
723371,723372,2,1,0,1
723384,723389,6,4,0,2
723421,723424,4,1,2,1
723431,723432,2,1,0,1
723433,723435,3,2,0,1
723463,723466,4,1,2,1
723469,723470,2,1,0,1
723471,723473,3,2,0,1
723483,723484,2,1,0,1
723485,723487,3,2,0,1
723518,723519,2,1,0,1
723520,723522,3,1,1,1
723531,723532,2,1,0,1
723543,723544,2,1,0,1
723554,723556,3,1,1,1
723557,723560,4,3,0,1
723598,723602,5,2,0,3
723613,723615,3,2,0,1
723616,723617,2,1,0,1
723618,723623,6,4,0,2
723626,723628,3,2,0,1
723633,723635,3,2,0,1
723657,723658,2,1,0,1
723667,723668,2,1,0,1
723675,723676,2,1,0,1
723681,723684,4,2,0,2
723690,723695,6,5,0,1
723696,723699,4,3,0,1
723707,723710,4,2,1,1
723713,723716,4,3,0,1
723719,723723,5,4,0,1
723741,723743,3,2,0,1
723744,723747,4,2,1,1
723762,723766,5,4,0,1
723791,723793,3,1,1,1
723794,723796,3,2,0,1
723856,723858,3,1,1,1
723874,723878,5,4,0,1
723898,723900,3,2,0,1
723905,723907,3,2,0,1
723909,723910,2,1,0,1
723911,723915,5,4,0,1
723919,723920,2,1,0,1
723941,723942,2,1,0,1
723958,723960,3,2,0,1
723968,723970,3,2,0,1
723984,723985,2,1,0,1
724011,724012,2,1,0,1
724020,724021,2,1,0,1
724029,724030,2,1,0,1
724041,724042,2,1,0,1
724054,724056,3,1,1,1
724122,724123,2,1,0,1
724153,724154,2,1,0,1
724287,724288,2,1,0,1
724293,724294,2,1,0,1
724425,724426,2,1,0,1
724430,724431,2,1,0,1
724535,724536,2,1,0,1
724639,724643,5,1,1,3
724678,724681,4,2,0,2
724880,724881,2,1,0,1
725013,725015,3,1,1,1
725044,725045,2,1,0,1
725184,725186,3,1,0,2
725216,725217,2,1,0,1
725251,725252,2,1,0,1
725369,725370,2,1,0,1
725380,725382,3,2,0,1
725548,725549,2,1,0,1
725766,725767,2,1,0,1
726308,726312,5,2,1,2
726323,726324,2,1,0,1
726802,726803,2,1,0,1
726846,726849,4,3,0,1
726866,726869,4,3,0,1
726875,726877,3,1,0,2
726891,726893,3,1,1,1
726970,726972,3,2,0,1
726998,727001,4,1,0,3
727082,727083,2,1,0,1
727188,727191,4,1,2,1
727194,727195,2,1,0,1
727196,727197,2,1,0,1
727231,727235,5,2,2,1
727250,727251,2,1,0,1
727264,727266,3,2,0,1
727274,727275,2,1,0,1
727329,727330,2,1,0,1
727343,727347,5,1,2,2
727359,727364,6,1,4,1
727384,727386,3,1,1,1
727488,727491,4,1,1,2
727496,727497,2,1,0,1
727501,727502,2,1,0,1
727504,727506,3,1,0,2
727509,727514,6,4,1,1
727578,727579,2,1,0,1
727602,727603,2,1,0,1
727613,727614,2,1,0,1
727617,727620,4,1,2,1
727631,727633,3,1,0,2
727657,727658,2,1,0,1
727659,727663,5,4,0,1
727679,727681,3,1,1,1
727683,727684,2,1,0,1
727685,727687,3,1,0,2
727691,727692,2,1,0,1
727705,727706,2,1,0,1
727725,727726,2,1,0,1
727749,727750,2,1,0,1
727814,727815,2,1,0,1
727855,727858,4,1,2,1
727863,727864,2,1,0,1
727905,727908,4,2,1,1
727946,727947,2,1,0,1
727965,727966,2,1,0,1
728051,728055,5,1,3,1
728079,728080,2,1,0,1
728236,728242,7,2,3,2
728251,728253,3,2,0,1
728254,728256,3,2,0,1
728289,728292,4,3,0,1
728301,728302,2,1,0,1
728305,728309,5,2,1,2
728327,728328,2,1,0,1
728332,728337,6,1,3,2
728360,728362,3,2,0,1
728372,728381,10,1,8,1
728407,728410,4,3,0,1
728411,728414,4,1,2,1
728415,728419,5,1,3,1
728451,728453,3,1,1,1
728454,728462,9,1,7,1
728512,728513,2,1,0,1
728526,728528,3,1,1,1
728535,728536,2,1,0,1
728543,728545,3,2,0,1
728762,728764,3,2,0,1
728767,728769,3,1,1,1
728795,728798,4,1,2,1
728848,728849,2,1,0,1
728867,728869,3,1,0,2
728897,728898,2,1,0,1
728921,728922,2,1,0,1
729171,729172,2,1,0,1
729213,729215,3,1,1,1
729241,729243,3,2,0,1
729263,729264,2,1,0,1
729265,729269,5,2,2,1
729270,729272,3,1,1,1
729274,729276,3,1,1,1
729280,729281,2,1,0,1
729282,729283,2,1,0,1
729294,729297,4,1,2,1
729311,729312,2,1,0,1
729317,729327,11,2,6,3
729337,729342,6,2,3,1
729384,729385,2,1,0,1
729387,729388,2,1,0,1
729402,729403,2,1,0,1
729409,729412,4,2,1,1
729419,729420,2,1,0,1
729421,729423,3,1,1,1
729424,729425,2,1,0,1
729437,729439,3,2,0,1
729444,729449,6,3,1,2
729457,729460,4,1,2,1
729464,729466,3,1,1,1
729467,729468,2,1,0,1
729469,729470,2,1,0,1
729472,729474,3,1,0,2
729477,729482,6,3,2,1
729507,729511,5,2,2,1
729516,729517,2,1,0,1
729525,729527,3,1,1,1
729534,729535,2,1,0,1
729552,729554,3,1,1,1
729563,729565,3,1,1,1
729577,729579,3,1,0,2
729580,729584,5,1,0,4
729616,729617,2,1,0,1
729662,729666,5,3,0,2
729679,729683,5,1,3,1
729688,729690,3,1,1,1
729715,729718,4,1,1,2
729719,729720,2,1,0,1
729724,729726,3,1,1,1
729770,729772,3,2,0,1
729792,729793,2,1,0,1
729794,729796,3,1,0,2
729797,729800,4,2,0,2
729804,729805,2,1,0,1
729810,729811,2,1,0,1
729814,729815,2,1,0,1
729852,729853,2,1,0,1
729863,729864,2,1,0,1
729867,729871,5,1,3,1
729875,729876,2,1,0,1
729897,729899,3,1,1,1
729905,729907,3,2,0,1
729952,729954,3,2,0,1
729955,729956,2,1,0,1
729964,729965,2,1,0,1
730003,730006,4,2,0,2
730007,730008,2,1,0,1
730022,730026,5,1,3,1
730041,730042,2,1,0,1
730064,730065,2,1,0,1
730069,730071,3,1,1,1
730140,730141,2,1,0,1
730146,730148,3,2,0,1
730163,730166,4,1,2,1
730172,730176,5,1,2,2
730193,730199,7,1,3,3
730211,730213,3,2,0,1
730221,730222,2,1,0,1
730223,730226,4,1,1,2
730228,730231,4,2,1,1
730238,730239,2,1,0,1
730252,730253,2,1,0,1
730276,730281,6,2,2,2
730302,730304,3,1,1,1
730371,730373,3,1,1,1
730381,730382,2,1,0,1
730467,730469,3,1,0,2
730507,730508,2,1,0,1
730579,730580,2,1,0,1
730596,730597,2,1,0,1
730641,730644,4,2,1,1
730667,730673,7,1,4,2
730711,730712,2,1,0,1
730731,730732,2,1,0,1
730734,730735,2,1,0,1
730740,730743,4,2,1,1
730758,730763,6,5,0,1
730769,730771,3,1,1,1
730786,730787,2,1,0,1
730815,730819,5,1,2,2
730821,730822,2,1,0,1
730823,730824,2,1,0,1
730885,730886,2,1,0,1
730892,730897,6,2,1,3
730904,730908,5,2,2,1
730910,730915,6,1,4,1
731400,731401,2,1,0,1
731556,731557,2,1,0,1
731656,731657,2,1,0,1
731660,731661,2,1,0,1
731671,731674,4,2,1,1
731682,731683,2,1,0,1
731698,731699,2,1,0,1
731744,731745,2,1,0,1
731764,731771,8,2,5,1
731773,731774,2,1,0,1
731776,731777,2,1,0,1
731778,731779,2,1,0,1
731826,731827,2,1,0,1
731891,731894,4,1,1,2
731928,731929,2,1,0,1
731947,731951,5,3,1,1
731960,731962,3,1,1,1
731978,731979,2,1,0,1
731992,731993,2,1,0,1
732106,732107,2,1,0,1
732117,732118,2,1,0,1
732197,732203,7,1,4,2
732221,732223,3,1,1,1
732237,732238,2,1,0,1
732276,732278,3,1,1,1
732282,732284,3,1,1,1
732290,732293,4,3,0,1
732295,732296,2,1,0,1
735017,735018,2,1,0,1
738589,738591,3,1,0,2
738606,738615,10,1,2,7
738618,738620,3,1,0,2
738629,738632,4,1,0,3
738640,738642,3,1,1,1
738662,738667,6,1,4,1
738678,738679,2,1,0,1
738692,738696,5,2,2,1
738704,738705,2,1,0,1
738707,738709,3,2,0,1
738721,738722,2,1,0,1
738724,738727,4,1,0,3
738730,738732,3,2,0,1
738736,738737,2,1,0,1
738749,738754,6,1,4,1
738774,738775,2,1,0,1
738781,738782,2,1,0,1
738783,738784,2,1,0,1
738799,738800,2,1,0,1
738804,738805,2,1,0,1
738837,738839,3,1,1,1
738842,738843,2,1,0,1
738875,738878,4,1,1,2
738908,738911,4,2,1,1
738917,738920,4,2,1,1
738938,738943,6,2,2,2
739011,739012,2,1,0,1
739026,739027,2,1,0,1
739058,739061,4,3,0,1
739072,739075,4,1,2,1
739084,739086,3,1,1,1
739166,739171,6,3,2,1
739178,739179,2,1,0,1
739190,739191,2,1,0,1
739207,739209,3,1,0,2
739252,739253,2,1,0,1
739257,739260,4,1,1,2
739278,739281,4,1,0,3
739303,739304,2,1,0,1
739306,739308,3,1,1,1
739311,739312,2,1,0,1
739331,739332,2,1,0,1
739340,739341,2,1,0,1
739365,739366,2,1,0,1
739369,739373,5,4,0,1
739389,739396,8,5,0,3
739402,739403,2,1,0,1
739411,739412,2,1,0,1
739445,739447,3,1,0,2
739461,739462,2,1,0,1
739531,739534,4,2,1,1
739562,739564,3,1,1,1
739573,739576,4,1,0,3
739588,739592,5,2,0,3
739626,739627,2,1,0,1
739630,739637,8,1,3,4
739638,739639,2,1,0,1
739649,739651,3,1,1,1
739657,739659,3,1,1,1
739667,739670,4,2,1,1
739677,739679,3,1,0,2
739683,739684,2,1,0,1
739705,739709,5,2,2,1
739714,739718,5,1,0,4
739719,739720,2,1,0,1
739729,739732,4,2,1,1
739738,739740,3,2,0,1
739752,739753,2,1,0,1
739768,739770,3,1,0,2
739776,739779,4,1,2,1
739804,739808,5,1,2,2
739809,739810,2,1,0,1
739816,739818,3,1,0,2
739992,739993,2,1,0,1
739996,739997,2,1,0,1
739998,740000,3,1,0,2
740018,740025,8,1,0,7
740026,740029,4,1,0,3
740195,740197,3,1,1,1
740220,740221,2,1,0,1
740222,740225,4,1,1,2
740257,740262,6,4,0,2
740264,740266,3,1,0,2
740267,740269,3,1,0,2
740273,740274,2,1,0,1
740295,740302,8,5,0,3
740327,740332,6,5,0,1
740337,740338,2,1,0,1
740363,740370,8,1,6,1
740385,740386,2,1,0,1
740411,740414,4,1,0,3
740452,740455,4,1,0,3
740467,740469,3,1,0,2
740505,740509,5,2,2,1
740594,740601,8,3,4,1
740610,740612,3,2,0,1
740641,740643,3,2,0,1
740661,740666,6,4,0,2
740668,740671,4,1,1,2
740736,740738,3,2,0,1
740744,740755,12,5,1,6
740756,740758,3,1,1,1
740777,740778,2,1,0,1
740779,740783,5,1,1,3
740789,740791,3,1,0,2
740797,740799,3,2,0,1
740800,740804,5,4,0,1
740817,740818,2,1,0,1
740828,740831,4,1,0,3
740832,740833,2,1,0,1
740834,740837,4,2,1,1
740839,740844,6,4,0,2
740849,740851,3,2,0,1
740862,740863,2,1,0,1
740867,740868,2,1,0,1
740869,740874,6,3,2,1
740880,740888,9,5,1,3
740931,740933,3,1,1,1
740934,740935,2,1,0,1
740943,740944,2,1,0,1
740975,740979,5,1,3,1
740994,741001,8,5,2,1
741004,741005,2,1,0,1
741016,741018,3,2,0,1
741019,741020,2,1,0,1
741077,741081,5,1,3,1
741098,741100,3,1,1,1
741169,741171,3,1,1,1
741175,741180,6,2,2,2
741221,741223,3,1,1,1
741231,741232,2,1,0,1
741233,741235,3,1,1,1
741243,741245,3,1,1,1
741262,741264,3,2,0,1
741265,741269,5,1,3,1
741277,741278,2,1,0,1
741292,741295,4,1,2,1
741314,741318,5,1,3,1
741325,741330,6,1,4,1
741336,741340,5,1,0,4
741346,741351,6,1,3,2
741352,741353,2,1,0,1
741354,741359,6,1,2,3
741403,741408,6,2,1,3
741411,741414,4,1,2,1
741415,741418,4,3,0,1
741453,741456,4,2,1,1
741465,741466,2,1,0,1
741473,741478,6,1,3,2
741487,741490,4,1,1,2
741507,741509,3,1,1,1
741553,741554,2,1,0,1
741558,741560,3,2,0,1
741561,741563,3,2,0,1
741566,741570,5,2,2,1
741614,741619,6,5,0,1
741628,741632,5,1,3,1
741639,741642,4,2,1,1
741643,741645,3,1,1,1
741653,741654,2,1,0,1
741700,741702,3,2,0,1
741703,741704,2,1,0,1
741721,741723,3,1,0,2
741745,741747,3,1,0,2
741785,741786,2,1,0,1
741787,741791,5,3,0,2
741798,741799,2,1,0,1
741816,741819,4,1,2,1
741839,741842,4,2,0,2
741858,741861,4,1,1,2
741872,741879,8,1,6,1
741886,741889,4,3,0,1
741896,741897,2,1,0,1
741912,741914,3,1,0,2
741915,741917,3,1,0,2
741926,741929,4,1,0,3
741938,741939,2,1,0,1
741947,741948,2,1,0,1
741980,741982,3,1,1,1
741991,741995,5,4,0,1
742018,742023,6,1,4,1
742036,742040,5,3,1,1
742071,742072,2,1,0,1
742073,742075,3,1,0,2
742079,742081,3,2,0,1
742082,742083,2,1,0,1
742086,742087,2,1,0,1
742089,742090,2,1,0,1
742106,742107,2,1,0,1
742113,742116,4,2,1,1
742117,742120,4,3,0,1
742138,742143,6,5,0,1
742180,742187,8,1,5,2
742199,742201,3,2,0,1
742222,742224,3,1,0,2
742227,742229,3,1,1,1
742235,742238,4,2,0,2
742246,742251,6,5,0,1
742259,742260,2,1,0,1
742293,742294,2,1,0,1
742298,742301,4,2,1,1
742309,742310,2,1,0,1
742328,742329,2,1,0,1
742330,742331,2,1,0,1
742340,742342,3,2,0,1
742353,742355,3,1,1,1
742369,742373,5,3,1,1
742377,742380,4,1,1,2
742381,742387,7,5,1,1
742390,742392,3,1,0,2
742399,742403,5,3,1,1
742405,742406,2,1,0,1
742412,742420,9,1,7,1
742432,742433,2,1,0,1
742448,742451,4,1,0,3
742457,742459,3,2,0,1
742471,742473,3,2,0,1
742474,742479,6,2,3,1
742480,742483,4,1,0,3
742484,742488,5,1,0,4
742489,742491,3,1,0,2
742492,742496,5,1,0,4
742501,742503,3,1,0,2
742504,742506,3,2,0,1
742513,742515,3,1,0,2
742550,742555,6,5,0,1
742571,742576,6,5,0,1
742579,742583,5,4,0,1
742584,742589,6,1,0,5
742608,742610,3,2,0,1
742646,742648,3,1,1,1
742678,742682,5,1,2,2
742683,742687,5,1,3,1
742696,742697,2,1,0,1
742710,742714,5,4,0,1
742717,742722,6,5,0,1
742732,742734,3,1,1,1
742744,742746,3,1,1,1
742768,742770,3,1,1,1
742774,742777,4,2,0,2
742795,742796,2,1,0,1
742807,742810,4,3,0,1
742812,742813,2,1,0,1
742820,742824,5,1,0,4
742845,742848,4,1,1,2
742866,742869,4,1,0,3
742919,742922,4,3,0,1
742955,742957,3,2,0,1
742962,742963,2,1,0,1
742984,742987,4,1,1,2
742992,742996,5,1,2,2
743032,743034,3,2,0,1
743071,743073,3,1,1,1
743075,743078,4,3,0,1
743138,743147,10,3,3,4
743148,743149,2,1,0,1
743165,743169,5,4,0,1
743231,743234,4,3,0,1
743241,743242,2,1,0,1
743264,743265,2,1,0,1
743290,743299,10,4,0,6
743301,743303,3,1,1,1
743345,743348,4,1,1,2
743352,743353,2,1,0,1
743355,743359,5,3,0,2
743365,743369,5,2,2,1
743377,743380,4,1,2,1
743384,743387,4,2,0,2
743391,743392,2,1,0,1
743465,743467,3,2,0,1
743492,743495,4,1,0,3
743529,743530,2,1,0,1
743594,743595,2,1,0,1
743605,743606,2,1,0,1
743610,743611,2,1,0,1
743613,743616,4,1,0,3
743661,743662,2,1,0,1
743665,743667,3,1,1,1
743677,743680,4,1,2,1
743715,743720,6,5,0,1
743724,743728,5,4,0,1
743729,743733,5,4,0,1
743769,743770,2,1,0,1
743779,743780,2,1,0,1
743805,743807,3,2,0,1
743824,743827,4,3,0,1
743828,743830,3,1,0,2
743839,743845,7,1,0,6
743857,743863,7,5,1,1
743881,743883,3,2,0,1
743886,743887,2,1,0,1
743888,743891,4,2,0,2
743943,743945,3,2,0,1
743957,743962,6,5,0,1
743963,743964,2,1,0,1
744007,744009,3,2,0,1
744028,744030,3,1,1,1
744036,744040,5,1,3,1
744043,744045,3,1,1,1
744069,744074,6,5,0,1
744099,744104,6,5,0,1
744107,744111,5,4,0,1
744114,744117,4,2,0,2
744160,744166,7,1,0,6
744176,744178,3,2,0,1
744188,744190,3,1,0,2
744194,744195,2,1,0,1
744199,744202,4,3,0,1
744207,744216,10,5,0,5
744234,744237,4,2,1,1
744285,744290,6,4,1,1
744308,744315,8,1,1,6
744325,744328,4,1,0,3
744337,744344,8,5,0,3
744379,744382,4,1,2,1
744445,744449,5,1,1,3
744562,744566,5,1,3,1
744568,744570,3,1,0,2
744583,744584,2,1,0,1
744591,744593,3,1,1,1
744597,744599,3,1,0,2
744632,744634,3,1,1,1
744637,744639,3,1,0,2
744646,744647,2,1,0,1
744653,744654,2,1,0,1
744705,744707,3,1,1,1
744796,744798,3,1,0,2
744803,744804,2,1,0,1
744937,744942,6,3,2,1
744959,744961,3,1,1,1
744974,744976,3,1,1,1
744987,744988,2,1,0,1
745009,745013,5,3,1,1
745023,745024,2,1,0,1
745027,745028,2,1,0,1
745031,745034,4,3,0,1
745071,745072,2,1,0,1
745116,745118,3,2,0,1
745125,745127,3,2,0,1
745170,745171,2,1,0,1
745181,745210,30,2,1,27
745222,745236,15,2,0,13
745385,745387,3,2,0,1
745426,745431,6,4,1,1
745478,745479,2,1,0,1
745513,745518,6,4,1,1
745550,745552,3,1,0,2
745568,745570,3,1,1,1
745571,745574,4,3,0,1
745585,745591,7,5,0,2
745625,745627,3,2,0,1
745672,745673,2,1,0,1
745707,745713,7,5,0,2
745758,745762,5,4,0,1
745794,745799,6,5,0,1
745828,745829,2,1,0,1
745851,745852,2,1,0,1
745877,745878,2,1,0,1
745897,745899,3,2,0,1
745981,745985,5,2,1,2
745988,745993,6,1,4,1
746087,746091,5,3,1,1
746186,746188,3,1,1,1
746210,746214,5,3,0,2
746246,746251,6,5,0,1
746283,746284,2,1,0,1
746311,746313,3,2,0,1
746316,746317,2,1,0,1
746335,746343,9,5,3,1
746370,746371,2,1,0,1
746389,746390,2,1,0,1
746398,746401,4,3,0,1
746444,746452,9,1,6,2
746459,746463,5,4,0,1
746496,746499,4,2,1,1
746500,746505,6,5,0,1
746510,746513,4,2,0,2
746514,746520,7,4,0,3
746521,746526,6,5,0,1
746544,746545,2,1,0,1
746607,746608,2,1,0,1
746610,746611,2,1,0,1
746623,746627,5,3,1,1
746632,746637,6,5,0,1
746644,746649,6,5,0,1
746770,746774,5,3,1,1
746794,746799,6,5,0,1
746958,746961,4,2,1,1
746988,746989,2,1,0,1
747022,747023,2,1,0,1
747044,747046,3,2,0,1
747049,747050,2,1,0,1
747062,747065,4,1,2,1
747119,747132,14,5,8,1
747184,747189,6,5,0,1
747243,747244,2,1,0,1
747343,747344,2,1,0,1
747345,747349,5,4,0,1
747399,747401,3,1,1,1
747403,747404,2,1,0,1
747406,747407,2,1,0,1
747496,747501,6,5,0,1
747523,747525,3,2,0,1
747535,747537,3,2,0,1
747543,747545,3,1,1,1
747570,747571,2,1,0,1
747575,747578,4,1,2,1
747619,747622,4,3,0,1
747628,747631,4,2,1,1
747633,747638,6,5,0,1
747650,747651,2,1,0,1
747652,747656,5,1,3,1
747657,747659,3,2,0,1
747661,747662,2,1,0,1
747664,747667,4,3,0,1
747669,747670,2,1,0,1
747671,747673,3,2,0,1
747708,747709,2,1,0,1
747732,747740,9,5,3,1
747762,747763,2,1,0,1
747766,747768,3,2,0,1
747776,747777,2,1,0,1
747834,747835,2,1,0,1
747919,747922,4,1,0,3
747923,747928,6,3,2,1
747952,747954,3,1,1,1
747968,747974,7,5,1,1
747996,748001,6,1,4,1
748016,748020,5,4,0,1
748030,748032,3,1,0,2
748115,748117,3,2,0,1
749085,749086,2,1,0,1
749992,749997,6,1,1,4
750786,750799,14,3,0,11
751755,751756,2,1,0,1
751964,751966,3,1,1,1
752007,752010,4,1,2,1
752063,752064,2,1,0,1
752069,752072,4,2,0,2
752131,752168,38,1,36,1
752281,752284,4,1,2,1
752313,752316,4,1,2,1
752362,752376,15,1,13,1
752564,752566,3,1,1,1
752592,752598,7,3,2,2
752657,752662,6,5,0,1
752687,752693,7,5,1,1
752694,752699,6,5,0,1
752880,752884,5,3,1,1
752887,752890,4,1,2,1
752891,752892,2,1,0,1
752897,752899,3,2,0,1
752900,752901,2,1,0,1
752933,752934,2,1,0,1
752983,753001,19,1,17,1
753031,753032,2,1,0,1
753060,753062,3,1,1,1
753466,753469,4,2,0,2
753804,753815,12,1,9,2
753873,753879,7,1,4,2
753883,753915,33,1,31,1
753923,753924,2,1,0,1
754001,754005,5,1,2,2
754032,754045,14,1,12,1
754091,754098,8,1,6,1
758149,758153,5,3,1,1
758197,758200,4,2,0,2
758216,758218,3,2,0,1
758229,758234,6,5,0,1
758250,758255,6,5,0,1
758303,758305,3,1,1,1
758349,758352,4,3,0,1
758392,758395,4,3,0,1
758453,758454,2,1,0,1
758461,758462,2,1,0,1
758467,758469,3,1,1,1
758486,758491,6,5,0,1
758499,758500,2,1,0,1
758501,758504,4,3,0,1
758576,758579,4,3,0,1
758582,758584,3,2,0,1
758685,758689,5,4,0,1
758712,758720,9,4,4,1
758782,758787,6,5,0,1
758795,758796,2,1,0,1
758815,758820,6,5,0,1
758883,758885,3,2,0,1
758922,758928,7,5,1,1
758949,758951,3,2,0,1
758968,758971,4,3,0,1
759082,759083,2,1,0,1
759113,759120,8,2,5,1
759121,759124,4,2,1,1
759128,759130,3,2,0,1
759164,759167,4,2,1,1
759232,759235,4,3,0,1
759279,759282,4,2,1,1
759368,759369,2,1,0,1
759374,759375,2,1,0,1
759442,759443,2,1,0,1
759539,759544,6,5,0,1
759566,759569,4,3,0,1
759594,759597,4,3,0,1
759613,759615,3,1,1,1
759623,759628,6,5,0,1
759670,759671,2,1,0,1
759680,759685,6,5,0,1
759727,759728,2,1,0,1
759765,759767,3,2,0,1
759786,759788,3,2,0,1
759789,759791,3,2,0,1
759797,759799,3,1,1,1
759839,759844,6,4,1,1
759845,759849,5,3,1,1
759863,759869,7,5,1,1
759884,759889,6,5,0,1
759901,759906,6,4,1,1
759941,759944,4,1,2,1
759945,759948,4,3,0,1
760016,760022,7,5,1,1
760026,760029,4,3,0,1
760090,760095,6,5,0,1
760150,760154,5,4,0,1
760175,760177,3,2,0,1
760182,760187,6,5,0,1
760233,760235,3,2,0,1
760238,760242,5,3,1,1
760268,760274,7,5,1,1
760339,760340,2,1,0,1
760363,760365,3,1,1,1
760369,760374,6,5,0,1
760380,760388,9,5,3,1
760410,760414,5,4,0,1
760429,760430,2,1,0,1
760444,760449,6,5,0,1
760501,760507,7,5,1,1
760578,760580,3,1,1,1
760581,760583,3,2,0,1
760607,760610,4,3,0,1
760612,760615,4,2,1,1
760616,760619,4,3,0,1
760648,760651,4,3,0,1
760692,760695,4,3,0,1
760704,760709,6,5,0,1
760714,760716,3,1,1,1
760758,760760,3,1,1,1
760789,760792,4,3,0,1
760818,760823,6,5,0,1
760829,760830,2,1,0,1
760868,760871,4,3,0,1
760877,760878,2,1,0,1
760883,760889,7,5,1,1
760915,760919,5,4,0,1
760928,760933,6,5,0,1
760938,760943,6,5,0,1
760984,760987,4,3,0,1
761092,761098,7,3,3,1
761109,761114,6,5,0,1
761145,761146,2,1,0,1
761201,761202,2,1,0,1
761232,761233,2,1,0,1
761238,761239,2,1,0,1
761244,761246,3,1,1,1
761330,761331,2,1,0,1
761349,761351,3,1,1,1
761356,761362,7,5,1,1
761377,761378,2,1,0,1
761400,761401,2,1,0,1
761403,761406,4,2,1,1
761436,761442,7,5,1,1
761445,761446,2,1,0,1
761474,761475,2,1,0,1
761500,761501,2,1,0,1
761512,761515,4,3,0,1
761605,761609,5,4,0,1
761610,761613,4,3,0,1
761624,761626,3,2,0,1
761630,761634,5,4,0,1
761671,761675,5,1,2,2
761698,761701,4,3,0,1
761706,761708,3,2,0,1
761763,761764,2,1,0,1
761769,761774,6,5,0,1
761786,761791,6,5,0,1
761911,761913,3,2,0,1
761926,761929,4,2,1,1
761973,761974,2,1,0,1
761986,761993,8,5,2,1
761994,761996,3,1,1,1
762032,762036,5,4,0,1
762040,762043,4,3,0,1
762060,762063,4,1,2,1
762083,762087,5,4,0,1
762120,762121,2,1,0,1
762151,762153,3,2,0,1
762197,762199,3,2,0,1
762204,762210,7,5,1,1
762229,762231,3,2,0,1
762234,762236,3,1,1,1
762292,762295,4,3,0,1
762299,762304,6,5,0,1
762314,762316,3,2,0,1
762341,762349,9,5,3,1
762435,762437,3,1,0,2
762483,762487,5,4,0,1
762555,762557,3,2,0,1
762560,762563,4,2,0,2
762574,762577,4,3,0,1
762613,762614,2,1,0,1
762622,762627,6,5,0,1
762628,762630,3,2,0,1
762689,762693,5,4,0,1
762699,762701,3,1,1,1
762711,762714,4,3,0,1
762751,762753,3,1,1,1
762787,762788,2,1,0,1
762799,762804,6,5,0,1
762830,762835,6,5,0,1
762838,762844,7,5,1,1
762873,762877,5,2,0,3
762940,762943,4,1,1,2
762949,762954,6,5,0,1
762968,762970,3,1,1,1
763010,763012,3,2,0,1
763016,763017,2,1,0,1
763023,763026,4,2,1,1
763032,763034,3,2,0,1
763053,763060,8,5,2,1
763091,763097,7,5,1,1
763124,763125,2,1,0,1
763151,763152,2,1,0,1
763154,763157,4,3,0,1
763166,763167,2,1,0,1
763178,763180,3,2,0,1
763222,763226,5,2,1,2
763232,763237,6,5,0,1
763259,763261,3,1,1,1
763264,763269,6,5,0,1
763275,763279,5,4,0,1
763280,763283,4,1,2,1
763286,763289,4,2,1,1
763292,763298,7,5,0,2
763307,763309,3,2,0,1
763314,763317,4,2,1,1
763333,763337,5,3,1,1
763344,763350,7,5,1,1
763351,763353,3,2,0,1
763406,763411,6,5,0,1
763416,763418,3,1,0,2
763439,763444,6,5,0,1
763453,763454,2,1,0,1
763471,763476,6,5,0,1
763487,763491,5,3,1,1
763523,763525,3,2,0,1
763526,763529,4,2,1,1
763538,763543,6,5,0,1
763563,763568,6,5,0,1
763629,763631,3,1,1,1
763666,763671,6,5,0,1
763672,763673,2,1,0,1
763677,763680,4,2,1,1
763691,763696,6,5,0,1
763707,763708,2,1,0,1
763723,763724,2,1,0,1
763768,763770,3,1,1,1
763802,763807,6,5,0,1
763808,763811,4,3,0,1
763816,763821,6,4,0,2
763825,763828,4,1,0,3
763838,763840,3,2,0,1
763859,763862,4,3,0,1
763863,763866,4,3,0,1
763881,763883,3,2,0,1
763892,763897,6,5,0,1
763901,763906,6,5,0,1
763927,763928,2,1,0,1
763938,763943,6,5,0,1
763944,763946,3,2,0,1
763955,763957,3,1,1,1
763966,763972,7,5,1,1
764007,764008,2,1,0,1
764040,764045,6,5,0,1
764046,764047,2,1,0,1
764082,764087,6,5,0,1
764088,764089,2,1,0,1
764093,764099,7,5,1,1
764146,764148,3,1,1,1
764167,764171,5,3,1,1
764179,764181,3,2,0,1
764182,764187,6,5,0,1
764234,764236,3,2,0,1
764237,764239,3,2,0,1
764244,764249,6,5,0,1
764252,764254,3,1,1,1
764267,764271,5,3,1,1
764275,764280,6,5,0,1
764297,764303,7,5,1,1
764342,764347,6,5,0,1
764349,764352,4,2,1,1
764355,764356,2,1,0,1
764387,764395,9,5,1,3
764396,764397,2,1,0,1
764451,764452,2,1,0,1
764453,764454,2,1,0,1
764469,764471,3,1,1,1
764473,764475,3,2,0,1
764487,764491,5,3,0,2
764508,764511,4,2,0,2
764554,764556,3,2,0,1
764559,764563,5,3,1,1
764574,764575,2,1,0,1
764587,764590,4,3,0,1
764611,764616,6,5,0,1
764633,764638,6,5,0,1
764645,764647,3,1,1,1
764723,764724,2,1,0,1
764732,764734,3,2,0,1
764747,764751,5,4,0,1
764770,764771,2,1,0,1
764776,764780,5,2,2,1
764807,764813,7,5,1,1
764879,764882,4,3,0,1
764887,764888,2,1,0,1
764890,764891,2,1,0,1
764938,764940,3,1,0,2
764958,764963,6,5,0,1
764964,764967,4,2,1,1
764989,764992,4,1,1,2
764995,764996,2,1,0,1
765004,765006,3,1,1,1
765015,765016,2,1,0,1
765017,765018,2,1,0,1
765019,765021,3,2,0,1
765032,765034,3,1,1,1
765062,765065,4,2,1,1
765075,765076,2,1,0,1
765100,765103,4,3,0,1
765117,765118,2,1,0,1
765169,765172,4,2,1,1
765187,765189,3,2,0,1
765198,765199,2,1,0,1
765232,765233,2,1,0,1
765234,765237,4,3,0,1
765259,765260,2,1,0,1
765318,765324,7,4,2,1
765344,765350,7,5,0,2
765421,765425,5,4,0,1
765475,765476,2,1,0,1
765504,765511,8,2,4,2
765525,765526,2,1,0,1
765543,765545,3,1,0,2
765557,765559,3,2,0,1
765562,765567,6,3,2,1
765600,765604,5,1,3,1
765660,765661,2,1,0,1
765665,765670,6,5,0,1
765739,765744,6,5,0,1
765760,765763,4,2,0,2
765809,765811,3,2,0,1
765813,765818,6,5,0,1
765820,765821,2,1,0,1
765877,765882,6,5,0,1
765999,766003,5,3,0,2
766006,766010,5,1,3,1
766013,766016,4,2,1,1
766027,766028,2,1,0,1
766031,766036,6,5,0,1
766041,766044,4,2,1,1
766108,766112,5,3,1,1
766114,766115,2,1,0,1
766170,766174,5,4,0,1
766177,766183,7,5,1,1
766209,766211,3,1,0,2
766215,766219,5,4,0,1
766255,766258,4,3,0,1
766277,766279,3,2,0,1
766288,766291,4,1,2,1
766312,766316,5,3,1,1
766439,766442,4,2,1,1
766473,766474,2,1,0,1
766492,766494,3,2,0,1
766571,766572,2,1,0,1
766575,766578,4,3,0,1
766636,766638,3,2,0,1
766651,766656,6,5,0,1
766668,766670,3,2,0,1
766692,766696,5,3,0,2
766699,766702,4,2,1,1
766705,766710,6,5,0,1
766727,766728,2,1,0,1
766730,766733,4,3,0,1
766761,766765,5,3,1,1
766766,766770,5,4,0,1
766774,766777,4,3,0,1
766841,766842,2,1,0,1
766843,766844,2,1,0,1
766878,766882,5,4,0,1
766933,766934,2,1,0,1
766960,766964,5,3,1,1
766998,767003,6,5,0,1
767009,767013,5,4,0,1
767051,767053,3,2,0,1
767054,767057,4,2,1,1
767079,767085,7,5,1,1
767091,767093,3,1,0,2
767107,767109,3,2,0,1
767132,767135,4,1,2,1
767147,767150,4,1,2,1
767178,767182,5,4,0,1
767220,767223,4,3,0,1
767239,767242,4,2,1,1
767252,767254,3,1,0,2
767276,767283,8,4,3,1
767291,767295,5,4,0,1
767319,767320,2,1,0,1
767321,767322,2,1,0,1
767332,767333,2,1,0,1
767337,767338,2,1,0,1
767343,767348,6,5,0,1
767351,767353,3,1,0,2
767355,767356,2,1,0,1
767359,767363,5,4,0,1
767370,767371,2,1,0,1
767386,767387,2,1,0,1
767440,767442,3,2,0,1
767466,767467,2,1,0,1
767496,767500,5,3,1,1
767508,767511,4,3,0,1
767522,767523,2,1,0,1
767531,767534,4,2,0,2
767537,767539,3,1,1,1
767541,767542,2,1,0,1
767550,767551,2,1,0,1
767591,767594,4,3,0,1
767606,767609,4,2,1,1
767618,767619,2,1,0,1
767647,767648,2,1,0,1
767681,767685,5,2,2,1
767700,767703,4,1,2,1
767709,767711,3,2,0,1
767756,767757,2,1,0,1
767777,767779,3,1,1,1
767780,767781,2,1,0,1
767790,767793,4,1,2,1
767817,767821,5,3,1,1
767827,767828,2,1,0,1
767882,767884,3,1,0,2
767888,767889,2,1,0,1
767901,767908,8,5,2,1
767911,767912,2,1,0,1
767924,767926,3,1,1,1
767933,767934,2,1,0,1
767952,767953,2,1,0,1
767973,767977,5,4,0,1
767978,767984,7,4,2,1
767990,767995,6,1,4,1
767996,768000,5,3,1,1
768003,768004,2,1,0,1
768019,768021,3,1,1,1
768028,768029,2,1,0,1
768040,768041,2,1,0,1
768047,768050,4,1,2,1
768061,768062,2,1,0,1
768066,768067,2,1,0,1
768074,768077,4,1,0,3
768078,768082,5,2,2,1
768095,768096,2,1,0,1
768136,768139,4,1,2,1
768150,768151,2,1,0,1
768152,768154,3,1,1,1
768182,768183,2,1,0,1
768184,768187,4,2,1,1
768223,768225,3,2,0,1
768262,768264,3,1,1,1
768282,768283,2,1,0,1
768290,768294,5,4,0,1
768299,768303,5,1,2,2
768305,768306,2,1,0,1
768307,768311,5,3,1,1
768339,768341,3,2,0,1
768366,768368,3,1,0,2
768382,768386,5,2,2,1
768391,768393,3,1,1,1
768396,768399,4,1,2,1
768406,768413,8,5,2,1
768432,768434,3,1,1,1
768452,768455,4,3,0,1
768460,768462,3,1,0,2
768465,768470,6,2,2,2
768471,768473,3,1,0,2
768476,768480,5,4,0,1
768487,768490,4,2,1,1
768502,768506,5,1,2,2
768508,768509,2,1,0,1
768517,768519,3,2,0,1
768525,768527,3,1,1,1
768542,768543,2,1,0,1
768551,768557,7,1,5,1
768567,768569,3,2,0,1
768588,768592,5,2,2,1
768601,768602,2,1,0,1
768609,768610,2,1,0,1
768616,768619,4,2,1,1
768627,768632,6,5,0,1
768641,768646,6,3,2,1
768647,768650,4,1,2,1
768667,768668,2,1,0,1
768676,768679,4,3,0,1
768680,768681,2,1,0,1
768682,768684,3,2,0,1
768698,768700,3,1,1,1
768723,768725,3,1,1,1
768726,768728,3,1,1,1
768734,768739,6,3,2,1
768751,768754,4,2,0,2
768761,768764,4,2,1,1
768765,768766,2,1,0,1
768774,768779,6,3,2,1
768790,768791,2,1,0,1
768806,768809,4,2,1,1
768812,768816,5,2,1,2
768825,768829,5,1,3,1
768840,768845,6,2,3,1
768857,768860,4,2,1,1
768864,768866,3,1,0,2
768876,768877,2,1,0,1
768878,768881,4,3,0,1
768884,768886,3,2,0,1
768913,768914,2,1,0,1
768923,768924,2,1,0,1
768937,768940,4,3,0,1
768952,768953,2,1,0,1
768963,768964,2,1,0,1
768966,768967,2,1,0,1
768998,768999,2,1,0,1
769001,769003,3,1,1,1
769028,769033,6,1,3,2
769062,769067,6,3,2,1
769069,769071,3,2,0,1
769077,769081,5,2,0,3
769104,769106,3,1,1,1
769108,769114,7,4,2,1
769126,769128,3,2,0,1
769130,769133,4,1,2,1
769145,769149,5,1,3,1
769154,769156,3,2,0,1
769157,769159,3,2,0,1
769172,769174,3,1,1,1
769175,769178,4,1,2,1
769179,769180,2,1,0,1
769221,769222,2,1,0,1
769234,769236,3,2,0,1
769264,769265,2,1,0,1
769293,769294,2,1,0,1
769300,769308,9,4,4,1
769311,769312,2,1,0,1
769321,769323,3,1,1,1
769338,769342,5,4,0,1
769355,769357,3,1,1,1
769359,769363,5,3,0,2
769366,769369,4,2,1,1
769411,769415,5,3,1,1
769456,769457,2,1,0,1
769469,769471,3,2,0,1
769489,769491,3,1,1,1
769494,769498,5,3,1,1
769518,769520,3,2,0,1
769534,769538,5,3,0,2
769539,769541,3,2,0,1
769542,769544,3,2,0,1
769550,769553,4,1,1,2
769561,769564,4,2,1,1
769576,769578,3,1,1,1
769585,769587,3,2,0,1
769603,769606,4,1,2,1
769607,769610,4,1,1,2
769625,769628,4,3,0,1
769632,769634,3,1,0,2
769635,769637,3,1,1,1
769641,769643,3,2,0,1
769652,769654,3,1,1,1
769676,769677,2,1,0,1
769678,769681,4,1,2,1
769689,769690,2,1,0,1
769691,769692,2,1,0,1
769737,769740,4,3,0,1
769744,769747,4,2,1,1
769762,769763,2,1,0,1
769766,769767,2,1,0,1
769769,769772,4,1,2,1
769776,769779,4,1,0,3
769795,769797,3,1,0,2
769805,769807,3,1,1,1
769808,769812,5,2,1,2
769818,769820,3,1,1,1
769853,769854,2,1,0,1
769904,769907,4,1,2,1
769942,769943,2,1,0,1
769950,769953,4,3,0,1
769969,769971,3,1,0,2
769978,769981,4,2,1,1
769985,769990,6,4,1,1
769996,769997,2,1,0,1
769998,769999,2,1,0,1
770002,770004,3,1,1,1
770007,770010,4,3,0,1
770017,770018,2,1,0,1
770022,770025,4,2,1,1
770026,770028,3,2,0,1
770039,770044,6,2,3,1
770046,770047,2,1,0,1
770048,770051,4,1,2,1
770054,770057,4,1,2,1
770060,770064,5,1,3,1
770068,770069,2,1,0,1
770071,770073,3,1,1,1
770085,770086,2,1,0,1
770094,770098,5,2,2,1
770104,770106,3,2,0,1
770128,770129,2,1,0,1
770130,770132,3,1,1,1
770152,770160,9,5,2,2
770172,770174,3,1,1,1
770193,770195,3,1,1,1
770201,770202,2,1,0,1
770213,770217,5,2,2,1
770222,770225,4,3,0,1
770249,770253,5,4,0,1
770261,770267,7,3,3,1
770270,770271,2,1,0,1
770272,770275,4,2,1,1
770284,770289,6,5,0,1
770290,770294,5,4,0,1
770306,770310,5,1,3,1
770329,770330,2,1,0,1
770343,770346,4,3,0,1
770347,770350,4,3,0,1
770358,770359,2,1,0,1
770360,770361,2,1,0,1
770364,770367,4,2,1,1
770369,770374,6,3,2,1
770375,770377,3,2,0,1
770390,770391,2,1,0,1
770410,770411,2,1,0,1
770417,770422,6,5,0,1
770424,770426,3,1,1,1
770427,770429,3,2,0,1
770437,770438,2,1,0,1
770448,770450,3,2,0,1
770451,770452,2,1,0,1
770454,770455,2,1,0,1
770461,770462,2,1,0,1
770478,770480,3,1,1,1
770484,770486,3,1,1,1
770492,770497,6,1,4,1
770512,770519,8,5,2,1
770533,770537,5,3,1,1
770541,770544,4,2,1,1
770551,770554,4,3,0,1
770558,770562,5,2,2,1
770574,770577,4,2,1,1
770607,770609,3,1,1,1
770616,770619,4,2,1,1
770622,770624,3,2,0,1
770626,770629,4,1,1,2
770630,770631,2,1,0,1
770632,770637,6,5,0,1
770655,770656,2,1,0,1
770658,770661,4,3,0,1
770662,770664,3,2,0,1
770673,770675,3,2,0,1
770720,770721,2,1,0,1
770722,770727,6,2,3,1
770733,770735,3,1,1,1
770739,770741,3,1,1,1
770744,770745,2,1,0,1
770757,770759,3,2,0,1
770766,770768,3,1,1,1
770776,770777,2,1,0,1
770782,770788,7,1,5,1
770793,770794,2,1,0,1
770799,770801,3,1,1,1
770804,770807,4,2,1,1
770809,770811,3,2,0,1
770825,770826,2,1,0,1
770829,770831,3,2,0,1
770839,770841,3,1,1,1
770847,770848,2,1,0,1
770858,770863,6,2,3,1
770874,770876,3,2,0,1
770877,770878,2,1,0,1
770895,770898,4,2,1,1
770906,770908,3,1,1,1
770918,770921,4,2,1,1
770935,770938,4,2,1,1
770944,770945,2,1,0,1
770955,770956,2,1,0,1
770963,770968,6,5,0,1
770977,770978,2,1,0,1
771000,771003,4,3,0,1
771011,771012,2,1,0,1
771013,771015,3,1,1,1
771026,771028,3,1,0,2
771029,771030,2,1,0,1
771031,771036,6,5,0,1
771045,771049,5,2,0,3
771055,771058,4,1,2,1
771066,771068,3,1,1,1
771075,771077,3,2,0,1
771099,771101,3,2,0,1
771134,771136,3,2,0,1
771140,771141,2,1,0,1
771148,771151,4,2,0,2
771157,771159,3,2,0,1
771172,771176,5,1,3,1
771177,771178,2,1,0,1
771183,771186,4,1,2,1
771196,771200,5,4,0,1
771223,771226,4,2,0,2
771231,771232,2,1,0,1
771249,771251,3,2,0,1
771255,771260,6,3,1,2
771263,771267,5,2,2,1
771275,771276,2,1,0,1
771283,771284,2,1,0,1
771291,771292,2,1,0,1
771304,771305,2,1,0,1
771333,771339,7,4,2,1
771348,771349,2,1,0,1
771365,771370,6,3,2,1
771378,771380,3,2,0,1
771383,771385,3,1,0,2
771387,771391,5,2,0,3
771393,771394,2,1,0,1
771401,771402,2,1,0,1
771407,771412,6,4,1,1
771413,771415,3,1,1,1
771420,771423,4,2,1,1
771424,771426,3,2,0,1
771427,771429,3,1,1,1
771453,771454,2,1,0,1
771462,771463,2,1,0,1
771477,771479,3,2,0,1
771497,771499,3,2,0,1
771509,771513,5,3,1,1
771518,771523,6,3,0,3
771524,771526,3,1,1,1
771541,771544,4,3,0,1
771545,771547,3,1,1,1
771558,771559,2,1,0,1
771560,771565,6,3,1,2
771569,771571,3,2,0,1
771574,771575,2,1,0,1
771585,771587,3,1,1,1
771593,771594,2,1,0,1
771646,771647,2,1,0,1
771653,771654,2,1,0,1
771660,771663,4,1,2,1
771680,771681,2,1,0,1
771683,771685,3,1,0,2
771699,771702,4,3,0,1
771711,771713,3,1,1,1
771714,771719,6,3,2,1
771723,771727,5,4,0,1
771739,771743,5,3,1,1
771744,771745,2,1,0,1
771753,771754,2,1,0,1
771756,771758,3,1,0,2
771763,771765,3,2,0,1
771788,771790,3,2,0,1
771804,771805,2,1,0,1
771815,771816,2,1,0,1
771818,771824,7,5,1,1
771839,771843,5,4,0,1
771846,771850,5,4,0,1
771865,771868,4,1,2,1
771882,771884,3,1,1,1
771885,771886,2,1,0,1
771887,771891,5,1,3,1
771901,771902,2,1,0,1
771924,771927,4,1,2,1
771930,771931,2,1,0,1
771945,771946,2,1,0,1
771948,771953,6,2,3,1
771961,771965,5,3,1,1
771968,771973,6,4,1,1
771974,771977,4,1,1,2
771988,771993,6,2,3,1
771998,772003,6,2,3,1
772010,772011,2,1,0,1
772029,772030,2,1,0,1
772031,772034,4,2,1,1
772052,772056,5,1,3,1
772085,772086,2,1,0,1
772088,772089,2,1,0,1
772095,772096,2,1,0,1
772120,772121,2,1,0,1
772122,772123,2,1,0,1
772140,772143,4,1,2,1
772148,772150,3,2,0,1
772152,772153,2,1,0,1
772154,772157,4,2,1,1
772164,772165,2,1,0,1
772187,772188,2,1,0,1
772208,772212,5,4,0,1
772218,772220,3,2,0,1
772225,772232,8,5,1,2
772233,772234,2,1,0,1
772248,772249,2,1,0,1
772261,772263,3,2,0,1
772269,772270,2,1,0,1
772282,772284,3,1,1,1
772313,772315,3,2,0,1
772318,772320,3,2,0,1
772328,772331,4,1,2,1
772341,772343,3,1,1,1
772352,772355,4,1,2,1
772356,772362,7,3,3,1
772363,772364,2,1,0,1
772382,772384,3,1,1,1
772390,772391,2,1,0,1
772396,772398,3,1,1,1
772403,772406,4,2,1,1
772407,772408,2,1,0,1
772414,772416,3,2,0,1
772418,772419,2,1,0,1
772420,772422,3,1,1,1
772424,772429,6,2,3,1
772445,772446,2,1,0,1
772447,772448,2,1,0,1
772457,772461,5,4,0,1
772463,772464,2,1,0,1
772468,772469,2,1,0,1
772489,772491,3,1,1,1
772503,772505,3,1,1,1
772513,772517,5,1,3,1
772539,772542,4,1,2,1
772558,772560,3,1,1,1
772583,772584,2,1,0,1
772596,772597,2,1,0,1
772600,772601,2,1,0,1
772616,772618,3,2,0,1
772620,772621,2,1,0,1
772631,772638,8,4,3,1
772639,772644,6,2,3,1
772657,772658,2,1,0,1
772659,772660,2,1,0,1
772668,772672,5,1,3,1
772679,772682,4,2,1,1
772683,772687,5,2,2,1
772688,772690,3,1,0,2
772692,772693,2,1,0,1
772705,772707,3,2,0,1
772711,772715,5,3,1,1
772717,772719,3,1,1,1
772722,772723,2,1,0,1
772727,772733,7,5,1,1
772734,772735,2,1,0,1
772741,772744,4,2,1,1
772745,772747,3,2,0,1
772749,772751,3,1,1,1
772753,772758,6,4,1,1
772771,772772,2,1,0,1
772776,772778,3,2,0,1
772779,772781,3,1,1,1
772782,772783,2,1,0,1
772799,772804,6,1,3,2
772814,772815,2,1,0,1
772822,772827,6,5,0,1
772836,772837,2,1,0,1
772838,772842,5,1,2,2
772853,772854,2,1,0,1
772858,772859,2,1,0,1
772864,772866,3,2,0,1
772875,772877,3,1,1,1
772896,772897,2,1,0,1
772916,772920,5,1,2,2
772922,772926,5,1,3,1
772949,772953,5,3,0,2
772955,772957,3,2,0,1
772972,772974,3,1,1,1
772977,772982,6,2,2,2
772988,772990,3,1,1,1
773000,773003,4,2,1,1
773012,773015,4,3,0,1
773023,773027,5,1,0,4
773029,773031,3,2,0,1
773052,773053,2,1,0,1
773072,773074,3,2,0,1
773081,773082,2,1,0,1
773096,773100,5,2,2,1
773101,773104,4,2,1,1
773105,773106,2,1,0,1
773118,773119,2,1,0,1
773136,773137,2,1,0,1
773152,773153,2,1,0,1
773163,773166,4,3,0,1
773176,773181,6,5,0,1
773182,773183,2,1,0,1
773184,773186,3,1,1,1
773190,773193,4,3,0,1
773199,773201,3,1,0,2
773204,773206,3,2,0,1
773209,773210,2,1,0,1
773221,773224,4,1,2,1
773228,773232,5,1,3,1
773241,773243,3,1,1,1
773259,773260,2,1,0,1
773271,773272,2,1,0,1
773275,773276,2,1,0,1
773277,773280,4,1,2,1
773287,773289,3,2,0,1
773311,773314,4,2,0,2
773334,773339,6,4,0,2
773343,773344,2,1,0,1
773353,773354,2,1,0,1
773367,773368,2,1,0,1
773371,773373,3,1,1,1
773381,773384,4,3,0,1
773385,773386,2,1,0,1
773402,773404,3,1,1,1
773433,773434,2,1,0,1
773450,773453,4,1,2,1
773475,773480,6,2,3,1
773486,773490,5,3,0,2
773501,773503,3,1,1,1
773510,773513,4,1,2,1
773514,773518,5,2,2,1
773521,773522,2,1,0,1
773528,773531,4,3,0,1
773559,773561,3,1,1,1
773573,773574,2,1,0,1
773575,773579,5,3,1,1
773590,773591,2,1,0,1
773592,773594,3,1,0,2
773595,773598,4,1,2,1
773607,773608,2,1,0,1
773613,773614,2,1,0,1
773625,773627,3,2,0,1
773634,773635,2,1,0,1
773640,773642,3,2,0,1
773653,773655,3,2,0,1
773664,773665,2,1,0,1
773676,773680,5,4,0,1
773699,773702,4,3,0,1
773709,773712,4,2,1,1
773714,773716,3,1,1,1
773733,773735,3,1,1,1
773759,773760,2,1,0,1
773764,773765,2,1,0,1
773766,773768,3,1,1,1
773780,773782,3,1,1,1
773799,773800,2,1,0,1
773806,773807,2,1,0,1
773815,773818,4,2,1,1
773842,773848,7,2,3,2
773849,773852,4,3,0,1
773864,773867,4,2,0,2
773872,773877,6,5,0,1
773892,773895,4,3,0,1
773899,773900,2,1,0,1
773907,773912,6,1,4,1
773914,773915,2,1,0,1
773918,773920,3,1,1,1
773922,773923,2,1,0,1
773926,773931,6,1,4,1
773935,773937,3,2,0,1
773940,773944,5,1,3,1
773947,773950,4,1,2,1
773954,773955,2,1,0,1
773961,773963,3,2,0,1
773964,773965,2,1,0,1
773969,773970,2,1,0,1
773973,773976,4,1,0,3
773988,773990,3,2,0,1
774009,774011,3,2,0,1
774012,774017,6,1,4,1
774036,774037,2,1,0,1
774055,774056,2,1,0,1
774069,774070,2,1,0,1
774081,774086,6,3,2,1
774108,774109,2,1,0,1
774123,774124,2,1,0,1
774125,774126,2,1,0,1
774134,774136,3,1,0,2
774141,774143,3,1,1,1
774144,774151,8,1,6,1
774152,774154,3,1,0,2
774182,774183,2,1,0,1
774195,774197,3,1,0,2
774205,774208,4,1,2,1
774221,774224,4,2,0,2
774226,774227,2,1,0,1
774229,774231,3,1,1,1
774240,774241,2,1,0,1
774246,774249,4,2,1,1
774250,774252,3,2,0,1
774258,774259,2,1,0,1
774260,774267,8,2,5,1
774271,774272,2,1,0,1
774296,774301,6,5,0,1
774332,774335,4,3,0,1
774350,774352,3,1,1,1
774359,774360,2,1,0,1
774368,774370,3,1,1,1
774383,774384,2,1,0,1
774386,774388,3,1,1,1
774389,774393,5,3,1,1
774396,774397,2,1,0,1
774407,774408,2,1,0,1
774425,774429,5,3,1,1
774430,774433,4,3,0,1
774436,774437,2,1,0,1
774439,774442,4,2,1,1
774444,774447,4,1,2,1
774450,774452,3,1,1,1
774459,774463,5,4,0,1
774478,774479,2,1,0,1
774489,774492,4,2,1,1
774505,774510,6,2,1,3
774521,774525,5,3,1,1
774526,774528,3,1,1,1
774529,774532,4,1,2,1
774533,774535,3,1,1,1
774536,774538,3,2,0,1
774566,774573,8,4,3,1
774580,774582,3,1,1,1
774620,774623,4,1,2,1
774775,774776,2,1,0,1
774972,774973,2,1,0,1
775107,775109,3,1,0,2
775141,775143,3,2,0,1
775151,775152,2,1,0,1
775298,775299,2,1,0,1
775308,775312,5,1,0,4
775315,775317,3,1,1,1
775333,775334,2,1,0,1
775346,775347,2,1,0,1
775356,775357,2,1,0,1
775676,775677,2,1,0,1
775699,775703,5,1,1,3
775935,775936,2,1,0,1
776058,776059,2,1,0,1
776122,776124,3,1,0,2
776177,776181,5,1,0,4
776196,776197,2,1,0,1
776248,776251,4,1,2,1
776340,776342,3,1,0,2
776789,776791,3,1,0,2
776835,776836,2,1,0,1
776849,776851,3,1,0,2
776858,776859,2,1,0,1
776917,776918,2,1,0,1
777054,777055,2,1,0,1
777082,777084,3,1,0,2
777088,777090,3,1,1,1
777178,777180,3,1,0,2
777249,777251,3,1,0,2
777301,777303,3,1,1,1
777396,777398,3,1,1,1
777404,777405,2,1,0,1
777447,777449,3,1,1,1
777452,777456,5,2,1,2
777491,777492,2,1,0,1
777494,777496,3,1,0,2
777506,777508,3,1,0,2
777525,777527,3,1,1,1
777572,777574,3,1,0,2
777586,777589,4,1,2,1
777646,777650,5,4,0,1
777653,777657,5,4,0,1
777673,777675,3,2,0,1
777690,777691,2,1,0,1
777700,777703,4,1,2,1
777704,777705,2,1,0,1
777714,777718,5,3,0,2
777736,777737,2,1,0,1
777756,777759,4,3,0,1
777795,777797,3,2,0,1
777814,777815,2,1,0,1
777817,777819,3,2,0,1
777853,777855,3,1,1,1
777856,777857,2,1,0,1
777892,777894,3,2,0,1
777895,777897,3,1,1,1
777901,777902,2,1,0,1
777911,777914,4,3,0,1
777937,777938,2,1,0,1
777939,777941,3,1,1,1
777958,777959,2,1,0,1
777966,777968,3,1,1,1
777971,777975,5,4,0,1
777976,777979,4,1,2,1
777990,777992,3,2,0,1
777996,777997,2,1,0,1
778005,778006,2,1,0,1
778018,778020,3,2,0,1
778054,778057,4,3,0,1
778058,778059,2,1,0,1
778067,778069,3,1,0,2
778101,778103,3,1,1,1
778110,778113,4,3,0,1
778131,778132,2,1,0,1
778134,778136,3,2,0,1
778145,778146,2,1,0,1
778179,778181,3,2,0,1
778182,778183,2,1,0,1
778199,778201,3,1,0,2
778202,778204,3,2,0,1
778234,778235,2,1,0,1
778243,778246,4,1,2,1
778247,778249,3,2,0,1
778263,778268,6,5,0,1
778279,778280,2,1,0,1
778288,778292,5,2,2,1
778294,778298,5,2,2,1
778320,778324,5,1,3,1
778339,778344,6,5,0,1
778380,778382,3,1,1,1
778391,778398,8,5,2,1
778414,778421,8,5,2,1
778438,778439,2,1,0,1
778454,778456,3,1,0,2
778500,778501,2,1,0,1
778503,778504,2,1,0,1
778517,778522,6,4,1,1
778586,778587,2,1,0,1
778604,778605,2,1,0,1
778607,778611,5,2,1,2
778632,778635,4,3,0,1
778637,778643,7,5,1,1
778653,778655,3,1,1,1
778669,778671,3,2,0,1
778672,778673,2,1,0,1
778677,778679,3,2,0,1
778707,778710,4,3,0,1
778717,778718,2,1,0,1
778737,778739,3,1,0,2
778749,778752,4,1,2,1
778768,778770,3,2,0,1
778772,778774,3,2,0,1
778775,778778,4,1,2,1
778779,778782,4,2,1,1
778785,778787,3,2,0,1
778811,778812,2,1,0,1
778827,778830,4,2,0,2
778831,778833,3,1,1,1
778846,778849,4,1,2,1
778851,778852,2,1,0,1
778856,778857,2,1,0,1
778860,778862,3,1,1,1
778887,778889,3,2,0,1
778893,778899,7,4,0,3
778924,778926,3,2,0,1
778932,778936,5,1,3,1
778950,778953,4,3,0,1
778972,778973,2,1,0,1
778977,778978,2,1,0,1
778980,778982,3,1,1,1
778983,778984,2,1,0,1
778985,778986,2,1,0,1
778992,778994,3,2,0,1
778998,778999,2,1,0,1
779000,779004,5,1,1,3
779011,779013,3,1,1,1
779016,779018,3,2,0,1
779025,779028,4,3,0,1
779031,779033,3,2,0,1
779035,779037,3,2,0,1
779046,779048,3,1,1,1
779057,779058,2,1,0,1
779090,779092,3,1,0,2
779096,779099,4,3,0,1
779103,779108,6,3,2,1
779128,779130,3,2,0,1
779135,779140,6,5,0,1
779198,779199,2,1,0,1
779213,779215,3,1,1,1
779216,779217,2,1,0,1
779234,779236,3,2,0,1
779247,779250,4,2,0,2
779261,779266,6,5,0,1
779267,779268,2,1,0,1
779297,779300,4,2,1,1
779309,779310,2,1,0,1
779315,779316,2,1,0,1
779318,779320,3,1,1,1
779325,779326,2,1,0,1
779327,779329,3,1,0,2
779336,779341,6,2,2,2
779360,779366,7,4,0,3
779369,779371,3,1,1,1
779381,779383,3,1,1,1
779385,779388,4,3,0,1
779413,779415,3,2,0,1
779428,779430,3,2,0,1
779438,779440,3,2,0,1
779451,779452,2,1,0,1
779469,779474,6,3,2,1
779490,779493,4,1,1,2
779496,779503,8,4,3,1
779504,779506,3,1,1,1
779509,779510,2,1,0,1
779511,779512,2,1,0,1
779522,779526,5,1,3,1
779527,779529,3,1,1,1
779539,779541,3,1,1,1
779542,779547,6,2,3,1
779557,779558,2,1,0,1
779572,779574,3,1,1,1
779576,779578,3,2,0,1
779585,779586,2,1,0,1
779597,779598,2,1,0,1
779602,779604,3,2,0,1
779606,779607,2,1,0,1
779614,779616,3,2,0,1
779619,779625,7,5,0,2
779633,779635,3,1,0,2
779651,779656,6,1,4,1
779658,779659,2,1,0,1
779660,779663,4,1,2,1
779670,779673,4,1,2,1
779677,779679,3,1,0,2
779684,779685,2,1,0,1
779691,779693,3,2,0,1
779709,779712,4,1,2,1
779713,779716,4,1,2,1
779721,779723,3,2,0,1
779731,779733,3,1,1,1
779737,779742,6,5,0,1
779768,779771,4,2,1,1
779779,779780,2,1,0,1
779793,779798,6,1,4,1
779802,779806,5,2,2,1
779810,779813,4,1,2,1
779828,779835,8,5,2,1
779836,779841,6,2,3,1
779843,779845,3,1,0,2
779865,779866,2,1,0,1
779869,779871,3,2,0,1
779884,779888,5,1,3,1
779896,779900,5,1,3,1
779917,779919,3,1,1,1
779935,779939,5,2,2,1
779953,779954,2,1,0,1
779955,779957,3,2,0,1
779962,779963,2,1,0,1
779966,779969,4,1,2,1
779981,779983,3,2,0,1
779989,779991,3,2,0,1
779992,779994,3,2,0,1
780008,780010,3,1,1,1
780011,780013,3,2,0,1
780017,780019,3,2,0,1
780054,780055,2,1,0,1
780062,780065,4,1,2,1
780069,780070,2,1,0,1
780076,780081,6,5,0,1
780085,780087,3,1,1,1
780088,780089,2,1,0,1
780090,780091,2,1,0,1
780092,780093,2,1,0,1
780094,780097,4,2,1,1
780099,780100,2,1,0,1
780115,780117,3,2,0,1
780130,780132,3,2,0,1
780135,780137,3,1,1,1
780150,780152,3,2,0,1
780154,780156,3,2,0,1
780162,780166,5,1,3,1
780171,780173,3,1,1,1
780174,780176,3,2,0,1
780179,780181,3,1,1,1
780183,780185,3,1,1,1
780186,780187,2,1,0,1
780188,780190,3,2,0,1
780194,780196,3,2,0,1
780207,780209,3,2,0,1
780218,780219,2,1,0,1
780222,780225,4,2,1,1
780243,780244,2,1,0,1
780269,780271,3,2,0,1
780311,780312,2,1,0,1
780328,780329,2,1,0,1
780331,780335,5,2,0,3
780356,780359,4,3,0,1
780399,780402,4,2,0,2
780412,780417,6,4,0,2
780419,780427,9,3,5,1
780451,780453,3,2,0,1
780469,780470,2,1,0,1
780481,780484,4,1,2,1
780486,780488,3,1,1,1
780492,780495,4,2,1,1
780501,780502,2,1,0,1
780505,780508,4,2,1,1
780512,780514,3,2,0,1
780515,780519,5,4,0,1
780523,780529,7,1,2,4
780533,780537,5,3,1,1
780540,780543,4,2,1,1
780551,780553,3,1,1,1
780559,780561,3,1,1,1
780577,780578,2,1,0,1
780590,780591,2,1,0,1
780594,780596,3,2,0,1
780612,780614,3,2,0,1
780621,780624,4,2,1,1
780628,780631,4,1,2,1
780640,780641,2,1,0,1
780656,780658,3,1,1,1
780684,780687,4,3,0,1
780701,780705,5,4,0,1
780709,780713,5,2,2,1
780718,780722,5,2,2,1
780728,780735,8,4,3,1
780744,780746,3,2,0,1
780748,780749,2,1,0,1
780760,780762,3,1,1,1
780768,780769,2,1,0,1
780774,780778,5,1,2,2
780787,780791,5,1,3,1
780792,780794,3,2,0,1
780810,780813,4,3,0,1
780818,780823,6,2,3,1
780839,780840,2,1,0,1
780844,780845,2,1,0,1
780868,780871,4,2,0,2
780884,780887,4,2,1,1
780888,780892,5,1,3,1
780899,780902,4,1,2,1
780904,780907,4,3,0,1
780910,780912,3,2,0,1
780915,780917,3,2,0,1
780927,780930,4,2,1,1
780945,780950,6,3,2,1
780952,780953,2,1,0,1
780958,780959,2,1,0,1
780962,780963,2,1,0,1
780982,780983,2,1,0,1
780984,780989,6,3,2,1
780992,780995,4,2,1,1
780997,780998,2,1,0,1
781010,781011,2,1,0,1
781025,781028,4,1,2,1
781029,781032,4,1,2,1
781041,781044,4,2,1,1
781046,781048,3,2,0,1
781061,781064,4,2,0,2
781068,781071,4,1,2,1
781075,781078,4,2,1,1
781089,781090,2,1,0,1
781108,781109,2,1,0,1
781131,781132,2,1,0,1
781149,781153,5,1,2,2
781155,781156,2,1,0,1
781185,781186,2,1,0,1
781189,781191,3,1,1,1
781203,781208,6,2,2,2
781220,781223,4,3,0,1
781253,781256,4,1,1,2
781262,781263,2,1,0,1
781264,781266,3,2,0,1
781269,781271,3,2,0,1
781273,781276,4,2,1,1
781278,781281,4,1,2,1
781283,781284,2,1,0,1
781286,781291,6,3,2,1
781329,781332,4,1,2,1
781343,781349,7,4,0,3
781354,781355,2,1,0,1
781371,781372,2,1,0,1
781386,781387,2,1,0,1
781395,781399,5,4,0,1
781417,781419,3,2,0,1
781426,781427,2,1,0,1
781428,781429,2,1,0,1
781433,781436,4,1,2,1
781439,781442,4,2,1,1
781443,781448,6,2,3,1
781466,781471,6,1,4,1
781480,781483,4,1,2,1
781484,781487,4,1,2,1
781488,781489,2,1,0,1
781503,781508,6,1,4,1
781514,781515,2,1,0,1
781516,781518,3,1,1,1
781564,781566,3,1,1,1
781568,781569,2,1,0,1
781570,781571,2,1,0,1
781587,781589,3,1,1,1
781590,781592,3,2,0,1
781598,781601,4,3,0,1
781609,781612,4,1,2,1
781625,781629,5,2,2,1
781630,781633,4,1,2,1
781648,781650,3,2,0,1
781654,781655,2,1,0,1
781659,781666,8,5,2,1
781683,781685,3,2,0,1
781701,781703,3,2,0,1
781704,781708,5,1,3,1
781709,781713,5,2,2,1
781714,781715,2,1,0,1
781716,781720,5,1,2,2
781727,781728,2,1,0,1
781733,781736,4,1,2,1
781737,781742,6,1,2,3
781754,781755,2,1,0,1
781771,781775,5,1,3,1
781785,781787,3,1,1,1
781798,781799,2,1,0,1
781812,781814,3,2,0,1
781827,781829,3,2,0,1
781841,781844,4,3,0,1
781852,781856,5,3,1,1
781877,781882,6,1,2,3
781890,781891,2,1,0,1
781904,781905,2,1,0,1
781912,781915,4,2,1,1
781919,781921,3,1,1,1
781936,781937,2,1,0,1
781943,781948,6,4,1,1
781963,781964,2,1,0,1
781967,781968,2,1,0,1
781969,781971,3,1,1,1
781972,781975,4,2,0,2
781980,781985,6,5,0,1
781991,781992,2,1,0,1
781997,781999,3,2,0,1
782005,782008,4,1,1,2
782051,782056,6,2,2,2
782061,782066,6,5,0,1
782072,782075,4,3,0,1
782084,782086,3,2,0,1
782098,782099,2,1,0,1
782109,782110,2,1,0,1
782115,782118,4,3,0,1
782130,782131,2,1,0,1
782138,782140,3,1,1,1
782161,782164,4,2,1,1
782170,782173,4,2,1,1
782182,782183,2,1,0,1
782187,782188,2,1,0,1
782189,782191,3,1,1,1
782195,782200,6,5,0,1
782223,782226,4,1,0,3
782264,782268,5,1,2,2
782269,782270,2,1,0,1
782280,782282,3,1,0,2
782294,782295,2,1,0,1
782304,782305,2,1,0,1
782310,782312,3,2,0,1
782332,782334,3,1,0,2
782340,782342,3,2,0,1
782345,782348,4,1,2,1
782353,782354,2,1,0,1
782362,782364,3,2,0,1
782379,782381,3,2,0,1
782396,782398,3,2,0,1
782417,782420,4,1,2,1
782424,782428,5,2,1,2
782429,782431,3,2,0,1
782437,782438,2,1,0,1
782439,782440,2,1,0,1
782442,782446,5,2,2,1
782452,782457,6,3,2,1
782467,782470,4,2,1,1
782477,782479,3,1,1,1
782484,782487,4,2,1,1
782492,782494,3,1,1,1
782512,782513,2,1,0,1
782518,782519,2,1,0,1
782541,782543,3,1,1,1
782544,782549,6,3,1,2
782551,782552,2,1,0,1
782556,782558,3,2,0,1
782562,782563,2,1,0,1
782573,782575,3,2,0,1
782584,782588,5,3,0,2
782598,782600,3,2,0,1
782602,782603,2,1,0,1
782646,782649,4,3,0,1
782650,782651,2,1,0,1
782653,782655,3,1,0,2
782656,782660,5,1,3,1
782678,782681,4,3,0,1
782690,782693,4,3,0,1
782698,782700,3,2,0,1
782705,782712,8,3,4,1
782718,782721,4,3,0,1
782730,782733,4,3,0,1
782734,782737,4,1,2,1
782754,782755,2,1,0,1
782756,782759,4,2,1,1
782784,782786,3,1,0,2
782792,782795,4,1,2,1
782814,782815,2,1,0,1
782821,782823,3,1,1,1
782830,782833,4,2,1,1
782844,782846,3,2,0,1
782862,782863,2,1,0,1
782872,782876,5,3,1,1
782877,782879,3,2,0,1
782884,782885,2,1,0,1
782908,782909,2,1,0,1
782910,782913,4,2,1,1
782927,782930,4,1,2,1
782937,782940,4,2,1,1
782953,782955,3,2,0,1
782966,782968,3,2,0,1
782972,782977,6,5,0,1
783013,783014,2,1,0,1
783024,783027,4,1,2,1
783029,783030,2,1,0,1
783040,783043,4,1,2,1
783048,783049,2,1,0,1
783053,783057,5,2,2,1
783063,783064,2,1,0,1
783077,783079,3,1,1,1
783099,783100,2,1,0,1
783106,783109,4,2,1,1
783127,783128,2,1,0,1
783143,783144,2,1,0,1
783148,783149,2,1,0,1
783169,783172,4,1,2,1
783180,783182,3,1,1,1
783186,783190,5,4,0,1
783193,783196,4,3,0,1
783206,783209,4,3,0,1
783215,783218,4,1,1,2
783222,783223,2,1,0,1
783224,783226,3,1,1,1
783231,783235,5,3,0,2
783272,783273,2,1,0,1
783275,783278,4,1,2,1
783287,783289,3,2,0,1
783296,783298,3,2,0,1
783316,783317,2,1,0,1
783318,783320,3,2,0,1
783334,783338,5,1,3,1
783340,783341,2,1,0,1
783367,783369,3,1,1,1
783374,783375,2,1,0,1
783381,783382,2,1,0,1
783385,783388,4,3,0,1
783389,783393,5,4,0,1
783415,783417,3,1,1,1
783431,783433,3,1,0,2
783437,783438,2,1,0,1
783446,783451,6,4,1,1
783464,783466,3,2,0,1
783467,783471,5,2,1,2
783472,783477,6,5,0,1
783479,783480,2,1,0,1
783491,783493,3,2,0,1
783499,783500,2,1,0,1
783502,783504,3,2,0,1
783506,783508,3,1,1,1
783519,783521,3,2,0,1
783536,783538,3,2,0,1
783540,783542,3,2,0,1
783551,783552,2,1,0,1
783553,783554,2,1,0,1
783555,783558,4,1,2,1
783567,783568,2,1,0,1
783589,783594,6,2,3,1
783595,783596,2,1,0,1
783615,783618,4,3,0,1
783630,783632,3,1,1,1
783633,783635,3,2,0,1
783637,783642,6,2,3,1
783651,783654,4,2,1,1
783659,783660,2,1,0,1
783669,783670,2,1,0,1
783683,783685,3,1,1,1
783695,783697,3,2,0,1
783701,783704,4,1,2,1
783707,783709,3,1,1,1
783717,783719,3,2,0,1
783737,783738,2,1,0,1
783739,783746,8,2,5,1
783751,783752,2,1,0,1
783754,783756,3,2,0,1
783762,783764,3,1,1,1
783765,783766,2,1,0,1
783772,783774,3,2,0,1
783802,783804,3,1,1,1
783834,783837,4,2,1,1
783862,783863,2,1,0,1
783868,783870,3,2,0,1
783883,783884,2,1,0,1
783885,783886,2,1,0,1
783901,783902,2,1,0,1
783934,783935,2,1,0,1
783948,783949,2,1,0,1
783953,783956,4,1,1,2
783967,783968,2,1,0,1
783969,783970,2,1,0,1
783971,783972,2,1,0,1
783973,783976,4,2,1,1
783991,783992,2,1,0,1
783993,783995,3,1,1,1
784016,784017,2,1,0,1
784021,784024,4,2,1,1
784025,784026,2,1,0,1
784042,784044,3,1,1,1
784072,784074,3,2,0,1
784084,784086,3,2,0,1
784101,784102,2,1,0,1
784108,784109,2,1,0,1
784110,784114,5,3,0,2
784117,784118,2,1,0,1
784133,784135,3,2,0,1
784136,784138,3,2,0,1
784139,784141,3,2,0,1
784152,784153,2,1,0,1
784156,784157,2,1,0,1
784166,784167,2,1,0,1
784169,784175,7,3,0,4
784176,784177,2,1,0,1
784192,784193,2,1,0,1
784197,784198,2,1,0,1
784201,784204,4,2,0,2
784218,784220,3,2,0,1
784223,784227,5,4,0,1
784246,784247,2,1,0,1
784253,784254,2,1,0,1
784279,784280,2,1,0,1
784281,784286,6,5,0,1
784298,784301,4,2,1,1
784311,784312,2,1,0,1
784326,784332,7,5,1,1
784336,784337,2,1,0,1
784338,784339,2,1,0,1
784353,784357,5,2,0,3
784369,784371,3,2,0,1
784372,784374,3,1,1,1
784393,784396,4,1,2,1
784397,784398,2,1,0,1
784409,784410,2,1,0,1
784415,784419,5,2,2,1
784426,784429,4,1,2,1
784430,784431,2,1,0,1
784434,784435,2,1,0,1
784452,784457,6,5,0,1
784458,784460,3,1,1,1
784469,784474,6,5,0,1
784478,784479,2,1,0,1
784480,784481,2,1,0,1
784484,784486,3,2,0,1
784497,784500,4,1,0,3
784504,784506,3,1,1,1
784511,784512,2,1,0,1
784518,784519,2,1,0,1
784527,784529,3,1,0,2
784530,784531,2,1,0,1
784542,784544,3,1,1,1
784547,784549,3,2,0,1
784576,784578,3,1,1,1
784595,784598,4,3,0,1
784601,784602,2,1,0,1
784609,784610,2,1,0,1
784618,784620,3,2,0,1
784621,784622,2,1,0,1
784629,784632,4,3,0,1
784643,784644,2,1,0,1
784645,784649,5,4,0,1
784655,784656,2,1,0,1
784667,784668,2,1,0,1
784684,784687,4,2,1,1
784688,784692,5,3,1,1
784697,784699,3,1,1,1
784709,784711,3,2,0,1
784718,784723,6,4,1,1
784724,784727,4,3,0,1
784736,784738,3,1,0,2
784739,784744,6,5,0,1
784749,784752,4,2,1,1
784755,784759,5,2,2,1
784766,784771,6,2,3,1
784772,784773,2,1,0,1
784776,784781,6,4,0,2
784782,784785,4,2,1,1
784799,784803,5,2,2,1
784806,784807,2,1,0,1
784815,784819,5,3,0,2
784820,784821,2,1,0,1
784834,784838,5,4,0,1
784839,784842,4,2,1,1
784846,784851,6,1,4,1
784865,784866,2,1,0,1
784878,784882,5,3,1,1
784886,784891,6,1,4,1
784898,784900,3,2,0,1
784907,784908,2,1,0,1
784916,784918,3,2,0,1
784924,784927,4,1,2,1
784933,784934,2,1,0,1
784944,784946,3,1,1,1
784963,784967,5,3,1,1
784985,784987,3,1,0,2
784989,784992,4,2,1,1
784995,784998,4,1,1,2
785015,785018,4,1,2,1
785023,785027,5,2,2,1
785028,785029,2,1,0,1
785031,785032,2,1,0,1
785037,785038,2,1,0,1
785042,785043,2,1,0,1
785045,785048,4,1,2,1
785049,785050,2,1,0,1
785067,785068,2,1,0,1
785069,785074,6,4,1,1
785075,785076,2,1,0,1
785088,785091,4,1,2,1
785105,785111,7,5,1,1
785115,785118,4,2,0,2
785119,785121,3,1,1,1
785123,785126,4,1,2,1
785138,785139,2,1,0,1
785140,785145,6,5,0,1
785156,785160,5,3,0,2
785162,785165,4,2,0,2
785178,785179,2,1,0,1
785181,785183,3,1,0,2
785200,785201,2,1,0,1
785204,785205,2,1,0,1
785207,785209,3,1,0,2
785227,785229,3,1,0,2
785235,785237,3,2,0,1
785247,785252,6,4,1,1
785275,785276,2,1,0,1
785279,785281,3,1,0,2
785282,785283,2,1,0,1
785286,785290,5,2,2,1
785297,785298,2,1,0,1
785306,785310,5,1,3,1
785338,785340,3,2,0,1
785356,785357,2,1,0,1
785380,785382,3,1,1,1
785384,785388,5,1,3,1
785393,785394,2,1,0,1
785396,785397,2,1,0,1
785402,785408,7,5,1,1
785410,785412,3,2,0,1
785413,785414,2,1,0,1
785416,785418,3,2,0,1
785424,785425,2,1,0,1
785433,785436,4,2,1,1
785439,785442,4,2,1,1
785444,785446,3,1,1,1
785458,785462,5,3,1,1
785476,785477,2,1,0,1
785478,785480,3,2,0,1
785481,785484,4,3,0,1
785503,785505,3,2,0,1
785507,785509,3,1,1,1
785510,785511,2,1,0,1
785512,785513,2,1,0,1
785522,785524,3,1,1,1
785539,785541,3,2,0,1
785565,785567,3,1,1,1
785568,785570,3,1,0,2
785575,785577,3,2,0,1
785596,785599,4,1,2,1
785629,785630,2,1,0,1
785632,785634,3,2,0,1
785638,785644,7,5,1,1
785647,785648,2,1,0,1
785663,785665,3,1,1,1
785733,785736,4,3,0,1
785741,785746,6,4,1,1
785748,785753,6,5,0,1
785764,785768,5,4,0,1
785790,785792,3,2,0,1
785798,785800,3,2,0,1
785802,785804,3,2,0,1
785805,785806,2,1,0,1
785813,785818,6,4,0,2
785849,785852,4,2,0,2
785862,785867,6,4,1,1
785872,785876,5,2,2,1
785877,785878,2,1,0,1
785883,785886,4,2,1,1
785890,785893,4,3,0,1
785901,785904,4,1,2,1
785905,785909,5,3,1,1
785917,785923,7,1,5,1
785940,785941,2,1,0,1
785945,785946,2,1,0,1
785947,785949,3,2,0,1
785950,785953,4,2,1,1
785971,785972,2,1,0,1
785973,785978,6,3,2,1
785984,785986,3,1,1,1
785987,785988,2,1,0,1
785990,785991,2,1,0,1
785996,785999,4,3,0,1
786003,786005,3,1,0,2
786013,786015,3,1,0,2
786018,786022,5,1,3,1
786036,786039,4,2,0,2
786042,786044,3,1,0,2
786057,786061,5,4,0,1
786080,786083,4,1,2,1
786091,786092,2,1,0,1
786102,786103,2,1,0,1
786106,786110,5,1,3,1
786112,786114,3,1,1,1
786137,786140,4,1,2,1
786154,786156,3,1,1,1
786167,786169,3,1,1,1
786181,786183,3,1,0,2
786184,786187,4,1,2,1
786192,786194,3,1,1,1
786242,786245,4,1,0,3
786247,786250,4,2,1,1
786252,786257,6,4,1,1
786258,786260,3,1,0,2
786262,786264,3,1,0,2
786269,786273,5,2,2,1
786274,786275,2,1,0,1
786276,786277,2,1,0,1
786283,786284,2,1,0,1
786296,786297,2,1,0,1
786298,786303,6,1,0,5
786306,786312,7,1,0,6
786466,786467,2,1,0,1
786911,786914,4,1,1,2
787193,787198,6,1,0,5
787211,787213,3,2,0,1
787547,787549,3,1,0,2
787735,787736,2,1,0,1
788494,788499,6,5,0,1
788532,788539,8,1,6,1
788669,788671,3,1,1,1
788698,788705,8,1,6,1
788706,788709,4,2,1,1
788710,788712,3,1,1,1
788719,788722,4,1,2,1
788826,788827,2,1,0,1
788932,788934,3,1,1,1
789051,789056,6,2,3,1
789063,789068,6,2,3,1
789087,789089,3,2,0,1
789180,789184,5,1,3,1
789193,789197,5,1,3,1
789279,789289,11,1,9,1
789363,789364,2,1,0,1
789370,789373,4,1,2,1
789403,789406,4,1,2,1
789435,789437,3,2,0,1
789455,789457,3,1,0,2
789464,789467,4,1,2,1
789575,789579,5,1,3,1
789588,789589,2,1,0,1
789594,789597,4,1,2,1
789621,789629,9,5,3,1
789630,789632,3,1,1,1
789675,789682,8,3,4,1
789690,789691,2,1,0,1
789694,789695,2,1,0,1
789734,789737,4,2,1,1
789738,789739,2,1,0,1
789754,789759,6,1,4,1
789762,789763,2,1,0,1
789764,789766,3,1,1,1
789767,789769,3,1,1,1
789782,789783,2,1,0,1
789814,789816,3,1,1,1
789824,789829,6,3,2,1
789830,789831,2,1,0,1
789859,789863,5,1,3,1
789875,789878,4,2,1,1
789929,789930,2,1,0,1
789963,789965,3,2,0,1
789966,789973,8,1,6,1
789995,789999,5,1,3,1
790028,790029,2,1,0,1
790040,790043,4,2,1,1
790054,790063,10,3,6,1
790107,790109,3,1,1,1
790119,790120,2,1,0,1
790190,790192,3,2,0,1
790207,790208,2,1,0,1
790223,790225,3,1,1,1
790275,790277,3,1,1,1
790307,790308,2,1,0,1
790309,790311,3,2,0,1
790319,790320,2,1,0,1
790323,790324,2,1,0,1
790333,790341,9,5,3,1
790373,790378,6,2,3,1
790389,790394,6,4,1,1
790408,790411,4,2,1,1
790423,790426,4,2,1,1
790429,790437,9,3,5,1
790438,790442,5,2,2,1
790458,790460,3,2,0,1
790485,790490,6,1,4,1
790499,790503,5,1,3,1
790511,790519,9,3,4,2
790533,790534,2,1,0,1
790554,790555,2,1,0,1
790567,790569,3,1,1,1
790589,790591,3,2,0,1
790620,790622,3,1,1,1
790628,790629,2,1,0,1
790637,790638,2,1,0,1
790640,790645,6,4,1,1
790687,790689,3,1,1,1
790716,790721,6,2,3,1
790729,790734,6,1,4,1
790771,790773,3,1,1,1
790793,790796,4,1,2,1
790807,790814,8,3,4,1
790824,790827,4,3,0,1
790828,790833,6,2,3,1
790867,790872,6,1,4,1
790884,790885,2,1,0,1
790900,790907,8,1,6,1
790916,790918,3,2,0,1
790919,790921,3,1,0,2
790933,790935,3,2,0,1
791045,791054,10,4,5,1
791058,791060,3,1,1,1
791086,791087,2,1,0,1
791146,791148,3,1,1,1
791158,791160,3,1,1,1
791179,791183,5,1,3,1
791192,791194,3,2,0,1
791216,791221,6,1,4,1
791225,791229,5,3,1,1
791232,791240,9,1,7,1
791241,791242,2,1,0,1
791260,791267,8,1,6,1
791275,791277,3,1,0,2
791290,791293,4,1,2,1
791310,791312,3,1,1,1
791334,791337,4,3,0,1
791349,791351,3,1,1,1
791383,791385,3,1,1,1
791386,791388,3,1,1,1
791401,791403,3,1,1,1
791451,791455,5,1,2,2
791456,791459,4,1,2,1
791466,791469,4,1,2,1
791475,791480,6,1,4,1
791486,791487,2,1,0,1
791529,791530,2,1,0,1
791556,791557,2,1,0,1
791567,791569,3,1,0,2
791574,791576,3,1,1,1
791578,791580,3,1,1,1
791581,791584,4,1,2,1
791586,791587,2,1,0,1
791611,791616,6,3,2,1
791629,791630,2,1,0,1
791636,791638,3,1,1,1
791639,791642,4,1,2,1
791668,791669,2,1,0,1
791675,791678,4,1,2,1
791685,791689,5,1,3,1
791699,791701,3,1,0,2
791706,791708,3,1,1,1
791727,791731,5,1,3,1
791732,791737,6,1,4,1
791741,791744,4,3,0,1
791752,791754,3,1,0,2
791760,791762,3,1,0,2
791781,791784,4,2,1,1
791794,791797,4,1,2,1
791821,791827,7,1,5,1
791840,791846,7,1,4,2
791854,791856,3,2,0,1
791857,791858,2,1,0,1
791865,791869,5,2,2,1
791902,791909,8,1,6,1
791984,791985,2,1,0,1
791987,791991,5,3,1,1
792000,792003,4,1,2,1
792061,792062,2,1,0,1
792074,792075,2,1,0,1
792082,792085,4,2,0,2
792113,792114,2,1,0,1
792134,792136,3,1,1,1
792158,792161,4,1,2,1
792187,792189,3,2,0,1
792223,792227,5,1,3,1
792244,792255,12,2,8,2
792258,792261,4,2,0,2
792273,792277,5,2,2,1
792294,792297,4,2,1,1
792305,792308,4,2,1,1
792326,792330,5,2,2,1
792374,792379,6,3,2,1
792386,792387,2,1,0,1
792413,792419,7,4,2,1
792433,792435,3,1,1,1
792451,792453,3,1,1,1
792468,792470,3,1,1,1
792492,792496,5,2,2,1
792506,792507,2,1,0,1
792511,792513,3,1,1,1
792520,792521,2,1,0,1
792556,792557,2,1,0,1
792579,792580,2,1,0,1
792596,792597,2,1,0,1
792603,792607,5,2,1,2
792619,792621,3,2,0,1
792640,792642,3,2,0,1
792651,792655,5,1,3,1
792682,792684,3,1,1,1
792704,792708,5,4,0,1
792713,792718,6,2,3,1
792724,792725,2,1,0,1
792734,792736,3,2,0,1
792740,792743,4,2,1,1
792765,792769,5,2,2,1
792822,792825,4,2,0,2
792842,792844,3,1,1,1
792853,792856,4,2,1,1
792859,792860,2,1,0,1
792862,792864,3,2,0,1
792871,792872,2,1,0,1
792874,792876,3,1,1,1
792877,792879,3,1,1,1
792881,792885,5,1,2,2
792913,792916,4,1,2,1
792920,792922,3,1,1,1
792931,792933,3,1,0,2
792940,792942,3,2,0,1
792947,792948,2,1,0,1
792962,792965,4,2,1,1
792978,792979,2,1,0,1
792984,792985,2,1,0,1
792986,792987,2,1,0,1
792993,792998,6,1,4,1
793009,793011,3,1,1,1
793022,793023,2,1,0,1
793031,793037,7,1,5,1
793041,793043,3,1,1,1
793056,793059,4,1,2,1
793061,793072,12,2,5,5
793106,793108,3,2,0,1
793136,793137,2,1,0,1
793143,793145,3,1,1,1
793200,793201,2,1,0,1
793217,793218,2,1,0,1
793224,793226,3,2,0,1
793237,793238,2,1,0,1
793249,793250,2,1,0,1
793265,793268,4,2,1,1
793280,793282,3,1,1,1
793325,793328,4,2,1,1
793332,793333,2,1,0,1
793338,793339,2,1,0,1
793354,793355,2,1,0,1
793392,793393,2,1,0,1
793416,793419,4,1,2,1
793422,793424,3,2,0,1
793441,793442,2,1,0,1
793445,793446,2,1,0,1
793455,793457,3,1,1,1
793466,793468,3,1,0,2
793515,793516,2,1,0,1
793551,793553,3,1,0,2
793564,793567,4,1,0,3
793605,793611,7,2,1,4
793622,793624,3,1,1,1
793630,793632,3,1,0,2
793677,793678,2,1,0,1
793679,793680,2,1,0,1
793863,793866,4,2,0,2
793900,793902,3,2,0,1
793909,793910,2,1,0,1
793959,793961,3,1,0,2
793963,793964,2,1,0,1
793971,793973,3,1,0,2
794034,794035,2,1,0,1
794081,794082,2,1,0,1
794145,794146,2,1,0,1
794305,794306,2,1,0,1
794323,794324,2,1,0,1
794329,794330,2,1,0,1
794362,794364,3,1,1,1
794383,794386,4,1,0,3
794409,794411,3,1,1,1
794417,794418,2,1,0,1
794470,794471,2,1,0,1
794473,794474,2,1,0,1
794504,794506,3,1,0,2
794520,794521,2,1,0,1
794558,794559,2,1,0,1
794638,794639,2,1,0,1
794875,794876,2,1,0,1
794917,794918,2,1,0,1
794944,794945,2,1,0,1
795023,795024,2,1,0,1
795032,795033,2,1,0,1
795076,795077,2,1,0,1
795216,795217,2,1,0,1
795226,795228,3,1,0,2
795360,795362,3,1,0,2
795439,795440,2,1,0,1
795623,795624,2,1,0,1
795828,795829,2,1,0,1
795943,795945,3,1,1,1
796025,796026,2,1,0,1
796177,796178,2,1,0,1
796383,796385,3,1,0,2
796407,796408,2,1,0,1
796502,796503,2,1,0,1
796658,796660,3,1,1,1
797167,797168,2,1,0,1
797530,797538,9,1,6,2
797540,797542,3,2,0,1
797566,797572,7,1,5,1
797579,797582,4,1,2,1
797583,797585,3,1,1,1
797590,797593,4,1,2,1
797599,797600,2,1,0,1
797605,797610,6,3,1,2
797612,797613,2,1,0,1
797633,797636,4,2,0,2
797650,797653,4,1,1,2
797657,797668,12,1,10,1
797675,797680,6,1,4,1
797726,797727,2,1,0,1
797732,797733,2,1,0,1
797740,797744,5,1,0,4
797749,797755,7,1,1,5
797763,797764,2,1,0,1
797774,797776,3,1,1,1
797786,797787,2,1,0,1
797825,797826,2,1,0,1
797828,797829,2,1,0,1
797832,797834,3,1,0,2
797843,797845,3,1,1,1
797870,797872,3,1,1,1
797881,797882,2,1,0,1
797883,797887,5,2,1,2
797906,797909,4,1,1,2
797931,797932,2,1,0,1
797937,797939,3,1,1,1
797948,797949,2,1,0,1
797957,797959,3,1,1,1
797968,797969,2,1,0,1
797981,797985,5,1,1,3
797991,797992,2,1,0,1
798002,798003,2,1,0,1
798038,798040,3,1,1,1
798050,798051,2,1,0,1
798064,798071,8,1,6,1
798076,798077,2,1,0,1
798095,798096,2,1,0,1
798103,798105,3,1,1,1
798116,798120,5,1,1,3
798128,798129,2,1,0,1
798133,798134,2,1,0,1
798151,798152,2,1,0,1
798167,798171,5,1,2,2
798189,798191,3,1,1,1
798194,798197,4,1,2,1
798204,798206,3,1,1,1
798250,798251,2,1,0,1
798258,798260,3,1,1,1
798265,798271,7,1,5,1
798290,798291,2,1,0,1
798293,798294,2,1,0,1
798312,798315,4,1,1,2
798325,798326,2,1,0,1
798349,798351,3,1,0,2
798353,798354,2,1,0,1
798392,798393,2,1,0,1
798394,798396,3,1,0,2
798406,798408,3,1,0,2
798411,798413,3,1,0,2
798429,798430,2,1,0,1
798442,798443,2,1,0,1
798447,798449,3,1,0,2
798474,798475,2,1,0,1
798482,798486,5,3,0,2
798516,798539,24,1,22,1
798558,798571,14,1,12,1
798582,798586,5,1,3,1
798613,798621,9,1,6,2
798646,798647,2,1,0,1
798657,798665,9,1,7,1
798666,798671,6,1,4,1
798732,798736,5,1,3,1
798810,798815,6,5,0,1
798843,798848,6,5,0,1
798867,798872,6,4,1,1
798902,798909,8,5,0,3
798936,798937,2,1,0,1
798944,798950,7,5,1,1
798951,798955,5,4,0,1
798967,798968,2,1,0,1
798981,798986,6,1,4,1
798991,798997,7,4,2,1
798999,799001,3,2,0,1
799020,799022,3,1,1,1
799045,799049,5,1,3,1
799056,799057,2,1,0,1
799074,799079,6,1,4,1
799083,799084,2,1,0,1
799093,799100,8,3,4,1
799102,799103,2,1,0,1
799104,799107,4,1,2,1
799123,799126,4,2,1,1
799129,799131,3,1,0,2
799168,799169,2,1,0,1
799186,799188,3,1,0,2
799194,799198,5,3,1,1
799204,799207,4,2,0,2
799210,799212,3,2,0,1
799217,799223,7,4,2,1
799224,799230,7,1,5,1
799235,799241,7,5,1,1
799258,799260,3,1,1,1
799273,799274,2,1,0,1
799287,799289,3,2,0,1
799291,799293,3,1,1,1
799296,799299,4,1,2,1
799302,799307,6,3,2,1
799311,799318,8,1,6,1
799338,799346,9,3,5,1
799353,799355,3,2,0,1
799360,799366,7,5,1,1
799373,799374,2,1,0,1
799376,799377,2,1,0,1
799378,799382,5,3,1,1
799396,799398,3,2,0,1
799399,799401,3,2,0,1
799405,799406,2,1,0,1
799432,799433,2,1,0,1
799439,799440,2,1,0,1
799457,799462,6,3,1,2
799464,799465,2,1,0,1
799466,799467,2,1,0,1
799507,799509,3,1,1,1
799510,799511,2,1,0,1
799512,799518,7,2,4,1
799533,799535,3,2,0,1
799558,799562,5,2,2,1
799569,799571,3,2,0,1
799573,799577,5,1,3,1
799585,799586,2,1,0,1
799590,799592,3,1,1,1
799604,799606,3,1,1,1
799618,799620,3,1,1,1
799623,799631,9,3,5,1
799634,799638,5,3,1,1
799654,799655,2,1,0,1
799667,799669,3,1,1,1
799674,799676,3,1,1,1
799684,799685,2,1,0,1
799703,799709,7,1,5,1
799710,799716,7,1,5,1
799726,799732,7,4,2,1
799746,799747,2,1,0,1
799773,799774,2,1,0,1
799785,799789,5,1,3,1
799800,799803,4,1,2,1
799819,799821,3,1,1,1
799830,799831,2,1,0,1
799840,799841,2,1,0,1
799844,799849,6,1,4,1
799858,799866,9,2,6,1
799872,799875,4,3,0,1
799877,799878,2,1,0,1
799886,799888,3,1,1,1
799893,799894,2,1,0,1
799903,799910,8,2,5,1
799913,799917,5,2,2,1
799939,799940,2,1,0,1
799943,799944,2,1,0,1
799979,799983,5,1,3,1
