start_row,match_length
420.0,3
1341.0,6
1509.0,5
1572.0,5
1737.0,5
1792.0,4
1800.0,2
1815.0,4
1897.0,6
1926.0,2
2026.0,4
2031.0,7
2049.0,6
2055.0,2
2068.0,4
2072.0,4
2125.0,2
2147.0,2
2203.0,3
2232.0,6
2260.0,4
2276.0,2
2290.0,3
2303.0,2
2319.0,3
2325.0,2
2331.0,4
2368.0,3
2375.0,6
2381.0,3
2434.0,4
2460.0,3
2482.0,3
2545.0,2
2584.0,4
2594.0,7
2619.0,4
2702.0,10
2735.0,7
2743.0,8
2796.0,13
2812.0,11
2824.0,2
2830.0,8
2834.0,4
2838.0,3
2841.0,3
2845.0,13
2859.0,9
2882.0,16
2886.0,4
2924.0,8
2931.0,3
2940.0,15
2955.0,18
2972.0,5
2976.0,10
2986.0,3
2991.0,5
3001.0,4
3003.0,14
3018.0,17
3048.0,9
3069.0,2
3104.0,2
3130.0,9
3142.0,8
3151.0,12
3162.0,2
3177.0,15
3196.0,10
3206.0,5
3229.0,6
3236.0,7
3241.0,8
3249.0,7
3266.0,5
3278.0,14
3292.0,6
3312.0,10
3320.0,7
3339.0,7
3346.0,2
3348.0,2
3352.0,9
3359.0,13
3376.0,6
3378.0,7
3385.0,8
3409.0,7
3428.0,16
3445.0,5
3449.0,3
3467.0,4
3491.0,30
3506.0,4
3531.0,10
3557.0,4
3567.0,5
3576.0,11
3583.0,2
3585.0,3
3588.0,10
3598.0,12
3612.0,11
3641.0,11
3654.0,3
3658.0,3
3699.0,3
3701.0,3
3708.0,10
3723.0,6
3732.0,5
3736.0,6
3742.0,6
3752.0,8
3759.0,14
3775.0,11
3786.0,2
3800.0,10
3812.0,9
3830.0,2
3832.0,11
3843.0,2
3868.0,6
3881.0,8
3888.0,7
3896.0,5
3905.0,14
3919.0,2
3923.0,11
3940.0,10
3946.0,14
3967.0,12
3973.0,8
4034.0,11
4045.0,8
4066.0,8
4071.0,4
4077.0,6
4081.0,7
4097.0,7
4112.0,3
4118.0,8
4123.0,10
4134.0,3
4136.0,3
4141.0,2
4144.0,5
4154.0,3
4161.0,15
4198.0,14
4211.0,15
4241.0,3
4250.0,18
4273.0,5
4278.0,4
4305.0,8
4319.0,6
4325.0,9
4344.0,2
4359.0,25
4381.0,10
4400.0,4
4447.0,19
4464.0,30
4621.0,3
4627.0,15
4798.0,6
4815.0,6
4823.0,2
4825.0,5
4835.0,2
4846.0,3
4861.0,6
4866.0,3
4894.0,5
4899.0,2
4903.0,12
5374.0,6
5379.0,2
5385.0,6
5402.0,3
6448.0,5
6740.0,14
7349.0,5
7414.0,13
7695.0,17
8129.0,2
9091.0,2
9103.0,7
9110.0,2
9121.0,33
9155.0,94
9273.0,22
9288.0,7
9296.0,34
9360.0,7
9367.0,7
9380.0,5
9385.0,2
9387.0,2
9414.0,9
9423.0,5
9479.0,8
9486.0,2
9488.0,3
9491.0,4
9495.0,8
9503.0,2
9505.0,2
9513.0,3
9516.0,3
9526.0,5
9531.0,4
9537.0,3
9544.0,5
9570.0,20
9580.0,4
9584.0,3
9598.0,4
9602.0,2
9606.0,18
9626.0,8
9636.0,4
9647.0,7
9657.0,3
9663.0,6
9669.0,7
9676.0,3
9679.0,7
9708.0,24
9735.0,3
9744.0,43
9788.0,9
9799.0,8
9807.0,10
9818.0,16
9833.0,11
9845.0,5
9849.0,2
9853.0,2
9867.0,6
9879.0,9
10005.0,7
10222.0,33
11301.0,2
11329.0,2
11400.0,2
11407.0,2
11411.0,4
11435.0,3
11442.0,3
11459.0,5
11468.0,4
11473.0,5
11481.0,5
11485.0,4
11498.0,4
11513.0,4
11522.0,2
11525.0,4
11532.0,4
11542.0,4
11550.0,3
11556.0,2
11585.0,2
11603.0,2
11618.0,2
11620.0,2
11627.0,2
11632.0,3
11637.0,2
11644.0,6
11674.0,3
11676.0,6
11687.0,4
11702.0,2
11704.0,3
11732.0,5
11757.0,6
11786.0,6
11794.0,4
11802.0,5
11823.0,2
11834.0,5
11875.0,2
11885.0,12
11910.0,3
11916.0,7
11937.0,12
11955.0,3
11962.0,2
11986.0,2
11990.0,7
11996.0,3
12006.0,4
12011.0,2
12022.0,2
12027.0,7
12042.0,4
12055.0,3
12058.0,6
12065.0,6
12074.0,5
12087.0,5
12103.0,2
12142.0,3
12144.0,2
12163.0,5
12166.0,4
12223.0,13
12236.0,5
12259.0,3
12268.0,2
12277.0,6
12287.0,3
12291.0,2
12295.0,5
12302.0,5
12313.0,4
12357.0,2
12374.0,4
12378.0,3
12418.0,5
12432.0,5
12436.0,2
12480.0,5
12485.0,4
12501.0,4
12513.0,3
12517.0,6
12523.0,3
12530.0,3
12535.0,5
12543.0,3
12555.0,3
12557.0,3
12563.0,6
12622.0,2
12633.0,2
12636.0,3
12639.0,4
12653.0,2
12678.0,5
12695.0,2
12701.0,5
12716.0,3
12725.0,5
12734.0,4
12745.0,8
12760.0,3
12789.0,5
12828.0,2
12853.0,4
12860.0,2
12862.0,3
12869.0,4
12879.0,8
12889.0,32
12937.0,3
12996.0,3
13047.0,5
13076.0,9
13118.0,2
13120.0,5
13130.0,4
13167.0,5
13239.0,6
13265.0,3
13267.0,2
13323.0,5
13335.0,3
13338.0,4
13366.0,6
13376.0,2
13386.0,5
13391.0,4
13398.0,2
13400.0,3
13413.0,5
13420.0,8
13437.0,5
13461.0,4
13478.0,10
13482.0,6
13493.0,4
13503.0,6
13536.0,2
13556.0,6
13566.0,2
13587.0,6
13594.0,3
13616.0,3
13619.0,3
13625.0,5
13642.0,5
13647.0,10
13667.0,6
13712.0,7
13719.0,3
13732.0,5
13758.0,4
13778.0,4
13782.0,2
13790.0,6
13830.0,4
13850.0,14
13863.0,6
13869.0,2
13888.0,3
13891.0,4
13899.0,7
13934.0,3
13948.0,6
13957.0,4
13975.0,6
13996.0,4
13998.0,2
14009.0,2
14024.0,4
14045.0,2
14057.0,5
14064.0,3
14067.0,4
14072.0,3
14103.0,6
14118.0,3
14125.0,6
14131.0,4
14150.0,4
14157.0,2
14159.0,6
14195.0,6
14221.0,6
14228.0,5
14238.0,10
14249.0,2
14261.0,7
14270.0,2
14283.0,2
14300.0,3
14303.0,5
14328.0,2
14330.0,5
14342.0,3
14371.0,4
14379.0,5
14384.0,7
14398.0,2
14417.0,2
14420.0,3
14425.0,2
14429.0,2
14432.0,3
14438.0,3
14500.0,4
14515.0,2
14535.0,3
14542.0,7
14566.0,6
14573.0,4
14636.0,3
14649.0,3
14653.0,4
14659.0,6
14676.0,5
14682.0,4
14686.0,5
14691.0,3
14694.0,7
14715.0,3
14728.0,4
14732.0,4
14744.0,4
14754.0,2
14764.0,4
14786.0,4
14791.0,3
14801.0,6
14821.0,4
14839.0,3
14849.0,4
14860.0,2
14864.0,2
14868.0,3
14886.0,6
14892.0,5
14899.0,2
14901.0,3
14944.0,2
14957.0,3
14961.0,7
14981.0,3
15025.0,6
15030.0,6
15036.0,4
15044.0,8
15051.0,3
15067.0,8
15104.0,4
15116.0,9
15134.0,2
15152.0,10
15167.0,3
15170.0,6
15202.0,2
15204.0,2
15207.0,3
15219.0,4
15224.0,2
15226.0,3
15232.0,6
15239.0,4
15251.0,7
15280.0,5
15290.0,4
15293.0,2
15299.0,2
15311.0,2
15325.0,4
15333.0,4
15360.0,3
15365.0,2
15377.0,10
15389.0,2
15399.0,4
15422.0,2
15432.0,6
15439.0,2
15450.0,2
15475.0,9
15482.0,3
15487.0,3
15492.0,6
15501.0,5
15510.0,2
15515.0,4
15519.0,4
15529.0,2
15534.0,3
15552.0,5
15563.0,3
15566.0,3
15569.0,3
15576.0,3
15579.0,3
15585.0,3
15588.0,3
15597.0,3
15643.0,2
15645.0,5
15657.0,3
15701.0,3
15714.0,4
15717.0,3
15740.0,3
15750.0,4
15762.0,6
15776.0,3
15780.0,2
15782.0,5
15788.0,7
15799.0,4
15811.0,4
15815.0,2
15823.0,2
15844.0,3
15855.0,4
15859.0,8
15870.0,2
15883.0,4
15897.0,4
15914.0,2
15923.0,3
15953.0,2
15973.0,3
15977.0,3
15994.0,3
15997.0,4
16001.0,2
16003.0,5
16016.0,7
16052.0,2
16054.0,3
16073.0,2
16103.0,3
16106.0,3
16119.0,7
16130.0,6
16138.0,2
16150.0,5
16197.0,9
16206.0,2
16226.0,2
16239.0,4
16248.0,5
16265.0,4
16273.0,3
16278.0,4
16286.0,3
16289.0,2
16293.0,4
16309.0,4
16313.0,5
16336.0,3
16353.0,3
16383.0,2
16387.0,4
16428.0,4
16455.0,3
16462.0,4
16464.0,3
16483.0,2
16494.0,6
16504.0,6
16519.0,2
16550.0,10
16575.0,3
16588.0,2
16592.0,4
16604.0,2
16620.0,10
16636.0,4
16642.0,3
16648.0,2
16650.0,5
16672.0,6
16692.0,2
16697.0,4
16708.0,2
16721.0,2
16730.0,4
16753.0,7
16770.0,4
16780.0,4
16785.0,2
16812.0,5
16843.0,3
16865.0,3
16869.0,7
16876.0,3
16882.0,3
16890.0,2
16904.0,2
16919.0,4
16922.0,5
16941.0,3
16968.0,4
16986.0,2
16991.0,6
17000.0,6
17012.0,2
17023.0,2
17036.0,4
17048.0,4
17056.0,2
17064.0,5
17071.0,8
17087.0,4
17107.0,7
17114.0,3
17117.0,4
17183.0,2
17187.0,3
17204.0,7
17217.0,4
17226.0,2
17233.0,4
17267.0,3
17270.0,3
17306.0,7
17317.0,4
17326.0,3
17342.0,5
17347.0,3
17362.0,4
17367.0,10
17393.0,3
17401.0,2
17406.0,4
17437.0,3
17441.0,4
17457.0,3
17460.0,5
17476.0,2
17495.0,4
17510.0,7
17528.0,2
17530.0,5
17543.0,5
17554.0,3
17563.0,3
17574.0,5
17584.0,2
17603.0,4
17607.0,5
17616.0,3
17633.0,14
17766.0,4
17876.0,4
17934.0,4
18083.0,2
18137.0,2
18149.0,6
18453.0,3
18456.0,4
18470.0,3
18543.0,10
18557.0,3
18671.0,18
18692.0,2
18699.0,2
18707.0,4
18714.0,11
18732.0,3
18737.0,11
18759.0,6
18777.0,8
18826.0,7
18835.0,4
18842.0,4
18851.0,4
18858.0,2
18876.0,7
18888.0,2
18905.0,4
18972.0,4
18999.0,3
19023.0,2
19051.0,4
19071.0,8
19395.0,4
19407.0,6
19417.0,5
19443.0,4
19455.0,5
19468.0,4
19474.0,5
19483.0,4
19486.0,24
19532.0,75
19607.0,3
19609.0,45
19654.0,3
19657.0,55
19713.0,20
19735.0,7
19740.0,25
19764.0,9
19773.0,15
19788.0,11
19799.0,14
19815.0,29
19842.0,17
19860.0,18
19878.0,8
19885.0,48
19933.0,3
19938.0,28
19964.0,5
19969.0,6
19975.0,19
20002.0,2
20005.0,5
20016.0,8
20024.0,18
20044.0,16
20058.0,19
20128.0,89
20219.0,19
20239.0,8
20246.0,50
20309.0,23
20335.0,37
20373.0,13
20387.0,35
20423.0,16
20437.0,35
20471.0,16
20490.0,16
20503.0,3
20506.0,16
20582.0,4
20588.0,10
20608.0,40
20648.0,9
20658.0,25
20722.0,17
20738.0,2
20740.0,21
20761.0,14
20775.0,5
20782.0,5
20789.0,8
20793.0,23
20816.0,2
20818.0,56
20875.0,18
20892.0,11
20903.0,16
20919.0,20
20962.0,9
20972.0,6
21000.0,16
21015.0,16
21035.0,23
21054.0,4
21059.0,15
21073.0,17
21090.0,26
21118.0,9
21153.0,6
21159.0,22
21185.0,5
21188.0,14
21203.0,15
21218.0,27
21244.0,12
21256.0,4
21260.0,3
21263.0,35
21299.0,18
21320.0,25
21346.0,20
21369.0,28
21391.0,5
21438.0,6
21444.0,19
21474.0,9
21486.0,6
21491.0,8
21500.0,46
21545.0,4
21551.0,5
21557.0,5
21563.0,3
21582.0,9
21590.0,9
21599.0,15
21614.0,8
21622.0,12
21635.0,14
21650.0,28
21676.0,7
21684.0,25
21709.0,7
21716.0,13
21748.0,10
21758.0,22
21780.0,36
21816.0,34
21872.0,54
21927.0,39
21963.0,9
21984.0,2
21988.0,15
22001.0,9
22010.0,13
22024.0,5
22028.0,16
22044.0,12
22056.0,40
22096.0,2
22098.0,3
22101.0,32
22155.0,24
22211.0,3
22263.0,6
22269.0,17
22286.0,19
22320.0,4
22325.0,5
22330.0,11
22340.0,29
22369.0,15
22384.0,7
22405.0,5
22408.0,27
22454.0,34
22503.0,39
22542.0,6
22552.0,16
22571.0,35
22601.0,13
22615.0,14
22628.0,8
22636.0,2
22663.0,3
22721.0,12
22734.0,3
22739.0,34
22770.0,5
22775.0,2
22777.0,5
22787.0,18
22806.0,12
22817.0,14
22831.0,28
22860.0,8
22871.0,5
22877.0,18
22894.0,21
22916.0,29
22944.0,7
22953.0,22
22973.0,6
22983.0,11
22995.0,15
23011.0,24
23035.0,19
23053.0,45
23098.0,8
23106.0,22
23130.0,13
23143.0,12
23161.0,58
23213.0,20
23233.0,11
23244.0,58
23303.0,11
23317.0,22
23339.0,4
23341.0,18
23359.0,13
23372.0,11
23426.0,9
23434.0,7
23443.0,41
23482.0,7
23491.0,28
23519.0,3
23527.0,27
23556.0,10
23567.0,6
23590.0,15
23606.0,5
23644.0,13
23658.0,3
23662.0,15
23676.0,4
23679.0,13
23695.0,23
23717.0,10
23727.0,15
23759.0,3
23763.0,3
23765.0,22
23787.0,3
23793.0,9
23807.0,2
23809.0,4
23813.0,5
23818.0,18
23836.0,16
23852.0,6
23858.0,16
23900.0,7
23909.0,4
23913.0,2
23917.0,5
23922.0,17
23940.0,14
23955.0,13
23966.0,12
23978.0,7
23987.0,13
24012.0,5
24016.0,2
24019.0,10
24051.0,20
24066.0,24
24090.0,17
24107.0,6
24124.0,56
24179.0,21
24201.0,15
24230.0,2
24305.0,61
24365.0,9
24376.0,4
24378.0,9
24392.0,10
24400.0,41
24441.0,42
24485.0,9
24492.0,7
24499.0,9
24508.0,26
24534.0,4
24541.0,5
24544.0,8
24552.0,3
24555.0,8
24570.0,14
24592.0,25
24625.0,6
24631.0,2
24633.0,21
24654.0,6
24660.0,19
24681.0,22
24701.0,19
24720.0,12
24732.0,11
24743.0,4
24752.0,6
24759.0,12
24770.0,3
24783.0,23
24806.0,20
24824.0,2
24827.0,38
24864.0,27
24891.0,3
24894.0,43
24938.0,6
24944.0,7
24950.0,11
24961.0,5
24968.0,3
24979.0,7
24988.0,7
24995.0,16
25011.0,3
25016.0,12
25029.0,8
25061.0,8
25070.0,5
25075.0,12
25086.0,8
25095.0,8
25109.0,7
25116.0,2
25119.0,63
25181.0,66
25247.0,17
25264.0,57
25321.0,35
25358.0,56
25412.0,13
25436.0,11
25460.0,32
25493.0,15
25507.0,5
25512.0,90
25602.0,56
25658.0,61
25732.0,49
25781.0,69
25850.0,73
25923.0,2
25925.0,3
25928.0,36
25965.0,56
26020.0,73
26095.0,92
26185.0,5
26190.0,62
26252.0,3
26255.0,15
26271.0,12
26283.0,18
26300.0,43
26344.0,41
26384.0,11
26415.0,21
26437.0,18
26454.0,24
26478.0,13
26491.0,15
26509.0,20
26529.0,3
26561.0,3
26564.0,18
26652.0,32
26696.0,8
26704.0,20
26724.0,33
26757.0,17
26774.0,2
26777.0,5
26781.0,12
26793.0,44
26838.0,9
26846.0,68
26915.0,58
26972.0,12
26984.0,9
26993.0,8
27001.0,83
27085.0,9
27093.0,22
27115.0,45
27160.0,18
27178.0,47
27225.0,5
27253.0,34
27287.0,33
27321.0,43
27363.0,44
27408.0,6
27413.0,22
27437.0,34
27469.0,19
27488.0,61
27549.0,9
27558.0,17
27577.0,2
27579.0,13
27592.0,24
27616.0,87
27703.0,12
27715.0,2
27717.0,15
27732.0,6
27738.0,36
27775.0,28
27803.0,35
27837.0,2
27847.0,5
27851.0,4
27855.0,11
27866.0,10
27889.0,3
27892.0,24
28006.0,10
28016.0,7
28024.0,21
28044.0,23
28067.0,23
28090.0,40
28130.0,16
28146.0,19
28165.0,57
28222.0,4
28234.0,24
28259.0,39
28297.0,5
28302.0,18
28346.0,26
28371.0,21
28392.0,2
28394.0,30
28424.0,32
28458.0,5
28486.0,66
28551.0,5
28556.0,24
28580.0,14
28594.0,9
28603.0,8
28611.0,17
28628.0,4
28634.0,40
28672.0,7
28680.0,34
28714.0,5
28721.0,12
28730.0,6
28736.0,12
28748.0,14
28762.0,14
28814.0,23
28839.0,4
28854.0,44
28898.0,29
28943.0,22
28992.0,13
29006.0,49
29054.0,26
29080.0,36
29116.0,16
29132.0,24
29158.0,44
29202.0,46
29248.0,3
29277.0,16
29298.0,36
29331.0,8
29339.0,9
29348.0,20
29368.0,23
29391.0,16
29415.0,21
29436.0,11
29447.0,6
29454.0,5
29458.0,3
29461.0,17
29478.0,6
29484.0,59
29543.0,6
29549.0,9
29560.0,9
29567.0,58
29625.0,2
29627.0,9
29637.0,29
29665.0,17
29683.0,6
29688.0,4
29692.0,4
29697.0,45
29750.0,19
29768.0,28
29796.0,7
29803.0,7
29810.0,13
29823.0,3
29826.0,5
29845.0,4
29848.0,20
29868.0,60
29930.0,14
29944.0,14
29960.0,2
29991.0,26
30017.0,2
30019.0,2
30021.0,3
30026.0,19
30045.0,3
30048.0,4
30095.0,13
30107.0,13
30122.0,8
30129.0,3
30132.0,15
30149.0,18
30165.0,15
30182.0,17
30199.0,4
30203.0,19
30223.0,23
30245.0,23
30268.0,46
30314.0,2
30330.0,10
30340.0,9
30352.0,5
30354.0,12
30371.0,25
30396.0,12
30408.0,15
30423.0,3
30427.0,14
30471.0,33
30505.0,4
30509.0,5
30513.0,8
30522.0,19
30547.0,31
30577.0,3
30580.0,16
30596.0,56
30652.0,9
30661.0,8
30669.0,6
30676.0,30
30705.0,9
30764.0,5
30770.0,5
30792.0,23
30815.0,11
30826.0,25
30851.0,7
30872.0,15
30885.0,11
30906.0,2
30909.0,9
30917.0,3
30941.0,18
30960.0,5
30964.0,27
30993.0,12
31003.0,15
31018.0,14
31061.0,26
31087.0,24
31112.0,6
31117.0,17
31134.0,22
31156.0,11
31167.0,45
31212.0,23
31235.0,5
31240.0,6
31287.0,55
31342.0,7
31350.0,18
31367.0,7
31374.0,5
31380.0,8
31388.0,3
31390.0,21
31411.0,4
31415.0,7
31423.0,20
31443.0,7
31453.0,7
31457.0,6
31463.0,38
31501.0,12
31512.0,31
31543.0,21
31565.0,25
31589.0,5
31594.0,9
31603.0,8
31612.0,16
31627.0,7
31639.0,12
31651.0,7
31658.0,6
31664.0,12
31676.0,13
31694.0,11
31703.0,3
31706.0,9
31717.0,6
31721.0,16
31738.0,8
31746.0,10
31755.0,6
31761.0,10
31788.0,7
31793.0,32
31825.0,5
31830.0,2
31833.0,5
31838.0,22
31859.0,4
31863.0,19
31882.0,4
31924.0,46
31970.0,29
32000.0,9
32008.0,30
32038.0,11
32049.0,6
32055.0,8
32063.0,5
32069.0,34
32104.0,24
32126.0,23
32163.0,14
32177.0,2
32179.0,31
32211.0,58
32313.0,36
32371.0,5
32376.0,3
32380.0,10
32389.0,2
32392.0,4
32398.0,14
32411.0,8
32419.0,29
32448.0,75
32537.0,5
32544.0,18
32560.0,10
32570.0,7
32577.0,21
32598.0,3
32601.0,10
32622.0,19
32642.0,24
32709.0,3
32714.0,25
32737.0,4
32741.0,36
32777.0,13
32790.0,3
32793.0,18
32812.0,10
32823.0,19
32841.0,15
32856.0,7
32864.0,4
32881.0,11
32889.0,4
32895.0,56
32949.0,2
32962.0,2
32964.0,6
32970.0,28
32998.0,7
33005.0,33
33053.0,9
33061.0,60
33121.0,20
33141.0,8
33150.0,26
33175.0,14
33191.0,13
33206.0,13
33218.0,4
33221.0,17
33238.0,2
33260.0,8
33267.0,8
33275.0,8
33292.0,4
33298.0,17
33314.0,20
33333.0,2
33335.0,20
33357.0,8
33364.0,6
33371.0,13
33382.0,4
33389.0,9
33399.0,12
33410.0,13
33423.0,8
33434.0,5
33436.0,6
33485.0,15
33500.0,5
33515.0,5
33520.0,2
33523.0,20
33543.0,17
33560.0,40
33599.0,10
33609.0,7
33617.0,11
33676.0,8
33698.0,3
33707.0,2
33732.0,3
33750.0,6
33775.0,9
33779.0,9
33792.0,5
33811.0,3
33813.0,4
33823.0,5
33842.0,2
33852.0,5
33875.0,4
33881.0,6
33891.0,3
33900.0,5
33903.0,2
33914.0,12
33948.0,10
33965.0,5
33976.0,4
33981.0,5
33991.0,9
34013.0,4
34023.0,3
34035.0,7
34053.0,15
34068.0,5
34093.0,5
34112.0,3
34160.0,5
34163.0,5
34173.0,6
34180.0,2
34184.0,7
34190.0,3
34192.0,3
34206.0,4
34220.0,4
34231.0,5
34235.0,9
34251.0,5
34265.0,3
34276.0,3
34286.0,10
34294.0,5
34317.0,7
34323.0,3
34328.0,4
34347.0,6
34354.0,6
34375.0,5
34399.0,5
34419.0,4
34435.0,5
34462.0,7
34476.0,5
34482.0,6
34488.0,7
34522.0,6
34529.0,6
34556.0,4
34592.0,2
34596.0,4
34601.0,4
34612.0,4
34624.0,5
34630.0,5
34659.0,3
34668.0,5
34717.0,2
34728.0,6
34747.0,4
34801.0,5
34807.0,2
34809.0,7
34827.0,6
34844.0,3
34863.0,2
34880.0,5
34891.0,4
34912.0,2
34953.0,6
34958.0,3
34976.0,4
34986.0,8
35002.0,3
35029.0,3
35045.0,2
35053.0,4
35105.0,2
35124.0,2
35127.0,4
35158.0,3
35162.0,3
35176.0,4
35198.0,3
35211.0,6
35234.0,2
35265.0,2
35267.0,2
35269.0,2
35283.0,11
35306.0,4
35330.0,4
35334.0,2
35378.0,3
35394.0,3
35415.0,5
35454.0,6
35466.0,4
35493.0,5
35499.0,2
35578.0,4
35582.0,5
35589.0,6
35597.0,3
35619.0,3
35621.0,3
35624.0,4
35642.0,3
35650.0,2
35652.0,4
35667.0,3
35679.0,2
35697.0,5
35746.0,2
35782.0,5
35788.0,3
35795.0,5
35798.0,7
35839.0,6
35860.0,4
35887.0,3
35927.0,4
35931.0,8
35950.0,2
35957.0,3
35975.0,5
35986.0,2
36007.0,2
36054.0,3
36082.0,3
36123.0,2
36134.0,2
36147.0,4
36175.0,5
36207.0,3
36287.0,5
36296.0,8
36360.0,6
36369.0,2
36373.0,5
36393.0,4
36440.0,3
36466.0,7
36505.0,2
36542.0,4
36568.0,4
36615.0,4
36631.0,6
36635.0,5
36659.0,4
36669.0,2
36677.0,2
36679.0,2
36703.0,4
36713.0,2
36732.0,4
36772.0,5
36842.0,2
36844.0,4
36856.0,6
36920.0,3
36928.0,4
36945.0,5
37004.0,3
37039.0,8
37114.0,2
37131.0,5
37197.0,6
37202.0,5
37207.0,2
37249.0,5
37256.0,2
37268.0,6
37282.0,4
37304.0,2
37339.0,2
37342.0,5
37353.0,3
37393.0,4
37413.0,2
37416.0,4
37434.0,3
37437.0,2
37477.0,3
37491.0,3
37511.0,4
37529.0,5
37560.0,2
37587.0,4
37608.0,8
37627.0,4
37695.0,4
37701.0,2
37742.0,5
37749.0,8
37771.0,7
37791.0,4
37797.0,5
37800.0,3
37853.0,8
37879.0,3
37897.0,2
37900.0,4
37982.0,5
37993.0,3
38002.0,2
38016.0,3
38019.0,3
38067.0,4
38071.0,6
38088.0,3
38112.0,4
38158.0,4
38169.0,4
38172.0,4
38262.0,2
38267.0,7
38279.0,4
38296.0,2
38313.0,5
38329.0,2
38345.0,5
38349.0,4
38419.0,4
38423.0,3
38431.0,2
38436.0,3
38472.0,3
38489.0,7
38507.0,3
38563.0,4
38594.0,5
38599.0,3
38655.0,2
38677.0,2
38679.0,4
38697.0,6
38722.0,9
38771.0,6
38775.0,4
38787.0,5
38792.0,3
38808.0,11
38819.0,2
38877.0,2
38906.0,3
38965.0,2
38972.0,3
38978.0,3
39023.0,3
39030.0,3
39037.0,3
39049.0,9
39071.0,2
39092.0,5
39125.0,3
39187.0,6
39197.0,3
39209.0,8
39216.0,5
39231.0,3
39252.0,9
39275.0,2
39297.0,4
39304.0,3
39341.0,3
39356.0,3
39379.0,8
39399.0,3
39410.0,5
39415.0,2
39438.0,2
39473.0,3
39510.0,7
39526.0,2
39528.0,4
39608.0,3
39631.0,3
39655.0,3
39717.0,8
39773.0,6
39840.0,2
39846.0,3
39879.0,7
39899.0,3
39933.0,2
39954.0,4
39978.0,11
39997.0,2
40027.0,3
40030.0,4
40039.0,3
40058.0,2
40064.0,4
40076.0,5
40109.0,2
40126.0,4
40130.0,3
40183.0,2
40185.0,5
40204.0,4
40219.0,5
40236.0,3
40246.0,2
40255.0,4
40285.0,3
40287.0,4
40333.0,2
40335.0,4
40352.0,5
40362.0,9
40388.0,6
40462.0,2
40483.0,2
40501.0,4
40506.0,2
40513.0,7
40544.0,5
40602.0,4
40634.0,3
40641.0,4
40661.0,4
40708.0,2
40775.0,4
40783.0,5
40817.0,4
40825.0,4
40860.0,4
40913.0,3
40932.0,6
40976.0,3
40984.0,3
40986.0,2
40989.0,9
41033.0,7
41044.0,5
41085.0,2
41101.0,3
41118.0,6
41124.0,6
41137.0,5
41184.0,3
41236.0,4
41251.0,5
41291.0,2
41313.0,2
41325.0,5
41344.0,7
41358.0,2
41362.0,2
41378.0,5
41393.0,4
41399.0,2
41403.0,3
41423.0,8
41427.0,2
41433.0,5
41439.0,6
41457.0,7
41462.0,4
41511.0,4
41518.0,6
41553.0,4
41565.0,5
41570.0,7
41626.0,6
41633.0,11
41646.0,6
41674.0,3
41691.0,5
41711.0,6
41748.0,5
41753.0,2
41755.0,2
41787.0,3
41795.0,3
41810.0,7
41848.0,3
41853.0,6
41866.0,5
41878.0,2
41895.0,4
41915.0,3
41930.0,3
42050.0,4
42067.0,6
42075.0,3
42164.0,2
42183.0,2
42186.0,8
42203.0,3
42226.0,3
42233.0,4
42253.0,5
42300.0,8
42304.0,5
42355.0,11
42367.0,4
42372.0,8
42382.0,8
42394.0,6
42397.0,5
42405.0,7
42412.0,11
42422.0,4
42426.0,3
42429.0,2
42434.0,5
42445.0,2
42447.0,2
42455.0,10
42483.0,3
42498.0,8
42506.0,5
42524.0,5
42528.0,3
42545.0,4
42549.0,2
42564.0,4
42569.0,6
42576.0,5
42589.0,4
42593.0,2
42601.0,4
42607.0,12
42629.0,4
42639.0,5
42644.0,3
42657.0,6
42672.0,3
42676.0,4
42679.0,4
42694.0,5
42700.0,5
42705.0,3
42718.0,4
42733.0,3
42738.0,4
42757.0,6
42769.0,4
42779.0,2
42807.0,4
42831.0,5
42843.0,5
42858.0,6
42867.0,6
42873.0,3
42878.0,4
42882.0,2
42895.0,3
42907.0,5
42911.0,2
42914.0,8
42923.0,3
42932.0,6
42959.0,2
42973.0,4
42977.0,5
42982.0,4
42988.0,9
43001.0,7
43014.0,5
43028.0,4
43042.0,4
43117.0,3
43126.0,4
43139.0,3
43171.0,2
43212.0,4
43225.0,6
43240.0,5
43262.0,2
43302.0,10
43328.0,3
43337.0,3
43352.0,4
43399.0,2
43422.0,3
43425.0,4
43429.0,2
43434.0,7
43446.0,3
43448.0,5
43453.0,4
43468.0,6
43500.0,4
43509.0,5
43517.0,5
43547.0,2
43553.0,3
43573.0,9
43594.0,5
43599.0,5
43620.0,3
43624.0,3
43651.0,5
43658.0,2
43664.0,5
43695.0,6
43699.0,4
43712.0,12
43729.0,7
43746.0,6
43751.0,3
43768.0,3
43775.0,3
43786.0,5
43793.0,4
43798.0,3
43834.0,2
43851.0,10
43917.0,5
43939.0,9
43954.0,4
43957.0,2
43961.0,6
43994.0,6
44047.0,4
44051.0,2
44053.0,4
44077.0,2
44086.0,3
44089.0,5
44128.0,4
44137.0,2
44148.0,3
44150.0,2
44199.0,3
44202.0,3
44226.0,2
44242.0,4
44251.0,2
44267.0,3
44304.0,4
44323.0,5
44384.0,5
44399.0,7
44423.0,15
44437.0,3
44448.0,3
44455.0,5
44473.0,2
44478.0,5
44498.0,2
44508.0,2
44514.0,4
44534.0,7
44592.0,3
44603.0,3
44627.0,3
44639.0,2
44647.0,2
44652.0,4
44657.0,4
44672.0,8
44683.0,3
44724.0,3
44735.0,7
44759.0,3
44765.0,2
44768.0,3
44791.0,4
44798.0,3
44811.0,4
44833.0,3
44845.0,5
44903.0,7
44930.0,2
44967.0,6
44977.0,7
44999.0,3
45046.0,8
45071.0,4
45123.0,5
45144.0,8
45170.0,3
45174.0,2
45189.0,2
45191.0,9
45207.0,5
45222.0,5
45231.0,2
45241.0,4
45265.0,2
45273.0,2
45299.0,3
45337.0,2
45346.0,5
45351.0,2
45389.0,3
45395.0,7
45399.0,3
45402.0,4
45412.0,3
45457.0,3
45502.0,4
45525.0,3
45552.0,5
45568.0,4
45595.0,3
45646.0,2
45651.0,3
45677.0,4
45680.0,3
45692.0,2
45703.0,3
45706.0,2
45712.0,3
45727.0,8
45732.0,3
45753.0,4
45781.0,6
45788.0,5
45805.0,5
45810.0,3
45880.0,7
45901.0,4
45912.0,4
45925.0,3
45968.0,7
46010.0,2
46070.0,5
46098.0,5
46103.0,3
46118.0,4
46124.0,2
46128.0,5
46138.0,4
46147.0,6
46178.0,6
46185.0,3
46200.0,3
46224.0,4
46246.0,5
46263.0,2
46277.0,3
46294.0,2
46408.0,2
46410.0,4
46432.0,5
46437.0,4
46474.0,2
46537.0,7
46543.0,4
46603.0,2
46612.0,4
46616.0,4
46637.0,7
46653.0,2
46675.0,2
46688.0,4
46698.0,3
46701.0,2
46754.0,2
46756.0,5
46769.0,5
46827.0,5
46835.0,4
46898.0,5
46904.0,5
46910.0,9
46921.0,8
47018.0,3
47041.0,4
47050.0,8
47084.0,4
47117.0,3
47157.0,3
47163.0,5
47165.0,10
47177.0,2
47225.0,4
47249.0,7
47258.0,3
47317.0,5
47331.0,5
47336.0,3
47343.0,11
47355.0,4
47369.0,3
47453.0,3
47474.0,5
47561.0,6
47579.0,4
47586.0,8
47691.0,7
47719.0,3
47728.0,3
47815.0,3
47818.0,4
47855.0,5
47868.0,6
47891.0,2
47895.0,6
47904.0,3
47910.0,6
47915.0,6
47921.0,7
47932.0,3
47934.0,2
47936.0,5
47958.0,8
47968.0,4
48002.0,4
48006.0,5
48020.0,3
48063.0,4
48135.0,2
48182.0,2
48215.0,4
48228.0,3
48271.0,3
48459.0,5
48469.0,2
48565.0,2
48571.0,2
48645.0,3
48704.0,6
48863.0,3
48878.0,5
48908.0,3
48936.0,6
48946.0,6
48952.0,3
48955.0,3
49011.0,2
49055.0,4
49074.0,3
49088.0,4
49092.0,3
49113.0,2
49121.0,3
49130.0,5
49143.0,2
49203.0,9
49223.0,3
49252.0,7
49260.0,5
49265.0,3
49288.0,2
49290.0,3
49294.0,7
49323.0,5
49328.0,3
49342.0,2
49381.0,2
49386.0,5
49391.0,2
49393.0,2
49405.0,6
49424.0,8
49512.0,2
49514.0,3
49518.0,5
49525.0,5
49582.0,3
49676.0,5
49683.0,2
49691.0,4
49696.0,9
49705.0,5
49709.0,7
49716.0,13
49730.0,5
49734.0,6
49759.0,2
49772.0,3
49816.0,6
49836.0,5
49860.0,3
49868.0,3
49891.0,7
49901.0,13
49953.0,8
49959.0,10
49985.0,5
50057.0,3
50072.0,11
50079.0,3
50152.0,2
50239.0,13
50247.0,2
50272.0,5
50394.0,4
50424.0,2
50435.0,3
50465.0,5
50503.0,3
50517.0,4
50586.0,3
50595.0,7
50660.0,5
50664.0,5
50670.0,7
50757.0,5
50764.0,3
50859.0,3
51072.0,7
51092.0,2
51103.0,8
51121.0,9
51138.0,2
51142.0,6
51175.0,5
51184.0,4
51206.0,3
51209.0,5
51221.0,3
51253.0,5
51282.0,5
51350.0,4
51375.0,3
51377.0,4
51415.0,5
51431.0,5
51437.0,8
51459.0,8
51479.0,4
51543.0,6
51548.0,4
51749.0,3
51754.0,3
51766.0,5
51782.0,5
51820.0,2
51855.0,8
51924.0,4
51929.0,4
51933.0,4
51943.0,2
51957.0,2
52030.0,5
52046.0,3
52060.0,4
52250.0,3
52272.0,3
52275.0,8
52391.0,5
52396.0,4
52622.0,14
52637.0,3
52654.0,5
52717.0,6
52731.0,2
52782.0,3
52838.0,7
52932.0,4
52935.0,2
52969.0,5
53032.0,3
53048.0,15
53078.0,2
53091.0,2
53121.0,5
53132.0,3
53176.0,5
53183.0,3
53204.0,4
53215.0,3
53220.0,12
53235.0,2
53249.0,5
53305.0,5
53313.0,5
53421.0,5
53455.0,5
53496.0,2
53531.0,4
53548.0,4
53577.0,5
53587.0,3
53635.0,8
53661.0,2
53683.0,2
53691.0,3
53701.0,6
53750.0,6
53755.0,6
53776.0,4
53820.0,8
53872.0,2
53912.0,7
53921.0,3
53932.0,4
53941.0,8
53985.0,5
54056.0,3
54094.0,2
54096.0,3
54179.0,3
54181.0,4
54210.0,3
54222.0,4
54292.0,3
54343.0,4
54371.0,6
54486.0,3
54569.0,3
54620.0,3
54643.0,3
54676.0,5
54743.0,2
54754.0,6
54808.0,5
54830.0,6
54876.0,3
54983.0,4
54987.0,3
55082.0,2
55084.0,2
55115.0,4
55135.0,5
55177.0,4
55217.0,6
55283.0,3
55308.0,3
55374.0,7
55411.0,3
55431.0,2
55436.0,7
55485.0,4
55490.0,2
55504.0,7
55523.0,4
55625.0,2
55657.0,6
55679.0,7
55696.0,2
55724.0,5
55827.0,3
55849.0,3
55877.0,4
55925.0,2
55929.0,2
56024.0,3
56213.0,3
56218.0,5
56244.0,3
56272.0,3
56278.0,5
56297.0,3
56339.0,3
56381.0,2
56406.0,3
56411.0,2
56449.0,3
56518.0,5
56539.0,4
56558.0,4
56627.0,2
56639.0,5
56644.0,5
56661.0,3
56691.0,4
56765.0,5
56774.0,2
56843.0,7
56861.0,3
56909.0,2
56933.0,5
56976.0,5
56994.0,7
57033.0,11
57059.0,4
57064.0,4
57170.0,6
57202.0,6
57221.0,4
57225.0,7
57253.0,5
57305.0,7
57313.0,2
57328.0,2
57335.0,4
57342.0,5
57354.0,3
57358.0,5
57379.0,2
57387.0,4
57417.0,6
57455.0,2
57619.0,2
57660.0,4
57715.0,2
57758.0,5
57802.0,2
57880.0,3
57883.0,4
57894.0,3
57899.0,3
57921.0,3
57935.0,12
57947.0,12
58018.0,5
58044.0,7
58050.0,7
58064.0,11
58130.0,4
58135.0,26
58160.0,3
58185.0,3
58200.0,7
58208.0,12
58245.0,5
58252.0,4
58255.0,4
58259.0,18
58280.0,7
58303.0,10
58353.0,5
58356.0,14
58371.0,6
58382.0,8
58404.0,13
58412.0,4
58421.0,2
58426.0,3
58444.0,2
58457.0,2
58471.0,16
58525.0,2
58528.0,14
58549.0,2
58612.0,5
58632.0,11
58642.0,4
58646.0,3
58649.0,3
58660.0,11
58694.0,8
58702.0,7
58707.0,9
58735.0,4
58748.0,13
58764.0,4
58768.0,6
58848.0,11
58858.0,2
58860.0,6
58872.0,9
58888.0,7
58896.0,12
58906.0,3
58913.0,2
58921.0,8
58927.0,12
58943.0,7
58955.0,11
58968.0,5
58974.0,10
59011.0,12
59024.0,5
59031.0,10
59041.0,8
59049.0,5
59074.0,2
59086.0,2
59126.0,2
59144.0,6
59181.0,2
59202.0,8
59249.0,3
59266.0,11
59277.0,6
59284.0,4
59295.0,4
59305.0,7
59329.0,4
59336.0,5
59342.0,6
59348.0,4
59362.0,5
59386.0,4
59389.0,8
59397.0,7
59404.0,7
59416.0,3
59418.0,4
59441.0,3
59466.0,2
59470.0,12
59494.0,3
59503.0,4
59534.0,10
59545.0,11
59558.0,8
59564.0,7
59573.0,7
59584.0,4
59588.0,5
59602.0,6
59620.0,11
59648.0,5
59670.0,10
59688.0,20
59710.0,5
59785.0,3
59815.0,7
59822.0,5
59842.0,3
59844.0,12
59860.0,3
59863.0,28
59891.0,6
59904.0,9
59918.0,2
59920.0,2
59922.0,3
59925.0,4
59935.0,2
59944.0,10
59950.0,3
59966.0,6
59980.0,6
60001.0,5
60022.0,8
60044.0,6
60064.0,10
60073.0,3
60092.0,4
60098.0,4
60103.0,6
60108.0,5
60123.0,2
60137.0,5
60161.0,4
60176.0,2
60184.0,12
60197.0,4
60209.0,26
60227.0,6
60257.0,3
60297.0,8
60328.0,11
60364.0,8
60367.0,3
60375.0,4
60402.0,3
60404.0,13
60427.0,37
60458.0,2
60461.0,111
60627.0,9
60696.0,10
60724.0,7
60731.0,2
60737.0,5
60747.0,9
60754.0,15
60766.0,13
60781.0,17
60797.0,4
60925.0,5
60929.0,17
60947.0,4
60952.0,17
60968.0,14
60981.0,7
60989.0,7
60996.0,5
61014.0,6
61019.0,19
61039.0,14
61053.0,12
61068.0,25
61089.0,5
61094.0,12
61108.0,4
61110.0,4
61115.0,5
61120.0,14
61135.0,5
61173.0,9
61183.0,18
61202.0,2
61205.0,10
61214.0,2
61216.0,7
61226.0,15
61260.0,9
61272.0,6
61310.0,10
61322.0,4
61324.0,3
61327.0,13
61343.0,11
61351.0,3
61360.0,7
61371.0,15
61389.0,6
61401.0,9
61409.0,11
61432.0,13
61442.0,3
61446.0,2
61448.0,12
61460.0,4
61469.0,10
61489.0,4
61492.0,2
61500.0,4
61504.0,4
61520.0,15
61535.0,5
61540.0,10
61550.0,3
61564.0,2
61566.0,4
61582.0,14
61596.0,8
61604.0,5
61610.0,4
61615.0,11
61633.0,14
61648.0,7
61654.0,3
61666.0,5
61671.0,4
61677.0,11
61687.0,27
61720.0,4
61722.0,4
61728.0,8
61740.0,10
61751.0,6
61770.0,6
61775.0,21
61833.0,4
61845.0,5
61850.0,5
61855.0,4
61860.0,5
61864.0,15
61898.0,3
61901.0,3
61906.0,12
61918.0,7
61929.0,18
61952.0,6
61956.0,11
61969.0,8
61979.0,6
62001.0,3
62003.0,3
62006.0,15
62023.0,5
62027.0,11
62059.0,13
62073.0,8
62085.0,3
62107.0,8
62128.0,4
62134.0,8
62157.0,5
62160.0,5
62165.0,5
62173.0,8
62178.0,5
62183.0,6
62199.0,4
62205.0,5
62209.0,12
62223.0,4
62230.0,10
62243.0,3
62246.0,5
62310.0,2
62314.0,5
62323.0,7
62330.0,2
62350.0,5
62355.0,7
62372.0,3
62387.0,7
62391.0,7
62400.0,4
62406.0,4
62409.0,4
62423.0,10
62481.0,8
62489.0,7
62494.0,2
62513.0,2
62544.0,9
62558.0,3
62563.0,17
62583.0,4
62593.0,7
62600.0,8
62608.0,7
62616.0,7
62622.0,8
62636.0,4
62640.0,6
62647.0,11
62666.0,5
62670.0,6
62676.0,21
62717.0,4
62721.0,3
62725.0,3
62729.0,8
62756.0,6
62778.0,6
62783.0,6
62789.0,14
62804.0,7
62810.0,3
62824.0,16
62841.0,6
62856.0,2
62862.0,5
62870.0,4
62884.0,11
62896.0,4
62898.0,2
62901.0,4
62904.0,2
62906.0,4
62926.0,5
62930.0,3
62954.0,13
62965.0,6
62971.0,2
62996.0,4
63001.0,3
63018.0,9
63027.0,9
63042.0,10
63051.0,4
63054.0,2
63065.0,7
63072.0,9
63083.0,3
63085.0,3
63090.0,9
63106.0,3
63128.0,3
63135.0,5
63145.0,3
63162.0,4
63166.0,3
63169.0,13
63183.0,3
63190.0,5
63195.0,6
63202.0,9
63211.0,2
63231.0,15
63242.0,5
63252.0,8
63260.0,3
63282.0,3
63301.0,10
63321.0,5
63326.0,6
63334.0,8
63349.0,2
63351.0,8
63359.0,5
63369.0,7
63376.0,23
63402.0,11
63413.0,6
63421.0,6
63436.0,9
63442.0,8
63453.0,12
63462.0,13
63487.0,4
63495.0,5
63504.0,6
63507.0,9
63534.0,6
63549.0,8
63565.0,7
63572.0,8
63581.0,6
63598.0,12
63608.0,11
63621.0,12
63629.0,12
63643.0,6
63649.0,3
63652.0,3
63657.0,2
63661.0,5
63681.0,4
63685.0,2
63691.0,6
63693.0,16
63714.0,7
63732.0,3
63737.0,12
63747.0,5
63753.0,5
63760.0,2
63773.0,5
63776.0,3
63779.0,4
63783.0,3
63794.0,5
63803.0,13
63816.0,11
63828.0,4
63840.0,5
63851.0,3
63882.0,6
63891.0,2
63895.0,5
63899.0,14
63933.0,17
63958.0,4
63970.0,3
63974.0,6
63982.0,3
63985.0,2
64002.0,6
64014.0,9
64023.0,4
64030.0,4
64035.0,5
64063.0,3
64066.0,6
64078.0,3
64082.0,9
64091.0,10
64100.0,3
64103.0,2
64105.0,2
64108.0,3
64115.0,4
64119.0,2
64122.0,14
64135.0,2
64140.0,5
64143.0,4
64173.0,4
64202.0,10
64216.0,3
64219.0,19
64243.0,8
64253.0,5
64278.0,4
64283.0,3
64285.0,10
64298.0,7
64309.0,5
64351.0,18
64366.0,4
64373.0,5
64378.0,7
64385.0,21
64406.0,13
64426.0,4
64430.0,4
64434.0,2
64439.0,4
64443.0,9
64454.0,8
64465.0,5
64469.0,2
64478.0,5
64480.0,5
64485.0,3
64509.0,2
64513.0,4
64516.0,12
64538.0,2
64540.0,6
64549.0,4
64552.0,7
64563.0,5
64585.0,4
64589.0,2
64591.0,5
64599.0,3
64601.0,5
64606.0,2
64630.0,7
64637.0,2
64663.0,2
64665.0,9
64675.0,5
64682.0,7
64686.0,3
64689.0,5
64708.0,2
64714.0,10
64728.0,4
64737.0,8
64745.0,9
64755.0,6
64759.0,3
64772.0,2
64777.0,13
64789.0,11
64804.0,3
64807.0,3
64815.0,4
64822.0,8
64830.0,4
64835.0,5
64840.0,9
64848.0,3
64852.0,10
64861.0,3
64864.0,8
64883.0,2
64896.0,17
64914.0,7
64919.0,3
64924.0,7
64929.0,3
64937.0,13
64950.0,5
64954.0,15
64969.0,9
64988.0,7
64998.0,10
65020.0,5
65022.0,7
65030.0,4
65041.0,2
65054.0,7
65077.0,7
65084.0,4
65091.0,3
65099.0,4
65103.0,5
65108.0,3
65111.0,4
65120.0,3
65127.0,7
65149.0,2
65158.0,2
65188.0,6
65204.0,5
65210.0,6
65215.0,2
65217.0,3
65221.0,4
65228.0,2
65230.0,7
65237.0,3
65240.0,4
65250.0,7
65270.0,8
65278.0,3
65281.0,2
65283.0,5
65289.0,4
65292.0,3
65309.0,7
65316.0,3
65336.0,7
65348.0,11
65360.0,3
65370.0,4
65376.0,10
65403.0,11
65420.0,8
65438.0,8
65447.0,9
65457.0,3
65463.0,6
65493.0,5
65498.0,2
65538.0,7
65568.0,2
65570.0,2
65591.0,5
65600.0,11
65611.0,4
65616.0,5
65642.0,3
65645.0,3
65652.0,3
65655.0,8
65670.0,5
65715.0,3
65739.0,2
65745.0,10
65767.0,9
65774.0,5
65779.0,2
65781.0,5
65803.0,2
65812.0,9
65829.0,13
65843.0,7
65851.0,7
65858.0,3
65865.0,8
65874.0,4
65881.0,8
65896.0,2
65898.0,3
65904.0,4
65913.0,5
65918.0,5
65922.0,2
65927.0,2
65930.0,4
65935.0,6
65958.0,4
65987.0,5
65992.0,2
66004.0,4
66008.0,3
66067.0,4
66075.0,8
66086.0,7
66092.0,5
66095.0,3
66098.0,3
66101.0,3
66123.0,5
66134.0,3
66137.0,5
66143.0,9
66163.0,4
66174.0,4
66178.0,9
66187.0,4
66206.0,3
66224.0,2
66234.0,6
66247.0,6
66268.0,17
66295.0,4
66307.0,4
66320.0,12
66329.0,5
66340.0,4
66342.0,2
66344.0,10
66354.0,4
66358.0,6
66366.0,6
66372.0,3
66376.0,4
66387.0,3
66396.0,3
66400.0,2
66409.0,7
66418.0,9
66425.0,2
66463.0,5
66479.0,3
66496.0,3
66498.0,4
66546.0,3
66550.0,5
66554.0,11
66588.0,5
66602.0,5
66607.0,2
66621.0,8
66642.0,2
66653.0,7
66675.0,5
66678.0,2
66688.0,4
66695.0,5
66729.0,3
66753.0,3
66755.0,6
66762.0,8
66771.0,6
66777.0,5
66794.0,5
66817.0,4
66821.0,3
66860.0,7
66862.0,2
66865.0,6
66875.0,3
66881.0,5
66890.0,6
66912.0,3
66917.0,6
66926.0,5
66929.0,2
66931.0,3
66979.0,3
66993.0,3
66996.0,4
67001.0,11
67013.0,14
67046.0,17
67061.0,3
67068.0,6
67073.0,5
67078.0,3
67081.0,5
67095.0,12
67100.0,6
67107.0,4
67112.0,11
67133.0,3
67141.0,6
67147.0,4
67168.0,5
67187.0,5
67199.0,10
67209.0,4
67224.0,6
67229.0,3
67232.0,3
67260.0,8
67279.0,6
67300.0,5
67313.0,3
67316.0,7
67339.0,10
67383.0,2
67394.0,13
67418.0,9
67458.0,8
67472.0,5
67477.0,12
67489.0,10
67502.0,6
67552.0,3
67555.0,4
67575.0,3
67581.0,2
67585.0,5
67608.0,19
67632.0,4
67634.0,2
67640.0,10
67659.0,6
67663.0,9
67673.0,3
67737.0,8
67747.0,4
67774.0,6
67788.0,2
67797.0,7
67810.0,4
67814.0,3
67818.0,4
67821.0,10
67837.0,5
67842.0,5
67847.0,13
67860.0,2
67864.0,2
67870.0,8
67877.0,2
67880.0,3
67886.0,3
67892.0,3
67905.0,4
67909.0,3
67915.0,5
67930.0,8
67936.0,5
67951.0,7
67964.0,4
67970.0,7
67979.0,6
67989.0,5
67997.0,8
68003.0,3
68012.0,5
68019.0,6
68024.0,2
68028.0,6
68034.0,11
68046.0,5
68050.0,2
68064.0,3
68078.0,7
68087.0,5
68094.0,8
68098.0,3
68120.0,2
68134.0,2
68143.0,5
68152.0,10
68171.0,5
68178.0,7
68208.0,5
68226.0,2
68231.0,2
68241.0,3
68264.0,2
68266.0,5
68271.0,3
68274.0,2
68276.0,4
68287.0,7
68293.0,6
68307.0,2
68316.0,5
68324.0,5
68331.0,4
68352.0,2
68354.0,5
68359.0,3
68362.0,3
68384.0,3
68398.0,3
68404.0,7
68419.0,2
68424.0,9
68455.0,7
68470.0,8
68480.0,10
68490.0,2
68495.0,5
68507.0,2
68531.0,3
68558.0,7
68565.0,3
68571.0,3
68577.0,3
68580.0,4
68590.0,6
68606.0,5
68612.0,2
68631.0,5
68637.0,7
68644.0,8
68654.0,2
68679.0,11
68689.0,2
68692.0,6
68697.0,4
68705.0,6
68736.0,10
68747.0,7
68772.0,4
68787.0,7
68794.0,6
68801.0,4
68806.0,4
68811.0,16
68853.0,5
68859.0,7
68866.0,8
68878.0,2
68894.0,11
68905.0,3
68914.0,3
68925.0,12
68937.0,2
68939.0,5
68945.0,4
68948.0,2
68961.0,5
68975.0,7
68979.0,7
68986.0,5
69007.0,4
69015.0,5
69031.0,5
69036.0,6
69049.0,10
69061.0,5
69099.0,5
69148.0,4
69160.0,14
69180.0,2
69188.0,2
69225.0,3
69238.0,2
69240.0,11
69260.0,6
69278.0,2
69285.0,2
69295.0,4
69305.0,8
69313.0,2
69315.0,3
69331.0,2
69342.0,4
69347.0,5
69360.0,2
69367.0,11
69375.0,3
69379.0,4
69403.0,3
69409.0,11
69440.0,16
69464.0,12
69477.0,6
69486.0,4
69489.0,4
69505.0,6
69513.0,4
69518.0,8
69530.0,5
69538.0,10
69549.0,3
69552.0,5
69558.0,9
69571.0,4
69577.0,5
69583.0,4
69614.0,3
69622.0,3
69635.0,2
69640.0,4
69645.0,6
69680.0,7
69698.0,2
69704.0,4
69733.0,9
69742.0,9
69755.0,2
69760.0,8
69778.0,8
69790.0,7
69807.0,5
69835.0,5
69849.0,3
69853.0,4
69866.0,4
69882.0,2
69896.0,2
69898.0,3
69904.0,7
69923.0,14
69962.0,4
69967.0,8
69984.0,11
69997.0,9
70007.0,7
70020.0,4
70046.0,4
70052.0,7
70066.0,2
70071.0,2
70075.0,3
70078.0,4
70082.0,2
70084.0,2
70086.0,4
70099.0,8
70110.0,7
70118.0,7
70130.0,11
70160.0,4
70168.0,8
70180.0,3
70196.0,6
70204.0,2
70215.0,5
70229.0,8
70238.0,2
70267.0,6
70276.0,10
70285.0,6
70292.0,8
70299.0,28
70327.0,9
70336.0,40
70376.0,2
70378.0,9
70390.0,7
70395.0,5
70399.0,4
70413.0,3
70427.0,25
70450.0,8
70474.0,5
70479.0,4
70509.0,9
70523.0,27
70553.0,6
70556.0,2
70563.0,5
70570.0,20
70590.0,8
70601.0,29
70631.0,9
70644.0,3
70652.0,17
70669.0,8
70672.0,10
70682.0,9
70707.0,5
70736.0,8
70750.0,14
70759.0,15
70777.0,6
70809.0,128
70940.0,19
70955.0,4
70960.0,8
70975.0,5
70979.0,24
71008.0,8
71021.0,9
71033.0,11
71049.0,14
71086.0,4
71091.0,21
71117.0,7
71136.0,15
71152.0,9
71165.0,12
71177.0,21
71200.0,11
71228.0,17
71251.0,3
71255.0,14
71268.0,7
71275.0,5
71281.0,12
71297.0,16
71316.0,12
71326.0,5
71337.0,12
71363.0,10
71371.0,5
71377.0,13
71392.0,2
71395.0,5
71400.0,3
71403.0,4
71414.0,6
71419.0,8
71433.0,7
71437.0,7
71445.0,12
71458.0,4
71463.0,19
71485.0,9
71493.0,8
71499.0,21
71520.0,4
71526.0,4
71528.0,7
71544.0,9
71558.0,12
71570.0,2
71577.0,5
71592.0,20
71604.0,12
71614.0,4
71645.0,4
71660.0,4
71665.0,9
71675.0,8
71684.0,7
71688.0,4
71694.0,4
71697.0,6
71703.0,15
71717.0,6
71728.0,13
71741.0,15
71762.0,11
71789.0,14
71798.0,8
71827.0,6
71837.0,6
71843.0,14
71874.0,15
71888.0,8
71921.0,31
71931.0,6
71938.0,3
71946.0,6
71959.0,10
71969.0,3
71976.0,7
71983.0,2
71993.0,13
72025.0,21
72027.0,20
72053.0,7
72067.0,16
72081.0,4
72083.0,8
72093.0,9
72101.0,9
72110.0,12
72126.0,9
72135.0,6
72146.0,3
72152.0,10
72160.0,13
72175.0,12
72188.0,4
72193.0,7
72203.0,7
72210.0,4
72218.0,10
72228.0,4
72235.0,6
72242.0,11
72249.0,9
72263.0,7
72276.0,19
72301.0,3
72303.0,2
72306.0,7
72322.0,17
72333.0,4
72337.0,7
72342.0,4
72349.0,6
72359.0,32
72388.0,5
72403.0,7
72408.0,11
72421.0,4
72444.0,6
72458.0,10
72477.0,15
72490.0,7
72497.0,8
72511.0,8
72524.0,14
72551.0,5
72555.0,11
72568.0,5
72586.0,3
72595.0,12
72603.0,5
72606.0,16
72644.0,17
72666.0,21
72708.0,4
72711.0,9
72719.0,17
72736.0,4
72746.0,11
72761.0,13
72775.0,12
72786.0,6
72792.0,7
72799.0,23
72821.0,3
72826.0,6
72830.0,4
72843.0,4
72852.0,7
72857.0,5
72866.0,20
72883.0,9
72913.0,16
72936.0,3
72942.0,7
72953.0,19
72966.0,9
72975.0,5
72982.0,3
72988.0,6
72999.0,6
73007.0,7
73015.0,6
73020.0,2
73023.0,6
73034.0,11
73046.0,5
73051.0,14
73067.0,5
73082.0,5
73089.0,9
73096.0,5
73107.0,7
73140.0,9
73154.0,2
73167.0,9
73186.0,6
73195.0,6
73199.0,3
73212.0,7
73219.0,2
73226.0,8
73237.0,7
73252.0,10
73256.0,3
73258.0,13
73279.0,11
73282.0,2
73300.0,7
73317.0,5
73341.0,10
73352.0,5
73355.0,8
73365.0,8
73378.0,17
73391.0,10
73411.0,28
73428.0,5
73433.0,3
73443.0,10
73453.0,9
73461.0,34
73496.0,4
73501.0,4
73510.0,34
73550.0,15
73569.0,9
73578.0,7
73583.0,14
73607.0,8
73615.0,12
73641.0,12
73652.0,3
73655.0,7
73665.0,6
73671.0,20
73688.0,8
73697.0,3
73701.0,16
73720.0,13
73734.0,5
73739.0,3
73742.0,3
73747.0,4
73762.0,3
73769.0,6
73775.0,16
73797.0,4
73799.0,16
73815.0,34
73865.0,3
73884.0,10
73895.0,21
73917.0,26
73942.0,10
73960.0,7
73982.0,18
74021.0,8
74038.0,4
74041.0,4
74053.0,19
74065.0,7
74079.0,12
74085.0,5
74089.0,5
74100.0,6
74110.0,9
74119.0,10
74129.0,11
74141.0,15
74155.0,12
74184.0,7
74192.0,3
74195.0,4
74217.0,9
74229.0,7
74244.0,3
74249.0,15
74274.0,8
74284.0,6
74289.0,4
74294.0,6
74302.0,7
74314.0,10
74330.0,3
74339.0,4
74342.0,7
74366.0,7
74374.0,4
74377.0,2
74383.0,9
74403.0,14
74413.0,8
74424.0,7
74431.0,6
74440.0,3
74443.0,11
74456.0,7
74464.0,5
74472.0,4
74478.0,20
74504.0,6
74507.0,5
74516.0,7
74560.0,4
74572.0,4
74579.0,9
74587.0,4
74595.0,6
74607.0,13
74624.0,8
74641.0,6
74647.0,3
74676.0,6
74680.0,3
74696.0,6
74703.0,10
74714.0,6
74735.0,3
74761.0,5
74767.0,6
74772.0,5
74775.0,14
74789.0,8
74798.0,9
74811.0,23
74836.0,4
74862.0,6
74870.0,8
74878.0,5
74883.0,5
74890.0,4
74894.0,4
74930.0,10
74943.0,7
74961.0,12
74978.0,11
74984.0,8
74995.0,17
75010.0,5
75013.0,20
75034.0,6
75047.0,6
75052.0,19
75074.0,9
75083.0,10
75096.0,9
75107.0,3
75142.0,5
75146.0,3
75150.0,6
75156.0,8
75168.0,3
75174.0,13
75191.0,12
75205.0,3
75208.0,8
75242.0,14
75256.0,4
75260.0,8
75272.0,7
75279.0,9
75290.0,6
75294.0,6
75306.0,5
75312.0,8
75317.0,6
75346.0,3
75370.0,3
75373.0,3
75375.0,6
75384.0,9
75413.0,5
75417.0,3
75435.0,2
75441.0,6
75457.0,5
75461.0,3
75471.0,8
75479.0,6
75488.0,16
75507.0,3
75517.0,7
75523.0,5
75536.0,5
75541.0,3
75556.0,5
75570.0,6
75577.0,9
75589.0,8
75595.0,2
75597.0,15
75620.0,3
75624.0,3
75628.0,7
75637.0,7
75663.0,9
75676.0,9
75706.0,3
75708.0,6
75719.0,10
75731.0,9
75739.0,4
75748.0,5
75753.0,4
75757.0,3
75760.0,3
75764.0,9
75776.0,7
75789.0,3
75799.0,4
75805.0,6
75818.0,4
75852.0,9
75861.0,6
75870.0,5
75880.0,15
75900.0,7
75909.0,10
75920.0,4
75923.0,3
75929.0,6
75952.0,3
75957.0,8
75966.0,3
75976.0,11
75990.0,5
75993.0,2
75996.0,8
76003.0,6
76018.0,6
76028.0,6
76037.0,4
76043.0,11
76051.0,9
76075.0,4
76079.0,4
76112.0,4
76116.0,2
76118.0,4
76124.0,5
76128.0,4
76159.0,2
76168.0,20
76200.0,11
76215.0,5
76229.0,4
76235.0,4
76237.0,4
76242.0,7
76251.0,5
76261.0,5
76264.0,10
76304.0,10
76312.0,7
76321.0,8
76328.0,5
76335.0,8
76372.0,14
76387.0,12
76405.0,3
76413.0,3
76424.0,5
76427.0,6
76436.0,4
76453.0,8
76462.0,11
76470.0,8
76487.0,6
76492.0,4
76498.0,4
76512.0,5
76534.0,3
76539.0,8
76562.0,5
76566.0,16
76587.0,17
76606.0,3
76610.0,7
76619.0,14
76668.0,2
76670.0,3
76673.0,8
76701.0,10
76706.0,15
76721.0,2
76744.0,5
76757.0,6
76768.0,3
76772.0,8
76784.0,11
76792.0,2
76811.0,3
76817.0,7
76822.0,5
76831.0,5
76834.0,4
76841.0,7
76847.0,2
76849.0,24
76873.0,2
76891.0,6
76897.0,4
76905.0,4
76910.0,5
76916.0,5
76919.0,2
76925.0,2
76929.0,5
76942.0,10
76952.0,3
76956.0,7
76986.0,5
76991.0,7
77017.0,6
77023.0,4
77026.0,4
77032.0,9
77040.0,8
77052.0,4
77057.0,4
77063.0,5
77070.0,7
77076.0,3
77086.0,9
77093.0,7
77116.0,6
77121.0,2
77124.0,6
77132.0,6
77144.0,5
77149.0,2
77151.0,5
77157.0,3
77166.0,6
77175.0,8
77181.0,3
77198.0,3
77222.0,8
77231.0,6
77235.0,9
77244.0,5
77251.0,7
77258.0,8
77267.0,12
77275.0,4
77297.0,2
77299.0,2
77301.0,5
77306.0,2
77321.0,11
77326.0,9
77335.0,2
77357.0,3
77363.0,3
77383.0,8
77421.0,9
77442.0,9
77454.0,10
77468.0,6
77485.0,5
77488.0,2
77492.0,3
77502.0,4
77520.0,8
77527.0,8
77535.0,16
77550.0,3
77554.0,15
77571.0,5
77576.0,2
77594.0,6
77611.0,3
77613.0,4
77617.0,4
77627.0,5
77635.0,7
77641.0,4
77650.0,4
77653.0,2
77655.0,5
77673.0,3
77678.0,3
77695.0,4
77699.0,2
77703.0,4
77711.0,5
77719.0,6
77725.0,7
77743.0,12
77758.0,3
77763.0,2
77802.0,2
77804.0,3
77811.0,12
77819.0,2
77824.0,3
77828.0,3
77839.0,7
77848.0,5
77855.0,6
77871.0,2
77881.0,8
77894.0,13
77904.0,5
77907.0,6
77915.0,15
77932.0,8
77945.0,9
77953.0,6
77964.0,4
77969.0,14
77999.0,5
78003.0,5
78007.0,6
78015.0,10
78025.0,3
78037.0,7
78043.0,8
78055.0,17
78080.0,5
78083.0,10
78096.0,4
78105.0,3
78107.0,19
78126.0,3
78130.0,8
78139.0,6
78145.0,2
78147.0,5
78179.0,9
78195.0,5
78200.0,4
78209.0,5
78212.0,2
78216.0,5
78228.0,2
78239.0,6
78250.0,2
78262.0,4
78274.0,6
78296.0,4
78304.0,5
78309.0,4
78329.0,11
78338.0,5
78353.0,5
78365.0,4
78369.0,9
78384.0,6
78400.0,2
78405.0,3
78410.0,8
78417.0,3
78422.0,5
78432.0,5
78439.0,2
78481.0,7
78496.0,8
78505.0,8
78546.0,3
78571.0,3
78620.0,6
78627.0,4
78645.0,6
78650.0,4
78654.0,3
78661.0,8
78670.0,4
78673.0,6
78686.0,2
78699.0,6
78714.0,3
78717.0,2
78724.0,2
78752.0,6
78760.0,9
78767.0,10
78776.0,3
78794.0,4
78797.0,5
78801.0,2
78812.0,7
78820.0,9
78828.0,12
78848.0,10
78859.0,6
78865.0,14
78883.0,10
78893.0,2
78903.0,6
78919.0,13
78928.0,3
78931.0,11
78943.0,12
78985.0,12
78997.0,6
79001.0,5
79006.0,8
79014.0,9
79026.0,4
79030.0,9
79039.0,4
79044.0,12
79056.0,4
79080.0,2
79113.0,9
79123.0,10
79136.0,3
79144.0,3
79157.0,7
79163.0,5
79190.0,3
79195.0,7
79208.0,10
79231.0,4
79262.0,8
79272.0,9
79282.0,6
79288.0,10
79299.0,6
79309.0,4
79325.0,7
79330.0,7
79339.0,5
79344.0,5
79349.0,3
79353.0,3
79364.0,11
79366.0,2
79384.0,3
79410.0,3
79413.0,3
79430.0,8
79445.0,5
79452.0,3
79463.0,4
79479.0,20
79516.0,13
79532.0,4
79535.0,15
79562.0,6
79567.0,6
79597.0,11
79609.0,6
79617.0,4
79627.0,5
79638.0,5
79646.0,13
79663.0,12
79675.0,8
79685.0,4
79688.0,3
79697.0,6
79710.0,4
79715.0,5
79721.0,4
79725.0,3
79729.0,6
79734.0,5
79746.0,7
79753.0,3
79779.0,3
79781.0,3
79793.0,17
79808.0,2
79814.0,8
79822.0,4
79836.0,8
79844.0,3
79852.0,2
79864.0,5
79869.0,3
79872.0,11
79885.0,5
79888.0,3
79896.0,2
79898.0,4
79902.0,6
79908.0,2
79915.0,7
79917.0,5
79925.0,2
79927.0,4
79931.0,5
79939.0,6
79942.0,3
79945.0,5
79950.0,2
79958.0,6
79979.0,2
79985.0,9
79992.0,4
79996.0,4
80008.0,8
80015.0,2
80028.0,10
80055.0,4
80059.0,2
80063.0,3
80066.0,4
80085.0,2
80087.0,6
80097.0,8
80103.0,3
80106.0,4
80121.0,3
80144.0,5
80147.0,9
80156.0,3
80166.0,4
80170.0,9
80199.0,3
80210.0,3
80218.0,4
80222.0,7
80230.0,7
80248.0,6
80268.0,2
80270.0,5
80277.0,5
80284.0,4
80287.0,4
80306.0,3
80311.0,6
80333.0,6
80341.0,4
80347.0,3
80353.0,7
80364.0,7
80372.0,4
80390.0,12
80422.0,3
80428.0,8
80435.0,4
80441.0,4
80447.0,9
80452.0,2
80454.0,2
80458.0,5
80481.0,9
80493.0,8
80503.0,6
80525.0,2
80542.0,3
80545.0,6
80551.0,3
80556.0,7
80582.0,3
80591.0,7
80599.0,5
80618.0,9
80641.0,15
80672.0,6
80677.0,8
80686.0,7
80702.0,5
80713.0,4
80718.0,6
80727.0,11
80756.0,3
80760.0,6
80777.0,2
80782.0,3
80797.0,3
80807.0,10
80816.0,5
80839.0,4
80848.0,5
80879.0,4
80903.0,6
80913.0,15
80935.0,10
80944.0,7
80968.0,5
80987.0,11
80995.0,4
81006.0,7
81026.0,2
81028.0,2
81030.0,3
81033.0,2
81035.0,3
81038.0,4
81050.0,4
81065.0,6
81089.0,2
81096.0,4
81100.0,2
81102.0,13
81123.0,2
81153.0,5
81172.0,4
81197.0,5
81207.0,4
81242.0,6
81256.0,8
81273.0,8
81280.0,7
81286.0,4
81294.0,10
81326.0,6
81331.0,3
81334.0,2
81346.0,6
81373.0,3
81378.0,4
81380.0,5
81385.0,5
81391.0,4
81396.0,14
81449.0,9
81464.0,3
81468.0,6
81477.0,6
81492.0,8
81518.0,7
81527.0,4
81533.0,5
81538.0,5
81547.0,6
81555.0,2
81578.0,11
81587.0,5
81599.0,2
81619.0,5
81625.0,3
81630.0,5
81636.0,8
81643.0,4
81647.0,7
81654.0,3
81658.0,10
81678.0,8
81695.0,4
81725.0,4
81730.0,5
81757.0,6
81768.0,17
81794.0,3
81797.0,2
81806.0,7
81811.0,2
81828.0,10
81838.0,3
81846.0,6
81853.0,4
81856.0,2
81860.0,4
81890.0,4
81893.0,4
81906.0,6
81914.0,8
81919.0,4
81928.0,3
81950.0,4
81953.0,5
81958.0,3
81972.0,2
81987.0,3
81991.0,4
81994.0,8
82003.0,4
82006.0,5
82011.0,2
82018.0,7
82031.0,5
82051.0,8
82068.0,6
82073.0,8
82088.0,3
82092.0,15
82114.0,6
82120.0,3
82141.0,3
82166.0,2
82175.0,3
82206.0,30
82236.0,5
82242.0,2
82244.0,2
82253.0,9
82283.0,4
82289.0,5
82302.0,10
82318.0,5
82323.0,3
82357.0,7
82362.0,2
82372.0,5
82388.0,2
82407.0,4
82412.0,4
82416.0,4
82425.0,4
82435.0,6
82441.0,3
82443.0,6
82451.0,6
82483.0,7
82486.0,3
82490.0,7
82499.0,5
82517.0,7
82543.0,8
82559.0,3
82573.0,10
82582.0,3
82586.0,4
82595.0,2
82597.0,14
82618.0,2
82620.0,2
82637.0,2
82639.0,2
82641.0,5
82651.0,5
82660.0,2
82682.0,2
82686.0,2
82693.0,13
82705.0,3
82709.0,5
82713.0,7
82733.0,4
82739.0,2
82741.0,4
82749.0,4
82760.0,4
82765.0,6
82784.0,6
82801.0,4
82819.0,7
82848.0,9
82856.0,9
82874.0,2
82884.0,3
82899.0,12
82921.0,11
82931.0,2
82937.0,8
82948.0,4
82974.0,3
82978.0,6
82996.0,5
83012.0,13
83030.0,3
83040.0,8
83052.0,15
83065.0,4
83074.0,5
83083.0,5
83095.0,3
83098.0,5
83112.0,3
83121.0,2
83123.0,2
83144.0,5
83147.0,3
83149.0,2
83161.0,4
83164.0,7
83193.0,9
83202.0,4
83205.0,12
83230.0,6
83238.0,7
83281.0,8
83333.0,5
83338.0,3
83353.0,9
83378.0,6
83395.0,3
83403.0,9
83408.0,2
83410.0,5
83415.0,11
83426.0,4
83433.0,6
83456.0,8
83501.0,4
83505.0,5
83511.0,8
83525.0,4
83528.0,3
83552.0,8
83561.0,5
83569.0,3
83578.0,4
83593.0,4
83604.0,7
83625.0,6
83628.0,5
83636.0,2
83642.0,7
83648.0,5
83665.0,3
83705.0,3
83713.0,2
83715.0,2
83717.0,7
83726.0,6
83735.0,3
83758.0,6
83763.0,4
83797.0,6
83844.0,4
83861.0,10
83875.0,5
83880.0,7
83898.0,3
83923.0,6
83929.0,5
83945.0,5
83969.0,3
84002.0,6
84008.0,3
84011.0,2
84017.0,4
84028.0,11
84038.0,7
84046.0,4
84098.0,13
84109.0,3
84118.0,4
84122.0,3
84142.0,7
84147.0,4
84152.0,6
84157.0,10
84167.0,5
84176.0,5
84187.0,2
84198.0,3
84220.0,2
84235.0,7
84245.0,5
84253.0,5
84272.0,10
84291.0,5
84295.0,6
84300.0,4
84304.0,2
84311.0,3
84331.0,9
84335.0,9
84358.0,6
84362.0,10
84376.0,4
84383.0,5
84399.0,10
84410.0,4
84445.0,4
84461.0,7
84506.0,5
84511.0,6
84519.0,6
84564.0,6
84580.0,3
84587.0,2
84594.0,3
84612.0,3
84617.0,3
84630.0,7
84637.0,3
84647.0,4
84657.0,5
84700.0,6
84722.0,7
84750.0,6
84755.0,2
84765.0,8
84777.0,4
84781.0,2
84797.0,2
84803.0,5
84821.0,4
84825.0,3
84832.0,5
84843.0,4
84861.0,3
84865.0,5
84879.0,3
84912.0,13
84936.0,3
84940.0,4
84943.0,5
84951.0,8
84960.0,5
84964.0,12
84981.0,6
85006.0,4
85032.0,5
85036.0,6
85046.0,3
85055.0,4
85103.0,6
85117.0,3
85169.0,5
85183.0,5
85191.0,2
85194.0,6
85214.0,8
85225.0,4
85229.0,7
85240.0,3
85278.0,5
85283.0,6
85362.0,2
85381.0,4
85386.0,2
85393.0,2
85442.0,4
85450.0,5
85455.0,3
85459.0,4
85462.0,9
85472.0,9
85496.0,4
85503.0,6
85506.0,3
85511.0,7
85522.0,3
85536.0,5
85546.0,9
85557.0,5
85562.0,2
85578.0,4
85588.0,13
85628.0,3
85631.0,5
85678.0,15
85698.0,7
85705.0,2
85710.0,3
85715.0,3
85739.0,3
85743.0,14
85758.0,5
85764.0,5
85770.0,5
85774.0,6
85784.0,3
85792.0,2
85795.0,4
85799.0,5
85814.0,5
85822.0,8
85827.0,3
85830.0,9
85846.0,5
85854.0,2
85856.0,2
85879.0,8
85913.0,2
85916.0,8
85935.0,7
85950.0,7
85957.0,5
85966.0,3
85969.0,2
85971.0,5
85981.0,3
85985.0,9
86002.0,5
86029.0,5
86070.0,2
86081.0,5
86111.0,9
86128.0,6
86139.0,7
86145.0,4
86155.0,3
86172.0,7
86179.0,4
86183.0,3
86207.0,4
86212.0,7
86220.0,4
86224.0,2
86242.0,3
86245.0,3
86249.0,7
86257.0,3
86263.0,8
86271.0,3
86318.0,7
86323.0,7
86330.0,5
86335.0,2
86411.0,180
86574.0,5
86587.0,3
86591.0,14
86605.0,4
86627.0,4
86639.0,3
86648.0,3
86650.0,5
86693.0,2
86706.0,4
86729.0,4
86752.0,3
86756.0,5
86759.0,3
86764.0,2
86785.0,4
86790.0,12
86799.0,2
86823.0,5
86827.0,12
86839.0,5
86870.0,6
86888.0,2
86892.0,7
86901.0,4
86905.0,2
86918.0,6
86946.0,2
86948.0,18
86972.0,4
86977.0,5
86982.0,5
86986.0,3
86989.0,2
86994.0,9
87012.0,5
87016.0,4
87023.0,4
87026.0,4
87039.0,4
87047.0,7
87054.0,5
87062.0,6
87072.0,9
87100.0,8
87109.0,4
87146.0,3
87150.0,4
87157.0,12
87170.0,5
87174.0,4
87179.0,10
87188.0,5
87193.0,4
87200.0,8
87206.0,3
87219.0,9
87228.0,3
87246.0,5
87255.0,11
87261.0,4
87281.0,3
87284.0,3
87287.0,7
87294.0,14
87309.0,3
87311.0,2
87314.0,5
87318.0,3
87321.0,5
87366.0,8
87376.0,2
87379.0,3
87394.0,6
87401.0,2
87403.0,2
87414.0,3
87427.0,8
87435.0,3
87441.0,8
87448.0,9
87458.0,10
87467.0,7
87484.0,3
87495.0,5
87503.0,2
87510.0,5
87529.0,3
87532.0,4
87536.0,4
87545.0,6
87552.0,6
87562.0,9
87571.0,9
87580.0,11
87596.0,2
87603.0,2
87605.0,4
87637.0,5
87646.0,3
87662.0,4
87677.0,6
87682.0,17
87700.0,6
87709.0,3
87712.0,8
87724.0,5
87727.0,5
87734.0,5
87753.0,4
87809.0,12
87820.0,7
87869.0,5
87878.0,4
87888.0,6
87899.0,2
87902.0,3
87906.0,5
87960.0,6
87966.0,3
88001.0,9
88010.0,4
88041.0,7
88050.0,2
88057.0,3
88061.0,5
88068.0,3
88071.0,3
88099.0,2
88120.0,4
88132.0,10
88150.0,2
88154.0,2
88170.0,11
88182.0,9
88236.0,3
88242.0,10
88250.0,3
88288.0,5
88295.0,4
88299.0,10
88309.0,2
88318.0,2
88320.0,19
88339.0,10
88350.0,4
88360.0,21
88375.0,16
88390.0,2
88392.0,2
88398.0,11
88407.0,4
88428.0,4
88432.0,3
88458.0,3
88469.0,4
88474.0,3
88477.0,3
88484.0,9
88489.0,3
88514.0,3
88519.0,2
88529.0,3
88531.0,3
88571.0,4
88580.0,4
88594.0,7
88613.0,3
88619.0,7
88639.0,2
88641.0,4
88655.0,3
88658.0,5
88662.0,9
88671.0,2
88673.0,5
88678.0,5
88685.0,3
88688.0,2
88693.0,7
88699.0,4
88703.0,4
88715.0,10
88724.0,5
88733.0,5
88738.0,15
88755.0,10
88768.0,4
88775.0,3
88783.0,6
88794.0,4
88801.0,8
88824.0,9
88833.0,5
88848.0,3
88860.0,4
88865.0,5
88870.0,4
88874.0,6
88880.0,3
88883.0,3
88887.0,5
88897.0,15
88927.0,4
88947.0,3
88951.0,3
88968.0,8
89015.0,5
89026.0,7
89031.0,3
89053.0,7
89068.0,9
89082.0,2
89087.0,6
89092.0,10
89102.0,4
89106.0,4
89142.0,3
89156.0,7
89177.0,6
89196.0,8
89204.0,4
89210.0,3
89219.0,2
89221.0,4
89248.0,7
89253.0,9
89262.0,2
89264.0,6
89275.0,2
89280.0,4
89294.0,14
89307.0,3
89310.0,2
89323.0,5
89327.0,2
89329.0,3
89346.0,4
89351.0,5
89359.0,5
89365.0,4
89379.0,8
89397.0,3
89399.0,2
89411.0,7
89418.0,3
89440.0,7
89450.0,3
89455.0,6
89469.0,8
89518.0,5
89529.0,6
89580.0,8
89621.0,4
89624.0,7
89633.0,2
89645.0,6
89656.0,5
89668.0,7
89674.0,3
89677.0,6
89688.0,6
89700.0,2
89704.0,5
89729.0,6
89756.0,6
89800.0,7
89807.0,5
89814.0,2
89816.0,3
89836.0,9
89845.0,5
89850.0,3
89862.0,8
89889.0,11
89930.0,10
89942.0,6
89950.0,4
89954.0,3
89957.0,2
89959.0,4
89964.0,5
89968.0,3
89971.0,11
89984.0,5
89997.0,9
90019.0,5
90024.0,3
90037.0,13
90046.0,4
90077.0,2
90082.0,2
90084.0,4
90090.0,6
90101.0,4
90117.0,4
90154.0,3
90164.0,4
90175.0,2
90178.0,4
90184.0,3
90198.0,4
90206.0,6
90212.0,6
90225.0,3
90228.0,3
90232.0,3
90234.0,6
90240.0,3
90247.0,6
90259.0,5
90262.0,2
90274.0,5
90279.0,16
90297.0,4
90302.0,5
90310.0,8
90316.0,2
90319.0,3
90332.0,7
90348.0,4
90353.0,3
90355.0,10
90374.0,3
90421.0,7
90425.0,4
90430.0,8
90465.0,4
90471.0,8
90484.0,6
90494.0,4
90496.0,7
90504.0,3
90517.0,3
90521.0,3
90524.0,5
90533.0,2
90536.0,5
90551.0,10
90562.0,6
90568.0,4
90575.0,5
90578.0,4
90583.0,4
90586.0,8
90596.0,4
90606.0,4
90612.0,7
90625.0,11
90634.0,4
90639.0,7
90657.0,4
90673.0,3
90676.0,6
90704.0,3
90715.0,10
90743.0,8
90751.0,3
90770.0,2
90773.0,5
90792.0,4
90807.0,2
90812.0,7
90826.0,5
90830.0,2
90851.0,4
90867.0,6
90902.0,4
90906.0,3
90914.0,3
90921.0,6
90926.0,3
90929.0,4
90944.0,3
90947.0,11
90959.0,7
90980.0,7
90988.0,2
90990.0,14
91005.0,10
91017.0,4
91028.0,6
91034.0,6
91044.0,2
91133.0,4
91342.0,3
91387.0,3
91392.0,4
91462.0,5
91487.0,6
91505.0,3
91512.0,2
91520.0,9
91538.0,3
91548.0,3
91554.0,3
91560.0,5
91567.0,10
91578.0,2
91580.0,5
91597.0,6
91614.0,2
91618.0,4
91622.0,4
91626.0,3
91631.0,2
91633.0,5
91640.0,4
91642.0,10
91652.0,11
91666.0,9
91672.0,2
91680.0,4
91688.0,10
91697.0,3
91701.0,5
91728.0,4
91732.0,3
91747.0,3
91757.0,7
91765.0,4
91784.0,5
91830.0,3
91833.0,4
91845.0,15
91869.0,5
91902.0,9
91948.0,3
91963.0,6
91982.0,2
91989.0,2
92000.0,6
92012.0,6
92020.0,4
92026.0,7
92056.0,2
92080.0,3
92096.0,3
92105.0,3
92107.0,4
92116.0,2
92128.0,4
92135.0,2
92137.0,3
92140.0,2
92156.0,6
92168.0,3
92172.0,7
92178.0,4
92182.0,3
92202.0,9
92216.0,6
92233.0,2
92243.0,5
92249.0,15
92263.0,3
92276.0,20
92300.0,4
92331.0,8
92342.0,6
92358.0,3
92366.0,2
92404.0,6
92411.0,4
92413.0,3
92442.0,2
92446.0,6
92452.0,2
92454.0,5
92459.0,4
92463.0,6
92472.0,2
92498.0,2
92504.0,2
92535.0,5
92540.0,4
92557.0,2
92580.0,13
92594.0,4
92598.0,5
92603.0,3
92609.0,3
92618.0,9
92632.0,15
92675.0,4
92705.0,8
92723.0,9
92739.0,4
92747.0,5
92757.0,5
92761.0,3
92788.0,9
92799.0,17
92816.0,2
92832.0,9
92841.0,6
92861.0,3
92868.0,4
92876.0,9
92884.0,3
92888.0,7
92903.0,19
92944.0,13
92958.0,3
92972.0,2
92976.0,4
92978.0,8
92990.0,5
92994.0,2
92997.0,7
93016.0,5
93025.0,8
93032.0,2
93034.0,3
93046.0,8
93054.0,3
93057.0,2
93059.0,2
93061.0,4
93068.0,3
93089.0,5
93102.0,6
93133.0,25
93163.0,6
93225.0,4
93264.0,5
93286.0,4
93328.0,4
93341.0,6
93360.0,6
93363.0,3
93453.0,9
93465.0,3
93471.0,2
93476.0,6
93482.0,20
93504.0,2
93523.0,4
93608.0,3
93612.0,12
93651.0,4
93671.0,4
93675.0,2
93690.0,9
93701.0,4
93712.0,14
93750.0,6
93757.0,12
93795.0,9
93804.0,4
93808.0,3
93818.0,9
93835.0,8
93854.0,7
93865.0,6
93870.0,2
93873.0,4
93876.0,9
93900.0,20
93963.0,30
93996.0,5
94020.0,15
94036.0,11
94046.0,4
94057.0,4
94065.0,17
94083.0,3
94128.0,7
94163.0,12
94202.0,4
94204.0,17
94222.0,8
94229.0,2
94232.0,7
94261.0,5
94303.0,13
94357.0,2
94360.0,11
94378.0,6
94383.0,2
94385.0,3
94409.0,37
94575.0,25
94617.0,5
94669.0,2
94691.0,2
94693.0,5
94735.0,3
94759.0,3
94777.0,4
94785.0,2
94796.0,2
94803.0,7
94888.0,4
94890.0,2
94908.0,3
94959.0,3
94977.0,4
94993.0,2
94995.0,3
95000.0,8
95151.0,5
95156.0,4
95170.0,3
95185.0,2
95198.0,4
95205.0,6
95210.0,2
95215.0,6
95220.0,6
95227.0,4
95247.0,3
95268.0,7
95276.0,8
95317.0,8
95334.0,5
95347.0,4
95350.0,3
95359.0,4
95362.0,7
95371.0,15
95384.0,6
95395.0,2
95403.0,4
95407.0,6
95415.0,2
95417.0,6
95429.0,8
95438.0,6
95451.0,2
95460.0,6
95464.0,12
95491.0,4
95511.0,3
95531.0,3
95534.0,3
95565.0,5
95583.0,3
95602.0,8
95655.0,3
95673.0,4
95679.0,5
95690.0,2
95713.0,2
95715.0,3
95719.0,5
95723.0,4
95727.0,3
95736.0,5
95741.0,4
95745.0,2
95747.0,2
95754.0,6
95763.0,4
95767.0,2
95797.0,2
95800.0,4
95807.0,10
95817.0,2
95823.0,4
95841.0,5
95844.0,3
95899.0,4
95909.0,4
95924.0,6
95945.0,3
95958.0,3
95985.0,3
95990.0,4
96002.0,4
96025.0,2
96035.0,2
96037.0,2
96041.0,8
96050.0,4
96094.0,2
96107.0,2
96150.0,4
96159.0,2
96178.0,4
96194.0,6
96237.0,3
96240.0,14
96254.0,8
96302.0,2
96312.0,4
96316.0,2
96328.0,2
96337.0,5
96356.0,4
96368.0,3
96375.0,7
96389.0,3
96417.0,4
96435.0,5
96440.0,4
96446.0,6
96458.0,3
96475.0,8
96485.0,7
96491.0,4
96510.0,2
96518.0,2
96520.0,3
96527.0,6
96556.0,3
96569.0,2
96585.0,3
96611.0,5
96616.0,2
96623.0,2
96638.0,3
96668.0,3
96682.0,3
96709.0,3
96711.0,5
96725.0,4
96735.0,5
96744.0,4
96748.0,6
96778.0,2
96780.0,5
96819.0,3
96826.0,6
96847.0,3
96856.0,4
96860.0,2
96867.0,3
96883.0,4
96888.0,3
96903.0,4
96914.0,2
96934.0,5
96953.0,2
96963.0,3
96965.0,2
96980.0,3
96987.0,3
96993.0,3
97020.0,4
97034.0,2
97045.0,7
97055.0,4
97064.0,5
97084.0,9
97093.0,4
97107.0,6
97125.0,4
97151.0,10
97161.0,7
97170.0,4
97190.0,3
97213.0,4
97249.0,2
97262.0,3
97277.0,4
97316.0,4
97373.0,2
97385.0,4
97430.0,6
97436.0,4
97444.0,10
97469.0,7
97487.0,5
97492.0,2
97499.0,6
97535.0,6
97540.0,3
97543.0,2
97545.0,6
97551.0,3
97560.0,5
97564.0,6
97584.0,10
97594.0,3
97643.0,2
97649.0,5
97655.0,5
97667.0,9
97685.0,4
97719.0,4
97741.0,2
97743.0,3
97764.0,6
97770.0,5
97779.0,4
97785.0,2
97787.0,4
97792.0,4
97824.0,7
97842.0,3
97845.0,3
97864.0,5
97874.0,5
97881.0,4
97897.0,7
97929.0,3
97949.0,6
97961.0,3
97973.0,3
97995.0,6
98010.0,5
98045.0,7
98062.0,3
98069.0,4
98083.0,3
98097.0,3
98108.0,6
98118.0,3
98121.0,3
98124.0,9
98139.0,3
98144.0,4
98153.0,4
98192.0,3
98201.0,6
98207.0,3
98217.0,3
98227.0,8
98240.0,6
98246.0,3
98267.0,4
98278.0,4
98313.0,6
98320.0,5
98346.0,3
98358.0,4
98363.0,6
98369.0,4
98373.0,2
98379.0,4
98397.0,6
98403.0,7
98411.0,13
98429.0,6
98448.0,8
98479.0,3
98487.0,2
98489.0,2
98503.0,3
98551.0,6
98559.0,7
98570.0,7
98582.0,3
98603.0,3
98607.0,5
98614.0,3
98659.0,2
98683.0,2
98701.0,3
98708.0,2
98713.0,2
98715.0,3
98741.0,6
98749.0,2
98753.0,6
98766.0,3
98774.0,4
98802.0,10
98815.0,6
98840.0,6
98858.0,2
98864.0,4
98873.0,4
98907.0,2
98912.0,7
98947.0,7
98954.0,3
99009.0,4
99016.0,3
99037.0,3
99043.0,4
99063.0,3
99092.0,7
99114.0,3
99118.0,4
99131.0,5
99162.0,4
99169.0,5
99184.0,4
99186.0,5
99197.0,2
99221.0,8
99236.0,5
99267.0,2
99279.0,4
99281.0,7
99292.0,3
99296.0,4
99300.0,2
99334.0,7
99341.0,6
99353.0,2
99355.0,3
99364.0,3
99367.0,2
99380.0,4
99382.0,3
99390.0,3
99437.0,3
99458.0,4
99518.0,5
99526.0,7
99535.0,2
99538.0,4
99541.0,2
99557.0,5
99570.0,5
99575.0,3
99640.0,4
99675.0,2
99681.0,5
99689.0,3
99704.0,2
99717.0,3
99722.0,4
99728.0,3
99744.0,4
99763.0,4
99772.0,4
99798.0,2
99803.0,4
99812.0,5
99840.0,3
99843.0,4
99848.0,4
99865.0,3
99880.0,5
99890.0,4
99898.0,4
99930.0,2
99932.0,4
99951.0,6
99967.0,4
100031.0,3
100060.0,8
100068.0,5
100074.0,5
100095.0,6
100102.0,3
100115.0,3
100153.0,3
100189.0,8
100195.0,5
100217.0,5
100228.0,6
100240.0,3
100263.0,5
100278.0,3
100315.0,8
100382.0,4
100398.0,4
100412.0,4
100417.0,3
100432.0,6
100460.0,5
100475.0,2
100494.0,3
100516.0,3
100554.0,2
100596.0,3
100601.0,2
100603.0,13
100621.0,4
100623.0,2
100630.0,8
100645.0,3
100665.0,3
100672.0,4
100680.0,5
100686.0,3
100689.0,4
100708.0,4
100719.0,5
100728.0,4
100733.0,4
100743.0,2
100759.0,4
100770.0,4
100774.0,2
100800.0,4
100809.0,5
100817.0,2
100825.0,5
100831.0,6
100847.0,3
100859.0,4
100869.0,2
100897.0,7
100920.0,3
100922.0,2
100924.0,6
100947.0,2
100975.0,5
101027.0,5
101042.0,2
101050.0,4
101068.0,5
101080.0,4
101102.0,2
101105.0,9
101113.0,2
101129.0,3
101132.0,8
101164.0,5
101182.0,10
101196.0,2
101220.0,2
101257.0,3
101270.0,6
101286.0,5
101363.0,3
101391.0,5
101396.0,3
101402.0,4
101408.0,3
101420.0,2
101425.0,2
101427.0,4
101458.0,5
101518.0,2
101533.0,2
101544.0,2
101552.0,4
101568.0,3
101572.0,3
101592.0,6
101598.0,3
101643.0,2
101660.0,3
101670.0,2
101672.0,4
101679.0,2
101684.0,8
101703.0,2
101714.0,7
101723.0,7
101742.0,2
101763.0,6
101767.0,10
101785.0,4
101813.0,3
101823.0,10
101854.0,3
101863.0,5
101868.0,9
101884.0,4
101889.0,2
101922.0,3
101948.0,3
101967.0,5
101998.0,4
102066.0,3
102078.0,3
102098.0,7
102105.0,2
102119.0,2
102130.0,3
102139.0,4
102156.0,9
102196.0,2
102202.0,2
102208.0,4
102273.0,7
102306.0,2
102319.0,4
102339.0,3
102388.0,3
102424.0,5
102438.0,3
102443.0,3
102448.0,11
102462.0,6
102474.0,2
102479.0,3
102498.0,2
102532.0,3
102535.0,3
102538.0,3
102541.0,4
102572.0,4
102585.0,3
102602.0,7
102610.0,5
102620.0,7
102636.0,3
102643.0,12
102657.0,6
102716.0,3
102725.0,5
102730.0,2
102732.0,4
102736.0,3
102739.0,6
102746.0,4
102749.0,3
102774.0,3
102793.0,3
102796.0,5
102836.0,11
102851.0,30
102882.0,2
102884.0,4
102923.0,5
102927.0,9
102937.0,4
102960.0,4
102969.0,5
102976.0,3
102991.0,7
103013.0,4
103021.0,7
103028.0,8
103047.0,6
103055.0,8
103063.0,10
103076.0,4
103082.0,7
103121.0,3
103130.0,6
103138.0,8
103147.0,13
103175.0,3
103189.0,9
103197.0,11
103209.0,7
103216.0,9
103222.0,3
103231.0,8
103238.0,6
103248.0,4
103251.0,4
103255.0,3
103312.0,3
103315.0,2
103317.0,15
103335.0,11
103379.0,8
103403.0,3
103406.0,2
103408.0,5
103417.0,11
103443.0,6
103462.0,8
103466.0,2
103469.0,3
103480.0,19
103501.0,3
103513.0,4
103518.0,7
103560.0,3
103562.0,2
103579.0,4
103585.0,5
103597.0,4
103612.0,3
103629.0,4
103671.0,6
103677.0,8
103685.0,3
103696.0,8
103727.0,7
103733.0,5
103739.0,8
103746.0,7
103753.0,3
103756.0,4
103769.0,12
103784.0,3
103789.0,3
103793.0,3
103804.0,5
103817.0,4
103830.0,14
103847.0,5
103864.0,2
103876.0,5
103894.0,4
103909.0,2
103912.0,3
103947.0,4
103951.0,4
103955.0,8
103962.0,10
103975.0,2
103980.0,10
103994.0,4
103996.0,4
104001.0,3
104006.0,6
104014.0,3
104047.0,9
104061.0,10
104071.0,2
104097.0,8
104115.0,8
104139.0,2
104142.0,7
104151.0,2
104164.0,10
104204.0,2
104206.0,4
104210.0,5
104230.0,4
104236.0,11
104261.0,11
104278.0,3
104280.0,3
104321.0,4
104331.0,4
104345.0,5
104394.0,6
104453.0,4
104459.0,6
104474.0,6
104497.0,4
104511.0,5
104539.0,4
104550.0,3
104615.0,3
104633.0,2
104639.0,3
104693.0,3
104699.0,6
104712.0,3
104857.0,3
104864.0,3
104893.0,5
104933.0,3
104977.0,3
105010.0,6
105043.0,3
105070.0,4
105082.0,2
105108.0,5
105155.0,8
105198.0,4
105244.0,3
105287.0,7
105488.0,4
105541.0,11
105633.0,2
105755.0,3
105804.0,3
105807.0,4
105892.0,10
105954.0,13
105967.0,17
106083.0,5
106187.0,3
106199.0,4
106227.0,7
106580.0,5
106595.0,2
106608.0,5
106672.0,3
106676.0,3
106694.0,2
106738.0,9
106756.0,9
106792.0,5
106816.0,4
106880.0,7
106901.0,4
106948.0,7
107010.0,5
107030.0,5
107060.0,3
107069.0,3
107092.0,4
107209.0,12
107497.0,14
107511.0,11
107530.0,5
107535.0,4
107539.0,3
107562.0,4
107579.0,5
107585.0,10
107595.0,9
107623.0,5
107664.0,2
107790.0,7
107797.0,7
107809.0,8
107816.0,4
107874.0,7
108004.0,26
108032.0,73
108104.0,9
108113.0,30
108142.0,19
108162.0,5
108168.0,7
108175.0,6
108182.0,6
108187.0,31
108252.0,9
108277.0,35
108312.0,7
108321.0,23
108343.0,6
108351.0,36
108384.0,32
108417.0,7
108424.0,17
108440.0,29
108469.0,2
108471.0,8
108479.0,5
108484.0,33
108561.0,3
108564.0,3
108567.0,24
108595.0,13
108604.0,8
108612.0,30
108650.0,4
108654.0,21
108674.0,7
108684.0,25
108709.0,6
108715.0,9
108724.0,11
108742.0,52
108796.0,5
108801.0,12
108815.0,6
108819.0,26
108856.0,3
108861.0,20
108881.0,6
108887.0,9
108896.0,49
108945.0,19
108964.0,25
108996.0,6
109017.0,8
109024.0,3
109028.0,11
109040.0,8
109049.0,10
109056.0,2
109065.0,13
109078.0,2
109081.0,9
109089.0,5
109094.0,4
109098.0,2
109101.0,10
109125.0,2
109128.0,3
109130.0,13
109159.0,6
109164.0,5
109169.0,6
109176.0,5
109192.0,2
109195.0,8
109202.0,18
109220.0,4
109224.0,11
109237.0,5
109249.0,19
109279.0,15
109294.0,3
109297.0,5
109315.0,2
109318.0,12
109329.0,3
109332.0,3
109335.0,7
109342.0,3
109345.0,8
109353.0,5
109358.0,4
109363.0,8
109370.0,6
109379.0,15
109393.0,5
109403.0,14
109421.0,4
109425.0,7
109432.0,11
109465.0,9
109482.0,9
109484.0,4
109494.0,3
109526.0,4
109530.0,5
109535.0,3
109548.0,4
109551.0,8
109559.0,2
109561.0,3
109564.0,2
109569.0,7
109591.0,15
109607.0,15
109622.0,11
109632.0,3
109639.0,20
109662.0,6
109668.0,19
109686.0,6
109692.0,7
109702.0,8
109707.0,14
109737.0,5
109741.0,7
109747.0,2
109764.0,3
109778.0,19
109803.0,9
109808.0,8
109816.0,4
109821.0,18
109850.0,18
109868.0,16
109891.0,5
109899.0,11
109907.0,5
109918.0,8
109921.0,3
109923.0,4
109927.0,17
109952.0,6
109960.0,7
109965.0,10
109975.0,13
109988.0,5
109995.0,6
110007.0,2
110010.0,17
110029.0,9
110042.0,5
110046.0,7
110053.0,4
110070.0,2
110076.0,6
110082.0,6
110088.0,5
110093.0,3
110096.0,3
110103.0,8
110152.0,9
110161.0,6
110169.0,10
110179.0,7
110186.0,3
110211.0,4
110219.0,2
110221.0,25
110246.0,2
110248.0,7
110255.0,15
110273.0,20
110297.0,4
110301.0,10
110311.0,3
110320.0,4
110324.0,8
110331.0,2
110333.0,12
110347.0,6
110358.0,17
110377.0,6
110383.0,4
110388.0,11
110399.0,15
110415.0,43
110458.0,15
110473.0,5
110477.0,6
110483.0,4
110487.0,9
110496.0,4
110520.0,11
110534.0,4
110538.0,11
110550.0,15
110564.0,4
110569.0,9
110601.0,14
110616.0,20
110637.0,7
110642.0,17
110659.0,13
110672.0,2
110674.0,18
110695.0,4
110721.0,15
110742.0,13
110755.0,2
110767.0,9
110771.0,6
110777.0,22
110800.0,8
110820.0,2
110857.0,8
110865.0,14
110881.0,26
110907.0,4
110918.0,6
110923.0,4
110927.0,5
110934.0,11
110945.0,21
110968.0,11
110979.0,7
110987.0,17
111003.0,2
111005.0,5
111014.0,14
111026.0,15
111042.0,9
111050.0,6
111056.0,4
111062.0,7
111067.0,3
111071.0,8
111099.0,4
111102.0,22
111124.0,2
111126.0,4
111130.0,12
111146.0,7
111154.0,12
111165.0,19
111185.0,10
111217.0,6
111224.0,3
111226.0,5
111252.0,2
111258.0,10
111269.0,12
111283.0,3
111286.0,4
111290.0,20
111319.0,23
111340.0,3
111346.0,3
111361.0,33
111392.0,19
111423.0,4
111427.0,16
111445.0,12
111462.0,2
111469.0,3
111483.0,8
111495.0,7
111500.0,8
111511.0,5
111516.0,6
111540.0,4
111543.0,4
111565.0,14
111580.0,3
111583.0,13
111596.0,3
111600.0,10
111612.0,13
111625.0,5
111631.0,7
111637.0,2
111640.0,5
111647.0,8
111654.0,2
111656.0,14
111670.0,2
111682.0,25
111708.0,8
111721.0,6
111728.0,4
111731.0,4
111739.0,22
111761.0,31
111791.0,16
111807.0,10
111820.0,7
111824.0,7
111832.0,13
111853.0,5
111856.0,4
111860.0,3
111871.0,6
111877.0,7
111885.0,10
111895.0,32
111927.0,19
111945.0,2
111962.0,6
111971.0,5
111977.0,3
111980.0,3
111984.0,9
111992.0,5
111997.0,3
112000.0,2
112002.0,5
112007.0,9
112021.0,7
112026.0,11
112038.0,4
112040.0,17
112060.0,12
112069.0,4
112074.0,7
112080.0,2
112082.0,6
112092.0,5
112097.0,18
112116.0,4
112120.0,6
112129.0,4
112133.0,10
112171.0,23
112226.0,5
112230.0,3
112235.0,6
112239.0,22
112263.0,3
112270.0,4
112272.0,10
112283.0,7
112316.0,4
112318.0,2
112322.0,8
112330.0,3
112333.0,9
112342.0,8
112352.0,15
112368.0,4
112371.0,3
112376.0,11
112387.0,9
112398.0,5
112406.0,9
112419.0,13
112432.0,10
112445.0,15
112457.0,4
112462.0,11
112492.0,19
112509.0,8
112517.0,10
112527.0,4
112531.0,3
112534.0,6
112541.0,4
112556.0,8
112563.0,23
112587.0,7
112599.0,8
112614.0,19
112633.0,7
112655.0,36
112691.0,8
112699.0,9
112708.0,7
112723.0,5
112727.0,3
112731.0,3
112733.0,3
112748.0,24
112777.0,7
112782.0,4
112785.0,2
112787.0,4
112795.0,16
112808.0,14
112822.0,5
112827.0,4
112831.0,40
112891.0,9
112929.0,17
112958.0,8
112973.0,2
112982.0,7
112990.0,10
113000.0,8
113007.0,25
113034.0,17
113049.0,2
113054.0,4
113059.0,23
113082.0,10
113091.0,5
113096.0,3
113135.0,10
113146.0,17
113161.0,4
113168.0,6
113176.0,8
113181.0,3
113184.0,9
113193.0,7
113200.0,5
113205.0,4
113211.0,6
113217.0,2
113220.0,9
113228.0,10
113251.0,9
113266.0,14
113290.0,15
113306.0,26
113338.0,9
113350.0,9
113361.0,7
113369.0,18
113386.0,13
113400.0,22
113423.0,8
113429.0,6
113435.0,5
113442.0,19
113464.0,5
113483.0,2
113485.0,5
113490.0,5
113495.0,9
113527.0,8
113535.0,7
113542.0,17
113558.0,12
113588.0,21
113608.0,2
113622.0,22
113643.0,2
113645.0,4
113649.0,12
113676.0,4
113684.0,12
113700.0,14
113719.0,31
113748.0,3
113756.0,22
113777.0,4
113781.0,2
113783.0,18
113803.0,12
113817.0,20
113837.0,7
113844.0,8
113853.0,6
113857.0,4
113861.0,3
113869.0,10
113882.0,12
113897.0,3
113901.0,7
113922.0,3
113933.0,5
113943.0,7
113951.0,5
113956.0,7
113961.0,10
113987.0,5
113991.0,4
114000.0,18
114013.0,7
114021.0,4
114025.0,16
114041.0,6
114057.0,3
114059.0,2
114061.0,2
114064.0,14
114077.0,3
114081.0,6
114086.0,5
114091.0,16
114108.0,3
114110.0,29
114140.0,11
114150.0,8
114158.0,2
114162.0,4
114173.0,7
114182.0,10
114191.0,8
114202.0,22
114225.0,7
114233.0,10
114242.0,6
114249.0,15
114265.0,38
114300.0,16
114318.0,5
114324.0,4
114327.0,2
114329.0,2
114331.0,13
114344.0,8
114352.0,2
114384.0,10
114399.0,4
114404.0,7
114416.0,4
114421.0,3
114423.0,3
114426.0,14
114441.0,20
114460.0,28
114488.0,5
114493.0,6
114499.0,5
114504.0,2
114507.0,5
114511.0,28
114541.0,12
114554.0,8
114563.0,5
114569.0,12
114584.0,18
114609.0,9
114618.0,3
114623.0,9
114630.0,18
114649.0,9
114659.0,9
114668.0,4
114676.0,3
114679.0,5
114685.0,10
114700.0,9
114705.0,13
114717.0,6
114724.0,7
114731.0,13
114744.0,8
114751.0,15
114774.0,21
114799.0,14
114815.0,7
114823.0,9
114831.0,6
114841.0,6
114845.0,6
114851.0,5
114858.0,4
114867.0,6
114873.0,8
114892.0,11
114928.0,2
114934.0,10
114941.0,10
114951.0,15
114967.0,5
114974.0,31
115006.0,6
115011.0,4
115024.0,28
115052.0,5
115056.0,15
115071.0,8
115089.0,2
115092.0,13
115105.0,16
115120.0,7
115129.0,6
115133.0,10
115143.0,12
115155.0,4
115164.0,8
115175.0,5
115185.0,22
115202.0,10
115213.0,15
115228.0,6
115265.0,2
115267.0,5
115281.0,10
115291.0,13
115304.0,9
115313.0,3
115316.0,4
115328.0,13
115340.0,12
115354.0,5
115361.0,10
115371.0,11
115378.0,12
115390.0,2
115392.0,2
115397.0,3
115422.0,15
115437.0,7
115445.0,4
115463.0,6
115468.0,2
115471.0,8
115485.0,3
115487.0,15
115502.0,3
115505.0,6
115515.0,2
115528.0,5
115533.0,16
115546.0,7
115553.0,6
115561.0,6
115574.0,15
115593.0,7
115600.0,3
115603.0,28
115631.0,2
115635.0,4
115640.0,6
115653.0,26
115674.0,6
115684.0,8
115688.0,10
115699.0,9
115709.0,6
115732.0,6
115738.0,9
115751.0,2
115754.0,6
115759.0,3
115782.0,13
115796.0,4
115809.0,12
115819.0,14
115838.0,9
115850.0,19
115866.0,8
115875.0,10
115884.0,3
115894.0,28
115918.0,5
115934.0,9
115942.0,13
115957.0,3
115960.0,5
115965.0,18
115985.0,10
115998.0,7
116003.0,13
116019.0,3
116022.0,16
116039.0,17
116072.0,13
116085.0,3
116092.0,6
116098.0,14
116113.0,6
116120.0,3
116125.0,9
116144.0,18
116153.0,3
116157.0,12
116176.0,31
116207.0,6
116233.0,9
116241.0,3
116244.0,2
116251.0,3
116260.0,3
116278.0,3
116281.0,8
116288.0,6
116295.0,16
116313.0,8
116319.0,3
116323.0,17
116344.0,12
116350.0,6
116368.0,2
116371.0,17
116387.0,25
116414.0,6
116418.0,13
116436.0,22
116458.0,8
116487.0,15
116501.0,3
116506.0,6
116512.0,3
116522.0,8
116526.0,7
116533.0,15
116548.0,7
116555.0,11
116566.0,3
116569.0,2
116571.0,7
116578.0,4
116583.0,10
116592.0,2
116594.0,2
116602.0,6
116604.0,12
116616.0,8
116626.0,4
116632.0,3
116634.0,5
116639.0,3
116643.0,12
116654.0,5
116662.0,10
116669.0,5
116687.0,4
116689.0,2
116704.0,2
116706.0,34
116744.0,12
116757.0,18
116775.0,2
116778.0,5
116782.0,12
116794.0,3
116801.0,5
116809.0,5
116812.0,3
116818.0,10
116839.0,9
116850.0,8
116863.0,9
116873.0,7
116879.0,17
116897.0,19
116916.0,13
116930.0,8
116938.0,12
116950.0,12
116965.0,5
116967.0,13
116980.0,5
116986.0,11
116996.0,5
117001.0,7
117011.0,9
117018.0,7
117048.0,7
117067.0,7
117079.0,7
117086.0,12
117098.0,9
117111.0,4
117116.0,4
117119.0,2
117121.0,3
117125.0,5
117129.0,9
117139.0,10
117159.0,3
117167.0,8
117175.0,11
117186.0,5
117203.0,13
117230.0,2
117233.0,6
117240.0,4
117246.0,11
117261.0,35
117296.0,2
117305.0,13
117320.0,7
117331.0,41
117367.0,14
117386.0,8
117391.0,4
117396.0,4
117399.0,2
117401.0,5
117412.0,6
117418.0,7
117427.0,14
117439.0,6
117446.0,9
117463.0,6
117480.0,20
117504.0,6
117522.0,7
117529.0,2
117531.0,12
117546.0,9
117558.0,13
117582.0,8
117590.0,2
117592.0,10
117602.0,2
117606.0,11
117615.0,14
117630.0,11
117646.0,16
117656.0,22
117680.0,5
117685.0,3
117689.0,14
117702.0,4
117709.0,5
117711.0,2
117749.0,5
117754.0,29
117783.0,7
117791.0,9
117799.0,6
117807.0,6
117821.0,9
117843.0,6
117850.0,5
117858.0,3
117863.0,4
117865.0,5
117880.0,15
117896.0,5
117901.0,17
117931.0,3
117945.0,8
117952.0,3
117955.0,5
117970.0,10
117980.0,10
117991.0,3
117996.0,10
118003.0,3
118006.0,5
118017.0,7
118023.0,5
118041.0,5
118054.0,2
118056.0,2
118059.0,5
118064.0,3
118074.0,30
118099.0,5
118103.0,5
118106.0,6
118112.0,9
118121.0,4
118139.0,9
118143.0,6
118158.0,13
118179.0,3
118198.0,3
118202.0,9
118211.0,11
118221.0,3
118230.0,6
118236.0,2
118243.0,12
118261.0,16
118277.0,9
118286.0,4
118292.0,6
118296.0,11
118310.0,21
118338.0,14
118354.0,7
118358.0,4
118371.0,5
118386.0,13
118398.0,5
118422.0,13
118435.0,5
118449.0,6
118461.0,7
118468.0,8
118534.0,8
118572.0,12
118585.0,9
118589.0,4
118596.0,7
118607.0,24
118635.0,17
118650.0,14
118667.0,6
118673.0,2
118677.0,5
118680.0,5
118687.0,9
118699.0,6
118709.0,8
118740.0,7
118746.0,6
118753.0,6
118758.0,2
118760.0,4
118771.0,9
118779.0,6
118792.0,16
118801.0,6
118807.0,7
118815.0,4
118823.0,12
118832.0,3
118838.0,6
118848.0,13
118872.0,2
118886.0,12
118893.0,3
118903.0,7
118914.0,7
118923.0,5
118928.0,5
118933.0,4
118940.0,3
118943.0,4
118949.0,4
118951.0,6
118957.0,5
118962.0,9
118971.0,2
118988.0,10
118999.0,6
119005.0,10
119019.0,8
119028.0,11
119054.0,3
119060.0,10
119070.0,3
119077.0,10
119094.0,15
119104.0,2
119109.0,5
119119.0,10
119133.0,2
119140.0,6
119152.0,7
119163.0,4
119168.0,15
119182.0,12
119194.0,18
119217.0,4
119225.0,4
119228.0,8
119236.0,6
119247.0,19
119273.0,2
119304.0,3
119312.0,3
119315.0,6
119326.0,11
119337.0,8
119345.0,6
119357.0,8
119366.0,4
119376.0,7
119384.0,18
119405.0,13
119431.0,6
119440.0,2
119454.0,10
119476.0,5
119485.0,10
119494.0,8
119505.0,7
119510.0,7
119517.0,8
119530.0,6
119540.0,4
119542.0,12
119555.0,4
119558.0,2
119563.0,5
119569.0,9
119575.0,3
119584.0,8
119606.0,6
119617.0,11
119647.0,5
119650.0,3
119653.0,6
119659.0,6
119666.0,7
119672.0,3
119675.0,2
119686.0,4
119688.0,12
119705.0,2
119707.0,10
119719.0,4
119725.0,5
119731.0,6
119738.0,7
119745.0,7
119753.0,3
119770.0,5
119791.0,4
119799.0,5
119815.0,6
119821.0,3
119840.0,3
119881.0,3
119888.0,18
119901.0,2
119909.0,2
119911.0,4
119921.0,5
119929.0,16
119944.0,5
119947.0,8
119955.0,6
119961.0,9
119974.0,7
119981.0,8
119988.0,2
119991.0,4
119994.0,3
120030.0,2
120032.0,3
120041.0,8
120109.0,7
120125.0,2
120182.0,6
120191.0,3
120209.0,10
120219.0,3
120224.0,14
120238.0,4
120261.0,3
120264.0,6
120272.0,4
120274.0,4
120283.0,11
120293.0,3
120302.0,3
120306.0,8
120313.0,3
120323.0,6
120326.0,4
120340.0,5
120346.0,5
120355.0,6
120390.0,8
120403.0,4
120406.0,12
120438.0,16
120454.0,7
120465.0,12
120494.0,12
120502.0,14
120539.0,3
120599.0,3
120625.0,7
120652.0,7
120676.0,7
120680.0,6
120686.0,8
120693.0,7
120715.0,6
120720.0,2
120743.0,5
120792.0,8
120795.0,2
120831.0,9
120857.0,14
120887.0,10
120930.0,4
120949.0,4
120956.0,2
120964.0,30
120994.0,5
121009.0,7
121017.0,6
121028.0,11
121090.0,6
121099.0,10
121116.0,7
121148.0,3
121157.0,3
121160.0,10
121174.0,8
121187.0,5
121193.0,5
121216.0,25
121232.0,11
121253.0,7
121260.0,3
121264.0,4
121268.0,2
121273.0,2
121281.0,8
121288.0,5
121293.0,10
121324.0,9
121334.0,10
121363.0,7
121365.0,4
121372.0,16
121411.0,24
121516.0,4
121521.0,24
121555.0,8
121565.0,11
121574.0,17
121601.0,3
121604.0,5
121701.0,6
121713.0,4
121754.0,6
121765.0,9
121822.0,3
121824.0,11
121835.0,12
121905.0,7
121935.0,11
121942.0,5
121995.0,7
122009.0,3
122043.0,12
122097.0,5
122099.0,3
122108.0,4
122112.0,7
122120.0,3
122194.0,8
122236.0,12
122248.0,3
122251.0,30
122281.0,31
122320.0,8
122339.0,11
122353.0,4
122364.0,7
122368.0,11
122405.0,22
122422.0,2
122430.0,3
122441.0,4
122471.0,5
122490.0,34
122529.0,12
122541.0,6
122561.0,3
122568.0,3
122571.0,3
122621.0,20
122643.0,29
122737.0,5
122742.0,6
122749.0,10
122762.0,25
122785.0,7
122791.0,6
122800.0,4
122803.0,6
122808.0,6
122838.0,5
122846.0,8
122900.0,2
122909.0,7
122912.0,4
122982.0,5
122989.0,8
123003.0,2
123056.0,63
123122.0,2
123124.0,10
123154.0,6
123160.0,3
123163.0,8
123180.0,8
123202.0,11
123228.0,9
123246.0,5
123254.0,6
123259.0,2
123264.0,5
123272.0,3
123280.0,5
123289.0,3
123292.0,3
123306.0,5
123317.0,5
123327.0,15
123353.0,7
123362.0,6
123381.0,2
123386.0,16
123410.0,5
123423.0,3
123429.0,3
123484.0,10
123518.0,3
123534.0,7
123562.0,3
123583.0,4
123585.0,23
123612.0,29
123685.0,4
123700.0,22
123767.0,20
123792.0,3
123794.0,6
123804.0,4
123813.0,3
123815.0,5
123828.0,3
123837.0,4
123846.0,8
123855.0,9
123878.0,2
123881.0,4
123927.0,2
123951.0,10
123980.0,5
123985.0,5
123994.0,5
123996.0,6
124003.0,4
124015.0,2
124017.0,4
124021.0,3
124025.0,6
124043.0,5
124063.0,7
124072.0,4
124076.0,5
124091.0,2
124122.0,4
124125.0,3
124214.0,4
124294.0,2
124298.0,3
124336.0,3
124378.0,5
124389.0,3
124391.0,2
124455.0,2
124480.0,5
124508.0,7
124516.0,4
124553.0,7
124562.0,2
124634.0,3
124645.0,6
124667.0,3
124691.0,4
124784.0,8
124805.0,5
124811.0,2
124819.0,5
124826.0,3
124835.0,7
124887.0,5
124921.0,3
124930.0,10
124938.0,2
124947.0,2
124953.0,2
124960.0,6
124991.0,5
125005.0,5
125025.0,2
125042.0,4
125056.0,4
125071.0,6
125078.0,3
125081.0,4
125111.0,7
125183.0,25
125333.0,6
125344.0,11
125356.0,14
125375.0,2
125379.0,7
125384.0,5
125389.0,2
125436.0,14
125457.0,16
125514.0,7
125521.0,14
125535.0,12
125547.0,31
125584.0,14
125599.0,16
125627.0,4
125629.0,6
125636.0,4
125682.0,20
125702.0,6
125708.0,5
125732.0,4
125740.0,26
125775.0,26
125813.0,40
125856.0,15
125881.0,8
126042.0,3
126045.0,6
126125.0,17
126227.0,63
126475.0,128
126678.0,7
126689.0,100
126816.0,3
126851.0,29
126938.0,2
126944.0,29
126998.0,114
127134.0,31
127167.0,21
127191.0,3
127199.0,16
127211.0,4
127214.0,12
127241.0,4
127261.0,61
127387.0,24
127579.0,3
127587.0,91
127676.0,61
127736.0,28
127770.0,5
127788.0,15
127799.0,10
127853.0,11
127895.0,14
127908.0,14
127937.0,7
127979.0,24
128023.0,12
128042.0,9
128050.0,35
128087.0,15
128106.0,9
128111.0,41
128254.0,36
128288.0,17
128315.0,56
128377.0,13
128385.0,6
128606.0,33
128652.0,126
128779.0,36
128815.0,46
128867.0,10
128996.0,22
129003.0,3
129071.0,9
129176.0,2
129195.0,5
129228.0,7
129250.0,10
129371.0,54
129429.0,8
129459.0,117
129754.0,3
129791.0,8
129798.0,63
129863.0,45
129905.0,39
129944.0,19
129964.0,15
129983.0,11
129998.0,17
130026.0,4
130065.0,14
130085.0,2
130088.0,13
130128.0,24
130153.0,6
130213.0,34
130232.0,24
130252.0,68
130323.0,6
130330.0,18
130358.0,15
130547.0,14
130574.0,19
130590.0,4
130594.0,14
130608.0,58
130671.0,18
130688.0,10
130705.0,6
130718.0,45
130766.0,125
130893.0,3
130897.0,9
130905.0,3
130908.0,2
130913.0,29
130961.0,9
130987.0,5
130993.0,3
130995.0,4
131002.0,10
131013.0,31
131075.0,25
131160.0,3
131163.0,3
131185.0,63
131251.0,18
131339.0,21
131360.0,4
131367.0,5
131369.0,5
131374.0,5
131379.0,31
131608.0,4
131610.0,5
131637.0,19
131645.0,61
131719.0,18
131860.0,418
132278.0,14
132377.0,5
132379.0,3
132383.0,13
132403.0,18
132421.0,26
132452.0,16
132487.0,5
132523.0,42
132542.0,36
132608.0,3
132704.0,5
132843.0,3
133039.0,10
133091.0,8
133100.0,3
133109.0,5
133130.0,3
133204.0,5
133625.0,5
133630.0,3
134200.0,3
134211.0,7
134238.0,9
134257.0,3
134516.0,4
135103.0,3
136329.0,3
136568.0,4
136767.0,2
136874.0,4
137457.0,5
137484.0,3
138706.0,10
138780.0,3
138795.0,3
138829.0,2
138840.0,5
138863.0,2
138877.0,4
138881.0,7
138928.0,4
138955.0,2
138998.0,3
139001.0,3
139004.0,9
139053.0,6
139059.0,16
139075.0,29
139117.0,3
139122.0,7
139129.0,6
139141.0,6
139152.0,10
139163.0,4
139191.0,6
139193.0,2
139201.0,7
139220.0,3
139247.0,5
139250.0,14
139267.0,3
139284.0,11
139296.0,6
139341.0,3
139372.0,3
139383.0,2
139396.0,3
139398.0,7
139427.0,3
139458.0,9
139487.0,2
139736.0,3
139740.0,19
139758.0,36
139800.0,5
139817.0,5
139822.0,2
139848.0,3
139851.0,6
139888.0,14
139906.0,3
139911.0,4
139913.0,4
139917.0,7
139924.0,2
139931.0,9
139940.0,5
139955.0,10
139969.0,10
139982.0,2
139992.0,9
140055.0,8
140098.0,13
140112.0,7
140155.0,6
140167.0,2
140171.0,17
140188.0,6
140195.0,5
140200.0,5
140259.0,8
140291.0,2
140332.0,5
140337.0,8
140354.0,5
140371.0,16
140398.0,3
140402.0,13
140527.0,6
140538.0,27
140617.0,16
140646.0,11
140669.0,5
140690.0,8
140705.0,3
140734.0,29
140784.0,3
140794.0,26
140826.0,11
140868.0,20
140887.0,2
140897.0,6
140904.0,26
140940.0,4
140998.0,8
141041.0,2
141043.0,6
141049.0,4
141054.0,4
141069.0,2
141072.0,9
141080.0,4
141096.0,5
141138.0,5
141145.0,3
141151.0,6
141156.0,10
141166.0,3
141190.0,14
141218.0,4
141233.0,2
141236.0,2
141243.0,11
141279.0,3
141292.0,4
141296.0,4
141331.0,5
141386.0,3
141396.0,12
141411.0,4
141435.0,4
141463.0,4
141481.0,3
141502.0,2
141510.0,5
141521.0,2
141523.0,12
141561.0,5
141579.0,3
141627.0,2
141630.0,2
141678.0,4
141685.0,8
141747.0,4
141751.0,7
141780.0,4
141782.0,8
141861.0,2
141894.0,3
141899.0,4
141906.0,4
141910.0,3
141913.0,2
141915.0,3
141920.0,4
141926.0,7
141932.0,3
141937.0,9
141943.0,4
141952.0,4
141957.0,8
141964.0,4
141974.0,5
141995.0,8
142007.0,2
142011.0,4
142031.0,4
142034.0,4
142038.0,2
142045.0,10
142050.0,2
142056.0,7
142076.0,2
142079.0,5
142083.0,2
142097.0,2
142139.0,6
142148.0,4
142161.0,4
142164.0,12
142175.0,3
142183.0,2
142185.0,5
142190.0,5
142207.0,3
142228.0,2
142240.0,3
142243.0,6
142249.0,6
142289.0,9
142295.0,3
142309.0,3
142313.0,5
142324.0,7
142328.0,2
142334.0,2
142342.0,7
142350.0,4
142359.0,7
142373.0,4
142387.0,4
142391.0,2
142394.0,6
142400.0,5
142414.0,5
142426.0,4
142441.0,3
142448.0,2
142468.0,9
142489.0,2
142491.0,5
142499.0,7
142506.0,3
142521.0,5
142526.0,4
142530.0,3
142533.0,2
142537.0,8
142571.0,2
142576.0,5
142588.0,3
142599.0,3
142603.0,3
142608.0,4
142612.0,2
142639.0,2
142645.0,2
142647.0,2
142653.0,3
142657.0,3
142661.0,7
142682.0,5
142687.0,2
142702.0,4
142707.0,5
142728.0,7
142739.0,3
142748.0,2
142763.0,2
142765.0,2
142780.0,5
142788.0,8
142795.0,7
142823.0,4
142835.0,4
142845.0,4
142877.0,3
142906.0,2
142908.0,3
142940.0,6
143004.0,3
143011.0,4
143021.0,6
143044.0,2
143064.0,6
143069.0,4
143073.0,3
143076.0,4
143086.0,7
143126.0,9
143135.0,6
143141.0,4
143145.0,5
143158.0,7
143169.0,8
143176.0,2
143183.0,3
143193.0,4
143210.0,3
143242.0,5
143247.0,7
143266.0,3
143270.0,7
143277.0,34
143312.0,34
143345.0,10
143355.0,22
143419.0,5
143424.0,10
143442.0,5
143453.0,8
143463.0,11
143473.0,3
143492.0,15
143510.0,12
143546.0,22
143566.0,11
143571.0,2
143573.0,3
143613.0,3
143627.0,14
143641.0,3
143645.0,14
143667.0,3
143670.0,5
143679.0,13
143699.0,4
143702.0,8
143710.0,4
143714.0,3
143732.0,11
143741.0,2
143743.0,26
143772.0,5
143774.0,4
143805.0,6
143813.0,9
143826.0,10
143853.0,10
143859.0,3
143871.0,8
143898.0,6
143902.0,5
143919.0,6
143925.0,17
143950.0,2
143962.0,3
143976.0,3
143978.0,6
143987.0,17
144022.0,12
144035.0,13
144044.0,3
144047.0,2
144049.0,15
144064.0,8
144074.0,6
144079.0,6
144085.0,9
144094.0,11
144119.0,18
144137.0,3
144141.0,4
144155.0,6
144161.0,4
144167.0,6
144171.0,19
144190.0,6
144196.0,9
144205.0,3
144220.0,17
144235.0,16
144251.0,10
144261.0,47
144309.0,6
144314.0,5
144319.0,22
144341.0,16
144359.0,20
144378.0,4
144382.0,3
144390.0,22
144416.0,14
144423.0,15
144438.0,7
144451.0,20
144467.0,11
144480.0,28
144505.0,5
144513.0,7
144519.0,7
144527.0,27
144558.0,28
144587.0,73
144658.0,9
144669.0,8
144686.0,82
144769.0,22
144790.0,2
144792.0,2
144803.0,11
144822.0,9
144828.0,7
144835.0,9
144855.0,9
144903.0,4
144915.0,36
144974.0,12
144984.0,14
144998.0,6
145057.0,8
145088.0,33
145120.0,5
145152.0,7
145200.0,9
145211.0,13
145222.0,6
145228.0,8
145236.0,12
145249.0,5
145253.0,2
145255.0,43
145310.0,3
145313.0,9
145322.0,21
145377.0,4
145393.0,15
145396.0,9
145404.0,22
145446.0,4
145448.0,13
145474.0,26
145513.0,2
145515.0,2
145528.0,6
145536.0,12
145547.0,9
145555.0,4
145560.0,18
145642.0,48
145704.0,7
145767.0,3
145784.0,9
145795.0,30
145843.0,7
145852.0,10
145887.0,6
145892.0,5
145897.0,8
145905.0,6
145912.0,23
145935.0,4
145944.0,16
145958.0,6
145984.0,6
145989.0,9
146001.0,6
146005.0,3
146007.0,12
146019.0,12
146031.0,11
146043.0,12
146072.0,7
146078.0,5
146082.0,5
146088.0,22
146111.0,8
146118.0,4
146123.0,23
146145.0,7
146158.0,7
146167.0,13
146178.0,15
146193.0,10
146228.0,13
146241.0,5
146258.0,19
146302.0,3
146307.0,4
146337.0,7
146342.0,8
146350.0,4
146360.0,4
146367.0,10
146375.0,8
146383.0,5
146391.0,6
146395.0,3
146400.0,18
146418.0,8
146427.0,6
146433.0,5
146437.0,5
146471.0,22
146545.0,2
146549.0,2
146553.0,4
146556.0,6
146574.0,4
146580.0,2
146610.0,15
146626.0,5
146630.0,17
146653.0,2
146657.0,2
146659.0,3
146662.0,8
146680.0,4
146685.0,7
146692.0,5
146696.0,3
146706.0,2
146708.0,15
146723.0,6
146729.0,7
146787.0,9
146793.0,45
146840.0,14
146871.0,6
147299.0,14
147311.0,20
147331.0,17
147355.0,10
147380.0,2
147405.0,13
147431.0,5
147435.0,5
147440.0,13
147470.0,3
147474.0,6
147495.0,9
147539.0,11
147546.0,3
147551.0,9
147557.0,12
147590.0,2
147593.0,8
147600.0,28
147629.0,4
147667.0,38
147724.0,47
147768.0,6
147814.0,11
147834.0,14
147862.0,8
147952.0,42
148001.0,5
148026.0,8
148032.0,10
148042.0,2
148045.0,45
148097.0,2
148099.0,13
148115.0,11
148123.0,4
148128.0,26
148153.0,41
148195.0,7
148205.0,46
148260.0,17
148279.0,14
148289.0,4
148299.0,11
148304.0,8
148313.0,23
148336.0,30
148365.0,8
148373.0,9
148411.0,16
148437.0,36
148491.0,11
148502.0,14
148519.0,8
148534.0,2
148539.0,4
148543.0,18
148565.0,48
148632.0,6
148642.0,3
148647.0,10
148682.0,26
148755.0,19
148776.0,61
148918.0,14
148944.0,23
148967.0,8
149010.0,15
149025.0,20
149047.0,4
149051.0,12
149061.0,16
149077.0,4
149083.0,6
149090.0,16
149109.0,10
149115.0,7
149130.0,8
149140.0,12
149152.0,8
149160.0,11
149171.0,36
149208.0,11
149232.0,9
149245.0,26
149281.0,5
149319.0,12
149349.0,3
149359.0,10
149362.0,7
149369.0,3
149373.0,3
149375.0,3
149378.0,5
149406.0,6
149412.0,10
149422.0,4
149440.0,3
149443.0,7
149524.0,3
149526.0,4
149532.0,8
149546.0,2
149551.0,3
149554.0,3
149559.0,5
149564.0,6
149571.0,3
149587.0,10
149596.0,20
149677.0,3
149798.0,4
149874.0,2
149890.0,2
149952.0,3
150017.0,2
150066.0,3
150108.0,3
150147.0,2
150149.0,3
150290.0,16
150306.0,28
150335.0,6
150340.0,42
150384.0,57
150439.0,11
150453.0,16
150469.0,5
150472.0,7
150482.0,12
150492.0,23
150517.0,11
150544.0,6
150557.0,10
150565.0,12
150583.0,11
150587.0,12
150606.0,16
150614.0,12
150629.0,6
150632.0,10
150644.0,5
150649.0,7
150655.0,17
150671.0,4
150691.0,3
150696.0,4
150700.0,6
150707.0,3
150712.0,3
150717.0,9
150729.0,11
150737.0,7
150748.0,2
150750.0,13
150763.0,27
150793.0,5
150798.0,7
150817.0,6
150820.0,12
150835.0,9
150846.0,10
150855.0,4
150862.0,4
150866.0,2
150871.0,8
150879.0,10
150888.0,2
150892.0,5
150897.0,11
150908.0,2
150910.0,13
150927.0,4
150931.0,12
150942.0,2
150946.0,5
150956.0,4
150962.0,4
150968.0,11
150988.0,14
151001.0,4
151010.0,2
151013.0,10
151034.0,12
151046.0,4
151049.0,6
151062.0,7
151073.0,2
151075.0,3
151079.0,6
151084.0,5
151096.0,8
151107.0,5
151109.0,10
151121.0,20
151182.0,6
151187.0,6
151238.0,6
151278.0,3
151285.0,9
151290.0,10
151300.0,2
151319.0,29
151349.0,3
151351.0,16
151368.0,18
151442.0,3
151451.0,30
151477.0,11
151534.0,15
151548.0,6
151555.0,25
151609.0,26
151684.0,11
151691.0,17
151736.0,4
151756.0,4
151764.0,8
151769.0,16
151793.0,29
151893.0,28
151917.0,17
151932.0,3
151945.0,3
151956.0,26
151985.0,82
152081.0,6
152108.0,6
152113.0,16
152137.0,4
152167.0,5
152172.0,9
152273.0,4
152285.0,32
152317.0,12
152341.0,4
152345.0,4
152402.0,9
152460.0,10
152472.0,3
152482.0,8
152489.0,9
152498.0,92
152616.0,13
152622.0,5
152630.0,7
152639.0,30
152671.0,19
152688.0,3
152762.0,10
152771.0,2
152882.0,7
152890.0,4
152898.0,10
152905.0,9
152934.0,5
152942.0,2
152949.0,13
152989.0,7
152996.0,52
153049.0,4
153052.0,2
153062.0,8
153065.0,4
153069.0,2
153147.0,17
153164.0,14
153283.0,2
153285.0,14
153301.0,14
153572.0,6
153623.0,16
153642.0,10
153653.0,27
153699.0,27
153733.0,20
153744.0,3
153991.0,10
153997.0,14
154017.0,25
154088.0,4
154134.0,10
154182.0,6
154186.0,13
154201.0,29
154231.0,14
154254.0,5
154258.0,20
154278.0,13
154312.0,10
154317.0,10
154368.0,13
154395.0,13
154465.0,7
154492.0,9
154497.0,15
154511.0,11
154531.0,11
154536.0,8
154544.0,18
154576.0,14
154612.0,7
154619.0,2
154622.0,4
154632.0,10
154644.0,9
154649.0,3
154681.0,10
154703.0,6
154725.0,9
154739.0,12
154771.0,6
154789.0,2
154818.0,3
154824.0,10
154836.0,7
154853.0,14
154861.0,6
154898.0,27
154931.0,3
154948.0,12
155046.0,15
155062.0,9
155069.0,16
155085.0,2
155089.0,8
155103.0,11
155114.0,8
155132.0,3
155135.0,10
155145.0,3
155163.0,8
155171.0,5
155185.0,3
155192.0,7
155203.0,19
155226.0,10
155233.0,9
155250.0,9
155274.0,6
155282.0,13
155297.0,8
155339.0,3
155378.0,9
155603.0,3
155607.0,4
155760.0,2
155911.0,4
155977.0,2
156187.0,2
156201.0,6
156214.0,32
156270.0,8
156280.0,16
156296.0,17
156316.0,3
156319.0,10
156329.0,21
156351.0,8
156447.0,6
156453.0,2
157116.0,11
157159.0,9
157305.0,15
157346.0,5
157357.0,6
157597.0,4
157629.0,4
157651.0,2
158090.0,7
158100.0,6
158144.0,5
158158.0,4
158204.0,5
158248.0,5
158261.0,12
158316.0,5
158333.0,8
158344.0,6
158571.0,3
158707.0,8
158732.0,5
158792.0,8
158954.0,26
159031.0,6
159041.0,4
159053.0,2
159061.0,6
159067.0,6
159077.0,5
159082.0,8
159094.0,5
159099.0,3
159106.0,4
159120.0,2
159122.0,3
159125.0,2
159127.0,11
159146.0,2
159160.0,3
159164.0,8
159177.0,12
159189.0,7
159207.0,3
159215.0,8
159220.0,7
159232.0,9
159243.0,4
159251.0,4
159253.0,9
159262.0,3
159291.0,6
159297.0,2
159299.0,3
159303.0,5
159307.0,3
159312.0,8
159345.0,4
159356.0,3
159360.0,14
159375.0,5
159392.0,2
159397.0,2
159402.0,9
159414.0,6
159419.0,4
159426.0,4
159430.0,4
159434.0,5
159448.0,4
159495.0,3
159501.0,4
159505.0,3
159515.0,6
159522.0,4
159527.0,3
159538.0,4
159556.0,3
159568.0,18
159588.0,6
159621.0,3
159648.0,8
159650.0,11
159662.0,3
159668.0,3
159685.0,3
159688.0,3
159693.0,6
159705.0,5
159719.0,3
159722.0,3
159738.0,4
159743.0,9
159760.0,5
159768.0,3
159772.0,5
159787.0,10
159798.0,4
159818.0,4
159835.0,2
159840.0,7
159848.0,6
159852.0,14
159869.0,5
159874.0,2
159877.0,6
159882.0,2
159900.0,5
159909.0,2
159921.0,2
159923.0,3
159930.0,2
159933.0,6
159948.0,8
159956.0,3
159959.0,5
159964.0,2
159991.0,3
159995.0,3
159997.0,2
160000.0,5
160015.0,2
160022.0,7
160027.0,13
160050.0,5
160081.0,2
160090.0,8
160108.0,2
160125.0,4
160135.0,6
160143.0,6
160148.0,2
160151.0,4
160154.0,7
160165.0,3
160168.0,3
160178.0,5
160199.0,3
160202.0,4
160221.0,3
160225.0,8
160236.0,6
160259.0,2
160263.0,16
160283.0,6
160289.0,3
160296.0,9
160315.0,13
160335.0,6
160362.0,4
160364.0,5
160380.0,6
160385.0,5
160389.0,4
160393.0,4
160404.0,4
160409.0,6
160415.0,6
160433.0,3
160444.0,4
160457.0,4
160461.0,2
160467.0,4
160475.0,2
160478.0,3
160482.0,9
160493.0,3
160502.0,3
160524.0,13
160541.0,5
160551.0,2
160554.0,4
160557.0,2
160575.0,4
160577.0,6
160584.0,3
160590.0,2
160595.0,3
160598.0,6
160606.0,4
160608.0,2
160610.0,7
160620.0,9
160637.0,10
160652.0,5
160669.0,3
160679.0,2
160695.0,9
160704.0,4
160708.0,3
160711.0,5
160715.0,5
160731.0,6
160745.0,3
160750.0,8
160765.0,3
160778.0,2
160792.0,2
160796.0,5
160809.0,4
160817.0,4
160824.0,3
160845.0,4
160850.0,6
160869.0,21
160896.0,5
160908.0,3
160931.0,5
160935.0,4
160946.0,6
160964.0,5
160975.0,11
160998.0,6
161007.0,2
161012.0,3
161036.0,11
161047.0,3
161053.0,2
161055.0,2
161061.0,6
161066.0,8
161074.0,3
161076.0,3
161087.0,4
161098.0,4
161102.0,6
161117.0,6
161129.0,4
161137.0,3
161142.0,2
161175.0,7
161188.0,5
161197.0,2
161229.0,3
161239.0,2
161245.0,5
161301.0,4
161342.0,3
161352.0,2
161380.0,6
161383.0,2
161391.0,3
161403.0,4
161417.0,2
161419.0,4
161444.0,4
161448.0,2
161478.0,5
161491.0,3
161493.0,5
161536.0,5
161557.0,2
161559.0,2
161563.0,2
161565.0,4
161575.0,3
161590.0,4
161625.0,6
161638.0,3
161659.0,3
161663.0,4
161666.0,5
161670.0,3
161674.0,4
161697.0,3
161709.0,7
161733.0,3
161743.0,3
161754.0,3
161766.0,8
161774.0,2
161793.0,10
161801.0,3
161807.0,3
161825.0,2
161873.0,9
161880.0,7
161899.0,8
161904.0,4
161942.0,7
161952.0,3
161963.0,4
161966.0,5
161980.0,2
161998.0,4
162005.0,2
162016.0,5
162021.0,3
162053.0,3
162058.0,4
162080.0,13
162109.0,5
162125.0,5
162134.0,4
162152.0,5
162156.0,3
162165.0,2
162173.0,4
162188.0,7
162196.0,7
162231.0,5
162236.0,4
162245.0,8
162252.0,7
162267.0,3
162273.0,5
162296.0,10
162312.0,5
162357.0,2
162360.0,12
162371.0,5
162381.0,5
162391.0,4
162395.0,2
162401.0,6
162420.0,3
162438.0,6
162446.0,2
162463.0,9
162479.0,3
162485.0,7
162510.0,5
162546.0,3
162553.0,8
162570.0,3
162572.0,2
162577.0,5
162597.0,6
162625.0,6
162630.0,3
162637.0,5
162641.0,3
162670.0,8
162698.0,5
162709.0,9
162719.0,2
162730.0,2
162758.0,2
162768.0,2
162770.0,2
162774.0,5
162804.0,3
162810.0,4
162821.0,4
162840.0,6
162845.0,5
162856.0,5
162861.0,9
162879.0,5
162903.0,3
162912.0,10
162924.0,2
162958.0,2
162962.0,5
162967.0,2
162988.0,2
162990.0,2
163005.0,6
163028.0,5
163038.0,5
163043.0,2
163046.0,4
163051.0,4
163077.0,4
163087.0,5
163163.0,3
163181.0,2
163183.0,2
163185.0,5
163193.0,7
163213.0,3
163234.0,4
163356.0,6
163362.0,6
163368.0,4
163377.0,5
163386.0,15
163400.0,4
163409.0,2
163413.0,6
163419.0,5
163423.0,6
163434.0,3
163442.0,2
163444.0,4
163467.0,6
163475.0,5
163481.0,6
163527.0,6
163550.0,3
163568.0,6
163577.0,4
163597.0,4
163605.0,2
163610.0,5
163641.0,7
163645.0,2
163651.0,10
163670.0,5
163685.0,4
163720.0,12
163740.0,6
163744.0,3
163752.0,4
163760.0,4
163774.0,5
163810.0,4
163817.0,5
163823.0,5
163836.0,8
163862.0,7
163871.0,3
163905.0,2
163913.0,5
163953.0,9
163977.0,3
163980.0,4
164017.0,3
164022.0,5
164025.0,6
164051.0,3
164054.0,12
164067.0,9
164095.0,3
164099.0,3
164108.0,4
164111.0,3
164124.0,4
164130.0,6
164138.0,6
164142.0,2
164153.0,2
164160.0,4
164164.0,4
164181.0,6
164202.0,3
164212.0,4
164263.0,3
164268.0,2
164275.0,3
164277.0,5
164288.0,5
164308.0,6
164336.0,3
164340.0,2
164370.0,3
164391.0,3
164402.0,4
164406.0,4
164420.0,8
164428.0,2
164432.0,7
164447.0,6
164474.0,4
164479.0,4
164484.0,7
164498.0,4
164514.0,5
164544.0,7
164588.0,12
164623.0,3
164626.0,3
164633.0,6
164651.0,3
164653.0,4
164668.0,4
164703.0,9
164720.0,4
164730.0,3
164743.0,4
164765.0,2
164819.0,2
164822.0,3
164857.0,2
164869.0,4
164876.0,4
164880.0,2
164895.0,6
164902.0,7
164911.0,2
164948.0,4
164951.0,6
164964.0,4
164994.0,3
165006.0,6
165011.0,4
165043.0,3
165046.0,5
165058.0,4
165068.0,7
165103.0,2
165115.0,3
165143.0,7
165151.0,3
165164.0,4
165176.0,3
165184.0,6
165195.0,4
165204.0,2
165207.0,3
165226.0,6
165242.0,5
165256.0,5
165273.0,5
165281.0,8
165292.0,6
165305.0,2
165307.0,3
165310.0,5
165339.0,2
165341.0,4
165356.0,3
165364.0,3
165424.0,5
165433.0,4
165497.0,2
165499.0,3
165522.0,3
165537.0,6
165556.0,5
165571.0,2
165581.0,3
165584.0,5
165594.0,9
165603.0,2
165616.0,3
165624.0,5
165648.0,5
165689.0,6
165723.0,4
165729.0,4
165734.0,4
165740.0,2
165743.0,6
165748.0,2
165751.0,5
165755.0,4
165769.0,6
165777.0,8
165788.0,2
165794.0,2
165814.0,2
165827.0,4
165838.0,2
165851.0,9
165862.0,2
165883.0,2
165935.0,3
165942.0,5
165954.0,6
165964.0,7
166001.0,9
166010.0,5
166015.0,2
166023.0,3
166026.0,5
166046.0,4
166054.0,5
166059.0,10
166086.0,3
166102.0,3
166117.0,4
166171.0,5
166175.0,3
166183.0,4
166198.0,5
166203.0,3
166206.0,5
166258.0,4
166262.0,3
166272.0,6
166279.0,5
166304.0,7
166311.0,2
166315.0,5
166335.0,5
166342.0,3
166353.0,4
166407.0,3
166410.0,2
166458.0,5
166463.0,4
166509.0,3
166521.0,4
166526.0,7
166532.0,4
166548.0,4
166557.0,5
166565.0,5
166579.0,5
166601.0,5
166608.0,5
166622.0,5
166626.0,3
166638.0,5
166662.0,4
166666.0,6
166672.0,8
166704.0,2
166718.0,4
166729.0,6
166733.0,4
166764.0,3
166767.0,2
166774.0,8
166782.0,3
166787.0,4
166791.0,8
166805.0,8
166822.0,4
166828.0,2
166836.0,2
166879.0,4
166886.0,5
166909.0,9
166917.0,4
166922.0,4
166939.0,7
166950.0,5
166954.0,3
166964.0,6
166970.0,5
166989.0,5
166996.0,4
166998.0,3
167004.0,4
167018.0,4
167045.0,8
167053.0,6
167068.0,6
167086.0,6
167102.0,5
167107.0,4
167122.0,5
167127.0,3
167135.0,3
167148.0,2
167158.0,4
167173.0,4
167206.0,12
167218.0,3
167220.0,11
167252.0,6
167302.0,10
167306.0,3
167312.0,4
167322.0,6
167324.0,3
167334.0,9
167343.0,6
167355.0,3
167375.0,4
167382.0,4
167413.0,10
167437.0,3
167442.0,6
167452.0,3
167467.0,2
167470.0,7
167480.0,6
167497.0,12
167542.0,6
167548.0,3
167551.0,3
167554.0,3
167573.0,5
167619.0,3
167629.0,3
167638.0,3
167648.0,11
167673.0,7
167692.0,7
167722.0,7
167756.0,5
167771.0,4
167778.0,4
167790.0,7
167818.0,2
167835.0,4
167844.0,7
167856.0,3
167859.0,4
167864.0,7
167870.0,5
167893.0,2
167912.0,5
167924.0,7
167941.0,3
167946.0,4
167955.0,7
167984.0,9
168006.0,4
168011.0,7
168025.0,8
168047.0,2
168056.0,2
168063.0,2
168069.0,3
168096.0,5
168110.0,4
168121.0,3
168125.0,3
168129.0,5
168146.0,3
168152.0,2
168165.0,2
168176.0,3
168189.0,5
168193.0,3
168200.0,2
168210.0,2
168213.0,5
168232.0,7
168265.0,4
168272.0,4
168276.0,5
168328.0,6
168367.0,4
168372.0,4
168375.0,2
168377.0,4
168383.0,5
168388.0,3
168392.0,5
168397.0,5
168408.0,4
168412.0,6
168421.0,4
168439.0,4
168446.0,3
168459.0,5
168464.0,4
168472.0,4
168475.0,8
168501.0,3
168504.0,2
168507.0,4
168530.0,4
168540.0,3
168595.0,4
168632.0,3
168646.0,3
168672.0,4
168681.0,6
168699.0,5
168706.0,4
168739.0,5
168790.0,6
168821.0,3
168824.0,2
168829.0,4
168834.0,3
168843.0,4
168851.0,3
168867.0,2
168876.0,3
168882.0,4
168946.0,3
168950.0,5
168956.0,4
168966.0,7
168987.0,2
168995.0,3
168998.0,5
169007.0,2
169032.0,4
169035.0,5
169045.0,7
169067.0,3
169070.0,3
169073.0,3
169080.0,11
169092.0,3
169117.0,4
169145.0,2
169152.0,2
169214.0,5
169219.0,5
169227.0,6
169248.0,3
169251.0,3
169265.0,3
169276.0,11
169309.0,4
169313.0,7
169335.0,2
169337.0,6
169370.0,3
169377.0,6
169397.0,3
169422.0,3
169433.0,4
169440.0,3
169444.0,4
169469.0,6
169504.0,3
169508.0,5
169524.0,7
169534.0,7
169548.0,5
169570.0,2
169587.0,2
169596.0,5
169601.0,2
169603.0,2
169615.0,10
169673.0,4
169712.0,3
169714.0,5
169730.0,5
169745.0,9
169757.0,4
169762.0,4
169765.0,8
169773.0,2
169778.0,3
169784.0,2
169792.0,9
169798.0,4
169842.0,6
169847.0,10
169867.0,5
169884.0,7
169891.0,6
169925.0,4
169927.0,7
169938.0,4
169949.0,4
169952.0,3
169958.0,2
169987.0,2
169991.0,6
170005.0,2
170012.0,5
170032.0,3
170039.0,8
170060.0,7
170076.0,3
170078.0,3
170097.0,6
170103.0,5
170134.0,4
170181.0,3
170202.0,3
170206.0,6
170212.0,8
170240.0,2
170243.0,4
170274.0,5
170279.0,4
170295.0,4
170307.0,7
170326.0,4
170363.0,5
170386.0,6
170392.0,6
170424.0,4
170429.0,3
170442.0,5
170448.0,3
170484.0,4
170492.0,4
170496.0,3
170506.0,6
170514.0,3
170522.0,2
170534.0,6
170583.0,5
170591.0,4
170595.0,4
170600.0,3
170613.0,4
170625.0,11
170629.0,5
170660.0,4
170688.0,4
170699.0,7
170720.0,2
170723.0,6
170758.0,5
170764.0,7
170773.0,2
170779.0,4
170793.0,3
170810.0,3
170825.0,2
170834.0,3
170838.0,4
170846.0,2
170859.0,5
170873.0,3
170903.0,2
170907.0,2
170909.0,3
170912.0,2
170916.0,2
170968.0,2
170973.0,6
170986.0,6
171010.0,5
171023.0,2
171025.0,3
171061.0,8
171091.0,5
171114.0,5
171122.0,10
171135.0,2
171138.0,3
171160.0,4
171181.0,7
171189.0,5
171192.0,3
171208.0,2
171229.0,4
171235.0,5
171269.0,7
171278.0,5
171283.0,4
171286.0,4
171290.0,2
171292.0,8
171339.0,7
171346.0,3
171352.0,6
171359.0,5
171372.0,2
171399.0,4
171440.0,3
171461.0,5
171464.0,4
171471.0,2
171481.0,3
171491.0,2
171504.0,2
171514.0,4
171523.0,13
171542.0,3
171559.0,4
171572.0,6
171606.0,3
171620.0,11
171679.0,3
171685.0,2
171702.0,2
171734.0,7
171758.0,7
171767.0,2
171801.0,7
171817.0,4
171821.0,6
171836.0,4
171878.0,3
171927.0,2
171945.0,7
171960.0,2
171976.0,5
171979.0,6
171984.0,7
171995.0,5
172002.0,5
172033.0,3
172038.0,4
172041.0,4
172049.0,3
172059.0,6
172063.0,5
172093.0,4
172124.0,4
172127.0,7
172137.0,7
172164.0,7
172172.0,6
172197.0,5
172204.0,4
172212.0,8
172236.0,7
172244.0,6
172259.0,2
172294.0,9
172303.0,5
172323.0,8
172334.0,7
172346.0,14
172426.0,4
172432.0,8
172453.0,2
172493.0,3
172499.0,2
172516.0,6
172522.0,2
172535.0,7
172542.0,4
172547.0,8
172555.0,9
172574.0,10
172595.0,4
172614.0,5
172641.0,4
172645.0,3
172685.0,10
172696.0,3
172702.0,4
172706.0,4
172724.0,2
172727.0,3
172740.0,3
172743.0,6
172758.0,4
172775.0,3
172796.0,4
172816.0,12
172855.0,4
172865.0,3
172875.0,3
172887.0,3
172897.0,3
172922.0,4
172932.0,4
172944.0,2
172950.0,3
172955.0,4
172971.0,6
173019.0,4
173028.0,2
173030.0,9
173041.0,13
173052.0,3
173070.0,4
173088.0,9
173105.0,5
173138.0,4
173168.0,2
173171.0,3
173180.0,7
173188.0,3
173198.0,8
173214.0,3
173237.0,6
173257.0,3
173260.0,3
173265.0,4
173280.0,6
173289.0,8
173303.0,6
173331.0,4
173334.0,9
173343.0,3
173355.0,2
173368.0,3
173381.0,3
173392.0,4
173396.0,5
173408.0,5
173424.0,4
173433.0,7
173448.0,3
173463.0,5
173475.0,5
173480.0,4
173524.0,4
173531.0,5
173539.0,6
173545.0,4
173614.0,5
173629.0,4
173639.0,3
173646.0,2
173648.0,6
173664.0,3
173667.0,4
173696.0,2
173709.0,4
173715.0,5
173721.0,3
173723.0,2
173729.0,2
173764.0,3
173771.0,3
173787.0,5
173796.0,4
173800.0,3
173847.0,5
173854.0,11
173864.0,9
173894.0,4
173938.0,3
173942.0,14
173986.0,8
174024.0,3
174033.0,15
174046.0,2
174057.0,4
174072.0,4
174090.0,3
174098.0,5
174129.0,6
174142.0,2
174155.0,9
174160.0,6
174178.0,3
174184.0,3
174213.0,5
174220.0,4
174227.0,6
174234.0,11
174242.0,3
174253.0,2
174263.0,3
174266.0,4
174273.0,11
174284.0,3
174305.0,13
174319.0,6
174356.0,3
174362.0,3
174379.0,3
174384.0,9
174393.0,3
174396.0,2
174405.0,5
174435.0,4
174475.0,6
174529.0,10
174587.0,3
174592.0,4
174611.0,5
174621.0,9
174661.0,2
174667.0,2
174680.0,11
174695.0,4
174702.0,2
174712.0,4
174739.0,7
174753.0,3
174768.0,3
174773.0,6
174781.0,2
174786.0,5
174795.0,3
174804.0,4
174810.0,3
174822.0,3
174827.0,5
174855.0,2
174911.0,12
174952.0,7
174958.0,2
174962.0,8
174968.0,5
175011.0,9
175038.0,5
175043.0,4
175049.0,6
175055.0,4
175083.0,2
175103.0,3
175106.0,2
175136.0,5
175138.0,2
175143.0,4
175152.0,5
175165.0,7
175182.0,2
175186.0,5
175191.0,4
175245.0,4
175248.0,8
175256.0,2
175272.0,11
175292.0,10
175298.0,5
175330.0,2
175341.0,5
175406.0,5
175421.0,2
175527.0,12
175572.0,5
175615.0,4
175620.0,12
175633.0,4
175646.0,3
175649.0,5
175665.0,2
175667.0,7
175674.0,4
175678.0,5
175713.0,4
175725.0,2
175750.0,6
175784.0,3
175787.0,7
175801.0,5
175828.0,2
175837.0,3
175842.0,3
175881.0,3
175895.0,2
175923.0,3
175958.0,10
175982.0,3
175995.0,11
176014.0,2
176025.0,5
176080.0,4
176087.0,3
176103.0,4
176122.0,4
176146.0,3
176166.0,2
176198.0,5
176203.0,3
176206.0,5
176243.0,4
176263.0,5
176274.0,2
176284.0,5
176297.0,6
176331.0,7
176355.0,2
176362.0,3
176405.0,4
176413.0,9
176436.0,10
176444.0,3
176449.0,3
176452.0,2
176525.0,4
176530.0,2
176547.0,3
176551.0,2
176555.0,4
176606.0,2
176614.0,3
176617.0,2
176624.0,5
176644.0,7
176664.0,10
176673.0,2
176686.0,7
176705.0,3
176711.0,3
176750.0,5
176755.0,2
176778.0,2
176784.0,3
176822.0,5
176831.0,8
176850.0,3
176930.0,2
176943.0,2
176960.0,6
176969.0,7
177018.0,3
177030.0,7
177046.0,4
177089.0,3
177214.0,7
177217.0,3
177219.0,11
177233.0,6
177241.0,2
177258.0,3
177293.0,6
177304.0,4
177307.0,4
177322.0,6
177331.0,3
177342.0,3
177359.0,11
177375.0,4
177379.0,6
177405.0,2
177424.0,4
177453.0,2
177478.0,4
177489.0,3
177528.0,9
177554.0,2
177594.0,14
177608.0,6
177614.0,4
177753.0,6
177756.0,4
177762.0,22
177799.0,10
177819.0,4
177822.0,35
177871.0,8
177886.0,4
177923.0,4
177940.0,4
177944.0,4
177961.0,3
177971.0,4
177982.0,4
177997.0,6
178012.0,8
178021.0,7
178090.0,6
178111.0,5
178129.0,5
178241.0,3
178274.0,5
178358.0,3
178402.0,2
178406.0,6
178468.0,4
178475.0,5
178519.0,4
178529.0,3
178532.0,5
178555.0,5
178591.0,4
178616.0,2
178623.0,4
178657.0,5
178671.0,4
178675.0,3
178683.0,4
178756.0,6
178765.0,3
178858.0,4
178883.0,2
178885.0,4
178917.0,2
178932.0,16
178975.0,2
178984.0,7
178988.0,2
178995.0,3
179004.0,3
179024.0,8
179110.0,4
179114.0,3
179117.0,4
179128.0,2
179145.0,2
179173.0,2
179204.0,7
179264.0,4
179290.0,2
179326.0,3
179341.0,3
179388.0,2
179395.0,4
179422.0,2
179424.0,3
179512.0,2
179517.0,5
179566.0,2
179570.0,5
179629.0,3
179638.0,3
179646.0,3
179671.0,3
179774.0,4
179809.0,2
179816.0,3
179857.0,2
179862.0,3
179883.0,2
179885.0,3
179926.0,6
179942.0,3
179948.0,3
179960.0,4
180000.0,4
180039.0,3
180046.0,2
180074.0,4
180084.0,4
180143.0,6
180149.0,5
180167.0,2
180178.0,5
180189.0,5
180217.0,5
180271.0,5
180284.0,6
180288.0,8
180342.0,4
180352.0,2
180378.0,2
180387.0,2
180414.0,5
180435.0,3
180451.0,9
180477.0,9
180498.0,7
180523.0,2
180561.0,4
180595.0,6
180601.0,2
180621.0,2
180654.0,4
180680.0,3
180692.0,7
180701.0,3
180704.0,4
180721.0,5
180769.0,3
180823.0,3
180843.0,5
180880.0,2
180886.0,4
180908.0,3
180913.0,3
181001.0,4
181032.0,2
181035.0,3
181083.0,3
181143.0,3
181185.0,5
181195.0,7
181215.0,2
181262.0,3
181334.0,3
181359.0,2
181390.0,4
181407.0,6
181518.0,5
181527.0,4
181534.0,2
181542.0,4
181556.0,7
181567.0,5
181592.0,5
181597.0,3
181612.0,2
181625.0,3
181650.0,4
181663.0,2
181692.0,3
181722.0,2
181775.0,3
181778.0,2
181797.0,5
181823.0,4
181832.0,3
181872.0,6
181882.0,4
181941.0,3
181944.0,2
181965.0,4
181974.0,4
182014.0,3
182027.0,3
182039.0,3
182043.0,8
182068.0,4
182103.0,2
182126.0,2
182159.0,4
182197.0,7
182235.0,7
182252.0,7
182341.0,2
182358.0,6
182361.0,5
182381.0,5
182423.0,3
182433.0,2
182477.0,2
182503.0,10
182545.0,4
182605.0,6
182643.0,3
182758.0,2
182762.0,2
182799.0,2
182827.0,3
182860.0,6
182943.0,4
182949.0,3
183003.0,3
183043.0,8
183055.0,2
183133.0,4
183175.0,5
183200.0,2
183223.0,3
183232.0,6
183242.0,2
183297.0,3
183311.0,2
183339.0,2
183344.0,3
183415.0,2
183441.0,2
183457.0,4
183478.0,2
183482.0,4
183531.0,6
183579.0,2
183593.0,2
183601.0,3
183613.0,2
183623.0,4
183665.0,7
183685.0,5
183700.0,2
183748.0,3
183758.0,6
183832.0,6
183859.0,3
183989.0,4
184002.0,4
184044.0,2
184076.0,2
184096.0,3
184120.0,8
184129.0,3
184265.0,3
184297.0,3
184331.0,3
184334.0,2
184356.0,6
184361.0,3
184411.0,3
184423.0,3
184444.0,3
184539.0,5
184553.0,5
184558.0,3
184565.0,3
184631.0,5
184665.0,2
184734.0,4
184768.0,2
184784.0,4
184831.0,7
184865.0,8
184887.0,3
184946.0,2
184967.0,6
184976.0,4
184990.0,4
185013.0,4
185031.0,7
185040.0,3
185044.0,3
185047.0,3
185056.0,5
185065.0,7
185094.0,3
185178.0,5
185183.0,3
185190.0,2
185198.0,4
185232.0,5
185251.0,2
185271.0,5
185290.0,3
185343.0,2
185347.0,2
185349.0,2
185393.0,5
185409.0,3
185424.0,5
185453.0,2
185468.0,4
185494.0,4
185573.0,5
185584.0,6
185660.0,4
185673.0,5
185683.0,4
185721.0,3
185736.0,3
185745.0,3
185769.0,2
185779.0,3
185841.0,2
185867.0,3
185892.0,7
185928.0,2
186032.0,4
186095.0,2
186101.0,3
186144.0,5
186149.0,3
186160.0,2
186205.0,7
186250.0,4
186285.0,8
186293.0,7
186313.0,7
186347.0,2
186375.0,15
186390.0,4
186399.0,5
186430.0,3
186441.0,5
186525.0,8
186533.0,2
186590.0,7
186623.0,2
186634.0,4
186642.0,4
186780.0,2
186848.0,2
186983.0,4
186986.0,2
188238.0,10
188355.0,11
188408.0,6
188489.0,2
188746.0,2
188749.0,4
188854.0,3
189244.0,24
189749.0,8
190258.0,2
190385.0,2
190437.0,4
190953.0,4
191385.0,4
191787.0,13
191855.0,12
191901.0,3
191972.0,3
192189.0,14
192294.0,2
192307.0,3
192339.0,5
192343.0,8
192400.0,9
192451.0,18
192469.0,2
192548.0,6
192743.0,5
194468.0,3
194695.0,5
195094.0,2
195102.0,7
195110.0,4
195115.0,8
195127.0,8
195149.0,4
195176.0,4
195185.0,4
195188.0,5
195208.0,4
195220.0,5
195229.0,7
195240.0,3
195250.0,9
195269.0,5
195284.0,4
195295.0,4
195298.0,4
195331.0,4
195340.0,3
195353.0,5
195358.0,4
195381.0,4
195419.0,4
195427.0,3
195433.0,8
195441.0,3
195453.0,2
195456.0,9
195488.0,4
195501.0,3
195515.0,2
195519.0,7
195531.0,10
195544.0,4
195547.0,2
195550.0,3
195566.0,5
195575.0,5
195594.0,2
195616.0,7
195636.0,3
195658.0,6
195664.0,3
195667.0,7
195692.0,2
195705.0,8
195722.0,8
195727.0,3
195737.0,4
195742.0,6
195756.0,10
195769.0,4
195773.0,4
195777.0,3
195852.0,3
195867.0,2
195880.0,3
195885.0,3
195892.0,4
195898.0,3
195916.0,4
195927.0,6
195953.0,6
195967.0,4
196019.0,8
196031.0,2
196079.0,7
196093.0,5
196106.0,3
196129.0,4
196150.0,4
196154.0,2
196158.0,3
196165.0,4
196170.0,7
196180.0,5
196183.0,4
196221.0,6
196243.0,3
196251.0,5
196257.0,4
196260.0,4
196297.0,4
196326.0,13
196336.0,10
196348.0,2
196371.0,3
196381.0,4
196401.0,8
196409.0,9
196425.0,11
196461.0,3
196464.0,5
196482.0,3
196491.0,5
196511.0,2
196521.0,3
196545.0,2
196554.0,2
196556.0,4
196649.0,3
196667.0,4
196776.0,22
196810.0,11
196826.0,5
196838.0,6
196842.0,8
196994.0,9
197045.0,16
197055.0,10
197184.0,10
197203.0,9
197213.0,3
197220.0,14
197280.0,5
197282.0,30
197345.0,10
197370.0,10
197386.0,6
197694.0,12
197719.0,4
197723.0,22
197744.0,4
197806.0,20
197855.0,15
197867.0,5
197976.0,5
198017.0,10
198044.0,30
198082.0,13
198097.0,9
198225.0,8
198239.0,5
198254.0,26
198277.0,6
198279.0,2
198282.0,10
198362.0,3
198368.0,15
198403.0,10
198436.0,17
198539.0,19
198711.0,8
198726.0,3
198851.0,23
198866.0,14
198900.0,13
198913.0,3
198915.0,10
199612.0,3
,2
,2
,2
,2
,2
,2
,2
,2
,2
,2
,2
,2
,2
,2
,2
,2
,2
,2
,2
,2
,2
,2
,2
,2
,2
,2
,2
,2
,2
,2
,2
,2
,2
,2
,2
,2
,2
,2
,2
,2
,2
,2
,2
,2
,2
,2
,2
,2
,2
,2
,2
,2
,2
,2
,2
,2
,2
,2
,2
,2
,2
,2
,2
,2
,2
,2
,2
,2
,2
,2
,2
,2
,2
,2
,2
,2
,2
,2
,2
,2
,2
,2
,2
,2
,2
,2
,2
,2
,2
,2
,2
,2
,2
,2
,2
,2
,2
,2
,2
,2
,2
,2
,2
,2
,2
,2
,2
,2
,2
,2
,2
,2
,2
,2
,2
,2
,2
,2
,2
,2
,2
,2
,2
,2
,2
,2
,2
,2
,2
,2
,2
,2
,2
,2
,2
,2
,2
,2
,2
,2
,2
,2
,2
,2
,2
,2
,2
,2
,2
,2
,2
,2
,2
,2
,2
,2
,2
,2
,2
,2
,2
,2
,2
,2
,2
,2
,2
,2
,2
,2
,2
,2
,2
,2
,2
,2
,2
,2
,2
,2
,2
,2
,2
,2
,2
,2
,2
,2
,2
,2
,2
,2
,2
,2
,2
,2
,2
,2
,2
,2
,2
,2
,2
,2
,2
,2
,2
,2
,2
,2
,2
,2
,2
,2
,2
,2
,2
,2
,2
,2
,2
,2
,2
,2
,2
,2
,2
,2
,2
,2
,2
,2
,2
,2
,2
,2
,2
,2
,2
,2
,2
,2
,2
,2
,2
,2
,2
,2
,2
,2
,2
,2
,2
,2
,2
,2
,2
,2
,2
,2
,2
,2
,2
,2
,2
,2
,2
,2
,2
,2
,2
,2
,2
,2
,2
,2
,2
,2
,2
,2
,2
,2
,2
,2
,2
,2
,2
,2
,2
,2
,2
,2
,2
,2
,2
,2
,2
,2
,2
,2
,2
,2
,2
,2
,2
,2
,2
,2
,2
,2
,2
,2
,2
,2
,2
,2
,2
,2
,2
,2
,2
,2
,2
,2
,2
,2
,2
,2
,2
,2
,2
,2
,2
,2
,2
,2
,2
,2
,2
,2
,2
,2
,2
,2
,2
,2
,2
,2
,2
,2
,2
,2
,2
,2
,2
,2
,2
,2
,2
,2
,2
,2
,2
,2
,2
,2
,2
,2
,2
,2
,2
,2
,2
,2
,2
,2
,2
,2
,2
,2
,2
,2
,2
,2
,2
,2
,2
,2
,2
,2
,2
,2
,2
,2
,2
,2
,2
,2
,2
,2
,2
,2
,2
,2
,2
,2
,2
,2
,2
,2
,2
,2
,2
,2
,2
,2
,2
,2
,2
,2
,2
,2
,2
,2
,2
,2
,2
,2
,2
,2
,2
,2
,2
,2
,2
,2
,2
,2
,2
,2
,2
,2
,2
,2
,2
,2
,2
,2
,2
,2
,2
,2
,2
,2
,2
,2
,2
,2
,2
,2
,2
,2
,2
,2
,2
,2
,2
,2
,2
,2
,2
,2
,2
,2
,2
,2
,2
,2
,2
,2
,2
,2
,2
,2
,2
,2
,2
,2
,2
,2
,2
,2
,2
,2
,2
,2
,2
,2
,2
,2
,2
,2
,2
,2
,2
,2
,2
,2
,2
,2
,2
,2
,2
,2
,2
,2
,2
,2
,2
,2
,2
,2
,2
,2
,2
,2
,2
,2
,2
,2
,2
,2
,2
,2
,2
,2
,2
,2
,2
,2
,2
,2
,2
,2
,2
,2
,2
,2
,2
,2
,2
,2
,2
,2
,2
,2
,2
,2
,2
,2
,2
,2
,2
,2
,2
,2
,2
,2
,2
,2
,2
,2
,2
,2
,2
,2
,2
,2
,2
,2
,2
,2
,2
,2
,2
,2
,2
,2
,2
,2
,2
,2
,2
,2
,2
,2
,2
,2
,2
,2
,2
,2
,2
,2
,2
,2
,2
,2
,2
,2
,2
,2
,2
,2
,2
,2
,2
,2
,2
,2
,2
,2
,2
,2
,2
,2
,2
,2
,2
,2
,2
,2
,2
,2
,2
,2
,2
,2
,2
,2
,2
,2
,2
,2
,2
,2
,2
,2
,2
,2
,2
,2
,2
,2
,2
,2
,2
,2
,2
,2
,2
,2
,2
,2
,2
,2
,2
,2
,2
,2
,2
,2
,2
,2
,2
,2
,2
,2
,2
,2
,2
,2
,2
,2
,2
,2
,2
,2
,2
,2
,2
,2
,2
,2
,2
,2
,2
,2
,2
,2
,2
,2
,2
,2
,2
,2
,2
,2
,2
,2
,2
,2
,2
,2
,2
,2
,2
,2
,2
,2
,2
,2
,2
,2
,2
,2
,2
,2
,2
,2
,2
,2
,2
,2
,2
,2
,2
,2
,2
,2
,2
,2
,2
,2
,2
,2
,2
,2
,2
,2
,2
,2
,2
,2
,2
,2
,2
,2
,2
,2
,2
,2
,2
,2
,2
,2
,2
,2
,2
,2
,2
,2
,2
,2
,2
,2
,2
,2
,2
,2
,2
,2
,2
,2
,2
,2
,2
,2
,2
,2
,2
,2
,2
,2
,2
,2
,2
,2
,2
,2
,2
,2
,2
,2
,2
,2
,2
,2
,2
,2
,2
,2
,2
,2
,2
,2
,2
,2
,2
,2
,2
,2
,2
,2
,2
,2
,2
,2
,2
,2
,2
,2
,2
,2
,2
,2
,2
,2
,2
,2
,2
,2
,2
,2
,2
,2
,2
,2
,2
,2
,2
,2
,2
,2
,2
,2
,2
,2
,2
,2
,2
,2
,2
,2
,2
,2
,2
,2
,2
,2
,2
,2
,2
,2
,2
,2
,2
,2
,2
,2
,2
,2
,2
,2
,2
,2
,2
,2
,2
,2
,2
,2
,2
,2
,2
,2
,2
,2
,2
,2
,2
,2
,2
,2
,2
,2
,2
,2
,2
,2
,2
,2
,2
,2
,2
,2
,2
,2
,2
,2
,2
,2
,2
,2
,2
,2
,2
,2
,2
,2
,2
,2
,2
,2
,2
,2
,2
,2
,2
,2
,2
,2
,2
,2
,2
,2
,2
,2
,2
,2
,2
,2
,2
,2
,2
,2
,2
,2
,2
,2
,2
,2
,2
,2
,2
,2
,2
,2
,2
,2
,2
,2
,2
,2
,2
,2
,2
,2
,2
,2
,2
,2
,2
,2
,2
,2
,2
,2
,2
,2
,2
,2
,2
,2
,2
,2
,2
,2
,2
,2
,2
,2
,2
,2
,2
,2
,2
,2
,2
,2
,2
,2
,2
,2
,2
,2
,2
,2
,2
,2
,2
,2
,2
,2
,2
,2
,2
,2
,2
,2
,2
,2
,2
,2
,2
,2
,2
,2
,2
,2
,2
,2
,2
,2
,2
,2
,2
,2
,2
,2
,2
,2
,2
,2
,2
,2
,2
,2
,2
,2
,2
,2
,2
,2
,2
,2
,2
,2
,2
,2
,2
,2
,2
,2
,2
,2
,2
,2
,2
,2
,2
,2
,2
,2
,2
,2
,2
,2
,2
,2
,2
,2
,2
,2
,2
,2
,2
,2
,2
,2
,2
,2
,2
,2
,2
,2
,2
,2
,2
,2
,2
,2
,2
,2
,2
,2
,2
,2
,2
,2
,2
,2
,2
,2
,2
,2
,2
,2
,2
,2
,2
,2
,2
,2
,2
,2
,2
,2
,2
,2
,2
,2
,2
,2
,2
,2
,2
,2
,2
,2
,2
,2
,2
,2
,2
,2
,2
,2
,2
,2
,2
,2
,2
,2
,2
,2
,2
,2
,2
,2
,2
,2
,2
,2
,2
,2
,2
,2
,2
,2
,2
,2
,2
,2
,2
,2
,2
,2
,2
,2
,2
,2
,2
,2
,2
,2
,2
,2
,2
,2
,2
,2
,2
,2
,2
,2
,2
,2
,2
,2
,2
,2
,2
,2
,2
,2
,2
,2
,2
,2
,2
,2
,2
,2
,2
,2
,2
,2
,2
,2
,2
,2
,2
,2
,2
,2
,2
,2
,2
,2
,2
,2
,2
,2
,2
,2
,2
,2
,2
,2
,2
,2
,2
,2
,2
,2
,2
,2
,2
,2
,2
,2
,2
,2
,2
,2
,2
,2
,2
,2
,2
,2
,2
,2
,2
,2
,2
,2
,2
,2
,2
,2
,2
,2
,2
,2
,2
,2
,2
,2
,2
,2
,2
,2
,2
,2
,2
,2
,2
,2
,2
,2
,2
,2
,2
,2
,2
,2
,2
,2
,2
,2
,2
,2
,2
,2
,2
,2
,2
,2
,2
,2
,2
,2
,2
,2
,2
,2
,2
,2
,2
,2
,2
,2
,2
,2
,2
,2
,2
,2
,2
,2
,2
,2
,2
,2
,2
,2
,2
,2
,2
,2
,2
,2
,2
,2
,2
,2
,2
,2
,2
,2
,2
,2
,2
,2
,2
,2
,2
,2
,2
,2
,2
,2
,2
,2
,2
,2
,2
,2
,2
,2
,2
,2
,2
,2
,2
,2
,2
,2
,2
,2
,2
,2
,2
,2
,2
,2
,2
,2
,2
,2
,2
,2
,2
,2
,2
,2
,2
,2
,2
,2
,2
,2
,2
,2
,2
,2
,2
,2
,2
,2
,2
,2
,2
,2
,2
,2
,2
,2
,2
,2
,2
,2
,2
,2
,2
,2
,2
,2
,2
,2
,2
,2
,2
,2
,2
,2
,2
,2
,2
,2
,2
,2
,2
,2
,2
,2
,2
,2
,2
,2
,2
,2
,2
,2
,2
,2
,2
,2
,2
,2
,2
,2
,2
,2
,2
,2
,2
,2
,2
,2
,2
,2
,2
,2
,2
,2
,2
,2
,2
,2
,2
,2
,2
,2
,2
,2
,2
,2
,2
,2
,2
,2
,2
,2
,2
,2
,2
,2
,2
,2
,2
,2
,2
,2
,2
,2
,2
,2
,2
,2
,2
,2
,2
,2
,2
,2
,2
,2
,2
,2
,2
,2
,2
,2
,2
,2
,2
,2
,2
,2
,2
,2
,2
,2
,2
,2
,2
,2
,2
,2
,2
,2
,2
,2
,2
,2
,2
,2
,2
,2
,2
,2
,2
,2
,2
,2
,2
,2
,2
,2
,2
,2
,2
,2
,2
,2
,2
,2
,2
,2
,2
,2
,2
,2
,2
,2
,2
,2
,2
,2
,2
,2
,2
,2
,2
,2
,2
,2
,2
,2
,2
,2
,2
,2
,2
,2
,2
,2
,2
,2
,2
,2
,2
,2
,2
,2
,2
,2
,2
,2
,2
,2
,2
,2
,2
,2
,2
,2
,2
,2
,2
,2
,2
,2
,2
,2
,2
,2
,2
,2
,2
,2
,2
,2
,2
,2
,2
,2
,2
,2
,2
,2
,2
,2
,2
,2
,2
,2
,2
,2
,2
,2
,2
,2
,2
,2
,2
,2
,2
,2
,2
,2
,2
,2
,2
,2
,2
,2
,2
,2
,2
,2
,2
,2
,2
,2
,2
,2
,2
,2
,2
,2
,2
,2
,2
,2
,2
,2
,2
,2
,2
,2
,2
,2
,2
,2
,2
,2
,2
,2
,2
,2
,2
,2
,2
,2
,2
,2
,2
,2
,2
,2
,2
,2
,2
,2
,2
,2
,2
,2
,2
,2
,2
,2
,2
,2
,2
,2
,2
,2
,2
,2
,2
,2
,2
,2
,2
,2
,2
,2
,2
,2
,2
,2
,2
,2
,2
,2
,2
,2
,2
,2
,2
,2
,2
,2
,2
,2
,2
,2
,2
,2
,2
,2
,2
,2
,2
,2
,2
,2
,2
,2
,2
,2
,2
,2
,2
,2
,2
,2
,2
,2
,2
,2
,2
,2
,2
,2
,2
,2
,2
,2
,2
,2
,2
,2
,2
,2
,2
,2
,2
,2
,2
,2
,2
,2
,2
,2
,2
,2
,2
,2
,2
,2
,2
,2
,2
,2
,2
,2
,2
,2
,2
,2
,2
,2
,2
,2
,2
,2
,2
,2
,2
,2
,2
,2
,2
,2
,2
,2
,2
,2
,2
,2
,2
,2
,2
,2
,2
,2
,2
,2
,2
,2
,2
,2
,2
,2
,2
,2
,2
,2
,2
,2
,2
,2
,2
,2
,2
,2
,2
,2
,2
,2
,2
,2
,2
,2
,2
,2
,2
,2
,2
,2
,2
,2
,2
,2
,2
,2
,2
,2
,2
,2
,2
,2
,2
,2
,2
,2
,2
,2
,2
,2
,2
,2
,2
,2
,2
,2
,2
,2
,2
,2
,2
,2
,2
,2
,2
,2
,2
,2
,2
,2
,2
,2
,2
,2
,2
,2
,2
,2
,2
,2
,2
,2
,2
,2
,2
,2
,2
,2
,2
,2
,2
,2
,2
,2
,2
,2
,2
,2
,2
,2
,2
,2
,2
,2
,2
,2
,2
,2
,2
,2
,2
,2
,2
,2
,2
,2
,2
,2
,2
,2
,2
,2
,2
,2
,2
,2
,2
,2
,2
,2
,2
,2
,2
,2
,2
,2
,2
,2
,2
,2
,2
,2
,2
,2
,2
,2
,2
,2
,2
,2
,2
,2
,2
,2
,2
,2
,2
,2
,2
,2
,2
,2
,2
,2
,2
,2
,2
,2
,2
,2
,2
,2
,2
,2
,2
,2
,2
,2
,2
,2
,2
,2
,2
,2
,2
,2
,2
,2
,2
,2
,2
,2
,2
,2
,2
,2
,2
,2
,2
,2
,2
,2
,2
,2
,2
,2
,2
,2
,2
,2
,2
,2
,2
,2
,2
,2
,2
,2
,2
,2
,2
,2
,2
,2
,2
,2
,2
,2
,2
,2
,2
,2
,2
,2
,2
,2
,2
,2
,2
,2
,2
,2
,2
,2
,2
,2
,2
,2
,2
,2
,2
,2
,2
,2
,2
,2
,2
,2
,2
,2
,2
,2
,2
,2
,2
,2
,2
,2
,2
,2
,2
,2
,2
,2
,2
,2
,2
,2
,2
,2
,2
,2
,2
,2
,2
,2
,2
,2
,2
,2
,2
,2
,2
,2
,2
,2
,2
,2
,2
,2
,2
,2
,2
,2
,2
,2
,2
,2
,2
,2
,2
,2
,2
,2
,2
,2
,2
,2
,2
,2
,2
,2
,2
,2
,2
,2
,2
,2
,2
,2
,2
,2
,2
,2
,2
,2
,2
,2
,2
,2
,2
,2
,2
,2
,2
,2
,2
,2
,2
,2
,2
,2
,2
,2
,2
,2
,2
,2
,2
,2
,2
,2
,2
,2
,2
,2
,2
,2
,2
,2
,2
,2
,2
,2
,2
,2
,2
,2
,2
,2
,2
,2
,2
,2
,2
,2
,2
,2
,2
,2
,2
,2
,2
,2
,2
,2
,2
,2
,2
,2
,2
,2
,2
,2
,2
,2
,2
,2
,2
,2
,2
,2
,2
,2
,2
,2
,2
,2
,2
,2
,2
,2
,2
,2
,2
,2
,2
,2
,2
,2
,2
,2
,2
,2
,2
,2
,2
,2
,2
,2
,2
,2
,2
,2
,2
,2
,2
,2
,2
,2
,2
,2
,2
,2
,2
,2
,2
,2
,2
,2
,2
,2
,2
,2
,2
,2
,2
,2
,2
,2
,2
,2
,2
,2
,2
,2
,2
,2
,2
,2
,2
,2
,2
,2
,2
,2
,2
,2
,2
,2
,2
,2
,2
,2
,2
,2
,2
,2
,2
,2
,2
,2
,2
,2
,2
,2
,2
,2
,2
,2
,2
,2
,2
,2
,2
,2
,2
,2
,2
,2
,2
,2
,2
,2
,2
,2
,2
,2
,2
,2
,2
,2
,2
,2
,2
,2
,2
,2
,2
,2
,2
,2
,2
,2
,2
,2
,2
,2
,2
,2
,2
,2
,2
,2
,2
,2
,2
,2
,2
,2
,2
,2
,2
,2
,2
,2
,2
,2
,2
,2
,2
,2
,2
,2
,2
,2
,2
,2
,2
,2
,2
,2
,2
,2
,2
,2
,2
,2
,2
,2
,2
,2
,2
,2
,2
,2
,2
,2
,2
,2
,2
,2
,2
,2
,2
,2
,2
,2
,2
,2
,2
,2
,2
,2
,2
,2
,2
,2
,2
,2
,2
,2
,2
,2
,2
,2
,2
,2
,2
,2
,2
,2
,2
,2
,2
,2
,2
,2
,2
,2
,2
,2
,2
,2
,2
,2
,2
,2
,2
,2
,2
,2
,2
,2
,2
,2
,2
,2
,2
,2
,2
,2
,2
,2
,2
,2
,2
,2
,2
,2
,2
,2
,2
,2
,2
,2
,2
,2
,2
,2
,2
,2
,2
,2
,2
,2
,2
,2
,2
,2
,2
,2
,2
,2
,2
,2
,2
,2
,2
,2
,2
,2
,2
,2
,2
,2
,2
,2
,2
,2
,2
,2
,2
,2
,2
,2
,2
,2
,2
,2
,2
,2
,2
,2
,2
,2
,2
,2
,2
,2
,2
,2
,2
,2
,2
,2
,2
,2
,2
,2
,2
,2
,2
,2
,2
,2
,2
,2
,2
,2
,2
,2
,2
,2
,2
,2
,2
,2
,2
,2
,2
,2
,2
,2
,2
,2
,2
,2
,2
,2
,2
,2
,2
,2
,2
,2
,2
,2
,2
,2
,2
,2
,2
,2
,2
,2
,2
,2
,2
,2
,2
,2
,2
,2
,2
,2
,2
,2
,2
,2
,2
,2
,2
,2
,2
,2
,2
,2
,2
,2
,2
,2
,2
,2
,2
,2
,2
,2
,2
,2
,2
,2
,2
,2
,2
,2
,2
,2
,2
,2
,2
,2
,2
,2
,2
,2
,2
,2
,2
,2
,2
,2
,2
,2
,2
,2
,2
,2
,2
,2
,2
,2
,2
,2
,2
,2
,2
,2
,2
,2
,2
,2
,2
,2
,2
,2
,2
,2
,2
,2
,2
,2
,2
,2
,2
,2
,2
,2
,2
,2
,2
,2
,2
,2
,2
,2
,2
,2
,2
,2
,2
,2
,2
,2
,2
,2
,2
,2
,2
,2
,2
,2
,2
,2
,2
,2
,2
,2
,2
,2
,2
,2
,2
,2
,2
,2
,2
,2
,2
,2
,2
,2
,2
,2
,2
,2
,2
,2
,2
,2
,2
,2
,2
,2
,2
,2
,2
,2
,2
,2
,2
,2
,2
,2
,2
,2
,2
,2
,2
,2
,2
,2
,2
,2
,2
,2
,2
,2
,2
,2
,2
,2
,2
,2
,2
,2
,2
,2
,2
,2
,2
,2
,2
,2
,2
,2
,2
,2
,2
,2
,2
,2
,2
,2
,2
,2
,2
,2
,2
,2
,2
,2
,2
,2
,2
,2
,2
,2
,2
,2
,2
,2
,2
,2
,2
,2
,2
,2
,2
,2
,2
,2
,2
,2
,2
,2
,2
,2
,2
,2
,2
,2
,2
,2
,2
,2
,2
,2
,2
,3
,3
,3
,3
,3
,3
,3
,3
,3
,3
,3
,3
,3
,3
,3
,3
,3
,3
,3
,3
,3
,3
,3
,3
,3
,3
,3
,3
,3
,3
,3
,3
,3
,3
,3
,3
,3
,3
,3
,3
,3
,3
,3
,3
,3
,3
,3
,3
,3
,3
,3
,3
,3
,3
,3
,3
,3
,3
,3
,3
,3
,3
,3
,3
,3
,3
,3
,3
,3
,3
,3
,3
,3
,3
,3
,3
,3
,3
,3
,3
,3
,3
,3
,3
,3
,3
,3
,3
,3
,3
,3
,3
,3
,3
,3
,3
,3
,3
,3
,3
,3
,3
,3
,3
,3
,3
,3
,3
,3
,3
,3
,3
,3
,3
,3
,3
,3
,3
,3
,3
,3
,3
,3
,3
,3
,3
,3
,3
,3
,3
,3
,3
,3
,3
,3
,3
,3
,3
,3
,3
,3
,3
,3
,3
,3
,3
,3
,3
,3
,3
,3
,3
,3
,3
,3
,3
,3
,3
,3
,3
,3
,3
,3
,3
,3
,3
,3
,3
,3
,3
,3
,3
,3
,3
,3
,3
,3
,3
,3
,3
,3
,3
,3
,3
,3
,3
,3
,3
,3
,3
,3
,3
,3
,3
,3
,3
,3
,3
,3
,3
,3
,3
,3
,3
,3
,3
,3
,3
,3
,3
,3
,3
,3
,3
,3
,3
,3
,3
,3
,3
,3
,3
,3
,3
,3
,3
,3
,3
,3
,3
,3
,3
,3
,3
,3
,3
,3
,3
,3
,3
,3
,3
,3
,3
,3
,3
,3
,3
,3
,3
,3
,3
,3
,3
,3
,3
,3
,3
,3
,3
,3
,3
,3
,3
,3
,3
,3
,3
,3
,3
,3
,3
,3
,3
,3
,3
,3
,3
,3
,3
,3
,3
,3
,3
,3
,3
,3
,3
,3
,3
,3
,3
,3
,3
,3
,3
,3
,3
,3
,3
,3
,3
,3
,3
,3
,3
,3
,3
,3
,3
,3
,3
,3
,3
,3
,3
,3
,3
,3
,3
,3
,3
,3
,3
,3
,3
,3
,3
,3
,3
,3
,3
,3
,3
,3
,3
,3
,3
,3
,3
,3
,3
,3
,3
,3
,3
,3
,3
,3
,3
,3
,3
,3
,3
,3
,3
,3
,3
,3
,3
,3
,3
,3
,3
,3
,3
,3
,3
,3
,3
,3
,3
,3
,3
,3
,3
,3
,3
,3
,3
,3
,3
,3
,3
,3
,3
,3
,3
,3
,3
,3
,3
,3
,3
,3
,3
,3
,3
,3
,3
,3
,3
,3
,3
,3
,3
,3
,3
,3
,3
,3
,3
,3
,3
,3
,3
,3
,3
,3
,3
,3
,3
,3
,3
,3
,3
,3
,3
,3
,3
,3
,3
,3
,3
,3
,3
,3
,3
,3
,3
,3
,3
,3
,3
,3
,3
,3
,3
,3
,3
,3
,3
,3
,3
,3
,3
,3
,3
,3
,3
,3
,3
,3
,3
,3
,3
,3
,3
,3
,3
,3
,3
,3
,3
,3
,3
,3
,3
,3
,3
,3
,3
,3
,3
,3
,3
,3
,3
,3
,3
,3
,3
,3
,3
,3
,3
,3
,3
,3
,3
,3
,3
,3
,3
,3
,3
,3
,3
,3
,3
,3
,3
,3
,3
,3
,3
,3
,3
,3
,3
,3
,3
,3
,3
,3
,3
,3
,3
,3
,3
,3
,3
,3
,3
,3
,3
,3
,3
,3
,3
,3
,3
,3
,3
,3
,3
,3
,3
,3
,3
,3
,3
,3
,3
,3
,3
,3
,3
,3
,3
,3
,3
,3
,3
,3
,3
,3
,3
,3
,3
,3
,3
,3
,3
,3
,3
,3
,3
,3
,3
,3
,3
,3
,3
,3
,3
,3
,3
,3
,3
,3
,3
,3
,3
,3
,3
,3
,3
,3
,3
,3
,3
,3
,3
,3
,3
,3
,3
,3
,3
,3
,3
,3
,3
,3
,3
,3
,3
,3
,3
,3
,3
,3
,3
,3
,3
,3
,3
,3
,3
,3
,3
,3
,3
,3
,3
,3
,3
,3
,3
,3
,3
,3
,3
,3
,3
,3
,3
,3
,3
,3
,3
,3
,3
,3
,3
,3
,3
,3
,3
,3
,3
,3
,3
,3
,3
,3
,3
,3
,3
,3
,3
,3
,3
,3
,3
,3
,3
,3
,3
,3
,3
,3
,3
,3
,3
,3
,3
,3
,3
,3
,3
,3
,3
,3
,3
,3
,3
,3
,3
,3
,3
,3
,3
,3
,3
,3
,3
,3
,3
,3
,3
,3
,3
,3
,3
,3
,3
,3
,3
,3
,3
,3
,3
,3
,3
,3
,3
,3
,3
,3
,3
,3
,3
,3
,3
,3
,3
,3
,3
,3
,3
,3
,3
,3
,3
,3
,3
,3
,3
,3
,3
,3
,3
,3
,3
,3
,3
,3
,3
,3
,3
,3
,3
,3
,3
,3
,3
,3
,3
,3
,3
,3
,3
,3
,3
,3
,3
,3
,3
,3
,3
,3
,3
,3
,3
,3
,3
,3
,3
,3
,3
,3
,3
,3
,3
,3
,3
,3
,3
,3
,3
,3
,3
,3
,3
,3
,3
,3
,3
,3
,3
,3
,3
,3
,3
,3
,3
,3
,3
,3
,3
,3
,3
,3
,3
,3
,3
,3
,3
,3
,3
,3
,3
,3
,3
,3
,3
,3
,3
,3
,3
,3
,3
,3
,3
,3
,3
,3
,3
,3
,3
,3
,3
,3
,3
,3
,3
,3
,3
,3
,3
,3
,3
,3
,3
,3
,3
,3
,3
,3
,3
,3
,3
,3
,3
,3
,3
,3
,3
,3
,3
,3
,3
,3
,3
,3
,3
,3
,3
,3
,3
,3
,3
,3
,3
,3
,3
,3
,3
,3
,3
,3
,3
,3
,3
,3
,3
,3
,3
,3
,3
,3
,3
,3
,3
,3
,3
,3
,3
,3
,3
,3
,3
,3
,3
,3
,3
,3
,3
,3
,3
,3
,3
,3
,3
,3
,3
,3
,3
,3
,3
,3
,3
,3
,3
,3
,3
,3
,3
,3
,3
,3
,3
,3
,3
,3
,3
,3
,3
,3
,3
,3
,3
,3
,3
,3
,3
,3
,3
,3
,3
,3
,3
,3
,3
,3
,3
,3
,3
,3
,3
,3
,3
,3
,3
,3
,3
,3
,3
,3
,3
,3
,3
,3
,3
,3
,3
,3
,3
,3
,3
,3
,3
,3
,3
,3
,3
,3
,3
,3
,3
,3
,3
,3
,3
,3
,3
,3
,3
,3
,3
,3
,3
,3
,3
,3
,3
,3
,3
,3
,3
,3
,3
,3
,3
,3
,3
,3
,3
,3
,3
,3
,3
,3
,3
,3
,3
,3
,3
,3
,3
,3
,3
,3
,3
,3
,3
,3
,3
,3
,3
,3
,3
,3
,3
,3
,3
,3
,3
,3
,3
,3
,3
,3
,3
,3
,3
,3
,3
,3
,3
,3
,3
,3
,3
,3
,3
,3
,3
,3
,3
,3
,3
,3
,3
,3
,3
,3
,3
,3
,3
,3
,3
,3
,3
,3
,3
,3
,3
,3
,3
,3
,3
,3
,3
,3
,3
,3
,3
,3
,3
,3
,3
,3
,3
,3
,3
,3
,3
,3
,3
,3
,3
,3
,3
,3
,3
,3
,3
,3
,3
,3
,3
,3
,3
,3
,3
,3
,3
,3
,3
,3
,3
,3
,3
,3
,3
,3
,3
,3
,3
,3
,3
,3
,3
,3
,3
,3
,3
,3
,3
,3
,3
,3
,3
,3
,3
,3
,3
,3
,3
,3
,3
,3
,3
,3
,3
,3
,3
,3
,3
,3
,3
,3
,3
,3
,3
,3
,3
,3
,3
,3
,3
,3
,3
,3
,3
,3
,3
,3
,3
,3
,3
,3
,3
,3
,3
,3
,3
,3
,3
,3
,3
,3
,3
,3
,3
,3
,3
,3
,3
,3
,3
,3
,3
,3
,3
,3
,3
,3
,3
,3
,3
,3
,3
,3
,3
,3
,3
,3
,3
,3
,3
,3
,3
,3
,3
,3
,3
,3
,3
,3
,3
,3
,3
,3
,3
,3
,3
,3
,3
,3
,3
,3
,3
,3
,3
,3
,3
,3
,3
,3
,3
,3
,3
,3
,3
,3
,3
,3
,3
,3
,3
,3
,3
,3
,3
,3
,3
,3
,3
,3
,3
,3
,3
,3
,3
,3
,3
,3
,3
,3
,3
,3
,3
,3
,3
,3
,3
,3
,3
,3
,3
,3
,3
,3
,3
,3
,3
,3
,3
,3
,3
,3
,3
,3
,3
,3
,3
,3
,3
,3
,3
,3
,3
,3
,3
,3
,3
,3
,3
,3
,3
,3
,3
,3
,3
,3
,3
,3
,3
,3
,3
,3
,3
,3
,3
,3
,3
,3
,3
,3
,3
,3
,3
,3
,3
,3
,3
,3
,3
,3
,3
,3
,3
,3
,3
,3
,3
,3
,3
,3
,3
,3
,3
,3
,3
,3
,3
,3
,3
,3
,3
,3
,3
,3
,3
,3
,3
,3
,3
,3
,3
,3
,3
,3
,3
,3
,3
,3
,3
,3
,3
,3
,3
,3
,3
,3
,3
,3
,3
,3
,3
,3
,3
,3
,3
,3
,3
,3
,3
,3
,3
,3
,3
,3
,3
,3
,3
,3
,3
,3
,3
,3
,3
,3
,3
,3
,3
,3
,3
,3
,3
,3
,3
,3
,3
,3
,3
,3
,3
,3
,3
,3
,3
,3
,3
,3
,3
,3
,3
,3
,3
,3
,3
,3
,3
,3
,3
,3
,3
,3
,3
,3
,3
,3
,3
,3
,3
,3
,3
,3
,3
,3
,3
,3
,3
,3
,3
,3
,3
,3
,3
,3
,3
,3
,3
,3
,3
,3
,3
,3
,3
,3
,3
,3
,3
,3
,3
,3
,3
,3
,3
,3
,3
,3
,3
,3
,3
,3
,3
,3
,3
,3
,3
,3
,3
,3
,3
,3
,3
,3
,3
,3
,3
,3
,3
,3
,3
,3
,3
,3
,3
,3
,3
,3
,3
,3
,3
,3
,3
,3
,3
,3
,3
,3
,3
,3
,3
,3
,3
,3
,3
,3
,3
,3
,3
,3
,3
,3
,3
,3
,3
,3
,3
,3
,3
,3
,3
,3
,3
,3
,3
,3
,3
,3
,3
,3
,3
,3
,3
,3
,3
,3
,3
,3
,3
,3
,3
,3
,3
,3
,3
,3
,3
,3
,3
,3
,3
,3
,3
,3
,3
,3
,3
,3
,3
,3
,3
,3
,3
,3
,3
,3
,3
,3
,3
,3
,3
,3
,3
,3
,3
,3
,3
,3
,3
,3
,3
,3
,3
,3
,3
,3
,3
,3
,3
,3
,3
,3
,3
,3
,3
,3
,3
,3
,3
,3
,3
,3
,3
,3
,3
,3
,3
,3
,3
,3
,3
,3
,3
,3
,3
,3
,3
,3
,3
,3
,3
,3
,3
,3
,3
,3
,3
,3
,3
,3
,3
,3
,3
,3
,3
,3
,3
,3
,3
,3
,3
,3
,3
,3
,3
,3
,3
,3
,3
,3
,3
,3
,3
,3
,3
,3
,3
,3
,3
,3
,3
,3
,3
,3
,3
,3
,3
,3
,3
,3
,3
,3
,3
,3
,3
,3
,3
,3
,3
,3
,3
,3
,3
,3
,3
,3
,3
,3
,3
,3
,3
,3
,3
,3
,3
,3
,3
,3
,3
,3
,3
,3
,3
,3
,3
,3
,3
,3
,3
,3
,3
,3
,3
,3
,3
,3
,3
,3
,3
,3
,3
,3
,3
,3
,3
,3
,3
,3
,3
,3
,3
,3
,3
,3
,3
,3
,3
,3
,3
,3
,3
,3
,3
,3
,3
,3
,3
,3
,3
,3
,3
,3
,3
,3
,3
,3
,3
,3
,3
,3
,3
,3
,3
,3
,3
,3
,3
,3
,3
,3
,3
,3
,3
,3
,3
,3
,3
,3
,3
,3
,3
,3
,3
,3
,3
,3
,3
,3
,3
,3
,3
,3
,3
,3
,3
,3
,3
,3
,3
,3
,3
,3
,3
,3
,3
,3
,3
,3
,3
,3
,3
,3
,3
,3
,3
,3
,3
,3
,3
,3
,3
,3
,3
,3
,3
,3
,3
,3
,3
,3
,3
,3
,3
,3
,3
,3
,3
,3
,3
,3
,3
,3
,3
,3
,3
,3
,3
,3
,3
,3
,3
,3
,3
,3
,3
,3
,3
,3
,3
,3
,3
,3
,3
,3
,3
,3
,3
,3
,3
,3
,4
,4
,4
,4
,4
,4
,4
,4
,4
,4
,4
,4
,4
,4
,4
,4
,4
,4
,4
,4
,4
,4
,4
,4
,4
,4
,4
,4
,4
,4
,4
,4
,4
,4
,4
,4
,4
,4
,4
,4
,4
,4
,4
,4
,4
,4
,4
,4
,4
,4
,4
,4
,4
,4
,4
,4
,4
,4
,4
,4
,4
,4
,4
,4
,4
,4
,4
,4
,4
,4
,4
,4
,4
,4
,4
,4
,4
,4
,4
,4
,4
,4
,4
,4
,4
,4
,4
,4
,4
,4
,4
,4
,4
,4
,4
,4
,4
,4
,4
,4
,4
,4
,4
,4
,4
,4
,4
,4
,4
,4
,4
,4
,4
,4
,4
,4
,4
,4
,4
,4
,4
,4
,4
,4
,4
,4
,4
,4
,4
,4
,4
,4
,4
,4
,4
,4
,4
,4
,4
,4
,4
,4
,4
,4
,4
,4
,4
,4
,4
,4
,4
,4
,4
,4
,4
,4
,4
,4
,4
,4
,4
,4
,4
,4
,4
,4
,4
,4
,4
,4
,4
,4
,4
,4
,4
,4
,4
,4
,4
,4
,4
,4
,4
,4
,4
,4
,4
,4
,4
,4
,4
,4
,4
,4
,4
,4
,4
,4
,4
,4
,4
,4
,4
,4
,4
,4
,4
,4
,4
,4
,4
,4
,4
,4
,4
,4
,4
,4
,4
,4
,4
,4
,4
,4
,4
,4
,4
,4
,4
,4
,4
,4
,4
,4
,4
,4
,4
,4
,4
,4
,4
,4
,4
,4
,4
,4
,4
,4
,4
,4
,4
,4
,4
,4
,4
,4
,4
,4
,4
,4
,4
,4
,4
,4
,4
,4
,4
,4
,4
,4
,4
,4
,4
,4
,4
,4
,4
,4
,4
,4
,4
,4
,4
,4
,4
,4
,4
,4
,4
,4
,4
,4
,4
,4
,4
,4
,4
,4
,4
,4
,4
,4
,4
,4
,4
,4
,4
,4
,4
,4
,4
,4
,4
,4
,4
,4
,4
,4
,4
,4
,4
,4
,4
,4
,4
,4
,4
,4
,4
,4
,4
,4
,4
,4
,4
,4
,4
,4
,4
,4
,4
,4
,4
,4
,4
,4
,4
,4
,4
,4
,4
,4
,4
,4
,4
,4
,4
,4
,4
,4
,4
,4
,4
,4
,4
,4
,4
,4
,4
,4
,4
,4
,4
,4
,4
,4
,4
,4
,4
,4
,4
,4
,4
,4
,4
,4
,4
,4
,4
,4
,4
,4
,4
,4
,4
,4
,4
,4
,4
,4
,4
,4
,4
,4
,4
,4
,4
,4
,4
,4
,4
,4
,4
,4
,4
,4
,4
,4
,4
,4
,4
,4
,4
,4
,4
,4
,4
,4
,4
,4
,4
,4
,4
,4
,4
,4
,4
,4
,4
,4
,4
,4
,4
,4
,4
,4
,4
,4
,4
,4
,4
,4
,4
,4
,4
,4
,4
,4
,4
,4
,4
,4
,4
,4
,4
,4
,4
,4
,4
,4
,4
,4
,4
,4
,4
,4
,4
,4
,4
,4
,4
,4
,4
,4
,4
,4
,4
,4
,4
,4
,4
,4
,4
,4
,4
,4
,4
,4
,4
,4
,4
,4
,4
,4
,4
,4
,4
,4
,4
,4
,4
,4
,4
,4
,4
,4
,4
,4
,4
,4
,4
,4
,4
,4
,4
,4
,4
,4
,4
,4
,4
,4
,4
,4
,4
,4
,4
,4
,4
,4
,4
,4
,4
,4
,4
,4
,4
,4
,4
,4
,4
,4
,4
,4
,4
,4
,4
,4
,4
,4
,4
,4
,4
,4
,4
,4
,4
,4
,4
,4
,4
,4
,4
,4
,4
,4
,4
,4
,4
,4
,4
,4
,4
,4
,4
,4
,4
,4
,4
,4
,4
,4
,4
,4
,4
,4
,4
,4
,4
,4
,4
,4
,4
,4
,4
,4
,4
,4
,4
,4
,4
,4
,4
,4
,4
,4
,4
,4
,4
,4
,4
,4
,4
,4
,4
,4
,4
,4
,4
,4
,4
,4
,4
,4
,4
,4
,4
,4
,4
,4
,4
,4
,4
,4
,4
,4
,4
,4
,4
,4
,4
,4
,4
,4
,4
,4
,4
,4
,4
,4
,4
,4
,4
,4
,4
,4
,4
,4
,4
,4
,4
,4
,4
,4
,4
,4
,4
,4
,4
,4
,4
,4
,4
,4
,4
,4
,4
,4
,4
,4
,4
,4
,4
,4
,4
,4
,4
,4
,4
,4
,4
,4
,4
,4
,4
,4
,4
,4
,4
,4
,4
,4
,4
,4
,4
,4
,4
,4
,4
,4
,4
,4
,4
,4
,4
,4
,4
,4
,4
,4
,4
,4
,4
,4
,4
,4
,4
,4
,4
,4
,4
,4
,4
,4
,4
,4
,4
,4
,4
,4
,4
,4
,4
,4
,4
,4
,4
,4
,4
,4
,4
,4
,4
,4
,4
,4
,4
,4
,4
,4
,4
,4
,4
,4
,4
,4
,4
,4
,4
,4
,4
,4
,4
,4
,4
,4
,4
,4
,4
,4
,4
,4
,4
,4
,4
,4
,4
,4
,4
,4
,4
,4
,4
,4
,4
,4
,4
,4
,4
,4
,4
,4
,4
,4
,4
,4
,4
,4
,4
,4
,4
,4
,4
,4
,4
,4
,4
,4
,4
,4
,4
,4
,4
,4
,4
,4
,4
,4
,4
,4
,4
,4
,4
,4
,4
,4
,4
,4
,4
,4
,4
,4
,4
,4
,4
,4
,4
,4
,4
,4
,4
,4
,4
,4
,4
,4
,4
,4
,4
,4
,4
,4
,4
,4
,4
,4
,4
,4
,4
,4
,4
,4
,4
,4
,4
,4
,4
,4
,4
,4
,4
,4
,4
,4
,4
,4
,4
,4
,4
,4
,4
,4
,4
,4
,4
,4
,4
,4
,4
,4
,4
,4
,4
,4
,4
,4
,4
,4
,4
,4
,4
,4
,4
,4
,4
,4
,4
,4
,4
,4
,4
,4
,4
,4
,4
,4
,4
,4
,4
,4
,4
,4
,4
,4
,4
,4
,4
,4
,4
,4
,4
,4
,4
,4
,4
,4
,4
,4
,4
,4
,4
,4
,4
,4
,4
,4
,4
,4
,4
,4
,4
,4
,4
,4
,4
,4
,4
,4
,4
,4
,4
,4
,4
,4
,4
,4
,4
,4
,4
,4
,4
,4
,4
,4
,4
,4
,4
,4
,4
,4
,4
,4
,4
,4
,4
,4
,4
,4
,4
,4
,4
,4
,4
,4
,4
,4
,4
,4
,4
,4
,4
,4
,4
,4
,4
,4
,4
,4
,4
,4
,4
,4
,4
,4
,4
,4
,4
,4
,4
,4
,4
,4
,4
,4
,4
,4
,4
,4
,4
,4
,4
,4
,4
,4
,4
,4
,4
,4
,4
,4
,4
,4
,4
,4
,4
,4
,4
,4
,4
,4
,4
,4
,4
,4
,4
,4
,4
,4
,4
,4
,4
,4
,4
,4
,4
,4
,4
,4
,4
,4
,4
,4
,4
,4
,4
,4
,4
,4
,4
,4
,4
,4
,4
,4
,4
,4
,4
,4
,4
,4
,4
,4
,4
,4
,4
,4
,4
,4
,4
,4
,4
,4
,4
,4
,4
,4
,4
,4
,4
,4
,4
,4
,4
,4
,4
,4
,4
,4
,4
,4
,4
,4
,4
,4
,4
,4
,4
,4
,4
,4
,4
,4
,4
,4
,4
,4
,4
,4
,4
,4
,4
,4
,4
,4
,4
,4
,4
,4
,4
,4
,4
,4
,4
,4
,4
,4
,4
,4
,4
,4
,4
,4
,4
,4
,4
,4
,4
,4
,4
,4
,4
,4
,4
,4
,4
,4
,4
,4
,4
,4
,4
,4
,4
,4
,4
,4
,4
,4
,4
,4
,4
,4
,4
,4
,4
,4
,4
,4
,4
,4
,4
,4
,4
,4
,4
,4
,4
,4
,4
,4
,4
,4
,4
,4
,4
,4
,4
,4
,4
,4
,4
,4
,4
,4
,4
,4
,4
,4
,4
,4
,4
,4
,4
,4
,4
,4
,4
,4
,4
,5
,5
,5
,5
,5
,5
,5
,5
,5
,5
,5
,5
,5
,5
,5
,5
,5
,5
,5
,5
,5
,5
,5
,5
,5
,5
,5
,5
,5
,5
,5
,5
,5
,5
,5
,5
,5
,5
,5
,5
,5
,5
,5
,5
,5
,5
,5
,5
,5
,5
,5
,5
,5
,5
,5
,5
,5
,5
,5
,5
,5
,5
,5
,5
,5
,5
,5
,5
,5
,5
,5
,5
,5
,5
,5
,5
,5
,5
,5
,5
,5
,5
,5
,5
,5
,5
,5
,5
,5
,5
,5
,5
,5
,5
,5
,5
,5
,5
,5
,5
,5
,5
,5
,5
,5
,5
,5
,5
,5
,5
,5
,5
,5
,5
,5
,5
,5
,5
,5
,5
,5
,5
,5
,5
,5
,5
,5
,5
,5
,5
,5
,5
,5
,5
,5
,5
,5
,5
,5
,5
,5
,5
,5
,5
,5
,5
,5
,5
,5
,5
,5
,5
,5
,5
,5
,5
,5
,5
,5
,5
,5
,5
,5
,5
,5
,5
,5
,5
,5
,5
,5
,5
,5
,5
,5
,5
,5
,5
,5
,5
,5
,5
,5
,5
,5
,5
,5
,5
,5
,5
,5
,5
,5
,5
,5
,5
,5
,5
,5
,5
,5
,5
,5
,5
,5
,5
,5
,5
,5
,5
,5
,5
,5
,5
,5
,5
,5
,5
,5
,5
,5
,5
,5
,5
,5
,5
,5
,5
,5
,5
,5
,5
,5
,5
,5
,5
,5
,5
,5
,5
,5
,5
,5
,5
,5
,5
,5
,5
,5
,5
,5
,5
,5
,5
,5
,5
,5
,5
,5
,5
,5
,5
,5
,5
,5
,5
,5
,5
,5
,5
,5
,5
,5
,5
,5
,5
,5
,5
,5
,5
,5
,5
,5
,5
,5
,5
,5
,5
,5
,5
,5
,5
,5
,5
,5
,5
,5
,5
,5
,5
,5
,5
,5
,5
,5
,5
,5
,5
,5
,5
,5
,5
,5
,5
,5
,5
,5
,5
,5
,5
,5
,5
,5
,5
,5
,5
,5
,5
,5
,5
,5
,5
,5
,5
,5
,5
,5
,5
,5
,5
,5
,5
,5
,5
,5
,5
,5
,5
,5
,5
,5
,5
,5
,5
,5
,5
,5
,5
,5
,5
,5
,5
,5
,5
,5
,5
,5
,5
,5
,5
,5
,5
,5
,5
,5
,5
,5
,5
,5
,5
,5
,5
,5
,5
,5
,5
,5
,5
,5
,5
,5
,5
,5
,5
,5
,5
,5
,5
,5
,5
,5
,5
,5
,5
,5
,5
,5
,5
,5
,5
,5
,5
,5
,5
,5
,5
,5
,5
,5
,5
,5
,5
,5
,5
,5
,5
,5
,5
,5
,5
,5
,5
,5
,5
,5
,5
,5
,5
,5
,5
,5
,5
,5
,5
,5
,5
,5
,5
,5
,5
,5
,5
,5
,5
,5
,5
,5
,5
,5
,5
,5
,5
,5
,5
,5
,5
,5
,5
,5
,5
,5
,5
,5
,5
,5
,5
,5
,5
,5
,5
,5
,5
,5
,5
,5
,5
,5
,5
,5
,5
,5
,5
,5
,5
,5
,5
,5
,5
,5
,5
,5
,5
,5
,5
,5
,5
,5
,5
,5
,5
,5
,5
,5
,5
,5
,5
,5
,5
,5
,5
,5
,5
,5
,5
,5
,5
,5
,5
,5
,5
,5
,5
,5
,5
,5
,5
,5
,5
,5
,5
,5
,5
,5
,5
,5
,5
,5
,5
,5
,5
,5
,5
,5
,5
,5
,5
,5
,5
,5
,5
,5
,5
,5
,5
,5
,5
,5
,5
,5
,5
,5
,5
,5
,5
,5
,5
,5
,5
,5
,5
,5
,5
,5
,5
,5
,5
,5
,5
,5
,5
,5
,5
,5
,5
,5
,5
,5
,5
,5
,5
,5
,5
,5
,5
,5
,5
,5
,5
,5
,5
,5
,5
,5
,5
,5
,5
,5
,5
,5
,5
,5
,5
,5
,5
,5
,5
,5
,5
,5
,5
,5
,5
,5
,5
,5
,5
,5
,5
,5
,5
,5
,5
,5
,5
,5
,5
,5
,5
,5
,5
,5
,5
,5
,5
,5
,5
,5
,5
,5
,5
,5
,5
,5
,5
,5
,5
,5
,5
,5
,5
,5
,5
,5
,5
,5
,5
,5
,5
,5
,5
,5
,5
,5
,5
,5
,5
,5
,5
,6
,6
,6
,6
,6
,6
,6
,6
,6
,6
,6
,6
,6
,6
,6
,6
,6
,6
,6
,6
,6
,6
,6
,6
,6
,6
,6
,6
,6
,6
,6
,6
,6
,6
,6
,6
,6
,6
,6
,6
,6
,6
,6
,6
,6
,6
,6
,6
,6
,6
,6
,6
,6
,6
,6
,6
,6
,6
,6
,6
,6
,6
,6
,6
,6
,6
,6
,6
,6
,6
,6
,6
,6
,6
,6
,6
,6
,6
,6
,6
,6
,6
,6
,6
,6
,6
,6
,6
,6
,6
,6
,6
,6
,6
,6
,6
,6
,6
,6
,6
,6
,6
,6
,6
,6
,6
,6
,6
,6
,6
,6
,6
,6
,6
,6
,6
,6
,6
,6
,6
,6
,6
,6
,6
,6
,6
,6
,6
,6
,6
,6
,6
,6
,6
,6
,6
,6
,6
,6
,6
,6
,6
,6
,6
,6
,6
,6
,6
,6
,6
,6
,6
,6
,6
,6
,6
,6
,6
,6
,6
,6
,6
,6
,6
,6
,6
,6
,6
,6
,6
,6
,6
,6
,6
,6
,6
,6
,6
,6
,6
,6
,6
,6
,6
,6
,6
,6
,6
,6
,6
,6
,6
,6
,6
,6
,6
,6
,6
,6
,6
,6
,6
,6
,6
,6
,6
,6
,6
,6
,6
,6
,6
,6
,6
,6
,6
,6
,6
,6
,6
,6
,6
,6
,6
,6
,6
,6
,6
,6
,6
,6
,6
,6
,6
,6
,6
,6
,6
,6
,6
,6
,6
,6
,6
,6
,6
,6
,6
,6
,6
,6
,6
,6
,6
,6
,6
,6
,6
,6
,6
,6
,6
,6
,6
,6
,6
,6
,6
,6
,6
,6
,6
,6
,6
,6
,6
,6
,6
,6
,6
,6
,6
,6
,6
,6
,6
,6
,6
,6
,6
,6
,6
,6
,6
,6
,6
,6
,6
,6
,6
,6
,6
,6
,6
,6
,6
,6
,6
,6
,6
,6
,6
,6
,6
,6
,6
,6
,6
,6
,6
,6
,6
,6
,6
,6
,6
,6
,6
,6
,6
,6
,6
,6
,6
,6
,6
,6
,6
,6
,6
,6
,6
,6
,6
,6
,6
,6
,6
,6
,6
,6
,7
,7
,7
,7
,7
,7
,7
,7
,7
,7
,7
,7
,7
,7
,7
,7
,7
,7
,7
,7
,7
,7
,7
,7
,7
,7
,7
,7
,7
,7
,7
,7
,7
,7
,7
,7
,7
,7
,7
,7
,7
,7
,7
,7
,7
,7
,7
,7
,7
,7
,7
,7
,7
,7
,7
,7
,7
,7
,7
,7
,7
,7
,7
,7
,7
,7
,7
,7
,7
,7
,7
,7
,7
,7
,7
,7
,7
,7
,7
,7
,7
,7
,7
,7
,7
,7
,7
,7
,7
,7
,7
,7
,7
,7
,7
,7
,7
,7
,7
,7
,7
,7
,7
,7
,7
,7
,7
,7
,7
,7
,7
,7
,7
,7
,7
,7
,7
,7
,7
,7
,7
,7
,7
,7
,7
,7
,7
,7
,7
,7
,7
,7
,7
,7
,7
,7
,7
,7
,7
,7
,7
,7
,7
,7
,7
,7
,7
,7
,7
,7
,7
,7
,7
,7
,7
,7
,7
,7
,7
,7
,7
,7
,7
,7
,7
,7
,7
,7
,7
,7
,7
,7
,7
,7
,7
,7
,7
,7
,7
,7
,7
,7
,7
,7
,7
,7
,7
,7
,7
,7
,7
,7
,7
,7
,7
,7
,7
,7
,7
,7
,7
,7
,7
,7
,7
,7
,7
,7
,7
,7
,7
,7
,7
,7
,7
,7
,7
,8
,8
,8
,8
,8
,8
,8
,8
,8
,8
,8
,8
,8
,8
,8
,8
,8
,8
,8
,8
,8
,8
,8
,8
,8
,8
,8
,8
,8
,8
,8
,8
,8
,8
,8
,8
,8
,8
,8
,8
,8
,8
,8
,8
,8
,8
,8
,8
,8
,8
,8
,8
,8
,8
,8
,8
,8
,8
,8
,8
,8
,8
,8
,8
,8
,8
,8
,8
,8
,8
,8
,8
,8
,8
,8
,8
,8
,8
,8
,8
,8
,8
,8
,8
,8
,8
,8
,8
,8
,8
,8
,8
,8
,8
,8
,8
,8
,8
,8
,8
,8
,8
,8
,8
,8
,8
,8
,8
,8
,8
,8
,8
,8
,8
,8
,8
,8
,8
,8
,8
,8
,9
,9
,9
,9
,9
,9
,9
,9
,9
,9
,9
,9
,9
,9
,9
,9
,9
,9
,9
,9
,9
,9
,9
,9
,9
,9
,9
,9
,9
,9
,9
,9
,9
,9
,9
,9
,9
,9
,9
,9
,9
,9
,9
,9
,9
,9
,9
,9
,9
,9
,9
,9
,9
,9
,9
,9
,9
,9
,9
,10
,10
,10
,10
,10
,10
,10
,10
,10
,10
,10
,10
,10
,10
,10
,10
,10
,10
,10
,10
,10
,10
,10
,10
,10
,10
,10
,10
,10
,10
,10
,10
,10
,10
,10
,10
,10
,10
,11
,11
,11
,11
,11
,11
,11
,11
,11
,11
,11
,11
,11
,11
,11
,11
,11
,11
,11
,11
,11
,11
,11
,11
,11
,11
,11
,11
,11
,11
,11
,11
,11
,11
,11
,11
,12
,12
,12
,12
,12
,12
,12
,12
,12
,12
,12
,12
,12
,12
,12
,12
,12
,12
,12
,12
,12
,12
,13
,13
,13
,13
,13
,13
,14
,14
,14
,14
,14
,14
,14
,14
,14
,14
,14
,14
,15
,15
,15
,15
,15
,15
,15
,15
,16
,16
,16
,16
,16
,16
,16
,16
,16
,17
,17
,17
,18
,18
,18
,18
,18
,18
,19
,20
,20
,20
,20
,20
,21
,21
,23
,24
,25
,25
,28
,35
,35
,48
