start_row,end_row,match_length,a_count,b_count
420,421,2,1,1
728,729,2,1,1
1054,1055,2,1,1
1341,1343,3,2,1
1395,1397,3,1,2
1536,1537,2,1,1
1815,1816,2,1,1
1985,1987,3,1,2
2026,2027,2,1,1
2031,2035,5,1,4
2049,2051,3,1,2
2068,2069,2,1,1
2072,2074,3,1,2
2094,2095,2,1,1
2260,2262,3,1,2
2290,2291,2,1,1
2319,2320,2,1,1
2331,2332,2,1,1
2360,2361,2,1,1
2375,2376,2,1,1
2381,2382,2,1,1
2391,2392,2,1,1
2413,2414,2,1,1
2434,2435,2,1,1
2442,2447,6,1,5
2566,2567,2,1,1
2568,2569,2,1,1
2573,2576,4,1,3
2594,2598,5,1,4
2616,2617,2,1,1
2619,2621,3,2,1
2642,2644,3,1,2
2645,2647,3,2,1
2653,2658,6,1,5
2702,2706,5,1,4
2707,2709,3,2,1
2713,2714,2,1,1
2715,2719,5,1,4
2720,2723,4,3,1
2724,2725,2,1,1
2735,2737,3,1,2
2743,2746,4,1,3
2750,2752,3,1,2
2756,2757,2,1,1
2758,2763,6,1,5
2768,2773,6,1,5
2796,2797,2,1,1
2798,2800,3,1,2
2801,2803,3,1,2
2804,2806,3,1,2
2812,2817,6,1,5
2818,2819,2,1,1
2830,2831,2,1,1
2834,2835,2,1,1
2838,2839,2,1,1
2845,2849,5,4,1
2859,2862,4,1,3
2899,2901,3,1,2
2913,2914,2,1,1
2924,2925,2,1,1
2926,2927,2,1,1
2928,2929,2,1,1
2931,2932,2,1,1
2940,2942,3,1,2
2943,2945,3,1,2
2946,2947,2,1,1
2948,2951,4,3,1
2955,2956,2,1,1
2957,2965,9,5,4
2966,2969,4,1,3
2976,2980,5,4,1
2981,2983,3,1,2
2991,2992,2,1,1
2995,2997,3,2,1
3003,3005,3,2,1
3006,3010,5,1,4
3011,3013,3,1,2
3018,3025,8,1,7
3026,3027,2,1,1
3028,3030,3,1,2
3034,3037,4,3,1
3038,3039,2,1,1
3059,3061,3,1,2
3071,3074,4,2,2
3075,3077,3,2,1
3078,3096,19,1,18
3097,3099,3,1,2
3127,3128,2,1,1
3130,3137,8,5,3
3142,3144,3,1,2
3151,3157,7,6,1
3158,3159,2,1,1
3165,3167,3,1,2
3177,3183,7,3,4
3187,3188,2,1,1
3196,3198,3,1,2
3199,3202,4,1,3
3203,3204,2,1,1
3206,3207,2,1,1
3213,3216,4,3,1
3229,3230,2,1,1
3236,3237,2,1,1
3241,3246,6,3,3
3266,3268,3,2,1
3278,3280,3,1,2
3281,3285,5,1,4
3286,3289,4,2,2
3292,3294,3,2,1
3312,3318,7,5,2
3320,3321,2,1,1
3328,3331,4,1,3
3339,3340,2,1,1
3341,3343,3,1,2
3352,3353,2,1,1
3359,3364,6,4,2
3365,3366,2,1,1
3367,3368,2,1,1
3378,3379,2,1,1
3380,3382,3,1,2
3385,3390,6,1,5
3395,3396,2,1,1
3397,3398,2,1,1
3409,3410,2,1,1
3411,3412,2,1,1
3413,3414,2,1,1
3418,3426,9,7,2
3428,3430,3,1,2
3431,3436,6,1,5
3437,3441,5,1,4
3445,3446,2,1,1
3449,3450,2,1,1
3467,3468,2,1,1
3491,3494,4,1,3
3495,3497,3,2,1
3498,3502,5,2,3
3503,3504,2,1,1
3506,3507,2,1,1
3510,3512,3,2,1
3522,3524,3,1,2
3531,3536,6,1,5
3545,3548,4,1,3
3560,3564,5,4,1
3567,3568,2,1,1
3576,3581,6,2,4
3585,3586,2,1,1
3588,3591,4,2,2
3592,3593,2,1,1
3594,3596,3,2,1
3598,3599,2,1,1
3600,3604,5,2,3
3605,3608,4,1,3
3612,3615,4,3,1
3616,3619,4,3,1
3623,3624,2,1,1
3625,3626,2,1,1
3627,3629,3,2,1
3631,3633,3,2,1
3635,3637,3,2,1
3641,3645,5,1,4
3671,3672,2,1,1
3673,3675,3,2,1
3676,3680,5,2,3
3682,3683,2,1,1
3687,3689,3,2,1
3694,3696,3,1,2
3701,3702,2,1,1
3708,3709,2,1,1
3710,3711,2,1,1
3723,3724,2,1,1
3736,3739,4,1,3
3742,3746,5,1,4
3752,3757,6,2,4
3759,3762,4,1,3
3775,3776,2,1,1
3777,3779,3,2,1
3780,3783,4,1,3
3788,3791,4,3,1
3795,3798,4,1,3
3800,3804,5,1,4
3805,3807,3,1,2
3819,3821,3,1,2
3822,3827,6,1,5
3832,3836,5,1,4
3837,3840,4,1,3
3845,3848,4,1,3
3849,3852,4,2,2
3855,3856,2,1,1
3857,3860,4,1,3
3868,3870,3,1,2
3881,3882,2,1,1
3896,3898,3,1,2
3905,3908,4,3,1
3909,3911,3,2,1
3912,3917,6,1,5
3946,3948,3,2,1
3949,3957,9,1,8
3967,3970,4,2,2
3973,3977,5,2,3
3984,3985,2,1,1
3986,3987,2,1,1
3988,3989,2,1,1
3990,3992,3,1,2
4019,4023,5,2,3
4024,4025,2,1,1
4026,4029,4,2,2
4034,4036,3,1,2
4037,4042,6,1,5
4045,4046,2,1,1
4047,4050,4,3,1
4066,4068,3,1,2
4077,4078,2,1,1
4081,4084,4,1,3
4097,4098,2,1,1
4107,4109,3,2,1
4112,4113,2,1,1
4118,4119,2,1,1
4123,4126,4,1,3
4127,4130,4,1,3
4148,4150,3,1,2
4161,4164,4,1,3
4165,4171,7,2,5
4172,4173,2,1,1
4176,4177,2,1,1
4178,4179,2,1,1
4198,4203,6,3,3
4204,4208,5,1,4
4211,4219,9,4,5
4220,4222,3,2,1
4235,4236,2,1,1
4250,4251,2,1,1
4252,4258,7,3,4
4259,4260,2,1,1
4261,4265,5,4,1
4273,4274,2,1,1
4275,4276,2,1,1
4278,4280,3,2,1
4305,4308,4,3,1
4309,4310,2,1,1
4319,4321,3,1,2
4322,4323,2,1,1
4325,4327,3,1,2
4328,4330,3,1,2
4348,4351,4,2,2
4352,4353,2,1,1
4359,4364,6,3,3
4365,4368,4,1,3
4369,4374,6,5,1
4375,4376,2,1,1
4377,4378,2,1,1
4403,4406,4,2,2
4417,4420,4,1,3
4447,4448,2,1,1
4449,4455,7,3,4
4456,4458,3,2,1
4464,4467,4,1,3
4468,4471,4,3,1
4472,4474,3,1,2
4475,4477,3,1,2
4478,4486,9,2,7
4487,4490,4,3,1
4491,4492,2,1,1
4501,4502,2,1,1
4516,4526,11,3,8
4527,4536,10,9,1
4537,4539,3,1,2
4540,4542,3,1,2
4552,4555,4,3,1
4556,4557,2,1,1
4798,4802,5,2,3
4804,4807,4,1,3
4815,4816,2,1,1
4825,4826,2,1,1
4827,4828,2,1,1
4853,4855,3,2,1
4861,4862,2,1,1
4866,4867,2,1,1
4894,4895,2,1,1
4903,4904,2,1,1
4905,4906,2,1,1
5374,5376,3,1,2
5613,5614,2,1,1
5615,5619,5,2,3
5620,5621,2,1,1
6437,6439,3,1,2
6448,6449,2,1,1
6740,6742,3,1,2
6743,6749,7,6,1
6750,6751,2,1,1
7349,7352,4,2,2
7414,7423,10,1,9
7687,7688,2,1,1
7689,7690,2,1,1
8138,8141,4,1,3
8789,8793,5,2,3
9094,9096,3,1,2
9112,9113,2,1,1
9114,9116,3,1,2
9121,9126,6,5,1
9127,9128,2,1,1
9129,9130,2,1,1
9131,9134,4,1,3
9273,9276,4,3,1
9277,9279,3,1,2
9280,9281,2,1,1
9288,9290,3,1,2
9296,9298,3,2,1
9299,9301,3,1,2
9345,9349,5,4,1
9354,9357,4,3,1
9367,9369,3,1,2
9370,9371,2,1,1
9373,9374,2,1,1
9375,9377,3,2,1
9380,9381,2,1,1
9414,9420,7,6,1
9423,9424,2,1,1
9456,9457,2,1,1
9479,9481,3,1,2
9482,9484,3,2,1
9488,9489,2,1,1
9491,9493,3,1,2
9507,9508,2,1,1
9509,9510,2,1,1
9526,9527,2,1,1
9606,9608,3,2,1
9609,9610,2,1,1
9611,9612,2,1,1
9660,9661,2,1,1
9663,9664,2,1,1
9669,9670,2,1,1
9686,9689,4,2,2
9696,9697,2,1,1
9698,9699,2,1,1
9708,9728,21,6,15
9744,9752,9,7,2
9753,9755,3,1,2
9756,9784,29,1,28
9807,9810,4,3,1
9811,9815,5,4,1
9818,9819,2,1,1
9820,9821,2,1,1
9822,9824,3,1,2
9825,9829,5,4,1
9830,9831,2,1,1
9833,9834,2,1,1
9835,9837,3,1,2
9856,9858,3,1,2
9859,9861,3,1,2
9867,9868,2,1,1
9869,9870,2,1,1
9872,9873,2,1,1
9874,9875,2,1,1
11297,11298,2,1,1
11368,11369,2,1,1
11385,11386,2,1,1
11388,11389,2,1,1
11450,11451,2,1,1
11459,11460,2,1,1
11468,11469,2,1,1
11473,11474,2,1,1
11510,11511,2,1,1
11513,11515,3,2,1
11588,11591,4,2,2
11599,11600,2,1,1
11608,11610,3,2,1
11676,11678,3,1,2
11691,11693,3,2,1
11720,11722,3,1,2
11732,11733,2,1,1
11734,11735,2,1,1
11764,11767,4,2,2
11768,11770,3,1,2
11771,11773,3,1,2
11780,11781,2,1,1
11786,11790,5,1,4
11840,11843,4,1,3
11859,11862,4,2,2
11885,11888,4,1,3
11889,11890,2,1,1
11891,11893,3,2,1
11916,11920,5,3,2
11937,11939,3,1,2
11955,11956,2,1,1
11958,11959,2,1,1
11968,11969,2,1,1
11970,11971,2,1,1
11974,11977,4,2,2
11990,11992,3,2,1
12006,12007,2,1,1
12016,12017,2,1,1
12027,12032,6,1,5
12034,12035,2,1,1
12042,12043,2,1,1
12045,12046,2,1,1
12047,12051,5,3,2
12055,12056,2,1,1
12058,12059,2,1,1
12060,12062,3,2,1
12074,12077,4,2,2
12087,12088,2,1,1
12096,12099,4,1,3
12100,12101,2,1,1
12109,12112,4,1,3
12122,12123,2,1,1
12126,12127,2,1,1
12148,12151,4,3,1
12163,12164,2,1,1
12174,12175,2,1,1
12180,12182,3,1,2
12183,12186,4,2,2
12194,12195,2,1,1
12204,12205,2,1,1
12223,12226,4,1,3
12227,12232,6,2,4
12236,12239,4,2,2
12245,12246,2,1,1
12248,12250,3,2,1
12254,12256,3,1,2
12277,12280,4,3,1
12295,12296,2,1,1
12313,12314,2,1,1
12318,12320,3,1,2
12329,12331,3,2,1
12352,12354,3,1,2
12359,12361,3,2,1
12367,12368,2,1,1
12369,12370,2,1,1
12374,12375,2,1,1
12389,12393,5,2,3
12399,12400,2,1,1
12403,12407,5,1,4
12418,12419,2,1,1
12439,12440,2,1,1
12449,12450,2,1,1
12451,12457,7,2,5
12458,12461,4,2,2
12480,12481,2,1,1
12489,12490,2,1,1
12501,12503,3,2,1
12517,12518,2,1,1
12530,12531,2,1,1
12545,12546,2,1,1
12557,12558,2,1,1
12563,12565,3,2,1
12585,12587,3,2,1
12588,12590,3,2,1
12603,12604,2,1,1
12607,12609,3,1,2
12627,12629,3,1,2
12649,12650,2,1,1
12664,12665,2,1,1
12678,12679,2,1,1
12680,12681,2,1,1
12697,12698,2,1,1
12701,12704,4,1,3
12706,12707,2,1,1
12708,12709,2,1,1
12725,12726,2,1,1
12734,12735,2,1,1
12745,12748,4,3,1
12763,12765,3,2,1
12779,12780,2,1,1
12789,12790,2,1,1
12793,12794,2,1,1
12809,12813,5,1,4
12818,12820,3,1,2
12853,12854,2,1,1
12856,12857,2,1,1
12862,12863,2,1,1
12879,12880,2,1,1
12881,12884,4,3,1
12889,12892,4,1,3
12893,12902,10,9,1
12903,12905,3,2,1
12906,12911,6,5,1
12912,12919,8,1,7
13047,13049,3,1,2
13120,13121,2,1,1
13167,13169,3,1,2
13172,13178,7,1,6
13191,13192,2,1,1
13208,13209,2,1,1
13217,13218,2,1,1
13226,13228,3,1,2
13229,13231,3,1,2
13239,13241,3,2,1
13307,13309,3,1,2
13338,13339,2,1,1
13366,13368,3,2,1
13386,13388,3,2,1
13391,13392,2,1,1
13409,13410,2,1,1
13420,13422,3,2,1
13423,13426,4,3,1
13443,13446,4,2,2
13449,13450,2,1,1
13455,13457,3,1,2
13482,13484,3,2,1
13527,13528,2,1,1
13556,13557,2,1,1
13582,13584,3,1,2
13587,13589,3,2,1
13604,13609,6,2,4
13610,13613,4,1,3
13619,13620,2,1,1
13625,13626,2,1,1
13642,13643,2,1,1
13647,13650,4,1,3
13667,13669,3,2,1
13712,13713,2,1,1
13714,13717,4,3,1
13761,13763,3,1,2
13778,13780,3,1,2
13790,13794,5,3,2
13808,13811,4,1,3
13812,13815,4,1,3
13850,13857,8,5,3
13879,13880,2,1,1
13891,13893,3,2,1
13899,13902,4,3,1
13923,13924,2,1,1
13975,13977,3,1,2
14016,14021,6,1,5
14049,14051,3,1,2
14057,14060,4,1,3
14067,14068,2,1,1
14103,14105,3,1,2
14111,14115,5,3,2
14118,14119,2,1,1
14125,14129,5,3,2
14136,14139,4,1,3
14144,14146,3,1,2
14159,14162,4,1,3
14168,14169,2,1,1
14188,14190,3,1,2
14195,14196,2,1,1
14197,14199,3,2,1
14201,14203,3,2,1
14221,14222,2,1,1
14223,14224,2,1,1
14228,14229,2,1,1
14238,14239,2,1,1
14240,14244,5,2,3
14251,14254,4,2,2
14261,14262,2,1,1
14263,14264,2,1,1
14303,14305,3,2,1
14330,14331,2,1,1
14348,14350,3,2,1
14379,14381,3,1,2
14392,14394,3,1,2
14401,14403,3,2,1
14410,14414,5,1,4
14440,14442,3,1,2
14446,14447,2,1,1
14472,14475,4,1,3
14477,14479,3,1,2
14489,14490,2,1,1
14542,14546,5,2,3
14566,14567,2,1,1
14568,14569,2,1,1
14583,14584,2,1,1
14587,14590,4,1,3
14596,14598,3,2,1
14643,14646,4,2,2
14649,14650,2,1,1
14659,14660,2,1,1
14661,14662,2,1,1
14676,14679,4,3,1
14682,14683,2,1,1
14686,14688,3,1,2
14711,14712,2,1,1
14728,14730,3,2,1
14749,14750,2,1,1
14764,14766,3,1,2
14769,14770,2,1,1
14786,14788,3,1,2
14791,14792,2,1,1
14801,14803,3,1,2
14821,14822,2,1,1
14849,14851,3,1,2
14931,14937,7,1,6
14966,14968,3,1,2
14978,14979,2,1,1
14984,14985,2,1,1
15008,15010,3,2,1
15030,15032,3,2,1
15044,15047,4,3,1
15055,15057,3,1,2
15073,15075,3,2,1
15085,15086,2,1,1
15098,15101,4,1,3
15116,15117,2,1,1
15122,15123,2,1,1
15152,15153,2,1,1
15154,15157,4,2,2
15167,15168,2,1,1
15170,15171,2,1,1
15197,15200,4,2,2
15232,15233,2,1,1
15243,15244,2,1,1
15251,15252,2,1,1
15253,15255,3,2,1
15260,15265,6,1,5
15280,15281,2,1,1
15282,15283,2,1,1
15290,15291,2,1,1
15305,15306,2,1,1
15325,15326,2,1,1
15333,15334,2,1,1
15344,15347,4,1,3
15348,15350,3,1,2
15351,15353,3,1,2
15354,15355,2,1,1
15377,15380,4,3,1
15381,15382,2,1,1
15415,15417,3,1,2
15432,15433,2,1,1
15435,15436,2,1,1
15447,15448,2,1,1
15492,15493,2,1,1
15506,15507,2,1,1
15515,15517,3,1,2
15519,15520,2,1,1
15536,15537,2,1,1
15579,15580,2,1,1
15585,15586,2,1,1
15588,15589,2,1,1
15612,15613,2,1,1
15625,15626,2,1,1
15639,15641,3,1,2
15645,15646,2,1,1
15647,15648,2,1,1
15650,15652,3,1,2
15671,15674,4,2,2
15697,15699,3,1,2
15704,15707,4,2,2
15722,15723,2,1,1
15729,15733,5,1,4
15762,15763,2,1,1
15766,15767,2,1,1
15768,15769,2,1,1
15788,15790,3,1,2
15799,15800,2,1,1
15811,15813,3,2,1
15820,15821,2,1,1
15825,15826,2,1,1
15844,15845,2,1,1
15859,15860,2,1,1
15861,15863,3,2,1
15874,15877,4,3,1
15883,15885,3,2,1
15911,15912,2,1,1
15923,15924,2,1,1
15930,15937,8,1,7
15955,15957,3,2,1
15965,15966,2,1,1
15973,15974,2,1,1
15982,15983,2,1,1
16003,16005,3,2,1
16016,16017,2,1,1
16018,16019,2,1,1
16025,16028,4,2,2
16029,16032,4,2,2
16059,16060,2,1,1
16087,16090,4,1,3
16095,16096,2,1,1
16103,16104,2,1,1
16119,16120,2,1,1
16121,16122,2,1,1
16144,16146,3,1,2
16156,16159,4,1,3
16167,16170,4,3,1
16197,16198,2,1,1
16248,16251,4,2,2
16278,16280,3,2,1
16293,16294,2,1,1
16336,16337,2,1,1
16346,16347,2,1,1
16366,16373,8,2,6
16405,16408,4,2,2
16416,16417,2,1,1
16450,16452,3,1,2
16471,16472,2,1,1
16504,16507,4,1,3
16511,16512,2,1,1
16513,16514,2,1,1
16515,16517,3,1,2
16550,16556,7,1,6
16560,16561,2,1,1
16563,16565,3,1,2
16566,16567,2,1,1
16592,16593,2,1,1
16599,16602,4,2,2
16631,16633,3,2,1
16636,16637,2,1,1
16650,16652,3,2,1
16697,16699,3,1,2
16711,16713,3,1,2
16714,16715,2,1,1
16716,16718,3,2,1
16730,16731,2,1,1
16739,16740,2,1,1
16753,16757,5,1,4
16760,16761,2,1,1
16770,16772,3,2,1
16780,16781,2,1,1
16803,16804,2,1,1
16819,16821,3,1,2
16823,16825,3,1,2
16843,16844,2,1,1
16859,16860,2,1,1
16865,16866,2,1,1
16869,16871,3,1,2
16906,16907,2,1,1
16922,16924,3,2,1
16951,16952,2,1,1
16960,16962,3,1,2
16964,16966,3,1,2
16976,16977,2,1,1
16978,16980,3,1,2
17000,17001,2,1,1
17002,17003,2,1,1
17006,17007,2,1,1
17020,17021,2,1,1
17025,17026,2,1,1
17048,17049,2,1,1
17058,17059,2,1,1
17064,17067,4,1,3
17087,17089,3,2,1
17122,17123,2,1,1
17136,17137,2,1,1
17138,17139,2,1,1
17172,17173,2,1,1
17187,17188,2,1,1
17204,17207,4,3,1
17294,17295,2,1,1
17306,17310,5,3,2
17317,17319,3,1,2
17342,17343,2,1,1
17362,17363,2,1,1
17367,17370,4,2,2
17393,17394,2,1,1
17417,17418,2,1,1
17441,17442,2,1,1
17448,17449,2,1,1
17457,17458,2,1,1
17465,17467,3,1,2
17482,17484,3,1,2
17490,17492,3,2,1
17513,17517,5,2,3
17530,17531,2,1,1
17543,17544,2,1,1
17545,17546,2,1,1
17574,17575,2,1,1
17576,17577,2,1,1
17580,17582,3,1,2
17597,17598,2,1,1
17603,17604,2,1,1
17607,17610,4,1,3
17766,17767,2,1,1
17859,17860,2,1,1
17887,17889,3,1,2
17982,17983,2,1,1
18149,18151,3,2,1
18164,18165,2,1,1
18430,18431,2,1,1
18460,18464,5,1,4
18476,18477,2,1,1
18478,18479,2,1,1
18480,18481,2,1,1
18671,18675,5,1,4
18676,18677,2,1,1
18678,18680,3,1,2
18681,18686,6,1,5
18688,18690,3,1,2
18694,18697,4,1,3
18707,18708,2,1,1
18714,18716,3,1,2
18717,18719,3,1,2
18737,18738,2,1,1
18739,18743,5,1,4
18759,18761,3,1,2
18777,18779,3,1,2
18851,18853,3,1,2
18876,18878,3,1,2
18899,18901,3,2,1
19071,19072,2,1,1
19417,19418,2,1,1
19443,19445,3,1,2
19455,19457,3,1,2
19486,19492,7,6,1
19493,19502,10,9,1
19503,19505,3,2,1
19506,19507,2,1,1
19511,19513,3,1,2
19514,19527,14,13,1
19532,19533,2,1,1
19534,19538,5,2,3
19539,19540,2,1,1
19541,19546,6,5,1
19547,19550,4,2,2
19551,19554,4,2,2
19555,19558,4,2,2
19559,19561,3,2,1
19562,19571,10,7,3
19572,19583,12,10,2
19584,19588,5,4,1
19589,19591,3,1,2
19592,19594,3,2,1
19595,19603,9,8,1
19609,19618,10,9,1
19619,19620,2,1,1
19621,19628,8,7,1
19629,19630,2,1,1
19631,19633,3,2,1
19634,19638,5,4,1
19639,19646,8,7,1
19647,19649,3,2,1
19654,19655,2,1,1
19657,19658,2,1,1
19659,19672,14,13,1
19673,19674,2,1,1
19675,19679,5,1,4
19680,19683,4,2,2
19684,19685,2,1,1
19686,19689,4,3,1
19690,19700,11,7,4
19701,19705,5,3,2
19706,19709,4,3,1
19713,19715,3,2,1
19716,19719,4,3,1
19720,19721,2,1,1
19722,19728,7,5,2
19729,19730,2,1,1
19735,19737,3,1,2
19740,19745,6,3,3
19746,19750,5,3,2
19751,19753,3,2,1
19754,19757,4,3,1
19758,19762,5,4,1
19764,19766,3,1,2
19767,19769,3,1,2
19773,19775,3,2,1
19776,19779,4,3,1
19780,19781,2,1,1
19782,19784,3,1,2
19788,19791,4,2,2
19792,19794,3,2,1
19799,19803,5,3,2
19804,19810,7,6,1
19815,19816,2,1,1
19817,19819,3,2,1
19820,19821,2,1,1
19822,19824,3,1,2
19825,19830,6,5,1
19831,19839,9,8,1
19842,19850,9,7,2
19851,19854,4,3,1
19855,19857,3,1,2
19860,19864,5,4,1
19865,19869,5,4,1
19870,19872,3,2,1
19878,19881,4,2,2
19885,19887,3,1,2
19888,19892,5,4,1
19893,19897,5,1,4
19898,19899,2,1,1
19900,19904,5,4,1
19905,19909,5,3,2
19910,19919,10,3,7
19920,19929,10,9,1
19930,19931,2,1,1
19938,19946,9,8,1
19947,19949,3,2,1
19950,19953,4,2,2
19954,19955,2,1,1
19956,19957,2,1,1
19958,19961,4,2,2
19969,19972,4,3,1
19975,19979,5,3,2
19980,19981,2,1,1
19982,19989,8,7,1
19990,19992,3,1,2
19994,19995,2,1,1
19996,19999,4,2,2
20005,20007,3,2,1
20013,20014,2,1,1
20016,20019,4,3,1
20020,20021,2,1,1
20024,20029,6,3,3
20030,20033,4,2,2
20034,20036,3,1,2
20037,20039,3,1,2
20044,20047,4,3,1
20048,20049,2,1,1
20050,20052,3,1,2
20053,20054,2,1,1
20055,20056,2,1,1
20058,20066,9,7,2
20067,20070,4,3,1
20071,20074,4,1,3
20077,20082,6,4,2
20083,20087,5,4,1
20088,20092,5,2,3
20093,20095,3,1,2
20096,20097,2,1,1
20098,20103,6,5,1
20104,20107,4,2,2
20108,20113,6,2,4
20114,20118,5,3,2
20119,20124,6,4,2
20128,20130,3,1,2
20131,20134,4,2,2
20135,20136,2,1,1
20137,20138,2,1,1
20139,20143,5,4,1
20144,20145,2,1,1
20146,20155,10,7,3
20156,20165,10,9,1
20166,20168,3,2,1
20169,20172,4,3,1
20173,20176,4,3,1
20177,20178,2,1,1
20179,20182,4,1,3
20183,20184,2,1,1
20185,20194,10,9,1
20195,20199,5,3,2
20200,20202,3,1,2
20203,20205,3,2,1
20206,20209,4,3,1
20210,20213,4,2,2
20219,20222,4,3,1
20223,20225,3,2,1
20226,20230,5,4,1
20231,20236,6,3,3
20239,20242,4,3,1
20246,20247,2,1,1
20248,20249,2,1,1
20250,20253,4,3,1
20254,20257,4,3,1
20258,20259,2,1,1
20260,20267,8,5,3
20268,20270,3,2,1
20271,20273,3,2,1
20274,20276,3,2,1
20277,20281,5,3,2
20282,20285,4,2,2
20286,20287,2,1,1
20288,20290,3,2,1
20291,20292,2,1,1
20296,20298,3,1,2
20299,20304,6,5,1
20305,20307,3,2,1
20309,20313,5,2,3
20314,20316,3,2,1
20317,20318,2,1,1
20319,20325,7,5,2
20326,20327,2,1,1
20328,20329,2,1,1
20335,20339,5,2,3
20340,20345,6,3,3
20346,20349,4,3,1
20350,20354,5,3,2
20355,20357,3,1,2
20358,20362,5,4,1
20363,20366,4,2,2
20367,20370,4,2,2
20373,20375,3,2,1
20376,20378,3,2,1
20387,20389,3,1,2
20390,20394,5,4,1
20395,20396,2,1,1
20397,20398,2,1,1
20399,20400,2,1,1
20401,20404,4,2,2
20405,20406,2,1,1
20407,20408,2,1,1
20409,20410,2,1,1
20411,20414,4,1,3
20415,20416,2,1,1
20423,20425,3,1,2
20426,20429,4,3,1
20430,20431,2,1,1
20432,20434,3,1,2
20437,20438,2,1,1
20439,20441,3,2,1
20442,20445,4,3,1
20446,20449,4,2,2
20450,20451,2,1,1
20452,20454,3,1,2
20455,20458,4,1,3
20459,20462,4,3,1
20463,20464,2,1,1
20465,20467,3,2,1
20471,20472,2,1,1
20473,20476,4,3,1
20477,20483,7,6,1
20490,20492,3,2,1
20493,20494,2,1,1
20495,20496,2,1,1
20497,20500,4,3,1
20503,20504,2,1,1
20506,20507,2,1,1
20508,20514,7,5,2
20515,20517,3,1,2
20518,20519,2,1,1
20523,20529,7,6,1
20530,20532,3,2,1
20533,20536,4,2,2
20537,20539,3,2,1
20540,20541,2,1,1
20542,20551,10,9,1
20552,20553,2,1,1
20558,20560,3,2,1
20561,20563,3,1,2
20564,20568,5,1,4
20569,20570,2,1,1
20571,20574,4,2,2
20575,20576,2,1,1
20588,20593,6,4,2
20596,20597,2,1,1
20598,20599,2,1,1
20600,20604,5,4,1
20608,20611,4,1,3
20612,20620,9,8,1
20621,20629,9,8,1
20630,20631,2,1,1
20632,20635,4,3,1
20636,20642,7,5,2
20643,20645,3,1,2
20648,20649,2,1,1
20650,20653,4,3,1
20654,20655,2,1,1
20658,20660,3,1,2
20661,20664,4,3,1
20665,20667,3,2,1
20668,20672,5,3,2
20673,20674,2,1,1
20675,20679,5,4,1
20684,20688,5,3,2
20689,20693,5,4,1
20694,20695,2,1,1
20696,20704,9,6,3
20705,20706,2,1,1
20707,20709,3,1,2
20710,20715,6,3,3
20716,20717,2,1,1
20718,20719,2,1,1
20722,20725,4,1,3
20726,20729,4,1,3
20730,20732,3,2,1
20733,20734,2,1,1
20740,20743,4,1,3
20744,20745,2,1,1
20746,20756,11,2,9
20757,20759,3,2,1
20761,20762,2,1,1
20763,20770,8,6,2
20775,20776,2,1,1
20782,20783,2,1,1
20789,20791,3,2,1
20793,20794,2,1,1
20795,20804,10,8,2
20805,20806,2,1,1
20807,20811,5,3,2
20812,20814,3,1,2
20818,20819,2,1,1
20820,20821,2,1,1
20822,20823,2,1,1
20824,20828,5,4,1
20829,20830,2,1,1
20831,20832,2,1,1
20833,20836,4,3,1
20837,20839,3,1,2
20840,20841,2,1,1
20842,20847,6,5,1
20848,20850,3,2,1
20851,20852,2,1,1
20853,20854,2,1,1
20855,20856,2,1,1
20857,20859,3,1,2
20860,20863,4,3,1
20864,20865,2,1,1
20866,20868,3,2,1
20869,20871,3,1,2
20875,20881,7,6,1
20882,20883,2,1,1
20884,20885,2,1,1
20886,20888,3,2,1
20889,20890,2,1,1
20892,20893,2,1,1
20894,20896,3,2,1
20897,20899,3,2,1
20900,20901,2,1,1
20903,20906,4,1,3
20907,20908,2,1,1
20909,20917,9,7,2
20919,20924,6,4,2
20925,20928,4,2,2
20929,20932,4,3,1
20933,20936,4,1,3
20940,20942,3,2,1
20943,20945,3,2,1
20946,20948,3,2,1
20949,20953,5,3,2
20954,20955,2,1,1
20956,20958,3,1,2
20962,20967,6,2,4
20972,20974,3,2,1
20976,20977,2,1,1
20978,20983,6,5,1
20987,20993,7,2,5
20994,20996,3,2,1
21000,21003,4,2,2
21004,21008,5,4,1
21009,21011,3,2,1
21015,21019,5,4,1
21020,21022,3,2,1
21023,21024,2,1,1
21025,21029,5,2,3
21035,21037,3,2,1
21038,21044,7,6,1
21059,21060,2,1,1
21061,21067,7,6,1
21068,21071,4,2,2
21073,21074,2,1,1
21075,21079,5,3,2
21080,21085,6,5,1
21090,21093,4,3,1
21094,21099,6,3,3
21100,21103,4,2,2
21104,21106,3,2,1
21107,21108,2,1,1
21109,21111,3,2,1
21112,21114,3,1,2
21118,21121,4,1,3
21130,21135,6,5,1
21136,21137,2,1,1
21138,21140,3,1,2
21141,21144,4,1,3
21145,21148,4,2,2
21149,21151,3,1,2
21153,21156,4,1,3
21159,21168,10,7,3
21169,21170,2,1,1
21171,21175,5,2,3
21176,21177,2,1,1
21188,21192,5,2,3
21193,21194,2,1,1
21195,21198,4,2,2
21199,21200,2,1,1
21203,21214,12,11,1
21218,21223,6,1,5
21224,21226,3,2,1
21227,21232,6,1,5
21233,21236,4,2,2
21237,21238,2,1,1
21244,21247,4,2,2
21248,21251,4,2,2
21252,21254,3,2,1
21256,21258,3,2,1
21263,21265,3,1,2
21266,21271,6,3,3
21272,21289,18,16,2
21290,21294,5,2,3
21295,21296,2,1,1
21299,21303,5,4,1
21304,21307,4,2,2
21308,21310,3,1,2
21311,21314,4,2,2
21320,21321,2,1,1
21322,21323,2,1,1
21324,21325,2,1,1
21326,21334,9,3,6
21335,21336,2,1,1
21337,21339,3,1,2
21346,21347,2,1,1
21348,21350,3,1,2
21351,21354,4,1,3
21355,21356,2,1,1
21357,21361,5,3,2
21369,21375,7,6,1
21376,21378,3,2,1
21379,21382,4,1,3
21383,21386,4,2,2
21387,21389,3,1,2
21391,21392,2,1,1
21393,21394,2,1,1
21396,21399,4,2,2
21400,21403,4,3,1
21404,21409,6,3,3
21410,21411,2,1,1
21415,21420,6,3,3
21421,21427,7,6,1
21428,21430,3,2,1
21431,21435,5,3,2
21438,21441,4,1,3
21444,21446,3,2,1
21447,21450,4,2,2
21451,21453,3,2,1
21454,21456,3,2,1
21457,21459,3,1,2
21463,21464,2,1,1
21465,21467,3,2,1
21468,21469,2,1,1
21470,21472,3,1,2
21474,21476,3,2,1
21477,21479,3,2,1
21491,21492,2,1,1
21493,21497,5,2,3
21500,21520,21,20,1
21521,21524,4,2,2
21525,21527,3,1,2
21528,21529,2,1,1
21530,21531,2,1,1
21532,21539,8,3,5
21540,21541,2,1,1
21545,21547,3,1,2
21551,21552,2,1,1
21554,21555,2,1,1
21557,21558,2,1,1
21565,21568,4,3,1
21569,21573,5,1,4
21574,21576,3,2,1
21582,21584,3,1,2
21585,21588,4,2,2
21590,21595,6,4,2
21599,21603,5,4,1
21604,21606,3,1,2
21614,21615,2,1,1
21616,21620,5,2,3
21622,21624,3,1,2
21625,21629,5,2,3
21635,21636,2,1,1
21637,21640,4,2,2
21641,21644,4,3,1
21650,21654,5,1,4
21655,21659,5,4,1
21660,21662,3,2,1
21663,21670,8,7,1
21671,21672,2,1,1
21676,21677,2,1,1
21678,21681,4,2,2
21684,21685,2,1,1
21686,21687,2,1,1
21688,21692,5,3,2
21693,21694,2,1,1
21695,21701,7,6,1
21702,21703,2,1,1
21704,21706,3,2,1
21709,21710,2,1,1
21711,21712,2,1,1
21716,21717,2,1,1
21718,21721,4,2,2
21722,21724,3,1,2
21728,21732,5,4,1
21733,21744,12,11,1
21748,21749,2,1,1
21750,21753,4,3,1
21758,21763,6,5,1
21764,21765,2,1,1
21766,21772,7,4,3
21773,21776,4,3,1
21780,21781,2,1,1
21782,21785,4,1,3
21786,21787,2,1,1
21788,21790,3,2,1
21791,21794,4,3,1
21795,21796,2,1,1
21797,21801,5,4,1
21802,21803,2,1,1
21804,21805,2,1,1
21806,21807,2,1,1
21808,21809,2,1,1
21810,21813,4,3,1
21816,21817,2,1,1
21818,21822,5,4,1
21823,21831,9,6,3
21832,21838,7,6,1
21839,21841,3,2,1
21842,21847,6,3,3
21850,21858,9,2,7
21859,21861,3,1,2
21862,21866,5,4,1
21867,21868,2,1,1
21872,21873,2,1,1
21874,21881,8,5,3
21882,21885,4,1,3
21886,21887,2,1,1
21888,21893,6,2,4
21894,21897,4,1,3
21898,21903,6,4,2
21904,21906,3,2,1
21907,21908,2,1,1
21909,21914,6,5,1
21915,21917,3,2,1
21918,21921,4,2,2
21927,21928,2,1,1
21929,21931,3,2,1
21932,21933,2,1,1
21934,21935,2,1,1
21936,21943,8,5,3
21944,21949,6,4,2
21950,21951,2,1,1
21952,21954,3,2,1
21955,21956,2,1,1
21972,21976,5,1,4
21988,21992,5,4,1
21993,21996,4,3,1
22001,22003,3,1,2
22004,22005,2,1,1
22010,22012,3,1,2
22013,22017,5,4,1
22018,22020,3,1,2
22028,22029,2,1,1
22030,22036,7,6,1
22037,22039,3,2,1
22044,22048,5,4,1
22049,22052,4,3,1
22053,22054,2,1,1
22056,22059,4,3,1
22060,22061,2,1,1
22062,22066,5,2,3
22067,22074,8,6,2
22075,22077,3,2,1
22078,22082,5,4,1
22083,22084,2,1,1
22085,22089,5,1,4
22090,22093,4,1,3
22098,22099,2,1,1
22101,22102,2,1,1
22103,22117,15,14,1
22118,22119,2,1,1
22120,22124,5,4,1
22125,22129,5,4,1
22130,22131,2,1,1
22134,22135,2,1,1
22144,22146,3,1,2
22147,22151,5,4,1
22152,22153,2,1,1
22155,22160,6,5,1
22161,22163,3,1,2
22164,22170,7,6,1
22171,22173,3,2,1
22174,22175,2,1,1
22179,22181,3,1,2
22182,22186,5,3,2
22187,22191,5,1,4
22192,22193,2,1,1
22194,22196,3,1,2
22197,22198,2,1,1
22199,22200,2,1,1
22201,22206,6,4,2
22207,22208,2,1,1
22214,22225,12,11,1
22226,22227,2,1,1
22228,22243,16,12,4
22247,22249,3,1,2
22250,22252,3,2,1
22253,22255,3,2,1
22256,22261,6,4,2
22263,22267,5,1,4
22269,22277,9,3,6
22278,22283,6,4,2
22286,22287,2,1,1
22288,22294,7,3,4
22295,22297,3,1,2
22298,22301,4,2,2
22302,22303,2,1,1
22308,22311,4,3,1
22312,22315,4,1,3
22320,22321,2,1,1
22325,22327,3,2,1
22330,22335,6,3,3
22336,22338,3,2,1
22340,22343,4,2,2
22344,22346,3,2,1
22347,22352,6,2,4
22353,22355,3,2,1
22356,22360,5,4,1
22361,22363,3,2,1
22364,22367,4,2,2
22369,22374,6,5,1
22375,22377,3,2,1
22378,22381,4,2,2
22384,22386,3,2,1
22387,22389,3,1,2
22391,22395,5,4,1
22396,22400,5,2,3
22408,22412,5,3,2
22413,22418,6,5,1
22419,22422,4,1,3
22423,22426,4,3,1
22427,22429,3,2,1
22430,22433,4,2,2
22437,22441,5,4,1
22442,22447,6,5,1
22448,22451,4,1,3
22454,22457,4,1,3
22458,22461,4,3,1
22462,22465,4,3,1
22466,22467,2,1,1
22468,22470,3,2,1
22471,22473,3,2,1
22474,22478,5,3,2
22479,22481,3,2,1
22482,22484,3,1,2
22489,22491,3,2,1
22492,22494,3,1,2
22495,22500,6,5,1
22503,22507,5,4,1
22508,22513,6,5,1
22514,22515,2,1,1
22516,22517,2,1,1
22518,22519,2,1,1
22520,22523,4,3,1
22524,22527,4,2,2
22528,22530,3,2,1
22531,22534,4,2,2
22535,22537,3,1,2
22552,22555,4,3,1
22556,22563,8,3,5
22571,22577,7,6,1
22578,22580,3,2,1
22581,22583,3,2,1
22584,22585,2,1,1
22586,22591,6,5,1
22592,22594,3,2,1
22595,22596,2,1,1
22597,22599,3,1,2
22601,22609,9,5,4
22610,22612,3,2,1
22615,22616,2,1,1
22617,22619,3,2,1
22620,22626,7,3,4
22628,22632,5,3,2
22633,22634,2,1,1
22640,22642,3,2,1
22643,22650,8,6,2
22653,22655,3,2,1
22663,22664,2,1,1
22666,22668,3,2,1
22669,22673,5,1,4
22674,22676,3,2,1
22677,22679,3,2,1
22680,22682,3,2,1
22683,22688,6,4,2
22689,22691,3,1,2
22692,22698,7,5,2
22699,22701,3,1,2
22702,22705,4,2,2
22706,22707,2,1,1
22708,22709,2,1,1
22721,22723,3,1,2
22724,22725,2,1,1
22726,22729,4,1,3
22739,22740,2,1,1
22741,22744,4,2,2
22745,22750,6,3,3
22751,22753,3,2,1
22754,22755,2,1,1
22756,22760,5,3,2
22761,22762,2,1,1
22763,22768,6,2,4
22770,22773,4,3,1
22777,22779,3,1,2
22787,22788,2,1,1
22789,22792,4,1,3
22793,22800,8,2,6
22806,22807,2,1,1
22808,22811,4,2,2
22817,22819,3,2,1
22820,22823,4,2,2
22824,22825,2,1,1
22831,22833,3,1,2
22834,22838,5,1,4
22839,22840,2,1,1
22841,22846,6,3,3
22847,22853,7,2,5
22854,22856,3,2,1
22860,22861,2,1,1
22862,22863,2,1,1
22867,22868,2,1,1
22871,22873,3,1,2
22877,22878,2,1,1
22879,22883,5,4,1
22884,22885,2,1,1
22886,22887,2,1,1
22894,22897,4,2,2
22898,22907,10,6,4
22908,22909,2,1,1
22910,22912,3,2,1
22916,22918,3,1,2
22919,22922,4,2,2
22923,22925,3,2,1
22926,22930,5,4,1
22931,22933,3,2,1
22934,22935,2,1,1
22936,22938,3,2,1
22939,22941,3,2,1
22944,22949,6,5,1
22953,22954,2,1,1
22955,22961,7,4,3
22962,22965,4,2,2
22966,22969,4,3,1
22973,22977,5,4,1
22983,22986,4,3,1
22987,22988,2,1,1
22995,22996,2,1,1
22997,22998,2,1,1
22999,23001,3,2,1
23002,23004,3,1,2
23005,23008,4,2,2
23011,23012,2,1,1
23013,23017,5,2,3
23018,23019,2,1,1
23020,23025,6,5,1
23026,23028,3,2,1
23029,23031,3,1,2
23035,23043,9,6,3
23044,23045,2,1,1
23046,23051,6,5,1
23053,23063,11,10,1
23064,23068,5,3,2
23069,23074,6,1,5
23075,23076,2,1,1
23077,23080,4,3,1
23081,23086,6,5,1
23087,23091,5,3,2
23092,23093,2,1,1
23094,23096,3,2,1
23098,23103,6,2,4
23106,23107,2,1,1
23108,23109,2,1,1
23110,23111,2,1,1
23112,23114,3,2,1
23115,23120,6,4,2
23121,23124,4,1,3
23130,23137,8,6,2
23138,23140,3,2,1
23143,23146,4,3,1
23147,23151,5,1,4
23161,23163,3,1,2
23164,23167,4,1,3
23168,23171,4,1,3
23172,23176,5,4,1
23177,23181,5,4,1
23182,23183,2,1,1
23184,23186,3,1,2
23187,23193,7,3,4
23194,23196,3,2,1
23197,23200,4,3,1
23201,23206,6,4,2
23207,23209,3,2,1
23213,23215,3,1,2
23216,23218,3,2,1
23219,23225,7,2,5
23226,23229,4,3,1
23233,23234,2,1,1
23235,23241,7,1,6
23244,23245,2,1,1
23246,23247,2,1,1
23248,23254,7,3,4
23255,23260,6,5,1
23261,23267,7,6,1
23268,23272,5,4,1
23273,23275,3,1,2
23276,23279,4,3,1
23280,23281,2,1,1
23282,23283,2,1,1
23284,23293,10,9,1
23294,23297,4,2,2
23298,23299,2,1,1
23303,23305,3,2,1
23306,23309,4,3,1
23317,23324,8,6,2
23325,23329,5,4,1
23330,23335,6,3,3
23341,23347,7,5,2
23348,23350,3,1,2
23351,23352,2,1,1
23353,23354,2,1,1
23359,23365,7,6,1
23366,23370,5,2,3
23372,23373,2,1,1
23374,23377,4,2,2
23378,23380,3,1,2
23383,23384,2,1,1
23385,23387,3,2,1
23388,23390,3,2,1
23391,23392,2,1,1
23393,23394,2,1,1
23395,23398,4,1,3
23399,23401,3,2,1
23402,23404,3,2,1
23405,23416,12,10,2
23417,23421,5,1,4
23422,23423,2,1,1
23426,23427,2,1,1
23428,23429,2,1,1
23430,23432,3,2,1
23434,23437,4,1,3
23438,23439,2,1,1
23443,23449,7,3,4
23450,23451,2,1,1
23452,23453,2,1,1
23454,23457,4,3,1
23458,23460,3,1,2
23461,23468,8,6,2
23469,23473,5,3,2
23474,23476,3,2,1
23477,23479,3,1,2
23482,23486,5,4,1
23491,23495,5,4,1
23496,23504,9,7,2
23505,23509,5,3,2
23510,23514,5,4,1
23527,23528,2,1,1
23529,23530,2,1,1
23531,23532,2,1,1
23533,23534,2,1,1
23535,23539,5,4,1
23540,23544,5,4,1
23545,23550,6,4,2
23556,23560,5,1,4
23561,23562,2,1,1
23567,23568,2,1,1
23573,23575,3,2,1
23576,23577,2,1,1
23578,23585,8,6,2
23590,23594,5,3,2
23595,23597,3,1,2
23598,23600,3,2,1
23601,23602,2,1,1
23606,23607,2,1,1
23613,23617,5,2,3
23618,23623,6,4,2
23624,23625,2,1,1
23626,23628,3,1,2
23629,23631,3,2,1
23632,23633,2,1,1
23634,23638,5,1,4
23639,23640,2,1,1
23644,23647,4,2,2
23648,23649,2,1,1
23650,23652,3,2,1
23653,23655,3,1,2
23662,23664,3,1,2
23665,23669,5,2,3
23670,23672,3,2,1
23676,23677,2,1,1
23679,23686,8,3,5
23695,23698,4,1,3
23699,23701,3,1,2
23702,23703,2,1,1
23704,23705,2,1,1
23706,23708,3,2,1
23709,23714,6,3,3
23717,23718,2,1,1
23719,23722,4,1,3
23723,23725,3,2,1
23727,23730,4,1,3
23731,23735,5,1,4
23736,23738,3,1,2
23743,23744,2,1,1
23745,23747,3,1,2
23748,23750,3,2,1
23751,23753,3,1,2
23754,23756,3,1,2
23765,23766,2,1,1
23767,23771,5,3,2
23772,23773,2,1,1
23774,23777,4,1,3
23778,23780,3,2,1
23781,23785,5,2,3
23787,23788,2,1,1
23793,23794,2,1,1
23799,23801,3,1,2
23802,23804,3,2,1
23813,23816,4,3,1
23818,23819,2,1,1
23820,23823,4,3,1
23824,23826,3,2,1
23827,23831,5,4,1
23836,23843,8,1,7
23844,23846,3,2,1
23847,23848,2,1,1
23849,23850,2,1,1
23852,23853,2,1,1
23858,23862,5,3,2
23863,23868,6,3,3
23875,23877,3,1,2
23878,23881,4,2,2
23882,23887,6,5,1
23888,23891,4,3,1
23892,23894,3,2,1
23895,23898,4,3,1
23900,23902,3,2,1
23903,23905,3,1,2
23909,23911,3,2,1
23922,23930,9,8,1
23931,23934,4,3,1
23940,23948,9,8,1
23949,23951,3,2,1
23955,23958,4,1,3
23959,23962,4,2,2
23966,23968,3,1,2
23969,23972,4,2,2
23973,23975,3,2,1
23978,23980,3,2,1
23987,23990,4,3,1
23991,23992,2,1,1
23993,23996,4,3,1
24002,24007,6,5,1
24012,24014,3,2,1
24019,24024,6,4,2
24028,24030,3,2,1
24031,24032,2,1,1
24033,24035,3,2,1
24036,24038,3,2,1
24039,24040,2,1,1
24051,24055,5,2,3
24056,24059,4,3,1
24066,24071,6,3,3
24072,24079,8,7,1
24080,24082,3,1,2
24083,24086,4,2,2
24090,24095,6,2,4
24096,24097,2,1,1
24098,24101,4,3,1
24107,24108,2,1,1
24109,24110,2,1,1
24113,24114,2,1,1
24115,24121,7,5,2
24124,24125,2,1,1
24126,24127,2,1,1
24128,24132,5,1,4
24133,24136,4,2,2
24137,24151,15,14,1
24152,24154,3,1,2
24155,24157,3,2,1
24158,24164,7,2,5
24165,24167,3,2,1
24168,24172,5,1,4
24173,24175,3,1,2
24179,24182,4,2,2
24183,24186,4,1,3
24187,24190,4,3,1
24201,24206,6,4,2
24207,24210,4,2,2
24211,24212,2,1,1
24216,24221,6,5,1
24222,24223,2,1,1
24224,24228,5,1,4
24233,24235,3,1,2
24236,24242,7,5,2
24243,24248,6,3,3
24255,24258,4,3,1
24259,24261,3,2,1
24262,24264,3,1,2
24265,24266,2,1,1
24267,24270,4,2,2
24271,24272,2,1,1
24276,24278,3,1,2
24279,24284,6,3,3
24285,24287,3,2,1
24288,24295,8,1,7
24296,24297,2,1,1
24298,24299,2,1,1
24300,24301,2,1,1
24305,24309,5,1,4
24310,24313,4,1,3
24314,24318,5,1,4
24319,24322,4,3,1
24323,24325,3,1,2
24326,24328,3,2,1
24329,24331,3,2,1
24332,24333,2,1,1
24334,24336,3,1,2
24337,24340,4,3,1
24341,24342,2,1,1
24343,24344,2,1,1
24345,24347,3,1,2
24348,24357,10,9,1
24358,24360,3,1,2
24361,24363,3,1,2
24365,24370,6,2,4
24371,24372,2,1,1
24378,24380,3,1,2
24381,24384,4,3,1
24392,24394,3,2,1
24397,24398,2,1,1
24400,24401,2,1,1
24402,24406,5,3,2
24407,24409,3,2,1
24410,24411,2,1,1
24412,24413,2,1,1
24414,24417,4,3,1
24418,24421,4,1,3
24422,24423,2,1,1
24424,24426,3,2,1
24427,24430,4,2,2
24431,24432,2,1,1
24433,24434,2,1,1
24435,24436,2,1,1
24441,24444,4,3,1
24445,24447,3,1,2
24448,24450,3,2,1
24451,24453,3,2,1
24454,24458,5,2,3
24459,24460,2,1,1
24461,24463,3,2,1
24464,24465,2,1,1
24466,24468,3,1,2
24469,24472,4,3,1
24473,24477,5,3,2
24478,24479,2,1,1
24492,24496,5,2,3
24499,24503,5,4,1
24508,24511,4,2,2
24512,24514,3,1,2
24515,24517,3,1,2
24518,24520,3,1,2
24521,24526,6,5,1
24527,24528,2,1,1
24534,24535,2,1,1
24544,24548,5,3,2
24555,24560,6,2,4
24562,24563,2,1,1
24570,24574,5,3,2
24575,24579,5,4,1
24585,24589,5,1,4
24592,24594,3,2,1
24595,24601,7,4,3
24602,24604,3,1,2
24605,24610,6,5,1
24611,24612,2,1,1
24616,24618,3,1,2
24619,24620,2,1,1
24621,24623,3,2,1
24625,24628,4,1,3
24633,24634,2,1,1
24635,24638,4,3,1
24639,24642,4,2,2
24643,24647,5,1,4
24648,24652,5,4,1
24660,24662,3,2,1
24663,24672,10,7,3
24673,24675,3,2,1
24681,24684,4,3,1
24685,24686,2,1,1
24687,24688,2,1,1
24689,24694,6,4,2
24695,24697,3,2,1
24701,24702,2,1,1
24703,24704,2,1,1
24705,24706,2,1,1
24707,24715,9,4,5
24716,24718,3,2,1
24720,24724,5,2,3
24725,24726,2,1,1
24727,24730,4,3,1
24732,24734,3,2,1
24735,24737,3,2,1
24738,24740,3,1,2
24747,24748,2,1,1
24752,24755,4,2,2
24759,24762,4,3,1
24770,24771,2,1,1
24773,24775,3,1,2
24776,24779,4,2,2
24783,24790,8,7,1
24791,24794,4,3,1
24795,24797,3,2,1
24798,24801,4,1,3
24806,24807,2,1,1
24808,24815,8,7,1
24816,24817,2,1,1
24818,24819,2,1,1
24827,24829,3,1,2
24830,24835,6,3,3
24836,24837,2,1,1
24838,24839,2,1,1
24840,24842,3,2,1
24843,24844,2,1,1
24845,24846,2,1,1
24847,24853,7,6,1
24854,24859,6,1,5
24860,24862,3,2,1
24864,24867,4,3,1
24868,24871,4,3,1
24872,24877,6,5,1
24878,24880,3,2,1
24881,24883,3,1,2
24884,24885,2,1,1
24894,24897,4,1,3
24898,24899,2,1,1
24900,24906,7,3,4
24907,24908,2,1,1
24909,24911,3,1,2
24912,24917,6,4,2
24918,24923,6,2,4
24924,24927,4,2,2
24928,24935,8,4,4
24938,24941,4,3,1
24944,24948,5,4,1
24950,24951,2,1,1
24952,24954,3,2,1
24955,24959,5,3,2
24968,24969,2,1,1
24972,24977,6,3,3
24979,24980,2,1,1
24981,24984,4,1,3
24995,24998,4,3,1
24999,25000,2,1,1
25001,25005,5,4,1
25006,25008,3,1,2
25016,25020,5,1,4
25021,25024,4,3,1
25029,25032,4,1,3
25034,25038,5,2,3
25039,25044,6,5,1
25045,25049,5,4,1
25050,25052,3,1,2
25053,25055,3,2,1
25061,25064,4,2,2
25065,25066,2,1,1
25070,25072,3,2,1
25075,25081,7,4,3
25082,25084,3,1,2
25086,25087,2,1,1
25088,25092,5,3,2
25095,25098,4,2,2
25109,25113,5,4,1
25119,25124,6,3,3
25125,25131,7,6,1
25132,25157,26,22,4
25181,25202,22,21,1
25203,25206,4,3,1
25207,25208,2,1,1
25209,25226,18,16,2
25227,25233,7,6,1
25234,25245,12,11,1
25247,25251,5,4,1
25252,25256,5,4,1
25257,25261,5,4,1
25264,25267,4,2,2
25268,25274,7,6,1
25275,25285,11,10,1
25286,25302,17,16,1
25303,25317,15,13,2
25321,25325,5,3,2
25326,25328,3,2,1
25329,25331,3,2,1
25332,25334,3,2,1
25335,25346,12,11,1
25347,25351,5,4,1
25358,25363,6,4,2
25364,25372,9,8,1
25373,25379,7,6,1
25380,25387,8,7,1
25388,25392,5,4,1
25393,25396,4,3,1
25397,25401,5,3,2
25402,25408,7,6,1
25409,25410,2,1,1
25412,25420,9,8,1
25421,25422,2,1,1
25425,25430,6,4,2
25431,25433,3,2,1
25448,25451,4,3,1
25452,25455,4,2,2
25456,25458,3,1,2
25460,25464,5,4,1
25465,25471,7,6,1
25472,25473,2,1,1
25474,25477,4,2,2
25478,25484,7,6,1
25485,25487,3,2,1
25493,25496,4,2,2
25497,25500,4,3,1
25501,25502,2,1,1
25507,25509,3,2,1
25512,25518,7,6,1
25519,25532,14,13,1
25533,25537,5,4,1
25538,25544,7,6,1
25545,25546,2,1,1
25547,25556,10,9,1
25557,25564,8,4,4
25565,25571,7,6,1
25572,25579,8,5,3
25580,25582,3,1,2
25583,25585,3,2,1
25586,25591,6,5,1
25592,25596,5,4,1
25597,25599,3,2,1
25602,25604,3,2,1
25605,25608,4,3,1
25609,25611,3,2,1
25612,25615,4,3,1
25616,25623,8,6,2
25624,25627,4,3,1
25628,25642,15,14,1
25643,25651,9,8,1
25652,25654,3,2,1
25658,25671,14,12,2
25672,25679,8,5,3
25680,25681,2,1,1
25682,25683,2,1,1
25684,25685,2,1,1
25686,25692,7,6,1
25693,25695,3,1,2
25696,25698,3,1,2
25699,25701,3,2,1
25702,25712,11,9,2
25713,25717,5,4,1
25719,25724,6,5,1
25725,25726,2,1,1
25732,25734,3,2,1
25735,25739,5,4,1
25740,25742,3,2,1
25743,25748,6,3,3
25749,25756,8,6,2
25757,25761,5,4,1
25762,25767,6,2,4
25768,25775,8,6,2
25776,25778,3,2,1
25781,25783,3,2,1
25784,25788,5,4,1
25789,25791,3,2,1
25792,25797,6,5,1
25798,25800,3,1,2
25801,25802,2,1,1
25803,25808,6,5,1
25809,25810,2,1,1
25811,25815,5,4,1
25816,25817,2,1,1
25818,25822,5,4,1
25823,25831,9,6,3
25832,25844,13,10,3
25850,25858,9,8,1
25859,25867,9,8,1
25868,25875,8,7,1
25876,25879,4,3,1
25880,25886,7,6,1
25887,25893,7,6,1
25894,25897,4,2,2
25898,25901,4,3,1
25902,25916,15,13,2
25917,25921,5,3,2
25925,25926,2,1,1
25928,25930,3,1,2
25931,25937,7,6,1
25938,25939,2,1,1
25940,25947,8,7,1
25948,25952,5,2,3
25953,25957,5,4,1
25965,25976,12,11,1
25977,25982,6,5,1
25983,25984,2,1,1
25985,25994,10,9,1
25995,25998,4,1,3
25999,26002,4,2,2
26003,26006,4,3,1
26020,26023,4,2,2
26024,26027,4,2,2
26028,26031,4,2,2
26032,26034,3,2,1
26035,26040,6,5,1
26041,26050,10,9,1
26051,26057,7,6,1
26058,26065,8,7,1
26066,26071,6,2,4
26072,26073,2,1,1
26074,26077,4,2,2
26078,26079,2,1,1
26080,26086,7,6,1
26087,26089,3,1,2
26095,26107,13,10,3
26108,26111,4,3,1
26112,26114,3,1,2
26115,26138,24,23,1
26139,26146,8,7,1
26147,26149,3,2,1
26150,26153,4,3,1
26154,26159,6,5,1
26160,26161,2,1,1
26162,26165,4,2,2
26166,26168,3,2,1
26169,26180,12,10,2
26181,26183,3,2,1
26185,26188,4,3,1
26190,26191,2,1,1
26192,26196,5,4,1
26197,26199,3,2,1
26200,26203,4,3,1
26204,26205,2,1,1
26206,26208,3,2,1
26209,26219,11,10,1
26220,26221,2,1,1
26222,26228,7,6,1
26229,26230,2,1,1
26231,26238,8,7,1
26239,26241,3,2,1
26242,26244,3,2,1
26245,26247,3,2,1
26255,26256,2,1,1
26257,26261,5,4,1
26262,26268,7,5,2
26271,26276,6,2,4
26277,26280,4,2,2
26283,26293,11,10,1
26300,26309,10,9,1
26310,26311,2,1,1
26312,26315,4,2,2
26316,26320,5,4,1
26321,26326,6,5,1
26327,26330,4,2,2
26331,26333,3,2,1
26334,26340,7,6,1
26344,26349,6,5,1
26350,26351,2,1,1
26352,26356,5,2,3
26357,26360,4,2,2
26361,26378,18,16,2
26379,26382,4,1,3
26395,26396,2,1,1
26397,26400,4,1,3
26401,26402,2,1,1
26403,26404,2,1,1
26405,26407,3,1,2
26408,26413,6,5,1
26415,26420,6,5,1
26421,26425,5,4,1
26426,26431,6,4,2
26437,26441,5,4,1
26454,26455,2,1,1
26456,26458,3,2,1
26459,26461,3,1,2
26462,26467,6,5,1
26468,26469,2,1,1
26491,26497,7,6,1
26498,26500,3,2,1
26509,26510,2,1,1
26511,26513,3,2,1
26514,26524,11,10,1
26529,26530,2,1,1
26532,26535,4,1,3
26536,26547,12,11,1
26548,26558,11,10,1
26564,26566,3,2,1
26567,26573,7,6,1
26574,26577,4,2,2
26578,26580,3,2,1
26583,26585,3,2,1
26586,26590,5,3,2
26591,26595,5,4,1
26596,26598,3,2,1
26599,26601,3,2,1
26602,26604,3,2,1
26605,26607,3,2,1
26608,26614,7,6,1
26615,26619,5,3,2
26620,26622,3,1,2
26623,26625,3,2,1
26626,26630,5,4,1
26631,26638,8,6,2
26639,26643,5,2,3
26644,26645,2,1,1
26646,26649,4,3,1
26652,26659,8,7,1
26660,26662,3,2,1
26663,26664,2,1,1
26665,26670,6,5,1
26671,26681,11,9,2
26684,26685,2,1,1
26686,26688,3,1,2
26689,26693,5,4,1
26704,26717,14,13,1
26724,26731,8,7,1
26732,26736,5,4,1
26737,26744,8,7,1
26745,26751,7,6,1
26752,26753,2,1,1
26757,26764,8,7,1
26765,26769,5,4,1
26777,26778,2,1,1
26781,26783,3,2,1
26784,26791,8,7,1
26793,26794,2,1,1
26795,26797,3,2,1
26798,26802,5,4,1
26803,26810,8,7,1
26811,26814,4,3,1
26815,26820,6,5,1
26821,26823,3,2,1
26824,26825,2,1,1
26838,26841,4,3,1
26846,26850,5,4,1
26851,26853,3,2,1
26854,26858,5,2,3
26859,26861,3,2,1
26862,26866,5,4,1
26867,26872,6,5,1
26873,26881,9,8,1
26882,26883,2,1,1
26884,26889,6,4,2
26890,26895,6,5,1
26896,26898,3,1,2
26899,26904,6,3,3
26905,26910,6,5,1
26915,26931,17,12,5
26932,26936,5,4,1
26937,26946,10,9,1
26947,26952,6,5,1
26953,26954,2,1,1
26955,26956,2,1,1
26957,26959,3,2,1
26960,26962,3,1,2
26963,26967,5,3,2
26972,26978,7,6,1
26979,26982,4,3,1
26993,26996,4,3,1
27001,27004,4,2,2
27005,27007,3,1,2
27008,27010,3,2,1
27011,27020,10,8,2
27021,27023,3,2,1
27024,27035,12,11,1
27036,27037,2,1,1
27038,27041,4,3,1
27042,27046,5,3,2
27047,27050,4,3,1
27051,27063,13,12,1
27064,27065,2,1,1
27066,27068,3,2,1
27069,27073,5,4,1
27074,27075,2,1,1
27076,27078,3,1,2
27085,27088,4,3,1
27093,27094,2,1,1
27095,27102,8,7,1
27103,27104,2,1,1
27105,27110,6,3,3
27115,27116,2,1,1
27117,27133,17,16,1
27134,27138,5,1,4
27139,27141,3,2,1
27142,27144,3,2,1
27145,27147,3,2,1
27148,27153,6,5,1
27154,27158,5,3,2
27160,27165,6,4,2
27166,27167,2,1,1
27168,27169,2,1,1
27170,27173,4,2,2
27178,27179,2,1,1
27180,27183,4,3,1
27184,27188,5,3,2
27189,27195,7,6,1
27196,27199,4,3,1
27200,27203,4,1,3
27204,27207,4,1,3
27208,27212,5,3,2
27213,27217,5,4,1
27218,27220,3,1,2
27225,27227,3,1,2
27231,27234,4,2,2
27235,27242,8,6,2
27243,27244,2,1,1
27245,27249,5,4,1
27250,27251,2,1,1
27253,27259,7,6,1
27260,27262,3,1,2
27263,27268,6,3,3
27269,27273,5,4,1
27274,27282,9,7,2
27287,27289,3,2,1
27290,27294,5,2,3
27295,27302,8,7,1
27303,27307,5,3,2
27308,27310,3,2,1
27311,27312,2,1,1
27313,27315,3,2,1
27321,27323,3,2,1
27324,27326,3,2,1
27327,27336,10,7,3
27337,27341,5,4,1
27342,27347,6,2,4
27348,27352,5,4,1
27353,27355,3,2,1
27356,27358,3,2,1
27359,27361,3,2,1
27363,27365,3,1,2
27366,27367,2,1,1
27368,27370,3,2,1
27371,27378,8,7,1
27379,27382,4,2,2
27383,27386,4,3,1
27387,27390,4,3,1
27391,27394,4,3,1
27395,27398,4,3,1
27399,27401,3,2,1
27413,27415,3,1,2
27416,27418,3,2,1
27419,27429,11,5,6
27437,27438,2,1,1
27439,27440,2,1,1
27441,27442,2,1,1
27443,27444,2,1,1
27445,27452,8,6,2
27453,27455,3,2,1
27456,27459,4,3,1
27460,27465,6,3,3
27469,27470,2,1,1
27471,27475,5,4,1
27476,27479,4,2,2
27480,27486,7,4,3
27488,27492,5,3,2
27493,27505,13,12,1
27506,27508,3,1,2
27509,27517,9,8,1
27518,27522,5,4,1
27523,27530,8,7,1
27531,27538,8,7,1
27539,27543,5,2,3
27544,27547,4,2,2
27549,27551,3,2,1
27552,27555,4,3,1
27558,27563,6,5,1
27564,27566,3,1,2
27567,27570,4,3,1
27579,27581,3,1,2
27582,27586,5,4,1
27592,27595,4,2,2
27596,27597,2,1,1
27598,27601,4,3,1
27602,27604,3,2,1
27605,27612,8,5,3
27616,27617,2,1,1
27618,27619,2,1,1
27620,27633,14,13,1
27634,27635,2,1,1
27636,27638,3,1,2
27639,27644,6,5,1
27645,27648,4,2,2
27649,27650,2,1,1
27651,27656,6,5,1
27657,27658,2,1,1
27659,27668,10,8,2
27669,27673,5,2,3
27674,27675,2,1,1
27676,27678,3,2,1
27679,27683,5,4,1
27684,27687,4,3,1
27688,27691,4,3,1
27692,27694,3,2,1
27695,27699,5,4,1
27700,27701,2,1,1
27703,27704,2,1,1
27717,27723,7,6,1
27724,27726,3,2,1
27727,27730,4,3,1
27732,27736,5,3,2
27738,27739,2,1,1
27740,27745,6,4,2
27746,27750,5,4,1
27751,27757,7,6,1
27758,27764,7,5,2
27765,27766,2,1,1
27767,27769,3,1,2
27775,27784,10,8,2
27785,27790,6,5,1
27791,27798,8,7,1
27803,27807,5,3,2
27808,27809,2,1,1
27810,27814,5,1,4
27815,27822,8,7,1
27823,27825,3,1,2
27826,27830,5,4,1
27831,27833,3,2,1
27839,27840,2,1,1
27847,27848,2,1,1
27851,27853,3,2,1
27855,27857,3,2,1
27858,27863,6,4,2
27866,27872,7,4,3
27876,27879,4,3,1
27880,27881,2,1,1
27882,27885,4,3,1
27892,27894,3,2,1
27895,27896,2,1,1
27897,27902,6,5,1
27903,27905,3,1,2
27906,27907,2,1,1
27908,27911,4,3,1
27912,27913,2,1,1
27917,27918,2,1,1
27919,27921,3,2,1
27922,27925,4,3,1
27926,27927,2,1,1
27928,27929,2,1,1
27930,27933,4,1,3
27934,27938,5,4,1
27939,27942,4,3,1
27943,27955,13,12,1
27956,27961,6,5,1
27962,27966,5,4,1
27967,27970,4,3,1
27971,27974,4,1,3
27975,27976,2,1,1
27977,27984,8,5,3
27985,27987,3,2,1
27988,27992,5,4,1
27993,27997,5,3,2
27998,27999,2,1,1
28000,28003,4,3,1
28006,28013,8,6,2
28016,28021,6,5,1
28024,28037,14,13,1
28038,28039,2,1,1
28044,28046,3,2,1
28047,28053,7,6,1
28054,28057,4,3,1
28058,28060,3,2,1
28061,28065,5,4,1
28067,28070,4,3,1
28071,28072,2,1,1
28073,28077,5,2,3
28078,28079,2,1,1
28080,28081,2,1,1
28082,28083,2,1,1
28084,28088,5,4,1
28090,28093,4,3,1
28094,28097,4,1,3
28098,28101,4,2,2
28102,28107,6,5,1
28108,28111,4,2,2
28112,28116,5,4,1
28117,28120,4,3,1
28121,28122,2,1,1
28123,28128,6,3,3
28130,28131,2,1,1
28132,28134,3,1,2
28135,28140,6,4,2
28146,28151,6,5,1
28152,28153,2,1,1
28154,28159,6,5,1
28165,28168,4,3,1
28169,28175,7,6,1
28176,28177,2,1,1
28178,28179,2,1,1
28180,28189,10,9,1
28190,28191,2,1,1
28192,28195,4,3,1
28196,28200,5,3,2
28201,28207,7,5,2
28208,28212,5,4,1
28213,28218,6,5,1
28222,28223,2,1,1
28227,28230,4,1,3
28234,28238,5,3,2
28239,28241,3,2,1
28242,28244,3,1,2
28245,28247,3,2,1
28248,28250,3,2,1
28251,28254,4,2,2
28259,28260,2,1,1
28261,28265,5,4,1
28266,28273,8,7,1
28274,28283,10,8,2
28284,28288,5,4,1
28302,28313,12,11,1
28314,28316,3,2,1
28320,28322,3,2,1
28323,28327,5,3,2
28328,28329,2,1,1
28330,28331,2,1,1
28332,28333,2,1,1
28334,28341,8,6,2
28342,28343,2,1,1
28346,28351,6,3,3
28352,28354,3,1,2
28355,28356,2,1,1
28357,28358,2,1,1
28359,28360,2,1,1
28361,28362,2,1,1
28363,28367,5,3,2
28371,28376,6,3,3
28377,28380,4,3,1
28381,28387,7,2,5
28394,28399,6,4,2
28400,28405,6,1,5
28406,28411,6,4,2
28412,28413,2,1,1
28414,28415,2,1,1
28416,28418,3,1,2
28419,28421,3,2,1
28424,28425,2,1,1
28426,28429,4,3,1
28430,28431,2,1,1
28432,28436,5,4,1
28437,28439,3,1,2
28440,28442,3,2,1
28443,28444,2,1,1
28445,28448,4,1,3
28449,28453,5,3,2
28458,28460,3,1,2
28463,28466,4,3,1
28467,28472,6,5,1
28473,28479,7,6,1
28480,28481,2,1,1
28486,28492,7,5,2
28493,28496,4,3,1
28497,28504,8,7,1
28505,28507,3,1,2
28508,28523,16,15,1
28524,28527,4,3,1
28528,28533,6,1,5
28534,28535,2,1,1
28536,28545,10,9,1
28546,28547,2,1,1
28548,28549,2,1,1
28551,28553,3,2,1
28556,28557,2,1,1
28558,28570,13,12,1
28571,28573,3,1,2
28574,28576,3,2,1
28580,28581,2,1,1
28582,28583,2,1,1
28584,28585,2,1,1
28586,28589,4,3,1
28594,28601,8,7,1
28611,28619,9,8,1
28620,28624,5,4,1
28628,28629,2,1,1
28634,28637,4,3,1
28638,28644,7,4,3
28645,28646,2,1,1
28647,28649,3,2,1
28650,28653,4,1,3
28654,28655,2,1,1
28656,28666,11,10,1
28667,28670,4,3,1
28672,28673,2,1,1
28674,28677,4,2,2
28680,28682,3,1,2
28683,28690,8,7,1
28691,28692,2,1,1
28693,28697,5,4,1
28698,28702,5,4,1
28703,28706,4,3,1
28707,28708,2,1,1
28721,28724,4,3,1
28725,28726,2,1,1
28727,28728,2,1,1
28730,28734,5,3,2
28736,28737,2,1,1
28738,28741,4,3,1
28742,28745,4,3,1
28748,28756,9,8,1
28757,28759,3,1,2
28762,28764,3,2,1
28765,28767,3,2,1
28768,28770,3,1,2
28771,28772,2,1,1
28777,28787,11,9,2
28788,28790,3,2,1
28791,28794,4,2,2
28798,28800,3,1,2
28801,28811,11,9,2
28814,28816,3,2,1
28817,28818,2,1,1
28819,28829,11,10,1
28830,28831,2,1,1
28832,28835,4,3,1
28839,28841,3,2,1
28844,28845,2,1,1
28846,28850,5,4,1
28854,28860,7,3,4
28861,28864,4,3,1
28865,28867,3,2,1
28868,28872,5,4,1
28873,28882,10,9,1
28883,28885,3,2,1
28886,28889,4,3,1
28890,28893,4,2,2
28894,28895,2,1,1
28898,28904,7,4,3
28905,28921,17,16,1
28922,28924,3,1,2
28927,28931,5,2,3
28932,28934,3,2,1
28943,28946,4,3,1
28947,28952,6,5,1
28953,28954,2,1,1
28955,28960,6,5,1
28965,28970,6,5,1
28971,28974,4,3,1
28975,28976,2,1,1
28977,28981,5,4,1
28982,28990,9,6,3
28992,29001,10,8,2
29006,29012,7,6,1
29013,29021,9,8,1
29022,29027,6,4,2
29028,29031,4,3,1
29032,29035,4,3,1
29036,29037,2,1,1
29038,29039,2,1,1
29040,29042,3,1,2
29043,29045,3,1,2
29046,29047,2,1,1
29048,29052,5,3,2
29054,29056,3,2,1
29057,29061,5,3,2
29062,29066,5,4,1
29067,29072,6,4,2
29073,29077,5,4,1
29080,29083,4,3,1
29084,29088,5,3,2
29089,29092,4,3,1
29093,29096,4,2,2
29097,29100,4,3,1
29101,29106,6,4,2
29107,29112,6,3,3
29116,29117,2,1,1
29118,29122,5,3,2
29123,29127,5,2,3
29128,29130,3,1,2
29132,29134,3,2,1
29135,29138,4,3,1
29139,29140,2,1,1
29141,29142,2,1,1
29143,29145,3,2,1
29146,29149,4,3,1
29150,29153,4,1,3
29158,29160,3,1,2
29161,29163,3,2,1
29164,29166,3,2,1
29167,29173,7,5,2
29174,29176,3,2,1
29177,29180,4,2,2
29181,29183,3,2,1
29184,29187,4,3,1
29188,29191,4,3,1
29192,29193,2,1,1
29194,29195,2,1,1
29196,29197,2,1,1
29198,29200,3,1,2
29202,29203,2,1,1
29204,29207,4,1,3
29208,29210,3,2,1
29211,29213,3,1,2
29214,29217,4,3,1
29218,29219,2,1,1
29220,29222,3,2,1
29223,29226,4,3,1
29227,29228,2,1,1
29229,29234,6,5,1
29235,29241,7,4,3
29242,29243,2,1,1
29253,29256,4,3,1
29257,29260,4,3,1
29261,29264,4,3,1
29265,29269,5,3,2
29270,29274,5,4,1
29277,29285,9,8,1
29286,29288,3,2,1
29289,29290,2,1,1
29298,29301,4,3,1
29302,29305,4,2,2
29306,29308,3,1,2
29309,29319,11,10,1
29320,29325,6,5,1
29331,29333,3,2,1
29339,29340,2,1,1
29341,29345,5,4,1
29348,29350,3,1,2
29351,29353,3,2,1
29354,29355,2,1,1
29356,29360,5,4,1
29361,29363,3,2,1
29364,29365,2,1,1
29368,29372,5,2,3
29373,29378,6,5,1
29379,29385,7,5,2
29391,29395,5,4,1
29396,29401,6,2,4
29402,29405,4,3,1
29415,29418,4,2,2
29419,29422,4,2,2
29423,29433,11,9,2
29436,29442,7,4,3
29443,29445,3,2,1
29447,29451,5,4,1
29461,29463,3,2,1
29464,29466,3,2,1
29467,29468,2,1,1
29469,29471,3,2,1
29478,29479,2,1,1
29484,29489,6,5,1
29490,29491,2,1,1
29492,29493,2,1,1
29494,29501,8,7,1
29502,29504,3,2,1
29505,29506,2,1,1
29507,29511,5,4,1
29512,29513,2,1,1
29514,29519,6,4,2
29520,29522,3,2,1
29523,29526,4,3,1
29527,29528,2,1,1
29529,29533,5,2,3
29534,29539,6,5,1
29549,29550,2,1,1
29551,29555,5,4,1
29567,29570,4,3,1
29571,29579,9,8,1
29580,29581,2,1,1
29582,29583,2,1,1
29584,29587,4,2,2
29588,29592,5,4,1
29593,29605,13,8,5
29606,29609,4,2,2
29610,29613,4,3,1
29614,29622,9,7,2
29627,29628,2,1,1
29637,29640,4,3,1
29641,29646,6,4,2
29647,29648,2,1,1
29649,29651,3,2,1
29652,29654,3,2,1
29655,29656,2,1,1
29657,29659,3,2,1
29660,29663,4,3,1
29665,29669,5,3,2
29670,29675,6,1,5
29683,29686,4,2,2
29692,29694,3,2,1
29697,29700,4,3,1
29701,29703,3,2,1
29704,29709,6,5,1
29710,29716,7,6,1
29717,29721,5,3,2
29722,29723,2,1,1
29724,29726,3,2,1
29727,29728,2,1,1
29729,29730,2,1,1
29731,29733,3,2,1
29734,29739,6,5,1
29741,29746,6,5,1
29750,29751,2,1,1
29752,29755,4,3,1
29756,29759,4,2,2
29760,29764,5,3,2
29768,29770,3,2,1
29771,29774,4,3,1
29775,29779,5,4,1
29780,29785,6,5,1
29786,29790,5,3,2
29796,29801,6,5,1
29803,29807,5,3,2
29810,29819,10,7,3
29826,29828,3,2,1
29833,29837,5,4,1
29848,29851,4,2,2
29852,29860,9,8,1
29861,29864,4,3,1
29868,29872,5,3,2
29873,29876,4,2,2
29877,29883,7,5,2
29884,29889,6,4,2
29890,29892,3,1,2
29893,29901,9,8,1
29902,29907,6,4,2
29908,29910,3,2,1
29911,29915,5,2,3
29916,29917,2,1,1
29918,29922,5,4,1
29923,29924,2,1,1
29930,29933,4,3,1
29934,29938,5,4,1
29939,29940,2,1,1
29941,29942,2,1,1
29944,29945,2,1,1
29946,29949,4,3,1
29950,29954,5,4,1
29962,29966,5,3,2
29967,29968,2,1,1
29969,29974,6,3,3
29975,29978,4,3,1
29979,29981,3,2,1
29982,29989,8,7,1
29991,29998,8,7,1
29999,30007,9,8,1
30008,30010,3,2,1
30011,30012,2,1,1
30013,30015,3,1,2
30026,30034,9,5,4
30035,30037,3,1,2
30038,30042,5,4,1
30045,30046,2,1,1
30052,30054,3,2,1
30055,30059,5,3,2
30060,30062,3,2,1
30063,30067,5,4,1
30068,30070,3,2,1
30071,30078,8,6,2
30079,30083,5,4,1
30084,30086,3,2,1
30087,30088,2,1,1
30089,30091,3,1,2
30095,30097,3,2,1
30098,30100,3,1,2
30101,30104,4,3,1
30107,30112,6,4,2
30122,30125,4,3,1
30129,30130,2,1,1
30132,30134,3,1,2
30135,30140,6,5,1
30141,30142,2,1,1
30143,30144,2,1,1
30149,30152,4,3,1
30153,30156,4,2,2
30157,30158,2,1,1
30159,30163,5,4,1
30165,30176,12,10,2
30182,30186,5,4,1
30187,30195,9,8,1
30199,30200,2,1,1
30203,30207,5,4,1
30208,30220,13,12,1
30223,30224,2,1,1
30225,30230,6,4,2
30231,30232,2,1,1
30233,30235,3,2,1
30236,30237,2,1,1
30238,30243,6,5,1
30245,30248,4,3,1
30249,30252,4,3,1
30253,30256,4,3,1
30257,30258,2,1,1
30259,30263,5,4,1
30264,30266,3,2,1
30268,30269,2,1,1
30270,30275,6,5,1
30276,30282,7,5,2
30283,30288,6,4,2
30289,30290,2,1,1
30291,30297,7,2,5
30298,30306,9,7,2
30307,30309,3,1,2
30317,30319,3,2,1
30320,30326,7,6,1
30340,30342,3,2,1
30343,30347,5,3,2
30354,30356,3,1,2
30357,30360,4,3,1
30361,30364,4,3,1
30366,30369,4,3,1
30371,30372,2,1,1
30373,30374,2,1,1
30375,30376,2,1,1
30377,30380,4,3,1
30381,30383,3,2,1
30384,30387,4,3,1
30388,30390,3,2,1
30391,30393,3,2,1
30396,30402,7,6,1
30403,30405,3,2,1
30408,30417,10,9,1
30418,30421,4,3,1
30427,30430,4,2,2
30431,30433,3,2,1
30441,30443,3,2,1
30444,30445,2,1,1
30446,30447,2,1,1
30448,30452,5,4,1
30453,30455,3,1,2
30456,30458,3,1,2
30459,30460,2,1,1
30461,30463,3,2,1
30464,30469,6,5,1
30471,30474,4,2,2
30475,30476,2,1,1
30477,30480,4,2,2
30481,30482,2,1,1
30483,30492,10,7,3
30493,30498,6,3,3
30513,30515,3,1,2
30522,30524,3,1,2
30525,30528,4,1,3
30529,30532,4,2,2
30533,30536,4,3,1
30540,30542,3,2,1
30547,30550,4,1,3
30551,30555,5,4,1
30556,30559,4,3,1
30560,30562,3,2,1
30563,30564,2,1,1
30565,30567,3,1,2
30568,30575,8,6,2
30577,30578,2,1,1
30580,30582,3,2,1
30583,30591,9,8,1
30592,30593,2,1,1
30596,30597,2,1,1
30598,30599,2,1,1
30600,30601,2,1,1
30602,30614,13,10,3
30615,30620,6,3,3
30621,30628,8,4,4
30629,30633,5,4,1
30634,30642,9,8,1
30643,30646,4,3,1
30647,30649,3,2,1
30652,30656,5,4,1
30657,30658,2,1,1
30661,30663,3,2,1
30664,30666,3,2,1
30676,30679,4,2,2
30680,30684,5,3,2
30685,30690,6,5,1
30691,30695,5,4,1
30705,30708,4,3,1
30709,30712,4,3,1
30714,30716,3,1,2
30717,30718,2,1,1
30719,30722,4,2,2
30723,30735,13,12,1
30736,30738,3,2,1
30739,30741,3,2,1
30742,30748,7,5,2
30749,30754,6,4,2
30770,30771,2,1,1
30774,30775,2,1,1
30776,30782,7,6,1
30783,30784,2,1,1
30785,30788,4,3,1
30789,30790,2,1,1
30792,30793,2,1,1
30794,30808,15,14,1
30809,30811,3,2,1
30815,30817,3,2,1
30818,30819,2,1,1
30826,30831,6,2,4
30832,30834,3,2,1
30835,30841,7,4,3
30842,30844,3,2,1
30845,30849,5,4,1
30851,30852,2,1,1
30853,30854,2,1,1
30872,30878,7,6,1
30885,30886,2,1,1
30896,30902,7,4,3
30909,30912,4,3,1
30917,30918,2,1,1
30920,30921,2,1,1
30922,30923,2,1,1
30924,30927,4,3,1
30931,30933,3,2,1
30934,30935,2,1,1
30941,30943,3,2,1
30944,30949,6,4,2
30950,30952,3,2,1
30953,30955,3,2,1
30964,30971,8,7,1
30972,30973,2,1,1
30974,30977,4,3,1
30978,30980,3,1,2
30981,30984,4,3,1
30985,30987,3,2,1
30988,30989,2,1,1
30993,30995,3,2,1
30996,30998,3,2,1
31003,31006,4,3,1
31007,31008,2,1,1
31009,31011,3,1,2
31012,31014,3,2,1
31018,31022,5,1,4
31023,31024,2,1,1
31025,31028,4,2,2
31032,31035,4,3,1
31036,31038,3,2,1
31039,31046,8,7,1
31047,31053,7,5,2
31054,31055,2,1,1
31056,31059,4,2,2
31061,31064,4,2,2
31065,31066,2,1,1
31067,31071,5,3,2
31072,31075,4,3,1
31076,31077,2,1,1
31078,31081,4,3,1
31087,31091,5,3,2
31092,31098,7,6,1
31099,31104,6,5,1
31105,31107,3,2,1
31112,31114,3,1,2
31117,31118,2,1,1
31119,31125,7,6,1
31126,31131,6,5,1
31134,31138,5,4,1
31139,31141,3,2,1
31142,31144,3,2,1
31145,31147,3,2,1
31156,31157,2,1,1
31158,31162,5,1,4
31163,31165,3,1,2
31167,31168,2,1,1
31169,31170,2,1,1
31171,31174,4,3,1
31175,31181,7,5,2
31182,31183,2,1,1
31184,31189,6,5,1
31190,31196,7,4,3
31197,31198,2,1,1
31199,31200,2,1,1
31201,31202,2,1,1
31203,31205,3,2,1
31206,31210,5,2,3
31212,31215,4,3,1
31216,31226,11,10,1
31227,31233,7,5,2
31246,31248,3,1,2
31249,31255,7,4,3
31256,31263,8,7,1
31264,31269,6,5,1
31270,31273,4,2,2
31274,31275,2,1,1
31276,31278,3,2,1
31279,31281,3,1,2
31282,31284,3,1,2
31287,31290,4,3,1
31291,31294,4,3,1
31295,31297,3,2,1
31298,31299,2,1,1
31300,31306,7,6,1
31307,31308,2,1,1
31309,31312,4,3,1
31313,31316,4,3,1
31317,31319,3,2,1
31320,31323,4,3,1
31324,31335,12,8,4
31336,31338,3,1,2
31342,31343,2,1,1
31344,31346,3,2,1
31350,31352,3,2,1
31353,31359,7,6,1
31360,31364,5,1,4
31367,31368,2,1,1
31369,31372,4,3,1
31374,31375,2,1,1
31376,31377,2,1,1
31380,31382,3,2,1
31390,31393,4,1,3
31394,31396,3,2,1
31397,31400,4,3,1
31401,31408,8,7,1
31415,31418,4,2,2
31423,31427,5,3,2
31428,31431,4,2,2
31432,31437,6,4,2
31438,31439,2,1,1
31443,31445,3,1,2
31453,31454,2,1,1
31457,31459,3,2,1
31463,31470,8,7,1
31471,31474,4,1,3
31475,31477,3,2,1
31478,31480,3,2,1
31481,31487,7,6,1
31488,31489,2,1,1
31490,31491,2,1,1
31492,31497,6,5,1
31501,31502,2,1,1
31503,31505,3,2,1
31512,31521,10,8,2
31522,31523,2,1,1
31524,31526,3,1,2
31527,31531,5,3,2
31532,31535,4,3,1
31536,31540,5,2,3
31543,31547,5,4,1
31548,31551,4,3,1
31552,31553,2,1,1
31554,31555,2,1,1
31556,31560,5,4,1
31561,31562,2,1,1
31565,31567,3,2,1
31568,31572,5,3,2
31573,31577,5,4,1
31578,31582,5,4,1
31583,31586,4,3,1
31589,31591,3,1,2
31594,31598,5,4,1
31603,31608,6,4,2
31612,31614,3,2,1
31615,31619,5,4,1
31620,31621,2,1,1
31622,31624,3,1,2
31627,31628,2,1,1
31629,31632,4,3,1
31639,31641,3,1,2
31642,31645,4,3,1
31646,31647,2,1,1
31651,31653,3,2,1
31658,31660,3,2,1
31664,31665,2,1,1
31666,31669,4,2,2
31670,31671,2,1,1
31676,31682,7,6,1
31683,31685,3,2,1
31689,31690,2,1,1
31694,31696,3,2,1
31697,31699,3,2,1
31700,31701,2,1,1
31706,31708,3,2,1
31721,31724,4,3,1
31725,31727,3,2,1
31738,31740,3,1,2
31741,31742,2,1,1
31746,31748,3,1,2
31749,31753,5,3,2
31755,31756,2,1,1
31761,31762,2,1,1
31763,31765,3,2,1
31771,31775,5,3,2
31776,31777,2,1,1
31778,31781,4,3,1
31788,31791,4,3,1
31793,31794,2,1,1
31795,31807,13,11,2
31808,31811,4,3,1
31812,31816,5,4,1
31817,31820,4,3,1
31838,31844,7,6,1
31845,31851,7,5,2
31852,31854,3,2,1
31855,31857,3,2,1
31859,31860,2,1,1
31863,31865,3,2,1
31866,31867,2,1,1
31868,31875,8,7,1
31876,31879,4,2,2
31886,31887,2,1,1
31888,31890,3,2,1
31897,31901,5,4,1
31902,31906,5,2,3
31907,31909,3,2,1
31914,31919,6,5,1
31924,31928,5,4,1
31929,31934,6,4,2
31935,31939,5,4,1
31940,31946,7,5,2
31947,31950,4,3,1
31951,31954,4,3,1
31955,31957,3,2,1
31958,31961,4,1,3
31962,31965,4,3,1
31966,31968,3,2,1
31970,31975,6,4,2
31976,31989,14,13,1
31990,31992,3,1,2
31993,31994,2,1,1
32000,32002,3,2,1
32003,32005,3,1,2
32008,32009,2,1,1
32010,32011,2,1,1
32012,32013,2,1,1
32014,32026,13,11,2
32027,32030,4,3,1
32031,32033,3,2,1
32038,32043,6,1,5
32044,32046,3,1,2
32055,32059,5,3,2
32069,32070,2,1,1
32071,32080,10,9,1
32081,32083,3,2,1
32084,32091,8,7,1
32092,32095,4,1,3
32096,32097,2,1,1
32098,32100,3,2,1
32104,32107,4,3,1
32108,32110,3,2,1
32111,32114,4,2,2
32115,32120,6,5,1
32126,32127,2,1,1
32128,32133,6,4,2
32134,32136,3,2,1
32137,32139,3,1,2
32140,32141,2,1,1
32149,32151,3,2,1
32152,32156,5,2,3
32157,32158,2,1,1
32159,32161,3,2,1
32163,32165,3,2,1
32166,32170,5,4,1
32179,32181,3,2,1
32182,32187,6,5,1
32188,32189,2,1,1
32190,32194,5,4,1
32195,32200,6,5,1
32201,32203,3,2,1
32204,32206,3,1,2
32211,32215,5,1,4
32216,32221,6,4,2
32222,32229,8,7,1
32230,32235,6,5,1
32236,32239,4,3,1
32240,32248,9,3,6
32249,32254,6,5,1
32255,32258,4,3,1
32259,32264,6,5,1
32268,32271,4,3,1
32272,32273,2,1,1
32278,32287,10,5,5
32288,32289,2,1,1
32290,32292,3,1,2
32293,32295,3,1,2
32296,32299,4,2,2
32300,32309,10,9,1
32310,32311,2,1,1
32313,32315,3,2,1
32316,32317,2,1,1
32318,32321,4,3,1
32322,32328,7,4,3
32329,32341,13,12,1
32342,32343,2,1,1
32344,32347,4,3,1
32350,32351,2,1,1
32352,32353,2,1,1
32356,32358,3,2,1
32359,32360,2,1,1
32361,32363,3,2,1
32364,32366,3,2,1
32371,32373,3,1,2
32380,32381,2,1,1
32382,32384,3,2,1
32385,32386,2,1,1
32398,32400,3,1,2
32401,32402,2,1,1
32403,32404,2,1,1
32411,32412,2,1,1
32413,32414,2,1,1
32419,32430,12,11,1
32431,32434,4,2,2
32435,32442,8,7,1
32448,32454,7,6,1
32455,32464,10,9,1
32465,32471,7,6,1
32472,32476,5,4,1
32477,32480,4,3,1
32481,32485,5,4,1
32486,32487,2,1,1
32488,32492,5,4,1
32493,32498,6,4,2
32499,32502,4,3,1
32503,32504,2,1,1
32505,32506,2,1,1
32507,32508,2,1,1
32509,32519,11,10,1
32520,32521,2,1,1
32524,32528,5,1,4
32529,32531,3,1,2
32532,32535,4,3,1
32537,32538,2,1,1
32544,32546,3,2,1
32547,32549,3,2,1
32550,32554,5,4,1
32555,32556,2,1,1
32557,32558,2,1,1
32560,32561,2,1,1
32562,32565,4,3,1
32570,32574,5,3,2
32577,32578,2,1,1
32579,32581,3,2,1
32582,32585,4,2,2
32586,32589,4,3,1
32590,32594,5,4,1
32595,32596,2,1,1
32601,32604,4,1,3
32605,32608,4,2,2
32612,32614,3,1,2
32615,32618,4,3,1
32622,32623,2,1,1
32624,32628,5,3,2
32629,32630,2,1,1
32631,32633,3,1,2
32634,32636,3,1,2
32637,32638,2,1,1
32642,32645,4,2,2
32646,32656,11,8,3
32657,32658,2,1,1
32664,32669,6,2,4
32674,32675,2,1,1
32676,32682,7,4,3
32683,32686,4,2,2
32687,32689,3,2,1
32690,32695,6,4,2
32696,32702,7,5,2
32703,32705,3,2,1
32706,32707,2,1,1
32709,32710,2,1,1
32714,32719,6,4,2
32720,32721,2,1,1
32722,32723,2,1,1
32724,32727,4,1,3
32728,32730,3,2,1
32731,32732,2,1,1
32741,32742,2,1,1
32743,32744,2,1,1
32745,32746,2,1,1
32747,32751,5,3,2
32752,32761,10,9,1
32762,32763,2,1,1
32764,32769,6,4,2
32770,32773,4,3,1
32774,32775,2,1,1
32777,32782,6,5,1
32783,32786,4,3,1
32787,32788,2,1,1
32793,32797,5,4,1
32798,32802,5,4,1
32803,32807,5,3,2
32808,32809,2,1,1
32812,32818,7,5,2
32823,32824,2,1,1
32825,32827,3,1,2
32828,32834,7,6,1
32835,32837,3,2,1
32841,32844,4,2,2
32845,32847,3,1,2
32856,32858,3,2,1
32859,32860,2,1,1
32866,32867,2,1,1
32868,32870,3,2,1
32881,32882,2,1,1
32883,32885,3,2,1
32886,32887,2,1,1
32889,32891,3,2,1
32895,32898,4,3,1
32899,32902,4,2,2
32903,32907,5,3,2
32908,32910,3,2,1
32911,32918,8,3,5
32919,32925,7,5,2
32926,32928,3,1,2
32929,32943,15,14,1
32944,32946,3,2,1
32951,32953,3,1,2
32954,32959,6,5,1
32964,32966,3,2,1
32970,32974,5,3,2
32975,32977,3,1,2
32978,32981,4,3,1
32982,32989,8,4,4
32990,32991,2,1,1
32992,32993,2,1,1
32998,32999,2,1,1
33005,33009,5,4,1
33010,33015,6,3,3
33016,33023,8,7,1
33024,33027,4,3,1
33028,33032,5,4,1
33033,33035,3,2,1
33038,33044,7,1,6
33045,33046,2,1,1
33047,33049,3,2,1
33053,33056,4,3,1
33057,33059,3,2,1
33061,33062,2,1,1
33063,33065,3,1,2
33066,33071,6,2,4
33072,33074,3,1,2
33075,33077,3,1,2
33078,33085,8,5,3
33086,33102,17,16,1
33103,33109,7,6,1
33110,33115,6,4,2
33116,33117,2,1,1
33121,33122,2,1,1
33123,33125,3,2,1
33126,33128,3,1,2
33129,33132,4,3,1
33133,33136,4,3,1
33141,33144,4,3,1
33145,33146,2,1,1
33150,33153,4,3,1
33154,33158,5,2,3
33159,33166,8,2,6
33167,33170,4,1,3
33171,33172,2,1,1
33175,33176,2,1,1
33177,33178,2,1,1
33191,33192,2,1,1
33193,33196,4,3,1
33197,33199,3,2,1
33206,33213,8,7,1
33221,33224,4,3,1
33225,33227,3,2,1
33228,33233,6,4,2
33234,33235,2,1,1
33240,33241,2,1,1
33242,33248,7,5,2
33249,33251,3,2,1
33252,33253,2,1,1
33254,33256,3,2,1
33260,33265,6,4,2
33267,33268,2,1,1
33269,33270,2,1,1
33271,33273,3,2,1
33275,33280,6,4,2
33292,33294,3,2,1
33298,33304,7,6,1
33305,33309,5,4,1
33314,33327,14,13,1
33328,33331,4,3,1
33335,33341,7,6,1
33342,33343,2,1,1
33344,33345,2,1,1
33346,33348,3,1,2
33364,33365,2,1,1
33371,33372,2,1,1
33373,33377,5,4,1
33378,33380,3,2,1
33389,33391,3,2,1
33392,33396,5,4,1
33399,33402,4,1,3
33403,33405,3,2,1
33410,33411,2,1,1
33412,33415,4,3,1
33416,33420,5,3,2
33436,33437,2,1,1
33438,33440,3,1,2
33442,33445,4,3,1
33446,33447,2,1,1
33448,33451,4,2,2
33452,33458,7,6,1
33462,33463,2,1,1
33464,33467,4,2,2
33468,33471,4,3,1
33472,33474,3,2,1
33475,33480,6,5,1
33481,33482,2,1,1
33485,33488,4,1,3
33489,33496,8,6,2
33504,33507,4,3,1
33508,33509,2,1,1
33515,33518,4,3,1
33523,33524,2,1,1
33525,33528,4,3,1
33529,33530,2,1,1
33531,33535,5,3,2
33536,33539,4,3,1
33543,33544,2,1,1
33545,33548,4,3,1
33549,33554,6,5,1
33560,33565,6,2,4
33566,33567,2,1,1
33568,33569,2,1,1
33570,33577,8,7,1
33578,33580,3,2,1
33581,33585,5,3,2
33586,33588,3,2,1
33589,33592,4,3,1
33593,33595,3,2,1
33596,33597,2,1,1
33599,33605,7,5,2
33606,33607,2,1,1
33609,33613,5,4,1
33617,33618,2,1,1
33619,33623,5,2,3
33624,33625,2,1,1
33627,33628,2,1,1
33629,33630,2,1,1
33631,33632,2,1,1
33633,33639,7,5,2
33640,33641,2,1,1
33642,33643,2,1,1
33644,33647,4,3,1
33648,33649,2,1,1
33650,33664,15,13,2
33665,33667,3,2,1
33681,33683,3,2,1
33684,33687,4,2,2
33688,33691,4,2,2
33700,33703,4,2,2
33709,33712,4,3,1
33720,33721,2,1,1
33732,33733,2,1,1
33750,33753,4,2,2
33775,33777,3,1,2
33779,33782,4,1,3
33792,33794,3,2,1
33823,33826,4,1,3
33845,33848,4,3,1
33852,33854,3,2,1
33867,33869,3,2,1
33875,33877,3,1,2
33881,33884,4,1,3
33891,33892,2,1,1
33907,33908,2,1,1
33914,33915,2,1,1
33916,33921,6,1,5
33932,33934,3,1,2
33948,33949,2,1,1
33950,33952,3,2,1
33965,33966,2,1,1
33976,33977,2,1,1
33981,33983,3,1,2
33991,33996,6,2,4
34003,34006,4,1,3
34007,34009,3,1,2
34013,34014,2,1,1
34035,34037,3,1,2
34053,34057,5,2,3
34058,34063,6,1,5
34064,34066,3,2,1
34068,34070,3,2,1
34093,34095,3,1,2
34098,34101,4,3,1
34104,34108,5,4,1
34133,34135,3,1,2
34143,34144,2,1,1
34163,34165,3,2,1
34173,34174,2,1,1
34184,34185,2,1,1
34186,34187,2,1,1
34200,34201,2,1,1
34206,34207,2,1,1
34235,34239,5,2,3
34247,34249,3,1,2
34259,34261,3,2,1
34265,34266,2,1,1
34286,34289,4,1,3
34290,34292,3,2,1
34308,34309,2,1,1
34310,34311,2,1,1
34312,34313,2,1,1
34317,34319,3,2,1
34323,34324,2,1,1
34333,34335,3,1,2
34347,34349,3,1,2
34354,34357,4,1,3
34375,34378,4,3,1
34387,34388,2,1,1
34389,34390,2,1,1
34399,34400,2,1,1
34435,34438,4,1,3
34451,34452,2,1,1
34455,34459,5,2,3
34462,34464,3,1,2
34465,34466,2,1,1
34472,34473,2,1,1
34482,34484,3,2,1
34488,34491,4,1,3
34492,34493,2,1,1
34507,34509,3,1,2
34515,34517,3,2,1
34522,34523,2,1,1
34529,34530,2,1,1
34556,34557,2,1,1
34607,34608,2,1,1
34612,34613,2,1,1
34630,34632,3,1,2
34645,34647,3,2,1
34659,34660,2,1,1
34668,34669,2,1,1
34702,34704,3,1,2
34707,34709,3,1,2
34710,34712,3,1,2
34728,34729,2,1,1
34740,34742,3,1,2
34752,34754,3,1,2
34780,34782,3,1,2
34801,34803,3,2,1
34809,34811,3,1,2
34827,34830,4,2,2
34835,34836,2,1,1
34871,34872,2,1,1
34891,34892,2,1,1
34953,34954,2,1,1
34955,34956,2,1,1
34958,34959,2,1,1
35017,35018,2,1,1
35041,35043,3,1,2
35053,35055,3,2,1
35080,35081,2,1,1
35158,35159,2,1,1
35167,35169,3,1,2
35170,35172,3,1,2
35179,35181,3,1,2
35186,35187,2,1,1
35211,35213,3,1,2
35227,35230,4,1,3
35283,35284,2,1,1
35285,35287,3,1,2
35288,35289,2,1,1
35292,35294,3,2,1
35299,35301,3,1,2
35306,35308,3,1,2
35323,35325,3,1,2
35330,35332,3,1,2
35336,35338,3,2,1
35370,35371,2,1,1
35372,35373,2,1,1
35411,35412,2,1,1
35415,35416,2,1,1
35417,35418,2,1,1
35432,35433,2,1,1
35454,35456,3,1,2
35515,35521,7,1,6
35522,35524,3,1,2
35541,35542,2,1,1
35564,35565,2,1,1
35582,35584,3,2,1
35589,35591,3,2,1
35597,35598,2,1,1
35624,35625,2,1,1
35642,35643,2,1,1
35697,35698,2,1,1
35702,35704,3,1,2
35705,35706,2,1,1
35721,35723,3,2,1
35736,35737,2,1,1
35752,35755,4,1,3
35773,35775,3,1,2
35779,35780,2,1,1
35782,35785,4,1,3
35795,35796,2,1,1
35798,35801,4,2,2
35818,35822,5,2,3
35823,35825,3,2,1
35839,35840,2,1,1
35860,35861,2,1,1
35869,35871,3,1,2
35904,35905,2,1,1
35910,35911,2,1,1
35931,35936,6,1,5
35939,35940,2,1,1
35947,35948,2,1,1
35957,35958,2,1,1
35971,35973,3,2,1
35975,35977,3,2,1
35981,35983,3,2,1
36026,36027,2,1,1
36038,36041,4,1,3
36060,36061,2,1,1
36075,36076,2,1,1
36103,36104,2,1,1
36128,36129,2,1,1
36156,36158,3,1,2
36231,36233,3,2,1
36241,36243,3,2,1
36249,36250,2,1,1
36261,36262,2,1,1
36268,36269,2,1,1
36272,36274,3,1,2
36287,36288,2,1,1
36289,36290,2,1,1
36296,36297,2,1,1
36298,36300,3,1,2
36326,36327,2,1,1
36343,36345,3,2,1
36373,36374,2,1,1
36393,36394,2,1,1
36440,36441,2,1,1
36451,36452,2,1,1
36453,36454,2,1,1
36466,36467,2,1,1
36468,36469,2,1,1
36542,36544,3,2,1
36568,36569,2,1,1
36631,36633,3,1,2
36659,36661,3,2,1
36689,36691,3,1,2
36700,36701,2,1,1
36703,36705,3,2,1
36724,36725,2,1,1
36726,36727,2,1,1
36732,36733,2,1,1
36736,36739,4,2,2
36772,36773,2,1,1
36810,36812,3,2,1
36814,36815,2,1,1
36816,36817,2,1,1
36821,36822,2,1,1
36832,36834,3,2,1
36844,36845,2,1,1
36851,36852,2,1,1
36856,36857,2,1,1
36862,36863,2,1,1
36896,36898,3,1,2
36902,36904,3,1,2
36907,36908,2,1,1
36912,36913,2,1,1
36914,36917,4,2,2
36928,36929,2,1,1
36990,36993,4,1,3
36997,36998,2,1,1
37004,37005,2,1,1
37015,37016,2,1,1
37039,37042,4,1,3
37056,37058,3,1,2
37060,37062,3,1,2
37120,37121,2,1,1
37131,37133,3,2,1
37175,37177,3,1,2
37197,37199,3,2,1
37202,37205,4,1,3
37222,37224,3,2,1
37249,37250,2,1,1
37268,37269,2,1,1
37282,37283,2,1,1
37286,37289,4,1,3
37306,37307,2,1,1
37310,37312,3,1,2
37321,37323,3,1,2
37342,37344,3,1,2
37393,37394,2,1,1
37410,37411,2,1,1
37416,37417,2,1,1
37420,37421,2,1,1
37442,37443,2,1,1
37570,37572,3,1,2
37591,37594,4,1,3
37599,37601,3,2,1
37608,37611,4,1,3
37616,37617,2,1,1
37627,37629,3,2,1
37685,37686,2,1,1
37742,37743,2,1,1
37749,37752,4,2,2
37771,37774,4,1,3
37775,37776,2,1,1
37787,37789,3,1,2
37803,37804,2,1,1
37812,37814,3,1,2
37840,37841,2,1,1
37853,37855,3,2,1
37863,37865,3,1,2
37885,37886,2,1,1
37904,37905,2,1,1
37915,37916,2,1,1
37917,37920,4,1,3
37982,37985,4,2,2
38041,38043,3,2,1
38056,38058,3,2,1
38059,38061,3,2,1
38071,38073,3,2,1
38082,38083,2,1,1
38100,38102,3,1,2
38158,38159,2,1,1
38165,38166,2,1,1
38209,38210,2,1,1
38267,38270,4,1,3
38279,38280,2,1,1
38290,38291,2,1,1
38306,38307,2,1,1
38313,38314,2,1,1
38325,38326,2,1,1
38345,38346,2,1,1
38372,38374,3,2,1
38375,38376,2,1,1
38404,38406,3,1,2
38423,38424,2,1,1
38449,38450,2,1,1
38507,38508,2,1,1
38518,38521,4,2,2
38527,38531,5,2,3
38535,38536,2,1,1
38537,38538,2,1,1
38540,38541,2,1,1
38572,38573,2,1,1
38574,38575,2,1,1
38594,38595,2,1,1
38614,38615,2,1,1
38629,38630,2,1,1
38639,38641,3,1,2
38672,38675,4,1,3
38679,38681,3,1,2
38691,38692,2,1,1
38697,38698,2,1,1
38722,38723,2,1,1
38724,38725,2,1,1
38757,38759,3,1,2
38792,38793,2,1,1
38808,38809,2,1,1
38810,38813,4,1,3
38848,38849,2,1,1
38850,38851,2,1,1
38880,38882,3,1,2
38887,38889,3,1,2
38935,38938,4,1,3
38939,38941,3,2,1
38954,38955,2,1,1
38957,38961,5,2,3
38985,38987,3,2,1
39010,39014,5,2,3
39018,39019,2,1,1
39023,39024,2,1,1
39026,39027,2,1,1
39049,39052,4,1,3
39080,39081,2,1,1
39084,39085,2,1,1
39092,39093,2,1,1
39125,39126,2,1,1
39128,39129,2,1,1
39139,39140,2,1,1
39176,39177,2,1,1
39187,39189,3,1,2
39209,39214,6,3,3
39216,39218,3,2,1
39243,39244,2,1,1
39252,39258,7,3,4
39261,39263,3,1,2
39314,39316,3,1,2
39325,39327,3,1,2
39341,39342,2,1,1
39379,39382,4,1,3
39383,39384,2,1,1
39407,39408,2,1,1
39410,39413,4,2,2
39421,39425,5,2,3
39452,39453,2,1,1
39510,39511,2,1,1
39512,39514,3,1,2
39528,39529,2,1,1
39564,39567,4,1,3
39598,39599,2,1,1
39637,39638,2,1,1
39648,39649,2,1,1
39717,39719,3,1,2
39720,39721,2,1,1
39761,39762,2,1,1
39773,39775,3,2,1
39798,39799,2,1,1
39812,39813,2,1,1
39817,39819,3,1,2
39832,39835,4,2,2
39862,39863,2,1,1
39879,39880,2,1,1
39881,39882,2,1,1
39892,39894,3,2,1
39959,39961,3,1,2
39978,39986,9,2,7
40046,40047,2,1,1
40076,40077,2,1,1
40078,40079,2,1,1
40142,40143,2,1,1
40150,40153,4,1,3
40179,40180,2,1,1
40194,40196,3,2,1
40197,40198,2,1,1
40219,40221,3,1,2
40258,40259,2,1,1
40260,40261,2,1,1
40280,40282,3,2,1
40287,40289,3,1,2
40292,40293,2,1,1
40294,40296,3,1,2
40303,40304,2,1,1
40305,40306,2,1,1
40335,40336,2,1,1
40352,40355,4,1,3
40362,40364,3,2,1
40404,40405,2,1,1
40413,40414,2,1,1
40418,40419,2,1,1
40430,40432,3,2,1
40434,40436,3,1,2
40544,40545,2,1,1
40552,40554,3,2,1
40577,40578,2,1,1
40584,40588,5,1,4
40602,40604,3,2,1
40606,40607,2,1,1
40611,40612,2,1,1
40613,40616,4,1,3
40638,40639,2,1,1
40685,40686,2,1,1
40719,40722,4,2,2
40739,40741,3,1,2
40752,40753,2,1,1
40754,40758,5,3,2
40770,40772,3,1,2
40783,40784,2,1,1
40796,40802,7,1,6
40809,40812,4,2,2
40817,40818,2,1,1
40896,40897,2,1,1
40913,40914,2,1,1
40932,40934,3,2,1
40989,40990,2,1,1
41009,41010,2,1,1
41118,41119,2,1,1
41124,41126,3,1,2
41137,41138,2,1,1
41170,41171,2,1,1
41243,41245,3,2,1
41261,41262,2,1,1
41276,41277,2,1,1
41279,41280,2,1,1
41293,41294,2,1,1
41295,41299,5,2,3
41309,41311,3,1,2
41344,41347,4,1,3
41352,41353,2,1,1
41370,41373,4,1,3
41423,41425,3,2,1
41433,41436,4,1,3
41439,41441,3,1,2
41457,41458,2,1,1
41462,41464,3,1,2
41470,41472,3,1,2
41475,41476,2,1,1
41479,41481,3,1,2
41493,41494,2,1,1
41497,41500,4,2,2
41518,41519,2,1,1
41520,41521,2,1,1
41527,41528,2,1,1
41544,41547,4,2,2
41565,41566,2,1,1
41567,41568,2,1,1
41570,41574,5,2,3
41626,41627,2,1,1
41633,41635,3,2,1
41636,41639,4,3,1
41695,41696,2,1,1
41697,41698,2,1,1
41748,41749,2,1,1
41802,41803,2,1,1
41810,41811,2,1,1
41844,41845,2,1,1
41853,41856,4,3,1
41887,41889,3,1,2
41895,41896,2,1,1
41906,41907,2,1,1
41915,41916,2,1,1
41918,41919,2,1,1
41939,41942,4,1,3
41947,41948,2,1,1
41949,41950,2,1,1
41976,41978,3,1,2
41982,41983,2,1,1
41986,41988,3,1,2
42010,42011,2,1,1
42044,42046,3,2,1
42067,42068,2,1,1
42141,42142,2,1,1
42151,42154,4,3,1
42161,42162,2,1,1
42166,42170,5,4,1
42177,42178,2,1,1
42186,42188,3,2,1
42189,42190,2,1,1
42196,42197,2,1,1
42203,42204,2,1,1
42233,42234,2,1,1
42237,42241,5,1,4
42253,42256,4,1,3
42270,42272,3,1,2
42273,42274,2,1,1
42280,42283,4,1,3
42288,42289,2,1,1
42300,42302,3,1,2
42304,42306,3,1,2
42331,42333,3,2,1
42348,42350,3,2,1
42355,42356,2,1,1
42357,42363,7,1,6
42367,42368,2,1,1
42372,42373,2,1,1
42382,42383,2,1,1
42394,42395,2,1,1
42397,42399,3,1,2
42405,42408,4,1,3
42412,42416,5,1,4
42417,42418,2,1,1
42422,42424,3,1,2
42455,42456,2,1,1
42457,42459,3,2,1
42466,42467,2,1,1
42498,42503,6,2,4
42506,42509,4,3,1
42524,42526,3,1,2
42545,42546,2,1,1
42556,42558,3,1,2
42569,42571,3,1,2
42583,42587,5,1,4
42607,42608,2,1,1
42609,42612,4,1,3
42613,42614,2,1,1
42620,42621,2,1,1
42639,42641,3,1,2
42657,42660,4,1,3
42705,42706,2,1,1
42741,42742,2,1,1
42757,42760,4,1,3
42773,42775,3,1,2
42807,42808,2,1,1
42811,42813,3,1,2
42823,42826,4,1,3
42831,42834,4,2,2
42843,42845,3,1,2
42858,42861,4,3,1
42867,42869,3,1,2
42895,42896,2,1,1
42914,42918,5,1,4
42923,42924,2,1,1
42932,42935,4,1,3
42944,42947,4,3,1
42973,42974,2,1,1
42977,42979,3,2,1
42988,42991,4,1,3
43001,43004,4,1,3
43023,43026,4,1,3
43028,43030,3,2,1
43042,43044,3,1,2
43054,43056,3,1,2
43100,43102,3,1,2
43117,43118,2,1,1
43139,43140,2,1,1
43183,43184,2,1,1
43206,43207,2,1,1
43225,43227,3,1,2
43302,43308,7,1,6
43328,43329,2,1,1
43406,43407,2,1,1
43425,43427,3,1,2
43434,43436,3,2,1
43453,43454,2,1,1
43468,43470,3,1,2
43517,43519,3,1,2
43594,43595,2,1,1
43612,43614,3,2,1
43620,43621,2,1,1
43651,43653,3,1,2
43664,43665,2,1,1
43671,43673,3,2,1
43712,43713,2,1,1
43714,43718,5,2,3
43746,43747,2,1,1
43775,43776,2,1,1
43786,43787,2,1,1
43801,43802,2,1,1
43819,43820,2,1,1
43844,43846,3,1,2
43851,43855,5,2,3
43859,43860,2,1,1
43869,43871,3,2,1
43874,43875,2,1,1
43904,43905,2,1,1
43911,43913,3,1,2
43917,43920,4,1,3
43932,43933,2,1,1
43939,43942,4,1,3
43943,43945,3,1,2
43954,43955,2,1,1
43961,43963,3,1,2
43970,43972,3,1,2
43986,43988,3,1,2
44047,44049,3,2,1
44069,44071,3,1,2
44079,44081,3,1,2
44094,44096,3,2,1
44103,44104,2,1,1
44165,44167,3,2,1
44205,44206,2,1,1
44217,44218,2,1,1
44262,44263,2,1,1
44267,44268,2,1,1
44275,44277,3,1,2
44304,44305,2,1,1
44384,44386,3,1,2
44399,44401,3,2,1
44423,44426,4,1,3
44427,44429,3,2,1
44437,44438,2,1,1
44448,44449,2,1,1
44466,44467,2,1,1
44478,44480,3,1,2
44520,44522,3,1,2
44549,44550,2,1,1
44592,44593,2,1,1
44600,44601,2,1,1
44603,44604,2,1,1
44615,44618,4,3,1
44652,44653,2,1,1
44672,44676,5,1,4
44683,44684,2,1,1
44705,44707,3,2,1
44735,44737,3,2,1
44775,44779,5,3,2
44783,44784,2,1,1
44787,44788,2,1,1
44791,44793,3,1,2
44798,44799,2,1,1
44811,44812,2,1,1
44815,44816,2,1,1
44819,44820,2,1,1
44845,44846,2,1,1
44860,44862,3,1,2
44893,44896,4,1,3
44903,44908,6,1,5
44910,44912,3,1,2
44941,44943,3,1,2
44947,44950,4,1,3
44951,44952,2,1,1
44967,44971,5,2,3
45027,45030,4,2,2
45046,45048,3,1,2
45058,45060,3,1,2
45071,45072,2,1,1
45079,45080,2,1,1
45094,45096,3,2,1
45123,45124,2,1,1
45144,45145,2,1,1
45159,45161,3,1,2
45163,45164,2,1,1
45186,45187,2,1,1
45191,45193,3,1,2
45194,45196,3,1,2
45222,45224,3,1,2
45238,45239,2,1,1
45241,45243,3,1,2
45275,45277,3,1,2
45299,45300,2,1,1
45334,45335,2,1,1
45346,45347,2,1,1
45385,45386,2,1,1
45389,45390,2,1,1
45395,45397,3,1,2
45402,45404,3,1,2
45412,45413,2,1,1
45457,45458,2,1,1
45461,45464,4,1,3
45491,45492,2,1,1
45502,45503,2,1,1
45536,45537,2,1,1
45552,45554,3,1,2
45568,45570,3,1,2
45604,45608,5,1,4
45617,45618,2,1,1
45624,45625,2,1,1
45627,45628,2,1,1
45712,45713,2,1,1
45727,45729,3,1,2
45745,45746,2,1,1
45788,45791,4,1,3
45810,45811,2,1,1
45838,45839,2,1,1
45850,45851,2,1,1
45880,45881,2,1,1
45901,45902,2,1,1
45968,45970,3,2,1
45980,45982,3,1,2
46012,46013,2,1,1
46049,46050,2,1,1
46070,46071,2,1,1
46098,46099,2,1,1
46103,46104,2,1,1
46118,46119,2,1,1
46128,46131,4,1,3
46147,46151,5,1,4
46157,46159,3,2,1
46178,46179,2,1,1
46180,46182,3,2,1
46185,46186,2,1,1
46224,46226,3,2,1
46246,46247,2,1,1
46285,46286,2,1,1
46317,46321,5,2,3
46403,46404,2,1,1
46410,46411,2,1,1
46432,46435,4,1,3
46457,46460,4,1,3
46508,46509,2,1,1
46529,46530,2,1,1
46537,46541,5,2,3
46543,46545,3,2,1
46593,46600,8,3,5
46616,46617,2,1,1
46672,46673,2,1,1
46682,46684,3,2,1
46691,46694,4,1,3
46698,46699,2,1,1
46739,46740,2,1,1
46756,46759,4,3,1
46774,46776,3,2,1
46779,46781,3,2,1
46809,46810,2,1,1
46835,46836,2,1,1
46882,46884,3,2,1
46904,46907,4,3,1
46910,46911,2,1,1
46912,46915,4,3,1
46921,46925,5,1,4
47018,47019,2,1,1
47031,47038,8,3,5
47091,47092,2,1,1
47105,47106,2,1,1
47117,47118,2,1,1
47135,47136,2,1,1
47137,47139,3,1,2
47165,47166,2,1,1
47167,47170,4,1,3
47171,47172,2,1,1
47182,47184,3,1,2
47189,47190,2,1,1
47197,47198,2,1,1
47207,47210,4,2,2
47219,47221,3,2,1
47225,47226,2,1,1
47261,47262,2,1,1
47273,47275,3,2,1
47304,47305,2,1,1
47331,47334,4,2,2
47343,47345,3,1,2
47364,47365,2,1,1
47366,47367,2,1,1
47369,47370,2,1,1
47461,47463,3,1,2
47506,47508,3,1,2
47509,47510,2,1,1
47524,47525,2,1,1
47547,47548,2,1,1
47549,47550,2,1,1
47554,47555,2,1,1
47556,47558,3,2,1
47561,47564,4,1,3
47566,47568,3,2,1
47586,47589,4,1,3
47590,47591,2,1,1
47629,47631,3,2,1
47638,47639,2,1,1
47683,47686,4,1,3
47818,47819,2,1,1
47855,47857,3,2,1
47868,47871,4,3,1
47876,47878,3,1,2
47879,47880,2,1,1
47883,47885,3,1,2
47895,47898,4,2,2
47910,47912,3,1,2
47915,47916,2,1,1
47917,47919,3,2,1
47921,47923,3,1,2
47924,47925,2,1,1
47936,47938,3,1,2
47945,47946,2,1,1
47947,47950,4,2,2
47953,47954,2,1,1
47958,47960,3,1,2
47961,47963,3,2,1
47981,47985,5,2,3
48020,48021,2,1,1
48063,48064,2,1,1
48110,48111,2,1,1
48207,48208,2,1,1
48312,48314,3,2,1
48443,48448,6,5,1
48453,48455,3,1,2
48626,48629,4,1,3
48863,48864,2,1,1
48925,48926,2,1,1
48936,48937,2,1,1
48941,48942,2,1,1
48946,48947,2,1,1
48955,48956,2,1,1
48969,48970,2,1,1
48990,48992,3,2,1
49007,49009,3,1,2
49040,49041,2,1,1
49055,49056,2,1,1
49060,49061,2,1,1
49088,49089,2,1,1
49187,49190,4,3,1
49191,49193,3,2,1
49203,49204,2,1,1
49223,49224,2,1,1
49252,49253,2,1,1
49260,49261,2,1,1
49323,49326,4,2,2
49350,49351,2,1,1
49367,49369,3,1,2
49372,49375,4,2,2
49386,49387,2,1,1
49399,49400,2,1,1
49424,49425,2,1,1
49437,49439,3,2,1
49445,49446,2,1,1
49518,49520,3,1,2
49525,49526,2,1,1
49562,49566,5,1,4
49582,49583,2,1,1
49649,49650,2,1,1
49691,49692,2,1,1
49696,49698,3,1,2
49709,49710,2,1,1
49711,49714,4,1,3
49716,49719,4,1,3
49734,49736,3,2,1
49772,49773,2,1,1
49816,49819,4,1,3
49824,49827,4,1,3
49836,49839,4,1,3
49852,49854,3,1,2
49868,49869,2,1,1
49891,49892,2,1,1
49901,49902,2,1,1
49903,49905,3,1,2
49910,49911,2,1,1
49953,49954,2,1,1
49959,49962,4,1,3
49963,49964,2,1,1
49978,49979,2,1,1
50032,50033,2,1,1
50082,50086,5,3,2
50091,50094,4,1,3
50099,50100,2,1,1
50139,50141,3,1,2
50202,50206,5,1,4
50239,50240,2,1,1
50394,50395,2,1,1
50428,50429,2,1,1
50435,50436,2,1,1
50447,50449,3,1,2
50595,50600,6,1,5
50664,50665,2,1,1
50670,50672,3,2,1
50694,50695,2,1,1
50696,50701,6,3,3
51072,51074,3,1,2
51075,51076,2,1,1
51121,51123,3,2,1
51124,51127,4,1,3
51169,51170,2,1,1
51175,51176,2,1,1
51184,51185,2,1,1
51191,51192,2,1,1
51209,51210,2,1,1
51211,51212,2,1,1
51224,51225,2,1,1
51332,51334,3,2,1
51356,51358,3,1,2
51360,51362,3,1,2
51371,51372,2,1,1
51431,51432,2,1,1
51437,51439,3,2,1
51440,51441,2,1,1
51445,51446,2,1,1
51459,51461,3,1,2
51462,51465,4,2,2
51479,51480,2,1,1
51482,51483,2,1,1
51548,51549,2,1,1
51612,51614,3,1,2
51855,51856,2,1,1
51890,51891,2,1,1
52030,52031,2,1,1
52106,52108,3,1,2
52246,52247,2,1,1
52259,52260,2,1,1
52275,52276,2,1,1
52286,52288,3,1,2
52320,52321,2,1,1
52391,52393,3,2,1
52420,52422,3,1,2
52556,52557,2,1,1
52575,52576,2,1,1
52654,52655,2,1,1
52665,52668,4,1,3
52680,52682,3,2,1
52717,52720,4,1,3
52739,52742,4,2,2
52825,52827,3,1,2
52838,52840,3,1,2
52887,52888,2,1,1
52938,52940,3,1,2
52969,52970,2,1,1
53008,53009,2,1,1
53028,53029,2,1,1
53048,53050,3,2,1
53121,53122,2,1,1
53126,53130,5,1,4
53132,53133,2,1,1
53155,53157,3,1,2
53204,53205,2,1,1
53220,53222,3,2,1
53249,53251,3,1,2
53256,53257,2,1,1
53313,53314,2,1,1
53337,53338,2,1,1
53361,53362,2,1,1
53379,53380,2,1,1
53411,53412,2,1,1
53421,53422,2,1,1
53441,53442,2,1,1
53455,53457,3,1,2
53523,53524,2,1,1
53531,53532,2,1,1
53548,53549,2,1,1
53577,53579,3,2,1
53653,53654,2,1,1
53655,53656,2,1,1
53776,53777,2,1,1
53820,53821,2,1,1
54027,54028,2,1,1
54058,54059,2,1,1
54096,54097,2,1,1
54151,54152,2,1,1
54215,54216,2,1,1
54222,54223,2,1,1
54285,54286,2,1,1
54312,54313,2,1,1
54489,54490,2,1,1
54614,54615,2,1,1
54637,54638,2,1,1
54651,54652,2,1,1
54673,54674,2,1,1
54706,54707,2,1,1
54754,54755,2,1,1
54808,54809,2,1,1
54821,54823,3,1,2
54867,54868,2,1,1
54889,54890,2,1,1
54909,54910,2,1,1
54949,54950,2,1,1
55033,55034,2,1,1
55139,55140,2,1,1
55217,55218,2,1,1
55244,55245,2,1,1
55255,55256,2,1,1
55338,55339,2,1,1
55374,55377,4,2,2
55474,55476,3,1,2
55485,55486,2,1,1
55504,55505,2,1,1
55519,55520,2,1,1
55523,55524,2,1,1
55532,55533,2,1,1
55551,55552,2,1,1
55648,55649,2,1,1
55679,55680,2,1,1
55724,55727,4,1,3
55762,55763,2,1,1
55812,55813,2,1,1
55849,55850,2,1,1
55877,55878,2,1,1
55976,55977,2,1,1
56012,56016,5,1,4
56024,56025,2,1,1
56114,56115,2,1,1
56278,56279,2,1,1
56359,56360,2,1,1
56393,56394,2,1,1
56406,56407,2,1,1
56600,56601,2,1,1
56639,56641,3,2,1
56706,56707,2,1,1
56753,56754,2,1,1
56822,56825,4,3,1
56843,56845,3,1,2
56846,56847,2,1,1
56849,56850,2,1,1
56976,56977,2,1,1
56994,56998,5,1,4
57033,57037,5,4,1
57153,57155,3,1,2
57170,57171,2,1,1
57253,57255,3,1,2
57305,57306,2,1,1
57354,57355,2,1,1
57399,57403,5,1,4
57526,57527,2,1,1
57638,57641,4,2,2
57651,57653,3,2,1
57654,57656,3,2,1
57773,57775,3,1,2
57862,57865,4,1,3
57899,57900,2,1,1
57904,57905,2,1,1
57927,57928,2,1,1
57935,57938,4,3,1
57939,57943,5,4,1
57947,57949,3,1,2
57950,57957,8,4,4
58025,58026,2,1,1
58027,58038,12,2,10
58044,58046,3,1,2
58047,58048,2,1,1
58050,58054,5,1,4
58064,58065,2,1,1
58082,58084,3,1,2
58085,58088,4,1,3
58089,58092,4,2,2
58101,58103,3,1,2
58107,58108,2,1,1
58109,58110,2,1,1
58111,58115,5,2,3
58116,58117,2,1,1
58127,58128,2,1,1
58130,58132,3,1,2
58135,58136,2,1,1
58137,58142,6,4,2
58143,58148,6,2,4
58149,58157,9,8,1
58191,58194,4,3,1
58208,58210,3,1,2
58211,58215,5,1,4
58216,58217,2,1,1
58229,58232,4,1,3
58233,58234,2,1,1
58252,58253,2,1,1
58255,58257,3,1,2
58259,58266,8,7,1
58267,58269,3,1,2
58270,58271,2,1,1
58272,58273,2,1,1
58274,58275,2,1,1
58285,58287,3,1,2
58288,58290,3,2,1
58291,58295,5,4,1
58296,58298,3,2,1
58303,58305,3,2,1
58306,58309,4,2,2
58311,58312,2,1,1
58313,58316,4,3,1
58317,58318,2,1,1
58332,58335,4,2,2
58336,58340,5,4,1
58344,58348,5,1,4
58356,58357,2,1,1
58358,58365,8,5,3
58371,58372,2,1,1
58378,58380,3,2,1
58382,58386,5,3,2
58404,58406,3,1,2
58407,58410,4,2,2
58416,58417,2,1,1
58429,58434,6,3,3
58435,58440,6,3,3
58454,58455,2,1,1
58461,58463,3,2,1
58464,58465,2,1,1
58471,58472,2,1,1
58473,58474,2,1,1
58475,58477,3,1,2
58486,58487,2,1,1
58488,58490,3,1,2
58494,58499,6,4,2
58508,58511,4,1,3
58512,58513,2,1,1
58514,58515,2,1,1
58516,58519,4,1,3
58528,58529,2,1,1
58530,58534,5,1,4
58541,58546,6,3,3
58565,58568,4,3,1
58569,58570,2,1,1
58571,58574,4,2,2
58584,58590,7,1,6
58591,58592,2,1,1
58593,58594,2,1,1
58596,58599,4,1,3
58603,58605,3,2,1
58606,58610,5,1,4
58612,58613,2,1,1
58620,58621,2,1,1
58622,58624,3,1,2
58625,58626,2,1,1
58627,58628,2,1,1
58632,58633,2,1,1
58634,58635,2,1,1
58636,58640,5,3,2
58642,58644,3,2,1
58652,58653,2,1,1
58660,58662,3,2,1
58663,58664,2,1,1
58665,58666,2,1,1
58667,58668,2,1,1
58670,58674,5,3,2
58675,58676,2,1,1
58677,58678,2,1,1
58679,58685,7,6,1
58686,58689,4,1,3
58694,58698,5,1,4
58702,58703,2,1,1
58704,58705,2,1,1
58707,58713,7,1,6
58726,58727,2,1,1
58748,58751,4,3,1
58752,58754,3,2,1
58768,58769,2,1,1
58848,58854,7,5,2
58855,58856,2,1,1
58860,58864,5,3,2
58872,58875,4,1,3
58876,58878,3,1,2
58888,58891,4,1,3
58896,58897,2,1,1
58898,58899,2,1,1
58906,58907,2,1,1
58921,58922,2,1,1
58927,58929,3,1,2
58930,58931,2,1,1
58932,58936,5,1,4
58939,58940,2,1,1
58955,58956,2,1,1
58957,58959,3,1,2
58968,58970,3,2,1
58974,58979,6,2,4
59011,59012,2,1,1
59013,59014,2,1,1
59018,59021,4,1,3
59024,59026,3,2,1
59031,59033,3,2,1
59034,59039,6,3,3
59041,59042,2,1,1
59043,59044,2,1,1
59045,59046,2,1,1
59049,59050,2,1,1
59051,59052,2,1,1
59054,59058,5,3,2
59062,59066,5,1,4
59067,59069,3,1,2
59103,59105,3,1,2
59111,59114,4,2,2
59144,59145,2,1,1
59148,59151,4,1,3
59152,59157,6,1,5
59158,59160,3,1,2
59168,59173,6,4,2
59183,59185,3,2,1
59186,59190,5,2,3
59202,59203,2,1,1
59204,59206,3,1,2
59211,59216,6,1,5
59217,59221,5,1,4
59222,59223,2,1,1
59228,59230,3,2,1
59231,59243,13,1,12
59252,59254,3,1,2
59261,59262,2,1,1
59266,59271,6,5,1
59287,59289,3,1,2
59305,59306,2,1,1
59307,59309,3,1,2
59312,59314,3,2,1
59315,59316,2,1,1
59317,59321,5,3,2
59322,59326,5,1,4
59329,59331,3,2,1
59336,59338,3,2,1
59362,59365,4,1,3
59371,59374,4,1,3
59375,59377,3,1,2
59378,59380,3,2,1
59386,59387,2,1,1
59389,59391,3,1,2
59392,59394,3,2,1
59397,59398,2,1,1
59399,59401,3,1,2
59404,59408,5,4,1
59418,59420,3,1,2
59424,59427,4,3,1
59431,59432,2,1,1
59433,59435,3,2,1
59436,59439,4,1,3
59441,59442,2,1,1
59446,59448,3,2,1
59449,59450,2,1,1
59451,59453,3,1,2
59454,59456,3,2,1
59457,59458,2,1,1
59459,59460,2,1,1
59461,59464,4,2,2
59470,59471,2,1,1
59472,59473,2,1,1
59482,59488,7,6,1
59511,59518,8,1,7
59519,59522,4,3,1
59523,59525,3,2,1
59526,59528,3,2,1
59534,59539,6,4,2
59540,59541,2,1,1
59545,59548,4,1,3
59549,59550,2,1,1
59551,59552,2,1,1
59558,59562,5,1,4
59564,59569,6,1,5
59579,59581,3,1,2
59584,59585,2,1,1
59588,59590,3,2,1
59595,59596,2,1,1
59602,59603,2,1,1
59604,59605,2,1,1
59620,59622,3,1,2
59623,59625,3,1,2
59626,59628,3,1,2
59670,59674,5,2,3
59688,59690,3,1,2
59691,59699,9,1,8
59700,59704,5,1,4
59714,59715,2,1,1
59736,59737,2,1,1
59750,59751,2,1,1
59789,59792,4,1,3
59799,59802,4,1,3
59815,59818,4,1,3
59822,59825,4,1,3
59844,59846,3,2,1
59847,59849,3,2,1
59850,59854,5,2,3
59863,59874,12,2,10
59875,59884,10,3,7
59891,59892,2,1,1
59899,59900,2,1,1
59904,59905,2,1,1
59906,59908,3,1,2
59909,59910,2,1,1
59944,59946,3,2,1
59947,59948,2,1,1
59966,59967,2,1,1
60022,60024,3,1,2
60034,60037,4,1,3
60044,60045,2,1,1
60073,60074,2,1,1
60092,60093,2,1,1
60103,60104,2,1,1
60105,60106,2,1,1
60108,60111,4,3,1
60118,60120,3,1,2
60125,60126,2,1,1
60156,60157,2,1,1
60180,60181,2,1,1
60184,60192,9,1,8
60209,60212,4,1,3
60213,60214,2,1,1
60215,60221,7,2,5
60227,60231,5,3,2
60257,60258,2,1,1
60297,60300,4,1,3
60328,60331,4,2,2
60332,60334,3,2,1
60364,60365,2,1,1
60375,60377,3,1,2
60404,60406,3,1,2
60407,60408,2,1,1
60409,60411,3,2,1
60412,60415,4,1,3
60418,60419,2,1,1
60427,60430,4,3,1
60431,60433,3,2,1
60434,60435,2,1,1
60436,60440,5,2,3
60441,60443,3,2,1
60444,60451,8,5,3
60452,60454,3,2,1
60461,60465,5,2,3
60466,60477,12,11,1
60478,60482,5,1,4
60483,60484,2,1,1
60485,60492,8,1,7
60493,60498,6,4,2
60499,60502,4,2,2
60503,60504,2,1,1
60505,60507,3,1,2
60508,60515,8,1,7
60516,60519,4,2,2
60520,60540,21,1,20
60541,60543,3,1,2
60544,60555,12,1,11
60556,60558,3,1,2
60559,60561,3,2,1
60562,60569,8,1,7
60573,60593,21,1,20
60682,60686,5,1,4
60687,60692,6,1,5
60693,60694,2,1,1
60696,60699,4,3,1
60700,60704,5,1,4
60709,60714,6,2,4
60715,60716,2,1,1
60717,60721,5,3,2
60724,60727,4,2,2
60728,60729,2,1,1
60733,60734,2,1,1
60737,60740,4,3,1
60754,60757,4,2,2
60758,60763,6,3,3
60766,60769,4,1,3
60770,60771,2,1,1
60772,60773,2,1,1
60774,60776,3,2,1
60781,60785,5,1,4
60786,60788,3,1,2
60789,60790,2,1,1
60791,60792,2,1,1
60925,60926,2,1,1
60929,60930,2,1,1
60931,60935,5,1,4
60936,60941,6,5,1
60942,60944,3,1,2
60947,60948,2,1,1
60952,60957,6,5,1
60958,60965,8,7,1
60968,60973,6,3,3
60974,60979,6,5,1
60981,60985,5,1,4
60989,60992,4,3,1
61004,61009,6,3,3
61014,61017,4,3,1
61019,61022,4,3,1
61023,61026,4,1,3
61027,61034,8,6,2
61039,61040,2,1,1
61041,61048,8,6,2
61053,61058,6,4,2
61068,61070,3,1,2
61071,61075,5,2,3
61076,61080,5,3,2
61081,61083,3,1,2
61094,61096,3,2,1
61097,61098,2,1,1
61099,61104,6,3,3
61110,61111,2,1,1
61120,61124,5,4,1
61125,61127,3,1,2
61128,61130,3,2,1
61135,61136,2,1,1
61139,61140,2,1,1
61141,61148,8,4,4
61149,61154,6,4,2
61155,61157,3,2,1
61158,61160,3,1,2
61161,61165,5,3,2
61166,61168,3,1,2
61173,61177,5,1,4
61183,61185,3,1,2
61186,61193,8,7,1
61194,61196,3,1,2
61205,61206,2,1,1
61207,61209,3,2,1
61216,61219,4,1,3
61226,61227,2,1,1
61228,61231,4,3,1
61232,61234,3,1,2
61238,61240,3,1,2
61241,61246,6,4,2
61247,61249,3,2,1
61250,61251,2,1,1
61252,61254,3,2,1
61260,61264,5,1,4
61265,61266,2,1,1
61272,61274,3,1,2
61278,61281,4,2,2
61282,61284,3,2,1
61285,61291,7,1,6
61292,61296,5,4,1
61297,61299,3,1,2
61300,61303,4,1,3
61304,61308,5,2,3
61310,61312,3,1,2
61313,61314,2,1,1
61327,61330,4,2,2
61331,61335,5,3,2
61343,61344,2,1,1
61345,61346,2,1,1
61347,61349,3,2,1
61355,61356,2,1,1
61371,61372,2,1,1
61373,61376,4,3,1
61377,61378,2,1,1
61379,61380,2,1,1
61392,61394,3,2,1
61401,61403,3,1,2
61404,61405,2,1,1
61409,61411,3,1,2
61412,61416,5,1,4
61417,61418,2,1,1
61432,61434,3,2,1
61435,61438,4,3,1
61448,61450,3,2,1
61451,61454,4,2,2
61455,61456,2,1,1
61457,61458,2,1,1
61460,61462,3,1,2
61469,61470,2,1,1
61471,61472,2,1,1
61473,61475,3,1,2
61479,61481,3,1,2
61482,61483,2,1,1
61484,61486,3,1,2
61504,61506,3,2,1
61509,61510,2,1,1
61511,61513,3,2,1
61520,61524,5,4,1
61525,61527,3,1,2
61528,61532,5,4,1
61535,61538,4,3,1
61540,61542,3,2,1
61543,61548,6,2,4
61566,61568,3,1,2
61576,61577,2,1,1
61578,61580,3,2,1
61582,61584,3,2,1
61585,61587,3,1,2
61588,61593,6,5,1
61596,61599,4,1,3
61600,61602,3,1,2
61604,61605,2,1,1
61610,61611,2,1,1
61615,61617,3,1,2
61618,61619,2,1,1
61625,61627,3,2,1
61633,61635,3,1,2
61636,61639,4,3,1
61640,61643,4,3,1
61648,61650,3,2,1
61654,61655,2,1,1
61658,61660,3,2,1
61661,61662,2,1,1
61663,61664,2,1,1
61666,61668,3,2,1
61671,61673,3,1,2
61677,61680,4,1,3
61681,61684,4,3,1
61687,61688,2,1,1
61689,61695,7,2,5
61696,61702,7,1,6
61703,61707,5,4,1
61708,61710,3,2,1
61728,61730,3,2,1
61731,61732,2,1,1
61733,61734,2,1,1
61740,61742,3,1,2
61743,61744,2,1,1
61757,61758,2,1,1
61759,61760,2,1,1
61761,61765,5,4,1
61775,61782,8,3,5
61783,61786,4,2,2
61787,61789,3,1,2
61790,61793,4,3,1
61801,61803,3,2,1
61804,61805,2,1,1
61813,61816,4,3,1
61821,61827,7,6,1
61829,61830,2,1,1
61833,61834,2,1,1
61837,61840,4,3,1
61845,61847,3,2,1
61850,61853,4,2,2
61855,61857,3,1,2
61860,61861,2,1,1
61864,61866,3,1,2
61867,61869,3,1,2
61870,61876,7,1,6
61883,61885,3,2,1
61886,61889,4,3,1
61890,61895,6,3,3
61906,61908,3,2,1
61909,61910,2,1,1
61918,61922,5,3,2
61929,61930,2,1,1
61931,61933,3,2,1
61934,61939,6,3,3
61940,61941,2,1,1
61952,61953,2,1,1
61956,61958,3,2,1
61959,61960,2,1,1
61961,61963,3,2,1
61964,61965,2,1,1
61969,61972,4,2,2
61979,61980,2,1,1
61983,61984,2,1,1
61985,61987,3,2,1
61988,61991,4,1,3
61992,61994,3,2,1
61995,61996,2,1,1
62003,62004,2,1,1
62006,62008,3,1,2
62009,62011,3,2,1
62012,62013,2,1,1
62014,62016,3,2,1
62017,62019,3,2,1
62023,62024,2,1,1
62027,62028,2,1,1
62029,62032,4,3,1
62044,62049,6,1,5
62053,62054,2,1,1
62059,62061,3,2,1
62062,62066,5,2,3
62070,62071,2,1,1
62073,62074,2,1,1
62085,62086,2,1,1
62088,62091,4,3,1
62092,62099,8,6,2
62100,62102,3,1,2
62107,62111,5,2,3
62120,62122,3,2,1
62128,62130,3,1,2
62134,62136,3,1,2
62146,62147,2,1,1
62151,62153,3,2,1
62160,62161,2,1,1
62165,62166,2,1,1
62173,62176,4,2,2
62178,62179,2,1,1
62183,62185,3,2,1
62186,62187,2,1,1
62192,62196,5,4,1
62199,62201,3,1,2
62209,62211,3,2,1
62212,62216,5,1,4
62220,62221,2,1,1
62223,62225,3,2,1
62230,62233,4,3,1
62234,62235,2,1,1
62246,62248,3,1,2
62252,62253,2,1,1
62254,62258,5,2,3
62259,62263,5,1,4
62268,62272,5,3,2
62276,62278,3,1,2
62279,62282,4,1,3
62283,62284,2,1,1
62285,62288,4,3,1
62289,62293,5,4,1
62294,62299,6,1,5
62300,62301,2,1,1
62303,62306,4,2,2
62314,62315,2,1,1
62316,62317,2,1,1
62323,62328,6,5,1
62335,62337,3,1,2
62342,62343,2,1,1
62344,62345,2,1,1
62350,62353,4,3,1
62355,62357,3,1,2
62358,62360,3,1,2
62364,62365,2,1,1
62376,62377,2,1,1
62378,62381,4,1,3
62387,62389,3,2,1
62391,62392,2,1,1
62393,62394,2,1,1
62400,62401,2,1,1
62414,62416,3,1,2
62423,62424,2,1,1
62425,62428,4,2,2
62431,62432,2,1,1
62441,62448,8,4,4
62481,62483,3,2,1
62489,62492,4,3,1
62498,62501,4,1,3
62502,62503,2,1,1
62519,62524,6,3,3
62525,62527,3,1,2
62528,62530,3,1,2
62534,62535,2,1,1
62536,62541,6,1,5
62544,62545,2,1,1
62546,62549,4,1,3
62563,62569,7,6,1
62570,62572,3,2,1
62593,62595,3,2,1
62600,62604,5,2,3
62608,62613,6,3,3
62616,62618,3,2,1
62622,62623,2,1,1
62624,62625,2,1,1
62632,62634,3,1,2
62640,62643,4,3,1
62657,62661,5,2,3
62670,62672,3,1,2
62673,62674,2,1,1
62676,62678,3,1,2
62679,62681,3,2,1
62682,62683,2,1,1
62684,62686,3,2,1
62687,62693,7,1,6
62694,62695,2,1,1
62702,62705,4,1,3
62706,62709,4,3,1
62710,62711,2,1,1
62714,62715,2,1,1
62729,62731,3,1,2
62740,62741,2,1,1
62742,62743,2,1,1
62744,62748,5,1,4
62756,62758,3,2,1
62759,62760,2,1,1
62766,62767,2,1,1
62774,62775,2,1,1
62778,62780,3,1,2
62783,62787,5,4,1
62789,62790,2,1,1
62791,62793,3,2,1
62794,62796,3,2,1
62797,62799,3,1,2
62804,62806,3,1,2
62807,62808,2,1,1
62810,62811,2,1,1
62824,62826,3,1,2
62827,62829,3,1,2
62830,62831,2,1,1
62841,62844,4,2,2
62862,62865,4,1,3
62876,62879,4,1,3
62880,62881,2,1,1
62884,62886,3,1,2
62887,62890,4,3,1
62891,62892,2,1,1
62906,62907,2,1,1
62914,62919,6,5,1
62920,62921,2,1,1
62926,62928,3,2,1
62938,62941,4,3,1
62954,62959,6,3,3
62960,62961,2,1,1
62965,62969,5,1,4
62983,62984,2,1,1
62985,62988,4,3,1
62989,62993,5,1,4
63004,63008,5,1,4
63013,63015,3,1,2
63018,63021,4,1,3
63022,63025,4,1,3
63027,63031,5,2,3
63032,63033,2,1,1
63042,63044,3,1,2
63046,63047,2,1,1
63051,63052,2,1,1
63065,63068,4,2,2
63072,63075,4,3,1
63076,63077,2,1,1
63090,63092,3,2,1
63102,63104,3,1,2
63128,63129,2,1,1
63135,63137,3,1,2
63145,63146,2,1,1
63149,63153,5,3,2
63154,63156,3,2,1
63157,63160,4,1,3
63169,63170,2,1,1
63171,63176,6,2,4
63177,63178,2,1,1
63195,63198,4,3,1
63202,63209,8,1,7
63217,63221,5,3,2
63231,63234,4,2,2
63235,63237,3,1,2
63242,63244,3,1,2
63252,63257,6,2,4
63271,63272,2,1,1
63277,63278,2,1,1
63286,63287,2,1,1
63288,63290,3,1,2
63291,63292,2,1,1
63293,63296,4,3,1
63301,63303,3,1,2
63304,63306,3,1,2
63314,63317,4,1,3
63321,63322,2,1,1
63334,63336,3,1,2
63340,63344,5,3,2
63345,63347,3,2,1
63351,63354,4,1,3
63359,63360,2,1,1
63369,63372,4,2,2
63373,63374,2,1,1
63376,63378,3,1,2
63379,63382,4,1,3
63383,63386,4,1,3
63387,63389,3,1,2
63390,63394,5,3,2
63395,63397,3,1,2
63402,63405,4,2,2
63406,63408,3,2,1
63413,63415,3,1,2
63424,63425,2,1,1
63426,63430,5,1,4
63436,63440,5,2,3
63442,63444,3,2,1
63445,63448,4,3,1
63453,63455,3,1,2
63462,63466,5,1,4
63467,63471,5,3,2
63475,63477,3,2,1
63487,63488,2,1,1
63495,63496,2,1,1
63507,63510,4,1,3
63511,63514,4,1,3
63516,63517,2,1,1
63518,63520,3,1,2
63521,63522,2,1,1
63526,63531,6,1,5
63534,63535,2,1,1
63536,63537,2,1,1
63549,63555,7,3,4
63557,63562,6,1,5
63565,63567,3,2,1
63568,63569,2,1,1
63572,63574,3,2,1
63575,63577,3,2,1
63581,63585,5,2,3
63587,63589,3,1,2
63590,63592,3,2,1
63598,63601,4,1,3
63602,63604,3,1,2
63608,63611,4,2,2
63612,63615,4,2,2
63621,63622,2,1,1
63629,63633,5,4,1
63634,63637,4,2,2
63643,63645,3,1,2
63649,63650,2,1,1
63667,63668,2,1,1
63671,63672,2,1,1
63673,63676,4,2,2
63681,63682,2,1,1
63693,63697,5,2,3
63698,63706,9,5,4
63714,63716,3,2,1
63732,63733,2,1,1
63737,63738,2,1,1
63739,63740,2,1,1
63741,63744,4,1,3
63747,63748,2,1,1
63753,63755,3,2,1
63779,63780,2,1,1
63788,63791,4,2,2
63794,63796,3,1,2
63803,63806,4,3,1
63807,63809,3,2,1
63816,63819,4,3,1
63820,63821,2,1,1
63822,63823,2,1,1
63833,63834,2,1,1
63835,63836,2,1,1
63840,63843,4,1,3
63845,63847,3,2,1
63848,63849,2,1,1
63860,63863,4,2,2
63866,63867,2,1,1
63876,63877,2,1,1
63882,63883,2,1,1
63895,63896,2,1,1
63899,63900,2,1,1
63901,63905,5,4,1
63906,63907,2,1,1
63908,63910,3,1,2
63918,63921,4,2,2
63922,63925,4,2,2
63933,63936,4,1,3
63937,63940,4,1,3
63941,63942,2,1,1
63943,63946,4,3,1
63951,63952,2,1,1
63962,63965,4,3,1
63974,63976,3,1,2
63987,63990,4,1,3
64002,64004,3,2,1
64014,64017,4,3,1
64018,64019,2,1,1
64023,64024,2,1,1
64030,64032,3,1,2
64035,64037,3,1,2
64039,64043,5,3,2
64044,64046,3,2,1
64063,64064,2,1,1
64066,64067,2,1,1
64068,64070,3,1,2
64075,64076,2,1,1
64082,64085,4,2,2
64091,64095,5,2,3
64096,64097,2,1,1
64115,64117,3,1,2
64122,64123,2,1,1
64124,64128,5,2,3
64129,64133,5,2,3
64146,64152,7,5,2
64162,64166,5,2,3
64173,64174,2,1,1
64177,64178,2,1,1
64179,64181,3,1,2
64182,64183,2,1,1
64186,64189,4,2,2
64197,64199,3,1,2
64202,64205,4,3,1
64206,64208,3,1,2
64211,64212,2,1,1
64219,64220,2,1,1
64221,64223,3,2,1
64224,64230,7,5,2
64231,64236,6,2,4
64238,64239,2,1,1
64243,64246,4,2,2
64258,64259,2,1,1
64263,64264,2,1,1
64269,64271,3,2,1
64278,64279,2,1,1
64285,64287,3,2,1
64288,64290,3,2,1
64291,64292,2,1,1
64298,64300,3,1,2
64302,64304,3,1,2
64305,64306,2,1,1
64309,64310,2,1,1
64318,64323,6,5,1
64331,64332,2,1,1
64334,64336,3,2,1
64341,64343,3,1,2
64351,64357,7,1,6
64358,64360,3,1,2
64361,64362,2,1,1
64363,64364,2,1,1
64366,64367,2,1,1
64373,64376,4,2,2
64378,64380,3,1,2
64385,64391,7,2,5
64392,64395,4,1,3
64396,64400,5,1,4
64401,64403,3,2,1
64406,64409,4,3,1
64410,64413,4,2,2
64421,64424,4,3,1
64439,64441,3,1,2
64443,64450,8,2,6
64454,64458,5,1,4
64465,64466,2,1,1
64480,64482,3,2,1
64495,64499,5,3,2
64500,64502,3,1,2
64516,64517,2,1,1
64518,64520,3,1,2
64521,64525,5,1,4
64527,64529,3,2,1
64530,64531,2,1,1
64532,64534,3,1,2
64540,64543,4,1,3
64549,64550,2,1,1
64552,64555,4,3,1
64563,64565,3,1,2
64569,64571,3,1,2
64581,64583,3,1,2
64591,64594,4,1,3
64608,64611,4,1,3
64617,64621,5,2,3
64630,64632,3,2,1
64649,64651,3,2,1
64652,64653,2,1,1
64656,64658,3,1,2
64665,64668,4,2,2
64669,64670,2,1,1
64671,64672,2,1,1
64675,64677,3,2,1
64689,64692,4,3,1
64695,64697,3,2,1
64698,64703,6,3,3
64714,64716,3,1,2
64717,64720,4,1,3
64728,64729,2,1,1
64737,64742,6,1,5
64745,64748,4,1,3
64749,64751,3,1,2
64777,64781,5,1,4
64782,64784,3,2,1
64789,64790,2,1,1
64791,64792,2,1,1
64793,64796,4,1,3
64822,64823,2,1,1
64824,64825,2,1,1
64826,64828,3,1,2
64830,64832,3,1,2
64840,64841,2,1,1
64842,64843,2,1,1
64852,64854,3,2,1
64855,64857,3,2,1
64858,64859,2,1,1
64864,64866,3,1,2
64867,64870,4,2,2
64885,64887,3,2,1
64896,64898,3,2,1
64899,64900,2,1,1
64901,64902,2,1,1
64903,64904,2,1,1
64905,64907,3,1,2
64908,64909,2,1,1
64914,64916,3,2,1
64919,64920,2,1,1
64924,64926,3,2,1
64929,64930,2,1,1
64932,64933,2,1,1
64937,64945,9,8,1
64950,64952,3,1,2
64954,64955,2,1,1
64956,64957,2,1,1
64958,64960,3,2,1
64961,64964,4,1,3
64969,64972,4,3,1
64973,64974,2,1,1
64988,64991,4,1,3
64994,64995,2,1,1
64998,65002,5,3,2
65003,65004,2,1,1
65011,65014,4,3,1
65022,65027,6,4,2
65035,65037,3,1,2
65047,65048,2,1,1
65049,65052,4,1,3
65054,65057,4,1,3
65061,65063,3,1,2
65064,65065,2,1,1
65077,65079,3,1,2
65084,65085,2,1,1
65087,65088,2,1,1
65091,65092,2,1,1
65099,65100,2,1,1
65103,65106,4,2,2
65111,65112,2,1,1
65120,65121,2,1,1
65127,65131,5,3,2
65135,65137,3,1,2
65146,65147,2,1,1
65166,65167,2,1,1
65168,65169,2,1,1
65185,65186,2,1,1
65188,65189,2,1,1
65190,65192,3,2,1
65197,65199,3,1,2
65204,65207,4,2,2
65210,65213,4,1,3
65230,65233,4,3,1
65250,65254,5,1,4
65257,65258,2,1,1
65270,65271,2,1,1
65272,65275,4,3,1
65278,65279,2,1,1
65283,65286,4,2,2
65298,65301,4,1,3
65309,65311,3,1,2
65312,65313,2,1,1
65316,65317,2,1,1
65321,65323,3,1,2
65336,65341,6,5,1
65348,65351,4,1,3
65352,65356,5,2,3
65360,65361,2,1,1
65376,65382,7,6,1
65386,65389,4,1,3
65394,65395,2,1,1
65403,65404,2,1,1
65405,65408,4,2,2
65409,65410,2,1,1
65416,65418,3,1,2
65420,65422,3,1,2
65423,65426,4,1,3
65429,65433,5,1,4
65438,65439,2,1,1
65447,65453,7,1,6
65463,65466,4,1,3
65469,65471,3,1,2
65472,65473,2,1,1
65478,65482,5,4,1
65483,65488,6,3,3
65505,65508,4,1,3
65509,65510,2,1,1
65513,65514,2,1,1
65518,65521,4,3,1
65530,65532,3,1,2
65533,65534,2,1,1
65535,65536,2,1,1
65538,65543,6,2,4
65548,65550,3,2,1
65551,65554,4,3,1
65555,65557,3,1,2
65558,65559,2,1,1
65560,65561,2,1,1
65562,65565,4,2,2
65576,65577,2,1,1
65580,65582,3,2,1
65583,65585,3,2,1
65591,65592,2,1,1
65596,65598,3,1,2
65600,65609,10,9,1
65611,65613,3,1,2
65621,65624,4,1,3
65632,65633,2,1,1
65648,65649,2,1,1
65655,65658,4,1,3
65664,65665,2,1,1
65670,65673,4,1,3
65688,65691,4,2,2
65692,65693,2,1,1
65700,65702,3,2,1
65703,65704,2,1,1
65705,65707,3,1,2
65715,65716,2,1,1
65718,65721,4,2,2
65723,65725,3,2,1
65726,65730,5,2,3
65735,65736,2,1,1
65745,65748,4,1,3
65756,65760,5,2,3
65761,65762,2,1,1
65767,65770,4,1,3
65774,65776,3,1,2
65781,65783,3,1,2
65790,65791,2,1,1
65812,65814,3,2,1
65822,65823,2,1,1
65829,65830,2,1,1
65831,65832,2,1,1
65843,65844,2,1,1
65851,65854,4,2,2
65865,65871,7,1,6
65874,65875,2,1,1
65881,65887,7,1,6
65918,65919,2,1,1
65935,65936,2,1,1
65946,65950,5,4,1
65951,65952,2,1,1
65953,65956,4,2,2
65965,65966,2,1,1
65972,65976,5,1,4
65981,65985,5,2,3
65987,65988,2,1,1
65989,65990,2,1,1
66008,66009,2,1,1
66030,66035,6,2,4
66036,66040,5,1,4
66049,66052,4,3,1
66056,66059,4,1,3
66060,66061,2,1,1
66075,66077,3,1,2
66092,66093,2,1,1
66117,66120,4,3,1
66123,66125,3,1,2
66131,66132,2,1,1
66134,66135,2,1,1
66137,66138,2,1,1
66143,66145,3,1,2
66146,66148,3,2,1
66163,66164,2,1,1
66174,66176,3,2,1
66178,66185,8,4,4
66187,66188,2,1,1
66192,66194,3,2,1
66195,66200,6,1,5
66206,66207,2,1,1
66226,66230,5,2,3
66234,66238,5,2,3
66243,66244,2,1,1
66247,66248,2,1,1
66249,66251,3,2,1
66255,66257,3,1,2
66268,66271,4,3,1
66272,66276,5,4,1
66277,66279,3,1,2
66283,66284,2,1,1
66285,66288,4,3,1
66320,66322,3,1,2
66323,66324,2,1,1
66329,66332,4,3,1
66344,66346,3,1,2
66347,66348,2,1,1
66354,66355,2,1,1
66358,66362,5,3,2
66366,66369,4,2,2
66372,66373,2,1,1
66405,66406,2,1,1
66409,66411,3,1,2
66418,66421,4,2,2
66427,66429,3,1,2
66434,66435,2,1,1
66436,66438,3,1,2
66442,66444,3,1,2
66447,66449,3,2,1
66452,66454,3,2,1
66463,66465,3,2,1
66476,66477,2,1,1
66482,66484,3,1,2
66485,66486,2,1,1
66487,66490,4,1,3
66491,66492,2,1,1
66505,66506,2,1,1
66509,66511,3,2,1
66517,66518,2,1,1
66519,66521,3,1,2
66522,66523,2,1,1
66524,66527,4,1,3
66529,66533,5,3,2
66534,66535,2,1,1
66536,66538,3,1,2
66550,66551,2,1,1
66554,66557,4,1,3
66558,66559,2,1,1
66560,66562,3,2,1
66565,66566,2,1,1
66576,66581,6,1,5
66588,66589,2,1,1
66590,66591,2,1,1
66597,66598,2,1,1
66602,66604,3,1,2
66618,66619,2,1,1
66621,66622,2,1,1
66623,66626,4,2,2
66644,66646,3,2,1
66653,66655,3,1,2
66656,66657,2,1,1
66660,66661,2,1,1
66675,66676,2,1,1
66682,66686,5,2,3
66688,66689,2,1,1
66695,66696,2,1,1
66700,66701,2,1,1
66702,66705,4,2,2
66706,66707,2,1,1
66712,66713,2,1,1
66714,66715,2,1,1
66721,66722,2,1,1
66732,66734,3,1,2
66735,66737,3,1,2
66741,66743,3,1,2
66755,66759,5,4,1
66762,66766,5,2,3
66767,66768,2,1,1
66771,66772,2,1,1
66784,66785,2,1,1
66791,66792,2,1,1
66794,66795,2,1,1
66803,66809,7,5,2
66813,66814,2,1,1
66817,66818,2,1,1
66829,66832,4,1,3
66833,66836,4,1,3
66845,66848,4,1,3
66865,66868,4,2,2
66890,66892,3,1,2
66893,66894,2,1,1
66901,66903,3,1,2
66904,66906,3,2,1
66917,66918,2,1,1
66934,66935,2,1,1
66936,66939,4,2,2
66940,66941,2,1,1
66942,66944,3,1,2
66950,66951,2,1,1
66956,66958,3,2,1
66964,66972,9,8,1
66973,66976,4,3,1
66981,66985,5,1,4
66986,66989,4,1,3
66996,66998,3,2,1
67001,67004,4,1,3
67005,67008,4,2,2
67013,67014,2,1,1
67015,67020,6,1,5
67021,67024,4,3,1
67046,67048,3,2,1
67049,67052,4,2,2
67053,67057,5,1,4
67068,67070,3,1,2
67073,67075,3,1,2
67081,67082,2,1,1
67095,67098,4,1,3
67100,67104,5,1,4
67107,67109,3,1,2
67112,67114,3,1,2
67115,67118,4,2,2
67122,67123,2,1,1
67124,67128,5,4,1
67133,67134,2,1,1
67137,67139,3,1,2
67141,67143,3,1,2
67154,67157,4,3,1
67159,67163,5,3,2
67172,67177,6,2,4
67178,67181,4,3,1
67182,67184,3,1,2
67187,67188,2,1,1
67199,67206,8,5,3
67209,67210,2,1,1
67214,67218,5,2,3
67224,67227,4,1,3
67229,67230,2,1,1
67232,67233,2,1,1
67235,67240,6,2,4
67241,67242,2,1,1
67245,67247,3,1,2
67248,67251,4,1,3
67253,67254,2,1,1
67260,67261,2,1,1
67265,67268,4,1,3
67270,67272,3,1,2
67273,67275,3,1,2
67279,67282,4,1,3
67303,67308,6,3,3
67309,67311,3,2,1
67313,67314,2,1,1
67316,67317,2,1,1
67323,67326,4,2,2
67339,67345,7,1,6
67352,67353,2,1,1
67357,67360,4,3,1
67361,67365,5,2,3
67378,67381,4,2,2
67394,67396,3,2,1
67397,67399,3,1,2
67400,67403,4,1,3
67406,67409,4,1,3
67413,67415,3,2,1
67418,67420,3,1,2
67421,67423,3,1,2
67430,67432,3,1,2
67454,67456,3,1,2
67458,67460,3,2,1
67461,67463,3,1,2
67472,67474,3,2,1
67477,67482,6,1,5
67483,67485,3,2,1
67486,67487,2,1,1
67489,67492,4,2,2
67493,67496,4,2,2
67517,67520,4,1,3
67521,67525,5,2,3
67526,67528,3,1,2
67529,67530,2,1,1
67531,67537,7,2,5
67538,67539,2,1,1
67561,67562,2,1,1
67571,67573,3,2,1
67575,67576,2,1,1
67585,67587,3,1,2
67592,67594,3,2,1
67608,67611,4,2,2
67612,67614,3,1,2
67615,67620,6,5,1
67621,67622,2,1,1
67640,67642,3,1,2
67643,67648,6,4,2
67659,67661,3,1,2
67663,67668,6,2,4
67669,67670,2,1,1
67675,67678,4,1,3
67681,67684,4,2,2
67685,67687,3,2,1
67688,67692,5,2,3
67693,67694,2,1,1
67695,67698,4,1,3
67699,67700,2,1,1
67701,67707,7,1,6
67708,67712,5,4,1
67713,67715,3,1,2
67716,67720,5,2,3
67728,67729,2,1,1
67730,67732,3,2,1
67733,67735,3,1,2
67737,67739,3,1,2
67740,67743,4,2,2
67754,67756,3,1,2
67770,67771,2,1,1
67774,67776,3,1,2
67797,67799,3,1,2
67810,67812,3,1,2
67814,67815,2,1,1
67821,67824,4,1,3
67825,67826,2,1,1
67837,67839,3,1,2
67842,67845,4,1,3
67847,67853,7,1,6
67854,67855,2,1,1
67856,67857,2,1,1
67870,67872,3,2,1
67883,67884,2,1,1
67886,67887,2,1,1
67896,67899,4,1,3
67900,67901,2,1,1
67917,67920,4,2,2
67921,67923,3,1,2
67930,67931,2,1,1
67936,67937,2,1,1
67938,67939,2,1,1
67951,67952,2,1,1
67960,67961,2,1,1
67964,67965,2,1,1
67970,67973,4,2,2
67974,67975,2,1,1
67979,67982,4,2,2
67989,67992,4,3,1
67997,68000,4,1,3
68019,68021,3,2,1
68028,68029,2,1,1
68030,68031,2,1,1
68034,68035,2,1,1
68036,68038,3,1,2
68039,68040,2,1,1
68046,68048,3,1,2
68055,68057,3,1,2
68058,68059,2,1,1
68067,68069,3,1,2
68074,68075,2,1,1
68094,68095,2,1,1
68098,68099,2,1,1
68101,68105,5,1,4
68106,68107,2,1,1
68112,68113,2,1,1
68122,68125,4,1,3
68126,68129,4,1,3
68136,68138,3,2,1
68139,68140,2,1,1
68143,68146,4,1,3
68152,68154,3,1,2
68155,68157,3,1,2
68158,68159,2,1,1
68167,68168,2,1,1
68171,68174,4,2,2
68185,68186,2,1,1
68190,68192,3,1,2
68196,68198,3,1,2
68212,68213,2,1,1
68215,68216,2,1,1
68219,68221,3,2,1
68234,68238,5,2,3
68241,68242,2,1,1
68244,68250,7,1,6
68266,68267,2,1,1
68271,68272,2,1,1
68276,68278,3,1,2
68287,68290,4,3,1
68293,68295,3,1,2
68300,68302,3,2,1
68303,68304,2,1,1
68316,68318,3,1,2
68321,68322,2,1,1
68324,68325,2,1,1
68333,68334,2,1,1
68344,68345,2,1,1
68346,68347,2,1,1
68354,68355,2,1,1
68356,68357,2,1,1
68359,68360,2,1,1
68362,68363,2,1,1
68365,68366,2,1,1
68367,68371,5,2,3
68372,68376,5,1,4
68379,68380,2,1,1
68384,68385,2,1,1
68390,68392,3,1,2
68404,68405,2,1,1
68406,68408,3,1,2
68416,68417,2,1,1
68424,68428,5,1,4
68455,68458,4,2,2
68464,68466,3,2,1
68470,68472,3,2,1
68473,68474,2,1,1
68480,68482,3,2,1
68483,68485,3,1,2
68495,68496,2,1,1
68497,68498,2,1,1
68501,68505,5,1,4
68509,68514,6,5,1
68521,68522,2,1,1
68527,68528,2,1,1
68531,68532,2,1,1
68536,68539,4,2,2
68555,68556,2,1,1
68558,68560,3,1,2
68590,68592,3,2,1
68594,68597,4,2,2
68602,68604,3,2,1
68606,68608,3,1,2
68618,68623,6,1,5
68624,68625,2,1,1
68631,68633,3,2,1
68637,68639,3,1,2
68644,68647,4,3,1
68661,68666,6,3,3
68667,68669,3,2,1
68670,68673,4,3,1
68679,68685,7,2,5
68686,68687,2,1,1
68692,68694,3,2,1
68705,68706,2,1,1
68711,68712,2,1,1
68713,68714,2,1,1
68736,68737,2,1,1
68738,68740,3,1,2
68741,68742,2,1,1
68754,68757,4,2,2
68761,68763,3,2,1
68764,68765,2,1,1
68766,68769,4,1,3
68772,68773,2,1,1
68780,68782,3,1,2
68787,68791,5,2,3
68794,68797,4,1,3
68806,68807,2,1,1
68811,68813,3,2,1
68814,68819,6,5,1
68820,68822,3,2,1
68836,68839,4,1,3
68840,68843,4,2,2
68853,68856,4,3,1
68859,68861,3,1,2
68866,68870,5,2,3
68873,68875,3,1,2
68881,68883,3,2,1
68884,68887,4,2,2
68894,68898,5,1,4
68908,68910,3,1,2
68917,68920,4,3,1
68925,68927,3,2,1
68928,68931,4,2,2
68956,68959,4,2,2
68961,68964,4,3,1
68975,68976,2,1,1
68979,68980,2,1,1
68981,68983,3,1,2
68986,68989,4,1,3
69000,69004,5,3,2
69011,69013,3,1,2
69015,69018,4,3,1
69022,69023,2,1,1
69031,69032,2,1,1
69036,69037,2,1,1
69038,69040,3,1,2
69049,69050,2,1,1
69051,69054,4,1,3
69078,69082,5,4,1
69087,69091,5,3,2
69092,69095,4,1,3
69099,69101,3,2,1
69103,69104,2,1,1
69122,69123,2,1,1
69124,69126,3,2,1
69129,69131,3,1,2
69132,69133,2,1,1
69134,69136,3,2,1
69141,69144,4,1,3
69148,69150,3,2,1
69160,69163,4,1,3
69164,69170,7,1,6
69175,69177,3,1,2
69193,69194,2,1,1
69197,69201,5,3,2
69202,69204,3,1,2
69205,69207,3,1,2
69210,69214,5,3,2
69225,69226,2,1,1
69240,69245,6,1,5
69246,69247,2,1,1
69251,69253,3,1,2
69260,69261,2,1,1
69262,69264,3,2,1
69271,69274,4,3,1
69290,69292,3,1,2
69298,69301,4,3,1
69302,69303,2,1,1
69305,69308,4,1,3
69318,69319,2,1,1
69320,69321,2,1,1
69322,69323,2,1,1
69324,69326,3,2,1
69333,69334,2,1,1
69337,69338,2,1,1
69342,69343,2,1,1
69351,69353,3,2,1
69367,69373,7,3,4
69375,69376,2,1,1
69386,69389,4,2,2
69390,69392,3,1,2
69393,69394,2,1,1
69409,69410,2,1,1
69411,69412,2,1,1
69413,69418,6,3,3
69430,69431,2,1,1
69440,69442,3,1,2
69443,69446,4,1,3
69447,69453,7,1,6
69459,69462,4,1,3
69464,69471,8,7,1
69472,69474,3,1,2
69477,69478,2,1,1
69494,69495,2,1,1
69505,69508,4,2,2
69513,69514,2,1,1
69518,69519,2,1,1
69520,69524,5,3,2
69530,69532,3,2,1
69538,69541,4,2,2
69552,69553,2,1,1
69558,69563,6,1,5
69568,69569,2,1,1
69571,69573,3,2,1
69577,69578,2,1,1
69579,69580,2,1,1
69586,69588,3,1,2
69595,69597,3,2,1
69601,69604,4,2,2
69605,69607,3,2,1
69617,69619,3,1,2
69622,69623,2,1,1
69625,69626,2,1,1
69627,69628,2,1,1
69640,69641,2,1,1
69645,69646,2,1,1
69649,69653,5,3,2
69654,69655,2,1,1
69656,69658,3,2,1
69684,69685,2,1,1
69686,69687,2,1,1
69689,69690,2,1,1
69691,69693,3,2,1
69701,69702,2,1,1
69704,69706,3,1,2
69725,69727,3,2,1
69733,69734,2,1,1
69735,69736,2,1,1
69737,69739,3,2,1
69742,69743,2,1,1
69744,69747,4,1,3
69751,69752,2,1,1
69760,69763,4,3,1
69766,69767,2,1,1
69778,69781,4,2,2
69790,69793,4,1,3
69797,69798,2,1,1
69801,69802,2,1,1
69811,69812,2,1,1
69815,69817,3,2,1
69818,69821,4,3,1
69822,69824,3,1,2
69830,69833,4,2,2
69840,69845,6,4,2
69849,69850,2,1,1
69853,69854,2,1,1
69860,69863,4,3,1
69873,69874,2,1,1
69889,69891,3,1,2
69892,69894,3,2,1
69898,69899,2,1,1
69904,69906,3,2,1
69923,69929,7,4,3
69930,69933,4,3,1
69937,69940,4,3,1
69941,69945,5,1,4
69946,69948,3,1,2
69956,69957,2,1,1
69962,69964,3,2,1
69967,69968,2,1,1
69969,69972,4,2,2
69976,69978,3,1,2
69979,69980,2,1,1
69984,69986,3,1,2
69987,69989,3,2,1
69990,69991,2,1,1
69997,70001,5,1,4
70007,70010,4,2,2
70023,70024,2,1,1
70025,70026,2,1,1
70030,70033,4,2,2
70052,70055,4,1,3
70056,70057,2,1,1
70075,70076,2,1,1
70078,70079,2,1,1
70086,70088,3,2,1
70090,70092,3,2,1
70099,70102,4,1,3
70110,70114,5,1,4
70118,70120,3,2,1
70124,70125,2,1,1
70130,70131,2,1,1
70132,70133,2,1,1
70134,70136,3,1,2
70137,70139,3,2,1
70141,70142,2,1,1
70143,70144,2,1,1
70145,70148,4,2,2
70168,70169,2,1,1
70189,70192,4,2,2
70196,70198,3,1,2
70218,70221,4,2,2
70225,70226,2,1,1
70229,70233,5,1,4
70240,70244,5,2,3
70245,70248,4,1,3
70249,70250,2,1,1
70251,70253,3,1,2
70254,70261,8,2,6
70267,70269,3,1,2
70276,70277,2,1,1
70278,70281,4,1,3
70282,70283,2,1,1
70285,70286,2,1,1
70287,70289,3,2,1
70292,70293,2,1,1
70294,70297,4,1,3
70299,70308,10,2,8
70309,70310,2,1,1
70311,70312,2,1,1
70313,70319,7,2,5
70320,70325,6,2,4
70327,70330,4,1,3
70336,70337,2,1,1
70338,70342,5,1,4
70343,70349,7,3,4
70350,70351,2,1,1
70352,70353,2,1,1
70354,70356,3,1,2
70357,70363,7,1,6
70364,70366,3,2,1
70367,70368,2,1,1
70369,70373,5,3,2
70378,70382,5,4,1
70395,70397,3,1,2
70427,70436,10,2,8
70437,70440,4,1,3
70441,70446,6,2,4
70474,70475,2,1,1
70509,70514,6,1,5
70523,70524,2,1,1
70525,70531,7,2,5
70532,70544,13,1,12
70545,70548,4,1,3
70553,70554,2,1,1
70558,70560,3,1,2
70563,70564,2,1,1
70570,70572,3,1,2
70573,70581,9,2,7
70582,70587,6,1,5
70590,70592,3,1,2
70593,70595,3,1,2
70601,70605,5,1,4
70606,70616,11,2,9
70617,70619,3,1,2
70620,70622,3,2,1
70623,70627,5,2,3
70631,70634,4,1,3
70635,70637,3,1,2
70644,70645,2,1,1
70652,70662,11,1,10
70672,70674,3,1,2
70675,70680,6,1,5
70682,70684,3,2,1
70685,70686,2,1,1
70692,70695,4,2,2
70696,70697,2,1,1
70707,70710,4,2,2
70712,70715,4,1,3
70716,70722,7,1,6
70736,70737,2,1,1
70750,70753,4,1,3
70754,70756,3,2,1
70759,70762,4,1,3
70763,70766,4,1,3
70767,70768,2,1,1
70769,70772,4,1,3
70777,70778,2,1,1
70780,70781,2,1,1
70782,70787,6,1,5
70809,70931,123,121,2
70932,70934,3,1,2
70940,70948,9,3,6
70949,70953,5,3,2
70955,70956,2,1,1
70960,70963,4,1,3
70964,70965,2,1,1
70975,70977,3,1,2
70979,70987,9,1,8
70988,70991,4,1,3
71021,71024,4,1,3
71025,71028,4,1,3
71033,71039,7,2,5
71049,71050,2,1,1
71051,71057,7,1,6
71086,71088,3,1,2
71091,71097,7,1,6
71098,71103,6,1,5
71104,71108,5,4,1
71117,71120,4,1,3
71136,71138,3,2,1
71139,71140,2,1,1
71141,71144,4,2,2
71145,71148,4,1,3
71152,71158,7,1,6
71165,71166,2,1,1
71167,71170,4,1,3
71177,71181,5,1,4
71182,71195,14,3,11
71200,71203,4,2,2
71204,71206,3,1,2
71228,71230,3,1,2
71231,71232,2,1,1
71233,71236,4,1,3
71237,71238,2,1,1
71239,71242,4,1,3
71255,71258,4,1,3
71259,71262,4,2,2
71268,71269,2,1,1
71270,71271,2,1,1
71275,71276,2,1,1
71281,71284,4,1,3
71285,71288,4,3,1
71297,71300,4,1,3
71301,71304,4,1,3
71326,71328,3,1,2
71337,71340,4,1,3
71355,71357,3,1,2
71363,71369,7,1,6
71371,71373,3,2,1
71377,71381,5,4,1
71382,71384,3,1,2
71385,71386,2,1,1
71395,71396,2,1,1
71414,71416,3,1,2
71419,71424,6,1,5
71433,71435,3,1,2
71437,71438,2,1,1
71439,71442,4,1,3
71445,71446,2,1,1
71447,71448,2,1,1
71449,71454,6,1,5
71463,71464,2,1,1
71465,71467,3,2,1
71468,71469,2,1,1
71470,71471,2,1,1
71472,71473,2,1,1
71474,71477,4,2,2
71493,71494,2,1,1
71495,71496,2,1,1
71499,71502,4,1,3
71503,71509,7,1,6
71510,71511,2,1,1
71512,71516,5,1,4
71517,71518,2,1,1
71520,71521,2,1,1
71528,71529,2,1,1
71530,71533,4,1,3
71544,71545,2,1,1
71558,71560,3,1,2
71561,71566,6,1,5
71577,71579,3,1,2
71592,71596,5,1,4
71597,71599,3,1,2
71604,71609,6,1,5
71614,71615,2,1,1
71622,71624,3,1,2
71625,71626,2,1,1
71627,71634,8,1,7
71635,71637,3,1,2
71650,71657,8,2,6
71660,71661,2,1,1
71665,71667,3,2,1
71668,71671,4,3,1
71675,71677,3,1,2
71678,71679,2,1,1
71684,71686,3,2,1
71688,71689,2,1,1
71697,71698,2,1,1
71699,71700,2,1,1
71703,71706,4,1,3
71707,71711,5,1,4
71712,71715,4,1,3
71717,71721,5,2,3
71728,71733,6,3,3
71741,71747,7,2,5
71748,71750,3,1,2
71751,71753,3,2,1
71756,71759,4,1,3
71762,71767,6,1,5
71789,71794,6,1,5
71798,71803,6,1,5
71810,71813,4,3,1
71814,71820,7,2,5
71821,71822,2,1,1
71823,71824,2,1,1
71827,71829,3,2,1
71843,71849,7,1,6
71850,71851,2,1,1
71852,71854,3,1,2
71856,71858,3,2,1
71859,71864,6,1,5
71865,71867,3,1,2
71874,71876,3,1,2
71877,71879,3,1,2
71880,71881,2,1,1
71888,71891,4,2,2
71921,71922,2,1,1
71927,71929,3,1,2
71931,71935,5,1,4
71946,71947,2,1,1
71949,71951,3,1,2
71959,71961,3,1,2
71962,71967,6,2,4
71969,71970,2,1,1
71976,71978,3,2,1
71979,71980,2,1,1
71985,71986,2,1,1
71987,71988,2,1,1
71993,71996,4,1,3
71997,71998,2,1,1
71999,72001,3,2,1
72002,72004,3,2,1
72027,72029,3,1,2
72030,72033,4,1,3
72034,72036,3,2,1
72037,72045,9,1,8
72053,72057,5,1,4
72067,72074,8,3,5
72083,72086,4,1,3
72087,72088,2,1,1
72093,72094,2,1,1
72095,72097,3,1,2
72101,72102,2,1,1
72103,72106,4,1,3
72110,72111,2,1,1
72112,72116,5,1,4
72117,72119,3,1,2
72126,72131,6,1,5
72135,72138,4,1,3
72152,72153,2,1,1
72160,72163,4,1,3
72164,72167,4,1,3
72168,72171,4,1,3
72175,72176,2,1,1
72177,72179,3,1,2
72180,72184,5,2,3
72193,72196,4,1,3
72197,72198,2,1,1
72210,72212,3,1,2
72218,72219,2,1,1
72220,72226,7,2,5
72228,72230,3,1,2
72235,72236,2,1,1
72242,72245,4,1,3
72249,72256,8,1,7
72263,72264,2,1,1
72276,72281,6,1,5
72282,72286,5,2,3
72287,72290,4,1,3
72293,72295,3,1,2
72296,72298,3,1,2
72306,72310,5,1,4
72322,72325,4,1,3
72337,72339,3,2,1
72342,72344,3,1,2
72349,72352,4,1,3
72359,72370,12,1,11
72371,72374,4,1,3
72375,72382,8,1,7
72383,72384,2,1,1
72388,72390,3,1,2
72403,72406,4,3,1
72408,72417,10,1,9
72426,72427,2,1,1
72428,72432,5,2,3
72437,72440,4,2,2
72444,72445,2,1,1
72458,72459,2,1,1
72460,72462,3,1,2
72477,72486,10,1,9
72490,72492,3,1,2
72493,72494,2,1,1
72497,72502,6,2,4
72505,72506,2,1,1
72507,72508,2,1,1
72511,72513,3,1,2
72514,72516,3,2,1
72524,72525,2,1,1
72526,72532,7,1,6
72551,72552,2,1,1
72555,72561,7,2,5
72562,72563,2,1,1
72573,72574,2,1,1
72575,72576,2,1,1
72577,72584,8,1,7
72586,72587,2,1,1
72595,72599,5,1,4
72603,72604,2,1,1
72606,72610,5,1,4
72611,72613,3,1,2
72614,72616,3,1,2
72617,72619,3,1,2
72623,72628,6,1,5
72629,72632,4,1,3
72633,72641,9,1,8
72644,72645,2,1,1
72646,72649,4,1,3
72650,72654,5,1,4
72655,72657,3,1,2
72658,72659,2,1,1
72666,72667,2,1,1
72668,72673,6,1,5
72674,72675,2,1,1
72676,72680,5,1,4
72689,72694,6,1,5
72696,72700,5,4,1
72711,72715,5,1,4
72716,72717,2,1,1
72719,72721,3,1,2
72722,72728,7,1,6
72729,72732,4,3,1
72746,72749,4,1,3
72754,72757,4,2,2
72761,72770,10,1,9
72775,72776,2,1,1
72777,72783,7,1,6
72786,72789,4,2,2
72792,72796,5,2,3
72799,72800,2,1,1
72801,72807,7,2,5
72808,72812,5,1,4
72813,72817,5,1,4
72818,72819,2,1,1
72821,72822,2,1,1
72826,72828,3,1,2
72830,72832,3,2,1
72843,72844,2,1,1
72852,72854,3,1,2
72857,72859,3,1,2
72866,72879,14,1,13
72883,72890,8,4,4
72892,72897,6,1,5
72898,72908,11,1,10
72913,72916,4,1,3
72917,72920,4,1,3
72921,72926,6,1,5
72930,72934,5,1,4
72936,72937,2,1,1
72942,72943,2,1,1
72953,72962,10,1,9
72966,72972,7,6,1
72975,72976,2,1,1
72988,72991,4,2,2
72994,72997,4,1,3
72999,73003,5,1,4
73007,73011,5,1,4
73015,73018,4,1,3
73023,73026,4,1,3
73034,73035,2,1,1
73036,73037,2,1,1
73038,73040,3,1,2
73046,73047,2,1,1
73051,73058,8,1,7
73059,73060,2,1,1
73067,73068,2,1,1
73082,73084,3,2,1
73089,73090,2,1,1
73091,73093,3,2,1
73096,73098,3,1,2
73107,73110,4,1,3
73134,73136,3,1,2
73140,73144,5,1,4
73171,73173,3,1,2
73186,73187,2,1,1
73202,73205,4,3,1
73206,73207,2,1,1
73208,73210,3,2,1
73212,73215,4,1,3
73216,73217,2,1,1
73226,73231,6,1,5
73237,73239,3,1,2
73258,73259,2,1,1
73260,73262,3,1,2
73263,73267,5,2,3
73279,73280,2,1,1
73300,73302,3,1,2
73303,73304,2,1,1
73308,73309,2,1,1
73321,73322,2,1,1
73323,73324,2,1,1
73325,73326,2,1,1
73336,73338,3,1,2
73341,73342,2,1,1
73343,73348,6,1,5
73355,73359,5,2,3
73360,73361,2,1,1
73365,73367,3,1,2
73368,73371,4,1,3
73378,73381,4,1,3
73382,73384,3,1,2
73385,73388,4,1,3
73391,73396,6,1,5
73397,73398,2,1,1
73411,73417,7,1,6
73418,73419,2,1,1
73420,73421,2,1,1
73422,73426,5,1,4
73428,73430,3,1,2
73433,73434,2,1,1
73443,73446,4,1,3
73447,73449,3,2,1
73453,73457,5,1,4
73461,73464,4,1,3
73465,73467,3,2,1
73468,73469,2,1,1
73470,73473,4,1,3
73474,73480,7,1,6
73481,73485,5,1,4
73486,73487,2,1,1
73488,73490,3,1,2
73491,73492,2,1,1
73496,73497,2,1,1
73510,73513,4,1,3
73514,73524,11,1,10
73525,73526,2,1,1
73527,73529,3,1,2
73530,73533,4,2,2
73534,73536,3,1,2
73546,73548,3,2,1
73550,73552,3,1,2
73553,73560,8,1,7
73561,73562,2,1,1
73569,73570,2,1,1
73571,73572,2,1,1
73578,73579,2,1,1
73583,73586,4,1,3
73587,73589,3,2,1
73590,73593,4,2,2
73602,73603,2,1,1
73604,73605,2,1,1
73607,73613,7,2,5
73615,73622,8,1,7
73623,73625,3,1,2
73630,73631,2,1,1
73632,73635,4,1,3
73636,73638,3,2,1
73641,73644,4,1,3
73645,73649,5,1,4
73655,73656,2,1,1
73657,73660,4,2,2
73671,73673,3,2,1
73674,73676,3,1,2
73677,73684,8,1,7
73685,73686,2,1,1
73688,73694,7,1,6
73701,73705,5,1,4
73706,73713,8,2,6
73720,73722,3,1,2
73723,73725,3,1,2
73734,73735,2,1,1
73736,73737,2,1,1
73747,73749,3,2,1
73753,73758,6,1,5
73759,73760,2,1,1
73766,73767,2,1,1
73769,73770,2,1,1
73775,73777,3,1,2
73778,73779,2,1,1
73780,73786,7,2,5
73787,73788,2,1,1
73799,73801,3,1,2
73802,73806,5,1,4
73807,73810,4,1,3
73811,73813,3,1,2
73815,73817,3,1,2
73818,73822,5,2,3
73823,73827,5,1,4
73828,73829,2,1,1
73830,73833,4,2,2
73834,73837,4,3,1
73838,73841,4,1,3
73842,73844,3,2,1
73845,73847,3,1,2
73856,73858,3,2,1
73865,73866,2,1,1
73881,73882,2,1,1
73884,73891,8,1,7
73895,73903,9,2,7
73904,73912,9,1,8
73917,73918,2,1,1
73919,73922,4,2,2
73923,73925,3,2,1
73926,73929,4,1,3
73930,73933,4,1,3
73934,73936,3,1,2
73937,73939,3,2,1
73942,73949,8,1,7
73956,73957,2,1,1
73960,73962,3,1,2
73963,73964,2,1,1
73972,73973,2,1,1
73974,73975,2,1,1
73982,73983,2,1,1
73984,73988,5,1,4
73989,73991,3,2,1
73992,73995,4,1,3
74008,74010,3,2,1
74011,74016,6,1,5
74021,74024,4,2,2
74026,74027,2,1,1
74028,74029,2,1,1
74030,74035,6,1,5
74038,74039,2,1,1
74053,74055,3,2,1
74056,74060,5,1,4
74065,74068,4,1,3
74089,74090,2,1,1
74100,74103,4,1,3
74110,74112,3,2,1
74113,74114,2,1,1
74115,74117,3,2,1
74119,74120,2,1,1
74121,74125,5,2,3
74129,74136,8,1,7
74137,74138,2,1,1
74141,74143,3,1,2
74144,74146,3,1,2
74147,74149,3,1,2
74150,74153,4,3,1
74155,74165,11,2,9
74184,74186,3,1,2
74195,74196,2,1,1
74198,74201,4,1,3
74217,74222,6,3,3
74232,74234,3,1,2
74249,74251,3,2,1
74252,74253,2,1,1
74254,74258,5,1,4
74274,74278,5,4,1
74289,74291,3,1,2
74294,74296,3,1,2
74302,74303,2,1,1
74314,74315,2,1,1
74316,74320,5,3,2
74321,74322,2,1,1
74339,74340,2,1,1
74342,74344,3,1,2
74345,74347,3,1,2
74357,74359,3,1,2
74366,74371,6,5,1
74374,74375,2,1,1
74383,74386,4,2,2
74387,74388,2,1,1
74403,74405,3,1,2
74406,74407,2,1,1
74408,74409,2,1,1
74410,74411,2,1,1
74413,74416,4,2,2
74417,74418,2,1,1
74424,74426,3,2,1
74431,74432,2,1,1
74443,74447,5,1,4
74448,74449,2,1,1
74456,74457,2,1,1
74458,74459,2,1,1
74464,74465,2,1,1
74472,74473,2,1,1
74478,74479,2,1,1
74480,74483,4,3,1
74484,74488,5,3,2
74489,74490,2,1,1
74491,74494,4,1,3
74507,74508,2,1,1
74521,74525,5,1,4
74526,74528,3,1,2
74532,74534,3,1,2
74560,74561,2,1,1
74572,74574,3,1,2
74579,74581,3,1,2
74595,74597,3,1,2
74616,74618,3,1,2
74624,74627,4,1,3
74641,74642,2,1,1
74647,74648,2,1,1
74658,74667,10,2,8
74680,74681,2,1,1
74703,74708,6,2,4
74709,74711,3,1,2
74714,74716,3,1,2
74723,74725,3,2,1
74737,74738,2,1,1
74739,74740,2,1,1
74741,74748,8,1,7
74750,74753,4,1,3
74761,74762,2,1,1
74772,74773,2,1,1
74775,74778,4,1,3
74779,74780,2,1,1
74781,74784,4,1,3
74785,74787,3,2,1
74789,74794,6,1,5
74798,74800,3,1,2
74801,74803,3,1,2
74811,74813,3,1,2
74814,74816,3,1,2
74817,74822,6,3,3
74823,74824,2,1,1
74825,74829,5,1,4
74833,74834,2,1,1
74836,74838,3,1,2
74870,74872,3,1,2
74873,74875,3,2,1
74878,74881,4,1,3
74883,74884,2,1,1
74885,74886,2,1,1
74894,74895,2,1,1
74912,74917,6,1,5
74918,74925,8,1,7
74930,74934,5,3,2
74935,74938,4,2,2
74943,74948,6,1,5
74961,74962,2,1,1
74963,74967,5,4,1
74978,74980,3,1,2
74984,74989,6,2,4
74995,74998,4,1,3
74999,75004,6,1,5
75013,75015,3,1,2
75016,75017,2,1,1
75018,75020,3,1,2
75021,75024,4,1,3
75025,75026,2,1,1
75027,75029,3,1,2
75034,75036,3,1,2
75047,75050,4,1,3
75052,75057,6,2,4
75058,75063,6,4,2
75064,75069,6,1,5
75074,75077,4,2,2
75083,75086,4,1,3
75087,75089,3,2,1
75096,75099,4,1,3
75100,75101,2,1,1
75120,75126,7,2,5
75127,75130,4,2,2
75131,75134,4,2,2
75135,75138,4,1,3
75142,75144,3,1,2
75150,75153,4,2,2
75156,75160,5,1,4
75168,75169,2,1,1
75174,75176,3,1,2
75177,75179,3,2,1
75191,75194,4,1,3
75195,75196,2,1,1
75197,75198,2,1,1
75205,75206,2,1,1
75208,75210,3,1,2
75211,75213,3,1,2
75228,75232,5,1,4
75233,75237,5,1,4
75242,75244,3,2,1
75245,75248,4,2,2
75249,75252,4,1,3
75260,75263,4,3,1
75279,75280,2,1,1
75281,75282,2,1,1
75285,75286,2,1,1
75290,75292,3,1,2
75294,75297,4,1,3
75312,75314,3,1,2
75317,75319,3,1,2
75334,75336,3,1,2
75337,75339,3,1,2
75349,75356,8,2,6
75357,75362,6,3,3
75375,75377,3,1,2
75384,75385,2,1,1
75386,75388,3,1,2
75413,75415,3,2,1
75421,75426,6,2,4
75427,75431,5,1,4
75441,75442,2,1,1
75451,75453,3,1,2
75457,75458,2,1,1
75471,75473,3,1,2
75474,75475,2,1,1
75479,75482,4,1,3
75488,75491,4,3,1
75492,75496,5,1,4
75497,75498,2,1,1
75500,75501,2,1,1
75517,75520,4,2,2
75523,75524,2,1,1
75536,75538,3,1,2
75543,75544,2,1,1
75548,75550,3,1,2
75556,75558,3,1,2
75566,75568,3,2,1
75577,75580,4,1,3
75581,75582,2,1,1
75589,75590,2,1,1
75597,75602,6,1,5
75603,75606,4,1,3
75607,75609,3,1,2
75620,75621,2,1,1
75628,75629,2,1,1
75637,75638,2,1,1
75639,75642,4,1,3
75663,75666,4,2,2
75667,75668,2,1,1
75676,75678,3,2,1
75682,75686,5,1,4
75687,75694,8,2,6
75695,75697,3,1,2
75698,75700,3,2,1
75701,75703,3,1,2
75708,75712,5,2,3
75719,75723,5,2,3
75724,75726,3,2,1
75731,75735,5,1,4
75739,75741,3,2,1
75748,75749,2,1,1
75750,75751,2,1,1
75753,75755,3,2,1
75760,75761,2,1,1
75764,75769,6,1,5
75782,75783,2,1,1
75784,75786,3,2,1
75791,75793,3,1,2
75794,75795,2,1,1
75814,75815,2,1,1
75818,75820,3,2,1
75822,75826,5,1,4
75827,75828,2,1,1
75834,75836,3,1,2
75852,75853,2,1,1
75854,75857,4,2,2
75861,75864,4,2,2
75874,75877,4,3,1
75880,75887,8,1,7
75888,75892,5,1,4
75900,75903,4,2,2
75909,75912,4,2,2
75913,75914,2,1,1
75915,75917,3,2,1
75920,75921,2,1,1
75929,75932,4,2,2
75952,75953,2,1,1
75957,75960,4,1,3
75976,75977,2,1,1
75978,75981,4,1,3
75982,75984,3,2,1
75996,75998,3,1,2
76018,76020,3,1,2
76028,76029,2,1,1
76037,76038,2,1,1
76043,76044,2,1,1
76045,76047,3,1,2
76048,76049,2,1,1
76051,76058,8,1,7
76060,76061,2,1,1
76068,76070,3,1,2
76075,76076,2,1,1
76082,76085,4,1,3
76107,76108,2,1,1
76118,76119,2,1,1
76133,76134,2,1,1
76145,76146,2,1,1
76153,76155,3,2,1
76156,76157,2,1,1
76168,76170,3,2,1
76171,76180,10,3,7
76185,76187,3,1,2
76200,76202,3,1,2
76203,76206,4,3,1
76210,76211,2,1,1
76212,76213,2,1,1
76215,76216,2,1,1
76217,76218,2,1,1
76229,76231,3,1,2
76237,76239,3,1,2
76242,76244,3,1,2
76245,76246,2,1,1
76251,76254,4,1,3
76261,76262,2,1,1
76264,76265,2,1,1
76266,76267,2,1,1
76268,76271,4,1,3
76275,76276,2,1,1
76277,76279,3,2,1
76280,76281,2,1,1
76282,76285,4,2,2
76304,76307,4,1,3
76308,76309,2,1,1
76312,76314,3,1,2
76315,76316,2,1,1
76321,76324,4,1,3
76328,76330,3,1,2
76335,76336,2,1,1
76361,76362,2,1,1
76363,76368,6,3,3
76372,76376,5,2,3
76377,76379,3,2,1
76380,76383,4,2,2
76387,76390,4,2,2
76391,76393,3,1,2
76394,76396,3,1,2
76401,76402,2,1,1
76415,76418,4,1,3
76424,76425,2,1,1
76427,76431,5,4,1
76436,76438,3,1,2
76441,76445,5,1,4
76446,76447,2,1,1
76453,76455,3,1,2
76462,76464,3,2,1
76465,76466,2,1,1
76470,76472,3,1,2
76473,76474,2,1,1
76487,76489,3,1,2
76492,76494,3,1,2
76512,76515,4,3,1
76524,76525,2,1,1
76539,76541,3,2,1
76550,76553,4,1,3
76562,76564,3,1,2
76566,76570,5,1,4
76571,76574,4,3,1
76575,76579,5,2,3
76587,76594,8,2,6
76595,76597,3,1,2
76606,76607,2,1,1
76610,76614,5,3,2
76619,76625,7,1,6
76626,76630,5,1,4
76632,76633,2,1,1
76634,76643,10,2,8
76653,76654,2,1,1
76655,76656,2,1,1
76657,76658,2,1,1
76659,76660,2,1,1
76661,76665,5,1,4
76673,76674,2,1,1
76675,76679,5,1,4
76683,76684,2,1,1
76685,76687,3,1,2
76689,76692,4,1,3
76701,76702,2,1,1
76703,76704,2,1,1
76706,76707,2,1,1
76708,76709,2,1,1
76710,76711,2,1,1
76712,76718,7,1,6
76744,76745,2,1,1
76757,76761,5,1,4
76772,76776,5,1,4
76784,76787,4,1,3
76788,76789,2,1,1
76817,76818,2,1,1
76822,76824,3,1,2
76834,76835,2,1,1
76841,76842,2,1,1
76849,76850,2,1,1
76851,76853,3,1,2
76854,76855,2,1,1
76856,76869,14,1,13
76877,76879,3,1,2
76883,76885,3,2,1
76891,76892,2,1,1
76901,76903,3,1,2
76905,76906,2,1,1
76910,76911,2,1,1
76916,76917,2,1,1
76929,76932,4,1,3
76942,76945,4,1,3
76946,76950,5,1,4
76952,76953,2,1,1
76956,76959,4,1,3
76963,76969,7,2,5
76970,76972,3,1,2
76973,76976,4,1,3
76986,76988,3,1,2
76991,76993,3,1,2
76994,76995,2,1,1
77011,77013,3,1,2
77017,77018,2,1,1
77019,77020,2,1,1
77023,77024,2,1,1
77026,77028,3,2,1
77032,77037,6,1,5
77040,77041,2,1,1
77042,77044,3,1,2
77049,77050,2,1,1
77063,77066,4,2,2
77086,77090,5,2,3
77093,77096,4,2,2
77103,77105,3,2,1
77116,77118,3,1,2
77124,77127,4,2,2
77132,77133,2,1,1
77144,77147,4,1,3
77151,77154,4,1,3
77166,77167,2,1,1
77169,77170,2,1,1
77175,77179,5,1,4
77201,77203,3,1,2
77204,77206,3,1,2
77207,77211,5,2,3
77212,77216,5,1,4
77222,77224,3,2,1
77235,77240,6,1,5
77244,77246,3,2,1
77251,77252,2,1,1
77258,77260,3,1,2
77267,77270,4,2,2
77271,77273,3,1,2
77275,77277,3,1,2
77283,77285,3,2,1
77288,77292,5,2,3
77293,77295,3,2,1
77321,77324,4,2,2
77326,77329,4,2,2
77330,77331,2,1,1
77350,77352,3,2,1
77357,77358,2,1,1
77371,77372,2,1,1
77373,77375,3,2,1
77376,77379,4,1,3
77383,77388,6,3,3
77393,77394,2,1,1
77402,77403,2,1,1
77415,77418,4,2,2
77421,77427,7,1,6
77431,77432,2,1,1
77442,77444,3,1,2
77445,77449,5,2,3
77454,77459,6,1,5
77460,77461,2,1,1
77468,77469,2,1,1
77470,77471,2,1,1
77485,77486,2,1,1
77492,77493,2,1,1
77512,77514,3,1,2
77520,77522,3,1,2
77527,77529,3,2,1
77535,77536,2,1,1
77537,77542,6,1,5
77543,77545,3,2,1
77546,77547,2,1,1
77554,77563,10,1,9
77564,77565,2,1,1
77567,77568,2,1,1
77571,77574,4,1,3
77584,77585,2,1,1
77594,77596,3,2,1
77600,77601,2,1,1
77602,77603,2,1,1
77604,77608,5,1,4
77613,77615,3,2,1
77627,77630,4,1,3
77635,77636,2,1,1
77650,77651,2,1,1
77655,77657,3,2,1
77681,77682,2,1,1
77688,77690,3,2,1
77711,77712,2,1,1
77719,77723,5,3,2
77725,77729,5,1,4
77743,77744,2,1,1
77745,77748,4,2,2
77758,77759,2,1,1
77791,77793,3,1,2
77794,77796,3,2,1
77797,77799,3,1,2
77811,77814,4,1,3
77815,77817,3,1,2
77842,77843,2,1,1
77848,77851,4,2,2
77855,77857,3,1,2
77881,77886,6,1,5
77894,77895,2,1,1
77896,77899,4,3,1
77904,77905,2,1,1
77907,77911,5,1,4
77915,77920,6,1,5
77921,77923,3,1,2
77924,77926,3,1,2
77932,77934,3,2,1
77941,77942,2,1,1
77945,77951,7,1,6
77953,77957,5,1,4
77969,77970,2,1,1
77971,77975,5,2,3
77976,77978,3,1,2
77981,77983,3,1,2
77999,78000,2,1,1
78003,78004,2,1,1
78007,78010,4,1,3
78015,78016,2,1,1
78017,78022,6,2,4
78025,78026,2,1,1
78043,78046,4,2,2
78055,78058,4,1,3
78059,78061,3,1,2
78062,78065,4,3,1
78066,78067,2,1,1
78070,78072,3,1,2
78080,78081,2,1,1
78083,78085,3,1,2
78086,78087,2,1,1
78088,78089,2,1,1
78096,78097,2,1,1
78107,78108,2,1,1
78109,78110,2,1,1
78111,78118,8,1,7
78119,78120,2,1,1
78130,78135,6,1,5
78139,78140,2,1,1
78141,78143,3,1,2
78147,78150,4,1,3
78152,78153,2,1,1
78156,78158,3,2,1
78160,78161,2,1,1
78179,78181,3,1,2
78182,78183,2,1,1
78186,78189,4,1,3
78195,78196,2,1,1
78200,78201,2,1,1
78203,78205,3,1,2
78230,78231,2,1,1
78239,78243,5,1,4
78262,78263,2,1,1
78286,78287,2,1,1
78299,78301,3,1,2
78304,78306,3,1,2
78313,78314,2,1,1
78329,78330,2,1,1
78331,78332,2,1,1
78338,78341,4,1,3
78343,78344,2,1,1
78345,78346,2,1,1
78347,78348,2,1,1
78353,78354,2,1,1
78369,78373,5,1,4
78374,78375,2,1,1
78384,78387,4,1,3
78410,78412,3,2,1
78457,78459,3,1,2
78460,78463,4,1,3
78472,78477,6,1,5
78481,78483,3,1,2
78496,78499,4,1,3
78505,78508,4,1,3
78546,78547,2,1,1
78555,78561,7,2,5
78567,78569,3,1,2
78571,78572,2,1,1
78584,78590,7,1,6
78595,78596,2,1,1
78597,78601,5,1,4
78620,78622,3,1,2
78627,78629,3,1,2
78639,78640,2,1,1
78641,78642,2,1,1
78645,78648,4,1,3
78654,78655,2,1,1
78661,78665,5,2,3
78673,78675,3,1,2
78699,78702,4,1,3
78704,78705,2,1,1
78708,78712,5,1,4
78714,78715,2,1,1
78728,78729,2,1,1
78730,78731,2,1,1
78732,78735,4,1,3
78736,78739,4,1,3
78743,78749,7,1,6
78760,78762,3,2,1
78767,78770,4,1,3
78771,78774,4,1,3
78797,78799,3,2,1
78805,78808,4,1,3
78809,78810,2,1,1
78812,78813,2,1,1
78814,78815,2,1,1
78820,78825,6,2,4
78828,78830,3,2,1
78831,78833,3,1,2
78834,78836,3,1,2
78848,78851,4,1,3
78852,78853,2,1,1
78854,78855,2,1,1
78859,78861,3,1,2
78865,78870,6,2,4
78871,78873,3,1,2
78883,78885,3,2,1
78886,78887,2,1,1
78895,78900,6,4,2
78903,78904,2,1,1
78919,78922,4,2,2
78931,78936,6,1,5
78943,78952,10,1,9
78954,78961,8,1,7
78962,78963,2,1,1
78964,78967,4,2,2
78985,78986,2,1,1
78987,78989,3,1,2
78997,78999,3,1,2
79001,79003,3,1,2
79006,79008,3,1,2
79009,79011,3,1,2
79014,79015,2,1,1
79016,79021,6,2,4
79026,79027,2,1,1
79030,79034,5,2,3
79044,79045,2,1,1
79046,79047,2,1,1
79077,79078,2,1,1
79095,79096,2,1,1
79106,79110,5,1,4
79113,79114,2,1,1
79115,79118,4,3,1
79123,79128,6,1,5
79148,79149,2,1,1
79150,79153,4,1,3
79157,79158,2,1,1
79170,79173,4,1,3
79178,79179,2,1,1
79183,79188,6,4,2
79190,79191,2,1,1
79195,79197,3,1,2
79203,79206,4,3,1
79208,79215,8,1,7
79231,79233,3,1,2
79237,79238,2,1,1
79248,79249,2,1,1
79256,79259,4,1,3
79262,79266,5,2,3
79272,79273,2,1,1
79274,79275,2,1,1
79288,79290,3,1,2
79291,79294,4,2,2
79304,79305,2,1,1
79313,79314,2,1,1
79325,79326,2,1,1
79330,79333,4,2,2
79334,79335,2,1,1
79339,79341,3,2,1
79371,79373,3,1,2
79377,79380,4,1,3
79384,79385,2,1,1
79399,79400,2,1,1
79405,79408,4,2,2
79410,79411,2,1,1
79430,79433,4,1,3
79479,79484,6,1,5
79485,79489,5,1,4
79499,79502,4,1,3
79503,79506,4,1,3
79516,79520,5,1,4
79535,79538,4,1,3
79539,79543,5,1,4
79544,79546,3,2,1
79562,79563,2,1,1
79567,79568,2,1,1
79576,79578,3,1,2
79582,79584,3,2,1
79594,79595,2,1,1
79609,79610,2,1,1
79617,79619,3,1,2
79623,79624,2,1,1
79627,79628,2,1,1
79638,79641,4,1,3
79643,79644,2,1,1
79646,79649,4,1,3
79650,79651,2,1,1
79652,79654,3,1,2
79655,79657,3,1,2
79663,79664,2,1,1
79665,79668,4,2,2
79669,79670,2,1,1
79671,79672,2,1,1
79675,79676,2,1,1
79677,79678,2,1,1
79679,79680,2,1,1
79693,79695,3,1,2
79697,79700,4,1,3
79704,79705,2,1,1
79706,79708,3,2,1
79710,79712,3,1,2
79715,79717,3,1,2
79721,79723,3,2,1
79725,79726,2,1,1
79729,79730,2,1,1
79734,79737,4,3,1
79740,79743,4,3,1
79746,79749,4,1,3
79793,79795,3,1,2
79796,79799,4,1,3
79814,79819,6,1,5
79836,79841,6,1,5
79857,79858,2,1,1
79859,79861,3,2,1
79869,79870,2,1,1
79872,79876,5,2,3
79877,79880,4,1,3
79885,79886,2,1,1
79888,79889,2,1,1
79892,79894,3,1,2
79898,79900,3,1,2
79902,79904,3,1,2
79905,79906,2,1,1
79917,79919,3,2,1
79931,79933,3,1,2
79939,79940,2,1,1
79942,79943,2,1,1
79945,79946,2,1,1
79952,79955,4,3,1
79958,79959,2,1,1
79968,79969,2,1,1
79985,79989,5,2,3
79992,79994,3,1,2
80008,80012,5,1,4
80028,80029,2,1,1
80030,80032,3,2,1
80055,80056,2,1,1
80063,80064,2,1,1
80066,80068,3,2,1
80079,80083,5,1,4
80087,80090,4,1,3
80097,80099,3,1,2
80106,80107,2,1,1
80121,80122,2,1,1
80124,80128,5,1,4
80144,80145,2,1,1
80147,80150,4,3,1
80151,80153,3,1,2
80162,80164,3,1,2
80170,80171,2,1,1
80172,80177,6,3,3
80205,80207,3,2,1
80210,80211,2,1,1
80218,80219,2,1,1
80222,80223,2,1,1
80224,80227,4,1,3
80230,80231,2,1,1
80248,80250,3,2,1
80270,80271,2,1,1
80272,80273,2,1,1
80277,80278,2,1,1
80290,80291,2,1,1
80311,80312,2,1,1
80315,80316,2,1,1
80333,80335,3,2,1
80353,80354,2,1,1
80355,80356,2,1,1
80364,80366,3,1,2
80378,80382,5,1,4
80383,80384,2,1,1
80390,80394,5,2,3
80405,80406,2,1,1
80409,80415,7,6,1
80428,80429,2,1,1
80435,80437,3,2,1
80447,80449,3,2,1
80458,80459,2,1,1
80481,80487,7,6,1
80503,80504,2,1,1
80515,80518,4,2,2
80519,80523,5,2,3
80527,80529,3,2,1
80537,80539,3,2,1
80545,80549,5,1,4
80591,80592,2,1,1
80599,80600,2,1,1
80618,80622,5,1,4
80625,80626,2,1,1
80641,80653,13,2,11
80665,80666,2,1,1
80672,80674,3,1,2
80677,80679,3,1,2
80680,80681,2,1,1
80686,80690,5,2,3
80702,80704,3,1,2
80713,80715,3,2,1
80718,80719,2,1,1
80720,80721,2,1,1
80727,80731,5,1,4
80742,80743,2,1,1
80748,80751,4,1,3
80760,80764,5,1,4
80789,80790,2,1,1
80794,80795,2,1,1
80797,80798,2,1,1
80803,80804,2,1,1
80807,80811,5,1,4
80816,80817,2,1,1
80879,80880,2,1,1
80893,80894,2,1,1
80895,80897,3,1,2
80913,80922,10,1,9
80935,80939,5,2,3
80944,80945,2,1,1
80946,80947,2,1,1
80958,80959,2,1,1
80987,80991,5,2,3
81006,81009,4,1,3
81022,81023,2,1,1
81030,81031,2,1,1
81038,81040,3,1,2
81055,81057,3,1,2
81069,81071,3,2,1
81072,81079,8,1,7
81096,81097,2,1,1
81102,81105,4,1,3
81106,81113,8,3,5
81116,81117,2,1,1
81118,81119,2,1,1
81125,81126,2,1,1
81127,81128,2,1,1
81143,81147,5,2,3
81153,81156,4,3,1
81175,81177,3,1,2
81197,81198,2,1,1
81203,81204,2,1,1
81242,81243,2,1,1
81273,81276,4,2,2
81280,81282,3,2,1
81283,81284,2,1,1
81294,81298,5,2,3
81299,81301,3,1,2
81308,81313,6,4,2
81326,81329,4,2,2
81331,81332,2,1,1
81337,81338,2,1,1
81346,81349,4,1,3
81385,81388,4,1,3
81396,81402,7,5,2
81424,81425,2,1,1
81426,81433,8,3,5
81434,81442,9,2,7
81449,81453,5,1,4
81468,81469,2,1,1
81477,81478,2,1,1
81479,81481,3,1,2
81492,81493,2,1,1
81494,81497,4,2,2
81500,81506,7,3,4
81518,81520,3,1,2
81521,81522,2,1,1
81527,81529,3,2,1
81533,81535,3,1,2
81538,81539,2,1,1
81540,81541,2,1,1
81568,81569,2,1,1
81570,81571,2,1,1
81572,81574,3,2,1
81578,81579,2,1,1
81580,81581,2,1,1
81582,81583,2,1,1
81587,81590,4,2,2
81607,81608,2,1,1
81636,81641,6,1,5
81647,81648,2,1,1
81649,81652,4,2,2
81658,81659,2,1,1
81660,81662,3,1,2
81667,81668,2,1,1
81678,81683,6,2,4
81706,81707,2,1,1
81730,81731,2,1,1
81744,81745,2,1,1
81746,81749,4,1,3
81750,81752,3,2,1
81757,81758,2,1,1
81759,81760,2,1,1
81768,81770,3,2,1
81771,81775,5,1,4
81776,81780,5,3,2
81794,81795,2,1,1
81806,81807,2,1,1
81814,81816,3,2,1
81828,81830,3,1,2
81831,81832,2,1,1
81833,81834,2,1,1
81841,81844,4,3,1
81882,81883,2,1,1
81893,81895,3,2,1
81919,81920,2,1,1
81950,81951,2,1,1
81953,81954,2,1,1
81955,81956,2,1,1
81961,81962,2,1,1
82006,82008,3,1,2
82031,82033,3,2,1
82068,82070,3,1,2
82073,82075,3,2,1
82076,82079,4,2,2
82092,82099,8,1,7
82100,82101,2,1,1
82106,82107,2,1,1
82108,82112,5,3,2
82114,82117,4,1,3
82120,82121,2,1,1
82128,82129,2,1,1
82130,82131,2,1,1
82156,82159,4,1,3
82160,82161,2,1,1
82168,82170,3,1,2
82206,82209,4,1,3
82210,82212,3,1,2
82213,82214,2,1,1
82215,82217,3,2,1
82218,82220,3,1,2
82221,82223,3,1,2
82224,82225,2,1,1
82226,82228,3,2,1
82229,82230,2,1,1
82236,82237,2,1,1
82253,82256,4,2,2
82257,82259,3,1,2
82264,82266,3,1,2
82277,82280,4,2,2
82283,82284,2,1,1
82297,82298,2,1,1
82299,82300,2,1,1
82302,82305,4,3,1
82312,82314,3,2,1
82318,82321,4,1,3
82323,82324,2,1,1
82340,82344,5,1,4
82349,82352,4,1,3
82357,82360,4,2,2
82372,82374,3,2,1
82384,82386,3,1,2
82416,82418,3,2,1
82425,82426,2,1,1
82428,82429,2,1,1
82430,82432,3,2,1
82435,82437,3,1,2
82443,82445,3,1,2
82451,82452,2,1,1
82459,82461,3,2,1
82462,82463,2,1,1
82469,82471,3,1,2
82483,82484,2,1,1
82490,82492,3,1,2
82503,82505,3,1,2
82507,82509,3,1,2
82510,82511,2,1,1
82512,82513,2,1,1
82517,82519,3,1,2
82523,82526,4,2,2
82527,82531,5,1,4
82543,82548,6,1,5
82573,82574,2,1,1
82575,82580,6,5,1
82586,82587,2,1,1
82597,82601,5,3,2
82602,82604,3,1,2
82605,82609,5,2,3
82641,82642,2,1,1
82643,82644,2,1,1
82654,82655,2,1,1
82667,82669,3,2,1
82693,82698,6,1,5
82699,82701,3,2,1
82709,82711,3,1,2
82713,82716,4,2,2
82724,82726,3,2,1
82727,82730,4,2,2
82733,82734,2,1,1
82741,82743,3,2,1
82749,82750,2,1,1
82760,82761,2,1,1
82765,82768,4,1,3
82787,82789,3,2,1
82790,82791,2,1,1
82801,82802,2,1,1
82815,82816,2,1,1
82819,82821,3,1,2
82826,82831,6,1,5
82848,82851,4,1,3
82852,82854,3,1,2
82856,82858,3,1,2
82859,82863,5,2,3
82865,82870,6,1,5
82878,82880,3,1,2
82884,82885,2,1,1
82890,82891,2,1,1
82893,82895,3,1,2
82899,82906,8,3,5
82913,82914,2,1,1
82921,82924,4,3,1
82925,82926,2,1,1
82927,82929,3,1,2
82937,82939,3,1,2
82940,82942,3,2,1
82959,82961,3,2,1
82969,82971,3,2,1
82974,82975,2,1,1
82978,82981,4,3,1
82996,82997,2,1,1
83012,83016,5,1,4
83017,83020,4,2,2
83040,83042,3,1,2
83046,83047,2,1,1
83052,83056,5,1,4
83057,83060,4,1,3
83061,83062,2,1,1
83065,83066,2,1,1
83083,83085,3,1,2
83098,83099,2,1,1
83112,83113,2,1,1
83128,83131,4,1,3
83132,83133,2,1,1
83156,83157,2,1,1
83164,83168,5,1,4
83181,83183,3,1,2
83187,83190,4,2,2
83193,83194,2,1,1
83195,83196,2,1,1
83197,83198,2,1,1
83205,83206,2,1,1
83207,83208,2,1,1
83209,83215,7,1,6
83220,83222,3,1,2
83230,83234,5,1,4
83238,83241,4,1,3
83281,83284,4,1,3
83290,83291,2,1,1
83295,83296,2,1,1
83304,83308,5,4,1
83318,83319,2,1,1
83324,83325,2,1,1
83326,83327,2,1,1
83329,83331,3,1,2
83333,83334,2,1,1
83338,83339,2,1,1
83353,83354,2,1,1
83370,83372,3,1,2
83378,83379,2,1,1
83388,83391,4,1,3
83392,83393,2,1,1
83410,83413,4,2,2
83415,83422,8,2,6
83433,83437,5,1,4
83441,83442,2,1,1
83443,83445,3,1,2
83456,83459,4,3,1
83468,83470,3,2,1
83495,83496,2,1,1
83497,83498,2,1,1
83505,83507,3,1,2
83511,83513,3,1,2
83519,83522,4,1,3
83528,83529,2,1,1
83552,83554,3,1,2
83578,83579,2,1,1
83581,83585,5,4,1
83593,83594,2,1,1
83597,83599,3,1,2
83604,83605,2,1,1
83610,83612,3,2,1
83613,83617,5,3,2
83628,83629,2,1,1
83642,83645,4,1,3
83648,83650,3,2,1
83678,83679,2,1,1
83683,83684,2,1,1
83690,83692,3,2,1
83694,83697,4,2,2
83717,83720,4,1,3
83726,83728,3,1,2
83737,83742,6,1,5
83743,83744,2,1,1
83745,83747,3,1,2
83758,83760,3,2,1
83763,83764,2,1,1
83777,83779,3,1,2
83797,83799,3,2,1
83800,83801,2,1,1
83807,83808,2,1,1
83840,83841,2,1,1
83844,83845,2,1,1
83861,83862,2,1,1
83863,83864,2,1,1
83875,83877,3,2,1
83880,83881,2,1,1
83882,83884,3,1,2
83902,83903,2,1,1
83904,83909,6,1,5
83914,83917,4,1,3
83923,83926,4,1,3
83952,83953,2,1,1
83954,83955,2,1,1
83973,83975,3,1,2
83977,83978,2,1,1
83979,83982,4,1,3
83983,83986,4,2,2
83987,83988,2,1,1
83998,83999,2,1,1
84002,84005,4,1,3
84017,84018,2,1,1
84028,84030,3,1,2
84038,84040,3,2,1
84050,84051,2,1,1
84052,84057,6,1,5
84067,84068,2,1,1
84076,84078,3,1,2
84079,84082,4,2,2
84083,84086,4,2,2
84098,84107,10,5,5
84118,84119,2,1,1
84142,84144,3,1,2
84147,84148,2,1,1
84157,84161,5,3,2
84162,84163,2,1,1
84180,84183,4,1,3
84202,84204,3,2,1
84212,84214,3,1,2
84225,84228,4,3,1
84245,84247,3,2,1
84253,84256,4,2,2
84261,84262,2,1,1
84272,84275,4,3,1
84276,84279,4,1,3
84284,84285,2,1,1
84291,84292,2,1,1
84295,84297,3,2,1
84300,84301,2,1,1
84335,84338,4,3,1
84342,84348,7,1,6
84349,84350,2,1,1
84362,84363,2,1,1
84364,84368,5,3,2
84373,84374,2,1,1
84376,84377,2,1,1
84383,84386,4,1,3
84394,84395,2,1,1
84396,84397,2,1,1
84399,84401,3,1,2
84402,84404,3,1,2
84405,84406,2,1,1
84410,84411,2,1,1
84464,84466,3,1,2
84469,84470,2,1,1
84502,84504,3,1,2
84506,84508,3,1,2
84511,84512,2,1,1
84519,84520,2,1,1
84542,84543,2,1,1
84564,84567,4,1,3
84577,84578,2,1,1
84599,84602,4,2,2
84606,84607,2,1,1
84612,84613,2,1,1
84630,84632,3,1,2
84640,84641,2,1,1
84678,84679,2,1,1
84680,84681,2,1,1
84688,84690,3,1,2
84700,84701,2,1,1
84722,84723,2,1,1
84750,84753,4,1,3
84777,84779,3,1,2
84792,84794,3,2,1
84803,84805,3,1,2
84810,84811,2,1,1
84821,84823,3,1,2
84825,84826,2,1,1
84832,84833,2,1,1
84843,84844,2,1,1
84849,84851,3,2,1
84854,84856,3,1,2
84858,84859,2,1,1
84865,84867,3,1,2
84879,84880,2,1,1
84897,84900,4,1,3
84903,84905,3,1,2
84912,84914,3,2,1
84915,84917,3,1,2
84943,84945,3,1,2
84951,84952,2,1,1
84953,84957,5,2,3
84960,84962,3,2,1
84964,84965,2,1,1
84966,84969,4,3,1
84970,84974,5,4,1
84981,84983,3,2,1
84994,84995,2,1,1
85001,85002,2,1,1
85032,85034,3,2,1
85036,85037,2,1,1
85038,85040,3,1,2
85050,85052,3,1,2
85055,85056,2,1,1
85060,85064,5,1,4
85069,85071,3,1,2
85079,85081,3,1,2
85103,85106,4,1,3
85141,85143,3,1,2
85144,85148,5,3,2
85152,85153,2,1,1
85156,85157,2,1,1
85171,85172,2,1,1
85214,85220,7,5,2
85225,85227,3,1,2
85229,85230,2,1,1
85231,85234,4,2,2
85236,85237,2,1,1
85240,85241,2,1,1
85243,85245,3,1,2
85253,85255,3,1,2
85256,85259,4,1,3
85273,85274,2,1,1
85278,85279,2,1,1
85283,85285,3,1,2
85293,85296,4,3,1
85373,85374,2,1,1
85381,85383,3,1,2
85390,85391,2,1,1
85396,85397,2,1,1
85462,85467,6,2,4
85472,85476,5,2,3
85477,85478,2,1,1
85482,85483,2,1,1
85496,85497,2,1,1
85503,85504,2,1,1
85511,85516,6,2,4
85518,85520,3,2,1
85526,85529,4,2,2
85530,85532,3,1,2
85533,85534,2,1,1
85536,85538,3,1,2
85546,85548,3,1,2
85573,85575,3,1,2
85578,85579,2,1,1
85588,85594,7,1,6
85601,85602,2,1,1
85631,85632,2,1,1
85661,85664,4,3,1
85678,85682,5,1,4
85698,85700,3,1,2
85701,85702,2,1,1
85710,85711,2,1,1
85715,85716,2,1,1
85728,85729,2,1,1
85730,85734,5,1,4
85735,85737,3,2,1
85743,85747,5,1,4
85748,85750,3,2,1
85770,85772,3,2,1
85780,85782,3,2,1
85799,85801,3,2,1
85814,85815,2,1,1
85816,85817,2,1,1
85822,85823,2,1,1
85827,85828,2,1,1
85830,85832,3,2,1
85833,85836,4,2,2
85841,85843,3,2,1
85846,85847,2,1,1
85848,85849,2,1,1
85879,85880,2,1,1
85916,85918,3,2,1
85925,85927,3,1,2
85929,85931,3,1,2
85945,85947,3,2,1
85950,85954,5,1,4
85957,85958,2,1,1
85971,85972,2,1,1
85981,85982,2,1,1
85985,85988,4,1,3
85989,85990,2,1,1
86002,86003,2,1,1
86029,86031,3,2,1
86074,86077,4,1,3
86081,86082,2,1,1
86098,86099,2,1,1
86100,86104,5,2,3
86105,86108,4,1,3
86111,86112,2,1,1
86113,86116,4,2,2
86139,86140,2,1,1
86155,86156,2,1,1
86172,86175,4,1,3
86179,86180,2,1,1
86198,86200,3,1,2
86201,86204,4,2,2
86207,86209,3,1,2
86212,86214,3,1,2
86215,86216,2,1,1
86236,86239,4,1,3
86242,86243,2,1,1
86249,86252,4,2,2
86263,86266,4,2,2
86267,86269,3,2,1
86271,86272,2,1,1
86289,86290,2,1,1
86318,86319,2,1,1
86323,86328,6,1,5
86330,86333,4,1,3
86411,86509,99,1,98
86510,86523,14,1,13
86574,86576,3,1,2
86579,86582,4,2,2
86591,86593,3,1,2
86594,86600,7,1,6
86609,86610,2,1,1
86612,86613,2,1,1
86627,86628,2,1,1
86631,86635,5,1,4
86639,86640,2,1,1
86735,86736,2,1,1
86737,86738,2,1,1
86743,86747,5,1,4
86756,86757,2,1,1
86790,86791,2,1,1
86807,86808,2,1,1
86827,86832,6,2,4
86833,86837,5,2,3
86839,86842,4,1,3
86862,86865,4,3,1
86866,86867,2,1,1
86870,86871,2,1,1
86892,86894,3,1,2
86913,86916,4,1,3
86918,86922,5,1,4
86928,86931,4,1,3
86933,86934,2,1,1
86948,86950,3,2,1
86951,86954,4,1,3
86955,86959,5,3,2
86960,86961,2,1,1
86962,86963,2,1,1
86977,86978,2,1,1
86994,86996,3,1,2
86997,86999,3,2,1
87000,87001,2,1,1
87016,87017,2,1,1
87026,87027,2,1,1
87039,87040,2,1,1
87047,87048,2,1,1
87049,87050,2,1,1
87054,87057,4,2,2
87072,87074,3,2,1
87096,87097,2,1,1
87100,87101,2,1,1
87114,87116,3,1,2
87150,87151,2,1,1
87157,87159,3,2,1
87160,87162,3,1,2
87163,87165,3,1,2
87170,87171,2,1,1
87179,87180,2,1,1
87181,87183,3,1,2
87188,87191,4,1,3
87200,87201,2,1,1
87213,87215,3,2,1
87219,87222,4,1,3
87223,87225,3,2,1
87231,87236,6,4,2
87261,87262,2,1,1
87284,87285,2,1,1
87287,87288,2,1,1
87318,87319,2,1,1
87360,87361,2,1,1
87366,87370,5,3,2
87385,87386,2,1,1
87394,87397,4,3,1
87407,87411,5,1,4
87427,87431,5,3,2
87435,87436,2,1,1
87448,87450,3,2,1
87458,87463,6,1,5
87464,87465,2,1,1
87467,87468,2,1,1
87469,87471,3,1,2
87484,87485,2,1,1
87495,87496,2,1,1
87510,87511,2,1,1
87518,87519,2,1,1
87523,87524,2,1,1
87545,87547,3,1,2
87552,87556,5,2,3
87559,87560,2,1,1
87562,87565,4,2,2
87566,87569,4,1,3
87571,87574,4,3,1
87580,87585,6,1,5
87586,87589,4,3,1
87591,87592,2,1,1
87605,87606,2,1,1
87637,87640,4,1,3
87653,87656,4,3,1
87657,87659,3,1,2
87662,87663,2,1,1
87665,87666,2,1,1
87682,87696,15,14,1
87700,87701,2,1,1
87712,87716,5,4,1
87724,87725,2,1,1
87727,87728,2,1,1
87734,87737,4,2,2
87740,87741,2,1,1
87742,87745,4,2,2
87746,87750,5,2,3
87804,87805,2,1,1
87809,87813,5,1,4
87828,87833,6,1,5
87840,87842,3,1,2
87853,87854,2,1,1
87869,87870,2,1,1
87878,87879,2,1,1
87883,87885,3,2,1
87888,87890,3,2,1
87906,87907,2,1,1
87908,87909,2,1,1
87913,87914,2,1,1
87915,87916,2,1,1
87917,87919,3,2,1
87924,87925,2,1,1
87930,87932,3,1,2
87946,87947,2,1,1
87960,87964,5,1,4
87975,87976,2,1,1
87977,87978,2,1,1
87982,87985,4,1,3
87986,87991,6,1,5
87996,87999,4,2,2
88001,88002,2,1,1
88003,88007,5,4,1
88010,88011,2,1,1
88015,88018,4,2,2
88030,88031,2,1,1
88041,88042,2,1,1
88043,88044,2,1,1
88061,88062,2,1,1
88082,88083,2,1,1
88092,88094,3,2,1
88106,88108,3,1,2
88125,88127,3,1,2
88128,88129,2,1,1
88132,88133,2,1,1
88134,88136,3,1,2
88137,88139,3,1,2
88157,88161,5,3,2
88162,88163,2,1,1
88170,88174,5,4,1
88182,88185,4,1,3
88186,88187,2,1,1
88191,88192,2,1,1
88194,88196,3,1,2
88232,88233,2,1,1
88252,88255,4,1,3
88256,88257,2,1,1
88258,88259,2,1,1
88260,88262,3,2,1
88263,88265,3,2,1
88295,88297,3,2,1
88299,88303,5,2,3
88304,88306,3,2,1
88320,88326,7,6,1
88327,88335,9,7,2
88339,88340,2,1,1
88341,88343,3,2,1
88344,88346,3,2,1
88350,88351,2,1,1
88360,88365,6,2,4
88366,88368,3,1,2
88369,88372,4,1,3
88375,88380,6,3,3
88381,88387,7,1,6
88398,88399,2,1,1
88400,88402,3,2,1
88403,88404,2,1,1
88407,88408,2,1,1
88428,88429,2,1,1
88469,88470,2,1,1
88477,88478,2,1,1
88484,88485,2,1,1
88531,88532,2,1,1
88549,88552,4,2,2
88567,88569,3,1,2
88586,88588,3,1,2
88605,88609,5,2,3
88613,88614,2,1,1
88619,88621,3,1,2
88623,88625,3,2,1
88641,88643,3,1,2
88658,88659,2,1,1
88662,88664,3,1,2
88665,88667,3,1,2
88673,88676,4,1,3
88693,88694,2,1,1
88699,88701,3,1,2
88703,88705,3,2,1
88715,88718,4,2,2
88733,88736,4,2,2
88738,88742,5,2,3
88743,88747,5,1,4
88748,88750,3,1,2
88755,88757,3,1,2
88758,88760,3,1,2
88783,88786,4,1,3
88801,88805,5,4,1
88809,88810,2,1,1
88811,88818,8,2,6
88821,88822,2,1,1
88824,88825,2,1,1
88826,88830,5,4,1
88833,88836,4,2,2
88853,88854,2,1,1
88860,88861,2,1,1
88865,88867,3,1,2
88887,88889,3,1,2
88897,88903,7,6,1
88904,88907,4,2,2
88936,88938,3,2,1
88939,88942,4,3,1
88947,88948,2,1,1
88965,88966,2,1,1
88968,88970,3,1,2
88971,88972,2,1,1
88976,88981,6,4,2
88982,88984,3,2,1
88985,88988,4,2,2
88989,88990,2,1,1
88991,88993,3,1,2
88994,88996,3,1,2
89015,89016,2,1,1
89026,89029,4,1,3
89031,89032,2,1,1
89048,89049,2,1,1
89053,89054,2,1,1
89058,89061,4,3,1
89068,89070,3,1,2
89071,89072,2,1,1
89102,89104,3,1,2
89106,89107,2,1,1
89148,89149,2,1,1
89156,89160,5,1,4
89177,89179,3,1,2
89183,89186,4,2,2
89196,89200,5,1,4
89204,89206,3,2,1
89213,89216,4,3,1
89221,89222,2,1,1
89229,89230,2,1,1
89231,89233,3,2,1
89248,89250,3,1,2
89253,89257,5,1,4
89258,89260,3,1,2
89264,89265,2,1,1
89294,89297,4,1,3
89298,89299,2,1,1
89329,89330,2,1,1
89332,89333,2,1,1
89334,89338,5,3,2
89346,89348,3,2,1
89351,89353,3,1,2
89359,89362,4,2,2
89379,89384,6,4,2
89403,89409,7,4,3
89418,89419,2,1,1
89424,89425,2,1,1
89440,89445,6,1,5
89455,89457,3,2,1
89463,89464,2,1,1
89469,89470,2,1,1
89485,89486,2,1,1
89492,89494,3,1,2
89495,89515,21,20,1
89518,89519,2,1,1
89520,89521,2,1,1
89543,89545,3,1,2
89546,89549,4,2,2
89550,89557,8,7,1
89562,89563,2,1,1
89564,89569,6,4,2
89571,89573,3,1,2
89603,89605,3,2,1
89624,89626,3,1,2
89627,89628,2,1,1
89637,89640,4,3,1
89656,89659,4,1,3
89662,89663,2,1,1
89668,89672,5,4,1
89674,89675,2,1,1
89677,89680,4,2,2
89684,89686,3,1,2
89688,89692,5,1,4
89704,89706,3,1,2
89711,89714,4,1,3
89729,89730,2,1,1
89731,89732,2,1,1
89739,89741,3,1,2
89750,89753,4,3,1
89756,89759,4,1,3
89777,89782,6,4,2
89793,89794,2,1,1
89800,89801,2,1,1
89802,89805,4,1,3
89807,89809,3,1,2
89836,89837,2,1,1
89838,89843,6,1,5
89845,89846,2,1,1
89847,89848,2,1,1
89850,89851,2,1,1
89862,89866,5,1,4
89889,89891,3,1,2
89892,89896,5,3,2
89899,89901,3,2,1
89911,89912,2,1,1
89913,89915,3,2,1
89921,89922,2,1,1
89930,89935,6,1,5
89936,89938,3,1,2
89950,89951,2,1,1
89964,89965,2,1,1
89971,89972,2,1,1
89973,89977,5,1,4
89997,89998,2,1,1
89999,90001,3,1,2
90009,90011,3,1,2
90012,90013,2,1,1
90014,90015,2,1,1
90019,90020,2,1,1
90024,90025,2,1,1
90037,90038,2,1,1
90039,90040,2,1,1
90046,90048,3,1,2
90050,90053,4,2,2
90054,90055,2,1,1
90062,90065,4,1,3
90070,90071,2,1,1
90072,90073,2,1,1
90084,90085,2,1,1
90101,90102,2,1,1
90104,90115,12,2,10
90150,90151,2,1,1
90154,90155,2,1,1
90189,90190,2,1,1
90191,90194,4,1,3
90206,90210,5,4,1
90212,90214,3,1,2
90220,90222,3,1,2
90225,90226,2,1,1
90234,90235,2,1,1
90247,90248,2,1,1
90249,90251,3,1,2
90267,90270,4,2,2
90274,90277,4,3,1
90279,90280,2,1,1
90281,90282,2,1,1
90283,90286,4,3,1
90287,90290,4,1,3
90291,90293,3,1,2
90302,90304,3,1,2
90310,90311,2,1,1
90312,90314,3,1,2
90332,90333,2,1,1
90355,90359,5,4,1
90360,90361,2,1,1
90366,90367,2,1,1
90374,90375,2,1,1
90379,90382,4,2,2
90421,90422,2,1,1
90430,90432,3,2,1
90465,90467,3,2,1
90471,90473,3,2,1
90474,90475,2,1,1
90484,90485,2,1,1
90496,90499,4,1,3
90500,90501,2,1,1
90517,90518,2,1,1
90524,90525,2,1,1
90536,90538,3,2,1
90541,90543,3,2,1
90551,90552,2,1,1
90553,90554,2,1,1
90562,90566,5,2,3
90568,90569,2,1,1
90586,90588,3,1,2
90606,90608,3,1,2
90612,90613,2,1,1
90625,90627,3,1,2
90634,90636,3,1,2
90653,90655,3,1,2
90666,90667,2,1,1
90673,90674,2,1,1
90676,90678,3,2,1
90743,90747,5,2,3
90812,90813,2,1,1
90832,90834,3,1,2
90841,90842,2,1,1
90867,90870,4,1,3
90877,90879,3,2,1
90889,90890,2,1,1
90902,90903,2,1,1
90914,90915,2,1,1
90921,90922,2,1,1
90926,90927,2,1,1
90929,90931,3,2,1
90947,90950,4,1,3
90951,90952,2,1,1
90959,90960,2,1,1
90980,90984,5,1,4
90990,91002,13,6,7
91005,91007,3,1,2
91021,91025,5,1,4
91028,91030,3,2,1
91034,91035,2,1,1
91036,91037,2,1,1
91046,91048,3,2,1
91133,91134,2,1,1
91178,91179,2,1,1
91361,91364,4,2,2
91379,91381,3,1,2
91396,91398,3,1,2
91429,91430,2,1,1
91462,91463,2,1,1
91490,91495,6,5,1
91497,91498,2,1,1
91499,91502,4,3,1
91505,91506,2,1,1
91520,91521,2,1,1
91526,91527,2,1,1
91529,91530,2,1,1
91560,91561,2,1,1
91567,91571,5,1,4
91580,91581,2,1,1
91582,91583,2,1,1
91585,91587,3,2,1
91588,91592,5,2,3
91594,91595,2,1,1
91597,91598,2,1,1
91599,91600,2,1,1
91609,91612,4,1,3
91618,91620,3,1,2
91642,91646,5,2,3
91647,91650,4,1,3
91666,91670,5,2,3
91688,91692,5,4,1
91701,91702,2,1,1
91715,91720,6,1,5
91728,91730,3,1,2
91742,91744,3,2,1
91778,91779,2,1,1
91787,91790,4,2,2
91798,91800,3,1,2
91802,91806,5,1,4
91830,91831,2,1,1
91837,91841,5,2,3
91845,91847,3,1,2
91848,91851,4,2,2
91852,91857,6,1,5
91869,91872,4,1,3
91902,91905,4,1,3
91906,91908,3,2,1
91911,91912,2,1,1
91913,91914,2,1,1
91963,91966,4,2,2
91976,91978,3,2,1
91984,91985,2,1,1
91997,91998,2,1,1
92000,92003,4,1,3
92012,92014,3,2,1
92026,92027,2,1,1
92028,92029,2,1,1
92035,92036,2,1,1
92037,92038,2,1,1
92060,92062,3,2,1
92063,92067,5,4,1
92068,92073,6,5,1
92074,92077,4,2,2
92080,92081,2,1,1
92088,92089,2,1,1
92096,92097,2,1,1
92119,92120,2,1,1
92121,92122,2,1,1
92172,92175,4,2,2
92178,92180,3,1,2
92182,92183,2,1,1
92185,92187,3,1,2
92188,92189,2,1,1
92190,92192,3,1,2
92196,92198,3,2,1
92202,92203,2,1,1
92204,92206,3,1,2
92207,92209,3,2,1
92219,92222,4,1,3
92243,92245,3,1,2
92249,92256,8,4,4
92269,92272,4,2,2
92276,92277,2,1,1
92278,92279,2,1,1
92280,92281,2,1,1
92282,92286,5,2,3
92287,92291,5,1,4
92292,92293,2,1,1
92303,92312,10,7,3
92313,92316,4,3,1
92317,92321,5,4,1
92331,92334,4,1,3
92335,92336,2,1,1
92342,92345,4,3,1
92350,92352,3,2,1
92353,92354,2,1,1
92361,92363,3,2,1
92379,92383,5,1,4
92392,92394,3,1,2
92398,92399,2,1,1
92404,92407,4,3,1
92422,92427,6,4,2
92430,92433,4,3,1
92469,92470,2,1,1
92488,92492,5,2,3
92500,92501,2,1,1
92506,92509,4,2,2
92510,92514,5,1,4
92515,92521,7,3,4
92526,92531,6,1,5
92540,92541,2,1,1
92545,92546,2,1,1
92580,92586,7,4,3
92587,92590,4,3,1
92609,92610,2,1,1
92618,92620,3,1,2
92621,92623,3,2,1
92627,92628,2,1,1
92632,92635,4,3,1
92636,92639,4,1,3
92640,92643,4,1,3
92654,92659,6,4,2
92660,92661,2,1,1
92662,92664,3,1,2
92668,92670,3,2,1
92681,92683,3,1,2
92684,92685,2,1,1
92691,92694,4,3,1
92705,92707,3,2,1
92708,92711,4,2,2
92715,92717,3,2,1
92723,92724,2,1,1
92725,92726,2,1,1
92727,92730,4,1,3
92742,92745,4,1,3
92747,92748,2,1,1
92761,92762,2,1,1
92764,92765,2,1,1
92766,92770,5,2,3
92776,92780,5,1,4
92781,92783,3,2,1
92788,92791,4,1,3
92792,92794,3,1,2
92799,92803,5,2,3
92804,92812,9,3,6
92818,92819,2,1,1
92820,92823,4,2,2
92824,92825,2,1,1
92826,92829,4,3,1
92832,92834,3,1,2
92835,92838,4,2,2
92841,92842,2,1,1
92843,92845,3,1,2
92849,92850,2,1,1
92861,92862,2,1,1
92871,92872,2,1,1
92876,92881,6,2,4
92888,92889,2,1,1
92890,92892,3,1,2
92894,92895,2,1,1
92903,92904,2,1,1
92905,92908,4,3,1
92909,92915,7,4,3
92934,92941,8,6,2
92944,92945,2,1,1
92946,92949,4,1,3
92950,92955,6,2,4
92961,92967,7,6,1
92968,92970,3,2,1
92978,92979,2,1,1
92980,92981,2,1,1
92997,93001,5,1,4
93012,93014,3,1,2
93016,93019,4,3,1
93025,93030,6,5,1
93046,93052,7,5,2
93079,93080,2,1,1
93081,93082,2,1,1
93102,93103,2,1,1
93104,93106,3,1,2
93114,93117,4,3,1
93118,93121,4,3,1
93122,93123,2,1,1
93133,93138,6,1,5
93139,93143,5,4,1
93144,93145,2,1,1
93146,93148,3,1,2
93163,93167,5,2,3
93177,93182,6,4,2
93183,93191,9,2,7
93192,93195,4,1,3
93196,93199,4,1,3
93228,93230,3,1,2
93232,93233,2,1,1
93235,93237,3,2,1
93290,93292,3,2,1
93297,93298,2,1,1
93302,93303,2,1,1
93335,93336,2,1,1
93337,93339,3,2,1
93341,93345,5,1,4
93352,93353,2,1,1
93371,93373,3,2,1
93419,93420,2,1,1
93436,93437,2,1,1
93442,93444,3,1,2
93447,93450,4,1,3
93453,93457,5,1,4
93458,93459,2,1,1
93476,93477,2,1,1
93482,93484,3,1,2
93485,93490,6,2,4
93491,93492,2,1,1
93493,93495,3,2,1
93511,93515,5,2,3
93529,93531,3,1,2
93532,93535,4,2,2
93538,93541,4,3,1
93542,93549,8,6,2
93552,93562,11,8,3
93568,93570,3,2,1
93571,93572,2,1,1
93573,93575,3,1,2
93582,93584,3,2,1
93612,93614,3,2,1
93615,93617,3,1,2
93618,93619,2,1,1
93620,93621,2,1,1
93630,93632,3,2,1
93655,93662,8,5,3
93707,93708,2,1,1
93712,93713,2,1,1
93714,93717,4,3,1
93718,93720,3,1,2
93721,93722,2,1,1
93726,93729,4,1,3
93735,93737,3,2,1
93738,93739,2,1,1
93740,93743,4,3,1
93744,93747,4,2,2
93750,93753,4,3,1
93757,93758,2,1,1
93759,93762,4,1,3
93763,93766,4,2,2
93771,93774,4,3,1
93778,93780,3,2,1
93795,93797,3,2,1
93798,93802,5,1,4
93804,93806,3,1,2
93818,93823,6,2,4
93835,93838,4,3,1
93844,93845,2,1,1
93854,93855,2,1,1
93856,93858,3,1,2
93865,93868,4,3,1
93873,93874,2,1,1
93876,93880,5,4,1
93886,93892,7,1,6
93893,93898,6,5,1
93900,93903,4,1,3
93904,93905,2,1,1
93906,93910,5,4,1
93911,93915,5,1,4
93916,93918,3,2,1
93922,93923,2,1,1
93930,93941,12,10,2
93945,93951,7,1,6
93963,93965,3,1,2
93966,93968,3,1,2
93969,93974,6,4,2
93975,93980,6,4,2
93981,93984,4,3,1
93996,93997,2,1,1
94003,94005,3,1,2
94006,94012,7,2,5
94013,94014,2,1,1
94020,94022,3,2,1
94023,94027,5,4,1
94028,94029,2,1,1
94030,94032,3,1,2
94036,94042,7,6,1
94050,94052,3,2,1
94065,94071,7,4,3
94072,94073,2,1,1
94074,94080,7,5,2
94089,94092,4,3,1
94093,94101,9,6,3
94105,94107,3,1,2
94110,94112,3,1,2
94114,94117,4,3,1
94118,94119,2,1,1
94120,94121,2,1,1
94122,94125,4,1,3
94128,94133,6,1,5
94146,94148,3,2,1
94156,94157,2,1,1
94158,94160,3,2,1
94163,94167,5,2,3
94168,94173,6,1,5
94204,94216,13,11,2
94222,94224,3,1,2
94232,94236,5,4,1
94239,94242,4,2,2
94243,94248,6,1,5
94249,94256,8,7,1
94257,94258,2,1,1
94261,94263,3,2,1
94269,94273,5,4,1
94274,94282,9,8,1
94283,94284,2,1,1
94285,94287,3,2,1
94291,94293,3,2,1
94294,94301,8,7,1
94303,94304,2,1,1
94305,94307,3,2,1
94308,94310,3,2,1
94311,94312,2,1,1
94313,94314,2,1,1
94316,94321,6,5,1
94322,94328,7,6,1
94329,94330,2,1,1
94331,94335,5,4,1
94336,94337,2,1,1
94349,94350,2,1,1
94351,94353,3,2,1
94360,94362,3,1,2
94378,94381,4,3,1
94385,94386,2,1,1
94393,94397,5,1,4
94401,94407,7,3,4
94409,94414,6,5,1
94415,94416,2,1,1
94417,94433,17,2,15
94434,94435,2,1,1
94436,94437,2,1,1
94438,94439,2,1,1
94440,94441,2,1,1
94442,94444,3,1,2
94451,94453,3,2,1
94454,94459,6,5,1
94460,94464,5,1,4
94465,94467,3,1,2
94468,94470,3,2,1
94471,94472,2,1,1
94481,94483,3,2,1
94484,94492,9,1,8
94493,94494,2,1,1
94495,94505,11,2,9
94520,94523,4,2,2
94528,94529,2,1,1
94564,94565,2,1,1
94620,94627,8,4,4
94628,94631,4,3,1
94632,94637,6,4,2
94640,94643,4,2,2
94644,94651,8,4,4
94664,94665,2,1,1
94693,94694,2,1,1
94703,94706,4,1,3
94749,94750,2,1,1
94772,94775,4,2,2
94777,94779,3,2,1
94788,94793,6,1,5
94803,94808,6,2,4
94830,94834,5,2,3
94876,94877,2,1,1
94901,94902,2,1,1
94908,94909,2,1,1
94921,94923,3,1,2
94937,94939,3,1,2
94962,94965,4,2,2
94977,94979,3,1,2
95010,95013,4,3,1
95143,95144,2,1,1
95151,95154,4,1,3
95156,95157,2,1,1
95170,95171,2,1,1
95215,95217,3,1,2
95232,95233,2,1,1
95237,95238,2,1,1
95250,95252,3,2,1
95268,95271,4,2,2
95276,95279,4,2,2
95287,95290,4,2,2
95295,95296,2,1,1
95301,95302,2,1,1
95306,95308,3,1,2
95317,95320,4,3,1
95334,95335,2,1,1
95347,95348,2,1,1
95362,95364,3,1,2
95371,95372,2,1,1
95373,95374,2,1,1
95375,95379,5,1,4
95380,95382,3,1,2
95384,95386,3,2,1
95387,95388,2,1,1
95398,95399,2,1,1
95407,95409,3,2,1
95417,95419,3,2,1
95420,95421,2,1,1
95429,95432,4,1,3
95438,95441,4,2,2
95464,95465,2,1,1
95466,95467,2,1,1
95468,95473,6,5,1
95486,95487,2,1,1
95518,95519,2,1,1
95541,95542,2,1,1
95543,95544,2,1,1
95545,95547,3,1,2
95548,95551,4,2,2
95555,95556,2,1,1
95557,95560,4,2,2
95565,95568,4,3,1
95570,95574,5,1,4
95583,95584,2,1,1
95599,95600,2,1,1
95602,95603,2,1,1
95604,95605,2,1,1
95606,95607,2,1,1
95633,95635,3,2,1
95652,95653,2,1,1
95663,95664,2,1,1
95665,95668,4,2,2
95679,95680,2,1,1
95686,95687,2,1,1
95698,95700,3,1,2
95715,95716,2,1,1
95723,95725,3,1,2
95736,95737,2,1,1
95738,95739,2,1,1
95741,95742,2,1,1
95749,95752,4,3,1
95754,95758,5,4,1
95774,95779,6,2,4
95780,95784,5,2,3
95788,95789,2,1,1
95790,95795,6,4,2
95800,95801,2,1,1
95807,95808,2,1,1
95823,95824,2,1,1
95833,95835,3,1,2
95868,95869,2,1,1
95878,95881,4,3,1
95882,95887,6,1,5
95899,95900,2,1,1
95924,95926,3,2,1
95932,95936,5,3,2
95951,95953,3,2,1
95958,95959,2,1,1
95967,95968,2,1,1
95998,95999,2,1,1
96002,96004,3,2,1
96018,96019,2,1,1
96041,96046,6,1,5
96065,96067,3,2,1
96069,96072,4,1,3
96083,96085,3,2,1
96088,96089,2,1,1
96096,96099,4,3,1
96109,96111,3,1,2
96132,96134,3,1,2
96140,96141,2,1,1
96178,96179,2,1,1
96189,96190,2,1,1
96194,96196,3,2,1
96211,96212,2,1,1
96240,96241,2,1,1
96242,96243,2,1,1
96244,96246,3,1,2
96247,96248,2,1,1
96249,96251,3,2,1
96254,96259,6,3,3
96265,96267,3,2,1
96268,96270,3,1,2
96273,96274,2,1,1
96307,96309,3,1,2
96324,96325,2,1,1
96356,96357,2,1,1
96375,96377,3,1,2
96392,96393,2,1,1
96394,96402,9,1,8
96403,96404,2,1,1
96412,96414,3,2,1
96422,96424,3,1,2
96440,96442,3,2,1
96446,96448,3,2,1
96475,96479,5,3,2
96485,96489,5,1,4
96500,96501,2,1,1
96503,96505,3,1,2
96527,96530,4,1,3
96542,96543,2,1,1
96549,96551,3,2,1
96561,96563,3,1,2
96573,96575,3,2,1
96603,96605,3,1,2
96606,96607,2,1,1
96633,96636,4,1,3
96651,96652,2,1,1
96658,96660,3,1,2
96662,96665,4,1,3
96668,96669,2,1,1
96682,96683,2,1,1
96693,96694,2,1,1
96725,96726,2,1,1
96731,96732,2,1,1
96740,96741,2,1,1
96748,96749,2,1,1
96755,96756,2,1,1
96773,96776,4,1,3
96780,96783,4,1,3
96794,96795,2,1,1
96819,96820,2,1,1
96852,96853,2,1,1
96879,96881,3,1,2
96883,96885,3,2,1
96890,96892,3,2,1
96920,96921,2,1,1
96942,96944,3,1,2
96947,96948,2,1,1
96997,96998,2,1,1
97008,97009,2,1,1
97040,97041,2,1,1
97045,97046,2,1,1
97047,97048,2,1,1
97049,97050,2,1,1
97055,97056,2,1,1
97059,97061,3,2,1
97064,97066,3,2,1
97084,97087,4,2,2
97088,97089,2,1,1
97100,97101,2,1,1
97103,97104,2,1,1
97107,97109,3,2,1
97118,97119,2,1,1
97121,97122,2,1,1
97139,97140,2,1,1
97151,97154,4,2,2
97161,97162,2,1,1
97175,97176,2,1,1
97190,97191,2,1,1
97213,97214,2,1,1
97224,97225,2,1,1
97228,97230,3,1,2
97252,97256,5,1,4
97259,97260,2,1,1
97292,97294,3,2,1
97340,97341,2,1,1
97347,97348,2,1,1
97349,97352,4,3,1
97361,97362,2,1,1
97389,97391,3,2,1
97392,97393,2,1,1
97394,97395,2,1,1
97404,97405,2,1,1
97406,97407,2,1,1
97408,97409,2,1,1
97430,97432,3,1,2
97444,97447,4,2,2
97448,97449,2,1,1
97458,97461,4,3,1
97462,97464,3,1,2
97465,97466,2,1,1
97469,97470,2,1,1
97499,97502,4,2,2
97505,97508,4,1,3
97535,97537,3,1,2
97545,97547,3,2,1
97548,97549,2,1,1
97564,97566,3,2,1
97567,97568,2,1,1
97580,97581,2,1,1
97584,97586,3,2,1
97587,97589,3,1,2
97594,97595,2,1,1
97599,97601,3,2,1
97602,97604,3,1,2
97621,97624,4,2,2
97625,97627,3,1,2
97655,97657,3,2,1
97667,97669,3,2,1
97670,97671,2,1,1
97675,97676,2,1,1
97680,97683,4,2,2
97689,97691,3,1,2
97694,97698,5,2,3
97719,97720,2,1,1
97733,97736,4,2,2
97737,97738,2,1,1
97749,97751,3,1,2
97764,97765,2,1,1
97770,97771,2,1,1
97779,97780,2,1,1
97787,97788,2,1,1
97792,97793,2,1,1
97824,97826,3,1,2
97833,97836,4,2,2
97842,97843,2,1,1
97845,97846,2,1,1
97856,97859,4,3,1
97917,97918,2,1,1
97922,97924,3,1,2
97935,97937,3,1,2
97938,97939,2,1,1
97944,97946,3,1,2
97949,97951,3,1,2
97955,97957,3,2,1
97984,97986,3,2,1
97987,97991,5,4,1
97995,97996,2,1,1
98010,98012,3,2,1
98015,98016,2,1,1
98039,98040,2,1,1
98045,98046,2,1,1
98069,98071,3,2,1
98083,98084,2,1,1
98100,98101,2,1,1
98124,98125,2,1,1
98126,98128,3,2,1
98144,98145,2,1,1
98166,98167,2,1,1
98183,98184,2,1,1
98192,98193,2,1,1
98201,98205,5,3,2
98207,98208,2,1,1
98210,98211,2,1,1
98227,98232,6,2,4
98240,98242,3,2,1
98254,98255,2,1,1
98272,98273,2,1,1
98274,98275,2,1,1
98278,98280,3,2,1
98299,98302,4,1,3
98309,98310,2,1,1
98313,98316,4,2,2
98332,98335,4,1,3
98346,98347,2,1,1
98351,98352,2,1,1
98363,98364,2,1,1
98365,98366,2,1,1
98369,98370,2,1,1
98379,98380,2,1,1
98397,98400,4,2,2
98403,98408,6,1,5
98411,98412,2,1,1
98413,98414,2,1,1
98415,98416,2,1,1
98417,98418,2,1,1
98419,98420,2,1,1
98429,98430,2,1,1
98454,98456,3,1,2
98461,98463,3,1,2
98483,98484,2,1,1
98506,98507,2,1,1
98515,98518,4,2,2
98551,98553,3,1,2
98559,98562,4,3,1
98563,98564,2,1,1
98574,98575,2,1,1
98582,98583,2,1,1
98588,98590,3,2,1
98597,98598,2,1,1
98617,98619,3,2,1
98636,98637,2,1,1
98642,98643,2,1,1
98666,98667,2,1,1
98668,98671,4,3,1
98679,98680,2,1,1
98715,98716,2,1,1
98728,98729,2,1,1
98734,98736,3,1,2
98753,98755,3,1,2
98756,98757,2,1,1
98766,98767,2,1,1
98774,98775,2,1,1
98802,98805,4,3,1
98815,98817,3,1,2
98824,98828,5,2,3
98830,98831,2,1,1
98840,98841,2,1,1
98842,98843,2,1,1
98873,98874,2,1,1
98882,98883,2,1,1
98912,98913,2,1,1
98914,98917,4,2,2
98937,98939,3,1,2
98940,98942,3,1,2
98947,98949,3,1,2
98956,98959,4,2,2
99022,99025,4,3,1
99043,99044,2,1,1
99050,99052,3,2,1
99056,99058,3,1,2
99078,99080,3,1,2
99092,99094,3,1,2
99114,99115,2,1,1
99118,99119,2,1,1
99131,99133,3,2,1
99154,99156,3,1,2
99157,99158,2,1,1
99162,99164,3,1,2
99169,99171,3,1,2
99199,99200,2,1,1
99203,99204,2,1,1
99221,99227,7,3,4
99236,99237,2,1,1
99253,99258,6,1,5
99269,99272,4,3,1
99273,99275,3,2,1
99281,99283,3,1,2
99292,99293,2,1,1
99296,99297,2,1,1
99318,99320,3,1,2
99334,99335,2,1,1
99336,99337,2,1,1
99359,99362,4,3,1
99364,99365,2,1,1
99437,99438,2,1,1
99448,99450,3,1,2
99458,99460,3,1,2
99475,99477,3,2,1
99499,99504,6,4,2
99507,99508,2,1,1
99510,99511,2,1,1
99518,99519,2,1,1
99520,99521,2,1,1
99526,99528,3,1,2
99529,99530,2,1,1
99557,99559,3,2,1
99570,99572,3,2,1
99580,99581,2,1,1
99599,99600,2,1,1
99615,99616,2,1,1
99620,99622,3,1,2
99640,99641,2,1,1
99660,99662,3,1,2
99663,99664,2,1,1
99681,99683,3,1,2
99689,99690,2,1,1
99722,99724,3,1,2
99728,99729,2,1,1
99736,99737,2,1,1
99768,99770,3,1,2
99772,99774,3,1,2
99786,99787,2,1,1
99793,99794,2,1,1
99803,99804,2,1,1
99818,99820,3,1,2
99828,99829,2,1,1
99848,99850,3,2,1
99852,99854,3,2,1
99860,99861,2,1,1
99865,99866,2,1,1
99871,99873,3,2,1
99880,99882,3,1,2
99890,99892,3,1,2
99906,99909,4,2,2
99938,99939,2,1,1
