start_row,match_length
420.0,3
1341.0,6
1509.0,5
1572.0,5
1737.0,5
1792.0,4
1800.0,2
1815.0,4
1897.0,6
1926.0,2
2026.0,4
2031.0,7
2049.0,6
2055.0,2
2068.0,4
2072.0,4
2125.0,2
2147.0,2
2203.0,3
2232.0,6
2260.0,4
2276.0,2
2290.0,3
2303.0,2
2319.0,3
2325.0,2
2331.0,4
2368.0,3
2375.0,6
2381.0,3
2434.0,4
2460.0,3
2482.0,3
2545.0,2
2584.0,4
2594.0,7
2619.0,4
2702.0,10
2735.0,7
2743.0,8
2796.0,13
2812.0,11
2824.0,2
2830.0,8
2834.0,4
2838.0,3
2841.0,3
2845.0,13
2859.0,9
2882.0,16
2886.0,4
2924.0,8
2931.0,3
2940.0,15
2955.0,18
2972.0,5
2976.0,10
2986.0,3
2991.0,5
3001.0,4
3003.0,14
3018.0,17
3048.0,9
3069.0,2
3104.0,2
3130.0,9
3142.0,8
3151.0,12
3162.0,2
3177.0,15
3196.0,10
3206.0,5
3229.0,6
3236.0,7
3241.0,8
3249.0,7
3266.0,5
3278.0,14
3292.0,6
3312.0,10
3320.0,7
3339.0,7
3346.0,2
3348.0,2
3352.0,9
3359.0,13
3376.0,6
3378.0,7
3385.0,8
3409.0,7
3428.0,16
3445.0,5
3449.0,3
3467.0,4
3491.0,30
3506.0,4
3531.0,10
3557.0,4
3567.0,5
3576.0,11
3583.0,2
3585.0,3
3588.0,10
3598.0,12
3612.0,11
3641.0,11
3654.0,3
3658.0,3
3699.0,3
3701.0,3
3708.0,10
3723.0,6
3732.0,5
3736.0,6
3742.0,6
3752.0,8
3759.0,14
3775.0,11
3786.0,2
3800.0,10
3812.0,9
3830.0,2
3832.0,11
3843.0,2
3868.0,6
3881.0,8
3888.0,7
3896.0,5
3905.0,14
3919.0,2
3923.0,11
3940.0,10
3946.0,14
3967.0,12
3973.0,8
4034.0,11
4045.0,8
4066.0,8
4071.0,4
4077.0,6
4081.0,7
4097.0,7
4112.0,3
4118.0,8
4123.0,10
4134.0,3
4136.0,3
4141.0,2
4144.0,5
4154.0,3
4161.0,15
4198.0,14
4211.0,15
4241.0,3
4250.0,18
4273.0,5
4278.0,4
4305.0,8
4319.0,6
4325.0,9
4344.0,2
4359.0,25
4381.0,10
4400.0,4
4447.0,19
4464.0,30
4621.0,3
4627.0,15
4798.0,6
4815.0,6
4823.0,2
4825.0,5
4835.0,2
4846.0,3
4861.0,6
4866.0,3
4894.0,5
4899.0,2
4903.0,12
5374.0,6
5379.0,2
5385.0,6
5402.0,3
6448.0,5
6740.0,14
7349.0,5
7414.0,13
7695.0,17
8129.0,2
9091.0,2
9103.0,7
9110.0,2
9121.0,33
9155.0,94
9273.0,22
9288.0,7
9296.0,34
9360.0,7
9367.0,7
9380.0,5
9385.0,2
9387.0,2
9414.0,9
9423.0,5
9479.0,8
9486.0,2
9488.0,3
9491.0,4
9495.0,8
9503.0,2
9505.0,2
9513.0,3
9516.0,3
9526.0,5
9531.0,4
9537.0,3
9544.0,5
9570.0,20
9580.0,4
9584.0,3
9598.0,4
9602.0,2
9606.0,18
9626.0,8
9636.0,4
9647.0,7
9657.0,3
9663.0,6
9669.0,7
9676.0,3
9679.0,7
9708.0,24
9735.0,3
9744.0,43
9788.0,9
9799.0,8
9807.0,10
9818.0,16
9833.0,11
9845.0,5
9849.0,2
9853.0,2
9867.0,6
9879.0,9
10005.0,7
10222.0,33
11301.0,2
11329.0,2
11400.0,2
11407.0,2
11411.0,4
11435.0,3
11442.0,3
11459.0,5
11468.0,4
11473.0,5
11481.0,5
11485.0,4
11498.0,4
11513.0,4
11522.0,2
11525.0,4
11532.0,4
11542.0,4
11550.0,3
11556.0,2
11585.0,2
11603.0,2
11618.0,2
11620.0,2
11627.0,2
11632.0,3
11637.0,2
11644.0,6
11674.0,3
11676.0,6
11687.0,4
11702.0,2
11704.0,3
11732.0,5
11757.0,6
11786.0,6
11794.0,4
11802.0,5
11823.0,2
11834.0,5
11875.0,2
11885.0,12
11910.0,3
11916.0,7
11937.0,12
11955.0,3
11962.0,2
11986.0,2
11990.0,7
11996.0,3
12006.0,4
12011.0,2
12022.0,2
12027.0,7
12042.0,4
12055.0,3
12058.0,6
12065.0,6
12074.0,5
12087.0,5
12103.0,2
12142.0,3
12144.0,2
12163.0,5
12166.0,4
12223.0,13
12236.0,5
12259.0,3
12268.0,2
12277.0,6
12287.0,3
12291.0,2
12295.0,5
12302.0,5
12313.0,4
12357.0,2
12374.0,4
12378.0,3
12418.0,5
12432.0,5
12436.0,2
12480.0,5
12485.0,4
12501.0,4
12513.0,3
12517.0,6
12523.0,3
12530.0,3
12535.0,5
12543.0,3
12555.0,3
12557.0,3
12563.0,6
12622.0,2
12633.0,2
12636.0,3
12639.0,4
12653.0,2
12678.0,5
12695.0,2
12701.0,5
12716.0,3
12725.0,5
12734.0,4
12745.0,8
12760.0,3
12789.0,5
12828.0,2
12853.0,4
12860.0,2
12862.0,3
12869.0,4
12879.0,8
12889.0,32
12937.0,3
12996.0,3
13047.0,5
13076.0,9
13118.0,2
13120.0,5
13130.0,4
13167.0,5
13239.0,6
13265.0,3
13267.0,2
13323.0,5
13335.0,3
13338.0,4
13366.0,6
13376.0,2
13386.0,5
13391.0,4
13398.0,2
13400.0,3
13413.0,5
13420.0,8
13437.0,5
13461.0,4
13478.0,10
13482.0,6
13493.0,4
13503.0,6
13536.0,2
13556.0,6
13566.0,2
13587.0,6
13594.0,3
13616.0,3
13619.0,3
13625.0,5
13642.0,5
13647.0,10
13667.0,6
13712.0,7
13719.0,3
13732.0,5
13758.0,4
13778.0,4
13782.0,2
13790.0,6
13830.0,4
13850.0,14
13863.0,6
13869.0,2
13888.0,3
13891.0,4
13899.0,7
13934.0,3
13948.0,6
13957.0,4
13975.0,6
13996.0,4
13998.0,2
14009.0,2
14024.0,4
14045.0,2
14057.0,5
14064.0,3
14067.0,4
14072.0,3
14103.0,6
14118.0,3
14125.0,6
14131.0,4
14150.0,4
14157.0,2
14159.0,6
14195.0,6
14221.0,6
14228.0,5
14238.0,10
14249.0,2
14261.0,7
14270.0,2
14283.0,2
14300.0,3
14303.0,5
14328.0,2
14330.0,5
14342.0,3
14371.0,4
14379.0,5
14384.0,7
14398.0,2
14417.0,2
14420.0,3
14425.0,2
14429.0,2
14432.0,3
14438.0,3
14500.0,4
14515.0,2
14535.0,3
14542.0,7
14566.0,6
14573.0,4
14636.0,3
14649.0,3
14653.0,4
14659.0,6
14676.0,5
14682.0,4
14686.0,5
14691.0,3
14694.0,7
14715.0,3
14728.0,4
14732.0,4
14744.0,4
14754.0,2
14764.0,4
14786.0,4
14791.0,3
14801.0,6
14821.0,4
14839.0,3
14849.0,4
14860.0,2
14864.0,2
14868.0,3
14886.0,6
14892.0,5
14899.0,2
14901.0,3
14944.0,2
14957.0,3
14961.0,7
14981.0,3
15025.0,6
15030.0,6
15036.0,4
15044.0,8
15051.0,3
15067.0,8
15104.0,4
15116.0,9
15134.0,2
15152.0,10
15167.0,3
15170.0,6
15202.0,2
15204.0,2
15207.0,3
15219.0,4
15224.0,2
15226.0,3
15232.0,6
15239.0,4
15251.0,7
15280.0,5
15290.0,4
15293.0,2
15299.0,2
15311.0,2
15325.0,4
15333.0,4
15360.0,3
15365.0,2
15377.0,10
15389.0,2
15399.0,4
15422.0,2
15432.0,6
15439.0,2
15450.0,2
15475.0,9
15482.0,3
15487.0,3
15492.0,6
15501.0,5
15510.0,2
15515.0,4
15519.0,4
15529.0,2
15534.0,3
15552.0,5
15563.0,3
15566.0,3
15569.0,3
15576.0,3
15579.0,3
15585.0,3
15588.0,3
15597.0,3
15643.0,2
15645.0,5
15657.0,3
15701.0,3
15714.0,4
15717.0,3
15740.0,3
15750.0,4
15762.0,6
15776.0,3
15780.0,2
15782.0,5
15788.0,7
15799.0,4
15811.0,4
15815.0,2
15823.0,2
15844.0,3
15855.0,4
15859.0,8
15870.0,2
15883.0,4
15897.0,4
15914.0,2
15923.0,3
15953.0,2
15973.0,3
15977.0,3
15994.0,3
15997.0,4
16001.0,2
16003.0,5
16016.0,7
16052.0,2
16054.0,3
16073.0,2
16103.0,3
16106.0,3
16119.0,7
16130.0,6
16138.0,2
16150.0,5
16197.0,9
16206.0,2
16226.0,2
16239.0,4
16248.0,5
16265.0,4
16273.0,3
16278.0,4
16286.0,3
16289.0,2
16293.0,4
16309.0,4
16313.0,5
16336.0,3
16353.0,3
16383.0,2
16387.0,4
16428.0,4
16455.0,3
16462.0,4
16464.0,3
16483.0,2
16494.0,6
16504.0,6
16519.0,2
16550.0,10
16575.0,3
16588.0,2
16592.0,4
16604.0,2
16620.0,10
16636.0,4
16642.0,3
16648.0,2
16650.0,5
16672.0,6
16692.0,2
16697.0,4
16708.0,2
16721.0,2
16730.0,4
16753.0,7
16770.0,4
16780.0,4
16785.0,2
16812.0,5
16843.0,3
16865.0,3
16869.0,7
16876.0,3
16882.0,3
16890.0,2
16904.0,2
16919.0,4
16922.0,5
16941.0,3
16968.0,4
16986.0,2
16991.0,6
17000.0,6
17012.0,2
17023.0,2
17036.0,4
17048.0,4
17056.0,2
17064.0,5
17071.0,8
17087.0,4
17107.0,7
17114.0,3
17117.0,4
17183.0,2
17187.0,3
17204.0,7
17217.0,4
17226.0,2
17233.0,4
17267.0,3
17270.0,3
17306.0,7
17317.0,4
17326.0,3
17342.0,5
17347.0,3
17362.0,4
17367.0,10
17393.0,3
17401.0,2
17406.0,4
17437.0,3
17441.0,4
17457.0,3
17460.0,5
17476.0,2
17495.0,4
17510.0,7
17528.0,2
17530.0,5
17543.0,5
17554.0,3
17563.0,3
17574.0,5
17584.0,2
17603.0,4
17607.0,5
17616.0,3
17633.0,14
17766.0,4
17876.0,4
17934.0,4
18083.0,2
18137.0,2
18149.0,6
18453.0,3
18456.0,4
18470.0,3
18543.0,10
18557.0,3
18671.0,18
18692.0,2
18699.0,2
18707.0,4
18714.0,11
18732.0,3
18737.0,11
18759.0,6
18777.0,8
18826.0,7
18835.0,4
18842.0,4
18851.0,4
18858.0,2
18876.0,7
18888.0,2
18905.0,4
18972.0,4
18999.0,3
19023.0,2
19051.0,4
19071.0,8
19395.0,4
19407.0,6
19417.0,5
19443.0,4
19455.0,5
19468.0,4
19474.0,5
19483.0,4
19486.0,24
19532.0,75
19607.0,3
19609.0,45
19654.0,3
19657.0,55
19713.0,20
19735.0,7
19740.0,25
19764.0,9
19773.0,15
19788.0,11
19799.0,14
19815.0,29
19842.0,17
19860.0,18
19878.0,8
19885.0,48
19933.0,3
19938.0,28
19964.0,5
19969.0,6
19975.0,19
20002.0,2
20005.0,5
20016.0,8
20024.0,18
20044.0,16
20058.0,19
20128.0,89
20219.0,19
20239.0,8
20246.0,50
20309.0,23
20335.0,37
20373.0,13
20387.0,35
20423.0,16
20437.0,35
20471.0,16
20490.0,16
20503.0,3
20506.0,16
20582.0,4
20588.0,10
20608.0,40
20648.0,9
20658.0,25
20722.0,17
20738.0,2
20740.0,21
20761.0,14
20775.0,5
20782.0,5
20789.0,8
20793.0,23
20816.0,2
20818.0,56
20875.0,18
20892.0,11
20903.0,16
20919.0,20
20962.0,9
20972.0,6
21000.0,16
21015.0,16
21035.0,23
21054.0,4
21059.0,15
21073.0,17
21090.0,26
21118.0,9
21153.0,6
21159.0,22
21185.0,5
21188.0,14
21203.0,15
21218.0,27
21244.0,12
21256.0,4
21260.0,3
21263.0,35
21299.0,18
21320.0,25
21346.0,20
21369.0,28
21391.0,5
21438.0,6
21444.0,19
21474.0,9
21486.0,6
21491.0,8
21500.0,46
21545.0,4
21551.0,5
21557.0,5
21563.0,3
21582.0,9
21590.0,9
21599.0,15
21614.0,8
21622.0,12
21635.0,14
21650.0,28
21676.0,7
21684.0,25
21709.0,7
21716.0,13
21748.0,10
21758.0,22
21780.0,36
21816.0,34
21872.0,54
21927.0,39
21963.0,9
21984.0,2
21988.0,15
22001.0,9
22010.0,13
22024.0,5
22028.0,16
22044.0,12
22056.0,40
22096.0,2
22098.0,3
22101.0,32
22155.0,24
22211.0,3
22263.0,6
22269.0,17
22286.0,19
22320.0,4
22325.0,5
22330.0,11
22340.0,29
22369.0,15
22384.0,7
22405.0,5
22408.0,27
22454.0,34
22503.0,39
22542.0,6
22552.0,16
22571.0,35
22601.0,13
22615.0,14
22628.0,8
22636.0,2
22663.0,3
22721.0,12
22734.0,3
22739.0,34
22770.0,5
22775.0,2
22777.0,5
22787.0,18
22806.0,12
22817.0,14
22831.0,28
22860.0,8
22871.0,5
22877.0,18
22894.0,21
22916.0,29
22944.0,7
22953.0,22
22973.0,6
22983.0,11
22995.0,15
23011.0,24
23035.0,19
23053.0,45
23098.0,8
23106.0,22
23130.0,13
23143.0,12
23161.0,58
23213.0,20
23233.0,11
23244.0,58
23303.0,11
23317.0,22
23339.0,4
23341.0,18
23359.0,13
23372.0,11
23426.0,9
23434.0,7
23443.0,41
23482.0,7
23491.0,28
23519.0,3
23527.0,27
23556.0,10
23567.0,6
23590.0,15
23606.0,5
23644.0,13
23658.0,3
23662.0,15
23676.0,4
23679.0,13
23695.0,23
23717.0,10
23727.0,15
23759.0,3
23763.0,3
23765.0,22
23787.0,3
23793.0,9
23807.0,2
23809.0,4
23813.0,5
23818.0,18
23836.0,16
23852.0,6
23858.0,16
23900.0,7
23909.0,4
23913.0,2
23917.0,5
23922.0,17
23940.0,14
23955.0,13
23966.0,12
23978.0,7
23987.0,13
24012.0,5
24016.0,2
24019.0,10
24051.0,20
24066.0,24
24090.0,17
24107.0,6
24124.0,56
24179.0,21
24201.0,15
24230.0,2
24305.0,61
24365.0,9
24376.0,4
24378.0,9
24392.0,10
24400.0,41
24441.0,42
24485.0,9
24492.0,7
24499.0,9
24508.0,26
24534.0,4
24541.0,5
24544.0,8
24552.0,3
24555.0,8
24570.0,14
24592.0,25
24625.0,6
24631.0,2
24633.0,21
24654.0,6
24660.0,19
24681.0,22
24701.0,19
24720.0,12
24732.0,11
24743.0,4
24752.0,6
24759.0,12
24770.0,3
24783.0,23
24806.0,20
24824.0,2
24827.0,38
24864.0,27
24891.0,3
24894.0,43
24938.0,6
24944.0,7
24950.0,11
24961.0,5
24968.0,3
24979.0,7
24988.0,7
24995.0,16
25011.0,3
25016.0,12
25029.0,8
25061.0,8
25070.0,5
25075.0,12
25086.0,8
25095.0,8
25109.0,7
25116.0,2
25119.0,63
25181.0,66
25247.0,17
25264.0,57
25321.0,35
25358.0,56
25412.0,13
25436.0,11
25460.0,32
25493.0,15
25507.0,5
25512.0,90
25602.0,56
25658.0,61
25732.0,49
25781.0,69
25850.0,73
25923.0,2
25925.0,3
25928.0,36
25965.0,56
26020.0,73
26095.0,92
26185.0,5
26190.0,62
26252.0,3
26255.0,15
26271.0,12
26283.0,18
26300.0,43
26344.0,41
26384.0,11
26415.0,21
26437.0,18
26454.0,24
26478.0,13
26491.0,15
26509.0,20
26529.0,3
26561.0,3
26564.0,18
26652.0,32
26696.0,8
26704.0,20
26724.0,33
26757.0,17
26774.0,2
26777.0,5
26781.0,12
26793.0,44
26838.0,9
26846.0,68
26915.0,58
26972.0,12
26984.0,9
26993.0,8
27001.0,83
27085.0,9
27093.0,22
27115.0,45
27160.0,18
27178.0,47
27225.0,5
27253.0,34
27287.0,33
27321.0,43
27363.0,44
27408.0,6
27413.0,22
27437.0,34
27469.0,19
27488.0,61
27549.0,9
27558.0,17
27577.0,2
27579.0,13
27592.0,24
27616.0,87
27703.0,12
27715.0,2
27717.0,15
27732.0,6
27738.0,36
27775.0,28
27803.0,35
27837.0,2
27847.0,5
27851.0,4
27855.0,11
27866.0,10
27889.0,3
27892.0,24
28006.0,10
28016.0,7
28024.0,21
28044.0,23
28067.0,23
28090.0,40
28130.0,16
28146.0,19
28165.0,57
28222.0,4
28234.0,24
28259.0,39
28297.0,5
28302.0,18
28346.0,26
28371.0,21
28392.0,2
28394.0,30
28424.0,32
28458.0,5
28486.0,66
28551.0,5
28556.0,24
28580.0,14
28594.0,9
28603.0,8
28611.0,17
28628.0,4
28634.0,40
28672.0,7
28680.0,34
28714.0,5
28721.0,12
28730.0,6
28736.0,12
28748.0,14
28762.0,14
28814.0,23
28839.0,4
28854.0,44
28898.0,29
28943.0,22
28992.0,13
29006.0,49
29054.0,26
29080.0,36
29116.0,16
29132.0,24
29158.0,44
29202.0,46
29248.0,3
29277.0,16
29298.0,36
29331.0,8
29339.0,9
29348.0,20
29368.0,23
29391.0,16
29415.0,21
29436.0,11
29447.0,6
29454.0,5
29458.0,3
29461.0,17
29478.0,6
29484.0,59
29543.0,6
29549.0,9
29560.0,9
29567.0,58
29625.0,2
29627.0,9
29637.0,29
29665.0,17
29683.0,6
29688.0,4
29692.0,4
29697.0,45
29750.0,19
29768.0,28
29796.0,7
29803.0,7
29810.0,13
29823.0,3
29826.0,5
29845.0,4
29848.0,20
29868.0,60
29930.0,14
29944.0,14
29960.0,2
29991.0,26
30017.0,2
30019.0,2
30021.0,3
30026.0,19
30045.0,3
30048.0,4
30095.0,13
30107.0,13
30122.0,8
30129.0,3
30132.0,15
30149.0,18
30165.0,15
30182.0,17
30199.0,4
30203.0,19
30223.0,23
30245.0,23
30268.0,46
30314.0,2
30330.0,10
30340.0,9
30352.0,5
30354.0,12
30371.0,25
30396.0,12
30408.0,15
30423.0,3
30427.0,14
30471.0,33
30505.0,4
30509.0,5
30513.0,8
30522.0,19
30547.0,31
30577.0,3
30580.0,16
30596.0,56
30652.0,9
30661.0,8
30669.0,6
30676.0,30
30705.0,9
30764.0,5
30770.0,5
30792.0,23
30815.0,11
30826.0,25
30851.0,7
30872.0,15
30885.0,11
30906.0,2
30909.0,9
30917.0,3
30941.0,18
30960.0,5
30964.0,27
30993.0,12
31003.0,15
31018.0,14
31061.0,26
31087.0,24
31112.0,6
31117.0,17
31134.0,22
31156.0,11
31167.0,45
31212.0,23
31235.0,5
31240.0,6
31287.0,55
31342.0,7
31350.0,18
31367.0,7
31374.0,5
31380.0,8
31388.0,3
31390.0,21
31411.0,4
31415.0,7
31423.0,20
31443.0,7
31453.0,7
31457.0,6
31463.0,38
31501.0,12
31512.0,31
31543.0,21
31565.0,25
31589.0,5
31594.0,9
31603.0,8
31612.0,16
31627.0,7
31639.0,12
31651.0,7
31658.0,6
31664.0,12
31676.0,13
31694.0,11
31703.0,3
31706.0,9
31717.0,6
31721.0,16
31738.0,8
31746.0,10
31755.0,6
31761.0,10
31788.0,7
31793.0,32
31825.0,5
31830.0,2
31833.0,5
31838.0,22
31859.0,4
31863.0,19
31882.0,4
31924.0,46
31970.0,29
32000.0,9
32008.0,30
32038.0,11
32049.0,6
32055.0,8
32063.0,5
32069.0,34
32104.0,24
32126.0,23
32163.0,14
32177.0,2
32179.0,31
32211.0,58
32313.0,36
32371.0,5
32376.0,3
32380.0,10
32389.0,2
32392.0,4
32398.0,14
32411.0,8
32419.0,29
32448.0,75
32537.0,5
32544.0,18
32560.0,10
32570.0,7
32577.0,21
32598.0,3
32601.0,10
32622.0,19
32642.0,24
32709.0,3
32714.0,25
32737.0,4
32741.0,36
32777.0,13
32790.0,3
32793.0,18
32812.0,10
32823.0,19
32841.0,15
32856.0,7
32864.0,4
32881.0,11
32889.0,4
32895.0,56
32949.0,2
32962.0,2
32964.0,6
32970.0,28
32998.0,7
33005.0,33
33053.0,9
33061.0,60
33121.0,20
33141.0,8
33150.0,26
33175.0,14
33191.0,13
33206.0,13
33218.0,4
33221.0,17
33238.0,2
33260.0,8
33267.0,8
33275.0,8
33292.0,4
33298.0,17
33314.0,20
33333.0,2
33335.0,20
33357.0,8
33364.0,6
33371.0,13
33382.0,4
33389.0,9
33399.0,12
33410.0,13
33423.0,8
33434.0,5
33436.0,6
33485.0,15
33500.0,5
33515.0,5
33520.0,2
33523.0,20
33543.0,17
33560.0,40
33599.0,10
33609.0,7
33617.0,11
33676.0,8
33698.0,3
33707.0,2
33732.0,3
33750.0,6
33775.0,9
33779.0,9
33792.0,5
33811.0,3
33813.0,4
33823.0,5
33842.0,2
33852.0,5
33875.0,4
33881.0,6
33891.0,3
33900.0,5
33903.0,2
33914.0,12
33948.0,10
33965.0,5
33976.0,4
33981.0,5
33991.0,9
34013.0,4
34023.0,3
34035.0,7
34053.0,15
34068.0,5
34093.0,5
34112.0,3
34160.0,5
34163.0,5
34173.0,6
34180.0,2
34184.0,7
34190.0,3
34192.0,3
34206.0,4
34220.0,4
34231.0,5
34235.0,9
34251.0,5
34265.0,3
34276.0,3
34286.0,10
34294.0,5
34317.0,7
34323.0,3
34328.0,4
34347.0,6
34354.0,6
34375.0,5
34399.0,5
34419.0,4
34435.0,5
34462.0,7
34476.0,5
34482.0,6
34488.0,7
34522.0,6
34529.0,6
34556.0,4
34592.0,2
34596.0,4
34601.0,4
34612.0,4
34624.0,5
34630.0,5
34659.0,3
34668.0,5
34717.0,2
34728.0,6
34747.0,4
34801.0,5
34807.0,2
34809.0,7
34827.0,6
34844.0,3
34863.0,2
34880.0,5
34891.0,4
34912.0,2
34953.0,6
34958.0,3
34976.0,4
34986.0,8
35002.0,3
35029.0,3
35045.0,2
35053.0,4
35105.0,2
35124.0,2
35127.0,4
35158.0,3
35162.0,3
35176.0,4
35198.0,3
35211.0,6
35234.0,2
35265.0,2
35267.0,2
35269.0,2
35283.0,11
35306.0,4
35330.0,4
35334.0,2
35378.0,3
35394.0,3
35415.0,5
35454.0,6
35466.0,4
35493.0,5
35499.0,2
35578.0,4
35582.0,5
35589.0,6
35597.0,3
35619.0,3
35621.0,3
35624.0,4
35642.0,3
35650.0,2
35652.0,4
35667.0,3
35679.0,2
35697.0,5
35746.0,2
35782.0,5
35788.0,3
35795.0,5
35798.0,7
35839.0,6
35860.0,4
35887.0,3
35927.0,4
35931.0,8
35950.0,2
35957.0,3
35975.0,5
35986.0,2
36007.0,2
36054.0,3
36082.0,3
36123.0,2
36134.0,2
36147.0,4
36175.0,5
36207.0,3
36287.0,5
36296.0,8
36360.0,6
36369.0,2
36373.0,5
36393.0,4
36440.0,3
36466.0,7
36505.0,2
36542.0,4
36568.0,4
36615.0,4
36631.0,6
36635.0,5
36659.0,4
36669.0,2
36677.0,2
36679.0,2
36703.0,4
36713.0,2
36732.0,4
36772.0,5
36842.0,2
36844.0,4
36856.0,6
36920.0,3
36928.0,4
36945.0,5
37004.0,3
37039.0,8
37114.0,2
37131.0,5
37197.0,6
37202.0,5
37207.0,2
37249.0,5
37256.0,2
37268.0,6
37282.0,4
37304.0,2
37339.0,2
37342.0,5
37353.0,3
37393.0,4
37413.0,2
37416.0,4
37434.0,3
37437.0,2
37477.0,3
37491.0,3
37511.0,4
37529.0,5
37560.0,2
37587.0,4
37608.0,8
37627.0,4
37695.0,4
37701.0,2
37742.0,5
37749.0,8
37771.0,7
37791.0,4
37797.0,5
37800.0,3
37853.0,8
37879.0,3
37897.0,2
37900.0,4
37982.0,5
37993.0,3
38002.0,2
38016.0,3
38019.0,3
38067.0,4
38071.0,6
38088.0,3
38112.0,4
38158.0,4
38169.0,4
38172.0,4
38262.0,2
38267.0,7
38279.0,4
38296.0,2
38313.0,5
38329.0,2
38345.0,5
38349.0,4
38419.0,4
38423.0,3
38431.0,2
38436.0,3
38472.0,3
38489.0,7
38507.0,3
38563.0,4
38594.0,5
38599.0,3
38655.0,2
38677.0,2
38679.0,4
38697.0,6
38722.0,9
38771.0,6
38775.0,4
38787.0,5
38792.0,3
38808.0,11
38819.0,2
38877.0,2
38906.0,3
38965.0,2
38972.0,3
38978.0,3
39023.0,3
39030.0,3
39037.0,3
39049.0,9
39071.0,2
39092.0,5
39125.0,3
39187.0,6
39197.0,3
39209.0,8
39216.0,5
39231.0,3
39252.0,9
39275.0,2
39297.0,4
39304.0,3
39341.0,3
39356.0,3
39379.0,8
39399.0,3
39410.0,5
39415.0,2
39438.0,2
39473.0,3
39510.0,7
39526.0,2
39528.0,4
39608.0,3
39631.0,3
39655.0,3
39717.0,8
39773.0,6
39840.0,2
39846.0,3
39879.0,7
39899.0,3
39933.0,2
39954.0,4
39978.0,11
39997.0,2
40027.0,3
40030.0,4
40039.0,3
40058.0,2
40064.0,4
40076.0,5
40109.0,2
40126.0,4
40130.0,3
40183.0,2
40185.0,5
40204.0,4
40219.0,5
40236.0,3
40246.0,2
40255.0,4
40285.0,3
40287.0,4
40333.0,2
40335.0,4
40352.0,5
40362.0,9
40388.0,6
40462.0,2
40483.0,2
40501.0,4
40506.0,2
40513.0,7
40544.0,5
40602.0,4
40634.0,3
40641.0,4
40661.0,4
40708.0,2
40775.0,4
40783.0,5
40817.0,4
40825.0,4
40860.0,4
40913.0,3
40932.0,6
40976.0,3
40984.0,3
40986.0,2
40989.0,9
41033.0,7
41044.0,5
41085.0,2
41101.0,3
41118.0,6
41124.0,6
41137.0,5
41184.0,3
41236.0,4
41251.0,5
41291.0,2
41313.0,2
41325.0,5
41344.0,7
41358.0,2
41362.0,2
41378.0,5
41393.0,4
41399.0,2
41403.0,3
41423.0,8
41427.0,2
41433.0,5
41439.0,6
41457.0,7
41462.0,4
41511.0,4
41518.0,6
41553.0,4
41565.0,5
41570.0,7
41626.0,6
41633.0,11
41646.0,6
41674.0,3
41691.0,5
41711.0,6
41748.0,5
41753.0,2
41755.0,2
41787.0,3
41795.0,3
41810.0,7
41848.0,3
41853.0,6
41866.0,5
41878.0,2
41895.0,4
41915.0,3
41930.0,3
42050.0,4
42067.0,6
42075.0,3
42164.0,2
42183.0,2
42186.0,8
42203.0,3
42226.0,3
42233.0,4
42253.0,5
42300.0,8
42304.0,5
42355.0,11
42367.0,4
42372.0,8
42382.0,8
42394.0,6
42397.0,5
42405.0,7
42412.0,11
42422.0,4
42426.0,3
42429.0,2
42434.0,5
42445.0,2
42447.0,2
42455.0,10
42483.0,3
42498.0,8
42506.0,5
42524.0,5
42528.0,3
42545.0,4
42549.0,2
42564.0,4
42569.0,6
42576.0,5
42589.0,4
42593.0,2
42601.0,4
42607.0,12
42629.0,4
42639.0,5
42644.0,3
42657.0,6
42672.0,3
42676.0,4
42679.0,4
42694.0,5
42700.0,5
42705.0,3
42718.0,4
42733.0,3
42738.0,4
42757.0,6
42769.0,4
42779.0,2
42807.0,4
42831.0,5
42843.0,5
42858.0,6
42867.0,6
42873.0,3
42878.0,4
42882.0,2
42895.0,3
42907.0,5
42911.0,2
42914.0,8
42923.0,3
42932.0,6
42959.0,2
42973.0,4
42977.0,5
42982.0,4
42988.0,9
43001.0,7
43014.0,5
43028.0,4
43042.0,4
43117.0,3
43126.0,4
43139.0,3
43171.0,2
43212.0,4
43225.0,6
43240.0,5
43262.0,2
43302.0,10
43328.0,3
43337.0,3
43352.0,4
43399.0,2
43422.0,3
43425.0,4
43429.0,2
43434.0,7
43446.0,3
43448.0,5
43453.0,4
43468.0,6
43500.0,4
43509.0,5
43517.0,5
43547.0,2
43553.0,3
43573.0,9
43594.0,5
43599.0,5
43620.0,3
43624.0,3
43651.0,5
43658.0,2
43664.0,5
43695.0,6
43699.0,4
43712.0,12
43729.0,7
43746.0,6
43751.0,3
43768.0,3
43775.0,3
43786.0,5
43793.0,4
43798.0,3
43834.0,2
43851.0,10
43917.0,5
43939.0,9
43954.0,4
43957.0,2
43961.0,6
43994.0,6
44047.0,4
44051.0,2
44053.0,4
44077.0,2
44086.0,3
44089.0,5
44128.0,4
44137.0,2
44148.0,3
44150.0,2
44199.0,3
44202.0,3
44226.0,2
44242.0,4
44251.0,2
44267.0,3
44304.0,4
44323.0,5
44384.0,5
44399.0,7
44423.0,15
44437.0,3
44448.0,3
44455.0,5
44473.0,2
44478.0,5
44498.0,2
44508.0,2
44514.0,4
44534.0,7
44592.0,3
44603.0,3
44627.0,3
44639.0,2
44647.0,2
44652.0,4
44657.0,4
44672.0,8
44683.0,3
44724.0,3
44735.0,7
44759.0,3
44765.0,2
44768.0,3
44791.0,4
44798.0,3
44811.0,4
44833.0,3
44845.0,5
44903.0,7
44930.0,2
44967.0,6
44977.0,7
44999.0,3
45046.0,8
45071.0,4
45123.0,5
45144.0,8
45170.0,3
45174.0,2
45189.0,2
45191.0,9
45207.0,5
45222.0,5
45231.0,2
45241.0,4
45265.0,2
45273.0,2
45299.0,3
45337.0,2
45346.0,5
45351.0,2
45389.0,3
45395.0,7
45399.0,3
45402.0,4
45412.0,3
45457.0,3
45502.0,4
45525.0,3
45552.0,5
45568.0,4
45595.0,3
45646.0,2
45651.0,3
45677.0,4
45680.0,3
45692.0,2
45703.0,3
45706.0,2
45712.0,3
45727.0,8
45732.0,3
45753.0,4
45781.0,6
45788.0,5
45805.0,5
45810.0,3
45880.0,7
45901.0,4
45912.0,4
45925.0,3
45968.0,7
46010.0,2
46070.0,5
46098.0,5
46103.0,3
46118.0,4
46124.0,2
46128.0,5
46138.0,4
46147.0,6
46178.0,6
46185.0,3
46200.0,3
46224.0,4
46246.0,5
46263.0,2
46277.0,3
46294.0,2
46408.0,2
46410.0,4
46432.0,5
46437.0,4
46474.0,2
46537.0,7
46543.0,4
46603.0,2
46612.0,4
46616.0,4
46637.0,7
46653.0,2
46675.0,2
46688.0,4
46698.0,3
46701.0,2
46754.0,2
46756.0,5
46769.0,5
46827.0,5
46835.0,4
46898.0,5
46904.0,5
46910.0,9
46921.0,8
47018.0,3
47041.0,4
47050.0,8
47084.0,4
47117.0,3
47157.0,3
47163.0,5
47165.0,10
47177.0,2
47225.0,4
47249.0,7
47258.0,3
47317.0,5
47331.0,5
47336.0,3
47343.0,11
47355.0,4
47369.0,3
47453.0,3
47474.0,5
47561.0,6
47579.0,4
47586.0,8
47691.0,7
47719.0,3
47728.0,3
47815.0,3
47818.0,4
47855.0,5
47868.0,6
47891.0,2
47895.0,6
47904.0,3
47910.0,6
47915.0,6
47921.0,7
47932.0,3
47934.0,2
47936.0,5
47958.0,8
47968.0,4
48002.0,4
48006.0,5
48020.0,3
48063.0,4
48135.0,2
48182.0,2
48215.0,4
48228.0,3
48271.0,3
48459.0,5
48469.0,2
48565.0,2
48571.0,2
48645.0,3
48704.0,6
48863.0,3
48878.0,5
48908.0,3
48936.0,6
48946.0,6
48952.0,3
48955.0,3
49011.0,2
49055.0,4
49074.0,3
49088.0,4
49092.0,3
49113.0,2
49121.0,3
49130.0,5
49143.0,2
49203.0,9
49223.0,3
49252.0,7
49260.0,5
49265.0,3
49288.0,2
49290.0,3
49294.0,7
49323.0,5
49328.0,3
49342.0,2
49381.0,2
49386.0,5
49391.0,2
49393.0,2
49405.0,6
49424.0,8
49512.0,2
49514.0,3
49518.0,5
49525.0,5
49582.0,3
49676.0,5
49683.0,2
49691.0,4
49696.0,9
49705.0,5
49709.0,7
49716.0,13
49730.0,5
49734.0,6
49759.0,2
49772.0,3
49816.0,6
49836.0,5
49860.0,3
49868.0,3
49891.0,7
49901.0,13
49953.0,8
49959.0,10
49985.0,5
50057.0,3
50072.0,11
50079.0,3
50152.0,2
50239.0,13
50247.0,2
50272.0,5
50394.0,4
50424.0,2
50435.0,3
50465.0,5
50503.0,3
50517.0,4
50586.0,3
50595.0,7
50660.0,5
50664.0,5
50670.0,7
50757.0,5
50764.0,3
50859.0,3
51072.0,7
51092.0,2
51103.0,8
51121.0,9
51138.0,2
51142.0,6
51175.0,5
51184.0,4
51206.0,3
51209.0,5
51221.0,3
51253.0,5
51282.0,5
51350.0,4
51375.0,3
51377.0,4
51415.0,5
51431.0,5
51437.0,8
51459.0,8
51479.0,4
51543.0,6
51548.0,4
51749.0,3
51754.0,3
51766.0,5
51782.0,5
51820.0,2
51855.0,8
51924.0,4
51929.0,4
51933.0,4
51943.0,2
51957.0,2
52030.0,5
52046.0,3
52060.0,4
52250.0,3
52272.0,3
52275.0,8
52391.0,5
52396.0,4
52622.0,14
52637.0,3
52654.0,5
52717.0,6
52731.0,2
52782.0,3
52838.0,7
52932.0,4
52935.0,2
52969.0,5
53032.0,3
53048.0,15
53078.0,2
53091.0,2
53121.0,5
53132.0,3
53176.0,5
53183.0,3
53204.0,4
53215.0,3
53220.0,12
53235.0,2
53249.0,5
53305.0,5
53313.0,5
53421.0,5
53455.0,5
53496.0,2
53531.0,4
53548.0,4
53577.0,5
53587.0,3
53635.0,8
53661.0,2
53683.0,2
53691.0,3
53701.0,6
53750.0,6
53755.0,6
53776.0,4
53820.0,8
53872.0,2
53912.0,7
53921.0,3
53932.0,4
53941.0,8
53985.0,5
54056.0,3
54094.0,2
54096.0,3
54179.0,3
54181.0,4
54210.0,3
54222.0,4
54292.0,3
54343.0,4
54371.0,6
54486.0,3
54569.0,3
54620.0,3
54643.0,3
54676.0,5
54743.0,2
54754.0,6
54808.0,5
54830.0,6
54876.0,3
54983.0,4
54987.0,3
55082.0,2
55084.0,2
55115.0,4
55135.0,5
55177.0,4
55217.0,6
55283.0,3
55308.0,3
55374.0,7
55411.0,3
55431.0,2
55436.0,7
55485.0,4
55490.0,2
55504.0,7
55523.0,4
55625.0,2
55657.0,6
55679.0,7
55696.0,2
55724.0,5
55827.0,3
55849.0,3
55877.0,4
55925.0,2
55929.0,2
56024.0,3
56213.0,3
56218.0,5
56244.0,3
56272.0,3
56278.0,5
56297.0,3
56339.0,3
56381.0,2
56406.0,3
56411.0,2
56449.0,3
56518.0,5
56539.0,4
56558.0,4
56627.0,2
56639.0,5
56644.0,5
56661.0,3
56691.0,4
56765.0,5
56774.0,2
56843.0,7
56861.0,3
56909.0,2
56933.0,5
56976.0,5
56994.0,7
57033.0,11
57059.0,4
57064.0,4
57170.0,6
57202.0,6
57221.0,4
57225.0,7
57253.0,5
57305.0,7
57313.0,2
57328.0,2
57335.0,4
57342.0,5
57354.0,3
57358.0,5
57379.0,2
57387.0,4
57417.0,6
57455.0,2
57619.0,2
57660.0,4
57715.0,2
57758.0,5
57802.0,2
57880.0,3
57883.0,4
57894.0,3
57899.0,3
57921.0,3
57935.0,12
57947.0,12
58018.0,5
58044.0,7
58050.0,7
58064.0,11
58130.0,4
58135.0,26
58160.0,3
58185.0,3
58200.0,7
58208.0,12
58245.0,5
58252.0,4
58255.0,4
58259.0,18
58280.0,7
58303.0,10
58353.0,5
58356.0,14
58371.0,6
58382.0,8
58404.0,13
58412.0,4
58421.0,2
58426.0,3
58444.0,2
58457.0,2
58471.0,16
58525.0,2
58528.0,14
58549.0,2
58612.0,5
58632.0,11
58642.0,4
58646.0,3
58649.0,3
58660.0,11
58694.0,8
58702.0,7
58707.0,9
58735.0,4
58748.0,13
58764.0,4
58768.0,6
58848.0,11
58858.0,2
58860.0,6
58872.0,9
58888.0,7
58896.0,12
58906.0,3
58913.0,2
58921.0,8
58927.0,12
58943.0,7
58955.0,11
58968.0,5
58974.0,10
59011.0,12
59024.0,5
59031.0,10
59041.0,8
59049.0,5
59074.0,2
59086.0,2
59126.0,2
59144.0,6
59181.0,2
59202.0,8
59249.0,3
59266.0,11
59277.0,6
59284.0,4
59295.0,4
59305.0,7
59329.0,4
59336.0,5
59342.0,6
59348.0,4
59362.0,5
59386.0,4
59389.0,8
59397.0,7
59404.0,7
59416.0,3
59418.0,4
59441.0,3
59466.0,2
59470.0,12
59494.0,3
59503.0,4
59534.0,10
59545.0,11
59558.0,8
59564.0,7
59573.0,7
59584.0,4
59588.0,5
59602.0,6
59620.0,11
59648.0,5
59670.0,10
59688.0,20
59710.0,5
59785.0,3
59815.0,7
59822.0,5
59842.0,3
59844.0,12
59860.0,3
59863.0,28
59891.0,6
59904.0,9
59918.0,2
59920.0,2
59922.0,3
59925.0,4
59935.0,2
59944.0,10
59950.0,3
59966.0,6
59980.0,6
60001.0,5
60022.0,8
60044.0,6
60064.0,10
60073.0,3
60092.0,4
60098.0,4
60103.0,6
60108.0,5
60123.0,2
60137.0,5
60161.0,4
60176.0,2
60184.0,12
60197.0,4
60209.0,26
60227.0,6
60257.0,3
60297.0,8
60328.0,11
60364.0,8
60367.0,3
60375.0,4
60402.0,3
60404.0,13
60427.0,37
60458.0,2
60461.0,111
60627.0,9
60696.0,10
60724.0,7
60731.0,2
60737.0,5
60747.0,9
60754.0,15
60766.0,13
60781.0,17
60797.0,4
60925.0,5
60929.0,17
60947.0,4
60952.0,17
60968.0,14
60981.0,7
60989.0,7
60996.0,5
61014.0,6
61019.0,19
61039.0,14
61053.0,12
61068.0,25
61089.0,5
61094.0,12
61108.0,4
61110.0,4
61115.0,5
61120.0,14
61135.0,5
61173.0,9
61183.0,18
61202.0,2
61205.0,10
61214.0,2
61216.0,7
61226.0,15
61260.0,9
61272.0,6
61310.0,10
61322.0,4
61324.0,3
61327.0,13
61343.0,11
61351.0,3
61360.0,7
61371.0,15
61389.0,6
61401.0,9
61409.0,11
61432.0,13
61442.0,3
61446.0,2
61448.0,12
61460.0,4
61469.0,10
61489.0,4
61492.0,2
61500.0,4
61504.0,4
61520.0,15
61535.0,5
61540.0,10
61550.0,3
61564.0,2
61566.0,4
61582.0,14
61596.0,8
61604.0,5
61610.0,4
61615.0,11
61633.0,14
61648.0,7
61654.0,3
61666.0,5
61671.0,4
61677.0,11
61687.0,27
61720.0,4
61722.0,4
61728.0,8
61740.0,10
61751.0,6
61770.0,6
61775.0,21
61833.0,4
61845.0,5
61850.0,5
61855.0,4
61860.0,5
61864.0,15
61898.0,3
61901.0,3
61906.0,12
61918.0,7
61929.0,18
61952.0,6
61956.0,11
61969.0,8
61979.0,6
62001.0,3
62003.0,3
62006.0,15
62023.0,5
62027.0,11
62059.0,13
62073.0,8
62085.0,3
62107.0,8
62128.0,4
62134.0,8
62157.0,5
62160.0,5
62165.0,5
62173.0,8
62178.0,5
62183.0,6
62199.0,4
62205.0,5
62209.0,12
62223.0,4
62230.0,10
62243.0,3
62246.0,5
62310.0,2
62314.0,5
62323.0,7
62330.0,2
62350.0,5
62355.0,7
62372.0,3
62387.0,7
62391.0,7
62400.0,4
62406.0,4
62409.0,4
62423.0,10
62481.0,8
62489.0,7
62494.0,2
62513.0,2
62544.0,9
62558.0,3
62563.0,17
62583.0,4
62593.0,7
62600.0,8
62608.0,7
62616.0,7
62622.0,8
62636.0,4
62640.0,6
62647.0,11
62666.0,5
62670.0,6
62676.0,21
62717.0,4
62721.0,3
62725.0,3
62729.0,8
62756.0,6
62778.0,6
62783.0,6
62789.0,14
62804.0,7
62810.0,3
62824.0,16
62841.0,6
62856.0,2
62862.0,5
62870.0,4
62884.0,11
62896.0,4
62898.0,2
62901.0,4
62904.0,2
62906.0,4
62926.0,5
62930.0,3
62954.0,13
62965.0,6
62971.0,2
62996.0,4
63001.0,3
63018.0,9
63027.0,9
63042.0,10
63051.0,4
63054.0,2
63065.0,7
63072.0,9
63083.0,3
63085.0,3
63090.0,9
63106.0,3
63128.0,3
63135.0,5
63145.0,3
63162.0,4
63166.0,3
63169.0,13
63183.0,3
63190.0,5
63195.0,6
63202.0,9
63211.0,2
63231.0,15
63242.0,5
63252.0,8
63260.0,3
63282.0,3
63301.0,10
63321.0,5
63326.0,6
63334.0,8
63349.0,2
63351.0,8
63359.0,5
63369.0,7
63376.0,23
63402.0,11
63413.0,6
63421.0,6
63436.0,9
63442.0,8
63453.0,12
63462.0,13
63487.0,4
63495.0,5
63504.0,6
63507.0,9
63534.0,6
63549.0,8
63565.0,7
63572.0,8
63581.0,6
63598.0,12
63608.0,11
63621.0,12
63629.0,12
63643.0,6
63649.0,3
63652.0,3
63657.0,2
63661.0,5
63681.0,4
63685.0,2
63691.0,6
63693.0,16
63714.0,7
63732.0,3
63737.0,12
63747.0,5
63753.0,5
63760.0,2
63773.0,5
63776.0,3
63779.0,4
63783.0,3
63794.0,5
63803.0,13
63816.0,11
63828.0,4
63840.0,5
63851.0,3
63882.0,6
63891.0,2
63895.0,5
63899.0,14
63933.0,17
63958.0,4
63970.0,3
63974.0,6
63982.0,3
63985.0,2
64002.0,6
64014.0,9
64023.0,4
64030.0,4
64035.0,5
64063.0,3
64066.0,6
64078.0,3
64082.0,9
64091.0,10
64100.0,3
64103.0,2
64105.0,2
64108.0,3
64115.0,4
64119.0,2
64122.0,14
64135.0,2
64140.0,5
64143.0,4
64173.0,4
64202.0,10
64216.0,3
64219.0,19
64243.0,8
64253.0,5
64278.0,4
64283.0,3
64285.0,10
64298.0,7
64309.0,5
64351.0,18
64366.0,4
64373.0,5
64378.0,7
64385.0,21
64406.0,13
64426.0,4
64430.0,4
64434.0,2
64439.0,4
64443.0,9
64454.0,8
64465.0,5
64469.0,2
64478.0,5
64480.0,5
64485.0,3
64509.0,2
64513.0,4
64516.0,12
64538.0,2
64540.0,6
64549.0,4
64552.0,7
64563.0,5
64585.0,4
64589.0,2
64591.0,5
64599.0,3
64601.0,5
64606.0,2
64630.0,7
64637.0,2
64663.0,2
64665.0,9
64675.0,5
64682.0,7
64686.0,3
64689.0,5
64708.0,2
64714.0,10
64728.0,4
64737.0,8
64745.0,9
64755.0,6
64759.0,3
64772.0,2
64777.0,13
64789.0,11
64804.0,3
64807.0,3
64815.0,4
64822.0,8
64830.0,4
64835.0,5
64840.0,9
64848.0,3
64852.0,10
64861.0,3
64864.0,8
64883.0,2
64896.0,17
64914.0,7
64919.0,3
64924.0,7
64929.0,3
64937.0,13
64950.0,5
64954.0,15
64969.0,9
64988.0,7
64998.0,10
65020.0,5
65022.0,7
65030.0,4
65041.0,2
65054.0,7
65077.0,7
65084.0,4
65091.0,3
65099.0,4
65103.0,5
65108.0,3
65111.0,4
65120.0,3
65127.0,7
65149.0,2
65158.0,2
65188.0,6
65204.0,5
65210.0,6
65215.0,2
65217.0,3
65221.0,4
65228.0,2
65230.0,7
65237.0,3
65240.0,4
65250.0,7
65270.0,8
65278.0,3
65281.0,2
65283.0,5
65289.0,4
65292.0,3
65309.0,7
65316.0,3
65336.0,7
65348.0,11
65360.0,3
65370.0,4
65376.0,10
65403.0,11
65420.0,8
65438.0,8
65447.0,9
65457.0,3
65463.0,6
65493.0,5
65498.0,2
65538.0,7
65568.0,2
65570.0,2
65591.0,5
65600.0,11
65611.0,4
65616.0,5
65642.0,3
65645.0,3
65652.0,3
65655.0,8
65670.0,5
65715.0,3
65739.0,2
65745.0,10
65767.0,9
65774.0,5
65779.0,2
65781.0,5
65803.0,2
65812.0,9
65829.0,13
65843.0,7
65851.0,7
65858.0,3
65865.0,8
65874.0,4
65881.0,8
65896.0,2
65898.0,3
65904.0,4
65913.0,5
65918.0,5
65922.0,2
65927.0,2
65930.0,4
65935.0,6
65958.0,4
65987.0,5
65992.0,2
66004.0,4
66008.0,3
66067.0,4
66075.0,8
66086.0,7
66092.0,5
66095.0,3
66098.0,3
66101.0,3
66123.0,5
66134.0,3
66137.0,5
66143.0,9
66163.0,4
66174.0,4
66178.0,9
66187.0,4
66206.0,3
66224.0,2
66234.0,6
66247.0,6
66268.0,17
66295.0,4
66307.0,4
66320.0,12
66329.0,5
66340.0,4
66342.0,2
66344.0,10
66354.0,4
66358.0,6
66366.0,6
66372.0,3
66376.0,4
66387.0,3
66396.0,3
66400.0,2
66409.0,7
66418.0,9
66425.0,2
66463.0,5
66479.0,3
66496.0,3
66498.0,4
66546.0,3
66550.0,5
66554.0,11
66588.0,5
66602.0,5
66607.0,2
66621.0,8
66642.0,2
66653.0,7
66675.0,5
66678.0,2
66688.0,4
66695.0,5
66729.0,3
66753.0,3
66755.0,6
66762.0,8
66771.0,6
66777.0,5
66794.0,5
66817.0,4
66821.0,3
66860.0,7
66862.0,2
66865.0,6
66875.0,3
66881.0,5
66890.0,6
66912.0,3
66917.0,6
66926.0,5
66929.0,2
66931.0,3
66979.0,3
66993.0,3
66996.0,4
67001.0,11
67013.0,14
67046.0,17
67061.0,3
67068.0,6
67073.0,5
67078.0,3
67081.0,5
67095.0,12
67100.0,6
67107.0,4
67112.0,11
67133.0,3
67141.0,6
67147.0,4
67168.0,5
67187.0,5
67199.0,10
67209.0,4
67224.0,6
67229.0,3
67232.0,3
67260.0,8
67279.0,6
67300.0,5
67313.0,3
67316.0,7
67339.0,10
67383.0,2
67394.0,13
67418.0,9
67458.0,8
67472.0,5
67477.0,12
67489.0,10
67502.0,6
67552.0,3
67555.0,4
67575.0,3
67581.0,2
67585.0,5
67608.0,19
67632.0,4
67634.0,2
67640.0,10
67659.0,6
67663.0,9
67673.0,3
67737.0,8
67747.0,4
67774.0,6
67788.0,2
67797.0,7
67810.0,4
67814.0,3
67818.0,4
67821.0,10
67837.0,5
67842.0,5
67847.0,13
67860.0,2
67864.0,2
67870.0,8
67877.0,2
67880.0,3
67886.0,3
67892.0,3
67905.0,4
67909.0,3
67915.0,5
67930.0,8
67936.0,5
67951.0,7
67964.0,4
67970.0,7
67979.0,6
67989.0,5
67997.0,8
68003.0,3
68012.0,5
68019.0,6
68024.0,2
68028.0,6
68034.0,11
68046.0,5
68050.0,2
68064.0,3
68078.0,7
68087.0,5
68094.0,8
68098.0,3
68120.0,2
68134.0,2
68143.0,5
68152.0,10
68171.0,5
68178.0,7
68208.0,5
68226.0,2
68231.0,2
68241.0,3
68264.0,2
68266.0,5
68271.0,3
68274.0,2
68276.0,4
68287.0,7
68293.0,6
68307.0,2
68316.0,5
68324.0,5
68331.0,4
68352.0,2
68354.0,5
68359.0,3
68362.0,3
68384.0,3
68398.0,3
68404.0,7
68419.0,2
68424.0,9
68455.0,7
68470.0,8
68480.0,10
68490.0,2
68495.0,5
68507.0,2
68531.0,3
68558.0,7
68565.0,3
68571.0,3
68577.0,3
68580.0,4
68590.0,6
68606.0,5
68612.0,2
68631.0,5
68637.0,7
68644.0,8
68654.0,2
68679.0,11
68689.0,2
68692.0,6
68697.0,4
68705.0,6
68736.0,10
68747.0,7
68772.0,4
68787.0,7
68794.0,6
68801.0,4
68806.0,4
68811.0,16
68853.0,5
68859.0,7
68866.0,8
68878.0,2
68894.0,11
68905.0,3
68914.0,3
68925.0,12
68937.0,2
68939.0,5
68945.0,4
68948.0,2
68961.0,5
68975.0,7
68979.0,7
68986.0,5
69007.0,4
69015.0,5
69031.0,5
69036.0,6
69049.0,10
69061.0,5
69099.0,5
69148.0,4
69160.0,14
69180.0,2
69188.0,2
69225.0,3
69238.0,2
69240.0,11
69260.0,6
69278.0,2
69285.0,2
69295.0,4
69305.0,8
69313.0,2
69315.0,3
69331.0,2
69342.0,4
69347.0,5
69360.0,2
69367.0,11
69375.0,3
69379.0,4
69403.0,3
69409.0,11
69440.0,16
69464.0,12
69477.0,6
69486.0,4
69489.0,4
69505.0,6
69513.0,4
69518.0,8
69530.0,5
69538.0,10
69549.0,3
69552.0,5
69558.0,9
69571.0,4
69577.0,5
69583.0,4
69614.0,3
69622.0,3
69635.0,2
69640.0,4
69645.0,6
69680.0,7
69698.0,2
69704.0,4
69733.0,9
69742.0,9
69755.0,2
69760.0,8
69778.0,8
69790.0,7
69807.0,5
69835.0,5
69849.0,3
69853.0,4
69866.0,4
69882.0,2
69896.0,2
69898.0,3
69904.0,7
69923.0,14
69962.0,4
69967.0,8
69984.0,11
69997.0,9
70007.0,7
70020.0,4
70046.0,4
70052.0,7
70066.0,2
70071.0,2
70075.0,3
70078.0,4
70082.0,2
70084.0,2
70086.0,4
70099.0,8
70110.0,7
70118.0,7
70130.0,11
70160.0,4
70168.0,8
70180.0,3
70196.0,6
70204.0,2
70215.0,5
70229.0,8
70238.0,2
70267.0,6
70276.0,10
70285.0,6
70292.0,8
70299.0,28
70327.0,9
70336.0,40
70376.0,2
70378.0,9
70390.0,7
70395.0,5
70399.0,4
70413.0,3
70427.0,25
70450.0,8
70474.0,5
70479.0,4
70509.0,9
70523.0,27
70553.0,6
70556.0,2
70563.0,5
70570.0,20
70590.0,8
70601.0,29
70631.0,9
70644.0,3
70652.0,17
70669.0,8
70672.0,10
70682.0,9
70707.0,5
70736.0,8
70750.0,14
70759.0,15
70777.0,6
70809.0,128
70940.0,19
70955.0,4
70960.0,8
70975.0,5
70979.0,24
71008.0,8
71021.0,9
71033.0,11
71049.0,14
71086.0,4
71091.0,21
71117.0,7
71136.0,15
71152.0,9
71165.0,12
71177.0,21
71200.0,11
71228.0,17
71251.0,3
71255.0,14
71268.0,7
71275.0,5
71281.0,12
71297.0,16
71316.0,12
71326.0,5
71337.0,12
71363.0,10
71371.0,5
71377.0,13
71392.0,2
71395.0,5
71400.0,3
71403.0,4
71414.0,6
71419.0,8
71433.0,7
71437.0,7
71445.0,12
71458.0,4
71463.0,19
71485.0,9
71493.0,8
71499.0,21
71520.0,4
71526.0,4
71528.0,7
71544.0,9
71558.0,12
71570.0,2
71577.0,5
71592.0,20
71604.0,12
71614.0,4
71645.0,4
71660.0,4
71665.0,9
71675.0,8
71684.0,7
71688.0,4
71694.0,4
71697.0,6
71703.0,15
71717.0,6
71728.0,13
71741.0,15
71762.0,11
71789.0,14
71798.0,8
71827.0,6
71837.0,6
71843.0,14
71874.0,15
71888.0,8
71921.0,31
71931.0,6
71938.0,3
71946.0,6
71959.0,10
71969.0,3
71976.0,7
71983.0,2
71993.0,13
72025.0,21
72027.0,20
72053.0,7
72067.0,16
72081.0,4
72083.0,8
72093.0,9
72101.0,9
72110.0,12
72126.0,9
72135.0,6
72146.0,3
72152.0,10
72160.0,13
72175.0,12
72188.0,4
72193.0,7
72203.0,7
72210.0,4
72218.0,10
72228.0,4
72235.0,6
72242.0,11
72249.0,9
72263.0,7
72276.0,19
72301.0,3
72303.0,2
72306.0,7
72322.0,17
72333.0,4
72337.0,7
72342.0,4
72349.0,6
72359.0,32
72388.0,5
72403.0,7
72408.0,11
72421.0,4
72444.0,6
72458.0,10
72477.0,15
72490.0,7
72497.0,8
72511.0,8
72524.0,14
72551.0,5
72555.0,11
72568.0,5
72586.0,3
72595.0,12
72603.0,5
72606.0,16
72644.0,17
72666.0,21
72708.0,4
72711.0,9
72719.0,17
72736.0,4
72746.0,11
72761.0,13
72775.0,12
72786.0,6
72792.0,7
72799.0,23
72821.0,3
72826.0,6
72830.0,4
72843.0,4
72852.0,7
72857.0,5
72866.0,20
72883.0,9
72913.0,16
72936.0,3
72942.0,7
72953.0,19
72966.0,9
72975.0,5
72982.0,3
72988.0,6
72999.0,6
73007.0,7
73015.0,6
73020.0,2
73023.0,6
73034.0,11
73046.0,5
73051.0,14
73067.0,5
73082.0,5
73089.0,9
73096.0,5
73107.0,7
73140.0,9
73154.0,2
73167.0,9
73186.0,6
73195.0,6
73199.0,3
73212.0,7
73219.0,2
73226.0,8
73237.0,7
73252.0,10
73256.0,3
73258.0,13
73279.0,11
73282.0,2
73300.0,7
73317.0,5
73341.0,10
73352.0,5
73355.0,8
73365.0,8
73378.0,17
73391.0,10
73411.0,28
73428.0,5
73433.0,3
73443.0,10
73453.0,9
73461.0,34
73496.0,4
73501.0,4
73510.0,34
73550.0,15
73569.0,9
73578.0,7
73583.0,14
73607.0,8
73615.0,12
73641.0,12
73652.0,3
73655.0,7
73665.0,6
73671.0,20
73688.0,8
73697.0,3
73701.0,16
73720.0,13
73734.0,5
73739.0,3
73742.0,3
73747.0,4
73762.0,3
73769.0,6
73775.0,16
73797.0,4
73799.0,16
73815.0,34
73865.0,3
73884.0,10
73895.0,21
73917.0,26
73942.0,10
73960.0,7
73982.0,18
74021.0,8
74038.0,4
74041.0,4
74053.0,19
74065.0,7
74079.0,12
74085.0,5
74089.0,5
74100.0,6
74110.0,9
74119.0,10
74129.0,11
74141.0,15
74155.0,12
74184.0,7
74192.0,3
74195.0,4
74217.0,9
74229.0,7
74244.0,3
74249.0,15
74274.0,8
74284.0,6
74289.0,4
74294.0,6
74302.0,7
74314.0,10
74330.0,3
74339.0,4
74342.0,7
74366.0,7
74374.0,4
74377.0,2
74383.0,9
74403.0,14
74413.0,8
74424.0,7
74431.0,6
74440.0,3
74443.0,11
74456.0,7
74464.0,5
74472.0,4
74478.0,20
74504.0,6
74507.0,5
74516.0,7
74560.0,4
74572.0,4
74579.0,9
74587.0,4
74595.0,6
74607.0,13
74624.0,8
74641.0,6
74647.0,3
74676.0,6
74680.0,3
74696.0,6
74703.0,10
74714.0,6
74735.0,3
74761.0,5
74767.0,6
74772.0,5
74775.0,14
74789.0,8
74798.0,9
74811.0,23
74836.0,4
74862.0,6
74870.0,8
74878.0,5
74883.0,5
74890.0,4
74894.0,4
74930.0,10
74943.0,7
74961.0,12
74978.0,11
74984.0,8
74995.0,17
75010.0,5
75013.0,20
75034.0,6
75047.0,6
75052.0,19
75074.0,9
75083.0,10
75096.0,9
75107.0,3
75142.0,5
75146.0,3
75150.0,6
75156.0,8
75168.0,3
75174.0,13
75191.0,12
75205.0,3
75208.0,8
75242.0,14
75256.0,4
75260.0,8
75272.0,7
75279.0,9
75290.0,6
75294.0,6
75306.0,5
75312.0,8
75317.0,6
75346.0,3
75370.0,3
75373.0,3
75375.0,6
75384.0,9
75413.0,5
75417.0,3
75435.0,2
75441.0,6
75457.0,5
75461.0,3
75471.0,8
75479.0,6
75488.0,16
75507.0,3
75517.0,7
75523.0,5
75536.0,5
75541.0,3
75556.0,5
75570.0,6
75577.0,9
75589.0,8
75595.0,2
75597.0,15
75620.0,3
75624.0,3
75628.0,7
75637.0,7
75663.0,9
75676.0,9
75706.0,3
75708.0,6
75719.0,10
75731.0,9
75739.0,4
75748.0,5
75753.0,4
75757.0,3
75760.0,3
75764.0,9
75776.0,7
75789.0,3
75799.0,4
75805.0,6
75818.0,4
75852.0,9
75861.0,6
75870.0,5
75880.0,15
75900.0,7
75909.0,10
75920.0,4
75923.0,3
75929.0,6
75952.0,3
75957.0,8
75966.0,3
75976.0,11
75990.0,5
75993.0,2
75996.0,8
76003.0,6
76018.0,6
76028.0,6
76037.0,4
76043.0,11
76051.0,9
76075.0,4
76079.0,4
76112.0,4
76116.0,2
76118.0,4
76124.0,5
76128.0,4
76159.0,2
76168.0,20
76200.0,11
76215.0,5
76229.0,4
76235.0,4
76237.0,4
76242.0,7
76251.0,5
76261.0,5
76264.0,10
76304.0,10
76312.0,7
76321.0,8
76328.0,5
76335.0,8
76372.0,14
76387.0,12
76405.0,3
76413.0,3
76424.0,5
76427.0,6
76436.0,4
76453.0,8
76462.0,11
76470.0,8
76487.0,6
76492.0,4
76498.0,4
76512.0,5
76534.0,3
76539.0,8
76562.0,5
76566.0,16
76587.0,17
76606.0,3
76610.0,7
76619.0,14
76668.0,2
76670.0,3
76673.0,8
76701.0,10
76706.0,15
76721.0,2
76744.0,5
76757.0,6
76768.0,3
76772.0,8
76784.0,11
76792.0,2
76811.0,3
76817.0,7
76822.0,5
76831.0,5
76834.0,4
76841.0,7
76847.0,2
76849.0,24
76873.0,2
76891.0,6
76897.0,4
76905.0,4
76910.0,5
76916.0,5
76919.0,2
76925.0,2
76929.0,5
76942.0,10
76952.0,3
76956.0,7
76986.0,5
76991.0,7
77017.0,6
77023.0,4
77026.0,4
77032.0,9
77040.0,8
77052.0,4
77057.0,4
77063.0,5
77070.0,7
77076.0,3
77086.0,9
77093.0,7
77116.0,6
77121.0,2
77124.0,6
77132.0,6
77144.0,5
77149.0,2
77151.0,5
77157.0,3
77166.0,6
77175.0,8
77181.0,3
77198.0,3
77222.0,8
77231.0,6
77235.0,9
77244.0,5
77251.0,7
77258.0,8
77267.0,12
77275.0,4
77297.0,2
77299.0,2
77301.0,5
77306.0,2
77321.0,11
77326.0,9
77335.0,2
77357.0,3
77363.0,3
77383.0,8
77421.0,9
77442.0,9
77454.0,10
77468.0,6
77485.0,5
77488.0,2
77492.0,3
77502.0,4
77520.0,8
77527.0,8
77535.0,16
77550.0,3
77554.0,15
77571.0,5
77576.0,2
77594.0,6
77611.0,3
77613.0,4
77617.0,4
77627.0,5
77635.0,7
77641.0,4
77650.0,4
77653.0,2
77655.0,5
77673.0,3
77678.0,3
77695.0,4
77699.0,2
77703.0,4
77711.0,5
77719.0,6
77725.0,7
77743.0,12
77758.0,3
77763.0,2
77802.0,2
77804.0,3
77811.0,12
77819.0,2
77824.0,3
77828.0,3
77839.0,7
77848.0,5
77855.0,6
77871.0,2
77881.0,8
77894.0,13
77904.0,5
77907.0,6
77915.0,15
77932.0,8
77945.0,9
77953.0,6
77964.0,4
77969.0,14
77999.0,5
78003.0,5
78007.0,6
78015.0,10
78025.0,3
78037.0,7
78043.0,8
78055.0,17
78080.0,5
78083.0,10
78096.0,4
78105.0,3
78107.0,19
78126.0,3
78130.0,8
78139.0,6
78145.0,2
78147.0,5
78179.0,9
78195.0,5
78200.0,4
78209.0,5
78212.0,2
78216.0,5
78228.0,2
78239.0,6
78250.0,2
78262.0,4
78274.0,6
78296.0,4
78304.0,5
78309.0,4
78329.0,11
78338.0,5
78353.0,5
78365.0,4
78369.0,9
78384.0,6
78400.0,2
78405.0,3
78410.0,8
78417.0,3
78422.0,5
78432.0,5
78439.0,2
78481.0,7
78496.0,8
78505.0,8
78546.0,3
78571.0,3
78620.0,6
78627.0,4
78645.0,6
78650.0,4
78654.0,3
78661.0,8
78670.0,4
78673.0,6
78686.0,2
78699.0,6
78714.0,3
78717.0,2
78724.0,2
78752.0,6
78760.0,9
78767.0,10
78776.0,3
78794.0,4
78797.0,5
78801.0,2
78812.0,7
78820.0,9
78828.0,12
78848.0,10
78859.0,6
78865.0,14
78883.0,10
78893.0,2
78903.0,6
78919.0,13
78928.0,3
78931.0,11
78943.0,12
78985.0,12
78997.0,6
79001.0,5
79006.0,8
79014.0,9
79026.0,4
79030.0,9
79039.0,4
79044.0,12
79056.0,4
79080.0,2
79113.0,9
79123.0,10
79136.0,3
79144.0,3
79157.0,7
79163.0,5
79190.0,3
79195.0,7
79208.0,10
79231.0,4
79262.0,8
79272.0,9
79282.0,6
79288.0,10
79299.0,6
79309.0,4
79325.0,7
79330.0,7
79339.0,5
79344.0,5
79349.0,3
79353.0,3
79364.0,11
79366.0,2
79384.0,3
79410.0,3
79413.0,3
79430.0,8
79445.0,5
79452.0,3
79463.0,4
79479.0,20
79516.0,13
79532.0,4
79535.0,15
79562.0,6
79567.0,6
79597.0,11
79609.0,6
79617.0,4
79627.0,5
79638.0,5
79646.0,13
79663.0,12
79675.0,8
79685.0,4
79688.0,3
79697.0,6
79710.0,4
79715.0,5
79721.0,4
79725.0,3
79729.0,6
79734.0,5
79746.0,7
79753.0,3
79779.0,3
79781.0,3
79793.0,17
79808.0,2
79814.0,8
79822.0,4
79836.0,8
79844.0,3
79852.0,2
79864.0,5
79869.0,3
79872.0,11
79885.0,5
79888.0,3
79896.0,2
79898.0,4
79902.0,6
79908.0,2
79915.0,7
79917.0,5
79925.0,2
79927.0,4
79931.0,5
79939.0,6
79942.0,3
79945.0,5
79950.0,2
79958.0,6
79979.0,2
79985.0,9
79992.0,4
79996.0,4
80008.0,8
80015.0,2
80028.0,10
80055.0,4
80059.0,2
80063.0,3
80066.0,4
80085.0,2
80087.0,6
80097.0,8
80103.0,3
80106.0,4
80121.0,3
80144.0,5
80147.0,9
80156.0,3
80166.0,4
80170.0,9
80199.0,3
80210.0,3
80218.0,4
80222.0,7
80230.0,7
80248.0,6
80268.0,2
80270.0,5
80277.0,5
80284.0,4
80287.0,4
80306.0,3
80311.0,6
80333.0,6
80341.0,4
80347.0,3
80353.0,7
80364.0,7
80372.0,4
80390.0,12
80422.0,3
80428.0,8
80435.0,4
80441.0,4
80447.0,9
80452.0,2
80454.0,2
80458.0,5
80481.0,9
80493.0,8
80503.0,6
80525.0,2
80542.0,3
80545.0,6
80551.0,3
80556.0,7
80582.0,3
80591.0,7
80599.0,5
80618.0,9
80641.0,15
80672.0,6
80677.0,8
80686.0,7
80702.0,5
80713.0,4
80718.0,6
80727.0,11
80756.0,3
80760.0,6
80777.0,2
80782.0,3
80797.0,3
80807.0,10
80816.0,5
80839.0,4
80848.0,5
80879.0,4
80903.0,6
80913.0,15
80935.0,10
80944.0,7
80968.0,5
80987.0,11
80995.0,4
81006.0,7
81026.0,2
81028.0,2
81030.0,3
81033.0,2
81035.0,3
81038.0,4
81050.0,4
81065.0,6
81089.0,2
81096.0,4
81100.0,2
81102.0,13
81123.0,2
81153.0,5
81172.0,4
81197.0,5
81207.0,4
81242.0,6
81256.0,8
81273.0,8
81280.0,7
81286.0,4
81294.0,10
81326.0,6
81331.0,3
81334.0,2
81346.0,6
81373.0,3
81378.0,4
81380.0,5
81385.0,5
81391.0,4
81396.0,14
81449.0,9
81464.0,3
81468.0,6
81477.0,6
81492.0,8
81518.0,7
81527.0,4
81533.0,5
81538.0,5
81547.0,6
81555.0,2
81578.0,11
81587.0,5
81599.0,2
81619.0,5
81625.0,3
81630.0,5
81636.0,8
81643.0,4
81647.0,7
81654.0,3
81658.0,10
81678.0,8
81695.0,4
81725.0,4
81730.0,5
81757.0,6
81768.0,17
81794.0,3
81797.0,2
81806.0,7
81811.0,2
81828.0,10
81838.0,3
81846.0,6
81853.0,4
81856.0,2
81860.0,4
81890.0,4
81893.0,4
81906.0,6
81914.0,8
81919.0,4
81928.0,3
81950.0,4
81953.0,5
81958.0,3
81972.0,2
81987.0,3
81991.0,4
81994.0,8
82003.0,4
82006.0,5
82011.0,2
82018.0,7
82031.0,5
82051.0,8
82068.0,6
82073.0,8
82088.0,3
82092.0,15
82114.0,6
82120.0,3
82141.0,3
82166.0,2
82175.0,3
82206.0,30
82236.0,5
82242.0,2
82244.0,2
82253.0,9
82283.0,4
82289.0,5
82302.0,10
82318.0,5
82323.0,3
82357.0,7
82362.0,2
82372.0,5
82388.0,2
82407.0,4
82412.0,4
82416.0,4
82425.0,4
82435.0,6
82441.0,3
82443.0,6
82451.0,6
82483.0,7
82486.0,3
82490.0,7
82499.0,5
82517.0,7
82543.0,8
82559.0,3
82573.0,10
82582.0,3
82586.0,4
82595.0,2
82597.0,14
82618.0,2
82620.0,2
82637.0,2
82639.0,2
82641.0,5
82651.0,5
82660.0,2
82682.0,2
82686.0,2
82693.0,13
82705.0,3
82709.0,5
82713.0,7
82733.0,4
82739.0,2
82741.0,4
82749.0,4
82760.0,4
82765.0,6
82784.0,6
82801.0,4
82819.0,7
82848.0,9
82856.0,9
82874.0,2
82884.0,3
82899.0,12
82921.0,11
82931.0,2
82937.0,8
82948.0,4
82974.0,3
82978.0,6
82996.0,5
83012.0,13
83030.0,3
83040.0,8
83052.0,15
83065.0,4
83074.0,5
83083.0,5
83095.0,3
83098.0,5
83112.0,3
83121.0,2
83123.0,2
83144.0,5
83147.0,3
83149.0,2
83161.0,4
83164.0,7
83193.0,9
83202.0,4
83205.0,12
83230.0,6
83238.0,7
83281.0,8
83333.0,5
83338.0,3
83353.0,9
83378.0,6
83395.0,3
83403.0,9
83408.0,2
83410.0,5
83415.0,11
83426.0,4
83433.0,6
83456.0,8
83501.0,4
83505.0,5
83511.0,8
83525.0,4
83528.0,3
83552.0,8
83561.0,5
83569.0,3
83578.0,4
83593.0,4
83604.0,7
83625.0,6
83628.0,5
83636.0,2
83642.0,7
83648.0,5
83665.0,3
83705.0,3
83713.0,2
83715.0,2
83717.0,7
83726.0,6
83735.0,3
83758.0,6
83763.0,4
83797.0,6
83844.0,4
83861.0,10
83875.0,5
83880.0,7
83898.0,3
83923.0,6
83929.0,5
83945.0,5
83969.0,3
84002.0,6
84008.0,3
84011.0,2
84017.0,4
84028.0,11
84038.0,7
84046.0,4
84098.0,13
84109.0,3
84118.0,4
84122.0,3
84142.0,7
84147.0,4
84152.0,6
84157.0,10
84167.0,5
84176.0,5
84187.0,2
84198.0,3
84220.0,2
84235.0,7
84245.0,5
84253.0,5
84272.0,10
84291.0,5
84295.0,6
84300.0,4
84304.0,2
84311.0,3
84331.0,9
84335.0,9
84358.0,6
84362.0,10
84376.0,4
84383.0,5
84399.0,10
84410.0,4
84445.0,4
84461.0,7
84506.0,5
84511.0,6
84519.0,6
84564.0,6
84580.0,3
84587.0,2
84594.0,3
84612.0,3
84617.0,3
84630.0,7
84637.0,3
84647.0,4
84657.0,5
84700.0,6
84722.0,7
84750.0,6
84755.0,2
84765.0,8
84777.0,4
84781.0,2
84797.0,2
84803.0,5
84821.0,4
84825.0,3
84832.0,5
84843.0,4
84861.0,3
84865.0,5
84879.0,3
84912.0,13
84936.0,3
84940.0,4
84943.0,5
84951.0,8
84960.0,5
84964.0,12
84981.0,6
85006.0,4
85032.0,5
85036.0,6
85046.0,3
85055.0,4
85103.0,6
85117.0,3
85169.0,5
85183.0,5
85191.0,2
85194.0,6
85214.0,8
85225.0,4
85229.0,7
85240.0,3
85278.0,5
85283.0,6
85362.0,2
85381.0,4
85386.0,2
85393.0,2
85442.0,4
85450.0,5
85455.0,3
85459.0,4
85462.0,9
85472.0,9
85496.0,4
85503.0,6
85506.0,3
85511.0,7
85522.0,3
85536.0,5
85546.0,9
85557.0,5
85562.0,2
85578.0,4
85588.0,13
85628.0,3
85631.0,5
85678.0,15
85698.0,7
85705.0,2
85710.0,3
85715.0,3
85739.0,3
85743.0,14
85758.0,5
85764.0,5
85770.0,5
85774.0,6
85784.0,3
85792.0,2
85795.0,4
85799.0,5
85814.0,5
85822.0,8
85827.0,3
85830.0,9
85846.0,5
85854.0,2
85856.0,2
85879.0,8
85913.0,2
85916.0,8
85935.0,7
85950.0,7
85957.0,5
85966.0,3
85969.0,2
85971.0,5
85981.0,3
85985.0,9
86002.0,5
86029.0,5
86070.0,2
86081.0,5
86111.0,9
86128.0,6
86139.0,7
86145.0,4
86155.0,3
86172.0,7
86179.0,4
86183.0,3
86207.0,4
86212.0,7
86220.0,4
86224.0,2
86242.0,3
86245.0,3
86249.0,7
86257.0,3
86263.0,8
86271.0,3
86318.0,7
86323.0,7
86330.0,5
86335.0,2
86411.0,180
86574.0,5
86587.0,3
86591.0,14
86605.0,4
86627.0,4
86639.0,3
86648.0,3
86650.0,5
86693.0,2
86706.0,4
86729.0,4
86752.0,3
86756.0,5
86759.0,3
86764.0,2
86785.0,4
86790.0,12
86799.0,2
86823.0,5
86827.0,12
86839.0,5
86870.0,6
86888.0,2
86892.0,7
86901.0,4
86905.0,2
86918.0,6
86946.0,2
86948.0,18
86972.0,4
86977.0,5
86982.0,5
86986.0,3
86989.0,2
86994.0,9
87012.0,5
87016.0,4
87023.0,4
87026.0,4
87039.0,4
87047.0,7
87054.0,5
87062.0,6
87072.0,9
87100.0,8
87109.0,4
87146.0,3
87150.0,4
87157.0,12
87170.0,5
87174.0,4
87179.0,10
87188.0,5
87193.0,4
87200.0,8
87206.0,3
87219.0,9
87228.0,3
87246.0,5
87255.0,11
87261.0,4
87281.0,3
87284.0,3
87287.0,7
87294.0,14
87309.0,3
87311.0,2
87314.0,5
87318.0,3
87321.0,5
87366.0,8
87376.0,2
87379.0,3
87394.0,6
87401.0,2
87403.0,2
87414.0,3
87427.0,8
87435.0,3
87441.0,8
87448.0,9
87458.0,10
87467.0,7
87484.0,3
87495.0,5
87503.0,2
87510.0,5
87529.0,3
87532.0,4
87536.0,4
87545.0,6
87552.0,6
87562.0,9
87571.0,9
87580.0,11
87596.0,2
87603.0,2
87605.0,4
87637.0,5
87646.0,3
87662.0,4
87677.0,6
87682.0,17
87700.0,6
87709.0,3
87712.0,8
87724.0,5
87727.0,5
87734.0,5
87753.0,4
87809.0,12
87820.0,7
87869.0,5
87878.0,4
87888.0,6
87899.0,2
87902.0,3
87906.0,5
87960.0,6
87966.0,3
88001.0,9
88010.0,4
88041.0,7
88050.0,2
88057.0,3
88061.0,5
88068.0,3
88071.0,3
88099.0,2
88120.0,4
88132.0,10
88150.0,2
88154.0,2
88170.0,11
88182.0,9
88236.0,3
88242.0,10
88250.0,3
88288.0,5
88295.0,4
88299.0,10
88309.0,2
88318.0,2
88320.0,19
88339.0,10
88350.0,4
88360.0,21
88375.0,16
88390.0,2
88392.0,2
88398.0,11
88407.0,4
88428.0,4
88432.0,3
88458.0,3
88469.0,4
88474.0,3
88477.0,3
88484.0,9
88489.0,3
88514.0,3
88519.0,2
88529.0,3
88531.0,3
88571.0,4
88580.0,4
88594.0,7
88613.0,3
88619.0,7
88639.0,2
88641.0,4
88655.0,3
88658.0,5
88662.0,9
88671.0,2
88673.0,5
88678.0,5
88685.0,3
88688.0,2
88693.0,7
88699.0,4
88703.0,4
88715.0,10
88724.0,5
88733.0,5
88738.0,15
88755.0,10
88768.0,4
88775.0,3
88783.0,6
88794.0,4
88801.0,8
88824.0,9
88833.0,5
88848.0,3
88860.0,4
88865.0,5
88870.0,4
88874.0,6
88880.0,3
88883.0,3
88887.0,5
88897.0,15
88927.0,4
88947.0,3
88951.0,3
88968.0,8
89015.0,5
89026.0,7
89031.0,3
89053.0,7
89068.0,9
89082.0,2
89087.0,6
89092.0,10
89102.0,4
89106.0,4
89142.0,3
89156.0,7
89177.0,6
89196.0,8
89204.0,4
89210.0,3
89219.0,2
89221.0,4
89248.0,7
89253.0,9
89262.0,2
89264.0,6
89275.0,2
89280.0,4
89294.0,14
89307.0,3
89310.0,2
89323.0,5
89327.0,2
89329.0,3
89346.0,4
89351.0,5
89359.0,5
89365.0,4
89379.0,8
89397.0,3
89399.0,2
89411.0,7
89418.0,3
89440.0,7
89450.0,3
89455.0,6
89469.0,8
89518.0,5
89529.0,6
89580.0,8
89621.0,4
89624.0,7
89633.0,2
89645.0,6
89656.0,5
89668.0,7
89674.0,3
89677.0,6
89688.0,6
89700.0,2
89704.0,5
89729.0,6
89756.0,6
89800.0,7
89807.0,5
89814.0,2
89816.0,3
89836.0,9
89845.0,5
89850.0,3
89862.0,8
89889.0,11
89930.0,10
89942.0,6
89950.0,4
89954.0,3
89957.0,2
89959.0,4
89964.0,5
89968.0,3
89971.0,11
89984.0,5
89997.0,9
90019.0,5
90024.0,3
90037.0,13
90046.0,4
90077.0,2
90082.0,2
90084.0,4
90090.0,6
90101.0,4
90117.0,4
90154.0,3
90164.0,4
90175.0,2
90178.0,4
90184.0,3
90198.0,4
90206.0,6
90212.0,6
90225.0,3
90228.0,3
90232.0,3
90234.0,6
90240.0,3
90247.0,6
90259.0,5
90262.0,2
90274.0,5
90279.0,16
90297.0,4
90302.0,5
90310.0,8
90316.0,2
90319.0,3
90332.0,7
90348.0,4
90353.0,3
90355.0,10
90374.0,3
90421.0,7
90425.0,4
90430.0,8
90465.0,4
90471.0,8
90484.0,6
90494.0,4
90496.0,7
90504.0,3
90517.0,3
90521.0,3
90524.0,5
90533.0,2
90536.0,5
90551.0,10
90562.0,6
90568.0,4
90575.0,5
90578.0,4
90583.0,4
90586.0,8
90596.0,4
90606.0,4
90612.0,7
90625.0,11
90634.0,4
90639.0,7
90657.0,4
90673.0,3
90676.0,6
90704.0,3
90715.0,10
90743.0,8
90751.0,3
90770.0,2
90773.0,5
90792.0,4
90807.0,2
90812.0,7
90826.0,5
90830.0,2
90851.0,4
90867.0,6
90902.0,4
90906.0,3
90914.0,3
90921.0,6
90926.0,3
90929.0,4
90944.0,3
90947.0,11
90959.0,7
90980.0,7
90988.0,2
90990.0,14
91005.0,10
91017.0,4
91028.0,6
91034.0,6
91044.0,2
91133.0,4
91342.0,3
91387.0,3
91392.0,4
91462.0,5
91487.0,6
91505.0,3
91512.0,2
91520.0,9
91538.0,3
91548.0,3
91554.0,3
91560.0,5
91567.0,10
91578.0,2
91580.0,5
91597.0,6
91614.0,2
91618.0,4
91622.0,4
91626.0,3
91631.0,2
91633.0,5
91640.0,4
91642.0,10
91652.0,11
91666.0,9
91672.0,2
91680.0,4
91688.0,10
91697.0,3
91701.0,5
91728.0,4
91732.0,3
91747.0,3
91757.0,7
91765.0,4
91784.0,5
91830.0,3
91833.0,4
91845.0,15
91869.0,5
91902.0,9
91948.0,3
91963.0,6
91982.0,2
91989.0,2
92000.0,6
92012.0,6
92020.0,4
92026.0,7
92056.0,2
92080.0,3
92096.0,3
92105.0,3
92107.0,4
92116.0,2
92128.0,4
92135.0,2
92137.0,3
92140.0,2
92156.0,6
92168.0,3
92172.0,7
92178.0,4
92182.0,3
92202.0,9
92216.0,6
92233.0,2
92243.0,5
92249.0,15
92263.0,3
92276.0,20
92300.0,4
92331.0,8
92342.0,6
92358.0,3
92366.0,2
92404.0,6
92411.0,4
92413.0,3
92442.0,2
92446.0,6
92452.0,2
92454.0,5
92459.0,4
92463.0,6
92472.0,2
92498.0,2
92504.0,2
92535.0,5
92540.0,4
92557.0,2
92580.0,13
92594.0,4
92598.0,5
92603.0,3
92609.0,3
92618.0,9
92632.0,15
92675.0,4
92705.0,8
92723.0,9
92739.0,4
92747.0,5
92757.0,5
92761.0,3
92788.0,9
92799.0,17
92816.0,2
92832.0,9
92841.0,6
92861.0,3
92868.0,4
92876.0,9
92884.0,3
92888.0,7
92903.0,19
92944.0,13
92958.0,3
92972.0,2
92976.0,4
92978.0,8
92990.0,5
92994.0,2
92997.0,7
93016.0,5
93025.0,8
93032.0,2
93034.0,3
93046.0,8
93054.0,3
93057.0,2
93059.0,2
93061.0,4
93068.0,3
93089.0,5
93102.0,6
93133.0,25
93163.0,6
93225.0,4
93264.0,5
93286.0,4
93328.0,4
93341.0,6
93360.0,6
93363.0,3
93453.0,9
93465.0,3
93471.0,2
93476.0,6
93482.0,20
93504.0,2
93523.0,4
93608.0,3
93612.0,12
93651.0,4
93671.0,4
93675.0,2
93690.0,9
93701.0,4
93712.0,14
93750.0,6
93757.0,12
93795.0,9
93804.0,4
93808.0,3
93818.0,9
93835.0,8
93854.0,7
93865.0,6
93870.0,2
93873.0,4
93876.0,9
93900.0,20
93963.0,30
93996.0,5
94020.0,15
94036.0,11
94046.0,4
94057.0,4
94065.0,17
94083.0,3
94128.0,7
94163.0,12
94202.0,4
94204.0,17
94222.0,8
94229.0,2
94232.0,7
94261.0,5
94303.0,13
94357.0,2
94360.0,11
94378.0,6
94383.0,2
94385.0,3
94409.0,37
94575.0,25
94617.0,5
94669.0,2
94691.0,2
94693.0,5
94735.0,3
94759.0,3
94777.0,4
94785.0,2
94796.0,2
94803.0,7
94888.0,4
94890.0,2
94908.0,3
94959.0,3
94977.0,4
94993.0,2
94995.0,3
95000.0,8
95151.0,5
95156.0,4
95170.0,3
95185.0,2
95198.0,4
95205.0,6
95210.0,2
95215.0,6
95220.0,6
95227.0,4
95247.0,3
95268.0,7
95276.0,8
95317.0,8
95334.0,5
95347.0,4
95350.0,3
95359.0,4
95362.0,7
95371.0,15
95384.0,6
95395.0,2
95403.0,4
95407.0,6
95415.0,2
95417.0,6
95429.0,8
95438.0,6
95451.0,2
95460.0,6
95464.0,12
95491.0,4
95511.0,3
95531.0,3
95534.0,3
95565.0,5
95583.0,3
95602.0,8
95655.0,3
95673.0,4
95679.0,5
95690.0,2
95713.0,2
95715.0,3
95719.0,5
95723.0,4
95727.0,3
95736.0,5
95741.0,4
95745.0,2
95747.0,2
95754.0,6
95763.0,4
95767.0,2
95797.0,2
95800.0,4
95807.0,10
95817.0,2
95823.0,4
95841.0,5
95844.0,3
95899.0,4
95909.0,4
95924.0,6
95945.0,3
95958.0,3
95985.0,3
95990.0,4
96002.0,4
96025.0,2
96035.0,2
96037.0,2
96041.0,8
96050.0,4
96094.0,2
96107.0,2
96150.0,4
96159.0,2
96178.0,4
96194.0,6
96237.0,3
96240.0,14
96254.0,8
96302.0,2
96312.0,4
96316.0,2
96328.0,2
96337.0,5
96356.0,4
96368.0,3
96375.0,7
96389.0,3
96417.0,4
96435.0,5
96440.0,4
96446.0,6
96458.0,3
96475.0,8
96485.0,7
96491.0,4
96510.0,2
96518.0,2
96520.0,3
96527.0,6
96556.0,3
96569.0,2
96585.0,3
96611.0,5
96616.0,2
96623.0,2
96638.0,3
96668.0,3
96682.0,3
96709.0,3
96711.0,5
96725.0,4
96735.0,5
96744.0,4
96748.0,6
96778.0,2
96780.0,5
96819.0,3
96826.0,6
96847.0,3
96856.0,4
96860.0,2
96867.0,3
96883.0,4
96888.0,3
96903.0,4
96914.0,2
96934.0,5
96953.0,2
96963.0,3
96965.0,2
96980.0,3
96987.0,3
96993.0,3
97020.0,4
97034.0,2
97045.0,7
97055.0,4
97064.0,5
97084.0,9
97093.0,4
97107.0,6
97125.0,4
97151.0,10
97161.0,7
97170.0,4
97190.0,3
97213.0,4
97249.0,2
97262.0,3
97277.0,4
97316.0,4
97373.0,2
97385.0,4
97430.0,6
97436.0,4
97444.0,10
97469.0,7
97487.0,5
97492.0,2
97499.0,6
97535.0,6
97540.0,3
97543.0,2
97545.0,6
97551.0,3
97560.0,5
97564.0,6
97584.0,10
97594.0,3
97643.0,2
97649.0,5
97655.0,5
97667.0,9
97685.0,4
97719.0,4
97741.0,2
97743.0,3
97764.0,6
97770.0,5
97779.0,4
97785.0,2
97787.0,4
97792.0,4
97824.0,7
97842.0,3
97845.0,3
97864.0,5
97874.0,5
97881.0,4
97897.0,7
97929.0,3
97949.0,6
97961.0,3
97973.0,3
97995.0,6
98010.0,5
98045.0,7
98062.0,3
98069.0,4
98083.0,3
98097.0,3
98108.0,6
98118.0,3
98121.0,3
98124.0,9
98139.0,3
98144.0,4
98153.0,4
98192.0,3
98201.0,6
98207.0,3
98217.0,3
98227.0,8
98240.0,6
98246.0,3
98267.0,4
98278.0,4
98313.0,6
98320.0,5
98346.0,3
98358.0,4
98363.0,6
98369.0,4
98373.0,2
98379.0,4
98397.0,6
98403.0,7
98411.0,13
98429.0,6
98448.0,8
98479.0,3
98487.0,2
98489.0,2
98503.0,3
98551.0,6
98559.0,7
98570.0,7
98582.0,3
98603.0,3
98607.0,5
98614.0,3
98659.0,2
98683.0,2
98701.0,3
98708.0,2
98713.0,2
98715.0,3
98741.0,6
98749.0,2
98753.0,6
98766.0,3
98774.0,4
98802.0,10
98815.0,6
98840.0,6
98858.0,2
98864.0,4
98873.0,4
98907.0,2
98912.0,7
98947.0,7
98954.0,3
99009.0,4
99016.0,3
99037.0,3
99043.0,4
99063.0,3
99092.0,7
99114.0,3
99118.0,4
99131.0,5
99162.0,4
99169.0,5
99184.0,4
99186.0,5
99197.0,2
99221.0,8
99236.0,5
99267.0,2
99279.0,4
99281.0,7
99292.0,3
99296.0,4
99300.0,2
99334.0,7
99341.0,6
99353.0,2
99355.0,3
99364.0,3
99367.0,2
99380.0,4
99382.0,3
99390.0,3
99437.0,3
99458.0,4
99518.0,5
99526.0,7
99535.0,2
99538.0,4
99541.0,2
99557.0,5
99570.0,5
99575.0,3
99640.0,4
99675.0,2
99681.0,5
99689.0,3
99704.0,2
99717.0,3
99722.0,4
99728.0,3
99744.0,4
99763.0,4
99772.0,4
99798.0,2
99803.0,4
99812.0,5
99840.0,3
99843.0,4
99848.0,4
99865.0,3
99880.0,5
99890.0,4
99898.0,4
99930.0,2
99932.0,4
99951.0,6
99967.0,4
100031.0,3
100060.0,8
100068.0,5
100074.0,5
100095.0,6
100102.0,3
100115.0,3
100153.0,3
100189.0,8
100195.0,5
100217.0,5
100228.0,6
100240.0,3
100263.0,5
100278.0,3
100315.0,8
100382.0,4
100398.0,4
100412.0,4
100417.0,3
100432.0,6
100460.0,5
100475.0,2
100494.0,3
100516.0,3
100554.0,2
100596.0,3
100601.0,2
100603.0,13
100621.0,4
100623.0,2
100630.0,8
100645.0,3
100665.0,3
100672.0,4
100680.0,5
100686.0,3
100689.0,4
100708.0,4
100719.0,5
100728.0,4
100733.0,4
100743.0,2
100759.0,4
100770.0,4
100774.0,2
100800.0,4
100809.0,5
100817.0,2
100825.0,5
100831.0,6
100847.0,3
100859.0,4
100869.0,2
100897.0,7
100920.0,3
100922.0,2
100924.0,6
100947.0,2
100975.0,5
101027.0,5
101042.0,2
101050.0,4
101068.0,5
101080.0,4
101102.0,2
101105.0,9
101113.0,2
101129.0,3
101132.0,8
101164.0,5
101182.0,10
101196.0,2
101220.0,2
101257.0,3
101270.0,6
101286.0,5
101363.0,3
101391.0,5
101396.0,3
101402.0,4
101408.0,3
101420.0,2
101425.0,2
101427.0,4
101458.0,5
101518.0,2
101533.0,2
101544.0,2
101552.0,4
101568.0,3
101572.0,3
101592.0,6
101598.0,3
101643.0,2
101660.0,3
101670.0,2
101672.0,4
101679.0,2
101684.0,8
101703.0,2
101714.0,7
101723.0,7
101742.0,2
101763.0,6
101767.0,10
101785.0,4
101813.0,3
101823.0,10
101854.0,3
101863.0,5
101868.0,9
101884.0,4
101889.0,2
101922.0,3
101948.0,3
101967.0,5
101998.0,4
102066.0,3
102078.0,3
102098.0,7
102105.0,2
102119.0,2
102130.0,3
102139.0,4
102156.0,9
102196.0,2
102202.0,2
102208.0,4
102273.0,7
102306.0,2
102319.0,4
102339.0,3
102388.0,3
102424.0,5
102438.0,3
102443.0,3
102448.0,11
102462.0,6
102474.0,2
102479.0,3
102498.0,2
102532.0,3
102535.0,3
102538.0,3
102541.0,4
102572.0,4
102585.0,3
102602.0,7
102610.0,5
102620.0,7
102636.0,3
102643.0,12
102657.0,6
102716.0,3
102725.0,5
102730.0,2
102732.0,4
102736.0,3
102739.0,6
102746.0,4
102749.0,3
102774.0,3
102793.0,3
102796.0,5
102836.0,11
102851.0,30
102882.0,2
102884.0,4
102923.0,5
102927.0,9
102937.0,4
102960.0,4
102969.0,5
102976.0,3
102991.0,7
103013.0,4
103021.0,7
103028.0,8
103047.0,6
103055.0,8
103063.0,10
103076.0,4
103082.0,7
103121.0,3
103130.0,6
103138.0,8
103147.0,13
103175.0,3
103189.0,9
103197.0,11
103209.0,7
103216.0,9
103222.0,3
103231.0,8
103238.0,6
103248.0,4
103251.0,4
103255.0,3
103312.0,3
103315.0,2
103317.0,15
103335.0,11
103379.0,8
103403.0,3
103406.0,2
103408.0,5
103417.0,11
103443.0,6
103462.0,8
103466.0,2
103469.0,3
103480.0,19
103501.0,3
103513.0,4
103518.0,7
103560.0,3
103562.0,2
103579.0,4
103585.0,5
103597.0,4
103612.0,3
103629.0,4
103671.0,6
103677.0,8
103685.0,3
103696.0,8
103727.0,7
103733.0,5
103739.0,8
103746.0,7
103753.0,3
103756.0,4
103769.0,12
103784.0,3
103789.0,3
103793.0,3
103804.0,5
103817.0,4
103830.0,14
103847.0,5
103864.0,2
103876.0,5
103894.0,4
103909.0,2
103912.0,3
103947.0,4
103951.0,4
103955.0,8
103962.0,10
103975.0,2
103980.0,10
103994.0,4
103996.0,4
104001.0,3
104006.0,6
104014.0,3
104047.0,9
104061.0,10
104071.0,2
104097.0,8
104115.0,8
104139.0,2
104142.0,7
104151.0,2
104164.0,10
104204.0,2
104206.0,4
104210.0,5
104230.0,4
104236.0,11
104261.0,11
104278.0,3
104280.0,3
104321.0,4
104331.0,4
104345.0,5
104394.0,6
104453.0,4
104459.0,6
104474.0,6
104497.0,4
104511.0,5
104539.0,4
104550.0,3
104615.0,3
104633.0,2
104639.0,3
104693.0,3
104699.0,6
104712.0,3
104857.0,3
104864.0,3
104893.0,5
104933.0,3
104977.0,3
105010.0,6
105043.0,3
105070.0,4
105082.0,2
105108.0,5
105155.0,8
105198.0,4
105244.0,3
105287.0,7
105488.0,4
105541.0,11
105633.0,2
105755.0,3
105804.0,3
105807.0,4
105892.0,10
105954.0,13
105967.0,17
106083.0,5
106187.0,3
106199.0,4
106227.0,7
106580.0,5
106595.0,2
106608.0,5
106672.0,3
106676.0,3
106694.0,2
106738.0,9
106756.0,9
106792.0,5
106816.0,4
106880.0,7
106901.0,4
106948.0,7
107010.0,5
107030.0,5
107060.0,3
107069.0,3
107092.0,4
107209.0,12
107497.0,14
107511.0,11
107530.0,5
107535.0,4
107539.0,3
107562.0,4
107579.0,5
107585.0,10
107595.0,9
107623.0,5
107664.0,2
107790.0,7
107797.0,7
107809.0,8
107816.0,4
107874.0,7
108004.0,26
108032.0,73
108104.0,9
108113.0,30
108142.0,19
108162.0,5
108168.0,7
108175.0,6
108182.0,6
108187.0,31
108252.0,9
108277.0,35
108312.0,7
108321.0,23
108343.0,6
108351.0,36
108384.0,32
108417.0,7
108424.0,17
108440.0,29
108469.0,2
108471.0,8
108479.0,5
108484.0,33
108561.0,3
108564.0,3
108567.0,24
108595.0,13
108604.0,8
108612.0,30
108650.0,4
108654.0,21
108674.0,7
108684.0,25
108709.0,6
108715.0,9
108724.0,11
108742.0,52
108796.0,5
108801.0,12
108815.0,6
108819.0,26
108856.0,3
108861.0,20
108881.0,6
108887.0,9
108896.0,49
108945.0,19
108964.0,25
108996.0,6
109017.0,8
109024.0,3
109028.0,11
109040.0,8
109049.0,10
109056.0,2
109065.0,13
109078.0,2
109081.0,9
109089.0,5
109094.0,4
109098.0,2
109101.0,10
109125.0,2
109128.0,3
109130.0,13
109159.0,6
109164.0,5
109169.0,6
109176.0,5
109192.0,2
109195.0,8
109202.0,18
109220.0,4
109224.0,11
109237.0,5
109249.0,19
109279.0,15
109294.0,3
109297.0,5
109315.0,2
109318.0,12
109329.0,3
109332.0,3
109335.0,7
109342.0,3
109345.0,8
109353.0,5
109358.0,4
109363.0,8
109370.0,6
109379.0,15
109393.0,5
109403.0,14
109421.0,4
109425.0,7
109432.0,11
109465.0,9
109482.0,9
109484.0,4
109494.0,3
109526.0,4
109530.0,5
109535.0,3
109548.0,4
109551.0,8
109559.0,2
109561.0,3
109564.0,2
109569.0,7
109591.0,15
109607.0,15
109622.0,11
109632.0,3
109639.0,20
109662.0,6
109668.0,19
109686.0,6
109692.0,7
109702.0,8
109707.0,14
109737.0,5
109741.0,7
109747.0,2
109764.0,3
109778.0,19
109803.0,9
109808.0,8
109816.0,4
109821.0,18
109850.0,18
109868.0,16
109891.0,5
109899.0,11
109907.0,5
109918.0,8
109921.0,3
109923.0,4
109927.0,17
109952.0,6
109960.0,7
109965.0,10
109975.0,13
109988.0,5
109995.0,6
110007.0,2
110010.0,17
110029.0,9
110042.0,5
110046.0,7
110053.0,4
110070.0,2
110076.0,6
110082.0,6
110088.0,5
110093.0,3
110096.0,3
110103.0,8
110152.0,9
110161.0,6
110169.0,10
110179.0,7
110186.0,3
110211.0,4
110219.0,2
110221.0,25
110246.0,2
110248.0,7
110255.0,15
110273.0,20
110297.0,4
110301.0,10
110311.0,3
110320.0,4
110324.0,8
110331.0,2
110333.0,12
110347.0,6
110358.0,17
110377.0,6
110383.0,4
110388.0,11
110399.0,15
110415.0,43
110458.0,15
110473.0,5
110477.0,6
110483.0,4
110487.0,9
110496.0,4
110520.0,11
110534.0,4
110538.0,11
110550.0,15
110564.0,4
110569.0,9
110601.0,14
110616.0,20
110637.0,7
110642.0,17
110659.0,13
110672.0,2
110674.0,18
110695.0,4
110721.0,15
110742.0,13
110755.0,2
110767.0,9
110771.0,6
110777.0,22
110800.0,8
110820.0,2
110857.0,8
110865.0,14
110881.0,26
110907.0,4
110918.0,6
110923.0,4
110927.0,5
110934.0,11
110945.0,21
110968.0,11
110979.0,7
110987.0,17
111003.0,2
111005.0,5
111014.0,14
111026.0,15
111042.0,9
111050.0,6
111056.0,4
111062.0,7
111067.0,3
111071.0,8
111099.0,4
111102.0,22
111124.0,2
111126.0,4
111130.0,12
111146.0,7
111154.0,12
111165.0,19
111185.0,10
111217.0,6
111224.0,3
111226.0,5
111252.0,2
111258.0,10
111269.0,12
111283.0,3
111286.0,4
111290.0,20
111319.0,23
111340.0,3
111346.0,3
111361.0,33
111392.0,19
111423.0,4
111427.0,16
111445.0,12
111462.0,2
111469.0,3
111483.0,8
111495.0,7
111500.0,8
111511.0,5
111516.0,6
111540.0,4
111543.0,4
111565.0,14
111580.0,3
111583.0,13
111596.0,3
111600.0,10
111612.0,13
111625.0,5
111631.0,7
111637.0,2
111640.0,5
111647.0,8
111654.0,2
111656.0,14
111670.0,2
111682.0,25
111708.0,8
111721.0,6
111728.0,4
111731.0,4
111739.0,22
111761.0,31
111791.0,16
111807.0,10
111820.0,7
111824.0,7
111832.0,13
111853.0,5
111856.0,4
111860.0,3
111871.0,6
111877.0,7
111885.0,10
111895.0,32
111927.0,19
111945.0,2
111962.0,6
111971.0,5
111977.0,3
111980.0,3
111984.0,9
111992.0,5
111997.0,3
112000.0,2
112002.0,5
112007.0,9
112021.0,7
112026.0,11
112038.0,4
112040.0,17
112060.0,12
112069.0,4
112074.0,7
112080.0,2
112082.0,6
112092.0,5
112097.0,18
112116.0,4
112120.0,6
112129.0,4
112133.0,10
112171.0,23
112226.0,5
112230.0,3
112235.0,6
112239.0,22
112263.0,3
112270.0,4
112272.0,10
112283.0,7
112316.0,4
112318.0,2
112322.0,8
112330.0,3
112333.0,9
112342.0,8
112352.0,15
112368.0,4
112371.0,3
112376.0,11
112387.0,9
112398.0,5
112406.0,9
112419.0,13
112432.0,10
112445.0,15
112457.0,4
112462.0,11
112492.0,19
112509.0,8
112517.0,10
112527.0,4
112531.0,3
112534.0,6
112541.0,4
112556.0,8
112563.0,23
112587.0,7
112599.0,8
112614.0,19
112633.0,7
112655.0,36
112691.0,8
112699.0,9
112708.0,7
112723.0,5
112727.0,3
112731.0,3
112733.0,3
112748.0,24
112777.0,7
112782.0,4
112785.0,2
112787.0,4
112795.0,16
112808.0,14
112822.0,5
112827.0,4
112831.0,40
112891.0,9
112929.0,17
112958.0,8
112973.0,2
112982.0,7
112990.0,10
113000.0,8
113007.0,25
113034.0,17
113049.0,2
113054.0,4
113059.0,23
113082.0,10
113091.0,5
113096.0,3
113135.0,10
113146.0,17
113161.0,4
113168.0,6
113176.0,8
113181.0,3
113184.0,9
113193.0,7
113200.0,5
113205.0,4
113211.0,6
113217.0,2
113220.0,9
113228.0,10
113251.0,9
113266.0,14
113290.0,15
113306.0,26
113338.0,9
113350.0,9
113361.0,7
113369.0,18
113386.0,13
113400.0,22
113423.0,8
113429.0,6
113435.0,5
113442.0,19
113464.0,5
113483.0,2
113485.0,5
113490.0,5
113495.0,9
113527.0,8
113535.0,7
113542.0,17
113558.0,12
113588.0,21
113608.0,2
113622.0,22
113643.0,2
113645.0,4
113649.0,12
113676.0,4
113684.0,12
113700.0,14
113719.0,31
113748.0,3
113756.0,22
113777.0,4
113781.0,2
113783.0,18
113803.0,12
113817.0,20
113837.0,7
113844.0,8
113853.0,6
113857.0,4
113861.0,3
113869.0,10
113882.0,12
113897.0,3
113901.0,7
113922.0,3
113933.0,5
113943.0,7
113951.0,5
113956.0,7
113961.0,10
113987.0,5
113991.0,4
114000.0,18
114013.0,7
114021.0,4
114025.0,16
114041.0,6
114057.0,3
114059.0,2
114061.0,2
114064.0,14
114077.0,3
114081.0,6
114086.0,5
114091.0,16
114108.0,3
114110.0,29
114140.0,11
114150.0,8
114158.0,2
114162.0,4
114173.0,7
114182.0,10
114191.0,8
114202.0,22
114225.0,7
114233.0,10
114242.0,6
114249.0,15
114265.0,38
114300.0,16
114318.0,5
114324.0,4
114327.0,2
114329.0,2
114331.0,13
114344.0,8
114352.0,2
114384.0,10
114399.0,4
114404.0,7
114416.0,4
114421.0,3
114423.0,3
114426.0,14
114441.0,20
114460.0,28
114488.0,5
114493.0,6
114499.0,5
114504.0,2
114507.0,5
114511.0,28
114541.0,12
114554.0,8
114563.0,5
114569.0,12
114584.0,18
114609.0,9
114618.0,3
114623.0,9
114630.0,18
114649.0,9
114659.0,9
114668.0,4
114676.0,3
114679.0,5
114685.0,10
114700.0,9
114705.0,13
114717.0,6
114724.0,7
114731.0,13
114744.0,8
114751.0,15
114774.0,21
114799.0,14
114815.0,7
114823.0,9
114831.0,6
114841.0,6
114845.0,6
114851.0,5
114858.0,4
114867.0,6
114873.0,8
114892.0,11
114928.0,2
114934.0,10
114941.0,10
114951.0,15
114967.0,5
114974.0,31
115006.0,6
115011.0,4
115024.0,28
115052.0,5
115056.0,15
115071.0,8
115089.0,2
115092.0,13
115105.0,16
115120.0,7
115129.0,6
115133.0,10
115143.0,12
115155.0,4
115164.0,8
115175.0,5
115185.0,22
115202.0,10
115213.0,15
115228.0,6
115265.0,2
115267.0,5
115281.0,10
115291.0,13
115304.0,9
115313.0,3
115316.0,4
115328.0,13
115340.0,12
115354.0,5
115361.0,10
115371.0,11
115378.0,12
115390.0,2
115392.0,2
115397.0,3
115422.0,15
115437.0,7
115445.0,4
115463.0,6
115468.0,2
115471.0,8
115485.0,3
115487.0,15
115502.0,3
115505.0,6
115515.0,2
115528.0,5
115533.0,16
115546.0,7
115553.0,6
115561.0,6
115574.0,15
115593.0,7
115600.0,3
115603.0,28
115631.0,2
115635.0,4
115640.0,6
115653.0,26
115674.0,6
115684.0,8
115688.0,10
115699.0,9
115709.0,6
115732.0,6
115738.0,9
115751.0,2
115754.0,6
115759.0,3
115782.0,13
115796.0,4
115809.0,12
115819.0,14
115838.0,9
115850.0,19
115866.0,8
115875.0,10
115884.0,3
115894.0,28
115918.0,5
115934.0,9
115942.0,13
115957.0,3
115960.0,5
115965.0,18
115985.0,10
115998.0,7
116003.0,13
116019.0,3
116022.0,16
116039.0,17
116072.0,13
116085.0,3
116092.0,6
116098.0,14
116113.0,6
116120.0,3
116125.0,9
116144.0,18
116153.0,3
116157.0,12
116176.0,31
116207.0,6
116233.0,9
116241.0,3
116244.0,2
116251.0,3
116260.0,3
116278.0,3
116281.0,8
116288.0,6
116295.0,16
116313.0,8
116319.0,3
116323.0,17
116344.0,12
116350.0,6
116368.0,2
116371.0,17
116387.0,25
116414.0,6
116418.0,13
116436.0,22
116458.0,8
116487.0,15
116501.0,3
116506.0,6
116512.0,3
116522.0,8
116526.0,7
116533.0,15
116548.0,7
116555.0,11
116566.0,3
116569.0,2
116571.0,7
116578.0,4
116583.0,10
116592.0,2
116594.0,2
116602.0,6
116604.0,12
116616.0,8
116626.0,4
116632.0,3
116634.0,5
116639.0,3
116643.0,12
116654.0,5
116662.0,10
116669.0,5
116687.0,4
116689.0,2
116704.0,2
116706.0,34
116744.0,12
116757.0,18
116775.0,2
116778.0,5
116782.0,12
116794.0,3
116801.0,5
116809.0,5
116812.0,3
116818.0,10
116839.0,9
116850.0,8
116863.0,9
116873.0,7
116879.0,17
116897.0,19
116916.0,13
116930.0,8
116938.0,12
116950.0,12
116965.0,5
116967.0,13
116980.0,5
116986.0,11
116996.0,5
117001.0,7
117011.0,9
117018.0,7
117048.0,7
117067.0,7
117079.0,7
117086.0,12
117098.0,9
117111.0,4
117116.0,4
117119.0,2
117121.0,3
117125.0,5
117129.0,9
117139.0,10
117159.0,3
117167.0,8
117175.0,11
117186.0,5
117203.0,13
117230.0,2
117233.0,6
117240.0,4
117246.0,11
117261.0,35
117296.0,2
117305.0,13
117320.0,7
117331.0,41
117367.0,14
117386.0,8
117391.0,4
117396.0,4
117399.0,2
117401.0,5
117412.0,6
117418.0,7
117427.0,14
117439.0,6
117446.0,9
117463.0,6
117480.0,20
117504.0,6
117522.0,7
117529.0,2
117531.0,12
117546.0,9
117558.0,13
117582.0,8
117590.0,2
117592.0,10
117602.0,2
117606.0,11
117615.0,14
117630.0,11
117646.0,16
117656.0,22
117680.0,5
117685.0,3
117689.0,14
117702.0,4
117709.0,5
117711.0,2
117749.0,5
117754.0,29
117783.0,7
117791.0,9
117799.0,6
117807.0,6
117821.0,9
117843.0,6
117850.0,5
117858.0,3
117863.0,4
117865.0,5
117880.0,15
117896.0,5
117901.0,17
117931.0,3
117945.0,8
117952.0,3
117955.0,5
117970.0,10
117980.0,10
117991.0,3
117996.0,10
118003.0,3
118006.0,5
118017.0,7
118023.0,5
118041.0,5
118054.0,2
118056.0,2
118059.0,5
118064.0,3
118074.0,30
118099.0,5
118103.0,5
118106.0,6
118112.0,9
118121.0,4
118139.0,9
118143.0,6
118158.0,13
118179.0,3
118198.0,3
118202.0,9
118211.0,11
118221.0,3
118230.0,6
118236.0,2
118243.0,12
118261.0,16
118277.0,9
118286.0,4
118292.0,6
118296.0,11
118310.0,21
118338.0,14
118354.0,7
118358.0,4
118371.0,5
118386.0,13
118398.0,5
118422.0,13
118435.0,5
118449.0,6
118461.0,7
118468.0,8
118534.0,8
118572.0,12
118585.0,9
118589.0,4
118596.0,7
118607.0,24
118635.0,17
118650.0,14
118667.0,6
118673.0,2
118677.0,5
118680.0,5
118687.0,9
118699.0,6
118709.0,8
118740.0,7
118746.0,6
118753.0,6
118758.0,2
118760.0,4
118771.0,9
118779.0,6
118792.0,16
118801.0,6
118807.0,7
118815.0,4
118823.0,12
118832.0,3
118838.0,6
118848.0,13
118872.0,2
118886.0,12
118893.0,3
118903.0,7
118914.0,7
118923.0,5
118928.0,5
118933.0,4
118940.0,3
118943.0,4
118949.0,4
118951.0,6
118957.0,5
118962.0,9
118971.0,2
118988.0,10
118999.0,6
119005.0,10
119019.0,8
119028.0,11
119054.0,3
119060.0,10
119070.0,3
119077.0,10
119094.0,15
119104.0,2
119109.0,5
119119.0,10
119133.0,2
119140.0,6
119152.0,7
119163.0,4
119168.0,15
119182.0,12
119194.0,18
119217.0,4
119225.0,4
119228.0,8
119236.0,6
119247.0,19
119273.0,2
119304.0,3
119312.0,3
119315.0,6
119326.0,11
119337.0,8
119345.0,6
119357.0,8
119366.0,4
119376.0,7
119384.0,18
119405.0,13
119431.0,6
119440.0,2
119454.0,10
119476.0,5
119485.0,10
119494.0,8
119505.0,7
119510.0,7
119517.0,8
119530.0,6
119540.0,4
119542.0,12
119555.0,4
119558.0,2
119563.0,5
119569.0,9
119575.0,3
119584.0,8
119606.0,6
119617.0,11
119647.0,5
119650.0,3
119653.0,6
119659.0,6
119666.0,7
119672.0,3
119675.0,2
119686.0,4
119688.0,12
119705.0,2
119707.0,10
119719.0,4
119725.0,5
119731.0,6
119738.0,7
119745.0,7
119753.0,3
119770.0,5
119791.0,4
119799.0,5
119815.0,6
119821.0,3
119840.0,3
119881.0,3
119888.0,18
119901.0,2
119909.0,2
119911.0,4
119921.0,5
119929.0,16
119944.0,5
119947.0,8
119955.0,6
119961.0,9
119974.0,7
119981.0,8
119988.0,2
119991.0,4
119994.0,3
120030.0,2
120032.0,3
120041.0,8
120109.0,7
120125.0,2
120182.0,6
120191.0,3
120209.0,10
120219.0,3
120224.0,14
120238.0,4
120261.0,3
120264.0,6
120272.0,4
120274.0,4
120283.0,11
120293.0,3
120302.0,3
120306.0,8
120313.0,3
120323.0,6
120326.0,4
120340.0,5
120346.0,5
120355.0,6
120390.0,8
120403.0,4
120406.0,12
120438.0,16
120454.0,7
120465.0,12
120494.0,12
120502.0,14
120539.0,3
120599.0,3
120625.0,7
120652.0,7
120676.0,7
120680.0,6
120686.0,8
120693.0,7
120715.0,6
120720.0,2
120743.0,5
120792.0,8
120795.0,2
120831.0,9
120857.0,14
120887.0,10
120930.0,4
120949.0,4
120956.0,2
120964.0,30
120994.0,5
121009.0,7
121017.0,6
121028.0,11
121090.0,6
121099.0,10
121116.0,7
121148.0,3
121157.0,3
121160.0,10
121174.0,8
121187.0,5
121193.0,5
121216.0,25
121232.0,11
121253.0,7
121260.0,3
121264.0,4
121268.0,2
121273.0,2
121281.0,8
121288.0,5
121293.0,10
121324.0,9
121334.0,10
121363.0,7
121365.0,4
121372.0,16
121411.0,24
121516.0,4
121521.0,24
121555.0,8
121565.0,11
121574.0,17
121601.0,3
121604.0,5
121701.0,6
121713.0,4
121754.0,6
121765.0,9
121822.0,3
121824.0,11
121835.0,12
121905.0,7
121935.0,11
121942.0,5
121995.0,7
122009.0,3
122043.0,12
122097.0,5
122099.0,3
122108.0,4
122112.0,7
122120.0,3
122194.0,8
122236.0,12
122248.0,3
122251.0,30
122281.0,31
122320.0,8
122339.0,11
122353.0,4
122364.0,7
122368.0,11
122405.0,22
122422.0,2
122430.0,3
122441.0,4
122471.0,5
122490.0,34
122529.0,12
122541.0,6
122561.0,3
122568.0,3
122571.0,3
122621.0,20
122643.0,29
122737.0,5
122742.0,6
122749.0,10
122762.0,25
122785.0,7
122791.0,6
122800.0,4
122803.0,6
122808.0,6
122838.0,5
122846.0,8
122900.0,2
122909.0,7
122912.0,4
122982.0,5
122989.0,8
123003.0,2
123056.0,63
123122.0,2
123124.0,10
123154.0,6
123160.0,3
123163.0,8
123180.0,8
123202.0,11
123228.0,9
123246.0,5
123254.0,6
123259.0,2
123264.0,5
123272.0,3
123280.0,5
123289.0,3
123292.0,3
123306.0,5
123317.0,5
123327.0,15
123353.0,7
123362.0,6
123381.0,2
123386.0,16
123410.0,5
123423.0,3
123429.0,3
123484.0,10
123518.0,3
123534.0,7
123562.0,3
123583.0,4
123585.0,23
123612.0,29
123685.0,4
123700.0,22
123767.0,20
123792.0,3
123794.0,6
123804.0,4
123813.0,3
123815.0,5
123828.0,3
123837.0,4
123846.0,8
123855.0,9
123878.0,2
123881.0,4
123927.0,2
123951.0,10
123980.0,5
123985.0,5
123994.0,5
123996.0,6
124003.0,4
124015.0,2
124017.0,4
124021.0,3
124025.0,6
124043.0,5
124063.0,7
124072.0,4
124076.0,5
124091.0,2
124122.0,4
124125.0,3
124214.0,4
124294.0,2
124298.0,3
124336.0,3
124378.0,5
124389.0,3
124391.0,2
124455.0,2
124480.0,5
124508.0,7
124516.0,4
124553.0,7
124562.0,2
124634.0,3
124645.0,6
124667.0,3
124691.0,4
124784.0,8
124805.0,5
124811.0,2
124819.0,5
124826.0,3
124835.0,7
124887.0,5
124921.0,3
124930.0,10
124938.0,2
124947.0,2
124953.0,2
124960.0,6
124991.0,5
125005.0,5
125025.0,2
125042.0,4
125056.0,4
125071.0,6
125078.0,3
125081.0,4
125111.0,7
125183.0,25
125333.0,6
125344.0,11
125356.0,14
125375.0,2
125379.0,7
125384.0,5
125389.0,2
125436.0,14
125457.0,16
125514.0,7
125521.0,14
125535.0,12
125547.0,31
125584.0,14
125599.0,16
125627.0,4
125629.0,6
125636.0,4
125682.0,20
125702.0,6
125708.0,5
125732.0,4
125740.0,26
125775.0,26
125813.0,40
125856.0,15
125881.0,8
126042.0,3
126045.0,6
126125.0,17
126227.0,63
126475.0,128
126678.0,7
126689.0,100
126816.0,3
126851.0,29
126938.0,2
126944.0,29
126998.0,114
127134.0,31
127167.0,21
127191.0,3
127199.0,16
127211.0,4
127214.0,12
127241.0,4
127261.0,61
127387.0,24
127579.0,3
127587.0,91
127676.0,61
127736.0,28
127770.0,5
127788.0,15
127799.0,10
127853.0,11
127895.0,14
127908.0,14
127937.0,7
127979.0,24
128023.0,12
128042.0,9
128050.0,35
128087.0,15
128106.0,9
128111.0,41
128254.0,36
128288.0,17
128315.0,56
128377.0,13
128385.0,6
128606.0,33
128652.0,126
128779.0,36
128815.0,46
128867.0,10
128996.0,22
129003.0,3
129071.0,9
129176.0,2
129195.0,5
129228.0,7
129250.0,10
129371.0,54
129429.0,8
129459.0,117
129754.0,3
129791.0,8
129798.0,63
129863.0,45
129905.0,39
129944.0,19
129964.0,15
129983.0,11
129998.0,17
130026.0,4
130065.0,14
130085.0,2
130088.0,13
130128.0,24
130153.0,6
130213.0,34
130232.0,24
130252.0,68
130323.0,6
130330.0,18
130358.0,15
130547.0,14
130574.0,19
130590.0,4
130594.0,14
130608.0,58
130671.0,18
130688.0,10
130705.0,6
130718.0,45
130766.0,125
130893.0,3
130897.0,9
130905.0,3
130908.0,2
130913.0,29
130961.0,9
130987.0,5
130993.0,3
130995.0,4
131002.0,10
131013.0,31
131075.0,25
131160.0,3
131163.0,3
131185.0,63
131251.0,18
131339.0,21
131360.0,4
131367.0,5
131369.0,5
131374.0,5
131379.0,31
131608.0,4
131610.0,5
131637.0,19
131645.0,61
131719.0,18
131860.0,418
132278.0,14
132377.0,5
132379.0,3
132383.0,13
132403.0,18
132421.0,26
132452.0,16
132487.0,5
132523.0,42
132542.0,36
132608.0,3
132704.0,5
132843.0,3
133039.0,10
133091.0,8
133100.0,3
133109.0,5
133130.0,3
133204.0,5
133625.0,5
133630.0,3
134200.0,3
134211.0,7
134238.0,9
134257.0,3
134516.0,4
135103.0,3
136329.0,3
136568.0,4
136767.0,2
136874.0,4
137457.0,5
137484.0,3
138706.0,10
138780.0,3
138795.0,3
138829.0,2
138840.0,5
138863.0,2
138877.0,4
138881.0,7
138928.0,4
138955.0,2
138998.0,3
139001.0,3
139004.0,9
139053.0,6
139059.0,16
139075.0,29
139117.0,3
139122.0,7
139129.0,6
139141.0,6
139152.0,10
139163.0,4
139191.0,6
139193.0,2
139201.0,7
139220.0,3
139247.0,5
139250.0,14
139267.0,3
139284.0,11
139296.0,6
139341.0,3
139372.0,3
139383.0,2
139396.0,3
139398.0,7
139427.0,3
139458.0,9
139487.0,2
139736.0,3
139740.0,19
139758.0,36
139800.0,5
139817.0,5
139822.0,2
139848.0,3
139851.0,6
139888.0,14
139906.0,3
139911.0,4
139913.0,4
139917.0,7
139924.0,2
139931.0,9
139940.0,5
139955.0,10
139969.0,10
139982.0,2
139992.0,9
140055.0,8
140098.0,13
140112.0,7
140155.0,6
140167.0,2
140171.0,17
140188.0,6
140195.0,5
140200.0,5
140259.0,8
140291.0,2
140332.0,5
140337.0,8
140354.0,5
140371.0,16
140398.0,3
140402.0,13
140527.0,6
140538.0,27
140617.0,16
140646.0,11
140669.0,5
140690.0,8
140705.0,3
140734.0,29
140784.0,3
140794.0,26
140826.0,11
140868.0,20
140887.0,2
140897.0,6
140904.0,26
140940.0,4
140998.0,8
141041.0,2
141043.0,6
141049.0,4
141054.0,4
141069.0,2
141072.0,9
141080.0,4
141096.0,5
141138.0,5
141145.0,3
141151.0,6
141156.0,10
141166.0,3
141190.0,14
141218.0,4
141233.0,2
141236.0,2
141243.0,11
141279.0,3
141292.0,4
141296.0,4
141331.0,5
141386.0,3
141396.0,12
141411.0,4
141435.0,4
141463.0,4
141481.0,3
141502.0,2
141510.0,5
141521.0,2
141523.0,12
141561.0,5
141579.0,3
141627.0,2
141630.0,2
141678.0,4
141685.0,8
141747.0,4
141751.0,7
141780.0,4
141782.0,8
141861.0,2
141894.0,3
141899.0,4
141906.0,4
141910.0,3
141913.0,2
141915.0,3
141920.0,4
141926.0,7
141932.0,3
141937.0,9
141943.0,4
141952.0,4
141957.0,8
141964.0,4
141974.0,5
141995.0,8
142007.0,2
142011.0,4
142031.0,4
142034.0,4
142038.0,2
142045.0,10
142050.0,2
142056.0,7
142076.0,2
142079.0,5
142083.0,2
142097.0,2
142139.0,6
142148.0,4
142161.0,4
142164.0,12
142175.0,3
142183.0,2
142185.0,5
142190.0,5
142207.0,3
142228.0,2
142240.0,3
142243.0,6
142249.0,6
142289.0,9
142295.0,3
142309.0,3
142313.0,5
142324.0,7
142328.0,2
142334.0,2
142342.0,7
142350.0,4
142359.0,7
142373.0,4
142387.0,4
142391.0,2
142394.0,6
142400.0,5
142414.0,5
142426.0,4
142441.0,3
142448.0,2
142468.0,9
142489.0,2
142491.0,5
142499.0,7
142506.0,3
142521.0,5
142526.0,4
142530.0,3
142533.0,2
142537.0,8
142571.0,2
142576.0,5
142588.0,3
142599.0,3
142603.0,3
142608.0,4
142612.0,2
142639.0,2
142645.0,2
142647.0,2
142653.0,3
142657.0,3
142661.0,7
142682.0,5
142687.0,2
142702.0,4
142707.0,5
142728.0,7
142739.0,3
142748.0,2
142763.0,2
142765.0,2
142780.0,5
142788.0,8
142795.0,7
142823.0,4
142835.0,4
142845.0,4
142877.0,3
142906.0,2
142908.0,3
142940.0,6
143004.0,3
143011.0,4
143021.0,6
143044.0,2
143064.0,6
143069.0,4
143073.0,3
143076.0,4
143086.0,7
143126.0,9
143135.0,6
143141.0,4
143145.0,5
143158.0,7
143169.0,8
143176.0,2
143183.0,3
143193.0,4
143210.0,3
143242.0,5
143247.0,7
143266.0,3
143270.0,7
143277.0,34
143312.0,34
143345.0,10
143355.0,22
143419.0,5
143424.0,10
143442.0,5
143453.0,8
143463.0,11
143473.0,3
143492.0,15
143510.0,12
143546.0,22
143566.0,11
143571.0,2
143573.0,3
143613.0,3
143627.0,14
143641.0,3
143645.0,14
143667.0,3
143670.0,5
143679.0,13
143699.0,4
143702.0,8
143710.0,4
143714.0,3
143732.0,11
143741.0,2
143743.0,26
143772.0,5
143774.0,4
143805.0,6
143813.0,9
143826.0,10
143853.0,10
143859.0,3
143871.0,8
143898.0,6
143902.0,5
143919.0,6
143925.0,17
143950.0,2
143962.0,3
143976.0,3
143978.0,6
143987.0,17
144022.0,12
144035.0,13
144044.0,3
144047.0,2
144049.0,15
144064.0,8
144074.0,6
144079.0,6
144085.0,9
144094.0,11
144119.0,18
144137.0,3
144141.0,4
144155.0,6
144161.0,4
144167.0,6
144171.0,19
144190.0,6
144196.0,9
144205.0,3
144220.0,17
144235.0,16
144251.0,10
144261.0,47
144309.0,6
144314.0,5
144319.0,22
144341.0,16
144359.0,20
144378.0,4
144382.0,3
144390.0,22
144416.0,14
144423.0,15
144438.0,7
144451.0,20
144467.0,11
144480.0,28
144505.0,5
144513.0,7
144519.0,7
144527.0,27
144558.0,28
144587.0,73
144658.0,9
144669.0,8
144686.0,82
144769.0,22
144790.0,2
144792.0,2
144803.0,11
144822.0,9
144828.0,7
144835.0,9
144855.0,9
144903.0,4
144915.0,36
144974.0,12
144984.0,14
144998.0,6
145057.0,8
145088.0,33
145120.0,5
145152.0,7
145200.0,9
145211.0,13
145222.0,6
145228.0,8
145236.0,12
145249.0,5
145253.0,2
145255.0,43
145310.0,3
145313.0,9
145322.0,21
145377.0,4
145393.0,15
145396.0,9
145404.0,22
145446.0,4
145448.0,13
145474.0,26
145513.0,2
145515.0,2
145528.0,6
145536.0,12
145547.0,9
145555.0,4
145560.0,18
145642.0,48
145704.0,7
145767.0,3
145784.0,9
145795.0,30
145843.0,7
145852.0,10
145887.0,6
145892.0,5
145897.0,8
145905.0,6
145912.0,23
145935.0,4
145944.0,16
145958.0,6
145984.0,6
145989.0,9
146001.0,6
146005.0,3
146007.0,12
146019.0,12
146031.0,11
146043.0,12
146072.0,7
146078.0,5
146082.0,5
146088.0,22
146111.0,8
146118.0,4
146123.0,23
146145.0,7
146158.0,7
146167.0,13
146178.0,15
146193.0,10
146228.0,13
146241.0,5
146258.0,19
146302.0,3
146307.0,4
146337.0,7
146342.0,8
146350.0,4
146360.0,4
146367.0,10
146375.0,8
146383.0,5
146391.0,6
146395.0,3
146400.0,18
146418.0,8
146427.0,6
146433.0,5
146437.0,5
146471.0,22
146545.0,2
146549.0,2
146553.0,4
146556.0,6
146574.0,4
146580.0,2
146610.0,15
146626.0,5
146630.0,17
146653.0,2
146657.0,2
146659.0,3
146662.0,8
146680.0,4
146685.0,7
146692.0,5
146696.0,3
146706.0,2
146708.0,15
146723.0,6
146729.0,7
146787.0,9
146793.0,45
146840.0,14
146871.0,6
147299.0,14
147311.0,20
147331.0,17
147355.0,10
147380.0,2
147405.0,13
147431.0,5
147435.0,5
147440.0,13
147470.0,3
147474.0,6
147495.0,9
147539.0,11
147546.0,3
147551.0,9
147557.0,12
147590.0,2
147593.0,8
147600.0,28
147629.0,4
147667.0,38
147724.0,47
147768.0,6
147814.0,11
147834.0,14
147862.0,8
147952.0,42
148001.0,5
148026.0,8
148032.0,10
148042.0,2
148045.0,45
148097.0,2
148099.0,13
148115.0,11
148123.0,4
148128.0,26
148153.0,41
148195.0,7
148205.0,46
148260.0,17
148279.0,14
148289.0,4
148299.0,11
148304.0,8
148313.0,23
148336.0,30
148365.0,8
148373.0,9
148411.0,16
148437.0,36
148491.0,11
148502.0,14
148519.0,8
148534.0,2
148539.0,4
148543.0,18
148565.0,48
148632.0,6
148642.0,3
148647.0,10
148682.0,26
148755.0,19
148776.0,61
148918.0,14
148944.0,23
148967.0,8
149010.0,15
149025.0,20
149047.0,4
149051.0,12
149061.0,16
149077.0,4
149083.0,6
149090.0,16
149109.0,10
149115.0,7
149130.0,8
149140.0,12
149152.0,8
149160.0,11
149171.0,36
149208.0,11
149232.0,9
149245.0,26
149281.0,5
149319.0,12
149349.0,3
149359.0,10
149362.0,7
149369.0,3
149373.0,3
149375.0,3
149378.0,5
149406.0,6
149412.0,10
149422.0,4
149440.0,3
149443.0,7
149524.0,3
149526.0,4
149532.0,8
149546.0,2
149551.0,3
149554.0,3
149559.0,5
149564.0,6
149571.0,3
149587.0,10
149596.0,20
149677.0,3
149798.0,4
149874.0,2
149890.0,2
149952.0,3
150017.0,2
150066.0,3
150108.0,3
150147.0,2
150149.0,3
150290.0,16
150306.0,28
150335.0,6
150340.0,42
150384.0,57
150439.0,11
150453.0,16
150469.0,5
150472.0,7
150482.0,12
150492.0,23
150517.0,11
150544.0,6
150557.0,10
150565.0,12
150583.0,11
150587.0,12
150606.0,16
150614.0,12
150629.0,6
150632.0,10
150644.0,5
150649.0,7
150655.0,17
150671.0,4
150691.0,3
150696.0,4
150700.0,6
150707.0,3
150712.0,3
150717.0,9
150729.0,11
150737.0,7
150748.0,2
150750.0,13
150763.0,27
150793.0,5
150798.0,7
150817.0,6
150820.0,12
150835.0,9
150846.0,10
150855.0,4
150862.0,4
150866.0,2
150871.0,8
150879.0,10
150888.0,2
150892.0,5
150897.0,11
150908.0,2
150910.0,13
150927.0,4
150931.0,12
150942.0,2
150946.0,5
150956.0,4
150962.0,4
150968.0,11
150988.0,14
151001.0,4
151010.0,2
151013.0,10
151034.0,12
151046.0,4
151049.0,6
151062.0,7
151073.0,2
151075.0,3
151079.0,6
151084.0,5
151096.0,8
151107.0,5
151109.0,10
151121.0,20
151182.0,6
151187.0,6
151238.0,6
151278.0,3
151285.0,9
151290.0,10
151300.0,2
151319.0,29
151349.0,3
151351.0,16
151368.0,18
151442.0,3
151451.0,30
151477.0,11
151534.0,15
151548.0,6
151555.0,25
151609.0,26
151684.0,11
151691.0,17
151736.0,4
151756.0,4
151764.0,8
151769.0,16
151793.0,29
151893.0,28
151917.0,17
151932.0,3
151945.0,3
151956.0,26
151985.0,82
152081.0,6
152108.0,6
152113.0,16
152137.0,4
152167.0,5
152172.0,9
152273.0,4
152285.0,32
152317.0,12
152341.0,4
152345.0,4
152402.0,9
152460.0,10
152472.0,3
152482.0,8
152489.0,9
152498.0,92
152616.0,13
152622.0,5
152630.0,7
152639.0,30
152671.0,19
152688.0,3
152762.0,10
152771.0,2
152882.0,7
152890.0,4
152898.0,10
152905.0,9
152934.0,5
152942.0,2
152949.0,13
152989.0,7
152996.0,52
153049.0,4
153052.0,2
153062.0,8
153065.0,4
153069.0,2
153147.0,17
153164.0,14
153283.0,2
153285.0,14
153301.0,14
153572.0,6
153623.0,16
153642.0,10
153653.0,27
153699.0,27
153733.0,20
153744.0,3
153991.0,10
153997.0,14
154017.0,25
154088.0,4
154134.0,10
154182.0,6
154186.0,13
154201.0,29
154231.0,14
154254.0,5
154258.0,20
154278.0,13
154312.0,10
154317.0,10
154368.0,13
154395.0,13
154465.0,7
154492.0,9
154497.0,15
154511.0,11
154531.0,11
154536.0,8
154544.0,18
154576.0,14
154612.0,7
154619.0,2
154622.0,4
154632.0,10
154644.0,9
154649.0,3
154681.0,10
154703.0,6
154725.0,9
154739.0,12
154771.0,6
154789.0,2
154818.0,3
154824.0,10
154836.0,7
154853.0,14
154861.0,6
154898.0,27
154931.0,3
154948.0,12
155046.0,15
155062.0,9
155069.0,16
155085.0,2
155089.0,8
155103.0,11
155114.0,8
155132.0,3
155135.0,10
155145.0,3
155163.0,8
155171.0,5
155185.0,3
155192.0,7
155203.0,19
155226.0,10
155233.0,9
155250.0,9
155274.0,6
155282.0,13
155297.0,8
155339.0,3
155378.0,9
155603.0,3
155607.0,4
155760.0,2
155911.0,4
155977.0,2
156187.0,2
156201.0,6
156214.0,32
156270.0,8
156280.0,16
156296.0,17
156316.0,3
156319.0,10
156329.0,21
156351.0,8
156447.0,6
156453.0,2
157116.0,11
157159.0,9
157305.0,15
157346.0,5
157357.0,6
157597.0,4
157629.0,4
157651.0,2
158090.0,7
158100.0,6
158144.0,5
158158.0,4
158204.0,5
158248.0,5
158261.0,12
158316.0,5
158333.0,8
158344.0,6
158571.0,3
158707.0,8
158732.0,5
158792.0,8
158954.0,26
159031.0,6
159041.0,4
159053.0,2
159061.0,6
159067.0,6
159077.0,5
159082.0,8
159094.0,5
159099.0,3
159106.0,4
159120.0,2
159122.0,3
159125.0,2
159127.0,11
159146.0,2
159160.0,3
159164.0,8
159177.0,12
159189.0,7
159207.0,3
159215.0,8
159220.0,7
159232.0,9
159243.0,4
159251.0,4
159253.0,9
159262.0,3
159291.0,6
159297.0,2
159299.0,3
159303.0,5
159307.0,3
159312.0,8
159345.0,4
159356.0,3
159360.0,14
159375.0,5
159392.0,2
159397.0,2
159402.0,9
159414.0,6
159419.0,4
159426.0,4
159430.0,4
159434.0,5
159448.0,4
159495.0,3
159501.0,4
159505.0,3
159515.0,6
159522.0,4
159527.0,3
159538.0,4
159556.0,3
159568.0,18
159588.0,6
159621.0,3
159648.0,8
159650.0,11
159662.0,3
159668.0,3
159685.0,3
159688.0,3
159693.0,6
159705.0,5
159719.0,3
159722.0,3
159738.0,4
159743.0,9
159760.0,5
159768.0,3
159772.0,5
159787.0,10
159798.0,4
159818.0,4
159835.0,2
159840.0,7
159848.0,6
159852.0,14
159869.0,5
159874.0,2
159877.0,6
159882.0,2
159900.0,5
159909.0,2
159921.0,2
159923.0,3
159930.0,2
159933.0,6
159948.0,8
159956.0,3
159959.0,5
159964.0,2
159991.0,3
159995.0,3
159997.0,2
160000.0,5
160015.0,2
160022.0,7
160027.0,13
160050.0,5
160081.0,2
160090.0,8
160108.0,2
160125.0,4
160135.0,6
160143.0,6
160148.0,2
160151.0,4
160154.0,7
160165.0,3
160168.0,3
160178.0,5
160199.0,3
160202.0,4
160221.0,3
160225.0,8
160236.0,6
160259.0,2
160263.0,16
160283.0,6
160289.0,3
160296.0,9
160315.0,13
160335.0,6
160362.0,4
160364.0,5
160380.0,6
160385.0,5
160389.0,4
160393.0,4
160404.0,4
160409.0,6
160415.0,6
160433.0,3
160444.0,4
160457.0,4
160461.0,2
160467.0,4
160475.0,2
160478.0,3
160482.0,9
160493.0,3
160502.0,3
160524.0,13
160541.0,5
160551.0,2
160554.0,4
160557.0,2
160575.0,4
160577.0,6
160584.0,3
160590.0,2
160595.0,3
160598.0,6
160606.0,4
160608.0,2
160610.0,7
160620.0,9
160637.0,10
160652.0,5
160669.0,3
160679.0,2
160695.0,9
160704.0,4
160708.0,3
160711.0,5
160715.0,5
160731.0,6
160745.0,3
160750.0,8
160765.0,3
160778.0,2
160792.0,2
160796.0,5
160809.0,4
160817.0,4
160824.0,3
160845.0,4
160850.0,6
160869.0,21
160896.0,5
160908.0,3
160931.0,5
160935.0,4
160946.0,6
160964.0,5
160975.0,11
160998.0,6
161007.0,2
161012.0,3
161036.0,11
161047.0,3
161053.0,2
161055.0,2
161061.0,6
161066.0,8
161074.0,3
161076.0,3
161087.0,4
161098.0,4
161102.0,6
161117.0,6
161129.0,4
161137.0,3
161142.0,2
161175.0,7
161188.0,5
161197.0,2
161229.0,3
161239.0,2
161245.0,5
161301.0,4
161342.0,3
161352.0,2
161380.0,6
161383.0,2
161391.0,3
161403.0,4
161417.0,2
161419.0,4
161444.0,4
161448.0,2
161478.0,5
161491.0,3
161493.0,5
161536.0,5
161557.0,2
161559.0,2
161563.0,2
161565.0,4
161575.0,3
161590.0,4
161625.0,6
161638.0,3
161659.0,3
161663.0,4
161666.0,5
161670.0,3
161674.0,4
161697.0,3
161709.0,7
161733.0,3
161743.0,3
161754.0,3
161766.0,8
161774.0,2
161793.0,10
161801.0,3
161807.0,3
161825.0,2
161873.0,9
161880.0,7
161899.0,8
161904.0,4
161942.0,7
161952.0,3
161963.0,4
161966.0,5
161980.0,2
161998.0,4
162005.0,2
162016.0,5
162021.0,3
162053.0,3
162058.0,4
162080.0,13
162109.0,5
162125.0,5
162134.0,4
162152.0,5
162156.0,3
162165.0,2
162173.0,4
162188.0,7
162196.0,7
162231.0,5
162236.0,4
162245.0,8
162252.0,7
162267.0,3
162273.0,5
162296.0,10
162312.0,5
162357.0,2
162360.0,12
162371.0,5
162381.0,5
162391.0,4
162395.0,2
162401.0,6
162420.0,3
162438.0,6
162446.0,2
162463.0,9
162479.0,3
162485.0,7
162510.0,5
162546.0,3
162553.0,8
162570.0,3
162572.0,2
162577.0,5
162597.0,6
162625.0,6
162630.0,3
162637.0,5
162641.0,3
162670.0,8
162698.0,5
162709.0,9
162719.0,2
162730.0,2
162758.0,2
162768.0,2
162770.0,2
162774.0,5
162804.0,3
162810.0,4
162821.0,4
162840.0,6
162845.0,5
162856.0,5
162861.0,9
162879.0,5
162903.0,3
162912.0,10
162924.0,2
162958.0,2
162962.0,5
162967.0,2
162988.0,2
162990.0,2
163005.0,6
163028.0,5
163038.0,5
163043.0,2
163046.0,4
163051.0,4
163077.0,4
163087.0,5
163163.0,3
163181.0,2
163183.0,2
163185.0,5
163193.0,7
163213.0,3
163234.0,4
163356.0,6
163362.0,6
163368.0,4
163377.0,5
163386.0,15
163400.0,4
163409.0,2
163413.0,6
163419.0,5
163423.0,6
163434.0,3
163442.0,2
163444.0,4
163467.0,6
163475.0,5
163481.0,6
163527.0,6
163550.0,3
163568.0,6
163577.0,4
163597.0,4
163605.0,2
163610.0,5
163641.0,7
163645.0,2
163651.0,10
163670.0,5
163685.0,4
163720.0,12
163740.0,6
163744.0,3
163752.0,4
163760.0,4
163774.0,5
163810.0,4
163817.0,5
163823.0,5
163836.0,8
163862.0,7
163871.0,3
163905.0,2
163913.0,5
163953.0,9
163977.0,3
163980.0,4
164017.0,3
164022.0,5
164025.0,6
164051.0,3
164054.0,12
164067.0,9
164095.0,3
164099.0,3
164108.0,4
164111.0,3
164124.0,4
164130.0,6
164138.0,6
164142.0,2
164153.0,2
164160.0,4
164164.0,4
164181.0,6
164202.0,3
164212.0,4
164263.0,3
164268.0,2
164275.0,3
164277.0,5
164288.0,5
164308.0,6
164336.0,3
164340.0,2
164370.0,3
164391.0,3
164402.0,4
164406.0,4
164420.0,8
164428.0,2
164432.0,7
164447.0,6
164474.0,4
164479.0,4
164484.0,7
164498.0,4
164514.0,5
164544.0,7
164588.0,12
164623.0,3
164626.0,3
164633.0,6
164651.0,3
164653.0,4
164668.0,4
164703.0,9
164720.0,4
164730.0,3
164743.0,4
164765.0,2
164819.0,2
164822.0,3
164857.0,2
164869.0,4
164876.0,4
164880.0,2
164895.0,6
164902.0,7
164911.0,2
164948.0,4
164951.0,6
164964.0,4
164994.0,3
165006.0,6
165011.0,4
165043.0,3
165046.0,5
165058.0,4
165068.0,7
165103.0,2
165115.0,3
165143.0,7
165151.0,3
165164.0,4
165176.0,3
165184.0,6
165195.0,4
165204.0,2
165207.0,3
165226.0,6
165242.0,5
165256.0,5
165273.0,5
165281.0,8
165292.0,6
165305.0,2
165307.0,3
165310.0,5
165339.0,2
165341.0,4
165356.0,3
165364.0,3
165424.0,5
165433.0,4
165497.0,2
165499.0,3
165522.0,3
165537.0,6
165556.0,5
165571.0,2
165581.0,3
165584.0,5
165594.0,9
165603.0,2
165616.0,3
165624.0,5
165648.0,5
165689.0,6
165723.0,4
165729.0,4
165734.0,4
165740.0,2
165743.0,6
165748.0,2
165751.0,5
165755.0,4
165769.0,6
165777.0,8
165788.0,2
165794.0,2
165814.0,2
165827.0,4
165838.0,2
165851.0,9
165862.0,2
165883.0,2
165935.0,3
165942.0,5
165954.0,6
165964.0,7
166001.0,9
166010.0,5
166015.0,2
166023.0,3
166026.0,5
166046.0,4
166054.0,5
166059.0,10
166086.0,3
166102.0,3
166117.0,4
166171.0,5
166175.0,3
166183.0,4
166198.0,5
166203.0,3
166206.0,5
166258.0,4
166262.0,3
166272.0,6
166279.0,5
166304.0,7
166311.0,2
166315.0,5
166335.0,5
166342.0,3
166353.0,4
166407.0,3
166410.0,2
166458.0,5
166463.0,4
166509.0,3
166521.0,4
166526.0,7
166532.0,4
166548.0,4
166557.0,5
166565.0,5
166579.0,5
166601.0,5
166608.0,5
166622.0,5
166626.0,3
166638.0,5
166662.0,4
166666.0,6
166672.0,8
166704.0,2
166718.0,4
166729.0,6
166733.0,4
166764.0,3
166767.0,2
166774.0,8
166782.0,3
166787.0,4
166791.0,8
166805.0,8
166822.0,4
166828.0,2
166836.0,2
166879.0,4
166886.0,5
166909.0,9
166917.0,4
166922.0,4
166939.0,7
166950.0,5
166954.0,3
166964.0,6
166970.0,5
166989.0,5
166996.0,4
166998.0,3
167004.0,4
167018.0,4
167045.0,8
167053.0,6
167068.0,6
167086.0,6
167102.0,5
167107.0,4
167122.0,5
167127.0,3
167135.0,3
167148.0,2
167158.0,4
167173.0,4
167206.0,12
167218.0,3
167220.0,11
167252.0,6
167302.0,10
167306.0,3
167312.0,4
167322.0,6
167324.0,3
167334.0,9
167343.0,6
167355.0,3
167375.0,4
167382.0,4
167413.0,10
167437.0,3
167442.0,6
167452.0,3
167467.0,2
167470.0,7
167480.0,6
167497.0,12
167542.0,6
167548.0,3
167551.0,3
167554.0,3
167573.0,5
167619.0,3
167629.0,3
167638.0,3
167648.0,11
167673.0,7
167692.0,7
167722.0,7
167756.0,5
167771.0,4
167778.0,4
167790.0,7
167818.0,2
167835.0,4
167844.0,7
167856.0,3
167859.0,4
167864.0,7
167870.0,5
167893.0,2
167912.0,5
167924.0,7
167941.0,3
167946.0,4
167955.0,7
167984.0,9
168006.0,4
168011.0,7
168025.0,8
168047.0,2
168056.0,2
168063.0,2
168069.0,3
168096.0,5
168110.0,4
168121.0,3
168125.0,3
168129.0,5
168146.0,3
168152.0,2
168165.0,2
168176.0,3
168189.0,5
168193.0,3
168200.0,2
168210.0,2
168213.0,5
168232.0,7
168265.0,4
168272.0,4
168276.0,5
168328.0,6
168367.0,4
168372.0,4
168375.0,2
168377.0,4
168383.0,5
168388.0,3
168392.0,5
168397.0,5
168408.0,4
168412.0,6
168421.0,4
168439.0,4
168446.0,3
168459.0,5
168464.0,4
168472.0,4
168475.0,8
168501.0,3
168504.0,2
168507.0,4
168530.0,4
168540.0,3
168595.0,4
168632.0,3
168646.0,3
168672.0,4
168681.0,6
168699.0,5
168706.0,4
168739.0,5
168790.0,6
168821.0,3
168824.0,2
168829.0,4
168834.0,3
168843.0,4
168851.0,3
168867.0,2
168876.0,3
168882.0,4
168946.0,3
168950.0,5
168956.0,4
168966.0,7
168987.0,2
168995.0,3
168998.0,5
169007.0,2
169032.0,4
169035.0,5
169045.0,7
169067.0,3
169070.0,3
169073.0,3
169080.0,11
169092.0,3
169117.0,4
169145.0,2
169152.0,2
169214.0,5
169219.0,5
169227.0,6
169248.0,3
169251.0,3
169265.0,3
169276.0,11
169309.0,4
169313.0,7
169335.0,2
169337.0,6
169370.0,3
169377.0,6
169397.0,3
169422.0,3
169433.0,4
169440.0,3
169444.0,4
169469.0,6
169504.0,3
169508.0,5
169524.0,7
169534.0,7
169548.0,5
169570.0,2
169587.0,2
169596.0,5
169601.0,2
169603.0,2
169615.0,10
169673.0,4
169712.0,3
169714.0,5
169730.0,5
169745.0,9
169757.0,4
169762.0,4
169765.0,8
169773.0,2
169778.0,3
169784.0,2
169792.0,9
169798.0,4
169842.0,6
169847.0,10
169867.0,5
169884.0,7
169891.0,6
169925.0,4
169927.0,7
169938.0,4
169949.0,4
169952.0,3
169958.0,2
169987.0,2
169991.0,6
170005.0,2
170012.0,5
170032.0,3
170039.0,8
170060.0,7
170076.0,3
170078.0,3
170097.0,6
170103.0,5
170134.0,4
170181.0,3
170202.0,3
170206.0,6
170212.0,8
170240.0,2
170243.0,4
170274.0,5
170279.0,4
170295.0,4
170307.0,7
170326.0,4
170363.0,5
170386.0,6
170392.0,6
170424.0,4
170429.0,3
170442.0,5
170448.0,3
170484.0,4
170492.0,4
170496.0,3
170506.0,6
170514.0,3
170522.0,2
170534.0,6
170583.0,5
170591.0,4
170595.0,4
170600.0,3
170613.0,4
170625.0,11
170629.0,5
170660.0,4
170688.0,4
170699.0,7
170720.0,2
170723.0,6
170758.0,5
170764.0,7
170773.0,2
170779.0,4
170793.0,3
170810.0,3
170825.0,2
170834.0,3
170838.0,4
170846.0,2
170859.0,5
170873.0,3
170903.0,2
170907.0,2
170909.0,3
170912.0,2
170916.0,2
170968.0,2
170973.0,6
170986.0,6
171010.0,5
171023.0,2
171025.0,3
171061.0,8
171091.0,5
171114.0,5
171122.0,10
171135.0,2
171138.0,3
171160.0,4
171181.0,7
171189.0,5
171192.0,3
171208.0,2
171229.0,4
171235.0,5
171269.0,7
171278.0,5
171283.0,4
171286.0,4
171290.0,2
171292.0,8
171339.0,7
171346.0,3
171352.0,6
171359.0,5
171372.0,2
171399.0,4
171440.0,3
171461.0,5
171464.0,4
171471.0,2
171481.0,3
171491.0,2
171504.0,2
171514.0,4
171523.0,13
171542.0,3
171559.0,4
171572.0,6
171606.0,3
171620.0,11
171679.0,3
171685.0,2
171702.0,2
171734.0,7
171758.0,7
171767.0,2
171801.0,7
171817.0,4
171821.0,6
171836.0,4
171878.0,3
171927.0,2
171945.0,7
171960.0,2
171976.0,5
171979.0,6
171984.0,7
171995.0,5
172002.0,5
172033.0,3
172038.0,4
172041.0,4
172049.0,3
172059.0,6
172063.0,5
172093.0,4
172124.0,4
172127.0,7
172137.0,7
172164.0,7
172172.0,6
172197.0,5
172204.0,4
172212.0,8
172236.0,7
172244.0,6
172259.0,2
172294.0,9
172303.0,5
172323.0,8
172334.0,7
172346.0,14
172426.0,4
172432.0,8
172453.0,2
172493.0,3
172499.0,2
172516.0,6
172522.0,2
172535.0,7
172542.0,4
172547.0,8
172555.0,9
172574.0,10
172595.0,4
172614.0,5
172641.0,4
172645.0,3
172685.0,10
172696.0,3
172702.0,4
172706.0,4
172724.0,2
172727.0,3
172740.0,3
172743.0,6
172758.0,4
172775.0,3
172796.0,4
172816.0,12
172855.0,4
172865.0,3
172875.0,3
172887.0,3
172897.0,3
172922.0,4
172932.0,4
172944.0,2
172950.0,3
172955.0,4
172971.0,6
173019.0,4
173028.0,2
173030.0,9
173041.0,13
173052.0,3
173070.0,4
173088.0,9
173105.0,5
173138.0,4
173168.0,2
173171.0,3
173180.0,7
173188.0,3
173198.0,8
173214.0,3
173237.0,6
173257.0,3
173260.0,3
173265.0,4
173280.0,6
173289.0,8
173303.0,6
173331.0,4
173334.0,9
173343.0,3
173355.0,2
173368.0,3
173381.0,3
173392.0,4
173396.0,5
173408.0,5
173424.0,4
173433.0,7
173448.0,3
173463.0,5
173475.0,5
173480.0,4
173524.0,4
173531.0,5
173539.0,6
173545.0,4
173614.0,5
173629.0,4
173639.0,3
173646.0,2
173648.0,6
173664.0,3
173667.0,4
173696.0,2
173709.0,4
173715.0,5
173721.0,3
173723.0,2
173729.0,2
173764.0,3
173771.0,3
173787.0,5
173796.0,4
173800.0,3
173847.0,5
173854.0,11
173864.0,9
173894.0,4
173938.0,3
173942.0,14
173986.0,8
174024.0,3
174033.0,15
174046.0,2
174057.0,4
174072.0,4
174090.0,3
174098.0,5
174129.0,6
174142.0,2
174155.0,9
174160.0,6
174178.0,3
174184.0,3
174213.0,5
174220.0,4
174227.0,6
174234.0,11
174242.0,3
174253.0,2
174263.0,3
174266.0,4
174273.0,11
174284.0,3
174305.0,13
174319.0,6
174356.0,3
174362.0,3
174379.0,3
174384.0,9
174393.0,3
174396.0,2
174405.0,5
174435.0,4
174475.0,6
174529.0,10
174587.0,3
174592.0,4
174611.0,5
174621.0,9
174661.0,2
174667.0,2
174680.0,11
174695.0,4
174702.0,2
174712.0,4
174739.0,7
174753.0,3
174768.0,3
174773.0,6
174781.0,2
174786.0,5
174795.0,3
174804.0,4
174810.0,3
174822.0,3
174827.0,5
174855.0,2
174911.0,12
174952.0,7
174958.0,2
174962.0,8
174968.0,5
175011.0,9
175038.0,5
175043.0,4
175049.0,6
175055.0,4
175083.0,2
175103.0,3
175106.0,2
175136.0,5
175138.0,2
175143.0,4
175152.0,5
175165.0,7
175182.0,2
175186.0,5
175191.0,4
175245.0,4
175248.0,8
175256.0,2
175272.0,11
175292.0,10
175298.0,5
175330.0,2
175341.0,5
175406.0,5
175421.0,2
175527.0,12
175572.0,5
175615.0,4
175620.0,12
175633.0,4
175646.0,3
175649.0,5
175665.0,2
175667.0,7
175674.0,4
175678.0,5
175713.0,4
175725.0,2
175750.0,6
175784.0,3
175787.0,7
175801.0,5
175828.0,2
175837.0,3
175842.0,3
175881.0,3
175895.0,2
175923.0,3
175958.0,10
175982.0,3
175995.0,11
176014.0,2
176025.0,5
176080.0,4
176087.0,3
176103.0,4
176122.0,4
176146.0,3
176166.0,2
176198.0,5
176203.0,3
176206.0,5
176243.0,4
176263.0,5
176274.0,2
176284.0,5
176297.0,6
176331.0,7
176355.0,2
176362.0,3
176405.0,4
176413.0,9
176436.0,10
176444.0,3
176449.0,3
176452.0,2
176525.0,4
176530.0,2
176547.0,3
176551.0,2
176555.0,4
176606.0,2
176614.0,3
176617.0,2
176624.0,5
176644.0,7
176664.0,10
176673.0,2
176686.0,7
176705.0,3
176711.0,3
176750.0,5
176755.0,2
176778.0,2
176784.0,3
176822.0,5
176831.0,8
176850.0,3
176930.0,2
176943.0,2
176960.0,6
176969.0,7
177018.0,3
177030.0,7
177046.0,4
177089.0,3
177214.0,7
177217.0,3
177219.0,11
177233.0,6
177241.0,2
177258.0,3
177293.0,6
177304.0,4
177307.0,4
177322.0,6
177331.0,3
177342.0,3
177359.0,11
177375.0,4
177379.0,6
177405.0,2
177424.0,4
177453.0,2
177478.0,4
177489.0,3
177528.0,9
177554.0,2
177594.0,14
177608.0,6
177614.0,4
177753.0,6
177756.0,4
177762.0,22
177799.0,10
177819.0,4
177822.0,35
177871.0,8
177886.0,4
177923.0,4
177940.0,4
177944.0,4
177961.0,3
177971.0,4
177982.0,4
177997.0,6
178012.0,8
178021.0,7
178090.0,6
178111.0,5
178129.0,5
178241.0,3
178274.0,5
178358.0,3
178402.0,2
178406.0,6
178468.0,4
178475.0,5
178519.0,4
178529.0,3
178532.0,5
178555.0,5
178591.0,4
178616.0,2
178623.0,4
178657.0,5
178671.0,4
178675.0,3
178683.0,4
178756.0,6
178765.0,3
178858.0,4
178883.0,2
178885.0,4
178917.0,2
178932.0,16
178975.0,2
178984.0,7
178988.0,2
178995.0,3
179004.0,3
179024.0,8
179110.0,4
179114.0,3
179117.0,4
179128.0,2
179145.0,2
179173.0,2
179204.0,7
179264.0,4
179290.0,2
179326.0,3
179341.0,3
179388.0,2
179395.0,4
179422.0,2
179424.0,3
179512.0,2
179517.0,5
179566.0,2
179570.0,5
179629.0,3
179638.0,3
179646.0,3
179671.0,3
179774.0,4
179809.0,2
179816.0,3
179857.0,2
179862.0,3
179883.0,2
179885.0,3
179926.0,6
179942.0,3
179948.0,3
179960.0,4
180000.0,4
180039.0,3
180046.0,2
180074.0,4
180084.0,4
180143.0,6
180149.0,5
180167.0,2
180178.0,5
180189.0,5
180217.0,5
180271.0,5
180284.0,6
180288.0,8
180342.0,4
180352.0,2
180378.0,2
180387.0,2
180414.0,5
180435.0,3
180451.0,9
180477.0,9
180498.0,7
180523.0,2
180561.0,4
180595.0,6
180601.0,2
180621.0,2
180654.0,4
180680.0,3
180692.0,7
180701.0,3
180704.0,4
180721.0,5
180769.0,3
180823.0,3
180843.0,5
180880.0,2
180886.0,4
180908.0,3
180913.0,3
181001.0,4
181032.0,2
181035.0,3
181083.0,3
181143.0,3
181185.0,5
181195.0,7
181215.0,2
181262.0,3
181334.0,3
181359.0,2
181390.0,4
181407.0,6
181518.0,5
181527.0,4
181534.0,2
181542.0,4
181556.0,7
181567.0,5
181592.0,5
181597.0,3
181612.0,2
181625.0,3
181650.0,4
181663.0,2
181692.0,3
181722.0,2
181775.0,3
181778.0,2
181797.0,5
181823.0,4
181832.0,3
181872.0,6
181882.0,4
181941.0,3
181944.0,2
181965.0,4
181974.0,4
182014.0,3
182027.0,3
182039.0,3
182043.0,8
182068.0,4
182103.0,2
182126.0,2
182159.0,4
182197.0,7
182235.0,7
182252.0,7
182341.0,2
182358.0,6
182361.0,5
182381.0,5
182423.0,3
182433.0,2
182477.0,2
182503.0,10
182545.0,4
182605.0,6
182643.0,3
182758.0,2
182762.0,2
182799.0,2
182827.0,3
182860.0,6
182943.0,4
182949.0,3
183003.0,3
183043.0,8
183055.0,2
183133.0,4
183175.0,5
183200.0,2
183223.0,3
183232.0,6
183242.0,2
183297.0,3
183311.0,2
183339.0,2
183344.0,3
183415.0,2
183441.0,2
183457.0,4
183478.0,2
183482.0,4
183531.0,6
183579.0,2
183593.0,2
183601.0,3
183613.0,2
183623.0,4
183665.0,7
183685.0,5
183700.0,2
183748.0,3
183758.0,6
183832.0,6
183859.0,3
183989.0,4
184002.0,4
184044.0,2
184076.0,2
184096.0,3
184120.0,8
184129.0,3
184265.0,3
184297.0,3
184331.0,3
184334.0,2
184356.0,6
184361.0,3
184411.0,3
184423.0,3
184444.0,3
184539.0,5
184553.0,5
184558.0,3
184565.0,3
184631.0,5
184665.0,2
184734.0,4
184768.0,2
184784.0,4
184831.0,7
184865.0,8
184887.0,3
184946.0,2
184967.0,6
184976.0,4
184990.0,4
185013.0,4
185031.0,7
185040.0,3
185044.0,3
185047.0,3
185056.0,5
185065.0,7
185094.0,3
185178.0,5
185183.0,3
185190.0,2
185198.0,4
185232.0,5
185251.0,2
185271.0,5
185290.0,3
185343.0,2
185347.0,2
185349.0,2
185393.0,5
185409.0,3
185424.0,5
185453.0,2
185468.0,4
185494.0,4
185573.0,5
185584.0,6
185660.0,4
185673.0,5
185683.0,4
185721.0,3
185736.0,3
185745.0,3
185769.0,2
185779.0,3
185841.0,2
185867.0,3
185892.0,7
185928.0,2
186032.0,4
186095.0,2
186101.0,3
186144.0,5
186149.0,3
186160.0,2
186205.0,7
186250.0,4
186285.0,8
186293.0,7
186313.0,7
186347.0,2
186375.0,15
186390.0,4
186399.0,5
186430.0,3
186441.0,5
186525.0,8
186533.0,2
186590.0,7
186623.0,2
186634.0,4
186642.0,4
186780.0,2
186848.0,2
186983.0,4
186986.0,2
188238.0,10
188355.0,11
188408.0,6
188489.0,2
188746.0,2
188749.0,4
188854.0,3
189244.0,24
189749.0,8
190258.0,2
190385.0,2
190437.0,4
190953.0,4
191385.0,4
191787.0,13
191855.0,12
191901.0,3
191972.0,3
192189.0,14
192294.0,2
192307.0,3
192339.0,5
192343.0,8
192400.0,9
192451.0,18
192469.0,2
192548.0,6
192743.0,5
194468.0,3
194695.0,5
195094.0,2
195102.0,7
195110.0,4
195115.0,8
195127.0,8
195149.0,4
195176.0,4
195185.0,4
195188.0,5
195208.0,4
195220.0,5
195229.0,7
195240.0,3
195250.0,9
195269.0,5
195284.0,4
195295.0,4
195298.0,4
195331.0,4
195340.0,3
195353.0,5
195358.0,4
195381.0,4
195419.0,4
195427.0,3
195433.0,8
195441.0,3
195453.0,2
195456.0,9
195488.0,4
195501.0,3
195515.0,2
195519.0,7
195531.0,10
195544.0,4
195547.0,2
195550.0,3
195566.0,5
195575.0,5
195594.0,2
195616.0,7
195636.0,3
195658.0,6
195664.0,3
195667.0,7
195692.0,2
195705.0,8
195722.0,8
195727.0,3
195737.0,4
195742.0,6
195756.0,10
195769.0,4
195773.0,4
195777.0,3
195852.0,3
195867.0,2
195880.0,3
195885.0,3
195892.0,4
195898.0,3
195916.0,4
195927.0,6
195953.0,6
195967.0,4
196019.0,8
196031.0,2
196079.0,7
196093.0,5
196106.0,3
196129.0,4
196150.0,4
196154.0,2
196158.0,3
196165.0,4
196170.0,7
196180.0,5
196183.0,4
196221.0,6
196243.0,3
196251.0,5
196257.0,4
196260.0,4
196297.0,4
196326.0,13
196336.0,10
196348.0,2
196371.0,3
196381.0,4
196401.0,8
196409.0,9
196425.0,11
196461.0,3
196464.0,5
196482.0,3
196491.0,5
196511.0,2
196521.0,3
196545.0,2
196554.0,2
196556.0,4
196649.0,3
196667.0,4
196776.0,22
196810.0,11
196826.0,5
196838.0,6
196842.0,8
196994.0,9
197045.0,16
197055.0,10
197184.0,10
197203.0,9
197213.0,3
197220.0,14
197280.0,5
197282.0,30
197345.0,10
197370.0,10
197386.0,6
197694.0,12
197719.0,4
197723.0,22
197744.0,4
197806.0,20
197855.0,15
197867.0,5
197976.0,5
198017.0,10
198044.0,30
198082.0,13
198097.0,9
198225.0,8
198239.0,5
198254.0,26
198277.0,6
198279.0,2
198282.0,10
198362.0,3
198368.0,15
198403.0,10
198436.0,17
198539.0,19
198711.0,8
198726.0,3
198851.0,23
198866.0,14
198900.0,13
198913.0,3
198915.0,10
199612.0,3
200260.0,8
200952.0,15
201635.0,17
201765.0,2
202641.0,4
202679.0,3
203617.0,2
204376.0,4
204379.0,3
204392.0,7
204417.0,2
204435.0,3
204442.0,3
204468.0,4
204500.0,2
204511.0,2
204521.0,3
204524.0,3
204533.0,3
204551.0,3
204565.0,4
204569.0,5
204601.0,6
204613.0,6
205387.0,4
205394.0,10
205402.0,10
205412.0,7
205418.0,6
205440.0,2
205442.0,6
205448.0,7
205481.0,4
205641.0,8
205651.0,17
205667.0,12
205678.0,3
205684.0,14
205699.0,4
205711.0,4
205713.0,14
205727.0,6
205736.0,15
205761.0,3
205772.0,25
205801.0,16
205812.0,2
205814.0,22
205837.0,19
205857.0,26
205886.0,13
205894.0,29
205939.0,21
206034.0,3
206038.0,12
206049.0,10
206059.0,3
206062.0,16
206078.0,3
206081.0,4
206086.0,4
206090.0,22
206111.0,5
206119.0,8
206139.0,6
206145.0,3
206148.0,3
206151.0,10
206163.0,6
206169.0,8
206176.0,13
206188.0,34
206222.0,19
206241.0,5
206246.0,6
206252.0,22
206274.0,8
206282.0,3
206285.0,5
206290.0,25
206336.0,8
206345.0,12
206355.0,17
206373.0,13
206385.0,2
206387.0,8
206429.0,6
206445.0,9
206456.0,2
206460.0,13
206473.0,4
206497.0,7
206503.0,9
206515.0,13
206526.0,6
206531.0,15
206546.0,3
206549.0,21
206572.0,8
206580.0,5
206586.0,3
206588.0,2
206591.0,12
206602.0,10
206618.0,3
206621.0,2
206625.0,6
206629.0,2
206631.0,11
206642.0,16
206658.0,19
206677.0,6
206689.0,7
206697.0,3
206699.0,12
206711.0,7
206718.0,4
206723.0,18
206740.0,5
206745.0,3
206751.0,9
206759.0,13
206771.0,17
206789.0,9
206796.0,6
206802.0,2
206804.0,9
206813.0,3
206817.0,9
206835.0,4
206843.0,11
206850.0,10
206860.0,6
206867.0,4
206871.0,4
206874.0,2
206879.0,12
206892.0,6
206898.0,15
206911.0,6
206917.0,5
206922.0,7
206931.0,12
206941.0,36
206977.0,11
206989.0,6
206994.0,3
206997.0,6
207004.0,15
207019.0,15
207036.0,4
207043.0,3
207046.0,3
207052.0,10
207061.0,21
207082.0,18
207100.0,5
207106.0,3
207108.0,9
207117.0,4
207124.0,28
207152.0,10
207162.0,18
207180.0,5
207185.0,9
207195.0,3
207197.0,12
207209.0,5
207218.0,12
207230.0,38
207268.0,5
207274.0,6
207284.0,12
207295.0,19
207325.0,2
207327.0,7
207335.0,14
207348.0,8
207375.0,9
207384.0,8
207392.0,25
207417.0,14
207435.0,9
207440.0,10
207450.0,15
207468.0,9
207487.0,10
207497.0,3
207501.0,6
207508.0,6
207515.0,4
207519.0,14
207532.0,25
207565.0,22
207588.0,4
207596.0,7
207598.0,4
207603.0,7
207612.0,4
207620.0,5
207627.0,5
207631.0,5
207635.0,2
207646.0,13
207661.0,5
207666.0,5
207671.0,23
207696.0,6
207706.0,20
207722.0,16
207738.0,5
207743.0,4
207748.0,9
207756.0,13
207770.0,3
207772.0,5
207790.0,4
207806.0,3
207828.0,6
207833.0,2
207839.0,14
207850.0,10
207859.0,22
207883.0,25
207913.0,10
207921.0,7
207929.0,2
207934.0,17
207948.0,6
207954.0,4
207961.0,8
207970.0,8
207985.0,7
207992.0,14
208005.0,2
208008.0,7
208014.0,4
208021.0,10
208032.0,5
208035.0,3
208038.0,4
208046.0,10
208057.0,9
208066.0,7
208072.0,2
208074.0,4
208078.0,12
208091.0,6
208099.0,5
208105.0,9
208113.0,2
208115.0,5
208121.0,3
208126.0,4
208132.0,4
208136.0,17
208163.0,12
208173.0,3
208181.0,5
208187.0,29
208213.0,26
208240.0,3
208243.0,18
208264.0,4
208286.0,24
208310.0,4
208316.0,4
208318.0,10
208329.0,13
208356.0,27
208383.0,25
208418.0,9
208429.0,6
208439.0,2
208444.0,6
208456.0,5
208463.0,9
208473.0,8
208480.0,35
208522.0,12
208527.0,3
208531.0,5
208535.0,36
208574.0,12
208595.0,10
208611.0,31
208648.0,5
208652.0,14
208666.0,6
208672.0,10
208688.0,2
208693.0,28
208720.0,2
208722.0,8
208733.0,30
208765.0,9
208773.0,9
208785.0,8
208799.0,8
208806.0,6
208812.0,10
208825.0,5
208827.0,16
208853.0,27
208881.0,6
208890.0,20
208913.0,13
208926.0,5
208930.0,10
208941.0,11
208951.0,8
208959.0,5
208965.0,22
208986.0,4
208992.0,7
208999.0,7
209011.0,20
209027.0,3
209039.0,2
209041.0,16
209071.0,14
209088.0,9
209098.0,4
209104.0,8
209113.0,9
209126.0,10
209141.0,8
209162.0,7
209165.0,2
209168.0,6
209174.0,12
209185.0,5
209191.0,7
209197.0,2
209200.0,5
209212.0,4
209215.0,7
209225.0,8
209231.0,11
209241.0,33
209274.0,4
209279.0,5
209292.0,3
209295.0,15
209310.0,2
209312.0,18
209330.0,10
209340.0,7
209353.0,11
209367.0,11
209378.0,5
209384.0,3
209386.0,6
209394.0,16
209408.0,19
209428.0,14
209465.0,10
209474.0,11
209497.0,3
209499.0,12
209514.0,5
209519.0,15
209543.0,10
209552.0,23
209586.0,4
209592.0,2
209595.0,45
209641.0,11
209651.0,9
209660.0,5
209666.0,6
209675.0,3
209679.0,7
209688.0,8
209696.0,7
209705.0,14
209717.0,7
209726.0,8
209734.0,11
209753.0,3
209770.0,19
209789.0,2
209797.0,29
209825.0,4
209828.0,9
209836.0,17
209855.0,8
209865.0,14
209886.0,10
209888.0,17
209906.0,4
209909.0,14
209925.0,3
209928.0,12
209944.0,8
209950.0,6
209954.0,2
209959.0,20
209977.0,14
209991.0,4
209994.0,23
210019.0,8
210025.0,3
210029.0,8
210039.0,8
210049.0,7
210056.0,2
210058.0,2
210083.0,7
210089.0,4
210092.0,18
210112.0,14
210126.0,5
210131.0,8
210143.0,17
210158.0,11
210175.0,4
210178.0,4
210183.0,7
210189.0,4
210196.0,21
210215.0,8
210224.0,7
210229.0,22
210255.0,8
210260.0,5
210264.0,3
210267.0,8
210275.0,6
210285.0,3
210289.0,26
210316.0,11
210326.0,8
210335.0,16
210350.0,8
210359.0,5
210362.0,3
210365.0,2
210368.0,9
210376.0,6
210386.0,15
210402.0,40
210443.0,5
210447.0,4
210451.0,2
210458.0,16
210474.0,21
210496.0,9
210514.0,13
210528.0,4
210531.0,9
210541.0,6
210550.0,8
210558.0,6
210564.0,19
210585.0,5
210590.0,12
210603.0,4
210606.0,3
210609.0,9
210618.0,12
210630.0,29
210665.0,3
210667.0,4
210673.0,2
210690.0,7
210698.0,8
210703.0,9
210750.0,2
210752.0,15
210767.0,17
210784.0,14
210803.0,9
210815.0,10
210822.0,10
210832.0,3
210843.0,6
210847.0,28
210875.0,2
210882.0,6
210892.0,8
210899.0,11
210907.0,5
210929.0,6
210934.0,13
210948.0,3
210957.0,9
210966.0,6
210979.0,7
210993.0,17
211007.0,4
211009.0,5
211017.0,28
211042.0,6
211052.0,5
211056.0,2
211059.0,3
211061.0,19
211087.0,5
211090.0,4
211096.0,5
211099.0,8
211107.0,18
211125.0,3
211129.0,6
211139.0,11
211145.0,14
211159.0,9
211168.0,14
211182.0,3
211185.0,4
211190.0,7
211206.0,10
211217.0,9
211248.0,6
211257.0,5
211264.0,4
211268.0,5
211274.0,8
211296.0,11
211314.0,13
211324.0,7
211339.0,16
211352.0,6
211358.0,13
211372.0,4
211376.0,4
211380.0,5
211384.0,3
211404.0,8
211412.0,4
211416.0,5
211424.0,5
211426.0,3
211444.0,10
211450.0,6
211459.0,7
211464.0,4
211472.0,2
211477.0,8
211485.0,7
211492.0,4
211515.0,15
211543.0,4
211546.0,3
211548.0,9
211580.0,6
211586.0,24
211610.0,2
211613.0,20
211647.0,10
211655.0,3
211675.0,5
211680.0,11
211693.0,18
211710.0,6
211716.0,7
211742.0,2
211745.0,6
211750.0,6
211757.0,6
211762.0,18
211781.0,26
211806.0,3
211812.0,6
211817.0,2
211819.0,4
211827.0,8
211853.0,3
211912.0,5
211916.0,12
211941.0,3
211947.0,9
211956.0,4
211966.0,14
211978.0,7
211985.0,9
211994.0,23
212018.0,6
212023.0,14
212038.0,11
212048.0,5
212055.0,12
212067.0,3
212071.0,10
212082.0,6
212086.0,9
212097.0,8
212105.0,5
212136.0,2
212139.0,8
212146.0,9
212156.0,13
212170.0,6
212185.0,2
212195.0,7
212203.0,7
212209.0,8
212217.0,12
212236.0,13
212244.0,3
212247.0,4
212251.0,3
212260.0,6
212265.0,3
212267.0,5
212273.0,5
212278.0,5
212282.0,4
212286.0,5
212291.0,2
212305.0,5
212313.0,6
212341.0,3
212344.0,7
212353.0,13
212364.0,2
212366.0,11
212378.0,14
212392.0,3
212396.0,13
212407.0,15
212431.0,22
212454.0,9
212466.0,19
212489.0,9
212498.0,6
212504.0,14
212521.0,13
212535.0,11
212541.0,8
212549.0,3
212554.0,7
212561.0,21
212582.0,3
212587.0,16
212633.0,7
212652.0,9
212661.0,6
212667.0,5
212671.0,9
212680.0,6
212686.0,3
212689.0,21
212709.0,4
212716.0,18
212739.0,8
212745.0,5
212748.0,7
212754.0,6
212760.0,3
212763.0,19
212784.0,2
212787.0,3
212791.0,4
212793.0,2
212795.0,2
212798.0,5
212802.0,5
212810.0,7
212816.0,4
212822.0,7
212829.0,7
212837.0,3
212840.0,6
212845.0,5
212851.0,11
212861.0,13
212877.0,5
212887.0,5
212890.0,18
212922.0,2
212924.0,9
212933.0,6
212941.0,19
212958.0,15
212974.0,7
212987.0,3
212993.0,8
212997.0,2
212999.0,8
213007.0,9
213016.0,12
213028.0,2
213030.0,5
213035.0,7
213043.0,4
213046.0,5
213052.0,10
213065.0,4
213086.0,6
213094.0,5
213101.0,9
213109.0,11
213123.0,6
213132.0,6
213160.0,18
213208.0,6
213218.0,4
213224.0,7
213230.0,13
213243.0,15
213258.0,6
213269.0,4
213273.0,5
213292.0,7
213318.0,5
213320.0,3
213333.0,2
213335.0,6
213342.0,15
213357.0,3
213359.0,5
213364.0,5
213391.0,13
213401.0,21
213428.0,16
213447.0,2
213457.0,8
213465.0,4
213471.0,6
213481.0,12
213492.0,19
213510.0,7
213542.0,9
213553.0,10
213571.0,3
213574.0,4
213578.0,11
213590.0,20
213609.0,11
213642.0,6
213648.0,3
213652.0,7
213660.0,5
213671.0,18
213689.0,8
213696.0,9
213714.0,13
213723.0,3
213726.0,15
213742.0,3
213749.0,21
213766.0,9
213780.0,3
213790.0,6
213821.0,4
213825.0,12
213838.0,5
213842.0,9
213852.0,4
213856.0,3
213860.0,13
213871.0,3
213878.0,19
213894.0,11
213904.0,4
213908.0,3
213922.0,10
213931.0,16
213964.0,5
213984.0,6
213992.0,19
214010.0,3
214028.0,4
214047.0,15
214061.0,2
214063.0,4
214067.0,6
214088.0,30
214117.0,5
214122.0,7
214129.0,2
214131.0,3
214135.0,13
214170.0,3
214173.0,7
214179.0,4
214183.0,12
214195.0,11
214206.0,17
214223.0,5
214228.0,15
214243.0,6
214262.0,6
214271.0,19
214294.0,12
214304.0,3
214310.0,4
214313.0,7
214330.0,26
214357.0,6
214362.0,9
214394.0,6
214399.0,12
214411.0,12
214430.0,15
214439.0,9
214448.0,12
214463.0,3
214465.0,3
214473.0,13
214490.0,7
214493.0,3
214497.0,11
214507.0,2
214512.0,4
214515.0,6
214521.0,7
214532.0,7
214535.0,12
214549.0,5
214560.0,6
214566.0,10
214577.0,6
214582.0,9
214601.0,6
214610.0,8
214618.0,9
214627.0,10
214637.0,4
214641.0,21
214664.0,4
214667.0,9
214675.0,12
214692.0,7
214701.0,10
214716.0,14
214731.0,4
214737.0,6
214739.0,3
214742.0,9
214754.0,17
214770.0,4
214774.0,13
214787.0,5
214793.0,4
214796.0,10
214820.0,4
214823.0,33
214856.0,14
214870.0,3
214873.0,32
214906.0,12
214917.0,7
214926.0,11
214942.0,4
214947.0,5
214959.0,17
214975.0,26
214998.0,26
215024.0,8
215032.0,3
215043.0,3
215046.0,2
215060.0,3
215062.0,2
215065.0,5
215072.0,31
215101.0,10
215110.0,6
215118.0,4
215120.0,3
215124.0,13
215136.0,11
215150.0,4
215154.0,4
215158.0,29
215188.0,7
215194.0,28
215233.0,5
215244.0,20
215261.0,21
215282.0,21
215302.0,33
215336.0,44
215380.0,3
215410.0,11
215423.0,32
215453.0,18
215471.0,20
215491.0,6
215499.0,30
215564.0,36
215600.0,8
215609.0,62
215670.0,21
215692.0,4
215696.0,6
215701.0,6
215707.0,32
215739.0,87
215827.0,34
215862.0,13
215873.0,13
215887.0,43
215929.0,4
215934.0,3
215936.0,11
215947.0,26
215973.0,4
215979.0,17
215994.0,8
216002.0,16
216019.0,5
216023.0,7
216030.0,27
216059.0,6
216064.0,30
216093.0,19
216113.0,30
216142.0,7
216149.0,16
216165.0,2
216167.0,10
216177.0,9
216186.0,35
216221.0,46
216267.0,3
216270.0,12
216283.0,11
216301.0,15
216316.0,13
216329.0,9
216338.0,11
216349.0,6
216356.0,24
216381.0,5
216386.0,4
216390.0,9
216399.0,8
216408.0,15
216423.0,6
216428.0,4
216432.0,11
216443.0,16
216468.0,17
216485.0,27
216530.0,5
216533.0,26
216559.0,10
216569.0,2
216640.0,14
216654.0,18
216672.0,53
216732.0,5
216741.0,9
216748.0,7
216758.0,22
216781.0,11
216791.0,12
216802.0,5
216807.0,21
216830.0,6
216836.0,4
216861.0,18
216879.0,8
216888.0,32
216920.0,14
216939.0,11
216946.0,13
216957.0,2
216959.0,50
217010.0,36
217045.0,9
217056.0,28
217084.0,17
217114.0,37
217148.0,6
217176.0,15
217190.0,10
217200.0,5
217205.0,9
217214.0,15
217231.0,13
217244.0,19
217264.0,13
217276.0,12
217288.0,3
217291.0,22
217313.0,9
217322.0,22
217344.0,21
217365.0,2
217367.0,38
217407.0,6
217412.0,29
217448.0,11
217458.0,2
217460.0,18
217478.0,28
217507.0,20
217526.0,32
217559.0,15
217573.0,15
217593.0,11
217604.0,21
217623.0,7
217629.0,7
217636.0,27
217664.0,4
217667.0,8
217679.0,8
217689.0,5
217694.0,29
217723.0,3
217726.0,15
217742.0,11
217752.0,31
217783.0,14
217798.0,9
217807.0,14
217820.0,34
217854.0,34
217888.0,7
217896.0,13
217911.0,11
217922.0,3
217964.0,12
217977.0,10
217986.0,10
217996.0,29
218025.0,5
218034.0,18
218060.0,43
218115.0,37
218148.0,7
218155.0,8
218216.0,7
218223.0,6
218228.0,14
218242.0,26
218276.0,10
218286.0,4
218290.0,74
218366.0,13
218415.0,4
218419.0,3
218421.0,2
218424.0,4
218428.0,3
218430.0,15
218445.0,8
218467.0,11
218478.0,41
218518.0,5
218563.0,9
218581.0,10
218591.0,27
218618.0,32
218651.0,10
218660.0,8
218668.0,3
218671.0,25
218696.0,3
218701.0,14
218713.0,3
218716.0,6
218723.0,6
218728.0,13
218755.0,10
218765.0,21
218786.0,23
218809.0,15
218825.0,34
218861.0,9
218871.0,23
218894.0,25
218920.0,9
218930.0,28
218958.0,2
218961.0,20
218980.0,8
218988.0,35
219048.0,4
219050.0,6
219056.0,6
219062.0,10
219072.0,32
219104.0,6
219110.0,3
219113.0,10
219123.0,5
219128.0,13
219141.0,5
219146.0,15
219161.0,7
219170.0,5
219173.0,19
219194.0,4
219196.0,8
219208.0,46
219251.0,3
219253.0,15
219276.0,4
219278.0,19
219299.0,11
219311.0,22
219340.0,48
219389.0,3
219391.0,13
219404.0,11
219421.0,9
219434.0,12
219446.0,17
219463.0,20
219487.0,5
219504.0,11
219514.0,13
219542.0,19
219561.0,17
219578.0,9
219597.0,19
219616.0,3
219647.0,3
219651.0,5
219656.0,28
219683.0,36
219720.0,24
219743.0,14
219757.0,6
219763.0,89
219858.0,9
219867.0,27
219894.0,14
219908.0,4
219914.0,33
219945.0,4
219949.0,2
219951.0,9
219963.0,24
220010.0,24
220037.0,11
220044.0,2
220046.0,7
220054.0,6
220059.0,9
220069.0,44
220112.0,10
220142.0,7
220149.0,3
220151.0,5
220156.0,5
220175.0,6
220192.0,5
220196.0,12
220208.0,13
220221.0,9
220230.0,3
220234.0,10
220244.0,30
220274.0,4
220277.0,35
220312.0,19
220331.0,37
220368.0,19
220388.0,11
220398.0,7
220405.0,20
220426.0,4
220445.0,18
220472.0,2
220476.0,15
220489.0,15
220504.0,6
220517.0,13
220532.0,18
220548.0,24
220572.0,22
220611.0,2
220613.0,4
220617.0,10
220627.0,23
220652.0,17
220669.0,11
220680.0,3
220712.0,24
220737.0,16
220761.0,6
220767.0,16
220784.0,13
220795.0,3
220798.0,29
220834.0,23
220857.0,19
220876.0,10
220885.0,2
220912.0,4
220915.0,10
220927.0,7
220933.0,5
220943.0,14
220957.0,20
220977.0,43
221020.0,4
221024.0,3
221027.0,6
221033.0,3
221110.0,5
221117.0,7
221124.0,5
221130.0,6
221135.0,3
221146.0,7
221154.0,19
221172.0,67
221240.0,4
221294.0,3
221300.0,6
221307.0,7
221314.0,4
221341.0,4
221345.0,9
221356.0,12
221366.0,8
221374.0,6
221381.0,4
221384.0,11
221397.0,15
221410.0,4
221414.0,5
221419.0,5
221425.0,8
221432.0,16
221449.0,3
221451.0,4
221456.0,22
221478.0,14
221493.0,24
221533.0,40
221573.0,16
221590.0,5
221604.0,23
221627.0,3
221631.0,3
221633.0,13
221646.0,7
221659.0,8
221668.0,17
221710.0,2
221712.0,4
221716.0,5
221721.0,22
221743.0,26
221770.0,23
221792.0,2
221801.0,11
221810.0,26
221837.0,3
221840.0,6
221846.0,4
221849.0,7
221856.0,6
221873.0,9
221881.0,14
221903.0,20
221923.0,5
221928.0,13
221941.0,8
221973.0,21
221990.0,13
222003.0,9
222012.0,28
222055.0,4
222113.0,17
222129.0,10
222139.0,18
222168.0,12
222180.0,18
222205.0,6
222223.0,10
222231.0,10
222242.0,35
222276.0,12
222289.0,12
222304.0,10
222311.0,16
222326.0,5
222331.0,59
222390.0,14
222405.0,8
222412.0,13
222426.0,4
222429.0,15
222449.0,2
222453.0,5
222467.0,6
222473.0,3
222476.0,8
222488.0,4
222493.0,24
222585.0,7
222604.0,6
222610.0,2
222612.0,13
222625.0,17
222643.0,11
222654.0,24
222678.0,11
222695.0,4
222699.0,14
222722.0,15
222817.0,13
222830.0,13
222856.0,22
222879.0,5
222888.0,15
222904.0,3
222924.0,3
222928.0,20
222947.0,16
222968.0,35
223002.0,6
223008.0,37
223045.0,5
223050.0,5
223055.0,5
223091.0,8
223099.0,4
223103.0,12
223116.0,11
223142.0,9
223149.0,22
223171.0,2
223173.0,5
223179.0,3
223184.0,10
223193.0,16
223208.0,19
223227.0,4
223230.0,14
223244.0,4
223248.0,3
223257.0,14
223272.0,8
223279.0,5
223285.0,5
223293.0,12
223305.0,36
223346.0,24
223388.0,24
223404.0,3
223408.0,3
223410.0,9
223419.0,5
223443.0,22
223466.0,11
223477.0,19
223495.0,6
223501.0,7
223520.0,33
223553.0,24
223577.0,11
223600.0,5
223608.0,4
223613.0,4
223617.0,16
223632.0,6
223640.0,10
223651.0,5
223660.0,9
223720.0,2
223722.0,34
223774.0,7
223798.0,12
223842.0,12
223853.0,26
223888.0,4
223892.0,14
223916.0,16
223938.0,13
223957.0,7
223965.0,10
223979.0,11
223986.0,8
223993.0,3
224010.0,11
224023.0,5
224025.0,11
224036.0,24
224060.0,20
224080.0,24
224104.0,10
224114.0,2
224126.0,5
224131.0,13
224144.0,3
224147.0,14
224161.0,4
224185.0,7
224192.0,16
224228.0,9
224237.0,2
224239.0,4
224243.0,8
224251.0,28
224279.0,26
224311.0,29
224342.0,25
224368.0,54
224450.0,22
224472.0,3
224479.0,20
224495.0,3
224499.0,35
224533.0,3
224537.0,3
224540.0,10
224549.0,3
224554.0,4
224559.0,5
224564.0,4
224569.0,4
224582.0,4
224589.0,16
224602.0,2
224622.0,4
224631.0,3
224633.0,5
224640.0,9
224648.0,3
224654.0,5
224659.0,2
224664.0,5
224684.0,8
224724.0,6
224743.0,3
224745.0,3
224748.0,10
224758.0,3
224769.0,9
224779.0,5
224820.0,4
224825.0,5
224829.0,4
224848.0,3
224851.0,4
224868.0,10
224901.0,4
224918.0,5
224930.0,14
224948.0,6
224954.0,7
225007.0,8
225081.0,6
225091.0,7
225094.0,7
225114.0,9
225123.0,4
225129.0,3
225139.0,3
225180.0,2
225231.0,6
225236.0,4
225271.0,11
225292.0,5
225306.0,5
225347.0,3
225350.0,3
225371.0,8
225379.0,3
225389.0,3
225394.0,6
225410.0,6
225427.0,9
225456.0,5
225473.0,2
225483.0,6
225499.0,12
225504.0,3
225532.0,3
225535.0,2
225540.0,3
225549.0,2
225584.0,7
225596.0,4
225636.0,4
225646.0,3
225662.0,6
225680.0,4
225712.0,5
225730.0,3
225750.0,3
225754.0,3
225762.0,2
225764.0,2
225766.0,4
225770.0,5
225810.0,6
225821.0,3
225826.0,8
225854.0,2
225899.0,5
225913.0,6
225923.0,2
226005.0,5
226030.0,3
226044.0,2
226074.0,5
226079.0,2
226105.0,6
226123.0,2
226159.0,3
226162.0,2
226176.0,6
226202.0,7
226235.0,3
226254.0,2
226277.0,4
226284.0,5
226293.0,2
226333.0,6
226357.0,3
226371.0,5
226384.0,3
226395.0,3
226401.0,2
226408.0,7
226454.0,2
226469.0,5
226480.0,3
226542.0,4
226557.0,6
226562.0,4
226571.0,6
226574.0,3
226597.0,3
226605.0,6
226615.0,7
226640.0,3
226651.0,3
226660.0,7
226710.0,5
226715.0,7
226756.0,5
226774.0,3
226844.0,4
226855.0,2
226857.0,4
226866.0,5
226885.0,7
226899.0,5
226904.0,4
226927.0,3
227034.0,2
227071.0,2
227088.0,5
227096.0,3
227112.0,4
227136.0,2
227159.0,2
227193.0,2
227206.0,3
227240.0,4
227244.0,3
227288.0,4
227319.0,4
227327.0,4
227362.0,4
227405.0,4
227437.0,4
227451.0,4
227456.0,4
227534.0,5
227554.0,6
227569.0,2
227571.0,3
227609.0,5
227644.0,3
227656.0,3
227669.0,3
227740.0,6
227776.0,2
227794.0,8
227808.0,5
227816.0,4
227864.0,2
227868.0,3
227877.0,4
227908.0,4
227931.0,3
227950.0,2
228044.0,3
228108.0,2
228130.0,2
228148.0,2
228173.0,4
228216.0,5
228246.0,5
228254.0,3
228286.0,8
228291.0,2
228311.0,8
228322.0,5
228355.0,7
228363.0,2
228387.0,2
228420.0,3
228433.0,2
228441.0,3
228541.0,2
228574.0,6
228590.0,3
228645.0,3
228653.0,5
228670.0,4
228727.0,2
228771.0,3
228790.0,2
228897.0,3
228922.0,4
228986.0,3
229010.0,2
229024.0,2
229039.0,11
229062.0,7
229081.0,2
229101.0,4
229168.0,4
229193.0,2
229271.0,2
229357.0,4
229377.0,4
229379.0,5
229384.0,2
229459.0,2
229491.0,5
229524.0,4
229527.0,3
229582.0,4
229616.0,10
229650.0,5
229704.0,2
229713.0,4
229718.0,3
229727.0,5
229745.0,3
229786.0,3
229833.0,3
229836.0,4
229847.0,3
229869.0,5
229889.0,3
229920.0,5
229925.0,4
229955.0,3
229994.0,2
230063.0,5
230153.0,3
230165.0,2
230183.0,2
230197.0,4
230256.0,2
230267.0,5
230283.0,3
230351.0,3
230359.0,5
230374.0,3
230457.0,4
230463.0,5
230522.0,5
230583.0,4
230594.0,3
230642.0,3
230673.0,5
230713.0,4
230725.0,2
230859.0,7
230885.0,5
230912.0,6
230917.0,5
230932.0,6
230968.0,2
230970.0,2
231003.0,2
231009.0,2
231051.0,7
231136.0,3
231164.0,5
231173.0,2
231176.0,3
231210.0,3
231235.0,5
231248.0,5
231289.0,4
231297.0,2
231329.0,2
231393.0,2
231461.0,2
231467.0,2
231598.0,4
231619.0,3
231666.0,5
231729.0,4
231850.0,4
231879.0,4
232086.0,7
232156.0,5
232181.0,5
232186.0,2
232207.0,2
232233.0,2
232262.0,2
232277.0,3
232453.0,3
232546.0,5
232576.0,6
232634.0,4
232646.0,5
232651.0,3
232664.0,3
232680.0,2
232730.0,3
232865.0,4
232917.0,5
232957.0,2
233074.0,3
233181.0,2
233183.0,2
233278.0,14
233294.0,6
233314.0,9
233324.0,17
233344.0,4
233348.0,4
233353.0,6
233362.0,12
233374.0,15
233387.0,6
233393.0,3
233396.0,3
233399.0,2
233401.0,20
233429.0,4
233433.0,2
233441.0,8
233444.0,8
233451.0,7
233462.0,9
233471.0,3
233473.0,2
233477.0,4
233483.0,5
233488.0,3
233493.0,9
233502.0,2
233504.0,2
233506.0,11
233521.0,10
233531.0,10
233549.0,4
233553.0,19
233573.0,11
233583.0,3
233588.0,9
233600.0,7
233604.0,16
233620.0,3
233624.0,5
233630.0,35
233677.0,8
233692.0,7
233698.0,2
233701.0,17
233718.0,9
233740.0,8
233766.0,3
233770.0,5
233778.0,13
233803.0,8
233811.0,4
233817.0,7
233827.0,8
233831.0,3
233833.0,12
233847.0,15
233862.0,28
233889.0,7
233897.0,12
233910.0,4
233918.0,15
233930.0,4
233937.0,9
233952.0,3
233954.0,4
233959.0,3
233961.0,11
233973.0,10
233990.0,14
234005.0,4
234007.0,6
234013.0,6
234019.0,2
234030.0,8
234065.0,27
234085.0,9
234110.0,8
234119.0,4
234127.0,7
234134.0,7
234147.0,9
234169.0,3
234171.0,7
234178.0,3
234182.0,3
234190.0,4
234194.0,4
234198.0,10
234209.0,25
234234.0,10
234246.0,10
234256.0,8
234263.0,5
234270.0,9
234287.0,4
234302.0,15
234322.0,8
234331.0,7
234335.0,4
234339.0,7
234349.0,7
234353.0,3
234366.0,9
234368.0,7
234390.0,4
234394.0,3
234400.0,9
234420.0,6
234425.0,4
234427.0,4
234433.0,13
234444.0,4
234448.0,3
234451.0,9
234460.0,12
234499.0,6
234505.0,4
234508.0,3
234511.0,13
234540.0,14
234569.0,17
234584.0,3
234586.0,12
234599.0,18
234616.0,2
234619.0,4
234623.0,8
234636.0,4
234662.0,4
234671.0,4
234706.0,3
234722.0,2
234735.0,18
234754.0,9
234762.0,4
234766.0,6
234791.0,3
234794.0,20
234825.0,4
234832.0,6
234834.0,7
234841.0,10
234851.0,3
234872.0,7
234879.0,7
234896.0,5
234903.0,6
234910.0,12
234924.0,5
234945.0,5
234953.0,6
234972.0,11
234984.0,16
234999.0,5
235012.0,6
235023.0,3
235027.0,9
235035.0,4
235043.0,10
235053.0,6
235063.0,6
235068.0,4
235077.0,19
235107.0,5
235112.0,7
235119.0,2
235121.0,4
235125.0,3
235128.0,6
235135.0,4
235138.0,5
235144.0,8
235156.0,13
235171.0,3
235195.0,12
235204.0,5
235215.0,5
235236.0,5
235245.0,9
235251.0,2
235275.0,4
235277.0,6
235295.0,5
235303.0,5
235318.0,3
235333.0,4
235340.0,2
235343.0,6
235357.0,7
235377.0,5
235383.0,4
235387.0,5
235391.0,5
235396.0,9
235421.0,10
235431.0,7
235439.0,8
235447.0,8
235459.0,13
235477.0,3
235483.0,6
235492.0,12
235500.0,5
235506.0,4
235528.0,8
235535.0,6
235539.0,5
235548.0,3
235573.0,2
235585.0,13
235598.0,3
235604.0,11
235637.0,5
235645.0,5
235653.0,5
235661.0,4
235665.0,3
235674.0,4
235680.0,3
235684.0,15
235698.0,2
235702.0,5
235709.0,14
235722.0,2
235729.0,7
235735.0,2
235737.0,7
235757.0,2
235765.0,4
235768.0,18
235786.0,3
235789.0,3
235792.0,5
235808.0,8
235816.0,11
235830.0,6
235855.0,6
235899.0,5
235925.0,5
235939.0,5
235949.0,5
235959.0,12
235980.0,3
235993.0,6
235999.0,6
236004.0,2
236006.0,8
236014.0,5
236027.0,7
236037.0,6
236042.0,6
236060.0,3
236069.0,5
236073.0,3
236076.0,12
236088.0,2
236095.0,3
236105.0,5
236117.0,3
236124.0,2
236131.0,3
236146.0,4
236153.0,8
236178.0,5
236183.0,4
236195.0,4
236200.0,3
236207.0,3
236216.0,5
236224.0,2
236242.0,2
236245.0,5
236250.0,5
236258.0,3
236262.0,9
236290.0,7
236298.0,4
236310.0,4
236325.0,6
236332.0,8
236342.0,4
236347.0,5
236350.0,8
236358.0,5
236365.0,19
236387.0,4
236391.0,4
236396.0,12
236412.0,11
236438.0,5
236443.0,4
236453.0,6
236461.0,8
236470.0,4
236483.0,4
236493.0,15
236507.0,2
236516.0,4
236521.0,3
236536.0,3
236539.0,2
236546.0,3
236587.0,9
236613.0,6
236617.0,7
236626.0,7
236634.0,2
236637.0,4
236640.0,4
236644.0,7
236651.0,5
236656.0,4
236661.0,6
236679.0,10
236723.0,5
236738.0,7
236747.0,3
236765.0,15
236776.0,9
236785.0,4
236789.0,2
236792.0,9
236805.0,2
236813.0,3
236827.0,4
236831.0,3
236834.0,6
236840.0,3
236845.0,4
236863.0,2
236867.0,4
236878.0,5
236890.0,6
236896.0,13
236912.0,12
236922.0,8
236933.0,3
236937.0,8
236956.0,4
236966.0,9
236974.0,6
236994.0,7
236999.0,2
237002.0,7
237019.0,10
237048.0,5
237066.0,3
237070.0,3
237089.0,10
237099.0,6
237109.0,10
237125.0,15
237140.0,3
237142.0,3
237145.0,10
237157.0,4
237165.0,4
237168.0,3
237172.0,12
237183.0,2
237185.0,7
237195.0,4
237200.0,8
237209.0,6
237218.0,5
237223.0,6
237234.0,3
237251.0,2
237253.0,6
237263.0,2
237268.0,12
237279.0,8
237287.0,7
237298.0,3
237312.0,8
237326.0,9
237337.0,10
237350.0,8
237356.0,4
237371.0,3
237387.0,4
237390.0,7
237397.0,6
237406.0,7
237425.0,3
237429.0,5
237441.0,3
237446.0,8
237452.0,18
237475.0,6
237492.0,3
237504.0,5
237507.0,4
237511.0,5
237533.0,3
237541.0,3
237549.0,5
237553.0,9
237567.0,9
237576.0,5
237588.0,9
237593.0,4
237603.0,2
237605.0,13
237618.0,3
237621.0,4
237625.0,7
237641.0,5
237645.0,2
237654.0,2
237669.0,5
237687.0,5
237697.0,8
237715.0,4
237719.0,2
237724.0,5
237740.0,4
237743.0,4
237762.0,3
237790.0,14
237802.0,7
237809.0,6
237812.0,3
237826.0,6
237833.0,12
237844.0,3
237847.0,2
237868.0,3
237885.0,10
237895.0,2
237900.0,5
237909.0,4
237921.0,4
237927.0,6
237931.0,4
237936.0,2
237938.0,2
237943.0,4
237949.0,2
237969.0,7
237976.0,7
237991.0,21
238027.0,7
238036.0,7
238053.0,8
238059.0,8
238073.0,8
238096.0,3
238099.0,3
238109.0,10
238116.0,5
238123.0,8
238129.0,5
238154.0,13
238167.0,3
238176.0,4
238183.0,6
238191.0,6
238202.0,4
238208.0,8
238224.0,4
238239.0,6
238248.0,7
238261.0,3
238263.0,6
238269.0,3
238272.0,2
238275.0,2
238278.0,3
238288.0,3
238300.0,3
238303.0,10
238367.0,7
238376.0,5
238379.0,12
238391.0,3
238403.0,4
238405.0,4
238414.0,7
238423.0,14
238446.0,13
238453.0,4
238457.0,3
238465.0,3
238482.0,8
238490.0,4
238496.0,2
238500.0,2
238517.0,6
238543.0,16
238559.0,6
238570.0,4
238573.0,6
238590.0,3
238603.0,13
238616.0,2
238618.0,3
238630.0,6
238636.0,3
238648.0,5
238663.0,4
238673.0,4
238675.0,9
238703.0,12
238715.0,5
238719.0,5
238726.0,4
238730.0,7
238749.0,4
238770.0,4
238804.0,6
238815.0,3
238823.0,6
238829.0,5
238875.0,5
238888.0,3
238907.0,4
238914.0,4
238926.0,8
238940.0,16
238950.0,2
238953.0,8
238963.0,15
238982.0,5
239031.0,5
239036.0,5
239040.0,11
239057.0,13
239064.0,4
239069.0,9
239087.0,3
239092.0,4
239098.0,5
239119.0,7
239143.0,10
239173.0,9
239184.0,6
239197.0,7
239265.0,6
239304.0,17
239321.0,8
239332.0,3
239336.0,6
239352.0,5
239355.0,2
239368.0,4
239373.0,3
239378.0,8
239394.0,2
239398.0,5
239402.0,3
239404.0,6
239425.0,2
239443.0,13
239466.0,5
239473.0,9
239482.0,6
239488.0,4
239509.0,4
239525.0,6
239544.0,11
239560.0,13
239564.0,19
239585.0,19
239618.0,9
239632.0,5
239642.0,6
239646.0,10
239671.0,9
239704.0,18
239722.0,5
239779.0,5
239784.0,4
239792.0,4
239798.0,11
239819.0,2
239834.0,2
239838.0,4
239848.0,3
239850.0,5
239870.0,5
239891.0,5
239899.0,4
239909.0,6
239914.0,7
239928.0,6
239941.0,2
239946.0,4
239954.0,5
239961.0,8
239969.0,5
239974.0,5
239981.0,2
239986.0,6
240027.0,7
240059.0,5
240080.0,4
240085.0,4
240105.0,10
240114.0,13
240135.0,3
240138.0,10
240150.0,6
240165.0,24
240177.0,9
240186.0,4
240197.0,13
240230.0,3
240236.0,2
240253.0,5
240258.0,9
240286.0,15
240302.0,11
240323.0,7
240334.0,11
240380.0,16
240401.0,5
240413.0,3
240422.0,4
240436.0,3
240442.0,6
240447.0,5
240472.0,10
240477.0,7
240481.0,2
240486.0,7
240538.0,21
240559.0,2
240618.0,6
240649.0,6
240656.0,4
240679.0,3
240701.0,5
240710.0,14
240727.0,4
240732.0,5
240744.0,9
240763.0,2
240766.0,5
240775.0,11
240853.0,10
240887.0,13
240917.0,11
240931.0,11
240938.0,2
240967.0,13
240981.0,9
240989.0,3
241068.0,2
241085.0,21
241105.0,5
241145.0,7
241155.0,22
241180.0,4
241203.0,5
241208.0,19
241232.0,9
241239.0,3
241258.0,4
241265.0,11
241287.0,6
241296.0,11
241307.0,5
241309.0,6
241318.0,2
241321.0,4
241327.0,2
241329.0,7
241349.0,6
241401.0,10
241416.0,2
241430.0,3
241442.0,6
241447.0,11
241461.0,2
241465.0,9
241479.0,15
241496.0,4
241503.0,12
241512.0,2
241515.0,11
241525.0,2
241530.0,18
241547.0,10
241578.0,11
241605.0,11
241626.0,7
241643.0,13
241666.0,4
241672.0,9
241709.0,12
241719.0,8
241728.0,6
241734.0,7
241770.0,3
241788.0,5
241791.0,6
241798.0,12
241814.0,4
241820.0,9
241826.0,8
241836.0,11
241850.0,12
241870.0,7
241876.0,2
241878.0,8
241904.0,10
241931.0,9
241938.0,4
241942.0,8
241950.0,3
241962.0,6
241966.0,5
241999.0,6
242008.0,4
242014.0,3
242046.0,4
242055.0,2
242057.0,10
242075.0,6
242095.0,4
242099.0,4
242103.0,6
242114.0,7
242136.0,8
242143.0,3
242164.0,6
242181.0,9
242188.0,6
242194.0,5
242213.0,2
242215.0,4
242220.0,10
242231.0,8
242238.0,3
242240.0,2
242254.0,8
242261.0,13
242274.0,17
242297.0,7
242303.0,11
242312.0,5
242319.0,4
242323.0,20
242342.0,25
242368.0,4
242371.0,6
242381.0,6
242383.0,4
242388.0,6
242393.0,22
242415.0,31
242446.0,6
242460.0,24
242481.0,2
242483.0,16
242499.0,3
242502.0,9
242511.0,2
242514.0,8
242521.0,2
242531.0,30
242554.0,7
242560.0,8
242568.0,8
242577.0,12
242588.0,10
242598.0,5
242604.0,5
242608.0,4
242621.0,10
242625.0,7
242634.0,22
242654.0,7
242661.0,2
242663.0,7
242670.0,4
242705.0,63
242768.0,15
242783.0,23
242806.0,7
242813.0,5
242818.0,9
242829.0,7
242856.0,4
242860.0,28
242888.0,15
242906.0,6
242911.0,5
242916.0,6
242926.0,6
242931.0,7
242945.0,7
242957.0,15
242964.0,7
242970.0,2
242976.0,5
242981.0,6
242986.0,3
242989.0,19
243009.0,22
243030.0,10
243040.0,6
243046.0,19
243066.0,5
243070.0,16
243089.0,7
243101.0,6
243108.0,5
243113.0,18
243132.0,14
243148.0,17
243161.0,3
243164.0,5
243203.0,6
243207.0,3
243215.0,5
243221.0,18
243239.0,5
243243.0,3
243246.0,5
243251.0,2
243255.0,4
243267.0,12
243279.0,7
243287.0,12
243300.0,6
243305.0,3
243307.0,9
243317.0,4
243321.0,23
243345.0,12
243361.0,11
243378.0,6
243388.0,10
243394.0,7
243401.0,4
243405.0,7
243414.0,37
243452.0,39
243488.0,10
243498.0,4
243510.0,6
243518.0,14
243532.0,2
243537.0,10
243546.0,8
243556.0,5
243560.0,6
243566.0,21
243586.0,13
243600.0,24
243625.0,10
243660.0,16
243677.0,50
243738.0,17
243752.0,7
243759.0,9
243770.0,7
243777.0,5
243781.0,27
243810.0,16
243826.0,18
243844.0,3
243847.0,12
243859.0,9
243870.0,8
243877.0,7
243889.0,5
243899.0,14
243909.0,9
243923.0,8
243938.0,12
243946.0,7
243957.0,6
243959.0,9
243988.0,6
244007.0,14
244030.0,9
244035.0,15
244049.0,8
244056.0,12
244068.0,8
244084.0,15
244094.0,30
244125.0,4
244127.0,12
244155.0,11
244167.0,9
244175.0,6
244187.0,12
244209.0,5
244215.0,4
244219.0,9
244226.0,10
244236.0,3
244247.0,8
244254.0,12
244267.0,5
244272.0,11
244282.0,5
244289.0,6
244300.0,8
244312.0,3
244319.0,11
244334.0,8
244380.0,17
244396.0,2
244400.0,5
244408.0,10
244415.0,14
244431.0,12
244442.0,5
244447.0,4
244450.0,10
244460.0,6
244466.0,8
244477.0,12
244486.0,20
244510.0,43
244558.0,19
244577.0,18
244596.0,30
244628.0,8
244636.0,19
244654.0,5
244657.0,4
244661.0,19
244681.0,5
244687.0,2
244691.0,8
244697.0,3
244704.0,21
244721.0,2
244723.0,5
244729.0,4
244733.0,14
244746.0,25
244774.0,7
244782.0,7
244785.0,17
244803.0,12
244815.0,9
244824.0,10
244836.0,21
244857.0,8
244866.0,7
244874.0,8
244880.0,3
244883.0,10
244894.0,8
244901.0,4
244905.0,2
244907.0,2
244909.0,10
244923.0,10
244931.0,5
244937.0,7
244945.0,6
244949.0,18
244974.0,6
244997.0,15
245012.0,5
245018.0,11
245035.0,2
245040.0,7
245047.0,6
245055.0,13
245069.0,4
245076.0,11
245088.0,3
245090.0,2
245098.0,17
245114.0,6
245120.0,3
245123.0,6
245131.0,8
245138.0,17
245156.0,13
245168.0,4
245174.0,26
245197.0,7
245209.0,6
245214.0,8
245221.0,8
245228.0,4
245232.0,4
245243.0,16
245255.0,2
245259.0,6
245265.0,6
245278.0,4
245286.0,2
245293.0,16
245308.0,6
245314.0,3
245318.0,30
245347.0,13
245361.0,11
245376.0,29
245408.0,4
245412.0,11
245423.0,7
245434.0,7
245454.0,15
245467.0,6
245474.0,5
245487.0,4
245492.0,15
245508.0,10
245518.0,9
245529.0,7
245534.0,23
245562.0,8
245568.0,7
245575.0,8
245584.0,12
245600.0,18
245618.0,4
245624.0,8
245636.0,14
245651.0,27
245676.0,3
245679.0,9
245691.0,14
245702.0,9
245714.0,12
245723.0,11
245735.0,4
245738.0,4
245742.0,30
245772.0,5
245780.0,13
245790.0,10
245801.0,3
245805.0,20
245847.0,18
245865.0,7
245870.0,10
245879.0,3
245886.0,17
245899.0,11
245910.0,22
245932.0,11
245946.0,7
245953.0,3
245958.0,4
245961.0,14
245974.0,3
245978.0,4
245982.0,13
245996.0,4
245998.0,2
246005.0,4
246014.0,5
246022.0,7
246025.0,5
246030.0,4
246036.0,16
246056.0,9
246059.0,18
246077.0,13
246090.0,18
246108.0,7
246117.0,4
246126.0,9
246136.0,12
246145.0,2
246147.0,14
246161.0,8
246174.0,2
246180.0,5
246185.0,16
246201.0,5
246207.0,43
246249.0,5
246254.0,8
246266.0,6
246270.0,3
246277.0,10
246287.0,8
246291.0,3
246296.0,2
246300.0,19
246324.0,4
246328.0,3
246332.0,3
246335.0,6
246343.0,7
246348.0,3
246358.0,7
246365.0,36
246404.0,3
246409.0,5
246415.0,6
246418.0,11
246429.0,15
246445.0,7
246456.0,9
246470.0,23
246492.0,5
246494.0,4
246499.0,9
246507.0,2
246510.0,5
246514.0,3
246518.0,31
246551.0,31
246580.0,8
246589.0,23
246617.0,8
246626.0,3
246628.0,2
246631.0,3
246633.0,11
246671.0,22
246701.0,4
246705.0,10
246717.0,7
246723.0,14
246736.0,3
246739.0,4
246744.0,3
246747.0,19
246766.0,3
246773.0,7
246778.0,14
246793.0,8
246802.0,9
246814.0,10
246823.0,4
246829.0,6
246835.0,3
246838.0,8
246846.0,7
246854.0,5
246867.0,20
246888.0,5
246892.0,15
246917.0,17
246934.0,9
246942.0,7
246950.0,13
246962.0,4
246968.0,17
246990.0,4
246994.0,6
247000.0,18
247018.0,3
247022.0,8
247029.0,6
247038.0,4
247042.0,8
247051.0,4
247056.0,6
247063.0,6
247067.0,9
247076.0,3
247081.0,7
247086.0,12
247099.0,9
247108.0,6
247114.0,16
247129.0,6
247146.0,15
247155.0,4
247162.0,8
247167.0,7
247174.0,10
247184.0,5
247190.0,9
247198.0,27
247234.0,5
247240.0,13
247252.0,2
247255.0,7
247263.0,11
247278.0,31
247303.0,5
247308.0,11
247319.0,6
247330.0,5
247346.0,11
247358.0,8
247364.0,10
247377.0,16
247393.0,9
247400.0,12
247418.0,13
247425.0,3
247429.0,14
247446.0,7
247450.0,6
247456.0,11
247472.0,2
247475.0,12
247486.0,2
247488.0,31
247522.0,4
247527.0,3
247529.0,2
247532.0,8
247539.0,8
247554.0,3
247576.0,23
247598.0,2
247604.0,11
247623.0,3
247626.0,14
247640.0,3
247643.0,3
247647.0,5
247651.0,27
247678.0,5
247684.0,6
247692.0,6
247698.0,7
247706.0,9
247714.0,3
247718.0,6
247723.0,6
247733.0,29
247762.0,2
247765.0,3
247773.0,7
247780.0,17
247797.0,2
247799.0,7
247807.0,8
247818.0,5
247825.0,6
247869.0,6
247872.0,10
247881.0,9
247897.0,5
247900.0,2
247912.0,12
247927.0,15
247942.0,5
247944.0,11
247966.0,9
247977.0,12
247987.0,10
247997.0,4
248003.0,8
248009.0,3
248015.0,9
248021.0,11
248035.0,4
248042.0,7
248049.0,3
248063.0,11
248073.0,14
248110.0,19
248128.0,3
248133.0,8
248145.0,16
248161.0,13
248173.0,16
248188.0,17
248208.0,14
248224.0,12
248257.0,5
248260.0,12
248278.0,6
248284.0,13
248297.0,15
248312.0,21
248346.0,10
248411.0,5
248418.0,21
248453.0,9
248476.0,26
248525.0,3
248531.0,42
248570.0,10
248580.0,7
248588.0,10
248597.0,8
248616.0,7
248647.0,8
248654.0,7
248661.0,11
248699.0,16
248713.0,2
248717.0,5
248722.0,6
248726.0,10
248738.0,8
248744.0,5
248756.0,11
248764.0,3
248767.0,5
248772.0,6
248778.0,6
248785.0,10
248794.0,13
248813.0,8
248827.0,12
248836.0,3
248842.0,4
248878.0,4
248883.0,9
248892.0,9
248900.0,13
248912.0,21
248941.0,5
248947.0,8
248954.0,4
248958.0,4
248965.0,10
248974.0,4
248978.0,11
248988.0,4
248992.0,3
248996.0,5
248999.0,34
249037.0,2
249040.0,6
249049.0,5
249052.0,7
249059.0,13
249074.0,5
249084.0,9
249090.0,13
249129.0,24
249154.0,6
249159.0,28
249189.0,17
249206.0,18
249224.0,8
249235.0,8
249240.0,4
249250.0,8
249253.0,20
249273.0,9
249281.0,12
249293.0,3
249297.0,3
249302.0,23
249326.0,7
249330.0,5
249335.0,7
249342.0,5
249346.0,24
249370.0,7
249377.0,16
249393.0,5
249400.0,11
249409.0,11
249421.0,28
249452.0,12
249464.0,6
249466.0,2
249468.0,33
249501.0,4
249505.0,3
249516.0,13
249550.0,8
249567.0,11
249574.0,9
249589.0,10
249595.0,11
249603.0,4
249607.0,7
249618.0,12
249627.0,4
249630.0,2
249632.0,6
249641.0,4
249645.0,6
249654.0,16
249669.0,4
249676.0,8
249681.0,9
249691.0,14
249704.0,16
249723.0,7
249734.0,9
249738.0,2
249740.0,7
249747.0,6
249758.0,13
249767.0,8
249774.0,3
249777.0,6
249786.0,4
249795.0,7
249811.0,5
249816.0,18
249837.0,18
249859.0,11
249866.0,8
249874.0,2
249877.0,6
249882.0,34
249916.0,17
249933.0,5
249938.0,5
249943.0,13
249956.0,3
249980.0,3
249986.0,3
249992.0,12
250007.0,5
250018.0,16
250034.0,2
250043.0,5
250053.0,3
250056.0,5
250061.0,7
250068.0,4
250074.0,6
250078.0,3
250103.0,28
250130.0,27
250165.0,3
250171.0,3
250178.0,10
250184.0,11
250198.0,8
250210.0,23
250227.0,3
250233.0,2
250235.0,6
250243.0,3
250246.0,6
250254.0,13
250269.0,7
250277.0,4
250280.0,6
250290.0,15
250305.0,3
250308.0,7
250316.0,25
250341.0,11
250353.0,11
250378.0,3
250380.0,2
250384.0,21
250437.0,24
250462.0,16
250482.0,4
250497.0,13
250519.0,7
250526.0,5
250531.0,6
250536.0,2
250539.0,4
250542.0,4
250562.0,27
250596.0,8
250603.0,5
250605.0,6
250627.0,5
250636.0,6
250639.0,5
250643.0,4
250649.0,6
250665.0,8
250686.0,5
250692.0,15
250706.0,7
250721.0,8
250729.0,8
250737.0,10
250747.0,6
250753.0,25
250779.0,6
250809.0,7
250813.0,4
250819.0,5
250824.0,13
250839.0,3
250842.0,9
250851.0,10
250865.0,3
250873.0,4
250877.0,6
250886.0,8
250892.0,4
250897.0,8
250906.0,7
250911.0,11
250922.0,6
250928.0,5
250933.0,11
250944.0,2
250951.0,7
250958.0,7
250962.0,5
250965.0,3
250969.0,11
250986.0,10
250999.0,6
251001.0,2
251003.0,2
251008.0,3
251014.0,6
251018.0,18
251040.0,16
251055.0,5
251059.0,3
251066.0,5
251073.0,9
251084.0,11
251098.0,14
251115.0,8
251120.0,5
251125.0,2
251127.0,6
251134.0,26
251160.0,15
251174.0,5
251181.0,5
251184.0,7
251191.0,4
251196.0,14
251209.0,5
251214.0,2
251219.0,5
251227.0,15
251239.0,4
251243.0,4
251247.0,5
251254.0,4
251256.0,2
251258.0,11
251270.0,20
251289.0,3
251292.0,5
251298.0,11
251315.0,10
251332.0,4
251336.0,3
251340.0,13
251358.0,8
251364.0,5
251371.0,10
251379.0,6
251386.0,10
251396.0,6
251417.0,5
251432.0,4
251491.0,5
251516.0,8
251526.0,2
251535.0,8
251545.0,4
251578.0,2
251599.0,2
251607.0,7
251615.0,8
251647.0,6
251714.0,9
251781.0,3
251835.0,3
251921.0,3
251924.0,3
251995.0,3
252081.0,2
252091.0,4
252170.0,3
252261.0,2
252276.0,6
252454.0,3
252485.0,2
252499.0,2
252528.0,9
252567.0,4
252575.0,5
252617.0,3
252627.0,5
252746.0,5
252877.0,2
252879.0,3
252928.0,4
252950.0,7
253134.0,3
253258.0,11
253279.0,2
253358.0,2
253417.0,2
253561.0,5
253565.0,7
253643.0,2
253683.0,2
253728.0,3
253738.0,4
253814.0,2
253838.0,5
253922.0,5
253940.0,2
253945.0,5
254092.0,3
254336.0,7
254345.0,2
254430.0,3
254458.0,2
254528.0,4
254564.0,7
254667.0,2
254712.0,3
254723.0,3
254873.0,2
254947.0,4
254996.0,6
255002.0,6
255103.0,3
255121.0,2
255179.0,2
255412.0,2
255428.0,2
255677.0,4
255807.0,3
255837.0,5
255870.0,3
255895.0,4
256043.0,2
256153.0,3
256159.0,3
256229.0,7
256340.0,2
256358.0,3
256454.0,3
256512.0,2
256601.0,6
256633.0,5
256638.0,3
256644.0,2
256924.0,4
256937.0,2
257089.0,6
257200.0,3
257262.0,3
257292.0,8
257313.0,7
257359.0,6
257372.0,10
257380.0,5
257399.0,4
257433.0,3
257517.0,5
257606.0,3
257610.0,6
257647.0,4
257666.0,9
257771.0,8
257781.0,9
257807.0,5
257809.0,3
257834.0,3
257874.0,9
257884.0,4
257888.0,2
257939.0,10
257956.0,9
257968.0,3
257986.0,4
258000.0,5
258047.0,11
258065.0,11
258111.0,7
258126.0,5
258177.0,13
258233.0,3
258242.0,5
258250.0,5
258272.0,3
258302.0,5
258342.0,3
258402.0,6
258521.0,4
258550.0,9
258673.0,2
258768.0,11
258781.0,2
258830.0,6
258910.0,5
258923.0,6
258971.0,4
258974.0,3
259001.0,3
259036.0,6
259044.0,5
259068.0,4
259078.0,2
259082.0,2
259128.0,10
259138.0,3
259178.0,2
259252.0,5
259305.0,2
259309.0,2
259313.0,3
259432.0,6
259446.0,4
259467.0,10
259494.0,4
259534.0,4
259546.0,15
259590.0,7
259601.0,6
259611.0,3
259616.0,5
259625.0,2
259634.0,5
259653.0,3
259712.0,6
259729.0,5
259750.0,4
259808.0,11
259826.0,4
259837.0,2
259842.0,3
259854.0,8
259864.0,4
259878.0,5
259884.0,7
259893.0,6
259899.0,4
259912.0,4
259955.0,7
259965.0,5
259968.0,6
260000.0,7
260006.0,6
260014.0,5
260028.0,3
260059.0,5
260151.0,10
260191.0,6
260241.0,4
260255.0,5
260275.0,6
260300.0,6
260327.0,6
260500.0,2
260503.0,26
260530.0,21
260555.0,10
260628.0,110
260828.0,32
260857.0,104
260961.0,33
260994.0,2
260996.0,30
261127.0,15
261142.0,132
261274.0,20
261294.0,3
261297.0,30
261329.0,7
261334.0,26
261360.0,11
261372.0,6
261377.0,12
261389.0,47
261436.0,36
261473.0,28
261500.0,10
261513.0,28
261539.0,3
261542.0,8
261549.0,49
261600.0,17
261656.0,7
261663.0,7
261670.0,14
261683.0,14
261697.0,2
261699.0,19
261718.0,29
261747.0,6
261754.0,12
261765.0,9
261774.0,29
261805.0,6
261813.0,19
261831.0,13
261843.0,27
261870.0,8
261878.0,47
261925.0,22
261947.0,8
261955.0,13
261969.0,12
261980.0,3
261983.0,21
262005.0,8
262012.0,24
262036.0,24
262060.0,7
262067.0,5
262072.0,32
262113.0,20
262137.0,10
262145.0,20
262173.0,5
262179.0,9
262187.0,29
262216.0,33
262249.0,35
262284.0,13
262297.0,2
262302.0,67
262366.0,10
262378.0,12
262390.0,4
262395.0,14
262409.0,9
262417.0,6
262424.0,8
262433.0,24
262455.0,34
262489.0,9
262498.0,24
262522.0,5
262527.0,20
262548.0,19
262566.0,8
262574.0,6
262581.0,8
262591.0,8
262597.0,15
262613.0,16
262628.0,17
262646.0,10
262654.0,57
262712.0,5
262721.0,5
262726.0,5
262731.0,28
262763.0,41
262800.0,11
262844.0,2
262846.0,9
262858.0,18
262873.0,67
262941.0,33
262973.0,22
262995.0,2
262998.0,11
263009.0,5
263019.0,39
263058.0,17
263076.0,6
263081.0,6
263087.0,7
263098.0,15
263109.0,16
263161.0,8
263169.0,40
263209.0,39
263249.0,9
263263.0,27
263284.0,3
263287.0,17
263306.0,13
263317.0,19
263338.0,7
263343.0,8
263355.0,35
263387.0,7
263395.0,5
263398.0,10
263410.0,12
263421.0,5
263426.0,9
263434.0,7
263441.0,10
263451.0,3
263454.0,17
263471.0,10
263483.0,21
263502.0,9
263512.0,4
263516.0,3
263518.0,5
263524.0,6
263530.0,11
263541.0,9
263549.0,20
263570.0,10
263582.0,17
263596.0,9
263605.0,5
263648.0,8
263652.0,9
263661.0,7
263668.0,11
263679.0,25
263704.0,2
263709.0,8
263727.0,2
263750.0,8
263759.0,3
263761.0,14
263843.0,11
263854.0,23
263876.0,24
263900.0,4
263904.0,28
263933.0,10
263943.0,16
264005.0,3
264011.0,7
264017.0,18
264032.0,3
264035.0,2
264037.0,22
264060.0,11
264071.0,8
264079.0,4
264083.0,22
264104.0,2
264106.0,44
264150.0,12
264164.0,6
264169.0,20
264206.0,5
264210.0,29
264244.0,4
264250.0,25
264274.0,8
264280.0,11
264291.0,16
264310.0,26
264336.0,14
264349.0,14
264364.0,9
264375.0,15
264387.0,13
264404.0,18
264418.0,25
264443.0,4
264448.0,15
264462.0,2
264464.0,2
264467.0,21
264487.0,4
264492.0,15
264508.0,8
264515.0,18
264534.0,8
264549.0,18
264571.0,3
264573.0,16
264589.0,19
264609.0,28
264639.0,7
264643.0,10
264656.0,10
264663.0,9
264674.0,11
264695.0,8
264703.0,4
264707.0,4
264712.0,12
264723.0,4
264740.0,17
264754.0,9
264763.0,6
264769.0,4
264775.0,7
264780.0,8
264788.0,8
264796.0,7
264829.0,15
264839.0,11
264852.0,4
264854.0,2
264856.0,3
264859.0,12
264871.0,4
264875.0,4
264879.0,9
264893.0,9
264902.0,5
264907.0,7
264914.0,21
264935.0,7
264942.0,6
264949.0,56
265004.0,3
265008.0,12
265021.0,4
265028.0,6
265034.0,4
265038.0,7
265047.0,11
265056.0,16
265072.0,28
265116.0,7
265130.0,4
265134.0,6
265140.0,11
265151.0,18
265173.0,7
265180.0,3
265183.0,8
265190.0,5
265201.0,7
265207.0,11
265218.0,3
265221.0,20
265243.0,4
265245.0,10
265257.0,7
265263.0,9
265276.0,30
265302.0,3
265304.0,7
265311.0,25
265336.0,15
265351.0,5
265357.0,3
265369.0,6
265375.0,2
265377.0,24
265419.0,4
265421.0,5
265427.0,5
265433.0,6
265444.0,8
265452.0,16
265485.0,16
265504.0,7
265513.0,12
265523.0,6
265530.0,11
265541.0,8
265552.0,5
265569.0,14
265590.0,8
265596.0,11
265622.0,14
265634.0,2
265636.0,9
265652.0,3
265658.0,12
265667.0,6
265673.0,9
265684.0,6
265693.0,7
265695.0,15
265740.0,6
265746.0,10
265764.0,10
265771.0,9
265788.0,17
265802.0,5
265807.0,6
265813.0,3
265816.0,4
265820.0,4
265826.0,5
265830.0,3
265832.0,4
265836.0,13
265849.0,4
265853.0,6
265859.0,7
265866.0,2
265869.0,8
265888.0,34
265922.0,3
265928.0,10
265937.0,25
265974.0,3
265977.0,11
265993.0,13
266010.0,19
266029.0,2
266031.0,19
266052.0,2
266059.0,5
266064.0,9
266073.0,2
266075.0,2
266077.0,15
266093.0,10
266102.0,5
266108.0,5
266117.0,37
266151.0,24
266175.0,10
266187.0,9
266196.0,5
266201.0,6
266211.0,28
266240.0,10
266251.0,6
266255.0,6
266261.0,9
266270.0,20
266300.0,6
266324.0,6
266330.0,22
266353.0,4
266357.0,11
266367.0,25
266392.0,8
266402.0,12
266414.0,7
266423.0,6
266429.0,14
266442.0,5
266446.0,29
266476.0,6
266481.0,6
266487.0,12
266499.0,6
266505.0,2
266510.0,5
266513.0,9
266521.0,11
266536.0,7
266541.0,10
266551.0,3
266556.0,8
266564.0,4
266568.0,5
266571.0,11
266583.0,17
266599.0,4
266603.0,17
266622.0,3
266625.0,9
266634.0,5
266639.0,4
266645.0,28
266671.0,11
266682.0,4
266687.0,4
266694.0,6
266700.0,7
266707.0,3
266709.0,6
266715.0,8
266723.0,2
266730.0,7
266738.0,7
266747.0,16
266760.0,15
266776.0,30
266806.0,4
266809.0,37
266872.0,10
266885.0,3
266887.0,6
266895.0,4
266902.0,9
266912.0,9
266941.0,17
266958.0,3
266994.0,17
267011.0,9
267016.0,5
267021.0,6
267031.0,17
267050.0,11
267057.0,9
267070.0,7
267077.0,5
267096.0,11
267150.0,5
267154.0,11
267169.0,6
267176.0,20
267195.0,8
267204.0,5
267208.0,8
267216.0,10
267242.0,5
267250.0,15
267267.0,11
267285.0,13
267293.0,10
267303.0,4
267307.0,4
267311.0,6
267321.0,6
267330.0,8
267337.0,4
267341.0,17
267358.0,3
267361.0,2
267365.0,7
267370.0,4
267374.0,5
267380.0,4
267383.0,4
267387.0,6
267393.0,5
267399.0,9
267407.0,4
267416.0,5
267418.0,3
267421.0,9
267430.0,6
267436.0,2
267438.0,6
267444.0,2
267448.0,5
267452.0,6
267458.0,21
267480.0,18
267496.0,6
267504.0,12
267516.0,11
267528.0,13
267541.0,11
267551.0,3
267557.0,2
267559.0,4
267563.0,3
267566.0,3
267569.0,4
267573.0,8
267581.0,9
267592.0,10
267601.0,6
267608.0,6
267618.0,12
267624.0,14
267638.0,4
267642.0,9
267651.0,2
267658.0,9
267667.0,4
267675.0,14
267685.0,12
267697.0,9
267705.0,2
267707.0,10
267717.0,8
267728.0,30
267757.0,9
267766.0,6
267772.0,8
267785.0,5
267790.0,12
267803.0,6
267810.0,8
267821.0,5
267853.0,18
267873.0,25
267898.0,6
267904.0,3
267917.0,5
267921.0,8
267927.0,10
267937.0,20
267957.0,5
267963.0,8
267972.0,5
267976.0,5
267982.0,11
267991.0,5
267996.0,19
268017.0,8
268026.0,10
268036.0,5
268040.0,3
268043.0,27
268070.0,8
268078.0,16
268097.0,12
268112.0,5
268117.0,7
268134.0,48
268187.0,14
268207.0,7
268215.0,11
268223.0,10
268235.0,14
268249.0,2
268251.0,15
268268.0,6
268275.0,16
268292.0,16
268336.0,2
268338.0,5
268344.0,4
268354.0,6
268359.0,5
268365.0,4
268368.0,2
268377.0,10
268399.0,5
268404.0,20
268425.0,8
268433.0,6
268439.0,34
268474.0,15
268487.0,8
268497.0,8
268505.0,6
268511.0,16
268527.0,5
268532.0,2
268541.0,8
268554.0,13
268564.0,3
268567.0,24
268591.0,13
268604.0,22
268627.0,5
268631.0,8
268640.0,4
268645.0,5
268648.0,8
268656.0,5
268663.0,18
268679.0,15
268694.0,3
268701.0,6
268703.0,3
268707.0,3
268712.0,5
268714.0,3
268721.0,8
268727.0,7
268734.0,2
268736.0,15
268768.0,13
268781.0,4
268788.0,9
268802.0,10
268814.0,4
268825.0,10
268840.0,6
268849.0,5
268851.0,8
268859.0,3
268863.0,7
268869.0,16
268885.0,5
268900.0,6
268906.0,14
268931.0,5
268947.0,6
268955.0,12
268970.0,16
268987.0,3
268990.0,7
268996.0,3
268999.0,3
269002.0,8
269011.0,9
269020.0,4
269024.0,14
269037.0,6
269054.0,19
269071.0,6
269078.0,3
269081.0,8
269088.0,7
269096.0,7
269102.0,3
269113.0,13
269121.0,7
269128.0,9
269138.0,17
269171.0,10
269177.0,10
269187.0,11
269200.0,17
269216.0,10
269227.0,8
269237.0,27
269262.0,2
269264.0,10
269278.0,14
269291.0,6
269296.0,3
269304.0,6
269310.0,2
269315.0,10
269328.0,2
269330.0,8
269338.0,13
269351.0,4
269358.0,14
269372.0,11
269383.0,10
269404.0,11
269416.0,21
269437.0,9
269446.0,6
269453.0,4
269460.0,4
269472.0,2
269478.0,6
269483.0,12
269497.0,4
269499.0,5
269511.0,3
269514.0,10
269523.0,10
269533.0,5
269539.0,3
269546.0,3
269549.0,7
269564.0,12
269572.0,7
269590.0,4
269622.0,2
269625.0,8
269633.0,5
269637.0,16
269654.0,13
269666.0,4
269670.0,7
269678.0,7
269684.0,9
269693.0,11
269705.0,4
269708.0,2
269717.0,5
269735.0,7
269741.0,9
269758.0,5
269764.0,5
269770.0,6
269776.0,5
269788.0,13
269798.0,12
269810.0,8
269820.0,5
269841.0,5
269846.0,10
269861.0,9
269867.0,20
269900.0,3
269907.0,11
269916.0,6
269924.0,5
269930.0,9
269938.0,12
269953.0,12
269965.0,10
269980.0,5
269984.0,5
269993.0,7
269998.0,17
270024.0,4
270031.0,6
270037.0,4
270058.0,25
270085.0,10
270096.0,4
270101.0,26
270127.0,11
270138.0,12
270166.0,4
270171.0,6
270177.0,5
270182.0,6
270187.0,8
270197.0,6
270202.0,3
270209.0,4
270212.0,7
270253.0,10
270263.0,32
270294.0,20
270314.0,6
270321.0,4
270324.0,7
270331.0,10
270341.0,26
270367.0,16
270383.0,3
270391.0,5
270394.0,6
270403.0,6
270412.0,16
270425.0,2
270427.0,10
270437.0,8
270446.0,11
270456.0,10
270466.0,7
270473.0,4
270477.0,2
270479.0,7
270486.0,31
270517.0,30
270547.0,6
270553.0,2
270555.0,4
270567.0,10
270572.0,4
270578.0,10
270590.0,4
270599.0,5
270606.0,14
270617.0,7
270627.0,4
270634.0,12
270643.0,3
270658.0,19
270678.0,4
270683.0,6
270688.0,2
270693.0,9
270702.0,7
270710.0,3
270714.0,13
270725.0,6
270741.0,11
270751.0,5
270757.0,4
270769.0,12
270778.0,5
270789.0,3
270791.0,9
270800.0,5
270810.0,3
270813.0,6
270820.0,3
270824.0,4
270836.0,11
270849.0,7
270857.0,9
270863.0,2
270874.0,4
270877.0,5
270882.0,4
270888.0,2
270891.0,5
270895.0,8
270908.0,6
270912.0,9
270922.0,4
270925.0,16
270952.0,9
270961.0,4
270965.0,19
270987.0,16
271002.0,7
271008.0,7
271018.0,5
271025.0,4
271030.0,12
271042.0,6
271047.0,2
271055.0,4
271066.0,7
271075.0,16
271092.0,5
271114.0,2
271119.0,3
271122.0,2
271125.0,8
271135.0,11
271144.0,3
271147.0,9
271157.0,11
271166.0,2
271169.0,3
271174.0,9
271182.0,3
271186.0,11
271196.0,11
271207.0,4
271211.0,6
271218.0,3
271220.0,9
271229.0,2
271235.0,8
271243.0,6
271251.0,4
271261.0,4
271265.0,4
271269.0,15
271284.0,7
271295.0,4
271299.0,7
271306.0,6
271312.0,5
271317.0,7
271333.0,14
271355.0,9
271365.0,8
271373.0,7
271383.0,4
271399.0,22
271433.0,5
271442.0,2
271445.0,12
271456.0,6
271462.0,2
271472.0,6
271477.0,6
271481.0,7
271490.0,2
271492.0,9
271521.0,4
271529.0,3
271532.0,9
271540.0,4
271547.0,4
271553.0,11
271562.0,2
271569.0,7
271578.0,4
271580.0,3
271585.0,5
271593.0,8
271596.0,14
271614.0,3
271629.0,7
271639.0,9
271643.0,3
271649.0,3
271654.0,6
271658.0,11
271669.0,3
271672.0,6
271679.0,9
271687.0,4
271692.0,16
271721.0,9
271731.0,15
271769.0,3
271772.0,2
271775.0,13
271794.0,9
271805.0,7
271810.0,2
271812.0,5
271817.0,12
271834.0,6
271839.0,5
271844.0,7
271856.0,9
271870.0,2
271874.0,5
271879.0,7
271918.0,8
271927.0,4
271932.0,9
271966.0,3
271970.0,8
271983.0,7
271988.0,24
272012.0,7
272021.0,10
272031.0,5
272040.0,26
272065.0,12
272078.0,6
272083.0,2
272085.0,6
272091.0,4
272095.0,4
272100.0,4
272106.0,20
272123.0,5
272129.0,8
272139.0,7
272143.0,3
272150.0,7
272154.0,12
272167.0,8
272174.0,18
272191.0,4
272196.0,7
272202.0,3
272211.0,5
272216.0,9
272229.0,13
272242.0,11
272256.0,7
272261.0,9
272271.0,4
272274.0,5
272279.0,14
272295.0,5
272305.0,3
272307.0,2
272309.0,4
272313.0,12
272327.0,9
272334.0,3
272337.0,3
272341.0,9
272352.0,4
272357.0,5
272376.0,8
272390.0,3
272393.0,3
272396.0,9
272406.0,3
272408.0,2
272413.0,10
272420.0,9
272429.0,12
272443.0,3
272452.0,4
272456.0,18
272483.0,14
272499.0,6
272504.0,11
272516.0,12
272528.0,2
272530.0,18
272550.0,25
272573.0,3
272577.0,3
272582.0,8
272587.0,4
272596.0,7
272598.0,7
272606.0,5
272626.0,2
272628.0,4
272632.0,8
272640.0,3
272656.0,7
272666.0,8
272677.0,3
272684.0,2
272687.0,5
272692.0,5
272699.0,3
272715.0,23
272739.0,7
272745.0,5
272756.0,7
272778.0,7
272790.0,10
272799.0,6
272808.0,6
272816.0,8
272830.0,8
272844.0,15
272862.0,14
272876.0,14
272888.0,3
272890.0,5
272895.0,17
272912.0,3
272917.0,8
272924.0,5
272931.0,12
272946.0,9
272954.0,2
272956.0,12
272968.0,2
272976.0,3
272978.0,4
272983.0,3
272991.0,3
273000.0,9
273018.0,9
273026.0,12
273039.0,14
273053.0,11
273066.0,8
273080.0,9
273107.0,4
273111.0,10
273124.0,15
273140.0,11
273150.0,3
273157.0,7
273160.0,2
273163.0,9
273174.0,7
273188.0,8
273198.0,11
273207.0,4
273238.0,18
273257.0,7
273275.0,8
273288.0,12
273294.0,5
273298.0,2
273303.0,4
273310.0,7
273319.0,15
273332.0,4
273338.0,4
273342.0,6
273348.0,3
273351.0,2
273356.0,6
273360.0,9
273376.0,5
273381.0,9
273395.0,6
273416.0,13
273429.0,3
273438.0,3
273440.0,10
273450.0,2
273452.0,5
273457.0,3
273460.0,2
273462.0,4
273466.0,4
273470.0,6
273477.0,4
273480.0,16
273512.0,7
273520.0,3
273526.0,9
273535.0,2
273538.0,8
273546.0,4
273549.0,4
273554.0,7
273564.0,3
273567.0,18
273585.0,4
273591.0,10
273598.0,5
273606.0,12
273625.0,7
273638.0,2
273640.0,4
273644.0,4
273649.0,3
273662.0,5
273667.0,4
273671.0,29
273714.0,3
273718.0,3
273720.0,4
273732.0,2
273734.0,5
273740.0,4
273746.0,6
273752.0,7
273768.0,7
273775.0,4
273780.0,4
273783.0,5
273793.0,11
273799.0,16
273816.0,22
273838.0,7
273853.0,4
273857.0,5
273862.0,2
273866.0,4
273873.0,6
273881.0,3
273892.0,5
273896.0,5
273900.0,2
273902.0,10
273913.0,8
273932.0,4
273935.0,4
273939.0,2
273949.0,13
273960.0,3
273966.0,4
273970.0,12
273990.0,21
274021.0,7
274033.0,4
274038.0,5
274044.0,5
274048.0,13
274060.0,3
274069.0,21
274085.0,8
274095.0,7
274100.0,2
274102.0,11
274116.0,3
274131.0,6
274136.0,5
274139.0,2
274142.0,4
274145.0,3
274149.0,14
274166.0,9
274175.0,10
274189.0,5
274194.0,10
274204.0,2
274216.0,7
274223.0,7
274230.0,6
274242.0,7
274250.0,4
274254.0,6
274259.0,16
274284.0,25
274300.0,6
274306.0,3
274310.0,5
274318.0,5
274331.0,10
274339.0,3
274344.0,6
274356.0,5
274361.0,4
274380.0,8
274399.0,6
274402.0,4
274406.0,3
274412.0,5
274417.0,2
274420.0,17
274436.0,3
274451.0,4
274457.0,5
274465.0,16
274481.0,17
274498.0,20
274534.0,11
274545.0,6
274555.0,5
274575.0,19
274597.0,14
274612.0,12
274622.0,14
274636.0,3
274641.0,6
274651.0,2
274653.0,5
274658.0,4
274663.0,4
274667.0,3
274672.0,12
274690.0,6
274696.0,8
274704.0,9
274715.0,4
274719.0,5
274724.0,9
274736.0,6
274748.0,10
274759.0,5
274762.0,5
274767.0,8
274795.0,6
274801.0,4
274808.0,11
274816.0,5
274827.0,14
274841.0,14
274857.0,4
274861.0,4
274867.0,4
274873.0,2
274875.0,26
274915.0,5
274920.0,7
274931.0,9
274942.0,25
274969.0,6
274977.0,17
274993.0,5
275002.0,9
275011.0,2
275031.0,9
275044.0,4
275054.0,8
275064.0,7
275074.0,8
275079.0,8
275090.0,7
275096.0,6
275102.0,4
275109.0,3
275120.0,14
275136.0,5
275138.0,14
275160.0,8
275177.0,12
275192.0,3
275202.0,3
275214.0,21
275236.0,5
275242.0,5
275247.0,5
275255.0,14
275272.0,2
275275.0,6
275285.0,9
275293.0,6
275306.0,2
275312.0,18
275326.0,9
275337.0,10
275346.0,5
275354.0,5
275366.0,13
275405.0,9
275414.0,16
275431.0,6
275436.0,5
275441.0,2
275457.0,9
275464.0,3
275467.0,13
275482.0,8
275492.0,3
275498.0,22
275520.0,12
275534.0,4
275561.0,8
275572.0,6
275578.0,8
275586.0,4
275593.0,5
275596.0,6
275608.0,6
275610.0,3
275613.0,4
275627.0,6
275646.0,10
275659.0,10
275695.0,13
275708.0,7
275716.0,11
275732.0,6
275737.0,10
275753.0,7
275758.0,3
275761.0,4
275765.0,5
275777.0,4
275781.0,10
275791.0,5
275797.0,4
275806.0,5
275811.0,4
275815.0,7
275822.0,6
275828.0,5
275833.0,6
275841.0,9
275850.0,4
275857.0,3
275874.0,2
275878.0,6
275882.0,6
275893.0,5
275902.0,4
275906.0,8
275914.0,7
275952.0,4
275957.0,11
275968.0,11
275979.0,3
275987.0,14
276002.0,10
276029.0,11
276065.0,6
276071.0,6
276076.0,4
276081.0,13
276094.0,5
276098.0,4
276104.0,5
276120.0,8
276150.0,3
276162.0,10
276172.0,6
276178.0,7
276185.0,7
276192.0,2
276197.0,6
276203.0,10
276214.0,11
276224.0,2
276226.0,5
276231.0,4
276235.0,9
276244.0,18
276266.0,4
276279.0,17
276298.0,12
276312.0,29
276342.0,6
276353.0,6
276358.0,5
276366.0,5
276370.0,5
276375.0,11
276386.0,5
276397.0,3
276400.0,3
276404.0,4
276412.0,2
276416.0,6
276421.0,5
276427.0,7
276434.0,8
276444.0,8
276455.0,7
276462.0,5
276467.0,4
276474.0,6
276481.0,3
276483.0,2
276490.0,5
276494.0,12
276506.0,30
276536.0,4
276540.0,13
276570.0,10
276588.0,4
276594.0,2
276597.0,5
276603.0,10
276613.0,12
276625.0,8
276635.0,12
276645.0,3
276650.0,10
276664.0,9
276680.0,6
276686.0,8
276694.0,2
276697.0,16
276716.0,6
276718.0,12
276730.0,3
276733.0,6
276740.0,4
276743.0,2
276747.0,8
276759.0,9
276778.0,3
276782.0,5
276786.0,4
276790.0,5
276796.0,6
276803.0,3
276830.0,4
276834.0,4
276838.0,13
276858.0,3
276860.0,8
276876.0,16
276892.0,13
276905.0,7
276912.0,9
276922.0,5
276934.0,9
276941.0,5
276946.0,7
276957.0,10
276967.0,10
276987.0,4
276989.0,12
277001.0,14
277022.0,9
277032.0,7
277052.0,5
277056.0,7
277064.0,6
277069.0,4
277083.0,10
277092.0,3
277094.0,4
277102.0,7
277109.0,4
277113.0,3
277116.0,4
277122.0,16
277139.0,5
277151.0,7
277158.0,4
277162.0,8
277170.0,4
277175.0,3
277177.0,3
277186.0,10
277190.0,2
277197.0,6
277204.0,16
277219.0,5
277225.0,9
277234.0,3
277236.0,3
277242.0,7
277246.0,7
277254.0,9
277262.0,22
277284.0,7
277299.0,2
277307.0,13
277324.0,8
277332.0,4
277336.0,3
277339.0,4
277342.0,3
277354.0,6
277358.0,5
277371.0,4
277376.0,6
277381.0,7
277389.0,4
277395.0,4
277409.0,3
277414.0,12
277429.0,6
277443.0,2
277475.0,9
277491.0,9
277510.0,7
277517.0,2
277519.0,3
277529.0,15
277549.0,9
277557.0,4
277567.0,6
277574.0,15
277588.0,4
277594.0,5
277615.0,5
277620.0,8
277628.0,2
277631.0,6
277636.0,5
277641.0,2
277645.0,2
277647.0,3
277651.0,4
277661.0,4
277667.0,7
277675.0,11
277688.0,10
277710.0,5
277718.0,6
277726.0,6
277749.0,15
277774.0,8
277778.0,10
277796.0,11
277807.0,6
277813.0,2
277815.0,10
277828.0,8
277836.0,8
277846.0,2
277851.0,9
277864.0,8
277879.0,4
277882.0,2
277884.0,2
277886.0,4
277890.0,6
277904.0,15
277916.0,4
277925.0,2
277927.0,6
277933.0,6
277939.0,6
277945.0,3
277948.0,11
277963.0,6
277965.0,5
277970.0,3
277989.0,2
277997.0,3
278002.0,4
278015.0,4
278033.0,12
278047.0,7
278054.0,7
278060.0,8
278069.0,4
278087.0,12
278098.0,2
278106.0,10
278125.0,5
278135.0,3
278138.0,10
278148.0,3
278151.0,22
278172.0,10
278195.0,3
278197.0,3
278202.0,4
278207.0,3
278209.0,5
278243.0,5
278249.0,3
278257.0,8
278268.0,2
278271.0,3
278273.0,15
278297.0,10
278306.0,4
278310.0,5
278316.0,2
278319.0,3
278325.0,2
278327.0,6
278338.0,3
278340.0,4
278347.0,5
278349.0,4
278357.0,4
278366.0,7
278373.0,4
278379.0,3
278385.0,5
278405.0,6
278415.0,24
278439.0,11
278466.0,4
278472.0,5
278478.0,11
278486.0,3
278490.0,5
278495.0,3
278497.0,9
278511.0,6
278517.0,7
278533.0,3
278537.0,5
278543.0,5
278550.0,6
278558.0,8
278580.0,2
278586.0,3
278589.0,3
278600.0,4
278604.0,2
278606.0,5
278637.0,4
278642.0,4
278645.0,3
278647.0,4
278652.0,9
278661.0,6
278667.0,4
278678.0,13
278694.0,5
278699.0,3
278713.0,5
278719.0,6
278730.0,3
278733.0,6
278743.0,10
278751.0,4
278756.0,4
278760.0,3
278763.0,17
278780.0,3
278785.0,4
278789.0,6
278793.0,5
278798.0,2
278805.0,7
278807.0,5
278813.0,8
278820.0,3
278825.0,4
278831.0,7
278836.0,2
278841.0,3
278846.0,11
278856.0,7
278862.0,2
278869.0,7
278876.0,13
278889.0,2
278895.0,11
278906.0,2
278908.0,5
278916.0,20
278937.0,10
278946.0,2
278949.0,6
278956.0,5
278968.0,5
278972.0,4
278976.0,7
278988.0,4
278990.0,6
278998.0,6
279003.0,5
279007.0,4
279011.0,4
279018.0,2
279020.0,9
279029.0,6
279042.0,8
279055.0,7
279062.0,12
279074.0,7
279082.0,6
279092.0,9
279110.0,10
279124.0,10
279135.0,3
279145.0,2
279150.0,8
279155.0,4
279160.0,4
279163.0,2
279171.0,2
279179.0,14
279193.0,3
279196.0,10
279208.0,10
279220.0,4
279227.0,6
279236.0,3
279239.0,3
279255.0,7
279296.0,3
279311.0,11
279323.0,14
279346.0,6
279354.0,4
279359.0,9
279365.0,4
279370.0,4
279374.0,9
279382.0,46
279430.0,152
279580.0,7
279588.0,45
279632.0,88
279721.0,174
279897.0,6
279904.0,27
279930.0,48
279978.0,33
280011.0,35
280046.0,70
280117.0,12
280128.0,7
280135.0,50
280185.0,26
280211.0,8
280221.0,32
280252.0,19
280270.0,5
280276.0,129
280405.0,15
280419.0,2
280427.0,17
280438.0,19
280457.0,20
280480.0,20
280497.0,36
280534.0,249
280782.0,36
280819.0,19
280841.0,18
280856.0,11
280866.0,15
280982.0,37
281019.0,10
281029.0,39
281068.0,116
281184.0,2
281191.0,26
281216.0,10
281226.0,23
281248.0,70
281318.0,43
281362.0,17
281378.0,6
281454.0,28
281482.0,25
281507.0,20
281527.0,25
281553.0,97
281651.0,74
281723.0,10
281733.0,8
281741.0,75
281816.0,22
281839.0,27
281865.0,37
281904.0,48
281951.0,25
281975.0,12
281987.0,2
281989.0,108
282098.0,32
282129.0,35
282169.0,4
282171.0,6
282177.0,38
282215.0,18
282234.0,63
282296.0,24
282322.0,41
282361.0,15
282379.0,18
282397.0,27
282423.0,2
282429.0,11
282439.0,51
282490.0,48
282542.0,6
282544.0,25
282572.0,20
282589.0,12
282602.0,30
282632.0,51
282682.0,52
282734.0,55
282791.0,13
282802.0,5
282836.0,77
282913.0,54
282992.0,7
282998.0,7
283005.0,56
283103.0,136
283239.0,54
283294.0,7
283308.0,18
283324.0,9
283333.0,27
283359.0,21
283391.0,37
283431.0,30
283458.0,42
283500.0,43
283544.0,6
283549.0,19
283672.0,26
283696.0,86
283782.0,8
283792.0,11
283802.0,45
283846.0,48
283894.0,34
283929.0,5
283933.0,34
283967.0,33
284000.0,13
284015.0,34
284049.0,24
284074.0,13
284086.0,48
284135.0,54
284188.0,10
284199.0,5
284203.0,9
284212.0,14
284228.0,9
284235.0,3
284238.0,28
284267.0,24
284290.0,20
284311.0,4
284314.0,7
284321.0,35
284356.0,6
284362.0,14
284376.0,30
284406.0,6
284413.0,11
284429.0,13
284442.0,8
284456.0,8
284465.0,7
284494.0,3
284498.0,91
284588.0,20
284608.0,13
284621.0,3
284625.0,39
284666.0,30
284693.0,30
284723.0,13
284736.0,5
284741.0,19
284760.0,52
284812.0,16
284829.0,34
284862.0,28
284894.0,8
284898.0,39
284937.0,27
284964.0,16
284981.0,14
284996.0,14
285009.0,7
285016.0,5
285020.0,10
285031.0,8
285038.0,4
285042.0,20
285062.0,14
285076.0,15
285092.0,25
285119.0,19
285136.0,17
285152.0,18
285171.0,31
285201.0,23
285227.0,19
285243.0,9
285252.0,29
285281.0,29
285310.0,12
285326.0,131
285455.0,7
285462.0,9
285471.0,19
285491.0,3
285494.0,5
285498.0,19
285519.0,27
285546.0,7
285553.0,17
285570.0,6
285576.0,8
285584.0,21
285618.0,5
285622.0,14
285636.0,23
285668.0,32
285702.0,29
285728.0,17
285746.0,22
285765.0,7
285792.0,9
285800.0,28
285828.0,2
285830.0,25
285858.0,7
285865.0,19
285895.0,13
285906.0,8
285916.0,4
285918.0,76
285998.0,22
286019.0,28
286049.0,41
286096.0,6
286102.0,10
286114.0,9
286122.0,4
286127.0,7
286133.0,25
286158.0,11
286169.0,23
286192.0,12
286204.0,5
286210.0,7
286216.0,11
286227.0,32
286259.0,19
286280.0,24
286303.0,37
286339.0,5
286413.0,9
286416.0,26
286442.0,6
286448.0,7
286455.0,8
286463.0,2
286467.0,8
286501.0,11
286509.0,16
286525.0,21
286546.0,29
286575.0,10
286585.0,3
286590.0,20
286610.0,19
286629.0,42
286672.0,13
286684.0,29
286713.0,9
286722.0,21
286743.0,2
286759.0,8
286769.0,11
286795.0,8
286805.0,15
286820.0,20
286840.0,3
286843.0,3
286846.0,16
286862.0,6
286872.0,6
286878.0,4
286882.0,2
286888.0,3
286967.0,5
286972.0,24
287000.0,3
287002.0,34
287036.0,28
287065.0,8
287072.0,14
287103.0,12
287116.0,3
287119.0,7
287153.0,24
287176.0,49
287226.0,8
287233.0,2
287276.0,4
287279.0,41
287320.0,4
287325.0,14
287338.0,22
287394.0,14
287408.0,8
287416.0,57
287475.0,23
287496.0,20
287516.0,11
287538.0,15
287553.0,37
287590.0,6
287596.0,20
287618.0,5
287621.0,26
287649.0,6
287653.0,4
287657.0,5
287673.0,16
287688.0,6
287694.0,35
287731.0,33
287796.0,13
287808.0,3
287811.0,6
287817.0,5
287823.0,10
287832.0,16
287864.0,11
287876.0,3
287879.0,16
287896.0,5
287899.0,17
287916.0,11
287929.0,15
287948.0,18
287965.0,8
287973.0,14
287988.0,14
288027.0,13
288041.0,31
288071.0,12
288084.0,17
288105.0,21
288158.0,8
288170.0,2
288173.0,9
288181.0,7
288192.0,6
288197.0,15
288212.0,7
288275.0,5
288280.0,41
288321.0,10
288331.0,12
288360.0,2
288362.0,4
288366.0,12
288378.0,19
288399.0,25
288426.0,13
288437.0,16
288454.0,20
288485.0,3
288490.0,5
288494.0,12
288545.0,48
288594.0,8
288606.0,4
288610.0,8
288647.0,17
288664.0,49
288713.0,24
288763.0,3
288765.0,2
288772.0,12
288779.0,30
288810.0,6
288816.0,11
288826.0,4
288831.0,5
288835.0,8
288847.0,10
288854.0,13
288870.0,12
288882.0,19
288899.0,5
288904.0,2
288910.0,13
288919.0,9
288939.0,3
288944.0,9
288955.0,15
288968.0,5
288976.0,5
288985.0,3
288988.0,4
288994.0,6
289007.0,8
289023.0,3
289032.0,5
289049.0,2
289059.0,9
289068.0,10
289080.0,4
289094.0,8
289102.0,26
289138.0,9
289147.0,3
289151.0,4
289158.0,3
289162.0,20
289181.0,8
289209.0,11
289224.0,4
289255.0,10
289266.0,4
289280.0,3
289290.0,5
289295.0,7
289309.0,6
289318.0,8
289343.0,4
289346.0,7
289356.0,9
289371.0,4
289373.0,4
289377.0,4
289381.0,2
289391.0,4
289407.0,5
289415.0,10
289440.0,12
289449.0,2
289467.0,11
289485.0,3
289491.0,5
289528.0,4
289540.0,4
289550.0,9
289562.0,3
289567.0,2
289573.0,4
289575.0,5
289580.0,6
289587.0,7
289609.0,7
289615.0,3
289630.0,10
289639.0,3
289664.0,10
289672.0,5
289710.0,3
289714.0,5
289719.0,6
289732.0,4
289736.0,3
289739.0,7
289746.0,3
289752.0,6
289767.0,3
289772.0,3
289789.0,8
289825.0,2
289827.0,3
289834.0,5
289847.0,5
289852.0,6
289866.0,12
289870.0,3
289877.0,6
289890.0,2
289902.0,4
289909.0,10
289925.0,9
289928.0,8
289938.0,3
289941.0,3
289958.0,16
289973.0,10
289983.0,5
290001.0,8
290010.0,3
290026.0,5
290030.0,3
290045.0,15
290054.0,7
290060.0,2
290096.0,8
290109.0,4
290122.0,3
290127.0,3
290134.0,4
290145.0,4
290151.0,6
290157.0,2
290159.0,2
290189.0,4
290220.0,7
290226.0,6
290242.0,8
290248.0,4
290259.0,8
290278.0,4
290286.0,4
290293.0,7
290306.0,7
290308.0,4
290312.0,2
290323.0,6
290326.0,3
290328.0,3
290337.0,16
290361.0,8
290372.0,9
290381.0,6
290391.0,5
290411.0,11
290432.0,6
290445.0,10
290450.0,9
290459.0,7
290475.0,6
290481.0,9
290499.0,2
290502.0,3
290504.0,5
290514.0,5
290520.0,4
290523.0,5
290534.0,3
290562.0,2
290564.0,4
290574.0,6
290602.0,5
290607.0,4
290611.0,7
290636.0,5
290646.0,10
290655.0,7
290662.0,2
290667.0,5
290686.0,9
290698.0,5
290714.0,8
290728.0,3
290734.0,4
290745.0,4
290762.0,5
290766.0,5
290779.0,11
290791.0,3
290797.0,10
290806.0,2
290816.0,6
290822.0,8
290828.0,4
290842.0,5
290847.0,7
290851.0,3
290859.0,9
290870.0,5
290884.0,5
290916.0,4
290920.0,4
290927.0,4
290937.0,3
290941.0,8
290947.0,5
290957.0,6
290984.0,5
290991.0,5
290995.0,8
291023.0,4
291037.0,4
291046.0,5
291055.0,7
291061.0,2
291078.0,3
291095.0,2
291107.0,3
291110.0,3
291149.0,5
291151.0,4
291168.0,6
291178.0,4
291203.0,7
291214.0,2
291234.0,7
291242.0,2
291246.0,2
291249.0,11
291267.0,7
291276.0,8
291283.0,4
291291.0,6
291299.0,5
291312.0,3
291341.0,6
291359.0,4
291371.0,2
291373.0,11
291415.0,2
291417.0,5
291424.0,6
291436.0,8
291454.0,6
291459.0,6
291491.0,6
291500.0,6
291509.0,2
291511.0,2
291518.0,3
291526.0,5
291542.0,4
291554.0,3
291559.0,6
291568.0,4
291570.0,6
291582.0,6
291597.0,5
291603.0,3
291606.0,8
291640.0,13
291651.0,3
291656.0,6
291689.0,5
291691.0,3
291722.0,4
291734.0,6
291741.0,3
291755.0,3
291769.0,5
291773.0,5
291788.0,4
291792.0,7
291798.0,3
291807.0,3
291812.0,3
291816.0,6
291821.0,5
291837.0,6
291861.0,9
291880.0,3
291890.0,6
291900.0,5
291907.0,6
291918.0,8
291925.0,2
291940.0,5
291963.0,5
291972.0,6
291978.0,7
291986.0,5
291999.0,6
292006.0,7
292032.0,7
292038.0,3
292055.0,6
292082.0,6
292094.0,4
292106.0,4
292112.0,3
292114.0,8
292122.0,4
292130.0,8
292138.0,2
292173.0,2
292180.0,5
292186.0,4
292197.0,8
292215.0,5
292218.0,5
292231.0,3
292248.0,6
292258.0,12
292269.0,5
292275.0,8
292288.0,4
292299.0,3
292304.0,11
292318.0,2
292328.0,6
292339.0,3
292343.0,10
292370.0,3
292373.0,5
292378.0,4
292386.0,5
292391.0,4
292400.0,3
292427.0,4
292431.0,6
292443.0,7
292449.0,8
292459.0,4
292472.0,4
292477.0,5
292481.0,4
292485.0,4
292520.0,11
292533.0,9
292561.0,3
292564.0,4
292578.0,2
292586.0,4
292591.0,3
292594.0,2
292605.0,4
292622.0,2
292624.0,5
292677.0,10
292695.0,10
292703.0,3
292712.0,3
292726.0,2
292742.0,6
292752.0,8
292766.0,5
292768.0,3
292776.0,11
292788.0,4
292792.0,4
292796.0,5
292815.0,4
292833.0,6
292840.0,5
292846.0,5
292855.0,6
292871.0,2
292884.0,6
292890.0,3
292902.0,3
292905.0,2
292912.0,5
292927.0,5
292932.0,5
292939.0,3
292943.0,3
292962.0,5
292980.0,5
293005.0,5
293010.0,3
293013.0,11
293023.0,2
293025.0,3
293029.0,3
293031.0,3
293050.0,3
293052.0,4
293065.0,6
293073.0,5
293082.0,5
293098.0,7
293107.0,4
293109.0,2
293118.0,4
293128.0,8
293135.0,2
293156.0,5
293186.0,8
293217.0,3
293219.0,2
293262.0,4
293269.0,5
293274.0,2
293284.0,4
293287.0,3
293296.0,5
293316.0,14
293330.0,5
293339.0,5
293346.0,4
293348.0,2
293350.0,2
293367.0,3
293428.0,2
293441.0,7
293459.0,6
293465.0,3
293468.0,5
293480.0,2
293504.0,6
293513.0,10
293524.0,4
293528.0,6
293542.0,3
293558.0,3
293572.0,3
293576.0,5
293586.0,8
293604.0,10
293613.0,5
293619.0,6
293624.0,6
293645.0,7
293678.0,13
293689.0,4
293695.0,3
293698.0,4
293708.0,7
293735.0,5
293741.0,3
293745.0,4
293753.0,4
293757.0,4
293762.0,4
293769.0,3
293784.0,5
293802.0,8
293813.0,8
293836.0,12
293845.0,9
293853.0,2
293855.0,3
293867.0,4
293871.0,2
293874.0,6
293882.0,6
293902.0,4
293905.0,6
293911.0,4
293918.0,3
293925.0,9
293943.0,8
293952.0,2
293963.0,2
293969.0,7
293978.0,4
293981.0,2
293983.0,3
293987.0,6
293992.0,2
294006.0,2
294008.0,7
294033.0,4
294036.0,2
294038.0,2
294049.0,5
294060.0,6
294076.0,4
294084.0,8
294115.0,2
294117.0,3
294125.0,7
294134.0,10
294141.0,3
294149.0,6
294174.0,7
294183.0,10
294193.0,3
294204.0,6
294216.0,7
294223.0,6
294242.0,5
294247.0,3
294267.0,6
294275.0,2
294280.0,11
294295.0,14
294310.0,4
294330.0,7
294350.0,4
294363.0,10
294371.0,5
294393.0,8
294406.0,6
294415.0,5
294421.0,6
294439.0,5
294442.0,8
294460.0,5
294464.0,3
294490.0,2
294497.0,10
294523.0,3
294526.0,5
294539.0,4
294559.0,3
294568.0,6
294574.0,2
294576.0,2
294585.0,4
294592.0,3
294602.0,17
294613.0,3
294619.0,5
294626.0,7
294632.0,4
294644.0,5
294660.0,5
294664.0,2
294714.0,5
294719.0,3
294730.0,5
294743.0,8
294750.0,8
294757.0,2
294771.0,7
294789.0,9
294813.0,4
294818.0,8
294825.0,9
294841.0,7
294863.0,12
294872.0,9
294910.0,6
294916.0,5
294919.0,2
294955.0,4
294966.0,2
294974.0,8
294990.0,2
294995.0,3
295012.0,3
295024.0,3
295045.0,3
295050.0,6
295058.0,5
295065.0,3
295070.0,3
295080.0,5
295109.0,11
295120.0,7
295135.0,9
295169.0,3
295189.0,5
295196.0,4
295199.0,5
295211.0,5
295219.0,8
295234.0,6
295254.0,5
295264.0,2
295266.0,5
295285.0,7
295293.0,12
295302.0,4
295312.0,5
295327.0,3
295330.0,11
295346.0,11
295371.0,8
295380.0,4
295387.0,4
295408.0,6
295418.0,7
295424.0,4
295432.0,8
295450.0,5
295462.0,3
295467.0,6
295475.0,2
295480.0,6
295494.0,2
295496.0,6
295502.0,2
295505.0,3
295507.0,4
295537.0,4
295541.0,2
295543.0,11
295555.0,4
295558.0,7
295589.0,7
295594.0,2
295596.0,4
295603.0,3
295610.0,2
295617.0,7
295629.0,3
295634.0,5
295638.0,12
295658.0,2
295660.0,7
295672.0,3
295684.0,5
295712.0,2
295714.0,9
295737.0,5
295751.0,7
295758.0,3
295786.0,6
295798.0,3
295811.0,8
295815.0,5
295825.0,9
295842.0,5
295851.0,5
295856.0,7
295897.0,4
295900.0,4
295904.0,8
295916.0,2
295920.0,7
295937.0,4
295947.0,2
295955.0,4
295960.0,5
295976.0,4
295983.0,6
296017.0,2
296057.0,4
296063.0,7
296078.0,15
296085.0,12
296097.0,5
296104.0,3
296117.0,6
296121.0,2
296126.0,3
296131.0,5
296137.0,6
296144.0,3
296150.0,5
296165.0,4
296169.0,3
296187.0,4
296220.0,8
296256.0,4
296275.0,4
296287.0,3
296292.0,4
296300.0,6
296314.0,12
296326.0,4
296338.0,3
296345.0,15
296367.0,4
296371.0,2
296375.0,4
296377.0,2
296407.0,6
296428.0,6
296436.0,5
296443.0,4
296447.0,9
296455.0,3
296462.0,3
296466.0,4
296469.0,5
296488.0,6
296495.0,5
296505.0,5
296510.0,2
296523.0,7
296545.0,5
296551.0,5
296564.0,5
296571.0,4
296575.0,2
296579.0,4
296592.0,12
296614.0,3
296624.0,6
296629.0,6
296649.0,10
296659.0,4
296663.0,5
296670.0,4
296687.0,3
296698.0,6
296723.0,3
296727.0,10
296738.0,2
296741.0,5
296752.0,6
296815.0,4
296820.0,6
296852.0,2
296857.0,5
296883.0,3
296895.0,4
296907.0,5
296918.0,13
296934.0,3
296937.0,3
296965.0,7
296976.0,5
296979.0,6
297003.0,5
297030.0,6
297037.0,2
297050.0,3
297067.0,3
297100.0,8
297128.0,4
297132.0,4
297156.0,5
297172.0,14
297207.0,3
297216.0,6
297227.0,12
297235.0,3
297238.0,3
297264.0,2
297268.0,5
297277.0,5
297282.0,2
297305.0,7
297311.0,5
297316.0,3
297334.0,2
297337.0,7
297343.0,4
297347.0,2
297351.0,4
297370.0,6
297378.0,9
297386.0,3
297406.0,5
297409.0,7
297420.0,8
297428.0,2
297431.0,7
297443.0,7
297455.0,4
297461.0,6
297477.0,5
297514.0,2
297522.0,4
297539.0,2
297547.0,4
297553.0,10
297562.0,8
297581.0,2
297583.0,3
297591.0,20
297606.0,7
297618.0,3
297622.0,6
297642.0,3
297651.0,5
297656.0,7
297664.0,6
297674.0,7
297695.0,3
297702.0,5
297721.0,4
297726.0,4
297731.0,6
297736.0,4
297745.0,3
297755.0,4
297787.0,4
297797.0,4
297801.0,8
297844.0,5
297868.0,5
297890.0,3
297898.0,9
297911.0,4
297917.0,5
297922.0,12
297932.0,6
297947.0,4
298004.0,6
298028.0,6
298043.0,6
298050.0,4
298065.0,8
298085.0,8
298102.0,2
298109.0,2
298111.0,8
298132.0,2
298134.0,2
298137.0,10
298182.0,9
298190.0,17
298228.0,8
298247.0,7
298249.0,3
298268.0,7
298283.0,52
298335.0,20
298357.0,7
298365.0,19
298382.0,10
298394.0,7
298404.0,33
298434.0,5
298455.0,3
298458.0,20
298533.0,3
298536.0,11
298551.0,14
298563.0,9
298572.0,4
298599.0,21
298622.0,8
298630.0,9
298636.0,18
298660.0,14
298668.0,8
298703.0,7
298709.0,45
298795.0,26
298894.0,2
298918.0,13
298922.0,3
298927.0,42
298971.0,10
298978.0,6
298995.0,11
299006.0,11
299043.0,8
299053.0,18
299069.0,2
299100.0,5
299105.0,4
299119.0,11
299130.0,5
299132.0,22
299177.0,10
299185.0,7
299197.0,10
299202.0,24
299226.0,3
299233.0,39
299269.0,5
299275.0,11
299287.0,5
299297.0,10
299320.0,27
299351.0,6
299357.0,6
299362.0,3
299365.0,5
299370.0,17
299390.0,13
299404.0,3
299420.0,18
299429.0,6
299432.0,23
299454.0,14
299468.0,2
299471.0,32
299502.0,7
299530.0,18
299547.0,6
299554.0,6
299559.0,12
299572.0,4
299580.0,12
299593.0,16
299608.0,9
299625.0,5
299632.0,10
299639.0,13
299668.0,11
299679.0,10
299700.0,20
299719.0,2
299722.0,9
299734.0,31
299764.0,21
299786.0,12
299803.0,7
299811.0,13
299830.0,6
299839.0,7
299842.0,30
299872.0,5
299877.0,16
299893.0,2
299896.0,3
299899.0,7
299919.0,17
299936.0,10
299945.0,5
299956.0,5
299962.0,6
299968.0,9
299975.0,16
299991.0,5
299996.0,5
300001.0,9
300011.0,7
300020.0,14
300036.0,9
300043.0,3
300047.0,7
300056.0,3
300074.0,12
300082.0,7
300089.0,2
300095.0,12
300109.0,37
300144.0,8
300152.0,7
300177.0,20
300199.0,11
300215.0,6
300221.0,6
300228.0,10
300238.0,4
300243.0,7
300248.0,12
300261.0,3
300263.0,12
300282.0,3
300292.0,4
300294.0,8
300311.0,6
300327.0,7
300334.0,17
300359.0,6
300365.0,5
300377.0,7
300388.0,7
300410.0,14
300424.0,23
300449.0,6
300453.0,14
300468.0,8
300475.0,13
300495.0,7
300502.0,5
300507.0,11
300522.0,9
300533.0,14
300542.0,3
300564.0,6
300571.0,10
300580.0,3
300584.0,6
300601.0,14
300614.0,6
300626.0,2
300629.0,4
300640.0,5
300648.0,2
300650.0,7
300658.0,5
300662.0,21
300684.0,3
300686.0,5
300696.0,12
300704.0,13
300716.0,4
300720.0,7
300730.0,7
300734.0,6
300743.0,5
300745.0,11
300756.0,9
300768.0,8
300776.0,6
300791.0,11
300806.0,22
300829.0,14
300843.0,8
300852.0,11
300863.0,5
300869.0,4
300875.0,5
300889.0,3
300892.0,8
300902.0,7
300930.0,9
300938.0,9
300958.0,24
300980.0,5
300982.0,2
300987.0,12
301027.0,7
301033.0,2
301036.0,6
301044.0,16
301058.0,4
301065.0,7
301085.0,6
301091.0,5
301113.0,11
301125.0,26
301151.0,9
301164.0,7
301172.0,12
301183.0,24
301209.0,5
301214.0,12
301241.0,7
301246.0,16
301262.0,4
301281.0,2
301291.0,3
301294.0,5
301303.0,11
301314.0,11
301346.0,6
301350.0,6
301368.0,3
301372.0,9
301383.0,6
301387.0,6
301393.0,7
301400.0,9
301412.0,10
301421.0,3
301424.0,3
301433.0,10
301449.0,8
301454.0,4
301475.0,5
301481.0,11
301510.0,3
301514.0,5
301527.0,2
301531.0,4
301536.0,7
301540.0,8
301549.0,14
301568.0,3
301575.0,15
301590.0,3
301592.0,2
301610.0,9
301625.0,6
301630.0,6
301636.0,3
301642.0,9
301654.0,14
301669.0,3
301673.0,10
301686.0,16
301699.0,15
301716.0,23
301742.0,6
301748.0,10
301765.0,16
301782.0,11
301793.0,8
301805.0,6
301816.0,4
301820.0,5
301825.0,6
301835.0,4
301838.0,8
301850.0,8
301857.0,4
301861.0,3
301864.0,9
301875.0,14
301886.0,4
301891.0,8
301903.0,5
301922.0,8
301956.0,9
301967.0,13
301981.0,13
301995.0,8
302004.0,8
302009.0,3
302011.0,4
302017.0,7
302027.0,4
302030.0,4
302050.0,8
302064.0,2
302068.0,6
302077.0,4
302091.0,13
302104.0,5
302111.0,15
302139.0,5
302146.0,6
302167.0,6
302174.0,6
302178.0,3
302183.0,8
302199.0,6
302203.0,6
302214.0,4
302218.0,5
302223.0,9
302233.0,9
302245.0,9
302250.0,9
302258.0,10
302272.0,2
302276.0,4
302281.0,8
302288.0,7
302297.0,4
302303.0,6
302311.0,4
302318.0,17
302340.0,11
302359.0,7
302370.0,7
302418.0,9
302447.0,2
302452.0,10
302463.0,3
302481.0,5
302497.0,6
302509.0,12
302518.0,7
302525.0,2
302532.0,7
302534.0,10
302546.0,9
302558.0,7
302562.0,3
302565.0,3
302568.0,8
302583.0,10
302595.0,7
302607.0,14
302619.0,6
302624.0,5
302631.0,13
302653.0,10
302663.0,6
302666.0,5
302671.0,16
302689.0,2
302693.0,11
302704.0,6
302713.0,12
302723.0,3
302725.0,3
302728.0,3
302740.0,6
302750.0,17
302765.0,2
302770.0,4
302775.0,5
302787.0,6
302792.0,5
302799.0,9
302812.0,4
302818.0,10
302833.0,7
302841.0,8
302849.0,4
302856.0,6
302873.0,7
302888.0,4
302891.0,4
302896.0,9
302907.0,11
302918.0,6
302929.0,2
302935.0,8
302947.0,7
302960.0,5
302966.0,10
302979.0,3
302982.0,2
302987.0,13
302998.0,3
303001.0,5
303016.0,4
303021.0,5
303035.0,6
303041.0,5
303050.0,6
303058.0,2
303063.0,7
303094.0,16
303109.0,8
303114.0,7
303122.0,4
303146.0,6
303152.0,6
303160.0,5
303169.0,7
303174.0,3
303204.0,5
303216.0,4
303224.0,3
303228.0,6
303240.0,2
303242.0,2
303244.0,2
303246.0,4
303270.0,7
303274.0,4
303281.0,13
303296.0,11
303307.0,5
303312.0,11
303323.0,4
303334.0,4
303339.0,4
303343.0,8
303363.0,5
303371.0,8
303383.0,2
303389.0,3
303413.0,2
303415.0,12
303427.0,5
303432.0,3
303435.0,4
303443.0,2
303445.0,2
303451.0,10
303460.0,4
303471.0,3
303501.0,6
303505.0,3
303521.0,10
303552.0,2
303555.0,5
303560.0,2
303566.0,6
303574.0,13
303602.0,7
303610.0,12
303622.0,4
303631.0,4
303637.0,16
303660.0,8
303672.0,3
303677.0,7
303682.0,3
303685.0,3
303688.0,7
303701.0,9
303727.0,3
303735.0,6
303746.0,2
303749.0,7
303757.0,8
303763.0,3
303771.0,4
303775.0,8
303783.0,2
303798.0,7
303801.0,2
303810.0,4
303812.0,6
303821.0,14
303848.0,2
303850.0,6
303861.0,12
303874.0,15
303898.0,3
303912.0,6
303920.0,8
303927.0,7
303942.0,4
303946.0,3
303949.0,4
303977.0,8
303987.0,12
304027.0,19
304045.0,8
304058.0,13
304072.0,4
304077.0,8
304083.0,2
304085.0,12
304100.0,6
304135.0,4
304153.0,2
304157.0,6
304165.0,6
304174.0,6
304177.0,8
304187.0,5
304193.0,10
304205.0,5
304216.0,13
304230.0,7
304238.0,4
304241.0,8
304248.0,9
304257.0,4
304261.0,11
304275.0,6
304309.0,5
304324.0,4
304328.0,5
304333.0,9
304345.0,3
304369.0,7
304389.0,7
304395.0,10
304404.0,2
304406.0,6
304412.0,5
304429.0,3
304431.0,10
304445.0,4
304448.0,7
304456.0,4
304474.0,3
304477.0,7
304484.0,5
304508.0,5
304515.0,7
304524.0,9
304529.0,5
304542.0,3
304544.0,7
304562.0,4
304566.0,14
304585.0,3
304590.0,3
304595.0,5
304609.0,9
304620.0,5
304637.0,7
304642.0,4
304654.0,6
304668.0,6
304677.0,3
304684.0,6
304698.0,11
304705.0,12
304719.0,2
304723.0,3
304727.0,5
304738.0,4
304743.0,4
304746.0,10
304758.0,7
304763.0,5
304768.0,12
304785.0,3
304804.0,12
304848.0,2
304872.0,7
304884.0,11
304923.0,10
304945.0,6
304951.0,4
304955.0,2
304961.0,10
304986.0,6
305012.0,6
305016.0,7
305034.0,6
305046.0,7
305050.0,2
305057.0,2
305060.0,6
305065.0,3
305073.0,3
305078.0,8
305084.0,4
305088.0,9
305106.0,5
305128.0,6
305145.0,12
305158.0,4
305161.0,2
305163.0,4
305169.0,6
305182.0,2
305184.0,3
305189.0,5
305203.0,5
305210.0,4
305213.0,5
305232.0,3
305237.0,4
305244.0,4
305250.0,10
305260.0,4
305266.0,4
305272.0,6
305275.0,15
305297.0,13
305311.0,3
305313.0,5
305321.0,6
305324.0,5
305332.0,6
305352.0,5
305360.0,7
305367.0,6
305374.0,5
305378.0,4
305392.0,4
305404.0,2
305421.0,9
305428.0,3
305434.0,4
305440.0,2
305443.0,5
305453.0,8
305470.0,7
305490.0,5
305496.0,4
305511.0,3
305514.0,4
305522.0,4
305525.0,5
305541.0,3
305543.0,4
305553.0,4
305557.0,4
305565.0,7
305578.0,15
305595.0,4
305607.0,10
305625.0,3
305635.0,4
305639.0,4
305643.0,5
305648.0,3
305652.0,5
305674.0,4
305680.0,4
305685.0,17
305710.0,5
305714.0,4
305719.0,4
305725.0,4
305728.0,2
305732.0,5
305737.0,11
305750.0,4
305753.0,4
305774.0,8
305789.0,4
305796.0,21
305814.0,6
305824.0,3
305831.0,5
305836.0,20
305856.0,8
305865.0,10
305890.0,12
305905.0,10
305922.0,12
305934.0,5
305957.0,8
305964.0,6
305980.0,7
305986.0,5
305993.0,11
306016.0,2
306019.0,5
306024.0,7
306052.0,4
306056.0,5
306063.0,12
306075.0,13
306095.0,7
306100.0,4
306108.0,2
306111.0,4
306114.0,6
306122.0,4
306125.0,3
306138.0,5
306145.0,18
306168.0,10
306180.0,5
306189.0,7
306196.0,8
306208.0,2
306215.0,20
306232.0,2
306235.0,5
306239.0,6
306245.0,2
306261.0,9
306277.0,3
306280.0,2
306288.0,6
306293.0,11
306304.0,4
306310.0,3
306319.0,13
306334.0,8
306343.0,8
306349.0,15
306370.0,3
306381.0,2
306384.0,4
306388.0,9
306398.0,4
306403.0,4
306410.0,6
306426.0,9
306435.0,8
306443.0,7
306453.0,3
306457.0,14
306471.0,4
306476.0,4
306479.0,5
306486.0,9
306515.0,13
306529.0,3
306535.0,8
306539.0,3
306553.0,7
306559.0,6
306578.0,6
306582.0,6
306602.0,11
306614.0,6
306623.0,9
306630.0,6
306636.0,2
306638.0,2
306647.0,6
306650.0,4
306656.0,6
306669.0,6
306679.0,3
306690.0,3
306693.0,6
306702.0,6
306719.0,3
306733.0,4
306742.0,13
306753.0,3
306756.0,4
306776.0,5
306781.0,5
306794.0,8
306801.0,5
306810.0,4
306825.0,3
306841.0,4
306845.0,3
306849.0,6
306855.0,6
306869.0,6
306885.0,3
306899.0,3
306908.0,4
306920.0,3
306923.0,3
306930.0,4
306936.0,7
306946.0,2
306948.0,3
306960.0,4
306969.0,2
306971.0,4
306976.0,4
306985.0,7
306992.0,4
307001.0,2
307008.0,6
307014.0,3
307017.0,6
307025.0,5
307037.0,5
307043.0,4
307047.0,12
307059.0,2
307062.0,6
307069.0,5
307080.0,13
307085.0,10
307096.0,4
307107.0,3
307120.0,6
307123.0,2
307128.0,17
307147.0,6
307154.0,5
307161.0,12
307171.0,2
307184.0,5
307213.0,5
307228.0,3
307231.0,3
307236.0,5
314857.0,2
314880.0,7
314951.0,2
315213.0,4
315412.0,3
315419.0,3
315543.0,4
315606.0,2
315635.0,3
315679.0,6
315914.0,2
316018.0,4
316108.0,2
316143.0,2
316205.0,2
316336.0,6
316449.0,2
316683.0,4
316761.0,4
317361.0,2
317494.0,5
317732.0,3
317735.0,7
317951.0,4
318197.0,2
318463.0,2
318676.0,2
319425.0,2
320161.0,2
320175.0,4
320271.0,5
320721.0,2
320739.0,7
321681.0,3
322261.0,9
322275.0,3
322386.0,2
322442.0,4
322671.0,48
322720.0,5
322764.0,13
322777.0,27
322804.0,17
322823.0,31
322855.0,24
322912.0,8
322920.0,14
322934.0,24
322959.0,6
322964.0,15
322979.0,8
322987.0,19
323017.0,18
323041.0,15
323056.0,17
323117.0,11
323129.0,112
323257.0,30
323287.0,67
323354.0,15
323369.0,4
323373.0,19
323395.0,13
323548.0,75
323624.0,16
323710.0,14
323758.0,24
323785.0,18
323823.0,26
323844.0,48
323907.0,33
323971.0,76
324002.0,10
324017.0,62
324077.0,17
324094.0,4
324098.0,3
324136.0,132
324269.0,14
324282.0,6
324289.0,96
324384.0,9
324393.0,3
324397.0,21
324421.0,97
324514.0,20
324536.0,31
324565.0,30
324602.0,134
324731.0,26
324755.0,2
324757.0,284
325043.0,12
325067.0,2
325071.0,7
325081.0,9
325087.0,37
325125.0,132
325258.0,81
325337.0,21
325358.0,65
325423.0,76
325505.0,54
325606.0,72
325627.0,140
325827.0,41
325867.0,2
325869.0,5
325892.0,8
325922.0,15
325936.0,4
325942.0,4
325944.0,13
325957.0,30
326038.0,27
326067.0,45
326111.0,50
326193.0,6
326235.0,33
326270.0,22
326322.0,18
326337.0,237
326571.0,19
326590.0,7
326597.0,16
326619.0,6
326625.0,16
326641.0,17
326658.0,87
326798.0,30
326830.0,14
326842.0,15
326884.0,10
326895.0,11
326903.0,38
326943.0,2
326949.0,35
326982.0,22
327004.0,25
327029.0,6
327038.0,9
327044.0,2
327156.0,24
327193.0,4
327215.0,24
327253.0,10
327281.0,5
327285.0,10
327300.0,27
327327.0,18
327384.0,21
327405.0,7
327425.0,13
327443.0,20
327458.0,16
327484.0,19
327516.0,13
327529.0,5
327537.0,18
327554.0,28
327583.0,7
327644.0,7
327658.0,30
327681.0,91
327779.0,13
327798.0,20
327829.0,182
328014.0,38
328319.0,12
328331.0,86
328435.0,6
328441.0,7
328450.0,5
328458.0,10
328467.0,6
328473.0,17
328492.0,20
328517.0,10
328528.0,2
328530.0,21
328551.0,20
328575.0,38
328634.0,28
328641.0,3
328647.0,5
328651.0,2
328665.0,7
328676.0,4
328895.0,2
329233.0,9
329246.0,3
329273.0,3
329305.0,8
329338.0,5
329347.0,4
329351.0,3
329374.0,5
329391.0,3
329394.0,2
329399.0,3
329404.0,7
329412.0,5
329426.0,3
329431.0,6
329445.0,4
329457.0,3
329466.0,3
329468.0,7
329491.0,3
329495.0,3
329498.0,3
329505.0,3
329514.0,5
329557.0,2
329565.0,3
329576.0,7
329597.0,5
329619.0,3
329633.0,8
329646.0,5
329649.0,2
329669.0,7
329693.0,4
329706.0,2
329711.0,4
329722.0,3
329771.0,8
329777.0,2
329799.0,5
329808.0,3
329819.0,2
329826.0,6
329844.0,4
329869.0,5
329883.0,3
329922.0,8
329927.0,4
329934.0,4
329950.0,7
329987.0,7
330006.0,4
330022.0,5
330030.0,3
330051.0,2
330054.0,2
330062.0,2
330064.0,3
330081.0,5
330113.0,5
330117.0,10
330147.0,6
330182.0,6
330188.0,5
330236.0,4
330247.0,7
330354.0,6
330413.0,3
330418.0,5
330433.0,3
330483.0,6
330506.0,2
330514.0,2
330530.0,4
330542.0,12
330554.0,5
330559.0,4
330565.0,8
330574.0,5
330577.0,6
330647.0,3
330650.0,3
330661.0,2
330716.0,5
330770.0,6
330782.0,6
330791.0,8
330800.0,5
330809.0,7
330830.0,4
330865.0,17
330894.0,10
330907.0,3
330915.0,5
330920.0,4
330949.0,4
330967.0,3
330977.0,2
331006.0,5
331012.0,4
331067.0,8
331076.0,4
331081.0,5
331119.0,2
331121.0,3
331128.0,3
331137.0,4
331177.0,2
331237.0,2
331338.0,5
331384.0,5
331390.0,3
331397.0,2
331419.0,4
332416.0,7
332426.0,3
332490.0,3
332500.0,2
332619.0,3
332636.0,14
332729.0,6
332797.0,3
332809.0,9
332843.0,8
333000.0,6
333006.0,8
333201.0,2
333219.0,7
333248.0,5
333252.0,2
333256.0,2
333260.0,3
333327.0,3
333353.0,3
333404.0,9
333432.0,3
333458.0,3
333461.0,4
333605.0,7
333633.0,4
333671.0,9
333915.0,4
333934.0,6
334077.0,4
334085.0,2
334140.0,3
334191.0,9
334269.0,4
334418.0,3
334703.0,2
334715.0,4
334717.0,2
334721.0,6
334751.0,2
334791.0,7
334810.0,7
334837.0,2
334842.0,3
335515.0,6
335523.0,10
335666.0,6
335679.0,7
335943.0,3
336169.0,3
336171.0,3
336232.0,2
336241.0,3
336269.0,7
336292.0,5
336341.0,5
336443.0,4
336512.0,4
336672.0,7
336857.0,3
337047.0,8
337063.0,3
337351.0,11
337362.0,2
337370.0,7
337426.0,5
337487.0,9
337496.0,5
337523.0,2
337525.0,3
337528.0,6
337540.0,4
337572.0,9
337701.0,4
337795.0,3
337802.0,3
337917.0,3
337935.0,9
337951.0,3
337961.0,2
337992.0,3
337995.0,3
337998.0,12
338073.0,8
338122.0,7
338131.0,3
338272.0,3
338313.0,3
338316.0,5
338326.0,9
338345.0,2
338349.0,13
338360.0,2
338379.0,15
338410.0,6
338429.0,2
338455.0,4
338459.0,7
338517.0,6
338608.0,10
338630.0,3
338643.0,4
338661.0,2
338665.0,8
338703.0,4
339240.0,6
339245.0,12
339261.0,9
339269.0,10
339283.0,5
339294.0,6
339327.0,4
339370.0,4
339419.0,5
339422.0,3
339436.0,4
339486.0,3
339490.0,4
339493.0,2
339500.0,8
339660.0,3
339698.0,2
339748.0,3
339752.0,10
339951.0,2
340016.0,5
340034.0,11
340045.0,4
340049.0,4
340053.0,8
340089.0,5
340181.0,4
340188.0,3
340729.0,3
340736.0,3
340759.0,3
340812.0,5
341010.0,4
341078.0,4
341091.0,6
341097.0,3
341104.0,2
341106.0,4
341123.0,3
341137.0,2
341139.0,4
341177.0,4
341191.0,3
341208.0,2
341217.0,4
341240.0,3
341296.0,2
341331.0,6
341567.0,2
341588.0,6
341633.0,2
341638.0,4
341641.0,13
341654.0,4
341680.0,2
341692.0,3
341716.0,7
341721.0,9
341818.0,3
341824.0,3
341829.0,6
341838.0,5
341853.0,3
341857.0,4
341869.0,4
341885.0,3
341891.0,3
341904.0,10
341930.0,15
341948.0,6
341969.0,11
341980.0,6
341997.0,5
342007.0,4
342018.0,2
342022.0,3
342026.0,5
342035.0,2
342067.0,5
342204.0,2
342207.0,2
342499.0,7
342684.0,5
342699.0,2
342701.0,2
342705.0,13
342716.0,5
343887.0,3
344129.0,4
344942.0,5
345671.0,4
350852.0,3
350894.0,4
350897.0,4
351065.0,2
351455.0,4
351540.0,3
352091.0,8
352478.0,10
352482.0,3
352529.0,4
352564.0,5
352958.0,12
353371.0,3
357630.0,14
357649.0,5
357653.0,10
357663.0,15
357678.0,6
357692.0,7
357697.0,4
357716.0,3
357719.0,15
357742.0,11
357770.0,6
357775.0,7
357809.0,10
357824.0,4
357834.0,11
357842.0,4
357844.0,7
357863.0,8
357881.0,2
357917.0,11
357930.0,4
357935.0,5
357941.0,20
357989.0,9
357996.0,4
357999.0,4
358017.0,6
358026.0,7
358055.0,7
358083.0,3
358086.0,4
358091.0,5
358107.0,7
358133.0,5
358138.0,4
358141.0,15
358157.0,3
358177.0,11
358202.0,4
358210.0,2
358216.0,4
358232.0,8
358254.0,5
358258.0,12
358274.0,3
358287.0,2
358291.0,6
358298.0,4
358301.0,2
358328.0,5
358333.0,10
358351.0,2
358362.0,3
358365.0,3
358399.0,4
358405.0,6
358411.0,6
358420.0,11
358432.0,5
358443.0,8
358457.0,4
358463.0,7
358469.0,6
358485.0,6
358498.0,4
358508.0,10
358521.0,7
358531.0,4
358535.0,5
358540.0,4
358550.0,3
358562.0,3
358588.0,7
358594.0,3
358600.0,13
358619.0,2
358621.0,2
358623.0,3
358633.0,2
358652.0,5
358656.0,3
358658.0,5
358663.0,2
358669.0,2
358671.0,3
358682.0,4
358703.0,2
358736.0,2
358762.0,5
358767.0,5
358794.0,4
358799.0,4
358803.0,6
358831.0,5
358834.0,2
358836.0,2
358838.0,3
358850.0,3
358859.0,7
358863.0,2
358865.0,2
358867.0,2
358876.0,3
358905.0,7
358914.0,4
358927.0,9
358942.0,4
358954.0,3
359005.0,8
359034.0,2
359042.0,6
359064.0,3
359073.0,2
359096.0,7
359111.0,16
359126.0,3
359166.0,3
359202.0,6
359219.0,4
359224.0,3
359230.0,5
359243.0,5
359249.0,5
359255.0,5
359258.0,7
359265.0,2
359267.0,2
359305.0,9
359314.0,4
359330.0,6
359343.0,3
359349.0,5
359353.0,5
359357.0,3
359366.0,10
359381.0,17
359395.0,4
359406.0,3
359409.0,3
359426.0,4
359429.0,10
359458.0,5
359475.0,4
359481.0,4
359487.0,3
359512.0,4
359515.0,3
359519.0,4
359522.0,3
359527.0,8
359540.0,2
359547.0,5
359553.0,3
359560.0,2
359570.0,2
359580.0,4
359583.0,4
359615.0,3
359618.0,3
359621.0,4
359628.0,7
359632.0,4
359637.0,3
359655.0,4
359666.0,5
359680.0,4
359708.0,5
359715.0,6
359726.0,3
359732.0,5
359737.0,7
359746.0,2
359773.0,6
359779.0,2
359808.0,7
359825.0,4
359830.0,6
359837.0,7
359861.0,3
359865.0,9
359881.0,5
359893.0,2
359898.0,3
359907.0,3
359954.0,4
359957.0,3
359961.0,5
359974.0,7
359986.0,9
360016.0,5
360039.0,2
360065.0,3
360071.0,5
360087.0,5
360094.0,10
360106.0,5
360114.0,2
360123.0,6
360138.0,3
360141.0,4
360161.0,5
360175.0,3
360181.0,6
360184.0,4
360201.0,4
360219.0,5
360236.0,2
360241.0,2
360254.0,4
360258.0,6
360265.0,5
360271.0,2
360285.0,2
360287.0,2
360315.0,4
360359.0,4
360365.0,4
360380.0,4
360390.0,3
360429.0,5
360433.0,8
360483.0,6
360522.0,2
360537.0,8
360547.0,3
360553.0,3
360558.0,9
360574.0,6
360580.0,5
360596.0,10
360634.0,3
360637.0,2
360666.0,8
360683.0,2
360685.0,2
360699.0,5
360747.0,4
360757.0,8
360773.0,5
360777.0,4
360785.0,2
360790.0,6
360815.0,3
360818.0,4
360830.0,6
360885.0,4
360890.0,2
360894.0,5
360947.0,8
360956.0,4
360967.0,6
360973.0,11
360985.0,7
361037.0,5
361055.0,10
361067.0,4
361091.0,8
361105.0,3
361111.0,3
361117.0,2
361128.0,2
361130.0,4
361134.0,4
361186.0,4
361191.0,2
361200.0,6
361206.0,3
361212.0,3
361215.0,2
361231.0,8
361239.0,7
361249.0,3
361262.0,3
361277.0,2
361295.0,5
361305.0,6
361319.0,3
361334.0,11
361348.0,4
361386.0,4
361399.0,2
361413.0,6
361430.0,6
361459.0,7
361514.0,4
361518.0,3
361582.0,7
361612.0,15
361617.0,3
361630.0,2
361642.0,2
361655.0,3
361670.0,7
361694.0,4
361697.0,3
361728.0,5
361731.0,7
361738.0,9
361752.0,6
361764.0,4
361788.0,3
361796.0,3
361808.0,4
361813.0,3
361826.0,3
361830.0,6
361871.0,3
361883.0,2
361886.0,8
361899.0,2
361912.0,3
361917.0,4
361957.0,2
361959.0,6
361967.0,3
361981.0,2
361998.0,3
362012.0,8
362018.0,2
362030.0,5
362039.0,3
362047.0,6
362056.0,4
362073.0,4
362080.0,2
362121.0,4
362128.0,4
362135.0,3
362149.0,11
362179.0,4
362190.0,4
362196.0,4
362209.0,5
362213.0,2
362221.0,8
362231.0,5
362242.0,5
362261.0,5
362266.0,4
362271.0,6
362279.0,8
362331.0,3
362334.0,3
362341.0,5
362346.0,3
362349.0,4
362375.0,2
362386.0,5
362389.0,5
362407.0,7
362423.0,2
362432.0,4
362452.0,4
362470.0,3
362481.0,3
362503.0,4
362520.0,6
362539.0,6
362551.0,6
362556.0,3
362563.0,3
362574.0,3
362581.0,4
362607.0,3
362617.0,6
362620.0,2
362637.0,4
362661.0,8
362665.0,3
362672.0,6
362679.0,4
362716.0,6
362729.0,4
362742.0,3
362766.0,8
362774.0,4
362787.0,5
362794.0,2
362796.0,2
362807.0,4
362820.0,3
362826.0,9
362844.0,4
362851.0,4
362908.0,2
362930.0,3
362933.0,2
362935.0,3
362946.0,7
362969.0,5
363026.0,9
363053.0,5
363098.0,3
363103.0,22
363141.0,2
363162.0,2
363164.0,4
363168.0,3
363173.0,6
363190.0,5
363197.0,6
363204.0,6
363214.0,4
363229.0,2
363231.0,3
363234.0,2
363243.0,3
363246.0,3
363267.0,5
363305.0,5
363321.0,4
363324.0,3
363342.0,3
363353.0,4
363356.0,4
363378.0,6
363387.0,3
363503.0,3
363523.0,8
363553.0,3
363566.0,3
363571.0,2
363573.0,4
363587.0,5
363593.0,6
363614.0,6
363630.0,7
363651.0,4
363660.0,9
363669.0,8
363679.0,12
363689.0,5
363706.0,2
363708.0,2
363718.0,6
363735.0,3
363767.0,2
363776.0,5
363799.0,5
363808.0,2
363820.0,2
363830.0,6
363851.0,11
363881.0,3
363922.0,4
363964.0,2
363977.0,6
363982.0,6
363990.0,8
364001.0,4
364011.0,2
364018.0,6
364053.0,4
364070.0,2
364086.0,3
364089.0,2
364091.0,2
364094.0,3
364109.0,2
364161.0,4
364167.0,6
364175.0,4
364295.0,2
364325.0,5
364331.0,3
364336.0,4
364346.0,4
364360.0,2
364430.0,5
364434.0,4
364455.0,6
364461.0,2
364483.0,3
364489.0,2
364491.0,2
364504.0,2
364513.0,2
364515.0,5
364527.0,3
364534.0,3
364537.0,5
364542.0,9
364571.0,4
364592.0,2
364603.0,6
364726.0,5
364758.0,2
364767.0,8
364851.0,2
364863.0,8
364971.0,6
365012.0,4
365035.0,7
365087.0,4
365139.0,9
365168.0,4
365171.0,14
365193.0,2
365231.0,7
365270.0,12
365277.0,5
365307.0,21
365348.0,5
365362.0,4
365376.0,5
365390.0,11
365393.0,11
365444.0,17
365492.0,6
365502.0,14
365534.0,13
365575.0,7
365700.0,4
365785.0,3
365843.0,4
365856.0,2
365912.0,2
365914.0,5
365922.0,3
365997.0,11
366015.0,7
366176.0,17
366274.0,23
366316.0,3
366318.0,3
366322.0,3
366325.0,13
366386.0,2
366436.0,3
366439.0,5
366447.0,4
366570.0,3
366667.0,4
366671.0,5
366678.0,7
366685.0,2
366708.0,10
366716.0,6
366751.0,14
366772.0,15
366786.0,6
366808.0,8
366839.0,3
366952.0,2
366974.0,7
367008.0,2
367088.0,5
367105.0,9
367118.0,3
367159.0,6
367213.0,6
367247.0,4
367275.0,9
367339.0,2
367351.0,5
367355.0,3
367407.0,3
367454.0,2
367456.0,8
367563.0,3
367695.0,4
367708.0,4
367735.0,2
367851.0,4
367923.0,6
368003.0,5
368035.0,2
368162.0,3
368171.0,5
368219.0,5
368232.0,2
368256.0,4
368297.0,8
368317.0,2
368349.0,7
368462.0,22
368577.0,66
368700.0,67
368717.0,12
368825.0,3
368834.0,22
368951.0,15
368997.0,2
369123.0,12
369464.0,20
369532.0,5
369593.0,43
369615.0,8
369729.0,15
369760.0,114
370019.0,42
370608.0,209
370828.0,7
370834.0,3
371061.0,6
371264.0,178
371266.0,3
371270.0,2
371275.0,7
371282.0,6
371312.0,5
371377.0,3
371448.0,8
371455.0,6
371719.0,10
371746.0,4
372038.0,40
372110.0,5
372223.0,11
372435.0,2
372456.0,30
372961.0,13
372980.0,54
373256.0,99
374366.0,33
374466.0,6
374942.0,168
375477.0,172
376043.0,14
376064.0,5
376071.0,3
376145.0,5
376166.0,7
376175.0,9
376200.0,4
376202.0,28
376261.0,18
376282.0,7
376285.0,20
376305.0,10
376325.0,6
376332.0,333
376664.0,7
376671.0,6
376679.0,13
376690.0,3
376694.0,92
376792.0,63
376856.0,28
376885.0,8
376892.0,12
376918.0,21
376927.0,16
376943.0,39
376980.0,15
376996.0,140
377143.0,56
377193.0,14
377204.0,30
377236.0,34
377285.0,49
377319.0,52
377382.0,112
377487.0,10
377497.0,163
377660.0,28
377688.0,97
377786.0,9
377798.0,17
377814.0,13
377827.0,315
378142.0,2
378145.0,4
378149.0,245
378438.0,240
378678.0,22
378700.0,18
378718.0,46
378807.0,238
379042.0,54
379097.0,6
379103.0,17
379120.0,2
379126.0,13
379141.0,47
379215.0,11
379231.0,24
379261.0,6
379279.0,2
379295.0,4
379336.0,4
379352.0,30
379392.0,18
379408.0,6
379414.0,8
379476.0,3
379591.0,3
379599.0,4
379607.0,5
379613.0,4
379791.0,8
379854.0,4
379926.0,3
379939.0,5
379952.0,3
380036.0,6
380042.0,9
380096.0,3
380178.0,4
380236.0,2
380266.0,2
380316.0,5
380333.0,2
380368.0,4
380478.0,6
380530.0,3
380550.0,4
380572.0,7
380695.0,4
380781.0,5
380793.0,13
381006.0,4
381166.0,3
381204.0,8
381216.0,6
381300.0,5
381448.0,16
381463.0,38
381575.0,5
381592.0,13
381623.0,45
381680.0,16
381716.0,18
381785.0,13
381799.0,11
381816.0,42
381854.0,55
381911.0,14
382010.0,4
382045.0,72
382127.0,6
382180.0,26
382206.0,21
382230.0,7
382234.0,22
382280.0,6
382284.0,7
382292.0,4
382308.0,5
382311.0,6
382317.0,4
382321.0,4
382328.0,18
382347.0,39
382392.0,31
382428.0,25
382450.0,8
382456.0,48
382580.0,65
382641.0,9
382661.0,18
382679.0,21
382699.0,7
382706.0,3
382713.0,9
382721.0,6
382761.0,52
382808.0,57
382866.0,60
382946.0,6
382966.0,15
383078.0,9
383138.0,2
383149.0,3
383217.0,16
383317.0,110
383433.0,3
383490.0,2
383516.0,8
383600.0,43
383645.0,18
383663.0,22
383686.0,24
383729.0,35
383769.0,12
383773.0,23
383797.0,45
383841.0,7
383864.0,20
383883.0,32
383914.0,3
383991.0,7
384011.0,8
384027.0,38
384063.0,34
384113.0,18
384124.0,22
384149.0,43
384189.0,11
384213.0,24
384229.0,11
384236.0,51
384297.0,19
384322.0,17
384333.0,73
384406.0,22
384428.0,9
384440.0,27
384466.0,98
384564.0,11
384689.0,45
384749.0,10
384760.0,24
384788.0,11
384796.0,12
384806.0,12
384817.0,5
384842.0,8
384867.0,117
384981.0,56
385039.0,21
385061.0,28
385086.0,35
385132.0,10
385162.0,73
385231.0,14
385245.0,3
385248.0,51
385309.0,48
385360.0,10
385364.0,52
385441.0,6
385537.0,7
385558.0,32
385593.0,4
385604.0,21
385620.0,17
385644.0,19
385665.0,40
385710.0,59
385781.0,22
385784.0,54
385841.0,7
385845.0,10
385865.0,32
385900.0,9
385911.0,10
385920.0,27
385948.0,9
385962.0,18
385982.0,21
385993.0,22
386015.0,5
386022.0,46
386065.0,9
386089.0,17
386106.0,5
386110.0,10
386123.0,18
386141.0,34
386172.0,18
386194.0,43
386239.0,13
386246.0,6
386255.0,27
386290.0,11
386292.0,16
386326.0,18
386334.0,14
386345.0,5
386357.0,29
386381.0,9
386389.0,5
386398.0,8
386402.0,8
386413.0,8
386421.0,33
386450.0,38
386515.0,26
386535.0,19
386559.0,10
386562.0,39
386609.0,51
386663.0,25
386681.0,14
386707.0,36
386741.0,46
386793.0,43
386835.0,13
386844.0,29
386872.0,80
386956.0,14
386988.0,25
387002.0,13
387011.0,8
387018.0,20
387036.0,39
387078.0,8
387083.0,18
387109.0,35
387154.0,14
387168.0,8
387179.0,4
387188.0,11
387199.0,24
387243.0,53
387299.0,15
387321.0,2
387325.0,11
387336.0,14
387357.0,12
387380.0,13
387387.0,2
387389.0,3
387392.0,2
387394.0,3
387414.0,19
387441.0,43
387506.0,141
387627.0,7
387640.0,11
387645.0,22
387678.0,9
387688.0,8
387732.0,3
387735.0,2
387737.0,3
387746.0,5
387751.0,2
387799.0,33
387852.0,43
387896.0,3
387899.0,84
388013.0,17
388049.0,12
388058.0,8
388066.0,7
388090.0,23
388097.0,5
388102.0,14
388115.0,2
388163.0,8
388173.0,48
388222.0,74
388295.0,16
388316.0,26
388345.0,11
388365.0,33
388416.0,20
388438.0,43
388495.0,11
388557.0,36
388820.0,163
389038.0,29
389052.0,5
389059.0,6
389081.0,80
389163.0,59
389221.0,3
389226.0,5
389230.0,21
389256.0,14
389269.0,4
389275.0,13
389287.0,5
389291.0,15
389312.0,4
389319.0,5
389327.0,6
389338.0,15
389347.0,19
389365.0,9
389378.0,6
389384.0,5
389405.0,16
389419.0,6
389432.0,7
389439.0,8
389448.0,6
389453.0,7
389464.0,7
389471.0,4
389477.0,5
389485.0,3
389487.0,19
389507.0,6
389512.0,14
389528.0,9
389535.0,9
389544.0,5
389552.0,3
389566.0,9
389576.0,32
389608.0,12
389620.0,35
389655.0,26
389684.0,7
389696.0,5
389705.0,6
389709.0,281
389989.0,4
389993.0,2
389998.0,5
390000.0,6
390310.0,51
390362.0,9
390370.0,14
390386.0,4
390388.0,13
390402.0,5
390406.0,15
390421.0,18
390464.0,7
390470.0,5
390477.0,5
390482.0,15
390497.0,3
390505.0,23
390528.0,6
390541.0,15
390551.0,5
390557.0,5
390561.0,9
390592.0,21
390613.0,6
390683.0,35
390717.0,16
390733.0,8
390740.0,16
390756.0,18
390781.0,27
390807.0,5
390822.0,21
390842.0,52
390951.0,12
390970.0,6
390973.0,9
390982.0,8
391216.0,177
391389.0,17
391407.0,8
391414.0,10
391424.0,9
391433.0,9
391442.0,4
391446.0,4
391451.0,25
391520.0,49
391524.0,6
391531.0,6
391536.0,55
391591.0,9
391601.0,20
391621.0,19
391645.0,4
391649.0,7
391655.0,8
391663.0,48
391711.0,53
391765.0,8
391772.0,5
391778.0,8
391786.0,74
391859.0,13
391918.0,10
391928.0,5
391934.0,4
391937.0,16
391978.0,64
392044.0,14
392075.0,9
392085.0,22
392109.0,20
392126.0,9
392138.0,22
392158.0,4
392172.0,25
392193.0,19
392212.0,9
392224.0,65
392300.0,151
392451.0,3
392455.0,13
392467.0,2
392570.0,4
392573.0,8
392581.0,45
392629.0,10
392654.0,3
392658.0,102
392760.0,40
392798.0,5
392803.0,30
392894.0,9
392907.0,34
392941.0,15
392965.0,6
392973.0,6
392977.0,10
392987.0,36
393046.0,16
393062.0,2
393066.0,27
393092.0,7
393100.0,14
393113.0,5
393120.0,36
393154.0,2
393181.0,16
393198.0,7
393204.0,89
393294.0,87
393380.0,7
393388.0,7
393397.0,2
393401.0,6
393433.0,23
393447.0,14
393465.0,11
393475.0,3
393479.0,5
393484.0,5
393488.0,449
393939.0,2
393946.0,5
393951.0,2
393954.0,7
393960.0,7
393976.0,11
394032.0,7
394049.0,15
394064.0,3
394067.0,26
394093.0,7
394100.0,2
394105.0,4
394108.0,2
394113.0,4
394117.0,18
394134.0,8
394168.0,4
394175.0,9
394183.0,68
394249.0,4
394273.0,23
394295.0,16
394313.0,8
394322.0,10
394345.0,5
394365.0,11
394373.0,5
394376.0,2
394380.0,37
394515.0,3
394622.0,21
394643.0,180
394826.0,7
394830.0,55
394892.0,4
394896.0,4
394903.0,11
394936.0,5
394941.0,11
394950.0,9
394959.0,16
394976.0,7
394983.0,4
394986.0,11
394997.0,6
395003.0,9
395014.0,5
395017.0,5
395023.0,8
395034.0,11
395044.0,4
395049.0,5
395054.0,13
395068.0,10
395119.0,5
395126.0,11
395204.0,3
395254.0,9
395287.0,7
395299.0,3
395312.0,2
395314.0,2
395316.0,9
395337.0,9
395343.0,2
395346.0,4
395349.0,6
395368.0,8
395379.0,8
395387.0,4
395410.0,2
395415.0,4
395424.0,19
395443.0,21
395475.0,4
395486.0,14
395519.0,23
395555.0,8
395602.0,3
395643.0,4
395693.0,3
395764.0,9
395770.0,3
396131.0,2
396196.0,3
396306.0,2
396356.0,5
396362.0,3
396407.0,2
396504.0,2
396526.0,4
396615.0,10
396676.0,2
396921.0,2
396938.0,5
396955.0,5
396973.0,2
397047.0,2
397098.0,4
397147.0,4
397404.0,2
397515.0,92
397604.0,132
397738.0,11
397747.0,7
397754.0,16
397773.0,22
397793.0,48
397840.0,11
397851.0,15
397868.0,30
397922.0,27
397949.0,30
397982.0,9
397992.0,28
398018.0,7
398024.0,18
398041.0,7
398048.0,2
398053.0,19
398069.0,3
398077.0,11
398092.0,7
398097.0,3
398100.0,11
398112.0,19
398137.0,23
398166.0,21
398197.0,10
398217.0,8
398220.0,3
398225.0,8
398232.0,10
398242.0,7
398249.0,10
398258.0,18
398290.0,20
398309.0,5
398315.0,8
398326.0,13
398341.0,15
398351.0,13
398364.0,11
398380.0,5
398384.0,10
398393.0,12
398405.0,5
398409.0,3
398412.0,3
398415.0,15
398430.0,16
398447.0,4
398452.0,6
398460.0,12
398480.0,3
398491.0,13
398528.0,4
398530.0,15
398546.0,5
398561.0,4
398563.0,7
398579.0,11
398590.0,5
398598.0,13
398665.0,6
398675.0,15
398691.0,9
398698.0,5
398703.0,6
398710.0,9
398719.0,19
398748.0,12
398765.0,8
398770.0,18
398802.0,12
398812.0,8
398826.0,6
398828.0,6
398835.0,10
398845.0,3
398847.0,8
398857.0,9
398874.0,7
398884.0,13
398908.0,7
398910.0,8
398929.0,9
398937.0,4
398940.0,2
398964.0,30
398989.0,15
399010.0,5
399015.0,5
399020.0,2
399026.0,7
399040.0,3
399044.0,10
399075.0,7
399083.0,43
399125.0,33
399158.0,11
399169.0,5
399174.0,4
399179.0,5
399184.0,6
399193.0,8
399204.0,5
399215.0,5
399221.0,13
399234.0,5
399256.0,4
399260.0,4
399269.0,3
399278.0,10
399289.0,5
399295.0,13
399329.0,5
399349.0,222
399586.0,90
399668.0,84
399752.0,10
399760.0,83
,2
,2
,2
,2
,2
,2
,2
,2
,2
,2
,2
,2
,2
,2
,2
,2
,2
,2
,2
,2
,2
,2
,2
,2
,2
,2
,2
,2
,2
,2
,2
,2
,2
,2
,2
,2
,2
,2
,2
,2
,2
,2
,2
,2
,2
,2
,2
,2
,2
,2
,2
,2
,2
,2
,2
,2
,2
,2
,2
,2
,2
,2
,2
,2
,2
,2
,2
,2
,2
,2
,2
,2
,2
,2
,2
,2
,2
,2
,2
,2
,2
,2
,2
,2
,2
,2
,2
,2
,2
,2
,2
,2
,2
,2
,2
,2
,2
,2
,2
,2
,2
,2
,2
,2
,2
,2
,2
,2
,2
,2
,2
,2
,2
,2
,2
,2
,2
,2
,2
,2
,2
,2
,2
,2
,2
,2
,2
,2
,2
,2
,2
,2
,2
,2
,2
,2
,2
,2
,2
,2
,2
,2
,2
,2
,2
,2
,2
,2
,2
,2
,2
,2
,2
,2
,2
,2
,2
,2
,2
,2
,2
,2
,2
,2
,2
,2
,2
,2
,2
,2
,2
,2
,2
,2
,2
,2
,2
,2
,2
,2
,2
,2
,2
,2
,2
,2
,2
,2
,2
,2
,2
,2
,2
,2
,2
,2
,2
,2
,2
,2
,2
,2
,2
,2
,2
,2
,2
,2
,2
,2
,2
,2
,2
,2
,2
,2
,2
,2
,2
,2
,2
,2
,2
,2
,2
,2
,2
,2
,2
,2
,2
,2
,2
,2
,2
,2
,2
,2
,2
,2
,2
,2
,2
,2
,2
,2
,2
,2
,2
,2
,2
,2
,2
,2
,2
,2
,2
,2
,2
,2
,2
,2
,2
,2
,2
,2
,2
,2
,2
,2
,2
,2
,2
,2
,2
,2
,2
,2
,2
,2
,2
,2
,2
,2
,2
,2
,2
,2
,2
,2
,2
,2
,2
,2
,2
,2
,2
,2
,2
,2
,2
,2
,2
,2
,2
,2
,2
,2
,2
,2
,2
,2
,2
,2
,2
,2
,2
,2
,2
,2
,2
,2
,2
,2
,2
,2
,2
,2
,2
,2
,2
,2
,2
,2
,2
,2
,2
,2
,2
,2
,2
,2
,2
,2
,2
,2
,2
,2
,2
,2
,2
,2
,2
,2
,2
,2
,2
,2
,2
,2
,2
,2
,2
,2
,2
,2
,2
,2
,2
,2
,2
,2
,2
,2
,2
,2
,2
,2
,2
,2
,2
,2
,2
,2
,2
,2
,2
,2
,2
,2
,2
,2
,2
,2
,2
,2
,2
,2
,2
,2
,2
,2
,2
,2
,2
,2
,2
,2
,2
,2
,2
,2
,2
,2
,2
,2
,2
,2
,2
,2
,2
,2
,2
,2
,2
,2
,2
,2
,2
,2
,2
,2
,2
,2
,2
,2
,2
,2
,2
,2
,2
,2
,2
,2
,2
,2
,2
,2
,2
,2
,2
,2
,2
,2
,2
,2
,2
,2
,2
,2
,2
,2
,2
,2
,2
,2
,2
,2
,2
,2
,2
,2
,2
,2
,2
,2
,2
,2
,2
,2
,2
,2
,2
,2
,2
,2
,2
,2
,2
,2
,2
,2
,2
,2
,2
,2
,2
,2
,2
,2
,2
,2
,2
,2
,2
,2
,2
,2
,2
,2
,2
,2
,2
,2
,2
,2
,2
,2
,2
,2
,2
,2
,2
,2
,2
,2
,2
,2
,2
,2
,2
,2
,2
,2
,2
,2
,2
,2
,2
,2
,2
,2
,2
,2
,2
,2
,2
,2
,2
,2
,2
,2
,2
,2
,2
,2
,2
,2
,2
,2
,2
,2
,2
,2
,2
,2
,2
,2
,2
,2
,2
,2
,2
,2
,2
,2
,2
,2
,2
,2
,2
,2
,2
,2
,2
,2
,2
,2
,2
,2
,2
,2
,2
,2
,2
,2
,2
,2
,2
,2
,2
,2
,2
,2
,2
,2
,2
,2
,2
,2
,2
,2
,2
,2
,2
,2
,2
,2
,2
,2
,2
,2
,2
,2
,2
,2
,2
,2
,2
,2
,2
,2
,2
,2
,2
,2
,2
,2
,2
,2
,2
,2
,2
,2
,2
,2
,2
,2
,2
,2
,2
,2
,2
,2
,2
,2
,2
,2
,2
,2
,2
,2
,2
,2
,2
,2
,2
,2
,2
,2
,2
,2
,2
,2
,2
,2
,2
,2
,2
,2
,2
,2
,2
,2
,2
,2
,2
,2
,2
,2
,2
,2
,2
,2
,2
,2
,2
,2
,2
,2
,2
,2
,2
,2
,2
,2
,2
,2
,2
,2
,2
,2
,2
,2
,2
,2
,2
,2
,2
,2
,2
,2
,2
,2
,2
,2
,2
,2
,2
,2
,2
,2
,2
,2
,2
,2
,2
,2
,2
,2
,2
,2
,2
,2
,2
,2
,2
,2
,2
,2
,2
,2
,2
,2
,2
,2
,2
,2
,2
,2
,2
,2
,2
,2
,2
,2
,2
,2
,2
,2
,2
,2
,2
,2
,2
,2
,2
,2
,2
,2
,2
,2
,2
,2
,2
,2
,2
,2
,2
,2
,2
,2
,2
,2
,2
,2
,2
,2
,2
,2
,2
,2
,2
,2
,2
,2
,2
,2
,2
,2
,2
,2
,2
,2
,2
,2
,2
,2
,2
,2
,2
,2
,2
,2
,2
,2
,2
,2
,2
,2
,2
,2
,2
,2
,2
,2
,2
,2
,2
,2
,2
,2
,2
,2
,2
,2
,2
,2
,2
,2
,2
,2
,2
,2
,2
,2
,2
,2
,2
,2
,2
,2
,2
,2
,2
,2
,2
,2
,2
,2
,2
,2
,2
,2
,2
,2
,2
,2
,2
,2
,2
,2
,2
,2
,2
,2
,2
,2
,2
,2
,2
,2
,2
,2
,2
,2
,2
,2
,2
,2
,2
,2
,2
,2
,2
,2
,2
,2
,2
,2
,2
,2
,2
,2
,2
,2
,2
,2
,2
,2
,2
,2
,2
,2
,2
,2
,2
,2
,2
,2
,2
,2
,2
,2
,2
,2
,2
,2
,2
,2
,2
,2
,2
,2
,2
,2
,2
,2
,2
,2
,2
,2
,2
,2
,2
,2
,2
,2
,2
,2
,2
,2
,2
,2
,2
,2
,2
,2
,2
,2
,2
,2
,2
,2
,2
,2
,2
,2
,2
,2
,2
,2
,2
,2
,2
,2
,2
,2
,2
,2
,2
,2
,2
,2
,2
,2
,2
,2
,2
,2
,2
,2
,2
,2
,2
,2
,2
,2
,2
,2
,2
,2
,2
,2
,2
,2
,2
,2
,2
,2
,2
,2
,2
,2
,2
,2
,2
,2
,2
,2
,2
,2
,2
,2
,2
,2
,2
,2
,2
,2
,2
,2
,2
,2
,2
,2
,2
,2
,2
,2
,2
,2
,2
,2
,2
,2
,2
,2
,2
,2
,2
,2
,2
,2
,2
,2
,2
,2
,2
,2
,2
,2
,2
,2
,2
,2
,2
,2
,2
,2
,2
,2
,2
,2
,2
,2
,2
,2
,2
,2
,2
,2
,2
,2
,2
,2
,2
,2
,2
,2
,2
,2
,2
,2
,2
,2
,2
,2
,2
,2
,2
,2
,2
,2
,2
,2
,2
,2
,2
,2
,2
,2
,2
,2
,2
,2
,2
,2
,2
,2
,2
,2
,2
,2
,2
,2
,2
,2
,2
,2
,2
,2
,2
,2
,2
,2
,2
,2
,2
,2
,2
,2
,2
,2
,2
,2
,2
,2
,2
,2
,2
,2
,2
,2
,2
,2
,2
,2
,2
,2
,2
,2
,2
,2
,2
,2
,2
,2
,2
,2
,2
,2
,2
,2
,2
,2
,2
,2
,2
,2
,2
,2
,2
,2
,2
,2
,2
,2
,2
,2
,2
,2
,2
,2
,2
,2
,2
,2
,2
,2
,2
,2
,2
,2
,2
,2
,2
,2
,2
,2
,2
,2
,2
,2
,2
,2
,2
,2
,2
,2
,2
,2
,2
,2
,2
,2
,2
,2
,2
,2
,2
,2
,2
,2
,2
,2
,2
,2
,2
,2
,2
,2
,2
,2
,2
,2
,2
,2
,2
,2
,2
,2
,2
,2
,2
,2
,2
,2
,2
,2
,2
,2
,2
,2
,2
,2
,2
,2
,2
,2
,2
,2
,2
,2
,2
,2
,2
,2
,2
,2
,2
,2
,2
,2
,2
,2
,2
,2
,2
,2
,2
,2
,2
,2
,2
,2
,2
,2
,2
,2
,2
,2
,2
,2
,2
,2
,2
,2
,2
,2
,2
,2
,2
,2
,2
,2
,2
,2
,2
,2
,2
,2
,2
,2
,2
,2
,2
,2
,2
,2
,2
,2
,2
,2
,2
,2
,2
,2
,2
,2
,2
,2
,2
,2
,2
,2
,2
,2
,2
,2
,2
,2
,2
,2
,2
,2
,2
,2
,2
,2
,2
,2
,2
,2
,2
,2
,2
,2
,2
,2
,2
,2
,2
,2
,2
,2
,2
,2
,2
,2
,2
,2
,2
,2
,2
,2
,2
,2
,2
,2
,2
,2
,2
,2
,2
,2
,2
,2
,2
,2
,2
,2
,2
,2
,2
,2
,2
,2
,2
,2
,2
,2
,2
,2
,2
,2
,2
,2
,2
,2
,2
,2
,2
,2
,2
,2
,2
,2
,2
,2
,2
,2
,2
,2
,2
,2
,2
,2
,2
,2
,2
,2
,2
,2
,2
,2
,2
,2
,2
,2
,2
,2
,2
,2
,2
,2
,2
,2
,2
,2
,2
,2
,2
,2
,2
,2
,2
,2
,2
,2
,2
,2
,2
,2
,2
,2
,2
,2
,2
,2
,2
,2
,2
,2
,2
,2
,2
,2
,2
,2
,2
,2
,2
,2
,2
,2
,2
,2
,2
,2
,2
,2
,2
,2
,2
,2
,2
,2
,2
,2
,2
,2
,2
,2
,2
,2
,2
,2
,2
,2
,2
,2
,2
,2
,2
,2
,2
,2
,2
,2
,2
,2
,2
,2
,2
,2
,2
,2
,2
,2
,2
,2
,2
,2
,2
,2
,2
,2
,2
,2
,2
,2
,2
,2
,2
,2
,2
,2
,2
,2
,2
,2
,2
,2
,2
,2
,2
,2
,2
,2
,2
,2
,2
,2
,2
,2
,2
,2
,2
,2
,2
,2
,2
,2
,2
,2
,2
,2
,2
,2
,2
,2
,2
,2
,2
,2
,2
,2
,2
,2
,2
,2
,2
,2
,2
,2
,2
,2
,2
,2
,2
,2
,2
,2
,2
,2
,2
,2
,2
,2
,2
,2
,2
,2
,2
,2
,2
,2
,2
,2
,2
,2
,2
,2
,2
,2
,2
,2
,2
,2
,2
,2
,2
,2
,2
,2
,2
,2
,2
,2
,2
,2
,2
,2
,2
,2
,2
,2
,2
,2
,2
,2
,2
,2
,2
,2
,2
,2
,2
,2
,2
,2
,2
,2
,2
,2
,2
,2
,2
,2
,2
,2
,2
,2
,2
,2
,2
,2
,2
,2
,2
,2
,2
,2
,2
,2
,2
,2
,2
,2
,2
,2
,2
,2
,2
,2
,2
,2
,2
,2
,2
,2
,2
,2
,2
,2
,2
,2
,2
,2
,2
,2
,2
,2
,2
,2
,2
,2
,2
,2
,2
,2
,2
,2
,2
,2
,2
,2
,2
,2
,2
,2
,2
,2
,2
,2
,2
,2
,2
,2
,2
,2
,2
,2
,2
,2
,2
,2
,2
,2
,2
,2
,2
,2
,2
,2
,2
,2
,2
,2
,2
,2
,2
,2
,2
,2
,2
,2
,2
,2
,2
,2
,2
,2
,2
,2
,2
,2
,2
,2
,2
,2
,2
,2
,2
,2
,2
,2
,2
,2
,2
,2
,2
,2
,2
,2
,2
,2
,2
,2
,2
,2
,2
,2
,2
,2
,2
,2
,2
,2
,2
,2
,2
,2
,2
,2
,2
,2
,2
,2
,2
,2
,2
,2
,2
,2
,2
,2
,2
,2
,2
,2
,2
,2
,2
,2
,2
,2
,2
,2
,2
,2
,2
,2
,2
,2
,2
,2
,2
,2
,2
,2
,2
,2
,2
,2
,2
,2
,2
,2
,2
,2
,2
,2
,2
,2
,2
,2
,2
,2
,2
,2
,2
,2
,2
,2
,2
,2
,2
,2
,2
,2
,2
,2
,2
,2
,2
,2
,2
,2
,2
,2
,2
,2
,2
,2
,2
,2
,2
,2
,2
,2
,2
,2
,2
,2
,2
,2
,2
,2
,2
,2
,2
,2
,2
,2
,2
,2
,2
,2
,2
,2
,2
,2
,2
,2
,2
,2
,2
,2
,2
,2
,2
,2
,2
,2
,2
,2
,2
,2
,2
,2
,2
,2
,2
,2
,2
,2
,2
,2
,2
,2
,2
,2
,2
,2
,2
,2
,2
,2
,2
,2
,2
,2
,2
,2
,2
,2
,2
,2
,2
,2
,2
,2
,2
,2
,2
,2
,2
,2
,2
,2
,2
,2
,2
,2
,2
,2
,2
,2
,2
,2
,2
,2
,2
,2
,2
,2
,2
,2
,2
,2
,2
,2
,2
,2
,2
,2
,2
,2
,2
,2
,2
,2
,2
,2
,2
,2
,2
,2
,2
,2
,2
,2
,2
,2
,2
,2
,2
,2
,2
,2
,2
,2
,2
,2
,2
,2
,2
,2
,2
,2
,2
,2
,2
,2
,2
,2
,2
,2
,2
,2
,2
,2
,2
,2
,2
,2
,2
,2
,2
,2
,2
,2
,2
,2
,2
,2
,2
,2
,2
,2
,2
,2
,2
,2
,2
,2
,2
,2
,2
,2
,2
,2
,2
,2
,2
,2
,2
,2
,2
,2
,2
,2
,2
,2
,2
,2
,2
,2
,2
,2
,2
,2
,2
,2
,2
,2
,2
,2
,2
,2
,2
,2
,2
,2
,2
,2
,2
,2
,2
,2
,2
,2
,2
,2
,2
,2
,2
,2
,2
,2
,2
,2
,2
,2
,2
,2
,2
,2
,2
,2
,2
,2
,2
,2
,2
,2
,2
,2
,2
,2
,2
,2
,2
,2
,2
,2
,2
,2
,2
,2
,2
,2
,2
,2
,2
,2
,2
,2
,2
,2
,2
,2
,2
,2
,2
,2
,2
,2
,2
,2
,2
,2
,2
,2
,2
,2
,2
,2
,2
,2
,2
,2
,2
,2
,2
,2
,2
,2
,2
,2
,2
,2
,2
,2
,2
,2
,2
,2
,2
,2
,2
,2
,2
,2
,2
,2
,2
,2
,2
,2
,2
,2
,2
,2
,2
,2
,2
,2
,2
,2
,2
,2
,2
,2
,2
,2
,2
,2
,2
,2
,2
,2
,2
,2
,2
,2
,2
,2
,2
,2
,2
,2
,2
,2
,2
,2
,2
,2
,2
,2
,2
,2
,2
,2
,2
,2
,2
,2
,2
,2
,2
,2
,2
,2
,2
,2
,2
,2
,2
,2
,2
,2
,2
,2
,2
,2
,2
,2
,2
,2
,2
,2
,2
,2
,2
,2
,2
,2
,2
,2
,2
,2
,2
,2
,2
,2
,2
,2
,2
,2
,2
,2
,2
,2
,2
,2
,2
,2
,2
,2
,2
,2
,2
,2
,2
,2
,2
,2
,2
,2
,2
,2
,2
,2
,2
,2
,2
,2
,2
,2
,2
,2
,2
,2
,2
,2
,2
,2
,2
,2
,2
,2
,2
,2
,2
,2
,2
,2
,2
,2
,2
,2
,2
,2
,2
,2
,2
,2
,2
,2
,2
,2
,2
,2
,2
,2
,2
,2
,2
,2
,2
,2
,2
,2
,2
,2
,2
,2
,2
,2
,2
,2
,2
,2
,2
,2
,2
,2
,2
,2
,2
,2
,2
,2
,2
,2
,2
,2
,2
,2
,2
,2
,2
,2
,2
,2
,2
,2
,2
,2
,2
,2
,2
,2
,2
,2
,2
,2
,2
,2
,2
,2
,2
,2
,2
,2
,2
,2
,2
,2
,2
,2
,2
,2
,2
,2
,2
,2
,2
,2
,2
,2
,2
,2
,2
,2
,2
,2
,2
,2
,2
,2
,2
,2
,2
,2
,2
,2
,2
,2
,2
,2
,2
,2
,2
,2
,2
,2
,2
,2
,2
,2
,2
,2
,2
,2
,2
,2
,2
,2
,2
,2
,2
,2
,2
,2
,2
,2
,2
,2
,2
,2
,2
,2
,2
,2
,2
,2
,2
,2
,2
,2
,2
,2
,2
,2
,2
,2
,2
,2
,2
,2
,2
,2
,2
,2
,2
,2
,2
,2
,2
,2
,2
,2
,2
,2
,2
,2
,2
,2
,2
,2
,2
,2
,2
,2
,2
,2
,2
,2
,2
,2
,2
,2
,2
,2
,2
,2
,2
,2
,2
,2
,2
,2
,2
,2
,2
,2
,2
,2
,2
,2
,2
,2
,2
,2
,2
,2
,2
,2
,2
,2
,2
,2
,2
,2
,2
,2
,2
,2
,2
,2
,2
,2
,2
,2
,2
,2
,2
,2
,2
,2
,2
,2
,2
,2
,2
,2
,2
,2
,2
,2
,2
,2
,2
,2
,2
,2
,2
,2
,2
,2
,2
,2
,2
,2
,2
,2
,2
,2
,2
,2
,2
,2
,2
,2
,2
,2
,2
,2
,2
,2
,2
,2
,2
,2
,2
,2
,2
,2
,2
,2
,2
,2
,2
,2
,2
,2
,2
,2
,2
,2
,2
,2
,2
,2
,2
,2
,2
,2
,2
,2
,2
,2
,2
,2
,2
,2
,2
,2
,2
,2
,2
,2
,2
,2
,2
,2
,2
,2
,2
,2
,2
,2
,2
,2
,2
,2
,2
,2
,2
,2
,2
,2
,2
,2
,2
,2
,2
,2
,2
,2
,2
,2
,2
,2
,2
,2
,2
,2
,2
,2
,2
,2
,2
,2
,2
,2
,2
,2
,2
,2
,2
,2
,2
,2
,2
,2
,2
,2
,2
,2
,2
,2
,2
,2
,2
,2
,2
,2
,2
,2
,2
,2
,2
,2
,2
,2
,2
,2
,2
,2
,2
,2
,2
,2
,2
,2
,2
,2
,2
,2
,2
,2
,2
,2
,2
,2
,2
,2
,2
,2
,2
,2
,2
,2
,2
,2
,2
,2
,2
,2
,2
,2
,2
,2
,2
,2
,2
,2
,2
,2
,2
,2
,2
,2
,2
,2
,2
,2
,2
,2
,2
,2
,2
,2
,2
,2
,2
,2
,2
,2
,2
,2
,2
,2
,2
,2
,2
,2
,2
,2
,2
,2
,2
,2
,2
,2
,2
,2
,2
,2
,2
,2
,2
,2
,2
,2
,2
,2
,2
,2
,2
,2
,2
,2
,2
,2
,2
,2
,2
,2
,2
,2
,2
,2
,2
,2
,2
,2
,2
,2
,2
,2
,2
,2
,2
,2
,2
,2
,2
,2
,2
,2
,2
,2
,2
,2
,2
,2
,2
,2
,2
,2
,2
,2
,2
,2
,2
,2
,2
,2
,2
,2
,2
,2
,2
,2
,2
,2
,2
,2
,2
,2
,2
,2
,2
,2
,2
,2
,2
,2
,2
,2
,2
,2
,2
,2
,2
,2
,2
,2
,2
,2
,2
,2
,2
,2
,2
,2
,2
,2
,2
,2
,2
,2
,2
,2
,2
,2
,2
,2
,2
,2
,2
,2
,2
,2
,2
,2
,2
,2
,2
,2
,2
,2
,2
,2
,2
,2
,2
,2
,2
,2
,2
,2
,2
,2
,2
,2
,2
,2
,2
,2
,2
,2
,2
,2
,2
,2
,2
,2
,2
,2
,2
,2
,2
,2
,2
,2
,2
,2
,2
,2
,2
,2
,2
,2
,2
,2
,2
,2
,2
,2
,2
,2
,2
,2
,2
,2
,2
,2
,2
,2
,2
,2
,2
,2
,2
,2
,2
,2
,2
,2
,2
,2
,2
,2
,2
,2
,2
,2
,2
,2
,2
,2
,2
,2
,2
,2
,2
,2
,2
,2
,2
,2
,2
,2
,2
,2
,2
,2
,2
,2
,2
,2
,2
,2
,2
,2
,2
,2
,2
,2
,2
,2
,2
,2
,2
,2
,2
,2
,2
,2
,2
,2
,2
,2
,2
,2
,2
,2
,2
,2
,2
,2
,2
,2
,2
,2
,2
,2
,2
,2
,2
,2
,2
,2
,2
,2
,2
,2
,2
,2
,2
,2
,2
,2
,2
,2
,2
,2
,2
,2
,2
,2
,2
,2
,2
,2
,2
,2
,2
,2
,2
,2
,2
,2
,2
,2
,2
,2
,2
,2
,2
,2
,2
,2
,2
,2
,2
,2
,2
,2
,2
,2
,2
,2
,2
,2
,2
,2
,2
,2
,2
,2
,2
,2
,2
,2
,2
,2
,2
,2
,2
,2
,2
,2
,2
,2
,2
,2
,2
,2
,2
,2
,2
,2
,2
,2
,2
,2
,2
,2
,2
,2
,2
,2
,2
,2
,2
,2
,2
,2
,2
,2
,2
,2
,2
,2
,2
,2
,2
,2
,2
,2
,2
,2
,2
,2
,2
,2
,2
,2
,2
,2
,2
,2
,2
,2
,2
,2
,2
,2
,2
,2
,2
,2
,2
,2
,2
,2
,2
,2
,2
,2
,2
,2
,2
,2
,2
,2
,2
,2
,2
,2
,2
,2
,2
,2
,2
,2
,2
,2
,2
,2
,2
,2
,2
,2
,2
,2
,2
,2
,2
,2
,2
,2
,2
,2
,2
,2
,2
,2
,2
,2
,2
,2
,2
,2
,2
,2
,2
,2
,2
,2
,2
,2
,2
,2
,2
,2
,2
,2
,2
,2
,2
,2
,2
,2
,2
,2
,2
,2
,2
,2
,2
,2
,2
,2
,2
,2
,2
,2
,2
,2
,2
,2
,2
,2
,2
,2
,2
,2
,2
,2
,2
,2
,2
,2
,2
,2
,2
,2
,2
,2
,2
,2
,2
,2
,2
,2
,2
,2
,2
,2
,2
,2
,2
,2
,2
,2
,2
,2
,2
,2
,2
,2
,2
,2
,2
,2
,2
,2
,2
,2
,2
,2
,2
,2
,2
,2
,2
,2
,2
,2
,2
,2
,2
,2
,2
,2
,2
,2
,2
,2
,2
,2
,2
,2
,2
,2
,2
,2
,2
,2
,2
,2
,2
,2
,2
,2
,2
,2
,2
,2
,2
,2
,2
,2
,2
,2
,2
,2
,2
,2
,2
,2
,2
,2
,2
,2
,2
,2
,2
,2
,2
,2
,2
,2
,2
,2
,2
,2
,2
,2
,2
,2
,2
,2
,2
,2
,2
,2
,2
,2
,2
,2
,2
,2
,2
,2
,2
,2
,2
,2
,2
,2
,2
,2
,2
,2
,2
,2
,2
,2
,2
,2
,2
,2
,2
,2
,2
,2
,2
,2
,2
,2
,2
,2
,2
,2
,2
,2
,2
,2
,2
,2
,2
,2
,2
,2
,2
,2
,2
,2
,2
,2
,2
,2
,2
,2
,2
,2
,2
,2
,2
,2
,2
,2
,2
,2
,2
,2
,2
,2
,2
,2
,2
,2
,2
,2
,2
,2
,2
,2
,2
,2
,2
,2
,2
,2
,2
,2
,2
,2
,2
,2
,2
,2
,2
,2
,2
,2
,2
,2
,2
,2
,2
,2
,2
,2
,2
,2
,2
,2
,2
,2
,2
,2
,2
,2
,2
,2
,2
,2
,2
,2
,2
,2
,2
,2
,2
,2
,2
,2
,2
,2
,2
,2
,2
,2
,2
,2
,2
,2
,2
,2
,2
,2
,2
,2
,2
,2
,2
,2
,2
,2
,2
,2
,2
,2
,2
,2
,2
,2
,2
,2
,2
,2
,2
,2
,2
,2
,2
,2
,2
,2
,2
,2
,2
,2
,2
,2
,2
,2
,2
,2
,2
,2
,2
,2
,2
,2
,2
,2
,2
,2
,2
,2
,2
,2
,2
,2
,2
,2
,2
,2
,2
,2
,2
,2
,2
,2
,2
,2
,2
,2
,2
,2
,2
,2
,2
,2
,2
,2
,2
,2
,2
,2
,2
,2
,2
,2
,2
,2
,2
,2
,2
,2
,2
,2
,2
,2
,2
,2
,2
,2
,2
,2
,2
,2
,2
,2
,2
,2
,2
,2
,2
,2
,2
,2
,2
,2
,2
,2
,2
,2
,2
,2
,2
,2
,2
,2
,2
,2
,2
,2
,2
,2
,2
,2
,2
,2
,2
,2
,2
,2
,2
,2
,2
,2
,2
,2
,2
,2
,2
,2
,2
,2
,2
,2
,2
,2
,2
,2
,2
,2
,2
,2
,2
,2
,2
,2
,2
,2
,2
,2
,2
,2
,2
,2
,2
,2
,2
,2
,2
,2
,2
,2
,2
,2
,2
,2
,2
,2
,2
,2
,2
,2
,2
,2
,2
,2
,2
,2
,2
,2
,2
,2
,2
,2
,2
,2
,2
,2
,2
,2
,2
,2
,2
,2
,2
,2
,2
,2
,2
,2
,2
,2
,2
,2
,2
,2
,2
,2
,2
,2
,2
,2
,2
,2
,2
,2
,2
,2
,2
,2
,2
,2
,2
,2
,2
,2
,2
,2
,2
,2
,2
,2
,2
,2
,2
,2
,2
,2
,2
,2
,2
,2
,2
,2
,2
,2
,2
,2
,2
,2
,2
,2
,2
,2
,2
,2
,2
,2
,2
,2
,2
,2
,2
,2
,2
,2
,2
,2
,2
,2
,2
,2
,2
,2
,2
,2
,2
,2
,2
,2
,2
,2
,2
,2
,2
,2
,2
,2
,2
,2
,2
,2
,2
,2
,2
,2
,2
,2
,2
,2
,2
,2
,2
,2
,2
,2
,2
,2
,2
,2
,2
,2
,2
,2
,2
,2
,2
,2
,2
,2
,2
,2
,2
,2
,2
,2
,2
,2
,2
,2
,2
,2
,2
,2
,2
,2
,2
,2
,2
,2
,2
,2
,2
,2
,2
,2
,2
,2
,2
,2
,2
,2
,2
,2
,2
,2
,2
,2
,2
,2
,2
,2
,2
,2
,2
,2
,2
,2
,2
,2
,2
,2
,2
,2
,2
,2
,2
,2
,2
,2
,2
,2
,2
,2
,2
,2
,2
,2
,2
,2
,2
,2
,2
,2
,2
,2
,2
,2
,2
,2
,2
,2
,2
,2
,2
,2
,2
,2
,2
,2
,2
,2
,2
,2
,2
,2
,2
,2
,2
,2
,2
,2
,2
,2
,2
,2
,2
,2
,2
,2
,2
,2
,2
,2
,2
,2
,2
,2
,2
,2
,2
,2
,2
,2
,2
,2
,2
,2
,2
,2
,2
,2
,2
,2
,2
,2
,2
,2
,2
,2
,2
,2
,2
,2
,2
,2
,2
,2
,2
,2
,2
,2
,2
,2
,2
,2
,2
,2
,2
,2
,2
,2
,2
,2
,2
,2
,2
,2
,2
,2
,2
,2
,2
,2
,2
,2
,2
,2
,2
,2
,2
,2
,2
,2
,2
,2
,2
,2
,2
,2
,2
,2
,2
,2
,2
,2
,2
,2
,2
,2
,2
,2
,2
,2
,2
,2
,2
,2
,2
,2
,2
,2
,2
,2
,2
,2
,2
,2
,2
,2
,2
,2
,2
,2
,2
,2
,2
,2
,2
,2
,2
,2
,2
,2
,2
,2
,2
,2
,2
,2
,2
,2
,2
,2
,2
,2
,2
,2
,2
,2
,2
,2
,2
,2
,2
,2
,2
,2
,2
,2
,2
,2
,2
,2
,2
,2
,2
,2
,2
,2
,2
,2
,2
,2
,2
,2
,2
,2
,2
,2
,2
,2
,2
,2
,2
,2
,2
,2
,2
,2
,2
,2
,2
,2
,2
,2
,2
,2
,2
,2
,2
,2
,2
,2
,2
,2
,2
,2
,2
,2
,2
,2
,2
,2
,2
,2
,2
,2
,2
,2
,2
,2
,2
,2
,2
,2
,2
,2
,2
,2
,2
,2
,2
,2
,2
,2
,2
,2
,2
,2
,2
,2
,2
,2
,2
,2
,2
,2
,2
,2
,2
,2
,2
,2
,2
,2
,2
,2
,2
,2
,2
,2
,2
,2
,2
,2
,2
,2
,2
,2
,2
,2
,2
,2
,2
,2
,2
,2
,2
,2
,2
,2
,2
,2
,2
,2
,2
,2
,2
,2
,2
,2
,2
,2
,2
,2
,2
,2
,2
,2
,2
,2
,2
,2
,2
,2
,2
,2
,2
,2
,2
,2
,2
,2
,2
,2
,2
,2
,2
,2
,2
,2
,2
,2
,2
,2
,2
,2
,2
,2
,2
,2
,2
,2
,2
,2
,2
,2
,2
,2
,2
,2
,2
,2
,2
,2
,2
,2
,2
,2
,2
,2
,2
,2
,2
,2
,2
,2
,2
,2
,2
,2
,2
,2
,2
,2
,2
,2
,2
,2
,2
,2
,2
,2
,2
,2
,2
,2
,2
,2
,2
,2
,2
,2
,2
,2
,2
,2
,2
,2
,2
,2
,2
,2
,2
,2
,2
,2
,2
,2
,2
,2
,2
,2
,2
,2
,2
,2
,2
,2
,2
,2
,2
,2
,2
,2
,2
,2
,2
,2
,2
,2
,2
,2
,2
,2
,2
,2
,2
,2
,2
,2
,2
,2
,2
,2
,2
,2
,2
,2
,2
,2
,2
,2
,2
,2
,2
,2
,2
,2
,2
,2
,2
,2
,2
,2
,2
,2
,2
,2
,2
,2
,2
,2
,2
,2
,2
,2
,2
,2
,2
,2
,2
,2
,2
,2
,2
,2
,2
,2
,2
,2
,2
,2
,2
,2
,2
,2
,2
,2
,2
,2
,2
,2
,2
,2
,2
,2
,2
,2
,2
,2
,2
,2
,2
,2
,2
,2
,2
,2
,2
,2
,2
,2
,2
,2
,2
,2
,2
,2
,2
,2
,2
,2
,2
,2
,2
,2
,2
,2
,2
,2
,2
,2
,2
,2
,2
,2
,2
,2
,2
,2
,2
,2
,2
,2
,2
,2
,2
,2
,2
,2
,2
,2
,2
,2
,2
,2
,2
,2
,2
,2
,2
,2
,2
,2
,2
,2
,2
,2
,2
,2
,2
,2
,2
,2
,2
,2
,2
,2
,2
,2
,2
,2
,2
,2
,2
,2
,2
,2
,2
,2
,2
,2
,2
,2
,2
,2
,2
,2
,2
,2
,2
,2
,2
,2
,2
,2
,2
,2
,2
,2
,2
,2
,2
,2
,2
,2
,2
,2
,2
,2
,2
,2
,2
,2
,2
,2
,2
,2
,2
,2
,2
,2
,2
,2
,2
,2
,2
,2
,2
,2
,2
,2
,2
,2
,2
,2
,2
,2
,2
,2
,2
,2
,2
,2
,2
,2
,2
,2
,2
,2
,2
,2
,2
,2
,2
,2
,2
,2
,2
,2
,2
,2
,2
,2
,2
,2
,2
,2
,2
,2
,2
,2
,2
,2
,2
,2
,2
,2
,2
,2
,2
,2
,2
,2
,2
,2
,2
,2
,2
,2
,2
,2
,2
,2
,2
,2
,2
,2
,2
,2
,2
,2
,2
,2
,2
,2
,2
,2
,2
,2
,2
,2
,2
,2
,2
,2
,2
,2
,2
,2
,2
,2
,2
,2
,2
,2
,2
,2
,2
,2
,2
,2
,2
,2
,2
,2
,2
,2
,2
,2
,2
,2
,2
,2
,2
,2
,2
,2
,2
,2
,2
,2
,2
,2
,2
,2
,2
,2
,2
,2
,2
,2
,2
,2
,2
,2
,2
,2
,2
,2
,2
,2
,2
,2
,2
,2
,2
,2
,2
,2
,2
,2
,2
,2
,2
,2
,2
,2
,2
,2
,2
,2
,2
,2
,2
,2
,2
,2
,2
,2
,2
,2
,2
,2
,2
,3
,3
,3
,3
,3
,3
,3
,3
,3
,3
,3
,3
,3
,3
,3
,3
,3
,3
,3
,3
,3
,3
,3
,3
,3
,3
,3
,3
,3
,3
,3
,3
,3
,3
,3
,3
,3
,3
,3
,3
,3
,3
,3
,3
,3
,3
,3
,3
,3
,3
,3
,3
,3
,3
,3
,3
,3
,3
,3
,3
,3
,3
,3
,3
,3
,3
,3
,3
,3
,3
,3
,3
,3
,3
,3
,3
,3
,3
,3
,3
,3
,3
,3
,3
,3
,3
,3
,3
,3
,3
,3
,3
,3
,3
,3
,3
,3
,3
,3
,3
,3
,3
,3
,3
,3
,3
,3
,3
,3
,3
,3
,3
,3
,3
,3
,3
,3
,3
,3
,3
,3
,3
,3
,3
,3
,3
,3
,3
,3
,3
,3
,3
,3
,3
,3
,3
,3
,3
,3
,3
,3
,3
,3
,3
,3
,3
,3
,3
,3
,3
,3
,3
,3
,3
,3
,3
,3
,3
,3
,3
,3
,3
,3
,3
,3
,3
,3
,3
,3
,3
,3
,3
,3
,3
,3
,3
,3
,3
,3
,3
,3
,3
,3
,3
,3
,3
,3
,3
,3
,3
,3
,3
,3
,3
,3
,3
,3
,3
,3
,3
,3
,3
,3
,3
,3
,3
,3
,3
,3
,3
,3
,3
,3
,3
,3
,3
,3
,3
,3
,3
,3
,3
,3
,3
,3
,3
,3
,3
,3
,3
,3
,3
,3
,3
,3
,3
,3
,3
,3
,3
,3
,3
,3
,3
,3
,3
,3
,3
,3
,3
,3
,3
,3
,3
,3
,3
,3
,3
,3
,3
,3
,3
,3
,3
,3
,3
,3
,3
,3
,3
,3
,3
,3
,3
,3
,3
,3
,3
,3
,3
,3
,3
,3
,3
,3
,3
,3
,3
,3
,3
,3
,3
,3
,3
,3
,3
,3
,3
,3
,3
,3
,3
,3
,3
,3
,3
,3
,3
,3
,3
,3
,3
,3
,3
,3
,3
,3
,3
,3
,3
,3
,3
,3
,3
,3
,3
,3
,3
,3
,3
,3
,3
,3
,3
,3
,3
,3
,3
,3
,3
,3
,3
,3
,3
,3
,3
,3
,3
,3
,3
,3
,3
,3
,3
,3
,3
,3
,3
,3
,3
,3
,3
,3
,3
,3
,3
,3
,3
,3
,3
,3
,3
,3
,3
,3
,3
,3
,3
,3
,3
,3
,3
,3
,3
,3
,3
,3
,3
,3
,3
,3
,3
,3
,3
,3
,3
,3
,3
,3
,3
,3
,3
,3
,3
,3
,3
,3
,3
,3
,3
,3
,3
,3
,3
,3
,3
,3
,3
,3
,3
,3
,3
,3
,3
,3
,3
,3
,3
,3
,3
,3
,3
,3
,3
,3
,3
,3
,3
,3
,3
,3
,3
,3
,3
,3
,3
,3
,3
,3
,3
,3
,3
,3
,3
,3
,3
,3
,3
,3
,3
,3
,3
,3
,3
,3
,3
,3
,3
,3
,3
,3
,3
,3
,3
,3
,3
,3
,3
,3
,3
,3
,3
,3
,3
,3
,3
,3
,3
,3
,3
,3
,3
,3
,3
,3
,3
,3
,3
,3
,3
,3
,3
,3
,3
,3
,3
,3
,3
,3
,3
,3
,3
,3
,3
,3
,3
,3
,3
,3
,3
,3
,3
,3
,3
,3
,3
,3
,3
,3
,3
,3
,3
,3
,3
,3
,3
,3
,3
,3
,3
,3
,3
,3
,3
,3
,3
,3
,3
,3
,3
,3
,3
,3
,3
,3
,3
,3
,3
,3
,3
,3
,3
,3
,3
,3
,3
,3
,3
,3
,3
,3
,3
,3
,3
,3
,3
,3
,3
,3
,3
,3
,3
,3
,3
,3
,3
,3
,3
,3
,3
,3
,3
,3
,3
,3
,3
,3
,3
,3
,3
,3
,3
,3
,3
,3
,3
,3
,3
,3
,3
,3
,3
,3
,3
,3
,3
,3
,3
,3
,3
,3
,3
,3
,3
,3
,3
,3
,3
,3
,3
,3
,3
,3
,3
,3
,3
,3
,3
,3
,3
,3
,3
,3
,3
,3
,3
,3
,3
,3
,3
,3
,3
,3
,3
,3
,3
,3
,3
,3
,3
,3
,3
,3
,3
,3
,3
,3
,3
,3
,3
,3
,3
,3
,3
,3
,3
,3
,3
,3
,3
,3
,3
,3
,3
,3
,3
,3
,3
,3
,3
,3
,3
,3
,3
,3
,3
,3
,3
,3
,3
,3
,3
,3
,3
,3
,3
,3
,3
,3
,3
,3
,3
,3
,3
,3
,3
,3
,3
,3
,3
,3
,3
,3
,3
,3
,3
,3
,3
,3
,3
,3
,3
,3
,3
,3
,3
,3
,3
,3
,3
,3
,3
,3
,3
,3
,3
,3
,3
,3
,3
,3
,3
,3
,3
,3
,3
,3
,3
,3
,3
,3
,3
,3
,3
,3
,3
,3
,3
,3
,3
,3
,3
,3
,3
,3
,3
,3
,3
,3
,3
,3
,3
,3
,3
,3
,3
,3
,3
,3
,3
,3
,3
,3
,3
,3
,3
,3
,3
,3
,3
,3
,3
,3
,3
,3
,3
,3
,3
,3
,3
,3
,3
,3
,3
,3
,3
,3
,3
,3
,3
,3
,3
,3
,3
,3
,3
,3
,3
,3
,3
,3
,3
,3
,3
,3
,3
,3
,3
,3
,3
,3
,3
,3
,3
,3
,3
,3
,3
,3
,3
,3
,3
,3
,3
,3
,3
,3
,3
,3
,3
,3
,3
,3
,3
,3
,3
,3
,3
,3
,3
,3
,3
,3
,3
,3
,3
,3
,3
,3
,3
,3
,3
,3
,3
,3
,3
,3
,3
,3
,3
,3
,3
,3
,3
,3
,3
,3
,3
,3
,3
,3
,3
,3
,3
,3
,3
,3
,3
,3
,3
,3
,3
,3
,3
,3
,3
,3
,3
,3
,3
,3
,3
,3
,3
,3
,3
,3
,3
,3
,3
,3
,3
,3
,3
,3
,3
,3
,3
,3
,3
,3
,3
,3
,3
,3
,3
,3
,3
,3
,3
,3
,3
,3
,3
,3
,3
,3
,3
,3
,3
,3
,3
,3
,3
,3
,3
,3
,3
,3
,3
,3
,3
,3
,3
,3
,3
,3
,3
,3
,3
,3
,3
,3
,3
,3
,3
,3
,3
,3
,3
,3
,3
,3
,3
,3
,3
,3
,3
,3
,3
,3
,3
,3
,3
,3
,3
,3
,3
,3
,3
,3
,3
,3
,3
,3
,3
,3
,3
,3
,3
,3
,3
,3
,3
,3
,3
,3
,3
,3
,3
,3
,3
,3
,3
,3
,3
,3
,3
,3
,3
,3
,3
,3
,3
,3
,3
,3
,3
,3
,3
,3
,3
,3
,3
,3
,3
,3
,3
,3
,3
,3
,3
,3
,3
,3
,3
,3
,3
,3
,3
,3
,3
,3
,3
,3
,3
,3
,3
,3
,3
,3
,3
,3
,3
,3
,3
,3
,3
,3
,3
,3
,3
,3
,3
,3
,3
,3
,3
,3
,3
,3
,3
,3
,3
,3
,3
,3
,3
,3
,3
,3
,3
,3
,3
,3
,3
,3
,3
,3
,3
,3
,3
,3
,3
,3
,3
,3
,3
,3
,3
,3
,3
,3
,3
,3
,3
,3
,3
,3
,3
,3
,3
,3
,3
,3
,3
,3
,3
,3
,3
,3
,3
,3
,3
,3
,3
,3
,3
,3
,3
,3
,3
,3
,3
,3
,3
,3
,3
,3
,3
,3
,3
,3
,3
,3
,3
,3
,3
,3
,3
,3
,3
,3
,3
,3
,3
,3
,3
,3
,3
,3
,3
,3
,3
,3
,3
,3
,3
,3
,3
,3
,3
,3
,3
,3
,3
,3
,3
,3
,3
,3
,3
,3
,3
,3
,3
,3
,3
,3
,3
,3
,3
,3
,3
,3
,3
,3
,3
,3
,3
,3
,3
,3
,3
,3
,3
,3
,3
,3
,3
,3
,3
,3
,3
,3
,3
,3
,3
,3
,3
,3
,3
,3
,3
,3
,3
,3
,3
,3
,3
,3
,3
,3
,3
,3
,3
,3
,3
,3
,3
,3
,3
,3
,3
,3
,3
,3
,3
,3
,3
,3
,3
,3
,3
,3
,3
,3
,3
,3
,3
,3
,3
,3
,3
,3
,3
,3
,3
,3
,3
,3
,3
,3
,3
,3
,3
,3
,3
,3
,3
,3
,3
,3
,3
,3
,3
,3
,3
,3
,3
,3
,3
,3
,3
,3
,3
,3
,3
,3
,3
,3
,3
,3
,3
,3
,3
,3
,3
,3
,3
,3
,3
,3
,3
,3
,3
,3
,3
,3
,3
,3
,3
,3
,3
,3
,3
,3
,3
,3
,3
,3
,3
,3
,3
,3
,3
,3
,3
,3
,3
,3
,3
,3
,3
,3
,3
,3
,3
,3
,3
,3
,3
,3
,3
,3
,3
,3
,3
,3
,3
,3
,3
,3
,3
,3
,3
,3
,3
,3
,3
,3
,3
,3
,3
,3
,3
,3
,3
,3
,3
,3
,3
,3
,3
,3
,3
,3
,3
,3
,3
,3
,3
,3
,3
,3
,3
,3
,3
,3
,3
,3
,3
,3
,3
,3
,3
,3
,3
,3
,3
,3
,3
,3
,3
,3
,3
,3
,3
,3
,3
,3
,3
,3
,3
,3
,3
,3
,3
,3
,3
,3
,3
,3
,3
,3
,3
,3
,3
,3
,3
,3
,3
,3
,3
,3
,3
,3
,3
,3
,3
,3
,3
,3
,3
,3
,3
,3
,3
,3
,3
,3
,3
,3
,3
,3
,3
,3
,3
,3
,3
,3
,3
,3
,3
,3
,3
,3
,3
,3
,3
,3
,3
,3
,3
,3
,3
,3
,3
,3
,3
,3
,3
,3
,3
,3
,3
,3
,3
,3
,3
,3
,3
,3
,3
,3
,3
,3
,3
,3
,3
,3
,3
,3
,3
,3
,3
,3
,3
,3
,3
,3
,3
,3
,3
,3
,3
,3
,3
,3
,3
,3
,3
,3
,3
,3
,3
,3
,3
,3
,3
,3
,3
,3
,3
,3
,3
,3
,3
,3
,3
,3
,3
,3
,3
,3
,3
,3
,3
,3
,3
,3
,3
,3
,3
,3
,3
,3
,3
,3
,3
,3
,3
,3
,3
,3
,3
,3
,3
,3
,3
,3
,3
,3
,3
,3
,3
,3
,3
,3
,3
,3
,3
,3
,3
,3
,3
,3
,3
,3
,3
,3
,3
,3
,3
,3
,3
,3
,3
,3
,3
,3
,3
,3
,3
,3
,3
,3
,3
,3
,3
,3
,3
,3
,3
,3
,3
,3
,3
,3
,3
,3
,3
,3
,3
,3
,3
,3
,3
,3
,3
,3
,3
,3
,3
,3
,3
,3
,3
,3
,3
,3
,3
,3
,3
,3
,3
,3
,3
,3
,3
,3
,3
,3
,3
,3
,3
,3
,3
,3
,3
,3
,3
,3
,3
,3
,3
,3
,3
,3
,3
,3
,3
,3
,3
,3
,3
,3
,3
,3
,3
,3
,3
,3
,3
,3
,3
,3
,3
,3
,3
,3
,3
,3
,3
,3
,3
,3
,3
,3
,3
,3
,3
,3
,3
,3
,3
,3
,3
,3
,3
,3
,3
,3
,3
,3
,3
,3
,3
,3
,3
,3
,3
,3
,3
,3
,3
,3
,3
,3
,3
,3
,3
,3
,3
,3
,3
,3
,3
,3
,3
,3
,3
,3
,3
,3
,3
,3
,3
,3
,3
,3
,3
,3
,3
,3
,3
,3
,3
,3
,3
,3
,3
,3
,3
,3
,3
,3
,3
,3
,3
,3
,3
,3
,3
,3
,3
,3
,3
,3
,3
,3
,3
,3
,3
,3
,3
,3
,3
,3
,3
,3
,3
,3
,3
,3
,3
,3
,3
,3
,3
,3
,3
,3
,3
,3
,3
,3
,3
,3
,3
,3
,3
,3
,3
,3
,3
,3
,3
,3
,3
,3
,3
,3
,3
,3
,3
,3
,3
,3
,3
,3
,3
,3
,3
,3
,3
,3
,3
,3
,3
,3
,3
,3
,3
,3
,3
,3
,3
,3
,3
,3
,3
,3
,3
,3
,3
,3
,3
,3
,3
,3
,3
,3
,3
,3
,3
,3
,3
,3
,3
,3
,3
,3
,3
,3
,3
,3
,3
,3
,3
,3
,3
,3
,3
,3
,3
,3
,3
,3
,3
,3
,3
,3
,3
,3
,3
,3
,3
,3
,3
,3
,3
,3
,3
,3
,3
,3
,3
,3
,3
,3
,3
,3
,3
,3
,3
,3
,3
,3
,3
,3
,3
,3
,3
,3
,3
,3
,3
,3
,3
,3
,3
,3
,3
,3
,3
,3
,3
,3
,3
,3
,3
,3
,3
,3
,3
,3
,3
,3
,3
,3
,3
,3
,3
,3
,3
,3
,3
,3
,3
,3
,3
,3
,3
,3
,3
,3
,3
,3
,3
,3
,3
,3
,3
,3
,3
,3
,3
,3
,3
,3
,3
,3
,3
,3
,3
,3
,3
,3
,3
,3
,3
,3
,3
,3
,3
,3
,3
,3
,3
,3
,3
,3
,3
,3
,3
,3
,3
,3
,3
,3
,3
,3
,3
,3
,3
,3
,3
,3
,3
,3
,3
,3
,3
,3
,3
,3
,3
,3
,3
,3
,3
,3
,3
,3
,3
,3
,3
,3
,3
,3
,3
,3
,3
,3
,3
,3
,3
,3
,3
,3
,3
,3
,3
,3
,3
,3
,3
,3
,3
,3
,3
,3
,3
,3
,3
,3
,3
,3
,3
,3
,3
,3
,3
,3
,3
,3
,3
,3
,3
,3
,3
,3
,3
,3
,3
,3
,3
,3
,3
,3
,3
,3
,3
,3
,3
,3
,3
,3
,3
,3
,3
,3
,3
,3
,3
,3
,3
,3
,3
,3
,3
,3
,3
,3
,3
,3
,3
,3
,3
,3
,3
,3
,3
,3
,3
,3
,3
,3
,3
,3
,3
,3
,3
,3
,3
,3
,3
,3
,3
,3
,3
,3
,3
,3
,3
,3
,3
,3
,3
,3
,3
,3
,3
,3
,3
,3
,3
,3
,3
,3
,3
,3
,3
,3
,3
,3
,3
,3
,3
,3
,3
,3
,3
,3
,3
,3
,3
,3
,3
,3
,3
,3
,3
,3
,3
,3
,3
,3
,3
,3
,3
,3
,3
,3
,3
,3
,3
,3
,3
,3
,3
,3
,3
,3
,3
,3
,3
,3
,3
,3
,3
,3
,3
,3
,3
,3
,3
,3
,3
,3
,3
,3
,3
,3
,3
,3
,3
,3
,3
,3
,3
,3
,3
,3
,3
,3
,3
,3
,3
,3
,3
,3
,3
,3
,3
,3
,3
,3
,3
,3
,3
,3
,3
,3
,3
,3
,3
,3
,3
,3
,3
,3
,3
,3
,3
,3
,3
,3
,3
,3
,3
,3
,3
,3
,3
,3
,3
,3
,3
,3
,3
,3
,3
,3
,3
,3
,3
,3
,3
,3
,3
,3
,3
,3
,3
,3
,3
,3
,3
,3
,3
,3
,3
,3
,3
,3
,3
,3
,3
,3
,3
,3
,3
,3
,3
,3
,3
,3
,3
,3
,3
,3
,3
,3
,3
,3
,3
,3
,3
,3
,3
,3
,3
,3
,3
,3
,3
,3
,3
,3
,3
,3
,3
,3
,3
,3
,3
,3
,3
,3
,3
,3
,3
,3
,3
,3
,3
,3
,3
,3
,3
,3
,3
,3
,3
,3
,3
,3
,3
,3
,3
,3
,3
,3
,3
,3
,3
,3
,3
,3
,3
,3
,3
,3
,3
,3
,3
,3
,3
,3
,3
,3
,3
,3
,3
,3
,3
,3
,3
,3
,3
,3
,3
,3
,3
,3
,3
,3
,3
,3
,3
,3
,3
,3
,3
,3
,3
,3
,3
,3
,3
,3
,3
,3
,3
,3
,3
,3
,3
,3
,3
,3
,3
,3
,3
,3
,3
,3
,3
,3
,3
,3
,3
,3
,3
,3
,3
,3
,3
,3
,3
,3
,3
,3
,3
,3
,3
,3
,3
,3
,3
,3
,3
,3
,3
,3
,3
,3
,3
,3
,3
,3
,3
,3
,3
,3
,3
,3
,3
,3
,3
,3
,3
,3
,3
,3
,3
,3
,3
,3
,3
,3
,3
,3
,3
,3
,3
,3
,3
,3
,3
,3
,3
,3
,3
,3
,3
,3
,3
,3
,3
,3
,3
,3
,3
,3
,3
,3
,3
,3
,3
,3
,3
,3
,3
,3
,3
,3
,3
,3
,3
,3
,3
,3
,3
,3
,3
,3
,3
,3
,3
,3
,3
,3
,3
,3
,3
,3
,3
,3
,3
,3
,3
,3
,3
,3
,3
,3
,3
,3
,3
,3
,3
,3
,3
,3
,3
,3
,3
,3
,3
,3
,3
,3
,3
,3
,3
,3
,3
,3
,3
,3
,3
,3
,3
,3
,3
,3
,3
,3
,3
,3
,3
,3
,3
,3
,3
,3
,3
,3
,3
,3
,3
,3
,3
,3
,3
,3
,3
,3
,3
,3
,3
,3
,3
,3
,3
,3
,3
,3
,3
,3
,3
,3
,3
,3
,3
,3
,3
,3
,3
,3
,3
,3
,3
,3
,3
,3
,3
,3
,3
,3
,3
,3
,3
,3
,3
,3
,3
,3
,3
,3
,3
,3
,3
,3
,3
,3
,3
,3
,3
,3
,3
,3
,3
,3
,3
,3
,3
,3
,3
,3
,3
,3
,3
,3
,3
,3
,3
,3
,3
,3
,3
,3
,3
,3
,3
,3
,3
,3
,3
,3
,3
,3
,3
,3
,3
,3
,3
,3
,3
,3
,3
,3
,3
,3
,3
,3
,3
,3
,3
,3
,3
,3
,3
,3
,3
,3
,3
,3
,3
,3
,3
,3
,3
,3
,3
,3
,3
,3
,3
,3
,3
,3
,3
,3
,3
,3
,3
,3
,3
,3
,3
,3
,3
,3
,3
,3
,3
,3
,3
,3
,3
,3
,3
,3
,3
,3
,3
,3
,3
,3
,3
,3
,3
,3
,3
,3
,3
,3
,3
,3
,3
,3
,3
,3
,3
,3
,3
,3
,3
,3
,3
,3
,3
,3
,3
,3
,3
,3
,3
,3
,3
,3
,3
,3
,3
,3
,3
,3
,3
,3
,3
,3
,3
,3
,3
,3
,3
,3
,3
,3
,3
,3
,3
,3
,3
,3
,3
,3
,3
,3
,3
,3
,3
,3
,3
,3
,3
,3
,3
,3
,3
,3
,3
,3
,3
,3
,3
,3
,3
,3
,3
,3
,3
,3
,3
,3
,3
,3
,3
,3
,3
,3
,3
,3
,3
,3
,3
,3
,3
,3
,3
,3
,3
,3
,3
,3
,3
,3
,3
,3
,3
,3
,3
,3
,3
,3
,3
,3
,3
,3
,3
,3
,3
,3
,3
,3
,3
,3
,3
,3
,3
,3
,3
,3
,3
,3
,3
,3
,3
,3
,3
,3
,3
,3
,3
,3
,3
,3
,3
,3
,3
,3
,3
,3
,3
,3
,3
,3
,3
,3
,3
,3
,3
,3
,3
,3
,3
,3
,3
,3
,3
,3
,3
,3
,3
,3
,3
,3
,3
,3
,3
,3
,3
,3
,3
,3
,3
,3
,3
,3
,3
,3
,3
,3
,3
,3
,3
,3
,3
,3
,3
,3
,3
,3
,3
,3
,3
,3
,3
,3
,3
,3
,3
,3
,3
,3
,3
,3
,3
,3
,3
,3
,3
,3
,3
,3
,3
,3
,3
,3
,3
,3
,3
,3
,3
,3
,3
,3
,3
,3
,3
,3
,3
,3
,3
,3
,3
,3
,3
,3
,3
,3
,3
,3
,3
,3
,3
,3
,3
,3
,3
,3
,3
,3
,3
,3
,3
,3
,3
,3
,3
,3
,3
,3
,3
,3
,3
,3
,3
,3
,3
,3
,3
,3
,3
,3
,3
,3
,3
,3
,3
,3
,3
,3
,3
,3
,3
,3
,3
,3
,3
,3
,3
,3
,3
,3
,3
,3
,3
,3
,3
,3
,3
,3
,3
,3
,3
,3
,3
,3
,3
,3
,3
,3
,3
,3
,3
,3
,3
,3
,3
,3
,3
,3
,3
,3
,3
,3
,3
,3
,3
,3
,3
,3
,3
,3
,3
,3
,3
,3
,3
,3
,3
,3
,3
,3
,3
,3
,3
,3
,3
,3
,3
,3
,3
,3
,3
,3
,3
,3
,3
,3
,3
,3
,3
,3
,3
,3
,3
,3
,3
,3
,3
,3
,3
,3
,3
,3
,3
,3
,3
,3
,3
,3
,3
,3
,3
,3
,3
,3
,3
,3
,3
,3
,3
,3
,3
,3
,3
,3
,3
,3
,3
,3
,3
,3
,3
,3
,3
,3
,3
,3
,3
,3
,3
,3
,3
,3
,3
,3
,3
,3
,3
,3
,3
,3
,3
,3
,3
,3
,3
,3
,3
,3
,3
,3
,3
,3
,3
,3
,3
,3
,3
,3
,3
,3
,3
,3
,3
,3
,3
,3
,3
,3
,3
,3
,3
,3
,3
,3
,3
,3
,3
,3
,3
,3
,3
,3
,3
,3
,3
,3
,3
,3
,3
,3
,3
,3
,3
,3
,3
,3
,3
,3
,3
,3
,3
,3
,3
,3
,3
,3
,3
,3
,3
,3
,3
,3
,3
,3
,3
,3
,3
,3
,3
,3
,3
,3
,3
,3
,3
,3
,3
,3
,3
,3
,3
,3
,3
,3
,3
,3
,3
,3
,3
,3
,3
,3
,3
,3
,3
,3
,3
,3
,3
,3
,3
,3
,3
,3
,3
,3
,3
,3
,3
,3
,3
,3
,3
,3
,3
,3
,3
,3
,3
,3
,3
,3
,3
,3
,3
,3
,3
,3
,3
,3
,3
,3
,3
,3
,3
,3
,3
,3
,3
,3
,3
,3
,3
,3
,3
,3
,3
,3
,3
,3
,3
,3
,3
,3
,3
,3
,3
,3
,3
,4
,4
,4
,4
,4
,4
,4
,4
,4
,4
,4
,4
,4
,4
,4
,4
,4
,4
,4
,4
,4
,4
,4
,4
,4
,4
,4
,4
,4
,4
,4
,4
,4
,4
,4
,4
,4
,4
,4
,4
,4
,4
,4
,4
,4
,4
,4
,4
,4
,4
,4
,4
,4
,4
,4
,4
,4
,4
,4
,4
,4
,4
,4
,4
,4
,4
,4
,4
,4
,4
,4
,4
,4
,4
,4
,4
,4
,4
,4
,4
,4
,4
,4
,4
,4
,4
,4
,4
,4
,4
,4
,4
,4
,4
,4
,4
,4
,4
,4
,4
,4
,4
,4
,4
,4
,4
,4
,4
,4
,4
,4
,4
,4
,4
,4
,4
,4
,4
,4
,4
,4
,4
,4
,4
,4
,4
,4
,4
,4
,4
,4
,4
,4
,4
,4
,4
,4
,4
,4
,4
,4
,4
,4
,4
,4
,4
,4
,4
,4
,4
,4
,4
,4
,4
,4
,4
,4
,4
,4
,4
,4
,4
,4
,4
,4
,4
,4
,4
,4
,4
,4
,4
,4
,4
,4
,4
,4
,4
,4
,4
,4
,4
,4
,4
,4
,4
,4
,4
,4
,4
,4
,4
,4
,4
,4
,4
,4
,4
,4
,4
,4
,4
,4
,4
,4
,4
,4
,4
,4
,4
,4
,4
,4
,4
,4
,4
,4
,4
,4
,4
,4
,4
,4
,4
,4
,4
,4
,4
,4
,4
,4
,4
,4
,4
,4
,4
,4
,4
,4
,4
,4
,4
,4
,4
,4
,4
,4
,4
,4
,4
,4
,4
,4
,4
,4
,4
,4
,4
,4
,4
,4
,4
,4
,4
,4
,4
,4
,4
,4
,4
,4
,4
,4
,4
,4
,4
,4
,4
,4
,4
,4
,4
,4
,4
,4
,4
,4
,4
,4
,4
,4
,4
,4
,4
,4
,4
,4
,4
,4
,4
,4
,4
,4
,4
,4
,4
,4
,4
,4
,4
,4
,4
,4
,4
,4
,4
,4
,4
,4
,4
,4
,4
,4
,4
,4
,4
,4
,4
,4
,4
,4
,4
,4
,4
,4
,4
,4
,4
,4
,4
,4
,4
,4
,4
,4
,4
,4
,4
,4
,4
,4
,4
,4
,4
,4
,4
,4
,4
,4
,4
,4
,4
,4
,4
,4
,4
,4
,4
,4
,4
,4
,4
,4
,4
,4
,4
,4
,4
,4
,4
,4
,4
,4
,4
,4
,4
,4
,4
,4
,4
,4
,4
,4
,4
,4
,4
,4
,4
,4
,4
,4
,4
,4
,4
,4
,4
,4
,4
,4
,4
,4
,4
,4
,4
,4
,4
,4
,4
,4
,4
,4
,4
,4
,4
,4
,4
,4
,4
,4
,4
,4
,4
,4
,4
,4
,4
,4
,4
,4
,4
,4
,4
,4
,4
,4
,4
,4
,4
,4
,4
,4
,4
,4
,4
,4
,4
,4
,4
,4
,4
,4
,4
,4
,4
,4
,4
,4
,4
,4
,4
,4
,4
,4
,4
,4
,4
,4
,4
,4
,4
,4
,4
,4
,4
,4
,4
,4
,4
,4
,4
,4
,4
,4
,4
,4
,4
,4
,4
,4
,4
,4
,4
,4
,4
,4
,4
,4
,4
,4
,4
,4
,4
,4
,4
,4
,4
,4
,4
,4
,4
,4
,4
,4
,4
,4
,4
,4
,4
,4
,4
,4
,4
,4
,4
,4
,4
,4
,4
,4
,4
,4
,4
,4
,4
,4
,4
,4
,4
,4
,4
,4
,4
,4
,4
,4
,4
,4
,4
,4
,4
,4
,4
,4
,4
,4
,4
,4
,4
,4
,4
,4
,4
,4
,4
,4
,4
,4
,4
,4
,4
,4
,4
,4
,4
,4
,4
,4
,4
,4
,4
,4
,4
,4
,4
,4
,4
,4
,4
,4
,4
,4
,4
,4
,4
,4
,4
,4
,4
,4
,4
,4
,4
,4
,4
,4
,4
,4
,4
,4
,4
,4
,4
,4
,4
,4
,4
,4
,4
,4
,4
,4
,4
,4
,4
,4
,4
,4
,4
,4
,4
,4
,4
,4
,4
,4
,4
,4
,4
,4
,4
,4
,4
,4
,4
,4
,4
,4
,4
,4
,4
,4
,4
,4
,4
,4
,4
,4
,4
,4
,4
,4
,4
,4
,4
,4
,4
,4
,4
,4
,4
,4
,4
,4
,4
,4
,4
,4
,4
,4
,4
,4
,4
,4
,4
,4
,4
,4
,4
,4
,4
,4
,4
,4
,4
,4
,4
,4
,4
,4
,4
,4
,4
,4
,4
,4
,4
,4
,4
,4
,4
,4
,4
,4
,4
,4
,4
,4
,4
,4
,4
,4
,4
,4
,4
,4
,4
,4
,4
,4
,4
,4
,4
,4
,4
,4
,4
,4
,4
,4
,4
,4
,4
,4
,4
,4
,4
,4
,4
,4
,4
,4
,4
,4
,4
,4
,4
,4
,4
,4
,4
,4
,4
,4
,4
,4
,4
,4
,4
,4
,4
,4
,4
,4
,4
,4
,4
,4
,4
,4
,4
,4
,4
,4
,4
,4
,4
,4
,4
,4
,4
,4
,4
,4
,4
,4
,4
,4
,4
,4
,4
,4
,4
,4
,4
,4
,4
,4
,4
,4
,4
,4
,4
,4
,4
,4
,4
,4
,4
,4
,4
,4
,4
,4
,4
,4
,4
,4
,4
,4
,4
,4
,4
,4
,4
,4
,4
,4
,4
,4
,4
,4
,4
,4
,4
,4
,4
,4
,4
,4
,4
,4
,4
,4
,4
,4
,4
,4
,4
,4
,4
,4
,4
,4
,4
,4
,4
,4
,4
,4
,4
,4
,4
,4
,4
,4
,4
,4
,4
,4
,4
,4
,4
,4
,4
,4
,4
,4
,4
,4
,4
,4
,4
,4
,4
,4
,4
,4
,4
,4
,4
,4
,4
,4
,4
,4
,4
,4
,4
,4
,4
,4
,4
,4
,4
,4
,4
,4
,4
,4
,4
,4
,4
,4
,4
,4
,4
,4
,4
,4
,4
,4
,4
,4
,4
,4
,4
,4
,4
,4
,4
,4
,4
,4
,4
,4
,4
,4
,4
,4
,4
,4
,4
,4
,4
,4
,4
,4
,4
,4
,4
,4
,4
,4
,4
,4
,4
,4
,4
,4
,4
,4
,4
,4
,4
,4
,4
,4
,4
,4
,4
,4
,4
,4
,4
,4
,4
,4
,4
,4
,4
,4
,4
,4
,4
,4
,4
,4
,4
,4
,4
,4
,4
,4
,4
,4
,4
,4
,4
,4
,4
,4
,4
,4
,4
,4
,4
,4
,4
,4
,4
,4
,4
,4
,4
,4
,4
,4
,4
,4
,4
,4
,4
,4
,4
,4
,4
,4
,4
,4
,4
,4
,4
,4
,4
,4
,4
,4
,4
,4
,4
,4
,4
,4
,4
,4
,4
,4
,4
,4
,4
,4
,4
,4
,4
,4
,4
,4
,4
,4
,4
,4
,4
,4
,4
,4
,4
,4
,4
,4
,4
,4
,4
,4
,4
,4
,4
,4
,4
,4
,4
,4
,4
,4
,4
,4
,4
,4
,4
,4
,4
,4
,4
,4
,4
,4
,4
,4
,4
,4
,4
,4
,4
,4
,4
,4
,4
,4
,4
,4
,4
,4
,4
,4
,4
,4
,4
,4
,4
,4
,4
,4
,4
,4
,4
,4
,4
,4
,4
,4
,4
,4
,4
,4
,4
,4
,4
,4
,4
,4
,4
,4
,4
,4
,4
,4
,4
,4
,4
,4
,4
,4
,4
,4
,4
,4
,4
,4
,4
,4
,4
,4
,4
,4
,4
,4
,4
,4
,4
,4
,4
,4
,4
,4
,4
,4
,4
,4
,4
,4
,4
,4
,4
,4
,4
,4
,4
,4
,4
,4
,4
,4
,4
,4
,4
,4
,4
,4
,4
,4
,4
,4
,4
,4
,4
,4
,4
,4
,4
,4
,4
,4
,4
,4
,4
,4
,4
,4
,4
,4
,4
,4
,4
,4
,4
,4
,4
,4
,4
,4
,4
,4
,4
,4
,4
,4
,4
,4
,4
,4
,4
,4
,4
,4
,4
,4
,4
,4
,4
,4
,4
,4
,4
,4
,4
,4
,4
,4
,4
,4
,4
,4
,4
,4
,4
,4
,4
,4
,4
,4
,4
,4
,4
,4
,4
,4
,4
,4
,4
,4
,4
,4
,4
,4
,4
,4
,4
,4
,4
,4
,4
,4
,4
,4
,4
,4
,4
,4
,4
,4
,4
,4
,4
,4
,4
,4
,4
,4
,4
,4
,4
,4
,4
,4
,4
,4
,4
,4
,4
,4
,4
,4
,4
,4
,4
,4
,4
,4
,4
,4
,4
,4
,4
,4
,4
,4
,4
,4
,4
,4
,4
,4
,4
,4
,4
,4
,4
,4
,4
,4
,4
,4
,4
,4
,4
,4
,4
,4
,4
,4
,4
,4
,4
,4
,4
,4
,4
,4
,4
,4
,4
,4
,4
,4
,4
,4
,4
,4
,4
,4
,4
,4
,4
,4
,4
,4
,4
,4
,4
,4
,4
,4
,4
,4
,4
,4
,4
,4
,4
,4
,4
,4
,4
,4
,4
,4
,4
,4
,4
,4
,4
,4
,4
,4
,4
,4
,4
,4
,4
,4
,4
,4
,4
,4
,4
,4
,4
,4
,4
,4
,4
,4
,4
,4
,4
,4
,4
,4
,4
,4
,4
,4
,4
,4
,4
,4
,4
,4
,4
,4
,4
,4
,4
,4
,4
,4
,4
,4
,4
,4
,4
,4
,4
,4
,4
,4
,4
,4
,4
,4
,4
,4
,4
,4
,4
,4
,4
,4
,4
,4
,4
,4
,4
,4
,4
,4
,4
,4
,4
,4
,4
,4
,4
,4
,4
,4
,4
,4
,4
,4
,4
,4
,4
,4
,4
,4
,4
,4
,4
,4
,4
,4
,4
,4
,4
,4
,4
,4
,4
,4
,4
,4
,4
,4
,4
,4
,4
,4
,4
,4
,4
,4
,4
,4
,4
,4
,4
,4
,4
,4
,4
,4
,4
,4
,4
,4
,4
,4
,4
,4
,4
,4
,4
,4
,4
,4
,4
,4
,4
,4
,4
,4
,4
,4
,4
,4
,4
,4
,4
,4
,4
,4
,4
,4
,4
,4
,4
,4
,4
,4
,4
,4
,4
,4
,4
,4
,4
,4
,4
,4
,4
,4
,4
,4
,4
,4
,4
,4
,4
,4
,4
,4
,4
,4
,4
,4
,4
,4
,4
,4
,4
,4
,4
,4
,4
,4
,4
,4
,4
,4
,4
,4
,4
,4
,4
,4
,4
,4
,4
,4
,4
,4
,4
,4
,4
,4
,4
,4
,4
,4
,4
,4
,4
,4
,4
,4
,4
,4
,4
,4
,4
,4
,4
,4
,4
,4
,4
,4
,4
,4
,4
,4
,4
,4
,4
,4
,4
,4
,4
,4
,4
,4
,4
,4
,4
,4
,4
,4
,4
,4
,4
,4
,4
,4
,4
,4
,4
,4
,4
,4
,4
,4
,4
,4
,4
,4
,4
,4
,4
,4
,4
,4
,4
,4
,4
,4
,4
,4
,4
,4
,4
,4
,4
,4
,4
,4
,4
,4
,4
,4
,4
,4
,4
,4
,4
,4
,4
,4
,4
,4
,4
,4
,4
,4
,4
,4
,4
,4
,4
,4
,4
,4
,4
,4
,4
,4
,4
,4
,4
,4
,4
,4
,4
,4
,4
,4
,4
,4
,4
,4
,4
,4
,4
,4
,4
,4
,4
,4
,4
,4
,4
,4
,4
,4
,4
,4
,4
,4
,4
,4
,4
,4
,4
,4
,4
,4
,4
,4
,4
,4
,4
,4
,4
,4
,4
,4
,4
,4
,4
,4
,4
,4
,4
,4
,4
,4
,4
,4
,4
,4
,4
,4
,4
,4
,4
,4
,4
,4
,4
,4
,4
,4
,4
,4
,4
,4
,4
,4
,4
,4
,4
,4
,4
,4
,4
,4
,4
,4
,4
,4
,4
,4
,4
,4
,4
,4
,4
,4
,4
,4
,4
,4
,4
,4
,4
,4
,4
,4
,4
,4
,4
,4
,4
,4
,4
,4
,4
,4
,4
,4
,4
,4
,4
,4
,4
,4
,4
,4
,4
,4
,4
,4
,4
,4
,4
,4
,4
,4
,4
,4
,4
,4
,4
,4
,4
,4
,4
,4
,4
,4
,4
,4
,4
,4
,4
,4
,4
,4
,4
,4
,4
,4
,4
,4
,4
,4
,4
,4
,4
,4
,4
,4
,4
,4
,4
,4
,4
,4
,4
,4
,4
,4
,4
,4
,4
,4
,4
,4
,4
,4
,4
,4
,4
,4
,4
,4
,4
,4
,4
,4
,4
,4
,4
,4
,4
,4
,4
,4
,4
,4
,4
,4
,4
,4
,4
,4
,4
,4
,4
,4
,4
,4
,4
,4
,4
,4
,4
,4
,4
,4
,4
,4
,4
,4
,4
,4
,4
,4
,4
,4
,4
,4
,4
,4
,4
,4
,4
,4
,4
,4
,4
,4
,4
,4
,4
,4
,4
,4
,4
,4
,4
,4
,4
,4
,4
,4
,4
,4
,4
,4
,4
,4
,4
,4
,4
,4
,4
,4
,4
,4
,4
,4
,4
,4
,4
,4
,4
,4
,4
,4
,4
,4
,4
,4
,4
,4
,4
,4
,4
,4
,4
,4
,4
,4
,4
,4
,4
,4
,4
,4
,4
,4
,4
,4
,4
,4
,4
,4
,4
,4
,4
,4
,4
,4
,4
,4
,4
,4
,4
,4
,4
,4
,4
,4
,4
,4
,4
,4
,4
,4
,4
,4
,4
,4
,5
,5
,5
,5
,5
,5
,5
,5
,5
,5
,5
,5
,5
,5
,5
,5
,5
,5
,5
,5
,5
,5
,5
,5
,5
,5
,5
,5
,5
,5
,5
,5
,5
,5
,5
,5
,5
,5
,5
,5
,5
,5
,5
,5
,5
,5
,5
,5
,5
,5
,5
,5
,5
,5
,5
,5
,5
,5
,5
,5
,5
,5
,5
,5
,5
,5
,5
,5
,5
,5
,5
,5
,5
,5
,5
,5
,5
,5
,5
,5
,5
,5
,5
,5
,5
,5
,5
,5
,5
,5
,5
,5
,5
,5
,5
,5
,5
,5
,5
,5
,5
,5
,5
,5
,5
,5
,5
,5
,5
,5
,5
,5
,5
,5
,5
,5
,5
,5
,5
,5
,5
,5
,5
,5
,5
,5
,5
,5
,5
,5
,5
,5
,5
,5
,5
,5
,5
,5
,5
,5
,5
,5
,5
,5
,5
,5
,5
,5
,5
,5
,5
,5
,5
,5
,5
,5
,5
,5
,5
,5
,5
,5
,5
,5
,5
,5
,5
,5
,5
,5
,5
,5
,5
,5
,5
,5
,5
,5
,5
,5
,5
,5
,5
,5
,5
,5
,5
,5
,5
,5
,5
,5
,5
,5
,5
,5
,5
,5
,5
,5
,5
,5
,5
,5
,5
,5
,5
,5
,5
,5
,5
,5
,5
,5
,5
,5
,5
,5
,5
,5
,5
,5
,5
,5
,5
,5
,5
,5
,5
,5
,5
,5
,5
,5
,5
,5
,5
,5
,5
,5
,5
,5
,5
,5
,5
,5
,5
,5
,5
,5
,5
,5
,5
,5
,5
,5
,5
,5
,5
,5
,5
,5
,5
,5
,5
,5
,5
,5
,5
,5
,5
,5
,5
,5
,5
,5
,5
,5
,5
,5
,5
,5
,5
,5
,5
,5
,5
,5
,5
,5
,5
,5
,5
,5
,5
,5
,5
,5
,5
,5
,5
,5
,5
,5
,5
,5
,5
,5
,5
,5
,5
,5
,5
,5
,5
,5
,5
,5
,5
,5
,5
,5
,5
,5
,5
,5
,5
,5
,5
,5
,5
,5
,5
,5
,5
,5
,5
,5
,5
,5
,5
,5
,5
,5
,5
,5
,5
,5
,5
,5
,5
,5
,5
,5
,5
,5
,5
,5
,5
,5
,5
,5
,5
,5
,5
,5
,5
,5
,5
,5
,5
,5
,5
,5
,5
,5
,5
,5
,5
,5
,5
,5
,5
,5
,5
,5
,5
,5
,5
,5
,5
,5
,5
,5
,5
,5
,5
,5
,5
,5
,5
,5
,5
,5
,5
,5
,5
,5
,5
,5
,5
,5
,5
,5
,5
,5
,5
,5
,5
,5
,5
,5
,5
,5
,5
,5
,5
,5
,5
,5
,5
,5
,5
,5
,5
,5
,5
,5
,5
,5
,5
,5
,5
,5
,5
,5
,5
,5
,5
,5
,5
,5
,5
,5
,5
,5
,5
,5
,5
,5
,5
,5
,5
,5
,5
,5
,5
,5
,5
,5
,5
,5
,5
,5
,5
,5
,5
,5
,5
,5
,5
,5
,5
,5
,5
,5
,5
,5
,5
,5
,5
,5
,5
,5
,5
,5
,5
,5
,5
,5
,5
,5
,5
,5
,5
,5
,5
,5
,5
,5
,5
,5
,5
,5
,5
,5
,5
,5
,5
,5
,5
,5
,5
,5
,5
,5
,5
,5
,5
,5
,5
,5
,5
,5
,5
,5
,5
,5
,5
,5
,5
,5
,5
,5
,5
,5
,5
,5
,5
,5
,5
,5
,5
,5
,5
,5
,5
,5
,5
,5
,5
,5
,5
,5
,5
,5
,5
,5
,5
,5
,5
,5
,5
,5
,5
,5
,5
,5
,5
,5
,5
,5
,5
,5
,5
,5
,5
,5
,5
,5
,5
,5
,5
,5
,5
,5
,5
,5
,5
,5
,5
,5
,5
,5
,5
,5
,5
,5
,5
,5
,5
,5
,5
,5
,5
,5
,5
,5
,5
,5
,5
,5
,5
,5
,5
,5
,5
,5
,5
,5
,5
,5
,5
,5
,5
,5
,5
,5
,5
,5
,5
,5
,5
,5
,5
,5
,5
,5
,5
,5
,5
,5
,5
,5
,5
,5
,5
,5
,5
,5
,5
,5
,5
,5
,5
,5
,5
,5
,5
,5
,5
,5
,5
,5
,5
,5
,5
,5
,5
,5
,5
,5
,5
,5
,5
,5
,5
,5
,5
,5
,5
,5
,5
,5
,5
,5
,5
,5
,5
,5
,5
,5
,5
,5
,5
,5
,5
,5
,5
,5
,5
,5
,5
,5
,5
,5
,5
,5
,5
,5
,5
,5
,5
,5
,5
,5
,5
,5
,5
,5
,5
,5
,5
,5
,5
,5
,5
,5
,5
,5
,5
,5
,5
,5
,5
,5
,5
,5
,5
,5
,5
,5
,5
,5
,5
,5
,5
,5
,5
,5
,5
,5
,5
,5
,5
,5
,5
,5
,5
,5
,5
,5
,5
,5
,5
,5
,5
,5
,5
,5
,5
,5
,5
,5
,5
,5
,5
,5
,5
,5
,5
,5
,5
,5
,5
,5
,5
,5
,5
,5
,5
,5
,5
,5
,5
,5
,5
,5
,5
,5
,5
,5
,5
,5
,5
,5
,5
,5
,5
,5
,5
,5
,5
,5
,5
,5
,5
,5
,5
,5
,5
,5
,5
,5
,5
,5
,5
,5
,5
,5
,5
,5
,5
,5
,5
,5
,5
,5
,5
,5
,5
,5
,5
,5
,5
,5
,5
,5
,5
,5
,5
,5
,5
,5
,5
,5
,5
,5
,5
,5
,5
,5
,5
,5
,5
,5
,5
,5
,5
,5
,5
,5
,5
,5
,5
,5
,5
,5
,5
,5
,5
,5
,5
,5
,5
,5
,5
,5
,5
,5
,5
,5
,5
,5
,5
,5
,5
,5
,5
,5
,5
,5
,5
,5
,5
,5
,5
,5
,5
,5
,5
,5
,5
,5
,5
,5
,5
,5
,5
,5
,5
,5
,5
,5
,5
,5
,5
,5
,5
,5
,5
,5
,5
,5
,5
,5
,5
,5
,5
,5
,5
,5
,5
,5
,5
,5
,5
,5
,5
,5
,5
,5
,5
,5
,5
,5
,5
,5
,5
,5
,5
,5
,5
,5
,5
,5
,5
,5
,5
,5
,5
,5
,5
,5
,5
,5
,5
,5
,5
,5
,5
,5
,5
,5
,5
,5
,5
,5
,5
,5
,5
,5
,5
,5
,5
,5
,5
,5
,5
,5
,5
,5
,5
,5
,5
,5
,5
,5
,5
,5
,5
,5
,5
,5
,5
,5
,5
,5
,5
,5
,5
,5
,5
,5
,5
,5
,5
,5
,5
,5
,5
,5
,5
,5
,5
,5
,5
,5
,5
,5
,5
,5
,5
,5
,5
,5
,5
,5
,5
,5
,5
,5
,5
,5
,5
,5
,5
,5
,5
,5
,5
,5
,5
,5
,5
,5
,5
,5
,5
,5
,5
,5
,5
,5
,5
,5
,5
,5
,5
,5
,5
,5
,5
,5
,5
,5
,5
,5
,5
,5
,5
,5
,5
,5
,5
,5
,5
,5
,5
,5
,5
,5
,5
,5
,5
,5
,5
,5
,5
,5
,5
,5
,5
,5
,5
,5
,5
,5
,5
,5
,5
,5
,5
,5
,5
,5
,5
,5
,5
,5
,5
,5
,5
,5
,5
,5
,5
,5
,5
,5
,5
,5
,5
,5
,5
,5
,5
,5
,5
,5
,5
,5
,5
,5
,5
,5
,5
,5
,5
,5
,5
,5
,5
,5
,5
,5
,5
,5
,5
,5
,5
,5
,5
,5
,5
,5
,5
,5
,5
,5
,5
,5
,5
,5
,5
,5
,5
,5
,5
,5
,5
,5
,5
,5
,5
,5
,5
,5
,5
,5
,5
,5
,5
,5
,5
,6
,6
,6
,6
,6
,6
,6
,6
,6
,6
,6
,6
,6
,6
,6
,6
,6
,6
,6
,6
,6
,6
,6
,6
,6
,6
,6
,6
,6
,6
,6
,6
,6
,6
,6
,6
,6
,6
,6
,6
,6
,6
,6
,6
,6
,6
,6
,6
,6
,6
,6
,6
,6
,6
,6
,6
,6
,6
,6
,6
,6
,6
,6
,6
,6
,6
,6
,6
,6
,6
,6
,6
,6
,6
,6
,6
,6
,6
,6
,6
,6
,6
,6
,6
,6
,6
,6
,6
,6
,6
,6
,6
,6
,6
,6
,6
,6
,6
,6
,6
,6
,6
,6
,6
,6
,6
,6
,6
,6
,6
,6
,6
,6
,6
,6
,6
,6
,6
,6
,6
,6
,6
,6
,6
,6
,6
,6
,6
,6
,6
,6
,6
,6
,6
,6
,6
,6
,6
,6
,6
,6
,6
,6
,6
,6
,6
,6
,6
,6
,6
,6
,6
,6
,6
,6
,6
,6
,6
,6
,6
,6
,6
,6
,6
,6
,6
,6
,6
,6
,6
,6
,6
,6
,6
,6
,6
,6
,6
,6
,6
,6
,6
,6
,6
,6
,6
,6
,6
,6
,6
,6
,6
,6
,6
,6
,6
,6
,6
,6
,6
,6
,6
,6
,6
,6
,6
,6
,6
,6
,6
,6
,6
,6
,6
,6
,6
,6
,6
,6
,6
,6
,6
,6
,6
,6
,6
,6
,6
,6
,6
,6
,6
,6
,6
,6
,6
,6
,6
,6
,6
,6
,6
,6
,6
,6
,6
,6
,6
,6
,6
,6
,6
,6
,6
,6
,6
,6
,6
,6
,6
,6
,6
,6
,6
,6
,6
,6
,6
,6
,6
,6
,6
,6
,6
,6
,6
,6
,6
,6
,6
,6
,6
,6
,6
,6
,6
,6
,6
,6
,6
,6
,6
,6
,6
,6
,6
,6
,6
,6
,6
,6
,6
,6
,6
,6
,6
,6
,6
,6
,6
,6
,6
,6
,6
,6
,6
,6
,6
,6
,6
,6
,6
,6
,6
,6
,6
,6
,6
,6
,6
,6
,6
,6
,6
,6
,6
,6
,6
,6
,6
,6
,6
,6
,6
,6
,6
,6
,6
,6
,6
,6
,6
,6
,6
,6
,6
,6
,6
,6
,6
,6
,6
,6
,6
,6
,6
,6
,6
,6
,6
,6
,6
,6
,6
,6
,6
,6
,6
,6
,6
,6
,6
,6
,6
,6
,6
,6
,6
,6
,6
,6
,6
,6
,6
,6
,6
,6
,6
,6
,6
,6
,6
,6
,6
,6
,6
,6
,6
,6
,6
,6
,6
,6
,6
,6
,6
,6
,6
,6
,6
,6
,6
,6
,6
,6
,6
,6
,6
,6
,6
,6
,6
,6
,6
,6
,6
,6
,6
,6
,6
,6
,6
,6
,6
,6
,6
,6
,6
,6
,6
,6
,6
,6
,6
,6
,6
,6
,6
,6
,6
,6
,6
,6
,6
,6
,6
,6
,6
,6
,6
,6
,6
,6
,6
,6
,6
,6
,6
,6
,6
,6
,6
,6
,6
,6
,6
,6
,6
,6
,6
,6
,6
,6
,6
,6
,6
,6
,6
,6
,6
,6
,6
,6
,6
,6
,6
,6
,6
,6
,6
,6
,6
,6
,6
,6
,6
,6
,6
,6
,6
,6
,6
,6
,6
,6
,6
,6
,6
,6
,6
,6
,6
,6
,6
,6
,6
,6
,6
,6
,6
,6
,6
,6
,6
,6
,6
,6
,6
,6
,6
,6
,6
,6
,6
,6
,6
,6
,6
,6
,6
,6
,6
,6
,6
,6
,6
,6
,6
,6
,6
,6
,6
,6
,6
,6
,6
,6
,6
,6
,6
,6
,6
,6
,6
,6
,6
,6
,6
,6
,6
,6
,6
,6
,6
,6
,6
,6
,6
,6
,6
,6
,6
,6
,6
,6
,6
,6
,6
,6
,6
,6
,6
,6
,6
,6
,6
,6
,6
,6
,6
,6
,6
,6
,6
,6
,6
,6
,6
,6
,6
,6
,6
,6
,6
,7
,7
,7
,7
,7
,7
,7
,7
,7
,7
,7
,7
,7
,7
,7
,7
,7
,7
,7
,7
,7
,7
,7
,7
,7
,7
,7
,7
,7
,7
,7
,7
,7
,7
,7
,7
,7
,7
,7
,7
,7
,7
,7
,7
,7
,7
,7
,7
,7
,7
,7
,7
,7
,7
,7
,7
,7
,7
,7
,7
,7
,7
,7
,7
,7
,7
,7
,7
,7
,7
,7
,7
,7
,7
,7
,7
,7
,7
,7
,7
,7
,7
,7
,7
,7
,7
,7
,7
,7
,7
,7
,7
,7
,7
,7
,7
,7
,7
,7
,7
,7
,7
,7
,7
,7
,7
,7
,7
,7
,7
,7
,7
,7
,7
,7
,7
,7
,7
,7
,7
,7
,7
,7
,7
,7
,7
,7
,7
,7
,7
,7
,7
,7
,7
,7
,7
,7
,7
,7
,7
,7
,7
,7
,7
,7
,7
,7
,7
,7
,7
,7
,7
,7
,7
,7
,7
,7
,7
,7
,7
,7
,7
,7
,7
,7
,7
,7
,7
,7
,7
,7
,7
,7
,7
,7
,7
,7
,7
,7
,7
,7
,7
,7
,7
,7
,7
,7
,7
,7
,7
,7
,7
,7
,7
,7
,7
,7
,7
,7
,7
,7
,7
,7
,7
,7
,7
,7
,7
,7
,7
,7
,7
,7
,7
,7
,7
,7
,7
,7
,7
,7
,7
,7
,7
,7
,7
,7
,7
,7
,7
,7
,7
,7
,7
,7
,7
,7
,7
,7
,7
,7
,7
,7
,7
,7
,7
,7
,7
,7
,7
,7
,7
,7
,7
,7
,7
,7
,7
,7
,7
,7
,7
,7
,7
,7
,7
,7
,7
,7
,7
,7
,7
,7
,7
,7
,7
,7
,7
,7
,7
,7
,7
,7
,7
,7
,7
,7
,7
,7
,7
,7
,7
,7
,7
,7
,7
,7
,7
,7
,7
,7
,7
,7
,7
,7
,7
,7
,7
,7
,7
,7
,7
,7
,7
,7
,7
,7
,7
,7
,7
,7
,7
,7
,7
,7
,7
,7
,7
,7
,7
,7
,7
,7
,7
,7
,7
,7
,7
,7
,7
,7
,7
,7
,7
,7
,7
,7
,7
,7
,7
,7
,7
,7
,7
,7
,7
,7
,7
,7
,7
,7
,7
,7
,7
,7
,7
,7
,7
,7
,7
,7
,7
,7
,7
,7
,7
,7
,7
,7
,8
,8
,8
,8
,8
,8
,8
,8
,8
,8
,8
,8
,8
,8
,8
,8
,8
,8
,8
,8
,8
,8
,8
,8
,8
,8
,8
,8
,8
,8
,8
,8
,8
,8
,8
,8
,8
,8
,8
,8
,8
,8
,8
,8
,8
,8
,8
,8
,8
,8
,8
,8
,8
,8
,8
,8
,8
,8
,8
,8
,8
,8
,8
,8
,8
,8
,8
,8
,8
,8
,8
,8
,8
,8
,8
,8
,8
,8
,8
,8
,8
,8
,8
,8
,8
,8
,8
,8
,8
,8
,8
,8
,8
,8
,8
,8
,8
,8
,8
,8
,8
,8
,8
,8
,8
,8
,8
,8
,8
,8
,8
,8
,8
,8
,8
,8
,8
,8
,8
,8
,8
,8
,8
,8
,8
,8
,8
,8
,8
,8
,8
,8
,8
,8
,8
,8
,8
,8
,8
,8
,8
,8
,8
,8
,8
,8
,8
,8
,8
,8
,8
,8
,8
,8
,8
,8
,8
,8
,8
,8
,8
,8
,8
,8
,8
,8
,8
,8
,8
,8
,8
,8
,8
,8
,8
,8
,8
,8
,8
,8
,8
,8
,8
,8
,8
,8
,8
,8
,8
,8
,8
,8
,8
,8
,8
,8
,8
,8
,8
,8
,8
,8
,8
,8
,8
,8
,8
,8
,8
,8
,8
,8
,8
,8
,8
,8
,8
,8
,8
,8
,8
,8
,8
,8
,8
,8
,8
,9
,9
,9
,9
,9
,9
,9
,9
,9
,9
,9
,9
,9
,9
,9
,9
,9
,9
,9
,9
,9
,9
,9
,9
,9
,9
,9
,9
,9
,9
,9
,9
,9
,9
,9
,9
,9
,9
,9
,9
,9
,9
,9
,9
,9
,9
,9
,9
,9
,9
,9
,9
,9
,9
,9
,9
,9
,9
,9
,9
,9
,9
,9
,9
,9
,9
,9
,9
,9
,9
,9
,9
,9
,9
,9
,9
,9
,9
,9
,9
,9
,9
,9
,9
,9
,9
,9
,9
,9
,9
,9
,9
,9
,9
,9
,9
,9
,9
,9
,9
,9
,9
,9
,9
,9
,9
,9
,9
,9
,9
,9
,9
,9
,9
,9
,9
,9
,9
,10
,10
,10
,10
,10
,10
,10
,10
,10
,10
,10
,10
,10
,10
,10
,10
,10
,10
,10
,10
,10
,10
,10
,10
,10
,10
,10
,10
,10
,10
,10
,10
,10
,10
,10
,10
,10
,10
,10
,10
,10
,10
,10
,10
,10
,10
,10
,10
,10
,10
,10
,10
,10
,10
,10
,10
,10
,10
,10
,10
,10
,10
,10
,10
,10
,10
,10
,10
,10
,10
,10
,10
,10
,10
,10
,10
,10
,10
,10
,10
,10
,11
,11
,11
,11
,11
,11
,11
,11
,11
,11
,11
,11
,11
,11
,11
,11
,11
,11
,11
,11
,11
,11
,11
,11
,11
,11
,11
,11
,11
,11
,11
,11
,11
,11
,11
,11
,11
,11
,11
,11
,11
,11
,11
,11
,11
,11
,11
,11
,11
,11
,11
,11
,11
,11
,11
,11
,11
,11
,11
,11
,11
,12
,12
,12
,12
,12
,12
,12
,12
,12
,12
,12
,12
,12
,12
,12
,12
,12
,12
,12
,12
,12
,12
,12
,12
,12
,12
,12
,12
,12
,12
,12
,12
,12
,12
,12
,12
,12
,12
,12
,12
,12
,13
,13
,13
,13
,13
,13
,13
,13
,13
,13
,13
,13
,13
,13
,13
,13
,13
,13
,13
,13
,14
,14
,14
,14
,14
,14
,14
,14
,14
,14
,14
,14
,14
,14
,14
,14
,14
,14
,14
,14
,14
,14
,14
,14
,15
,15
,15
,15
,15
,15
,15
,15
,15
,15
,15
,15
,15
,15
,15
,16
,16
,16
,16
,16
,16
,16
,16
,16
,16
,16
,16
,16
,16
,16
,16
,16
,17
,17
,17
,17
,17
,17
,17
,17
,17
,17
,17
,18
,18
,18
,18
,18
,18
,18
,18
,18
,18
,18
,18
,18
,18
,19
,19
,19
,19
,19
,20
,20
,20
,20
,20
,20
,21
,21
,21
,21
,21
,21
,21
,22
,22
,22
,23
,23
,23
,23
,23
,24
,24
,24
,24
,25
,25
,25
,25
,25
,25
,25
,26
,26
,26
,26
,28
,28
,28
,29
,29
,30
,31
,31
,32
,32
,33
,33
,34
,34
,34
,35
,35
,35
,35
,36
,37
,39
,40
,41
,41
,41
,42
,42
,44
,44
,45
,45
,48
,50
,53
,63
,64
,64
,69
,70
,72
,74
,86
,88
,89
,92
,99
,104
,116
,143
,154
,488
