start_row,end_row,match_length,a_count,b_count
420,421,2,1,1
728,729,2,1,1
1054,1055,2,1,1
1341,1343,3,2,1
1395,1397,3,1,2
1536,1537,2,1,1
1815,1816,2,1,1
1985,1987,3,1,2
2026,2027,2,1,1
2031,2035,5,1,4
2049,2051,3,1,2
2068,2069,2,1,1
2072,2074,3,1,2
2094,2095,2,1,1
2260,2262,3,1,2
2290,2291,2,1,1
2319,2320,2,1,1
2331,2332,2,1,1
2360,2361,2,1,1
2375,2376,2,1,1
2381,2382,2,1,1
2391,2392,2,1,1
2413,2414,2,1,1
2434,2435,2,1,1
2442,2447,6,1,5
2566,2567,2,1,1
2568,2569,2,1,1
2573,2576,4,1,3
2594,2598,5,1,4
2616,2617,2,1,1
2619,2621,3,2,1
2642,2644,3,1,2
2645,2647,3,2,1
2653,2658,6,1,5
2702,2706,5,1,4
2707,2709,3,2,1
2713,2714,2,1,1
2715,2719,5,1,4
2720,2723,4,3,1
2724,2725,2,1,1
2735,2737,3,1,2
2743,2746,4,1,3
2750,2752,3,1,2
2756,2757,2,1,1
2758,2763,6,1,5
2768,2773,6,1,5
2796,2797,2,1,1
2798,2800,3,1,2
2801,2803,3,1,2
2804,2806,3,1,2
2812,2817,6,1,5
2818,2819,2,1,1
2830,2831,2,1,1
2834,2835,2,1,1
2838,2839,2,1,1
2845,2849,5,4,1
2859,2862,4,1,3
2899,2901,3,1,2
2913,2914,2,1,1
2924,2925,2,1,1
2926,2927,2,1,1
2928,2929,2,1,1
2931,2932,2,1,1
2940,2942,3,1,2
2943,2945,3,1,2
2946,2947,2,1,1
2948,2951,4,3,1
2955,2956,2,1,1
2957,2965,9,5,4
2966,2969,4,1,3
2976,2980,5,4,1
2981,2983,3,1,2
2991,2992,2,1,1
2995,2997,3,2,1
3003,3005,3,2,1
3006,3010,5,1,4
3011,3013,3,1,2
3018,3025,8,1,7
3026,3027,2,1,1
3028,3030,3,1,2
3034,3037,4,3,1
3038,3039,2,1,1
3059,3061,3,1,2
3071,3074,4,2,2
3075,3077,3,2,1
3078,3096,19,1,18
3097,3099,3,1,2
3127,3128,2,1,1
3130,3137,8,5,3
3142,3144,3,1,2
3151,3157,7,6,1
3158,3159,2,1,1
3165,3167,3,1,2
3177,3183,7,3,4
3187,3188,2,1,1
3196,3198,3,1,2
3199,3202,4,1,3
3203,3204,2,1,1
3206,3207,2,1,1
3213,3216,4,3,1
3229,3230,2,1,1
3236,3237,2,1,1
3241,3246,6,3,3
3266,3268,3,2,1
3278,3280,3,1,2
3281,3285,5,1,4
3286,3289,4,2,2
3292,3294,3,2,1
3312,3318,7,5,2
3320,3321,2,1,1
3328,3331,4,1,3
3339,3340,2,1,1
3341,3343,3,1,2
3352,3353,2,1,1
3359,3364,6,4,2
3365,3366,2,1,1
3367,3368,2,1,1
3378,3379,2,1,1
3380,3382,3,1,2
3385,3390,6,1,5
3395,3396,2,1,1
3397,3398,2,1,1
3409,3410,2,1,1
3411,3412,2,1,1
3413,3414,2,1,1
3418,3426,9,7,2
3428,3430,3,1,2
3431,3436,6,1,5
3437,3441,5,1,4
3445,3446,2,1,1
3449,3450,2,1,1
3467,3468,2,1,1
3491,3494,4,1,3
3495,3497,3,2,1
3498,3502,5,2,3
3503,3504,2,1,1
3506,3507,2,1,1
3510,3512,3,2,1
3522,3524,3,1,2
3531,3536,6,1,5
3545,3548,4,1,3
3560,3564,5,4,1
3567,3568,2,1,1
3576,3581,6,2,4
3585,3586,2,1,1
3588,3591,4,2,2
3592,3593,2,1,1
3594,3596,3,2,1
3598,3599,2,1,1
3600,3604,5,2,3
3605,3608,4,1,3
3612,3615,4,3,1
3616,3619,4,3,1
3623,3624,2,1,1
3625,3626,2,1,1
3627,3629,3,2,1
3631,3633,3,2,1
3635,3637,3,2,1
3641,3645,5,1,4
3671,3672,2,1,1
3673,3675,3,2,1
3676,3680,5,2,3
3682,3683,2,1,1
3687,3689,3,2,1
3694,3696,3,1,2
3701,3702,2,1,1
3708,3709,2,1,1
3710,3711,2,1,1
3723,3724,2,1,1
3736,3739,4,1,3
3742,3746,5,1,4
3752,3757,6,2,4
3759,3762,4,1,3
3775,3776,2,1,1
3777,3779,3,2,1
3780,3783,4,1,3
3788,3791,4,3,1
3795,3798,4,1,3
3800,3804,5,1,4
3805,3807,3,1,2
3819,3821,3,1,2
3822,3827,6,1,5
3832,3836,5,1,4
3837,3840,4,1,3
3845,3848,4,1,3
3849,3852,4,2,2
3855,3856,2,1,1
3857,3860,4,1,3
3868,3870,3,1,2
3881,3882,2,1,1
3896,3898,3,1,2
3905,3908,4,3,1
3909,3911,3,2,1
3912,3917,6,1,5
3946,3948,3,2,1
3949,3957,9,1,8
3967,3970,4,2,2
3973,3977,5,2,3
3984,3985,2,1,1
3986,3987,2,1,1
3988,3989,2,1,1
3990,3992,3,1,2
4019,4023,5,2,3
4024,4025,2,1,1
4026,4029,4,2,2
4034,4036,3,1,2
4037,4042,6,1,5
4045,4046,2,1,1
4047,4050,4,3,1
4066,4068,3,1,2
4077,4078,2,1,1
4081,4084,4,1,3
4097,4098,2,1,1
4107,4109,3,2,1
4112,4113,2,1,1
4118,4119,2,1,1
4123,4126,4,1,3
4127,4130,4,1,3
4148,4150,3,1,2
4161,4164,4,1,3
4165,4171,7,2,5
4172,4173,2,1,1
4176,4177,2,1,1
4178,4179,2,1,1
4198,4203,6,3,3
4204,4208,5,1,4
4211,4219,9,4,5
4220,4222,3,2,1
4235,4236,2,1,1
4250,4251,2,1,1
4252,4258,7,3,4
4259,4260,2,1,1
4261,4265,5,4,1
4273,4274,2,1,1
4275,4276,2,1,1
4278,4280,3,2,1
4305,4308,4,3,1
4309,4310,2,1,1
4319,4321,3,1,2
4322,4323,2,1,1
4325,4327,3,1,2
4328,4330,3,1,2
4348,4351,4,2,2
4352,4353,2,1,1
4359,4364,6,3,3
4365,4368,4,1,3
4369,4374,6,5,1
4375,4376,2,1,1
4377,4378,2,1,1
4403,4406,4,2,2
4417,4420,4,1,3
4447,4448,2,1,1
4449,4455,7,3,4
4456,4458,3,2,1
4464,4467,4,1,3
4468,4471,4,3,1
4472,4474,3,1,2
4475,4477,3,1,2
4478,4486,9,2,7
4487,4490,4,3,1
4491,4492,2,1,1
4501,4502,2,1,1
4516,4526,11,3,8
4527,4536,10,9,1
4537,4539,3,1,2
4540,4542,3,1,2
4552,4555,4,3,1
4556,4557,2,1,1
4798,4802,5,2,3
4804,4807,4,1,3
4815,4816,2,1,1
4825,4826,2,1,1
4827,4828,2,1,1
4853,4855,3,2,1
4861,4862,2,1,1
4866,4867,2,1,1
4894,4895,2,1,1
4903,4904,2,1,1
4905,4906,2,1,1
5374,5376,3,1,2
5613,5614,2,1,1
5615,5619,5,2,3
5620,5621,2,1,1
6437,6439,3,1,2
6448,6449,2,1,1
6740,6742,3,1,2
6743,6749,7,6,1
6750,6751,2,1,1
7349,7352,4,2,2
7414,7423,10,1,9
7687,7688,2,1,1
7689,7690,2,1,1
8138,8141,4,1,3
8789,8793,5,2,3
9094,9096,3,1,2
9112,9113,2,1,1
9114,9116,3,1,2
9121,9126,6,5,1
9127,9128,2,1,1
9129,9130,2,1,1
9131,9134,4,1,3
9273,9276,4,3,1
9277,9279,3,1,2
9280,9281,2,1,1
9288,9290,3,1,2
9296,9298,3,2,1
9299,9301,3,1,2
9345,9349,5,4,1
9354,9357,4,3,1
9367,9369,3,1,2
9370,9371,2,1,1
9373,9374,2,1,1
9375,9377,3,2,1
9380,9381,2,1,1
9414,9420,7,6,1
9423,9424,2,1,1
9456,9457,2,1,1
9479,9481,3,1,2
9482,9484,3,2,1
9488,9489,2,1,1
9491,9493,3,1,2
9507,9508,2,1,1
9509,9510,2,1,1
9526,9527,2,1,1
9606,9608,3,2,1
9609,9610,2,1,1
9611,9612,2,1,1
9660,9661,2,1,1
9663,9664,2,1,1
9669,9670,2,1,1
9686,9689,4,2,2
9696,9697,2,1,1
9698,9699,2,1,1
9708,9728,21,6,15
9744,9752,9,7,2
9753,9755,3,1,2
9756,9784,29,1,28
9807,9810,4,3,1
9811,9815,5,4,1
9818,9819,2,1,1
9820,9821,2,1,1
9822,9824,3,1,2
9825,9829,5,4,1
9830,9831,2,1,1
9833,9834,2,1,1
9835,9837,3,1,2
9856,9858,3,1,2
9859,9861,3,1,2
9867,9868,2,1,1
9869,9870,2,1,1
9872,9873,2,1,1
9874,9875,2,1,1
11297,11298,2,1,1
11368,11369,2,1,1
11385,11386,2,1,1
11388,11389,2,1,1
11450,11451,2,1,1
11459,11460,2,1,1
11468,11469,2,1,1
11473,11474,2,1,1
11510,11511,2,1,1
11513,11515,3,2,1
11588,11591,4,2,2
11599,11600,2,1,1
11608,11610,3,2,1
11676,11678,3,1,2
11691,11693,3,2,1
11720,11722,3,1,2
11732,11733,2,1,1
11734,11735,2,1,1
11764,11767,4,2,2
11768,11770,3,1,2
11771,11773,3,1,2
11780,11781,2,1,1
11786,11790,5,1,4
11840,11843,4,1,3
11859,11862,4,2,2
11885,11888,4,1,3
11889,11890,2,1,1
11891,11893,3,2,1
11916,11920,5,3,2
11937,11939,3,1,2
11955,11956,2,1,1
11958,11959,2,1,1
11968,11969,2,1,1
11970,11971,2,1,1
11974,11977,4,2,2
11990,11992,3,2,1
12006,12007,2,1,1
12016,12017,2,1,1
12027,12032,6,1,5
12034,12035,2,1,1
12042,12043,2,1,1
12045,12046,2,1,1
12047,12051,5,3,2
12055,12056,2,1,1
12058,12059,2,1,1
12060,12062,3,2,1
12074,12077,4,2,2
12087,12088,2,1,1
12096,12099,4,1,3
12100,12101,2,1,1
12109,12112,4,1,3
12122,12123,2,1,1
12126,12127,2,1,1
12148,12151,4,3,1
12163,12164,2,1,1
12174,12175,2,1,1
12180,12182,3,1,2
12183,12186,4,2,2
12194,12195,2,1,1
12204,12205,2,1,1
12223,12226,4,1,3
12227,12232,6,2,4
12236,12239,4,2,2
12245,12246,2,1,1
12248,12250,3,2,1
12254,12256,3,1,2
12277,12280,4,3,1
12295,12296,2,1,1
12313,12314,2,1,1
12318,12320,3,1,2
12329,12331,3,2,1
12352,12354,3,1,2
12359,12361,3,2,1
12367,12368,2,1,1
12369,12370,2,1,1
12374,12375,2,1,1
12389,12393,5,2,3
12399,12400,2,1,1
12403,12407,5,1,4
12418,12419,2,1,1
12439,12440,2,1,1
12449,12450,2,1,1
12451,12457,7,2,5
12458,12461,4,2,2
12480,12481,2,1,1
12489,12490,2,1,1
12501,12503,3,2,1
12517,12518,2,1,1
12530,12531,2,1,1
12545,12546,2,1,1
12557,12558,2,1,1
12563,12565,3,2,1
12585,12587,3,2,1
12588,12590,3,2,1
12603,12604,2,1,1
12607,12609,3,1,2
12627,12629,3,1,2
12649,12650,2,1,1
12664,12665,2,1,1
12678,12679,2,1,1
12680,12681,2,1,1
12697,12698,2,1,1
12701,12704,4,1,3
12706,12707,2,1,1
12708,12709,2,1,1
12725,12726,2,1,1
12734,12735,2,1,1
12745,12748,4,3,1
12763,12765,3,2,1
12779,12780,2,1,1
12789,12790,2,1,1
12793,12794,2,1,1
12809,12813,5,1,4
12818,12820,3,1,2
12853,12854,2,1,1
12856,12857,2,1,1
12862,12863,2,1,1
12879,12880,2,1,1
12881,12884,4,3,1
12889,12892,4,1,3
12893,12902,10,9,1
12903,12905,3,2,1
12906,12911,6,5,1
12912,12919,8,1,7
13047,13049,3,1,2
13120,13121,2,1,1
13167,13169,3,1,2
13172,13178,7,1,6
13191,13192,2,1,1
13208,13209,2,1,1
13217,13218,2,1,1
13226,13228,3,1,2
13229,13231,3,1,2
13239,13241,3,2,1
13307,13309,3,1,2
13338,13339,2,1,1
13366,13368,3,2,1
13386,13388,3,2,1
13391,13392,2,1,1
13409,13410,2,1,1
13420,13422,3,2,1
13423,13426,4,3,1
13443,13446,4,2,2
13449,13450,2,1,1
13455,13457,3,1,2
13482,13484,3,2,1
13527,13528,2,1,1
13556,13557,2,1,1
13582,13584,3,1,2
13587,13589,3,2,1
13604,13609,6,2,4
13610,13613,4,1,3
13619,13620,2,1,1
13625,13626,2,1,1
13642,13643,2,1,1
13647,13650,4,1,3
13667,13669,3,2,1
13712,13713,2,1,1
13714,13717,4,3,1
13761,13763,3,1,2
13778,13780,3,1,2
13790,13794,5,3,2
13808,13811,4,1,3
13812,13815,4,1,3
13850,13857,8,5,3
13879,13880,2,1,1
13891,13893,3,2,1
13899,13902,4,3,1
13923,13924,2,1,1
13975,13977,3,1,2
14016,14021,6,1,5
14049,14051,3,1,2
14057,14060,4,1,3
14067,14068,2,1,1
14103,14105,3,1,2
14111,14115,5,3,2
14118,14119,2,1,1
14125,14129,5,3,2
14136,14139,4,1,3
14144,14146,3,1,2
14159,14162,4,1,3
14168,14169,2,1,1
14188,14190,3,1,2
14195,14196,2,1,1
14197,14199,3,2,1
14201,14203,3,2,1
14221,14222,2,1,1
14223,14224,2,1,1
14228,14229,2,1,1
14238,14239,2,1,1
14240,14244,5,2,3
14251,14254,4,2,2
14261,14262,2,1,1
14263,14264,2,1,1
14303,14305,3,2,1
14330,14331,2,1,1
14348,14350,3,2,1
14379,14381,3,1,2
14392,14394,3,1,2
14401,14403,3,2,1
14410,14414,5,1,4
14440,14442,3,1,2
14446,14447,2,1,1
14472,14475,4,1,3
14477,14479,3,1,2
14489,14490,2,1,1
14542,14546,5,2,3
14566,14567,2,1,1
14568,14569,2,1,1
14583,14584,2,1,1
14587,14590,4,1,3
14596,14598,3,2,1
14643,14646,4,2,2
14649,14650,2,1,1
14659,14660,2,1,1
14661,14662,2,1,1
14676,14679,4,3,1
14682,14683,2,1,1
14686,14688,3,1,2
14711,14712,2,1,1
14728,14730,3,2,1
14749,14750,2,1,1
14764,14766,3,1,2
14769,14770,2,1,1
14786,14788,3,1,2
14791,14792,2,1,1
14801,14803,3,1,2
14821,14822,2,1,1
14849,14851,3,1,2
14931,14937,7,1,6
14966,14968,3,1,2
14978,14979,2,1,1
14984,14985,2,1,1
15008,15010,3,2,1
15030,15032,3,2,1
15044,15047,4,3,1
15055,15057,3,1,2
15073,15075,3,2,1
15085,15086,2,1,1
15098,15101,4,1,3
15116,15117,2,1,1
15122,15123,2,1,1
15152,15153,2,1,1
15154,15157,4,2,2
15167,15168,2,1,1
15170,15171,2,1,1
15197,15200,4,2,2
15232,15233,2,1,1
15243,15244,2,1,1
15251,15252,2,1,1
15253,15255,3,2,1
15260,15265,6,1,5
15280,15281,2,1,1
15282,15283,2,1,1
15290,15291,2,1,1
15305,15306,2,1,1
15325,15326,2,1,1
15333,15334,2,1,1
15344,15347,4,1,3
15348,15350,3,1,2
15351,15353,3,1,2
15354,15355,2,1,1
15377,15380,4,3,1
15381,15382,2,1,1
15415,15417,3,1,2
15432,15433,2,1,1
15435,15436,2,1,1
15447,15448,2,1,1
15492,15493,2,1,1
15506,15507,2,1,1
15515,15517,3,1,2
15519,15520,2,1,1
15536,15537,2,1,1
15579,15580,2,1,1
15585,15586,2,1,1
15588,15589,2,1,1
15612,15613,2,1,1
15625,15626,2,1,1
15639,15641,3,1,2
15645,15646,2,1,1
15647,15648,2,1,1
15650,15652,3,1,2
15671,15674,4,2,2
15697,15699,3,1,2
15704,15707,4,2,2
15722,15723,2,1,1
15729,15733,5,1,4
15762,15763,2,1,1
15766,15767,2,1,1
15768,15769,2,1,1
15788,15790,3,1,2
15799,15800,2,1,1
15811,15813,3,2,1
15820,15821,2,1,1
15825,15826,2,1,1
15844,15845,2,1,1
15859,15860,2,1,1
15861,15863,3,2,1
15874,15877,4,3,1
15883,15885,3,2,1
15911,15912,2,1,1
15923,15924,2,1,1
15930,15937,8,1,7
15955,15957,3,2,1
15965,15966,2,1,1
15973,15974,2,1,1
15982,15983,2,1,1
16003,16005,3,2,1
16016,16017,2,1,1
16018,16019,2,1,1
16025,16028,4,2,2
16029,16032,4,2,2
16059,16060,2,1,1
16087,16090,4,1,3
16095,16096,2,1,1
16103,16104,2,1,1
16119,16120,2,1,1
16121,16122,2,1,1
16144,16146,3,1,2
16156,16159,4,1,3
16167,16170,4,3,1
16197,16198,2,1,1
16248,16251,4,2,2
16278,16280,3,2,1
16293,16294,2,1,1
16336,16337,2,1,1
16346,16347,2,1,1
16366,16373,8,2,6
16405,16408,4,2,2
16416,16417,2,1,1
16450,16452,3,1,2
16471,16472,2,1,1
16504,16507,4,1,3
16511,16512,2,1,1
16513,16514,2,1,1
16515,16517,3,1,2
16550,16556,7,1,6
16560,16561,2,1,1
16563,16565,3,1,2
16566,16567,2,1,1
16592,16593,2,1,1
16599,16602,4,2,2
16631,16633,3,2,1
16636,16637,2,1,1
16650,16652,3,2,1
16697,16699,3,1,2
16711,16713,3,1,2
16714,16715,2,1,1
16716,16718,3,2,1
16730,16731,2,1,1
16739,16740,2,1,1
16753,16757,5,1,4
16760,16761,2,1,1
16770,16772,3,2,1
16780,16781,2,1,1
16803,16804,2,1,1
16819,16821,3,1,2
16823,16825,3,1,2
16843,16844,2,1,1
16859,16860,2,1,1
16865,16866,2,1,1
16869,16871,3,1,2
16906,16907,2,1,1
16922,16924,3,2,1
16951,16952,2,1,1
16960,16962,3,1,2
16964,16966,3,1,2
16976,16977,2,1,1
16978,16980,3,1,2
17000,17001,2,1,1
17002,17003,2,1,1
17006,17007,2,1,1
17020,17021,2,1,1
17025,17026,2,1,1
17048,17049,2,1,1
17058,17059,2,1,1
17064,17067,4,1,3
17087,17089,3,2,1
17122,17123,2,1,1
17136,17137,2,1,1
17138,17139,2,1,1
17172,17173,2,1,1
17187,17188,2,1,1
17204,17207,4,3,1
17294,17295,2,1,1
17306,17310,5,3,2
17317,17319,3,1,2
17342,17343,2,1,1
17362,17363,2,1,1
17367,17370,4,2,2
17393,17394,2,1,1
17417,17418,2,1,1
17441,17442,2,1,1
17448,17449,2,1,1
17457,17458,2,1,1
17465,17467,3,1,2
17482,17484,3,1,2
17490,17492,3,2,1
17513,17517,5,2,3
17530,17531,2,1,1
17543,17544,2,1,1
17545,17546,2,1,1
17574,17575,2,1,1
17576,17577,2,1,1
17580,17582,3,1,2
17597,17598,2,1,1
17603,17604,2,1,1
17607,17610,4,1,3
17766,17767,2,1,1
17859,17860,2,1,1
17887,17889,3,1,2
17982,17983,2,1,1
18149,18151,3,2,1
18164,18165,2,1,1
18430,18431,2,1,1
18460,18464,5,1,4
18476,18477,2,1,1
18478,18479,2,1,1
18480,18481,2,1,1
18671,18675,5,1,4
18676,18677,2,1,1
18678,18680,3,1,2
18681,18686,6,1,5
18688,18690,3,1,2
18694,18697,4,1,3
18707,18708,2,1,1
18714,18716,3,1,2
18717,18719,3,1,2
18737,18738,2,1,1
18739,18743,5,1,4
18759,18761,3,1,2
18777,18779,3,1,2
18851,18853,3,1,2
18876,18878,3,1,2
18899,18901,3,2,1
19071,19072,2,1,1
19417,19418,2,1,1
19443,19445,3,1,2
19455,19457,3,1,2
19486,19492,7,6,1
19493,19502,10,9,1
19503,19505,3,2,1
19506,19507,2,1,1
19511,19513,3,1,2
19514,19527,14,13,1
19532,19533,2,1,1
19534,19538,5,2,3
19539,19540,2,1,1
19541,19546,6,5,1
19547,19550,4,2,2
19551,19554,4,2,2
19555,19558,4,2,2
19559,19561,3,2,1
19562,19571,10,7,3
19572,19583,12,10,2
19584,19588,5,4,1
19589,19591,3,1,2
19592,19594,3,2,1
19595,19603,9,8,1
19609,19618,10,9,1
19619,19620,2,1,1
19621,19628,8,7,1
19629,19630,2,1,1
19631,19633,3,2,1
19634,19638,5,4,1
19639,19646,8,7,1
19647,19649,3,2,1
19654,19655,2,1,1
19657,19658,2,1,1
19659,19672,14,13,1
19673,19674,2,1,1
19675,19679,5,1,4
19680,19683,4,2,2
19684,19685,2,1,1
19686,19689,4,3,1
19690,19700,11,7,4
19701,19705,5,3,2
19706,19709,4,3,1
19713,19715,3,2,1
19716,19719,4,3,1
19720,19721,2,1,1
19722,19728,7,5,2
19729,19730,2,1,1
19735,19737,3,1,2
19740,19745,6,3,3
19746,19750,5,3,2
19751,19753,3,2,1
19754,19757,4,3,1
19758,19762,5,4,1
19764,19766,3,1,2
19767,19769,3,1,2
19773,19775,3,2,1
19776,19779,4,3,1
19780,19781,2,1,1
19782,19784,3,1,2
19788,19791,4,2,2
19792,19794,3,2,1
19799,19803,5,3,2
19804,19810,7,6,1
19815,19816,2,1,1
19817,19819,3,2,1
19820,19821,2,1,1
19822,19824,3,1,2
19825,19830,6,5,1
19831,19839,9,8,1
19842,19850,9,7,2
19851,19854,4,3,1
19855,19857,3,1,2
19860,19864,5,4,1
19865,19869,5,4,1
19870,19872,3,2,1
19878,19881,4,2,2
19885,19887,3,1,2
19888,19892,5,4,1
19893,19897,5,1,4
19898,19899,2,1,1
19900,19904,5,4,1
19905,19909,5,3,2
19910,19919,10,3,7
19920,19929,10,9,1
19930,19931,2,1,1
19938,19946,9,8,1
19947,19949,3,2,1
19950,19953,4,2,2
19954,19955,2,1,1
19956,19957,2,1,1
19958,19961,4,2,2
19969,19972,4,3,1
19975,19979,5,3,2
19980,19981,2,1,1
19982,19989,8,7,1
19990,19992,3,1,2
19994,19995,2,1,1
19996,19999,4,2,2
20005,20007,3,2,1
20013,20014,2,1,1
20016,20019,4,3,1
20020,20021,2,1,1
20024,20029,6,3,3
20030,20033,4,2,2
20034,20036,3,1,2
20037,20039,3,1,2
20044,20047,4,3,1
20048,20049,2,1,1
20050,20052,3,1,2
20053,20054,2,1,1
20055,20056,2,1,1
20058,20066,9,7,2
20067,20070,4,3,1
20071,20074,4,1,3
20077,20082,6,4,2
20083,20087,5,4,1
20088,20092,5,2,3
20093,20095,3,1,2
20096,20097,2,1,1
20098,20103,6,5,1
20104,20107,4,2,2
20108,20113,6,2,4
20114,20118,5,3,2
20119,20124,6,4,2
20128,20130,3,1,2
20131,20134,4,2,2
20135,20136,2,1,1
20137,20138,2,1,1
20139,20143,5,4,1
20144,20145,2,1,1
20146,20155,10,7,3
20156,20165,10,9,1
20166,20168,3,2,1
20169,20172,4,3,1
20173,20176,4,3,1
20177,20178,2,1,1
20179,20182,4,1,3
20183,20184,2,1,1
20185,20194,10,9,1
20195,20199,5,3,2
20200,20202,3,1,2
20203,20205,3,2,1
20206,20209,4,3,1
20210,20213,4,2,2
20219,20222,4,3,1
20223,20225,3,2,1
20226,20230,5,4,1
20231,20236,6,3,3
20239,20242,4,3,1
20246,20247,2,1,1
20248,20249,2,1,1
20250,20253,4,3,1
20254,20257,4,3,1
20258,20259,2,1,1
20260,20267,8,5,3
20268,20270,3,2,1
20271,20273,3,2,1
20274,20276,3,2,1
20277,20281,5,3,2
20282,20285,4,2,2
20286,20287,2,1,1
20288,20290,3,2,1
20291,20292,2,1,1
20296,20298,3,1,2
20299,20304,6,5,1
20305,20307,3,2,1
20309,20313,5,2,3
20314,20316,3,2,1
20317,20318,2,1,1
20319,20325,7,5,2
20326,20327,2,1,1
20328,20329,2,1,1
20335,20339,5,2,3
20340,20345,6,3,3
20346,20349,4,3,1
20350,20354,5,3,2
20355,20357,3,1,2
20358,20362,5,4,1
20363,20366,4,2,2
20367,20370,4,2,2
20373,20375,3,2,1
20376,20378,3,2,1
20387,20389,3,1,2
20390,20394,5,4,1
20395,20396,2,1,1
20397,20398,2,1,1
20399,20400,2,1,1
20401,20404,4,2,2
20405,20406,2,1,1
20407,20408,2,1,1
20409,20410,2,1,1
20411,20414,4,1,3
20415,20416,2,1,1
20423,20425,3,1,2
20426,20429,4,3,1
20430,20431,2,1,1
20432,20434,3,1,2
20437,20438,2,1,1
20439,20441,3,2,1
20442,20445,4,3,1
20446,20449,4,2,2
20450,20451,2,1,1
20452,20454,3,1,2
20455,20458,4,1,3
20459,20462,4,3,1
20463,20464,2,1,1
20465,20467,3,2,1
20471,20472,2,1,1
20473,20476,4,3,1
20477,20483,7,6,1
20490,20492,3,2,1
20493,20494,2,1,1
20495,20496,2,1,1
20497,20500,4,3,1
20503,20504,2,1,1
20506,20507,2,1,1
20508,20514,7,5,2
20515,20517,3,1,2
20518,20519,2,1,1
20523,20529,7,6,1
20530,20532,3,2,1
20533,20536,4,2,2
20537,20539,3,2,1
20540,20541,2,1,1
20542,20551,10,9,1
20552,20553,2,1,1
20558,20560,3,2,1
20561,20563,3,1,2
20564,20568,5,1,4
20569,20570,2,1,1
20571,20574,4,2,2
20575,20576,2,1,1
20588,20593,6,4,2
20596,20597,2,1,1
20598,20599,2,1,1
20600,20604,5,4,1
20608,20611,4,1,3
20612,20620,9,8,1
20621,20629,9,8,1
20630,20631,2,1,1
20632,20635,4,3,1
20636,20642,7,5,2
20643,20645,3,1,2
20648,20649,2,1,1
20650,20653,4,3,1
20654,20655,2,1,1
20658,20660,3,1,2
20661,20664,4,3,1
20665,20667,3,2,1
20668,20672,5,3,2
20673,20674,2,1,1
20675,20679,5,4,1
20684,20688,5,3,2
20689,20693,5,4,1
20694,20695,2,1,1
20696,20704,9,6,3
20705,20706,2,1,1
20707,20709,3,1,2
20710,20715,6,3,3
20716,20717,2,1,1
20718,20719,2,1,1
20722,20725,4,1,3
20726,20729,4,1,3
20730,20732,3,2,1
20733,20734,2,1,1
20740,20743,4,1,3
20744,20745,2,1,1
20746,20756,11,2,9
20757,20759,3,2,1
20761,20762,2,1,1
20763,20770,8,6,2
20775,20776,2,1,1
20782,20783,2,1,1
20789,20791,3,2,1
20793,20794,2,1,1
20795,20804,10,8,2
20805,20806,2,1,1
20807,20811,5,3,2
20812,20814,3,1,2
20818,20819,2,1,1
20820,20821,2,1,1
20822,20823,2,1,1
20824,20828,5,4,1
20829,20830,2,1,1
20831,20832,2,1,1
20833,20836,4,3,1
20837,20839,3,1,2
20840,20841,2,1,1
20842,20847,6,5,1
20848,20850,3,2,1
20851,20852,2,1,1
20853,20854,2,1,1
20855,20856,2,1,1
20857,20859,3,1,2
20860,20863,4,3,1
20864,20865,2,1,1
20866,20868,3,2,1
20869,20871,3,1,2
20875,20881,7,6,1
20882,20883,2,1,1
20884,20885,2,1,1
20886,20888,3,2,1
20889,20890,2,1,1
20892,20893,2,1,1
20894,20896,3,2,1
20897,20899,3,2,1
20900,20901,2,1,1
20903,20906,4,1,3
20907,20908,2,1,1
20909,20917,9,7,2
20919,20924,6,4,2
20925,20928,4,2,2
20929,20932,4,3,1
20933,20936,4,1,3
20940,20942,3,2,1
20943,20945,3,2,1
20946,20948,3,2,1
20949,20953,5,3,2
20954,20955,2,1,1
20956,20958,3,1,2
20962,20967,6,2,4
20972,20974,3,2,1
20976,20977,2,1,1
20978,20983,6,5,1
20987,20993,7,2,5
20994,20996,3,2,1
21000,21003,4,2,2
21004,21008,5,4,1
21009,21011,3,2,1
21015,21019,5,4,1
21020,21022,3,2,1
21023,21024,2,1,1
21025,21029,5,2,3
21035,21037,3,2,1
21038,21044,7,6,1
21059,21060,2,1,1
21061,21067,7,6,1
21068,21071,4,2,2
21073,21074,2,1,1
21075,21079,5,3,2
21080,21085,6,5,1
21090,21093,4,3,1
21094,21099,6,3,3
21100,21103,4,2,2
21104,21106,3,2,1
21107,21108,2,1,1
21109,21111,3,2,1
21112,21114,3,1,2
21118,21121,4,1,3
21130,21135,6,5,1
21136,21137,2,1,1
21138,21140,3,1,2
21141,21144,4,1,3
21145,21148,4,2,2
21149,21151,3,1,2
21153,21156,4,1,3
21159,21168,10,7,3
21169,21170,2,1,1
21171,21175,5,2,3
21176,21177,2,1,1
21188,21192,5,2,3
21193,21194,2,1,1
21195,21198,4,2,2
21199,21200,2,1,1
21203,21214,12,11,1
21218,21223,6,1,5
21224,21226,3,2,1
21227,21232,6,1,5
21233,21236,4,2,2
21237,21238,2,1,1
21244,21247,4,2,2
21248,21251,4,2,2
21252,21254,3,2,1
21256,21258,3,2,1
21263,21265,3,1,2
21266,21271,6,3,3
21272,21289,18,16,2
21290,21294,5,2,3
21295,21296,2,1,1
21299,21303,5,4,1
21304,21307,4,2,2
21308,21310,3,1,2
21311,21314,4,2,2
21320,21321,2,1,1
21322,21323,2,1,1
21324,21325,2,1,1
21326,21334,9,3,6
21335,21336,2,1,1
21337,21339,3,1,2
21346,21347,2,1,1
21348,21350,3,1,2
21351,21354,4,1,3
21355,21356,2,1,1
21357,21361,5,3,2
21369,21375,7,6,1
21376,21378,3,2,1
21379,21382,4,1,3
21383,21386,4,2,2
21387,21389,3,1,2
21391,21392,2,1,1
21393,21394,2,1,1
21396,21399,4,2,2
21400,21403,4,3,1
21404,21409,6,3,3
21410,21411,2,1,1
21415,21420,6,3,3
21421,21427,7,6,1
21428,21430,3,2,1
21431,21435,5,3,2
21438,21441,4,1,3
21444,21446,3,2,1
21447,21450,4,2,2
21451,21453,3,2,1
21454,21456,3,2,1
21457,21459,3,1,2
21463,21464,2,1,1
21465,21467,3,2,1
21468,21469,2,1,1
21470,21472,3,1,2
21474,21476,3,2,1
21477,21479,3,2,1
21491,21492,2,1,1
21493,21497,5,2,3
21500,21520,21,20,1
21521,21524,4,2,2
21525,21527,3,1,2
21528,21529,2,1,1
21530,21531,2,1,1
21532,21539,8,3,5
21540,21541,2,1,1
21545,21547,3,1,2
21551,21552,2,1,1
21554,21555,2,1,1
21557,21558,2,1,1
21565,21568,4,3,1
21569,21573,5,1,4
21574,21576,3,2,1
21582,21584,3,1,2
21585,21588,4,2,2
21590,21595,6,4,2
21599,21603,5,4,1
21604,21606,3,1,2
21614,21615,2,1,1
21616,21620,5,2,3
21622,21624,3,1,2
21625,21629,5,2,3
21635,21636,2,1,1
21637,21640,4,2,2
21641,21644,4,3,1
21650,21654,5,1,4
21655,21659,5,4,1
21660,21662,3,2,1
21663,21670,8,7,1
21671,21672,2,1,1
21676,21677,2,1,1
21678,21681,4,2,2
21684,21685,2,1,1
21686,21687,2,1,1
21688,21692,5,3,2
21693,21694,2,1,1
21695,21701,7,6,1
21702,21703,2,1,1
21704,21706,3,2,1
21709,21710,2,1,1
21711,21712,2,1,1
21716,21717,2,1,1
21718,21721,4,2,2
21722,21724,3,1,2
21728,21732,5,4,1
21733,21744,12,11,1
21748,21749,2,1,1
21750,21753,4,3,1
21758,21763,6,5,1
21764,21765,2,1,1
21766,21772,7,4,3
21773,21776,4,3,1
21780,21781,2,1,1
21782,21785,4,1,3
21786,21787,2,1,1
21788,21790,3,2,1
21791,21794,4,3,1
21795,21796,2,1,1
21797,21801,5,4,1
21802,21803,2,1,1
21804,21805,2,1,1
21806,21807,2,1,1
21808,21809,2,1,1
21810,21813,4,3,1
21816,21817,2,1,1
21818,21822,5,4,1
21823,21831,9,6,3
21832,21838,7,6,1
21839,21841,3,2,1
21842,21847,6,3,3
21850,21858,9,2,7
21859,21861,3,1,2
21862,21866,5,4,1
21867,21868,2,1,1
21872,21873,2,1,1
21874,21881,8,5,3
21882,21885,4,1,3
21886,21887,2,1,1
21888,21893,6,2,4
21894,21897,4,1,3
21898,21903,6,4,2
21904,21906,3,2,1
21907,21908,2,1,1
21909,21914,6,5,1
21915,21917,3,2,1
21918,21921,4,2,2
21927,21928,2,1,1
21929,21931,3,2,1
21932,21933,2,1,1
21934,21935,2,1,1
21936,21943,8,5,3
21944,21949,6,4,2
21950,21951,2,1,1
21952,21954,3,2,1
21955,21956,2,1,1
21972,21976,5,1,4
21988,21992,5,4,1
21993,21996,4,3,1
22001,22003,3,1,2
22004,22005,2,1,1
22010,22012,3,1,2
22013,22017,5,4,1
22018,22020,3,1,2
22028,22029,2,1,1
22030,22036,7,6,1
22037,22039,3,2,1
22044,22048,5,4,1
22049,22052,4,3,1
22053,22054,2,1,1
22056,22059,4,3,1
22060,22061,2,1,1
22062,22066,5,2,3
22067,22074,8,6,2
22075,22077,3,2,1
22078,22082,5,4,1
22083,22084,2,1,1
22085,22089,5,1,4
22090,22093,4,1,3
22098,22099,2,1,1
22101,22102,2,1,1
22103,22117,15,14,1
22118,22119,2,1,1
22120,22124,5,4,1
22125,22129,5,4,1
22130,22131,2,1,1
22134,22135,2,1,1
22144,22146,3,1,2
22147,22151,5,4,1
22152,22153,2,1,1
22155,22160,6,5,1
22161,22163,3,1,2
22164,22170,7,6,1
22171,22173,3,2,1
22174,22175,2,1,1
22179,22181,3,1,2
22182,22186,5,3,2
22187,22191,5,1,4
22192,22193,2,1,1
22194,22196,3,1,2
22197,22198,2,1,1
22199,22200,2,1,1
22201,22206,6,4,2
22207,22208,2,1,1
22214,22225,12,11,1
22226,22227,2,1,1
22228,22243,16,12,4
22247,22249,3,1,2
22250,22252,3,2,1
22253,22255,3,2,1
22256,22261,6,4,2
22263,22267,5,1,4
22269,22277,9,3,6
22278,22283,6,4,2
22286,22287,2,1,1
22288,22294,7,3,4
22295,22297,3,1,2
22298,22301,4,2,2
22302,22303,2,1,1
22308,22311,4,3,1
22312,22315,4,1,3
22320,22321,2,1,1
22325,22327,3,2,1
22330,22335,6,3,3
22336,22338,3,2,1
22340,22343,4,2,2
22344,22346,3,2,1
22347,22352,6,2,4
22353,22355,3,2,1
22356,22360,5,4,1
22361,22363,3,2,1
22364,22367,4,2,2
22369,22374,6,5,1
22375,22377,3,2,1
22378,22381,4,2,2
22384,22386,3,2,1
22387,22389,3,1,2
22391,22395,5,4,1
22396,22400,5,2,3
22408,22412,5,3,2
22413,22418,6,5,1
22419,22422,4,1,3
22423,22426,4,3,1
22427,22429,3,2,1
22430,22433,4,2,2
22437,22441,5,4,1
22442,22447,6,5,1
22448,22451,4,1,3
22454,22457,4,1,3
22458,22461,4,3,1
22462,22465,4,3,1
22466,22467,2,1,1
22468,22470,3,2,1
22471,22473,3,2,1
22474,22478,5,3,2
22479,22481,3,2,1
22482,22484,3,1,2
22489,22491,3,2,1
22492,22494,3,1,2
22495,22500,6,5,1
22503,22507,5,4,1
22508,22513,6,5,1
22514,22515,2,1,1
22516,22517,2,1,1
22518,22519,2,1,1
22520,22523,4,3,1
22524,22527,4,2,2
22528,22530,3,2,1
22531,22534,4,2,2
22535,22537,3,1,2
22552,22555,4,3,1
22556,22563,8,3,5
22571,22577,7,6,1
22578,22580,3,2,1
22581,22583,3,2,1
22584,22585,2,1,1
22586,22591,6,5,1
22592,22594,3,2,1
22595,22596,2,1,1
22597,22599,3,1,2
22601,22609,9,5,4
22610,22612,3,2,1
22615,22616,2,1,1
22617,22619,3,2,1
22620,22626,7,3,4
22628,22632,5,3,2
22633,22634,2,1,1
22640,22642,3,2,1
22643,22650,8,6,2
22653,22655,3,2,1
22663,22664,2,1,1
22666,22668,3,2,1
22669,22673,5,1,4
22674,22676,3,2,1
22677,22679,3,2,1
22680,22682,3,2,1
22683,22688,6,4,2
22689,22691,3,1,2
22692,22698,7,5,2
22699,22701,3,1,2
22702,22705,4,2,2
22706,22707,2,1,1
22708,22709,2,1,1
22721,22723,3,1,2
22724,22725,2,1,1
22726,22729,4,1,3
22739,22740,2,1,1
22741,22744,4,2,2
22745,22750,6,3,3
22751,22753,3,2,1
22754,22755,2,1,1
22756,22760,5,3,2
22761,22762,2,1,1
22763,22768,6,2,4
22770,22773,4,3,1
22777,22779,3,1,2
22787,22788,2,1,1
22789,22792,4,1,3
22793,22800,8,2,6
22806,22807,2,1,1
22808,22811,4,2,2
22817,22819,3,2,1
22820,22823,4,2,2
22824,22825,2,1,1
22831,22833,3,1,2
22834,22838,5,1,4
22839,22840,2,1,1
22841,22846,6,3,3
22847,22853,7,2,5
22854,22856,3,2,1
22860,22861,2,1,1
22862,22863,2,1,1
22867,22868,2,1,1
22871,22873,3,1,2
22877,22878,2,1,1
22879,22883,5,4,1
22884,22885,2,1,1
22886,22887,2,1,1
22894,22897,4,2,2
22898,22907,10,6,4
22908,22909,2,1,1
22910,22912,3,2,1
22916,22918,3,1,2
22919,22922,4,2,2
22923,22925,3,2,1
22926,22930,5,4,1
22931,22933,3,2,1
22934,22935,2,1,1
22936,22938,3,2,1
22939,22941,3,2,1
22944,22949,6,5,1
22953,22954,2,1,1
22955,22961,7,4,3
22962,22965,4,2,2
22966,22969,4,3,1
22973,22977,5,4,1
22983,22986,4,3,1
22987,22988,2,1,1
22995,22996,2,1,1
22997,22998,2,1,1
22999,23001,3,2,1
23002,23004,3,1,2
23005,23008,4,2,2
23011,23012,2,1,1
23013,23017,5,2,3
23018,23019,2,1,1
23020,23025,6,5,1
23026,23028,3,2,1
23029,23031,3,1,2
23035,23043,9,6,3
23044,23045,2,1,1
23046,23051,6,5,1
23053,23063,11,10,1
23064,23068,5,3,2
23069,23074,6,1,5
23075,23076,2,1,1
23077,23080,4,3,1
23081,23086,6,5,1
23087,23091,5,3,2
23092,23093,2,1,1
23094,23096,3,2,1
23098,23103,6,2,4
23106,23107,2,1,1
23108,23109,2,1,1
23110,23111,2,1,1
23112,23114,3,2,1
23115,23120,6,4,2
23121,23124,4,1,3
23130,23137,8,6,2
23138,23140,3,2,1
23143,23146,4,3,1
23147,23151,5,1,4
23161,23163,3,1,2
23164,23167,4,1,3
23168,23171,4,1,3
23172,23176,5,4,1
23177,23181,5,4,1
23182,23183,2,1,1
23184,23186,3,1,2
23187,23193,7,3,4
23194,23196,3,2,1
23197,23200,4,3,1
23201,23206,6,4,2
23207,23209,3,2,1
23213,23215,3,1,2
23216,23218,3,2,1
23219,23225,7,2,5
23226,23229,4,3,1
23233,23234,2,1,1
23235,23241,7,1,6
23244,23245,2,1,1
23246,23247,2,1,1
23248,23254,7,3,4
23255,23260,6,5,1
23261,23267,7,6,1
23268,23272,5,4,1
23273,23275,3,1,2
23276,23279,4,3,1
23280,23281,2,1,1
23282,23283,2,1,1
23284,23293,10,9,1
23294,23297,4,2,2
23298,23299,2,1,1
23303,23305,3,2,1
23306,23309,4,3,1
23317,23324,8,6,2
23325,23329,5,4,1
23330,23335,6,3,3
23341,23347,7,5,2
23348,23350,3,1,2
23351,23352,2,1,1
23353,23354,2,1,1
23359,23365,7,6,1
23366,23370,5,2,3
23372,23373,2,1,1
23374,23377,4,2,2
23378,23380,3,1,2
23383,23384,2,1,1
23385,23387,3,2,1
23388,23390,3,2,1
23391,23392,2,1,1
23393,23394,2,1,1
23395,23398,4,1,3
23399,23401,3,2,1
23402,23404,3,2,1
23405,23416,12,10,2
23417,23421,5,1,4
23422,23423,2,1,1
23426,23427,2,1,1
23428,23429,2,1,1
23430,23432,3,2,1
23434,23437,4,1,3
23438,23439,2,1,1
23443,23449,7,3,4
23450,23451,2,1,1
23452,23453,2,1,1
23454,23457,4,3,1
23458,23460,3,1,2
23461,23468,8,6,2
23469,23473,5,3,2
23474,23476,3,2,1
23477,23479,3,1,2
23482,23486,5,4,1
23491,23495,5,4,1
23496,23504,9,7,2
23505,23509,5,3,2
23510,23514,5,4,1
23527,23528,2,1,1
23529,23530,2,1,1
23531,23532,2,1,1
23533,23534,2,1,1
23535,23539,5,4,1
23540,23544,5,4,1
23545,23550,6,4,2
23556,23560,5,1,4
23561,23562,2,1,1
23567,23568,2,1,1
23573,23575,3,2,1
23576,23577,2,1,1
23578,23585,8,6,2
23590,23594,5,3,2
23595,23597,3,1,2
23598,23600,3,2,1
23601,23602,2,1,1
23606,23607,2,1,1
23613,23617,5,2,3
23618,23623,6,4,2
23624,23625,2,1,1
23626,23628,3,1,2
23629,23631,3,2,1
23632,23633,2,1,1
23634,23638,5,1,4
23639,23640,2,1,1
23644,23647,4,2,2
23648,23649,2,1,1
23650,23652,3,2,1
23653,23655,3,1,2
23662,23664,3,1,2
23665,23669,5,2,3
23670,23672,3,2,1
23676,23677,2,1,1
23679,23686,8,3,5
23695,23698,4,1,3
23699,23701,3,1,2
23702,23703,2,1,1
23704,23705,2,1,1
23706,23708,3,2,1
23709,23714,6,3,3
23717,23718,2,1,1
23719,23722,4,1,3
23723,23725,3,2,1
23727,23730,4,1,3
23731,23735,5,1,4
23736,23738,3,1,2
23743,23744,2,1,1
23745,23747,3,1,2
23748,23750,3,2,1
23751,23753,3,1,2
23754,23756,3,1,2
23765,23766,2,1,1
23767,23771,5,3,2
23772,23773,2,1,1
23774,23777,4,1,3
23778,23780,3,2,1
23781,23785,5,2,3
23787,23788,2,1,1
23793,23794,2,1,1
23799,23801,3,1,2
23802,23804,3,2,1
23813,23816,4,3,1
23818,23819,2,1,1
23820,23823,4,3,1
23824,23826,3,2,1
23827,23831,5,4,1
23836,23843,8,1,7
23844,23846,3,2,1
23847,23848,2,1,1
23849,23850,2,1,1
23852,23853,2,1,1
23858,23862,5,3,2
23863,23868,6,3,3
23875,23877,3,1,2
23878,23881,4,2,2
23882,23887,6,5,1
23888,23891,4,3,1
23892,23894,3,2,1
23895,23898,4,3,1
23900,23902,3,2,1
23903,23905,3,1,2
23909,23911,3,2,1
23922,23930,9,8,1
23931,23934,4,3,1
23940,23948,9,8,1
23949,23951,3,2,1
23955,23958,4,1,3
23959,23962,4,2,2
23966,23968,3,1,2
23969,23972,4,2,2
23973,23975,3,2,1
23978,23980,3,2,1
23987,23990,4,3,1
23991,23992,2,1,1
23993,23996,4,3,1
24002,24007,6,5,1
24012,24014,3,2,1
24019,24024,6,4,2
24028,24030,3,2,1
24031,24032,2,1,1
24033,24035,3,2,1
24036,24038,3,2,1
24039,24040,2,1,1
24051,24055,5,2,3
24056,24059,4,3,1
24066,24071,6,3,3
24072,24079,8,7,1
24080,24082,3,1,2
24083,24086,4,2,2
24090,24095,6,2,4
24096,24097,2,1,1
24098,24101,4,3,1
24107,24108,2,1,1
24109,24110,2,1,1
24113,24114,2,1,1
24115,24121,7,5,2
24124,24125,2,1,1
24126,24127,2,1,1
24128,24132,5,1,4
24133,24136,4,2,2
24137,24151,15,14,1
24152,24154,3,1,2
24155,24157,3,2,1
24158,24164,7,2,5
24165,24167,3,2,1
24168,24172,5,1,4
24173,24175,3,1,2
24179,24182,4,2,2
24183,24186,4,1,3
24187,24190,4,3,1
24201,24206,6,4,2
24207,24210,4,2,2
24211,24212,2,1,1
24216,24221,6,5,1
24222,24223,2,1,1
24224,24228,5,1,4
24233,24235,3,1,2
24236,24242,7,5,2
24243,24248,6,3,3
24255,24258,4,3,1
24259,24261,3,2,1
24262,24264,3,1,2
24265,24266,2,1,1
24267,24270,4,2,2
24271,24272,2,1,1
24276,24278,3,1,2
24279,24284,6,3,3
24285,24287,3,2,1
24288,24295,8,1,7
24296,24297,2,1,1
24298,24299,2,1,1
24300,24301,2,1,1
24305,24309,5,1,4
24310,24313,4,1,3
24314,24318,5,1,4
24319,24322,4,3,1
24323,24325,3,1,2
24326,24328,3,2,1
24329,24331,3,2,1
24332,24333,2,1,1
24334,24336,3,1,2
24337,24340,4,3,1
24341,24342,2,1,1
24343,24344,2,1,1
24345,24347,3,1,2
24348,24357,10,9,1
24358,24360,3,1,2
24361,24363,3,1,2
24365,24370,6,2,4
24371,24372,2,1,1
24378,24380,3,1,2
24381,24384,4,3,1
24392,24394,3,2,1
24397,24398,2,1,1
24400,24401,2,1,1
24402,24406,5,3,2
24407,24409,3,2,1
24410,24411,2,1,1
24412,24413,2,1,1
24414,24417,4,3,1
24418,24421,4,1,3
24422,24423,2,1,1
24424,24426,3,2,1
24427,24430,4,2,2
24431,24432,2,1,1
24433,24434,2,1,1
24435,24436,2,1,1
24441,24444,4,3,1
24445,24447,3,1,2
24448,24450,3,2,1
24451,24453,3,2,1
24454,24458,5,2,3
24459,24460,2,1,1
24461,24463,3,2,1
24464,24465,2,1,1
24466,24468,3,1,2
24469,24472,4,3,1
24473,24477,5,3,2
24478,24479,2,1,1
24492,24496,5,2,3
24499,24503,5,4,1
24508,24511,4,2,2
24512,24514,3,1,2
24515,24517,3,1,2
24518,24520,3,1,2
24521,24526,6,5,1
24527,24528,2,1,1
24534,24535,2,1,1
24544,24548,5,3,2
24555,24560,6,2,4
24562,24563,2,1,1
24570,24574,5,3,2
24575,24579,5,4,1
24585,24589,5,1,4
24592,24594,3,2,1
24595,24601,7,4,3
24602,24604,3,1,2
24605,24610,6,5,1
24611,24612,2,1,1
24616,24618,3,1,2
24619,24620,2,1,1
24621,24623,3,2,1
24625,24628,4,1,3
24633,24634,2,1,1
24635,24638,4,3,1
24639,24642,4,2,2
24643,24647,5,1,4
24648,24652,5,4,1
24660,24662,3,2,1
24663,24672,10,7,3
24673,24675,3,2,1
24681,24684,4,3,1
24685,24686,2,1,1
24687,24688,2,1,1
24689,24694,6,4,2
24695,24697,3,2,1
24701,24702,2,1,1
24703,24704,2,1,1
24705,24706,2,1,1
24707,24715,9,4,5
24716,24718,3,2,1
24720,24724,5,2,3
24725,24726,2,1,1
24727,24730,4,3,1
24732,24734,3,2,1
24735,24737,3,2,1
24738,24740,3,1,2
24747,24748,2,1,1
24752,24755,4,2,2
24759,24762,4,3,1
24770,24771,2,1,1
24773,24775,3,1,2
24776,24779,4,2,2
24783,24790,8,7,1
24791,24794,4,3,1
24795,24797,3,2,1
24798,24801,4,1,3
24806,24807,2,1,1
24808,24815,8,7,1
24816,24817,2,1,1
24818,24819,2,1,1
24827,24829,3,1,2
24830,24835,6,3,3
24836,24837,2,1,1
24838,24839,2,1,1
24840,24842,3,2,1
24843,24844,2,1,1
24845,24846,2,1,1
24847,24853,7,6,1
24854,24859,6,1,5
24860,24862,3,2,1
24864,24867,4,3,1
24868,24871,4,3,1
24872,24877,6,5,1
24878,24880,3,2,1
24881,24883,3,1,2
24884,24885,2,1,1
24894,24897,4,1,3
24898,24899,2,1,1
24900,24906,7,3,4
24907,24908,2,1,1
24909,24911,3,1,2
24912,24917,6,4,2
24918,24923,6,2,4
24924,24927,4,2,2
24928,24935,8,4,4
24938,24941,4,3,1
24944,24948,5,4,1
24950,24951,2,1,1
24952,24954,3,2,1
24955,24959,5,3,2
24968,24969,2,1,1
24972,24977,6,3,3
24979,24980,2,1,1
24981,24984,4,1,3
24995,24998,4,3,1
24999,25000,2,1,1
25001,25005,5,4,1
25006,25008,3,1,2
25016,25020,5,1,4
25021,25024,4,3,1
25029,25032,4,1,3
25034,25038,5,2,3
25039,25044,6,5,1
25045,25049,5,4,1
25050,25052,3,1,2
25053,25055,3,2,1
25061,25064,4,2,2
25065,25066,2,1,1
25070,25072,3,2,1
25075,25081,7,4,3
25082,25084,3,1,2
25086,25087,2,1,1
25088,25092,5,3,2
25095,25098,4,2,2
25109,25113,5,4,1
25119,25124,6,3,3
25125,25131,7,6,1
25132,25157,26,22,4
25181,25202,22,21,1
25203,25206,4,3,1
25207,25208,2,1,1
25209,25226,18,16,2
25227,25233,7,6,1
25234,25245,12,11,1
25247,25251,5,4,1
25252,25256,5,4,1
25257,25261,5,4,1
25264,25267,4,2,2
25268,25274,7,6,1
25275,25285,11,10,1
25286,25302,17,16,1
25303,25317,15,13,2
25321,25325,5,3,2
25326,25328,3,2,1
25329,25331,3,2,1
25332,25334,3,2,1
25335,25346,12,11,1
25347,25351,5,4,1
25358,25363,6,4,2
25364,25372,9,8,1
25373,25379,7,6,1
25380,25387,8,7,1
25388,25392,5,4,1
25393,25396,4,3,1
25397,25401,5,3,2
25402,25408,7,6,1
25409,25410,2,1,1
25412,25420,9,8,1
25421,25422,2,1,1
25425,25430,6,4,2
25431,25433,3,2,1
25448,25451,4,3,1
25452,25455,4,2,2
25456,25458,3,1,2
25460,25464,5,4,1
25465,25471,7,6,1
25472,25473,2,1,1
25474,25477,4,2,2
25478,25484,7,6,1
25485,25487,3,2,1
25493,25496,4,2,2
25497,25500,4,3,1
25501,25502,2,1,1
25507,25509,3,2,1
25512,25518,7,6,1
25519,25532,14,13,1
25533,25537,5,4,1
25538,25544,7,6,1
25545,25546,2,1,1
25547,25556,10,9,1
25557,25564,8,4,4
25565,25571,7,6,1
25572,25579,8,5,3
25580,25582,3,1,2
25583,25585,3,2,1
25586,25591,6,5,1
25592,25596,5,4,1
25597,25599,3,2,1
25602,25604,3,2,1
25605,25608,4,3,1
25609,25611,3,2,1
25612,25615,4,3,1
25616,25623,8,6,2
25624,25627,4,3,1
25628,25642,15,14,1
25643,25651,9,8,1
25652,25654,3,2,1
25658,25671,14,12,2
25672,25679,8,5,3
25680,25681,2,1,1
25682,25683,2,1,1
25684,25685,2,1,1
25686,25692,7,6,1
25693,25695,3,1,2
25696,25698,3,1,2
25699,25701,3,2,1
25702,25712,11,9,2
25713,25717,5,4,1
25719,25724,6,5,1
25725,25726,2,1,1
25732,25734,3,2,1
25735,25739,5,4,1
25740,25742,3,2,1
25743,25748,6,3,3
25749,25756,8,6,2
25757,25761,5,4,1
25762,25767,6,2,4
25768,25775,8,6,2
25776,25778,3,2,1
25781,25783,3,2,1
25784,25788,5,4,1
25789,25791,3,2,1
25792,25797,6,5,1
25798,25800,3,1,2
25801,25802,2,1,1
25803,25808,6,5,1
25809,25810,2,1,1
25811,25815,5,4,1
25816,25817,2,1,1
25818,25822,5,4,1
25823,25831,9,6,3
25832,25844,13,10,3
25850,25858,9,8,1
25859,25867,9,8,1
25868,25875,8,7,1
25876,25879,4,3,1
25880,25886,7,6,1
25887,25893,7,6,1
25894,25897,4,2,2
25898,25901,4,3,1
25902,25916,15,13,2
25917,25921,5,3,2
25925,25926,2,1,1
25928,25930,3,1,2
25931,25937,7,6,1
25938,25939,2,1,1
25940,25947,8,7,1
25948,25952,5,2,3
25953,25957,5,4,1
25965,25976,12,11,1
25977,25982,6,5,1
25983,25984,2,1,1
25985,25994,10,9,1
25995,25998,4,1,3
25999,26002,4,2,2
26003,26006,4,3,1
26020,26023,4,2,2
26024,26027,4,2,2
26028,26031,4,2,2
26032,26034,3,2,1
26035,26040,6,5,1
26041,26050,10,9,1
26051,26057,7,6,1
26058,26065,8,7,1
26066,26071,6,2,4
26072,26073,2,1,1
26074,26077,4,2,2
26078,26079,2,1,1
26080,26086,7,6,1
26087,26089,3,1,2
26095,26107,13,10,3
26108,26111,4,3,1
26112,26114,3,1,2
26115,26138,24,23,1
26139,26146,8,7,1
26147,26149,3,2,1
26150,26153,4,3,1
26154,26159,6,5,1
26160,26161,2,1,1
26162,26165,4,2,2
26166,26168,3,2,1
26169,26180,12,10,2
26181,26183,3,2,1
26185,26188,4,3,1
26190,26191,2,1,1
26192,26196,5,4,1
26197,26199,3,2,1
26200,26203,4,3,1
26204,26205,2,1,1
26206,26208,3,2,1
26209,26219,11,10,1
26220,26221,2,1,1
26222,26228,7,6,1
26229,26230,2,1,1
26231,26238,8,7,1
26239,26241,3,2,1
26242,26244,3,2,1
26245,26247,3,2,1
26255,26256,2,1,1
26257,26261,5,4,1
26262,26268,7,5,2
26271,26276,6,2,4
26277,26280,4,2,2
26283,26293,11,10,1
26300,26309,10,9,1
26310,26311,2,1,1
26312,26315,4,2,2
26316,26320,5,4,1
26321,26326,6,5,1
26327,26330,4,2,2
26331,26333,3,2,1
26334,26340,7,6,1
26344,26349,6,5,1
26350,26351,2,1,1
26352,26356,5,2,3
26357,26360,4,2,2
26361,26378,18,16,2
26379,26382,4,1,3
26395,26396,2,1,1
26397,26400,4,1,3
26401,26402,2,1,1
26403,26404,2,1,1
26405,26407,3,1,2
26408,26413,6,5,1
26415,26420,6,5,1
26421,26425,5,4,1
26426,26431,6,4,2
26437,26441,5,4,1
26454,26455,2,1,1
26456,26458,3,2,1
26459,26461,3,1,2
26462,26467,6,5,1
26468,26469,2,1,1
26491,26497,7,6,1
26498,26500,3,2,1
26509,26510,2,1,1
26511,26513,3,2,1
26514,26524,11,10,1
26529,26530,2,1,1
26532,26535,4,1,3
26536,26547,12,11,1
26548,26558,11,10,1
26564,26566,3,2,1
26567,26573,7,6,1
26574,26577,4,2,2
26578,26580,3,2,1
26583,26585,3,2,1
26586,26590,5,3,2
26591,26595,5,4,1
26596,26598,3,2,1
26599,26601,3,2,1
26602,26604,3,2,1
26605,26607,3,2,1
26608,26614,7,6,1
26615,26619,5,3,2
26620,26622,3,1,2
26623,26625,3,2,1
26626,26630,5,4,1
26631,26638,8,6,2
26639,26643,5,2,3
26644,26645,2,1,1
26646,26649,4,3,1
26652,26659,8,7,1
26660,26662,3,2,1
26663,26664,2,1,1
26665,26670,6,5,1
26671,26681,11,9,2
26684,26685,2,1,1
26686,26688,3,1,2
26689,26693,5,4,1
26704,26717,14,13,1
26724,26731,8,7,1
26732,26736,5,4,1
26737,26744,8,7,1
26745,26751,7,6,1
26752,26753,2,1,1
26757,26764,8,7,1
26765,26769,5,4,1
26777,26778,2,1,1
26781,26783,3,2,1
26784,26791,8,7,1
26793,26794,2,1,1
26795,26797,3,2,1
26798,26802,5,4,1
26803,26810,8,7,1
26811,26814,4,3,1
26815,26820,6,5,1
26821,26823,3,2,1
26824,26825,2,1,1
26838,26841,4,3,1
26846,26850,5,4,1
26851,26853,3,2,1
26854,26858,5,2,3
26859,26861,3,2,1
26862,26866,5,4,1
26867,26872,6,5,1
26873,26881,9,8,1
26882,26883,2,1,1
26884,26889,6,4,2
26890,26895,6,5,1
26896,26898,3,1,2
26899,26904,6,3,3
26905,26910,6,5,1
26915,26931,17,12,5
26932,26936,5,4,1
26937,26946,10,9,1
26947,26952,6,5,1
26953,26954,2,1,1
26955,26956,2,1,1
26957,26959,3,2,1
26960,26962,3,1,2
26963,26967,5,3,2
26972,26978,7,6,1
26979,26982,4,3,1
26993,26996,4,3,1
27001,27004,4,2,2
27005,27007,3,1,2
27008,27010,3,2,1
27011,27020,10,8,2
27021,27023,3,2,1
27024,27035,12,11,1
27036,27037,2,1,1
27038,27041,4,3,1
27042,27046,5,3,2
27047,27050,4,3,1
27051,27063,13,12,1
27064,27065,2,1,1
27066,27068,3,2,1
27069,27073,5,4,1
27074,27075,2,1,1
27076,27078,3,1,2
27085,27088,4,3,1
27093,27094,2,1,1
27095,27102,8,7,1
27103,27104,2,1,1
27105,27110,6,3,3
27115,27116,2,1,1
27117,27133,17,16,1
27134,27138,5,1,4
27139,27141,3,2,1
27142,27144,3,2,1
27145,27147,3,2,1
27148,27153,6,5,1
27154,27158,5,3,2
27160,27165,6,4,2
27166,27167,2,1,1
27168,27169,2,1,1
27170,27173,4,2,2
27178,27179,2,1,1
27180,27183,4,3,1
27184,27188,5,3,2
27189,27195,7,6,1
27196,27199,4,3,1
27200,27203,4,1,3
27204,27207,4,1,3
27208,27212,5,3,2
27213,27217,5,4,1
27218,27220,3,1,2
27225,27227,3,1,2
27231,27234,4,2,2
27235,27242,8,6,2
27243,27244,2,1,1
27245,27249,5,4,1
27250,27251,2,1,1
27253,27259,7,6,1
27260,27262,3,1,2
27263,27268,6,3,3
27269,27273,5,4,1
27274,27282,9,7,2
27287,27289,3,2,1
27290,27294,5,2,3
27295,27302,8,7,1
27303,27307,5,3,2
27308,27310,3,2,1
27311,27312,2,1,1
27313,27315,3,2,1
27321,27323,3,2,1
27324,27326,3,2,1
27327,27336,10,7,3
27337,27341,5,4,1
27342,27347,6,2,4
27348,27352,5,4,1
27353,27355,3,2,1
27356,27358,3,2,1
27359,27361,3,2,1
27363,27365,3,1,2
27366,27367,2,1,1
27368,27370,3,2,1
27371,27378,8,7,1
27379,27382,4,2,2
27383,27386,4,3,1
27387,27390,4,3,1
27391,27394,4,3,1
27395,27398,4,3,1
27399,27401,3,2,1
27413,27415,3,1,2
27416,27418,3,2,1
27419,27429,11,5,6
27437,27438,2,1,1
27439,27440,2,1,1
27441,27442,2,1,1
27443,27444,2,1,1
27445,27452,8,6,2
27453,27455,3,2,1
27456,27459,4,3,1
27460,27465,6,3,3
27469,27470,2,1,1
27471,27475,5,4,1
27476,27479,4,2,2
27480,27486,7,4,3
27488,27492,5,3,2
27493,27505,13,12,1
27506,27508,3,1,2
27509,27517,9,8,1
27518,27522,5,4,1
27523,27530,8,7,1
27531,27538,8,7,1
27539,27543,5,2,3
27544,27547,4,2,2
27549,27551,3,2,1
27552,27555,4,3,1
27558,27563,6,5,1
27564,27566,3,1,2
27567,27570,4,3,1
27579,27581,3,1,2
27582,27586,5,4,1
27592,27595,4,2,2
27596,27597,2,1,1
27598,27601,4,3,1
27602,27604,3,2,1
27605,27612,8,5,3
27616,27617,2,1,1
27618,27619,2,1,1
27620,27633,14,13,1
27634,27635,2,1,1
27636,27638,3,1,2
27639,27644,6,5,1
27645,27648,4,2,2
27649,27650,2,1,1
27651,27656,6,5,1
27657,27658,2,1,1
27659,27668,10,8,2
27669,27673,5,2,3
27674,27675,2,1,1
27676,27678,3,2,1
27679,27683,5,4,1
27684,27687,4,3,1
27688,27691,4,3,1
27692,27694,3,2,1
27695,27699,5,4,1
27700,27701,2,1,1
27703,27704,2,1,1
27717,27723,7,6,1
27724,27726,3,2,1
27727,27730,4,3,1
27732,27736,5,3,2
27738,27739,2,1,1
27740,27745,6,4,2
27746,27750,5,4,1
27751,27757,7,6,1
27758,27764,7,5,2
27765,27766,2,1,1
27767,27769,3,1,2
27775,27784,10,8,2
27785,27790,6,5,1
27791,27798,8,7,1
27803,27807,5,3,2
27808,27809,2,1,1
27810,27814,5,1,4
27815,27822,8,7,1
27823,27825,3,1,2
27826,27830,5,4,1
27831,27833,3,2,1
27839,27840,2,1,1
27847,27848,2,1,1
27851,27853,3,2,1
27855,27857,3,2,1
27858,27863,6,4,2
27866,27872,7,4,3
27876,27879,4,3,1
27880,27881,2,1,1
27882,27885,4,3,1
27892,27894,3,2,1
27895,27896,2,1,1
27897,27902,6,5,1
27903,27905,3,1,2
27906,27907,2,1,1
27908,27911,4,3,1
27912,27913,2,1,1
27917,27918,2,1,1
27919,27921,3,2,1
27922,27925,4,3,1
27926,27927,2,1,1
27928,27929,2,1,1
27930,27933,4,1,3
27934,27938,5,4,1
27939,27942,4,3,1
27943,27955,13,12,1
27956,27961,6,5,1
27962,27966,5,4,1
27967,27970,4,3,1
27971,27974,4,1,3
27975,27976,2,1,1
27977,27984,8,5,3
27985,27987,3,2,1
27988,27992,5,4,1
27993,27997,5,3,2
27998,27999,2,1,1
28000,28003,4,3,1
28006,28013,8,6,2
28016,28021,6,5,1
28024,28037,14,13,1
28038,28039,2,1,1
28044,28046,3,2,1
28047,28053,7,6,1
28054,28057,4,3,1
28058,28060,3,2,1
28061,28065,5,4,1
28067,28070,4,3,1
28071,28072,2,1,1
28073,28077,5,2,3
28078,28079,2,1,1
28080,28081,2,1,1
28082,28083,2,1,1
28084,28088,5,4,1
28090,28093,4,3,1
28094,28097,4,1,3
28098,28101,4,2,2
28102,28107,6,5,1
28108,28111,4,2,2
28112,28116,5,4,1
28117,28120,4,3,1
28121,28122,2,1,1
28123,28128,6,3,3
28130,28131,2,1,1
28132,28134,3,1,2
28135,28140,6,4,2
28146,28151,6,5,1
28152,28153,2,1,1
28154,28159,6,5,1
28165,28168,4,3,1
28169,28175,7,6,1
28176,28177,2,1,1
28178,28179,2,1,1
28180,28189,10,9,1
28190,28191,2,1,1
28192,28195,4,3,1
28196,28200,5,3,2
28201,28207,7,5,2
28208,28212,5,4,1
28213,28218,6,5,1
28222,28223,2,1,1
28227,28230,4,1,3
28234,28238,5,3,2
28239,28241,3,2,1
28242,28244,3,1,2
28245,28247,3,2,1
28248,28250,3,2,1
28251,28254,4,2,2
28259,28260,2,1,1
28261,28265,5,4,1
28266,28273,8,7,1
28274,28283,10,8,2
28284,28288,5,4,1
28302,28313,12,11,1
28314,28316,3,2,1
28320,28322,3,2,1
28323,28327,5,3,2
28328,28329,2,1,1
28330,28331,2,1,1
28332,28333,2,1,1
28334,28341,8,6,2
28342,28343,2,1,1
28346,28351,6,3,3
28352,28354,3,1,2
28355,28356,2,1,1
28357,28358,2,1,1
28359,28360,2,1,1
28361,28362,2,1,1
28363,28367,5,3,2
28371,28376,6,3,3
28377,28380,4,3,1
28381,28387,7,2,5
28394,28399,6,4,2
28400,28405,6,1,5
28406,28411,6,4,2
28412,28413,2,1,1
28414,28415,2,1,1
28416,28418,3,1,2
28419,28421,3,2,1
28424,28425,2,1,1
28426,28429,4,3,1
28430,28431,2,1,1
28432,28436,5,4,1
28437,28439,3,1,2
28440,28442,3,2,1
28443,28444,2,1,1
28445,28448,4,1,3
28449,28453,5,3,2
28458,28460,3,1,2
28463,28466,4,3,1
28467,28472,6,5,1
28473,28479,7,6,1
28480,28481,2,1,1
28486,28492,7,5,2
28493,28496,4,3,1
28497,28504,8,7,1
28505,28507,3,1,2
28508,28523,16,15,1
28524,28527,4,3,1
28528,28533,6,1,5
28534,28535,2,1,1
28536,28545,10,9,1
28546,28547,2,1,1
28548,28549,2,1,1
28551,28553,3,2,1
28556,28557,2,1,1
28558,28570,13,12,1
28571,28573,3,1,2
28574,28576,3,2,1
28580,28581,2,1,1
28582,28583,2,1,1
28584,28585,2,1,1
28586,28589,4,3,1
28594,28601,8,7,1
28611,28619,9,8,1
28620,28624,5,4,1
28628,28629,2,1,1
28634,28637,4,3,1
28638,28644,7,4,3
28645,28646,2,1,1
28647,28649,3,2,1
28650,28653,4,1,3
28654,28655,2,1,1
28656,28666,11,10,1
28667,28670,4,3,1
28672,28673,2,1,1
28674,28677,4,2,2
28680,28682,3,1,2
28683,28690,8,7,1
28691,28692,2,1,1
28693,28697,5,4,1
28698,28702,5,4,1
28703,28706,4,3,1
28707,28708,2,1,1
28721,28724,4,3,1
28725,28726,2,1,1
28727,28728,2,1,1
28730,28734,5,3,2
28736,28737,2,1,1
28738,28741,4,3,1
28742,28745,4,3,1
28748,28756,9,8,1
28757,28759,3,1,2
28762,28764,3,2,1
28765,28767,3,2,1
28768,28770,3,1,2
28771,28772,2,1,1
28777,28787,11,9,2
28788,28790,3,2,1
28791,28794,4,2,2
28798,28800,3,1,2
28801,28811,11,9,2
28814,28816,3,2,1
28817,28818,2,1,1
28819,28829,11,10,1
28830,28831,2,1,1
28832,28835,4,3,1
28839,28841,3,2,1
28844,28845,2,1,1
28846,28850,5,4,1
28854,28860,7,3,4
28861,28864,4,3,1
28865,28867,3,2,1
28868,28872,5,4,1
28873,28882,10,9,1
28883,28885,3,2,1
28886,28889,4,3,1
28890,28893,4,2,2
28894,28895,2,1,1
28898,28904,7,4,3
28905,28921,17,16,1
28922,28924,3,1,2
28927,28931,5,2,3
28932,28934,3,2,1
28943,28946,4,3,1
28947,28952,6,5,1
28953,28954,2,1,1
28955,28960,6,5,1
28965,28970,6,5,1
28971,28974,4,3,1
28975,28976,2,1,1
28977,28981,5,4,1
28982,28990,9,6,3
28992,29001,10,8,2
29006,29012,7,6,1
29013,29021,9,8,1
29022,29027,6,4,2
29028,29031,4,3,1
29032,29035,4,3,1
29036,29037,2,1,1
29038,29039,2,1,1
29040,29042,3,1,2
29043,29045,3,1,2
29046,29047,2,1,1
29048,29052,5,3,2
29054,29056,3,2,1
29057,29061,5,3,2
29062,29066,5,4,1
29067,29072,6,4,2
29073,29077,5,4,1
29080,29083,4,3,1
29084,29088,5,3,2
29089,29092,4,3,1
29093,29096,4,2,2
29097,29100,4,3,1
29101,29106,6,4,2
29107,29112,6,3,3
29116,29117,2,1,1
29118,29122,5,3,2
29123,29127,5,2,3
29128,29130,3,1,2
29132,29134,3,2,1
29135,29138,4,3,1
29139,29140,2,1,1
29141,29142,2,1,1
29143,29145,3,2,1
29146,29149,4,3,1
29150,29153,4,1,3
29158,29160,3,1,2
29161,29163,3,2,1
29164,29166,3,2,1
29167,29173,7,5,2
29174,29176,3,2,1
29177,29180,4,2,2
29181,29183,3,2,1
29184,29187,4,3,1
29188,29191,4,3,1
29192,29193,2,1,1
29194,29195,2,1,1
29196,29197,2,1,1
29198,29200,3,1,2
29202,29203,2,1,1
29204,29207,4,1,3
29208,29210,3,2,1
29211,29213,3,1,2
29214,29217,4,3,1
29218,29219,2,1,1
29220,29222,3,2,1
29223,29226,4,3,1
29227,29228,2,1,1
29229,29234,6,5,1
29235,29241,7,4,3
29242,29243,2,1,1
29253,29256,4,3,1
29257,29260,4,3,1
29261,29264,4,3,1
29265,29269,5,3,2
29270,29274,5,4,1
29277,29285,9,8,1
29286,29288,3,2,1
29289,29290,2,1,1
29298,29301,4,3,1
29302,29305,4,2,2
29306,29308,3,1,2
29309,29319,11,10,1
29320,29325,6,5,1
29331,29333,3,2,1
29339,29340,2,1,1
29341,29345,5,4,1
29348,29350,3,1,2
29351,29353,3,2,1
29354,29355,2,1,1
29356,29360,5,4,1
29361,29363,3,2,1
29364,29365,2,1,1
29368,29372,5,2,3
29373,29378,6,5,1
29379,29385,7,5,2
29391,29395,5,4,1
29396,29401,6,2,4
29402,29405,4,3,1
29415,29418,4,2,2
29419,29422,4,2,2
29423,29433,11,9,2
29436,29442,7,4,3
29443,29445,3,2,1
29447,29451,5,4,1
29461,29463,3,2,1
29464,29466,3,2,1
29467,29468,2,1,1
29469,29471,3,2,1
29478,29479,2,1,1
29484,29489,6,5,1
29490,29491,2,1,1
29492,29493,2,1,1
29494,29501,8,7,1
29502,29504,3,2,1
29505,29506,2,1,1
29507,29511,5,4,1
29512,29513,2,1,1
29514,29519,6,4,2
29520,29522,3,2,1
29523,29526,4,3,1
29527,29528,2,1,1
29529,29533,5,2,3
29534,29539,6,5,1
29549,29550,2,1,1
29551,29555,5,4,1
29567,29570,4,3,1
29571,29579,9,8,1
29580,29581,2,1,1
29582,29583,2,1,1
29584,29587,4,2,2
29588,29592,5,4,1
29593,29605,13,8,5
29606,29609,4,2,2
29610,29613,4,3,1
29614,29622,9,7,2
29627,29628,2,1,1
29637,29640,4,3,1
29641,29646,6,4,2
29647,29648,2,1,1
29649,29651,3,2,1
29652,29654,3,2,1
29655,29656,2,1,1
29657,29659,3,2,1
29660,29663,4,3,1
29665,29669,5,3,2
29670,29675,6,1,5
29683,29686,4,2,2
29692,29694,3,2,1
29697,29700,4,3,1
29701,29703,3,2,1
29704,29709,6,5,1
29710,29716,7,6,1
29717,29721,5,3,2
29722,29723,2,1,1
29724,29726,3,2,1
29727,29728,2,1,1
29729,29730,2,1,1
29731,29733,3,2,1
29734,29739,6,5,1
29741,29746,6,5,1
29750,29751,2,1,1
29752,29755,4,3,1
29756,29759,4,2,2
29760,29764,5,3,2
29768,29770,3,2,1
29771,29774,4,3,1
29775,29779,5,4,1
29780,29785,6,5,1
29786,29790,5,3,2
29796,29801,6,5,1
29803,29807,5,3,2
29810,29819,10,7,3
29826,29828,3,2,1
29833,29837,5,4,1
29848,29851,4,2,2
29852,29860,9,8,1
29861,29864,4,3,1
29868,29872,5,3,2
29873,29876,4,2,2
29877,29883,7,5,2
29884,29889,6,4,2
29890,29892,3,1,2
29893,29901,9,8,1
29902,29907,6,4,2
29908,29910,3,2,1
29911,29915,5,2,3
29916,29917,2,1,1
29918,29922,5,4,1
29923,29924,2,1,1
29930,29933,4,3,1
29934,29938,5,4,1
29939,29940,2,1,1
29941,29942,2,1,1
29944,29945,2,1,1
29946,29949,4,3,1
29950,29954,5,4,1
29962,29966,5,3,2
29967,29968,2,1,1
29969,29974,6,3,3
29975,29978,4,3,1
29979,29981,3,2,1
29982,29989,8,7,1
29991,29998,8,7,1
29999,30007,9,8,1
30008,30010,3,2,1
30011,30012,2,1,1
30013,30015,3,1,2
30026,30034,9,5,4
30035,30037,3,1,2
30038,30042,5,4,1
30045,30046,2,1,1
30052,30054,3,2,1
30055,30059,5,3,2
30060,30062,3,2,1
30063,30067,5,4,1
30068,30070,3,2,1
30071,30078,8,6,2
30079,30083,5,4,1
30084,30086,3,2,1
30087,30088,2,1,1
30089,30091,3,1,2
30095,30097,3,2,1
30098,30100,3,1,2
30101,30104,4,3,1
30107,30112,6,4,2
30122,30125,4,3,1
30129,30130,2,1,1
30132,30134,3,1,2
30135,30140,6,5,1
30141,30142,2,1,1
30143,30144,2,1,1
30149,30152,4,3,1
30153,30156,4,2,2
30157,30158,2,1,1
30159,30163,5,4,1
30165,30176,12,10,2
30182,30186,5,4,1
30187,30195,9,8,1
30199,30200,2,1,1
30203,30207,5,4,1
30208,30220,13,12,1
30223,30224,2,1,1
30225,30230,6,4,2
30231,30232,2,1,1
30233,30235,3,2,1
30236,30237,2,1,1
30238,30243,6,5,1
30245,30248,4,3,1
30249,30252,4,3,1
30253,30256,4,3,1
30257,30258,2,1,1
30259,30263,5,4,1
30264,30266,3,2,1
30268,30269,2,1,1
30270,30275,6,5,1
30276,30282,7,5,2
30283,30288,6,4,2
30289,30290,2,1,1
30291,30297,7,2,5
30298,30306,9,7,2
30307,30309,3,1,2
30317,30319,3,2,1
30320,30326,7,6,1
30340,30342,3,2,1
30343,30347,5,3,2
30354,30356,3,1,2
30357,30360,4,3,1
30361,30364,4,3,1
30366,30369,4,3,1
30371,30372,2,1,1
30373,30374,2,1,1
30375,30376,2,1,1
30377,30380,4,3,1
30381,30383,3,2,1
30384,30387,4,3,1
30388,30390,3,2,1
30391,30393,3,2,1
30396,30402,7,6,1
30403,30405,3,2,1
30408,30417,10,9,1
30418,30421,4,3,1
30427,30430,4,2,2
30431,30433,3,2,1
30441,30443,3,2,1
30444,30445,2,1,1
30446,30447,2,1,1
30448,30452,5,4,1
30453,30455,3,1,2
30456,30458,3,1,2
30459,30460,2,1,1
30461,30463,3,2,1
30464,30469,6,5,1
30471,30474,4,2,2
30475,30476,2,1,1
30477,30480,4,2,2
30481,30482,2,1,1
30483,30492,10,7,3
30493,30498,6,3,3
30513,30515,3,1,2
30522,30524,3,1,2
30525,30528,4,1,3
30529,30532,4,2,2
30533,30536,4,3,1
30540,30542,3,2,1
30547,30550,4,1,3
30551,30555,5,4,1
30556,30559,4,3,1
30560,30562,3,2,1
30563,30564,2,1,1
30565,30567,3,1,2
30568,30575,8,6,2
30577,30578,2,1,1
30580,30582,3,2,1
30583,30591,9,8,1
30592,30593,2,1,1
30596,30597,2,1,1
30598,30599,2,1,1
30600,30601,2,1,1
30602,30614,13,10,3
30615,30620,6,3,3
30621,30628,8,4,4
30629,30633,5,4,1
30634,30642,9,8,1
30643,30646,4,3,1
30647,30649,3,2,1
30652,30656,5,4,1
30657,30658,2,1,1
30661,30663,3,2,1
30664,30666,3,2,1
30676,30679,4,2,2
30680,30684,5,3,2
30685,30690,6,5,1
30691,30695,5,4,1
30705,30708,4,3,1
30709,30712,4,3,1
30714,30716,3,1,2
30717,30718,2,1,1
30719,30722,4,2,2
30723,30735,13,12,1
30736,30738,3,2,1
30739,30741,3,2,1
30742,30748,7,5,2
30749,30754,6,4,2
30770,30771,2,1,1
30774,30775,2,1,1
30776,30782,7,6,1
30783,30784,2,1,1
30785,30788,4,3,1
30789,30790,2,1,1
30792,30793,2,1,1
30794,30808,15,14,1
30809,30811,3,2,1
30815,30817,3,2,1
30818,30819,2,1,1
30826,30831,6,2,4
30832,30834,3,2,1
30835,30841,7,4,3
30842,30844,3,2,1
30845,30849,5,4,1
30851,30852,2,1,1
30853,30854,2,1,1
30872,30878,7,6,1
30885,30886,2,1,1
30896,30902,7,4,3
30909,30912,4,3,1
30917,30918,2,1,1
30920,30921,2,1,1
30922,30923,2,1,1
30924,30927,4,3,1
30931,30933,3,2,1
30934,30935,2,1,1
30941,30943,3,2,1
30944,30949,6,4,2
30950,30952,3,2,1
30953,30955,3,2,1
30964,30971,8,7,1
30972,30973,2,1,1
30974,30977,4,3,1
30978,30980,3,1,2
30981,30984,4,3,1
30985,30987,3,2,1
30988,30989,2,1,1
30993,30995,3,2,1
30996,30998,3,2,1
31003,31006,4,3,1
31007,31008,2,1,1
31009,31011,3,1,2
31012,31014,3,2,1
31018,31022,5,1,4
31023,31024,2,1,1
31025,31028,4,2,2
31032,31035,4,3,1
31036,31038,3,2,1
31039,31046,8,7,1
31047,31053,7,5,2
31054,31055,2,1,1
31056,31059,4,2,2
31061,31064,4,2,2
31065,31066,2,1,1
31067,31071,5,3,2
31072,31075,4,3,1
31076,31077,2,1,1
31078,31081,4,3,1
31087,31091,5,3,2
31092,31098,7,6,1
31099,31104,6,5,1
31105,31107,3,2,1
31112,31114,3,1,2
31117,31118,2,1,1
31119,31125,7,6,1
31126,31131,6,5,1
31134,31138,5,4,1
31139,31141,3,2,1
31142,31144,3,2,1
31145,31147,3,2,1
31156,31157,2,1,1
31158,31162,5,1,4
31163,31165,3,1,2
31167,31168,2,1,1
31169,31170,2,1,1
31171,31174,4,3,1
31175,31181,7,5,2
31182,31183,2,1,1
31184,31189,6,5,1
31190,31196,7,4,3
31197,31198,2,1,1
31199,31200,2,1,1
31201,31202,2,1,1
31203,31205,3,2,1
31206,31210,5,2,3
31212,31215,4,3,1
31216,31226,11,10,1
31227,31233,7,5,2
31246,31248,3,1,2
31249,31255,7,4,3
31256,31263,8,7,1
31264,31269,6,5,1
31270,31273,4,2,2
31274,31275,2,1,1
31276,31278,3,2,1
31279,31281,3,1,2
31282,31284,3,1,2
31287,31290,4,3,1
31291,31294,4,3,1
31295,31297,3,2,1
31298,31299,2,1,1
31300,31306,7,6,1
31307,31308,2,1,1
31309,31312,4,3,1
31313,31316,4,3,1
31317,31319,3,2,1
31320,31323,4,3,1
31324,31335,12,8,4
31336,31338,3,1,2
31342,31343,2,1,1
31344,31346,3,2,1
31350,31352,3,2,1
31353,31359,7,6,1
31360,31364,5,1,4
31367,31368,2,1,1
31369,31372,4,3,1
31374,31375,2,1,1
31376,31377,2,1,1
31380,31382,3,2,1
31390,31393,4,1,3
31394,31396,3,2,1
31397,31400,4,3,1
31401,31408,8,7,1
31415,31418,4,2,2
31423,31427,5,3,2
31428,31431,4,2,2
31432,31437,6,4,2
31438,31439,2,1,1
31443,31445,3,1,2
31453,31454,2,1,1
31457,31459,3,2,1
31463,31470,8,7,1
31471,31474,4,1,3
31475,31477,3,2,1
31478,31480,3,2,1
31481,31487,7,6,1
31488,31489,2,1,1
31490,31491,2,1,1
31492,31497,6,5,1
31501,31502,2,1,1
31503,31505,3,2,1
31512,31521,10,8,2
31522,31523,2,1,1
31524,31526,3,1,2
31527,31531,5,3,2
31532,31535,4,3,1
31536,31540,5,2,3
31543,31547,5,4,1
31548,31551,4,3,1
31552,31553,2,1,1
31554,31555,2,1,1
31556,31560,5,4,1
31561,31562,2,1,1
31565,31567,3,2,1
31568,31572,5,3,2
31573,31577,5,4,1
31578,31582,5,4,1
31583,31586,4,3,1
31589,31591,3,1,2
31594,31598,5,4,1
31603,31608,6,4,2
31612,31614,3,2,1
31615,31619,5,4,1
31620,31621,2,1,1
31622,31624,3,1,2
31627,31628,2,1,1
31629,31632,4,3,1
31639,31641,3,1,2
31642,31645,4,3,1
31646,31647,2,1,1
31651,31653,3,2,1
31658,31660,3,2,1
31664,31665,2,1,1
31666,31669,4,2,2
31670,31671,2,1,1
31676,31682,7,6,1
31683,31685,3,2,1
31689,31690,2,1,1
31694,31696,3,2,1
31697,31699,3,2,1
31700,31701,2,1,1
31706,31708,3,2,1
31721,31724,4,3,1
31725,31727,3,2,1
31738,31740,3,1,2
31741,31742,2,1,1
31746,31748,3,1,2
31749,31753,5,3,2
31755,31756,2,1,1
31761,31762,2,1,1
31763,31765,3,2,1
31771,31775,5,3,2
31776,31777,2,1,1
31778,31781,4,3,1
31788,31791,4,3,1
31793,31794,2,1,1
31795,31807,13,11,2
31808,31811,4,3,1
31812,31816,5,4,1
31817,31820,4,3,1
31838,31844,7,6,1
31845,31851,7,5,2
31852,31854,3,2,1
31855,31857,3,2,1
31859,31860,2,1,1
31863,31865,3,2,1
31866,31867,2,1,1
31868,31875,8,7,1
31876,31879,4,2,2
31886,31887,2,1,1
31888,31890,3,2,1
31897,31901,5,4,1
31902,31906,5,2,3
31907,31909,3,2,1
31914,31919,6,5,1
31924,31928,5,4,1
31929,31934,6,4,2
31935,31939,5,4,1
31940,31946,7,5,2
31947,31950,4,3,1
31951,31954,4,3,1
31955,31957,3,2,1
31958,31961,4,1,3
31962,31965,4,3,1
31966,31968,3,2,1
31970,31975,6,4,2
31976,31989,14,13,1
31990,31992,3,1,2
31993,31994,2,1,1
32000,32002,3,2,1
32003,32005,3,1,2
32008,32009,2,1,1
32010,32011,2,1,1
32012,32013,2,1,1
32014,32026,13,11,2
32027,32030,4,3,1
32031,32033,3,2,1
32038,32043,6,1,5
32044,32046,3,1,2
32055,32059,5,3,2
32069,32070,2,1,1
32071,32080,10,9,1
32081,32083,3,2,1
32084,32091,8,7,1
32092,32095,4,1,3
32096,32097,2,1,1
32098,32100,3,2,1
32104,32107,4,3,1
32108,32110,3,2,1
32111,32114,4,2,2
32115,32120,6,5,1
32126,32127,2,1,1
32128,32133,6,4,2
32134,32136,3,2,1
32137,32139,3,1,2
32140,32141,2,1,1
32149,32151,3,2,1
32152,32156,5,2,3
32157,32158,2,1,1
32159,32161,3,2,1
32163,32165,3,2,1
32166,32170,5,4,1
32179,32181,3,2,1
32182,32187,6,5,1
32188,32189,2,1,1
32190,32194,5,4,1
32195,32200,6,5,1
32201,32203,3,2,1
32204,32206,3,1,2
32211,32215,5,1,4
32216,32221,6,4,2
32222,32229,8,7,1
32230,32235,6,5,1
32236,32239,4,3,1
32240,32248,9,3,6
32249,32254,6,5,1
32255,32258,4,3,1
32259,32264,6,5,1
32268,32271,4,3,1
32272,32273,2,1,1
32278,32287,10,5,5
32288,32289,2,1,1
32290,32292,3,1,2
32293,32295,3,1,2
32296,32299,4,2,2
32300,32309,10,9,1
32310,32311,2,1,1
32313,32315,3,2,1
32316,32317,2,1,1
32318,32321,4,3,1
32322,32328,7,4,3
32329,32341,13,12,1
32342,32343,2,1,1
32344,32347,4,3,1
32350,32351,2,1,1
32352,32353,2,1,1
32356,32358,3,2,1
32359,32360,2,1,1
32361,32363,3,2,1
32364,32366,3,2,1
32371,32373,3,1,2
32380,32381,2,1,1
32382,32384,3,2,1
32385,32386,2,1,1
32398,32400,3,1,2
32401,32402,2,1,1
32403,32404,2,1,1
32411,32412,2,1,1
32413,32414,2,1,1
32419,32430,12,11,1
32431,32434,4,2,2
32435,32442,8,7,1
32448,32454,7,6,1
32455,32464,10,9,1
32465,32471,7,6,1
32472,32476,5,4,1
32477,32480,4,3,1
32481,32485,5,4,1
32486,32487,2,1,1
32488,32492,5,4,1
32493,32498,6,4,2
32499,32502,4,3,1
32503,32504,2,1,1
32505,32506,2,1,1
32507,32508,2,1,1
32509,32519,11,10,1
32520,32521,2,1,1
32524,32528,5,1,4
32529,32531,3,1,2
32532,32535,4,3,1
32537,32538,2,1,1
32544,32546,3,2,1
32547,32549,3,2,1
32550,32554,5,4,1
32555,32556,2,1,1
32557,32558,2,1,1
32560,32561,2,1,1
32562,32565,4,3,1
32570,32574,5,3,2
32577,32578,2,1,1
32579,32581,3,2,1
32582,32585,4,2,2
32586,32589,4,3,1
32590,32594,5,4,1
32595,32596,2,1,1
32601,32604,4,1,3
32605,32608,4,2,2
32612,32614,3,1,2
32615,32618,4,3,1
32622,32623,2,1,1
32624,32628,5,3,2
32629,32630,2,1,1
32631,32633,3,1,2
32634,32636,3,1,2
32637,32638,2,1,1
32642,32645,4,2,2
32646,32656,11,8,3
32657,32658,2,1,1
32664,32669,6,2,4
32674,32675,2,1,1
32676,32682,7,4,3
32683,32686,4,2,2
32687,32689,3,2,1
32690,32695,6,4,2
32696,32702,7,5,2
32703,32705,3,2,1
32706,32707,2,1,1
32709,32710,2,1,1
32714,32719,6,4,2
32720,32721,2,1,1
32722,32723,2,1,1
32724,32727,4,1,3
32728,32730,3,2,1
32731,32732,2,1,1
32741,32742,2,1,1
32743,32744,2,1,1
32745,32746,2,1,1
32747,32751,5,3,2
32752,32761,10,9,1
32762,32763,2,1,1
32764,32769,6,4,2
32770,32773,4,3,1
32774,32775,2,1,1
32777,32782,6,5,1
32783,32786,4,3,1
32787,32788,2,1,1
32793,32797,5,4,1
32798,32802,5,4,1
32803,32807,5,3,2
32808,32809,2,1,1
32812,32818,7,5,2
32823,32824,2,1,1
32825,32827,3,1,2
32828,32834,7,6,1
32835,32837,3,2,1
32841,32844,4,2,2
32845,32847,3,1,2
32856,32858,3,2,1
32859,32860,2,1,1
32866,32867,2,1,1
32868,32870,3,2,1
32881,32882,2,1,1
32883,32885,3,2,1
32886,32887,2,1,1
32889,32891,3,2,1
32895,32898,4,3,1
32899,32902,4,2,2
32903,32907,5,3,2
32908,32910,3,2,1
32911,32918,8,3,5
32919,32925,7,5,2
32926,32928,3,1,2
32929,32943,15,14,1
32944,32946,3,2,1
32951,32953,3,1,2
32954,32959,6,5,1
32964,32966,3,2,1
32970,32974,5,3,2
32975,32977,3,1,2
32978,32981,4,3,1
32982,32989,8,4,4
32990,32991,2,1,1
32992,32993,2,1,1
32998,32999,2,1,1
33005,33009,5,4,1
33010,33015,6,3,3
33016,33023,8,7,1
33024,33027,4,3,1
33028,33032,5,4,1
33033,33035,3,2,1
33038,33044,7,1,6
33045,33046,2,1,1
33047,33049,3,2,1
33053,33056,4,3,1
33057,33059,3,2,1
33061,33062,2,1,1
33063,33065,3,1,2
33066,33071,6,2,4
33072,33074,3,1,2
33075,33077,3,1,2
33078,33085,8,5,3
33086,33102,17,16,1
33103,33109,7,6,1
33110,33115,6,4,2
33116,33117,2,1,1
33121,33122,2,1,1
33123,33125,3,2,1
33126,33128,3,1,2
33129,33132,4,3,1
33133,33136,4,3,1
33141,33144,4,3,1
33145,33146,2,1,1
33150,33153,4,3,1
33154,33158,5,2,3
33159,33166,8,2,6
33167,33170,4,1,3
33171,33172,2,1,1
33175,33176,2,1,1
33177,33178,2,1,1
33191,33192,2,1,1
33193,33196,4,3,1
33197,33199,3,2,1
33206,33213,8,7,1
33221,33224,4,3,1
33225,33227,3,2,1
33228,33233,6,4,2
33234,33235,2,1,1
33240,33241,2,1,1
33242,33248,7,5,2
33249,33251,3,2,1
33252,33253,2,1,1
33254,33256,3,2,1
33260,33265,6,4,2
33267,33268,2,1,1
33269,33270,2,1,1
33271,33273,3,2,1
33275,33280,6,4,2
33292,33294,3,2,1
33298,33304,7,6,1
33305,33309,5,4,1
33314,33327,14,13,1
33328,33331,4,3,1
33335,33341,7,6,1
33342,33343,2,1,1
33344,33345,2,1,1
33346,33348,3,1,2
33364,33365,2,1,1
33371,33372,2,1,1
33373,33377,5,4,1
33378,33380,3,2,1
33389,33391,3,2,1
33392,33396,5,4,1
33399,33402,4,1,3
33403,33405,3,2,1
33410,33411,2,1,1
33412,33415,4,3,1
33416,33420,5,3,2
33436,33437,2,1,1
33438,33440,3,1,2
33442,33445,4,3,1
33446,33447,2,1,1
33448,33451,4,2,2
33452,33458,7,6,1
33462,33463,2,1,1
33464,33467,4,2,2
33468,33471,4,3,1
33472,33474,3,2,1
33475,33480,6,5,1
33481,33482,2,1,1
33485,33488,4,1,3
33489,33496,8,6,2
33504,33507,4,3,1
33508,33509,2,1,1
33515,33518,4,3,1
33523,33524,2,1,1
33525,33528,4,3,1
33529,33530,2,1,1
33531,33535,5,3,2
33536,33539,4,3,1
33543,33544,2,1,1
33545,33548,4,3,1
33549,33554,6,5,1
33560,33565,6,2,4
33566,33567,2,1,1
33568,33569,2,1,1
33570,33577,8,7,1
33578,33580,3,2,1
33581,33585,5,3,2
33586,33588,3,2,1
33589,33592,4,3,1
33593,33595,3,2,1
33596,33597,2,1,1
33599,33605,7,5,2
33606,33607,2,1,1
33609,33613,5,4,1
33617,33618,2,1,1
33619,33623,5,2,3
33624,33625,2,1,1
33627,33628,2,1,1
33629,33630,2,1,1
33631,33632,2,1,1
33633,33639,7,5,2
33640,33641,2,1,1
33642,33643,2,1,1
33644,33647,4,3,1
33648,33649,2,1,1
33650,33664,15,13,2
33665,33667,3,2,1
33681,33683,3,2,1
33684,33687,4,2,2
33688,33691,4,2,2
33700,33703,4,2,2
33709,33712,4,3,1
33720,33721,2,1,1
33732,33733,2,1,1
33750,33753,4,2,2
33775,33777,3,1,2
33779,33782,4,1,3
33792,33794,3,2,1
33823,33826,4,1,3
33845,33848,4,3,1
33852,33854,3,2,1
33867,33869,3,2,1
33875,33877,3,1,2
33881,33884,4,1,3
33891,33892,2,1,1
33907,33908,2,1,1
33914,33915,2,1,1
33916,33921,6,1,5
33932,33934,3,1,2
33948,33949,2,1,1
33950,33952,3,2,1
33965,33966,2,1,1
33976,33977,2,1,1
33981,33983,3,1,2
33991,33996,6,2,4
34003,34006,4,1,3
34007,34009,3,1,2
34013,34014,2,1,1
34035,34037,3,1,2
34053,34057,5,2,3
34058,34063,6,1,5
34064,34066,3,2,1
34068,34070,3,2,1
34093,34095,3,1,2
34098,34101,4,3,1
34104,34108,5,4,1
34133,34135,3,1,2
34143,34144,2,1,1
34163,34165,3,2,1
34173,34174,2,1,1
34184,34185,2,1,1
34186,34187,2,1,1
34200,34201,2,1,1
34206,34207,2,1,1
34235,34239,5,2,3
34247,34249,3,1,2
34259,34261,3,2,1
34265,34266,2,1,1
34286,34289,4,1,3
34290,34292,3,2,1
34308,34309,2,1,1
34310,34311,2,1,1
34312,34313,2,1,1
34317,34319,3,2,1
34323,34324,2,1,1
34333,34335,3,1,2
34347,34349,3,1,2
34354,34357,4,1,3
34375,34378,4,3,1
34387,34388,2,1,1
34389,34390,2,1,1
34399,34400,2,1,1
34435,34438,4,1,3
34451,34452,2,1,1
34455,34459,5,2,3
34462,34464,3,1,2
34465,34466,2,1,1
34472,34473,2,1,1
34482,34484,3,2,1
34488,34491,4,1,3
34492,34493,2,1,1
34507,34509,3,1,2
34515,34517,3,2,1
34522,34523,2,1,1
34529,34530,2,1,1
34556,34557,2,1,1
34607,34608,2,1,1
34612,34613,2,1,1
34630,34632,3,1,2
34645,34647,3,2,1
34659,34660,2,1,1
34668,34669,2,1,1
34702,34704,3,1,2
34707,34709,3,1,2
34710,34712,3,1,2
34728,34729,2,1,1
34740,34742,3,1,2
34752,34754,3,1,2
34780,34782,3,1,2
34801,34803,3,2,1
34809,34811,3,1,2
34827,34830,4,2,2
34835,34836,2,1,1
34871,34872,2,1,1
34891,34892,2,1,1
34953,34954,2,1,1
34955,34956,2,1,1
34958,34959,2,1,1
35017,35018,2,1,1
35041,35043,3,1,2
35053,35055,3,2,1
35080,35081,2,1,1
35158,35159,2,1,1
35167,35169,3,1,2
35170,35172,3,1,2
35179,35181,3,1,2
35186,35187,2,1,1
35211,35213,3,1,2
35227,35230,4,1,3
35283,35284,2,1,1
35285,35287,3,1,2
35288,35289,2,1,1
35292,35294,3,2,1
35299,35301,3,1,2
35306,35308,3,1,2
35323,35325,3,1,2
35330,35332,3,1,2
35336,35338,3,2,1
35370,35371,2,1,1
35372,35373,2,1,1
35411,35412,2,1,1
35415,35416,2,1,1
35417,35418,2,1,1
35432,35433,2,1,1
35454,35456,3,1,2
35515,35521,7,1,6
35522,35524,3,1,2
35541,35542,2,1,1
35564,35565,2,1,1
35582,35584,3,2,1
35589,35591,3,2,1
35597,35598,2,1,1
35624,35625,2,1,1
35642,35643,2,1,1
35697,35698,2,1,1
35702,35704,3,1,2
35705,35706,2,1,1
35721,35723,3,2,1
35736,35737,2,1,1
35752,35755,4,1,3
35773,35775,3,1,2
35779,35780,2,1,1
35782,35785,4,1,3
35795,35796,2,1,1
35798,35801,4,2,2
35818,35822,5,2,3
35823,35825,3,2,1
35839,35840,2,1,1
35860,35861,2,1,1
35869,35871,3,1,2
35904,35905,2,1,1
35910,35911,2,1,1
35931,35936,6,1,5
35939,35940,2,1,1
35947,35948,2,1,1
35957,35958,2,1,1
35971,35973,3,2,1
35975,35977,3,2,1
35981,35983,3,2,1
36026,36027,2,1,1
36038,36041,4,1,3
36060,36061,2,1,1
36075,36076,2,1,1
36103,36104,2,1,1
36128,36129,2,1,1
36156,36158,3,1,2
36231,36233,3,2,1
36241,36243,3,2,1
36249,36250,2,1,1
36261,36262,2,1,1
36268,36269,2,1,1
36272,36274,3,1,2
36287,36288,2,1,1
36289,36290,2,1,1
36296,36297,2,1,1
36298,36300,3,1,2
36326,36327,2,1,1
36343,36345,3,2,1
36373,36374,2,1,1
36393,36394,2,1,1
36440,36441,2,1,1
36451,36452,2,1,1
36453,36454,2,1,1
36466,36467,2,1,1
36468,36469,2,1,1
36542,36544,3,2,1
36568,36569,2,1,1
36631,36633,3,1,2
36659,36661,3,2,1
36689,36691,3,1,2
36700,36701,2,1,1
36703,36705,3,2,1
36724,36725,2,1,1
36726,36727,2,1,1
36732,36733,2,1,1
36736,36739,4,2,2
36772,36773,2,1,1
36810,36812,3,2,1
36814,36815,2,1,1
36816,36817,2,1,1
36821,36822,2,1,1
36832,36834,3,2,1
36844,36845,2,1,1
36851,36852,2,1,1
36856,36857,2,1,1
36862,36863,2,1,1
36896,36898,3,1,2
36902,36904,3,1,2
36907,36908,2,1,1
36912,36913,2,1,1
36914,36917,4,2,2
36928,36929,2,1,1
36990,36993,4,1,3
36997,36998,2,1,1
37004,37005,2,1,1
37015,37016,2,1,1
37039,37042,4,1,3
37056,37058,3,1,2
37060,37062,3,1,2
37120,37121,2,1,1
37131,37133,3,2,1
37175,37177,3,1,2
37197,37199,3,2,1
37202,37205,4,1,3
37222,37224,3,2,1
37249,37250,2,1,1
37268,37269,2,1,1
37282,37283,2,1,1
37286,37289,4,1,3
37306,37307,2,1,1
37310,37312,3,1,2
37321,37323,3,1,2
37342,37344,3,1,2
37393,37394,2,1,1
37410,37411,2,1,1
37416,37417,2,1,1
37420,37421,2,1,1
37442,37443,2,1,1
37570,37572,3,1,2
37591,37594,4,1,3
37599,37601,3,2,1
37608,37611,4,1,3
37616,37617,2,1,1
37627,37629,3,2,1
37685,37686,2,1,1
37742,37743,2,1,1
37749,37752,4,2,2
37771,37774,4,1,3
37775,37776,2,1,1
37787,37789,3,1,2
37803,37804,2,1,1
37812,37814,3,1,2
37840,37841,2,1,1
37853,37855,3,2,1
37863,37865,3,1,2
37885,37886,2,1,1
37904,37905,2,1,1
37915,37916,2,1,1
37917,37920,4,1,3
37982,37985,4,2,2
38041,38043,3,2,1
38056,38058,3,2,1
38059,38061,3,2,1
38071,38073,3,2,1
38082,38083,2,1,1
38100,38102,3,1,2
38158,38159,2,1,1
38165,38166,2,1,1
38209,38210,2,1,1
38267,38270,4,1,3
38279,38280,2,1,1
38290,38291,2,1,1
38306,38307,2,1,1
38313,38314,2,1,1
38325,38326,2,1,1
38345,38346,2,1,1
38372,38374,3,2,1
38375,38376,2,1,1
38404,38406,3,1,2
38423,38424,2,1,1
38449,38450,2,1,1
38507,38508,2,1,1
38518,38521,4,2,2
38527,38531,5,2,3
38535,38536,2,1,1
38537,38538,2,1,1
38540,38541,2,1,1
38572,38573,2,1,1
38574,38575,2,1,1
38594,38595,2,1,1
38614,38615,2,1,1
38629,38630,2,1,1
38639,38641,3,1,2
38672,38675,4,1,3
38679,38681,3,1,2
38691,38692,2,1,1
38697,38698,2,1,1
38722,38723,2,1,1
38724,38725,2,1,1
38757,38759,3,1,2
38792,38793,2,1,1
38808,38809,2,1,1
38810,38813,4,1,3
38848,38849,2,1,1
38850,38851,2,1,1
38880,38882,3,1,2
38887,38889,3,1,2
38935,38938,4,1,3
38939,38941,3,2,1
38954,38955,2,1,1
38957,38961,5,2,3
38985,38987,3,2,1
39010,39014,5,2,3
39018,39019,2,1,1
39023,39024,2,1,1
39026,39027,2,1,1
39049,39052,4,1,3
39080,39081,2,1,1
39084,39085,2,1,1
39092,39093,2,1,1
39125,39126,2,1,1
39128,39129,2,1,1
39139,39140,2,1,1
39176,39177,2,1,1
39187,39189,3,1,2
39209,39214,6,3,3
39216,39218,3,2,1
39243,39244,2,1,1
39252,39258,7,3,4
39261,39263,3,1,2
39314,39316,3,1,2
39325,39327,3,1,2
39341,39342,2,1,1
39379,39382,4,1,3
39383,39384,2,1,1
39407,39408,2,1,1
39410,39413,4,2,2
39421,39425,5,2,3
39452,39453,2,1,1
39510,39511,2,1,1
39512,39514,3,1,2
39528,39529,2,1,1
39564,39567,4,1,3
39598,39599,2,1,1
39637,39638,2,1,1
39648,39649,2,1,1
39717,39719,3,1,2
39720,39721,2,1,1
39761,39762,2,1,1
39773,39775,3,2,1
39798,39799,2,1,1
39812,39813,2,1,1
39817,39819,3,1,2
39832,39835,4,2,2
39862,39863,2,1,1
39879,39880,2,1,1
39881,39882,2,1,1
39892,39894,3,2,1
39959,39961,3,1,2
39978,39986,9,2,7
40046,40047,2,1,1
40076,40077,2,1,1
40078,40079,2,1,1
40142,40143,2,1,1
40150,40153,4,1,3
40179,40180,2,1,1
40194,40196,3,2,1
40197,40198,2,1,1
40219,40221,3,1,2
40258,40259,2,1,1
40260,40261,2,1,1
40280,40282,3,2,1
40287,40289,3,1,2
40292,40293,2,1,1
40294,40296,3,1,2
40303,40304,2,1,1
40305,40306,2,1,1
40335,40336,2,1,1
40352,40355,4,1,3
40362,40364,3,2,1
40404,40405,2,1,1
40413,40414,2,1,1
40418,40419,2,1,1
40430,40432,3,2,1
40434,40436,3,1,2
40544,40545,2,1,1
40552,40554,3,2,1
40577,40578,2,1,1
40584,40588,5,1,4
40602,40604,3,2,1
40606,40607,2,1,1
40611,40612,2,1,1
40613,40616,4,1,3
40638,40639,2,1,1
40685,40686,2,1,1
40719,40722,4,2,2
40739,40741,3,1,2
40752,40753,2,1,1
40754,40758,5,3,2
40770,40772,3,1,2
40783,40784,2,1,1
40796,40802,7,1,6
40809,40812,4,2,2
40817,40818,2,1,1
40896,40897,2,1,1
40913,40914,2,1,1
40932,40934,3,2,1
40989,40990,2,1,1
41009,41010,2,1,1
41118,41119,2,1,1
41124,41126,3,1,2
41137,41138,2,1,1
41170,41171,2,1,1
41243,41245,3,2,1
41261,41262,2,1,1
41276,41277,2,1,1
41279,41280,2,1,1
41293,41294,2,1,1
41295,41299,5,2,3
41309,41311,3,1,2
41344,41347,4,1,3
41352,41353,2,1,1
41370,41373,4,1,3
41423,41425,3,2,1
41433,41436,4,1,3
41439,41441,3,1,2
41457,41458,2,1,1
41462,41464,3,1,2
41470,41472,3,1,2
41475,41476,2,1,1
41479,41481,3,1,2
41493,41494,2,1,1
41497,41500,4,2,2
41518,41519,2,1,1
41520,41521,2,1,1
41527,41528,2,1,1
41544,41547,4,2,2
41565,41566,2,1,1
41567,41568,2,1,1
41570,41574,5,2,3
41626,41627,2,1,1
41633,41635,3,2,1
41636,41639,4,3,1
41695,41696,2,1,1
41697,41698,2,1,1
41748,41749,2,1,1
41802,41803,2,1,1
41810,41811,2,1,1
41844,41845,2,1,1
41853,41856,4,3,1
41887,41889,3,1,2
41895,41896,2,1,1
41906,41907,2,1,1
41915,41916,2,1,1
41918,41919,2,1,1
41939,41942,4,1,3
41947,41948,2,1,1
41949,41950,2,1,1
41976,41978,3,1,2
41982,41983,2,1,1
41986,41988,3,1,2
42010,42011,2,1,1
42044,42046,3,2,1
42067,42068,2,1,1
42141,42142,2,1,1
42151,42154,4,3,1
42161,42162,2,1,1
42166,42170,5,4,1
42177,42178,2,1,1
42186,42188,3,2,1
42189,42190,2,1,1
42196,42197,2,1,1
42203,42204,2,1,1
42233,42234,2,1,1
42237,42241,5,1,4
42253,42256,4,1,3
42270,42272,3,1,2
42273,42274,2,1,1
42280,42283,4,1,3
42288,42289,2,1,1
42300,42302,3,1,2
42304,42306,3,1,2
42331,42333,3,2,1
42348,42350,3,2,1
42355,42356,2,1,1
42357,42363,7,1,6
42367,42368,2,1,1
42372,42373,2,1,1
42382,42383,2,1,1
42394,42395,2,1,1
42397,42399,3,1,2
42405,42408,4,1,3
42412,42416,5,1,4
42417,42418,2,1,1
42422,42424,3,1,2
42455,42456,2,1,1
42457,42459,3,2,1
42466,42467,2,1,1
42498,42503,6,2,4
42506,42509,4,3,1
42524,42526,3,1,2
42545,42546,2,1,1
42556,42558,3,1,2
42569,42571,3,1,2
42583,42587,5,1,4
42607,42608,2,1,1
42609,42612,4,1,3
42613,42614,2,1,1
42620,42621,2,1,1
42639,42641,3,1,2
42657,42660,4,1,3
42705,42706,2,1,1
42741,42742,2,1,1
42757,42760,4,1,3
42773,42775,3,1,2
42807,42808,2,1,1
42811,42813,3,1,2
42823,42826,4,1,3
42831,42834,4,2,2
42843,42845,3,1,2
42858,42861,4,3,1
42867,42869,3,1,2
42895,42896,2,1,1
42914,42918,5,1,4
42923,42924,2,1,1
42932,42935,4,1,3
42944,42947,4,3,1
42973,42974,2,1,1
42977,42979,3,2,1
42988,42991,4,1,3
43001,43004,4,1,3
43023,43026,4,1,3
43028,43030,3,2,1
43042,43044,3,1,2
43054,43056,3,1,2
43100,43102,3,1,2
43117,43118,2,1,1
43139,43140,2,1,1
43183,43184,2,1,1
43206,43207,2,1,1
43225,43227,3,1,2
43302,43308,7,1,6
43328,43329,2,1,1
43406,43407,2,1,1
43425,43427,3,1,2
43434,43436,3,2,1
43453,43454,2,1,1
43468,43470,3,1,2
43517,43519,3,1,2
43594,43595,2,1,1
43612,43614,3,2,1
43620,43621,2,1,1
43651,43653,3,1,2
43664,43665,2,1,1
43671,43673,3,2,1
43712,43713,2,1,1
43714,43718,5,2,3
43746,43747,2,1,1
43775,43776,2,1,1
43786,43787,2,1,1
43801,43802,2,1,1
43819,43820,2,1,1
43844,43846,3,1,2
43851,43855,5,2,3
43859,43860,2,1,1
43869,43871,3,2,1
43874,43875,2,1,1
43904,43905,2,1,1
43911,43913,3,1,2
43917,43920,4,1,3
43932,43933,2,1,1
43939,43942,4,1,3
43943,43945,3,1,2
43954,43955,2,1,1
43961,43963,3,1,2
43970,43972,3,1,2
43986,43988,3,1,2
44047,44049,3,2,1
44069,44071,3,1,2
44079,44081,3,1,2
44094,44096,3,2,1
44103,44104,2,1,1
44165,44167,3,2,1
44205,44206,2,1,1
44217,44218,2,1,1
44262,44263,2,1,1
44267,44268,2,1,1
44275,44277,3,1,2
44304,44305,2,1,1
44384,44386,3,1,2
44399,44401,3,2,1
44423,44426,4,1,3
44427,44429,3,2,1
44437,44438,2,1,1
44448,44449,2,1,1
44466,44467,2,1,1
44478,44480,3,1,2
44520,44522,3,1,2
44549,44550,2,1,1
44592,44593,2,1,1
44600,44601,2,1,1
44603,44604,2,1,1
44615,44618,4,3,1
44652,44653,2,1,1
44672,44676,5,1,4
44683,44684,2,1,1
44705,44707,3,2,1
44735,44737,3,2,1
44775,44779,5,3,2
44783,44784,2,1,1
44787,44788,2,1,1
44791,44793,3,1,2
44798,44799,2,1,1
44811,44812,2,1,1
44815,44816,2,1,1
44819,44820,2,1,1
44845,44846,2,1,1
44860,44862,3,1,2
44893,44896,4,1,3
44903,44908,6,1,5
44910,44912,3,1,2
44941,44943,3,1,2
44947,44950,4,1,3
44951,44952,2,1,1
44967,44971,5,2,3
45027,45030,4,2,2
45046,45048,3,1,2
45058,45060,3,1,2
45071,45072,2,1,1
45079,45080,2,1,1
45094,45096,3,2,1
45123,45124,2,1,1
45144,45145,2,1,1
45159,45161,3,1,2
45163,45164,2,1,1
45186,45187,2,1,1
45191,45193,3,1,2
45194,45196,3,1,2
45222,45224,3,1,2
45238,45239,2,1,1
45241,45243,3,1,2
45275,45277,3,1,2
45299,45300,2,1,1
45334,45335,2,1,1
45346,45347,2,1,1
45385,45386,2,1,1
45389,45390,2,1,1
45395,45397,3,1,2
45402,45404,3,1,2
45412,45413,2,1,1
45457,45458,2,1,1
45461,45464,4,1,3
45491,45492,2,1,1
45502,45503,2,1,1
45536,45537,2,1,1
45552,45554,3,1,2
45568,45570,3,1,2
45604,45608,5,1,4
45617,45618,2,1,1
45624,45625,2,1,1
45627,45628,2,1,1
45712,45713,2,1,1
45727,45729,3,1,2
45745,45746,2,1,1
45788,45791,4,1,3
45810,45811,2,1,1
45838,45839,2,1,1
45850,45851,2,1,1
45880,45881,2,1,1
45901,45902,2,1,1
45968,45970,3,2,1
45980,45982,3,1,2
46012,46013,2,1,1
46049,46050,2,1,1
46070,46071,2,1,1
46098,46099,2,1,1
46103,46104,2,1,1
46118,46119,2,1,1
46128,46131,4,1,3
46147,46151,5,1,4
46157,46159,3,2,1
46178,46179,2,1,1
46180,46182,3,2,1
46185,46186,2,1,1
46224,46226,3,2,1
46246,46247,2,1,1
46285,46286,2,1,1
46317,46321,5,2,3
46403,46404,2,1,1
46410,46411,2,1,1
46432,46435,4,1,3
46457,46460,4,1,3
46508,46509,2,1,1
46529,46530,2,1,1
46537,46541,5,2,3
46543,46545,3,2,1
46593,46600,8,3,5
46616,46617,2,1,1
46672,46673,2,1,1
46682,46684,3,2,1
46691,46694,4,1,3
46698,46699,2,1,1
46739,46740,2,1,1
46756,46759,4,3,1
46774,46776,3,2,1
46779,46781,3,2,1
46809,46810,2,1,1
46835,46836,2,1,1
46882,46884,3,2,1
46904,46907,4,3,1
46910,46911,2,1,1
46912,46915,4,3,1
46921,46925,5,1,4
47018,47019,2,1,1
47031,47038,8,3,5
47091,47092,2,1,1
47105,47106,2,1,1
47117,47118,2,1,1
47135,47136,2,1,1
47137,47139,3,1,2
47165,47166,2,1,1
47167,47170,4,1,3
47171,47172,2,1,1
47182,47184,3,1,2
47189,47190,2,1,1
47197,47198,2,1,1
47207,47210,4,2,2
47219,47221,3,2,1
47225,47226,2,1,1
47261,47262,2,1,1
47273,47275,3,2,1
47304,47305,2,1,1
47331,47334,4,2,2
47343,47345,3,1,2
47364,47365,2,1,1
47366,47367,2,1,1
47369,47370,2,1,1
47461,47463,3,1,2
47506,47508,3,1,2
47509,47510,2,1,1
47524,47525,2,1,1
47547,47548,2,1,1
47549,47550,2,1,1
47554,47555,2,1,1
47556,47558,3,2,1
47561,47564,4,1,3
47566,47568,3,2,1
47586,47589,4,1,3
47590,47591,2,1,1
47629,47631,3,2,1
47638,47639,2,1,1
47683,47686,4,1,3
47818,47819,2,1,1
47855,47857,3,2,1
47868,47871,4,3,1
47876,47878,3,1,2
47879,47880,2,1,1
47883,47885,3,1,2
47895,47898,4,2,2
47910,47912,3,1,2
47915,47916,2,1,1
47917,47919,3,2,1
47921,47923,3,1,2
47924,47925,2,1,1
47936,47938,3,1,2
47945,47946,2,1,1
47947,47950,4,2,2
47953,47954,2,1,1
47958,47960,3,1,2
47961,47963,3,2,1
47981,47985,5,2,3
48020,48021,2,1,1
48063,48064,2,1,1
48110,48111,2,1,1
48207,48208,2,1,1
48312,48314,3,2,1
48443,48448,6,5,1
48453,48455,3,1,2
48626,48629,4,1,3
48863,48864,2,1,1
48925,48926,2,1,1
48936,48937,2,1,1
48941,48942,2,1,1
48946,48947,2,1,1
48955,48956,2,1,1
48969,48970,2,1,1
48990,48992,3,2,1
49007,49009,3,1,2
49040,49041,2,1,1
49055,49056,2,1,1
49060,49061,2,1,1
49088,49089,2,1,1
49187,49190,4,3,1
49191,49193,3,2,1
49203,49204,2,1,1
49223,49224,2,1,1
49252,49253,2,1,1
49260,49261,2,1,1
49323,49326,4,2,2
49350,49351,2,1,1
49367,49369,3,1,2
49372,49375,4,2,2
49386,49387,2,1,1
49399,49400,2,1,1
49424,49425,2,1,1
49437,49439,3,2,1
49445,49446,2,1,1
49518,49520,3,1,2
49525,49526,2,1,1
49562,49566,5,1,4
49582,49583,2,1,1
49649,49650,2,1,1
49691,49692,2,1,1
49696,49698,3,1,2
49709,49710,2,1,1
49711,49714,4,1,3
49716,49719,4,1,3
49734,49736,3,2,1
49772,49773,2,1,1
49816,49819,4,1,3
49824,49827,4,1,3
49836,49839,4,1,3
49852,49854,3,1,2
49868,49869,2,1,1
49891,49892,2,1,1
49901,49902,2,1,1
49903,49905,3,1,2
49910,49911,2,1,1
49953,49954,2,1,1
49959,49962,4,1,3
49963,49964,2,1,1
49978,49979,2,1,1
50032,50033,2,1,1
50082,50086,5,3,2
50091,50094,4,1,3
50099,50100,2,1,1
50139,50141,3,1,2
50202,50206,5,1,4
50239,50240,2,1,1
50394,50395,2,1,1
50428,50429,2,1,1
50435,50436,2,1,1
50447,50449,3,1,2
50595,50600,6,1,5
50664,50665,2,1,1
50670,50672,3,2,1
50694,50695,2,1,1
50696,50701,6,3,3
51072,51074,3,1,2
51075,51076,2,1,1
51121,51123,3,2,1
51124,51127,4,1,3
51169,51170,2,1,1
51175,51176,2,1,1
51184,51185,2,1,1
51191,51192,2,1,1
51209,51210,2,1,1
51211,51212,2,1,1
51224,51225,2,1,1
51332,51334,3,2,1
51356,51358,3,1,2
51360,51362,3,1,2
51371,51372,2,1,1
51431,51432,2,1,1
51437,51439,3,2,1
51440,51441,2,1,1
51445,51446,2,1,1
51459,51461,3,1,2
51462,51465,4,2,2
51479,51480,2,1,1
51482,51483,2,1,1
51548,51549,2,1,1
51612,51614,3,1,2
51855,51856,2,1,1
51890,51891,2,1,1
52030,52031,2,1,1
52106,52108,3,1,2
52246,52247,2,1,1
52259,52260,2,1,1
52275,52276,2,1,1
52286,52288,3,1,2
52320,52321,2,1,1
52391,52393,3,2,1
52420,52422,3,1,2
52556,52557,2,1,1
52575,52576,2,1,1
52654,52655,2,1,1
52665,52668,4,1,3
52680,52682,3,2,1
52717,52720,4,1,3
52739,52742,4,2,2
52825,52827,3,1,2
52838,52840,3,1,2
52887,52888,2,1,1
52938,52940,3,1,2
52969,52970,2,1,1
53008,53009,2,1,1
53028,53029,2,1,1
53048,53050,3,2,1
53121,53122,2,1,1
53126,53130,5,1,4
53132,53133,2,1,1
53155,53157,3,1,2
53204,53205,2,1,1
53220,53222,3,2,1
53249,53251,3,1,2
53256,53257,2,1,1
53313,53314,2,1,1
53337,53338,2,1,1
53361,53362,2,1,1
53379,53380,2,1,1
53411,53412,2,1,1
53421,53422,2,1,1
53441,53442,2,1,1
53455,53457,3,1,2
53523,53524,2,1,1
53531,53532,2,1,1
53548,53549,2,1,1
53577,53579,3,2,1
53653,53654,2,1,1
53655,53656,2,1,1
53776,53777,2,1,1
53820,53821,2,1,1
54027,54028,2,1,1
54058,54059,2,1,1
54096,54097,2,1,1
54151,54152,2,1,1
54215,54216,2,1,1
54222,54223,2,1,1
54285,54286,2,1,1
54312,54313,2,1,1
54489,54490,2,1,1
54614,54615,2,1,1
54637,54638,2,1,1
54651,54652,2,1,1
54673,54674,2,1,1
54706,54707,2,1,1
54754,54755,2,1,1
54808,54809,2,1,1
54821,54823,3,1,2
54867,54868,2,1,1
54889,54890,2,1,1
54909,54910,2,1,1
54949,54950,2,1,1
55033,55034,2,1,1
55139,55140,2,1,1
55217,55218,2,1,1
55244,55245,2,1,1
55255,55256,2,1,1
55338,55339,2,1,1
55374,55377,4,2,2
55474,55476,3,1,2
55485,55486,2,1,1
55504,55505,2,1,1
55519,55520,2,1,1
55523,55524,2,1,1
55532,55533,2,1,1
55551,55552,2,1,1
55648,55649,2,1,1
55679,55680,2,1,1
55724,55727,4,1,3
55762,55763,2,1,1
55812,55813,2,1,1
55849,55850,2,1,1
55877,55878,2,1,1
55976,55977,2,1,1
56012,56016,5,1,4
56024,56025,2,1,1
56114,56115,2,1,1
56278,56279,2,1,1
56359,56360,2,1,1
56393,56394,2,1,1
56406,56407,2,1,1
56600,56601,2,1,1
56639,56641,3,2,1
56706,56707,2,1,1
56753,56754,2,1,1
56822,56825,4,3,1
56843,56845,3,1,2
56846,56847,2,1,1
56849,56850,2,1,1
56976,56977,2,1,1
56994,56998,5,1,4
57033,57037,5,4,1
57153,57155,3,1,2
57170,57171,2,1,1
57253,57255,3,1,2
57305,57306,2,1,1
57354,57355,2,1,1
57399,57403,5,1,4
57526,57527,2,1,1
57638,57641,4,2,2
57651,57653,3,2,1
57654,57656,3,2,1
57773,57775,3,1,2
57862,57865,4,1,3
57899,57900,2,1,1
57904,57905,2,1,1
57927,57928,2,1,1
57935,57938,4,3,1
57939,57943,5,4,1
57947,57949,3,1,2
57950,57957,8,4,4
58025,58026,2,1,1
58027,58038,12,2,10
58044,58046,3,1,2
58047,58048,2,1,1
58050,58054,5,1,4
58064,58065,2,1,1
58082,58084,3,1,2
58085,58088,4,1,3
58089,58092,4,2,2
58101,58103,3,1,2
58107,58108,2,1,1
58109,58110,2,1,1
58111,58115,5,2,3
58116,58117,2,1,1
58127,58128,2,1,1
58130,58132,3,1,2
58135,58136,2,1,1
58137,58142,6,4,2
58143,58148,6,2,4
58149,58157,9,8,1
58191,58194,4,3,1
58208,58210,3,1,2
58211,58215,5,1,4
58216,58217,2,1,1
58229,58232,4,1,3
58233,58234,2,1,1
58252,58253,2,1,1
58255,58257,3,1,2
58259,58266,8,7,1
58267,58269,3,1,2
58270,58271,2,1,1
58272,58273,2,1,1
58274,58275,2,1,1
58285,58287,3,1,2
58288,58290,3,2,1
58291,58295,5,4,1
58296,58298,3,2,1
58303,58305,3,2,1
58306,58309,4,2,2
58311,58312,2,1,1
58313,58316,4,3,1
58317,58318,2,1,1
58332,58335,4,2,2
58336,58340,5,4,1
58344,58348,5,1,4
58356,58357,2,1,1
58358,58365,8,5,3
58371,58372,2,1,1
58378,58380,3,2,1
58382,58386,5,3,2
58404,58406,3,1,2
58407,58410,4,2,2
58416,58417,2,1,1
58429,58434,6,3,3
58435,58440,6,3,3
58454,58455,2,1,1
58461,58463,3,2,1
58464,58465,2,1,1
58471,58472,2,1,1
58473,58474,2,1,1
58475,58477,3,1,2
58486,58487,2,1,1
58488,58490,3,1,2
58494,58499,6,4,2
58508,58511,4,1,3
58512,58513,2,1,1
58514,58515,2,1,1
58516,58519,4,1,3
58528,58529,2,1,1
58530,58534,5,1,4
58541,58546,6,3,3
58565,58568,4,3,1
58569,58570,2,1,1
58571,58574,4,2,2
58584,58590,7,1,6
58591,58592,2,1,1
58593,58594,2,1,1
58596,58599,4,1,3
58603,58605,3,2,1
58606,58610,5,1,4
58612,58613,2,1,1
58620,58621,2,1,1
58622,58624,3,1,2
58625,58626,2,1,1
58627,58628,2,1,1
58632,58633,2,1,1
58634,58635,2,1,1
58636,58640,5,3,2
58642,58644,3,2,1
58652,58653,2,1,1
58660,58662,3,2,1
58663,58664,2,1,1
58665,58666,2,1,1
58667,58668,2,1,1
58670,58674,5,3,2
58675,58676,2,1,1
58677,58678,2,1,1
58679,58685,7,6,1
58686,58689,4,1,3
58694,58698,5,1,4
58702,58703,2,1,1
58704,58705,2,1,1
58707,58713,7,1,6
58726,58727,2,1,1
58748,58751,4,3,1
58752,58754,3,2,1
58768,58769,2,1,1
58848,58854,7,5,2
58855,58856,2,1,1
58860,58864,5,3,2
58872,58875,4,1,3
58876,58878,3,1,2
58888,58891,4,1,3
58896,58897,2,1,1
58898,58899,2,1,1
58906,58907,2,1,1
58921,58922,2,1,1
58927,58929,3,1,2
58930,58931,2,1,1
58932,58936,5,1,4
58939,58940,2,1,1
58955,58956,2,1,1
58957,58959,3,1,2
58968,58970,3,2,1
58974,58979,6,2,4
59011,59012,2,1,1
59013,59014,2,1,1
59018,59021,4,1,3
59024,59026,3,2,1
59031,59033,3,2,1
59034,59039,6,3,3
59041,59042,2,1,1
59043,59044,2,1,1
59045,59046,2,1,1
59049,59050,2,1,1
59051,59052,2,1,1
59054,59058,5,3,2
59062,59066,5,1,4
59067,59069,3,1,2
59103,59105,3,1,2
59111,59114,4,2,2
59144,59145,2,1,1
59148,59151,4,1,3
59152,59157,6,1,5
59158,59160,3,1,2
59168,59173,6,4,2
59183,59185,3,2,1
59186,59190,5,2,3
59202,59203,2,1,1
59204,59206,3,1,2
59211,59216,6,1,5
59217,59221,5,1,4
59222,59223,2,1,1
59228,59230,3,2,1
59231,59243,13,1,12
59252,59254,3,1,2
59261,59262,2,1,1
59266,59271,6,5,1
59287,59289,3,1,2
59305,59306,2,1,1
59307,59309,3,1,2
59312,59314,3,2,1
59315,59316,2,1,1
59317,59321,5,3,2
59322,59326,5,1,4
59329,59331,3,2,1
59336,59338,3,2,1
59362,59365,4,1,3
59371,59374,4,1,3
59375,59377,3,1,2
59378,59380,3,2,1
59386,59387,2,1,1
59389,59391,3,1,2
59392,59394,3,2,1
59397,59398,2,1,1
59399,59401,3,1,2
59404,59408,5,4,1
59418,59420,3,1,2
59424,59427,4,3,1
59431,59432,2,1,1
59433,59435,3,2,1
59436,59439,4,1,3
59441,59442,2,1,1
59446,59448,3,2,1
59449,59450,2,1,1
59451,59453,3,1,2
59454,59456,3,2,1
59457,59458,2,1,1
59459,59460,2,1,1
59461,59464,4,2,2
59470,59471,2,1,1
59472,59473,2,1,1
59482,59488,7,6,1
59511,59518,8,1,7
59519,59522,4,3,1
59523,59525,3,2,1
59526,59528,3,2,1
59534,59539,6,4,2
59540,59541,2,1,1
59545,59548,4,1,3
59549,59550,2,1,1
59551,59552,2,1,1
59558,59562,5,1,4
59564,59569,6,1,5
59579,59581,3,1,2
59584,59585,2,1,1
59588,59590,3,2,1
59595,59596,2,1,1
59602,59603,2,1,1
59604,59605,2,1,1
59620,59622,3,1,2
59623,59625,3,1,2
59626,59628,3,1,2
59670,59674,5,2,3
59688,59690,3,1,2
59691,59699,9,1,8
59700,59704,5,1,4
59714,59715,2,1,1
59736,59737,2,1,1
59750,59751,2,1,1
59789,59792,4,1,3
59799,59802,4,1,3
59815,59818,4,1,3
59822,59825,4,1,3
59844,59846,3,2,1
59847,59849,3,2,1
59850,59854,5,2,3
59863,59874,12,2,10
59875,59884,10,3,7
59891,59892,2,1,1
59899,59900,2,1,1
59904,59905,2,1,1
59906,59908,3,1,2
59909,59910,2,1,1
59944,59946,3,2,1
59947,59948,2,1,1
59966,59967,2,1,1
60022,60024,3,1,2
60034,60037,4,1,3
60044,60045,2,1,1
60073,60074,2,1,1
60092,60093,2,1,1
60103,60104,2,1,1
60105,60106,2,1,1
60108,60111,4,3,1
60118,60120,3,1,2
60125,60126,2,1,1
60156,60157,2,1,1
60180,60181,2,1,1
60184,60192,9,1,8
60209,60212,4,1,3
60213,60214,2,1,1
60215,60221,7,2,5
60227,60231,5,3,2
60257,60258,2,1,1
60297,60300,4,1,3
60328,60331,4,2,2
60332,60334,3,2,1
60364,60365,2,1,1
60375,60377,3,1,2
60404,60406,3,1,2
60407,60408,2,1,1
60409,60411,3,2,1
60412,60415,4,1,3
60418,60419,2,1,1
60427,60430,4,3,1
60431,60433,3,2,1
60434,60435,2,1,1
60436,60440,5,2,3
60441,60443,3,2,1
60444,60451,8,5,3
60452,60454,3,2,1
60461,60465,5,2,3
60466,60477,12,11,1
60478,60482,5,1,4
60483,60484,2,1,1
60485,60492,8,1,7
60493,60498,6,4,2
60499,60502,4,2,2
60503,60504,2,1,1
60505,60507,3,1,2
60508,60515,8,1,7
60516,60519,4,2,2
60520,60540,21,1,20
60541,60543,3,1,2
60544,60555,12,1,11
60556,60558,3,1,2
60559,60561,3,2,1
60562,60569,8,1,7
60573,60593,21,1,20
60682,60686,5,1,4
60687,60692,6,1,5
60693,60694,2,1,1
60696,60699,4,3,1
60700,60704,5,1,4
60709,60714,6,2,4
60715,60716,2,1,1
60717,60721,5,3,2
60724,60727,4,2,2
60728,60729,2,1,1
60733,60734,2,1,1
60737,60740,4,3,1
60754,60757,4,2,2
60758,60763,6,3,3
60766,60769,4,1,3
60770,60771,2,1,1
60772,60773,2,1,1
60774,60776,3,2,1
60781,60785,5,1,4
60786,60788,3,1,2
60789,60790,2,1,1
60791,60792,2,1,1
60925,60926,2,1,1
60929,60930,2,1,1
60931,60935,5,1,4
60936,60941,6,5,1
60942,60944,3,1,2
60947,60948,2,1,1
60952,60957,6,5,1
60958,60965,8,7,1
60968,60973,6,3,3
60974,60979,6,5,1
60981,60985,5,1,4
60989,60992,4,3,1
61004,61009,6,3,3
61014,61017,4,3,1
61019,61022,4,3,1
61023,61026,4,1,3
61027,61034,8,6,2
61039,61040,2,1,1
61041,61048,8,6,2
61053,61058,6,4,2
61068,61070,3,1,2
61071,61075,5,2,3
61076,61080,5,3,2
61081,61083,3,1,2
61094,61096,3,2,1
61097,61098,2,1,1
61099,61104,6,3,3
61110,61111,2,1,1
61120,61124,5,4,1
61125,61127,3,1,2
61128,61130,3,2,1
61135,61136,2,1,1
61139,61140,2,1,1
61141,61148,8,4,4
61149,61154,6,4,2
61155,61157,3,2,1
61158,61160,3,1,2
61161,61165,5,3,2
61166,61168,3,1,2
61173,61177,5,1,4
61183,61185,3,1,2
61186,61193,8,7,1
61194,61196,3,1,2
61205,61206,2,1,1
61207,61209,3,2,1
61216,61219,4,1,3
61226,61227,2,1,1
61228,61231,4,3,1
61232,61234,3,1,2
61238,61240,3,1,2
61241,61246,6,4,2
61247,61249,3,2,1
61250,61251,2,1,1
61252,61254,3,2,1
61260,61264,5,1,4
61265,61266,2,1,1
61272,61274,3,1,2
61278,61281,4,2,2
61282,61284,3,2,1
61285,61291,7,1,6
61292,61296,5,4,1
61297,61299,3,1,2
61300,61303,4,1,3
61304,61308,5,2,3
61310,61312,3,1,2
61313,61314,2,1,1
61327,61330,4,2,2
61331,61335,5,3,2
61343,61344,2,1,1
61345,61346,2,1,1
61347,61349,3,2,1
61355,61356,2,1,1
61371,61372,2,1,1
61373,61376,4,3,1
61377,61378,2,1,1
61379,61380,2,1,1
61392,61394,3,2,1
61401,61403,3,1,2
61404,61405,2,1,1
61409,61411,3,1,2
61412,61416,5,1,4
61417,61418,2,1,1
61432,61434,3,2,1
61435,61438,4,3,1
61448,61450,3,2,1
61451,61454,4,2,2
61455,61456,2,1,1
61457,61458,2,1,1
61460,61462,3,1,2
61469,61470,2,1,1
61471,61472,2,1,1
61473,61475,3,1,2
61479,61481,3,1,2
61482,61483,2,1,1
61484,61486,3,1,2
61504,61506,3,2,1
61509,61510,2,1,1
61511,61513,3,2,1
61520,61524,5,4,1
61525,61527,3,1,2
61528,61532,5,4,1
61535,61538,4,3,1
61540,61542,3,2,1
61543,61548,6,2,4
61566,61568,3,1,2
61576,61577,2,1,1
61578,61580,3,2,1
61582,61584,3,2,1
61585,61587,3,1,2
61588,61593,6,5,1
61596,61599,4,1,3
61600,61602,3,1,2
61604,61605,2,1,1
61610,61611,2,1,1
61615,61617,3,1,2
61618,61619,2,1,1
61625,61627,3,2,1
61633,61635,3,1,2
61636,61639,4,3,1
61640,61643,4,3,1
61648,61650,3,2,1
61654,61655,2,1,1
61658,61660,3,2,1
61661,61662,2,1,1
61663,61664,2,1,1
61666,61668,3,2,1
61671,61673,3,1,2
61677,61680,4,1,3
61681,61684,4,3,1
61687,61688,2,1,1
61689,61695,7,2,5
61696,61702,7,1,6
61703,61707,5,4,1
61708,61710,3,2,1
61728,61730,3,2,1
61731,61732,2,1,1
61733,61734,2,1,1
61740,61742,3,1,2
61743,61744,2,1,1
61757,61758,2,1,1
61759,61760,2,1,1
61761,61765,5,4,1
61775,61782,8,3,5
61783,61786,4,2,2
61787,61789,3,1,2
61790,61793,4,3,1
61801,61803,3,2,1
61804,61805,2,1,1
61813,61816,4,3,1
61821,61827,7,6,1
61829,61830,2,1,1
61833,61834,2,1,1
61837,61840,4,3,1
61845,61847,3,2,1
61850,61853,4,2,2
61855,61857,3,1,2
61860,61861,2,1,1
61864,61866,3,1,2
61867,61869,3,1,2
61870,61876,7,1,6
61883,61885,3,2,1
61886,61889,4,3,1
61890,61895,6,3,3
61906,61908,3,2,1
61909,61910,2,1,1
61918,61922,5,3,2
61929,61930,2,1,1
61931,61933,3,2,1
61934,61939,6,3,3
61940,61941,2,1,1
61952,61953,2,1,1
61956,61958,3,2,1
61959,61960,2,1,1
61961,61963,3,2,1
61964,61965,2,1,1
61969,61972,4,2,2
61979,61980,2,1,1
61983,61984,2,1,1
61985,61987,3,2,1
61988,61991,4,1,3
61992,61994,3,2,1
61995,61996,2,1,1
62003,62004,2,1,1
62006,62008,3,1,2
62009,62011,3,2,1
62012,62013,2,1,1
62014,62016,3,2,1
62017,62019,3,2,1
62023,62024,2,1,1
62027,62028,2,1,1
62029,62032,4,3,1
62044,62049,6,1,5
62053,62054,2,1,1
62059,62061,3,2,1
62062,62066,5,2,3
62070,62071,2,1,1
62073,62074,2,1,1
62085,62086,2,1,1
62088,62091,4,3,1
62092,62099,8,6,2
62100,62102,3,1,2
62107,62111,5,2,3
62120,62122,3,2,1
62128,62130,3,1,2
62134,62136,3,1,2
62146,62147,2,1,1
62151,62153,3,2,1
62160,62161,2,1,1
62165,62166,2,1,1
62173,62176,4,2,2
62178,62179,2,1,1
62183,62185,3,2,1
62186,62187,2,1,1
62192,62196,5,4,1
62199,62201,3,1,2
62209,62211,3,2,1
62212,62216,5,1,4
62220,62221,2,1,1
62223,62225,3,2,1
62230,62233,4,3,1
62234,62235,2,1,1
62246,62248,3,1,2
62252,62253,2,1,1
62254,62258,5,2,3
62259,62263,5,1,4
62268,62272,5,3,2
62276,62278,3,1,2
62279,62282,4,1,3
62283,62284,2,1,1
62285,62288,4,3,1
62289,62293,5,4,1
62294,62299,6,1,5
62300,62301,2,1,1
62303,62306,4,2,2
62314,62315,2,1,1
62316,62317,2,1,1
62323,62328,6,5,1
62335,62337,3,1,2
62342,62343,2,1,1
62344,62345,2,1,1
62350,62353,4,3,1
62355,62357,3,1,2
62358,62360,3,1,2
62364,62365,2,1,1
62376,62377,2,1,1
62378,62381,4,1,3
62387,62389,3,2,1
62391,62392,2,1,1
62393,62394,2,1,1
62400,62401,2,1,1
62414,62416,3,1,2
62423,62424,2,1,1
62425,62428,4,2,2
62431,62432,2,1,1
62441,62448,8,4,4
62481,62483,3,2,1
62489,62492,4,3,1
62498,62501,4,1,3
62502,62503,2,1,1
62519,62524,6,3,3
62525,62527,3,1,2
62528,62530,3,1,2
62534,62535,2,1,1
62536,62541,6,1,5
62544,62545,2,1,1
62546,62549,4,1,3
62563,62569,7,6,1
62570,62572,3,2,1
62593,62595,3,2,1
62600,62604,5,2,3
62608,62613,6,3,3
62616,62618,3,2,1
62622,62623,2,1,1
62624,62625,2,1,1
62632,62634,3,1,2
62640,62643,4,3,1
62657,62661,5,2,3
62670,62672,3,1,2
62673,62674,2,1,1
62676,62678,3,1,2
62679,62681,3,2,1
62682,62683,2,1,1
62684,62686,3,2,1
62687,62693,7,1,6
62694,62695,2,1,1
62702,62705,4,1,3
62706,62709,4,3,1
62710,62711,2,1,1
62714,62715,2,1,1
62729,62731,3,1,2
62740,62741,2,1,1
62742,62743,2,1,1
62744,62748,5,1,4
62756,62758,3,2,1
62759,62760,2,1,1
62766,62767,2,1,1
62774,62775,2,1,1
62778,62780,3,1,2
62783,62787,5,4,1
62789,62790,2,1,1
62791,62793,3,2,1
62794,62796,3,2,1
62797,62799,3,1,2
62804,62806,3,1,2
62807,62808,2,1,1
62810,62811,2,1,1
62824,62826,3,1,2
62827,62829,3,1,2
62830,62831,2,1,1
62841,62844,4,2,2
62862,62865,4,1,3
62876,62879,4,1,3
62880,62881,2,1,1
62884,62886,3,1,2
62887,62890,4,3,1
62891,62892,2,1,1
62906,62907,2,1,1
62914,62919,6,5,1
62920,62921,2,1,1
62926,62928,3,2,1
62938,62941,4,3,1
62954,62959,6,3,3
62960,62961,2,1,1
62965,62969,5,1,4
62983,62984,2,1,1
62985,62988,4,3,1
62989,62993,5,1,4
63004,63008,5,1,4
63013,63015,3,1,2
63018,63021,4,1,3
63022,63025,4,1,3
63027,63031,5,2,3
63032,63033,2,1,1
63042,63044,3,1,2
63046,63047,2,1,1
63051,63052,2,1,1
63065,63068,4,2,2
63072,63075,4,3,1
63076,63077,2,1,1
63090,63092,3,2,1
63102,63104,3,1,2
63128,63129,2,1,1
63135,63137,3,1,2
63145,63146,2,1,1
63149,63153,5,3,2
63154,63156,3,2,1
63157,63160,4,1,3
63169,63170,2,1,1
63171,63176,6,2,4
63177,63178,2,1,1
63195,63198,4,3,1
63202,63209,8,1,7
63217,63221,5,3,2
63231,63234,4,2,2
63235,63237,3,1,2
63242,63244,3,1,2
63252,63257,6,2,4
63271,63272,2,1,1
63277,63278,2,1,1
63286,63287,2,1,1
63288,63290,3,1,2
63291,63292,2,1,1
63293,63296,4,3,1
63301,63303,3,1,2
63304,63306,3,1,2
63314,63317,4,1,3
63321,63322,2,1,1
63334,63336,3,1,2
63340,63344,5,3,2
63345,63347,3,2,1
63351,63354,4,1,3
63359,63360,2,1,1
63369,63372,4,2,2
63373,63374,2,1,1
63376,63378,3,1,2
63379,63382,4,1,3
63383,63386,4,1,3
63387,63389,3,1,2
63390,63394,5,3,2
63395,63397,3,1,2
63402,63405,4,2,2
63406,63408,3,2,1
63413,63415,3,1,2
63424,63425,2,1,1
63426,63430,5,1,4
63436,63440,5,2,3
63442,63444,3,2,1
63445,63448,4,3,1
63453,63455,3,1,2
63462,63466,5,1,4
63467,63471,5,3,2
63475,63477,3,2,1
63487,63488,2,1,1
63495,63496,2,1,1
63507,63510,4,1,3
63511,63514,4,1,3
63516,63517,2,1,1
63518,63520,3,1,2
63521,63522,2,1,1
63526,63531,6,1,5
63534,63535,2,1,1
63536,63537,2,1,1
63549,63555,7,3,4
63557,63562,6,1,5
63565,63567,3,2,1
63568,63569,2,1,1
63572,63574,3,2,1
63575,63577,3,2,1
63581,63585,5,2,3
63587,63589,3,1,2
63590,63592,3,2,1
63598,63601,4,1,3
63602,63604,3,1,2
63608,63611,4,2,2
63612,63615,4,2,2
63621,63622,2,1,1
63629,63633,5,4,1
63634,63637,4,2,2
63643,63645,3,1,2
63649,63650,2,1,1
63667,63668,2,1,1
63671,63672,2,1,1
63673,63676,4,2,2
63681,63682,2,1,1
63693,63697,5,2,3
63698,63706,9,5,4
63714,63716,3,2,1
63732,63733,2,1,1
63737,63738,2,1,1
63739,63740,2,1,1
63741,63744,4,1,3
63747,63748,2,1,1
63753,63755,3,2,1
63779,63780,2,1,1
63788,63791,4,2,2
63794,63796,3,1,2
63803,63806,4,3,1
63807,63809,3,2,1
63816,63819,4,3,1
63820,63821,2,1,1
63822,63823,2,1,1
63833,63834,2,1,1
63835,63836,2,1,1
63840,63843,4,1,3
63845,63847,3,2,1
63848,63849,2,1,1
63860,63863,4,2,2
63866,63867,2,1,1
63876,63877,2,1,1
63882,63883,2,1,1
63895,63896,2,1,1
63899,63900,2,1,1
63901,63905,5,4,1
63906,63907,2,1,1
63908,63910,3,1,2
63918,63921,4,2,2
63922,63925,4,2,2
63933,63936,4,1,3
63937,63940,4,1,3
63941,63942,2,1,1
63943,63946,4,3,1
63951,63952,2,1,1
63962,63965,4,3,1
63974,63976,3,1,2
63987,63990,4,1,3
64002,64004,3,2,1
64014,64017,4,3,1
64018,64019,2,1,1
64023,64024,2,1,1
64030,64032,3,1,2
64035,64037,3,1,2
64039,64043,5,3,2
64044,64046,3,2,1
64063,64064,2,1,1
64066,64067,2,1,1
64068,64070,3,1,2
64075,64076,2,1,1
64082,64085,4,2,2
64091,64095,5,2,3
64096,64097,2,1,1
64115,64117,3,1,2
64122,64123,2,1,1
64124,64128,5,2,3
64129,64133,5,2,3
64146,64152,7,5,2
64162,64166,5,2,3
64173,64174,2,1,1
64177,64178,2,1,1
64179,64181,3,1,2
64182,64183,2,1,1
64186,64189,4,2,2
64197,64199,3,1,2
64202,64205,4,3,1
64206,64208,3,1,2
64211,64212,2,1,1
64219,64220,2,1,1
64221,64223,3,2,1
64224,64230,7,5,2
64231,64236,6,2,4
64238,64239,2,1,1
64243,64246,4,2,2
64258,64259,2,1,1
64263,64264,2,1,1
64269,64271,3,2,1
64278,64279,2,1,1
64285,64287,3,2,1
64288,64290,3,2,1
64291,64292,2,1,1
64298,64300,3,1,2
64302,64304,3,1,2
64305,64306,2,1,1
64309,64310,2,1,1
64318,64323,6,5,1
64331,64332,2,1,1
64334,64336,3,2,1
64341,64343,3,1,2
64351,64357,7,1,6
64358,64360,3,1,2
64361,64362,2,1,1
64363,64364,2,1,1
64366,64367,2,1,1
64373,64376,4,2,2
64378,64380,3,1,2
64385,64391,7,2,5
64392,64395,4,1,3
64396,64400,5,1,4
64401,64403,3,2,1
64406,64409,4,3,1
64410,64413,4,2,2
64421,64424,4,3,1
64439,64441,3,1,2
64443,64450,8,2,6
64454,64458,5,1,4
64465,64466,2,1,1
64480,64482,3,2,1
64495,64499,5,3,2
64500,64502,3,1,2
64516,64517,2,1,1
64518,64520,3,1,2
64521,64525,5,1,4
64527,64529,3,2,1
64530,64531,2,1,1
64532,64534,3,1,2
64540,64543,4,1,3
64549,64550,2,1,1
64552,64555,4,3,1
64563,64565,3,1,2
64569,64571,3,1,2
64581,64583,3,1,2
64591,64594,4,1,3
64608,64611,4,1,3
64617,64621,5,2,3
64630,64632,3,2,1
64649,64651,3,2,1
64652,64653,2,1,1
64656,64658,3,1,2
64665,64668,4,2,2
64669,64670,2,1,1
64671,64672,2,1,1
64675,64677,3,2,1
64689,64692,4,3,1
64695,64697,3,2,1
64698,64703,6,3,3
64714,64716,3,1,2
64717,64720,4,1,3
64728,64729,2,1,1
64737,64742,6,1,5
64745,64748,4,1,3
64749,64751,3,1,2
64777,64781,5,1,4
64782,64784,3,2,1
64789,64790,2,1,1
64791,64792,2,1,1
64793,64796,4,1,3
64822,64823,2,1,1
64824,64825,2,1,1
64826,64828,3,1,2
64830,64832,3,1,2
64840,64841,2,1,1
64842,64843,2,1,1
64852,64854,3,2,1
64855,64857,3,2,1
64858,64859,2,1,1
64864,64866,3,1,2
64867,64870,4,2,2
64885,64887,3,2,1
64896,64898,3,2,1
64899,64900,2,1,1
64901,64902,2,1,1
64903,64904,2,1,1
64905,64907,3,1,2
64908,64909,2,1,1
64914,64916,3,2,1
64919,64920,2,1,1
64924,64926,3,2,1
64929,64930,2,1,1
64932,64933,2,1,1
64937,64945,9,8,1
64950,64952,3,1,2
64954,64955,2,1,1
64956,64957,2,1,1
64958,64960,3,2,1
64961,64964,4,1,3
64969,64972,4,3,1
64973,64974,2,1,1
64988,64991,4,1,3
64994,64995,2,1,1
64998,65002,5,3,2
65003,65004,2,1,1
65011,65014,4,3,1
65022,65027,6,4,2
65035,65037,3,1,2
65047,65048,2,1,1
65049,65052,4,1,3
65054,65057,4,1,3
65061,65063,3,1,2
65064,65065,2,1,1
65077,65079,3,1,2
65084,65085,2,1,1
65087,65088,2,1,1
65091,65092,2,1,1
65099,65100,2,1,1
65103,65106,4,2,2
65111,65112,2,1,1
65120,65121,2,1,1
65127,65131,5,3,2
65135,65137,3,1,2
65146,65147,2,1,1
65166,65167,2,1,1
65168,65169,2,1,1
65185,65186,2,1,1
65188,65189,2,1,1
65190,65192,3,2,1
65197,65199,3,1,2
65204,65207,4,2,2
65210,65213,4,1,3
65230,65233,4,3,1
65250,65254,5,1,4
65257,65258,2,1,1
65270,65271,2,1,1
65272,65275,4,3,1
65278,65279,2,1,1
65283,65286,4,2,2
65298,65301,4,1,3
65309,65311,3,1,2
65312,65313,2,1,1
65316,65317,2,1,1
65321,65323,3,1,2
65336,65341,6,5,1
65348,65351,4,1,3
65352,65356,5,2,3
65360,65361,2,1,1
65376,65382,7,6,1
65386,65389,4,1,3
65394,65395,2,1,1
65403,65404,2,1,1
65405,65408,4,2,2
65409,65410,2,1,1
65416,65418,3,1,2
65420,65422,3,1,2
65423,65426,4,1,3
65429,65433,5,1,4
65438,65439,2,1,1
65447,65453,7,1,6
65463,65466,4,1,3
65469,65471,3,1,2
65472,65473,2,1,1
65478,65482,5,4,1
65483,65488,6,3,3
65505,65508,4,1,3
65509,65510,2,1,1
65513,65514,2,1,1
65518,65521,4,3,1
65530,65532,3,1,2
65533,65534,2,1,1
65535,65536,2,1,1
65538,65543,6,2,4
65548,65550,3,2,1
65551,65554,4,3,1
65555,65557,3,1,2
65558,65559,2,1,1
65560,65561,2,1,1
65562,65565,4,2,2
65576,65577,2,1,1
65580,65582,3,2,1
65583,65585,3,2,1
65591,65592,2,1,1
65596,65598,3,1,2
65600,65609,10,9,1
65611,65613,3,1,2
65621,65624,4,1,3
65632,65633,2,1,1
65648,65649,2,1,1
65655,65658,4,1,3
65664,65665,2,1,1
65670,65673,4,1,3
65688,65691,4,2,2
65692,65693,2,1,1
65700,65702,3,2,1
65703,65704,2,1,1
65705,65707,3,1,2
65715,65716,2,1,1
65718,65721,4,2,2
65723,65725,3,2,1
65726,65730,5,2,3
65735,65736,2,1,1
65745,65748,4,1,3
65756,65760,5,2,3
65761,65762,2,1,1
65767,65770,4,1,3
65774,65776,3,1,2
65781,65783,3,1,2
65790,65791,2,1,1
65812,65814,3,2,1
65822,65823,2,1,1
65829,65830,2,1,1
65831,65832,2,1,1
65843,65844,2,1,1
65851,65854,4,2,2
65865,65871,7,1,6
65874,65875,2,1,1
65881,65887,7,1,6
65918,65919,2,1,1
65935,65936,2,1,1
65946,65950,5,4,1
65951,65952,2,1,1
65953,65956,4,2,2
65965,65966,2,1,1
65972,65976,5,1,4
65981,65985,5,2,3
65987,65988,2,1,1
65989,65990,2,1,1
66008,66009,2,1,1
66030,66035,6,2,4
66036,66040,5,1,4
66049,66052,4,3,1
66056,66059,4,1,3
66060,66061,2,1,1
66075,66077,3,1,2
66092,66093,2,1,1
66117,66120,4,3,1
66123,66125,3,1,2
66131,66132,2,1,1
66134,66135,2,1,1
66137,66138,2,1,1
66143,66145,3,1,2
66146,66148,3,2,1
66163,66164,2,1,1
66174,66176,3,2,1
66178,66185,8,4,4
66187,66188,2,1,1
66192,66194,3,2,1
66195,66200,6,1,5
66206,66207,2,1,1
66226,66230,5,2,3
66234,66238,5,2,3
66243,66244,2,1,1
66247,66248,2,1,1
66249,66251,3,2,1
66255,66257,3,1,2
66268,66271,4,3,1
66272,66276,5,4,1
66277,66279,3,1,2
66283,66284,2,1,1
66285,66288,4,3,1
66320,66322,3,1,2
66323,66324,2,1,1
66329,66332,4,3,1
66344,66346,3,1,2
66347,66348,2,1,1
66354,66355,2,1,1
66358,66362,5,3,2
66366,66369,4,2,2
66372,66373,2,1,1
66405,66406,2,1,1
66409,66411,3,1,2
66418,66421,4,2,2
66427,66429,3,1,2
66434,66435,2,1,1
66436,66438,3,1,2
66442,66444,3,1,2
66447,66449,3,2,1
66452,66454,3,2,1
66463,66465,3,2,1
66476,66477,2,1,1
66482,66484,3,1,2
66485,66486,2,1,1
66487,66490,4,1,3
66491,66492,2,1,1
66505,66506,2,1,1
66509,66511,3,2,1
66517,66518,2,1,1
66519,66521,3,1,2
66522,66523,2,1,1
66524,66527,4,1,3
66529,66533,5,3,2
66534,66535,2,1,1
66536,66538,3,1,2
66550,66551,2,1,1
66554,66557,4,1,3
66558,66559,2,1,1
66560,66562,3,2,1
66565,66566,2,1,1
66576,66581,6,1,5
66588,66589,2,1,1
66590,66591,2,1,1
66597,66598,2,1,1
66602,66604,3,1,2
66618,66619,2,1,1
66621,66622,2,1,1
66623,66626,4,2,2
66644,66646,3,2,1
66653,66655,3,1,2
66656,66657,2,1,1
66660,66661,2,1,1
66675,66676,2,1,1
66682,66686,5,2,3
66688,66689,2,1,1
66695,66696,2,1,1
66700,66701,2,1,1
66702,66705,4,2,2
66706,66707,2,1,1
66712,66713,2,1,1
66714,66715,2,1,1
66721,66722,2,1,1
66732,66734,3,1,2
66735,66737,3,1,2
66741,66743,3,1,2
66755,66759,5,4,1
66762,66766,5,2,3
66767,66768,2,1,1
66771,66772,2,1,1
66784,66785,2,1,1
66791,66792,2,1,1
66794,66795,2,1,1
66803,66809,7,5,2
66813,66814,2,1,1
66817,66818,2,1,1
66829,66832,4,1,3
66833,66836,4,1,3
66845,66848,4,1,3
66865,66868,4,2,2
66890,66892,3,1,2
66893,66894,2,1,1
66901,66903,3,1,2
66904,66906,3,2,1
66917,66918,2,1,1
66934,66935,2,1,1
66936,66939,4,2,2
66940,66941,2,1,1
66942,66944,3,1,2
66950,66951,2,1,1
66956,66958,3,2,1
66964,66972,9,8,1
66973,66976,4,3,1
66981,66985,5,1,4
66986,66989,4,1,3
66996,66998,3,2,1
67001,67004,4,1,3
67005,67008,4,2,2
67013,67014,2,1,1
67015,67020,6,1,5
67021,67024,4,3,1
67046,67048,3,2,1
67049,67052,4,2,2
67053,67057,5,1,4
67068,67070,3,1,2
67073,67075,3,1,2
67081,67082,2,1,1
67095,67098,4,1,3
67100,67104,5,1,4
67107,67109,3,1,2
67112,67114,3,1,2
67115,67118,4,2,2
67122,67123,2,1,1
67124,67128,5,4,1
67133,67134,2,1,1
67137,67139,3,1,2
67141,67143,3,1,2
67154,67157,4,3,1
67159,67163,5,3,2
67172,67177,6,2,4
67178,67181,4,3,1
67182,67184,3,1,2
67187,67188,2,1,1
67199,67206,8,5,3
67209,67210,2,1,1
67214,67218,5,2,3
67224,67227,4,1,3
67229,67230,2,1,1
67232,67233,2,1,1
67235,67240,6,2,4
67241,67242,2,1,1
67245,67247,3,1,2
67248,67251,4,1,3
67253,67254,2,1,1
67260,67261,2,1,1
67265,67268,4,1,3
67270,67272,3,1,2
67273,67275,3,1,2
67279,67282,4,1,3
67303,67308,6,3,3
67309,67311,3,2,1
67313,67314,2,1,1
67316,67317,2,1,1
67323,67326,4,2,2
67339,67345,7,1,6
67352,67353,2,1,1
67357,67360,4,3,1
67361,67365,5,2,3
67378,67381,4,2,2
67394,67396,3,2,1
67397,67399,3,1,2
67400,67403,4,1,3
67406,67409,4,1,3
67413,67415,3,2,1
67418,67420,3,1,2
67421,67423,3,1,2
67430,67432,3,1,2
67454,67456,3,1,2
67458,67460,3,2,1
67461,67463,3,1,2
67472,67474,3,2,1
67477,67482,6,1,5
67483,67485,3,2,1
67486,67487,2,1,1
67489,67492,4,2,2
67493,67496,4,2,2
67517,67520,4,1,3
67521,67525,5,2,3
67526,67528,3,1,2
67529,67530,2,1,1
67531,67537,7,2,5
67538,67539,2,1,1
67561,67562,2,1,1
67571,67573,3,2,1
67575,67576,2,1,1
67585,67587,3,1,2
67592,67594,3,2,1
67608,67611,4,2,2
67612,67614,3,1,2
67615,67620,6,5,1
67621,67622,2,1,1
67640,67642,3,1,2
67643,67648,6,4,2
67659,67661,3,1,2
67663,67668,6,2,4
67669,67670,2,1,1
67675,67678,4,1,3
67681,67684,4,2,2
67685,67687,3,2,1
67688,67692,5,2,3
67693,67694,2,1,1
67695,67698,4,1,3
67699,67700,2,1,1
67701,67707,7,1,6
67708,67712,5,4,1
67713,67715,3,1,2
67716,67720,5,2,3
67728,67729,2,1,1
67730,67732,3,2,1
67733,67735,3,1,2
67737,67739,3,1,2
67740,67743,4,2,2
67754,67756,3,1,2
67770,67771,2,1,1
67774,67776,3,1,2
67797,67799,3,1,2
67810,67812,3,1,2
67814,67815,2,1,1
67821,67824,4,1,3
67825,67826,2,1,1
67837,67839,3,1,2
67842,67845,4,1,3
67847,67853,7,1,6
67854,67855,2,1,1
67856,67857,2,1,1
67870,67872,3,2,1
67883,67884,2,1,1
67886,67887,2,1,1
67896,67899,4,1,3
67900,67901,2,1,1
67917,67920,4,2,2
67921,67923,3,1,2
67930,67931,2,1,1
67936,67937,2,1,1
67938,67939,2,1,1
67951,67952,2,1,1
67960,67961,2,1,1
67964,67965,2,1,1
67970,67973,4,2,2
67974,67975,2,1,1
67979,67982,4,2,2
67989,67992,4,3,1
67997,68000,4,1,3
68019,68021,3,2,1
68028,68029,2,1,1
68030,68031,2,1,1
68034,68035,2,1,1
68036,68038,3,1,2
68039,68040,2,1,1
68046,68048,3,1,2
68055,68057,3,1,2
68058,68059,2,1,1
68067,68069,3,1,2
68074,68075,2,1,1
68094,68095,2,1,1
68098,68099,2,1,1
68101,68105,5,1,4
68106,68107,2,1,1
68112,68113,2,1,1
68122,68125,4,1,3
68126,68129,4,1,3
68136,68138,3,2,1
68139,68140,2,1,1
68143,68146,4,1,3
68152,68154,3,1,2
68155,68157,3,1,2
68158,68159,2,1,1
68167,68168,2,1,1
68171,68174,4,2,2
68185,68186,2,1,1
68190,68192,3,1,2
68196,68198,3,1,2
68212,68213,2,1,1
68215,68216,2,1,1
68219,68221,3,2,1
68234,68238,5,2,3
68241,68242,2,1,1
68244,68250,7,1,6
68266,68267,2,1,1
68271,68272,2,1,1
68276,68278,3,1,2
68287,68290,4,3,1
68293,68295,3,1,2
68300,68302,3,2,1
68303,68304,2,1,1
68316,68318,3,1,2
68321,68322,2,1,1
68324,68325,2,1,1
68333,68334,2,1,1
68344,68345,2,1,1
68346,68347,2,1,1
68354,68355,2,1,1
68356,68357,2,1,1
68359,68360,2,1,1
68362,68363,2,1,1
68365,68366,2,1,1
68367,68371,5,2,3
68372,68376,5,1,4
68379,68380,2,1,1
68384,68385,2,1,1
68390,68392,3,1,2
68404,68405,2,1,1
68406,68408,3,1,2
68416,68417,2,1,1
68424,68428,5,1,4
68455,68458,4,2,2
68464,68466,3,2,1
68470,68472,3,2,1
68473,68474,2,1,1
68480,68482,3,2,1
68483,68485,3,1,2
68495,68496,2,1,1
68497,68498,2,1,1
68501,68505,5,1,4
68509,68514,6,5,1
68521,68522,2,1,1
68527,68528,2,1,1
68531,68532,2,1,1
68536,68539,4,2,2
68555,68556,2,1,1
68558,68560,3,1,2
68590,68592,3,2,1
68594,68597,4,2,2
68602,68604,3,2,1
68606,68608,3,1,2
68618,68623,6,1,5
68624,68625,2,1,1
68631,68633,3,2,1
68637,68639,3,1,2
68644,68647,4,3,1
68661,68666,6,3,3
68667,68669,3,2,1
68670,68673,4,3,1
68679,68685,7,2,5
68686,68687,2,1,1
68692,68694,3,2,1
68705,68706,2,1,1
68711,68712,2,1,1
68713,68714,2,1,1
68736,68737,2,1,1
68738,68740,3,1,2
68741,68742,2,1,1
68754,68757,4,2,2
68761,68763,3,2,1
68764,68765,2,1,1
68766,68769,4,1,3
68772,68773,2,1,1
68780,68782,3,1,2
68787,68791,5,2,3
68794,68797,4,1,3
68806,68807,2,1,1
68811,68813,3,2,1
68814,68819,6,5,1
68820,68822,3,2,1
68836,68839,4,1,3
68840,68843,4,2,2
68853,68856,4,3,1
68859,68861,3,1,2
68866,68870,5,2,3
68873,68875,3,1,2
68881,68883,3,2,1
68884,68887,4,2,2
68894,68898,5,1,4
68908,68910,3,1,2
68917,68920,4,3,1
68925,68927,3,2,1
68928,68931,4,2,2
68956,68959,4,2,2
68961,68964,4,3,1
68975,68976,2,1,1
68979,68980,2,1,1
68981,68983,3,1,2
68986,68989,4,1,3
69000,69004,5,3,2
69011,69013,3,1,2
69015,69018,4,3,1
69022,69023,2,1,1
69031,69032,2,1,1
69036,69037,2,1,1
69038,69040,3,1,2
69049,69050,2,1,1
69051,69054,4,1,3
69078,69082,5,4,1
69087,69091,5,3,2
69092,69095,4,1,3
69099,69101,3,2,1
69103,69104,2,1,1
69122,69123,2,1,1
69124,69126,3,2,1
69129,69131,3,1,2
69132,69133,2,1,1
69134,69136,3,2,1
69141,69144,4,1,3
69148,69150,3,2,1
69160,69163,4,1,3
69164,69170,7,1,6
69175,69177,3,1,2
69193,69194,2,1,1
69197,69201,5,3,2
69202,69204,3,1,2
69205,69207,3,1,2
69210,69214,5,3,2
69225,69226,2,1,1
69240,69245,6,1,5
69246,69247,2,1,1
69251,69253,3,1,2
69260,69261,2,1,1
69262,69264,3,2,1
69271,69274,4,3,1
69290,69292,3,1,2
69298,69301,4,3,1
69302,69303,2,1,1
69305,69308,4,1,3
69318,69319,2,1,1
69320,69321,2,1,1
69322,69323,2,1,1
69324,69326,3,2,1
69333,69334,2,1,1
69337,69338,2,1,1
69342,69343,2,1,1
69351,69353,3,2,1
69367,69373,7,3,4
69375,69376,2,1,1
69386,69389,4,2,2
69390,69392,3,1,2
69393,69394,2,1,1
69409,69410,2,1,1
69411,69412,2,1,1
69413,69418,6,3,3
69430,69431,2,1,1
69440,69442,3,1,2
69443,69446,4,1,3
69447,69453,7,1,6
69459,69462,4,1,3
69464,69471,8,7,1
69472,69474,3,1,2
69477,69478,2,1,1
69494,69495,2,1,1
69505,69508,4,2,2
69513,69514,2,1,1
69518,69519,2,1,1
69520,69524,5,3,2
69530,69532,3,2,1
69538,69541,4,2,2
69552,69553,2,1,1
69558,69563,6,1,5
69568,69569,2,1,1
69571,69573,3,2,1
69577,69578,2,1,1
69579,69580,2,1,1
69586,69588,3,1,2
69595,69597,3,2,1
69601,69604,4,2,2
69605,69607,3,2,1
69617,69619,3,1,2
69622,69623,2,1,1
69625,69626,2,1,1
69627,69628,2,1,1
69640,69641,2,1,1
69645,69646,2,1,1
69649,69653,5,3,2
69654,69655,2,1,1
69656,69658,3,2,1
69684,69685,2,1,1
69686,69687,2,1,1
69689,69690,2,1,1
69691,69693,3,2,1
69701,69702,2,1,1
69704,69706,3,1,2
69725,69727,3,2,1
69733,69734,2,1,1
69735,69736,2,1,1
69737,69739,3,2,1
69742,69743,2,1,1
69744,69747,4,1,3
69751,69752,2,1,1
69760,69763,4,3,1
69766,69767,2,1,1
69778,69781,4,2,2
69790,69793,4,1,3
69797,69798,2,1,1
69801,69802,2,1,1
69811,69812,2,1,1
69815,69817,3,2,1
69818,69821,4,3,1
69822,69824,3,1,2
69830,69833,4,2,2
69840,69845,6,4,2
69849,69850,2,1,1
69853,69854,2,1,1
69860,69863,4,3,1
69873,69874,2,1,1
69889,69891,3,1,2
69892,69894,3,2,1
69898,69899,2,1,1
69904,69906,3,2,1
69923,69929,7,4,3
69930,69933,4,3,1
69937,69940,4,3,1
69941,69945,5,1,4
69946,69948,3,1,2
69956,69957,2,1,1
69962,69964,3,2,1
69967,69968,2,1,1
69969,69972,4,2,2
69976,69978,3,1,2
69979,69980,2,1,1
69984,69986,3,1,2
69987,69989,3,2,1
69990,69991,2,1,1
69997,70001,5,1,4
70007,70010,4,2,2
70023,70024,2,1,1
70025,70026,2,1,1
70030,70033,4,2,2
70052,70055,4,1,3
70056,70057,2,1,1
70075,70076,2,1,1
70078,70079,2,1,1
70086,70088,3,2,1
70090,70092,3,2,1
70099,70102,4,1,3
70110,70114,5,1,4
70118,70120,3,2,1
70124,70125,2,1,1
70130,70131,2,1,1
70132,70133,2,1,1
70134,70136,3,1,2
70137,70139,3,2,1
70141,70142,2,1,1
70143,70144,2,1,1
70145,70148,4,2,2
70168,70169,2,1,1
70189,70192,4,2,2
70196,70198,3,1,2
70218,70221,4,2,2
70225,70226,2,1,1
70229,70233,5,1,4
70240,70244,5,2,3
70245,70248,4,1,3
70249,70250,2,1,1
70251,70253,3,1,2
70254,70261,8,2,6
70267,70269,3,1,2
70276,70277,2,1,1
70278,70281,4,1,3
70282,70283,2,1,1
70285,70286,2,1,1
70287,70289,3,2,1
70292,70293,2,1,1
70294,70297,4,1,3
70299,70308,10,2,8
70309,70310,2,1,1
70311,70312,2,1,1
70313,70319,7,2,5
70320,70325,6,2,4
70327,70330,4,1,3
70336,70337,2,1,1
70338,70342,5,1,4
70343,70349,7,3,4
70350,70351,2,1,1
70352,70353,2,1,1
70354,70356,3,1,2
70357,70363,7,1,6
70364,70366,3,2,1
70367,70368,2,1,1
70369,70373,5,3,2
70378,70382,5,4,1
70395,70397,3,1,2
70427,70436,10,2,8
70437,70440,4,1,3
70441,70446,6,2,4
70474,70475,2,1,1
70509,70514,6,1,5
70523,70524,2,1,1
70525,70531,7,2,5
70532,70544,13,1,12
70545,70548,4,1,3
70553,70554,2,1,1
70558,70560,3,1,2
70563,70564,2,1,1
70570,70572,3,1,2
70573,70581,9,2,7
70582,70587,6,1,5
70590,70592,3,1,2
70593,70595,3,1,2
70601,70605,5,1,4
70606,70616,11,2,9
70617,70619,3,1,2
70620,70622,3,2,1
70623,70627,5,2,3
70631,70634,4,1,3
70635,70637,3,1,2
70644,70645,2,1,1
70652,70662,11,1,10
70672,70674,3,1,2
70675,70680,6,1,5
70682,70684,3,2,1
70685,70686,2,1,1
70692,70695,4,2,2
70696,70697,2,1,1
70707,70710,4,2,2
70712,70715,4,1,3
70716,70722,7,1,6
70736,70737,2,1,1
70750,70753,4,1,3
70754,70756,3,2,1
70759,70762,4,1,3
70763,70766,4,1,3
70767,70768,2,1,1
70769,70772,4,1,3
70777,70778,2,1,1
70780,70781,2,1,1
70782,70787,6,1,5
70809,70931,123,121,2
70932,70934,3,1,2
70940,70948,9,3,6
70949,70953,5,3,2
70955,70956,2,1,1
70960,70963,4,1,3
70964,70965,2,1,1
70975,70977,3,1,2
70979,70987,9,1,8
70988,70991,4,1,3
71021,71024,4,1,3
71025,71028,4,1,3
71033,71039,7,2,5
71049,71050,2,1,1
71051,71057,7,1,6
71086,71088,3,1,2
71091,71097,7,1,6
71098,71103,6,1,5
71104,71108,5,4,1
71117,71120,4,1,3
71136,71138,3,2,1
71139,71140,2,1,1
71141,71144,4,2,2
71145,71148,4,1,3
71152,71158,7,1,6
71165,71166,2,1,1
71167,71170,4,1,3
71177,71181,5,1,4
71182,71195,14,3,11
71200,71203,4,2,2
71204,71206,3,1,2
71228,71230,3,1,2
71231,71232,2,1,1
71233,71236,4,1,3
71237,71238,2,1,1
71239,71242,4,1,3
71255,71258,4,1,3
71259,71262,4,2,2
71268,71269,2,1,1
71270,71271,2,1,1
71275,71276,2,1,1
71281,71284,4,1,3
71285,71288,4,3,1
71297,71300,4,1,3
71301,71304,4,1,3
71326,71328,3,1,2
71337,71340,4,1,3
71355,71357,3,1,2
71363,71369,7,1,6
71371,71373,3,2,1
71377,71381,5,4,1
71382,71384,3,1,2
71385,71386,2,1,1
71395,71396,2,1,1
71414,71416,3,1,2
71419,71424,6,1,5
71433,71435,3,1,2
71437,71438,2,1,1
71439,71442,4,1,3
71445,71446,2,1,1
71447,71448,2,1,1
71449,71454,6,1,5
71463,71464,2,1,1
71465,71467,3,2,1
71468,71469,2,1,1
71470,71471,2,1,1
71472,71473,2,1,1
71474,71477,4,2,2
71493,71494,2,1,1
71495,71496,2,1,1
71499,71502,4,1,3
71503,71509,7,1,6
71510,71511,2,1,1
71512,71516,5,1,4
71517,71518,2,1,1
71520,71521,2,1,1
71528,71529,2,1,1
71530,71533,4,1,3
71544,71545,2,1,1
71558,71560,3,1,2
71561,71566,6,1,5
71577,71579,3,1,2
71592,71596,5,1,4
71597,71599,3,1,2
71604,71609,6,1,5
71614,71615,2,1,1
71622,71624,3,1,2
71625,71626,2,1,1
71627,71634,8,1,7
71635,71637,3,1,2
71650,71657,8,2,6
71660,71661,2,1,1
71665,71667,3,2,1
71668,71671,4,3,1
71675,71677,3,1,2
71678,71679,2,1,1
71684,71686,3,2,1
71688,71689,2,1,1
71697,71698,2,1,1
71699,71700,2,1,1
71703,71706,4,1,3
71707,71711,5,1,4
71712,71715,4,1,3
71717,71721,5,2,3
71728,71733,6,3,3
71741,71747,7,2,5
71748,71750,3,1,2
71751,71753,3,2,1
71756,71759,4,1,3
71762,71767,6,1,5
71789,71794,6,1,5
71798,71803,6,1,5
71810,71813,4,3,1
71814,71820,7,2,5
71821,71822,2,1,1
71823,71824,2,1,1
71827,71829,3,2,1
71843,71849,7,1,6
71850,71851,2,1,1
71852,71854,3,1,2
71856,71858,3,2,1
71859,71864,6,1,5
71865,71867,3,1,2
71874,71876,3,1,2
71877,71879,3,1,2
71880,71881,2,1,1
71888,71891,4,2,2
71921,71922,2,1,1
71927,71929,3,1,2
71931,71935,5,1,4
71946,71947,2,1,1
71949,71951,3,1,2
71959,71961,3,1,2
71962,71967,6,2,4
71969,71970,2,1,1
71976,71978,3,2,1
71979,71980,2,1,1
71985,71986,2,1,1
71987,71988,2,1,1
71993,71996,4,1,3
71997,71998,2,1,1
71999,72001,3,2,1
72002,72004,3,2,1
72027,72029,3,1,2
72030,72033,4,1,3
72034,72036,3,2,1
72037,72045,9,1,8
72053,72057,5,1,4
72067,72074,8,3,5
72083,72086,4,1,3
72087,72088,2,1,1
72093,72094,2,1,1
72095,72097,3,1,2
72101,72102,2,1,1
72103,72106,4,1,3
72110,72111,2,1,1
72112,72116,5,1,4
72117,72119,3,1,2
72126,72131,6,1,5
72135,72138,4,1,3
72152,72153,2,1,1
72160,72163,4,1,3
72164,72167,4,1,3
72168,72171,4,1,3
72175,72176,2,1,1
72177,72179,3,1,2
72180,72184,5,2,3
72193,72196,4,1,3
72197,72198,2,1,1
72210,72212,3,1,2
72218,72219,2,1,1
72220,72226,7,2,5
72228,72230,3,1,2
72235,72236,2,1,1
72242,72245,4,1,3
72249,72256,8,1,7
72263,72264,2,1,1
72276,72281,6,1,5
72282,72286,5,2,3
72287,72290,4,1,3
72293,72295,3,1,2
72296,72298,3,1,2
72306,72310,5,1,4
72322,72325,4,1,3
72337,72339,3,2,1
72342,72344,3,1,2
72349,72352,4,1,3
72359,72370,12,1,11
72371,72374,4,1,3
72375,72382,8,1,7
72383,72384,2,1,1
72388,72390,3,1,2
72403,72406,4,3,1
72408,72417,10,1,9
72426,72427,2,1,1
72428,72432,5,2,3
72437,72440,4,2,2
72444,72445,2,1,1
72458,72459,2,1,1
72460,72462,3,1,2
72477,72486,10,1,9
72490,72492,3,1,2
72493,72494,2,1,1
72497,72502,6,2,4
72505,72506,2,1,1
72507,72508,2,1,1
72511,72513,3,1,2
72514,72516,3,2,1
72524,72525,2,1,1
72526,72532,7,1,6
72551,72552,2,1,1
72555,72561,7,2,5
72562,72563,2,1,1
72573,72574,2,1,1
72575,72576,2,1,1
72577,72584,8,1,7
72586,72587,2,1,1
72595,72599,5,1,4
72603,72604,2,1,1
72606,72610,5,1,4
72611,72613,3,1,2
72614,72616,3,1,2
72617,72619,3,1,2
72623,72628,6,1,5
72629,72632,4,1,3
72633,72641,9,1,8
72644,72645,2,1,1
72646,72649,4,1,3
72650,72654,5,1,4
72655,72657,3,1,2
72658,72659,2,1,1
72666,72667,2,1,1
72668,72673,6,1,5
72674,72675,2,1,1
72676,72680,5,1,4
72689,72694,6,1,5
72696,72700,5,4,1
72711,72715,5,1,4
72716,72717,2,1,1
72719,72721,3,1,2
72722,72728,7,1,6
72729,72732,4,3,1
72746,72749,4,1,3
72754,72757,4,2,2
72761,72770,10,1,9
72775,72776,2,1,1
72777,72783,7,1,6
72786,72789,4,2,2
72792,72796,5,2,3
72799,72800,2,1,1
72801,72807,7,2,5
72808,72812,5,1,4
72813,72817,5,1,4
72818,72819,2,1,1
72821,72822,2,1,1
72826,72828,3,1,2
72830,72832,3,2,1
72843,72844,2,1,1
72852,72854,3,1,2
72857,72859,3,1,2
72866,72879,14,1,13
72883,72890,8,4,4
72892,72897,6,1,5
72898,72908,11,1,10
72913,72916,4,1,3
72917,72920,4,1,3
72921,72926,6,1,5
72930,72934,5,1,4
72936,72937,2,1,1
72942,72943,2,1,1
72953,72962,10,1,9
72966,72972,7,6,1
72975,72976,2,1,1
72988,72991,4,2,2
72994,72997,4,1,3
72999,73003,5,1,4
73007,73011,5,1,4
73015,73018,4,1,3
73023,73026,4,1,3
73034,73035,2,1,1
73036,73037,2,1,1
73038,73040,3,1,2
73046,73047,2,1,1
73051,73058,8,1,7
73059,73060,2,1,1
73067,73068,2,1,1
73082,73084,3,2,1
73089,73090,2,1,1
73091,73093,3,2,1
73096,73098,3,1,2
73107,73110,4,1,3
73134,73136,3,1,2
73140,73144,5,1,4
73171,73173,3,1,2
73186,73187,2,1,1
73202,73205,4,3,1
73206,73207,2,1,1
73208,73210,3,2,1
73212,73215,4,1,3
73216,73217,2,1,1
73226,73231,6,1,5
73237,73239,3,1,2
73258,73259,2,1,1
73260,73262,3,1,2
73263,73267,5,2,3
73279,73280,2,1,1
73300,73302,3,1,2
73303,73304,2,1,1
73308,73309,2,1,1
73321,73322,2,1,1
73323,73324,2,1,1
73325,73326,2,1,1
73336,73338,3,1,2
73341,73342,2,1,1
73343,73348,6,1,5
73355,73359,5,2,3
73360,73361,2,1,1
73365,73367,3,1,2
73368,73371,4,1,3
73378,73381,4,1,3
73382,73384,3,1,2
73385,73388,4,1,3
73391,73396,6,1,5
73397,73398,2,1,1
73411,73417,7,1,6
73418,73419,2,1,1
73420,73421,2,1,1
73422,73426,5,1,4
73428,73430,3,1,2
73433,73434,2,1,1
73443,73446,4,1,3
73447,73449,3,2,1
73453,73457,5,1,4
73461,73464,4,1,3
73465,73467,3,2,1
73468,73469,2,1,1
73470,73473,4,1,3
73474,73480,7,1,6
73481,73485,5,1,4
73486,73487,2,1,1
73488,73490,3,1,2
73491,73492,2,1,1
73496,73497,2,1,1
73510,73513,4,1,3
73514,73524,11,1,10
73525,73526,2,1,1
73527,73529,3,1,2
73530,73533,4,2,2
73534,73536,3,1,2
73546,73548,3,2,1
73550,73552,3,1,2
73553,73560,8,1,7
73561,73562,2,1,1
73569,73570,2,1,1
73571,73572,2,1,1
73578,73579,2,1,1
73583,73586,4,1,3
73587,73589,3,2,1
73590,73593,4,2,2
73602,73603,2,1,1
73604,73605,2,1,1
73607,73613,7,2,5
73615,73622,8,1,7
73623,73625,3,1,2
73630,73631,2,1,1
73632,73635,4,1,3
73636,73638,3,2,1
73641,73644,4,1,3
73645,73649,5,1,4
73655,73656,2,1,1
73657,73660,4,2,2
73671,73673,3,2,1
73674,73676,3,1,2
73677,73684,8,1,7
73685,73686,2,1,1
73688,73694,7,1,6
73701,73705,5,1,4
73706,73713,8,2,6
73720,73722,3,1,2
73723,73725,3,1,2
73734,73735,2,1,1
73736,73737,2,1,1
73747,73749,3,2,1
73753,73758,6,1,5
73759,73760,2,1,1
73766,73767,2,1,1
73769,73770,2,1,1
73775,73777,3,1,2
73778,73779,2,1,1
73780,73786,7,2,5
73787,73788,2,1,1
73799,73801,3,1,2
73802,73806,5,1,4
73807,73810,4,1,3
73811,73813,3,1,2
73815,73817,3,1,2
73818,73822,5,2,3
73823,73827,5,1,4
73828,73829,2,1,1
73830,73833,4,2,2
73834,73837,4,3,1
73838,73841,4,1,3
73842,73844,3,2,1
73845,73847,3,1,2
73856,73858,3,2,1
73865,73866,2,1,1
73881,73882,2,1,1
73884,73891,8,1,7
73895,73903,9,2,7
73904,73912,9,1,8
73917,73918,2,1,1
73919,73922,4,2,2
73923,73925,3,2,1
73926,73929,4,1,3
73930,73933,4,1,3
73934,73936,3,1,2
73937,73939,3,2,1
73942,73949,8,1,7
73956,73957,2,1,1
73960,73962,3,1,2
73963,73964,2,1,1
73972,73973,2,1,1
73974,73975,2,1,1
73982,73983,2,1,1
73984,73988,5,1,4
73989,73991,3,2,1
73992,73995,4,1,3
74008,74010,3,2,1
74011,74016,6,1,5
74021,74024,4,2,2
74026,74027,2,1,1
74028,74029,2,1,1
74030,74035,6,1,5
74038,74039,2,1,1
74053,74055,3,2,1
74056,74060,5,1,4
74065,74068,4,1,3
74089,74090,2,1,1
74100,74103,4,1,3
74110,74112,3,2,1
74113,74114,2,1,1
74115,74117,3,2,1
74119,74120,2,1,1
74121,74125,5,2,3
74129,74136,8,1,7
74137,74138,2,1,1
74141,74143,3,1,2
74144,74146,3,1,2
74147,74149,3,1,2
74150,74153,4,3,1
74155,74165,11,2,9
74184,74186,3,1,2
74195,74196,2,1,1
74198,74201,4,1,3
74217,74222,6,3,3
74232,74234,3,1,2
74249,74251,3,2,1
74252,74253,2,1,1
74254,74258,5,1,4
74274,74278,5,4,1
74289,74291,3,1,2
74294,74296,3,1,2
74302,74303,2,1,1
74314,74315,2,1,1
74316,74320,5,3,2
74321,74322,2,1,1
74339,74340,2,1,1
74342,74344,3,1,2
74345,74347,3,1,2
74357,74359,3,1,2
74366,74371,6,5,1
74374,74375,2,1,1
74383,74386,4,2,2
74387,74388,2,1,1
74403,74405,3,1,2
74406,74407,2,1,1
74408,74409,2,1,1
74410,74411,2,1,1
74413,74416,4,2,2
74417,74418,2,1,1
74424,74426,3,2,1
74431,74432,2,1,1
74443,74447,5,1,4
74448,74449,2,1,1
74456,74457,2,1,1
74458,74459,2,1,1
74464,74465,2,1,1
74472,74473,2,1,1
74478,74479,2,1,1
74480,74483,4,3,1
74484,74488,5,3,2
74489,74490,2,1,1
74491,74494,4,1,3
74507,74508,2,1,1
74521,74525,5,1,4
74526,74528,3,1,2
74532,74534,3,1,2
74560,74561,2,1,1
74572,74574,3,1,2
74579,74581,3,1,2
74595,74597,3,1,2
74616,74618,3,1,2
74624,74627,4,1,3
74641,74642,2,1,1
74647,74648,2,1,1
74658,74667,10,2,8
74680,74681,2,1,1
74703,74708,6,2,4
74709,74711,3,1,2
74714,74716,3,1,2
74723,74725,3,2,1
74737,74738,2,1,1
74739,74740,2,1,1
74741,74748,8,1,7
74750,74753,4,1,3
74761,74762,2,1,1
74772,74773,2,1,1
74775,74778,4,1,3
74779,74780,2,1,1
74781,74784,4,1,3
74785,74787,3,2,1
74789,74794,6,1,5
74798,74800,3,1,2
74801,74803,3,1,2
74811,74813,3,1,2
74814,74816,3,1,2
74817,74822,6,3,3
74823,74824,2,1,1
74825,74829,5,1,4
74833,74834,2,1,1
74836,74838,3,1,2
74870,74872,3,1,2
74873,74875,3,2,1
74878,74881,4,1,3
74883,74884,2,1,1
74885,74886,2,1,1
74894,74895,2,1,1
74912,74917,6,1,5
74918,74925,8,1,7
74930,74934,5,3,2
74935,74938,4,2,2
74943,74948,6,1,5
74961,74962,2,1,1
74963,74967,5,4,1
74978,74980,3,1,2
74984,74989,6,2,4
74995,74998,4,1,3
74999,75004,6,1,5
75013,75015,3,1,2
75016,75017,2,1,1
75018,75020,3,1,2
75021,75024,4,1,3
75025,75026,2,1,1
75027,75029,3,1,2
75034,75036,3,1,2
75047,75050,4,1,3
75052,75057,6,2,4
75058,75063,6,4,2
75064,75069,6,1,5
75074,75077,4,2,2
75083,75086,4,1,3
75087,75089,3,2,1
75096,75099,4,1,3
75100,75101,2,1,1
75120,75126,7,2,5
75127,75130,4,2,2
75131,75134,4,2,2
75135,75138,4,1,3
75142,75144,3,1,2
75150,75153,4,2,2
75156,75160,5,1,4
75168,75169,2,1,1
75174,75176,3,1,2
75177,75179,3,2,1
75191,75194,4,1,3
75195,75196,2,1,1
75197,75198,2,1,1
75205,75206,2,1,1
75208,75210,3,1,2
75211,75213,3,1,2
75228,75232,5,1,4
75233,75237,5,1,4
75242,75244,3,2,1
75245,75248,4,2,2
75249,75252,4,1,3
75260,75263,4,3,1
75279,75280,2,1,1
75281,75282,2,1,1
75285,75286,2,1,1
75290,75292,3,1,2
75294,75297,4,1,3
75312,75314,3,1,2
75317,75319,3,1,2
75334,75336,3,1,2
75337,75339,3,1,2
75349,75356,8,2,6
75357,75362,6,3,3
75375,75377,3,1,2
75384,75385,2,1,1
75386,75388,3,1,2
75413,75415,3,2,1
75421,75426,6,2,4
75427,75431,5,1,4
75441,75442,2,1,1
75451,75453,3,1,2
75457,75458,2,1,1
75471,75473,3,1,2
75474,75475,2,1,1
75479,75482,4,1,3
75488,75491,4,3,1
75492,75496,5,1,4
75497,75498,2,1,1
75500,75501,2,1,1
75517,75520,4,2,2
75523,75524,2,1,1
75536,75538,3,1,2
75543,75544,2,1,1
75548,75550,3,1,2
75556,75558,3,1,2
75566,75568,3,2,1
75577,75580,4,1,3
75581,75582,2,1,1
75589,75590,2,1,1
75597,75602,6,1,5
75603,75606,4,1,3
75607,75609,3,1,2
75620,75621,2,1,1
75628,75629,2,1,1
75637,75638,2,1,1
75639,75642,4,1,3
75663,75666,4,2,2
75667,75668,2,1,1
75676,75678,3,2,1
75682,75686,5,1,4
75687,75694,8,2,6
75695,75697,3,1,2
75698,75700,3,2,1
75701,75703,3,1,2
75708,75712,5,2,3
75719,75723,5,2,3
75724,75726,3,2,1
75731,75735,5,1,4
75739,75741,3,2,1
75748,75749,2,1,1
75750,75751,2,1,1
75753,75755,3,2,1
75760,75761,2,1,1
75764,75769,6,1,5
75782,75783,2,1,1
75784,75786,3,2,1
75791,75793,3,1,2
75794,75795,2,1,1
75814,75815,2,1,1
75818,75820,3,2,1
75822,75826,5,1,4
75827,75828,2,1,1
75834,75836,3,1,2
75852,75853,2,1,1
75854,75857,4,2,2
75861,75864,4,2,2
75874,75877,4,3,1
75880,75887,8,1,7
75888,75892,5,1,4
75900,75903,4,2,2
75909,75912,4,2,2
75913,75914,2,1,1
75915,75917,3,2,1
75920,75921,2,1,1
75929,75932,4,2,2
75952,75953,2,1,1
75957,75960,4,1,3
75976,75977,2,1,1
75978,75981,4,1,3
75982,75984,3,2,1
75996,75998,3,1,2
76018,76020,3,1,2
76028,76029,2,1,1
76037,76038,2,1,1
76043,76044,2,1,1
76045,76047,3,1,2
76048,76049,2,1,1
76051,76058,8,1,7
76060,76061,2,1,1
76068,76070,3,1,2
76075,76076,2,1,1
76082,76085,4,1,3
76107,76108,2,1,1
76118,76119,2,1,1
76133,76134,2,1,1
76145,76146,2,1,1
76153,76155,3,2,1
76156,76157,2,1,1
76168,76170,3,2,1
76171,76180,10,3,7
76185,76187,3,1,2
76200,76202,3,1,2
76203,76206,4,3,1
76210,76211,2,1,1
76212,76213,2,1,1
76215,76216,2,1,1
76217,76218,2,1,1
76229,76231,3,1,2
76237,76239,3,1,2
76242,76244,3,1,2
76245,76246,2,1,1
76251,76254,4,1,3
76261,76262,2,1,1
76264,76265,2,1,1
76266,76267,2,1,1
76268,76271,4,1,3
76275,76276,2,1,1
76277,76279,3,2,1
76280,76281,2,1,1
76282,76285,4,2,2
76304,76307,4,1,3
76308,76309,2,1,1
76312,76314,3,1,2
76315,76316,2,1,1
76321,76324,4,1,3
76328,76330,3,1,2
76335,76336,2,1,1
76361,76362,2,1,1
76363,76368,6,3,3
76372,76376,5,2,3
76377,76379,3,2,1
76380,76383,4,2,2
76387,76390,4,2,2
76391,76393,3,1,2
76394,76396,3,1,2
76401,76402,2,1,1
76415,76418,4,1,3
76424,76425,2,1,1
76427,76431,5,4,1
76436,76438,3,1,2
76441,76445,5,1,4
76446,76447,2,1,1
76453,76455,3,1,2
76462,76464,3,2,1
76465,76466,2,1,1
76470,76472,3,1,2
76473,76474,2,1,1
76487,76489,3,1,2
76492,76494,3,1,2
76512,76515,4,3,1
76524,76525,2,1,1
76539,76541,3,2,1
76550,76553,4,1,3
76562,76564,3,1,2
76566,76570,5,1,4
76571,76574,4,3,1
76575,76579,5,2,3
76587,76594,8,2,6
76595,76597,3,1,2
76606,76607,2,1,1
76610,76614,5,3,2
76619,76625,7,1,6
76626,76630,5,1,4
76632,76633,2,1,1
76634,76643,10,2,8
76653,76654,2,1,1
76655,76656,2,1,1
76657,76658,2,1,1
76659,76660,2,1,1
76661,76665,5,1,4
76673,76674,2,1,1
76675,76679,5,1,4
76683,76684,2,1,1
76685,76687,3,1,2
76689,76692,4,1,3
76701,76702,2,1,1
76703,76704,2,1,1
76706,76707,2,1,1
76708,76709,2,1,1
76710,76711,2,1,1
76712,76718,7,1,6
76744,76745,2,1,1
76757,76761,5,1,4
76772,76776,5,1,4
76784,76787,4,1,3
76788,76789,2,1,1
76817,76818,2,1,1
76822,76824,3,1,2
76834,76835,2,1,1
76841,76842,2,1,1
76849,76850,2,1,1
76851,76853,3,1,2
76854,76855,2,1,1
76856,76869,14,1,13
76877,76879,3,1,2
76883,76885,3,2,1
76891,76892,2,1,1
76901,76903,3,1,2
76905,76906,2,1,1
76910,76911,2,1,1
76916,76917,2,1,1
76929,76932,4,1,3
76942,76945,4,1,3
76946,76950,5,1,4
76952,76953,2,1,1
76956,76959,4,1,3
76963,76969,7,2,5
76970,76972,3,1,2
76973,76976,4,1,3
76986,76988,3,1,2
76991,76993,3,1,2
76994,76995,2,1,1
77011,77013,3,1,2
77017,77018,2,1,1
77019,77020,2,1,1
77023,77024,2,1,1
77026,77028,3,2,1
77032,77037,6,1,5
77040,77041,2,1,1
77042,77044,3,1,2
77049,77050,2,1,1
77063,77066,4,2,2
77086,77090,5,2,3
77093,77096,4,2,2
77103,77105,3,2,1
77116,77118,3,1,2
77124,77127,4,2,2
77132,77133,2,1,1
77144,77147,4,1,3
77151,77154,4,1,3
77166,77167,2,1,1
77169,77170,2,1,1
77175,77179,5,1,4
77201,77203,3,1,2
77204,77206,3,1,2
77207,77211,5,2,3
77212,77216,5,1,4
77222,77224,3,2,1
77235,77240,6,1,5
77244,77246,3,2,1
77251,77252,2,1,1
77258,77260,3,1,2
77267,77270,4,2,2
77271,77273,3,1,2
77275,77277,3,1,2
77283,77285,3,2,1
77288,77292,5,2,3
77293,77295,3,2,1
77321,77324,4,2,2
77326,77329,4,2,2
77330,77331,2,1,1
77350,77352,3,2,1
77357,77358,2,1,1
77371,77372,2,1,1
77373,77375,3,2,1
77376,77379,4,1,3
77383,77388,6,3,3
77393,77394,2,1,1
77402,77403,2,1,1
77415,77418,4,2,2
77421,77427,7,1,6
77431,77432,2,1,1
77442,77444,3,1,2
77445,77449,5,2,3
77454,77459,6,1,5
77460,77461,2,1,1
77468,77469,2,1,1
77470,77471,2,1,1
77485,77486,2,1,1
77492,77493,2,1,1
77512,77514,3,1,2
77520,77522,3,1,2
77527,77529,3,2,1
77535,77536,2,1,1
77537,77542,6,1,5
77543,77545,3,2,1
77546,77547,2,1,1
77554,77563,10,1,9
77564,77565,2,1,1
77567,77568,2,1,1
77571,77574,4,1,3
77584,77585,2,1,1
77594,77596,3,2,1
77600,77601,2,1,1
77602,77603,2,1,1
77604,77608,5,1,4
77613,77615,3,2,1
77627,77630,4,1,3
77635,77636,2,1,1
77650,77651,2,1,1
77655,77657,3,2,1
77681,77682,2,1,1
77688,77690,3,2,1
77711,77712,2,1,1
77719,77723,5,3,2
77725,77729,5,1,4
77743,77744,2,1,1
77745,77748,4,2,2
77758,77759,2,1,1
77791,77793,3,1,2
77794,77796,3,2,1
77797,77799,3,1,2
77811,77814,4,1,3
77815,77817,3,1,2
77842,77843,2,1,1
77848,77851,4,2,2
77855,77857,3,1,2
77881,77886,6,1,5
77894,77895,2,1,1
77896,77899,4,3,1
77904,77905,2,1,1
77907,77911,5,1,4
77915,77920,6,1,5
77921,77923,3,1,2
77924,77926,3,1,2
77932,77934,3,2,1
77941,77942,2,1,1
77945,77951,7,1,6
77953,77957,5,1,4
77969,77970,2,1,1
77971,77975,5,2,3
77976,77978,3,1,2
77981,77983,3,1,2
77999,78000,2,1,1
78003,78004,2,1,1
78007,78010,4,1,3
78015,78016,2,1,1
78017,78022,6,2,4
78025,78026,2,1,1
78043,78046,4,2,2
78055,78058,4,1,3
78059,78061,3,1,2
78062,78065,4,3,1
78066,78067,2,1,1
78070,78072,3,1,2
78080,78081,2,1,1
78083,78085,3,1,2
78086,78087,2,1,1
78088,78089,2,1,1
78096,78097,2,1,1
78107,78108,2,1,1
78109,78110,2,1,1
78111,78118,8,1,7
78119,78120,2,1,1
78130,78135,6,1,5
78139,78140,2,1,1
78141,78143,3,1,2
78147,78150,4,1,3
78152,78153,2,1,1
78156,78158,3,2,1
78160,78161,2,1,1
78179,78181,3,1,2
78182,78183,2,1,1
78186,78189,4,1,3
78195,78196,2,1,1
78200,78201,2,1,1
78203,78205,3,1,2
78230,78231,2,1,1
78239,78243,5,1,4
78262,78263,2,1,1
78286,78287,2,1,1
78299,78301,3,1,2
78304,78306,3,1,2
78313,78314,2,1,1
78329,78330,2,1,1
78331,78332,2,1,1
78338,78341,4,1,3
78343,78344,2,1,1
78345,78346,2,1,1
78347,78348,2,1,1
78353,78354,2,1,1
78369,78373,5,1,4
78374,78375,2,1,1
78384,78387,4,1,3
78410,78412,3,2,1
78457,78459,3,1,2
78460,78463,4,1,3
78472,78477,6,1,5
78481,78483,3,1,2
78496,78499,4,1,3
78505,78508,4,1,3
78546,78547,2,1,1
78555,78561,7,2,5
78567,78569,3,1,2
78571,78572,2,1,1
78584,78590,7,1,6
78595,78596,2,1,1
78597,78601,5,1,4
78620,78622,3,1,2
78627,78629,3,1,2
78639,78640,2,1,1
78641,78642,2,1,1
78645,78648,4,1,3
78654,78655,2,1,1
78661,78665,5,2,3
78673,78675,3,1,2
78699,78702,4,1,3
78704,78705,2,1,1
78708,78712,5,1,4
78714,78715,2,1,1
78728,78729,2,1,1
78730,78731,2,1,1
78732,78735,4,1,3
78736,78739,4,1,3
78743,78749,7,1,6
78760,78762,3,2,1
78767,78770,4,1,3
78771,78774,4,1,3
78797,78799,3,2,1
78805,78808,4,1,3
78809,78810,2,1,1
78812,78813,2,1,1
78814,78815,2,1,1
78820,78825,6,2,4
78828,78830,3,2,1
78831,78833,3,1,2
78834,78836,3,1,2
78848,78851,4,1,3
78852,78853,2,1,1
78854,78855,2,1,1
78859,78861,3,1,2
78865,78870,6,2,4
78871,78873,3,1,2
78883,78885,3,2,1
78886,78887,2,1,1
78895,78900,6,4,2
78903,78904,2,1,1
78919,78922,4,2,2
78931,78936,6,1,5
78943,78952,10,1,9
78954,78961,8,1,7
78962,78963,2,1,1
78964,78967,4,2,2
78985,78986,2,1,1
78987,78989,3,1,2
78997,78999,3,1,2
79001,79003,3,1,2
79006,79008,3,1,2
79009,79011,3,1,2
79014,79015,2,1,1
79016,79021,6,2,4
79026,79027,2,1,1
79030,79034,5,2,3
79044,79045,2,1,1
79046,79047,2,1,1
79077,79078,2,1,1
79095,79096,2,1,1
79106,79110,5,1,4
79113,79114,2,1,1
79115,79118,4,3,1
79123,79128,6,1,5
79148,79149,2,1,1
79150,79153,4,1,3
79157,79158,2,1,1
79170,79173,4,1,3
79178,79179,2,1,1
79183,79188,6,4,2
79190,79191,2,1,1
79195,79197,3,1,2
79203,79206,4,3,1
79208,79215,8,1,7
79231,79233,3,1,2
79237,79238,2,1,1
79248,79249,2,1,1
79256,79259,4,1,3
79262,79266,5,2,3
79272,79273,2,1,1
79274,79275,2,1,1
79288,79290,3,1,2
79291,79294,4,2,2
79304,79305,2,1,1
79313,79314,2,1,1
79325,79326,2,1,1
79330,79333,4,2,2
79334,79335,2,1,1
79339,79341,3,2,1
79371,79373,3,1,2
79377,79380,4,1,3
79384,79385,2,1,1
79399,79400,2,1,1
79405,79408,4,2,2
79410,79411,2,1,1
79430,79433,4,1,3
79479,79484,6,1,5
79485,79489,5,1,4
79499,79502,4,1,3
79503,79506,4,1,3
79516,79520,5,1,4
79535,79538,4,1,3
79539,79543,5,1,4
79544,79546,3,2,1
79562,79563,2,1,1
79567,79568,2,1,1
79576,79578,3,1,2
79582,79584,3,2,1
79594,79595,2,1,1
79609,79610,2,1,1
79617,79619,3,1,2
79623,79624,2,1,1
79627,79628,2,1,1
79638,79641,4,1,3
79643,79644,2,1,1
79646,79649,4,1,3
79650,79651,2,1,1
79652,79654,3,1,2
79655,79657,3,1,2
79663,79664,2,1,1
79665,79668,4,2,2
79669,79670,2,1,1
79671,79672,2,1,1
79675,79676,2,1,1
79677,79678,2,1,1
79679,79680,2,1,1
79693,79695,3,1,2
79697,79700,4,1,3
79704,79705,2,1,1
79706,79708,3,2,1
79710,79712,3,1,2
79715,79717,3,1,2
79721,79723,3,2,1
79725,79726,2,1,1
79729,79730,2,1,1
79734,79737,4,3,1
79740,79743,4,3,1
79746,79749,4,1,3
79793,79795,3,1,2
79796,79799,4,1,3
79814,79819,6,1,5
79836,79841,6,1,5
79857,79858,2,1,1
79859,79861,3,2,1
79869,79870,2,1,1
79872,79876,5,2,3
79877,79880,4,1,3
79885,79886,2,1,1
79888,79889,2,1,1
79892,79894,3,1,2
79898,79900,3,1,2
79902,79904,3,1,2
79905,79906,2,1,1
79917,79919,3,2,1
79931,79933,3,1,2
79939,79940,2,1,1
79942,79943,2,1,1
79945,79946,2,1,1
79952,79955,4,3,1
79958,79959,2,1,1
79968,79969,2,1,1
79985,79989,5,2,3
79992,79994,3,1,2
80008,80012,5,1,4
80028,80029,2,1,1
80030,80032,3,2,1
80055,80056,2,1,1
80063,80064,2,1,1
80066,80068,3,2,1
80079,80083,5,1,4
80087,80090,4,1,3
80097,80099,3,1,2
80106,80107,2,1,1
80121,80122,2,1,1
80124,80128,5,1,4
80144,80145,2,1,1
80147,80150,4,3,1
80151,80153,3,1,2
80162,80164,3,1,2
80170,80171,2,1,1
80172,80177,6,3,3
80205,80207,3,2,1
80210,80211,2,1,1
80218,80219,2,1,1
80222,80223,2,1,1
80224,80227,4,1,3
80230,80231,2,1,1
80248,80250,3,2,1
80270,80271,2,1,1
80272,80273,2,1,1
80277,80278,2,1,1
80290,80291,2,1,1
80311,80312,2,1,1
80315,80316,2,1,1
80333,80335,3,2,1
80353,80354,2,1,1
80355,80356,2,1,1
80364,80366,3,1,2
80378,80382,5,1,4
80383,80384,2,1,1
80390,80394,5,2,3
80405,80406,2,1,1
80409,80415,7,6,1
80428,80429,2,1,1
80435,80437,3,2,1
80447,80449,3,2,1
80458,80459,2,1,1
80481,80487,7,6,1
80503,80504,2,1,1
80515,80518,4,2,2
80519,80523,5,2,3
80527,80529,3,2,1
80537,80539,3,2,1
80545,80549,5,1,4
80591,80592,2,1,1
80599,80600,2,1,1
80618,80622,5,1,4
80625,80626,2,1,1
80641,80653,13,2,11
80665,80666,2,1,1
80672,80674,3,1,2
80677,80679,3,1,2
80680,80681,2,1,1
80686,80690,5,2,3
80702,80704,3,1,2
80713,80715,3,2,1
80718,80719,2,1,1
80720,80721,2,1,1
80727,80731,5,1,4
80742,80743,2,1,1
80748,80751,4,1,3
80760,80764,5,1,4
80789,80790,2,1,1
80794,80795,2,1,1
80797,80798,2,1,1
80803,80804,2,1,1
80807,80811,5,1,4
80816,80817,2,1,1
80879,80880,2,1,1
80893,80894,2,1,1
80895,80897,3,1,2
80913,80922,10,1,9
80935,80939,5,2,3
80944,80945,2,1,1
80946,80947,2,1,1
80958,80959,2,1,1
80987,80991,5,2,3
81006,81009,4,1,3
81022,81023,2,1,1
81030,81031,2,1,1
81038,81040,3,1,2
81055,81057,3,1,2
81069,81071,3,2,1
81072,81079,8,1,7
81096,81097,2,1,1
81102,81105,4,1,3
81106,81113,8,3,5
81116,81117,2,1,1
81118,81119,2,1,1
81125,81126,2,1,1
81127,81128,2,1,1
81143,81147,5,2,3
81153,81156,4,3,1
81175,81177,3,1,2
81197,81198,2,1,1
81203,81204,2,1,1
81242,81243,2,1,1
81273,81276,4,2,2
81280,81282,3,2,1
81283,81284,2,1,1
81294,81298,5,2,3
81299,81301,3,1,2
81308,81313,6,4,2
81326,81329,4,2,2
81331,81332,2,1,1
81337,81338,2,1,1
81346,81349,4,1,3
81385,81388,4,1,3
81396,81402,7,5,2
81424,81425,2,1,1
81426,81433,8,3,5
81434,81442,9,2,7
81449,81453,5,1,4
81468,81469,2,1,1
81477,81478,2,1,1
81479,81481,3,1,2
81492,81493,2,1,1
81494,81497,4,2,2
81500,81506,7,3,4
81518,81520,3,1,2
81521,81522,2,1,1
81527,81529,3,2,1
81533,81535,3,1,2
81538,81539,2,1,1
81540,81541,2,1,1
81568,81569,2,1,1
81570,81571,2,1,1
81572,81574,3,2,1
81578,81579,2,1,1
81580,81581,2,1,1
81582,81583,2,1,1
81587,81590,4,2,2
81607,81608,2,1,1
81636,81641,6,1,5
81647,81648,2,1,1
81649,81652,4,2,2
81658,81659,2,1,1
81660,81662,3,1,2
81667,81668,2,1,1
81678,81683,6,2,4
81706,81707,2,1,1
81730,81731,2,1,1
81744,81745,2,1,1
81746,81749,4,1,3
81750,81752,3,2,1
81757,81758,2,1,1
81759,81760,2,1,1
81768,81770,3,2,1
81771,81775,5,1,4
81776,81780,5,3,2
81794,81795,2,1,1
81806,81807,2,1,1
81814,81816,3,2,1
81828,81830,3,1,2
81831,81832,2,1,1
81833,81834,2,1,1
81841,81844,4,3,1
81882,81883,2,1,1
81893,81895,3,2,1
81919,81920,2,1,1
81950,81951,2,1,1
81953,81954,2,1,1
81955,81956,2,1,1
81961,81962,2,1,1
82006,82008,3,1,2
82031,82033,3,2,1
82068,82070,3,1,2
82073,82075,3,2,1
82076,82079,4,2,2
82092,82099,8,1,7
82100,82101,2,1,1
82106,82107,2,1,1
82108,82112,5,3,2
82114,82117,4,1,3
82120,82121,2,1,1
82128,82129,2,1,1
82130,82131,2,1,1
82156,82159,4,1,3
82160,82161,2,1,1
82168,82170,3,1,2
82206,82209,4,1,3
82210,82212,3,1,2
82213,82214,2,1,1
82215,82217,3,2,1
82218,82220,3,1,2
82221,82223,3,1,2
82224,82225,2,1,1
82226,82228,3,2,1
82229,82230,2,1,1
82236,82237,2,1,1
82253,82256,4,2,2
82257,82259,3,1,2
82264,82266,3,1,2
82277,82280,4,2,2
82283,82284,2,1,1
82297,82298,2,1,1
82299,82300,2,1,1
82302,82305,4,3,1
82312,82314,3,2,1
82318,82321,4,1,3
82323,82324,2,1,1
82340,82344,5,1,4
82349,82352,4,1,3
82357,82360,4,2,2
82372,82374,3,2,1
82384,82386,3,1,2
82416,82418,3,2,1
82425,82426,2,1,1
82428,82429,2,1,1
82430,82432,3,2,1
82435,82437,3,1,2
82443,82445,3,1,2
82451,82452,2,1,1
82459,82461,3,2,1
82462,82463,2,1,1
82469,82471,3,1,2
82483,82484,2,1,1
82490,82492,3,1,2
82503,82505,3,1,2
82507,82509,3,1,2
82510,82511,2,1,1
82512,82513,2,1,1
82517,82519,3,1,2
82523,82526,4,2,2
82527,82531,5,1,4
82543,82548,6,1,5
82573,82574,2,1,1
82575,82580,6,5,1
82586,82587,2,1,1
82597,82601,5,3,2
82602,82604,3,1,2
82605,82609,5,2,3
82641,82642,2,1,1
82643,82644,2,1,1
82654,82655,2,1,1
82667,82669,3,2,1
82693,82698,6,1,5
82699,82701,3,2,1
82709,82711,3,1,2
82713,82716,4,2,2
82724,82726,3,2,1
82727,82730,4,2,2
82733,82734,2,1,1
82741,82743,3,2,1
82749,82750,2,1,1
82760,82761,2,1,1
82765,82768,4,1,3
82787,82789,3,2,1
82790,82791,2,1,1
82801,82802,2,1,1
82815,82816,2,1,1
82819,82821,3,1,2
82826,82831,6,1,5
82848,82851,4,1,3
82852,82854,3,1,2
82856,82858,3,1,2
82859,82863,5,2,3
82865,82870,6,1,5
82878,82880,3,1,2
82884,82885,2,1,1
82890,82891,2,1,1
82893,82895,3,1,2
82899,82906,8,3,5
82913,82914,2,1,1
82921,82924,4,3,1
82925,82926,2,1,1
82927,82929,3,1,2
82937,82939,3,1,2
82940,82942,3,2,1
82959,82961,3,2,1
82969,82971,3,2,1
82974,82975,2,1,1
82978,82981,4,3,1
82996,82997,2,1,1
83012,83016,5,1,4
83017,83020,4,2,2
83040,83042,3,1,2
83046,83047,2,1,1
83052,83056,5,1,4
83057,83060,4,1,3
83061,83062,2,1,1
83065,83066,2,1,1
83083,83085,3,1,2
83098,83099,2,1,1
83112,83113,2,1,1
83128,83131,4,1,3
83132,83133,2,1,1
83156,83157,2,1,1
83164,83168,5,1,4
83181,83183,3,1,2
83187,83190,4,2,2
83193,83194,2,1,1
83195,83196,2,1,1
83197,83198,2,1,1
83205,83206,2,1,1
83207,83208,2,1,1
83209,83215,7,1,6
83220,83222,3,1,2
83230,83234,5,1,4
83238,83241,4,1,3
83281,83284,4,1,3
83290,83291,2,1,1
83295,83296,2,1,1
83304,83308,5,4,1
83318,83319,2,1,1
83324,83325,2,1,1
83326,83327,2,1,1
83329,83331,3,1,2
83333,83334,2,1,1
83338,83339,2,1,1
83353,83354,2,1,1
83370,83372,3,1,2
83378,83379,2,1,1
83388,83391,4,1,3
83392,83393,2,1,1
83410,83413,4,2,2
83415,83422,8,2,6
83433,83437,5,1,4
83441,83442,2,1,1
83443,83445,3,1,2
83456,83459,4,3,1
83468,83470,3,2,1
83495,83496,2,1,1
83497,83498,2,1,1
83505,83507,3,1,2
83511,83513,3,1,2
83519,83522,4,1,3
83528,83529,2,1,1
83552,83554,3,1,2
83578,83579,2,1,1
83581,83585,5,4,1
83593,83594,2,1,1
83597,83599,3,1,2
83604,83605,2,1,1
83610,83612,3,2,1
83613,83617,5,3,2
83628,83629,2,1,1
83642,83645,4,1,3
83648,83650,3,2,1
83678,83679,2,1,1
83683,83684,2,1,1
83690,83692,3,2,1
83694,83697,4,2,2
83717,83720,4,1,3
83726,83728,3,1,2
83737,83742,6,1,5
83743,83744,2,1,1
83745,83747,3,1,2
83758,83760,3,2,1
83763,83764,2,1,1
83777,83779,3,1,2
83797,83799,3,2,1
83800,83801,2,1,1
83807,83808,2,1,1
83840,83841,2,1,1
83844,83845,2,1,1
83861,83862,2,1,1
83863,83864,2,1,1
83875,83877,3,2,1
83880,83881,2,1,1
83882,83884,3,1,2
83902,83903,2,1,1
83904,83909,6,1,5
83914,83917,4,1,3
83923,83926,4,1,3
83952,83953,2,1,1
83954,83955,2,1,1
83973,83975,3,1,2
83977,83978,2,1,1
83979,83982,4,1,3
83983,83986,4,2,2
83987,83988,2,1,1
83998,83999,2,1,1
84002,84005,4,1,3
84017,84018,2,1,1
84028,84030,3,1,2
84038,84040,3,2,1
84050,84051,2,1,1
84052,84057,6,1,5
84067,84068,2,1,1
84076,84078,3,1,2
84079,84082,4,2,2
84083,84086,4,2,2
84098,84107,10,5,5
84118,84119,2,1,1
84142,84144,3,1,2
84147,84148,2,1,1
84157,84161,5,3,2
84162,84163,2,1,1
84180,84183,4,1,3
84202,84204,3,2,1
84212,84214,3,1,2
84225,84228,4,3,1
84245,84247,3,2,1
84253,84256,4,2,2
84261,84262,2,1,1
84272,84275,4,3,1
84276,84279,4,1,3
84284,84285,2,1,1
84291,84292,2,1,1
84295,84297,3,2,1
84300,84301,2,1,1
84335,84338,4,3,1
84342,84348,7,1,6
84349,84350,2,1,1
84362,84363,2,1,1
84364,84368,5,3,2
84373,84374,2,1,1
84376,84377,2,1,1
84383,84386,4,1,3
84394,84395,2,1,1
84396,84397,2,1,1
84399,84401,3,1,2
84402,84404,3,1,2
84405,84406,2,1,1
84410,84411,2,1,1
84464,84466,3,1,2
84469,84470,2,1,1
84502,84504,3,1,2
84506,84508,3,1,2
84511,84512,2,1,1
84519,84520,2,1,1
84542,84543,2,1,1
84564,84567,4,1,3
84577,84578,2,1,1
84599,84602,4,2,2
84606,84607,2,1,1
84612,84613,2,1,1
84630,84632,3,1,2
84640,84641,2,1,1
84678,84679,2,1,1
84680,84681,2,1,1
84688,84690,3,1,2
84700,84701,2,1,1
84722,84723,2,1,1
84750,84753,4,1,3
84777,84779,3,1,2
84792,84794,3,2,1
84803,84805,3,1,2
84810,84811,2,1,1
84821,84823,3,1,2
84825,84826,2,1,1
84832,84833,2,1,1
84843,84844,2,1,1
84849,84851,3,2,1
84854,84856,3,1,2
84858,84859,2,1,1
84865,84867,3,1,2
84879,84880,2,1,1
84897,84900,4,1,3
84903,84905,3,1,2
84912,84914,3,2,1
84915,84917,3,1,2
84943,84945,3,1,2
84951,84952,2,1,1
84953,84957,5,2,3
84960,84962,3,2,1
84964,84965,2,1,1
84966,84969,4,3,1
84970,84974,5,4,1
84981,84983,3,2,1
84994,84995,2,1,1
85001,85002,2,1,1
85032,85034,3,2,1
85036,85037,2,1,1
85038,85040,3,1,2
85050,85052,3,1,2
85055,85056,2,1,1
85060,85064,5,1,4
85069,85071,3,1,2
85079,85081,3,1,2
85103,85106,4,1,3
85141,85143,3,1,2
85144,85148,5,3,2
85152,85153,2,1,1
85156,85157,2,1,1
85171,85172,2,1,1
85214,85220,7,5,2
85225,85227,3,1,2
85229,85230,2,1,1
85231,85234,4,2,2
85236,85237,2,1,1
85240,85241,2,1,1
85243,85245,3,1,2
85253,85255,3,1,2
85256,85259,4,1,3
85273,85274,2,1,1
85278,85279,2,1,1
85283,85285,3,1,2
85293,85296,4,3,1
85373,85374,2,1,1
85381,85383,3,1,2
85390,85391,2,1,1
85396,85397,2,1,1
85462,85467,6,2,4
85472,85476,5,2,3
85477,85478,2,1,1
85482,85483,2,1,1
85496,85497,2,1,1
85503,85504,2,1,1
85511,85516,6,2,4
85518,85520,3,2,1
85526,85529,4,2,2
85530,85532,3,1,2
85533,85534,2,1,1
85536,85538,3,1,2
85546,85548,3,1,2
85573,85575,3,1,2
85578,85579,2,1,1
85588,85594,7,1,6
85601,85602,2,1,1
85631,85632,2,1,1
85661,85664,4,3,1
85678,85682,5,1,4
85698,85700,3,1,2
85701,85702,2,1,1
85710,85711,2,1,1
85715,85716,2,1,1
85728,85729,2,1,1
85730,85734,5,1,4
85735,85737,3,2,1
85743,85747,5,1,4
85748,85750,3,2,1
85770,85772,3,2,1
85780,85782,3,2,1
85799,85801,3,2,1
85814,85815,2,1,1
85816,85817,2,1,1
85822,85823,2,1,1
85827,85828,2,1,1
85830,85832,3,2,1
85833,85836,4,2,2
85841,85843,3,2,1
85846,85847,2,1,1
85848,85849,2,1,1
85879,85880,2,1,1
85916,85918,3,2,1
85925,85927,3,1,2
85929,85931,3,1,2
85945,85947,3,2,1
85950,85954,5,1,4
85957,85958,2,1,1
85971,85972,2,1,1
85981,85982,2,1,1
85985,85988,4,1,3
85989,85990,2,1,1
86002,86003,2,1,1
86029,86031,3,2,1
86074,86077,4,1,3
86081,86082,2,1,1
86098,86099,2,1,1
86100,86104,5,2,3
86105,86108,4,1,3
86111,86112,2,1,1
86113,86116,4,2,2
86139,86140,2,1,1
86155,86156,2,1,1
86172,86175,4,1,3
86179,86180,2,1,1
86198,86200,3,1,2
86201,86204,4,2,2
86207,86209,3,1,2
86212,86214,3,1,2
86215,86216,2,1,1
86236,86239,4,1,3
86242,86243,2,1,1
86249,86252,4,2,2
86263,86266,4,2,2
86267,86269,3,2,1
86271,86272,2,1,1
86289,86290,2,1,1
86318,86319,2,1,1
86323,86328,6,1,5
86330,86333,4,1,3
86411,86509,99,1,98
86510,86523,14,1,13
86574,86576,3,1,2
86579,86582,4,2,2
86591,86593,3,1,2
86594,86600,7,1,6
86609,86610,2,1,1
86612,86613,2,1,1
86627,86628,2,1,1
86631,86635,5,1,4
86639,86640,2,1,1
86735,86736,2,1,1
86737,86738,2,1,1
86743,86747,5,1,4
86756,86757,2,1,1
86790,86791,2,1,1
86807,86808,2,1,1
86827,86832,6,2,4
86833,86837,5,2,3
86839,86842,4,1,3
86862,86865,4,3,1
86866,86867,2,1,1
86870,86871,2,1,1
86892,86894,3,1,2
86913,86916,4,1,3
86918,86922,5,1,4
86928,86931,4,1,3
86933,86934,2,1,1
86948,86950,3,2,1
86951,86954,4,1,3
86955,86959,5,3,2
86960,86961,2,1,1
86962,86963,2,1,1
86977,86978,2,1,1
86994,86996,3,1,2
86997,86999,3,2,1
87000,87001,2,1,1
87016,87017,2,1,1
87026,87027,2,1,1
87039,87040,2,1,1
87047,87048,2,1,1
87049,87050,2,1,1
87054,87057,4,2,2
87072,87074,3,2,1
87096,87097,2,1,1
87100,87101,2,1,1
87114,87116,3,1,2
87150,87151,2,1,1
87157,87159,3,2,1
87160,87162,3,1,2
87163,87165,3,1,2
87170,87171,2,1,1
87179,87180,2,1,1
87181,87183,3,1,2
87188,87191,4,1,3
87200,87201,2,1,1
87213,87215,3,2,1
87219,87222,4,1,3
87223,87225,3,2,1
87231,87236,6,4,2
87261,87262,2,1,1
87284,87285,2,1,1
87287,87288,2,1,1
87318,87319,2,1,1
87360,87361,2,1,1
87366,87370,5,3,2
87385,87386,2,1,1
87394,87397,4,3,1
87407,87411,5,1,4
87427,87431,5,3,2
87435,87436,2,1,1
87448,87450,3,2,1
87458,87463,6,1,5
87464,87465,2,1,1
87467,87468,2,1,1
87469,87471,3,1,2
87484,87485,2,1,1
87495,87496,2,1,1
87510,87511,2,1,1
87518,87519,2,1,1
87523,87524,2,1,1
87545,87547,3,1,2
87552,87556,5,2,3
87559,87560,2,1,1
87562,87565,4,2,2
87566,87569,4,1,3
87571,87574,4,3,1
87580,87585,6,1,5
87586,87589,4,3,1
87591,87592,2,1,1
87605,87606,2,1,1
87637,87640,4,1,3
87653,87656,4,3,1
87657,87659,3,1,2
87662,87663,2,1,1
87665,87666,2,1,1
87682,87696,15,14,1
87700,87701,2,1,1
87712,87716,5,4,1
87724,87725,2,1,1
87727,87728,2,1,1
87734,87737,4,2,2
87740,87741,2,1,1
87742,87745,4,2,2
87746,87750,5,2,3
87804,87805,2,1,1
87809,87813,5,1,4
87828,87833,6,1,5
87840,87842,3,1,2
87853,87854,2,1,1
87869,87870,2,1,1
87878,87879,2,1,1
87883,87885,3,2,1
87888,87890,3,2,1
87906,87907,2,1,1
87908,87909,2,1,1
87913,87914,2,1,1
87915,87916,2,1,1
87917,87919,3,2,1
87924,87925,2,1,1
87930,87932,3,1,2
87946,87947,2,1,1
87960,87964,5,1,4
87975,87976,2,1,1
87977,87978,2,1,1
87982,87985,4,1,3
87986,87991,6,1,5
87996,87999,4,2,2
88001,88002,2,1,1
88003,88007,5,4,1
88010,88011,2,1,1
88015,88018,4,2,2
88030,88031,2,1,1
88041,88042,2,1,1
88043,88044,2,1,1
88061,88062,2,1,1
88082,88083,2,1,1
88092,88094,3,2,1
88106,88108,3,1,2
88125,88127,3,1,2
88128,88129,2,1,1
88132,88133,2,1,1
88134,88136,3,1,2
88137,88139,3,1,2
88157,88161,5,3,2
88162,88163,2,1,1
88170,88174,5,4,1
88182,88185,4,1,3
88186,88187,2,1,1
88191,88192,2,1,1
88194,88196,3,1,2
88232,88233,2,1,1
88252,88255,4,1,3
88256,88257,2,1,1
88258,88259,2,1,1
88260,88262,3,2,1
88263,88265,3,2,1
88295,88297,3,2,1
88299,88303,5,2,3
88304,88306,3,2,1
88320,88326,7,6,1
88327,88335,9,7,2
88339,88340,2,1,1
88341,88343,3,2,1
88344,88346,3,2,1
88350,88351,2,1,1
88360,88365,6,2,4
88366,88368,3,1,2
88369,88372,4,1,3
88375,88380,6,3,3
88381,88387,7,1,6
88398,88399,2,1,1
88400,88402,3,2,1
88403,88404,2,1,1
88407,88408,2,1,1
88428,88429,2,1,1
88469,88470,2,1,1
88477,88478,2,1,1
88484,88485,2,1,1
88531,88532,2,1,1
88549,88552,4,2,2
88567,88569,3,1,2
88586,88588,3,1,2
88605,88609,5,2,3
88613,88614,2,1,1
88619,88621,3,1,2
88623,88625,3,2,1
88641,88643,3,1,2
88658,88659,2,1,1
88662,88664,3,1,2
88665,88667,3,1,2
88673,88676,4,1,3
88693,88694,2,1,1
88699,88701,3,1,2
88703,88705,3,2,1
88715,88718,4,2,2
88733,88736,4,2,2
88738,88742,5,2,3
88743,88747,5,1,4
88748,88750,3,1,2
88755,88757,3,1,2
88758,88760,3,1,2
88783,88786,4,1,3
88801,88805,5,4,1
88809,88810,2,1,1
88811,88818,8,2,6
88821,88822,2,1,1
88824,88825,2,1,1
88826,88830,5,4,1
88833,88836,4,2,2
88853,88854,2,1,1
88860,88861,2,1,1
88865,88867,3,1,2
88887,88889,3,1,2
88897,88903,7,6,1
88904,88907,4,2,2
88936,88938,3,2,1
88939,88942,4,3,1
88947,88948,2,1,1
88965,88966,2,1,1
88968,88970,3,1,2
88971,88972,2,1,1
88976,88981,6,4,2
88982,88984,3,2,1
88985,88988,4,2,2
88989,88990,2,1,1
88991,88993,3,1,2
88994,88996,3,1,2
89015,89016,2,1,1
89026,89029,4,1,3
89031,89032,2,1,1
89048,89049,2,1,1
89053,89054,2,1,1
89058,89061,4,3,1
89068,89070,3,1,2
89071,89072,2,1,1
89102,89104,3,1,2
89106,89107,2,1,1
89148,89149,2,1,1
89156,89160,5,1,4
89177,89179,3,1,2
89183,89186,4,2,2
89196,89200,5,1,4
89204,89206,3,2,1
89213,89216,4,3,1
89221,89222,2,1,1
89229,89230,2,1,1
89231,89233,3,2,1
89248,89250,3,1,2
89253,89257,5,1,4
89258,89260,3,1,2
89264,89265,2,1,1
89294,89297,4,1,3
89298,89299,2,1,1
89329,89330,2,1,1
89332,89333,2,1,1
89334,89338,5,3,2
89346,89348,3,2,1
89351,89353,3,1,2
89359,89362,4,2,2
89379,89384,6,4,2
89403,89409,7,4,3
89418,89419,2,1,1
89424,89425,2,1,1
89440,89445,6,1,5
89455,89457,3,2,1
89463,89464,2,1,1
89469,89470,2,1,1
89485,89486,2,1,1
89492,89494,3,1,2
89495,89515,21,20,1
89518,89519,2,1,1
89520,89521,2,1,1
89543,89545,3,1,2
89546,89549,4,2,2
89550,89557,8,7,1
89562,89563,2,1,1
89564,89569,6,4,2
89571,89573,3,1,2
89603,89605,3,2,1
89624,89626,3,1,2
89627,89628,2,1,1
89637,89640,4,3,1
89656,89659,4,1,3
89662,89663,2,1,1
89668,89672,5,4,1
89674,89675,2,1,1
89677,89680,4,2,2
89684,89686,3,1,2
89688,89692,5,1,4
89704,89706,3,1,2
89711,89714,4,1,3
89729,89730,2,1,1
89731,89732,2,1,1
89739,89741,3,1,2
89750,89753,4,3,1
89756,89759,4,1,3
89777,89782,6,4,2
89793,89794,2,1,1
89800,89801,2,1,1
89802,89805,4,1,3
89807,89809,3,1,2
89836,89837,2,1,1
89838,89843,6,1,5
89845,89846,2,1,1
89847,89848,2,1,1
89850,89851,2,1,1
89862,89866,5,1,4
89889,89891,3,1,2
89892,89896,5,3,2
89899,89901,3,2,1
89911,89912,2,1,1
89913,89915,3,2,1
89921,89922,2,1,1
89930,89935,6,1,5
89936,89938,3,1,2
89950,89951,2,1,1
89964,89965,2,1,1
89971,89972,2,1,1
89973,89977,5,1,4
89997,89998,2,1,1
89999,90001,3,1,2
90009,90011,3,1,2
90012,90013,2,1,1
90014,90015,2,1,1
90019,90020,2,1,1
90024,90025,2,1,1
90037,90038,2,1,1
90039,90040,2,1,1
90046,90048,3,1,2
90050,90053,4,2,2
90054,90055,2,1,1
90062,90065,4,1,3
90070,90071,2,1,1
90072,90073,2,1,1
90084,90085,2,1,1
90101,90102,2,1,1
90104,90115,12,2,10
90150,90151,2,1,1
90154,90155,2,1,1
90189,90190,2,1,1
90191,90194,4,1,3
90206,90210,5,4,1
90212,90214,3,1,2
90220,90222,3,1,2
90225,90226,2,1,1
90234,90235,2,1,1
90247,90248,2,1,1
90249,90251,3,1,2
90267,90270,4,2,2
90274,90277,4,3,1
90279,90280,2,1,1
90281,90282,2,1,1
90283,90286,4,3,1
90287,90290,4,1,3
90291,90293,3,1,2
90302,90304,3,1,2
90310,90311,2,1,1
90312,90314,3,1,2
90332,90333,2,1,1
90355,90359,5,4,1
90360,90361,2,1,1
90366,90367,2,1,1
90374,90375,2,1,1
90379,90382,4,2,2
90421,90422,2,1,1
90430,90432,3,2,1
90465,90467,3,2,1
90471,90473,3,2,1
90474,90475,2,1,1
90484,90485,2,1,1
90496,90499,4,1,3
90500,90501,2,1,1
90517,90518,2,1,1
90524,90525,2,1,1
90536,90538,3,2,1
90541,90543,3,2,1
90551,90552,2,1,1
90553,90554,2,1,1
90562,90566,5,2,3
90568,90569,2,1,1
90586,90588,3,1,2
90606,90608,3,1,2
90612,90613,2,1,1
90625,90627,3,1,2
90634,90636,3,1,2
90653,90655,3,1,2
90666,90667,2,1,1
90673,90674,2,1,1
90676,90678,3,2,1
90743,90747,5,2,3
90812,90813,2,1,1
90832,90834,3,1,2
90841,90842,2,1,1
90867,90870,4,1,3
90877,90879,3,2,1
90889,90890,2,1,1
90902,90903,2,1,1
90914,90915,2,1,1
90921,90922,2,1,1
90926,90927,2,1,1
90929,90931,3,2,1
90947,90950,4,1,3
90951,90952,2,1,1
90959,90960,2,1,1
90980,90984,5,1,4
90990,91002,13,6,7
91005,91007,3,1,2
91021,91025,5,1,4
91028,91030,3,2,1
91034,91035,2,1,1
91036,91037,2,1,1
91046,91048,3,2,1
91133,91134,2,1,1
91178,91179,2,1,1
91361,91364,4,2,2
91379,91381,3,1,2
91396,91398,3,1,2
91429,91430,2,1,1
91462,91463,2,1,1
91490,91495,6,5,1
91497,91498,2,1,1
91499,91502,4,3,1
91505,91506,2,1,1
91520,91521,2,1,1
91526,91527,2,1,1
91529,91530,2,1,1
91560,91561,2,1,1
91567,91571,5,1,4
91580,91581,2,1,1
91582,91583,2,1,1
91585,91587,3,2,1
91588,91592,5,2,3
91594,91595,2,1,1
91597,91598,2,1,1
91599,91600,2,1,1
91609,91612,4,1,3
91618,91620,3,1,2
91642,91646,5,2,3
91647,91650,4,1,3
91666,91670,5,2,3
91688,91692,5,4,1
91701,91702,2,1,1
91715,91720,6,1,5
91728,91730,3,1,2
91742,91744,3,2,1
91778,91779,2,1,1
91787,91790,4,2,2
91798,91800,3,1,2
91802,91806,5,1,4
91830,91831,2,1,1
91837,91841,5,2,3
91845,91847,3,1,2
91848,91851,4,2,2
91852,91857,6,1,5
91869,91872,4,1,3
91902,91905,4,1,3
91906,91908,3,2,1
91911,91912,2,1,1
91913,91914,2,1,1
91963,91966,4,2,2
91976,91978,3,2,1
91984,91985,2,1,1
91997,91998,2,1,1
92000,92003,4,1,3
92012,92014,3,2,1
92026,92027,2,1,1
92028,92029,2,1,1
92035,92036,2,1,1
92037,92038,2,1,1
92060,92062,3,2,1
92063,92067,5,4,1
92068,92073,6,5,1
92074,92077,4,2,2
92080,92081,2,1,1
92088,92089,2,1,1
92096,92097,2,1,1
92119,92120,2,1,1
92121,92122,2,1,1
92172,92175,4,2,2
92178,92180,3,1,2
92182,92183,2,1,1
92185,92187,3,1,2
92188,92189,2,1,1
92190,92192,3,1,2
92196,92198,3,2,1
92202,92203,2,1,1
92204,92206,3,1,2
92207,92209,3,2,1
92219,92222,4,1,3
92243,92245,3,1,2
92249,92256,8,4,4
92269,92272,4,2,2
92276,92277,2,1,1
92278,92279,2,1,1
92280,92281,2,1,1
92282,92286,5,2,3
92287,92291,5,1,4
92292,92293,2,1,1
92303,92312,10,7,3
92313,92316,4,3,1
92317,92321,5,4,1
92331,92334,4,1,3
92335,92336,2,1,1
92342,92345,4,3,1
92350,92352,3,2,1
92353,92354,2,1,1
92361,92363,3,2,1
92379,92383,5,1,4
92392,92394,3,1,2
92398,92399,2,1,1
92404,92407,4,3,1
92422,92427,6,4,2
92430,92433,4,3,1
92469,92470,2,1,1
92488,92492,5,2,3
92500,92501,2,1,1
92506,92509,4,2,2
92510,92514,5,1,4
92515,92521,7,3,4
92526,92531,6,1,5
92540,92541,2,1,1
92545,92546,2,1,1
92580,92586,7,4,3
92587,92590,4,3,1
92609,92610,2,1,1
92618,92620,3,1,2
92621,92623,3,2,1
92627,92628,2,1,1
92632,92635,4,3,1
92636,92639,4,1,3
92640,92643,4,1,3
92654,92659,6,4,2
92660,92661,2,1,1
92662,92664,3,1,2
92668,92670,3,2,1
92681,92683,3,1,2
92684,92685,2,1,1
92691,92694,4,3,1
92705,92707,3,2,1
92708,92711,4,2,2
92715,92717,3,2,1
92723,92724,2,1,1
92725,92726,2,1,1
92727,92730,4,1,3
92742,92745,4,1,3
92747,92748,2,1,1
92761,92762,2,1,1
92764,92765,2,1,1
92766,92770,5,2,3
92776,92780,5,1,4
92781,92783,3,2,1
92788,92791,4,1,3
92792,92794,3,1,2
92799,92803,5,2,3
92804,92812,9,3,6
92818,92819,2,1,1
92820,92823,4,2,2
92824,92825,2,1,1
92826,92829,4,3,1
92832,92834,3,1,2
92835,92838,4,2,2
92841,92842,2,1,1
92843,92845,3,1,2
92849,92850,2,1,1
92861,92862,2,1,1
92871,92872,2,1,1
92876,92881,6,2,4
92888,92889,2,1,1
92890,92892,3,1,2
92894,92895,2,1,1
92903,92904,2,1,1
92905,92908,4,3,1
92909,92915,7,4,3
92934,92941,8,6,2
92944,92945,2,1,1
92946,92949,4,1,3
92950,92955,6,2,4
92961,92967,7,6,1
92968,92970,3,2,1
92978,92979,2,1,1
92980,92981,2,1,1
92997,93001,5,1,4
93012,93014,3,1,2
93016,93019,4,3,1
93025,93030,6,5,1
93046,93052,7,5,2
93079,93080,2,1,1
93081,93082,2,1,1
93102,93103,2,1,1
93104,93106,3,1,2
93114,93117,4,3,1
93118,93121,4,3,1
93122,93123,2,1,1
93133,93138,6,1,5
93139,93143,5,4,1
93144,93145,2,1,1
93146,93148,3,1,2
93163,93167,5,2,3
93177,93182,6,4,2
93183,93191,9,2,7
93192,93195,4,1,3
93196,93199,4,1,3
93228,93230,3,1,2
93232,93233,2,1,1
93235,93237,3,2,1
93290,93292,3,2,1
93297,93298,2,1,1
93302,93303,2,1,1
93335,93336,2,1,1
93337,93339,3,2,1
93341,93345,5,1,4
93352,93353,2,1,1
93371,93373,3,2,1
93419,93420,2,1,1
93436,93437,2,1,1
93442,93444,3,1,2
93447,93450,4,1,3
93453,93457,5,1,4
93458,93459,2,1,1
93476,93477,2,1,1
93482,93484,3,1,2
93485,93490,6,2,4
93491,93492,2,1,1
93493,93495,3,2,1
93511,93515,5,2,3
93529,93531,3,1,2
93532,93535,4,2,2
93538,93541,4,3,1
93542,93549,8,6,2
93552,93562,11,8,3
93568,93570,3,2,1
93571,93572,2,1,1
93573,93575,3,1,2
93582,93584,3,2,1
93612,93614,3,2,1
93615,93617,3,1,2
93618,93619,2,1,1
93620,93621,2,1,1
93630,93632,3,2,1
93655,93662,8,5,3
93707,93708,2,1,1
93712,93713,2,1,1
93714,93717,4,3,1
93718,93720,3,1,2
93721,93722,2,1,1
93726,93729,4,1,3
93735,93737,3,2,1
93738,93739,2,1,1
93740,93743,4,3,1
93744,93747,4,2,2
93750,93753,4,3,1
93757,93758,2,1,1
93759,93762,4,1,3
93763,93766,4,2,2
93771,93774,4,3,1
93778,93780,3,2,1
93795,93797,3,2,1
93798,93802,5,1,4
93804,93806,3,1,2
93818,93823,6,2,4
93835,93838,4,3,1
93844,93845,2,1,1
93854,93855,2,1,1
93856,93858,3,1,2
93865,93868,4,3,1
93873,93874,2,1,1
93876,93880,5,4,1
93886,93892,7,1,6
93893,93898,6,5,1
93900,93903,4,1,3
93904,93905,2,1,1
93906,93910,5,4,1
93911,93915,5,1,4
93916,93918,3,2,1
93922,93923,2,1,1
93930,93941,12,10,2
93945,93951,7,1,6
93963,93965,3,1,2
93966,93968,3,1,2
93969,93974,6,4,2
93975,93980,6,4,2
93981,93984,4,3,1
93996,93997,2,1,1
94003,94005,3,1,2
94006,94012,7,2,5
94013,94014,2,1,1
94020,94022,3,2,1
94023,94027,5,4,1
94028,94029,2,1,1
94030,94032,3,1,2
94036,94042,7,6,1
94050,94052,3,2,1
94065,94071,7,4,3
94072,94073,2,1,1
94074,94080,7,5,2
94089,94092,4,3,1
94093,94101,9,6,3
94105,94107,3,1,2
94110,94112,3,1,2
94114,94117,4,3,1
94118,94119,2,1,1
94120,94121,2,1,1
94122,94125,4,1,3
94128,94133,6,1,5
94146,94148,3,2,1
94156,94157,2,1,1
94158,94160,3,2,1
94163,94167,5,2,3
94168,94173,6,1,5
94204,94216,13,11,2
94222,94224,3,1,2
94232,94236,5,4,1
94239,94242,4,2,2
94243,94248,6,1,5
94249,94256,8,7,1
94257,94258,2,1,1
94261,94263,3,2,1
94269,94273,5,4,1
94274,94282,9,8,1
94283,94284,2,1,1
94285,94287,3,2,1
94291,94293,3,2,1
94294,94301,8,7,1
94303,94304,2,1,1
94305,94307,3,2,1
94308,94310,3,2,1
94311,94312,2,1,1
94313,94314,2,1,1
94316,94321,6,5,1
94322,94328,7,6,1
94329,94330,2,1,1
94331,94335,5,4,1
94336,94337,2,1,1
94349,94350,2,1,1
94351,94353,3,2,1
94360,94362,3,1,2
94378,94381,4,3,1
94385,94386,2,1,1
94393,94397,5,1,4
94401,94407,7,3,4
94409,94414,6,5,1
94415,94416,2,1,1
94417,94433,17,2,15
94434,94435,2,1,1
94436,94437,2,1,1
94438,94439,2,1,1
94440,94441,2,1,1
94442,94444,3,1,2
94451,94453,3,2,1
94454,94459,6,5,1
94460,94464,5,1,4
94465,94467,3,1,2
94468,94470,3,2,1
94471,94472,2,1,1
94481,94483,3,2,1
94484,94492,9,1,8
94493,94494,2,1,1
94495,94505,11,2,9
94520,94523,4,2,2
94528,94529,2,1,1
94564,94565,2,1,1
94620,94627,8,4,4
94628,94631,4,3,1
94632,94637,6,4,2
94640,94643,4,2,2
94644,94651,8,4,4
94664,94665,2,1,1
94693,94694,2,1,1
94703,94706,4,1,3
94749,94750,2,1,1
94772,94775,4,2,2
94777,94779,3,2,1
94788,94793,6,1,5
94803,94808,6,2,4
94830,94834,5,2,3
94876,94877,2,1,1
94901,94902,2,1,1
94908,94909,2,1,1
94921,94923,3,1,2
94937,94939,3,1,2
94962,94965,4,2,2
94977,94979,3,1,2
95010,95013,4,3,1
95143,95144,2,1,1
95151,95154,4,1,3
95156,95157,2,1,1
95170,95171,2,1,1
95215,95217,3,1,2
95232,95233,2,1,1
95237,95238,2,1,1
95250,95252,3,2,1
95268,95271,4,2,2
95276,95279,4,2,2
95287,95290,4,2,2
95295,95296,2,1,1
95301,95302,2,1,1
95306,95308,3,1,2
95317,95320,4,3,1
95334,95335,2,1,1
95347,95348,2,1,1
95362,95364,3,1,2
95371,95372,2,1,1
95373,95374,2,1,1
95375,95379,5,1,4
95380,95382,3,1,2
95384,95386,3,2,1
95387,95388,2,1,1
95398,95399,2,1,1
95407,95409,3,2,1
95417,95419,3,2,1
95420,95421,2,1,1
95429,95432,4,1,3
95438,95441,4,2,2
95464,95465,2,1,1
95466,95467,2,1,1
95468,95473,6,5,1
95486,95487,2,1,1
95518,95519,2,1,1
95541,95542,2,1,1
95543,95544,2,1,1
95545,95547,3,1,2
95548,95551,4,2,2
95555,95556,2,1,1
95557,95560,4,2,2
95565,95568,4,3,1
95570,95574,5,1,4
95583,95584,2,1,1
95599,95600,2,1,1
95602,95603,2,1,1
95604,95605,2,1,1
95606,95607,2,1,1
95633,95635,3,2,1
95652,95653,2,1,1
95663,95664,2,1,1
95665,95668,4,2,2
95679,95680,2,1,1
95686,95687,2,1,1
95698,95700,3,1,2
95715,95716,2,1,1
95723,95725,3,1,2
95736,95737,2,1,1
95738,95739,2,1,1
95741,95742,2,1,1
95749,95752,4,3,1
95754,95758,5,4,1
95774,95779,6,2,4
95780,95784,5,2,3
95788,95789,2,1,1
95790,95795,6,4,2
95800,95801,2,1,1
95807,95808,2,1,1
95823,95824,2,1,1
95833,95835,3,1,2
95868,95869,2,1,1
95878,95881,4,3,1
95882,95887,6,1,5
95899,95900,2,1,1
95924,95926,3,2,1
95932,95936,5,3,2
95951,95953,3,2,1
95958,95959,2,1,1
95967,95968,2,1,1
95998,95999,2,1,1
96002,96004,3,2,1
96018,96019,2,1,1
96041,96046,6,1,5
96065,96067,3,2,1
96069,96072,4,1,3
96083,96085,3,2,1
96088,96089,2,1,1
96096,96099,4,3,1
96109,96111,3,1,2
96132,96134,3,1,2
96140,96141,2,1,1
96178,96179,2,1,1
96189,96190,2,1,1
96194,96196,3,2,1
96211,96212,2,1,1
96240,96241,2,1,1
96242,96243,2,1,1
96244,96246,3,1,2
96247,96248,2,1,1
96249,96251,3,2,1
96254,96259,6,3,3
96265,96267,3,2,1
96268,96270,3,1,2
96273,96274,2,1,1
96307,96309,3,1,2
96324,96325,2,1,1
96356,96357,2,1,1
96375,96377,3,1,2
96392,96393,2,1,1
96394,96402,9,1,8
96403,96404,2,1,1
96412,96414,3,2,1
96422,96424,3,1,2
96440,96442,3,2,1
96446,96448,3,2,1
96475,96479,5,3,2
96485,96489,5,1,4
96500,96501,2,1,1
96503,96505,3,1,2
96527,96530,4,1,3
96542,96543,2,1,1
96549,96551,3,2,1
96561,96563,3,1,2
96573,96575,3,2,1
96603,96605,3,1,2
96606,96607,2,1,1
96633,96636,4,1,3
96651,96652,2,1,1
96658,96660,3,1,2
96662,96665,4,1,3
96668,96669,2,1,1
96682,96683,2,1,1
96693,96694,2,1,1
96725,96726,2,1,1
96731,96732,2,1,1
96740,96741,2,1,1
96748,96749,2,1,1
96755,96756,2,1,1
96773,96776,4,1,3
96780,96783,4,1,3
96794,96795,2,1,1
96819,96820,2,1,1
96852,96853,2,1,1
96879,96881,3,1,2
96883,96885,3,2,1
96890,96892,3,2,1
96920,96921,2,1,1
96942,96944,3,1,2
96947,96948,2,1,1
96997,96998,2,1,1
97008,97009,2,1,1
97040,97041,2,1,1
97045,97046,2,1,1
97047,97048,2,1,1
97049,97050,2,1,1
97055,97056,2,1,1
97059,97061,3,2,1
97064,97066,3,2,1
97084,97087,4,2,2
97088,97089,2,1,1
97100,97101,2,1,1
97103,97104,2,1,1
97107,97109,3,2,1
97118,97119,2,1,1
97121,97122,2,1,1
97139,97140,2,1,1
97151,97154,4,2,2
97161,97162,2,1,1
97175,97176,2,1,1
97190,97191,2,1,1
97213,97214,2,1,1
97224,97225,2,1,1
97228,97230,3,1,2
97252,97256,5,1,4
97259,97260,2,1,1
97292,97294,3,2,1
97340,97341,2,1,1
97347,97348,2,1,1
97349,97352,4,3,1
97361,97362,2,1,1
97389,97391,3,2,1
97392,97393,2,1,1
97394,97395,2,1,1
97404,97405,2,1,1
97406,97407,2,1,1
97408,97409,2,1,1
97430,97432,3,1,2
97444,97447,4,2,2
97448,97449,2,1,1
97458,97461,4,3,1
97462,97464,3,1,2
97465,97466,2,1,1
97469,97470,2,1,1
97499,97502,4,2,2
97505,97508,4,1,3
97535,97537,3,1,2
97545,97547,3,2,1
97548,97549,2,1,1
97564,97566,3,2,1
97567,97568,2,1,1
97580,97581,2,1,1
97584,97586,3,2,1
97587,97589,3,1,2
97594,97595,2,1,1
97599,97601,3,2,1
97602,97604,3,1,2
97621,97624,4,2,2
97625,97627,3,1,2
97655,97657,3,2,1
97667,97669,3,2,1
97670,97671,2,1,1
97675,97676,2,1,1
97680,97683,4,2,2
97689,97691,3,1,2
97694,97698,5,2,3
97719,97720,2,1,1
97733,97736,4,2,2
97737,97738,2,1,1
97749,97751,3,1,2
97764,97765,2,1,1
97770,97771,2,1,1
97779,97780,2,1,1
97787,97788,2,1,1
97792,97793,2,1,1
97824,97826,3,1,2
97833,97836,4,2,2
97842,97843,2,1,1
97845,97846,2,1,1
97856,97859,4,3,1
97917,97918,2,1,1
97922,97924,3,1,2
97935,97937,3,1,2
97938,97939,2,1,1
97944,97946,3,1,2
97949,97951,3,1,2
97955,97957,3,2,1
97984,97986,3,2,1
97987,97991,5,4,1
97995,97996,2,1,1
98010,98012,3,2,1
98015,98016,2,1,1
98039,98040,2,1,1
98045,98046,2,1,1
98069,98071,3,2,1
98083,98084,2,1,1
98100,98101,2,1,1
98124,98125,2,1,1
98126,98128,3,2,1
98144,98145,2,1,1
98166,98167,2,1,1
98183,98184,2,1,1
98192,98193,2,1,1
98201,98205,5,3,2
98207,98208,2,1,1
98210,98211,2,1,1
98227,98232,6,2,4
98240,98242,3,2,1
98254,98255,2,1,1
98272,98273,2,1,1
98274,98275,2,1,1
98278,98280,3,2,1
98299,98302,4,1,3
98309,98310,2,1,1
98313,98316,4,2,2
98332,98335,4,1,3
98346,98347,2,1,1
98351,98352,2,1,1
98363,98364,2,1,1
98365,98366,2,1,1
98369,98370,2,1,1
98379,98380,2,1,1
98397,98400,4,2,2
98403,98408,6,1,5
98411,98412,2,1,1
98413,98414,2,1,1
98415,98416,2,1,1
98417,98418,2,1,1
98419,98420,2,1,1
98429,98430,2,1,1
98454,98456,3,1,2
98461,98463,3,1,2
98483,98484,2,1,1
98506,98507,2,1,1
98515,98518,4,2,2
98551,98553,3,1,2
98559,98562,4,3,1
98563,98564,2,1,1
98574,98575,2,1,1
98582,98583,2,1,1
98588,98590,3,2,1
98597,98598,2,1,1
98617,98619,3,2,1
98636,98637,2,1,1
98642,98643,2,1,1
98666,98667,2,1,1
98668,98671,4,3,1
98679,98680,2,1,1
98715,98716,2,1,1
98728,98729,2,1,1
98734,98736,3,1,2
98753,98755,3,1,2
98756,98757,2,1,1
98766,98767,2,1,1
98774,98775,2,1,1
98802,98805,4,3,1
98815,98817,3,1,2
98824,98828,5,2,3
98830,98831,2,1,1
98840,98841,2,1,1
98842,98843,2,1,1
98873,98874,2,1,1
98882,98883,2,1,1
98912,98913,2,1,1
98914,98917,4,2,2
98937,98939,3,1,2
98940,98942,3,1,2
98947,98949,3,1,2
98956,98959,4,2,2
99022,99025,4,3,1
99043,99044,2,1,1
99050,99052,3,2,1
99056,99058,3,1,2
99078,99080,3,1,2
99092,99094,3,1,2
99114,99115,2,1,1
99118,99119,2,1,1
99131,99133,3,2,1
99154,99156,3,1,2
99157,99158,2,1,1
99162,99164,3,1,2
99169,99171,3,1,2
99199,99200,2,1,1
99203,99204,2,1,1
99221,99227,7,3,4
99236,99237,2,1,1
99253,99258,6,1,5
99269,99272,4,3,1
99273,99275,3,2,1
99281,99283,3,1,2
99292,99293,2,1,1
99296,99297,2,1,1
99318,99320,3,1,2
99334,99335,2,1,1
99336,99337,2,1,1
99359,99362,4,3,1
99364,99365,2,1,1
99437,99438,2,1,1
99448,99450,3,1,2
99458,99460,3,1,2
99475,99477,3,2,1
99499,99504,6,4,2
99507,99508,2,1,1
99510,99511,2,1,1
99518,99519,2,1,1
99520,99521,2,1,1
99526,99528,3,1,2
99529,99530,2,1,1
99557,99559,3,2,1
99570,99572,3,2,1
99580,99581,2,1,1
99599,99600,2,1,1
99615,99616,2,1,1
99620,99622,3,1,2
99640,99641,2,1,1
99660,99662,3,1,2
99663,99664,2,1,1
99681,99683,3,1,2
99689,99690,2,1,1
99722,99724,3,1,2
99728,99729,2,1,1
99736,99737,2,1,1
99768,99770,3,1,2
99772,99774,3,1,2
99786,99787,2,1,1
99793,99794,2,1,1
99803,99804,2,1,1
99818,99820,3,1,2
99828,99829,2,1,1
99848,99850,3,2,1
99852,99854,3,2,1
99860,99861,2,1,1
99865,99866,2,1,1
99871,99873,3,2,1
99880,99882,3,1,2
99890,99892,3,1,2
99906,99909,4,2,2
99938,99939,2,1,1
100004,100006,3,2,1
100020,100021,2,1,1
100031,100032,2,1,1
100055,100058,4,1,3
100060,100065,6,4,2
100074,100075,2,1,1
100078,100079,2,1,1
100095,100096,2,1,1
100104,100105,2,1,1
100115,100116,2,1,1
100124,100126,3,1,2
100176,100177,2,1,1
100189,100191,3,1,2
100204,100205,2,1,1
100206,100207,2,1,1
100208,100212,5,4,1
100213,100214,2,1,1
100217,100218,2,1,1
100228,100230,3,2,1
100248,100249,2,1,1
100263,100264,2,1,1
100273,100276,4,3,1
100278,100279,2,1,1
100297,100300,4,2,2
100301,100304,4,2,2
100305,100306,2,1,1
100315,100316,2,1,1
100317,100319,3,2,1
100356,100357,2,1,1
100374,100375,2,1,1
100421,100422,2,1,1
100424,100426,3,1,2
100436,100439,4,1,3
100446,100451,6,5,1
100460,100462,3,1,2
100510,100512,3,1,2
100556,100558,3,1,2
100562,100563,2,1,1
100588,100591,4,1,3
100603,100604,2,1,1
100605,100612,8,1,7
100613,100614,2,1,1
100637,100640,4,2,2
100652,100654,3,2,1
100661,100662,2,1,1
100667,100668,2,1,1
100672,100673,2,1,1
100686,100687,2,1,1
100708,100709,2,1,1
100715,100717,3,1,2
100719,100720,2,1,1
100748,100750,3,1,2
100759,100760,2,1,1
100800,100802,3,1,2
100809,100811,3,1,2
100825,100826,2,1,1
100831,100832,2,1,1
100853,100854,2,1,1
100855,100856,2,1,1
100859,100860,2,1,1
100864,100865,2,1,1
100897,100901,5,1,4
100924,100926,3,2,1
100930,100934,5,2,3
100964,100967,4,3,1
100968,100969,2,1,1
100971,100972,2,1,1
100975,100977,3,2,1
101021,101022,2,1,1
101050,101051,2,1,1
101097,101098,2,1,1
101105,101108,4,3,1
101109,101110,2,1,1
101116,101117,2,1,1
101129,101130,2,1,1
101132,101136,5,1,4
101137,101138,2,1,1
101164,101165,2,1,1
101168,101169,2,1,1
101171,101172,2,1,1
101214,101216,3,2,1
101222,101223,2,1,1
101234,101235,2,1,1
101243,101244,2,1,1
101248,101253,6,1,5
101254,101255,2,1,1
101257,101258,2,1,1
101270,101272,3,1,2
101278,101281,4,1,3
101282,101283,2,1,1
101286,101287,2,1,1
101293,101294,2,1,1
101321,101322,2,1,1
101323,101326,4,2,2
101330,101331,2,1,1
101332,101333,2,1,1
101363,101364,2,1,1
101370,101372,3,2,1
101391,101394,4,2,2
101402,101404,3,2,1
101408,101409,2,1,1
101444,101445,2,1,1
101458,101460,3,2,1
101488,101489,2,1,1
101522,101523,2,1,1
101527,101528,2,1,1
101552,101554,3,2,1
101556,101559,4,3,1
101568,101569,2,1,1
101581,101582,2,1,1
101585,101586,2,1,1
101592,101595,4,1,3
101637,101641,5,1,4
101652,101654,3,2,1
101660,101661,2,1,1
101684,101688,5,1,4
101694,101696,3,2,1
101699,101700,2,1,1
101714,101719,6,2,4
101723,101725,3,1,2
101763,101765,3,1,2
101767,101769,3,2,1
101789,101790,2,1,1
101795,101796,2,1,1
101801,101802,2,1,1
101803,101805,3,1,2
101809,101810,2,1,1
101823,101824,2,1,1
101825,101827,3,1,2
101828,101831,4,1,3
101835,101836,2,1,1
101839,101840,2,1,1
101854,101855,2,1,1
101857,101858,2,1,1
101863,101864,2,1,1
101865,101866,2,1,1
101868,101870,3,1,2
101871,101872,2,1,1
101873,101874,2,1,1
101901,101902,2,1,1
101917,101918,2,1,1
101922,101923,2,1,1
101936,101937,2,1,1
101955,101956,2,1,1
101958,101961,4,1,3
101967,101969,3,1,2
101973,101974,2,1,1
102016,102019,4,1,3
102078,102079,2,1,1
102098,102100,3,1,2
102147,102148,2,1,1
102156,102162,7,2,5
102172,102174,3,1,2
102239,102240,2,1,1
102273,102276,4,3,1
102323,102324,2,1,1
102331,102332,2,1,1
102348,102352,5,2,3
102395,102397,3,1,2
102406,102413,8,2,6
102414,102415,2,1,1
102429,102432,4,2,2
102433,102434,2,1,1
102448,102449,2,1,1
102462,102463,2,1,1
102538,102539,2,1,1
102555,102557,3,2,1
102558,102559,2,1,1
102572,102573,2,1,1
102597,102598,2,1,1
102602,102603,2,1,1
102604,102607,4,1,3
102610,102611,2,1,1
102614,102616,3,2,1
102620,102622,3,2,1
102643,102645,3,1,2
102646,102653,8,7,1
102657,102659,3,1,2
102670,102671,2,1,1
102719,102720,2,1,1
102732,102734,3,1,2
102739,102742,4,1,3
102753,102755,3,2,1
102756,102758,3,2,1
102759,102762,4,3,1
102763,102769,7,3,4
102783,102785,3,1,2
102786,102789,4,1,3
102796,102799,4,1,3
102817,102819,3,1,2
102820,102822,3,1,2
102836,102838,3,2,1
102839,102843,5,3,2
102851,102853,3,1,2
102854,102855,2,1,1
102856,102859,4,1,3
102860,102863,4,1,3
102864,102869,6,3,3
102870,102872,3,1,2
102873,102875,3,1,2
102884,102885,2,1,1
102893,102894,2,1,1
102895,102896,2,1,1
102906,102907,2,1,1
102911,102913,3,1,2
102923,102925,3,1,2
102927,102930,4,3,1
102931,102934,4,3,1
102943,102944,2,1,1
102946,102948,3,1,2
102949,102950,2,1,1
102951,102953,3,1,2
102954,102955,2,1,1
102960,102961,2,1,1
102991,102996,6,5,1
103000,103002,3,2,1
103003,103011,9,2,7
103021,103022,2,1,1
103028,103030,3,2,1
103031,103033,3,1,2
103040,103044,5,4,1
103047,103048,2,1,1
103049,103051,3,1,2
103055,103059,5,1,4
103063,103064,2,1,1
103065,103068,4,1,3
103082,103084,3,2,1
103089,103093,5,1,4
103094,103095,2,1,1
103102,103103,2,1,1
103104,103107,4,3,1
103108,103109,2,1,1
103123,103124,2,1,1
103130,103134,5,3,2
103138,103140,3,2,1
103147,103148,2,1,1
103149,103151,3,1,2
103152,103153,2,1,1
103159,103161,3,1,2
103178,103182,5,2,3
103189,103191,3,2,1
103197,103203,7,1,6
103209,103211,3,2,1
103222,103223,2,1,1
103231,103232,2,1,1
103233,103234,2,1,1
103238,103240,3,2,1
103244,103245,2,1,1
103248,103249,2,1,1
103251,103253,3,1,2
103258,103259,2,1,1
103272,103274,3,1,2
103275,103277,3,2,1
103278,103283,6,2,4
103288,103289,2,1,1
103302,103303,2,1,1
103304,103308,5,2,3
103317,103324,8,7,1
103325,103329,5,1,4
103335,103339,5,2,3
103347,103349,3,2,1
103350,103351,2,1,1
103352,103354,3,2,1
103357,103358,2,1,1
103364,103367,4,3,1
103379,103382,4,3,1
103383,103384,2,1,1
103408,103410,3,2,1
103417,103418,2,1,1
103419,103422,4,2,2
103443,103444,2,1,1
103445,103446,2,1,1
103448,103449,2,1,1
103450,103451,2,1,1
103476,103477,2,1,1
103480,103483,4,1,3
103484,103486,3,1,2
103487,103489,3,1,2
103490,103494,5,1,4
103495,103497,3,1,2
103504,103506,3,2,1
103507,103510,4,2,2
103518,103522,5,1,4
103538,103539,2,1,1
103543,103544,2,1,1
103545,103548,4,1,3
103575,103576,2,1,1
103579,103581,3,1,2
103585,103586,2,1,1
103588,103590,3,1,2
103597,103598,2,1,1
103607,103609,3,1,2
103616,103618,3,1,2
103645,103646,2,1,1
103647,103648,2,1,1
103650,103652,3,1,2
103657,103661,5,2,3
103677,103679,3,2,1
103680,103681,2,1,1
103688,103692,5,4,1
103696,103697,2,1,1
103702,103705,4,3,1
103727,103731,5,1,4
103739,103743,5,1,4
103746,103749,4,2,2
103750,103751,2,1,1
103753,103754,2,1,1
103756,103757,2,1,1
103769,103772,4,1,3
103773,103774,2,1,1
103775,103777,3,1,2
103804,103806,3,1,2
103817,103819,3,1,2
103830,103834,5,1,4
103835,103839,5,3,2
103849,103851,3,1,2
103876,103879,4,1,3
103894,103895,2,1,1
103897,103898,2,1,1
103901,103904,4,2,2
103938,103940,3,1,2
103955,103959,5,3,2
103962,103967,6,3,3
103968,103969,2,1,1
103980,103981,2,1,1
103996,103998,3,2,1
104003,104004,2,1,1
104006,104010,5,4,1
104014,104015,2,1,1
104053,104057,5,1,4
104061,104064,4,3,1
104065,104068,4,1,3
104094,104095,2,1,1
104097,104101,5,1,4
104115,104116,2,1,1
104117,104119,3,2,1
104129,104133,5,2,3
104164,104169,6,3,3
104178,104180,3,1,2
104182,104184,3,1,2
104192,104196,5,1,4
104206,104207,2,1,1
104217,104220,4,3,1
104230,104231,2,1,1
104236,104238,3,1,2
104239,104243,5,2,3
104244,104245,2,1,1
104261,104262,2,1,1
104263,104267,5,1,4
104268,104269,2,1,1
104286,104289,4,2,2
104295,104297,3,1,2
104298,104300,3,1,2
104309,104311,3,2,1
104331,104332,2,1,1
104345,104347,3,1,2
104349,104351,3,2,1
104373,104374,2,1,1
104415,104417,3,1,2
104420,104422,3,1,2
104453,104454,2,1,1
104459,104460,2,1,1
104461,104462,2,1,1
104465,104466,2,1,1
104467,104468,2,1,1
104469,104471,3,2,1
104474,104477,4,2,2
104479,104480,2,1,1
104481,104483,3,2,1
104500,104502,3,1,2
104503,104504,2,1,1
104511,104512,2,1,1
104513,104514,2,1,1
104528,104529,2,1,1
104553,104555,3,1,2
104565,104566,2,1,1
104578,104580,3,2,1
104582,104585,4,2,2
104605,104607,3,2,1
104619,104620,2,1,1
104621,104624,4,3,1
104651,104654,4,1,3
104670,104671,2,1,1
104685,104688,4,1,3
104699,104701,3,2,1
104702,104703,2,1,1
104731,104733,3,2,1
104906,104907,2,1,1
104933,104934,2,1,1
105010,105011,2,1,1
105108,105109,2,1,1
105181,105184,4,2,2
105190,105191,2,1,1
105287,105289,3,1,2
105324,105327,4,1,3
105456,105461,6,4,2
105492,105494,3,1,2
105541,105542,2,1,1
105543,105546,4,3,1
105621,105627,7,1,6
105807,105808,2,1,1
105892,105894,3,1,2
105895,105896,2,1,1
105897,105899,3,2,1
105954,105964,11,4,7
105994,105996,3,2,1
106022,106029,8,1,7
106227,106232,6,4,2
106348,106349,2,1,1
106411,106412,2,1,1
106413,106414,2,1,1
106495,106496,2,1,1
106565,106568,4,1,3
106580,106582,3,2,1
106599,106600,2,1,1
106685,106687,3,1,2
106698,106702,5,4,1
106756,106757,2,1,1
106758,106761,4,2,2
106765,106766,2,1,1
106809,106810,2,1,1
106816,106817,2,1,1
106888,106892,5,1,4
106908,106911,4,2,2
106918,106919,2,1,1
106925,106926,2,1,1
106948,106953,6,1,5
106960,106961,2,1,1
106969,106972,4,1,3
106973,106975,3,1,2
107060,107061,2,1,1
107064,107065,2,1,1
107072,107076,5,4,1
107079,107081,3,1,2
107092,107094,3,2,1
107497,107499,3,1,2
107500,107501,2,1,1
107502,107504,3,2,1
107511,107518,8,3,5
107519,107520,2,1,1
107524,107526,3,2,1
107530,107533,4,2,2
107535,107537,3,2,1
107539,107540,2,1,1
107548,107551,4,2,2
107552,107554,3,2,1
107555,107559,5,2,3
107562,107563,2,1,1
107572,107575,4,1,3
107585,107587,3,1,2
107588,107590,3,1,2
107595,107599,5,2,3
107618,107619,2,1,1
107655,107657,3,2,1
107757,107758,2,1,1
107759,107763,5,4,1
107764,107765,2,1,1
107771,107775,5,3,2
107776,107778,3,1,2
107790,107792,3,2,1
107797,107800,4,2,2
107809,107811,3,2,1
107816,107817,2,1,1
107822,107826,5,3,2
107832,107835,4,2,2
107841,107842,2,1,1
107851,107852,2,1,1
107859,107861,3,1,2
107874,107876,3,2,1
108004,108006,3,1,2
108007,108009,3,2,1
108010,108014,5,4,1
108015,108021,7,6,1
108022,108025,4,3,1
108032,108034,3,2,1
108035,108041,7,6,1
108042,108043,2,1,1
108044,108048,5,2,3
108049,108053,5,4,1
108054,108055,2,1,1
108056,108059,4,3,1
108060,108063,4,3,1
108064,108072,9,8,1
108073,108076,4,2,2
108077,108080,4,1,3
108081,108085,5,3,2
108086,108088,3,1,2
108089,108090,2,1,1
108091,108094,4,3,1
108095,108097,3,2,1
108098,108100,3,2,1
108104,108107,4,1,3
108108,108110,3,2,1
108113,108116,4,3,1
108117,108118,2,1,1
108119,108121,3,1,2
108122,108124,3,2,1
108125,108130,6,4,2
108131,108138,8,7,1
108142,108146,5,3,2
108147,108149,3,1,2
108150,108157,8,7,1
108162,108163,2,1,1
108175,108179,5,4,1
108182,108185,4,3,1
108187,108188,2,1,1
108189,108190,2,1,1
108191,108192,2,1,1
108193,108202,10,5,5
108203,108208,6,5,1
108209,108213,5,4,1
108218,108227,10,5,5
108228,108231,4,2,2
108232,108237,6,4,2
108238,108243,6,3,3
108244,108248,5,3,2
108249,108250,2,1,1
108252,108254,3,1,2
108255,108258,4,3,1
108261,108266,6,5,1
108267,108271,5,2,3
108272,108275,4,3,1
108277,108280,4,3,1
108281,108284,4,3,1
108285,108286,2,1,1
108287,108290,4,1,3
108291,108295,5,1,4
108296,108298,3,1,2
108299,108300,2,1,1
108301,108302,2,1,1
108303,108305,3,2,1
108306,108309,4,3,1
108312,108316,5,2,3
108321,108323,3,2,1
108324,108328,5,3,2
108329,108333,5,4,1
108334,108336,3,1,2
108337,108339,3,1,2
108343,108346,4,2,2
108351,108359,9,5,4
108360,108361,2,1,1
108362,108364,3,2,1
108365,108373,9,6,3
108374,108377,4,3,1
108378,108379,2,1,1
108384,108386,3,1,2
108387,108389,3,1,2
108390,108394,5,1,4
108395,108396,2,1,1
108397,108401,5,4,1
108402,108403,2,1,1
108404,108405,2,1,1
108406,108408,3,1,2
108409,108411,3,1,2
108417,108421,5,4,1
108424,108425,2,1,1
108426,108428,3,1,2
108429,108430,2,1,1
108431,108432,2,1,1
108433,108435,3,1,2
108436,108438,3,2,1
108440,108441,2,1,1
108442,108443,2,1,1
108444,108445,2,1,1
108446,108447,2,1,1
108448,108449,2,1,1
108450,108453,4,2,2
108454,108458,5,3,2
108459,108462,4,1,3
108463,108466,4,3,1
108471,108475,5,1,4
108476,108477,2,1,1
108479,108481,3,1,2
108484,108487,4,1,3
108488,108489,2,1,1
108490,108492,3,1,2
108493,108494,2,1,1
108495,108496,2,1,1
108497,108500,4,2,2
108501,108502,2,1,1
108503,108504,2,1,1
108505,108510,6,1,5
108511,108512,2,1,1
108513,108515,3,1,2
108517,108518,2,1,1
108519,108528,10,9,1
108529,108532,4,2,2
108538,108543,6,3,3
108544,108546,3,2,1
108547,108550,4,3,1
108551,108553,3,1,2
108554,108556,3,2,1
108557,108558,2,1,1
108564,108565,2,1,1
108567,108570,4,1,3
108571,108576,6,4,2
108577,108580,4,2,2
108581,108582,2,1,1
108583,108584,2,1,1
108585,108589,5,3,2
108595,108602,8,2,6
108604,108608,5,3,2
108609,108610,2,1,1
108612,108617,6,4,2
108618,108624,7,6,1
108625,108626,2,1,1
108627,108628,2,1,1
108629,108632,4,2,2
108633,108639,7,5,2
108642,108645,4,2,2
108654,108655,2,1,1
108656,108657,2,1,1
108658,108661,4,3,1
108662,108665,4,2,2
108666,108670,5,2,3
108674,108678,5,2,3
108684,108696,13,7,6
108697,108698,2,1,1
108699,108704,6,3,3
108709,108711,3,1,2
108715,108716,2,1,1
108724,108726,3,2,1
108727,108729,3,1,2
108730,108733,4,2,2
108742,108746,5,3,2
108747,108750,4,2,2
108751,108754,4,3,1
108755,108757,3,2,1
108758,108759,2,1,1
108760,108764,5,2,3
108765,108771,7,5,2
108772,108777,6,2,4
108778,108780,3,2,1
108781,108783,3,2,1
108784,108785,2,1,1
108786,108787,2,1,1
108788,108791,4,1,3
108796,108799,4,3,1
108801,108802,2,1,1
108803,108804,2,1,1
108805,108807,3,1,2
108808,108809,2,1,1
108815,108817,3,2,1
108819,108822,4,3,1
108823,108828,6,4,2
108829,108833,5,1,4
108834,108836,3,2,1
108837,108841,5,4,1
108845,108850,6,5,1
108851,108854,4,3,1
108856,108857,2,1,1
108861,108865,5,4,1
108866,108867,2,1,1
108868,108870,3,1,2
108871,108872,2,1,1
108873,108876,4,2,2
108877,108878,2,1,1
108881,108882,2,1,1
108887,108890,4,3,1
108891,108893,3,2,1
108896,108901,6,3,3
108902,108906,5,2,3
108907,108908,2,1,1
108909,108911,3,1,2
108912,108914,3,2,1
108915,108919,5,2,3
108920,108926,7,6,1
108927,108929,3,2,1
108930,108931,2,1,1
108932,108933,2,1,1
108934,108939,6,1,5
108945,108949,5,4,1
108950,108951,2,1,1
108952,108955,4,3,1
108956,108960,5,2,3
108964,108968,5,1,4
108969,108970,2,1,1
108971,108973,3,2,1
108974,108977,4,3,1
108978,108980,3,1,2
108981,108984,4,2,2
108989,108990,2,1,1
108991,108994,4,3,1
109005,109008,4,3,1
109009,109012,4,2,2
109013,109014,2,1,1
109017,109020,4,2,2
109021,109022,2,1,1
109028,109032,5,3,2
109033,109035,3,2,1
109040,109042,3,2,1
109043,109044,2,1,1
109049,109051,3,2,1
109065,109067,3,1,2
109068,109076,9,5,4
109081,109083,3,2,1
109084,109087,4,3,1
109089,109090,2,1,1
109091,109092,2,1,1
109094,109095,2,1,1
109101,109103,3,1,2
109104,109106,3,2,1
109113,109116,4,2,2
109117,109120,4,1,3
109121,109123,3,2,1
109130,109133,4,2,2
109134,109137,4,1,3
109138,109141,4,2,2
109143,109149,7,6,1
109150,109151,2,1,1
109152,109154,3,2,1
109164,109165,2,1,1
109169,109172,4,3,1
109185,109186,2,1,1
109187,109189,3,1,2
109195,109197,3,2,1
109198,109199,2,1,1
109202,109204,3,1,2
109205,109206,2,1,1
109207,109210,4,3,1
109211,109213,3,1,2
109224,109230,7,1,6
109231,109232,2,1,1
109237,109238,2,1,1
109249,109250,2,1,1
109251,109253,3,2,1
109254,109258,5,2,3
109259,109260,2,1,1
109261,109264,4,2,2
109269,109271,3,2,1
109279,109281,3,1,2
109282,109284,3,1,2
109285,109286,2,1,1
109287,109290,4,2,2
109291,109292,2,1,1
109297,109298,2,1,1
109304,109306,3,1,2
109307,109310,4,3,1
109311,109312,2,1,1
109318,109326,9,6,3
109329,109330,2,1,1
109335,109340,6,1,5
109345,109346,2,1,1
109347,109350,4,1,3
109353,109355,3,2,1
109358,109360,3,1,2
109363,109367,5,1,4
109370,109371,2,1,1
109372,109373,2,1,1
109379,109380,2,1,1
109381,109384,4,3,1
109385,109386,2,1,1
109387,109390,4,2,2
109393,109395,3,2,1
109399,109400,2,1,1
109403,109406,4,3,1
109407,109410,4,1,3
109411,109414,4,2,2
109418,109419,2,1,1
109421,109422,2,1,1
109425,109428,4,3,1
109429,109430,2,1,1
109432,109436,5,4,1
109437,109438,2,1,1
109439,109441,3,2,1
109443,109447,5,1,4
109448,109449,2,1,1
109450,109452,3,1,2
109453,109456,4,2,2
109457,109458,2,1,1
109459,109462,4,1,3
109465,109469,5,4,1
109496,109497,2,1,1
109498,109500,3,2,1
109501,109505,5,1,4
109506,109508,3,1,2
109509,109512,4,2,2
109513,109515,3,2,1
109518,109520,3,1,2
109521,109524,4,1,3
109530,109532,3,2,1
109540,109545,6,1,5
109551,109552,2,1,1
109553,109556,4,3,1
109569,109571,3,1,2
109574,109577,4,3,1
109578,109579,2,1,1
109580,109583,4,2,2
109584,109587,4,3,1
109591,109599,9,3,6
109600,109602,3,1,2
109607,109608,2,1,1
109609,109611,3,2,1
109612,109614,3,2,1
109615,109619,5,1,4
109622,109629,8,6,2
109639,109641,3,2,1
109642,109644,3,1,2
109645,109656,12,10,2
109668,109669,2,1,1
109670,109673,4,1,3
109674,109675,2,1,1
109676,109678,3,1,2
109686,109687,2,1,1
109688,109690,3,2,1
109692,109696,5,4,1
109702,109704,3,1,2
109707,109708,2,1,1
109709,109712,4,1,3
109713,109715,3,1,2
109716,109718,3,2,1
109721,109723,3,2,1
109724,109725,2,1,1
109726,109730,5,4,1
109737,109738,2,1,1
109741,109743,3,1,2
109749,109752,4,2,2
109753,109755,3,1,2
109756,109757,2,1,1
109759,109761,3,2,1
109766,109767,2,1,1
109768,109772,5,2,3
109773,109776,4,3,1
109778,109781,4,3,1
109782,109785,4,2,2
109786,109790,5,1,4
109791,109794,4,1,3
109803,109806,4,3,1
109808,109810,3,1,2
109811,109813,3,2,1
109821,109828,8,7,1
109829,109836,8,6,2
109843,109848,6,2,4
109850,109853,4,3,1
109854,109856,3,1,2
109857,109858,2,1,1
109859,109862,4,1,3
109863,109865,3,2,1
109868,109874,7,2,5
109875,109881,7,4,3
109884,109885,2,1,1
109899,109901,3,2,1
109902,109905,4,3,1
109907,109908,2,1,1
109909,109910,2,1,1
109923,109924,2,1,1
109927,109933,7,1,6
109934,109936,3,2,1
109937,109938,2,1,1
109939,109940,2,1,1
109945,109947,3,1,2
109948,109950,3,2,1
109952,109956,5,3,2
109960,109961,2,1,1
109962,109963,2,1,1
109965,109967,3,1,2
109968,109973,6,2,4
109975,109981,7,1,6
109982,109983,2,1,1
109984,109986,3,1,2
109988,109989,2,1,1
109995,109996,2,1,1
110001,110003,3,2,1
110010,110013,4,3,1
110014,110015,2,1,1
110016,110021,6,4,2
110029,110031,3,2,1
110032,110033,2,1,1
110046,110047,2,1,1
110048,110050,3,1,2
110063,110064,2,1,1
110065,110068,4,1,3
110076,110079,4,2,2
110082,110085,4,2,2
110088,110089,2,1,1
110093,110094,2,1,1
110103,110107,5,2,3
110110,110113,4,1,3
110118,110122,5,2,3
110123,110125,3,2,1
110127,110133,7,2,5
110136,110140,5,3,2
110141,110145,5,2,3
110146,110147,2,1,1
110148,110150,3,1,2
110152,110153,2,1,1
110154,110157,4,3,1
110161,110164,4,2,2
110169,110170,2,1,1
110171,110173,3,1,2
110179,110183,5,2,3
110186,110187,2,1,1
110195,110200,6,4,2
110201,110202,2,1,1
110203,110205,3,1,2
110211,110212,2,1,1
110221,110224,4,1,3
110225,110226,2,1,1
110227,110228,2,1,1
110229,110233,5,2,3
110234,110237,4,1,3
110238,110240,3,2,1
110248,110250,3,2,1
110251,110252,2,1,1
110255,110259,5,4,1
110260,110264,5,2,3
110265,110268,4,2,2
110273,110274,2,1,1
110275,110278,4,2,2
110279,110280,2,1,1
110281,110283,3,2,1
110284,110291,8,6,2
110297,110298,2,1,1
110301,110307,7,3,4
110308,110309,2,1,1
110314,110317,4,1,3
110320,110321,2,1,1
110324,110325,2,1,1
110326,110329,4,1,3
110333,110336,4,1,3
110337,110340,4,1,3
110341,110342,2,1,1
110358,110364,7,2,5
110365,110367,3,1,2
110368,110369,2,1,1
110370,110371,2,1,1
110388,110392,5,1,4
110393,110395,3,2,1
110399,110403,5,1,4
110404,110405,2,1,1
110406,110412,7,6,1
110415,110419,5,2,3
110420,110422,3,1,2
110423,110427,5,3,2
110428,110429,2,1,1
110430,110432,3,1,2
110433,110436,4,3,1
110437,110439,3,2,1
110440,110442,3,1,2
110443,110447,5,3,2
110448,110450,3,2,1
110451,110455,5,1,4
110458,110461,4,1,3
110462,110467,6,4,2
110473,110475,3,1,2
110477,110481,5,2,3
110483,110485,3,2,1
110487,110490,4,3,1
110491,110494,4,2,2
110496,110497,2,1,1
110501,110503,3,2,1
110504,110506,3,2,1
110510,110513,4,1,3
110515,110517,3,1,2
110520,110523,4,2,2
110524,110528,5,1,4
110534,110536,3,2,1
110538,110539,2,1,1
110540,110541,2,1,1
110542,110543,2,1,1
110544,110546,3,1,2
110550,110553,4,1,3
110554,110557,4,3,1
110558,110560,3,2,1
110561,110562,2,1,1
110564,110566,3,2,1
110569,110570,2,1,1
110571,110574,4,2,2
110577,110581,5,4,1
110582,110583,2,1,1
110584,110585,2,1,1
110586,110591,6,3,3
110592,110593,2,1,1
110601,110605,5,1,4
110606,110609,4,3,1
110610,110612,3,2,1
110616,110622,7,2,5
110623,110626,4,2,2
110627,110628,2,1,1
110629,110632,4,1,3
110637,110640,4,3,1
110642,110646,5,3,2
110647,110648,2,1,1
110649,110650,2,1,1
110651,110653,3,2,1
110654,110657,4,1,3
110659,110661,3,2,1
110662,110670,9,8,1
110674,110676,3,1,2
110677,110680,4,3,1
110681,110682,2,1,1
110683,110685,3,2,1
110686,110688,3,1,2
110695,110696,2,1,1
110698,110704,7,6,1
110705,110707,3,1,2
110708,110711,4,1,3
110721,110725,5,4,1
110726,110730,5,3,2
110737,110739,3,1,2
110742,110748,7,3,4
110749,110750,2,1,1
110751,110752,2,1,1
110767,110768,2,1,1
110771,110772,2,1,1
110773,110775,3,1,2
110777,110778,2,1,1
110779,110787,9,5,4
110788,110790,3,2,1
110791,110795,5,4,1
110800,110801,2,1,1
110802,110803,2,1,1
110807,110809,3,2,1
110810,110812,3,1,2
110813,110814,2,1,1
110815,110817,3,2,1
110822,110825,4,2,2
110826,110830,5,4,1
110831,110832,2,1,1
110833,110835,3,1,2
110838,110839,2,1,1
110840,110841,2,1,1
110842,110844,3,1,2
110845,110847,3,2,1
110848,110849,2,1,1
110850,110854,5,2,3
110857,110861,5,2,3
110865,110874,10,9,1
110875,110877,3,1,2
110881,110883,3,1,2
110884,110894,11,1,10
110895,110898,4,2,2
110899,110903,5,2,3
110904,110905,2,1,1
110913,110915,3,1,2
110927,110929,3,2,1
110934,110937,4,1,3
110945,110947,3,2,1
110948,110949,2,1,1
110950,110952,3,1,2
110953,110959,7,6,1
110960,110963,4,3,1
110968,110971,4,2,2
110972,110976,5,1,4
110979,110980,2,1,1
110981,110984,4,1,3
110987,110989,3,1,2
110990,110998,9,5,4
110999,111000,2,1,1
111014,111015,2,1,1
111016,111017,2,1,1
111018,111022,5,1,4
111026,111031,6,4,2
111032,111034,3,1,2
111035,111036,2,1,1
111037,111039,3,1,2
111042,111045,4,3,1
111046,111048,3,2,1
111050,111053,4,1,3
111062,111063,2,1,1
111067,111068,2,1,1
111071,111072,2,1,1
111073,111076,4,1,3
111078,111083,6,5,1
111084,111090,7,6,1
111102,111108,7,6,1
111109,111113,5,1,4
111114,111121,8,1,7
111126,111128,3,1,2
111130,111138,9,7,2
111142,111143,2,1,1
111146,111149,4,3,1
111154,111157,4,1,3
111158,111163,6,1,5
111165,111168,4,2,2
111169,111172,4,1,3
111173,111179,7,4,3
111180,111182,3,2,1
111185,111187,3,1,2
111188,111192,5,2,3
111197,111200,4,2,2
111201,111203,3,2,1
111205,111207,3,1,2
111212,111213,2,1,1
111217,111218,2,1,1
111219,111221,3,2,1
111232,111238,7,3,4
111239,111240,2,1,1
111241,111243,3,1,2
111244,111245,2,1,1
111246,111248,3,2,1
111249,111250,2,1,1
111258,111261,4,1,3
111269,111276,8,5,3
111286,111288,3,2,1
111290,111292,3,2,1
111293,111297,5,2,3
111298,111303,6,2,4
111304,111308,5,2,3
111312,111313,2,1,1
111319,111320,2,1,1
111321,111322,2,1,1
111323,111326,4,1,3
111327,111333,7,6,1
111334,111338,5,1,4
111349,111351,3,2,1
111352,111353,2,1,1
111361,111364,4,2,2
111365,111366,2,1,1
111367,111371,5,4,1
111372,111373,2,1,1
111374,111376,3,2,1
111377,111379,3,2,1
111380,111384,5,2,3
111392,111396,5,4,1
111397,111398,2,1,1
111399,111402,4,3,1
111403,111407,5,2,3
111411,111415,5,2,3
111416,111420,5,2,3
111423,111425,3,2,1
111427,111432,6,4,2
111433,111435,3,1,2
111436,111441,6,3,3
111445,111446,2,1,1
111447,111451,5,3,2
111452,111454,3,1,2
111457,111458,2,1,1
111459,111460,2,1,1
111483,111485,3,1,2
111486,111488,3,1,2
111500,111501,2,1,1
111502,111504,3,2,1
111505,111506,2,1,1
111516,111519,4,3,1
111522,111525,4,1,3
111526,111530,5,3,2
111531,111536,6,2,4
111543,111545,3,2,1
111549,111550,2,1,1
111551,111556,6,1,5
111557,111558,2,1,1
111559,111561,3,1,2
111565,111566,2,1,1
111567,111572,6,5,1
111573,111575,3,2,1
111583,111586,4,3,1
111587,111592,6,2,4
111593,111594,2,1,1
111600,111604,5,1,4
111605,111607,3,1,2
111612,111614,3,2,1
111615,111617,3,1,2
111618,111620,3,2,1
111621,111622,2,1,1
111625,111627,3,1,2
111631,111635,5,4,1
111647,111648,2,1,1
111649,111651,3,1,2
111656,111658,3,2,1
111659,111662,4,2,2
111663,111666,4,1,3
111667,111668,2,1,1
111672,111675,4,2,2
111676,111680,5,2,3
111682,111686,5,2,3
111687,111689,3,1,2
111690,111693,4,2,2
111694,111704,11,4,7
111708,111710,3,2,1
111711,111713,3,2,1
111721,111723,3,2,1
111724,111725,2,1,1
111739,111747,9,1,8
111748,111752,5,4,1
111753,111755,3,1,2
111756,111758,3,2,1
111761,111763,3,1,2
111764,111768,5,3,2
111769,111773,5,3,2
111774,111776,3,2,1
111777,111782,6,5,1
111783,111787,5,3,2
111791,111796,6,4,2
111797,111801,5,1,4
111802,111803,2,1,1
111807,111811,5,1,4
111812,111815,4,2,2
111820,111822,3,1,2
111824,111826,3,1,2
111832,111838,7,6,1
111847,111848,2,1,1
111856,111858,3,1,2
111860,111861,2,1,1
111863,111869,7,5,2
111871,111874,4,2,2
111877,111880,4,1,3
111881,111882,2,1,1
111885,111886,2,1,1
111895,111896,2,1,1
111897,111900,4,2,2
111901,111903,3,1,2
111904,111906,3,2,1
111907,111908,2,1,1
111909,111910,2,1,1
111911,111913,3,2,1
111914,111917,4,1,3
111918,111921,4,3,1
111927,111933,7,3,4
111934,111939,6,2,4
111940,111942,3,1,2
111948,111949,2,1,1
111950,111952,3,1,2
111953,111958,6,1,5
111962,111965,4,2,2
111984,111986,3,2,1
111987,111989,3,1,2
111992,111995,4,2,2
112002,112004,3,1,2
112007,112011,5,1,4
112026,112030,5,4,1
112031,112033,3,1,2
112040,112045,6,5,1
112046,112047,2,1,1
112048,112049,2,1,1
112050,112051,2,1,1
112052,112053,2,1,1
112060,112061,2,1,1
112062,112063,2,1,1
112064,112067,4,1,3
112069,112071,3,2,1
112074,112076,3,1,2
112082,112084,3,2,1
112092,112093,2,1,1
112097,112098,2,1,1
112099,112101,3,2,1
112102,112104,3,1,2
112105,112110,6,5,1
112111,112113,3,1,2
112116,112117,2,1,1
112120,112123,4,3,1
112126,112127,2,1,1
112129,112131,3,1,2
112133,112134,2,1,1
112135,112138,4,1,3
112145,112148,4,1,3
112149,112150,2,1,1
112151,112153,3,1,2
112159,112162,4,3,1
112171,112173,3,1,2
112174,112175,2,1,1
112176,112179,4,1,3
112180,112182,3,1,2
112183,112184,2,1,1
112185,112188,4,1,3
112194,112197,4,2,2
112200,112204,5,3,2
112205,112209,5,2,3
112210,112213,4,1,3
112214,112218,5,3,2
112219,112222,4,2,2
112226,112228,3,2,1
112239,112240,2,1,1
112241,112244,4,1,3
112245,112248,4,3,1
112249,112251,3,1,2
112252,112255,4,2,2
112256,112259,4,2,2
112272,112273,2,1,1
112274,112277,4,3,1
112278,112280,3,2,1
112283,112286,4,3,1
112289,112290,2,1,1
112291,112301,11,3,8
112302,112306,5,4,1
112307,112309,3,2,1
112322,112325,4,1,3
112326,112327,2,1,1
112330,112331,2,1,1
112333,112334,2,1,1
112335,112337,3,2,1
112338,112340,3,1,2
112342,112344,3,2,1
112345,112347,3,1,2
112352,112354,3,2,1
112355,112358,4,3,1
112359,112362,4,1,3
112363,112364,2,1,1
112371,112372,2,1,1
112387,112389,3,1,2
112390,112392,3,1,2
112393,112394,2,1,1
112406,112408,3,1,2
112409,112410,2,1,1
112411,112413,3,1,2
112419,112425,7,6,1
112426,112429,4,2,2
112432,112440,9,6,3
112445,112450,6,2,4
112451,112453,3,1,2
112457,112459,3,2,1
112462,112464,3,1,2
112477,112482,6,1,5
112483,112485,3,2,1
112486,112487,2,1,1
112492,112494,3,1,2
112495,112496,2,1,1
112497,112504,8,7,1
112505,112506,2,1,1
112509,112511,3,2,1
112512,112515,4,2,2
112517,112518,2,1,1
112519,112520,2,1,1
112521,112525,5,2,3
112527,112528,2,1,1
112531,112532,2,1,1
112534,112536,3,2,1
112544,112545,2,1,1
112546,112548,3,2,1
112549,112552,4,3,1
112556,112560,5,1,4
112563,112564,2,1,1
112565,112567,3,1,2
112568,112569,2,1,1
112570,112576,7,6,1
112577,112580,4,3,1
112587,112588,2,1,1
112593,112595,3,1,2
112599,112604,6,2,4
112614,112617,4,1,3
112618,112620,3,1,2
112621,112622,2,1,1
112623,112628,6,1,5
112633,112635,3,2,1
112643,112646,4,1,3
112647,112648,2,1,1
112649,112650,2,1,1
112651,112652,2,1,1
112655,112658,4,2,2
112659,112663,5,4,1
112664,112665,2,1,1
112666,112673,8,4,4
112674,112675,2,1,1
112676,112679,4,3,1
112680,112688,9,6,3
112691,112693,3,1,2
112694,112696,3,2,1
112699,112703,5,2,3
112708,112710,3,1,2
112733,112734,2,1,1
112737,112739,3,2,1
112740,112741,2,1,1
112742,112745,4,1,3
112748,112752,5,4,1
112753,112755,3,2,1
112756,112761,6,1,5
112762,112763,2,1,1
112764,112767,4,1,3
112768,112769,2,1,1
112777,112778,2,1,1
112787,112788,2,1,1
112795,112801,7,6,1
112802,112803,2,1,1
112808,112819,12,9,3
112831,112837,7,4,3
112838,112839,2,1,1
112840,112846,7,4,3
112847,112850,4,2,2
112851,112852,2,1,1
112853,112857,5,3,2
112858,112860,3,2,1
112861,112862,2,1,1
112863,112864,2,1,1
112865,112868,4,3,1
112870,112876,7,3,4
112877,112879,3,2,1
112880,112881,2,1,1
112884,112887,4,1,3
112891,112893,3,1,2
112894,112896,3,1,2
112902,112904,3,2,1
112905,112906,2,1,1
112907,112910,4,1,3
112911,112918,8,3,5
112919,112922,4,1,3
112929,112937,9,1,8
112938,112941,4,1,3
112947,112949,3,2,1
112950,112952,3,2,1
112958,112962,5,2,3
112977,112978,2,1,1
112982,112984,3,2,1
112985,112987,3,2,1
112990,112992,3,1,2
112993,112995,3,1,2
112996,112997,2,1,1
113000,113005,6,2,4
113007,113012,6,5,1
113013,113016,4,2,2
113017,113019,3,1,2
113020,113021,2,1,1
113022,113023,2,1,1
113024,113027,4,2,2
113034,113037,4,2,2
113038,113045,8,5,3
113046,113047,2,1,1
113054,113056,3,1,2
113059,113060,2,1,1
113061,113064,4,3,1
113065,113068,4,2,2
113069,113071,3,1,2
113072,113074,3,2,1
113075,113076,2,1,1
113077,113078,2,1,1
113082,113083,2,1,1
113084,113088,5,2,3
113096,113097,2,1,1
113100,113102,3,1,2
113103,113104,2,1,1
113105,113108,4,2,2
113109,113114,6,1,5
113115,113118,4,2,2
113119,113122,4,2,2
113123,113125,3,2,1
113126,113131,6,2,4
113135,113136,2,1,1
113137,113139,3,2,1
113146,113148,3,1,2
113149,113152,4,2,2
113153,113154,2,1,1
113155,113159,5,4,1
113161,113163,3,1,2
113168,113170,3,1,2
113176,113178,3,1,2
113184,113188,5,4,1
113189,113191,3,2,1
113193,113197,5,3,2
113200,113202,3,1,2
113211,113212,2,1,1
113213,113215,3,1,2
113220,113224,5,3,2
113225,113226,2,1,1
113228,113229,2,1,1
113239,113245,7,1,6
113246,113248,3,1,2
113251,113253,3,1,2
113254,113256,3,2,1
113259,113261,3,2,1
113266,113268,3,2,1
113269,113273,5,1,4
113274,113277,4,1,3
113280,113288,9,8,1
113290,113294,5,1,4
113295,113298,4,1,3
113299,113302,4,3,1
113306,113308,3,1,2
113309,113310,2,1,1
113311,113315,5,1,4
113316,113322,7,5,2
113323,113327,5,2,3
113338,113343,6,1,5
113350,113352,3,2,1
113353,113354,2,1,1
113369,113370,2,1,1
113371,113374,4,1,3
113375,113379,5,3,2
113386,113388,3,1,2
113389,113391,3,2,1
113392,113397,6,2,4
113400,113401,2,1,1
113402,113403,2,1,1
113404,113406,3,2,1
113407,113411,5,4,1
113412,113417,6,2,4
113423,113427,5,1,4
113435,113436,2,1,1
113437,113438,2,1,1
113442,113445,4,2,2
113446,113447,2,1,1
113448,113451,4,2,2
113452,113454,3,1,2
113455,113457,3,2,1
113458,113459,2,1,1
113464,113466,3,1,2
113485,113486,2,1,1
113490,113491,2,1,1
113495,113497,3,1,2
113498,113500,3,1,2
113504,113506,3,2,1
113507,113513,7,4,3
113514,113517,4,1,3
113527,113531,5,2,3
113535,113538,4,2,2
113542,113543,2,1,1
113544,113545,2,1,1
113546,113548,3,1,2
113549,113553,5,1,4
113554,113555,2,1,1
113558,113562,5,4,1
113563,113566,4,2,2
113567,113568,2,1,1
113572,113573,2,1,1
113574,113577,4,3,1
113588,113590,3,1,2
113591,113592,2,1,1
113593,113600,8,5,3
113601,113606,6,2,4
113610,113611,2,1,1
113612,113614,3,2,1
113622,113627,6,1,5
113628,113631,4,3,1
113632,113634,3,1,2
113635,113636,2,1,1
113637,113638,2,1,1
113639,113641,3,2,1
113649,113650,2,1,1
113651,113654,4,3,1
113655,113659,5,1,4
113667,113668,2,1,1
113669,113671,3,2,1
113676,113678,3,1,2
113684,113685,2,1,1
113686,113689,4,2,2
113694,113697,4,1,3
113700,113705,6,4,2
113706,113709,4,3,1
113710,113711,2,1,1
113719,113726,8,1,7
113727,113728,2,1,1
113729,113730,2,1,1
113731,113737,7,4,3
113738,113744,7,3,4
113756,113758,3,1,2
113759,113762,4,3,1
113763,113767,5,4,1
113768,113769,2,1,1
113770,113773,4,1,3
113783,113786,4,3,1
113787,113790,4,1,3
113791,113792,2,1,1
113793,113794,2,1,1
113795,113797,3,2,1
113803,113807,5,1,4
113808,113809,2,1,1
113817,113818,2,1,1
113819,113822,4,1,3
113823,113826,4,1,3
113827,113828,2,1,1
113829,113832,4,1,3
113833,113834,2,1,1
113837,113838,2,1,1
113844,113849,6,3,3
113853,113855,3,2,1
113861,113862,2,1,1
113869,113870,2,1,1
113871,113872,2,1,1
113877,113880,4,1,3
113882,113883,2,1,1
113884,113888,5,2,3
113889,113891,3,1,2
113894,113895,2,1,1
113897,113898,2,1,1
113901,113903,3,1,2
113907,113908,2,1,1
113909,113910,2,1,1
113911,113920,10,2,8
113922,113923,2,1,1
113927,113929,3,1,2
113933,113934,2,1,1
113943,113946,4,1,3
113951,113952,2,1,1
113961,113963,3,2,1
113964,113967,4,3,1
113971,113972,2,1,1
113973,113974,2,1,1
113987,113989,3,1,2
113991,113993,3,1,2
114000,114002,3,2,1
114003,114006,4,2,2
114007,114008,2,1,1
114009,114011,3,1,2
114013,114015,3,2,1
114021,114022,2,1,1
114025,114026,2,1,1
114027,114034,8,4,4
114035,114038,4,2,2
114046,114048,3,1,2
114049,114051,3,2,1
114052,114053,2,1,1
114064,114065,2,1,1
114066,114068,3,1,2
114069,114075,7,1,6
114077,114078,2,1,1
114081,114084,4,3,1
114086,114088,3,2,1
114091,114092,2,1,1
114093,114095,3,1,2
114096,114101,6,4,2
114102,114103,2,1,1
114110,114112,3,2,1
114113,114116,4,1,3
114117,114124,8,1,7
114125,114127,3,1,2
114128,114129,2,1,1
114130,114135,6,2,4
114140,114144,5,4,1
114145,114147,3,2,1
114150,114153,4,1,3
114154,114155,2,1,1
114164,114167,4,1,3
114168,114170,3,1,2
114173,114178,6,4,2
114182,114187,6,2,4
114191,114192,2,1,1
114193,114194,2,1,1
114195,114196,2,1,1
114202,114205,4,1,3
114206,114212,7,1,6
114213,114215,3,1,2
114216,114221,6,3,3
114225,114229,5,1,4
114233,114234,2,1,1
114235,114239,5,3,2
114242,114245,4,3,1
114249,114253,5,1,4
114254,114256,3,2,1
114257,114259,3,1,2
114265,114267,3,2,1
114268,114269,2,1,1
114270,114273,4,3,1
114274,114275,2,1,1
114276,114284,9,1,8
114285,114289,5,3,2
114290,114292,3,2,1
114293,114295,3,2,1
114300,114306,7,5,2
114307,114311,5,1,4
114312,114313,2,1,1
114318,114320,3,1,2
114331,114333,3,1,2
114334,114336,3,2,1
114337,114342,6,5,1
114344,114348,5,3,2
114349,114350,2,1,1
114355,114357,3,2,1
114358,114361,4,1,3
114362,114365,4,1,3
114366,114368,3,2,1
114369,114373,5,3,2
114374,114375,2,1,1
114376,114379,4,2,2
114384,114389,6,3,3
114399,114401,3,1,2
114404,114407,4,3,1
114411,114412,2,1,1
114426,114430,5,2,3
114431,114433,3,2,1
114434,114437,4,3,1
114441,114444,4,2,2
114445,114447,3,1,2
114448,114450,3,1,2
114451,114456,6,4,2
114457,114458,2,1,1
114460,114465,6,5,1
114466,114469,4,3,1
114470,114472,3,1,2
114473,114475,3,2,1
114476,114483,8,7,1
114484,114486,3,2,1
114488,114491,4,2,2
114493,114494,2,1,1
114495,114496,2,1,1
114499,114502,4,1,3
114511,114513,3,1,2
114514,114515,2,1,1
114516,114518,3,1,2
114519,114522,4,3,1
114523,114531,9,1,8
114532,114537,6,1,5
114541,114551,11,2,9
114554,114557,4,2,2
114558,114559,2,1,1
114563,114566,4,1,3
114569,114571,3,1,2
114584,114587,4,2,2
114588,114590,3,2,1
114591,114595,5,1,4
114609,114612,4,3,1
114613,114616,4,1,3
114623,114627,5,4,1
114630,114633,4,2,2
114634,114635,2,1,1
114636,114641,6,5,1
114642,114644,3,1,2
114649,114652,4,2,2
114653,114654,2,1,1
114659,114662,4,2,2
114663,114664,2,1,1
114679,114681,3,2,1
114685,114692,8,6,2
114700,114701,2,1,1
114705,114708,4,2,2
114709,114710,2,1,1
114711,114714,4,2,2
114717,114719,3,1,2
114724,114727,4,2,2
114731,114734,4,3,1
114735,114736,2,1,1
114737,114740,4,1,3
114744,114748,5,4,1
114751,114752,2,1,1
114753,114761,9,7,2
114762,114763,2,1,1
114765,114769,5,4,1
114774,114775,2,1,1
114776,114777,2,1,1
114778,114779,2,1,1
114780,114791,12,1,11
114794,114797,4,1,3
114799,114801,3,2,1
114802,114809,8,6,2
114810,114811,2,1,1
114815,114816,2,1,1
114817,114818,2,1,1
114823,114827,5,3,2
114828,114829,2,1,1
114831,114832,2,1,1
114833,114835,3,2,1
114845,114847,3,2,1
114851,114854,4,1,3
114861,114862,2,1,1
114863,114864,2,1,1
114867,114870,4,3,1
114892,114894,3,2,1
114895,114900,6,5,1
114902,114906,5,1,4
114907,114909,3,1,2
114910,114915,6,5,1
114916,114919,4,2,2
114920,114922,3,2,1
114934,114935,2,1,1
114936,114938,3,2,1
114941,114943,3,1,2
114944,114946,3,2,1
114951,114960,10,1,9
114961,114963,3,2,1
114967,114968,2,1,1
114974,114979,6,4,2
114980,114988,9,2,7
114989,114990,2,1,1
114991,115000,10,9,1
115001,115002,2,1,1
115006,115008,3,2,1
115019,115021,3,1,2
115024,115025,2,1,1
115026,115028,3,1,2
115029,115033,5,3,2
115034,115038,5,3,2
115039,115042,4,3,1
115043,115046,4,1,3
115047,115049,3,1,2
115052,115053,2,1,1
115056,115060,5,2,3
115061,115063,3,1,2
115064,115066,3,2,1
115067,115068,2,1,1
115071,115074,4,1,3
115082,115085,4,2,2
115086,115087,2,1,1
115092,115093,2,1,1
115094,115096,3,2,1
115097,115102,6,1,5
115105,115107,3,1,2
115108,115111,4,3,1
115112,115118,7,6,1
115129,115131,3,2,1
115133,115134,2,1,1
115135,115137,3,2,1
115138,115141,4,2,2
115143,115144,2,1,1
115145,115151,7,1,6
115152,115153,2,1,1
115155,115157,3,2,1
115159,115161,3,2,1
115164,115169,6,1,5
115175,115178,4,1,3
115185,115187,3,2,1
115188,115189,2,1,1
115190,115195,6,1,5
115196,115200,5,1,4
115202,115203,2,1,1
115204,115207,4,1,3
115208,115209,2,1,1
115213,115214,2,1,1
115215,115220,6,4,2
115221,115224,4,2,2
115234,115236,3,2,1
115238,115249,12,5,7
115250,115259,10,8,2
115260,115263,4,1,3
115267,115268,2,1,1
115281,115282,2,1,1
115283,115287,5,3,2
115291,115292,2,1,1
115293,115297,5,3,2
115298,115299,2,1,1
115304,115308,5,1,4
115309,115311,3,2,1
115316,115317,2,1,1
115340,115343,4,3,1
115344,115348,5,2,3
115354,115355,2,1,1
115361,115365,5,3,2
115371,115376,6,1,5
115378,115379,2,1,1
115380,115383,4,2,2
115384,115386,3,1,2
115387,115388,2,1,1
115397,115398,2,1,1
115400,115401,2,1,1
115422,115423,2,1,1
115437,115442,6,1,5
115445,115446,2,1,1
115448,115455,8,1,7
115456,115458,3,1,2
115463,115466,4,3,1
115471,115473,3,1,2
115474,115475,2,1,1
115487,115488,2,1,1
115489,115490,2,1,1
115491,115492,2,1,1
115493,115494,2,1,1
115495,115498,4,1,3
115502,115503,2,1,1
115505,115509,5,2,3
115533,115537,5,4,1
115538,115539,2,1,1
115540,115543,4,3,1
115546,115548,3,2,1
115553,115554,2,1,1
115566,115570,5,3,2
115574,115575,2,1,1
115576,115586,11,2,9
115593,115596,4,2,2
115600,115601,2,1,1
115603,115610,8,7,1
115611,115612,2,1,1
115613,115620,8,7,1
115621,115625,5,2,3
115626,115627,2,1,1
115640,115642,3,1,2
115653,115656,4,2,2
115657,115660,4,2,2
115661,115664,4,1,3
115665,115668,4,1,3
115669,115672,4,2,2
115674,115676,3,2,1
115677,115678,2,1,1
115684,115686,3,1,2
115688,115689,2,1,1
115690,115696,7,3,4
115699,115701,3,1,2
115702,115705,4,2,2
115709,115710,2,1,1
115719,115723,5,2,3
115724,115727,4,3,1
115728,115729,2,1,1
115732,115736,5,4,1
115738,115740,3,2,1
115741,115744,4,2,2
115754,115756,3,1,2
115768,115770,3,1,2
115771,115776,6,4,2
115777,115780,4,1,3
115782,115783,2,1,1
115784,115789,6,1,5
115790,115792,3,1,2
115799,115801,3,1,2
115802,115803,2,1,1
115809,115812,4,3,1
115819,115822,4,1,3
115823,115829,7,1,6
115833,115835,3,1,2
115838,115840,3,1,2
115841,115844,4,1,3
115850,115851,2,1,1
115852,115853,2,1,1
115854,115857,4,2,2
115858,115859,2,1,1
115860,115862,3,1,2
115866,115867,2,1,1
115868,115870,3,1,2
115871,115872,2,1,1
115875,115876,2,1,1
115877,115878,2,1,1
115894,115895,2,1,1
115896,115898,3,2,1
115899,115902,4,2,2
115903,115906,4,2,2
115907,115909,3,1,2
115910,115911,2,1,1
115925,115927,3,1,2
115934,115937,4,3,1
115942,115945,4,3,1
115946,115947,2,1,1
115960,115961,2,1,1
115965,115966,2,1,1
115967,115970,4,2,2
115971,115977,7,1,6
115978,115981,4,1,3
115985,115990,6,1,5
115998,116001,4,2,2
116003,116004,2,1,1
116005,116012,8,4,4
116013,116014,2,1,1
116019,116020,2,1,1
116022,116023,2,1,1
116024,116025,2,1,1
116026,116027,2,1,1
116028,116029,2,1,1
116030,116031,2,1,1
116032,116036,5,1,4
116039,116045,7,1,6
116046,116053,8,5,3
116056,116062,7,1,6
116063,116065,3,2,1
116066,116069,4,3,1
116072,116073,2,1,1
116074,116083,10,9,1
116092,116094,3,2,1
116098,116101,4,1,3
116102,116106,5,2,3
116113,116114,2,1,1
116120,116121,2,1,1
116125,116129,5,2,3
116144,116147,4,2,2
116148,116149,2,1,1
116150,116151,2,1,1
116153,116154,2,1,1
116157,116159,3,2,1
116160,116165,6,1,5
116172,116174,3,1,2
116176,116179,4,3,1
116180,116189,10,1,9
116190,116191,2,1,1
116192,116197,6,5,1
116198,116201,4,1,3
116207,116208,2,1,1
116209,116210,2,1,1
116213,116214,2,1,1
116215,116217,3,2,1
116218,116223,6,2,4
116233,116238,6,2,4
116241,116242,2,1,1
116270,116274,5,4,1
116281,116284,4,3,1
116295,116297,3,1,2
116298,116302,5,4,1
116303,116307,5,2,3
116313,116314,2,1,1
116315,116316,2,1,1
116323,116330,8,1,7
116331,116334,4,3,1
116344,116347,4,1,3
116350,116354,5,1,4
116363,116365,3,1,2
116371,116380,10,1,9
116381,116383,3,2,1
116387,116393,7,6,1
116394,116396,3,1,2
116397,116401,5,2,3
116402,116403,2,1,1
116404,116406,3,1,2
116407,116410,4,3,1
116414,116416,3,2,1
116418,116420,3,2,1
116421,116423,3,1,2
116424,116429,6,1,5
116432,116433,2,1,1
116436,116438,3,1,2
116439,116442,4,2,2
116443,116444,2,1,1
116445,116446,2,1,1
116447,116449,3,2,1
116450,116451,2,1,1
116452,116454,3,2,1
116455,116456,2,1,1
116458,116461,4,1,3
116462,116464,3,1,2
116478,116484,7,3,4
116487,116490,4,1,3
116491,116495,5,1,4
116522,116524,3,2,1
116526,116529,4,2,2
116533,116539,7,2,5
116540,116542,3,1,2
116543,116545,3,2,1
116548,116553,6,3,3
116555,116561,7,5,2
116571,116572,2,1,1
116583,116585,3,2,1
116586,116588,3,2,1
116604,116610,7,4,3
116611,116614,4,3,1
116616,116617,2,1,1
116618,116622,5,3,2
116634,116636,3,1,2
116643,116645,3,2,1
116646,116648,3,1,2
116649,116652,4,3,1
116654,116656,3,1,2
116662,116664,3,1,2
116665,116667,3,2,1
116669,116672,4,3,1
116692,116694,3,2,1
116697,116702,6,2,4
116706,116709,4,2,2
116710,116713,4,2,2
116714,116719,6,5,1
116720,116722,3,1,2
116723,116726,4,3,1
116727,116729,3,1,2
116730,116732,3,1,2
116733,116737,5,2,3
116744,116748,5,2,3
116749,116753,5,3,2
116757,116761,5,1,4
116762,116766,5,1,4
116767,116769,3,2,1
116782,116784,3,2,1
116785,116789,5,1,4
116790,116792,3,1,2
116801,116803,3,1,2
116809,116810,2,1,1
116818,116820,3,1,2
116839,116843,5,2,3
116850,116852,3,1,2
116853,116854,2,1,1
116873,116874,2,1,1
116879,116881,3,2,1
116882,116892,11,4,7
116893,116894,2,1,1
116897,116903,7,2,5
116904,116908,5,1,4
116909,116913,5,3,2
116916,116918,3,1,2
116919,116926,8,2,6
116930,116932,3,1,2
116933,116936,4,1,3
116938,116939,2,1,1
116940,116945,6,4,2
116946,116948,3,2,1
116950,116952,3,1,2
116953,116954,2,1,1
116955,116958,4,3,1
116959,116960,2,1,1
116967,116971,5,3,2
116972,116975,4,2,2
116986,116993,8,6,2
117001,117003,3,2,1
117004,117006,3,2,1
117011,117015,5,1,4
117018,117022,5,4,1
117028,117029,2,1,1
117030,117031,2,1,1
117032,117036,5,2,3
117037,117038,2,1,1
117039,117043,5,1,4
117048,117053,6,4,2
117055,117057,3,2,1
117058,117059,2,1,1
117060,117065,6,2,4
117079,117081,3,2,1
117086,117090,5,4,1
117091,117093,3,1,2
117094,117096,3,1,2
117125,117127,3,1,2
117129,117134,6,3,3
117139,117145,7,1,6
117148,117150,3,1,2
117151,117152,2,1,1
117153,117155,3,1,2
117162,117165,4,1,3
117167,117173,7,6,1
117175,117178,4,3,1
117179,117181,3,1,2
117186,117189,4,1,3
117196,117199,4,3,1
117203,117204,2,1,1
117205,117206,2,1,1
117207,117212,6,3,3
117221,117223,3,2,1
117233,117236,4,1,3
117246,117252,7,4,3
117261,117270,10,3,7
117271,117275,5,2,3
117276,117277,2,1,1
117278,117281,4,1,3
117282,117284,3,1,2
117285,117289,5,2,3
117305,117306,2,1,1
117307,117309,3,1,2
117310,117314,5,1,4
117315,117316,2,1,1
117320,117322,3,1,2
117331,117334,4,1,3
117335,117336,2,1,1
117337,117339,3,1,2
117340,117342,3,1,2
117343,117345,3,2,1
117346,117348,3,2,1
117349,117351,3,2,1
117352,117355,4,2,2
117356,117359,4,1,3
117360,117361,2,1,1
117362,117364,3,2,1
117367,117374,8,5,3
117375,117378,4,2,2
117388,117389,2,1,1
117391,117392,2,1,1
117401,117404,4,2,2
117412,117414,3,2,1
117418,117419,2,1,1
117420,117423,4,1,3
117427,117430,4,1,3
117431,117432,2,1,1
117433,117434,2,1,1
117435,117436,2,1,1
117439,117440,2,1,1
117441,117442,2,1,1
117446,117447,2,1,1
117454,117457,4,2,2
117463,117467,5,2,3
117475,117477,3,1,2
117480,117481,2,1,1
117482,117486,5,3,2
117487,117488,2,1,1
117489,117492,4,2,2
117493,117495,3,1,2
117504,117507,4,2,2
117522,117523,2,1,1
117524,117527,4,2,2
117531,117532,2,1,1
117533,117540,8,4,4
117546,117548,3,1,2
117549,117552,4,1,3
117558,117562,5,2,3
117563,117569,7,1,6
117582,117587,6,4,2
117592,117597,6,2,4
117606,117607,2,1,1
117608,117613,6,3,3
117615,117619,5,1,4
117620,117622,3,1,2
117623,117625,3,2,1
117626,117627,2,1,1
117630,117631,2,1,1
117632,117635,4,2,2
117646,117648,3,2,1
117649,117652,4,1,3
117656,117657,2,1,1
117658,117659,2,1,1
117660,117662,3,2,1
117663,117668,6,1,5
117669,117672,4,1,3
117673,117676,4,2,2
117685,117686,2,1,1
117689,117690,2,1,1
117691,117700,10,3,7
117702,117703,2,1,1
117721,117722,2,1,1
117723,117728,6,4,2
117729,117735,7,1,6
117736,117743,8,2,6
117749,117751,3,1,2
117754,117760,7,4,3
117761,117768,8,7,1
117769,117775,7,6,1
117776,117780,5,3,2
117783,117786,4,2,2
117791,117796,6,3,3
117799,117800,2,1,1
117801,117803,3,1,2
117821,117822,2,1,1
117823,117824,2,1,1
117825,117827,3,1,2
117843,117844,2,1,1
117845,117846,2,1,1
117880,117882,3,1,2
117883,117886,4,2,2
117887,117889,3,1,2
117890,117891,2,1,1
117892,117893,2,1,1
117896,117897,2,1,1
117901,117906,6,2,4
117907,117913,7,1,6
117925,117928,4,1,3
117931,117932,2,1,1
117934,117936,3,1,2
117945,117949,5,3,2
117955,117958,4,3,1
117965,117968,4,2,2
117970,117973,4,1,3
117974,117978,5,4,1
117980,117982,3,1,2
117983,117984,2,1,1
117996,117997,2,1,1
117998,117999,2,1,1
118003,118004,2,1,1
118006,118009,4,3,1
118017,118019,3,1,2
118023,118026,4,2,2
118028,118033,6,3,3
118041,118043,3,1,2
118050,118051,2,1,1
118059,118061,3,2,1
118074,118078,5,1,4
118079,118094,16,3,13
118106,118107,2,1,1
118108,118109,2,1,1
118112,118113,2,1,1
118114,118115,2,1,1
118116,118119,4,1,3
118121,118123,3,1,2
118125,118131,7,4,3
118139,118141,3,1,2
118143,118147,5,1,4
118154,118156,3,1,2
118158,118169,12,1,11
118171,118176,6,5,1
118190,118191,2,1,1
118192,118195,4,2,2
118202,118205,4,1,3
118206,118208,3,1,2
118211,118212,2,1,1
118213,118218,6,2,4
118221,118222,2,1,1
118243,118245,3,1,2
118246,118251,6,5,1
118261,118263,3,1,2
118264,118266,3,1,2
118267,118275,9,4,5
118277,118278,2,1,1
118279,118280,2,1,1
118281,118284,4,1,3
118292,118293,2,1,1
118296,118298,3,1,2
118299,118301,3,1,2
118302,118304,3,1,2
118310,118312,3,1,2
118313,118315,3,2,1
118316,118318,3,2,1
118319,118320,2,1,1
118321,118326,6,2,4
118327,118328,2,1,1
118334,118335,2,1,1
118338,118339,2,1,1
118340,118341,2,1,1
118342,118344,3,1,2
118345,118346,2,1,1
118347,118349,3,2,1
118358,118359,2,1,1
118386,118387,2,1,1
118388,118393,6,1,5
118394,118396,3,1,2
118398,118401,4,2,2
118422,118425,4,1,3
118426,118428,3,2,1
118429,118433,5,1,4
118435,118436,2,1,1
118443,118445,3,1,2
118449,118451,3,2,1
118461,118462,2,1,1
118463,118466,4,3,1
118468,118469,2,1,1
118470,118472,3,2,1
118473,118474,2,1,1
118478,118482,5,2,3
118483,118484,2,1,1
118485,118489,5,3,2
118490,118493,4,1,3
118494,118497,4,2,2
118498,118501,4,2,2
118511,118516,6,3,3
118517,118520,4,2,2
118521,118524,4,2,2
118525,118527,3,2,1
118534,118537,4,2,2
118538,118539,2,1,1
118543,118545,3,1,2
118546,118549,4,1,3
118551,118552,2,1,1
118553,118557,5,1,4
118558,118559,2,1,1
118560,118562,3,1,2
118563,118565,3,2,1
118572,118573,2,1,1
118574,118575,2,1,1
118596,118598,3,1,2
118600,118604,5,3,2
118607,118610,4,3,1
118611,118615,5,2,3
118616,118620,5,1,4
118621,118629,9,7,2
118635,118637,3,1,2
118638,118644,7,6,1
118645,118646,2,1,1
118647,118648,2,1,1
118650,118654,5,4,1
118655,118656,2,1,1
118667,118671,5,1,4
118680,118683,4,1,3
118699,118703,5,3,2
118717,118718,2,1,1
118719,118723,5,1,4
118731,118732,2,1,1
118733,118737,5,4,1
118753,118754,2,1,1
118760,118761,2,1,1
118771,118772,2,1,1
118779,118780,2,1,1
118781,118783,3,2,1
118792,118797,6,1,5
118798,118799,2,1,1
118801,118804,4,1,3
118807,118808,2,1,1
118809,118812,4,1,3
118815,118816,2,1,1
118823,118827,5,1,4
118832,118833,2,1,1
118848,118859,12,8,4
118861,118866,6,1,5
118886,118891,6,1,5
118893,118894,2,1,1
118903,118904,2,1,1
118905,118908,4,2,2
118914,118919,6,1,5
118923,118926,4,1,3
118928,118931,4,1,3
118933,118934,2,1,1
118951,118953,3,1,2
118962,118969,8,5,3
118982,118983,2,1,1
118988,118996,9,8,1
118999,119001,3,2,1
119005,119007,3,1,2
119008,119012,5,1,4
119028,119029,2,1,1
119030,119035,6,4,2
119060,119061,2,1,1
119077,119082,6,5,1
119094,119098,5,2,3
119109,119111,3,2,1
119119,119121,3,1,2
119122,119124,3,2,1
119140,119141,2,1,1
119142,119143,2,1,1
119145,119146,2,1,1
119163,119164,2,1,1
119168,119176,9,8,1
119177,119179,3,1,2
119182,119183,2,1,1
119184,119190,7,6,1
119194,119196,3,2,1
119197,119208,12,3,9
119214,119215,2,1,1
119228,119229,2,1,1
119230,119234,5,2,3
119236,119240,5,2,3
119247,119250,4,1,3
119251,119252,2,1,1
119253,119254,2,1,1
119255,119259,5,3,2
119264,119265,2,1,1
119276,119278,3,1,2
119279,119280,2,1,1
119281,119282,2,1,1
119283,119286,4,1,3
119297,119300,4,1,3
119312,119313,2,1,1
119326,119328,3,2,1
119337,119338,2,1,1
119339,119342,4,3,1
119357,119359,3,1,2
119360,119363,4,1,3
119366,119367,2,1,1
119376,119378,3,2,1
119379,119380,2,1,1
119384,119386,3,1,2
119387,119397,11,1,10
119398,119399,2,1,1
119405,119413,9,2,7
119415,119419,5,1,4
119420,119421,2,1,1
119425,119427,3,1,2
119431,119433,3,1,2
119449,119451,3,1,2
119454,119455,2,1,1
119456,119461,6,2,4
119464,119466,3,1,2
119467,119469,3,2,1
119476,119479,4,1,3
119485,119491,7,3,4
119494,119498,5,1,4
119505,119506,2,1,1
119510,119511,2,1,1
119512,119514,3,2,1
119517,119520,4,1,3
119521,119523,3,2,1
119530,119534,5,1,4
119542,119546,5,4,1
119547,119552,6,1,5
119569,119573,5,4,1
119584,119586,3,1,2
119647,119648,2,1,1
119653,119657,5,4,1
119659,119662,4,1,3
119666,119670,5,1,4
119688,119692,5,4,1
119693,119694,2,1,1
119695,119696,2,1,1
119707,119709,3,1,2
119731,119734,4,1,3
119738,119741,4,3,1
119763,119767,5,3,2
119770,119771,2,1,1
119775,119779,5,3,2
119780,119781,2,1,1
119786,119788,3,1,2
119799,119801,3,2,1
119810,119811,2,1,1
119821,119822,2,1,1
119831,119833,3,2,1
119840,119841,2,1,1
119843,119844,2,1,1
119845,119848,4,3,1
119850,119852,3,2,1
119888,119890,3,1,2
119891,119899,9,8,1
119904,119906,3,2,1
119916,119919,4,1,3
119921,119922,2,1,1
119929,119930,2,1,1
119931,119936,6,4,2
119937,119939,3,2,1
119944,119945,2,1,1
119947,119951,5,1,4
119955,119958,4,2,2
119961,119965,5,2,3
119974,119978,5,3,2
119981,119982,2,1,1
119983,119984,2,1,1
119994,119995,2,1,1
120008,120010,3,1,2
120018,120020,3,1,2
120041,120047,7,1,6
120054,120058,5,1,4
120109,120114,6,1,5
120138,120140,3,2,1
120141,120143,3,1,2
120144,120145,2,1,1
120146,120152,7,1,6
120153,120155,3,1,2
120156,120157,2,1,1
120158,120159,2,1,1
120160,120164,5,4,1
120165,120170,6,5,1
120171,120175,5,4,1
120176,120177,2,1,1
120182,120186,5,4,1
120193,120195,3,1,2
120196,120201,6,4,2
120204,120207,4,2,2
120209,120211,3,2,1
120224,120226,3,2,1
120227,120235,9,3,6
120243,120247,5,2,3
120258,120259,2,1,1
120261,120262,2,1,1
120264,120267,4,1,3
120293,120294,2,1,1
120296,120300,5,2,3
120306,120311,6,2,4
120329,120330,2,1,1
120331,120335,5,3,2
120340,120341,2,1,1
120355,120358,4,2,2
120372,120376,5,2,3
120465,120466,2,1,1
120502,120509,8,6,2
120530,120534,5,1,4
120543,120552,10,2,8
120553,120555,3,2,1
120556,120557,2,1,1
120558,120563,6,3,3
120564,120572,9,2,7
120573,120574,2,1,1
120575,120576,2,1,1
120579,120582,4,2,2
120583,120588,6,3,3
120625,120630,6,5,1
120652,120657,6,2,4
120686,120687,2,1,1
120693,120694,2,1,1
120715,120718,4,1,3
120737,120739,3,1,2
120743,120744,2,1,1
120814,120815,2,1,1
120816,120817,2,1,1
120821,120822,2,1,1
120823,120826,4,3,1
120831,120835,5,2,3
120866,120870,5,1,4
120871,120872,2,1,1
120887,120892,6,5,1
120917,120920,4,1,3
120921,120923,3,2,1
120933,120936,4,2,2
121009,121012,4,3,1
121017,121019,3,2,1
121028,121035,8,1,7
121042,121044,3,2,1
121045,121051,7,6,1
121052,121056,5,4,1
121090,121091,2,1,1
121099,121102,4,1,3
121103,121105,3,2,1
121116,121119,4,1,3
121120,121121,2,1,1
121148,121149,2,1,1
121160,121167,8,7,1
121174,121176,3,2,1
121177,121179,3,2,1
121187,121189,3,1,2
121193,121195,3,1,2
121216,121224,9,5,4
121232,121234,3,2,1
121235,121239,5,1,4
121260,121261,2,1,1
121264,121266,3,1,2
121281,121285,5,2,3
121293,121299,7,4,3
121300,121301,2,1,1
121306,121312,7,3,4
121324,121330,7,1,6
121334,121340,7,1,6
121372,121377,6,2,4
121385,121388,4,2,2
121408,121409,2,1,1
121411,121416,6,3,3
121417,121427,11,1,10
121428,121430,3,1,2
121431,121433,3,1,2
121437,121443,7,2,5
121444,121448,5,2,3
121449,121452,4,2,2
121453,121455,3,2,1
121456,121459,4,3,1
121460,121461,2,1,1
121474,121478,5,3,2
121479,121480,2,1,1
121481,121482,2,1,1
121483,121492,10,2,8
121493,121497,5,1,4
121508,121510,3,1,2
121516,121518,3,1,2
121521,121529,9,1,8
121530,121532,3,1,2
121533,121543,11,3,8
121545,121547,3,2,1
121548,121549,2,1,1
121550,121551,2,1,1
121552,121553,2,1,1
121555,121558,4,3,1
121565,121566,2,1,1
121567,121571,5,1,4
121574,121578,5,3,2
121579,121584,6,1,5
121585,121587,3,1,2
121617,121618,2,1,1
121619,121621,3,1,2
121622,121624,3,1,2
121625,121628,4,1,3
121629,121632,4,3,1
121633,121636,4,3,1
121637,121644,8,1,7
121645,121648,4,3,1
121657,121659,3,2,1
121660,121662,3,1,2
121663,121664,2,1,1
121665,121667,3,1,2
121675,121678,4,3,1
121679,121683,5,4,1
121701,121702,2,1,1
121728,121729,2,1,1
121739,121743,5,1,4
121754,121755,2,1,1
121759,121762,4,1,3
121824,121833,10,2,8
121835,121837,3,1,2
121838,121842,5,2,3
121843,121844,2,1,1
121849,121851,3,2,1
121908,121914,7,1,6
121916,121921,6,1,5
121942,121943,2,1,1
121964,121969,6,1,5
121995,121997,3,2,1
121998,121999,2,1,1
122043,122052,10,1,9
122059,122061,3,1,2
122079,122092,14,1,13
122112,122114,3,1,2
122194,122199,6,1,5
122223,122231,9,8,1
122232,122233,2,1,1
122236,122242,7,6,1
122243,122244,2,1,1
122251,122253,3,2,1
122254,122258,5,2,3
122259,122260,2,1,1
122261,122262,2,1,1
122263,122265,3,2,1
122266,122268,3,1,2
122269,122270,2,1,1
122271,122279,9,1,8
122281,122283,3,1,2
122284,122291,8,1,7
122292,122295,4,1,3
122296,122302,7,5,2
122320,122321,2,1,1
122368,122369,2,1,1
122405,122407,3,1,2
122408,122412,5,1,4
122413,122420,8,2,6
122430,122431,2,1,1
122462,122463,2,1,1
122464,122466,3,2,1
122490,122491,2,1,1
122492,122494,3,2,1
122529,122530,2,1,1
122531,122537,7,1,6
122541,122543,3,1,2
122585,122586,2,1,1
122591,122595,5,2,3
122603,122604,2,1,1
122605,122606,2,1,1
122608,122611,4,1,3
122621,122623,3,2,1
122643,122648,6,5,1
122649,122651,3,2,1
122652,122656,5,4,1
122657,122659,3,2,1
122660,122661,2,1,1
122662,122665,4,2,2
122666,122668,3,1,2
122730,122731,2,1,1
122737,122738,2,1,1
122739,122740,2,1,1
122742,122745,4,1,3
122749,122752,4,2,2
122762,122764,3,1,2
122765,122771,7,4,3
122772,122774,3,2,1
122775,122780,6,5,1
122785,122787,3,1,2
122803,122805,3,1,2
122814,122815,2,1,1
122838,122839,2,1,1
122846,122849,4,3,1
122850,122851,2,1,1
122857,122860,4,3,1
122861,122864,4,2,2
122878,122881,4,3,1
122909,122910,2,1,1
122912,122913,2,1,1
122923,122925,3,2,1
122948,122950,3,2,1
122951,122952,2,1,1
122953,122962,10,3,7
122964,122975,12,8,4
122982,122983,2,1,1
123006,123008,3,1,2
123049,123050,2,1,1
123056,123073,18,17,1
123074,123085,12,9,3
123086,123089,4,1,3
123090,123100,11,10,1
123101,123105,5,4,1
123118,123120,3,1,2
123124,123125,2,1,1
123126,123127,2,1,1
123128,123129,2,1,1
123154,123156,3,1,2
123163,123167,5,4,1
123185,123187,3,1,2
123188,123189,2,1,1
123190,123197,8,4,4
123202,123203,2,1,1
123204,123209,6,5,1
123228,123231,4,2,2
123254,123255,2,1,1
123261,123262,2,1,1
123264,123266,3,2,1
123272,123273,2,1,1
123285,123287,3,1,2
123317,123320,4,2,2
123327,123334,8,1,7
123335,123337,3,1,2
123353,123354,2,1,1
123356,123357,2,1,1
123362,123363,2,1,1
123386,123393,8,1,7
123423,123424,2,1,1
123429,123430,2,1,1
123484,123488,5,4,1
123489,123492,4,3,1
123518,123519,2,1,1
123534,123536,3,1,2
123554,123555,2,1,1
123659,123662,4,2,2
123671,123675,5,2,3
123676,123681,6,5,1
123689,123690,2,1,1
123692,123695,4,1,3
123700,123701,2,1,1
123702,123704,3,1,2
123705,123719,15,1,14
123767,123770,4,1,3
123794,123798,5,3,2
123804,123806,3,1,2
123828,123829,2,1,1
123837,123839,3,1,2
123846,123850,5,1,4
123855,123856,2,1,1
123951,123952,2,1,1
123985,123988,4,1,3
124021,124022,2,1,1
124025,124028,4,1,3
124063,124064,2,1,1
124065,124066,2,1,1
124072,124074,3,1,2
124209,124212,4,1,3
124214,124215,2,1,1
124480,124481,2,1,1
124547,124548,2,1,1
124553,124554,2,1,1
124645,124647,3,2,1
124667,124668,2,1,1
124694,124696,3,1,2
124784,124785,2,1,1
124805,124807,3,1,2
124819,124821,3,1,2
124835,124836,2,1,1
124837,124838,2,1,1
124842,124843,2,1,1
124921,124922,2,1,1
124930,124933,4,1,3
124944,124945,2,1,1
124956,124958,3,2,1
124960,124963,4,1,3
125005,125006,2,1,1
125030,125034,5,2,3
125060,125061,2,1,1
125071,125073,3,2,1
125078,125079,2,1,1
125081,125082,2,1,1
125111,125112,2,1,1
125183,125186,4,1,3
125187,125188,2,1,1
125189,125195,7,1,6
125196,125199,4,1,3
125201,125203,3,1,2
125204,125205,2,1,1
125206,125210,5,3,2
125211,125212,2,1,1
125213,125215,3,1,2
125216,125217,2,1,1
125223,125224,2,1,1
125225,125229,5,4,1
125230,125234,5,3,2
125247,125249,3,1,2
125286,125288,3,2,1
125289,125290,2,1,1
125291,125293,3,1,2
125294,125302,9,3,6
125305,125308,4,1,3
125309,125314,6,2,4
125315,125316,2,1,1
125317,125319,3,1,2
125333,125334,2,1,1
125339,125340,2,1,1
125341,125342,2,1,1
125344,125345,2,1,1
125346,125347,2,1,1
125348,125352,5,2,3
125356,125358,3,1,2
125359,125361,3,1,2
125362,125364,3,1,2
125365,125366,2,1,1
125384,125387,4,3,1
125391,125396,6,2,4
125401,125402,2,1,1
125403,125412,10,9,1
125413,125424,12,11,1
125436,125439,4,2,2
125440,125444,5,3,2
125453,125455,3,1,2
125457,125458,2,1,1
125459,125463,5,1,4
125464,125468,5,2,3
125475,125480,6,1,5
125481,125488,8,7,1
125489,125492,4,1,3
125493,125499,7,3,4
125500,125502,3,2,1
125514,125515,2,1,1
125516,125518,3,2,1
125521,125522,2,1,1
125523,125527,5,3,2
125528,125530,3,1,2
125531,125532,2,1,1
125535,125537,3,1,2
125538,125540,3,1,2
125541,125544,4,1,3
125547,125549,3,1,2
125550,125555,6,2,4
125556,125558,3,2,1
125559,125562,4,2,2
125563,125568,6,4,2
125569,125570,2,1,1
125571,125573,3,1,2
125584,125595,12,1,11
125599,125612,14,1,13
125629,125633,5,1,4
125636,125637,2,1,1
125646,125648,3,1,2
125650,125654,5,1,4
125655,125658,4,2,2
125659,125663,5,3,2
125664,125666,3,1,2
125667,125669,3,1,2
125670,125673,4,3,1
125674,125675,2,1,1
125676,125679,4,3,1
125682,125685,4,1,3
125686,125692,7,1,6
125693,125699,7,3,4
125702,125705,4,1,3
125708,125710,3,2,1
125732,125733,2,1,1
125740,125745,6,1,5
125746,125748,3,1,2
125749,125751,3,1,2
125752,125757,6,1,5
125775,125778,4,1,3
125779,125789,11,1,10
125790,125791,2,1,1
125798,125799,2,1,1
125813,125833,21,1,20
125834,125841,8,1,7
125848,125851,4,3,1
125856,125861,6,1,5
125862,125866,5,1,4
125881,125882,2,1,1
126037,126039,3,2,1
126042,126043,2,1,1
126045,126046,2,1,1
126047,126049,3,1,2
126125,126132,8,1,7
126227,126234,8,1,7
126235,126237,3,1,2
126238,126240,3,1,2
126241,126244,4,3,1
126245,126246,2,1,1
126247,126253,7,5,2
126254,126255,2,1,1
126256,126257,2,1,1
126258,126260,3,1,2
126261,126264,4,3,1
126265,126267,3,2,1
126268,126269,2,1,1
126270,126274,5,3,2
126275,126276,2,1,1
126277,126283,7,2,5
126472,126473,2,1,1
126475,126478,4,2,2
126479,126481,3,2,1
126482,126484,3,1,2
126485,126491,7,1,6
126492,126494,3,1,2
126495,126497,3,1,2
126498,126500,3,1,2
126501,126506,6,1,5
126507,126512,6,1,5
126513,126515,3,2,1
126516,126518,3,2,1
126519,126521,3,1,2
126522,126528,7,1,6
126529,126530,2,1,1
126531,126534,4,2,2
126535,126538,4,1,3
126539,126541,3,1,2
126542,126543,2,1,1
126544,126548,5,2,3
126549,126551,3,2,1
126552,126554,3,1,2
126555,126556,2,1,1
126557,126563,7,4,3
126564,126565,2,1,1
126566,126570,5,3,2
126571,126572,2,1,1
126573,126577,5,1,4
126578,126579,2,1,1
126580,126581,2,1,1
126582,126583,2,1,1
126584,126588,5,1,4
126589,126594,6,2,4
126595,126600,6,1,5
126678,126679,2,1,1
126680,126683,4,2,2
126689,126691,3,1,2
126692,126697,6,3,3
126698,126701,4,3,1
126702,126704,3,1,2
126705,126706,2,1,1
126707,126709,3,2,1
126710,126712,3,2,1
126713,126714,2,1,1
126715,126722,8,4,4
126723,126725,3,2,1
126726,126729,4,2,2
126730,126736,7,6,1
126737,126742,6,1,5
126743,126746,4,2,2
126747,126749,3,2,1
126750,126752,3,1,2
126753,126754,2,1,1
126755,126758,4,3,1
126759,126760,2,1,1
126761,126762,2,1,1
126763,126765,3,2,1
126766,126768,3,2,1
126769,126772,4,3,1
126773,126777,5,4,1
126778,126783,6,1,5
126851,126877,27,24,3
126944,126945,2,1,1
126946,126948,3,2,1
126949,126950,2,1,1
126951,126955,5,3,2
126956,126957,2,1,1
126958,126959,2,1,1
126960,126962,3,2,1
126963,126967,5,1,4
126983,126989,7,1,6
126990,126991,2,1,1
126992,126993,2,1,1
126998,127047,50,49,1
127048,127065,18,17,1
127066,127074,9,7,2
127075,127078,4,2,2
127079,127082,4,3,1
127083,127099,17,14,3
127100,127105,6,3,3
127106,127109,4,1,3
127134,127138,5,1,4
127139,127142,4,1,3
127143,127149,7,1,6
127150,127153,4,1,3
127154,127159,6,1,5
127160,127163,4,2,2
127167,127175,9,1,8
127176,127179,4,2,2
127180,127184,5,1,4
127199,127208,10,1,9
127211,127212,2,1,1
127214,127224,11,1,10
127250,127254,5,2,3
127255,127258,4,2,2
127261,127264,4,2,2
127265,127279,15,14,1
127280,127281,2,1,1
127282,127294,13,12,1
127295,127296,2,1,1
127322,127338,17,16,1
127387,127398,12,8,4
127399,127401,3,1,2
127402,127405,4,1,3
127406,127409,4,1,3
127587,127591,5,4,1
127592,127596,5,3,2
127597,127600,4,2,2
127601,127604,4,3,1
127605,127606,2,1,1
127607,127610,4,3,1
127611,127618,8,6,2
127619,127621,3,1,2
127622,127625,4,3,1
127626,127628,3,2,1
127629,127630,2,1,1
127631,127634,4,2,2
127635,127639,5,3,2
127640,127648,9,4,5
127649,127654,6,5,1
127655,127662,8,5,3
127663,127665,3,2,1
127666,127670,5,2,3
127671,127673,3,1,2
127676,127681,6,5,1
127682,127685,4,1,3
127686,127688,3,1,2
127689,127690,2,1,1
127691,127693,3,1,2
127694,127698,5,1,4
127699,127702,4,2,2
127703,127708,6,4,2
127709,127715,7,6,1
127716,127718,3,1,2
127719,127724,6,5,1
127725,127728,4,3,1
127729,127730,2,1,1
127731,127734,4,2,2
127736,127742,7,6,1
127743,127745,3,1,2
127746,127750,5,1,4
127751,127753,3,2,1
127754,127760,7,5,2
127761,127762,2,1,1
127770,127771,2,1,1
127788,127790,3,2,1
127791,127792,2,1,1
127793,127795,3,1,2
127799,127803,5,1,4
127853,127862,10,1,9
127895,127900,6,1,5
127901,127903,3,1,2
127908,127911,4,1,3
127912,127913,2,1,1
127914,127916,3,1,2
127937,127938,2,1,1
127942,127946,5,3,2
127947,127949,3,2,1
127979,127981,3,1,2
127982,127984,3,2,1
127985,127986,2,1,1
127987,127991,5,1,4
127992,127999,8,1,7
128023,128027,5,1,4
128028,128030,3,2,1
128042,128044,3,2,1
128050,128051,2,1,1
128052,128055,4,1,3
128056,128062,7,1,6
128063,128064,2,1,1
128065,128071,7,2,5
128072,128074,3,1,2
128075,128076,2,1,1
128077,128079,3,1,2
128087,128090,4,1,3
128111,128123,13,1,12
128124,128126,3,1,2
128127,128131,5,1,4
128132,128142,11,2,9
128143,128148,6,1,5
128254,128258,5,1,4
128259,128270,12,1,11
128271,128273,3,1,2
128274,128275,2,1,1
128276,128281,6,1,5
128282,128284,3,1,2
128288,128291,4,3,1
128292,128294,3,1,2
128295,128298,4,1,3
128299,128302,4,1,3
128315,128320,6,1,5
128321,128322,2,1,1
128323,128325,3,2,1
128326,128332,7,2,5
128333,128337,5,2,3
128338,128342,5,3,2
128343,128345,3,2,1
128346,128347,2,1,1
128348,128350,3,1,2
128351,128356,6,1,5
128357,128363,7,1,6
128364,128369,6,1,5
128377,128382,6,1,5
128385,128386,2,1,1
128387,128388,2,1,1
128393,128394,2,1,1
128395,128398,4,1,3
128399,128400,2,1,1
128404,128412,9,1,8
128413,128415,3,1,2
128416,128422,7,1,6
128423,128425,3,1,2
128426,128431,6,2,4
128432,128436,5,4,1
128442,128445,4,3,1
128446,128447,2,1,1
128448,128451,4,1,3
128452,128456,5,4,1
128457,128458,2,1,1
128459,128461,3,2,1
128462,128465,4,2,2
128466,128468,3,1,2
128469,128471,3,2,1
128472,128475,4,2,2
128476,128477,2,1,1
128478,128480,3,1,2
128481,128486,6,1,5
128487,128488,2,1,1
128489,128494,6,3,3
128495,128499,5,1,4
128500,128509,10,1,9
128567,128568,2,1,1
128606,128609,4,1,3
128610,128616,7,2,5
128617,128626,10,2,8
128627,128629,3,1,2
128630,128631,2,1,1
128632,128635,4,2,2
128638,128642,5,1,4
128652,128664,13,1,12
128665,128667,3,1,2
128668,128670,3,2,1
128671,128673,3,1,2
128674,128681,8,1,7
128682,128688,7,2,5
128689,128695,7,6,1
128696,128703,8,3,5
128704,128705,2,1,1
128706,128717,12,11,1
128718,128721,4,1,3
128722,128732,11,2,9
128733,128747,15,1,14
128748,128762,15,14,1
128763,128764,2,1,1
128765,128775,11,6,5
128779,128780,2,1,1
128781,128782,2,1,1
128783,128788,6,5,1
128789,128796,8,6,2
128797,128805,9,8,1
128806,128813,8,1,7
128815,128833,19,5,14
128834,128839,6,1,5
128840,128844,5,1,4
128845,128847,3,1,2
128848,128857,10,3,7
128858,128859,2,1,1
128867,128869,3,1,2
128906,128941,36,16,20
128942,128948,7,5,2
128965,128977,13,8,5
128996,129000,5,2,3
129011,129014,4,1,3
129015,129023,9,1,8
129024,129032,9,1,8
129033,129040,8,1,7
129129,129130,2,1,1
129131,129134,4,1,3
129135,129141,7,6,1
129142,129152,11,6,5
129153,129154,2,1,1
129155,129156,2,1,1
129195,129196,2,1,1
129228,129233,6,1,5
129250,129251,2,1,1
129371,129378,8,7,1
129379,129380,2,1,1
129381,129383,3,2,1
129384,129386,3,2,1
129387,129388,2,1,1
129389,129393,5,4,1
129394,129396,3,2,1
129397,129400,4,3,1
129401,129402,2,1,1
129403,129404,2,1,1
129405,129406,2,1,1
129407,129409,3,2,1
129410,129411,2,1,1
129412,129419,8,7,1
129420,129421,2,1,1
129423,129426,4,1,3
129429,129433,5,1,4
129439,129454,16,2,14
129459,129466,8,4,4
129467,129470,4,3,1
129471,129477,7,1,6
129478,129481,4,2,2
129482,129484,3,1,2
129485,129486,2,1,1
129487,129489,3,1,2
129490,129494,5,2,3
129495,129499,5,1,4
129500,129509,10,4,6
129510,129512,3,1,2
129513,129517,5,1,4
129518,129519,2,1,1
129520,129522,3,1,2
129523,129532,10,4,6
129533,129534,2,1,1
129535,129539,5,1,4
129540,129542,3,2,1
129543,129548,6,5,1
129549,129551,3,2,1
129552,129555,4,1,3
129556,129559,4,1,3
129560,129569,10,2,8
129694,129700,7,1,6
129717,129724,8,7,1
129725,129728,4,3,1
129729,129737,9,7,2
129738,129739,2,1,1
129757,129758,2,1,1
129759,129760,2,1,1
129761,129762,2,1,1
129798,129802,5,1,4
129803,129805,3,1,2
129806,129811,6,2,4
129812,129813,2,1,1
129814,129815,2,1,1
129816,129824,9,8,1
129825,129833,9,3,6
129834,129836,3,2,1
129837,129840,4,1,3
129841,129842,2,1,1
129843,129846,4,1,3
129847,129853,7,2,5
129854,129858,5,2,3
129863,129866,4,2,2
129867,129869,3,1,2
129870,129876,7,1,6
129877,129879,3,1,2
129880,129883,4,2,2
129884,129885,2,1,1
129886,129893,8,1,7
129894,129896,3,2,1
129897,129898,2,1,1
129899,129903,5,1,4
129905,129911,7,1,6
129912,129914,3,1,2
129915,129917,3,1,2
129918,129922,5,2,3
129923,129934,12,1,11
129935,129942,8,1,7
129944,129946,3,1,2
129947,129952,6,1,5
129953,129961,9,1,8
129964,129967,4,1,3
129968,129970,3,1,2
129998,130000,3,1,2
130001,130004,4,3,1
130005,130007,3,2,1
130026,130028,3,1,2
130055,130061,7,3,4
130065,130077,13,10,3
130088,130092,5,1,4
130093,130098,6,1,5
130100,130117,18,1,17
130118,130124,7,6,1
130125,130126,2,1,1
130128,130130,3,1,2
130131,130136,6,2,4
130137,130142,6,3,3
130143,130146,4,1,3
130147,130150,4,2,2
130153,130154,2,1,1
130158,130161,4,3,1
130162,130166,5,4,1
130167,130178,12,2,10
130213,130215,3,1,2
130216,130220,5,1,4
130232,130234,3,2,1
130235,130237,3,1,2
130238,130240,3,2,1
130241,130243,3,2,1
130244,130249,6,5,1
130252,130255,4,1,3
130256,130257,2,1,1
130258,130260,3,2,1
130261,130265,5,3,2
130266,130277,12,11,1
130278,130285,8,4,4
130286,130289,4,2,2
130290,130301,12,7,5
130302,130306,5,2,3
130307,130316,10,4,6
130323,130324,2,1,1
130330,130337,8,1,7
130338,130342,5,1,4
130358,130371,14,1,13
130373,130374,2,1,1
130375,130378,4,3,1
130379,130383,5,4,1
130384,130390,7,4,3
130391,130394,4,2,2
130395,130398,4,1,3
130399,130407,9,8,1
130408,130414,7,6,1
130415,130416,2,1,1
130417,130418,2,1,1
130419,130421,3,2,1
130422,130430,9,8,1
130431,130442,12,10,2
130443,130449,7,6,1
130450,130454,5,3,2
130455,130469,15,14,1
130470,130471,2,1,1
130472,130473,2,1,1
130474,130476,3,2,1
130477,130484,8,5,3
130485,130490,6,5,1
130491,130494,4,3,1
130495,130500,6,5,1
130501,130504,4,3,1
130505,130508,4,2,2
130509,130514,6,5,1
130515,130522,8,6,2
130523,130526,4,3,1
130527,130532,6,3,3
130533,130536,4,2,2
130547,130558,12,3,9
130574,130576,3,2,1
130577,130579,3,1,2
130580,130584,5,4,1
130585,130588,4,1,3
130590,130592,3,1,2
130594,130598,5,2,3
130599,130601,3,1,2
130602,130606,5,2,3
130608,130613,6,1,5
130614,130616,3,1,2
130617,130618,2,1,1
130619,130623,5,4,1
130624,130626,3,1,2
130627,130633,7,1,6
130634,130638,5,1,4
130639,130643,5,1,4
130644,130654,11,2,9
130655,130664,10,1,9
130671,130672,2,1,1
130673,130675,3,1,2
130676,130682,7,4,3
130683,130684,2,1,1
130688,130689,2,1,1
130690,130695,6,5,1
130711,130713,3,2,1
130718,130722,5,4,1
130723,130726,4,1,3
130727,130731,5,1,4
130732,130735,4,1,3
130736,130740,5,2,3
130741,130746,6,1,5
130747,130750,4,1,3
130751,130755,5,1,4
130756,130759,4,3,1
130766,130767,2,1,1
130768,130776,9,8,1
130777,130781,5,4,1
130782,130786,5,3,2
130787,130788,2,1,1
130789,130800,12,11,1
130801,130806,6,4,2
130807,130808,2,1,1
130809,130811,3,1,2
130812,130816,5,4,1
130817,130822,6,4,2
130823,130826,4,3,1
130827,130845,19,18,1
130846,130853,8,6,2
130854,130856,3,2,1
130857,130869,13,11,2
130870,130875,6,5,1
130876,130879,4,3,1
130880,130881,2,1,1
130882,130889,8,6,2
130897,130898,2,1,1
130899,130900,2,1,1
130913,130917,5,1,4
130918,130921,4,2,2
130922,130939,18,17,1
130942,130948,7,3,4
130949,130953,5,4,1
130954,130955,2,1,1
130956,130957,2,1,1
130982,130983,2,1,1
131002,131006,5,4,1
131013,131022,10,5,5
131023,131024,2,1,1
131025,131037,13,1,12
131059,131063,5,3,2
131075,131080,6,2,4
131081,131083,3,1,2
131084,131093,10,8,2
131098,131100,3,2,1
131166,131172,7,6,1
131173,131180,8,7,1
131185,131187,3,2,1
131188,131193,6,5,1
131194,131196,3,2,1
131197,131199,3,2,1
131200,131204,5,4,1
131205,131209,5,4,1
131210,131211,2,1,1
131212,131213,2,1,1
131214,131220,7,6,1
131221,131238,18,16,2
131239,131240,2,1,1
131241,131243,3,2,1
131251,131255,5,1,4
131256,131261,6,5,1
131262,131263,2,1,1
131304,131308,5,3,2
131309,131310,2,1,1
131311,131314,4,1,3
131315,131320,6,5,1
131321,131326,6,4,2
131329,131335,7,6,1
131336,131337,2,1,1
131339,131341,3,2,1
131342,131343,2,1,1
131344,131346,3,1,2
131347,131350,4,3,1
131351,131352,2,1,1
131353,131356,4,3,1
131360,131362,3,2,1
131369,131372,4,1,3
131374,131376,3,1,2
131379,131380,2,1,1
131381,131382,2,1,1
131383,131385,3,2,1
131386,131394,9,7,2
131395,131396,2,1,1
131397,131402,6,4,2
131403,131404,2,1,1
131405,131406,2,1,1
131407,131408,2,1,1
131411,131412,2,1,1
131413,131415,3,1,2
131416,131419,4,1,3
131420,131428,9,1,8
131429,131434,6,1,5
131435,131440,6,1,5
131441,131442,2,1,1
131443,131444,2,1,1
131445,131449,5,1,4
131450,131452,3,2,1
131453,131454,2,1,1
131455,131456,2,1,1
131457,131460,4,1,3
131461,131462,2,1,1
131463,131468,6,1,5
131469,131475,7,1,6
131476,131481,6,4,2
131482,131485,4,3,1
131486,131488,3,2,1
131489,131490,2,1,1
131491,131497,7,5,2
131498,131501,4,2,2
131502,131504,3,1,2
131505,131511,7,4,3
131512,131516,5,4,1
131517,131519,3,2,1
131520,131521,2,1,1
131522,131523,2,1,1
131524,131528,5,2,3
131529,131531,3,1,2
131532,131536,5,3,2
131537,131540,4,2,2
131541,131545,5,3,2
131546,131552,7,6,1
131553,131555,3,2,1
131556,131558,3,2,1
131559,131564,6,1,5
131610,131613,4,1,3
131637,131640,4,3,1
131641,131642,2,1,1
131645,131647,3,1,2
131648,131663,16,2,14
131664,131671,8,1,7
131672,131687,16,15,1
131688,131703,16,3,13
131723,131724,2,1,1
131730,131736,7,4,3
131737,131740,4,1,3
131741,131743,3,2,1
131744,131750,7,5,2
131769,131770,2,1,1
131771,131773,3,2,1
131774,131775,2,1,1
131776,131778,3,2,1
131779,131781,3,1,2
131782,131785,4,1,3
131786,131789,4,1,3
131790,131791,2,1,1
131792,131794,3,2,1
131796,131800,5,1,4
131801,131802,2,1,1
131803,131804,2,1,1
131805,131808,4,3,1
131809,131810,2,1,1
131811,131814,4,2,2
131815,131816,2,1,1
131817,131819,3,2,1
131820,131821,2,1,1
131822,131824,3,2,1
131825,131828,4,2,2
131829,131830,2,1,1
131831,131832,2,1,1
131833,131840,8,2,6
131854,131855,2,1,1
131860,131862,3,2,1
131863,131881,19,17,2
131882,131883,2,1,1
131884,131885,2,1,1
131886,131888,3,1,2
131889,131892,4,2,2
131893,131895,3,1,2
131896,131900,5,1,4
131901,131905,5,1,4
131906,131910,5,1,4
131911,131912,2,1,1
131913,131914,2,1,1
131915,131925,11,2,9
131926,131928,3,1,2
131929,131934,6,2,4
131935,131943,9,6,3
131944,131947,4,3,1
131948,131949,2,1,1
131950,131952,3,1,2
131953,131957,5,2,3
131958,131962,5,1,4
131963,131968,6,1,5
131969,131974,6,2,4
131975,131976,2,1,1
131977,131983,7,1,6
131984,131985,2,1,1
131986,131988,3,1,2
131989,131991,3,1,2
131992,132002,11,8,3
132003,132004,2,1,1
132005,132010,6,1,5
132011,132014,4,1,3
132015,132016,2,1,1
132017,132018,2,1,1
132019,132029,11,1,10
132030,132031,2,1,1
132032,132036,5,2,3
132037,132039,3,2,1
132040,132041,2,1,1
132042,132046,5,3,2
132047,132052,6,3,3
132053,132057,5,2,3
132058,132062,5,1,4
132063,132073,11,2,9
132074,132078,5,1,4
132079,132080,2,1,1
132081,132083,3,1,2
132084,132085,2,1,1
132086,132087,2,1,1
132088,132093,6,3,3
132094,132096,3,2,1
132097,132100,4,1,3
132101,132103,3,2,1
132104,132107,4,2,2
132108,132111,4,1,3
132112,132114,3,1,2
132115,132119,5,1,4
132120,132123,4,3,1
132124,132127,4,2,2
132128,132131,4,3,1
132132,132133,2,1,1
132134,132136,3,1,2
132137,132140,4,1,3
132141,132143,3,2,1
132144,132145,2,1,1
132146,132153,8,4,4
132154,132155,2,1,1
132156,132160,5,1,4
132161,132166,6,2,4
132167,132170,4,2,2
132171,132176,6,3,3
132177,132184,8,2,6
132185,132187,3,2,1
132188,132190,3,1,2
132191,132194,4,3,1
132195,132202,8,2,6
132203,132206,4,1,3
132207,132209,3,2,1
132210,132211,2,1,1
132212,132218,7,1,6
132219,132220,2,1,1
132221,132224,4,3,1
132225,132227,3,1,2
132228,132230,3,1,2
132231,132234,4,3,1
132235,132243,9,6,3
132244,132246,3,1,2
132247,132249,3,1,2
132250,132253,4,3,1
132254,132256,3,2,1
132257,132258,2,1,1
132259,132262,4,2,2
132263,132264,2,1,1
132265,132270,6,4,2
132271,132275,5,1,4
132278,132289,12,7,5
132383,132387,5,2,3
132388,132393,6,1,5
132403,132409,7,1,6
132410,132411,2,1,1
132421,132425,5,1,4
132426,132428,3,1,2
132429,132444,16,1,15
132452,132459,8,1,7
132460,132462,3,1,2
132523,132530,8,2,6
132531,132533,3,1,2
133023,133026,4,3,1
133027,133034,8,7,1
133039,133045,7,1,6
133066,133068,3,2,1
133070,133072,3,2,1
133109,133110,2,1,1
133200,133201,2,1,1
133227,133229,3,1,2
133436,133438,3,2,1
133625,133626,2,1,1
133630,133631,2,1,1
133655,133656,2,1,1
134238,134242,5,1,4
136584,136585,2,1,1
136597,136598,2,1,1
137457,137458,2,1,1
138100,138103,4,1,3
138617,138618,2,1,1
138699,138700,2,1,1
138772,138774,3,1,2
138780,138781,2,1,1
138795,138796,2,1,1
138840,138841,2,1,1
138859,138861,3,2,1
138877,138878,2,1,1
138881,138882,2,1,1
138939,138944,6,5,1
138957,138958,2,1,1
139004,139008,5,3,2
139014,139015,2,1,1
139053,139054,2,1,1
139059,139064,6,5,1
139065,139066,2,1,1
139067,139073,7,6,1
139075,139080,6,1,5
139081,139092,12,9,3
139093,139094,2,1,1
139095,139099,5,2,3
139122,139124,3,2,1
139135,139137,3,2,1
139146,139149,4,2,2
139152,139159,8,1,7
139165,139167,3,2,1
139174,139177,4,2,2
139201,139205,5,3,2
139208,139212,5,4,1
139213,139216,4,3,1
139220,139221,2,1,1
139229,139230,2,1,1
139250,139259,10,7,3
139276,139278,3,2,1
139279,139281,3,1,2
139284,139286,3,2,1
139296,139297,2,1,1
139335,139336,2,1,1
139378,139379,2,1,1
139398,139400,3,1,2
139406,139416,11,9,2
139433,139435,3,1,2
139436,139437,2,1,1
139438,139441,4,1,3
139458,139465,8,2,6
139505,139509,5,3,2
139510,139511,2,1,1
139715,139718,4,2,2
139719,139720,2,1,1
139732,139733,2,1,1
139740,139744,5,3,2
139745,139746,2,1,1
139747,139749,3,1,2
139750,139753,4,1,3
139758,139759,2,1,1
139760,139765,6,4,2
139766,139769,4,2,2
139770,139776,7,6,1
139777,139783,7,6,1
139784,139791,8,7,1
139794,139797,4,2,2
139811,139814,4,3,1
139851,139853,3,1,2
139874,139876,3,1,2
139882,139885,4,2,2
139888,139892,5,4,1
139893,139897,5,4,1
139902,139904,3,2,1
139917,139918,2,1,1
139919,139920,2,1,1
139955,139961,7,4,3
139962,139963,2,1,1
139969,139973,5,1,4
139992,139994,3,2,1
140005,140009,5,4,1
140010,140012,3,1,2
140039,140041,3,2,1
140047,140049,3,1,2
140051,140053,3,2,1
140155,140157,3,1,2
140161,140165,5,4,1
140188,140189,2,1,1
140195,140196,2,1,1
140197,140198,2,1,1
140259,140260,2,1,1
140265,140267,3,1,2
140301,140302,2,1,1
140305,140306,2,1,1
140337,140338,2,1,1
140393,140394,2,1,1
140438,140439,2,1,1
140443,140444,2,1,1
140446,140449,4,3,1
140572,140587,16,1,15
140588,140590,3,1,2
140591,140594,4,1,3
140595,140597,3,1,2
140617,140620,4,3,1
140621,140625,5,4,1
140626,140627,2,1,1
140646,140655,10,2,8
140659,140661,3,1,2
140669,140671,3,1,2
140763,140764,2,1,1
140794,140803,10,9,1
140804,140817,14,2,12
140826,140835,10,5,5
140844,140845,2,1,1
140846,140853,8,2,6
140854,140857,4,2,2
140868,140884,17,16,1
140897,140900,4,2,2
140904,140909,6,4,2
140910,140922,13,1,12
140929,140934,6,3,3
140972,140973,2,1,1
140974,140978,5,4,1
140998,140999,2,1,1
141012,141015,4,2,2
141043,141044,2,1,1
141054,141055,2,1,1
141072,141073,2,1,1
141138,141139,2,1,1
141166,141167,2,1,1
141175,141178,4,3,1
141190,141192,3,1,2
141243,141244,2,1,1
141301,141302,2,1,1
141363,141377,15,1,14
141378,141380,3,1,2
141381,141383,3,2,1
141396,141400,5,2,3
141401,141404,4,3,1
141561,141562,2,1,1
141685,141688,4,1,3
141747,141748,2,1,1
141751,141755,5,2,3
141758,141765,8,3,5
141766,141767,2,1,1
141840,141844,5,1,4
141894,141895,2,1,1
141899,141901,3,1,2
141906,141908,3,1,2
141915,141916,2,1,1
141926,141929,4,2,2
141937,141938,2,1,1
141939,141941,3,1,2
141952,141953,2,1,1
141964,141966,3,1,2
141974,141975,2,1,1
141995,141998,4,2,2
142034,142035,2,1,1
142063,142064,2,1,1
142164,142167,4,1,3
142185,142187,3,1,2
142190,142192,3,1,2
142249,142251,3,1,2
142275,142277,3,2,1
142289,142290,2,1,1
142295,142296,2,1,1
142342,142344,3,2,1
142350,142351,2,1,1
142367,142368,2,1,1
142384,142385,2,1,1
142387,142388,2,1,1
142394,142396,3,1,2
142400,142401,2,1,1
142468,142474,7,5,2
142563,142564,2,1,1
142599,142600,2,1,1
142649,142650,2,1,1
142661,142664,4,1,3
142707,142709,3,2,1
142795,142796,2,1,1
142817,142818,2,1,1
142877,142878,2,1,1
142934,142936,3,1,2
142940,142942,3,1,2
142970,142971,2,1,1
143006,143008,3,2,1
143016,143017,2,1,1
143049,143051,3,1,2
143058,143061,4,2,2
143064,143066,3,1,2
143069,143070,2,1,1
143073,143074,2,1,1
143076,143077,2,1,1
143120,143121,2,1,1
143126,143127,2,1,1
143135,143136,2,1,1
143137,143138,2,1,1
143158,143161,4,2,2
143169,143173,5,3,2
143178,143179,2,1,1
143193,143194,2,1,1
143247,143249,3,1,2
143250,143251,2,1,1
143270,143273,4,2,2
143277,143280,4,1,3
143281,143285,5,1,4
143286,143288,3,2,1
143289,143292,4,1,3
143293,143294,2,1,1
143295,143300,6,2,4
143301,143303,3,1,2
143304,143307,4,1,3
143312,143316,5,4,1
143317,143321,5,3,2
143322,143326,5,3,2
143327,143331,5,4,1
143332,143342,11,10,1
143345,143351,7,5,2
143355,143359,5,3,2
143360,143371,12,8,4
143372,143373,2,1,1
143378,143382,5,1,4
143383,143385,3,1,2
143386,143388,3,1,2
143389,143392,4,2,2
143393,143395,3,2,1
143396,143397,2,1,1
143398,143400,3,1,2
143401,143407,7,3,4
143408,143411,4,1,3
143412,143413,2,1,1
143419,143420,2,1,1
143424,143428,5,1,4
143442,143445,4,1,3
143453,143456,4,2,2
143457,143459,3,1,2
143463,143467,5,1,4
143468,143470,3,1,2
143492,143495,4,1,3
143496,143498,3,2,1
143510,143511,2,1,1
143512,143516,5,4,1
143522,143527,6,2,4
143529,143531,3,1,2
143546,143551,6,2,4
143552,143553,2,1,1
143566,143567,2,1,1
143580,143586,7,5,2
143587,143595,9,8,1
143596,143597,2,1,1
143598,143599,2,1,1
143600,143603,4,1,3
143604,143607,4,2,2
143608,143609,2,1,1
143627,143632,6,3,3
143633,143639,7,3,4
143641,143642,2,1,1
143645,143649,5,3,2
143659,143661,3,2,1
143667,143668,2,1,1
143670,143673,4,3,1
143679,143687,9,7,2
143702,143705,4,3,1
143706,143708,3,2,1
143710,143711,2,1,1
143714,143715,2,1,1
143732,143733,2,1,1
143743,143744,2,1,1
143745,143749,5,3,2
143750,143751,2,1,1
143752,143757,6,1,5
143758,143767,10,2,8
143774,143776,3,1,2
143797,143800,4,3,1
143805,143809,5,2,3
143813,143816,4,1,3
143826,143828,3,1,2
143839,143840,2,1,1
143853,143857,5,4,1
143859,143860,2,1,1
143871,143873,3,1,2
143902,143904,3,1,2
143919,143922,4,3,1
143925,143932,8,1,7
143966,143969,4,1,3
143987,143992,6,4,2
143993,143995,3,1,2
143996,143999,4,1,3
144000,144002,3,1,2
144022,144023,2,1,1
144024,144027,4,2,2
144035,144037,3,2,1
144038,144039,2,1,1
144044,144045,2,1,1
144049,144051,3,2,1
144052,144060,9,2,7
144061,144062,2,1,1
144064,144065,2,1,1
144066,144068,3,2,1
144074,144075,2,1,1
144079,144081,3,2,1
144085,144090,6,2,4
144094,144096,3,2,1
144097,144098,2,1,1
144099,144100,2,1,1
144101,144103,3,2,1
144116,144117,2,1,1
144119,144134,16,2,14
144141,144142,2,1,1
144151,144152,2,1,1
144155,144158,4,3,1
144161,144163,3,2,1
144167,144169,3,1,2
144171,144173,3,1,2
144174,144184,11,6,5
144185,144188,4,3,1
144190,144192,3,2,1
144196,144197,2,1,1
144198,144200,3,1,2
144220,144223,4,2,2
144224,144227,4,2,2
144228,144232,5,2,3
144235,144238,4,1,3
144239,144243,5,1,4
144244,144247,4,1,3
144251,144253,3,1,2
144254,144258,5,3,2
144261,144264,4,3,1
144265,144272,8,6,2
144273,144276,4,3,1
144277,144278,2,1,1
144279,144284,6,1,5
144285,144288,4,2,2
144289,144290,2,1,1
144291,144296,6,5,1
144297,144298,2,1,1
144299,144303,5,1,4
144304,144305,2,1,1
144309,144312,4,3,1
144319,144322,4,1,3
144323,144325,3,1,2
144326,144327,2,1,1
144328,144329,2,1,1
144330,144333,4,2,2
144334,144339,6,5,1
144341,144344,4,1,3
144345,144347,3,2,1
144348,144350,3,1,2
144351,144354,4,3,1
144359,144364,6,5,1
144365,144369,5,4,1
144370,144372,3,1,2
144373,144375,3,2,1
144390,144392,3,1,2
144393,144394,2,1,1
144395,144400,6,5,1
144401,144406,6,1,5
144416,144418,3,1,2
144423,144426,4,1,3
144427,144428,2,1,1
144429,144432,4,3,1
144433,144434,2,1,1
144435,144436,2,1,1
144438,144442,5,1,4
144451,144453,3,1,2
144454,144458,5,4,1
144467,144472,6,4,2
144473,144474,2,1,1
144480,144486,7,2,5
144487,144488,2,1,1
144489,144495,7,4,3
144496,144499,4,1,3
144519,144521,3,1,2
144527,144530,4,2,2
144531,144534,4,1,3
144535,144537,3,1,2
144538,144539,2,1,1
144540,144544,5,3,2
144545,144548,4,1,3
144558,144559,2,1,1
144560,144566,7,1,6
144567,144569,3,1,2
144570,144580,11,8,3
144587,144593,7,5,2
144594,144595,2,1,1
144596,144599,4,1,3
144600,144602,3,1,2
144603,144610,8,5,3
144611,144615,5,2,3
144616,144624,9,1,8
144625,144627,3,1,2
144628,144629,2,1,1
144630,144632,3,2,1
144633,144637,5,4,1
144638,144640,3,1,2
144641,144642,2,1,1
144643,144644,2,1,1
144645,144651,7,2,5
144652,144654,3,1,2
144658,144664,7,3,4
144676,144682,7,2,5
144683,144684,2,1,1
144686,144691,6,5,1
144692,144703,12,10,2
144704,144707,4,2,2
144708,144710,3,1,2
144711,144712,2,1,1
144713,144715,3,1,2
144716,144721,6,2,4
144722,144725,4,1,3
144726,144727,2,1,1
144728,144729,2,1,1
144730,144736,7,5,2
144737,144739,3,1,2
144740,144746,7,3,4
144747,144752,6,4,2
144753,144756,4,3,1
144757,144763,7,1,6
144769,144772,4,1,3
144773,144775,3,2,1
144776,144782,7,2,5
144783,144784,2,1,1
144785,144788,4,1,3
144803,144806,4,2,2
144807,144810,4,2,2
144822,144826,5,3,2
144828,144830,3,2,1
144831,144833,3,1,2
144835,144838,4,2,2
144839,144840,2,1,1
144844,144845,2,1,1
144846,144849,4,1,3
144855,144857,3,2,1
144858,144861,4,3,1
144864,144866,3,1,2
144867,144874,8,7,1
144875,144880,6,4,2
144885,144889,5,1,4
144915,144916,2,1,1
144917,144918,2,1,1
144919,144922,4,1,3
144923,144928,6,3,3
144929,144932,4,2,2
144933,144934,2,1,1
144935,144940,6,5,1
144941,144945,5,1,4
144951,144955,5,4,1
144956,144968,13,10,3
144974,144979,6,1,5
144980,144982,3,1,2
144984,144995,12,10,2
145006,145010,5,2,3
145011,145014,4,2,2
145015,145016,2,1,1
145017,145028,12,8,4
145029,145032,4,1,3
145033,145040,8,7,1
145041,145045,5,4,1
145046,145048,3,2,1
145049,145054,6,1,5
145057,145059,3,1,2
145068,145070,3,1,2
145071,145074,4,3,1
145075,145078,4,3,1
145079,145081,3,2,1
145082,145084,3,2,1
145088,145091,4,2,2
145092,145097,6,4,2
145098,145101,4,1,3
145102,145103,2,1,1
145104,145107,4,2,2
145108,145110,3,2,1
145111,145116,6,5,1
145120,145123,4,1,3
145152,145153,2,1,1
145157,145160,4,3,1
145161,145164,4,3,1
145165,145169,5,4,1
145170,145174,5,2,3
145175,145178,4,2,2
145200,145203,4,1,3
145204,145206,3,2,1
145211,145212,2,1,1
145213,145216,4,2,2
145217,145218,2,1,1
145222,145226,5,1,4
145236,145238,3,1,2
145255,145259,5,2,3
145260,145264,5,4,1
145265,145277,13,11,2
145278,145292,15,5,10
145293,145296,4,2,2
145298,145301,4,1,3
145302,145305,4,3,1
145306,145308,3,1,2
145310,145311,2,1,1
145322,145336,15,4,11
145337,145341,5,2,3
145344,145348,5,4,1
145349,145354,6,3,3
145372,145374,3,1,2
145404,145405,2,1,1
145406,145413,8,6,2
145414,145417,4,1,3
145418,145420,3,1,2
145421,145424,4,1,3
145448,145449,2,1,1
145450,145452,3,2,1
145453,145457,5,4,1
145463,145466,4,2,2
145467,145468,2,1,1
145469,145470,2,1,1
145474,145476,3,2,1
145477,145483,7,2,5
145484,145485,2,1,1
145486,145489,4,2,2
145490,145493,4,3,1
145494,145495,2,1,1
145519,145522,4,2,2
145536,145543,8,1,7
145547,145548,2,1,1
145549,145550,2,1,1
145551,145553,3,1,2
145560,145562,3,1,2
145563,145564,2,1,1
145565,145566,2,1,1
145567,145570,4,3,1
145571,145575,5,3,2
145580,145582,3,2,1
145583,145591,9,5,4
145592,145626,35,21,14
145627,145628,2,1,1
145629,145631,3,1,2
145632,145633,2,1,1
145634,145639,6,1,5
145642,145644,3,1,2
145645,145647,3,1,2
145648,145653,6,4,2
145654,145662,9,4,5
145663,145666,4,2,2
145667,145669,3,2,1
145670,145671,2,1,1
145672,145675,4,1,3
145676,145679,4,3,1
145680,145686,7,2,5
145710,145712,3,2,1
145717,145725,9,8,1
145726,145729,4,1,3
145730,145731,2,1,1
145732,145734,3,2,1
145735,145736,2,1,1
145737,145738,2,1,1
145739,145742,4,1,3
145743,145744,2,1,1
145745,145753,9,2,7
145754,145757,4,3,1
145758,145765,8,6,2
145774,145778,5,1,4
145779,145782,4,2,2
145784,145785,2,1,1
145795,145797,3,2,1
145798,145823,26,11,15
145836,145838,3,1,2
145839,145840,2,1,1
145843,145846,4,1,3
145852,145856,5,1,4
145857,145858,2,1,1
145887,145888,2,1,1
145889,145890,2,1,1
145897,145900,4,2,2
145901,145903,3,1,2
145905,145908,4,2,2
145912,145917,6,5,1
145918,145920,3,2,1
145921,145925,5,4,1
145944,145950,7,5,2
145951,145952,2,1,1
145953,145955,3,2,1
145958,145959,2,1,1
145960,145962,3,1,2
145964,145966,3,1,2
145967,145973,7,1,6
145974,145975,2,1,1
145976,145979,4,2,2
145984,145985,2,1,1
145986,145987,2,1,1
145989,145990,2,1,1
145991,145994,4,3,1
146007,146011,5,3,2
146012,146016,5,2,3
146019,146020,2,1,1
146021,146023,3,2,1
146031,146037,7,6,1
146043,146044,2,1,1
146056,146057,2,1,1
146058,146060,3,2,1
146061,146062,2,1,1
146078,146079,2,1,1
146082,146084,3,2,1
146088,146089,2,1,1
146090,146094,5,3,2
146095,146096,2,1,1
146097,146100,4,1,3
146101,146105,5,3,2
146118,146119,2,1,1
146123,146125,3,2,1
146126,146132,7,2,5
146133,146137,5,4,1
146158,146163,6,3,3
146167,146168,2,1,1
146178,146183,6,5,1
146193,146195,3,2,1
146196,146198,3,1,2
146203,146208,6,5,1
146219,146221,3,1,2
146222,146224,3,1,2
146225,146226,2,1,1
146228,146232,5,1,4
146233,146235,3,2,1
146241,146242,2,1,1
146258,146260,3,1,2
146261,146268,8,7,1
146269,146270,2,1,1
146271,146272,2,1,1
146279,146291,13,1,12
146292,146293,2,1,1
146295,146300,6,2,4
146324,146327,4,2,2
146328,146329,2,1,1
146330,146331,2,1,1
146342,146345,4,3,1
146356,146357,2,1,1
146367,146371,5,3,2
146375,146379,5,1,4
146383,146385,3,2,1
146391,146392,2,1,1
146400,146404,5,1,4
146405,146406,2,1,1
146418,146419,2,1,1
146420,146424,5,4,1
146427,146429,3,2,1
146433,146435,3,1,2
146437,146438,2,1,1
146449,146450,2,1,1
146451,146454,4,2,2
146459,146462,4,3,1
146471,146473,3,1,2
146474,146480,7,1,6
146481,146488,8,2,6
146489,146490,2,1,1
146492,146494,3,1,2
146496,146499,4,1,3
146500,146501,2,1,1
146504,146516,13,6,7
146517,146520,4,1,3
146521,146522,2,1,1
146523,146527,5,1,4
146528,146530,3,1,2
146562,146566,5,4,1
146567,146570,4,2,2
146574,146576,3,2,1
146583,146585,3,2,1
146604,146606,3,1,2
146607,146608,2,1,1
146610,146611,2,1,1
146612,146620,9,1,8
146621,146623,3,2,1
146630,146633,4,2,2
146634,146645,12,6,6
146648,146650,3,1,2
146662,146663,2,1,1
146664,146668,5,2,3
146685,146686,2,1,1
146696,146697,2,1,1
146708,146714,7,3,4
146744,146745,2,1,1
146767,146771,5,2,3
146777,146778,2,1,1
146779,146780,2,1,1
146787,146788,2,1,1
146793,146798,6,3,3
146799,146804,6,4,2
146805,146808,4,2,2
146809,146813,5,4,1
146814,146815,2,1,1
146816,146824,9,8,1
146825,146829,5,2,3
146830,146832,3,2,1
146833,146834,2,1,1
146835,146836,2,1,1
146840,146851,12,11,1
146854,146858,5,2,3
146859,146866,8,5,3
146871,146875,5,3,2
147299,147306,8,4,4
147311,147316,6,1,5
147317,147324,8,2,6
147331,147337,7,6,1
147338,147345,8,2,6
147350,147352,3,2,1
147355,147357,3,2,1
147358,147363,6,4,2
147365,147367,3,2,1
147368,147369,2,1,1
147370,147372,3,1,2
147373,147377,5,4,1
147385,147399,15,11,4
147405,147408,4,3,1
147409,147413,5,1,4
147419,147428,10,4,6
147431,147432,2,1,1
147435,147437,3,1,2
147453,147459,7,2,5
147460,147464,5,1,4
147474,147477,4,2,2
147479,147480,2,1,1
147495,147499,5,1,4
147500,147501,2,1,1
147539,147543,5,2,3
147557,147565,9,1,8
147573,147579,7,5,2
147580,147585,6,3,3
147593,147598,6,4,2
147600,147607,8,6,2
147608,147613,6,5,1
147614,147616,3,1,2
147617,147620,4,2,2
147621,147626,6,1,5
147636,147644,9,7,2
147645,147652,8,3,5
147667,147668,2,1,1
147669,147679,11,10,1
147680,147687,8,7,1
147688,147700,13,12,1
147705,147706,2,1,1
147707,147710,4,1,3
147711,147715,5,2,3
147724,147728,5,2,3
147729,147733,5,2,3
147734,147739,6,3,3
147740,147743,4,3,1
147744,147748,5,2,3
147749,147752,4,1,3
147753,147755,3,2,1
147756,147757,2,1,1
147758,147762,5,4,1
147763,147764,2,1,1
147765,147766,2,1,1
147768,147772,5,2,3
147778,147810,33,16,17
147814,147816,3,2,1
147817,147819,3,1,2
147820,147822,3,1,2
147826,147828,3,1,2
147834,147836,3,1,2
147837,147838,2,1,1
147839,147845,7,2,5
147848,147852,5,4,1
147853,147854,2,1,1
147862,147865,4,1,3
147866,147867,2,1,1
147900,147911,12,7,5
147912,147921,10,9,1
147922,147924,3,1,2
147943,147944,2,1,1
147945,147948,4,1,3
147952,147955,4,2,2
147956,147958,3,2,1
147959,147966,8,7,1
147967,147972,6,5,1
147973,147978,6,2,4
147979,147986,8,3,5
147987,147991,5,1,4
147995,147999,5,3,2
148012,148014,3,1,2
148015,148022,8,1,7
148026,148027,2,1,1
148032,148037,6,4,2
148045,148047,3,2,1
148048,148049,2,1,1
148050,148054,5,1,4
148055,148060,6,5,1
148061,148063,3,1,2
148064,148066,3,1,2
148067,148074,8,7,1
148075,148078,4,3,1
148079,148082,4,1,3
148083,148085,3,2,1
148086,148087,2,1,1
148099,148103,5,3,2
148104,148106,3,2,1
148115,148119,5,3,2
148128,148131,4,3,1
148132,148134,3,2,1
148135,148139,5,3,2
148140,148143,4,1,3
148144,148150,7,6,1
148153,148154,2,1,1
148155,148159,5,2,3
148160,148161,2,1,1
148162,148164,3,2,1
148165,148168,4,3,1
148169,148174,6,2,4
148175,148182,8,5,3
148183,148186,4,3,1
148187,148188,2,1,1
148189,148191,3,1,2
148195,148197,3,2,1
148198,148199,2,1,1
148205,148208,4,3,1
148209,148210,2,1,1
148211,148214,4,1,3
148215,148219,5,2,3
148220,148222,3,1,2
148223,148231,9,1,8
148232,148233,2,1,1
148234,148235,2,1,1
148236,148242,7,1,6
148243,148244,2,1,1
148245,148247,3,2,1
148248,148249,2,1,1
148252,148253,2,1,1
148260,148263,4,2,2
148264,148265,2,1,1
148266,148273,8,1,7
148279,148280,2,1,1
148281,148283,3,1,2
148284,148287,4,3,1
148299,148302,4,3,1
148304,148305,2,1,1
148306,148310,5,1,4
148313,148321,9,1,8
148322,148324,3,2,1
148325,148328,4,1,3
148329,148333,5,3,2
148336,148339,4,2,2
148340,148344,5,2,3
148345,148350,6,2,4
148351,148352,2,1,1
148353,148354,2,1,1
148355,148360,6,5,1
148361,148362,2,1,1
148365,148366,2,1,1
148367,148369,3,2,1
148370,148371,2,1,1
148373,148377,5,1,4
148384,148386,3,2,1
148387,148392,6,5,1
148393,148395,3,2,1
148396,148406,11,10,1
148407,148408,2,1,1
148411,148413,3,2,1
148414,148415,2,1,1
148416,148418,3,2,1
148419,148424,6,5,1
148428,148434,7,3,4
148437,148442,6,5,1
148443,148446,4,3,1
148447,148450,4,3,1
148451,148459,9,5,4
148460,148462,3,2,1
148463,148465,3,1,2
148466,148471,6,5,1
148473,148476,4,2,2
148477,148479,3,1,2
148480,148483,4,1,3
148484,148487,4,2,2
148502,148506,5,1,4
148507,148513,7,5,2
148524,148525,2,1,1
148543,148557,15,14,1
148561,148562,2,1,1
148565,148566,2,1,1
148567,148570,4,2,2
148571,148573,3,1,2
148574,148577,4,2,2
148578,148582,5,4,1
148583,148584,2,1,1
148585,148594,10,7,3
148595,148596,2,1,1
148597,148600,4,1,3
148601,148604,4,3,1
148605,148611,7,4,3
148613,148614,2,1,1
148615,148618,4,2,2
148632,148634,3,1,2
148635,148636,2,1,1
148647,148653,7,2,5
148657,148661,5,1,4
148662,148663,2,1,1
148664,148668,5,4,1
148682,148683,2,1,1
148684,148687,4,2,2
148688,148697,10,9,1
148698,148702,5,3,2
148703,148706,4,1,3
148709,148710,2,1,1
148711,148713,3,2,1
148714,148716,3,1,2
148717,148718,2,1,1
148719,148721,3,2,1
148740,148742,3,2,1
148743,148746,4,1,3
148747,148749,3,1,2
148755,148760,6,5,1
148761,148762,2,1,1
148763,148764,2,1,1
148765,148769,5,4,1
148776,148785,10,9,1
148786,148787,2,1,1
148788,148789,2,1,1
148790,148792,3,2,1
148793,148797,5,4,1
148798,148800,3,2,1
148801,148804,4,3,1
148805,148816,12,9,3
148817,148819,3,2,1
148820,148821,2,1,1
148822,148829,8,3,5
148830,148833,4,1,3
148843,148847,5,2,3
148848,148849,2,1,1
148850,148851,2,1,1
148852,148853,2,1,1
148854,148860,7,5,2
148861,148865,5,4,1
148866,148868,3,1,2
148869,148873,5,2,3
148874,148879,6,3,3
148880,148884,5,4,1
148889,148894,6,1,5
148895,148901,7,6,1
148902,148903,2,1,1
148904,148906,3,1,2
148918,148920,3,1,2
148921,148922,2,1,1
148923,148924,2,1,1
148925,148928,4,1,3
148931,148932,2,1,1
148933,148934,2,1,1
148944,148947,4,3,1
148948,148950,3,2,1
148951,148954,4,2,2
148955,148962,8,5,3
148963,148964,2,1,1
148967,148970,4,3,1
148971,148972,2,1,1
148984,148989,6,4,2
148993,148995,3,2,1
148997,148998,2,1,1
149010,149011,2,1,1
149012,149015,4,2,2
149016,149018,3,1,2
149019,149023,5,1,4
149025,149026,2,1,1
149027,149030,4,3,1
149031,149033,3,2,1
149034,149035,2,1,1
149036,149041,6,4,2
149051,149054,4,1,3
149055,149056,2,1,1
149057,149059,3,1,2
149061,149063,3,1,2
149064,149066,3,1,2
149067,149071,5,2,3
149072,149075,4,1,3
149077,149079,3,1,2
149083,149087,5,1,4
149090,149096,7,1,6
149097,149103,7,1,6
149109,149111,3,2,1
149115,149118,4,2,2
149130,149133,4,3,1
149134,149136,3,2,1
149140,149142,3,1,2
149143,149146,4,1,3
149152,149153,2,1,1
149154,149156,3,1,2
149160,149163,4,2,2
149164,149165,2,1,1
149166,149169,4,3,1
149171,149173,3,2,1
149174,149179,6,3,3
149180,149181,2,1,1
149182,149184,3,1,2
149185,149186,2,1,1
149187,149190,4,2,2
149191,149197,7,1,6
149208,149210,3,2,1
149211,149212,2,1,1
149213,149214,2,1,1
149215,149216,2,1,1
149219,149222,4,1,3
149223,149224,2,1,1
149232,149235,4,1,3
149245,149246,2,1,1
149247,149255,9,2,7
149256,149260,5,2,3
149268,149275,8,7,1
149276,149277,2,1,1
149303,149309,7,6,1
149319,149321,3,2,1
149323,149325,3,2,1
149326,149327,2,1,1
149362,149366,5,1,4
149387,149388,2,1,1
149389,149391,3,1,2
149412,149418,7,2,5
149422,149424,3,2,1
149443,149445,3,2,1
149446,149447,2,1,1
149452,149454,3,2,1
149455,149456,2,1,1
149460,149462,3,1,2
149463,149464,2,1,1
149532,149537,6,2,4
149554,149555,2,1,1
149559,149560,2,1,1
149564,149567,4,2,2
149587,149588,2,1,1
149596,149599,4,1,3
149600,149603,4,1,3
149710,149711,2,1,1
149719,149721,3,1,2
149933,149935,3,2,1
150009,150011,3,1,2
150035,150036,2,1,1
150086,150087,2,1,1
150108,150109,2,1,1
150122,150137,16,1,15
150138,150141,4,2,2
150152,150153,2,1,1
150154,150155,2,1,1
150156,150159,4,1,3
150160,150163,4,1,3
150172,150178,7,6,1
150179,150182,4,1,3
150183,150184,2,1,1
150185,150191,7,2,5
150192,150193,2,1,1
150290,150293,4,3,1
150294,150296,3,1,2
150297,150298,2,1,1
150299,150300,2,1,1
150301,150303,3,1,2
150306,150307,2,1,1
150308,150314,7,5,2
150315,150320,6,1,5
150321,150322,2,1,1
150323,150324,2,1,1
150325,150331,7,1,6
150335,150336,2,1,1
150340,150344,5,1,4
150345,150347,3,1,2
150348,150349,2,1,1
150350,150351,2,1,1
150352,150354,3,1,2
150355,150357,3,1,2
150358,150367,10,1,9
150368,150370,3,2,1
150371,150374,4,2,2
150375,150376,2,1,1
150377,150378,2,1,1
150379,150380,2,1,1
150384,150387,4,3,1
150388,150390,3,1,2
150391,150396,6,3,3
150397,150398,2,1,1
150399,150409,11,4,7
150410,150412,3,1,2
150413,150416,4,2,2
150417,150418,2,1,1
150419,150420,2,1,1
150421,150422,2,1,1
150423,150426,4,1,3
150427,150435,9,2,7
150439,150442,4,1,3
150443,150447,5,1,4
150453,150455,3,2,1
150456,150457,2,1,1
150458,150459,2,1,1
150460,150464,5,1,4
150472,150476,5,2,3
150482,150483,2,1,1
150484,150487,4,1,3
150492,150494,3,2,1
150495,150507,13,1,12
150508,150511,4,1,3
150517,150521,5,2,3
150544,150547,4,1,3
150557,150559,3,1,2
150560,150561,2,1,1
150565,150573,9,1,8
150583,150584,2,1,1
150587,150590,4,2,2
150591,150592,2,1,1
150593,150595,3,1,2
150606,150612,7,1,6
150614,150617,4,1,3
150618,150621,4,2,2
150622,150624,3,1,2
150632,150633,2,1,1
150634,150635,2,1,1
150636,150640,5,1,4
150644,150645,2,1,1
150649,150652,4,1,3
150655,150657,3,2,1
150658,150659,2,1,1
150660,150666,7,1,6
150667,150669,3,1,2
150675,150676,2,1,1
150677,150682,6,1,5
150683,150685,3,1,2
150686,150687,2,1,1
150696,150698,3,1,2
150700,150704,5,1,4
150712,150713,2,1,1
150717,150718,2,1,1
150719,150722,4,1,3
150729,150733,5,2,3
150737,150739,3,2,1
150740,150742,3,2,1
150750,150753,4,1,3
150754,150756,3,2,1
150757,150758,2,1,1
150763,150764,2,1,1
150765,150773,9,2,7
150774,150779,6,1,5
150780,150781,2,1,1
150782,150788,7,2,5
150793,150795,3,1,2
150798,150799,2,1,1
150817,150818,2,1,1
150820,150827,8,2,6
150828,150830,3,2,1
150835,150839,5,1,4
150846,150847,2,1,1
150848,150853,6,1,5
150855,150857,3,1,2
150862,150863,2,1,1
150871,150872,2,1,1
150873,150874,2,1,1
150879,150882,4,1,3
150883,150885,3,2,1
150897,150899,3,1,2
150900,150902,3,1,2
150903,150904,2,1,1
150905,150906,2,1,1
150910,150912,3,1,2
150913,150918,6,1,5
150919,150921,3,1,2
150931,150932,2,1,1
150933,150935,3,2,1
150946,150947,2,1,1
150956,150957,2,1,1
150968,150972,5,1,4
150988,150989,2,1,1
150990,150992,3,1,2
150993,150996,4,1,3
151001,151003,3,1,2
151007,151008,2,1,1
151013,151014,2,1,1
151034,151039,6,1,5
151040,151043,4,1,3
151046,151047,2,1,1
151049,151050,2,1,1
151062,151066,5,3,2
151075,151076,2,1,1
151079,151081,3,1,2
151084,151087,4,3,1
151091,151094,4,3,1
151096,151097,2,1,1
151098,151099,2,1,1
151100,151101,2,1,1
151109,151115,7,2,5
151121,151136,16,3,13
151142,151143,2,1,1
151144,151147,4,1,3
151148,151153,6,3,3
151154,151158,5,4,1
151159,151165,7,2,5
151166,151170,5,2,3
151171,151172,2,1,1
151173,151174,2,1,1
151175,151176,2,1,1
151182,151185,4,3,1
151187,151191,5,2,3
151238,151241,4,2,2
151285,151288,4,3,1
151290,151294,5,3,2
151295,151296,2,1,1
151303,151304,2,1,1
151305,151314,10,1,9
151319,151321,3,2,1
151322,151326,5,2,3
151327,151329,3,2,1
151330,151339,10,5,5
151340,151341,2,1,1
151342,151344,3,2,1
151345,151346,2,1,1
151368,151374,7,4,3
151375,151382,8,3,5
151430,151432,3,1,2
151433,151436,4,3,1
151437,151440,4,1,3
151451,151473,23,1,22
151477,151478,2,1,1
151479,151483,5,1,4
151536,151539,4,2,2
151548,151552,5,2,3
151555,151574,20,12,8
151609,151611,3,2,1
151612,151617,6,5,1
151618,151620,3,2,1
151621,151625,5,4,1
151626,151629,4,3,1
151630,151633,4,1,3
151691,151694,4,2,2
151695,151697,3,2,1
151698,151699,2,1,1
151700,151706,7,1,6
151736,151737,2,1,1
151764,151765,2,1,1
151769,151770,2,1,1
151771,151773,3,2,1
151785,151787,3,1,2
151793,151794,2,1,1
151795,151796,2,1,1
151797,151806,10,1,9
151807,151811,5,4,1
151821,151823,3,2,1
151824,151825,2,1,1
151893,151897,5,1,4
151898,151900,3,2,1
151901,151902,2,1,1
151903,151908,6,5,1
151909,151910,2,1,1
151917,151922,6,4,2
151923,151929,7,3,4
151937,151938,2,1,1
151945,151946,2,1,1
151956,151957,2,1,1
151958,151979,22,17,5
151985,151988,4,3,1
151989,151990,2,1,1
151991,152006,16,14,2
152007,152012,6,1,5
152013,152026,14,13,1
152027,152032,6,1,5
152033,152061,29,28,1
152081,152085,5,4,1
152108,152110,3,1,2
152113,152119,7,3,4
152120,152127,8,6,2
152172,152175,4,2,2
152208,152214,7,1,6
152215,152220,6,5,1
152221,152232,12,2,10
152273,152274,2,1,1
152285,152300,16,15,1
152301,152306,6,2,4
152307,152312,6,5,1
152313,152314,2,1,1
152341,152343,3,2,1
152345,152347,3,1,2
152351,152354,4,3,1
152402,152408,7,1,6
152460,152464,5,1,4
152489,152490,2,1,1
152491,152492,2,1,1
152498,152559,62,61,1
152560,152562,3,2,1
152563,152583,21,20,1
152584,152586,3,2,1
152587,152588,2,1,1
152616,152617,2,1,1
152630,152632,3,1,2
152639,152640,2,1,1
152641,152642,2,1,1
152643,152653,11,3,8
152654,152660,7,4,3
152661,152664,4,3,1
152671,152672,2,1,1
152673,152674,2,1,1
152675,152676,2,1,1
152677,152678,2,1,1
152762,152765,4,1,3
152766,152768,3,1,2
152824,152825,2,1,1
152850,152851,2,1,1
152852,152853,2,1,1
152854,152857,4,1,3
152882,152883,2,1,1
152884,152885,2,1,1
152886,152887,2,1,1
152898,152903,6,2,4
152934,152937,4,1,3
152944,152946,3,1,2
152949,152952,4,2,2
152953,152954,2,1,1
152955,152957,3,1,2
152958,152959,2,1,1
152989,152991,3,2,1
152992,152994,3,1,2
152996,153000,5,2,3
153001,153007,7,1,6
153008,153015,8,3,5
153049,153050,2,1,1
153147,153157,11,5,6
153158,153162,5,4,1
153164,153166,3,2,1
153180,153183,4,2,2
153197,153201,5,1,4
153207,153209,3,1,2
153210,153215,6,1,5
153216,153221,6,4,2
153224,153232,9,8,1
153233,153252,20,18,2
153253,153254,2,1,1
153255,153257,3,2,1
153264,153273,10,9,1
153285,153286,2,1,1
153287,153294,8,2,6
153295,153296,2,1,1
153301,153302,2,1,1
153303,153310,8,2,6
153568,153569,2,1,1
153572,153573,2,1,1
153623,153625,3,2,1
153626,153630,5,3,2
153691,153693,3,1,2
153694,153695,2,1,1
153699,153720,22,2,20
153991,153992,2,1,1
153993,153995,3,2,1
153997,154009,13,4,9
154017,154019,3,1,2
154088,154089,2,1,1
154134,154138,5,1,4
154182,154183,2,1,1
154186,154194,9,1,8
154231,154233,3,1,2
154234,154243,10,5,5
154258,154260,3,2,1
154261,154268,8,6,2
154269,154273,5,4,1
154278,154280,3,2,1
154281,154283,3,1,2
154395,154405,11,5,6
154465,154470,6,3,3
154511,154512,2,1,1
154513,154520,8,7,1
154531,154532,2,1,1
154536,154541,6,4,2
154544,154559,16,1,15
154576,154584,9,1,8
154605,154606,2,1,1
154612,154613,2,1,1
154614,154617,4,1,3
154632,154634,3,1,2
154635,154636,2,1,1
154665,154669,5,1,4
154671,154672,2,1,1
154681,154685,5,2,3
154725,154727,3,1,2
154739,154746,8,7,1
154747,154748,2,1,1
154771,154772,2,1,1
154818,154819,2,1,1
154824,154827,4,3,1
154836,154840,5,4,1
154853,154855,3,1,2
154861,154862,2,1,1
154863,154864,2,1,1
154879,154881,3,2,1
154882,154883,2,1,1
154898,154899,2,1,1
154900,154910,11,8,3
154911,154917,7,6,1
154918,154921,4,2,2
154931,154932,2,1,1
155024,155026,3,1,2
155031,155032,2,1,1
155034,155035,2,1,1
155046,155053,8,1,7
155054,155058,5,1,4
155089,155091,3,2,1
155092,155093,2,1,1
155114,155116,3,1,2
155135,155140,6,1,5
155145,155146,2,1,1
155176,155181,6,5,1
155203,155212,10,7,3
155241,155242,2,1,1
155250,155253,4,2,2
155254,155257,4,1,3
155259,155261,3,1,2
155262,155265,4,3,1
155274,155275,2,1,1
155282,155288,7,2,5
155289,155291,3,1,2
155378,155381,4,2,2
155382,155384,3,2,1
155419,155424,6,2,4
155425,155428,4,2,2
155429,155430,2,1,1
155431,155432,2,1,1
155433,155436,4,3,1
155437,155450,14,13,1
155451,155465,15,2,13
155503,155507,5,1,4
155509,155510,2,1,1
155531,155532,2,1,1
155611,155617,7,6,1
155618,155619,2,1,1
155820,155826,7,1,6
156031,156032,2,1,1
156148,156149,2,1,1
156214,156216,3,2,1
156217,156221,5,4,1
156222,156224,3,1,2
156225,156226,2,1,1
156227,156232,6,3,3
156233,156235,3,2,1
156280,156286,7,6,1
156287,156294,8,5,3
156316,156317,2,1,1
156319,156321,3,2,1
156329,156331,3,1,2
156351,156356,6,4,2
156380,156381,2,1,1
156406,156410,5,1,4
156447,156449,3,2,1
156450,156451,2,1,1
156848,156854,7,1,6
157136,157139,4,2,2
157140,157147,8,5,3
157148,157151,4,1,3
157159,157160,2,1,1
157161,157163,3,2,1
157164,157165,2,1,1
157272,157276,5,1,4
157305,157306,2,1,1
157307,157316,10,8,2
157327,157328,2,1,1
157357,157359,3,1,2
157378,157382,5,2,3
157521,157525,5,2,3
157550,157553,4,1,3
157597,157599,3,1,2
158118,158120,3,1,2
158230,158234,5,1,4
158248,158251,4,2,2
158261,158262,2,1,1
158316,158317,2,1,1
158318,158319,2,1,1
158333,158338,6,1,5
158344,158347,4,1,3
158367,158375,9,2,7
158452,158459,8,1,7
158460,158463,4,3,1
158571,158572,2,1,1
158583,158584,2,1,1
158740,158741,2,1,1
158792,158793,2,1,1
158794,158797,4,1,3
159031,159035,5,3,2
159046,159049,4,2,2
159050,159051,2,1,1
159061,159062,2,1,1
159067,159068,2,1,1
159069,159070,2,1,1
159077,159078,2,1,1
159082,159086,5,2,3
159087,159088,2,1,1
159106,159107,2,1,1
159122,159123,2,1,1
159127,159133,7,1,6
159134,159136,3,1,2
159150,159154,5,1,4
159160,159161,2,1,1
159164,159167,4,3,1
159177,159179,3,2,1
159180,159182,3,2,1
159189,159190,2,1,1
159191,159194,4,3,1
159207,159208,2,1,1
159215,159216,2,1,1
159220,159223,4,3,1
159232,159236,5,2,3
159243,159244,2,1,1
159253,159259,7,3,4
159262,159263,2,1,1
159291,159293,3,1,2
159303,159305,3,2,1
159312,159313,2,1,1
159314,159317,4,3,1
159329,159331,3,2,1
159352,159353,2,1,1
159360,159361,2,1,1
159362,159364,3,1,2
159365,159370,6,3,3
159375,159376,2,1,1
159402,159405,4,2,2
159414,159417,4,3,1
159419,159420,2,1,1
159434,159435,2,1,1
159439,159442,4,2,2
159456,159457,2,1,1
159465,159467,3,1,2
159475,159476,2,1,1
159477,159481,5,1,4
159495,159496,2,1,1
159501,159502,2,1,1
159505,159506,2,1,1
159515,159518,4,3,1
159541,159544,4,3,1
159546,159548,3,1,2
159568,159569,2,1,1
159570,159572,3,1,2
159573,159575,3,2,1
159576,159578,3,1,2
159596,159598,3,2,1
159599,159600,2,1,1
159628,159629,2,1,1
159630,159632,3,2,1
159639,159640,2,1,1
159650,159651,2,1,1
159652,159656,5,3,2
159668,159669,2,1,1
159693,159695,3,1,2
159699,159702,4,3,1
159709,159710,2,1,1
159712,159713,2,1,1
159719,159720,2,1,1
159722,159723,2,1,1
159743,159744,2,1,1
159745,159748,4,2,2
159749,159750,2,1,1
159760,159762,3,2,1
159765,159766,2,1,1
159772,159773,2,1,1
159794,159796,3,1,2
159798,159799,2,1,1
159808,159810,3,2,1
159840,159844,5,1,4
159848,159849,2,1,1
159852,159856,5,2,3
159857,159862,6,4,2
159869,159870,2,1,1
159871,159872,2,1,1
159877,159878,2,1,1
159884,159885,2,1,1
159892,159893,2,1,1
159895,159897,3,2,1
159911,159912,2,1,1
159913,159917,5,2,3
159927,159928,2,1,1
159933,159935,3,1,2
159940,159944,5,2,3
159948,159952,5,4,1
159953,159954,2,1,1
159959,159960,2,1,1
159966,159967,2,1,1
159971,159972,2,1,1
159987,159989,3,2,1
160000,160002,3,2,1
160027,160029,3,1,2
160030,160032,3,1,2
160033,160037,5,4,1
160039,160040,2,1,1
160050,160052,3,1,2
160060,160065,6,2,4
160113,160115,3,2,1
160125,160127,3,1,2
160135,160137,3,1,2
160143,160146,4,1,3
160151,160152,2,1,1
160154,160156,3,1,2
160168,160169,2,1,1
160190,160193,4,1,3
160199,160200,2,1,1
160202,160203,2,1,1
160221,160222,2,1,1
160225,160230,6,1,5
160236,160237,2,1,1
160241,160243,3,2,1
160263,160264,2,1,1
160265,160268,4,3,1
160269,160270,2,1,1
160271,160273,3,1,2
160277,160278,2,1,1
160283,160286,4,3,1
160296,160303,8,3,5
160315,160316,2,1,1
160317,160320,4,2,2
160321,160325,5,1,4
160335,160337,3,2,1
160364,160365,2,1,1
160369,160370,2,1,1
160371,160372,2,1,1
160389,160391,3,1,2
160393,160395,3,1,2
160401,160402,2,1,1
160404,160405,2,1,1
160436,160437,2,1,1
160444,160446,3,1,2
160457,160459,3,2,1
160482,160487,6,1,5
160520,160521,2,1,1
160524,160525,2,1,1
160526,160529,4,1,3
160537,160539,3,1,2
160554,160555,2,1,1
160564,160566,3,1,2
160577,160580,4,1,3
160598,160602,5,4,1
160610,160612,3,1,2
160620,160625,6,1,5
160637,160640,4,1,3
160642,160645,4,1,3
160652,160654,3,1,2
160657,160659,3,1,2
160660,160662,3,2,1
160684,160686,3,1,2
160695,160696,2,1,1
160697,160698,2,1,1
160699,160700,2,1,1
160711,160712,2,1,1
160726,160728,3,1,2
160731,160734,4,2,2
160750,160752,3,1,2
160787,160789,3,1,2
160796,160799,4,2,2
160804,160806,3,1,2
160809,160811,3,1,2
160817,160819,3,1,2
160824,160825,2,1,1
160833,160836,4,2,2
160837,160842,6,3,3
160845,160846,2,1,1
160850,160854,5,2,3
160869,160870,2,1,1
160871,160873,3,1,2
160874,160875,2,1,1
160876,160878,3,1,2
160879,160882,4,1,3
160946,160949,4,1,3
160975,160976,2,1,1
160985,160987,3,1,2
160988,160991,4,2,2
160998,161001,4,3,1
161036,161039,4,1,3
161040,161043,4,2,2
161047,161048,2,1,1
161061,161062,2,1,1
161066,161068,3,2,1
161092,161095,4,1,3
161098,161099,2,1,1
161102,161104,3,1,2
161105,161106,2,1,1
161129,161130,2,1,1
161132,161133,2,1,1
161148,161149,2,1,1
161152,161154,3,1,2
161175,161176,2,1,1
161188,161189,2,1,1
161190,161191,2,1,1
161204,161205,2,1,1
161219,161221,3,2,1
161225,161226,2,1,1
161245,161246,2,1,1
161259,161262,4,1,3
161265,161268,4,1,3
161271,161274,4,1,3
161275,161277,3,1,2
161281,161286,6,2,4
161287,161290,4,2,2
161301,161302,2,1,1
161308,161311,4,3,1
161312,161318,7,1,6
161319,161320,2,1,1
161322,161326,5,1,4
161329,161331,3,1,2
161335,161338,4,1,3
161345,161347,3,1,2
161354,161358,5,1,4
161359,161361,3,1,2
161362,161363,2,1,1
161380,161381,2,1,1
161387,161388,2,1,1
161394,161396,3,1,2
161397,161398,2,1,1
161403,161405,3,1,2
161427,161428,2,1,1
161429,161430,2,1,1
161444,161445,2,1,1
161450,161451,2,1,1
161458,161459,2,1,1
161478,161480,3,2,1
161493,161496,4,1,3
161530,161531,2,1,1
161536,161537,2,1,1
161550,161551,2,1,1
161578,161579,2,1,1
161590,161591,2,1,1
161599,161601,3,1,2
161611,161614,4,3,1
161629,161630,2,1,1
161638,161639,2,1,1
161648,161649,2,1,1
161654,161656,3,1,2
161670,161671,2,1,1
161709,161714,6,3,3
161736,161740,5,1,4
161760,161761,2,1,1
161766,161769,4,1,3
161770,161772,3,1,2
161776,161777,2,1,1
161815,161818,4,3,1
161841,161847,7,1,6
161849,161851,3,1,2
161873,161876,4,1,3
161880,161881,2,1,1
161891,161894,4,3,1
161899,161901,3,1,2
161904,161905,2,1,1
161913,161917,5,4,1
161918,161920,3,1,2
161923,161924,2,1,1
161928,161930,3,1,2
161931,161932,2,1,1
161937,161938,2,1,1
161956,161957,2,1,1
161963,161964,2,1,1
161966,161968,3,2,1
161985,161989,5,1,4
161995,161996,2,1,1
161998,161999,2,1,1
162016,162018,3,1,2
162025,162026,2,1,1
162027,162029,3,1,2
162030,162031,2,1,1
162032,162037,6,4,2
162038,162040,3,1,2
162058,162060,3,2,1
162070,162074,5,3,2
162080,162085,6,1,5
162086,162087,2,1,1
162093,162094,2,1,1
162096,162104,9,5,4
162105,162106,2,1,1
162109,162111,3,1,2
162113,162114,2,1,1
162125,162126,2,1,1
162131,162132,2,1,1
162138,162139,2,1,1
162140,162142,3,2,1
162145,162148,4,2,2
162152,162153,2,1,1
162181,162182,2,1,1
162188,162190,3,2,1
162201,162203,3,1,2
162206,162207,2,1,1
162236,162238,3,1,2
162252,162253,2,1,1
162273,162274,2,1,1
162282,162287,6,1,5
162288,162289,2,1,1
162290,162291,2,1,1
162296,162299,4,1,3
162312,162313,2,1,1
162347,162349,3,2,1
162350,162352,3,2,1
162353,162354,2,1,1
162360,162361,2,1,1
162362,162364,3,1,2
162365,162368,4,1,3
162371,162374,4,2,2
162381,162383,3,1,2
162401,162403,3,1,2
162407,162408,2,1,1
162409,162410,2,1,1
162423,162424,2,1,1
162449,162450,2,1,1
162451,162452,2,1,1
162463,162465,3,1,2
162466,162467,2,1,1
162485,162488,4,1,3
162489,162490,2,1,1
162510,162512,3,1,2
162518,162520,3,1,2
162521,162523,3,1,2
162537,162538,2,1,1
162546,162547,2,1,1
162549,162551,3,2,1
162553,162557,5,2,3
162577,162578,2,1,1
162597,162600,4,3,1
162625,162627,3,1,2
162630,162631,2,1,1
162649,162650,2,1,1
162651,162654,4,1,3
162660,162662,3,2,1
162670,162672,3,2,1
162673,162674,2,1,1
162677,162678,2,1,1
162679,162680,2,1,1
162709,162714,6,5,1
162774,162777,4,1,3
162793,162794,2,1,1
162813,162814,2,1,1
162821,162822,2,1,1
162840,162843,4,1,3
162861,162862,2,1,1
162863,162864,2,1,1
162893,162895,3,1,2
162900,162901,2,1,1
162907,162909,3,2,1
162912,162914,3,1,2
162915,162916,2,1,1
162927,162928,2,1,1
162962,162963,2,1,1
162975,162976,2,1,1
162977,162978,2,1,1
163005,163006,2,1,1
163009,163010,2,1,1
163011,163013,3,1,2
163055,163056,2,1,1
163066,163074,9,1,8
163077,163078,2,1,1
163084,163085,2,1,1
163087,163089,3,1,2
163098,163099,2,1,1
163102,163105,4,1,3
163108,163112,5,3,2
163113,163114,2,1,1
163123,163125,3,2,1
163128,163129,2,1,1
163130,163131,2,1,1
163136,163137,2,1,1
163140,163141,2,1,1
163150,163154,5,3,2
163166,163170,5,2,3
163200,163202,3,2,1
163215,163216,2,1,1
163247,163248,2,1,1
163251,163252,2,1,1
163268,163270,3,1,2
163293,163294,2,1,1
163300,163302,3,1,2
163331,163332,2,1,1
163342,163344,3,1,2
163345,163347,3,1,2
163348,163349,2,1,1
163356,163357,2,1,1
163358,163359,2,1,1
163362,163366,5,3,2
163386,163392,7,2,5
163393,163394,2,1,1
163400,163402,3,1,2
163413,163415,3,1,2
163419,163421,3,1,2
163423,163426,4,1,3
163429,163432,4,3,1
163444,163445,2,1,1
163460,163462,3,2,1
163463,163464,2,1,1
163467,163468,2,1,1
163475,163476,2,1,1
163481,163482,2,1,1
163483,163484,2,1,1
163530,163531,2,1,1
163573,163575,3,1,2
163577,163579,3,1,2
163587,163589,3,1,2
163610,163612,3,1,2
163624,163627,4,2,2
163651,163655,5,1,4
163670,163672,3,1,2
163685,163686,2,1,1
163703,163705,3,1,2
163720,163722,3,1,2
163723,163726,4,1,3
163727,163729,3,2,1
163731,163733,3,1,2
163734,163735,2,1,1
163740,163742,3,1,2
163767,163768,2,1,1
163769,163772,4,1,3
163780,163781,2,1,1
163802,163803,2,1,1
163823,163824,2,1,1
163836,163837,2,1,1
163838,163841,4,2,2
163844,163845,2,1,1
163848,163853,6,2,4
163854,163855,2,1,1
163862,163865,4,1,3
163871,163872,2,1,1
163874,163879,6,1,5
163900,163901,2,1,1
163907,163909,3,1,2
163913,163914,2,1,1
163917,163918,2,1,1
163920,163921,2,1,1
163943,163944,2,1,1
163953,163957,5,1,4
163972,163974,3,1,2
163980,163981,2,1,1
164017,164018,2,1,1
164022,164023,2,1,1
164025,164026,2,1,1
164027,164028,2,1,1
164054,164056,3,1,2
164057,164058,2,1,1
164059,164062,4,3,1
164101,164102,2,1,1
164103,164105,3,1,2
164124,164126,3,1,2
164130,164132,3,1,2
164138,164140,3,2,1
164160,164161,2,1,1
164164,164165,2,1,1
164181,164183,3,2,1
164194,164196,3,1,2
164229,164232,4,2,2
164288,164290,3,1,2
164308,164312,5,2,3
164328,164329,2,1,1
164362,164365,4,2,2
164370,164371,2,1,1
164394,164395,2,1,1
164397,164398,2,1,1
164402,164404,3,2,1
164406,164408,3,2,1
164410,164412,3,1,2
164420,164421,2,1,1
164422,164423,2,1,1
164432,164434,3,1,2
164447,164449,3,2,1
164465,164468,4,3,1
164484,164486,3,1,2
164493,164494,2,1,1
164505,164506,2,1,1
164507,164509,3,1,2
164510,164511,2,1,1
164519,164520,2,1,1
164521,164525,5,4,1
164544,164546,3,1,2
164567,164570,4,3,1
164588,164592,5,1,4
164593,164594,2,1,1
164611,164612,2,1,1
164633,164634,2,1,1
164641,164643,3,2,1
164653,164654,2,1,1
164660,164662,3,1,2
164668,164670,3,1,2
164692,164693,2,1,1
164703,164708,6,1,5
164709,164710,2,1,1
164715,164716,2,1,1
164720,164722,3,2,1
164758,164759,2,1,1
164761,164763,3,2,1
164769,164770,2,1,1
164791,164792,2,1,1
164839,164840,2,1,1
164843,164847,5,3,2
164869,164870,2,1,1
164872,164874,3,2,1
164876,164878,3,2,1
164895,164897,3,2,1
164902,164904,3,2,1
164948,164949,2,1,1
164951,164952,2,1,1
164964,164965,2,1,1
164976,164977,2,1,1
165006,165007,2,1,1
165011,165012,2,1,1
165028,165030,3,2,1
165051,165053,3,1,2
165068,165069,2,1,1
165070,165072,3,2,1
165079,165081,3,2,1
165082,165083,2,1,1
165088,165090,3,1,2
165096,165097,2,1,1
165137,165138,2,1,1
165143,165146,4,1,3
165156,165157,2,1,1
165164,165165,2,1,1
165184,165186,3,2,1
165195,165196,2,1,1
165219,165221,3,2,1
165226,165227,2,1,1
165249,165250,2,1,1
165261,165262,2,1,1
165273,165275,3,1,2
165281,165283,3,1,2
165292,165294,3,1,2
165298,165300,3,1,2
165301,165303,3,1,2
165310,165313,4,3,1
165324,165325,2,1,1
165328,165332,5,4,1
165349,165351,3,1,2
165356,165357,2,1,1
165359,165360,2,1,1
165369,165370,2,1,1
165371,165375,5,2,3
165381,165382,2,1,1
165407,165408,2,1,1
165469,165470,2,1,1
165472,165473,2,1,1
165482,165485,4,1,3
165528,165532,5,2,3
165537,165539,3,1,2
165540,165541,2,1,1
165543,165545,3,1,2
165546,165548,3,1,2
165584,165587,4,1,3
165608,165609,2,1,1
165610,165612,3,1,2
165628,165630,3,2,1
165632,165633,2,1,1
165648,165650,3,1,2
165667,165671,5,1,4
165685,165687,3,2,1
165713,165715,3,1,2
165723,165724,2,1,1
165729,165730,2,1,1
165734,165735,2,1,1
165743,165744,2,1,1
165755,165757,3,2,1
165759,165760,2,1,1
165769,165771,3,2,1
165777,165783,7,1,6
165791,165792,2,1,1
165796,165797,2,1,1
165821,165824,4,1,3
165827,165828,2,1,1
165845,165846,2,1,1
165851,165853,3,1,2
165913,165914,2,1,1
165926,165927,2,1,1
165929,165931,3,1,2
165935,165936,2,1,1
165942,165943,2,1,1
165954,165956,3,2,1
165964,165967,4,2,2
165968,165969,2,1,1
165992,165993,2,1,1
166001,166003,3,1,2
166010,166012,3,2,1
166026,166027,2,1,1
166031,166032,2,1,1
166033,166038,6,5,1
166054,166056,3,1,2
166072,166074,3,2,1
166104,166106,3,1,2
166117,166118,2,1,1
166137,166138,2,1,1
166171,166173,3,1,2
166183,166185,3,2,1
166198,166199,2,1,1
166206,166207,2,1,1
166213,166215,3,1,2
166220,166221,2,1,1
166234,166238,5,1,4
166242,166244,3,1,2
166252,166254,3,2,1
166258,166260,3,2,1
166272,166273,2,1,1
166279,166280,2,1,1
166282,166283,2,1,1
166284,166286,3,2,1
166292,166293,2,1,1
166304,166305,2,1,1
166342,166343,2,1,1
166362,166364,3,2,1
166365,166366,2,1,1
166407,166408,2,1,1
166421,166423,3,2,1
166434,166436,3,1,2
166445,166448,4,2,2
166453,166455,3,2,1
166458,166459,2,1,1
166473,166474,2,1,1
166475,166476,2,1,1
166500,166501,2,1,1
166505,166506,2,1,1
166526,166527,2,1,1
166557,166558,2,1,1
166567,166569,3,2,1
166570,166571,2,1,1
166579,166580,2,1,1
166587,166588,2,1,1
166590,166591,2,1,1
166601,166604,4,2,2
166608,166609,2,1,1
166654,166658,5,1,4
166666,166668,3,1,2
166696,166697,2,1,1
166718,166720,3,2,1
166733,166734,2,1,1
166745,166746,2,1,1
166750,166753,4,1,3
166774,166778,5,2,3
166787,166789,3,1,2
166791,166792,2,1,1
166793,166797,5,1,4
166805,166808,4,2,2
166822,166823,2,1,1
166856,166857,2,1,1
166862,166866,5,1,4
166902,166903,2,1,1
166909,166913,5,1,4
166917,166918,2,1,1
166922,166924,3,1,2
166928,166931,4,3,1
166950,166951,2,1,1
166954,166955,2,1,1
166964,166967,4,1,3
166981,166982,2,1,1
166983,166984,2,1,1
166989,166990,2,1,1
167004,167005,2,1,1
167008,167012,5,3,2
167018,167019,2,1,1
167031,167034,4,1,3
167045,167050,6,2,4
167068,167071,4,1,3
167082,167083,2,1,1
167086,167089,4,1,3
167102,167105,4,1,3
167107,167108,2,1,1
167132,167133,2,1,1
167135,167136,2,1,1
167173,167174,2,1,1
167189,167192,4,2,2
167195,167197,3,1,2
167206,167208,3,2,1
167214,167215,2,1,1
167220,167221,2,1,1
167222,167224,3,2,1
167252,167256,5,1,4
167259,167262,4,1,3
167271,167272,2,1,1
167279,167281,3,1,2
167291,167292,2,1,1
167309,167310,2,1,1
167328,167329,2,1,1
167334,167336,3,1,2
167337,167339,3,1,2
167358,167360,3,2,1
167375,167377,3,1,2
167413,167419,7,1,6
167422,167426,5,1,4
167427,167430,4,2,2
167442,167444,3,1,2
167452,167453,2,1,1
167457,167461,5,1,4
167470,167472,3,1,2
167473,167474,2,1,1
167486,167487,2,1,1
167488,167489,2,1,1
167490,167492,3,2,1
167497,167500,4,2,2
167501,167502,2,1,1
167512,167515,4,2,2
167516,167517,2,1,1
167530,167531,2,1,1
167542,167544,3,2,1
167545,167546,2,1,1
167551,167552,2,1,1
167554,167555,2,1,1
167567,167571,5,1,4
167573,167576,4,1,3
167581,167582,2,1,1
167596,167598,3,1,2
167619,167620,2,1,1
167632,167633,2,1,1
167648,167651,4,1,3
167652,167653,2,1,1
167654,167655,2,1,1
167685,167686,2,1,1
167692,167696,5,2,3
167703,167704,2,1,1
167705,167708,4,1,3
167733,167734,2,1,1
167746,167747,2,1,1
167752,167753,2,1,1
167756,167757,2,1,1
167778,167779,2,1,1
167790,167791,2,1,1
167792,167794,3,2,1
167801,167808,8,1,7
167835,167837,3,1,2
167844,167845,2,1,1
167846,167847,2,1,1
167850,167852,3,2,1
167864,167865,2,1,1
167870,167873,4,1,3
167887,167888,2,1,1
167906,167908,3,2,1
167924,167928,5,1,4
167941,167942,2,1,1
167961,167962,2,1,1
167968,167969,2,1,1
167970,167972,3,2,1
167973,167974,2,1,1
167984,167985,2,1,1
167986,167988,3,1,2
167989,167990,2,1,1
168011,168013,3,1,2
168025,168028,4,1,3
168029,168030,2,1,1
168077,168082,6,3,3
168085,168088,4,3,1
168091,168092,2,1,1
168096,168098,3,1,2
168101,168102,2,1,1
168110,168111,2,1,1
168121,168122,2,1,1
168129,168130,2,1,1
168132,168135,4,1,3
168189,168190,2,1,1
168213,168215,3,1,2
168217,168218,2,1,1
168222,168223,2,1,1
168241,168243,3,1,2
168256,168257,2,1,1
168272,168273,2,1,1
168291,168293,3,2,1
168295,168296,2,1,1
168311,168313,3,2,1
168314,168319,6,4,2
168328,168329,2,1,1
168336,168338,3,1,2
168342,168343,2,1,1
168352,168355,4,3,1
168367,168368,2,1,1
168377,168379,3,1,2
168383,168384,2,1,1
168388,168389,2,1,1
168392,168395,4,3,1
168397,168399,3,1,2
168408,168409,2,1,1
168412,168413,2,1,1
168421,168423,3,1,2
168446,168447,2,1,1
168459,168461,3,2,1
168464,168465,2,1,1
168475,168479,5,1,4
168530,168531,2,1,1
168540,168541,2,1,1
168543,168545,3,2,1
168557,168561,5,3,2
168571,168573,3,2,1
168581,168582,2,1,1
168584,168586,3,1,2
168619,168620,2,1,1
168629,168630,2,1,1
168665,168667,3,1,2
168672,168673,2,1,1
168681,168685,5,2,3
168699,168701,3,1,2
168739,168741,3,1,2
168747,168748,2,1,1
168757,168758,2,1,1
168785,168787,3,2,1
168790,168791,2,1,1
168802,168805,4,1,3
168860,168862,3,2,1
168878,168879,2,1,1
168882,168883,2,1,1
168908,168911,4,3,1
168933,168934,2,1,1
168941,168942,2,1,1
168960,168962,3,2,1
168966,168969,4,2,2
168976,168978,3,1,2
168981,168983,3,1,2
168989,168990,2,1,1
168991,168992,2,1,1
168998,168999,2,1,1
169045,169047,3,1,2
169048,169050,3,1,2
169067,169068,2,1,1
169080,169083,4,3,1
169092,169093,2,1,1
169099,169100,2,1,1
169117,169119,3,2,1
169121,169122,2,1,1
169123,169124,2,1,1
169132,169135,4,1,3
169159,169161,3,1,2
169165,169168,4,1,3
169174,169175,2,1,1
169177,169178,2,1,1
169186,169187,2,1,1
169190,169191,2,1,1
169194,169195,2,1,1
169214,169216,3,1,2
169219,169220,2,1,1
169221,169222,2,1,1
169236,169239,4,2,2
169240,169244,5,1,4
169248,169249,2,1,1
169251,169252,2,1,1
169276,169278,3,2,1
169279,169281,3,1,2
169313,169317,5,1,4
169323,169324,2,1,1
169337,169338,2,1,1
169339,169340,2,1,1
169352,169353,2,1,1
169388,169391,4,2,2
169412,169418,7,2,5
169444,169445,2,1,1
169459,169461,3,1,2
169465,169466,2,1,1
169469,169473,5,1,4
169476,169480,5,1,4
169488,169493,6,4,2
169498,169501,4,1,3
169524,169527,4,1,3
169534,169537,4,1,3
169542,169543,2,1,1
169544,169545,2,1,1
169548,169551,4,3,1
169562,169564,3,2,1
169572,169574,3,1,2
169596,169599,4,1,3
169607,169608,2,1,1
169615,169623,9,2,7
169627,169629,3,2,1
169641,169645,5,1,4
169659,169660,2,1,1
169666,169668,3,1,2
169688,169690,3,1,2
169695,169696,2,1,1
169699,169701,3,1,2
169714,169716,3,2,1
169719,169721,3,2,1
169725,169726,2,1,1
169730,169733,4,3,1
169745,169746,2,1,1
169765,169766,2,1,1
169767,169769,3,2,1
169778,169779,2,1,1
169792,169795,4,1,3
169829,169833,5,1,4
169842,169845,4,2,2
169867,169870,4,3,1
169878,169880,3,2,1
169884,169887,4,2,2
169891,169893,3,1,2
169927,169932,6,5,1
169952,169953,2,1,1
169969,169972,4,1,3
170039,170040,2,1,1
170041,170045,5,1,4
170047,170048,2,1,1
170060,170061,2,1,1
170062,170064,3,2,1
170078,170079,2,1,1
170091,170092,2,1,1
170093,170095,3,2,1
170103,170105,3,2,1
170120,170121,2,1,1
170127,170128,2,1,1
170129,170131,3,2,1
170137,170138,2,1,1
170144,170149,6,1,5
170170,170171,2,1,1
170196,170197,2,1,1
170202,170203,2,1,1
170206,170209,4,2,2
170212,170213,2,1,1
170219,170220,2,1,1
170223,170229,7,5,2
170230,170232,3,1,2
170243,170244,2,1,1
170255,170257,3,2,1
170261,170263,3,1,2
170289,170290,2,1,1
170295,170296,2,1,1
170298,170299,2,1,1
170307,170311,5,2,3
170358,170360,3,1,2
170363,170365,3,1,2
170372,170373,2,1,1
170386,170388,3,2,1
170392,170396,5,4,1
170424,170426,3,1,2
170469,170477,9,2,7
170492,170494,3,1,2
170496,170497,2,1,1
170506,170508,3,1,2
170516,170517,2,1,1
170529,170531,3,2,1
170565,170570,6,1,5
170583,170585,3,1,2
170595,170596,2,1,1
170613,170614,2,1,1
170625,170626,2,1,1
170629,170630,2,1,1
170639,170640,2,1,1
170641,170642,2,1,1
170643,170645,3,1,2
170646,170649,4,1,3
170652,170653,2,1,1
170654,170655,2,1,1
170666,170667,2,1,1
170669,170670,2,1,1
170685,170686,2,1,1
170699,170700,2,1,1
170723,170724,2,1,1
170735,170736,2,1,1
170746,170751,6,2,4
170758,170759,2,1,1
170785,170789,5,1,4
170796,170797,2,1,1
170834,170835,2,1,1
170838,170839,2,1,1
170859,170862,4,2,2
170873,170874,2,1,1
170890,170891,2,1,1
170909,170910,2,1,1
170943,170944,2,1,1
170945,170946,2,1,1
170953,170954,2,1,1
170961,170962,2,1,1
170973,170974,2,1,1
171025,171026,2,1,1
171033,171037,5,2,3
171046,171047,2,1,1
171048,171050,3,1,2
171053,171055,3,1,2
171061,171065,5,3,2
171068,171069,2,1,1
171114,171115,2,1,1
171116,171117,2,1,1
171122,171124,3,1,2
171125,171130,6,2,4
171140,171141,2,1,1
171160,171161,2,1,1
171181,171184,4,1,3
171189,171190,2,1,1
171192,171193,2,1,1
171219,171220,2,1,1
171229,171230,2,1,1
171269,171270,2,1,1
171278,171280,3,1,2
171286,171287,2,1,1
171292,171293,2,1,1
171294,171296,3,2,1
171312,171314,3,1,2
171339,171343,5,4,1
171346,171347,2,1,1
171368,171370,3,1,2
171385,171389,5,1,4
171390,171391,2,1,1
171399,171401,3,1,2
171421,171422,2,1,1
171432,171434,3,2,1
171435,171436,2,1,1
171443,171444,2,1,1
171461,171462,2,1,1
171474,171475,2,1,1
171481,171482,2,1,1
171514,171516,3,2,1
171523,171527,5,2,3
171528,171531,4,3,1
171532,171534,3,2,1
171572,171574,3,2,1
171616,171618,3,1,2
171620,171623,4,2,2
171624,171627,4,1,3
171628,171629,2,1,1
171646,171649,4,1,3
171694,171695,2,1,1
171705,171706,2,1,1
171743,171749,7,6,1
171758,171762,5,1,4
171778,171780,3,2,1
171781,171783,3,1,2
171801,171804,4,3,1
171817,171819,3,1,2
171821,171824,4,1,3
171827,171830,4,3,1
171859,171860,2,1,1
171861,171862,2,1,1
171878,171879,2,1,1
171898,171900,3,1,2
171939,171940,2,1,1
171945,171947,3,1,2
171979,171982,4,1,3
171984,171985,2,1,1
171986,171988,3,2,1
171995,171997,3,1,2
172002,172003,2,1,1
172011,172012,2,1,1
172013,172014,2,1,1
172033,172034,2,1,1
172041,172042,2,1,1
172045,172046,2,1,1
172053,172055,3,1,2
172063,172065,3,1,2
172078,172080,3,1,2
172127,172129,3,2,1
172137,172141,5,1,4
172146,172148,3,1,2
172154,172156,3,2,1
172164,172166,3,1,2
172172,172173,2,1,1
172178,172181,4,3,1
172188,172190,3,1,2
172191,172195,5,1,4
172197,172200,4,3,1
172204,172206,3,1,2
172212,172214,3,2,1
172236,172238,3,1,2
172294,172301,8,2,6
172303,172305,3,1,2
172323,172326,4,2,2
172327,172328,2,1,1
172334,172335,2,1,1
172401,172404,4,3,1
172426,172428,3,1,2
172432,172434,3,1,2
172485,172487,3,1,2
172488,172490,3,2,1
172493,172494,2,1,1
172502,172503,2,1,1
172516,172520,5,1,4
172530,172532,3,1,2
172535,172538,4,1,3
172542,172543,2,1,1
172547,172549,3,1,2
172550,172552,3,1,2
172555,172561,7,2,5
172574,172575,2,1,1
172595,172597,3,2,1
172599,172601,3,1,2
172609,172610,2,1,1
172622,172623,2,1,1
172632,172633,2,1,1
172649,172650,2,1,1
172652,172655,4,2,2
172663,172665,3,1,2
172685,172687,3,2,1
172688,172690,3,2,1
172693,172694,2,1,1
172706,172707,2,1,1
172733,172734,2,1,1
172743,172744,2,1,1
172745,172746,2,1,1
172841,172847,7,1,6
172875,172876,2,1,1
172879,172881,3,1,2
172922,172924,3,2,1
172950,172951,2,1,1
172955,172956,2,1,1
172959,172963,5,1,4
172971,172973,3,1,2
172987,172990,4,2,2
172991,172993,3,2,1
173011,173012,2,1,1
173041,173045,5,4,1
173052,173053,2,1,1
173065,173067,3,1,2
173070,173071,2,1,1
173075,173078,4,3,1
173079,173080,2,1,1
173088,173090,3,2,1
173091,173095,5,2,3
173097,173098,2,1,1
173105,173106,2,1,1
173180,173183,4,2,2
173190,173192,3,1,2
173198,173203,6,1,5
173214,173215,2,1,1
173237,173238,2,1,1
173239,173240,2,1,1
173260,173261,2,1,1
173280,173282,3,1,2
173289,173293,5,1,4
173303,173304,2,1,1
173319,173322,4,1,3
173334,173335,2,1,1
173336,173337,2,1,1
173338,173340,3,1,2
173343,173344,2,1,1
173384,173385,2,1,1
173386,173389,4,2,2
173392,173394,3,1,2
173424,173426,3,1,2
173433,173434,2,1,1
173435,173437,3,1,2
173448,173449,2,1,1
173457,173460,4,2,2
173475,173477,3,2,1
173480,173481,2,1,1
173488,173490,3,1,2
173528,173529,2,1,1
173531,173534,4,1,3
173539,173542,4,2,2
173556,173560,5,1,4
173587,173589,3,2,1
173590,173592,3,1,2
173648,173649,2,1,1
173667,173669,3,2,1
173678,173680,3,1,2
173693,173694,2,1,1
173702,173705,4,1,3
173715,173718,4,1,3
173725,173726,2,1,1
173745,173746,2,1,1
173771,173772,2,1,1
173778,173779,2,1,1
173783,173785,3,1,2
173787,173790,4,1,3
173792,173794,3,1,2
173854,173856,3,2,1
173857,173858,2,1,1
173864,173865,2,1,1
173866,173868,3,1,2
173869,173870,2,1,1
173875,173877,3,2,1
173894,173895,2,1,1
173906,173907,2,1,1
173921,173922,2,1,1
173942,173943,2,1,1
173944,173947,4,2,2
173973,173974,2,1,1
173986,173991,6,1,5
174033,174037,5,4,1
174038,174043,6,3,3
174072,174074,3,1,2
174090,174091,2,1,1
174098,174099,2,1,1
174129,174130,2,1,1
174131,174132,2,1,1
174184,174185,2,1,1
174190,174194,5,1,4
174234,174236,3,2,1
174273,174275,3,1,2
174276,174278,3,1,2
174279,174282,4,3,1
174284,174285,2,1,1
174290,174292,3,2,1
174305,174311,7,3,4
174312,174313,2,1,1
174319,174321,3,2,1
174324,174328,5,1,4
174334,174337,4,1,3
174384,174385,2,1,1
174386,174390,5,3,2
174405,174408,4,1,3
174435,174436,2,1,1
174445,174447,3,1,2
174475,174478,4,1,3
174500,174501,2,1,1
174529,174534,6,5,1
174542,174545,4,1,3
174547,174548,2,1,1
174592,174593,2,1,1
174598,174600,3,1,2
174601,174604,4,3,1
174621,174622,2,1,1
174623,174626,4,2,2
174630,174633,4,1,3
174637,174639,3,1,2
174640,174642,3,2,1
174680,174682,3,1,2
174733,174734,2,1,1
174739,174742,4,1,3
174743,174744,2,1,1
174746,174747,2,1,1
174773,174776,4,3,1
174786,174787,2,1,1
174795,174796,2,1,1
174810,174811,2,1,1
174822,174823,2,1,1
174827,174828,2,1,1
174862,174863,2,1,1
174875,174876,2,1,1
174911,174913,3,1,2
174914,174916,3,1,2
174917,174920,4,2,2
174924,174925,2,1,1
174928,174932,5,1,4
174962,174965,4,2,2
174968,174970,3,1,2
174991,174992,2,1,1
175011,175015,5,3,2
175038,175039,2,1,1
175049,175051,3,2,1
175065,175066,2,1,1
175067,175068,2,1,1
175103,175104,2,1,1
175129,175130,2,1,1
175143,175144,2,1,1
175157,175159,3,2,1
175165,175166,2,1,1
175186,175188,3,2,1
175195,175196,2,1,1
175248,175250,3,1,2
175251,175253,3,1,2
175259,175261,3,1,2
175272,175273,2,1,1
175274,175275,2,1,1
175276,175278,3,2,1
175292,175294,3,2,1
175298,175300,3,2,1
175341,175342,2,1,1
175355,175356,2,1,1
175396,175397,2,1,1
175399,175401,3,1,2
175411,175413,3,1,2
175417,175418,2,1,1
175423,175424,2,1,1
175425,175427,3,1,2
175428,175429,2,1,1
175488,175491,4,1,3
175527,175528,2,1,1
175529,175530,2,1,1
175531,175534,4,1,3
175561,175563,3,2,1
175598,175599,2,1,1
175620,175623,4,1,3
175624,175625,2,1,1
175626,175629,4,2,2
175646,175647,2,1,1
175649,175650,2,1,1
175667,175671,5,1,4
175678,175680,3,1,2
175686,175688,3,1,2
175708,175710,3,1,2
175713,175714,2,1,1
175741,175742,2,1,1
175750,175752,3,2,1
175760,175761,2,1,1
175766,175768,3,1,2
175769,175771,3,1,2
175779,175780,2,1,1
175784,175785,2,1,1
175801,175803,3,2,1
175820,175823,4,1,3
175837,175838,2,1,1
175928,175930,3,2,1
175944,175945,2,1,1
175949,175952,4,2,2
175958,175959,2,1,1
175960,175963,4,2,2
175964,175966,3,1,2
176025,176026,2,1,1
176087,176088,2,1,1
176094,176095,2,1,1
176096,176097,2,1,1
176106,176108,3,1,2
176109,176110,2,1,1
176124,176126,3,2,1
176150,176152,3,1,2
176169,176173,5,3,2
176174,176177,4,1,3
176185,176186,2,1,1
176198,176199,2,1,1
176206,176207,2,1,1
176253,176254,2,1,1
176263,176265,3,2,1
176270,176271,2,1,1
176318,176322,5,3,2
176331,176332,2,1,1
176333,176334,2,1,1
176335,176336,2,1,1
176339,176340,2,1,1
176375,176378,4,1,3
176388,176389,2,1,1
176413,176415,3,1,2
176436,176439,4,3,1
176472,176475,4,1,3
176494,176496,3,1,2
176586,176587,2,1,1
176644,176646,3,2,1
176649,176653,5,1,4
176664,176670,7,2,5
176676,176677,2,1,1
176739,176742,4,3,1
176750,176753,4,1,3
176757,176758,2,1,1
176822,176823,2,1,1
176824,176825,2,1,1
176831,176832,2,1,1
176833,176834,2,1,1
176839,176842,4,1,3
176843,176844,2,1,1
176854,176855,2,1,1
176872,176877,6,1,5
176908,176914,7,3,4
176915,176918,4,1,3
176960,176962,3,2,1
176969,176973,5,1,4
177008,177011,4,2,2
177030,177032,3,1,2
177075,177076,2,1,1
177082,177083,2,1,1
177219,177220,2,1,1
177221,177222,2,1,1
177223,177228,6,5,1
177246,177252,7,4,3
177288,177290,3,1,2
177293,177296,4,1,3
177298,177300,3,1,2
177314,177317,4,2,2
177318,177320,3,2,1
177322,177323,2,1,1
177342,177343,2,1,1
177359,177362,4,1,3
177375,177377,3,1,2
177379,177381,3,1,2
177399,177400,2,1,1
177407,177410,4,1,3
177415,177416,2,1,1
177427,177428,2,1,1
177429,177432,4,3,1
177442,177443,2,1,1
177478,177479,2,1,1
177567,177570,4,1,3
177580,177581,2,1,1
177594,177595,2,1,1
177596,177600,5,3,2
177601,177602,2,1,1
177603,177606,4,2,2
177608,177609,2,1,1
177610,177611,2,1,1
177614,177616,3,1,2
177619,177621,3,1,2
177622,177627,6,2,4
177628,177630,3,2,1
177631,177632,2,1,1
177633,177635,3,2,1
177636,177639,4,3,1
177640,177642,3,1,2
177643,177646,4,2,2
177647,177653,7,5,2
177654,177656,3,1,2
177657,177659,3,2,1
177660,177663,4,2,2
177664,177667,4,3,1
177668,177670,3,2,1
177673,177680,8,6,2
177681,177687,7,5,2
177688,177690,3,2,1
177691,177693,3,1,2
177694,177695,2,1,1
177696,177698,3,1,2
177699,177701,3,1,2
177702,177704,3,2,1
177707,177709,3,2,1
177710,177712,3,2,1
177713,177717,5,3,2
177720,177721,2,1,1
177722,177724,3,2,1
177729,177732,4,3,1
177743,177744,2,1,1
177756,177757,2,1,1
177762,177765,4,3,1
177766,177770,5,4,1
177771,177772,2,1,1
177773,177778,6,4,2
177788,177791,4,2,2
177792,177794,3,1,2
177799,177800,2,1,1
177801,177803,3,1,2
177804,177806,3,1,2
177809,177812,4,3,1
177822,177824,3,2,1
177825,177826,2,1,1
177827,177832,6,5,1
177833,177848,16,12,4
177849,177851,3,1,2
177852,177855,4,1,3
177871,177872,2,1,1
177886,177888,3,1,2
177895,177896,2,1,1
177920,177921,2,1,1
177923,177924,2,1,1
177940,177942,3,1,2
177944,177946,3,1,2
177971,177973,3,1,2
177982,177983,2,1,1
177997,178001,5,1,4
178012,178013,2,1,1
178057,178058,2,1,1
178090,178091,2,1,1
178129,178132,4,1,3
178137,178138,2,1,1
178274,178275,2,1,1
178282,178283,2,1,1
178348,178350,3,2,1
178444,178445,2,1,1
178455,178458,4,1,3
178468,178469,2,1,1
178519,178520,2,1,1
178532,178534,3,1,2
178547,178549,3,1,2
178562,178563,2,1,1
178588,178589,2,1,1
178623,178624,2,1,1
178657,178658,2,1,1
178683,178685,3,1,2
178697,178700,4,2,2
178721,178722,2,1,1
178741,178743,3,1,2
178822,178823,2,1,1
178825,178826,2,1,1
178932,178934,3,1,2
178984,178985,2,1,1
179024,179029,6,1,5
179058,179060,3,1,2
179117,179119,3,1,2
179160,179161,2,1,1
179178,179180,3,2,1
179264,179265,2,1,1
179472,179473,2,1,1
179570,179571,2,1,1
179686,179687,2,1,1
179793,179794,2,1,1
179816,179817,2,1,1
179879,179881,3,1,2
179926,179928,3,1,2
179942,179943,2,1,1
179960,179961,2,1,1
179968,179970,3,1,2
180000,180001,2,1,1
180074,180075,2,1,1
180143,180144,2,1,1
180161,180162,2,1,1
180178,180180,3,1,2
180183,180184,2,1,1
180217,180220,4,2,2
180435,180436,2,1,1
180451,180454,4,1,3
180477,180479,3,1,2
180609,180610,2,1,1
180615,180616,2,1,1
180692,180693,2,1,1
180696,180697,2,1,1
180708,180709,2,1,1
180721,180722,2,1,1
180732,180733,2,1,1
180769,180770,2,1,1
180913,180914,2,1,1
180934,180935,2,1,1
180967,180968,2,1,1
180985,180986,2,1,1
181115,181116,2,1,1
181140,181141,2,1,1
181143,181144,2,1,1
181147,181148,2,1,1
181185,181186,2,1,1
181262,181263,2,1,1
181268,181269,2,1,1
181334,181335,2,1,1
181383,181385,3,1,2
181407,181408,2,1,1
181463,181464,2,1,1
181539,181540,2,1,1
181542,181543,2,1,1
181556,181559,4,1,3
181560,181561,2,1,1
181563,181564,2,1,1
181586,181588,3,2,1
181592,181595,4,1,3
181633,181634,2,1,1
181736,181738,3,1,2
181770,181771,2,1,1
181781,181782,2,1,1
181869,181870,2,1,1
181882,181883,2,1,1
181887,181888,2,1,1
181932,181934,3,1,2
181998,181999,2,1,1
182014,182015,2,1,1
182017,182021,5,2,3
182043,182044,2,1,1
182061,182063,3,2,1
182097,182098,2,1,1
182112,182113,2,1,1
182147,182148,2,1,1
182159,182160,2,1,1
182187,182188,2,1,1
182235,182236,2,1,1
182237,182238,2,1,1
182252,182254,3,1,2
182292,182293,2,1,1
182294,182295,2,1,1
182324,182325,2,1,1
182407,182408,2,1,1
182415,182416,2,1,1
182441,182444,4,1,3
182449,182450,2,1,1
182503,182505,3,2,1
182613,182614,2,1,1
182654,182655,2,1,1
182815,182817,3,1,2
182854,182855,2,1,1
182860,182861,2,1,1
182881,182885,5,1,4
182949,182950,2,1,1
182973,182974,2,1,1
183043,183044,2,1,1
183064,183065,2,1,1
183175,183177,3,1,2
183180,183182,3,1,2
183207,183208,2,1,1
183278,183279,2,1,1
183375,183377,3,1,2
183471,183473,3,1,2
183623,183625,3,1,2
183650,183651,2,1,1
183695,183696,2,1,1
183785,183786,2,1,1
183815,183817,3,1,2
183930,183931,2,1,1
183979,183980,2,1,1
183995,183996,2,1,1
184002,184003,2,1,1
184039,184040,2,1,1
184063,184064,2,1,1
184085,184086,2,1,1
184120,184124,5,3,2
184129,184130,2,1,1
184184,184185,2,1,1
184297,184298,2,1,1
184356,184359,4,2,2
184491,184492,2,1,1
184511,184514,4,1,3
184539,184540,2,1,1
184541,184542,2,1,1
184553,184554,2,1,1
184555,184556,2,1,1
184558,184559,2,1,1
184569,184570,2,1,1
184587,184588,2,1,1
184623,184624,2,1,1
184647,184648,2,1,1
184727,184728,2,1,1
184797,184801,5,1,4
184819,184821,3,1,2
184825,184826,2,1,1
184831,184834,4,2,2
184887,184888,2,1,1
184904,184907,4,1,3
184967,184968,2,1,1
184976,184978,3,1,2
184990,184991,2,1,1
185013,185014,2,1,1
185026,185027,2,1,1
185031,185033,3,1,2
185040,185041,2,1,1
185056,185058,3,1,2
185087,185088,2,1,1
185100,185102,3,2,1
185130,185131,2,1,1
185215,185218,4,3,1
185261,185262,2,1,1
185273,185274,2,1,1
185371,185373,3,1,2
185409,185410,2,1,1
185424,185425,2,1,1
185436,185437,2,1,1
185468,185469,2,1,1
185494,185495,2,1,1
185502,185504,3,2,1
185516,185517,2,1,1
185523,185524,2,1,1
185536,185538,3,2,1
185557,185558,2,1,1
185584,185585,2,1,1
185586,185587,2,1,1
185645,185647,3,1,2
185660,185661,2,1,1
185663,185666,4,1,3
185673,185674,2,1,1
185713,185715,3,1,2
185779,185780,2,1,1
185796,185798,3,2,1
185825,185827,3,2,1
185854,185855,2,1,1
185857,185858,2,1,1
185892,185895,4,1,3
186108,186109,2,1,1
186124,186125,2,1,1
186144,186145,2,1,1
186205,186206,2,1,1
186259,186261,3,1,2
186293,186296,4,2,2
186321,186324,4,1,3
186351,186352,2,1,1
186399,186402,4,3,1
186494,186496,3,1,2
186525,186526,2,1,1
186538,186539,2,1,1
186597,186598,2,1,1
186607,186608,2,1,1
186642,186643,2,1,1
186686,186688,3,2,1
186724,186725,2,1,1
186761,186762,2,1,1
186983,186984,2,1,1
188355,188363,9,1,8
188408,188411,4,1,3
188415,188419,5,2,3
188854,188855,2,1,1
189244,189259,16,15,1
189366,189367,2,1,1
189827,189828,2,1,1
190286,190287,2,1,1
190420,190423,4,2,2
190424,190425,2,1,1
190537,190539,3,1,2
190732,190733,2,1,1
190970,190974,5,1,4
191335,191337,3,1,2
191423,191427,5,3,2
191625,191626,2,1,1
191627,191629,3,2,1
191633,191635,3,1,2
191640,191641,2,1,1
191642,191643,2,1,1
191774,191775,2,1,1
191782,191783,2,1,1
191784,191785,2,1,1
191787,191798,12,6,6
191843,191844,2,1,1
191855,191863,9,3,6
191866,191869,4,2,2
192189,192193,5,2,3
192261,192266,6,1,5
192339,192341,3,1,2
192343,192347,5,2,3
192400,192402,3,1,2
192403,192404,2,1,1
192434,192437,4,2,2
192451,192457,7,4,3
192458,192461,4,2,2
192462,192465,4,3,1
192484,192486,3,1,2
192508,192509,2,1,1
192510,192518,9,8,1
192570,192571,2,1,1
192666,192667,2,1,1
192708,192709,2,1,1
192728,192729,2,1,1
192856,192857,2,1,1
192858,192861,4,1,3
194453,194454,2,1,1
194695,194696,2,1,1
194720,194721,2,1,1
195102,195104,3,1,2
195110,195111,2,1,1
195115,195116,2,1,1
195117,195121,5,1,4
195127,195132,6,3,3
195188,195191,4,1,3
195229,195231,3,1,2
195250,195252,3,1,2
195269,195271,3,1,2
195295,195296,2,1,1
195298,195299,2,1,1
195331,195333,3,1,2
195340,195341,2,1,1
195343,195347,5,1,4
195353,195354,2,1,1
195355,195356,2,1,1
195358,195359,2,1,1
195381,195382,2,1,1
195402,195404,3,1,2
195414,195415,2,1,1
195419,195420,2,1,1
195423,195424,2,1,1
195427,195428,2,1,1
195433,195436,4,1,3
195441,195442,2,1,1
195456,195457,2,1,1
195496,195497,2,1,1
195519,195523,5,2,3
195531,195534,4,2,2
195566,195569,4,2,2
195575,195576,2,1,1
195578,195583,6,2,4
195589,195591,3,2,1
195607,195609,3,1,2
195610,195611,2,1,1
195612,195613,2,1,1
195616,195617,2,1,1
195622,195626,5,1,4
195643,195645,3,2,1
195646,195649,4,1,3
195650,195651,2,1,1
195655,195656,2,1,1
195658,195659,2,1,1
195667,195672,6,1,5
195682,195684,3,1,2
195689,195690,2,1,1
195742,195744,3,1,2
195756,195759,4,1,3
195769,195770,2,1,1
195773,195775,3,2,1
195793,195794,2,1,1
195814,195815,2,1,1
195816,195817,2,1,1
195818,195822,5,1,4
195823,195824,2,1,1
195827,195829,3,1,2
195833,195834,2,1,1
195852,195853,2,1,1
195859,195860,2,1,1
195885,195886,2,1,1
195892,195893,2,1,1
195934,195935,2,1,1
195970,195972,3,1,2
195985,195986,2,1,1
196019,196023,5,2,3
196024,196025,2,1,1
196044,196046,3,1,2
196055,196058,4,1,3
196059,196060,2,1,1
196070,196072,3,1,2
196079,196080,2,1,1
196081,196084,4,1,3
196093,196096,4,2,2
196101,196102,2,1,1
196124,196127,4,1,3
196158,196159,2,1,1
196170,196173,4,1,3
196174,196175,2,1,1
196208,196210,3,1,2
196216,196218,3,1,2
196243,196244,2,1,1
196251,196253,3,2,1
196257,196258,2,1,1
196260,196261,2,1,1
196264,196271,8,7,1
196297,196298,2,1,1
196326,196327,2,1,1
196328,196331,4,2,2
196336,196337,2,1,1
196338,196340,3,2,1
196341,196343,3,2,1
196352,196353,2,1,1
196371,196372,2,1,1
196425,196430,6,2,4
196438,196447,10,1,9
196455,196456,2,1,1
196464,196465,2,1,1
196470,196471,2,1,1
196503,196505,3,2,1
196521,196522,2,1,1
196556,196558,3,2,1
196561,196564,4,2,2
196614,196615,2,1,1
196660,196661,2,1,1
196677,196680,4,1,3
196772,196773,2,1,1
196776,196780,5,2,3
196781,196789,9,4,5
196790,196796,7,4,3
196810,196814,5,3,2
196815,196816,2,1,1
196817,196818,2,1,1
196821,196823,3,1,2
196826,196829,4,1,3
196842,196848,7,1,6
196860,196861,2,1,1
196862,196863,2,1,1
196982,196983,2,1,1
196984,196988,5,1,4
196994,196996,3,1,2
196997,196998,2,1,1
196999,197000,2,1,1
197010,197014,5,1,4
197055,197057,3,1,2
197058,197061,4,1,3
197062,197063,2,1,1
197184,197189,6,1,5
197196,197199,4,2,2
197200,197201,2,1,1
197203,197207,5,1,4
197208,197209,2,1,1
197220,197222,3,1,2
197223,197226,4,1,3
197234,197236,3,1,2
197239,197240,2,1,1
197241,197242,2,1,1
197243,197257,15,1,14
197258,197263,6,2,4
197264,197265,2,1,1
197282,197298,17,4,13
197299,197304,6,3,3
197305,197309,5,4,1
197314,197315,2,1,1
197316,197319,4,2,2
197320,197321,2,1,1
197322,197324,3,2,1
197329,197333,5,2,3
197334,197336,3,2,1
197345,197348,4,1,3
197370,197374,5,2,3
197386,197390,5,4,1
197396,197399,4,1,3
197694,197698,5,1,4
197723,197728,6,5,1
197729,197730,2,1,1
197731,197734,4,3,1
197735,197742,8,5,3
197748,197751,4,3,1
197752,197759,8,2,6
197806,197807,2,1,1
197808,197815,8,5,3
197816,197820,5,4,1
197855,197862,8,2,6
197874,197884,11,7,4
197885,197889,5,1,4
198008,198009,2,1,1
198010,198014,5,2,3
198044,198051,8,1,7
198052,198054,3,1,2
198059,198072,14,5,9
198073,198074,2,1,1
198075,198076,2,1,1
198082,198085,4,2,2
198086,198091,6,3,3
198097,198102,6,1,5
198112,198114,3,2,1
198115,198125,11,9,2
198130,198132,3,1,2
198133,198137,5,1,4
198225,198231,7,1,6
198234,198235,2,1,1
198254,198259,6,4,2
198260,198262,3,2,1
198263,198265,3,1,2
198282,198286,5,1,4
198287,198289,3,2,1
198292,198302,11,1,10
198319,198320,2,1,1
198321,198326,6,1,5
198368,198371,4,1,3
198372,198374,3,1,2
198375,198376,2,1,1
198377,198378,2,1,1
198403,198404,2,1,1
198405,198407,3,2,1
198408,198411,4,1,3
198436,198437,2,1,1
198438,198440,3,1,2
198441,198442,2,1,1
198443,198447,5,1,4
198450,198456,7,2,5
198464,198470,7,1,6
198471,198472,2,1,1
198473,198476,4,2,2
198477,198479,3,1,2
198480,198481,2,1,1
198482,198484,3,2,1
198485,198486,2,1,1
198487,198490,4,2,2
198491,198495,5,2,3
198496,198497,2,1,1
198498,198509,12,4,8
198510,198517,8,2,6
198539,198542,4,1,3
198545,198549,5,1,4
198550,198555,6,1,5
198563,198568,6,1,5
198720,198723,4,3,1
198851,198860,10,2,8
198861,198862,2,1,1
198866,198867,2,1,1
198868,198870,3,1,2
198871,198873,3,1,2
198900,198910,11,1,10
198915,198916,2,1,1
198917,198920,4,2,2
198921,198923,3,1,2
198932,198940,9,1,8
198945,198949,5,1,4
200224,200228,5,2,3
200230,200233,4,1,3
200260,200261,2,1,1
200265,200269,5,1,4
200658,200662,5,2,3
200798,200800,3,1,2
200868,200870,3,1,2
200952,200953,2,1,1
200954,200955,2,1,1
201170,201173,4,1,3
201175,201177,3,1,2
201635,201638,4,1,3
201639,201641,3,1,2
201642,201647,6,1,5
201707,201708,2,1,1
202243,202245,3,2,1
202641,202642,2,1,1
202679,202680,2,1,1
202690,202693,4,1,3
202694,202695,2,1,1
202696,202697,2,1,1
202698,202700,3,2,1
202701,202702,2,1,1
202703,202704,2,1,1
202705,202707,3,1,2
202708,202710,3,2,1
202711,202712,2,1,1
203160,203167,8,2,6
203168,203169,2,1,1
203170,203174,5,2,3
203175,203177,3,1,2
203317,203318,2,1,1
203319,203324,6,2,4
203629,203632,4,2,2
203636,203640,5,3,2
203641,203642,2,1,1
203643,203644,2,1,1
203654,203656,3,2,1
203657,203665,9,2,7
203666,203667,2,1,1
203857,203859,3,1,2
204376,204377,2,1,1
204392,204394,3,1,2
204409,204410,2,1,1
204411,204412,2,1,1
204442,204443,2,1,1
204468,204470,3,1,2
204521,204522,2,1,1
204538,204539,2,1,1
204547,204548,2,1,1
204551,204552,2,1,1
204569,204570,2,1,1
204584,204585,2,1,1
204594,204596,3,1,2
204601,204603,3,1,2
204613,204617,5,3,2
204628,204630,3,2,1
204981,204982,2,1,1
205394,205395,2,1,1
205396,205398,3,2,1
205402,205404,3,1,2
205405,205408,4,1,3
205412,205416,5,4,1
205418,205419,2,1,1
205442,205443,2,1,1
205444,205445,2,1,1
205448,205450,3,1,2
205451,205453,3,2,1
205481,205482,2,1,1
205641,205642,2,1,1
205643,205644,2,1,1
205651,205652,2,1,1
205653,205654,2,1,1
205655,205656,2,1,1
205657,205662,6,3,3
205667,205671,5,3,2
205672,205675,4,1,3
205678,205679,2,1,1
205684,205691,8,5,3
205692,205694,3,2,1
205713,205714,2,1,1
205715,205718,4,2,2
205719,205721,3,1,2
205736,205739,4,2,2
205740,205746,7,3,4
205749,205753,5,3,2
205754,205757,4,3,1
205764,205767,4,1,3
205772,205775,4,1,3
205776,205778,3,1,2
205779,205782,4,3,1
205783,205786,4,2,2
205787,205792,6,3,3
205793,205794,2,1,1
205801,205803,3,2,1
205804,205807,4,3,1
205808,205810,3,1,2
205814,205815,2,1,1
205816,205820,5,2,3
205821,205823,3,2,1
205824,205828,5,3,2
205829,205832,4,2,2
205837,205840,4,1,3
205841,205843,3,2,1
205844,205846,3,2,1
205847,205851,5,4,1
205857,205862,6,2,4
205863,205866,4,1,3
205867,205869,3,1,2
205870,205873,4,3,1
205874,205879,6,5,1
205886,205891,6,2,4
205894,205895,2,1,1
205896,205899,4,1,3
205900,205902,3,1,2
205903,205905,3,2,1
205906,205907,2,1,1
205908,205910,3,1,2
205911,205914,4,2,2
205915,205918,4,1,3
205919,205921,3,1,2
205923,205929,7,5,2
205930,205932,3,1,2
205939,205943,5,1,4
205944,205948,5,1,4
205949,205950,2,1,1
205958,205962,5,3,2
205963,205966,4,2,2
205967,205968,2,1,1
205969,205974,6,1,5
205975,205978,4,2,2
205979,205980,2,1,1
205985,205988,4,1,3
205989,205992,4,2,2
205993,205994,2,1,1
205995,205996,2,1,1
205997,206002,6,2,4
206003,206007,5,3,2
206008,206012,5,3,2
206013,206021,9,4,5
206022,206023,2,1,1
206024,206027,4,3,1
206028,206031,4,3,1
206038,206042,5,2,3
206043,206044,2,1,1
206049,206053,5,2,3
206054,206056,3,1,2
206062,206064,3,2,1
206065,206066,2,1,1
206067,206070,4,3,1
206071,206074,4,1,3
206075,206076,2,1,1
206081,206082,2,1,1
206090,206092,3,1,2
206093,206098,6,2,4
206099,206100,2,1,1
206101,206106,6,3,3
206107,206109,3,2,1
206111,206112,2,1,1
206119,206121,3,2,1
206129,206130,2,1,1
206131,206137,7,6,1
206139,206140,2,1,1
206141,206143,3,2,1
206145,206146,2,1,1
206151,206152,2,1,1
206153,206158,6,4,2
206169,206170,2,1,1
206171,206172,2,1,1
206176,206179,4,1,3
206180,206181,2,1,1
206182,206183,2,1,1
206184,206185,2,1,1
206188,206190,3,2,1
206191,206194,4,2,2
206195,206196,2,1,1
206197,206199,3,1,2
206200,206202,3,2,1
206203,206210,8,7,1
206211,206213,3,1,2
206214,206216,3,1,2
206217,206219,3,2,1
206222,206225,4,1,3
206226,206228,3,1,2
206229,206230,2,1,1
206231,206233,3,2,1
206234,206238,5,3,2
206241,206242,2,1,1
206246,206247,2,1,1
206248,206249,2,1,1
206252,206254,3,2,1
206255,206264,10,9,1
206265,206267,3,1,2
206274,206277,4,3,1
206278,206279,2,1,1
206290,206294,5,1,4
206295,206298,4,2,2
206299,206302,4,3,1
206303,206305,3,2,1
206306,206309,4,1,3
206310,206311,2,1,1
206315,206317,3,2,1
206325,206328,4,3,1
206329,206331,3,1,2
206336,206340,5,3,2
206345,206346,2,1,1
206347,206349,3,2,1
206350,206353,4,2,2
206355,206357,3,2,1
206358,206361,4,2,2
206362,206364,3,2,1
206365,206367,3,2,1
206368,206370,3,1,2
206373,206377,5,3,2
206378,206381,4,3,1
206382,206383,2,1,1
206387,206389,3,1,2
206395,206396,2,1,1
206397,206399,3,1,2
206400,206402,3,2,1
206403,206407,5,3,2
206408,206412,5,4,1
206413,206417,5,3,2
206419,206420,2,1,1
206421,206423,3,2,1
206424,206425,2,1,1
206426,206427,2,1,1
206429,206432,4,1,3
206435,206436,2,1,1
206437,206438,2,1,1
206439,206441,3,1,2
206445,206452,8,5,3
206460,206462,3,1,2
206463,206465,3,1,2
206473,206475,3,1,2
206478,206480,3,1,2
206481,206484,4,3,1
206485,206493,9,7,2
206497,206500,4,3,1
206503,206510,8,3,5
206515,206516,2,1,1
206517,206520,4,1,3
206521,206523,3,2,1
206526,206527,2,1,1
206528,206529,2,1,1
206531,206534,4,2,2
206535,206538,4,3,1
206539,206540,2,1,1
206541,206544,4,2,2
206549,206551,3,1,2
206552,206554,3,1,2
206555,206560,6,4,2
206561,206564,4,1,3
206565,206567,3,2,1
206572,206576,5,1,4
206580,206582,3,1,2
206591,206592,2,1,1
206593,206599,7,5,2
206602,206603,2,1,1
206604,206607,4,1,3
206608,206610,3,2,1
206612,206613,2,1,1
206618,206619,2,1,1
206625,206627,3,1,2
206631,206634,4,1,3
206635,206637,3,2,1
206638,206640,3,2,1
206642,206643,2,1,1
206644,206650,7,6,1
206651,206656,6,5,1
206658,206659,2,1,1
206660,206662,3,1,2
206663,206668,6,3,3
206669,206671,3,1,2
206672,206673,2,1,1
206677,206678,2,1,1
206689,206691,3,2,1
206699,206703,5,3,2
206704,206708,5,2,3
206711,206713,3,2,1
206714,206716,3,2,1
206718,206719,2,1,1
206723,206725,3,2,1
206726,206728,3,2,1
206729,206733,5,3,2
206734,206735,2,1,1
206740,206742,3,1,2
206751,206753,3,2,1
206754,206755,2,1,1
206759,206763,5,2,3
206764,206768,5,1,4
206771,206775,5,4,1
206776,206785,10,9,1
206789,206791,3,1,2
206792,206793,2,1,1
206796,206797,2,1,1
206804,206807,4,2,2
206813,206814,2,1,1
206817,206818,2,1,1
206819,206822,4,2,2
206835,206837,3,2,1
206843,206845,3,1,2
206850,206853,4,1,3
206854,206855,2,1,1
206856,206858,3,1,2
206860,206864,5,4,1
206867,206868,2,1,1
206879,206882,4,1,3
206883,206886,4,1,3
206892,206894,3,1,2
206898,206899,2,1,1
206900,206904,5,2,3
206905,206907,3,1,2
206911,206913,3,2,1
206914,206915,2,1,1
206917,206920,4,3,1
206922,206925,4,1,3
206931,206936,6,5,1
206941,206943,3,1,2
206944,206952,9,7,2
206953,206954,2,1,1
206955,206958,4,1,3
206959,206961,3,2,1
206962,206968,7,4,3
206969,206973,5,2,3
206977,206978,2,1,1
206979,206981,3,1,2
206982,206985,4,2,2
206989,206991,3,2,1
206997,207001,5,1,4
207004,207007,4,2,2
207008,207012,5,2,3
207013,207015,3,2,1
207019,207027,9,3,6
207028,207030,3,1,2
207036,207037,2,1,1
207043,207044,2,1,1
207052,207058,7,3,4
207061,207066,6,3,3
207067,207068,2,1,1
207069,207071,3,2,1
207072,207075,4,2,2
207076,207077,2,1,1
207078,207080,3,2,1
207082,207084,3,2,1
207085,207086,2,1,1
207087,207090,4,3,1
207091,207094,4,3,1
207095,207097,3,1,2
207108,207110,3,1,2
207111,207115,5,1,4
207117,207118,2,1,1
207124,207125,2,1,1
207126,207128,3,2,1
207129,207131,3,2,1
207132,207134,3,2,1
207135,207136,2,1,1
207137,207140,4,3,1
207141,207142,2,1,1
207143,207144,2,1,1
207145,207147,3,2,1
207148,207150,3,2,1
207152,207159,8,4,4
207162,207164,3,2,1
207165,207166,2,1,1
207167,207168,2,1,1
207169,207170,2,1,1
207171,207172,2,1,1
207173,207175,3,2,1
207176,207177,2,1,1
207180,207181,2,1,1
207182,207183,2,1,1
207185,207189,5,1,4
207190,207192,3,1,2
207197,207198,2,1,1
207199,207201,3,1,2
207202,207206,5,2,3
207209,207212,4,2,2
207218,207220,3,1,2
207221,207223,3,1,2
207224,207226,3,2,1
207227,207228,2,1,1
207230,207233,4,2,2
207234,207239,6,1,5
207240,207244,5,1,4
207245,207246,2,1,1
207247,207251,5,3,2
207252,207254,3,2,1
207255,207256,2,1,1
207257,207259,3,2,1
207260,207261,2,1,1
207262,207266,5,4,1
207274,207277,4,2,2
207284,207288,5,4,1
207289,207293,5,2,3
207295,207297,3,1,2
207298,207301,4,2,2
207302,207303,2,1,1
207304,207306,3,2,1
207307,207310,4,2,2
207311,207312,2,1,1
207314,207319,6,1,5
207327,207328,2,1,1
207329,207331,3,1,2
207335,207339,5,3,2
207340,207342,3,2,1
207348,207349,2,1,1
207350,207351,2,1,1
207352,207354,3,1,2
207359,207364,6,3,3
207365,207366,2,1,1
207367,207370,4,1,3
207375,207381,7,1,6
207384,207387,4,3,1
207388,207389,2,1,1
207392,207398,7,3,4
207399,207401,3,2,1
207402,207405,4,3,1
207406,207412,7,6,1
207413,207415,3,2,1
207417,207422,6,3,3
207423,207425,3,2,1
207426,207428,3,1,2
207435,207436,2,1,1
207450,207452,3,1,2
207453,207455,3,2,1
207456,207457,2,1,1
207458,207460,3,2,1
207461,207463,3,1,2
207468,207469,2,1,1
207470,207471,2,1,1
207476,207479,4,3,1
207480,207484,5,2,3
207487,207490,4,2,2
207491,207493,3,1,2
207515,207516,2,1,1
207519,207522,4,3,1
207523,207528,6,2,4
207529,207530,2,1,1
207532,207535,4,2,2
207536,207539,4,1,3
207540,207544,5,4,1
207545,207548,4,1,3
207549,207552,4,1,3
207553,207554,2,1,1
207558,207561,4,1,3
207565,207568,4,2,2
207569,207570,2,1,1
207571,207572,2,1,1
207573,207574,2,1,1
207575,207576,2,1,1
207577,207580,4,2,2
207581,207582,2,1,1
207583,207585,3,2,1
207588,207589,2,1,1
207598,207600,3,1,2
207603,207607,5,4,1
207612,207614,3,2,1
207620,207622,3,2,1
207631,207632,2,1,1
207638,207640,3,2,1
207641,207643,3,1,2
207646,207650,5,3,2
207651,207653,3,1,2
207654,207656,3,2,1
207666,207667,2,1,1
207668,207669,2,1,1
207671,207675,5,1,4
207676,207679,4,3,1
207680,207682,3,1,2
207683,207686,4,2,2
207696,207698,3,2,1
207706,207708,3,1,2
207709,207713,5,1,4
207714,207718,5,1,4
207722,207725,4,3,1
207726,207733,8,7,1
207734,207736,3,1,2
207743,207744,2,1,1
207748,207753,6,4,2
207756,207758,3,1,2
207759,207760,2,1,1
207761,207762,2,1,1
207763,207766,4,1,3
207772,207775,4,1,3
207781,207786,6,3,3
207787,207788,2,1,1
207794,207798,5,2,3
207814,207815,2,1,1
207816,207821,6,4,2
207822,207825,4,2,2
207828,207831,4,2,2
207839,207840,2,1,1
207841,207844,4,3,1
207845,207847,3,2,1
207850,207853,4,2,2
207854,207857,4,3,1
207859,207862,4,2,2
207863,207864,2,1,1
207865,207866,2,1,1
207867,207868,2,1,1
207869,207871,3,2,1
207872,207873,2,1,1
207874,207879,6,3,3
207883,207885,3,2,1
207886,207891,6,4,2
207892,207895,4,2,2
207896,207901,6,2,4
207902,207906,5,1,4
207913,207916,4,1,3
207921,207925,5,3,2
207934,207938,5,1,4
207939,207942,4,1,3
207943,207945,3,1,2
207948,207949,2,1,1
207950,207951,2,1,1
207961,207963,3,1,2
207970,207974,5,4,1
207992,207998,7,1,6
208008,208011,4,1,3
208014,208016,3,1,2
208021,208024,4,3,1
208025,208026,2,1,1
208032,208033,2,1,1
208035,208036,2,1,1
208042,208044,3,1,2
208046,208052,7,6,1
208053,208054,2,1,1
208057,208059,3,1,2
208060,208063,4,3,1
208066,208069,4,3,1
208078,208081,4,1,3
208082,208085,4,3,1
208086,208087,2,1,1
208091,208094,4,1,3
208099,208100,2,1,1
208101,208102,2,1,1
208105,208110,6,5,1
208123,208124,2,1,1
208126,208128,3,2,1
208136,208139,4,2,2
208140,208142,3,1,2
208143,208147,5,1,4
208148,208150,3,2,1
208153,208155,3,1,2
208156,208159,4,2,2
208163,208168,6,5,1
208169,208171,3,2,1
208187,208189,3,1,2
208190,208191,2,1,1
208192,208193,2,1,1
208194,208195,2,1,1
208196,208203,8,4,4
208204,208207,4,3,1
208208,208209,2,1,1
208213,208214,2,1,1
208215,208217,3,2,1
208218,208220,3,2,1
208221,208223,3,1,2
208224,208225,2,1,1
208226,208227,2,1,1
208228,208230,3,2,1
208231,208232,2,1,1
208233,208237,5,2,3
208243,208244,2,1,1
208245,208248,4,3,1
208249,208251,3,1,2
208252,208254,3,2,1
208264,208266,3,1,2
208268,208269,2,1,1
208270,208271,2,1,1
208272,208276,5,2,3
208277,208280,4,1,3
208281,208284,4,3,1
208286,208287,2,1,1
208288,208289,2,1,1
208290,208294,5,3,2
208295,208298,4,2,2
208299,208302,4,1,3
208303,208305,3,1,2
208306,208308,3,1,2
208310,208311,2,1,1
208318,208321,4,3,1
208322,208326,5,4,1
208329,208334,6,5,1
208335,208337,3,1,2
208341,208342,2,1,1
208343,208344,2,1,1
208348,208354,7,3,4
208356,208360,5,1,4
208361,208362,2,1,1
208363,208364,2,1,1
208365,208367,3,2,1
208368,208373,6,5,1
208374,208377,4,1,3
208378,208380,3,2,1
208383,208386,4,3,1
208387,208390,4,2,2
208391,208394,4,1,3
208395,208401,7,1,6
208402,208403,2,1,1
208404,208406,3,2,1
208429,208431,3,2,1
208444,208448,5,3,2
208460,208461,2,1,1
208463,208465,3,2,1
208466,208467,2,1,1
208468,208470,3,1,2
208473,208476,4,2,2
208480,208481,2,1,1
208482,208487,6,5,1
208488,208489,2,1,1
208490,208491,2,1,1
208492,208493,2,1,1
208494,208495,2,1,1
208496,208498,3,1,2
208499,208501,3,1,2
208502,208506,5,3,2
208507,208509,3,1,2
208510,208513,4,2,2
208531,208533,3,2,1
208535,208536,2,1,1
208537,208539,3,1,2
208540,208541,2,1,1
208542,208544,3,1,2
208545,208546,2,1,1
208547,208548,2,1,1
208549,208552,4,2,2
208553,208556,4,1,3
208557,208558,2,1,1
208559,208560,2,1,1
208561,208564,4,1,3
208565,208567,3,2,1
208574,208578,5,2,3
208579,208581,3,1,2
208588,208591,4,2,2
208595,208598,4,2,2
208604,208608,5,2,3
208611,208612,2,1,1
208613,208618,6,4,2
208619,208625,7,1,6
208626,208628,3,2,1
208629,208630,2,1,1
208631,208633,3,2,1
208634,208640,7,1,6
208643,208645,3,1,2
208648,208649,2,1,1
208652,208654,3,1,2
208655,208656,2,1,1
208657,208661,5,2,3
208662,208664,3,1,2
208666,208670,5,1,4
208672,208673,2,1,1
208674,208677,4,3,1
208683,208685,3,2,1
208693,208698,6,2,4
208699,208701,3,2,1
208702,208703,2,1,1
208704,208705,2,1,1
208706,208711,6,5,1
208712,208714,3,1,2
208715,208718,4,2,2
208722,208724,3,1,2
208725,208726,2,1,1
208733,208734,2,1,1
208735,208738,4,1,3
208739,208740,2,1,1
208741,208749,9,2,7
208750,208753,4,3,1
208754,208757,4,3,1
208765,208766,2,1,1
208767,208768,2,1,1
208773,208780,8,1,7
208785,208788,4,2,2
208791,208796,6,3,3
208799,208804,6,1,5
208806,208810,5,2,3
208812,208816,5,2,3
208817,208820,4,3,1
208827,208829,3,2,1
208830,208835,6,3,3
208836,208840,5,3,2
208843,208845,3,2,1
208853,208854,2,1,1
208855,208856,2,1,1
208857,208862,6,4,2
208863,208865,3,2,1
208866,208867,2,1,1
208868,208869,2,1,1
208870,208873,4,1,3
208874,208876,3,1,2
208881,208883,3,1,2
208890,208895,6,1,5
208896,208899,4,2,2
208900,208902,3,2,1
208905,208907,3,1,2
208908,208909,2,1,1
208913,208914,2,1,1
208915,208917,3,1,2
208918,208923,6,1,5
208930,208932,3,2,1
208933,208934,2,1,1
208935,208938,4,2,2
208941,208944,4,1,3
208945,208948,4,1,3
208951,208954,4,1,3
208959,208960,2,1,1
208965,208967,3,2,1
208968,208973,6,3,3
208974,208978,5,4,1
208979,208984,6,1,5
208986,208988,3,1,2
208992,208993,2,1,1
208999,209000,2,1,1
209011,209013,3,1,2
209014,209019,6,2,4
209020,209022,3,2,1
209027,209028,2,1,1
209031,209032,2,1,1
209033,209037,5,2,3
209041,209042,2,1,1
209043,209046,4,1,3
209047,209051,5,4,1
209052,209054,3,2,1
209060,209063,4,1,3
209064,209066,3,2,1
209071,209073,3,1,2
209074,209075,2,1,1
209076,209081,6,2,4
209082,209083,2,1,1
209088,209089,2,1,1
209090,209091,2,1,1
209126,209128,3,2,1
209129,209133,5,1,4
209136,209138,3,2,1
209141,209142,2,1,1
209143,209145,3,1,2
209148,209152,5,4,1
209155,209156,2,1,1
209168,209169,2,1,1
209174,209176,3,2,1
209177,209179,3,2,1
209180,209183,4,1,3
209185,209187,3,1,2
209191,209194,4,3,1
209200,209201,2,1,1
209215,209217,3,1,2
209218,209219,2,1,1
209225,209226,2,1,1
209227,209228,2,1,1
209231,209235,5,3,2
209236,209238,3,2,1
209241,209243,3,2,1
209244,209245,2,1,1
209246,209250,5,1,4
209251,209258,8,6,2
209259,209265,7,1,6
209266,209269,4,1,3
209274,209275,2,1,1
209279,209280,2,1,1
209283,209285,3,2,1
209286,209287,2,1,1
209295,209297,3,1,2
209298,209301,4,1,3
209302,209304,3,2,1
209305,209308,4,1,3
209312,209313,2,1,1
209314,209316,3,2,1
209317,209319,3,2,1
209320,209322,3,1,2
209323,209328,6,2,4
209330,209332,3,2,1
209333,209335,3,2,1
209336,209338,3,2,1
209340,209343,4,3,1
209344,209345,2,1,1
209353,209356,4,3,1
209357,209360,4,2,2
209362,209365,4,1,3
209367,209368,2,1,1
209369,209376,8,6,2
209378,209379,2,1,1
209380,209381,2,1,1
209386,209389,4,1,3
209394,209395,2,1,1
209396,209400,5,3,2
209401,209405,5,3,2
209408,209417,10,1,9
209418,209420,3,2,1
209428,209431,4,2,2
209432,209434,3,1,2
209435,209438,4,2,2
209441,209443,3,2,1
209444,209451,8,4,4
209452,209455,4,3,1
209456,209460,5,2,3
209461,209462,2,1,1
209465,209467,3,1,2
209468,209470,3,1,2
209471,209472,2,1,1
209474,209479,6,5,1
209480,209483,4,1,3
209488,209490,3,1,2
209491,209494,4,1,3
209499,209501,3,1,2
209502,209508,7,1,6
209519,209520,2,1,1
209521,209523,3,2,1
209524,209528,5,1,4
209529,209532,4,2,2
209543,209548,6,4,2
209552,209560,9,6,3
209561,209564,4,3,1
209565,209566,2,1,1
209567,209570,4,1,3
209575,209579,5,3,2
209580,209582,3,1,2
209595,209596,2,1,1
209597,209598,2,1,1
209599,209600,2,1,1
209601,209602,2,1,1
209603,209607,5,1,4
209608,209612,5,1,4
209613,209614,2,1,1
209615,209619,5,2,3
209620,209623,4,1,3
209624,209628,5,1,4
209641,209644,4,2,2
209645,209646,2,1,1
209651,209656,6,5,1
209679,209681,3,1,2
209688,209691,4,1,3
209693,209694,2,1,1
209696,209698,3,2,1
209699,209700,2,1,1
209705,209708,4,3,1
209709,209714,6,2,4
209717,209719,3,1,2
209720,209722,3,2,1
209726,209728,3,2,1
209729,209730,2,1,1
209734,209735,2,1,1
209736,209738,3,1,2
209756,209757,2,1,1
209758,209761,4,1,3
209762,209765,4,2,2
209766,209767,2,1,1
209770,209772,3,2,1
209773,209779,7,3,4
209780,209781,2,1,1
209782,209784,3,1,2
209785,209786,2,1,1
209797,209800,4,1,3
209801,209803,3,2,1
209804,209815,12,1,11
209816,209817,2,1,1
209828,209832,5,2,3
209836,209839,4,1,3
209840,209842,3,2,1
209843,209847,5,2,3
209848,209850,3,2,1
209855,209858,4,2,2
209865,209866,2,1,1
209867,209868,2,1,1
209869,209872,4,2,2
209873,209876,4,3,1
209888,209895,8,2,6
209896,209899,4,3,1
209900,209903,4,3,1
209906,209907,2,1,1
209909,209911,3,2,1
209912,209913,2,1,1
209914,209915,2,1,1
209916,209918,3,2,1
209919,209921,3,1,2
209928,209931,4,3,1
209932,209933,2,1,1
209934,209938,5,4,1
209944,209946,3,1,2
209950,209952,3,1,2
209959,209961,3,2,1
209962,209964,3,2,1
209965,209967,3,1,2
209968,209972,5,1,4
209977,209980,4,2,2
209981,209983,3,1,2
209984,209988,5,1,4
209991,209992,2,1,1
209994,209996,3,2,1
209997,209998,2,1,1
209999,210000,2,1,1
210001,210002,2,1,1
210003,210007,5,2,3
210008,210015,8,5,3
210019,210020,2,1,1
210029,210032,4,2,2
210033,210034,2,1,1
210039,210040,2,1,1
210041,210042,2,1,1
210043,210044,2,1,1
210049,210053,5,1,4
210061,210062,2,1,1
210063,210066,4,1,3
210067,210068,2,1,1
210069,210072,4,2,2
210073,210074,2,1,1
210075,210077,3,2,1
210083,210085,3,1,2
210092,210095,4,2,2
210096,210098,3,1,2
210099,210100,2,1,1
210101,210103,3,2,1
210104,210105,2,1,1
210106,210108,3,1,2
210112,210114,3,1,2
210115,210116,2,1,1
210117,210121,5,1,4
210126,210128,3,1,2
210131,210134,4,2,2
210135,210137,3,1,2
210143,210145,3,2,1
210146,210147,2,1,1
210148,210152,5,1,4
210158,210161,4,2,2
210162,210167,6,3,3
210171,210172,2,1,1
210178,210180,3,2,1
210189,210191,3,2,1
210196,210209,14,1,13
210215,210216,2,1,1
210217,210219,3,2,1
210224,210225,2,1,1
210229,210231,3,1,2
210232,210234,3,2,1
210235,210237,3,2,1
210238,210239,2,1,1
210240,210249,10,4,6
210267,210268,2,1,1
210269,210270,2,1,1
210275,210279,5,3,2
210285,210286,2,1,1
210289,210290,2,1,1
210291,210295,5,4,1
210296,210297,2,1,1
210298,210301,4,3,1
210302,210305,4,1,3
210306,210307,2,1,1
210308,210310,3,1,2
210316,210319,4,2,2
210326,210328,3,2,1
210329,210330,2,1,1
210335,210337,3,1,2
210338,210339,2,1,1
210340,210341,2,1,1
210342,210343,2,1,1
210344,210346,3,1,2
210350,210353,4,1,3
210359,210360,2,1,1
210362,210363,2,1,1
210368,210369,2,1,1
210370,210374,5,3,2
210376,210380,5,2,3
210386,210388,3,1,2
210389,210392,4,1,3
210393,210394,2,1,1
210395,210396,2,1,1
210402,210407,6,5,1
210408,210413,6,4,2
210414,210417,4,2,2
210418,210421,4,1,3
210422,210423,2,1,1
210424,210425,2,1,1
210426,210431,6,4,2
210432,210435,4,1,3
210436,210440,5,3,2
210443,210445,3,1,2
210447,210448,2,1,1
210458,210459,2,1,1
210460,210463,4,1,3
210464,210469,6,1,5
210474,210480,7,4,3
210481,210485,5,2,3
210486,210490,5,4,1
210491,210492,2,1,1
210496,210500,5,4,1
210501,210502,2,1,1
210504,210507,4,2,2
210508,210510,3,1,2
210511,210512,2,1,1
210514,210516,3,2,1
210517,210518,2,1,1
210519,210523,5,3,2
210531,210534,4,2,2
210535,210538,4,2,2
210541,210544,4,3,1
210550,210552,3,1,2
210558,210560,3,2,1
210564,210565,2,1,1
210566,210571,6,5,1
210572,210573,2,1,1
210574,210575,2,1,1
210576,210579,4,1,3
210585,210587,3,2,1
210590,210593,4,3,1
210594,210595,2,1,1
210596,210599,4,1,3
210606,210607,2,1,1
210609,210613,5,1,4
210614,210616,3,2,1
210618,210620,3,1,2
210621,210623,3,1,2
210624,210628,5,1,4
210630,210633,4,2,2
210634,210637,4,3,1
210638,210642,5,2,3
210643,210647,5,3,2
210648,210651,4,1,3
210652,210654,3,2,1
210655,210657,3,1,2
210667,210668,2,1,1
210676,210678,3,2,1
210679,210680,2,1,1
210681,210684,4,1,3
210698,210699,2,1,1
210700,210701,2,1,1
210703,210705,3,1,2
210706,210710,5,2,3
210714,210715,2,1,1
210716,210721,6,5,1
210722,210724,3,2,1
210725,210728,4,2,2
210729,210730,2,1,1
210731,210733,3,1,2
210734,210735,2,1,1
210736,210738,3,2,1
210739,210746,8,6,2
210747,210748,2,1,1
210752,210755,4,2,2
210756,210764,9,1,8
210767,210770,4,3,1
210771,210772,2,1,1
210773,210775,3,2,1
210776,210780,5,3,2
210784,210786,3,2,1
210787,210792,6,3,3
210793,210795,3,1,2
210803,210808,6,2,4
210809,210810,2,1,1
210815,210818,4,3,1
210822,210823,2,1,1
210824,210825,2,1,1
210826,210828,3,1,2
210829,210830,2,1,1
210832,210833,2,1,1
210843,210845,3,1,2
210847,210851,5,4,1
210852,210857,6,3,3
210858,210864,7,3,4
210865,210866,2,1,1
210867,210868,2,1,1
210869,210873,5,4,1
210899,210901,3,2,1
210902,210904,3,2,1
210907,210909,3,1,2
210917,210919,3,2,1
210922,210925,4,1,3
210929,210932,4,2,2
210934,210937,4,1,3
210938,210939,2,1,1
210940,210941,2,1,1
210942,210943,2,1,1
210944,210945,2,1,1
210951,210952,2,1,1
210957,210963,7,1,6
210979,210984,6,2,4
210993,210994,2,1,1
210995,210999,5,1,4
211000,211001,2,1,1
211002,211003,2,1,1
211009,211010,2,1,1
211011,211012,2,1,1
211017,211020,4,3,1
211021,211025,5,2,3
211026,211028,3,1,2
211029,211031,3,1,2
211032,211034,3,1,2
211035,211039,5,2,3
211042,211045,4,1,3
211052,211053,2,1,1
211061,211063,3,2,1
211064,211069,6,1,5
211070,211072,3,2,1
211073,211075,3,2,1
211076,211077,2,1,1
211080,211083,4,3,1
211090,211092,3,1,2
211096,211097,2,1,1
211099,211101,3,1,2
211102,211104,3,1,2
211107,211110,4,2,2
211111,211113,3,2,1
211114,211118,5,2,3
211119,211123,5,3,2
211125,211126,2,1,1
211139,211143,5,3,2
211145,211146,2,1,1
211147,211148,2,1,1
211149,211152,4,1,3
211153,211155,3,2,1
211159,211160,2,1,1
211161,211162,2,1,1
211163,211166,4,2,2
211168,211169,2,1,1
211170,211171,2,1,1
211172,211175,4,1,3
211176,211180,5,1,4
211182,211183,2,1,1
211185,211187,3,1,2
211190,211194,5,1,4
211196,211202,7,1,6
211203,211204,2,1,1
211206,211208,3,2,1
211209,211210,2,1,1
211211,211214,4,1,3
211217,211220,4,2,2
211226,211232,7,6,1
211233,211237,5,2,3
211238,211241,4,2,2
211242,211243,2,1,1
211244,211246,3,2,1
211248,211249,2,1,1
211250,211252,3,2,1
211260,211262,3,1,2
211264,211266,3,1,2
211268,211270,3,2,1
211274,211277,4,1,3
211284,211291,8,5,3
211296,211298,3,2,1
211299,211300,2,1,1
211301,211303,3,1,2
211314,211316,3,2,1
211317,211318,2,1,1
211319,211321,3,2,1
211324,211328,5,3,2
211339,211341,3,1,2
211342,211343,2,1,1
211344,211346,3,2,1
211352,211356,5,2,3
211358,211361,4,3,1
211362,211364,3,1,2
211365,211368,4,3,1
211376,211377,2,1,1
211380,211382,3,1,2
211384,211385,2,1,1
211387,211390,4,3,1
211391,211393,3,1,2
211394,211401,8,2,6
211404,211405,2,1,1
211406,211410,5,3,2
211412,211414,3,2,1
211416,211417,2,1,1
211418,211419,2,1,1
211432,211435,4,3,1
211436,211438,3,2,1
211444,211447,4,2,2
211450,211452,3,2,1
211459,211461,3,2,1
211477,211482,6,2,4
211485,211488,4,1,3
211492,211494,3,2,1
211496,211497,2,1,1
211498,211500,3,1,2
211505,211507,3,1,2
211508,211510,3,1,2
211511,211512,2,1,1
211515,211517,3,2,1
211518,211524,7,4,3
211525,211526,2,1,1
211530,211533,4,1,3
211534,211535,2,1,1
211536,211539,4,1,3
211548,211550,3,1,2
211551,211554,4,1,3
211557,211562,6,1,5
211563,211565,3,2,1
211566,211574,9,1,8
211575,211576,2,1,1
211577,211578,2,1,1
211580,211584,5,1,4
211586,211587,2,1,1
211588,211589,2,1,1
211590,211593,4,1,3
211594,211598,5,4,1
211599,211600,2,1,1
211601,211602,2,1,1
211603,211605,3,1,2
211613,211614,2,1,1
211615,211616,2,1,1
211617,211619,3,1,2
211620,211622,3,1,2
211623,211624,2,1,1
211625,211629,5,1,4
211635,211639,5,3,2
211647,211649,3,2,1
211650,211653,4,1,3
211666,211670,5,4,1
211675,211676,2,1,1
211680,211684,5,4,1
211685,211687,3,1,2
211693,211694,2,1,1
211695,211698,4,1,3
211699,211700,2,1,1
211701,211704,4,2,2
211705,211706,2,1,1
211710,211712,3,1,2
211716,211720,5,4,1
211722,211724,3,2,1
211725,211731,7,2,5
211732,211734,3,1,2
211735,211740,6,1,5
211745,211747,3,1,2
211750,211754,5,4,1
211757,211760,4,2,2
211762,211766,5,4,1
211767,211768,2,1,1
211769,211774,6,5,1
211775,211778,4,2,2
211781,211783,3,1,2
211784,211789,6,5,1
211790,211793,4,3,1
211794,211797,4,3,1
211798,211800,3,1,2
211806,211807,2,1,1
211812,211813,2,1,1
211827,211829,3,2,1
211838,211839,2,1,1
211840,211841,2,1,1
211842,211845,4,1,3
211846,211849,4,3,1
211850,211851,2,1,1
211856,211858,3,1,2
211859,211861,3,2,1
211862,211868,7,4,3
211871,211881,11,1,10
211882,211884,3,1,2
211885,211888,4,2,2
211889,211891,3,2,1
211892,211896,5,4,1
211897,211902,6,4,2
211903,211908,6,5,1
211916,211917,2,1,1
211918,211920,3,2,1
211921,211924,4,1,3
211927,211930,4,3,1
211931,211934,4,2,2
211935,211938,4,3,1
211947,211950,4,2,2
211956,211957,2,1,1
211966,211970,5,3,2
211971,211974,4,3,1
211978,211982,5,3,2
211985,211990,6,3,3
211994,211997,4,2,2
211998,212002,5,3,2
212003,212007,5,3,2
212008,212009,2,1,1
212010,212013,4,2,2
212014,212015,2,1,1
212018,212020,3,2,1
212023,212024,2,1,1
212025,212029,5,2,3
212030,212031,2,1,1
212032,212035,4,3,1
212038,212040,3,1,2
212041,212046,6,2,4
212048,212049,2,1,1
212050,212051,2,1,1
212055,212060,6,5,1
212067,212068,2,1,1
212071,212078,8,4,4
212086,212090,5,3,2
212091,212092,2,1,1
212097,212103,7,3,4
212119,212122,4,1,3
212123,212128,6,5,1
212129,212131,3,1,2
212132,212133,2,1,1
212139,212141,3,1,2
212142,212144,3,1,2
212146,212153,8,4,4
212156,212158,3,1,2
212159,212160,2,1,1
212161,212164,4,1,3
212187,212191,5,2,3
212192,212193,2,1,1
212195,212196,2,1,1
212197,212200,4,2,2
212203,212204,2,1,1
212209,212210,2,1,1
212211,212213,3,1,2
212217,212222,6,2,4
212223,212226,4,3,1
212236,212237,2,1,1
212238,212240,3,1,2
212244,212245,2,1,1
212247,212249,3,2,1
212260,212262,3,2,1
212267,212269,3,2,1
212286,212287,2,1,1
212288,212289,2,1,1
212300,212303,4,2,2
212305,212308,4,1,3
212313,212316,4,3,1
212318,212319,2,1,1
212320,212321,2,1,1
212322,212326,5,4,1
212327,212332,6,5,1
212344,212345,2,1,1
212353,212354,2,1,1
212355,212360,6,2,4
212361,212362,2,1,1
212366,212367,2,1,1
212368,212369,2,1,1
212370,212375,6,3,3
212378,212386,9,5,4
212387,212389,3,2,1
212396,212399,4,1,3
212400,212402,3,2,1
212407,212409,3,1,2
212410,212412,3,1,2
212413,212418,6,5,1
212431,212440,10,1,9
212441,212442,2,1,1
212443,212444,2,1,1
212445,212449,5,2,3
212454,212456,3,2,1
212457,212458,2,1,1
212466,212467,2,1,1
212468,212471,4,3,1
212472,212473,2,1,1
212474,212476,3,2,1
212477,212482,6,1,5
212489,212495,7,1,6
212504,212506,3,2,1
212507,212508,2,1,1
212509,212512,4,1,3
212513,212515,3,1,2
212521,212523,3,1,2
212524,212526,3,2,1
212527,212528,2,1,1
212535,212537,3,1,2
212541,212542,2,1,1
212543,212545,3,1,2
212549,212550,2,1,1
212554,212556,3,2,1
212557,212559,3,1,2
212561,212564,4,2,2
212565,212566,2,1,1
212567,212569,3,1,2
212570,212573,4,1,3
212574,212580,7,2,5
212582,212583,2,1,1
212587,212588,2,1,1
212589,212592,4,1,3
212593,212599,7,4,3
212603,212604,2,1,1
212605,212612,8,5,3
212613,212614,2,1,1
212615,212618,4,2,2
212619,212624,6,3,3
212625,212628,4,3,1
212633,212636,4,2,2
212638,212639,2,1,1
212640,212645,6,1,5
212652,212653,2,1,1
212671,212674,4,2,2
212680,212683,4,2,2
212689,212690,2,1,1
212691,212693,3,1,2
212694,212697,4,2,2
212698,212699,2,1,1
212700,212705,6,1,5
212709,212711,3,1,2
212716,212719,4,1,3
212720,212721,2,1,1
212722,212724,3,1,2
212725,212727,3,1,2
212728,212730,3,2,1
212731,212732,2,1,1
212739,212740,2,1,1
212748,212749,2,1,1
212754,212758,5,4,1
212760,212761,2,1,1
212763,212764,2,1,1
212765,212767,3,2,1
212768,212773,6,3,3
212774,212776,3,2,1
212802,212803,2,1,1
212804,212805,2,1,1
212810,212811,2,1,1
212822,212826,5,2,3
212829,212830,2,1,1
212831,212833,3,2,1
212840,212842,3,2,1
212851,212857,7,6,1
212858,212859,2,1,1
212861,212864,4,2,2
212865,212869,5,2,3
212874,212875,2,1,1
212877,212880,4,3,1
212890,212894,5,3,2
212895,212898,4,1,3
212908,212909,2,1,1
212910,212912,3,1,2
212913,212916,4,1,3
212917,212919,3,1,2
212924,212925,2,1,1
212926,212927,2,1,1
212928,212930,3,2,1
212933,212935,3,2,1
212941,212943,3,1,2
212944,212946,3,2,1
212947,212953,7,2,5
212954,212956,3,1,2
212958,212961,4,1,3
212962,212963,2,1,1
212964,212966,3,1,2
212967,212971,5,1,4
212974,212976,3,2,1
212993,212995,3,2,1
212999,213001,3,1,2
213002,213003,2,1,1
213004,213005,2,1,1
213007,213010,4,1,3
213011,213014,4,3,1
213016,213019,4,2,2
213020,213021,2,1,1
213022,213024,3,2,1
213030,213032,3,1,2
213035,213037,3,2,1
213046,213049,4,1,3
213052,213055,4,3,1
213056,213058,3,1,2
213059,213060,2,1,1
213068,213070,3,2,1
213076,213078,3,2,1
213079,213082,4,1,3
213086,213088,3,2,1
213094,213095,2,1,1
213101,213104,4,2,2
213109,213111,3,1,2
213112,213113,2,1,1
213114,213115,2,1,1
213126,213127,2,1,1
213132,213136,5,2,3
213140,213141,2,1,1
213142,213144,3,1,2
213145,213146,2,1,1
213160,213162,3,2,1
213163,213164,2,1,1
213165,213166,2,1,1
213167,213173,7,1,6
213176,213180,5,3,2
213181,213183,3,1,2
213184,213185,2,1,1
213186,213187,2,1,1
213188,213192,5,1,4
213193,213194,2,1,1
213195,213201,7,4,3
213208,213210,3,1,2
213211,213212,2,1,1
213224,213227,4,3,1
213230,213233,4,1,3
213234,213237,4,2,2
213238,213240,3,2,1
213243,213244,2,1,1
213245,213254,10,6,4
213255,213256,2,1,1
213258,213260,3,2,1
213269,213270,2,1,1
213273,213275,3,1,2
213278,213281,4,1,3
213282,213283,2,1,1
213284,213288,5,1,4
213289,213290,2,1,1
213292,213294,3,2,1
213299,213301,3,1,2
213302,213303,2,1,1
213304,213305,2,1,1
213306,213312,7,1,6
213320,213321,2,1,1
213324,213328,5,3,2
213335,213339,5,3,2
213342,213348,7,4,3
213349,213352,4,3,1
213353,213354,2,1,1
213369,213371,3,1,2
213372,213376,5,1,4
213377,213378,2,1,1
213391,213393,3,2,1
213394,213397,4,1,3
213398,213399,2,1,1
213401,213402,2,1,1
213403,213406,4,2,2
213407,213408,2,1,1
213409,213413,5,2,3
213414,213416,3,2,1
213417,213418,2,1,1
213419,213420,2,1,1
213428,213429,2,1,1
213430,213431,2,1,1
213432,213435,4,3,1
213436,213437,2,1,1
213442,213444,3,2,1
213457,213460,4,2,2
213461,213463,3,2,1
213465,213467,3,2,1
213471,213475,5,1,4
213481,213482,2,1,1
213483,213489,7,5,2
213492,213494,3,1,2
213495,213496,2,1,1
213497,213499,3,2,1
213500,213501,2,1,1
213502,213503,2,1,1
213504,213508,5,3,2
213510,213511,2,1,1
213512,213515,4,1,3
213520,213522,3,1,2
213523,213527,5,2,3
213528,213530,3,2,1
213542,213545,4,3,1
213553,213554,2,1,1
213555,213557,3,2,1
213559,213564,6,1,5
213566,213568,3,1,2
213574,213576,3,1,2
213578,213582,5,2,3
213583,213585,3,1,2
213586,213587,2,1,1
213590,213591,2,1,1
213592,213594,3,2,1
213595,213596,2,1,1
213597,213600,4,1,3
213601,213607,7,1,6
213609,213610,2,1,1
213611,213618,8,1,7
213624,213625,2,1,1
213627,213631,5,2,3
213636,213637,2,1,1
213638,213639,2,1,1
213642,213643,2,1,1
213644,213646,3,2,1
213648,213649,2,1,1
213652,213653,2,1,1
213654,213655,2,1,1
213665,213668,4,1,3
213671,213673,3,1,2
213674,213676,3,1,2
213677,213680,4,1,3
213681,213682,2,1,1
213683,213684,2,1,1
213689,213694,6,5,1
213696,213699,4,3,1
213700,213702,3,1,2
213714,213717,4,2,2
213718,213719,2,1,1
213726,213727,2,1,1
213728,213732,5,4,1
213733,213735,3,1,2
213736,213738,3,2,1
213742,213743,2,1,1
213749,213754,6,4,2
213755,213760,6,2,4
213761,213764,4,3,1
213766,213767,2,1,1
213768,213770,3,2,1
213771,213773,3,2,1
213775,213777,3,2,1
213790,213794,5,2,3
213796,213797,2,1,1
213798,213799,2,1,1
213801,213804,4,1,3
213805,213806,2,1,1
213807,213808,2,1,1
213815,213819,5,1,4
213821,213823,3,2,1
213825,213828,4,3,1
213829,213830,2,1,1
213831,213832,2,1,1
213833,213834,2,1,1
213838,213840,3,1,2
213842,213844,3,2,1
213845,213849,5,2,3
213860,213862,3,1,2
213863,213869,7,1,6
213878,213879,2,1,1
213880,213881,2,1,1
213882,213886,5,4,1
213887,213888,2,1,1
213889,213891,3,1,2
213894,213895,2,1,1
213896,213901,6,1,5
213904,213905,2,1,1
213922,213925,4,3,1
213926,213928,3,2,1
213931,213934,4,3,1
213935,213936,2,1,1
213937,213938,2,1,1
213939,213941,3,2,1
213942,213945,4,1,3
213947,213952,6,1,5
213964,213965,2,1,1
213966,213967,2,1,1
213973,213975,3,1,2
213979,213980,2,1,1
213984,213985,2,1,1
213986,213987,2,1,1
213992,213993,2,1,1
213994,213995,2,1,1
213996,213999,4,2,2
214000,214002,3,2,1
214013,214015,3,2,1
214016,214020,5,2,3
214021,214023,3,1,2
214024,214025,2,1,1
214028,214030,3,1,2
214032,214033,2,1,1
214034,214043,10,6,4
214047,214048,2,1,1
214049,214050,2,1,1
214051,214052,2,1,1
214053,214055,3,1,2
214056,214059,4,1,3
214063,214065,3,1,2
214067,214068,2,1,1
214069,214070,2,1,1
214079,214083,5,2,3
214088,214091,4,1,3
214092,214093,2,1,1
214094,214100,7,2,5
214101,214103,3,2,1
214104,214106,3,2,1
214107,214109,3,1,2
214110,214112,3,1,2
214117,214120,4,2,2
214122,214123,2,1,1
214124,214127,4,3,1
214135,214141,7,1,6
214147,214151,5,2,3
214152,214155,4,1,3
214156,214162,7,5,2
214163,214165,3,1,2
214166,214167,2,1,1
214173,214175,3,1,2
214179,214181,3,1,2
214183,214185,3,2,1
214186,214188,3,1,2
214189,214193,5,4,1
214195,214199,5,1,4
214200,214201,2,1,1
214202,214204,3,2,1
214206,214213,8,2,6
214214,214215,2,1,1
214216,214218,3,2,1
214219,214221,3,1,2
214223,214225,3,2,1
214228,214229,2,1,1
214230,214235,6,4,2
214236,214239,4,3,1
214243,214247,5,3,2
214252,214253,2,1,1
214254,214257,4,1,3
214258,214259,2,1,1
214262,214266,5,3,2
214271,214272,2,1,1
214273,214277,5,1,4
214278,214280,3,2,1
214281,214285,5,4,1
214313,214314,2,1,1
214315,214316,2,1,1
214319,214325,7,5,2
214330,214332,3,2,1
214333,214334,2,1,1
214335,214336,2,1,1
214337,214340,4,1,3
214341,214342,2,1,1
214343,214348,6,1,5
214349,214354,6,5,1
214357,214359,3,1,2
214362,214363,2,1,1
214364,214366,3,2,1
214367,214369,3,1,2
214373,214376,4,2,2
214377,214378,2,1,1
214379,214380,2,1,1
214381,214385,5,4,1
214386,214391,6,5,1
214394,214395,2,1,1
214399,214402,4,1,3
214403,214405,3,1,2
214406,214409,4,1,3
214411,214412,2,1,1
214413,214416,4,1,3
214417,214419,3,2,1
214420,214421,2,1,1
214430,214432,3,1,2
214433,214434,2,1,1
214439,214440,2,1,1
214441,214442,2,1,1
214443,214445,3,2,1
214448,214451,4,2,2
214452,214453,2,1,1
214454,214456,3,1,2
214473,214477,5,3,2
214478,214479,2,1,1
214497,214499,3,2,1
214500,214502,3,2,1
214503,214504,2,1,1
214515,214516,2,1,1
214517,214519,3,2,1
214521,214526,6,5,1
214532,214533,2,1,1
214535,214536,2,1,1
214537,214542,6,4,2
214552,214557,6,1,5
214560,214564,5,1,4
214566,214569,4,1,3
214570,214574,5,2,3
214577,214580,4,3,1
214582,214584,3,2,1
214585,214588,4,2,2
214592,214593,2,1,1
214594,214599,6,1,5
214601,214605,5,1,4
214610,214612,3,1,2
214618,214619,2,1,1
214620,214621,2,1,1
214627,214631,5,1,4
214632,214633,2,1,1
214641,214642,2,1,1
214643,214646,4,2,2
214647,214649,3,1,2
214650,214651,2,1,1
214652,214655,4,2,2
214667,214669,3,1,2
214670,214673,4,2,2
214675,214678,4,1,3
214679,214683,5,2,3
214701,214705,5,1,4
214716,214718,3,2,1
214719,214722,4,3,1
214723,214724,2,1,1
214725,214726,2,1,1
214739,214740,2,1,1
214742,214743,2,1,1
214744,214745,2,1,1
214746,214749,4,2,2
214754,214755,2,1,1
214756,214758,3,1,2
214759,214766,8,1,7
214770,214771,2,1,1
214774,214775,2,1,1
214776,214779,4,1,3
214780,214781,2,1,1
214782,214785,4,2,2
214796,214798,3,1,2
214799,214802,4,2,2
214803,214804,2,1,1
214812,214815,4,1,3
214823,214828,6,1,5
214829,214831,3,1,2
214832,214835,4,3,1
214836,214842,7,4,3
214843,214844,2,1,1
214845,214847,3,1,2
214848,214851,4,2,2
214852,214853,2,1,1
214856,214857,2,1,1
214858,214859,2,1,1
214860,214861,2,1,1
214862,214864,3,1,2
214873,214875,3,2,1
214876,214878,3,1,2
214879,214882,4,3,1
214883,214884,2,1,1
214885,214889,5,1,4
214890,214891,2,1,1
214892,214893,2,1,1
214894,214896,3,2,1
214897,214901,5,1,4
214902,214903,2,1,1
214906,214910,5,1,4
214911,214915,5,3,2
214917,214920,4,2,2
214921,214922,2,1,1
214926,214928,3,2,1
214929,214933,5,2,3
214942,214944,3,1,2
214959,214967,9,5,4
214968,214970,3,1,2
214975,214981,7,1,6
214982,214985,4,3,1
214986,214991,6,1,5
214992,214994,3,1,2
214998,215001,4,2,2
215002,215007,6,1,5
215008,215010,3,2,1
215011,215016,6,5,1
215017,215020,4,2,2
215024,215025,2,1,1
215026,215029,4,2,2
215032,215033,2,1,1
215072,215074,3,1,2
215075,215079,5,1,4
215080,215081,2,1,1
215082,215085,4,1,3
215086,215087,2,1,1
215088,215092,5,1,4
215093,215097,5,1,4
215101,215108,8,6,2
215110,215114,5,2,3
215120,215121,2,1,1
215124,215125,2,1,1
215126,215131,6,1,5
215132,215134,3,2,1
215136,215137,2,1,1
215138,215140,3,1,2
215150,215152,3,1,2
215154,215155,2,1,1
215158,215159,2,1,1
215160,215162,3,2,1
215163,215165,3,1,2
215166,215170,5,4,1
215171,215173,3,1,2
215174,215177,4,3,1
215178,215180,3,2,1
215181,215182,2,1,1
215183,215184,2,1,1
215188,215191,4,1,3
215194,215198,5,2,3
215199,215200,2,1,1
215201,215207,7,3,4
215208,215209,2,1,1
215210,215214,5,2,3
215215,215217,3,1,2
215244,215247,4,2,2
215248,215254,7,6,1
215255,215256,2,1,1
215261,215269,9,4,5
215270,215274,5,2,3
215275,215276,2,1,1
215282,215284,3,2,1
215285,215286,2,1,1
215287,215290,4,1,3
215291,215295,5,1,4
215296,215300,5,3,2
215302,215309,8,5,3
215310,215317,8,1,7
215318,215323,6,5,1
215324,215325,2,1,1
215326,215327,2,1,1
215328,215330,3,2,1
215331,215332,2,1,1
215336,215339,4,1,3
215340,215343,4,1,3
215344,215346,3,1,2
215347,215349,3,2,1
215350,215354,5,2,3
215355,215358,4,1,3
215359,215362,4,1,3
215363,215368,6,1,5
215369,215373,5,4,1
215374,215377,4,2,2
215383,215385,3,2,1
215386,215389,4,3,1
215390,215392,3,1,2
215393,215394,2,1,1
215395,215399,5,4,1
215400,215401,2,1,1
215402,215404,3,1,2
215405,215406,2,1,1
215407,215408,2,1,1
215410,215412,3,2,1
215413,215414,2,1,1
215415,215417,3,2,1
215423,215426,4,3,1
215427,215430,4,3,1
215431,215434,4,3,1
215435,215436,2,1,1
215437,215441,5,2,3
215442,215444,3,2,1
215445,215447,3,1,2
215453,215456,4,3,1
215457,215458,2,1,1
215459,215463,5,2,3
215464,215465,2,1,1
215466,215469,4,3,1
215471,215472,2,1,1
215473,215476,4,3,1
215477,215480,4,3,1
215481,215485,5,3,2
215486,215487,2,1,1
215491,215492,2,1,1
215493,215494,2,1,1
215499,215501,3,1,2
215502,215504,3,2,1
215505,215508,4,3,1
215509,215513,5,4,1
215514,215517,4,1,3
215518,215525,8,5,3
215528,215531,4,3,1
215532,215537,6,3,3
215538,215539,2,1,1
215540,215544,5,4,1
215545,215549,5,3,2
215550,215551,2,1,1
215552,215561,10,9,1
215564,215568,5,3,2
215569,215570,2,1,1
215571,215587,17,10,7
215588,215590,3,2,1
215591,215598,8,7,1
215600,215601,2,1,1
215602,215605,4,2,2
215609,215620,12,7,5
215621,215622,2,1,1
215623,215626,4,2,2
215627,215630,4,2,2
215631,215634,4,3,1
215635,215637,3,1,2
215638,215644,7,5,2
215645,215648,4,3,1
215649,215651,3,2,1
215652,215660,9,7,2
215661,215662,2,1,1
215663,215667,5,3,2
215670,215673,4,3,1
215674,215675,2,1,1
215676,215682,7,5,2
215683,215686,4,3,1
215687,215689,3,2,1
215692,215693,2,1,1
215696,215698,3,2,1
215701,215702,2,1,1
215703,215705,3,2,1
215707,215709,3,1,2
215710,215715,6,4,2
215716,215719,4,2,2
215720,215724,5,4,1
215725,215726,2,1,1
215727,215728,2,1,1
215729,215732,4,3,1
215733,215736,4,3,1
215739,215740,2,1,1
215741,215746,6,3,3
215747,215753,7,4,3
215754,215757,4,3,1
215758,215759,2,1,1
215760,215765,6,5,1
215766,215772,7,4,3
215773,215775,3,1,2
215776,215781,6,4,2
215782,215784,3,2,1
215785,215789,5,4,1
215790,215794,5,1,4
215795,215800,6,5,1
215801,215816,16,10,6
215817,215818,2,1,1
215819,215821,3,2,1
215822,215824,3,2,1
215827,215829,3,1,2
215830,215831,2,1,1
215832,215836,5,3,2
215837,215839,3,2,1
215840,215841,2,1,1
215842,215843,2,1,1
215844,215848,5,4,1
215849,215853,5,3,2
215854,215855,2,1,1
215856,215857,2,1,1
215862,215863,2,1,1
215873,215876,4,1,3
215877,215882,6,5,1
215887,215888,2,1,1
215889,215891,3,1,2
215892,215893,2,1,1
215894,215896,3,1,2
215897,215899,3,2,1
215900,215902,3,2,1
215903,215911,9,8,1
215912,215913,2,1,1
215914,215920,7,6,1
215921,215922,2,1,1
215923,215926,4,3,1
215929,215930,2,1,1
215936,215937,2,1,1
215938,215941,4,2,2
215942,215945,4,3,1
215947,215953,7,1,6
215954,215957,4,2,2
215958,215960,3,2,1
215979,215981,3,2,1
215982,215983,2,1,1
215984,215986,3,2,1
215987,215991,5,3,2
215994,215996,3,2,1
216002,216007,6,2,4
216008,216009,2,1,1
216010,216011,2,1,1
216012,216013,2,1,1
216023,216024,2,1,1
216025,216026,2,1,1
216030,216032,3,2,1
216033,216034,2,1,1
216035,216037,3,1,2
216038,216041,4,3,1
216042,216043,2,1,1
216044,216047,4,2,2
216048,216049,2,1,1
216050,216051,2,1,1
216052,216055,4,2,2
216059,216060,2,1,1
216064,216065,2,1,1
216066,216069,4,3,1
216070,216071,2,1,1
216072,216073,2,1,1
216074,216075,2,1,1
216076,216080,5,4,1
216081,216084,4,2,2
216093,216094,2,1,1
216095,216097,3,2,1
216098,216100,3,2,1
216101,216102,2,1,1
216103,216105,3,2,1
216106,216107,2,1,1
216108,216110,3,2,1
216113,216114,2,1,1
216115,216117,3,1,2
216118,216120,3,2,1
216121,216122,2,1,1
216123,216124,2,1,1
216125,216127,3,2,1
216128,216132,5,4,1
216133,216138,6,5,1
216139,216140,2,1,1
216142,216144,3,2,1
216149,216154,6,3,3
216155,216156,2,1,1
216167,216170,4,2,2
216171,216175,5,1,4
216177,216180,4,1,3
216186,216196,11,7,4
216197,216201,5,4,1
216202,216203,2,1,1
216204,216206,3,1,2
216207,216208,2,1,1
216209,216210,2,1,1
216211,216218,8,7,1
216221,216229,9,5,4
216230,216232,3,1,2
216233,216241,9,6,3
216242,216244,3,1,2
216245,216250,6,4,2
216251,216254,4,2,2
216255,216256,2,1,1
216257,216263,7,5,2
216270,216274,5,4,1
216275,216276,2,1,1
216277,216278,2,1,1
216283,216284,2,1,1
216285,216288,4,2,2
216289,216291,3,2,1
216293,216295,3,2,1
216296,216297,2,1,1
216298,216299,2,1,1
216301,216302,2,1,1
216303,216309,7,6,1
216310,216312,3,1,2
216316,216317,2,1,1
216318,216319,2,1,1
216329,216332,4,1,3
216333,216335,3,2,1
216338,216343,6,4,2
216344,216345,2,1,1
216349,216350,2,1,1
216351,216352,2,1,1
216356,216360,5,4,1
216361,216362,2,1,1
216363,216365,3,2,1
216366,216370,5,1,4
216371,216374,4,3,1
216381,216382,2,1,1
216386,216388,3,2,1
216390,216393,4,3,1
216394,216395,2,1,1
216399,216402,4,2,2
216408,216410,3,1,2
216411,216412,2,1,1
216413,216416,4,3,1
216423,216424,2,1,1
216425,216426,2,1,1
216428,216429,2,1,1
216432,216438,7,4,3
216439,216441,3,2,1
216443,216446,4,3,1
216447,216449,3,1,2
216450,216452,3,1,2
216453,216457,5,2,3
216459,216461,3,1,2
216462,216466,5,4,1
216468,216470,3,2,1
216471,216472,2,1,1
216473,216474,2,1,1
216475,216476,2,1,1
216477,216481,5,2,3
216485,216490,6,2,4
216491,216498,8,5,3
216499,216500,2,1,1
216501,216507,7,3,4
216508,216509,2,1,1
216512,216513,2,1,1
216514,216515,2,1,1
216516,216518,3,1,2
216519,216524,6,3,3
216533,216536,4,3,1
216537,216538,2,1,1
216539,216542,4,2,2
216543,216546,4,3,1
216547,216549,3,2,1
216550,216556,7,2,5
216559,216561,3,2,1
216562,216565,4,1,3
216572,216574,3,2,1
216575,216576,2,1,1
216577,216579,3,2,1
216580,216582,3,2,1
216583,216593,11,8,3
216594,216597,4,3,1
216598,216604,7,4,3
216605,216607,3,1,2
216608,216611,4,3,1
216612,216613,2,1,1
216614,216619,6,2,4
216620,216622,3,2,1
216623,216626,4,3,1
216627,216628,2,1,1
216629,216634,6,4,2
216635,216638,4,2,2
216640,216643,4,1,3
216644,216645,2,1,1
216646,216648,3,1,2
216649,216650,2,1,1
216654,216655,2,1,1
216656,216659,4,2,2
216660,216663,4,1,3
216664,216665,2,1,1
216672,216675,4,3,1
216676,216679,4,1,3
216680,216683,4,2,2
216684,216686,3,1,2
216687,216690,4,1,3
216691,216696,6,5,1
216697,216702,6,5,1
216703,216705,3,2,1
216706,216707,2,1,1
216708,216710,3,1,2
216711,216712,2,1,1
216713,216719,7,6,1
216720,216723,4,1,3
216727,216728,2,1,1
216732,216733,2,1,1
216741,216742,2,1,1
216743,216745,3,1,2
216748,216751,4,1,3
216758,216760,3,2,1
216761,216766,6,4,2
216767,216777,11,10,1
216781,216783,3,1,2
216791,216793,3,2,1
216794,216796,3,2,1
216797,216800,4,1,3
216802,216803,2,1,1
216804,216805,2,1,1
216807,216811,5,3,2
216812,216820,9,7,2
216821,216825,5,4,1
216830,216832,3,1,2
216836,216837,2,1,1
216840,216842,3,2,1
216843,216847,5,4,1
216848,216853,6,3,3
216854,216855,2,1,1
216856,216859,4,2,2
216861,216864,4,3,1
216865,216871,7,5,2
216872,216874,3,1,2
216879,216884,6,2,4
216888,216897,10,9,1
216898,216900,3,2,1
216901,216902,2,1,1
216903,216905,3,1,2
216906,216911,6,4,2
216912,216913,2,1,1
216914,216916,3,2,1
216920,216927,8,7,1
216928,216931,4,1,3
216939,216942,4,2,2
216946,216947,2,1,1
216948,216950,3,1,2
216951,216954,4,2,2
216959,216960,2,1,1
216961,216962,2,1,1
216963,216964,2,1,1
216965,216966,2,1,1
216967,216969,3,1,2
216970,216973,4,3,1
216974,216975,2,1,1
216976,216982,7,6,1
216983,216991,9,8,1
216992,216996,5,3,2
216997,216999,3,1,2
217000,217001,2,1,1
217002,217004,3,2,1
217010,217015,6,2,4
217016,217019,4,3,1
217020,217021,2,1,1
217022,217025,4,1,3
217026,217033,8,5,3
217034,217039,6,2,4
217040,217043,4,3,1
217045,217050,6,5,1
217056,217067,12,11,1
217068,217076,9,8,1
217084,217085,2,1,1
217086,217088,3,1,2
217089,217092,4,2,2
217093,217095,3,1,2
217099,217101,3,2,1
217102,217103,2,1,1
217104,217105,2,1,1
217114,217116,3,2,1
217117,217118,2,1,1
217119,217121,3,1,2
217122,217124,3,2,1
217125,217128,4,3,1
217129,217130,2,1,1
217131,217134,4,2,2
217135,217143,9,8,1
217144,217146,3,2,1
217148,217149,2,1,1
217150,217151,2,1,1
217156,217162,7,6,1
217163,217166,4,3,1
217167,217171,5,4,1
217176,217177,2,1,1
217178,217181,4,1,3
217182,217184,3,1,2
217190,217192,3,1,2
217193,217197,5,4,1
217200,217201,2,1,1
217202,217203,2,1,1
217205,217208,4,2,2
217209,217212,4,1,3
217214,217215,2,1,1
217216,217218,3,2,1
217219,217220,2,1,1
217221,217222,2,1,1
217223,217224,2,1,1
217225,217227,3,2,1
217231,217233,3,2,1
217234,217235,2,1,1
217236,217240,5,1,4
217244,217246,3,2,1
217247,217250,4,3,1
217251,217254,4,3,1
217255,217258,4,2,2
217264,217266,3,2,1
217267,217268,2,1,1
217269,217270,2,1,1
217271,217274,4,1,3
217276,217281,6,3,3
217282,217285,4,3,1
217288,217289,2,1,1
217291,217294,4,3,1
217295,217296,2,1,1
217297,217300,4,3,1
217301,217304,4,3,1
217305,217306,2,1,1
217313,217314,2,1,1
217315,217320,6,3,3
217322,217326,5,3,2
217327,217329,3,2,1
217330,217333,4,3,1
217334,217337,4,1,3
217344,217354,11,9,2
217355,217356,2,1,1
217357,217358,2,1,1
217359,217360,2,1,1
217361,217362,2,1,1
217367,217371,5,4,1
217372,217378,7,3,4
217379,217381,3,2,1
217382,217383,2,1,1
217384,217385,2,1,1
217386,217389,4,2,2
217390,217391,2,1,1
217392,217393,2,1,1
217394,217399,6,4,2
217400,217403,4,2,2
217412,217413,2,1,1
217414,217416,3,1,2
217417,217421,5,1,4
217422,217427,6,4,2
217428,217430,3,1,2
217431,217436,6,3,3
217440,217441,2,1,1
217442,217444,3,2,1
217448,217449,2,1,1
217450,217453,4,2,2
217454,217456,3,2,1
217460,217464,5,4,1
217465,217468,4,3,1
217469,217471,3,2,1
217478,217483,6,5,1
217484,217485,2,1,1
217486,217495,10,9,1
217496,217497,2,1,1
217498,217502,5,3,2
217507,217510,4,1,3
217511,217513,3,1,2
217514,217518,5,4,1
217519,217521,3,2,1
217522,217524,3,2,1
217526,217528,3,1,2
217529,217530,2,1,1
217531,217532,2,1,1
217533,217538,6,3,3
217539,217540,2,1,1
217559,217564,6,4,2
217573,217578,6,5,1
217579,217580,2,1,1
217581,217584,4,3,1
217585,217586,2,1,1
217593,217594,2,1,1
217595,217597,3,1,2
217604,217606,3,1,2
217607,217610,4,1,3
217611,217614,4,2,2
217615,217617,3,1,2
217636,217640,5,3,2
217641,217642,2,1,1
217643,217645,3,2,1
217646,217647,2,1,1
217648,217652,5,4,1
217653,217657,5,2,3
217658,217660,3,2,1
217664,217665,2,1,1
217667,217671,5,4,1
217679,217681,3,2,1
217682,217683,2,1,1
217685,217686,2,1,1
217689,217690,2,1,1
217694,217695,2,1,1
217696,217698,3,1,2
217699,217700,2,1,1
217701,217711,11,9,2
217712,217713,2,1,1
217714,217718,5,2,3
217723,217724,2,1,1
217726,217729,4,3,1
217730,217733,4,2,2
217734,217735,2,1,1
217736,217738,3,1,2
217742,217744,3,1,2
217745,217747,3,1,2
217748,217749,2,1,1
217752,217753,2,1,1
217754,217755,2,1,1
217756,217759,4,2,2
217760,217763,4,1,3
217764,217771,8,7,1
217772,217778,7,4,3
217783,217789,7,6,1
217790,217793,4,1,3
217794,217795,2,1,1
217798,217800,3,2,1
217801,217802,2,1,1
217807,217812,6,5,1
217813,217815,3,1,2
217820,217825,6,5,1
217826,217828,3,1,2
217829,217831,3,2,1
217832,217834,3,2,1
217835,217840,6,1,5
217841,217842,2,1,1
217843,217852,10,7,3
217854,217856,3,2,1
217857,217860,4,2,2
217861,217863,3,2,1
217864,217868,5,3,2
217869,217884,16,15,1
217885,217886,2,1,1
217888,217892,5,1,4
217896,217899,4,1,3
217900,217901,2,1,1
217911,217914,4,3,1
217915,217918,4,3,1
217925,217926,2,1,1
217927,217929,3,2,1
217930,217933,4,3,1
217934,217940,7,3,4
217941,217946,6,5,1
217947,217950,4,2,2
217951,217956,6,5,1
217957,217962,6,2,4
217964,217969,6,3,3
217970,217973,4,3,1
217977,217979,3,2,1
217980,217981,2,1,1
217986,217993,8,7,1
217996,218000,5,2,3
218001,218002,2,1,1
218003,218004,2,1,1
218005,218008,4,3,1
218009,218011,3,1,2
218012,218013,2,1,1
218014,218017,4,2,2
218018,218020,3,1,2
218025,218028,4,2,2
218034,218036,3,2,1
218037,218038,2,1,1
218039,218042,4,2,2
218043,218044,2,1,1
218045,218046,2,1,1
218054,218058,5,4,1
218060,218061,2,1,1
218062,218070,9,8,1
218071,218073,3,1,2
218074,218078,5,4,1
218079,218080,2,1,1
218081,218088,8,7,1
218089,218090,2,1,1
218091,218093,3,1,2
218094,218095,2,1,1
218096,218098,3,2,1
218099,218101,3,1,2
218105,218106,2,1,1
218107,218109,3,1,2
218115,218116,2,1,1
218117,218119,3,2,1
218120,218123,4,2,2
218124,218126,3,1,2
218127,218128,2,1,1
218129,218132,4,1,3
218133,218136,4,1,3
218137,218138,2,1,1
218139,218142,4,3,1
218143,218144,2,1,1
218148,218151,4,3,1
218155,218157,3,2,1
218158,218161,4,2,2
218163,218164,2,1,1
218165,218172,8,4,4
218173,218175,3,2,1
218176,218183,8,5,3
218184,218186,3,1,2
218187,218190,4,3,1
218191,218194,4,1,3
218195,218203,9,5,4
218204,218206,3,1,2
218207,218212,6,4,2
218216,218218,3,2,1
218219,218220,2,1,1
218228,218229,2,1,1
218230,218232,3,2,1
218233,218234,2,1,1
218235,218236,2,1,1
218237,218240,4,2,2
218242,218243,2,1,1
218244,218245,2,1,1
218246,218253,8,6,2
218254,218257,4,3,1
218258,218259,2,1,1
218260,218262,3,2,1
218269,218273,5,2,3
218276,218282,7,3,4
218283,218284,2,1,1
218286,218287,2,1,1
218290,218301,12,9,3
218302,218305,4,3,1
218306,218310,5,4,1
218311,218313,3,1,2
218314,218315,2,1,1
218316,218317,2,1,1
218318,218320,3,2,1
218321,218323,3,2,1
218324,218326,3,1,2
218327,218329,3,2,1
218330,218331,2,1,1
218332,218341,10,9,1
218342,218347,6,4,2
218348,218351,4,2,2
218352,218355,4,2,2
218356,218357,2,1,1
218358,218360,3,2,1
218361,218362,2,1,1
218366,218373,8,3,5
218378,218380,3,2,1
218381,218382,2,1,1
218383,218386,4,1,3
218387,218392,6,2,4
218393,218394,2,1,1
218395,218400,6,5,1
218401,218402,2,1,1
218403,218404,2,1,1
218405,218412,8,7,1
218430,218436,7,4,3
218437,218442,6,5,1
218445,218448,4,2,2
218456,218460,5,2,3
218467,218471,5,4,1
218478,218479,2,1,1
218480,218483,4,2,2
218484,218487,4,3,1
218488,218501,14,13,1
218502,218505,4,3,1
218506,218509,4,2,2
218510,218512,3,2,1
218524,218527,4,3,1
218528,218531,4,3,1
218532,218533,2,1,1
218534,218538,5,4,1
218539,218541,3,1,2
218542,218544,3,2,1
218545,218553,9,2,7
218557,218558,2,1,1
218563,218565,3,1,2
218566,218568,3,2,1
218569,218570,2,1,1
218575,218576,2,1,1
218581,218586,6,4,2
218591,218606,16,15,1
218607,218613,7,6,1
218618,218622,5,4,1
218623,218627,5,4,1
218628,218630,3,1,2
218631,218633,3,1,2
218634,218635,2,1,1
218636,218644,9,7,2
218651,218656,6,2,4
218660,218663,4,2,2
218664,218666,3,2,1
218671,218673,3,2,1
218674,218677,4,2,2
218678,218681,4,3,1
218682,218684,3,2,1
218685,218689,5,4,1
218690,218691,2,1,1
218692,218694,3,2,1
218701,218704,4,3,1
218705,218711,7,5,2
218716,218719,4,3,1
218723,218724,2,1,1
218728,218733,6,5,1
218734,218737,4,2,2
218738,218739,2,1,1
218745,218746,2,1,1
218747,218748,2,1,1
218750,218752,3,2,1
218755,218757,3,2,1
218758,218763,6,4,2
218765,218776,12,10,2
218777,218781,5,4,1
218786,218789,4,2,2
218790,218791,2,1,1
218792,218795,4,3,1
218796,218799,4,1,3
218800,218803,4,2,2
218804,218807,4,3,1
218809,218811,3,2,1
218812,218813,2,1,1
218814,218819,6,3,3
218825,218828,4,3,1
218829,218833,5,3,2
218834,218838,5,4,1
218839,218845,7,5,2
218846,218848,3,2,1
218849,218853,5,4,1
218861,218862,2,1,1
218863,218864,2,1,1
218865,218866,2,1,1
218871,218872,2,1,1
218873,218875,3,2,1
218876,218883,8,7,1
218884,218886,3,2,1
218887,218888,2,1,1
218894,218896,3,2,1
218897,218902,6,4,2
218903,218906,4,3,1
218907,218909,3,1,2
218910,218913,4,2,2
218914,218917,4,3,1
218920,218921,2,1,1
218922,218926,5,4,1
218930,218933,4,3,1
218934,218936,3,1,2
218937,218938,2,1,1
218939,218940,2,1,1
218941,218943,3,2,1
218944,218948,5,3,2
218949,218951,3,2,1
218952,218953,2,1,1
218954,218956,3,2,1
218961,218962,2,1,1
218963,218968,6,5,1
218969,218970,2,1,1
218971,218972,2,1,1
218980,218983,4,3,1
218984,218986,3,2,1
218988,218990,3,1,2
218991,218994,4,3,1
218995,218997,3,2,1
218998,218999,2,1,1
219000,219001,2,1,1
219002,219006,5,1,4
219007,219008,2,1,1
219009,219010,2,1,1
219011,219013,3,1,2
219014,219015,2,1,1
219016,219018,3,1,2
219024,219029,6,4,2
219030,219031,2,1,1
219032,219036,5,4,1
219037,219040,4,2,2
219041,219043,3,1,2
219056,219059,4,3,1
219072,219076,5,4,1
219077,219078,2,1,1
219079,219081,3,1,2
219082,219084,3,2,1
219085,219088,4,1,3
219089,219091,3,2,1
219092,219095,4,3,1
219096,219097,2,1,1
219098,219100,3,2,1
219104,219107,4,3,1
219110,219111,2,1,1
219113,219115,3,2,1
219116,219121,6,4,2
219123,219125,3,2,1
219128,219136,9,7,2
219141,219142,2,1,1
219146,219148,3,1,2
219149,219153,5,2,3
219154,219156,3,2,1
219157,219159,3,2,1
219161,219162,2,1,1
219170,219171,2,1,1
219173,219175,3,1,2
219176,219179,4,3,1
219180,219186,7,4,3
219187,219188,2,1,1
219196,219199,4,3,1
219200,219201,2,1,1
219208,219211,4,2,2
219212,219214,3,2,1
219215,219218,4,3,1
219219,219220,2,1,1
219221,219225,5,4,1
219226,219228,3,2,1
219229,219231,3,1,2
219232,219234,3,2,1
219235,219237,3,1,2
219238,219239,2,1,1
219240,219248,9,7,2
219253,219260,8,5,3
219261,219263,3,1,2
219268,219269,2,1,1
219270,219271,2,1,1
219278,219282,5,3,2
219283,219291,9,8,1
219292,219293,2,1,1
219311,219314,4,3,1
219315,219319,5,1,4
219320,219321,2,1,1
219322,219323,2,1,1
219324,219328,5,3,2
219330,219334,5,3,2
219335,219336,2,1,1
219340,219344,5,4,1
219345,219352,8,1,7
219353,219357,5,4,1
219358,219359,2,1,1
219360,219364,5,4,1
219365,219366,2,1,1
219367,219371,5,4,1
219372,219375,4,2,2
219376,219381,6,5,1
219382,219384,3,1,2
219391,219393,3,1,2
219394,219396,3,2,1
219397,219400,4,1,3
219404,219407,4,1,3
219408,219409,2,1,1
219410,219413,4,3,1
219415,219416,2,1,1
219421,219426,6,4,2
219427,219428,2,1,1
219430,219431,2,1,1
219434,219438,5,3,2
219439,219443,5,2,3
219446,219450,5,4,1
219451,219455,5,4,1
219456,219458,3,1,2
219463,219464,2,1,1
219465,219469,5,3,2
219470,219473,4,3,1
219474,219477,4,2,2
219478,219480,3,1,2
219483,219485,3,1,2
219487,219489,3,2,1
219493,219494,2,1,1
219495,219498,4,1,3
219499,219501,3,1,2
219504,219508,5,4,1
219509,219512,4,2,2
219514,219517,4,3,1
219518,219519,2,1,1
219527,219528,2,1,1
219529,219533,5,4,1
219534,219535,2,1,1
219536,219538,3,2,1
219542,219547,6,5,1
219548,219555,8,7,1
219556,219558,3,2,1
219561,219564,4,1,3
219565,219568,4,2,2
219569,219571,3,2,1
219578,219580,3,2,1
219581,219583,3,1,2
219587,219590,4,2,2
219597,219599,3,1,2
219600,219607,8,6,2
219608,219610,3,1,2
219611,219613,3,2,1
219618,219624,7,6,1
219625,219627,3,1,2
219628,219630,3,2,1
219637,219644,8,6,2
219647,219648,2,1,1
219651,219652,2,1,1
219656,219659,4,3,1
219660,219661,2,1,1
219662,219667,6,5,1
219668,219677,10,7,3
219678,219681,4,2,2
219683,219688,6,4,2
219689,219690,2,1,1
219691,219694,4,2,2
219695,219699,5,4,1
219700,219702,3,2,1
219703,219712,10,7,3
219720,219725,6,5,1
219726,219727,2,1,1
219728,219737,10,9,1
219738,219741,4,2,2
219743,219744,2,1,1
219745,219747,3,1,2
219748,219753,6,2,4
219757,219760,4,3,1
219763,219765,3,2,1
219766,219768,3,1,2
219769,219773,5,2,3
219774,219777,4,2,2
219778,219780,3,2,1
219781,219785,5,3,2
219786,219790,5,3,2
219791,219793,3,1,2
219794,219800,7,6,1
219801,219804,4,3,1
219805,219808,4,3,1
219809,219811,3,1,2
219812,219813,2,1,1
219814,219820,7,6,1
219821,219822,2,1,1
219823,219826,4,2,2
219827,219830,4,3,1
219831,219833,3,2,1
219834,219839,6,5,1
219840,219844,5,3,2
219845,219847,3,2,1
219848,219850,3,2,1
219858,219859,2,1,1
219860,219862,3,2,1
219867,219873,7,6,1
219874,219877,4,3,1
219878,219882,5,2,3
219883,219884,2,1,1
219885,219888,4,3,1
219889,219892,4,1,3
219894,219896,3,2,1
219897,219898,2,1,1
219899,219903,5,2,3
219914,219917,4,3,1
219918,219921,4,2,2
219922,219928,7,3,4
219929,219933,5,3,2
219934,219935,2,1,1
219936,219937,2,1,1
219938,219940,3,2,1
219941,219943,3,2,1
219945,219947,3,2,1
219951,219952,2,1,1
219953,219955,3,1,2
219963,219964,2,1,1
219965,219967,3,2,1
219968,219975,8,5,3
219976,219977,2,1,1
219984,219991,8,7,1
219992,219995,4,2,2
219996,220001,6,5,1
220002,220003,2,1,1
220010,220012,3,1,2
220013,220019,7,6,1
220020,220021,2,1,1
220022,220029,8,5,3
220030,220031,2,1,1
220037,220038,2,1,1
220046,220049,4,3,1
220050,220051,2,1,1
220059,220062,4,2,2
220063,220065,3,2,1
220069,220073,5,2,3
220074,220079,6,3,3
220080,220082,3,1,2
220083,220085,3,1,2
220086,220087,2,1,1
220088,220090,3,2,1
220091,220099,9,8,1
220100,220104,5,3,2
220105,220110,6,2,4
220112,220115,4,3,1
220122,220126,5,4,1
220130,220131,2,1,1
220132,220133,2,1,1
220134,220136,3,2,1
220137,220139,3,2,1
220142,220144,3,2,1
220151,220154,4,3,1
220162,220164,3,2,1
220165,220171,7,6,1
220175,220177,3,2,1
220179,220182,4,3,1
220192,220194,3,2,1
220196,220199,4,3,1
220200,220205,6,5,1
220208,220210,3,1,2
220211,220213,3,2,1
220214,220215,2,1,1
220216,220217,2,1,1
220221,220224,4,3,1
220225,220228,4,3,1
220230,220231,2,1,1
220234,220236,3,2,1
220244,220245,2,1,1
220246,220250,5,4,1
220251,220255,5,2,3
220256,220258,3,2,1
220259,220261,3,2,1
220262,220266,5,2,3
220267,220271,5,2,3
220277,220283,7,6,1
220284,220285,2,1,1
220286,220291,6,5,1
220292,220300,9,8,1
220301,220307,7,5,2
220308,220310,3,1,2
220312,220316,5,3,2
220317,220320,4,3,1
220321,220324,4,1,3
220325,220328,4,3,1
220331,220333,3,2,1
220334,220340,7,5,2
220341,220343,3,2,1
220344,220347,4,2,2
220348,220349,2,1,1
220350,220356,7,6,1
220357,220362,6,3,3
220363,220365,3,2,1
220368,220370,3,1,2
220371,220375,5,4,1
220376,220378,3,2,1
220379,220381,3,2,1
220382,220384,3,2,1
220388,220389,2,1,1
220390,220392,3,1,2
220398,220399,2,1,1
220405,220406,2,1,1
220407,220412,6,5,1
220413,220415,3,2,1
220416,220418,3,2,1
220419,220423,5,2,3
220426,220427,2,1,1
220430,220432,3,2,1
220433,220434,2,1,1
220435,220440,6,5,1
220445,220446,2,1,1
220447,220454,8,7,1
220455,220459,5,4,1
220460,220461,2,1,1
220464,220469,6,3,3
220476,220479,4,3,1
220480,220481,2,1,1
220482,220485,4,3,1
220486,220487,2,1,1
220489,220495,7,6,1
220496,220501,6,5,1
220504,220507,4,3,1
220512,220513,2,1,1
220517,220522,6,4,2
220523,220524,2,1,1
220525,220527,3,2,1
220532,220543,12,11,1
220548,220553,6,5,1
220554,220559,6,4,2
220560,220562,3,2,1
220563,220564,2,1,1
220572,220574,3,2,1
220575,220576,2,1,1
220577,220585,9,5,4
220586,220587,2,1,1
220588,220591,4,1,3
220594,220602,9,8,1
220613,220615,3,2,1
220617,220623,7,5,2
220624,220625,2,1,1
220627,220629,3,2,1
220630,220631,2,1,1
220632,220637,6,5,1
220638,220639,2,1,1
220640,220642,3,1,2
220643,220644,2,1,1
220645,220648,4,2,2
220652,220654,3,2,1
220655,220657,3,1,2
220669,220672,4,3,1
220673,220674,2,1,1
220675,220676,2,1,1
220677,220678,2,1,1
220680,220681,2,1,1
220684,220687,4,2,2
220688,220689,2,1,1
220690,220692,3,2,1
220693,220694,2,1,1
220703,220705,3,2,1
220706,220709,4,3,1
220712,220715,4,1,3
220716,220721,6,4,2
220722,220723,2,1,1
220724,220726,3,1,2
220727,220732,6,5,1
220737,220744,8,6,2
220745,220747,3,1,2
220753,220754,2,1,1
220755,220758,4,3,1
220761,220763,3,2,1
220767,220772,6,5,1
220773,220775,3,2,1
220776,220780,5,4,1
220784,220786,3,2,1
220787,220791,5,4,1
220795,220796,2,1,1
220798,220801,4,3,1
220802,220808,7,6,1
220809,220811,3,1,2
220812,220817,6,5,1
220818,220820,3,2,1
220821,220822,2,1,1
220827,220829,3,2,1
220834,220837,4,2,2
220838,220843,6,5,1
220844,220846,3,1,2
220847,220852,6,5,1
220857,220859,3,1,2
220860,220863,4,2,2
220864,220868,5,3,2
220869,220871,3,1,2
220876,220880,5,4,1
220881,220883,3,1,2
220887,220891,5,4,1
220892,220893,2,1,1
220894,220897,4,2,2
220898,220899,2,1,1
220900,220905,6,5,1
220906,220908,3,2,1
220915,220918,4,1,3
220919,220921,3,1,2
220927,220928,2,1,1
220929,220930,2,1,1
220933,220936,4,2,2
220939,220941,3,1,2
220943,220946,4,3,1
220947,220948,2,1,1
220949,220951,3,2,1
220957,220958,2,1,1
220959,220962,4,3,1
220963,220968,6,5,1
220969,220971,3,1,2
220972,220974,3,2,1
220977,220980,4,3,1
220981,220985,5,4,1
220986,220991,6,5,1
220992,220995,4,3,1
220996,221002,7,6,1
221003,221004,2,1,1
221005,221010,6,5,1
221011,221012,2,1,1
221013,221014,2,1,1
221033,221034,2,1,1
221039,221042,4,2,2
221043,221045,3,2,1
221046,221048,3,1,2
221049,221051,3,2,1
221052,221055,4,1,3
221056,221062,7,6,1
221063,221067,5,3,2
221068,221072,5,4,1
221073,221075,3,2,1
221076,221083,8,5,3
221087,221088,2,1,1
221091,221092,2,1,1
221093,221094,2,1,1
221095,221102,8,6,2
221103,221108,6,3,3
221110,221111,2,1,1
221117,221121,5,4,1
221124,221126,3,2,1
221146,221148,3,1,2
221149,221151,3,2,1
221154,221155,2,1,1
221156,221157,2,1,1
221158,221164,7,5,2
221165,221168,4,3,1
221172,221177,6,3,3
221178,221182,5,3,2
221183,221185,3,2,1
221186,221193,8,4,4
221194,221196,3,2,1
221197,221198,2,1,1
221199,221207,9,8,1
221208,221214,7,4,3
221215,221221,7,6,1
221222,221232,11,10,1
221233,221234,2,1,1
221244,221245,2,1,1
221246,221247,2,1,1
221248,221249,2,1,1
221252,221253,2,1,1
221254,221256,3,2,1
221257,221265,9,1,8
221266,221269,4,1,3
221270,221273,4,2,2
221274,221276,3,2,1
221283,221287,5,1,4
221288,221290,3,2,1
221307,221309,3,1,2
221310,221311,2,1,1
221319,221321,3,1,2
221322,221325,4,2,2
221326,221327,2,1,1
221328,221336,9,6,3
221337,221339,3,2,1
221341,221343,3,1,2
221345,221349,5,4,1
221356,221360,5,4,1
221366,221370,5,3,2
221374,221376,3,1,2
221377,221378,2,1,1
221384,221388,5,4,1
221397,221402,6,5,1
221403,221404,2,1,1
221405,221408,4,3,1
221410,221411,2,1,1
221414,221415,2,1,1
221416,221417,2,1,1
221432,221439,8,6,2
221440,221445,6,5,1
221451,221452,2,1,1
221456,221460,5,3,2
221461,221462,2,1,1
221463,221468,6,5,1
221469,221471,3,1,2
221472,221475,4,1,3
221478,221487,10,8,2
221493,221495,3,1,2
221496,221504,9,8,1
221505,221507,3,2,1
221515,221517,3,2,1
221518,221522,5,2,3
221523,221526,4,3,1
221527,221530,4,1,3
221533,221535,3,2,1
221536,221542,7,6,1
221543,221547,5,2,3
221548,221549,2,1,1
221550,221551,2,1,1
221552,221553,2,1,1
221554,221556,3,2,1
221557,221560,4,3,1
221573,221578,6,5,1
221579,221583,5,4,1
221594,221599,6,5,1
221604,221606,3,1,2
221607,221612,6,3,3
221613,221617,5,4,1
221618,221621,4,3,1
221627,221628,2,1,1
221633,221639,7,6,1
221653,221654,2,1,1
221659,221661,3,2,1
221662,221665,4,3,1
221668,221676,9,8,1
221684,221687,4,2,2
221688,221695,8,2,6
221696,221698,3,2,1
221699,221700,2,1,1
221701,221702,2,1,1
221703,221705,3,1,2
221712,221713,2,1,1
221716,221717,2,1,1
221718,221719,2,1,1
221721,221722,2,1,1
221723,221728,6,3,3
221729,221730,2,1,1
221731,221732,2,1,1
221733,221736,4,2,2
221737,221740,4,2,2
221743,221746,4,3,1
221747,221751,5,4,1
221752,221754,3,1,2
221755,221759,5,3,2
221760,221763,4,3,1
221770,221773,4,2,2
221774,221779,6,3,3
221780,221783,4,2,2
221784,221786,3,1,2
221787,221790,4,3,1
221801,221802,2,1,1
221810,221811,2,1,1
221812,221817,6,5,1
221818,221824,7,1,6
221825,221829,5,4,1
221830,221834,5,3,2
221840,221843,4,2,2
221856,221858,3,2,1
221862,221866,5,4,1
221867,221870,4,2,2
221873,221876,4,1,3
221877,221879,3,2,1
221881,221887,7,6,1
221888,221890,3,1,2
221891,221893,3,2,1
221898,221900,3,1,2
221903,221904,2,1,1
221905,221907,3,2,1
221908,221911,4,3,1
221912,221917,6,4,2
221918,221920,3,2,1
221928,221934,7,6,1
221935,221939,5,3,2
221941,221946,6,5,1
221949,221954,6,3,3
221955,221957,3,1,2
221958,221964,7,6,1
221965,221966,2,1,1
221973,221977,5,1,4
221978,221979,2,1,1
221980,221981,2,1,1
221982,221987,6,3,3
221990,221991,2,1,1
221992,221996,5,2,3
221997,222001,5,4,1
222003,222004,2,1,1
222005,222008,4,3,1
222012,222017,6,1,5
222018,222021,4,1,3
222022,222023,2,1,1
222024,222025,2,1,1
222026,222028,3,1,2
222029,222032,4,2,2
222033,222034,2,1,1
222035,222038,4,3,1
222041,222046,6,3,3
222055,222056,2,1,1
222059,222063,5,4,1
222064,222072,9,7,2
222073,222085,13,9,4
222086,222090,5,4,1
222091,222095,5,4,1
222096,222099,4,2,2
222100,222103,4,3,1
222104,222106,3,1,2
222107,222110,4,3,1
222113,222117,5,3,2
222118,222124,7,6,1
222129,222131,3,2,1
222132,222133,2,1,1
222134,222137,4,2,2
222139,222143,5,4,1
222144,222145,2,1,1
222146,222152,7,4,3
222157,222160,4,3,1
222161,222166,6,5,1
222168,222169,2,1,1
222170,222171,2,1,1
222172,222176,5,3,2
222177,222178,2,1,1
222180,222181,2,1,1
222182,222187,6,2,4
222188,222191,4,2,2
222192,222196,5,2,3
222205,222206,2,1,1
222211,222212,2,1,1
222223,222227,5,4,1
222231,222234,4,3,1
222235,222237,3,1,2
222242,222243,2,1,1
222244,222246,3,2,1
222247,222251,5,3,2
222252,222255,4,3,1
222256,222258,3,2,1
222259,222267,9,6,3
222268,222270,3,1,2
222271,222274,4,2,2
222276,222278,3,2,1
222279,222283,5,4,1
222284,222286,3,2,1
222289,222292,4,1,3
222304,222305,2,1,1
222311,222314,4,2,2
222315,222316,2,1,1
222317,222318,2,1,1
222319,222323,5,4,1
222326,222327,2,1,1
222328,222329,2,1,1
222331,222338,8,6,2
222339,222342,4,3,1
222343,222345,3,1,2
222346,222352,7,6,1
222353,222355,3,2,1
222356,222359,4,3,1
222360,222362,3,2,1
222363,222369,7,4,3
222370,222371,2,1,1
222372,222373,2,1,1
222374,222379,6,4,2
222380,222386,7,6,1
222390,222394,5,3,2
222405,222408,4,3,1
222409,222410,2,1,1
222412,222417,6,3,3
222418,222421,4,2,2
222429,222436,8,4,4
222437,222442,6,3,3
222445,222447,3,2,1
222453,222455,3,2,1
222458,222461,4,2,2
222462,222464,3,2,1
222476,222480,5,4,1
222493,222495,3,2,1
222496,222499,4,2,2
222500,222502,3,1,2
222503,222508,6,3,3
222509,222510,2,1,1
222511,222512,2,1,1
222513,222514,2,1,1
222517,222518,2,1,1
222520,222521,2,1,1
222522,222526,5,4,1
222527,222532,6,5,1
222533,222536,4,1,3
222544,222546,3,2,1
222547,222549,3,2,1
222552,222553,2,1,1
222554,222560,7,6,1
222561,222562,2,1,1
222563,222566,4,1,3
222567,222571,5,4,1
222575,222577,3,2,1
222585,222586,2,1,1
222587,222589,3,2,1
222612,222613,2,1,1
222614,222616,3,1,2
222617,222620,4,1,3
222625,222631,7,6,1
222632,222633,2,1,1
222634,222635,2,1,1
222636,222637,2,1,1
222643,222644,2,1,1
222645,222646,2,1,1
222647,222649,3,2,1
222654,222658,5,3,2
222659,222661,3,1,2
222662,222664,3,2,1
222665,222666,2,1,1
222667,222673,7,6,1
222678,222683,6,3,3
222691,222693,3,2,1
222699,222703,5,1,4
222704,222705,2,1,1
222714,222719,6,4,2
222722,222724,3,2,1
222725,222730,6,5,1
222737,222739,3,2,1
222745,222749,5,4,1
222750,222753,4,3,1
222754,222755,2,1,1
222756,222758,3,1,2
222759,222760,2,1,1
222761,222765,5,3,2
222766,222767,2,1,1
222768,222770,3,2,1
222771,222772,2,1,1
222773,222777,5,3,2
222778,222779,2,1,1
222780,222786,7,4,3
222787,222790,4,3,1
222791,222793,3,1,2
222794,222795,2,1,1
222800,222803,4,3,1
222804,222806,3,1,2
222817,222820,4,1,3
222821,222825,5,3,2
222826,222827,2,1,1
222830,222833,4,3,1
222834,222839,6,3,3
222843,222844,2,1,1
222845,222846,2,1,1
222847,222851,5,2,3
222856,222857,2,1,1
222858,222861,4,2,2
222862,222870,9,4,5
222871,222872,2,1,1
222873,222875,3,1,2
222883,222886,4,1,3
222888,222891,4,2,2
222892,222895,4,3,1
222896,222898,3,1,2
222899,222900,2,1,1
222906,222909,4,3,1
222910,222916,7,6,1
222917,222919,3,2,1
222928,222933,6,5,1
222934,222937,4,3,1
222938,222940,3,2,1
222941,222945,5,3,2
222947,222951,5,4,1
222952,222958,7,6,1
222963,222965,3,2,1
222968,222970,3,2,1
222971,222976,6,3,3
222977,222980,4,2,2
222981,222982,2,1,1
222983,222984,2,1,1
222985,222994,10,9,1
222995,222997,3,2,1
223002,223006,5,4,1
223008,223013,6,5,1
223014,223016,3,2,1
223017,223019,3,2,1
223020,223022,3,2,1
223023,223025,3,2,1
223026,223033,8,6,2
223045,223046,2,1,1
223055,223056,2,1,1
223060,223061,2,1,1
223062,223063,2,1,1
223064,223066,3,1,2
223067,223070,4,2,2
223071,223077,7,5,2
223078,223079,2,1,1
223080,223083,4,1,3
223084,223087,4,3,1
223091,223097,7,2,5
223099,223101,3,1,2
223103,223106,4,2,2
223107,223110,4,3,1
223111,223112,2,1,1
223116,223118,3,2,1
223119,223121,3,2,1
223126,223138,13,12,1
223142,223147,6,4,2
223149,223152,4,3,1
223153,223156,4,3,1
223157,223158,2,1,1
223159,223162,4,3,1
223163,223164,2,1,1
223173,223174,2,1,1
223175,223176,2,1,1
223184,223187,4,3,1
223193,223196,4,2,2
223197,223202,6,5,1
223208,223211,4,2,2
223212,223217,6,5,1
223218,223219,2,1,1
223220,223222,3,2,1
223223,223224,2,1,1
223230,223236,7,6,1
223237,223241,5,4,1
223244,223246,3,1,2
223251,223255,5,3,2
223257,223264,8,2,6
223265,223268,4,3,1
223272,223276,5,4,1
223279,223282,4,3,1
223285,223287,3,2,1
223290,223291,2,1,1
223293,223295,3,1,2
223296,223297,2,1,1
223298,223301,4,3,1
223305,223308,4,3,1
223309,223312,4,3,1
223313,223315,3,2,1
223316,223317,2,1,1
223318,223322,5,4,1
223323,223324,2,1,1
223325,223332,8,4,4
223346,223351,6,3,3
223352,223356,5,1,4
223370,223371,2,1,1
223372,223376,5,4,1
223377,223378,2,1,1
223388,223393,6,5,1
223394,223396,3,2,1
223404,223405,2,1,1
223410,223411,2,1,1
223412,223415,4,3,1
223419,223420,2,1,1
223425,223428,4,3,1
223429,223436,8,6,2
223437,223439,3,2,1
223443,223452,10,4,6
223453,223455,3,2,1
223456,223457,2,1,1
223458,223460,3,1,2
223461,223462,2,1,1
223466,223470,5,3,2
223471,223473,3,2,1
223477,223480,4,2,2
223481,223483,3,1,2
223484,223485,2,1,1
223486,223488,3,2,1
223489,223490,2,1,1
223501,223502,2,1,1
223503,223505,3,2,1
223512,223516,5,3,2
223520,223525,6,5,1
223526,223530,5,4,1
223531,223532,2,1,1
223533,223540,8,4,4
223541,223544,4,1,3
223545,223547,3,2,1
223548,223549,2,1,1
223553,223558,6,4,2
223559,223561,3,1,2
223562,223564,3,2,1
223565,223570,6,4,2
223571,223573,3,1,2
223577,223579,3,2,1
223580,223582,3,1,2
223588,223598,11,6,5
223600,223601,2,1,1
223605,223606,2,1,1
223617,223619,3,2,1
223620,223621,2,1,1
223622,223623,2,1,1
223624,223627,4,3,1
223628,223630,3,2,1
223632,223634,3,1,2
223640,223643,4,3,1
223644,223645,2,1,1
223660,223665,6,5,1
223669,223673,5,1,4
223674,223676,3,1,2
223677,223679,3,2,1
223680,223683,4,1,3
223684,223685,2,1,1
223686,223687,2,1,1
223688,223690,3,1,2
223692,223695,4,1,3
223696,223697,2,1,1
223698,223701,4,3,1
223702,223705,4,2,2
223706,223709,4,3,1
223710,223714,5,2,3
223722,223726,5,2,3
223727,223728,2,1,1
223729,223733,5,4,1
223734,223736,3,1,2
223737,223742,6,5,1
223743,223746,4,2,2
223756,223761,6,5,1
223763,223764,2,1,1
223765,223766,2,1,1
223767,223771,5,3,2
223781,223782,2,1,1
223783,223788,6,5,1
223789,223791,3,2,1
223798,223806,9,7,2
223809,223813,5,3,2
223814,223816,3,2,1
223817,223818,2,1,1
223819,223824,6,2,4
223825,223828,4,3,1
223829,223835,7,5,2
223836,223839,4,3,1
223842,223845,4,2,2
223846,223848,3,2,1
223853,223854,2,1,1
223855,223861,7,5,2
223862,223863,2,1,1
223864,223868,5,4,1
223869,223874,6,4,2
223879,223880,2,1,1
223881,223884,4,2,2
223888,223890,3,2,1
223892,223898,7,5,2
223899,223903,5,3,2
223906,223909,4,3,1
223910,223911,2,1,1
223916,223921,6,5,1
223922,223929,8,7,1
223938,223940,3,2,1
223941,223949,9,7,2
223957,223962,6,5,1
223965,223967,3,2,1
223968,223972,5,4,1
223979,223982,4,2,2
223986,223989,4,2,2
223990,223991,2,1,1
223993,223994,2,1,1
223999,224003,5,4,1
224004,224005,2,1,1
224010,224014,5,4,1
224015,224016,2,1,1
224025,224027,3,1,2
224028,224029,2,1,1
224030,224034,5,4,1
224036,224041,6,2,4
224042,224043,2,1,1
224044,224047,4,1,3
224048,224058,11,8,3
224060,224062,3,2,1
224063,224065,3,2,1
224066,224067,2,1,1
224068,224072,5,2,3
224073,224077,5,1,4
224080,224083,4,3,1
224084,224090,7,4,3
224091,224095,5,3,2
224096,224097,2,1,1
224098,224100,3,2,1
224104,224105,2,1,1
224106,224110,5,2,3
224116,224118,3,2,1
224119,224120,2,1,1
224121,224124,4,2,2
224131,224133,3,1,2
224144,224145,2,1,1
224147,224152,6,5,1
224153,224157,5,4,1
224161,224162,2,1,1
224165,224168,4,3,1
224169,224175,7,5,2
224176,224182,7,6,1
224185,224188,4,3,1
224192,224194,3,1,2
224195,224197,3,1,2
224198,224199,2,1,1
224200,224206,7,6,1
224211,224214,4,3,1
224215,224217,3,2,1
224218,224225,8,3,5
224228,224231,4,3,1
224232,224234,3,2,1
224243,224246,4,2,2
224247,224249,3,1,2
224251,224256,6,4,2
224257,224259,3,1,2
224260,224263,4,1,3
224264,224265,2,1,1
224266,224271,6,4,2
224279,224283,5,4,1
224284,224286,3,1,2
224287,224293,7,6,1
224294,224297,4,2,2
224298,224299,2,1,1
224300,224303,4,2,2
224311,224313,3,2,1
224314,224321,8,7,1
224322,224324,3,1,2
224325,224329,5,4,1
224330,224334,5,4,1
224335,224336,2,1,1
224342,224343,2,1,1
224344,224353,10,8,2
224354,224356,3,1,2
224357,224358,2,1,1
224359,224363,5,4,1
224364,224365,2,1,1
224368,224372,5,4,1
224373,224374,2,1,1
224375,224378,4,2,2
224379,224383,5,4,1
224384,224385,2,1,1
224386,224391,6,2,4
224392,224397,6,4,2
224398,224401,4,3,1
224402,224406,5,3,2
224407,224413,7,5,2
224421,224422,2,1,1
224423,224426,4,3,1
224427,224428,2,1,1
224429,224440,12,8,4
224441,224445,5,3,2
224450,224453,4,3,1
224454,224455,2,1,1
224456,224460,5,4,1
224461,224465,5,2,3
224466,224468,3,2,1
224479,224482,4,1,3
224483,224492,10,9,1
224499,224504,6,4,2
224505,224509,5,4,1
224510,224511,2,1,1
224512,224513,2,1,1
224514,224521,8,7,1
224522,224524,3,1,2
224525,224527,3,2,1
224528,224530,3,2,1
224540,224546,7,1,6
224554,224556,3,1,2
224559,224560,2,1,1
224564,224565,2,1,1
224571,224576,6,1,5
224578,224579,2,1,1
224582,224584,3,1,2
224589,224591,3,1,2
224592,224600,9,1,8
224605,224609,5,1,4
224617,224619,3,1,2
224622,224623,2,1,1
224633,224635,3,1,2
224640,224641,2,1,1
224642,224645,4,1,3
224654,224656,3,1,2
224666,224668,3,2,1
224669,224674,6,1,5
224684,224686,3,1,2
224724,224726,3,1,2
224733,224735,3,1,2
224745,224746,2,1,1
224748,224754,7,1,6
224769,224771,3,1,2
224772,224774,3,1,2
224788,224789,2,1,1
224806,224808,3,1,2
224809,224814,6,1,5
224825,224827,3,2,1
224829,224830,2,1,1
224848,224849,2,1,1
224868,224874,7,2,5
224901,224902,2,1,1
224918,224920,3,1,2
224924,224926,3,1,2
224930,224936,7,2,5
224937,224939,3,2,1
224948,224949,2,1,1
224954,224956,3,1,2
224973,224974,2,1,1
225011,225014,4,1,3
225081,225085,5,2,3
225094,225097,4,2,2
225105,225109,5,1,4
225114,225116,3,1,2
225117,225118,2,1,1
225201,225202,2,1,1
225223,225224,2,1,1
225231,225233,3,1,2
225236,225237,2,1,1
225247,225248,2,1,1
225271,225273,3,1,2
225274,225278,5,1,4
225292,225294,3,2,1
225306,225308,3,2,1
225316,225321,6,1,5
225338,225343,6,1,5
225350,225351,2,1,1
225367,225369,3,2,1
225371,225372,2,1,1
225373,225375,3,1,2
225379,225380,2,1,1
225394,225396,3,1,2
225427,225431,5,1,4
225483,225484,2,1,1
225514,225516,3,1,2
225540,225541,2,1,1
225544,225545,2,1,1
225557,225558,2,1,1
225584,225585,2,1,1
225596,225598,3,2,1
225650,225651,2,1,1
225652,225653,2,1,1
225654,225656,3,1,2
225662,225663,2,1,1
225671,225672,2,1,1
225794,225796,3,1,2
225803,225804,2,1,1
225810,225812,3,1,2
225826,225827,2,1,1
225828,225830,3,2,1
225847,225848,2,1,1
225856,225858,3,1,2
225859,225861,3,1,2
225888,225891,4,1,3
225899,225901,3,2,1
225913,225914,2,1,1
225970,225971,2,1,1
225978,225980,3,1,2
226005,226006,2,1,1
226017,226018,2,1,1
226074,226075,2,1,1
226082,226083,2,1,1
226084,226086,3,2,1
226105,226109,5,1,4
226139,226140,2,1,1
226170,226171,2,1,1
226172,226174,3,2,1
226176,226177,2,1,1
226186,226189,4,1,3
226235,226236,2,1,1
226271,226273,3,1,2
226277,226278,2,1,1
226333,226335,3,2,1
226362,226364,3,1,2
226371,226372,2,1,1
226395,226396,2,1,1
226415,226417,3,1,2
226427,226428,2,1,1
226446,226447,2,1,1
226451,226452,2,1,1
226496,226497,2,1,1
226523,226525,3,2,1
226542,226543,2,1,1
226557,226559,3,2,1
226562,226563,2,1,1
226605,226607,3,1,2
226611,226613,3,2,1
226615,226618,4,2,2
226660,226665,6,1,5
226710,226713,4,1,3
226715,226720,6,1,5
226857,226858,2,1,1
226899,226900,2,1,1
226916,226917,2,1,1
226937,226939,3,1,2
226972,226973,2,1,1
226993,226996,4,1,3
227009,227010,2,1,1
227050,227051,2,1,1
227088,227089,2,1,1
227102,227103,2,1,1
227122,227124,3,1,2
227164,227169,6,1,5
227176,227177,2,1,1
227185,227186,2,1,1
227228,227229,2,1,1
227244,227245,2,1,1
227308,227309,2,1,1
227319,227320,2,1,1
227344,227347,4,2,2
227387,227388,2,1,1
227437,227439,3,1,2
227441,227443,3,1,2
227485,227486,2,1,1
227502,227504,3,1,2
227534,227536,3,2,1
227539,227540,2,1,1
227571,227572,2,1,1
227652,227653,2,1,1
227740,227741,2,1,1
227742,227744,3,1,2
227754,227755,2,1,1
227794,227795,2,1,1
227796,227799,4,1,3
227808,227809,2,1,1
227820,227825,6,3,3
227828,227829,2,1,1
227868,227869,2,1,1
227901,227902,2,1,1
227934,227936,3,1,2
228022,228023,2,1,1
228024,228025,2,1,1
228095,228096,2,1,1
228121,228122,2,1,1
228126,228128,3,2,1
228232,228233,2,1,1
228235,228236,2,1,1
228254,228255,2,1,1
228286,228287,2,1,1
228311,228313,3,2,1
228314,228315,2,1,1
228322,228323,2,1,1
228522,228523,2,1,1
228593,228596,4,2,2
228604,228605,2,1,1
228617,228618,2,1,1
228636,228637,2,1,1
228638,228639,2,1,1
228661,228662,2,1,1
228678,228679,2,1,1
228703,228704,2,1,1
228731,228732,2,1,1
228739,228740,2,1,1
228776,228777,2,1,1
228825,228827,3,1,2
228851,228852,2,1,1
228950,228954,5,1,4
228957,228958,2,1,1
228961,228962,2,1,1
228971,228974,4,1,3
229039,229041,3,2,1
229101,229102,2,1,1
229119,229120,2,1,1
229139,229140,2,1,1
229141,229142,2,1,1
229144,229145,2,1,1
229146,229150,5,1,4
229236,229237,2,1,1
229239,229240,2,1,1
229357,229358,2,1,1
229370,229371,2,1,1
229379,229382,4,1,3
229393,229394,2,1,1
229403,229404,2,1,1
229496,229498,3,1,2
229524,229525,2,1,1
229582,229583,2,1,1
229616,229618,3,2,1
229619,229620,2,1,1
229630,229631,2,1,1
229632,229633,2,1,1
229650,229652,3,1,2
229718,229719,2,1,1
229727,229728,2,1,1
229745,229746,2,1,1
229750,229755,6,1,5
229777,229779,3,1,2
229786,229787,2,1,1
229836,229838,3,1,2
229854,229855,2,1,1
229865,229866,2,1,1
229869,229871,3,1,2
229920,229923,4,2,2
229990,229991,2,1,1
230014,230016,3,1,2
230045,230046,2,1,1
230063,230064,2,1,1
230095,230096,2,1,1
230153,230154,2,1,1
230283,230284,2,1,1
230300,230301,2,1,1
230328,230329,2,1,1
230351,230352,2,1,1
230359,230360,2,1,1
230365,230369,5,1,4
230383,230384,2,1,1
230398,230400,3,1,2
230457,230459,3,2,1
230472,230474,3,1,2
230494,230499,6,1,5
230522,230524,3,1,2
230561,230562,2,1,1
230576,230577,2,1,1
230673,230674,2,1,1
230761,230763,3,1,2
230810,230812,3,1,2
230897,230900,4,1,3
230912,230913,2,1,1
230917,230918,2,1,1
230942,230943,2,1,1
231016,231017,2,1,1
231098,231099,2,1,1
231101,231103,3,1,2
231199,231200,2,1,1
231213,231215,3,1,2
231217,231218,2,1,1
231289,231290,2,1,1
231318,231319,2,1,1
231352,231353,2,1,1
231406,231407,2,1,1
231420,231421,2,1,1
231441,231443,3,1,2
231566,231567,2,1,1
231624,231625,2,1,1
231666,231668,3,2,1
231729,231730,2,1,1
231741,231742,2,1,1
231794,231795,2,1,1
231827,231828,2,1,1
231850,231851,2,1,1
231892,231893,2,1,1
231898,231901,4,1,3
231937,231939,3,1,2
232072,232073,2,1,1
232086,232089,4,3,1
232181,232182,2,1,1
232228,232231,4,3,1
232304,232305,2,1,1
232320,232322,3,1,2
232389,232390,2,1,1
232477,232478,2,1,1
232576,232577,2,1,1
232610,232611,2,1,1
232638,232639,2,1,1
232642,232643,2,1,1
232719,232723,5,1,4
232730,232731,2,1,1
232774,232775,2,1,1
232828,232829,2,1,1
232865,232867,3,1,2
232911,232912,2,1,1
232917,232918,2,1,1
232948,232949,2,1,1
232970,232972,3,2,1
233010,233011,2,1,1
233033,233035,3,2,1
233143,233150,8,5,3
233168,233169,2,1,1
233278,233280,3,1,2
233281,233282,2,1,1
233283,233284,2,1,1
233285,233287,3,1,2
233294,233296,3,1,2
233302,233304,3,2,1
233305,233307,3,1,2
233314,233318,5,1,4
233319,233321,3,2,1
233324,233327,4,3,1
233328,233334,7,1,6
233335,233336,2,1,1
233337,233339,3,2,1
233344,233346,3,1,2
233353,233355,3,1,2
233362,233368,7,1,6
233374,233377,4,1,3
233378,233381,4,2,2
233382,233383,2,1,1
233387,233388,2,1,1
233389,233391,3,2,1
233401,233402,2,1,1
233403,233408,6,3,3
233409,233414,6,2,4
233415,233419,5,1,4
233444,233447,4,3,1
233451,233455,5,1,4
233462,233467,6,4,2
233483,233484,2,1,1
233488,233489,2,1,1
233493,233496,4,3,1
233506,233509,4,2,2
233510,233515,6,2,4
233521,233526,6,1,5
233527,233528,2,1,1
233531,233534,4,1,3
233535,233539,5,1,4
233549,233551,3,2,1
233553,233556,4,1,3
233557,233558,2,1,1
233559,233562,4,1,3
233563,233566,4,2,2
233567,233568,2,1,1
233573,233576,4,1,3
233577,233581,5,1,4
233588,233589,2,1,1
233600,233602,3,1,2
233604,233608,5,3,2
233609,233611,3,1,2
233612,233617,6,3,3
233620,233621,2,1,1
233624,233626,3,1,2
233630,233631,2,1,1
233632,233633,2,1,1
233634,233639,6,1,5
233640,233644,5,3,2
233645,233649,5,3,2
233650,233651,2,1,1
233652,233655,4,2,2
233656,233660,5,4,1
233666,233670,5,3,2
233671,233672,2,1,1
233673,233675,3,1,2
233677,233683,7,2,5
233692,233693,2,1,1
233701,233705,5,3,2
233706,233709,4,1,3
233710,233711,2,1,1
233712,233714,3,2,1
233718,233721,4,1,3
233722,233723,2,1,1
233728,233730,3,1,2
233731,233734,4,3,1
233740,233742,3,1,2
233746,233747,2,1,1
233748,233749,2,1,1
233750,233752,3,2,1
233753,233755,3,2,1
233760,233764,5,1,4
233766,233767,2,1,1
233770,233772,3,2,1
233778,233781,4,3,1
233782,233785,4,2,2
233803,233807,5,2,3
233811,233813,3,1,2
233817,233819,3,2,1
233827,233828,2,1,1
233833,233836,4,1,3
233837,233839,3,2,1
233840,233841,2,1,1
233842,233843,2,1,1
233847,233850,4,2,2
233851,233858,8,2,6
233862,233864,3,2,1
233865,233866,2,1,1
233867,233869,3,1,2
233870,233871,2,1,1
233872,233874,3,1,2
233875,233880,6,4,2
233881,233883,3,1,2
233884,233886,3,1,2
233889,233893,5,2,3
233897,233903,7,1,6
233904,233905,2,1,1
233910,233912,3,2,1
233918,233921,4,1,3
233922,233924,3,1,2
233925,233927,3,1,2
233937,233940,4,2,2
233941,233943,3,1,2
233954,233956,3,2,1
233961,233963,3,1,2
233964,233968,5,3,2
233973,233977,5,2,3
233978,233979,2,1,1
233990,233994,5,1,4
233995,233997,3,2,1
234007,234010,4,2,2
234013,234017,5,1,4
234030,234031,2,1,1
234042,234045,4,3,1
234046,234049,4,3,1
234050,234051,2,1,1
234052,234053,2,1,1
234065,234070,6,1,5
234071,234077,7,1,6
234078,234080,3,1,2
234085,234089,5,2,3
234090,234092,3,1,2
234096,234097,2,1,1
234098,234100,3,2,1
234101,234105,5,1,4
234110,234115,6,1,5
234119,234120,2,1,1
234134,234135,2,1,1
234136,234137,2,1,1
234138,234139,2,1,1
234147,234148,2,1,1
234150,234151,2,1,1
234155,234157,3,1,2
234158,234159,2,1,1
234164,234165,2,1,1
234171,234175,5,3,2
234190,234191,2,1,1
234198,234202,5,1,4
234209,234215,7,1,6
234216,234217,2,1,1
234218,234219,2,1,1
234220,234223,4,3,1
234224,234227,4,1,3
234228,234229,2,1,1
234234,234237,4,1,3
234238,234239,2,1,1
234240,234241,2,1,1
234246,234250,5,3,2
234251,234252,2,1,1
234256,234260,5,1,4
234263,234265,3,2,1
234270,234272,3,1,2
234273,234274,2,1,1
234276,234277,2,1,1
234278,234279,2,1,1
234280,234283,4,3,1
234302,234303,2,1,1
234304,234306,3,2,1
234307,234308,2,1,1
234309,234310,2,1,1
234322,234324,3,1,2
234339,234344,6,1,5
234349,234351,3,1,2
234368,234369,2,1,1
234370,234372,3,1,2
234378,234381,4,2,2
234382,234383,2,1,1
234390,234392,3,1,2
234394,234395,2,1,1
234400,234404,5,3,2
234407,234409,3,1,2
234433,234441,9,1,8
234444,234446,3,1,2
234451,234454,4,1,3
234460,234465,6,1,5
234466,234467,2,1,1
234468,234470,3,1,2
234477,234479,3,2,1
234480,234481,2,1,1
234482,234484,3,2,1
234485,234490,6,2,4
234499,234501,3,1,2
234511,234514,4,1,3
234515,234516,2,1,1
234517,234520,4,1,3
234521,234522,2,1,1
234525,234528,4,2,2
234529,234534,6,1,5
234540,234543,4,2,2
234544,234550,7,2,5
234556,234557,2,1,1
234558,234559,2,1,1
234569,234570,2,1,1
234571,234572,2,1,1
234573,234577,5,3,2
234578,234581,4,1,3
234586,234587,2,1,1
234588,234589,2,1,1
234590,234591,2,1,1
234592,234594,3,1,2
234599,234605,7,3,4
234606,234614,9,1,8
234619,234620,2,1,1
234623,234624,2,1,1
234625,234627,3,1,2
234630,234634,5,1,4
234636,234637,2,1,1
234642,234644,3,1,2
234650,234658,9,1,8
234666,234667,2,1,1
234671,234673,3,1,2
234688,234691,4,1,3
234706,234707,2,1,1
234712,234714,3,1,2
234718,234719,2,1,1
234735,234739,5,1,4
234740,234742,3,1,2
234743,234747,5,2,3
234748,234750,3,1,2
234754,234755,2,1,1
234756,234760,5,4,1
234762,234764,3,1,2
234766,234768,3,1,2
234772,234778,7,1,6
234779,234789,11,6,5
234794,234799,6,1,5
234800,234803,4,2,2
234804,234805,2,1,1
234806,234808,3,1,2
234809,234812,4,3,1
234819,234820,2,1,1
234821,234822,2,1,1
234834,234839,6,5,1
234841,234843,3,1,2
234844,234846,3,2,1
234847,234849,3,1,2
234851,234852,2,1,1
234856,234857,2,1,1
234858,234861,4,3,1
234862,234864,3,1,2
234865,234866,2,1,1
234872,234873,2,1,1
234903,234905,3,1,2
234910,234917,8,1,7
234918,234920,3,2,1
234924,234925,2,1,1
234937,234938,2,1,1
234945,234946,2,1,1
234953,234954,2,1,1
234955,234956,2,1,1
234958,234964,7,3,4
234972,234974,3,1,2
234975,234978,4,1,3
234979,234980,2,1,1
234984,234989,6,2,4
234990,234993,4,1,3
234994,234995,2,1,1
234999,235000,2,1,1
235008,235009,2,1,1
235012,235014,3,1,2
235027,235030,4,1,3
235031,235032,2,1,1
235035,235037,3,1,2
235043,235046,4,3,1
235047,235050,4,1,3
235053,235057,5,2,3
235063,235064,2,1,1
235068,235069,2,1,1
235077,235080,4,1,3
235081,235086,6,1,5
235087,235091,5,1,4
235092,235094,3,1,2
235107,235108,2,1,1
235112,235113,2,1,1
235114,235115,2,1,1
235121,235122,2,1,1
235125,235126,2,1,1
235128,235131,4,1,3
235135,235136,2,1,1
235138,235140,3,2,1
235144,235149,6,4,2
235156,235161,6,4,2
235179,235182,4,1,3
235183,235186,4,1,3
235195,235196,2,1,1
235197,235198,2,1,1
235199,235202,4,2,2
235204,235206,3,1,2
235215,235217,3,1,2
235230,235231,2,1,1
235232,235233,2,1,1
235236,235238,3,1,2
235245,235248,4,1,3
235277,235281,5,3,2
235284,235285,2,1,1
235295,235296,2,1,1
235303,235305,3,1,2
235343,235345,3,1,2
235348,235349,2,1,1
235357,235362,6,5,1
235387,235388,2,1,1
235391,235393,3,1,2
235396,235397,2,1,1
235398,235402,5,2,3
235421,235425,5,2,3
235426,235427,2,1,1
235431,235435,5,4,1
235439,235440,2,1,1
235441,235443,3,1,2
235447,235452,6,3,3
235459,235460,2,1,1
235461,235463,3,1,2
235464,235466,3,1,2
235467,235468,2,1,1
235483,235484,2,1,1
235492,235493,2,1,1
235494,235496,3,1,2
235500,235502,3,1,2
235506,235508,3,2,1
235510,235511,2,1,1
235512,235514,3,1,2
235515,235517,3,2,1
235518,235523,6,3,3
235528,235529,2,1,1
235530,235531,2,1,1
235560,235567,8,1,7
235568,235571,4,1,3
235585,235595,11,1,10
235604,235605,2,1,1
235606,235607,2,1,1
235608,235611,4,2,2
235612,235613,2,1,1
235617,235623,7,4,3
235624,235625,2,1,1
235637,235639,3,1,2
235653,235654,2,1,1
235661,235663,3,1,2
235680,235681,2,1,1
235684,235688,5,2,3
235689,235690,2,1,1
235691,235692,2,1,1
235693,235695,3,2,1
235709,235712,4,2,2
235713,235714,2,1,1
235715,235720,6,1,5
235725,235726,2,1,1
235729,235733,5,1,4
235737,235740,4,1,3
235741,235742,2,1,1
235746,235749,4,1,3
235750,235752,3,2,1
235759,235761,3,2,1
235765,235766,2,1,1
235768,235769,2,1,1
235770,235772,3,1,2
235773,235775,3,1,2
235776,235777,2,1,1
235778,235781,4,2,2
235782,235783,2,1,1
235786,235787,2,1,1
235789,235790,2,1,1
235792,235794,3,1,2
235808,235813,6,5,1
235816,235825,10,6,4
235872,235877,6,3,3
235878,235880,3,2,1
235899,235900,2,1,1
235901,235902,2,1,1
235925,235926,2,1,1
235930,235931,2,1,1
235932,235936,5,2,3
235939,235942,4,1,3
235946,235947,2,1,1
235949,235952,4,1,3
235959,235961,3,1,2
235962,235963,2,1,1
235974,235975,2,1,1
235980,235981,2,1,1
235985,235986,2,1,1
235993,235996,4,3,1
235999,236001,3,1,2
236006,236010,5,1,4
236011,236012,2,1,1
236014,236016,3,2,1
236021,236025,5,2,3
236027,236031,5,1,4
236037,236039,3,2,1
236042,236046,5,3,2
236069,236070,2,1,1
236076,236077,2,1,1
236078,236080,3,1,2
236081,236084,4,1,3
236092,236093,2,1,1
236095,236096,2,1,1
236107,236110,4,1,3
236111,236113,3,1,2
236126,236127,2,1,1
236131,236132,2,1,1
236146,236148,3,1,2
236153,236159,7,1,6
236170,236176,7,1,6
236178,236181,4,2,2
236187,236191,5,3,2
236216,236218,3,2,1
236221,236222,2,1,1
236226,236229,4,3,1
236245,236247,3,2,1
236250,236251,2,1,1
236258,236259,2,1,1
236262,236267,6,1,5
236272,236273,2,1,1
236278,236281,4,1,3
236284,236285,2,1,1
236290,236291,2,1,1
236292,236293,2,1,1
236295,236296,2,1,1
236298,236299,2,1,1
236318,236320,3,1,2
236332,236336,5,1,4
236347,236348,2,1,1
236350,236351,2,1,1
236352,236355,4,1,3
236358,236361,4,1,3
236365,236367,3,1,2
236368,236372,5,2,3
236373,236378,6,2,4
236379,236380,2,1,1
236383,236384,2,1,1
236396,236399,4,1,3
236400,236401,2,1,1
236402,236404,3,2,1
236412,236415,4,2,2
236416,236417,2,1,1
236438,236441,4,2,2
236447,236449,3,2,1
236453,236454,2,1,1
236461,236464,4,2,2
236465,236467,3,1,2
236483,236485,3,2,1
236493,236497,5,2,3
236498,236499,2,1,1
236516,236518,3,1,2
236524,236527,4,1,3
236528,236530,3,1,2
236536,236537,2,1,1
236581,236584,4,1,3
236587,236589,3,1,2
236590,236592,3,1,2
236613,236615,3,1,2
236617,236620,4,1,3
236621,236622,2,1,1
236644,236646,3,1,2
236651,236653,3,1,2
236656,236657,2,1,1
236661,236664,4,1,3
236679,236682,4,2,2
236683,236687,5,2,3
236716,236718,3,2,1
236723,236725,3,1,2
236738,236739,2,1,1
236740,236743,4,2,2
236755,236757,3,1,2
236765,236770,6,2,4
236776,236777,2,1,1
236778,236779,2,1,1
236780,236781,2,1,1
236785,236787,3,1,2
236792,236796,5,2,3
236797,236798,2,1,1
236807,236809,3,1,2
236816,236818,3,2,1
236831,236832,2,1,1
236834,236837,4,1,3
236849,236853,5,1,4
236858,236861,4,3,1
236890,236891,2,1,1
236896,236901,6,2,4
236902,236905,4,1,3
236906,236907,2,1,1
236912,236914,3,2,1
236915,236917,3,1,2
236922,236925,4,1,3
236926,236927,2,1,1
236937,236942,6,1,5
236966,236970,5,4,1
236974,236977,4,1,3
236994,236995,2,1,1
237002,237004,3,1,2
237019,237022,4,1,3
237023,237024,2,1,1
237033,237035,3,1,2
237036,237038,3,2,1
237048,237051,4,2,2
237066,237067,2,1,1
237080,237086,7,1,6
237089,237090,2,1,1
237091,237092,2,1,1
237093,237096,4,3,1
237099,237102,4,2,2
237109,237114,6,2,4
237119,237122,4,1,3
237125,237129,5,1,4
237130,237132,3,2,1
237133,237137,5,1,4
237145,237147,3,1,2
237148,237152,5,2,3
237165,237166,2,1,1
237172,237175,4,2,2
237176,237181,6,1,5
237185,237189,5,1,4
237195,237196,2,1,1
237200,237202,3,1,2
237203,237205,3,1,2
237209,237213,5,2,3
237218,237219,2,1,1
237228,237230,3,2,1
237234,237235,2,1,1
237253,237257,5,1,4
237268,237270,3,1,2
237271,237276,6,1,5
237279,237284,6,1,5
237287,237288,2,1,1
237289,237291,3,1,2
237298,237299,2,1,1
237318,237321,4,1,3
237326,237329,4,1,3
237337,237340,4,3,1
237350,237353,4,1,3
237360,237362,3,2,1
237374,237377,4,1,3
237381,237382,2,1,1
237390,237392,3,2,1
237393,237395,3,2,1
237406,237410,5,1,4
237429,237431,3,1,2
237436,237437,2,1,1
237446,237448,3,1,2
237452,237456,5,4,1
237457,237460,4,1,3
237461,237462,2,1,1
237463,237467,5,1,4
237475,237479,5,2,3
237483,237484,2,1,1
237492,237493,2,1,1
237495,237496,2,1,1
237497,237500,4,3,1
237507,237509,3,1,2
237511,237512,2,1,1
237523,237524,2,1,1
237525,237527,3,1,2
237530,237531,2,1,1
237541,237542,2,1,1
237549,237551,3,1,2
237553,237555,3,1,2
237556,237557,2,1,1
237558,237560,3,1,2
237567,237568,2,1,1
237571,237573,3,1,2
237576,237577,2,1,1
237581,237582,2,1,1
237588,237590,3,1,2
237605,237607,3,1,2
237608,237616,9,4,5
237621,237622,2,1,1
237625,237628,4,1,3
237629,237630,2,1,1
237661,237664,4,3,1
237669,237671,3,1,2
237678,237681,4,1,3
237687,237688,2,1,1
237689,237690,2,1,1
237692,237694,3,1,2
237697,237699,3,2,1
237700,237702,3,1,2
237715,237717,3,1,2
237740,237741,2,1,1
237743,237745,3,1,2
237757,237759,3,1,2
237790,237793,4,1,3
237794,237796,3,2,1
237809,237810,2,1,1
237826,237829,4,3,1
237833,237836,4,1,3
237837,237842,6,1,5
237849,237863,15,2,13
237885,237888,4,3,1
237889,237890,2,1,1
237891,237892,2,1,1
237900,237902,3,1,2
237905,237906,2,1,1
237909,237911,3,1,2
237921,237922,2,1,1
237927,237928,2,1,1
237931,237932,2,1,1
237969,237970,2,1,1
237971,237973,3,1,2
237976,237978,3,1,2
237991,237994,4,1,3
237995,237997,3,2,1
237998,237999,2,1,1
238012,238013,2,1,1
238027,238030,4,1,3
238036,238041,6,2,4
238046,238049,4,1,3
238053,238054,2,1,1
238055,238057,3,2,1
238059,238063,5,1,4
238080,238084,5,1,4
238085,238092,8,2,6
238093,238094,2,1,1
238109,238110,2,1,1
238111,238113,3,1,2
238116,238119,4,2,2
238123,238125,3,1,2
238154,238157,4,1,3
238158,238160,3,2,1
238183,238184,2,1,1
238185,238186,2,1,1
238191,238193,3,1,2
238202,238204,3,1,2
238208,238210,3,2,1
238217,238221,5,1,4
238224,238226,3,1,2
238228,238232,5,1,4
238233,238234,2,1,1
238235,238237,3,1,2
238239,238241,3,2,1
238254,238255,2,1,1
238263,238266,4,1,3
238269,238270,2,1,1
238280,238283,4,1,3
238291,238293,3,2,1
238294,238295,2,1,1
238303,238304,2,1,1
238305,238307,3,2,1
238308,238311,4,1,3
238319,238332,14,1,13
238342,238343,2,1,1
238348,238352,5,3,2
238367,238371,5,1,4
238376,238377,2,1,1
238379,238380,2,1,1
238381,238388,8,1,7
238391,238392,2,1,1
238405,238406,2,1,1
238423,238431,9,1,8
238432,238434,3,1,2
238446,238447,2,1,1
238448,238450,3,1,2
238457,238458,2,1,1
238469,238470,2,1,1
238482,238484,3,2,1
238505,238507,3,2,1
238511,238514,4,3,1
238517,238518,2,1,1
238527,238528,2,1,1
238529,238532,4,1,3
238533,238537,5,2,3
238538,238541,4,1,3
238543,238546,4,1,3
238547,238550,4,3,1
238551,238552,2,1,1
238553,238557,5,1,4
238559,238561,3,1,2
238573,238576,4,1,3
238603,238605,3,2,1
238606,238610,5,2,3
238611,238614,4,1,3
238618,238619,2,1,1
238621,238623,3,1,2
238624,238626,3,1,2
238630,238634,5,1,4
238636,238637,2,1,1
238648,238649,2,1,1
238650,238651,2,1,1
238653,238657,5,3,2
238663,238664,2,1,1
238675,238676,2,1,1
238677,238681,5,2,3
238684,238685,2,1,1
238686,238687,2,1,1
238694,238697,4,1,3
238703,238708,6,5,1
238709,238711,3,2,1
238715,238717,3,1,2
238719,238721,3,1,2
238726,238727,2,1,1
238762,238766,5,2,3
238767,238768,2,1,1
238770,238772,3,2,1
238780,238784,5,2,3
238785,238788,4,1,3
238794,238796,3,1,2
238797,238799,3,2,1
238800,238802,3,2,1
238804,238805,2,1,1
238806,238808,3,2,1
238815,238816,2,1,1
238829,238831,3,1,2
238839,238840,2,1,1
238841,238842,2,1,1
238843,238846,4,3,1
238847,238849,3,1,2
238855,238857,3,1,2
238880,238881,2,1,1
238907,238908,2,1,1
238940,238941,2,1,1
238942,238946,5,2,3
238953,238956,4,1,3
238963,238965,3,2,1
238966,238973,8,1,7
238982,238984,3,1,2
238987,238989,3,2,1
238991,238997,7,3,4
239000,239006,7,4,3
239007,239008,2,1,1
239009,239012,4,1,3
239015,239016,2,1,1
239023,239026,4,1,3
239027,239028,2,1,1
239031,239033,3,2,1
239036,239037,2,1,1
239040,239046,7,1,6
239047,239049,3,1,2
239057,239059,3,1,2
239060,239062,3,2,1
239064,239066,3,2,1
239069,239072,4,3,1
239077,239078,2,1,1
239079,239085,7,1,6
239104,239107,4,2,2
239119,239120,2,1,1
239121,239123,3,1,2
239127,239129,3,1,2
239143,239145,3,1,2
239146,239149,4,1,3
239168,239170,3,2,1
239173,239175,3,2,1
239176,239177,2,1,1
239204,239206,3,1,2
239212,239214,3,2,1
239236,239237,2,1,1
239243,239246,4,3,1
239247,239249,3,1,2
239255,239258,4,2,2
239261,239262,2,1,1
239265,239269,5,4,1
239272,239274,3,2,1
239275,239276,2,1,1
239280,239284,5,2,3
239297,239298,2,1,1
239299,239301,3,1,2
239304,239305,2,1,1
239306,239307,2,1,1
239308,239309,2,1,1
239310,239311,2,1,1
239312,239314,3,1,2
239315,239316,2,1,1
239321,239326,6,3,3
239332,239333,2,1,1
239336,239339,4,2,2
239343,239344,2,1,1
239363,239365,3,2,1
239378,239383,6,4,2
239398,239399,2,1,1
239404,239407,4,1,3
239412,239418,7,3,4
239443,239448,6,2,4
239466,239467,2,1,1
239473,239475,3,1,2
239476,239478,3,1,2
239482,239485,4,1,3
239488,239490,3,1,2
239509,239510,2,1,1
239515,239520,6,3,3
239525,239526,2,1,1
239527,239529,3,1,2
239533,239536,4,1,3
239544,239546,3,1,2
239547,239548,2,1,1
239560,239561,2,1,1
239564,239577,14,1,13
239585,239596,12,2,10
239597,239599,3,1,2
239611,239614,4,1,3
239618,239625,8,2,6
239646,239652,7,1,6
239653,239654,2,1,1
239671,239674,4,1,3
239675,239677,3,1,2
239679,239681,3,1,2
239682,239683,2,1,1
239684,239685,2,1,1
239686,239689,4,2,2
239692,239695,4,3,1
239696,239697,2,1,1
239704,239707,4,1,3
239708,239712,5,3,2
239713,239714,2,1,1
239715,239716,2,1,1
239722,239723,2,1,1
239732,239733,2,1,1
239734,239736,3,1,2
239737,239739,3,1,2
239740,239742,3,2,1
239746,239750,5,2,3
239751,239754,4,3,1
239755,239758,4,2,2
239759,239760,2,1,1
239761,239771,11,1,10
239772,239775,4,1,3
239779,239780,2,1,1
239786,239790,5,2,3
239792,239793,2,1,1
239798,239799,2,1,1
239800,239801,2,1,1
239802,239804,3,1,2
239823,239824,2,1,1
239825,239827,3,2,1
239831,239832,2,1,1
239850,239852,3,1,2
239862,239864,3,1,2
239891,239894,4,1,3
239902,239905,4,1,3
239909,239911,3,2,1
239914,239918,5,2,3
239923,239926,4,1,3
239928,239931,4,2,2
239954,239956,3,1,2
239961,239963,3,2,1
239969,239971,3,2,1
239974,239977,4,1,3
239986,239987,2,1,1
240027,240030,4,1,3
240039,240047,9,1,8
240080,240082,3,1,2
240085,240086,2,1,1
240105,240107,3,2,1
240108,240109,2,1,1
240110,240112,3,1,2
240114,240115,2,1,1
240116,240118,3,1,2
240119,240120,2,1,1
240121,240122,2,1,1
240123,240125,3,1,2
240138,240140,3,1,2
240141,240143,3,1,2
240144,240145,2,1,1
240165,240168,4,2,2
240169,240175,7,1,6
240177,240179,3,1,2
240186,240188,3,1,2
240193,240195,3,2,1
240197,240208,12,1,11
240253,240255,3,1,2
240258,240261,4,1,3
240262,240264,3,1,2
240286,240291,6,1,5
240302,240305,4,2,2
240306,240308,3,1,2
240334,240336,3,2,1
240350,240351,2,1,1
240353,240355,3,1,2
240356,240362,7,1,6
240363,240364,2,1,1
240370,240372,3,1,2
240373,240374,2,1,1
240380,240389,10,1,9
240442,240443,2,1,1
240444,240445,2,1,1
240447,240448,2,1,1
240477,240479,3,1,2
240486,240487,2,1,1
240538,240541,4,1,3
240542,240545,4,2,2
240546,240549,4,1,3
240550,240551,2,1,1
240552,240556,5,1,4
240562,240566,5,3,2
240567,240569,3,1,2
240570,240571,2,1,1
240572,240579,8,5,3
240580,240583,4,2,2
240584,240585,2,1,1
240605,240607,3,2,1
240618,240619,2,1,1
240620,240621,2,1,1
240649,240650,2,1,1
240656,240658,3,1,2
240666,240677,12,1,11
240684,240685,2,1,1
240692,240693,2,1,1
240701,240703,3,2,1
240706,240708,3,1,2
240710,240712,3,1,2
240713,240715,3,1,2
240716,240718,3,1,2
240719,240720,2,1,1
240721,240722,2,1,1
240724,240725,2,1,1
240727,240729,3,1,2
240732,240734,3,2,1
240736,240738,3,2,1
240744,240745,2,1,1
240746,240747,2,1,1
240766,240767,2,1,1
240775,240781,7,5,2
240782,240783,2,1,1
240786,240787,2,1,1
240788,240790,3,1,2
240791,240799,9,3,6
240800,240809,10,1,9
240810,240812,3,2,1
240813,240815,3,2,1
240816,240818,3,2,1
240828,240831,4,1,3
240840,240842,3,1,2
240847,240848,2,1,1
240853,240859,7,2,5
240877,240879,3,1,2
240880,240881,2,1,1
240882,240884,3,1,2
240887,240888,2,1,1
240889,240892,4,1,3
240893,240898,6,1,5
240917,240918,2,1,1
240919,240920,2,1,1
240931,240934,4,2,2
240935,240936,2,1,1
240954,240955,2,1,1
240956,240957,2,1,1
240967,240972,6,3,3
240973,240978,6,1,5
240981,240987,7,1,6
240993,240994,2,1,1
240995,240999,5,1,4
241001,241004,4,1,3
241009,241014,6,3,3
241017,241022,6,1,5
241023,241029,7,1,6
241035,241036,2,1,1
241037,241041,5,2,3
241053,241059,7,1,6
241060,241062,3,1,2
241075,241076,2,1,1
241085,241091,7,4,3
241092,241094,3,2,1
241095,241096,2,1,1
241097,241100,4,1,3
241101,241102,2,1,1
241105,241108,4,3,1
241113,241117,5,1,4
241118,241135,18,1,17
241136,241139,4,1,3
241140,241143,4,1,3
241145,241146,2,1,1
241147,241148,2,1,1
241155,241169,15,4,11
241170,241171,2,1,1
241203,241205,3,2,1
241208,241221,14,1,13
241226,241228,3,1,2
241239,241240,2,1,1
241244,241249,6,4,2
241250,241251,2,1,1
241252,241253,2,1,1
241258,241259,2,1,1
241265,241267,3,1,2
241268,241271,4,2,2
241273,241277,5,1,4
241278,241279,2,1,1
241280,241281,2,1,1
241287,241289,3,1,2
241296,241302,7,1,6
241309,241311,3,1,2
241329,241330,2,1,1
241349,241352,4,3,1
241357,241358,2,1,1
241359,241361,3,1,2
241389,241391,3,1,2
241401,241402,2,1,1
241433,241437,5,1,4
241442,241444,3,1,2
241447,241454,8,2,6
241465,241466,2,1,1
241467,241470,4,2,2
241479,241486,8,1,7
241487,241488,2,1,1
241496,241498,3,2,1
241503,241505,3,2,1
241506,241510,5,2,3
241515,241517,3,1,2
241518,241521,4,1,3
241522,241523,2,1,1
241530,241540,11,1,10
241541,241542,2,1,1
241547,241551,5,1,4
241578,241579,2,1,1
241589,241592,4,1,3
241593,241599,7,2,5
241605,241608,4,1,3
241609,241613,5,1,4
241632,241638,7,1,6
241643,241648,6,1,5
241672,241676,5,1,4
241683,241686,4,1,3
241694,241697,4,3,1
241698,241700,3,1,2
241709,241712,4,1,3
241719,241724,6,2,4
241728,241731,4,1,3
241734,241735,2,1,1
241736,241737,2,1,1
241738,241739,2,1,1
241760,241767,8,1,7
241773,241774,2,1,1
241775,241783,9,2,7
241791,241794,4,1,3
241798,241799,2,1,1
241800,241803,4,1,3
241804,241806,3,2,1
241814,241815,2,1,1
241820,241824,5,2,3
241826,241832,7,2,5
241836,241838,3,2,1
241839,241841,3,2,1
241850,241853,4,1,3
241854,241859,6,1,5
241870,241872,3,1,2
241873,241874,2,1,1
241878,241881,4,1,3
241882,241884,3,1,2
241904,241909,6,3,3
241931,241932,2,1,1
241933,241936,4,1,3
241942,241943,2,1,1
241944,241948,5,2,3
241962,241964,3,1,2
241966,241968,3,1,2
241982,241984,3,1,2
241999,242000,2,1,1
242029,242033,5,3,2
242057,242058,2,1,1
242059,242060,2,1,1
242061,242065,5,1,4
242075,242076,2,1,1
242090,242092,3,2,1
242099,242100,2,1,1
242103,242106,4,2,2
242114,242115,2,1,1
242122,242123,2,1,1
242124,242129,6,5,1
242130,242132,3,1,2
242136,242139,4,1,3
242140,242141,2,1,1
242149,242150,2,1,1
242151,242153,3,2,1
242154,242158,5,1,4
242159,242161,3,1,2
242164,242166,3,1,2
242172,242174,3,1,2
242181,242183,3,2,1
242188,242189,2,1,1
242194,242195,2,1,1
242208,242209,2,1,1
242220,242222,3,2,1
242223,242227,5,1,4
242231,242235,5,1,4
242254,242257,4,1,3
242261,242263,3,1,2
242264,242267,4,2,2
242268,242271,4,2,2
242274,242276,3,2,1
242277,242283,7,3,4
242284,242287,4,1,3
242297,242298,2,1,1
242303,242304,2,1,1
242305,242306,2,1,1
242307,242309,3,2,1
242312,242313,2,1,1
242323,242324,2,1,1
242325,242327,3,2,1
242328,242330,3,1,2
242331,242333,3,1,2
242334,242335,2,1,1
242336,242340,5,2,3
242342,242344,3,1,2
242345,242348,4,2,2
242349,242350,2,1,1
242351,242352,2,1,1
242353,242356,4,1,3
242357,242362,6,5,1
242363,242364,2,1,1
242371,242373,3,2,1
242374,242375,2,1,1
242383,242385,3,1,2
242388,242389,2,1,1
242393,242398,6,5,1
242399,242403,5,4,1
242404,242407,4,1,3
242408,242411,4,3,1
242415,242417,3,2,1
242418,242419,2,1,1
242420,242423,4,2,2
242424,242427,4,3,1
242428,242431,4,3,1
242432,242436,5,3,2
242437,242438,2,1,1
242439,242442,4,2,2
242446,242449,4,2,2
242460,242461,2,1,1
242462,242469,8,6,2
242470,242478,9,7,2
242483,242486,4,2,2
242487,242493,7,5,2
242494,242496,3,1,2
242499,242500,2,1,1
242502,242505,4,3,1
242506,242509,4,2,2
242514,242515,2,1,1
242516,242517,2,1,1
242518,242519,2,1,1
242531,242535,5,1,4
242536,242538,3,1,2
242539,242543,5,3,2
242544,242545,2,1,1
242546,242549,4,3,1
242550,242551,2,1,1
242554,242555,2,1,1
242556,242558,3,1,2
242560,242561,2,1,1
242562,242564,3,2,1
242568,242571,4,1,3
242577,242579,3,1,2
242580,242585,6,4,2
242588,242589,2,1,1
242590,242596,7,6,1
242604,242606,3,1,2
242608,242609,2,1,1
242621,242623,3,1,2
242625,242629,5,4,1
242634,242636,3,2,1
242637,242639,3,1,2
242640,242642,3,2,1
242643,242644,2,1,1
242645,242646,2,1,1
242647,242648,2,1,1
242654,242657,4,1,3
242663,242665,3,2,1
242674,242679,6,3,3
242680,242681,2,1,1
242686,242689,4,2,2
242690,242693,4,3,1
242694,242696,3,1,2
242705,242708,4,1,3
242709,242713,5,4,1
242714,242715,2,1,1
242716,242720,5,4,1
242721,242723,3,2,1
242724,242728,5,2,3
242729,242734,6,4,2
242735,242737,3,2,1
242738,242739,2,1,1
242740,242743,4,3,1
242744,242747,4,3,1
242748,242751,4,2,2
242752,242756,5,3,2
242757,242760,4,3,1
242761,242766,6,4,2
242768,242773,6,3,3
242774,242778,5,3,2
242783,242788,6,2,4
242789,242791,3,1,2
242792,242795,4,1,3
242796,242798,3,1,2
242799,242801,3,2,1
242802,242803,2,1,1
242806,242808,3,2,1
242809,242811,3,2,1
242813,242814,2,1,1
242818,242819,2,1,1
242820,242824,5,1,4
242837,242838,2,1,1
242839,242840,2,1,1
242844,242850,7,1,6
242851,242854,4,2,2
242856,242858,3,1,2
242860,242862,3,1,2
242863,242867,5,2,3
242868,242870,3,2,1
242871,242876,6,3,3
242877,242880,4,3,1
242881,242883,3,2,1
242884,242886,3,1,2
242888,242893,6,2,4
242894,242898,5,4,1
242899,242901,3,2,1
242906,242907,2,1,1
242911,242912,2,1,1
242916,242918,3,1,2
242922,242923,2,1,1
242926,242928,3,1,2
242931,242936,6,5,1
242945,242946,2,1,1
242957,242961,5,2,3
242964,242965,2,1,1
242976,242978,3,1,2
242981,242982,2,1,1
242983,242984,2,1,1
242989,242993,5,3,2
242994,242997,4,3,1
242998,242999,2,1,1
243000,243004,5,2,3
243009,243013,5,3,2
243014,243020,7,6,1
243021,243026,6,2,4
243030,243036,7,6,1
243040,243041,2,1,1
243046,243047,2,1,1
243048,243049,2,1,1
243050,243053,4,1,3
243054,243058,5,3,2
243059,243063,5,3,2
243070,243072,3,1,2
243073,243078,6,5,1
243079,243083,5,2,3
243095,243098,4,1,3
243101,243105,5,3,2
243113,243117,5,2,3
243118,243122,5,2,3
243123,243125,3,1,2
243126,243128,3,2,1
243132,243134,3,2,1
243135,243137,3,1,2
243138,243140,3,2,1
243148,243149,2,1,1
243150,243158,9,5,4
243164,243165,2,1,1
243169,243170,2,1,1
243173,243175,3,1,2
243176,243177,2,1,1
243178,243182,5,2,3
243183,243185,3,1,2
243186,243190,5,1,4
243191,243199,9,5,4
243203,243205,3,1,2
243207,243208,2,1,1
243215,243218,4,3,1
243221,243225,5,4,1
243226,243227,2,1,1
243228,243233,6,5,1
243234,243235,2,1,1
243239,243241,3,1,2
243246,243247,2,1,1
243248,243249,2,1,1
243255,243256,2,1,1
243267,243268,2,1,1
243269,243271,3,1,2
243272,243273,2,1,1
243274,243277,4,2,2
243279,243281,3,1,2
243282,243284,3,1,2
243287,243291,5,3,2
243292,243295,4,2,2
243307,243308,2,1,1
243309,243310,2,1,1
243311,243313,3,1,2
243321,243325,5,4,1
243326,243328,3,1,2
243329,243331,3,2,1
243332,243334,3,1,2
243335,243338,4,2,2
243339,243340,2,1,1
243345,243346,2,1,1
243347,243350,4,2,2
243351,243353,3,1,2
243361,243363,3,1,2
243364,243365,2,1,1
243372,243376,5,1,4
243378,243380,3,2,1
243388,243392,5,3,2
243394,243397,4,1,3
243405,243408,4,2,2
243414,243417,4,2,2
243418,243430,13,1,12
243431,243435,5,2,3
243436,243442,7,6,1
243443,243446,4,3,1
243452,243453,2,1,1
243454,243457,4,1,3
243458,243459,2,1,1
243460,243464,5,3,2
243465,243469,5,3,2
243470,243471,2,1,1
243472,243474,3,1,2
243475,243477,3,1,2
243478,243481,4,3,1
243482,243486,5,2,3
243488,243490,3,1,2
243491,243493,3,2,1
243505,243506,2,1,1
243518,243520,3,2,1
243537,243540,4,3,1
243541,243542,2,1,1
243546,243547,2,1,1
243548,243550,3,1,2
243551,243552,2,1,1
243560,243562,3,2,1
243566,243567,2,1,1
243568,243571,4,3,1
243572,243575,4,2,2
243576,243579,4,2,2
243580,243581,2,1,1
243582,243584,3,2,1
243586,243587,2,1,1
243588,243596,9,3,6
243600,243603,4,2,2
243604,243611,8,3,5
243612,243614,3,2,1
243615,243617,3,2,1
243618,243621,4,2,2
243625,243630,6,2,4
243633,243634,2,1,1
243635,243640,6,2,4
243641,243642,2,1,1
243643,243647,5,4,1
243648,243651,4,1,3
243652,243653,2,1,1
243654,243657,4,3,1
243660,243664,5,2,3
243665,243666,2,1,1
243667,243668,2,1,1
243669,243670,2,1,1
243671,243674,4,2,2
243677,243679,3,1,2
243680,243682,3,1,2
243683,243684,2,1,1
243685,243687,3,1,2
243688,243692,5,2,3
243693,243695,3,1,2
243696,243697,2,1,1
243698,243704,7,6,1
243705,243707,3,2,1
243708,243712,5,4,1
243713,243719,7,5,2
243720,243724,5,1,4
243729,243730,2,1,1
243738,243741,4,1,3
243742,243743,2,1,1
243744,243749,6,5,1
243752,243755,4,1,3
243756,243757,2,1,1
243759,243760,2,1,1
243761,243764,4,2,2
243765,243766,2,1,1
243770,243771,2,1,1
243772,243773,2,1,1
243781,243783,3,1,2
243784,243786,3,1,2
243787,243788,2,1,1
243789,243799,11,5,6
243800,243804,5,1,4
243810,243811,2,1,1
243812,243814,3,2,1
243815,243816,2,1,1
243817,243818,2,1,1
243819,243820,2,1,1
243821,243822,2,1,1
243826,243834,9,4,5
243835,243838,4,1,3
243839,243842,4,1,3
243844,243845,2,1,1
243847,243854,8,2,6
243859,243863,5,4,1
243864,243865,2,1,1
243870,243872,3,1,2
243873,243874,2,1,1
243877,243880,4,1,3
243889,243891,3,2,1
243899,243901,3,2,1
243902,243904,3,2,1
243909,243911,3,1,2
243938,243940,3,1,2
243941,243942,2,1,1
243943,243944,2,1,1
243946,243949,4,2,2
243959,243961,3,1,2
243962,243965,4,3,1
243969,243972,4,2,2
243973,243976,4,1,3
243977,243979,3,1,2
243980,243985,6,1,5
243988,243989,2,1,1
243995,243998,4,2,2
243999,244003,5,3,2
244007,244011,5,3,2
244012,244018,7,3,4
244035,244038,4,3,1
244039,244042,4,3,1
244049,244050,2,1,1
244051,244052,2,1,1
244056,244057,2,1,1
244058,244060,3,1,2
244061,244062,2,1,1
244063,244064,2,1,1
244068,244069,2,1,1
244070,244073,4,1,3
244084,244089,6,2,4
244094,244102,9,6,3
244103,244105,3,1,2
244106,244108,3,2,1
244109,244113,5,3,2
244114,244118,5,1,4
244127,244130,4,3,1
244131,244135,5,2,3
244136,244137,2,1,1
244140,244146,7,1,6
244155,244157,3,2,1
244167,244168,2,1,1
244169,244171,3,2,1
244175,244176,2,1,1
244187,244189,3,2,1
244194,244196,3,2,1
244197,244198,2,1,1
244199,244202,4,2,2
244209,244211,3,1,2
244219,244220,2,1,1
244226,244228,3,1,2
244229,244231,3,2,1
244236,244237,2,1,1
244250,244251,2,1,1
244254,244255,2,1,1
244256,244260,5,1,4
244261,244263,3,2,1
244267,244268,2,1,1
244272,244273,2,1,1
244274,244276,3,1,2
244277,244279,3,1,2
244282,244284,3,1,2
244289,244291,3,1,2
244295,244296,2,1,1
244297,244298,2,1,1
244300,244305,6,1,5
244319,244324,6,2,4
244326,244329,4,2,2
244334,244335,2,1,1
244336,244338,3,2,1
244341,244342,2,1,1
244343,244345,3,1,2
244346,244348,3,2,1
244349,244351,3,2,1
244352,244353,2,1,1
244354,244358,5,3,2
244359,244363,5,3,2
244364,244367,4,2,2
244368,244370,3,1,2
244371,244373,3,1,2
244374,244377,4,2,2
244380,244383,4,2,2
244384,244387,4,1,3
244388,244393,6,2,4
244408,244409,2,1,1
244410,244413,4,3,1
244415,244417,3,1,2
244418,244422,5,4,1
244423,244425,3,2,1
244431,244435,5,4,1
244436,244439,4,1,3
244442,244444,3,2,1
244447,244448,2,1,1
244450,244453,4,2,2
244454,244457,4,1,3
244460,244462,3,1,2
244463,244464,2,1,1
244466,244469,4,2,2
244470,244472,3,1,2
244477,244478,2,1,1
244479,244480,2,1,1
244481,244482,2,1,1
244486,244489,4,2,2
244490,244491,2,1,1
244492,244495,4,1,3
244496,244504,9,5,4
244510,244518,9,4,5
244519,244524,6,4,2
244525,244528,4,1,3
244529,244530,2,1,1
244531,244534,4,3,1
244535,244540,6,5,1
244541,244545,5,4,1
244546,244551,6,2,4
244558,244559,2,1,1
244560,244562,3,1,2
244563,244569,7,6,1
244570,244571,2,1,1
244572,244575,4,1,3
244577,244583,7,1,6
244584,244589,6,2,4
244590,244593,4,3,1
244596,244598,3,1,2
244599,244601,3,1,2
244602,244604,3,1,2
244605,244608,4,3,1
244609,244613,5,3,2
244614,244618,5,2,3
244619,244620,2,1,1
244621,244622,2,1,1
244628,244631,4,3,1
244636,244641,6,1,5
244642,244648,7,1,6
244654,244655,2,1,1
244657,244659,3,2,1
244661,244662,2,1,1
244663,244669,7,6,1
244670,244673,4,1,3
244691,244692,2,1,1
244693,244695,3,2,1
244704,244709,6,2,4
244710,244716,7,5,2
244717,244719,3,1,2
244723,244725,3,2,1
244729,244730,2,1,1
244733,244737,5,1,4
244738,244741,4,1,3
244742,244744,3,1,2
244746,244750,5,4,1
244751,244756,6,3,3
244757,244758,2,1,1
244759,244760,2,1,1
244761,244764,4,2,2
244765,244766,2,1,1
244767,244768,2,1,1
244774,244775,2,1,1
244782,244783,2,1,1
244785,244786,2,1,1
244787,244788,2,1,1
244789,244794,6,1,5
244795,244798,4,3,1
244799,244800,2,1,1
244803,244807,5,3,2
244808,244809,2,1,1
244815,244820,6,1,5
244824,244825,2,1,1
244826,244827,2,1,1
244828,244830,3,2,1
244836,244839,4,1,3
244840,244846,7,2,5
244847,244848,2,1,1
244849,244854,6,2,4
244857,244860,4,1,3
244861,244862,2,1,1
244866,244868,3,1,2
244869,244870,2,1,1
244874,244877,4,3,1
244883,244887,5,2,3
244888,244890,3,1,2
244894,244895,2,1,1
244896,244899,4,2,2
244901,244903,3,1,2
244909,244917,9,7,2
244923,244924,2,1,1
244931,244932,2,1,1
244945,244947,3,1,2
244949,244950,2,1,1
244951,244952,2,1,1
244953,244956,4,2,2
244957,244959,3,1,2
244960,244962,3,1,2
244963,244964,2,1,1
244974,244976,3,2,1
244977,244978,2,1,1
244980,244981,2,1,1
244982,244985,4,1,3
244986,244987,2,1,1
244988,244993,6,4,2
244994,244995,2,1,1
244997,244998,2,1,1
244999,245002,4,1,3
245003,245007,5,3,2
245008,245009,2,1,1
245012,245013,2,1,1
245018,245020,3,2,1
245021,245022,2,1,1
245023,245025,3,2,1
245040,245041,2,1,1
245042,245045,4,2,2
245047,245051,5,3,2
245055,245060,6,1,5
245061,245066,6,2,4
245069,245070,2,1,1
245076,245078,3,1,2
245079,245080,2,1,1
245081,245082,2,1,1
245098,245102,5,2,3
245103,245104,2,1,1
245114,245117,4,3,1
245123,245126,4,2,2
245131,245134,4,1,3
245138,245139,2,1,1
245140,245141,2,1,1
245142,245147,6,2,4
245148,245150,3,1,2
245156,245157,2,1,1
245158,245161,4,3,1
245162,245163,2,1,1
245168,245169,2,1,1
245174,245176,3,1,2
245177,245179,3,1,2
245180,245181,2,1,1
245182,245185,4,3,1
245186,245188,3,2,1
245189,245192,4,2,2
245193,245195,3,1,2
245197,245198,2,1,1
245199,245200,2,1,1
245214,245216,3,1,2
245217,245218,2,1,1
245221,245224,4,1,3
245243,245249,7,3,4
245250,245252,3,2,1
245259,245261,3,1,2
245265,245266,2,1,1
245267,245269,3,1,2
245280,245284,5,2,3
245293,245296,4,1,3
245297,245299,3,2,1
245300,245303,4,2,2
245304,245305,2,1,1
245308,245312,5,4,1
245314,245315,2,1,1
245318,245322,5,4,1
245323,245328,6,1,5
245329,245334,6,1,5
245335,245338,4,3,1
245339,245345,7,2,5
245347,245348,2,1,1
245349,245350,2,1,1
245351,245352,2,1,1
245353,245356,4,1,3
245361,245364,4,2,2
245365,245367,3,1,2
245376,245379,4,1,3
245380,245382,3,1,2
245383,245385,3,1,2
245386,245389,4,2,2
245390,245394,5,3,2
245395,245397,3,2,1
245398,245399,2,1,1
245403,245405,3,1,2
245408,245410,3,1,2
245412,245414,3,1,2
245415,245416,2,1,1
245417,245419,3,1,2
245420,245421,2,1,1
245423,245427,5,2,3
245434,245435,2,1,1
245437,245442,6,5,1
245443,245444,2,1,1
245445,245448,4,1,3
245454,245455,2,1,1
245456,245460,5,3,2
245474,245475,2,1,1
245476,245477,2,1,1
245481,245483,3,1,2
245492,245494,3,1,2
245495,245499,5,3,2
245500,245502,3,2,1
245503,245504,2,1,1
245508,245511,4,3,1
245512,245513,2,1,1
245518,245523,6,2,4
245524,245525,2,1,1
245529,245532,4,1,3
245534,245535,2,1,1
245536,245539,4,1,3
245540,245541,2,1,1
245542,245548,7,1,6
245549,245550,2,1,1
245551,245554,4,1,3
245562,245564,3,2,1
245565,245566,2,1,1
245568,245569,2,1,1
245570,245572,3,1,2
245575,245576,2,1,1
245577,245581,5,1,4
245584,245586,3,1,2
245587,245589,3,2,1
245590,245593,4,1,3
245595,245598,4,2,2
245600,245603,4,1,3
245604,245607,4,1,3
245608,245610,3,1,2
245611,245616,6,1,5
245618,245619,2,1,1
245624,245626,3,1,2
245636,245642,7,1,6
245643,245644,2,1,1
245645,245647,3,1,2
245651,245653,3,1,2
245654,245657,4,3,1
245658,245660,3,2,1
245661,245664,4,1,3
245665,245668,4,1,3
245669,245674,6,1,5
245679,245680,2,1,1
245681,245683,3,2,1
245691,245692,2,1,1
245693,245694,2,1,1
245695,245697,3,1,2
245698,245699,2,1,1
245702,245704,3,2,1
245705,245706,2,1,1
245707,245709,3,2,1
245714,245715,2,1,1
245716,245720,5,1,4
245723,245724,2,1,1
245725,245727,3,1,2
245728,245732,5,1,4
245738,245739,2,1,1
245742,245743,2,1,1
245744,245749,6,4,2
245750,245753,4,1,3
245754,245757,4,3,1
245758,245760,3,2,1
245761,245764,4,1,3
245765,245767,3,2,1
245772,245774,3,2,1
245780,245781,2,1,1
245782,245788,7,2,5
245790,245791,2,1,1
245792,245795,4,1,3
245796,245798,3,1,2
245805,245809,5,2,3
245810,245820,11,5,6
245823,245824,2,1,1
245825,245830,6,4,2
245847,245850,4,1,3
245851,245855,5,4,1
245856,245859,4,1,3
245870,245875,6,5,1
245886,245890,5,3,2
245891,245894,4,2,2
245899,245903,5,2,3
245904,245908,5,1,4
245910,245912,3,1,2
245913,245915,3,1,2
245916,245918,3,2,1
245919,245922,4,1,3
245923,245927,5,3,2
245928,245929,2,1,1
245932,245937,6,1,5
245938,245941,4,2,2
245946,245950,5,3,2
245953,245954,2,1,1
245961,245962,2,1,1
245963,245966,4,1,3
245967,245968,2,1,1
245974,245975,2,1,1
245978,245979,2,1,1
245982,245983,2,1,1
245984,245986,3,1,2
245987,245992,6,1,5
246007,246009,3,2,1
246022,246023,2,1,1
246025,246028,4,2,2
246030,246032,3,1,2
246036,246042,7,3,4
246043,246044,2,1,1
246045,246047,3,1,2
246056,246057,2,1,1
246059,246060,2,1,1
246061,246065,5,2,3
246066,246073,8,3,5
246077,246080,4,1,3
246081,246083,3,2,1
246084,246087,4,2,2
246090,246093,4,2,2
246094,246098,5,2,3
246099,246100,2,1,1
246101,246106,6,2,4
246108,246110,3,1,2
246117,246119,3,1,2
246126,246129,4,1,3
246136,246137,2,1,1
246138,246141,4,2,2
246142,246143,2,1,1
246147,246150,4,1,3
246151,246152,2,1,1
246153,246159,7,2,5
246161,246167,7,6,1
246180,246182,3,2,1
246185,246189,5,1,4
246190,246192,3,1,2
246193,246195,3,1,2
246207,246211,5,2,3
246212,246214,3,1,2
246215,246219,5,3,2
246220,246225,6,3,3
246226,246227,2,1,1
246228,246229,2,1,1
246230,246234,5,2,3
246235,246236,2,1,1
246237,246239,3,1,2
246240,246243,4,2,2
246254,246257,4,1,3
246258,246259,2,1,1
246266,246267,2,1,1
246270,246271,2,1,1
246277,246279,3,1,2
246287,246288,2,1,1
246300,246302,3,1,2
246303,246305,3,1,2
246306,246310,5,4,1
246311,246312,2,1,1
246313,246314,2,1,1
246324,246325,2,1,1
246335,246337,3,1,2
246343,246345,3,1,2
246348,246349,2,1,1
246358,246359,2,1,1
246360,246361,2,1,1
246365,246372,8,2,6
246373,246375,3,2,1
246376,246378,3,2,1
246379,246381,3,2,1
246382,246383,2,1,1
246384,246386,3,2,1
246387,246388,2,1,1
246389,246391,3,2,1
246392,246395,4,1,3
246396,246397,2,1,1
246404,246405,2,1,1
246409,246410,2,1,1
246418,246420,3,1,2
246421,246422,2,1,1
246423,246424,2,1,1
246429,246432,4,3,1
246433,246434,2,1,1
246435,246436,2,1,1
246437,246439,3,1,2
246440,246441,2,1,1
246445,246447,3,1,2
246451,246453,3,2,1
246456,246458,3,1,2
246470,246472,3,1,2
246473,246474,2,1,1
246475,246481,7,3,4
246482,246486,5,3,2
246494,246496,3,2,1
246499,246500,2,1,1
246501,246504,4,2,2
246510,246511,2,1,1
246514,246515,2,1,1
246518,246522,5,2,3
246523,246526,4,1,3
246527,246529,3,2,1
246530,246532,3,2,1
246533,246534,2,1,1
246535,246539,5,4,1
246540,246541,2,1,1
246542,246543,2,1,1
246544,246546,3,2,1
246551,246552,2,1,1
246553,246556,4,3,1
246557,246562,6,1,5
246563,246565,3,2,1
246566,246569,4,1,3
246570,246576,7,2,5
246580,246585,6,1,5
246589,246590,2,1,1
246591,246593,3,1,2
246594,246599,6,5,1
246600,246601,2,1,1
246602,246604,3,1,2
246605,246607,3,1,2
246617,246620,4,1,3
246633,246635,3,1,2
246636,246638,3,1,2
246639,246642,4,1,3
246647,246649,3,2,1
246650,246652,3,1,2
246653,246658,6,1,5
246663,246666,4,3,1
246671,246673,3,1,2
246674,246675,2,1,1
246676,246679,4,3,1
246680,246683,4,3,1
246684,246686,3,1,2
246687,246688,2,1,1
246689,246690,2,1,1
246693,246694,2,1,1
246705,246708,4,2,2
246709,246710,2,1,1
246711,246713,3,2,1
246717,246718,2,1,1
246719,246720,2,1,1
246723,246725,3,1,2
246726,246727,2,1,1
246728,246730,3,1,2
246731,246733,3,1,2
246747,246752,6,2,4
246753,246757,5,1,4
246758,246760,3,1,2
246761,246762,2,1,1
246773,246774,2,1,1
246778,246779,2,1,1
246780,246782,3,1,2
246783,246784,2,1,1
246785,246787,3,2,1
246793,246794,2,1,1
246795,246798,4,3,1
246802,246804,3,1,2
246805,246807,3,2,1
246814,246816,3,2,1
246817,246818,2,1,1
246819,246821,3,1,2
246823,246825,3,2,1
246829,246830,2,1,1
246831,246833,3,1,2
246838,246841,4,1,3
246842,246843,2,1,1
246846,246848,3,2,1
246854,246855,2,1,1
246867,246872,6,4,2
246873,246881,9,2,7
246888,246889,2,1,1
246892,246894,3,2,1
246895,246896,2,1,1
246897,246901,5,1,4
246902,246904,3,1,2
246907,246910,4,2,2
246917,246919,3,2,1
246920,246928,9,4,5
246934,246938,5,2,3
246942,246946,5,1,4
246950,246956,7,5,2
246957,246958,2,1,1
246959,246960,2,1,1
246962,246963,2,1,1
246968,246972,5,2,3
246973,246974,2,1,1
246975,246981,7,1,6
246985,246987,3,1,2
246990,246992,3,2,1
246994,246995,2,1,1
246996,246997,2,1,1
247000,247001,2,1,1
247002,247004,3,2,1
247005,247008,4,1,3
247009,247011,3,2,1
247012,247016,5,3,2
247018,247019,2,1,1
247022,247024,3,1,2
247029,247033,5,1,4
247038,247039,2,1,1
247056,247057,2,1,1
247058,247059,2,1,1
247063,247065,3,2,1
247067,247068,2,1,1
247069,247071,3,1,2
247072,247073,2,1,1
247081,247084,4,1,3
247086,247089,4,2,2
247090,247093,4,1,3
247094,247096,3,1,2
247099,247100,2,1,1
247101,247102,2,1,1
247103,247104,2,1,1
247108,247109,2,1,1
247114,247118,5,1,4
247119,247121,3,2,1
247122,247123,2,1,1
247124,247126,3,1,2
247146,247149,4,1,3
247150,247152,3,1,2
247155,247157,3,2,1
247162,247165,4,2,2
247174,247176,3,1,2
247177,247182,6,2,4
247184,247187,4,1,3
247190,247194,5,2,3
247198,247200,3,2,1
247201,247202,2,1,1
247203,247208,6,2,4
247209,247213,5,2,3
247214,247219,6,3,3
247220,247223,4,3,1
247234,247237,4,2,2
247240,247243,4,3,1
247244,247245,2,1,1
247246,247249,4,3,1
247255,247256,2,1,1
247263,247265,3,1,2
247266,247270,5,4,1
247278,247280,3,1,2
247281,247285,5,1,4
247286,247290,5,3,2
247291,247293,3,2,1
247294,247295,2,1,1
247296,247298,3,1,2
247303,247306,4,2,2
247308,247311,4,3,1
247312,247317,6,3,3
247319,247320,2,1,1
247321,247323,3,1,2
247332,247336,5,1,4
247337,247339,3,1,2
247340,247341,2,1,1
247346,247349,4,2,2
247350,247351,2,1,1
247352,247353,2,1,1
247358,247359,2,1,1
247360,247362,3,1,2
247364,247366,3,2,1
247367,247369,3,1,2
247377,247378,2,1,1
247379,247386,8,1,7
247387,247388,2,1,1
247393,247394,2,1,1
247395,247397,3,2,1
247400,247407,8,4,4
247418,247420,3,2,1
247429,247432,4,1,3
247433,247436,4,1,3
247437,247439,3,1,2
247440,247441,2,1,1
247450,247452,3,2,1
247456,247460,5,3,2
247461,247462,2,1,1
247463,247465,3,1,2
247467,247468,2,1,1
247475,247478,4,1,3
247479,247484,6,5,1
247488,247494,7,1,6
247495,247498,4,1,3
247499,247500,2,1,1
247501,247502,2,1,1
247503,247505,3,1,2
247506,247510,5,2,3
247511,247512,2,1,1
247513,247516,4,1,3
247522,247524,3,1,2
247532,247535,4,1,3
247539,247541,3,1,2
247542,247543,2,1,1
247544,247545,2,1,1
247548,247552,5,2,3
247557,247562,6,1,5
247563,247569,7,4,3
247570,247572,3,1,2
247576,247578,3,1,2
247579,247583,5,3,2
247584,247589,6,1,5
247590,247593,4,3,1
247594,247595,2,1,1
247604,247605,2,1,1
247606,247607,2,1,1
247608,247609,2,1,1
247610,247612,3,2,1
247614,247616,3,1,2
247617,247618,2,1,1
247623,247624,2,1,1
247626,247629,4,2,2
247630,247633,4,2,2
247634,247635,2,1,1
247636,247638,3,1,2
247640,247641,2,1,1
247647,247648,2,1,1
247651,247656,6,2,4
247657,247660,4,1,3
247661,247663,3,2,1
247664,247667,4,2,2
247668,247671,4,1,3
247672,247675,4,1,3
247678,247681,4,3,1
247684,247686,3,2,1
247692,247693,2,1,1
247694,247695,2,1,1
247698,247701,4,2,2
247706,247708,3,1,2
247709,247710,2,1,1
247711,247712,2,1,1
247714,247715,2,1,1
247718,247720,3,2,1
247723,247726,4,2,2
247729,247731,3,2,1
247733,247736,4,1,3
247737,247739,3,1,2
247740,247742,3,1,2
247743,247744,2,1,1
247745,247746,2,1,1
247747,247752,6,4,2
247753,247758,6,1,5
247759,247760,2,1,1
247773,247777,5,2,3
247780,247786,7,6,1
247787,247790,4,1,3
247791,247792,2,1,1
247793,247795,3,1,2
247799,247803,5,3,2
247807,247810,4,3,1
247811,247812,2,1,1
247818,247820,3,1,2
247825,247827,3,1,2
247829,247832,4,1,3
247833,247836,4,3,1
247837,247842,6,3,3
247843,247845,3,1,2
247846,247848,3,2,1
247852,247853,2,1,1
247854,247857,4,2,2
247858,247863,6,1,5
247872,247873,2,1,1
247874,247877,4,2,2
247881,247886,6,4,2
247887,247888,2,1,1
247897,247898,2,1,1
247904,247906,3,1,2
247907,247908,2,1,1
247912,247913,2,1,1
247914,247922,9,2,7
247927,247929,3,1,2
247930,247936,7,3,4
247944,247951,8,3,5
247966,247972,7,2,5
247977,247980,4,1,3
247981,247985,5,2,3
247987,247989,3,1,2
247990,247994,5,2,3
248003,248007,5,3,2
248015,248016,2,1,1
248017,248019,3,1,2
248021,248027,7,6,1
248028,248030,3,2,1
248042,248046,5,2,3
248051,248052,2,1,1
248053,248057,5,1,4
248058,248059,2,1,1
248063,248067,5,2,3
248073,248079,7,1,6
248080,248084,5,1,4
248086,248088,3,1,2
248089,248093,5,3,2
248094,248095,2,1,1
248100,248102,3,2,1
248104,248107,4,1,3
248110,248112,3,1,2
248113,248115,3,2,1
248116,248121,6,3,3
248122,248126,5,3,2
248128,248129,2,1,1
248133,248134,2,1,1
248135,248136,2,1,1
248137,248139,3,2,1
248145,248146,2,1,1
248147,248150,4,2,2
248151,248155,5,2,3
248156,248157,2,1,1
248161,248162,2,1,1
248163,248164,2,1,1
248165,248169,5,3,2
248173,248174,2,1,1
248175,248181,7,3,4
248182,248183,2,1,1
248184,248186,3,2,1
248188,248192,5,2,3
248193,248198,6,1,5
248199,248202,4,2,2
248208,248210,3,2,1
248211,248215,5,1,4
248216,248218,3,1,2
248224,248225,2,1,1
248226,248228,3,1,2
248229,248230,2,1,1
248244,248247,4,3,1
248248,248249,2,1,1
248250,248252,3,2,1
248260,248261,2,1,1
248262,248266,5,2,3
248267,248270,4,3,1
248272,248274,3,1,2
248278,248282,5,4,1
248284,248285,2,1,1
248286,248288,3,1,2
248289,248290,2,1,1
248291,248292,2,1,1
248293,248295,3,1,2
248297,248298,2,1,1
248299,248302,4,2,2
248303,248305,3,2,1
248306,248309,4,1,3
248312,248320,9,1,8
248321,248322,2,1,1
248323,248324,2,1,1
248325,248327,3,1,2
248328,248330,3,2,1
248333,248336,4,1,3
248337,248340,4,2,2
248346,248347,2,1,1
248348,248350,3,2,1
248357,248362,6,4,2
248363,248364,2,1,1
248365,248367,3,2,1
248368,248373,6,1,5
248374,248378,5,1,4
248379,248380,2,1,1
248385,248387,3,1,2
248388,248392,5,4,1
248393,248395,3,1,2
248400,248407,8,4,4
248411,248413,3,1,2
248418,248419,2,1,1
248420,248421,2,1,1
248422,248423,2,1,1
248424,248426,3,1,2
248427,248429,3,2,1
248430,248433,4,2,2
248434,248436,3,1,2
248439,248444,6,3,3
248476,248480,5,3,2
248481,248485,5,2,3
248486,248489,4,1,3
248490,248493,4,1,3
248494,248498,5,2,3
248509,248511,3,1,2
248512,248514,3,1,2
248515,248517,3,1,2
248525,248526,2,1,1
248531,248532,2,1,1
248533,248534,2,1,1
248535,248539,5,3,2
248540,248548,9,5,4
248549,248550,2,1,1
248551,248553,3,2,1
248554,248558,5,1,4
248559,248561,3,1,2
248562,248564,3,2,1
248565,248568,4,1,3
248570,248574,5,1,4
248575,248576,2,1,1
248580,248581,2,1,1
248582,248585,4,3,1
248588,248594,7,6,1
248597,248598,2,1,1
248599,248603,5,2,3
248606,248608,3,2,1
248609,248612,4,2,2
248616,248618,3,2,1
248619,248621,3,2,1
248625,248626,2,1,1
248627,248629,3,2,1
248630,248631,2,1,1
248632,248641,10,2,8
248642,248644,3,1,2
248647,248649,3,1,2
248650,248651,2,1,1
248654,248656,3,1,2
248657,248659,3,2,1
248661,248665,5,1,4
248666,248667,2,1,1
248668,248670,3,2,1
248673,248675,3,2,1
248676,248679,4,1,3
248680,248686,7,4,3
248687,248689,3,1,2
248690,248692,3,1,2
248693,248695,3,1,2
248699,248701,3,1,2
248702,248705,4,3,1
248706,248708,3,1,2
248709,248710,2,1,1
248717,248718,2,1,1
248722,248723,2,1,1
248726,248727,2,1,1
248728,248730,3,1,2
248731,248733,3,2,1
248738,248739,2,1,1
248740,248741,2,1,1
248744,248746,3,1,2
248750,248751,2,1,1
248756,248758,3,1,2
248759,248760,2,1,1
248761,248762,2,1,1
248764,248765,2,1,1
248767,248770,4,1,3
248772,248774,3,2,1
248778,248780,3,1,2
248785,248786,2,1,1
248787,248791,5,2,3
248794,248799,6,3,3
248800,248804,5,1,4
248813,248815,3,1,2
248827,248832,6,1,5
248845,248846,2,1,1
248847,248851,5,1,4
248855,248858,4,3,1
248859,248863,5,1,4
248864,248865,2,1,1
248866,248867,2,1,1
248868,248873,6,3,3
248883,248886,4,2,2
248887,248888,2,1,1
248892,248897,6,4,2
248900,248903,4,1,3
248904,248910,7,1,6
248912,248918,7,1,6
248919,248922,4,1,3
248923,248924,2,1,1
248925,248930,6,3,3
248938,248939,2,1,1
248941,248943,3,2,1
248947,248949,3,1,2
248950,248951,2,1,1
248958,248959,2,1,1
248965,248968,4,1,3
248969,248970,2,1,1
248978,248980,3,2,1
248981,248985,5,1,4
248999,249000,2,1,1
249001,249009,9,4,5
249010,249013,4,2,2
249014,249018,5,3,2
249019,249025,7,4,3
249026,249030,5,1,4
249040,249042,3,1,2
249049,249050,2,1,1
249052,249056,5,3,2
249059,249062,4,3,1
249063,249065,3,1,2
249066,249067,2,1,1
249084,249086,3,2,1
249087,249088,2,1,1
249090,249091,2,1,1
249092,249094,3,2,1
249095,249100,6,2,4
249104,249106,3,2,1
249107,249112,6,2,4
249113,249117,5,1,4
249118,249119,2,1,1
249124,249126,3,2,1
249129,249130,2,1,1
249131,249133,3,1,2
249134,249138,5,1,4
249139,249142,4,1,3
249143,249145,3,1,2
249146,249149,4,1,3
249159,249164,6,1,5
249165,249170,6,2,4
249171,249175,5,4,1
249176,249177,2,1,1
249178,249181,4,2,2
249182,249184,3,1,2
249189,249197,9,3,6
249198,249199,2,1,1
249200,249201,2,1,1
249206,249213,8,3,5
249214,249215,2,1,1
249216,249217,2,1,1
249218,249219,2,1,1
249220,249221,2,1,1
249224,249228,5,4,1
249229,249230,2,1,1
249235,249238,4,1,3
249240,249241,2,1,1
249253,249254,2,1,1
249255,249257,3,2,1
249258,249259,2,1,1
249260,249261,2,1,1
249262,249264,3,2,1
249265,249267,3,1,2
249268,249269,2,1,1
249273,249275,3,1,2
249276,249277,2,1,1
249278,249279,2,1,1
249281,249284,4,1,3
249285,249290,6,4,2
249293,249294,2,1,1
249302,249306,5,2,3
249307,249310,4,1,3
249311,249312,2,1,1
249313,249315,3,2,1
249316,249320,5,2,3
249326,249327,2,1,1
249330,249332,3,1,2
249335,249338,4,2,2
249342,249344,3,1,2
249346,249347,2,1,1
249348,249351,4,2,2
249352,249355,4,1,3
249356,249359,4,3,1
249360,249361,2,1,1
249362,249367,6,5,1
249370,249371,2,1,1
249372,249373,2,1,1
249374,249375,2,1,1
249377,249380,4,3,1
249381,249384,4,2,2
249385,249386,2,1,1
249387,249389,3,1,2
249393,249395,3,1,2
249400,249401,2,1,1
249402,249403,2,1,1
249404,249406,3,2,1
249409,249412,4,2,2
249413,249414,2,1,1
249415,249418,4,1,3
249421,249423,3,2,1
249424,249425,2,1,1
249426,249430,5,2,3
249431,249432,2,1,1
249433,249434,2,1,1
249435,249437,3,2,1
249438,249445,8,2,6
249452,249455,4,3,1
249468,249469,2,1,1
249470,249472,3,1,2
249473,249476,4,3,1
249477,249480,4,2,2
249481,249484,4,1,3
249485,249486,2,1,1
249487,249490,4,1,3
249491,249493,3,2,1
249494,249499,6,1,5
249501,249503,3,1,2
249508,249511,4,2,2
249516,249521,6,3,3
249531,249534,4,3,1
249535,249539,5,1,4
249540,249541,2,1,1
249550,249556,7,2,5
249574,249575,2,1,1
249576,249578,3,2,1
249579,249580,2,1,1
249595,249596,2,1,1
249597,249601,5,2,3
249603,249605,3,1,2
249607,249608,2,1,1
249618,249621,4,2,2
249622,249624,3,1,2
249627,249628,2,1,1
249632,249633,2,1,1
249634,249635,2,1,1
249641,249642,2,1,1
249645,249648,4,2,2
249654,249657,4,2,2
249658,249660,3,2,1
249661,249664,4,1,3
249676,249678,3,2,1
249681,249687,7,2,5
249691,249695,5,2,3
249696,249697,2,1,1
249698,249701,4,2,2
249704,249707,4,1,3
249708,249710,3,2,1
249711,249712,2,1,1
249713,249715,3,1,2
249716,249718,3,2,1
249723,249725,3,1,2
249734,249736,3,1,2
249740,249743,4,1,3
249744,249745,2,1,1
249747,249748,2,1,1
249749,249751,3,1,2
249758,249760,3,1,2
249761,249763,3,2,1
249767,249770,4,2,2
249774,249775,2,1,1
249795,249798,4,1,3
249805,249809,5,1,4
249811,249813,3,1,2
249816,249818,3,2,1
249819,249825,7,1,6
249826,249828,3,1,2
249829,249832,4,1,3
249837,249840,4,1,3
249841,249846,6,2,4
249847,249850,4,1,3
249851,249852,2,1,1
249859,249864,6,4,2
249866,249869,4,1,3
249870,249872,3,1,2
249877,249878,2,1,1
249879,249880,2,1,1
249882,249886,5,2,3
249887,249893,7,4,3
249894,249899,6,4,2
249900,249901,2,1,1
249902,249905,4,1,3
249906,249909,4,1,3
249910,249914,5,2,3
249916,249921,6,4,2
249922,249928,7,3,4
249929,249931,3,2,1
249938,249940,3,1,2
249943,249945,3,1,2
249946,249947,2,1,1
249948,249950,3,1,2
249951,249952,2,1,1
249962,249967,6,3,3
249968,249975,8,3,5
249976,249977,2,1,1
249992,249994,3,1,2
249995,249998,4,2,2
250018,250020,3,1,2
250021,250024,4,1,3
250025,250028,4,3,1
250029,250030,2,1,1
250031,250032,2,1,1
250036,250039,4,3,1
250043,250044,2,1,1
250047,250048,2,1,1
250049,250051,3,1,2
250056,250058,3,1,2
250061,250065,5,3,2
250081,250082,2,1,1
250083,250086,4,2,2
250087,250094,8,4,4
250095,250098,4,2,2
250103,250104,2,1,1
250105,250108,4,3,1
250109,250112,4,1,3
250113,250116,4,3,1
250117,250118,2,1,1
250119,250120,2,1,1
250121,250125,5,2,3
250126,250127,2,1,1
250130,250133,4,3,1
250134,250135,2,1,1
250136,250137,2,1,1
250138,250145,8,5,3
250146,250148,3,1,2
250149,250152,4,2,2
250153,250155,3,1,2
250171,250172,2,1,1
250178,250180,3,1,2
250181,250182,2,1,1
250184,250186,3,2,1
250187,250189,3,1,2
250190,250193,4,1,3
250198,250201,4,3,1
250210,250218,9,5,4
250219,250221,3,1,2
250222,250223,2,1,1
250235,250236,2,1,1
250237,250239,3,2,1
250246,250248,3,2,1
250249,250250,2,1,1
250254,250256,3,1,2
250257,250260,4,2,2
250269,250272,4,2,2
250280,250282,3,1,2
250285,250288,4,1,3
250290,250292,3,1,2
250293,250294,2,1,1
250295,250296,2,1,1
250297,250303,7,4,3
250305,250306,2,1,1
250308,250311,4,2,2
250316,250319,4,1,3
250320,250324,5,1,4
250325,250329,5,1,4
250330,250335,6,5,1
250336,250338,3,1,2
250341,250349,9,2,7
250353,250359,7,1,6
250360,250362,3,1,2
250364,250368,5,1,4
250384,250385,2,1,1
250386,250388,3,1,2
250389,250395,7,5,2
250396,250401,6,2,4
250406,250408,3,1,2
250409,250411,3,1,2
250412,250414,3,2,1
250415,250420,6,1,5
250421,250423,3,1,2
250424,250427,4,2,2
250428,250429,2,1,1
250437,250443,7,3,4
250444,250446,3,2,1
250447,250448,2,1,1
250449,250454,6,4,2
250455,250456,2,1,1
250462,250464,3,1,2
250465,250467,3,1,2
250468,250475,8,2,6
250482,250483,2,1,1
250486,250487,2,1,1
250492,250493,2,1,1
250497,250503,7,2,5
250504,250505,2,1,1
250506,250508,3,2,1
250519,250523,5,3,2
250526,250528,3,2,1
250531,250534,4,3,1
250542,250543,2,1,1
250562,250563,2,1,1
250564,250566,3,1,2
250567,250568,2,1,1
250569,250578,10,1,9
250579,250581,3,2,1
250582,250584,3,1,2
250585,250587,3,1,2
250596,250598,3,1,2
250605,250606,2,1,1
250607,250608,2,1,1
250612,250618,7,6,1
250619,250625,7,1,6
250627,250630,4,2,2
250639,250640,2,1,1
250643,250645,3,2,1
250649,250651,3,2,1
250655,250656,2,1,1
250657,250658,2,1,1
250665,250670,6,1,5
250674,250677,4,2,2
250678,250681,4,3,1
250682,250684,3,2,1
250686,250688,3,1,2
250692,250694,3,1,2
250695,250696,2,1,1
250697,250703,7,1,6
250706,250708,3,2,1
250714,250719,6,1,5
250721,250723,3,2,1
250729,250731,3,2,1
250737,250741,5,3,2
250742,250745,4,2,2
250747,250750,4,1,3
250753,250755,3,1,2
250756,250760,5,1,4
250761,250770,10,3,7
250771,250772,2,1,1
250779,250781,3,2,1
250791,250794,4,2,2
250795,250798,4,1,3
250799,250804,6,3,3
250809,250811,3,2,1
250819,250821,3,1,2
250824,250827,4,3,1
250828,250832,5,4,1
250842,250846,5,4,1
250847,250848,2,1,1
250851,250858,8,4,4
250873,250874,2,1,1
250877,250878,2,1,1
250879,250880,2,1,1
250886,250888,3,1,2
250892,250894,3,2,1
250897,250900,4,2,2
250906,250909,4,1,3
250911,250912,2,1,1
250913,250915,3,1,2
250916,250918,3,2,1
250922,250923,2,1,1
250924,250925,2,1,1
250928,250931,4,2,2
250933,250938,6,2,4
250939,250940,2,1,1
250962,250963,2,1,1
250965,250966,2,1,1
250969,250970,2,1,1
250971,250972,2,1,1
250973,250975,3,1,2
250980,250983,4,2,2
250986,250988,3,2,1
250989,250992,4,2,2
251008,251009,2,1,1
251018,251031,14,6,8
251032,251033,2,1,1
251040,251044,5,1,4
251045,251047,3,1,2
251048,251050,3,2,1
251055,251057,3,1,2
251066,251067,2,1,1
251073,251076,4,1,3
251077,251078,2,1,1
251079,251080,2,1,1
251084,251087,4,3,1
251088,251090,3,1,2
251094,251096,3,1,2
251098,251102,5,4,1
251103,251107,5,1,4
251108,251110,3,2,1
251120,251123,4,2,2
251127,251130,4,1,3
251134,251136,3,2,1
251137,251138,2,1,1
251139,251143,5,1,4
251144,251145,2,1,1
251146,251148,3,2,1
251149,251151,3,2,1
251152,251153,2,1,1
251154,251157,4,1,3
251160,251162,3,1,2
251163,251169,7,1,6
251170,251172,3,2,1
251174,251177,4,2,2
251181,251182,2,1,1
251184,251185,2,1,1
251186,251188,3,1,2
251196,251199,4,1,3
251200,251202,3,1,2
251203,251204,2,1,1
251205,251207,3,1,2
251209,251210,2,1,1
251227,251228,2,1,1
251229,251230,2,1,1
251231,251232,2,1,1
251233,251234,2,1,1
251235,251237,3,1,2
251239,251241,3,2,1
251247,251250,4,3,1
251258,251263,6,3,3
251264,251267,4,2,2
251270,251272,3,1,2
251273,251284,12,5,7
251285,251286,2,1,1
251292,251295,4,2,2
251298,251300,3,1,2
251301,251305,5,1,4
251308,251311,4,1,3
251315,251319,5,4,1
251326,251328,3,1,2
251332,251334,3,1,2
251340,251345,6,5,1
251346,251348,3,1,2
251349,251350,2,1,1
251358,251359,2,1,1
251360,251362,3,1,2
251364,251367,4,2,2
251371,251372,2,1,1
251373,251374,2,1,1
251375,251377,3,2,1
251379,251381,3,2,1
251386,251390,5,2,3
251391,251392,2,1,1
251396,251399,4,1,3
251491,251492,2,1,1
251516,251518,3,1,2
251535,251536,2,1,1
251537,251538,2,1,1
251607,251609,3,1,2
251647,251650,4,1,3
251714,251715,2,1,1
251843,251844,2,1,1
251921,251922,2,1,1
252091,252092,2,1,1
252211,252212,2,1,1
252512,252514,3,2,1
252528,252529,2,1,1
252575,252577,3,1,2
252617,252618,2,1,1
252887,252890,4,1,3
252956,252957,2,1,1
253028,253029,2,1,1
253065,253067,3,2,1
253073,253075,3,1,2
253110,253111,2,1,1
253134,253135,2,1,1
253298,253300,3,2,1
253565,253566,2,1,1
253632,253633,2,1,1
253662,253663,2,1,1
253738,253739,2,1,1
253773,253774,2,1,1
253834,253836,3,1,2
253862,253863,2,1,1
253922,253923,2,1,1
254115,254117,3,1,2
254139,254140,2,1,1
254295,254296,2,1,1
254351,254354,4,1,3
254493,254494,2,1,1
254941,254942,2,1,1
254996,254998,3,1,2
255058,255060,3,1,2
255106,255107,2,1,1
255227,255229,3,1,2
255414,255415,2,1,1
255500,255501,2,1,1
255503,255504,2,1,1
255629,255630,2,1,1
255711,255712,2,1,1
255870,255871,2,1,1
256144,256149,6,2,4
256153,256154,2,1,1
256159,256160,2,1,1
256187,256188,2,1,1
256229,256231,3,1,2
256260,256261,2,1,1
256776,256778,3,1,2
256812,256813,2,1,1
256980,256981,2,1,1
257155,257156,2,1,1
257262,257263,2,1,1
257273,257275,3,1,2
257292,257296,5,2,3
257313,257317,5,1,4
257323,257328,6,1,5
257359,257360,2,1,1
257399,257401,3,1,2
257517,257518,2,1,1
257582,257586,5,1,4
257610,257611,2,1,1
257666,257667,2,1,1
257771,257772,2,1,1
257834,257835,2,1,1
257874,257878,5,1,4
257879,257880,2,1,1
257884,257885,2,1,1
257939,257941,3,1,2
257956,257957,2,1,1
258000,258001,2,1,1
258047,258048,2,1,1
258065,258070,6,1,5
258111,258115,5,1,4
258126,258127,2,1,1
258177,258181,5,1,4
258182,258186,5,1,4
258242,258244,3,1,2
258250,258252,3,1,2
258342,258343,2,1,1
258402,258403,2,1,1
258521,258522,2,1,1
258550,258552,3,1,2
258553,258554,2,1,1
258555,258556,2,1,1
258768,258776,9,1,8
258830,258833,4,1,3
258901,258902,2,1,1
258929,258930,2,1,1
258971,258972,2,1,1
258974,258975,2,1,1
259036,259039,4,1,3
259068,259069,2,1,1
259128,259129,2,1,1
259130,259131,2,1,1
259397,259399,3,2,1
259432,259435,4,1,3
259446,259448,3,1,2
259467,259472,6,1,5
259494,259495,2,1,1
259534,259535,2,1,1
259590,259591,2,1,1
259601,259602,2,1,1
259603,259604,2,1,1
259653,259654,2,1,1
259695,259697,3,2,1
259712,259716,5,1,4
259723,259725,3,1,2
259729,259730,2,1,1
259750,259752,3,1,2
259826,259827,2,1,1
259864,259866,3,1,2
259878,259879,2,1,1
259893,259895,3,1,2
259899,259901,3,1,2
259955,259956,2,1,1
259968,259970,3,1,2
260000,260004,5,1,4
260006,260007,2,1,1
260014,260015,2,1,1
260028,260029,2,1,1
260067,260068,2,1,1
260151,260156,6,1,5
260191,260192,2,1,1
260241,260243,3,1,2
260300,260302,3,1,2
260386,260389,4,3,1
260390,260393,4,3,1
260394,260402,9,8,1
260403,260423,21,20,1
260424,260433,10,9,1
260434,260438,5,4,1
260439,260452,14,13,1
260453,260457,5,4,1
260458,260461,4,2,2
260462,260464,3,2,1
260465,260466,2,1,1
260467,260474,8,7,1
260475,260476,2,1,1
260477,260478,2,1,1
260479,260480,2,1,1
260481,260484,4,3,1
260485,260488,4,3,1
260489,260491,3,2,1
260492,260493,2,1,1
260494,260496,3,2,1
260503,260506,4,3,1
260507,260514,8,7,1
260515,260520,6,4,2
260521,260523,3,2,1
260524,260525,2,1,1
260530,260535,6,5,1
260536,260539,4,3,1
260540,260544,5,2,3
260545,260546,2,1,1
260555,260558,4,1,3
260559,260563,5,1,4
260628,260629,2,1,1
260630,260631,2,1,1
260632,260635,4,2,2
260636,260642,7,4,3
260643,260648,6,5,1
260649,260651,3,1,2
260652,260656,5,4,1
260657,260660,4,3,1
260661,260668,8,7,1
260669,260674,6,5,1
260675,260685,11,10,1
260686,260687,2,1,1
260688,260690,3,2,1
260691,260703,13,12,1
260704,260706,3,2,1
260707,260708,2,1,1
260709,260711,3,2,1
260712,260713,2,1,1
260714,260716,3,2,1
260717,260718,2,1,1
260719,260721,3,2,1
260722,260723,2,1,1
260724,260728,5,4,1
260729,260733,5,4,1
260738,260741,4,3,1
260742,260753,12,11,1
260754,260760,7,5,2
260761,260763,3,2,1
260764,260765,2,1,1
260766,260767,2,1,1
260768,260775,8,7,1
260776,260777,2,1,1
260778,260782,5,4,1
260783,260787,5,4,1
260788,260796,9,8,1
260797,260802,6,4,2
260803,260804,2,1,1
260805,260810,6,4,2
260811,260813,3,1,2
260814,260815,2,1,1
260816,260821,6,4,2
260822,260823,2,1,1
260828,260829,2,1,1
260830,260831,2,1,1
260832,260838,7,6,1
260839,260840,2,1,1
260841,260842,2,1,1
260843,260845,3,1,2
260846,260848,3,2,1
260849,260851,3,1,2
260852,260853,2,1,1
260857,260861,5,4,1
260862,260863,2,1,1
260864,260865,2,1,1
260866,260868,3,2,1
260869,260871,3,2,1
260872,260874,3,2,1
260875,260877,3,2,1
260878,260882,5,3,2
260883,260895,13,10,3
260896,260898,3,1,2
260899,260901,3,2,1
260902,260906,5,4,1
260907,260911,5,1,4
260912,260923,12,9,3
260924,260926,3,2,1
260927,260931,5,4,1
260932,260937,6,4,2
260938,260939,2,1,1
260940,260941,2,1,1
260942,260947,6,5,1
260948,260950,3,2,1
260951,260956,6,5,1
260961,260967,7,2,5
260968,260975,8,7,1
260976,260978,3,2,1
260979,260981,3,2,1
260982,260983,2,1,1
260984,260988,5,4,1
260989,260992,4,3,1
260996,261000,5,4,1
261001,261003,3,1,2
261004,261007,4,3,1
261008,261018,11,10,1
261019,261023,5,3,2
261026,261027,2,1,1
261028,261030,3,2,1
261031,261033,3,2,1
261034,261035,2,1,1
261036,261039,4,2,2
261040,261042,3,1,2
261043,261046,4,3,1
261047,261049,3,2,1
261050,261052,3,1,2
261053,261055,3,2,1
261056,261060,5,4,1
261061,261062,2,1,1
261063,261065,3,1,2
261066,261068,3,2,1
261069,261075,7,6,1
261076,261079,4,3,1
261080,261082,3,1,2
261083,261086,4,3,1
261087,261096,10,8,2
261097,261101,5,4,1
261102,261103,2,1,1
261104,261109,6,4,2
261113,261117,5,4,1
261118,261122,5,2,3
261127,261129,3,2,1
261130,261132,3,1,2
261133,261134,2,1,1
261142,261144,3,2,1
261145,261149,5,4,1
261150,261157,8,4,4
261158,261159,2,1,1
261160,261164,5,4,1
261165,261169,5,4,1
261170,261173,4,2,2
261174,261177,4,3,1
261178,261185,8,6,2
261186,261188,3,2,1
261189,261191,3,1,2
261192,261196,5,4,1
261197,261204,8,6,2
261205,261207,3,2,1
261208,261210,3,2,1
261211,261213,3,1,2
261214,261219,6,5,1
261220,261223,4,2,2
261224,261229,6,4,2
261230,261232,3,1,2
261233,261244,12,11,1
261245,261249,5,1,4
261250,261251,2,1,1
261252,261255,4,3,1
261256,261263,8,3,5
261264,261267,4,2,2
261268,261269,2,1,1
261270,261272,3,2,1
261274,261275,2,1,1
261276,261278,3,2,1
261279,261280,2,1,1
261281,261282,2,1,1
261283,261284,2,1,1
261285,261287,3,2,1
261288,261292,5,4,1
261297,261302,6,5,1
261303,261304,2,1,1
261305,261306,2,1,1
261307,261311,5,3,2
261312,261317,6,4,2
261318,261322,5,4,1
261323,261325,3,1,2
261329,261330,2,1,1
261331,261332,2,1,1
261334,261335,2,1,1
261336,261338,3,2,1
261339,261341,3,2,1
261342,261345,4,3,1
261346,261350,5,4,1
261351,261352,2,1,1
261360,261363,4,2,2
261364,261367,4,1,3
261377,261380,4,2,2
261381,261385,5,3,2
261389,261390,2,1,1
261391,261392,2,1,1
261393,261396,4,2,2
261397,261402,6,3,3
261403,261409,7,6,1
261410,261413,4,2,2
261414,261417,4,3,1
261418,261424,7,6,1
261425,261426,2,1,1
261427,261429,3,2,1
261430,261431,2,1,1
261432,261433,2,1,1
261436,261456,21,20,1
261457,261463,7,5,2
261464,261468,5,4,1
261473,261474,2,1,1
261475,261478,4,3,1
261479,261483,5,4,1
261484,261486,3,2,1
261487,261490,4,3,1
261491,261492,2,1,1
261500,261502,3,2,1
261513,261514,2,1,1
261515,261516,2,1,1
261517,261518,2,1,1
261519,261520,2,1,1
261521,261522,2,1,1
261523,261528,6,1,5
261529,261532,4,3,1
261533,261535,3,1,2
261549,261552,4,3,1
261553,261555,3,2,1
261556,261557,2,1,1
261558,261560,3,2,1
261561,261565,5,2,3
261566,261569,4,3,1
261570,261571,2,1,1
261572,261580,9,5,4
261581,261587,7,6,1
261588,261592,5,4,1
261593,261594,2,1,1
261595,261596,2,1,1
261600,261603,4,3,1
261604,261606,3,2,1
261607,261612,6,1,5
261615,261619,5,1,4
261620,261625,6,4,2
261629,261633,5,3,2
261634,261641,8,7,1
261642,261643,2,1,1
261644,261646,3,2,1
261647,261648,2,1,1
261649,261650,2,1,1
261663,261666,4,1,3
261670,261671,2,1,1
261672,261674,3,2,1
261675,261678,4,1,3
261683,261687,5,1,4
261688,261689,2,1,1
261690,261694,5,3,2
261699,261700,2,1,1
261701,261705,5,3,2
261706,261707,2,1,1
261708,261716,9,8,1
261718,261721,4,3,1
261722,261726,5,1,4
261727,261730,4,1,3
261731,261734,4,3,1
261735,261741,7,4,3
261742,261744,3,2,1
261747,261751,5,4,1
261754,261758,5,2,3
261759,261762,4,2,2
261765,261767,3,2,1
261768,261770,3,2,1
261774,261778,5,4,1
261779,261791,13,12,1
261792,261796,5,3,2
261797,261800,4,1,3
261805,261807,3,2,1
261813,261814,2,1,1
261815,261817,3,2,1
261818,261821,4,3,1
261822,261826,5,3,2
261827,261828,2,1,1
261831,261832,2,1,1
261833,261834,2,1,1
261835,261837,3,2,1
261843,261845,3,2,1
261846,261852,7,2,5
261853,261855,3,2,1
261856,261860,5,3,2
261861,261864,4,3,1
261865,261868,4,3,1
261870,261872,3,2,1
261873,261876,4,3,1
261878,261880,3,2,1
261881,261884,4,2,2
261885,261887,3,1,2
261888,261890,3,2,1
261891,261894,4,3,1
261895,261898,4,2,2
261899,261903,5,1,4
261904,261905,2,1,1
261906,261909,4,2,2
261910,261912,3,2,1
261913,261914,2,1,1
261915,261921,7,5,2
261925,261929,5,4,1
261930,261936,7,5,2
261937,261938,2,1,1
261939,261940,2,1,1
261941,261945,5,4,1
261947,261952,6,5,1
261955,261959,5,4,1
261960,261964,5,3,2
261969,261971,3,2,1
261972,261973,2,1,1
261974,261978,5,4,1
261980,261981,2,1,1
261983,261988,6,4,2
261989,261991,3,1,2
261992,261999,8,3,5
262005,262006,2,1,1
262007,262010,4,1,3
262012,262013,2,1,1
262014,262019,6,4,2
262020,262025,6,2,4
262026,262027,2,1,1
262028,262030,3,2,1
262031,262034,4,1,3
262036,262037,2,1,1
262038,262040,3,1,2
262041,262044,4,3,1
262045,262051,7,6,1
262052,262055,4,3,1
262060,262063,4,3,1
262064,262065,2,1,1
262067,262068,2,1,1
262072,262077,6,4,2
262078,262081,4,3,1
262082,262094,13,11,2
262095,262096,2,1,1
262097,262102,6,5,1
262105,262109,5,4,1
262113,262116,4,3,1
262117,262124,8,7,1
262125,262126,2,1,1
262127,262130,4,3,1
262132,262133,2,1,1
262145,262149,5,4,1
262150,262151,2,1,1
262152,262153,2,1,1
262154,262161,8,4,4
262165,262167,3,2,1
262173,262176,4,2,2
262187,262188,2,1,1
262189,262191,3,2,1
262192,262193,2,1,1
262194,262195,2,1,1
262196,262199,4,3,1
262200,262206,7,5,2
262207,262211,5,4,1
262212,262214,3,1,2
262216,262220,5,4,1
262221,262227,7,4,3
262228,262230,3,1,2
262231,262233,3,2,1
262234,262237,4,3,1
262238,262240,3,1,2
262241,262244,4,3,1
262249,262251,3,2,1
262252,262256,5,3,2
262257,262263,7,6,1
262264,262267,4,3,1
262268,262272,5,4,1
262273,262274,2,1,1
262275,262276,2,1,1
262277,262278,2,1,1
262279,262281,3,2,1
262284,262285,2,1,1
262286,262290,5,2,3
262291,262292,2,1,1
262302,262303,2,1,1
262304,262308,5,1,4
262309,262311,3,1,2
262312,262313,2,1,1
262314,262315,2,1,1
262316,262318,3,2,1
262319,262321,3,2,1
262322,262324,3,2,1
262325,262328,4,3,1
262329,262331,3,1,2
262332,262337,6,5,1
262338,262340,3,2,1
262341,262348,8,5,3
262349,262350,2,1,1
262351,262354,4,2,2
262355,262358,4,3,1
262359,262361,3,2,1
262366,262368,3,1,2
262378,262381,4,2,2
262382,262387,6,2,4
262390,262392,3,2,1
262395,262396,2,1,1
262397,262398,2,1,1
262399,262403,5,2,3
262409,262410,2,1,1
262411,262415,5,4,1
262417,262418,2,1,1
262424,262425,2,1,1
262426,262428,3,1,2
262433,262436,4,2,2
262437,262440,4,3,1
262441,262445,5,4,1
262446,262450,5,3,2
262455,262456,2,1,1
262457,262458,2,1,1
262459,262460,2,1,1
262461,262462,2,1,1
262463,262465,3,2,1
262466,262475,10,9,1
262476,262478,3,1,2
262479,262482,4,3,1
262483,262484,2,1,1
262489,262490,2,1,1
262491,262493,3,2,1
262494,262496,3,1,2
262498,262502,5,2,3
262503,262504,2,1,1
262505,262507,3,1,2
262508,262510,3,1,2
262511,262512,2,1,1
262513,262516,4,3,1
262517,262519,3,1,2
262522,262525,4,3,1
262527,262529,3,1,2
262530,262532,3,2,1
262533,262538,6,5,1
262539,262542,4,3,1
262543,262545,3,2,1
262548,262549,2,1,1
262550,262556,7,3,4
262557,262559,3,1,2
262560,262564,5,4,1
262566,262572,7,6,1
262574,262575,2,1,1
262581,262586,6,1,5
262591,262594,4,2,2
262597,262601,5,1,4
262602,262608,7,2,5
262613,262616,4,3,1
262617,262624,8,7,1
262628,262629,2,1,1
262630,262632,3,1,2
262633,262636,4,1,3
262637,262639,3,1,2
262640,262642,3,1,2
262646,262648,3,1,2
262649,262652,4,1,3
262654,262657,4,3,1
262658,262665,8,5,3
262666,262671,6,5,1
262672,262675,4,1,3
262676,262677,2,1,1
262678,262682,5,3,2
262683,262685,3,2,1
262686,262690,5,4,1
262691,262695,5,3,2
262696,262697,2,1,1
262698,262704,7,6,1
262705,262708,4,1,3
262731,262734,4,1,3
262735,262738,4,3,1
262739,262741,3,2,1
262742,262743,2,1,1
262744,262746,3,2,1
262747,262750,4,1,3
262751,262753,3,2,1
262754,262757,4,2,2
262763,262767,5,4,1
262768,262770,3,1,2
262771,262775,5,2,3
262776,262779,4,3,1
262780,262782,3,1,2
262783,262788,6,2,4
262789,262792,4,2,2
262793,262798,6,2,4
262800,262803,4,3,1
262804,262806,3,2,1
262807,262809,3,2,1
262812,262814,3,1,2
262815,262819,5,3,2
262820,262821,2,1,1
262822,262826,5,4,1
262827,262828,2,1,1
262829,262830,2,1,1
262831,262837,7,4,3
262838,262841,4,1,3
262846,262848,3,2,1
262849,262853,5,4,1
262858,262863,6,4,2
262864,262867,4,3,1
262873,262876,4,3,1
262877,262880,4,1,3
262881,262884,4,3,1
262885,262887,3,1,2
262888,262890,3,2,1
262891,262897,7,5,2
262898,262907,10,4,6
262908,262911,4,3,1
262912,262913,2,1,1
262914,262917,4,1,3
262918,262920,3,2,1
262921,262926,6,2,4
262927,262931,5,4,1
262932,262935,4,2,2
262936,262937,2,1,1
262941,262942,2,1,1
262943,262944,2,1,1
262945,262949,5,4,1
262950,262955,6,5,1
262956,262958,3,2,1
262959,262963,5,2,3
262964,262970,7,4,3
262973,262975,3,2,1
262976,262978,3,2,1
262979,262984,6,4,2
262985,262987,3,1,2
262988,262989,2,1,1
262990,262993,4,2,2
262998,263003,6,5,1
263004,263006,3,1,2
263009,263010,2,1,1
263019,263020,2,1,1
263021,263024,4,1,3
263025,263028,4,2,2
263029,263034,6,2,4
263035,263040,6,5,1
263041,263043,3,2,1
263044,263046,3,2,1
263047,263049,3,2,1
263050,263051,2,1,1
263052,263056,5,3,2
263058,263061,4,3,1
263062,263066,5,1,4
263067,263069,3,1,2
263076,263078,3,1,2
263081,263082,2,1,1
263083,263084,2,1,1
263087,263088,2,1,1
263098,263099,2,1,1
263100,263102,3,2,1
263103,263105,3,2,1
263109,263110,2,1,1
263111,263114,4,3,1
263115,263119,5,2,3
263120,263122,3,2,1
263125,263128,4,1,3
263129,263132,4,3,1
263133,263135,3,2,1
263136,263138,3,2,1
263139,263141,3,2,1
263142,263145,4,3,1
263146,263149,4,2,2
263150,263151,2,1,1
263156,263157,2,1,1
263158,263159,2,1,1
263161,263165,5,4,1
263166,263167,2,1,1
263169,263170,2,1,1
263171,263174,4,2,2
263175,263178,4,3,1
263179,263180,2,1,1
263181,263184,4,1,3
263185,263187,3,2,1
263188,263192,5,4,1
263193,263194,2,1,1
263195,263196,2,1,1
263197,263198,2,1,1
263199,263206,8,7,1
263209,263210,2,1,1
263211,263213,3,1,2
263214,263215,2,1,1
263216,263217,2,1,1
263218,263222,5,3,2
263223,263228,6,4,2
263229,263231,3,1,2
263232,263233,2,1,1
263234,263237,4,2,2
263238,263241,4,2,2
263242,263246,5,4,1
263249,263251,3,2,1
263252,263253,2,1,1
263263,263267,5,2,3
263268,263270,3,2,1
263271,263274,4,2,2
263275,263276,2,1,1
263277,263281,5,1,4
263287,263292,6,4,2
263293,263298,6,5,1
263299,263302,4,3,1
263306,263309,4,2,2
263317,263318,2,1,1
263319,263323,5,1,4
263324,263325,2,1,1
263326,263328,3,1,2
263329,263331,3,1,2
263338,263339,2,1,1
263343,263345,3,1,2
263346,263348,3,1,2
263355,263361,7,4,3
263362,263363,2,1,1
263364,263367,4,3,1
263368,263371,4,3,1
263372,263376,5,3,2
263377,263382,6,4,2
263387,263390,4,3,1
263395,263396,2,1,1
263398,263405,8,1,7
263410,263417,8,5,3
263421,263423,3,2,1
263426,263427,2,1,1
263434,263438,5,3,2
263441,263443,3,1,2
263444,263445,2,1,1
263446,263449,4,3,1
263451,263452,2,1,1
263454,263461,8,5,3
263462,263468,7,1,6
263471,263473,3,2,1
263474,263476,3,1,2
263477,263479,3,2,1
263483,263485,3,1,2
263486,263488,3,1,2
263489,263494,6,1,5
263495,263497,3,1,2
263502,263503,2,1,1
263518,263521,4,2,2
263524,263526,3,1,2
263530,263536,7,6,1
263549,263552,4,3,1
263553,263559,7,6,1
263560,263567,8,3,5
263570,263572,3,2,1
263582,263583,2,1,1
263584,263587,4,1,3
263588,263593,6,5,1
263596,263600,5,4,1
263601,263603,3,2,1
263612,263613,2,1,1
263614,263619,6,5,1
263620,263628,9,8,1
263629,263630,2,1,1
263631,263633,3,1,2
263634,263637,4,1,3
263638,263640,3,1,2
263641,263642,2,1,1
263652,263653,2,1,1
263654,263655,2,1,1
263661,263664,4,1,3
263668,263671,4,1,3
263672,263677,6,3,3
263679,263682,4,3,1
263683,263688,6,2,4
263689,263691,3,2,1
263692,263698,7,5,2
263699,263702,4,3,1
263709,263711,3,1,2
263712,263713,2,1,1
263716,263717,2,1,1
263718,263721,4,3,1
263722,263725,4,3,1
263730,263731,2,1,1
263732,263733,2,1,1
263734,263739,6,2,4
263740,263744,5,4,1
263745,263748,4,1,3
263750,263754,5,1,4
263761,263764,4,3,1
263765,263766,2,1,1
263767,263770,4,3,1
263771,263772,2,1,1
263775,263780,6,5,1
263781,263785,5,1,4
263786,263788,3,2,1
263789,263792,4,2,2
263793,263798,6,1,5
263799,263801,3,2,1
263802,263803,2,1,1
263804,263805,2,1,1
263806,263810,5,4,1
263811,263813,3,2,1
263814,263816,3,1,2
263817,263818,2,1,1
263819,263820,2,1,1
263821,263825,5,2,3
263826,263832,7,2,5
263833,263836,4,2,2
263837,263840,4,1,3
263843,263845,3,1,2
263846,263851,6,4,2
263854,263856,3,2,1
263857,263860,4,1,3
263861,263862,2,1,1
263863,263865,3,2,1
263866,263869,4,2,2
263870,263874,5,1,4
263876,263880,5,2,3
263881,263884,4,3,1
263885,263886,2,1,1
263887,263890,4,1,3
263891,263893,3,1,2
263894,263895,2,1,1
263904,263907,4,1,3
263908,263912,5,4,1
263913,263915,3,2,1
263916,263919,4,3,1
263920,263930,11,7,4
263933,263935,3,1,2
263936,263940,5,2,3
263943,263945,3,1,2
263946,263949,4,1,3
263950,263956,7,6,1
263960,263961,2,1,1
263962,263965,4,1,3
263966,263970,5,2,3
263971,263974,4,3,1
263975,263979,5,3,2
263980,263981,2,1,1
263982,263985,4,1,3
263986,263989,4,2,2
263990,263992,3,1,2
263998,264002,5,4,1
264017,264019,3,1,2
264020,264021,2,1,1
264022,264025,4,3,1
264026,264027,2,1,1
264032,264033,2,1,1
264037,264039,3,2,1
264040,264042,3,1,2
264043,264046,4,2,2
264047,264048,2,1,1
264049,264050,2,1,1
264051,264052,2,1,1
264053,264055,3,2,1
264060,264065,6,2,4
264066,264068,3,2,1
264071,264074,4,3,1
264075,264076,2,1,1
264079,264080,2,1,1
264083,264084,2,1,1
264085,264086,2,1,1
264087,264089,3,2,1
264090,264091,2,1,1
264092,264094,3,2,1
264095,264097,3,2,1
264098,264100,3,2,1
264106,264109,4,1,3
264110,264111,2,1,1
264112,264114,3,2,1
264115,264122,8,2,6
264123,264125,3,2,1
264126,264127,2,1,1
264128,264134,7,2,5
264135,264136,2,1,1
264137,264140,4,2,2
264141,264143,3,2,1
264144,264145,2,1,1
264146,264147,2,1,1
264150,264151,2,1,1
264152,264154,3,2,1
264155,264160,6,4,2
264164,264166,3,2,1
264169,264179,11,9,2
264180,264184,5,2,3
264188,264191,4,3,1
264197,264199,3,2,1
264200,264202,3,2,1
264206,264208,3,2,1
264210,264213,4,1,3
264214,264215,2,1,1
264216,264218,3,2,1
264219,264223,5,4,1
264224,264229,6,2,4
264230,264231,2,1,1
264232,264233,2,1,1
264234,264235,2,1,1
264250,264252,3,2,1
264253,264254,2,1,1
264255,264257,3,2,1
264258,264260,3,2,1
264261,264262,2,1,1
264263,264265,3,1,2
264266,264268,3,2,1
264274,264276,3,2,1
264277,264278,2,1,1
264280,264282,3,2,1
264283,264289,7,5,2
264291,264292,2,1,1
264293,264296,4,3,1
264297,264298,2,1,1
264299,264301,3,2,1
264302,264304,3,2,1
264310,264311,2,1,1
264312,264313,2,1,1
264314,264318,5,1,4
264319,264320,2,1,1
264321,264322,2,1,1
264323,264328,6,5,1
264329,264332,4,1,3
264336,264339,4,3,1
264340,264341,2,1,1
264342,264345,4,2,2
264346,264347,2,1,1
264349,264353,5,3,2
264354,264357,4,2,2
264358,264361,4,3,1
264364,264368,5,3,2
264375,264379,5,3,2
264380,264384,5,3,2
264387,264389,3,1,2
264390,264391,2,1,1
264392,264393,2,1,1
264394,264397,4,3,1
264404,264406,3,2,1
264407,264409,3,1,2
264410,264411,2,1,1
264412,264413,2,1,1
264418,264419,2,1,1
264420,264425,6,4,2
264426,264429,4,2,2
264430,264433,4,3,1
264434,264436,3,1,2
264437,264438,2,1,1
264443,264444,2,1,1
264448,264452,5,1,4
264453,264454,2,1,1
264455,264457,3,1,2
264458,264459,2,1,1
264467,264468,2,1,1
264469,264470,2,1,1
264471,264473,3,2,1
264474,264477,4,2,2
264478,264479,2,1,1
264480,264484,5,3,2
264492,264495,4,3,1
264496,264498,3,1,2
264499,264500,2,1,1
264501,264502,2,1,1
264508,264509,2,1,1
264510,264512,3,2,1
264515,264518,4,3,1
264519,264523,5,2,3
264524,264526,3,1,2
264527,264529,3,1,2
264534,264536,3,2,1
264542,264546,5,2,3
264549,264550,2,1,1
264551,264556,6,4,2
264557,264561,5,1,4
264562,264565,4,1,3
264573,264576,4,2,2
264577,264579,3,1,2
264580,264582,3,2,1
264583,264584,2,1,1
264585,264586,2,1,1
264589,264591,3,1,2
264592,264596,5,3,2
264597,264599,3,1,2
264600,264601,2,1,1
264602,264604,3,1,2
264609,264610,2,1,1
264611,264617,7,3,4
264618,264620,3,2,1
264621,264623,3,2,1
264624,264627,4,3,1
264628,264631,4,3,1
264632,264634,3,1,2
264639,264640,2,1,1
264656,264657,2,1,1
264658,264659,2,1,1
264663,264666,4,1,3
264667,264670,4,2,2
264674,264679,6,5,1
264680,264681,2,1,1
264683,264684,2,1,1
264691,264693,3,2,1
264695,264699,5,1,4
264700,264701,2,1,1
264703,264705,3,2,1
264712,264714,3,1,2
264715,264717,3,2,1
264718,264721,4,3,1
264723,264725,3,1,2
264728,264730,3,2,1
264740,264742,3,1,2
264743,264745,3,1,2
264746,264747,2,1,1
264748,264750,3,2,1
264754,264757,4,3,1
264758,264759,2,1,1
264760,264761,2,1,1
264763,264766,4,2,2
264769,264771,3,2,1
264775,264777,3,2,1
264780,264783,4,2,2
264784,264785,2,1,1
264788,264792,5,1,4
264793,264794,2,1,1
264796,264797,2,1,1
264798,264800,3,2,1
264803,264804,2,1,1
264805,264806,2,1,1
264807,264809,3,1,2
264810,264815,6,1,5
264816,264818,3,1,2
264819,264822,4,3,1
264829,264835,7,4,3
264839,264840,2,1,1
264841,264844,4,2,2
264845,264847,3,2,1
264856,264857,2,1,1
264859,264861,3,2,1
264862,264866,5,4,1
264867,264869,3,2,1
264871,264872,2,1,1
264875,264877,3,2,1
264879,264880,2,1,1
264881,264883,3,1,2
264884,264886,3,2,1
264888,264890,3,2,1
264893,264896,4,2,2
264897,264900,4,1,3
264907,264909,3,2,1
264910,264912,3,2,1
264914,264917,4,3,1
264918,264921,4,2,2
264922,264928,7,6,1
264929,264931,3,2,1
264942,264945,4,1,3
264949,264951,3,2,1
264952,264960,9,4,5
264961,264964,4,1,3
264965,264968,4,3,1
264969,264970,2,1,1
264971,264976,6,5,1
264977,264981,5,3,2
264982,264983,2,1,1
264984,264988,5,4,1
264989,264992,4,3,1
264993,264997,5,2,3
264998,265001,4,2,2
265008,265009,2,1,1
265010,265012,3,1,2
265013,265016,4,1,3
265028,265030,3,1,2
265034,265035,2,1,1
265038,265043,6,5,1
265056,265057,2,1,1
265058,265060,3,2,1
265061,265062,2,1,1
265063,265066,4,3,1
265067,265070,4,3,1
265072,265075,4,3,1
265076,265083,8,3,5
265084,265087,4,2,2
265088,265093,6,3,3
265094,265097,4,1,3
265105,265107,3,2,1
265108,265109,2,1,1
265116,265120,5,4,1
265123,265128,6,1,5
265130,265132,3,2,1
265134,265137,4,2,2
265140,265141,2,1,1
265142,265143,2,1,1
265144,265145,2,1,1
265146,265147,2,1,1
265151,265156,6,1,5
265157,265159,3,2,1
265160,265164,5,4,1
265165,265167,3,2,1
265173,265176,4,1,3
265183,265188,6,5,1
265190,265192,3,2,1
265195,265197,3,2,1
265207,265214,8,5,3
265221,265225,5,1,4
265226,265232,7,3,4
265233,265234,2,1,1
265235,265237,3,1,2
265245,265251,7,6,1
265257,265260,4,2,2
265263,265269,7,5,2
265276,265277,2,1,1
265278,265279,2,1,1
265280,265282,3,2,1
265283,265285,3,2,1
265286,265287,2,1,1
265288,265292,5,3,2
265293,265296,4,3,1
265297,265298,2,1,1
265304,265308,5,1,4
265311,265312,2,1,1
265313,265314,2,1,1
265315,265316,2,1,1
265317,265320,4,2,2
265321,265324,4,2,2
265325,265334,10,5,5
265336,265339,4,1,3
265340,265343,4,3,1
265344,265349,6,1,5
265351,265353,3,1,2
265359,265360,2,1,1
265361,265365,5,1,4
265366,265367,2,1,1
265369,265370,2,1,1
265371,265372,2,1,1
265377,265382,6,5,1
265383,265384,2,1,1
265385,265389,5,2,3
265390,265393,4,1,3
265394,265399,6,3,3
265401,265405,5,1,4
265406,265410,5,3,2
265421,265424,4,3,1
265427,265429,3,1,2
265433,265435,3,1,2
265437,265440,4,2,2
265444,265447,4,2,2
265448,265450,3,1,2
265452,265456,5,3,2
265457,265459,3,2,1
265460,265461,2,1,1
265462,265464,3,1,2
265469,265475,7,2,5
265476,265478,3,2,1
265485,265490,6,5,1
265491,265493,3,2,1
265494,265497,4,3,1
265498,265499,2,1,1
265504,265505,2,1,1
265506,265508,3,1,2
265513,265515,3,2,1
265516,265517,2,1,1
265518,265520,3,2,1
265523,265527,5,4,1
265530,265532,3,2,1
265533,265534,2,1,1
265535,265538,4,3,1
265541,265544,4,3,1
265552,265553,2,1,1
265554,265555,2,1,1
265569,265575,7,6,1
265576,265578,3,1,2
265579,265581,3,1,2
265583,265584,2,1,1
265590,265593,4,2,2
265596,265601,6,2,4
265607,265610,4,2,2
265611,265612,2,1,1
265622,265625,4,3,1
265626,265630,5,1,4
265631,265632,2,1,1
265636,265638,3,2,1
265639,265641,3,2,1
265642,265643,2,1,1
265645,265647,3,2,1
265648,265649,2,1,1
265652,265653,2,1,1
265658,265661,4,2,2
265662,265663,2,1,1
265664,265665,2,1,1
265673,265675,3,1,2
265676,265680,5,1,4
265695,265698,4,3,1
265699,265703,5,2,3
265704,265708,5,3,2
265712,265715,4,2,2
265716,265717,2,1,1
265720,265724,5,1,4
265725,265729,5,1,4
265740,265742,3,2,1
265743,265744,2,1,1
265746,265748,3,2,1
265764,265768,5,3,2
265771,265774,4,3,1
265775,265776,2,1,1
265780,265781,2,1,1
265782,265783,2,1,1
265788,265790,3,2,1
265791,265795,5,3,2
265796,265798,3,1,2
265802,265804,3,2,1
265807,265810,4,2,2
265816,265818,3,2,1
265826,265827,2,1,1
265832,265834,3,2,1
265836,265839,4,3,1
265840,265844,5,3,2
265845,265847,3,2,1
265853,265856,4,1,3
265859,265862,4,3,1
265869,265874,6,3,3
265878,265880,3,2,1
265881,265883,3,2,1
265888,265892,5,3,2
265893,265896,4,1,3
265897,265899,3,1,2
265900,265902,3,1,2
265903,265904,2,1,1
265905,265910,6,3,3
265911,265912,2,1,1
265913,265915,3,1,2
265922,265923,2,1,1
265928,265932,5,3,2
265937,265939,3,2,1
265940,265943,4,1,3
265944,265945,2,1,1
265946,265950,5,2,3
265951,265955,5,1,4
265956,265957,2,1,1
265962,265968,7,3,4
265977,265979,3,2,1
265980,265982,3,2,1
265983,265984,2,1,1
265993,265996,4,2,2
265997,265999,3,2,1
266000,266001,2,1,1
266010,266011,2,1,1
266012,266016,5,3,2
266017,266025,9,2,7
266031,266033,3,2,1
266034,266037,4,1,3
266038,266040,3,2,1
266041,266044,4,3,1
266045,266048,4,1,3
266059,266062,4,3,1
266064,266066,3,2,1
266067,266068,2,1,1
266077,266080,4,1,3
266081,266082,2,1,1
266083,266085,3,1,2
266086,266088,3,2,1
266089,266090,2,1,1
266093,266096,4,2,2
266102,266105,4,3,1
266108,266109,2,1,1
266117,266119,3,2,1
266120,266121,2,1,1
266122,266125,4,2,2
266126,266127,2,1,1
266128,266131,4,2,2
266132,266138,7,2,5
266139,266145,7,4,3
266146,266149,4,2,2
266151,266153,3,2,1
266154,266158,5,4,1
266159,266160,2,1,1
266161,266162,2,1,1
266163,266167,5,3,2
266175,266179,5,3,2
266180,266182,3,1,2
266187,266188,2,1,1
266189,266190,2,1,1
266191,266192,2,1,1
266196,266198,3,2,1
266201,266202,2,1,1
266203,266205,3,2,1
266211,266213,3,1,2
266214,266215,2,1,1
266216,266217,2,1,1
266218,266220,3,1,2
266221,266227,7,3,4
266228,266231,4,1,3
266232,266237,6,3,3
266240,266245,6,1,5
266251,266253,3,2,1
266255,266257,3,2,1
266258,266259,2,1,1
266261,266262,2,1,1
266263,266265,3,2,1
266266,266267,2,1,1
266270,266271,2,1,1
266272,266279,8,6,2
266280,266286,7,2,5
266290,266296,7,5,2
266300,266304,5,2,3
266309,266311,3,1,2
266313,266317,5,2,3
266324,266328,5,1,4
266330,266333,4,3,1
266334,266341,8,3,5
266342,266345,4,3,1
266357,266360,4,1,3
266361,266363,3,2,1
266367,266369,3,1,2
266370,266375,6,5,1
266376,266383,8,6,2
266384,266388,5,3,2
266392,266398,7,4,3
266402,266411,10,3,7
266414,266415,2,1,1
266416,266418,3,1,2
266423,266424,2,1,1
266429,266432,4,3,1
266433,266434,2,1,1
266435,266439,5,2,3
266442,266444,3,2,1
266446,266447,2,1,1
266448,266449,2,1,1
266450,266453,4,3,1
266454,266456,3,2,1
266457,266460,4,2,2
266461,266464,4,2,2
266465,266468,4,1,3
266469,266470,2,1,1
266471,266473,3,1,2
266476,266479,4,3,1
266481,266484,4,1,3
266487,266490,4,2,2
266491,266497,7,1,6
266513,266518,6,2,4
266521,266526,6,1,5
266527,266529,3,2,1
266536,266538,3,2,1
266541,266546,6,5,1
266547,266549,3,2,1
266551,266552,2,1,1
266556,266557,2,1,1
266558,266559,2,1,1
266571,266572,2,1,1
266573,266575,3,2,1
266583,266586,4,2,2
266587,266594,8,5,3
266595,266597,3,2,1
266599,266600,2,1,1
266603,266605,3,2,1
266606,266607,2,1,1
266608,266610,3,2,1
266611,266613,3,2,1
266614,266617,4,1,3
266625,266626,2,1,1
266627,266629,3,2,1
266630,266632,3,1,2
266634,266637,4,3,1
266639,266641,3,1,2
266645,266646,2,1,1
266647,266648,2,1,1
266649,266656,8,3,5
266657,266661,5,4,1
266662,266665,4,3,1
266666,266669,4,1,3
266671,266673,3,2,1
266674,266677,4,2,2
266678,266680,3,1,2
266682,266684,3,1,2
266687,266688,2,1,1
266700,266702,3,2,1
266703,266704,2,1,1
266709,266711,3,2,1
266712,266713,2,1,1
266715,266720,6,1,5
266730,266731,2,1,1
266732,266735,4,1,3
266738,266740,3,1,2
266741,266742,2,1,1
266747,266751,5,2,3
266752,266755,4,1,3
266760,266766,7,3,4
266767,266769,3,1,2
266770,266772,3,1,2
266776,266779,4,2,2
266780,266782,3,2,1
266783,266786,4,3,1
266787,266789,3,2,1
266790,266791,2,1,1
266792,266794,3,2,1
266795,266796,2,1,1
266797,266800,4,2,2
266801,266803,3,1,2
266806,266807,2,1,1
266809,266815,7,6,1
266816,266822,7,4,3
266823,266825,3,2,1
266826,266832,7,5,2
266833,266834,2,1,1
266835,266836,2,1,1
266837,266838,2,1,1
266839,266842,4,2,2
266848,266849,2,1,1
266850,266851,2,1,1
266852,266853,2,1,1
266854,266861,8,6,2
266862,266863,2,1,1
266864,266865,2,1,1
266866,266869,4,2,2
266872,266874,3,2,1
266875,266876,2,1,1
266877,266880,4,1,3
266887,266888,2,1,1
266889,266890,2,1,1
266902,266905,4,3,1
266906,266908,3,2,1
266912,266918,7,5,2
266922,266925,4,1,3
266927,266928,2,1,1
266929,266931,3,1,2
266932,266933,2,1,1
266934,266938,5,4,1
266941,266943,3,2,1
266944,266946,3,2,1
266947,266950,4,1,3
266951,266953,3,1,2
266954,266956,3,2,1
266961,266968,8,1,7
266969,266971,3,2,1
266982,266987,6,1,5
266994,266995,2,1,1
266996,266999,4,3,1
267000,267002,3,2,1
267003,267005,3,1,2
267011,267014,4,1,3
267031,267034,4,1,3
267035,267037,3,2,1
267038,267044,7,3,4
267050,267055,6,1,5
267057,267061,5,1,4
267070,267072,3,2,1
267073,267075,3,2,1
267077,267080,4,1,3
267082,267085,4,2,2
267086,267088,3,2,1
267096,267098,3,2,1
267099,267101,3,1,2
267106,267107,2,1,1
267108,267116,9,6,3
267117,267121,5,1,4
267122,267127,6,1,5
267128,267129,2,1,1
267130,267135,6,2,4
267136,267139,4,1,3
267140,267141,2,1,1
267142,267144,3,2,1
267145,267146,2,1,1
267154,267155,2,1,1
267156,267157,2,1,1
267158,267159,2,1,1
267160,267162,3,2,1
267169,267172,4,1,3
267176,267178,3,2,1
267179,267187,9,6,3
267188,267193,6,5,1
267195,267196,2,1,1
267197,267200,4,2,2
267208,267211,4,3,1
267212,267214,3,2,1
267216,267218,3,1,2
267219,267222,4,2,2
267226,267227,2,1,1
267232,267236,5,4,1
267237,267238,2,1,1
267242,267245,4,2,2
267250,267252,3,2,1
267253,267257,5,3,2
267258,267259,2,1,1
267267,267270,4,1,3
267271,267273,3,2,1
267274,267276,3,2,1
267285,267286,2,1,1
267287,267290,4,3,1
267293,267299,7,6,1
267303,267304,2,1,1
267307,267309,3,2,1
267311,267314,4,2,2
267321,267322,2,1,1
267330,267331,2,1,1
267337,267338,2,1,1
267341,267343,3,1,2
267344,267347,4,1,3
267348,267350,3,1,2
267351,267354,4,2,2
267365,267367,3,2,1
267370,267372,3,2,1
267380,267381,2,1,1
267383,267385,3,1,2
267387,267391,5,4,1
267393,267395,3,1,2
267399,267401,3,2,1
267402,267403,2,1,1
267421,267422,2,1,1
267423,267428,6,2,4
267430,267432,3,1,2
267433,267434,2,1,1
267438,267440,3,2,1
267448,267449,2,1,1
267452,267455,4,1,3
267458,267463,6,2,4
267464,267469,6,4,2
267470,267471,2,1,1
267472,267476,5,2,3
267480,267483,4,3,1
267484,267490,7,4,3
267496,267498,3,2,1
267499,267500,2,1,1
267504,267511,8,4,4
267516,267517,2,1,1
267518,267519,2,1,1
267520,267522,3,1,2
267523,267525,3,1,2
267528,267530,3,1,2
267531,267535,5,2,3
267536,267538,3,1,2
267541,267543,3,1,2
267544,267547,4,1,3
267548,267549,2,1,1
267563,267564,2,1,1
267569,267571,3,1,2
267573,267574,2,1,1
267575,267579,5,4,1
267581,267586,6,1,5
267587,267588,2,1,1
267592,267596,5,2,3
267601,267603,3,2,1
267608,267609,2,1,1
267618,267621,4,2,2
267624,267625,2,1,1
267626,267627,2,1,1
267628,267632,5,1,4
267633,267636,4,3,1
267642,267644,3,2,1
267645,267646,2,1,1
267647,267649,3,1,2
267658,267659,2,1,1
267660,267661,2,1,1
267667,267668,2,1,1
267675,267678,4,2,2
267679,267680,2,1,1
267681,267682,2,1,1
267685,267687,3,2,1
267688,267689,2,1,1
267690,267692,3,1,2
267693,267694,2,1,1
267697,267700,4,2,2
267707,267712,6,1,5
267717,267719,3,2,1
267720,267722,3,1,2
267728,267731,4,1,3
267732,267742,11,4,7
267743,267747,5,1,4
267748,267751,4,2,2
267757,267758,2,1,1
267759,267764,6,4,2
267766,267767,2,1,1
267768,267770,3,2,1
267772,267775,4,3,1
267790,267792,3,2,1
267793,267795,3,2,1
267803,267805,3,2,1
267810,267813,4,3,1
267814,267816,3,1,2
267821,267824,4,3,1
267828,267833,6,1,5
267834,267837,4,2,2
267838,267840,3,1,2
267841,267849,9,2,7
267853,267857,5,2,3
267858,267860,3,2,1
267861,267866,6,5,1
267867,267869,3,1,2
267873,267876,4,3,1
267877,267879,3,1,2
267880,267881,2,1,1
267882,267886,5,2,3
267887,267891,5,3,2
267892,267894,3,1,2
267898,267902,5,3,2
267907,267909,3,1,2
267910,267911,2,1,1
267921,267925,5,1,4
267927,267933,7,6,1
267937,267939,3,1,2
267940,267944,5,4,1
267945,267947,3,2,1
267948,267952,5,4,1
267953,267954,2,1,1
267963,267967,5,2,3
267972,267973,2,1,1
267982,267989,8,4,4
267996,268002,7,5,2
268003,268011,9,7,2
268012,268013,2,1,1
268017,268020,4,2,2
268021,268023,3,1,2
268026,268030,5,1,4
268036,268038,3,2,1
268040,268041,2,1,1
268043,268044,2,1,1
268045,268047,3,2,1
268048,268052,5,3,2
268053,268056,4,3,1
268057,268059,3,2,1
268060,268061,2,1,1
268062,268068,7,3,4
268070,268072,3,1,2
268073,268075,3,2,1
268078,268079,2,1,1
268080,268082,3,2,1
268083,268090,8,6,2
268091,268092,2,1,1
268097,268099,3,1,2
268100,268102,3,1,2
268103,268104,2,1,1
268105,268106,2,1,1
268112,268115,4,2,2
268117,268119,3,1,2
268134,268140,7,3,4
268141,268142,2,1,1
268143,268144,2,1,1
268145,268148,4,3,1
268149,268151,3,1,2
268152,268153,2,1,1
268154,268156,3,2,1
268157,268158,2,1,1
268159,268163,5,2,3
268164,268166,3,1,2
268167,268171,5,4,1
268172,268175,4,2,2
268181,268183,3,1,2
268184,268185,2,1,1
268187,268193,7,5,2
268194,268199,6,2,4
268201,268202,2,1,1
268207,268208,2,1,1
268215,268216,2,1,1
268217,268219,3,1,2
268220,268221,2,1,1
268223,268227,5,3,2
268228,268229,2,1,1
268230,268231,2,1,1
268235,268240,6,5,1
268241,268242,2,1,1
268243,268247,5,3,2
268251,268256,6,3,3
268257,268263,7,3,4
268268,268270,3,1,2
268275,268276,2,1,1
268277,268279,3,2,1
268280,268283,4,3,1
268284,268286,3,2,1
268287,268288,2,1,1
268292,268295,4,2,2
268296,268302,7,3,4
268303,268305,3,2,1
268307,268308,2,1,1
268310,268311,2,1,1
268312,268314,3,1,2
268315,268316,2,1,1
268317,268318,2,1,1
268319,268325,7,5,2
268326,268327,2,1,1
268328,268330,3,1,2
268331,268334,4,1,3
268338,268339,2,1,1
268344,268345,2,1,1
268354,268357,4,3,1
268359,268361,3,2,1
268377,268380,4,3,1
268381,268382,2,1,1
268385,268388,4,3,1
268389,268392,4,1,3
268393,268397,5,1,4
268399,268402,4,1,3
268404,268407,4,2,2
268408,268410,3,2,1
268411,268412,2,1,1
268413,268415,3,1,2
268416,268417,2,1,1
268418,268421,4,1,3
268425,268426,2,1,1
268427,268430,4,2,2
268439,268445,7,6,1
268446,268448,3,1,2
268449,268453,5,2,3
268454,268457,4,2,2
268458,268462,5,2,3
268463,268465,3,1,2
268466,268469,4,2,2
268474,268484,11,7,4
268487,268488,2,1,1
268489,268490,2,1,1
268497,268500,4,1,3
268501,268503,3,1,2
268505,268507,3,1,2
268508,268509,2,1,1
268511,268512,2,1,1
268513,268514,2,1,1
268515,268517,3,2,1
268518,268519,2,1,1
268520,268525,6,5,1
268527,268529,3,1,2
268541,268542,2,1,1
268543,268544,2,1,1
268554,268555,2,1,1
268556,268561,6,4,2
268564,268565,2,1,1
268567,268568,2,1,1
268569,268574,6,4,2
268575,268578,4,2,2
268579,268584,6,3,3
268585,268589,5,4,1
268591,268592,2,1,1
268593,268595,3,2,1
268596,268598,3,2,1
268599,268600,2,1,1
268604,268606,3,2,1
268607,268614,8,2,6
268615,268618,4,3,1
268619,268620,2,1,1
268621,268622,2,1,1
268631,268637,7,4,3
268648,268651,4,3,1
268656,268659,4,1,3
268663,268664,2,1,1
268665,268673,9,4,5
268674,268675,2,1,1
268679,268682,4,2,2
268683,268685,3,2,1
268686,268688,3,1,2
268694,268695,2,1,1
268703,268704,2,1,1
268721,268723,3,1,2
268727,268732,6,5,1
268736,268738,3,1,2
268739,268741,3,1,2
268742,268743,2,1,1
268744,268748,5,4,1
268754,268756,3,1,2
268757,268761,5,3,2
268762,268764,3,2,1
268768,268771,4,2,2
268772,268774,3,2,1
268775,268778,4,2,2
268781,268782,2,1,1
268788,268793,6,5,1
268802,268805,4,1,3
268806,268807,2,1,1
268825,268826,2,1,1
268827,268830,4,1,3
268831,268832,2,1,1
268840,268842,3,2,1
268843,268844,2,1,1
268851,268854,4,1,3
268863,268865,3,1,2
268866,268867,2,1,1
268869,268870,2,1,1
268871,268874,4,3,1
268875,268877,3,2,1
268878,268881,4,2,2
268882,268883,2,1,1
268885,268887,3,1,2
268891,268895,5,1,4
268896,268898,3,2,1
268900,268904,5,3,2
268906,268910,5,2,3
268911,268915,5,2,3
268916,268918,3,1,2
268920,268925,6,3,3
268935,268940,6,4,2
268941,268942,2,1,1
268943,268945,3,1,2
268947,268948,2,1,1
268949,268951,3,2,1
268955,268957,3,1,2
268958,268961,4,2,2
268970,268975,6,3,3
268976,268979,4,2,2
268980,268981,2,1,1
268990,268994,5,3,2
269002,269006,5,4,1
269011,269012,2,1,1
269013,269017,5,3,2
269024,269028,5,2,3
269029,269034,6,2,4
269037,269038,2,1,1
269039,269041,3,1,2
269044,269046,3,2,1
269054,269058,5,4,1
269059,269066,8,4,4
269067,269068,2,1,1
269071,269072,2,1,1
269081,269084,4,1,3
269088,269089,2,1,1
269090,269091,2,1,1
269096,269097,2,1,1
269098,269100,3,2,1
269113,269117,5,1,4
269121,269123,3,1,2
269128,269132,5,1,4
269133,269135,3,2,1
269138,269141,4,1,3
269142,269144,3,2,1
269145,269149,5,4,1
269150,269151,2,1,1
269162,269163,2,1,1
269164,269165,2,1,1
269171,269175,5,3,2
269177,269179,3,2,1
269180,269182,3,1,2
269183,269184,2,1,1
269187,269194,8,3,5
269195,269196,2,1,1
269200,269202,3,2,1
269203,269206,4,2,2
269207,269211,5,3,2
269212,269213,2,1,1
269216,269219,4,2,2
269220,269221,2,1,1
269227,269228,2,1,1
269229,269231,3,2,1
269232,269233,2,1,1
269237,269240,4,1,3
269241,269243,3,1,2
269244,269246,3,1,2
269247,269251,5,4,1
269252,269255,4,1,3
269256,269259,4,1,3
269264,269270,7,2,5
269278,269279,2,1,1
269280,269283,4,2,2
269284,269287,4,2,2
269291,269294,4,3,1
269300,269301,2,1,1
269304,269308,5,4,1
269315,269317,3,2,1
269318,269320,3,2,1
269330,269332,3,1,2
269333,269336,4,1,3
269338,269339,2,1,1
269340,269342,3,1,2
269343,269344,2,1,1
269351,269352,2,1,1
269355,269356,2,1,1
269358,269361,4,1,3
269362,269367,6,4,2
269368,269369,2,1,1
269372,269374,3,2,1
269375,269377,3,1,2
269383,269389,7,4,3
269394,269395,2,1,1
269404,269409,6,5,1
269410,269411,2,1,1
269412,269413,2,1,1
269416,269421,6,4,2
269422,269423,2,1,1
269424,269430,7,6,1
269431,269433,3,2,1
269437,269439,3,1,2
269440,269442,3,1,2
269446,269447,2,1,1
269448,269449,2,1,1
269453,269454,2,1,1
269466,269468,3,2,1
269483,269485,3,1,2
269486,269491,6,4,2
269505,269506,2,1,1
269507,269508,2,1,1
269514,269517,4,3,1
269523,269524,2,1,1
269525,269528,4,3,1
269529,269531,3,1,2
269533,269534,2,1,1
269535,269536,2,1,1
269546,269547,2,1,1
269549,269554,6,3,3
269564,269565,2,1,1
269566,269567,2,1,1
269572,269577,6,2,4
269595,269599,5,4,1
269600,269601,2,1,1
269602,269607,6,5,1
269608,269613,6,4,2
269614,269616,3,2,1
269625,269627,3,1,2
269628,269630,3,2,1
269637,269639,3,2,1
269640,269645,6,4,2
269646,269649,4,1,3
269654,269659,6,1,5
269660,269661,2,1,1
269670,269672,3,1,2
269673,269674,2,1,1
269678,269681,4,2,2
269684,269685,2,1,1
269686,269688,3,1,2
269689,269690,2,1,1
269693,269696,4,1,3
269697,269699,3,2,1
269700,269702,3,2,1
269710,269712,3,1,2
269741,269745,5,1,4
269746,269747,2,1,1
269749,269751,3,1,2
269760,269762,3,1,2
269764,269766,3,2,1
269770,269771,2,1,1
269776,269778,3,2,1
269780,269783,4,2,2
269788,269791,4,2,2
269792,269794,3,1,2
269795,269796,2,1,1
269798,269800,3,1,2
269801,269808,8,5,3
269810,269812,3,2,1
269813,269816,4,1,3
269820,269821,2,1,1
269827,269829,3,1,2
269832,269833,2,1,1
269834,269839,6,3,3
269841,269843,3,1,2
269846,269851,6,5,1
269852,269853,2,1,1
269861,269863,3,2,1
269864,269865,2,1,1
269867,269868,2,1,1
269869,269874,6,3,3
269875,269879,5,4,1
269880,269885,6,5,1
269887,269891,5,4,1
269892,269896,5,1,4
269897,269898,2,1,1
269907,269911,5,4,1
269916,269920,5,4,1
269924,269925,2,1,1
269930,269931,2,1,1
269932,269935,4,3,1
269938,269943,6,1,5
269944,269947,4,3,1
269953,269955,3,1,2
269956,269959,4,3,1
269960,269963,4,3,1
269965,269967,3,1,2
269968,269969,2,1,1
269970,269972,3,1,2
269984,269987,4,3,1
269993,269996,4,1,3
269998,270001,4,1,3
270002,270005,4,2,2
270006,270009,4,1,3
270017,270022,6,5,1
270037,270038,2,1,1
270041,270045,5,2,3
270047,270049,3,2,1
270050,270054,5,2,3
270058,270061,4,2,2
270062,270064,3,1,2
270065,270067,3,1,2
270068,270071,4,3,1
270072,270075,4,2,2
270076,270077,2,1,1
270085,270088,4,3,1
270089,270091,3,1,2
270101,270104,4,3,1
270105,270108,4,1,3
270109,270110,2,1,1
270111,270116,6,3,3
270117,270121,5,3,2
270127,270129,3,2,1
270130,270131,2,1,1
270132,270135,4,3,1
270138,270145,8,3,5
270146,270148,3,2,1
270152,270156,5,1,4
270157,270158,2,1,1
270171,270173,3,2,1
270182,270184,3,2,1
270187,270188,2,1,1
270189,270192,4,2,2
270197,270199,3,1,2
270209,270210,2,1,1
270212,270213,2,1,1
270219,270222,4,3,1
270223,270228,6,1,5
270229,270231,3,2,1
270235,270240,6,1,5
270241,270242,2,1,1
270243,270244,2,1,1
270245,270246,2,1,1
270247,270250,4,3,1
270253,270257,5,2,3
270263,270269,7,4,3
270270,270271,2,1,1
270272,270273,2,1,1
270274,270282,9,2,7
270283,270286,4,1,3
270287,270289,3,1,2
270290,270291,2,1,1
270294,270300,7,3,4
270301,270303,3,1,2
270304,270307,4,2,2
270308,270311,4,1,3
270314,270318,5,1,4
270321,270322,2,1,1
270324,270326,3,2,1
270331,270333,3,2,1
270334,270335,2,1,1
270336,270338,3,1,2
270341,270342,2,1,1
270343,270347,5,3,2
270348,270354,7,4,3
270355,270356,2,1,1
270357,270359,3,1,2
270360,270363,4,2,2
270367,270369,3,1,2
270370,270371,2,1,1
270372,270374,3,2,1
270375,270378,4,2,2
270386,270387,2,1,1
270391,270392,2,1,1
270394,270398,5,2,3
270403,270405,3,1,2
270406,270407,2,1,1
270412,270414,3,2,1
270415,270418,4,1,3
270419,270421,3,1,2
270427,270430,4,1,3
270431,270433,3,1,2
270434,270435,2,1,1
270437,270438,2,1,1
270439,270441,3,1,2
270446,270451,6,2,4
270452,270454,3,1,2
270456,270458,3,1,2
270459,270464,6,1,5
270466,270468,3,2,1
270469,270471,3,2,1
270473,270475,3,1,2
270486,270487,2,1,1
270488,270491,4,3,1
270492,270493,2,1,1
270494,270500,7,4,3
270501,270503,3,2,1
270504,270505,2,1,1
270506,270514,9,6,3
270517,270518,2,1,1
270519,270523,5,3,2
270524,270526,3,2,1
270527,270529,3,1,2
270530,270533,4,3,1
270534,270536,3,1,2
270537,270539,3,1,2
270540,270542,3,2,1
270547,270550,4,2,2
270559,270560,2,1,1
270572,270574,3,1,2
270578,270579,2,1,1
270580,270583,4,2,2
270593,270595,3,2,1
270599,270601,3,1,2
270606,270609,4,3,1
270610,270611,2,1,1
270612,270613,2,1,1
270617,270619,3,1,2
270634,270638,5,1,4
270639,270640,2,1,1
270643,270644,2,1,1
270658,270660,3,2,1
270661,270662,2,1,1
270663,270664,2,1,1
270665,270669,5,2,3
270670,270672,3,1,2
270678,270679,2,1,1
270693,270696,4,3,1
270697,270700,4,1,3
270702,270704,3,2,1
270705,270706,2,1,1
270714,270716,3,2,1
270717,270718,2,1,1
270719,270721,3,2,1
270725,270728,4,2,2
270731,270733,3,2,1
270734,270735,2,1,1
270741,270747,7,4,3
270751,270753,3,1,2
270760,270762,3,1,2
270763,270764,2,1,1
270769,270773,5,1,4
270774,270776,3,1,2
270778,270780,3,2,1
270784,270785,2,1,1
270791,270793,3,2,1
270794,270798,5,1,4
270806,270808,3,1,2
270813,270815,3,2,1
270824,270825,2,1,1
270828,270829,2,1,1
270830,270834,5,2,3
270836,270838,3,2,1
270839,270841,3,2,1
270842,270844,3,2,1
270849,270850,2,1,1
270851,270852,2,1,1
270857,270858,2,1,1
270859,270861,3,1,2
270867,270869,3,1,2
270874,270875,2,1,1
270877,270879,3,2,1
270895,270897,3,2,1
270898,270900,3,2,1
270908,270910,3,1,2
270912,270917,6,5,1
270925,270934,10,8,2
270935,270938,4,2,2
270944,270946,3,2,1
270952,270953,2,1,1
270954,270955,2,1,1
270965,270966,2,1,1
270967,270968,2,1,1
270969,270973,5,4,1
270974,270976,3,1,2
270977,270981,5,2,3
270987,270989,3,2,1
270990,270993,4,3,1
270994,270995,2,1,1
270996,270998,3,1,2
271002,271004,3,2,1
271008,271009,2,1,1
271010,271011,2,1,1
271025,271027,3,2,1
271030,271032,3,2,1
271033,271034,2,1,1
271035,271039,5,2,3
271042,271045,4,2,2
271060,271061,2,1,1
271066,271070,5,1,4
271075,271087,13,9,4
271094,271098,5,3,2
271099,271100,2,1,1
271104,271111,8,5,3
271125,271126,2,1,1
271127,271130,4,1,3
271135,271139,5,1,4
271147,271148,2,1,1
271157,271160,4,1,3
271161,271163,3,2,1
271174,271175,2,1,1
271176,271177,2,1,1
271186,271189,4,1,3
271190,271193,4,3,1
271196,271197,2,1,1
271198,271200,3,2,1
271201,271204,4,2,2
271207,271209,3,1,2
271211,271212,2,1,1
271220,271222,3,2,1
271235,271237,3,1,2
271238,271239,2,1,1
271243,271247,5,1,4
271261,271262,2,1,1
271269,271273,5,3,2
271274,271275,2,1,1
271276,271281,6,1,5
271284,271285,2,1,1
271286,271289,4,3,1
271295,271297,3,1,2
271299,271302,4,2,2
271303,271304,2,1,1
271306,271307,2,1,1
271308,271310,3,1,2
271312,271314,3,2,1
271317,271322,6,3,3
271324,271326,3,2,1
271333,271339,7,2,5
271340,271341,2,1,1
271345,271349,5,1,4
271355,271360,6,4,2
271373,271375,3,2,1
271383,271385,3,1,2
271389,271391,3,2,1
271392,271394,3,1,2
271399,271401,3,2,1
271402,271405,4,1,3
271406,271408,3,2,1
271409,271410,2,1,1
271411,271412,2,1,1
271413,271416,4,1,3
271417,271419,3,1,2
271421,271424,4,2,2
271425,271426,2,1,1
271427,271428,2,1,1
271429,271430,2,1,1
271433,271435,3,2,1
271445,271446,2,1,1
271447,271450,4,2,2
271451,271452,2,1,1
271456,271457,2,1,1
271465,271466,2,1,1
271477,271479,3,2,1
271481,271483,3,1,2
271492,271493,2,1,1
271494,271499,6,4,2
271501,271502,2,1,1
271503,271508,6,5,1
271509,271511,3,1,2
271512,271514,3,2,1
271532,271534,3,1,2
271535,271538,4,2,2
271547,271549,3,2,1
271553,271560,8,1,7
271569,271571,3,2,1
271572,271573,2,1,1
271596,271597,2,1,1
271598,271600,3,1,2
271601,271606,6,3,3
271607,271608,2,1,1
271619,271620,2,1,1
271621,271625,5,3,2
271643,271644,2,1,1
271654,271656,3,1,2
271658,271661,4,1,3
271662,271663,2,1,1
271669,271670,2,1,1
271672,271676,5,4,1
271679,271680,2,1,1
271681,271683,3,2,1
271687,271689,3,2,1
271692,271697,6,5,1
271698,271702,5,3,2
271726,271727,2,1,1
271731,271734,4,2,2
271735,271738,4,1,3
271739,271740,2,1,1
271741,271743,3,1,2
271746,271752,7,3,4
271753,271754,2,1,1
271755,271757,3,2,1
271758,271761,4,1,3
271762,271766,5,4,1
271769,271770,2,1,1
271775,271776,2,1,1
271777,271782,6,3,3
271783,271784,2,1,1
271788,271790,3,1,2
271794,271801,8,4,4
271805,271807,3,2,1
271812,271814,3,2,1
271817,271821,5,1,4
271822,271824,3,1,2
271834,271835,2,1,1
271839,271840,2,1,1
271844,271848,5,4,1
271856,271857,2,1,1
271858,271860,3,1,2
271879,271882,4,1,3
271883,271884,2,1,1
271894,271897,4,2,2
271898,271899,2,1,1
271900,271901,2,1,1
271902,271906,5,2,3
271907,271910,4,2,2
271918,271920,3,1,2
271921,271924,4,3,1
271932,271934,3,2,1
271935,271937,3,2,1
271939,271947,9,3,6
271951,271956,6,1,5
271970,271972,3,1,2
271983,271985,3,2,1
271988,271994,7,2,5
271995,271997,3,2,1
271998,272001,4,1,3
272002,272005,4,1,3
272006,272008,3,2,1
272009,272010,2,1,1
272012,272014,3,1,2
272021,272024,4,1,3
272025,272027,3,2,1
272031,272034,4,1,3
272040,272041,2,1,1
272042,272044,3,1,2
272045,272047,3,1,2
272048,272051,4,3,1
272052,272054,3,1,2
272055,272056,2,1,1
272057,272060,4,3,1
272065,272066,2,1,1
272067,272068,2,1,1
272069,272070,2,1,1
272071,272075,5,2,3
272078,272081,4,1,3
272085,272087,3,1,2
272088,272089,2,1,1
272095,272097,3,2,1
272100,272101,2,1,1
272106,272107,2,1,1
272108,272110,3,2,1
272111,272113,3,1,2
272114,272117,4,3,1
272118,272119,2,1,1
272120,272121,2,1,1
272123,272126,4,3,1
272139,272141,3,1,2
272150,272151,2,1,1
272154,272161,8,5,3
272167,272169,3,2,1
272174,272178,5,4,1
272179,272183,5,4,1
272184,272185,2,1,1
272186,272188,3,1,2
272191,272193,3,2,1
272196,272197,2,1,1
272198,272200,3,2,1
272211,272213,3,1,2
272216,272218,3,2,1
272219,272220,2,1,1
272221,272222,2,1,1
272229,272232,4,3,1
272233,272235,3,2,1
272236,272238,3,2,1
272242,272243,2,1,1
272244,272245,2,1,1
272246,272248,3,2,1
272256,272259,4,2,2
272261,272266,6,3,3
272267,272268,2,1,1
272271,272272,2,1,1
272274,272275,2,1,1
272279,272280,2,1,1
272281,272285,5,4,1
272286,272289,4,3,1
272290,272291,2,1,1
272295,272296,2,1,1
272313,272314,2,1,1
272315,272321,7,4,3
272327,272328,2,1,1
272341,272342,2,1,1
272352,272354,3,1,2
272364,272368,5,3,2
272376,272378,3,2,1
272379,272380,2,1,1
272384,272387,4,1,3
272396,272399,4,1,3
272400,272402,3,2,1
272413,272414,2,1,1
272415,272417,3,2,1
272420,272421,2,1,1
272422,272427,6,1,5
272429,272431,3,2,1
272432,272434,3,1,2
272435,272437,3,1,2
272452,272453,2,1,1
272456,272458,3,1,2
272459,272462,4,3,1
272463,272469,7,1,6
272470,272472,3,2,1
272474,272476,3,2,1
272477,272481,5,2,3
272483,272486,4,1,3
272487,272493,7,3,4
272494,272495,2,1,1
272504,272508,5,3,2
272509,272512,4,3,1
272516,272518,3,1,2
272519,272524,6,5,1
272530,272533,4,1,3
272534,272537,4,2,2
272538,272539,2,1,1
272540,272541,2,1,1
272542,272546,5,1,4
272550,272552,3,1,2
272553,272557,5,3,2
272558,272562,5,3,2
272563,272564,2,1,1
272565,272571,7,3,4
272573,272574,2,1,1
272582,272585,4,2,2
272587,272589,3,2,1
272598,272602,5,3,2
272606,272607,2,1,1
272611,272614,4,2,2
272615,272620,6,3,3
272628,272630,3,1,2
272632,272637,6,2,4
272640,272641,2,1,1
272643,272646,4,1,3
272647,272654,8,7,1
272656,272657,2,1,1
272658,272661,4,2,2
272681,272682,2,1,1
272687,272689,3,2,1
272692,272693,2,1,1
272705,272706,2,1,1
272707,272710,4,3,1
272715,272721,7,1,6
272722,272724,3,2,1
272725,272726,2,1,1
272727,272729,3,2,1
272730,272732,3,2,1
272733,272735,3,2,1
272739,272741,3,1,2
272756,272760,5,1,4
272763,272768,6,1,5
272769,272770,2,1,1
272771,272772,2,1,1
272773,272774,2,1,1
272775,272776,2,1,1
272778,272781,4,3,1
272782,272783,2,1,1
272785,272787,3,1,2
272790,272793,4,2,2
272794,272797,4,1,3
272799,272801,3,2,1
272808,272810,3,2,1
272811,272812,2,1,1
272816,272819,4,3,1
272824,272827,4,1,3
272830,272832,3,1,2
272841,272842,2,1,1
272844,272846,3,2,1
272847,272849,3,1,2
272850,272855,6,5,1
272862,272863,2,1,1
272864,272865,2,1,1
272866,272870,5,3,2
272876,272879,4,3,1
272880,272885,6,2,4
272890,272891,2,1,1
272892,272893,2,1,1
272895,272897,3,2,1
272898,272901,4,2,2
272902,272904,3,1,2
272905,272906,2,1,1
272907,272908,2,1,1
272917,272921,5,1,4
272931,272932,2,1,1
272946,272951,6,1,5
272956,272959,4,2,2
272960,272966,7,1,6
272972,272973,2,1,1
272978,272980,3,1,2
272986,272989,4,1,3
272994,272996,3,1,2
273000,273003,4,1,3
273004,273007,4,2,2
273010,273012,3,2,1
273018,273021,4,2,2
273022,273023,2,1,1
273026,273030,5,3,2
273031,273036,6,5,1
273039,273043,5,1,4
273044,273047,4,2,2
273048,273049,2,1,1
273053,273058,6,4,2
273066,273067,2,1,1
273068,273069,2,1,1
273071,273074,4,3,1
273075,273077,3,2,1
273080,273087,8,4,4
273091,273092,2,1,1
273093,273097,5,3,2
273098,273100,3,1,2
273111,273112,2,1,1
273113,273116,4,3,1
273124,273126,3,1,2
273127,273128,2,1,1
273129,273130,2,1,1
273131,273133,3,1,2
273134,273135,2,1,1
273140,273142,3,2,1
273143,273145,3,2,1
273146,273147,2,1,1
273163,273164,2,1,1
273165,273167,3,2,1
273174,273178,5,4,1
273180,273181,2,1,1
273182,273183,2,1,1
273188,273189,2,1,1
273190,273194,5,3,2
273198,273204,7,2,5
273207,273209,3,1,2
273214,273224,11,7,4
273227,273228,2,1,1
273229,273235,7,4,3
273238,273243,6,5,1
273244,273246,3,2,1
273247,273254,8,4,4
273257,273261,5,1,4
273263,273267,5,4,1
273275,273277,3,1,2
273288,273291,4,1,3
273294,273295,2,1,1
273303,273305,3,1,2
273307,273308,2,1,1
273310,273315,6,4,2
273319,273321,3,1,2
273322,273325,4,3,1
273326,273328,3,2,1
273332,273334,3,2,1
273342,273346,5,2,3
273348,273349,2,1,1
273356,273357,2,1,1
273360,273361,2,1,1
273371,273373,3,2,1
273381,273383,3,1,2
273384,273385,2,1,1
273386,273387,2,1,1
273401,273402,2,1,1
273403,273407,5,3,2
273416,273422,7,2,5
273423,273427,5,2,3
273429,273430,2,1,1
273440,273441,2,1,1
273442,273444,3,1,2
273445,273448,4,2,2
273452,273455,4,2,2
273457,273458,2,1,1
273466,273468,3,2,1
273470,273472,3,1,2
273480,273481,2,1,1
273482,273486,5,4,1
273487,273489,3,1,2
273490,273493,4,2,2
273498,273506,9,5,4
273507,273510,4,1,3
273512,273514,3,2,1
273515,273517,3,1,2
273526,273527,2,1,1
273528,273532,5,1,4
273538,273540,3,1,2
273541,273542,2,1,1
273546,273547,2,1,1
273554,273556,3,2,1
273567,273568,2,1,1
273569,273578,10,9,1
273579,273582,4,1,3
273585,273586,2,1,1
273591,273592,2,1,1
273593,273595,3,2,1
273606,273608,3,1,2
273609,273610,2,1,1
273611,273613,3,2,1
273615,273616,2,1,1
273617,273619,3,1,2
273629,273630,2,1,1
273633,273636,4,1,3
273644,273645,2,1,1
273654,273655,2,1,1
273657,273658,2,1,1
273671,273677,7,4,3
273678,273679,2,1,1
273680,273690,11,9,2
273691,273696,6,4,2
273699,273702,4,2,2
273703,273704,2,1,1
273705,273708,4,1,3
273709,273710,2,1,1
273711,273712,2,1,1
273714,273715,2,1,1
273720,273721,2,1,1
273725,273727,3,2,1
273734,273737,4,1,3
273746,273748,3,1,2
273752,273754,3,2,1
273755,273756,2,1,1
273763,273766,4,2,2
273768,273771,4,1,3
273775,273777,3,1,2
273783,273786,4,2,2
273793,273795,3,1,2
273799,273800,2,1,1
273801,273805,5,2,3
273806,273807,2,1,1
273808,273812,5,3,2
273816,273819,4,1,3
273820,273824,5,4,1
273825,273827,3,1,2
273828,273830,3,1,2
273831,273833,3,2,1
273838,273839,2,1,1
273840,273841,2,1,1
273846,273849,4,3,1
273857,273858,2,1,1
273873,273876,4,3,1
273881,273882,2,1,1
273884,273888,5,2,3
273892,273893,2,1,1
273896,273898,3,1,2
273902,273903,2,1,1
273904,273905,2,1,1
273906,273908,3,1,2
273909,273910,2,1,1
273913,273918,6,2,4
273920,273923,4,1,3
273924,273925,2,1,1
273935,273937,3,2,1
273949,273953,5,4,1
273954,273956,3,2,1
273966,273967,2,1,1
273970,273971,2,1,1
273972,273973,2,1,1
273974,273976,3,1,2
273977,273979,3,1,2
273990,273991,2,1,1
273992,273995,4,1,3
273996,273998,3,1,2
273999,274000,2,1,1
274001,274005,5,2,3
274006,274009,4,3,1
274013,274014,2,1,1
274015,274016,2,1,1
274033,274035,3,1,2
274038,274040,3,1,2
274044,274045,2,1,1
274048,274052,5,1,4
274053,274054,2,1,1
274055,274056,2,1,1
274060,274061,2,1,1
274069,274070,2,1,1
274071,274076,6,5,1
274077,274079,3,1,2
274085,274086,2,1,1
274087,274089,3,2,1
274095,274096,2,1,1
274102,274103,2,1,1
274104,274106,3,1,2
274107,274109,3,2,1
274110,274111,2,1,1
274118,274126,9,5,4
274131,274132,2,1,1
274136,274137,2,1,1
274145,274146,2,1,1
274149,274151,3,1,2
274152,274153,2,1,1
274154,274159,6,5,1
274166,274169,4,1,3
274170,274171,2,1,1
274175,274176,2,1,1
274177,274178,2,1,1
274179,274182,4,1,3
274186,274187,2,1,1
274189,274191,3,2,1
274194,274201,8,3,5
274208,274210,3,2,1
274211,274212,2,1,1
274216,274217,2,1,1
274218,274220,3,1,2
274223,274227,5,1,4
274230,274233,4,1,3
274235,274237,3,1,2
274242,274247,6,3,3
274259,274260,2,1,1
274261,274265,5,3,2
274266,274269,4,1,3
274270,274272,3,1,2
274284,274286,3,2,1
274287,274288,2,1,1
274289,274290,2,1,1
274291,274295,5,1,4
274300,274302,3,2,1
274310,274312,3,1,2
274318,274321,4,3,1
274331,274332,2,1,1
274333,274334,2,1,1
274339,274340,2,1,1
274351,274354,4,1,3
274356,274358,3,1,2
274380,274381,2,1,1
274386,274388,3,2,1
274389,274391,3,2,1
274399,274400,2,1,1
274402,274403,2,1,1
274412,274414,3,1,2
274420,274422,3,2,1
274423,274424,2,1,1
274425,274428,4,1,3
274429,274432,4,2,2
274433,274434,2,1,1
274436,274437,2,1,1
274439,274440,2,1,1
274441,274446,6,1,5
274451,274452,2,1,1
274457,274458,2,1,1
274465,274469,5,2,3
274470,274473,4,2,2
274474,274475,2,1,1
274476,274479,4,3,1
274481,274483,3,1,2
274484,274488,5,4,1
274489,274495,7,3,4
274498,274501,4,2,2
274502,274504,3,1,2
274505,274506,2,1,1
274507,274510,4,2,2
274511,274512,2,1,1
274513,274515,3,1,2
274522,274524,3,2,1
274525,274526,2,1,1
274527,274529,3,2,1
274534,274542,9,5,4
274545,274549,5,1,4
274555,274556,2,1,1
274557,274558,2,1,1
274565,274566,2,1,1
274567,274572,6,3,3
274575,274576,2,1,1
274577,274586,10,9,1
274587,274591,5,3,2
274597,274600,4,2,2
274601,274602,2,1,1
274603,274605,3,2,1
274612,274618,7,4,3
274622,274623,2,1,1
274624,274627,4,1,3
274628,274629,2,1,1
274630,274632,3,2,1
274633,274634,2,1,1
274645,274647,3,1,2
274648,274649,2,1,1
274653,274654,2,1,1
274655,274656,2,1,1
274663,274664,2,1,1
274672,274674,3,1,2
274675,274676,2,1,1
274677,274681,5,1,4
274690,274693,4,1,3
274696,274700,5,3,2
274704,274707,4,1,3
274708,274710,3,2,1
274715,274717,3,2,1
274719,274720,2,1,1
274721,274722,2,1,1
274724,274728,5,4,1
274741,274742,2,1,1
274748,274749,2,1,1
274762,274763,2,1,1
274767,274772,6,2,4
274775,274776,2,1,1
274781,274785,5,2,3
274786,274790,5,3,2
274795,274796,2,1,1
274808,274811,4,3,1
274812,274814,3,2,1
274816,274818,3,2,1
274827,274828,2,1,1
274829,274830,2,1,1
274831,274833,3,1,2
274841,274845,5,2,3
274846,274848,3,2,1
274849,274851,3,1,2
274867,274869,3,1,2
274875,274876,2,1,1
274877,274878,2,1,1
274879,274881,3,2,1
274882,274883,2,1,1
274884,274889,6,3,3
274890,274894,5,3,2
274895,274898,4,3,1
274901,274904,4,2,2
274905,274908,4,3,1
274909,274912,4,1,3
274915,274917,3,1,2
274920,274922,3,1,2
274923,274925,3,1,2
274931,274934,4,1,3
274935,274937,3,2,1
274942,274945,4,3,1
274946,274951,6,4,2
274952,274956,5,1,4
274957,274959,3,2,1
274969,274970,2,1,1
274977,274978,2,1,1
274979,274980,2,1,1
274981,274985,5,4,1
274986,274990,5,4,1
274997,274999,3,2,1
275002,275006,5,2,3
275013,275015,3,2,1
275016,275021,6,4,2
275022,275025,4,2,2
275031,275033,3,2,1
275034,275036,3,2,1
275037,275038,2,1,1
275049,275050,2,1,1
275051,275052,2,1,1
275054,275056,3,2,1
275057,275059,3,1,2
275064,275068,5,3,2
275074,275077,4,1,3
275079,275083,5,3,2
275084,275085,2,1,1
275090,275092,3,1,2
275093,275094,2,1,1
275096,275097,2,1,1
275120,275123,4,3,1
275124,275125,2,1,1
275126,275129,4,2,2
275138,275144,7,6,1
275145,275146,2,1,1
275147,275150,4,3,1
275153,275156,4,2,2
275160,275162,3,2,1
275171,275172,2,1,1
275173,275174,2,1,1
275177,275178,2,1,1
275179,275180,2,1,1
275181,275185,5,2,3
275196,275199,4,1,3
275205,275206,2,1,1
275214,275219,6,1,5
275220,275221,2,1,1
275222,275224,3,2,1
275225,275230,6,1,5
275242,275245,4,1,3
275247,275248,2,1,1
275255,275257,3,1,2
275258,275259,2,1,1
275260,275262,3,2,1
275266,275270,5,3,2
275275,275276,2,1,1
275285,275287,3,2,1
275293,275296,4,3,1
275312,275313,2,1,1
275314,275316,3,2,1
275317,275321,5,1,4
275322,275323,2,1,1
275326,275327,2,1,1
275328,275333,6,4,2
275337,275339,3,1,2
275340,275342,3,2,1
275346,275348,3,2,1
275354,275357,4,3,1
275366,275369,4,2,2
275370,275376,7,2,5
275381,275386,6,4,2
275387,275391,5,3,2
275392,275395,4,2,2
275400,275402,3,2,1
275405,275410,6,5,1
275414,275415,2,1,1
275416,275419,4,3,1
275420,275421,2,1,1
275422,275425,4,1,3
275426,275427,2,1,1
275436,275439,4,1,3
275444,275447,4,1,3
275457,275458,2,1,1
275459,275461,3,2,1
275464,275465,2,1,1
275467,275473,7,2,5
275474,275475,2,1,1
275476,275477,2,1,1
275482,275486,5,4,1
275498,275501,4,1,3
275502,275504,3,1,2
275505,275508,4,2,2
275509,275517,9,5,4
275520,275524,5,3,2
275525,275526,2,1,1
275527,275530,4,1,3
275536,275540,5,4,1
275545,275548,4,3,1
275549,275550,2,1,1
275551,275552,2,1,1
275553,275557,5,4,1
275558,275559,2,1,1
275561,275563,3,1,2
275564,275566,3,1,2
275572,275576,5,2,3
275578,275581,4,1,3
275582,275584,3,2,1
275586,275587,2,1,1
275596,275598,3,2,1
275610,275611,2,1,1
275618,275621,4,3,1
275622,275624,3,2,1
275627,275628,2,1,1
275646,275647,2,1,1
275648,275650,3,2,1
275651,275653,3,2,1
275659,275660,2,1,1
275661,275662,2,1,1
275663,275666,4,1,3
275669,275670,2,1,1
275675,275677,3,2,1
275681,275686,6,5,1
275692,275693,2,1,1
275695,275699,5,1,4
275700,275704,5,1,4
275708,275710,3,1,2
275711,275712,2,1,1
275716,275718,3,1,2
275719,275722,4,1,3
275726,275727,2,1,1
275737,275738,2,1,1
275739,275741,3,1,2
275742,275743,2,1,1
275758,275759,2,1,1
275765,275766,2,1,1
275770,275775,6,4,2
275777,275778,2,1,1
275781,275784,4,2,2
275785,275789,5,3,2
275791,275794,4,1,3
275797,275798,2,1,1
275800,275802,3,2,1
275806,275807,2,1,1
275808,275809,2,1,1
275815,275816,2,1,1
275817,275818,2,1,1
275822,275825,4,3,1
275828,275831,4,2,2
275833,275835,3,1,2
275836,275837,2,1,1
275841,275844,4,3,1
275845,275847,3,2,1
275850,275852,3,2,1
275867,275868,2,1,1
275869,275871,3,1,2
275878,275879,2,1,1
275882,275885,4,3,1
275893,275894,2,1,1
275906,275911,6,2,4
275914,275916,3,1,2
275921,275923,3,2,1
275924,275925,2,1,1
275926,275927,2,1,1
275928,275937,10,8,2
275938,275941,4,2,2
275942,275946,5,1,4
275957,275958,2,1,1
275959,275961,3,2,1
275962,275965,4,3,1
275968,275969,2,1,1
275970,275972,3,2,1
275973,275975,3,2,1
275981,275984,4,2,2
275987,275988,2,1,1
275989,275992,4,1,3
275993,275996,4,1,3
276002,276004,3,1,2
276005,276008,4,3,1
276013,276015,3,2,1
276016,276017,2,1,1
276029,276032,4,2,2
276037,276038,2,1,1
276045,276048,4,3,1
276049,276052,4,1,3
276059,276061,3,2,1
276065,276068,4,2,2
276071,276073,3,2,1
276081,276082,2,1,1
276083,276087,5,1,4
276088,276090,3,1,2
276098,276100,3,2,1
276104,276106,3,2,1
276120,276122,3,1,2
276123,276126,4,3,1
276135,276137,3,1,2
276138,276141,4,2,2
276142,276146,5,4,1
276150,276151,2,1,1
276153,276154,2,1,1
276162,276167,6,1,5
276172,276176,5,2,3
276178,276180,3,2,1
276181,276183,3,1,2
276185,276186,2,1,1
276187,276190,4,3,1
276194,276195,2,1,1
276197,276201,5,1,4
276203,276206,4,2,2
276214,276218,5,1,4
276226,276227,2,1,1
276231,276233,3,1,2
276235,276238,4,1,3
276244,276248,5,1,4
276249,276250,2,1,1
276251,276253,3,1,2
276254,276255,2,1,1
276256,276259,4,3,1
276266,276267,2,1,1
276272,276273,2,1,1
276279,276281,3,2,1
276282,276284,3,2,1
276285,276287,3,2,1
276298,276302,5,3,2
276303,276304,2,1,1
276312,276315,4,3,1
276316,276317,2,1,1
276318,276322,5,1,4
276323,276324,2,1,1
276325,276326,2,1,1
276327,276332,6,5,1
276333,276337,5,4,1
276342,276345,4,3,1
276353,276354,2,1,1
276358,276361,4,3,1
276370,276371,2,1,1
276375,276383,9,2,7
276400,276401,2,1,1
276416,276418,3,1,2
276421,276422,2,1,1
276427,276430,4,1,3
276434,276436,3,2,1
276437,276439,3,2,1
276444,276448,5,2,3
276455,276460,6,4,2
276462,276464,3,2,1
276467,276468,2,1,1
276474,276478,5,2,3
276490,276492,3,1,2
276494,276501,8,2,6
276502,276504,3,2,1
276506,276507,2,1,1
276508,276510,3,1,2
276511,276513,3,2,1
276514,276516,3,2,1
276517,276519,3,2,1
276520,276523,4,3,1
276524,276525,2,1,1
276526,276532,7,5,2
276533,276534,2,1,1
276536,276538,3,1,2
276540,276543,4,2,2
276544,276546,3,2,1
276547,276549,3,2,1
276554,276555,2,1,1
276556,276557,2,1,1
276558,276562,5,3,2
276563,276564,2,1,1
276570,276575,6,3,3
276576,276577,2,1,1
276579,276581,3,1,2
276582,276585,4,1,3
276597,276599,3,1,2
276603,276604,2,1,1
276605,276606,2,1,1
276607,276610,4,1,3
276613,276616,4,2,2
276617,276619,3,2,1
276620,276621,2,1,1
276625,276627,3,1,2
276628,276629,2,1,1
276635,276638,4,2,2
276639,276640,2,1,1
276641,276642,2,1,1
276650,276653,4,3,1
276654,276656,3,2,1
276669,276673,5,2,3
276680,276681,2,1,1
276682,276683,2,1,1
276686,276688,3,1,2
276689,276690,2,1,1
276691,276692,2,1,1
276697,276703,7,4,3
276704,276706,3,2,1
276707,276708,2,1,1
276718,276727,10,5,5
276747,276751,5,2,3
276759,276764,6,3,3
276765,276766,2,1,1
276770,276773,4,2,2
276775,276776,2,1,1
276778,276779,2,1,1
276782,276784,3,1,2
276786,276788,3,1,2
276807,276808,2,1,1
276809,276815,7,4,3
276816,276818,3,2,1
276823,276824,2,1,1
276830,276831,2,1,1
276838,276846,9,6,3
276847,276848,2,1,1
276854,276855,2,1,1
276860,276865,6,4,2
276876,276878,3,1,2
276879,276880,2,1,1
276881,276883,3,1,2
276884,276888,5,3,2
276892,276893,2,1,1
276894,276898,5,3,2
276899,276902,4,3,1
276912,276914,3,1,2
276915,276919,5,1,4
276922,276924,3,1,2
276926,276928,3,2,1
276934,276938,5,2,3
276946,276948,3,1,2
276957,276958,2,1,1
276959,276961,3,1,2
276962,276964,3,1,2
276967,276968,2,1,1
276969,276971,3,1,2
276972,276974,3,2,1
276982,276983,2,1,1
276989,276995,7,6,1
277001,277003,3,1,2
277004,277008,5,4,1
277009,277012,4,1,3
277037,277040,4,2,2
277041,277042,2,1,1
277046,277047,2,1,1
277052,277054,3,2,1
277056,277058,3,1,2
277064,277066,3,1,2
277083,277084,2,1,1
277094,277095,2,1,1
277102,277104,3,1,2
277109,277111,3,2,1
277116,277118,3,2,1
277122,277123,2,1,1
277124,277125,2,1,1
277126,277127,2,1,1
277128,277129,2,1,1
277130,277134,5,3,2
277139,277141,3,1,2
277151,277153,3,2,1
277154,277155,2,1,1
277162,277163,2,1,1
277164,277165,2,1,1
277166,277167,2,1,1
277186,277187,2,1,1
277197,277198,2,1,1
277204,277210,7,1,6
277211,277214,4,2,2
277219,277220,2,1,1
277221,277222,2,1,1
277225,277226,2,1,1
277242,277244,3,1,2
277246,277249,4,3,1
277254,277255,2,1,1
277256,277260,5,1,4
277262,277263,2,1,1
277264,277265,2,1,1
277266,277271,6,3,3
277272,277276,5,3,2
277284,277288,5,4,1
277295,277296,2,1,1
277301,277302,2,1,1
277303,277305,3,1,2
277307,277309,3,1,2
277310,277312,3,2,1
277313,277315,3,1,2
277320,277321,2,1,1
277324,277328,5,4,1
277332,277333,2,1,1
277342,277343,2,1,1
277346,277349,4,1,3
277354,277356,3,1,2
277358,277360,3,1,2
277366,277367,2,1,1
277376,277379,4,2,2
277381,277386,6,3,3
277400,277401,2,1,1
277402,277403,2,1,1
277404,277406,3,1,2
277414,277420,7,1,6
277421,277424,4,2,2
277429,277430,2,1,1
277431,277433,3,2,1
277453,277454,2,1,1
277455,277464,10,8,2
277465,277466,2,1,1
277467,277468,2,1,1
277475,277476,2,1,1
277477,277479,3,1,2
277480,277481,2,1,1
277487,277489,3,1,2
277491,277492,2,1,1
277493,277494,2,1,1
277495,277497,3,2,1
277500,277508,9,8,1
277510,277513,4,3,1
277514,277515,2,1,1
277522,277525,4,2,2
277529,277530,2,1,1
277531,277533,3,1,2
277534,277535,2,1,1
277536,277540,5,3,2
277549,277550,2,1,1
277551,277553,3,1,2
277557,277558,2,1,1
277561,277565,5,2,3
277567,277570,4,2,2
277574,277575,2,1,1
277576,277581,6,2,4
277588,277590,3,2,1
277594,277595,2,1,1
277602,277604,3,2,1
277605,277606,2,1,1
277615,277616,2,1,1
277620,277621,2,1,1
277622,277623,2,1,1
277631,277634,4,3,1
277636,277639,4,3,1
277667,277670,4,3,1
277675,277677,3,1,2
277678,277680,3,2,1
277681,277682,2,1,1
277688,277689,2,1,1
277690,277693,4,2,2
277698,277701,4,1,3
277702,277703,2,1,1
277710,277713,4,3,1
277730,277733,4,1,3
277734,277735,2,1,1
277736,277741,6,3,3
277742,277745,4,3,1
277749,277756,8,1,7
277757,277759,3,1,2
277764,277766,3,2,1
277774,277776,3,2,1
277778,277781,4,2,2
277782,277785,4,1,3
277789,277790,2,1,1
277796,277798,3,2,1
277799,277801,3,2,1
277802,277805,4,3,1
277807,277810,4,1,3
277815,277816,2,1,1
277817,277821,5,4,1
277828,277829,2,1,1
277830,277833,4,3,1
277836,277837,2,1,1
277838,277841,4,3,1
277851,277854,4,3,1
277857,277859,3,1,2
277860,277861,2,1,1
277864,277865,2,1,1
277866,277867,2,1,1
277868,277870,3,1,2
277890,277894,5,1,4
277904,277905,2,1,1
277906,277908,3,1,2
277909,277910,2,1,1
277916,277918,3,2,1
277927,277928,2,1,1
277933,277935,3,1,2
277939,277940,2,1,1
277941,277943,3,2,1
277945,277946,2,1,1
277948,277949,2,1,1
277950,277951,2,1,1
277952,277956,5,3,2
277965,277966,2,1,1
277970,277971,2,1,1
277976,277977,2,1,1
277978,277980,3,2,1
277992,277994,3,1,2
277997,277998,2,1,1
278007,278010,4,2,2
278011,278013,3,1,2
278015,278016,2,1,1
278025,278027,3,2,1
278033,278034,2,1,1
278035,278038,4,1,3
278047,278051,5,4,1
278054,278058,5,2,3
278060,278062,3,1,2
278063,278064,2,1,1
278065,278066,2,1,1
278069,278070,2,1,1
278078,278082,5,4,1
278087,278089,3,2,1
278090,278091,2,1,1
278092,278095,4,3,1
278100,278103,4,1,3
278106,278109,4,1,3
278110,278113,4,2,2
278116,278117,2,1,1
278118,278122,5,1,4
278125,278127,3,2,1
278138,278143,6,1,5
278151,278154,4,2,2
278155,278162,8,3,5
278163,278168,6,3,3
278172,278175,4,3,1
278176,278178,3,2,1
278179,278180,2,1,1
278182,278184,3,2,1
278185,278190,6,3,3
278218,278219,2,1,1
278220,278222,3,1,2
278223,278224,2,1,1
278225,278227,3,2,1
278228,278230,3,1,2
278231,278239,9,2,7
278243,278245,3,2,1
278257,278259,3,2,1
278273,278274,2,1,1
278275,278276,2,1,1
278277,278278,2,1,1
278279,278286,8,1,7
278288,278290,3,2,1
278297,278302,6,1,5
278327,278329,3,1,2
278340,278341,2,1,1
278353,278354,2,1,1
278357,278359,3,1,2
278366,278369,4,1,3
278385,278388,4,2,2
278405,278408,4,3,1
278410,278413,4,3,1
278415,278419,5,4,1
278420,278426,7,4,3
278427,278430,4,1,3
278431,278433,3,1,2
278434,278437,4,2,2
278439,278446,8,5,3
278458,278460,3,1,2
278461,278464,4,1,3
278466,278467,2,1,1
278478,278481,4,1,3
278482,278483,2,1,1
278490,278492,3,2,1
278497,278499,3,2,1
278500,278501,2,1,1
278511,278515,5,1,4
278517,278519,3,1,2
278537,278538,2,1,1
278543,278546,4,2,2
278550,278554,5,1,4
278558,278559,2,1,1
278560,278562,3,1,2
278564,278567,4,3,1
278574,278575,2,1,1
278576,278577,2,1,1
278592,278595,4,3,1
278596,278598,3,2,1
278600,278602,3,2,1
278606,278609,4,3,1
278617,278618,2,1,1
278619,278621,3,1,2
278637,278638,2,1,1
278647,278649,3,1,2
278652,278654,3,1,2
278655,278656,2,1,1
278657,278658,2,1,1
278661,278665,5,3,2
278667,278669,3,2,1
278671,278673,3,2,1
278674,278676,3,1,2
278678,278681,4,2,2
278682,278683,2,1,1
278699,278700,2,1,1
278703,278704,2,1,1
278705,278706,2,1,1
278719,278722,4,1,3
278724,278727,4,3,1
278733,278736,4,3,1
278743,278744,2,1,1
278760,278761,2,1,1
278763,278767,5,2,3
278768,278773,6,5,1
278774,278776,3,2,1
278777,278778,2,1,1
278789,278791,3,1,2
278793,278794,2,1,1
278795,278796,2,1,1
278807,278808,2,1,1
278813,278814,2,1,1
278815,278818,4,2,2
278820,278821,2,1,1
278825,278827,3,2,1
278831,278834,4,2,2
278841,278842,2,1,1
278846,278850,5,2,3
278851,278852,2,1,1
278856,278860,5,1,4
278866,278867,2,1,1
278869,278870,2,1,1
278871,278872,2,1,1
278876,278881,6,1,5
278882,278884,3,1,2
278885,278886,2,1,1
278895,278904,10,2,8
278908,278910,3,1,2
278916,278917,2,1,1
278918,278923,6,1,5
278924,278926,3,2,1
278927,278929,3,1,2
278930,278933,4,3,1
278937,278940,4,3,1
278941,278943,3,2,1
278949,278950,2,1,1
278951,278952,2,1,1
278956,278957,2,1,1
278968,278969,2,1,1
278976,278977,2,1,1
278978,278980,3,1,2
278990,278994,5,2,3
278998,278999,2,1,1
279007,279009,3,2,1
279020,279023,4,2,2
279024,279027,4,1,3
279029,279030,2,1,1
279031,279032,2,1,1
279042,279045,4,1,3
279055,279056,2,1,1
279057,279060,4,3,1
279062,279063,2,1,1
279064,279070,7,6,1
279071,279072,2,1,1
279074,279076,3,2,1
279077,279079,3,1,2
279082,279084,3,1,2
279087,279089,3,1,2
279092,279095,4,1,3
279096,279098,3,1,2
279101,279103,3,1,2
279104,279105,2,1,1
279110,279111,2,1,1
279112,279116,5,1,4
279117,279118,2,1,1
279124,279125,2,1,1
279126,279128,3,1,2
279131,279132,2,1,1
279135,279136,2,1,1
279138,279140,3,2,1
279141,279143,3,1,2
279150,279153,4,3,1
279155,279157,3,2,1
279160,279161,2,1,1
279174,279175,2,1,1
279176,279177,2,1,1
279179,279181,3,1,2
279182,279184,3,1,2
279185,279187,3,2,1
279188,279189,2,1,1
279196,279198,3,1,2
279199,279201,3,1,2
279202,279203,2,1,1
279208,279216,9,4,5
279220,279221,2,1,1
279231,279232,2,1,1
279247,279252,6,1,5
279255,279257,3,2,1
279262,279267,6,2,4
279268,279271,4,3,1
279272,279274,3,2,1
279275,279276,2,1,1
279277,279280,4,3,1
279286,279287,2,1,1
279288,279293,6,5,1
279299,279300,2,1,1
279311,279313,3,1,2
279314,279317,4,1,3
279323,279324,2,1,1
279325,279329,5,2,3
279330,279331,2,1,1
279337,279338,2,1,1
279339,279341,3,2,1
279342,279344,3,1,2
279346,279347,2,1,1
279359,279360,2,1,1
279361,279362,2,1,1
279365,279366,2,1,1
279370,279371,2,1,1
279374,279376,3,1,2
279377,279380,4,1,3
279382,279391,10,9,1
279392,279402,11,10,1
279403,279405,3,1,2
279406,279415,10,9,1
279416,279423,8,7,1
279424,279425,2,1,1
279430,279431,2,1,1
279432,279433,2,1,1
279434,279436,3,2,1
279437,279443,7,3,4
279444,279449,6,2,4
279450,279452,3,2,1
279453,279455,3,2,1
279456,279461,6,5,1
279462,279467,6,5,1
279468,279470,3,1,2
279471,279472,2,1,1
279473,279480,8,1,7
279481,279484,4,2,2
279485,279488,4,3,1
279489,279493,5,3,2
279494,279499,6,3,3
279500,279501,2,1,1
279502,279504,3,2,1
279505,279509,5,4,1
279510,279512,3,2,1
279513,279524,12,10,2
279525,279533,9,3,6
279534,279539,6,4,2
279540,279542,3,2,1
279543,279552,10,7,3
279553,279555,3,1,2
279556,279558,3,1,2
279559,279563,5,3,2
279564,279570,7,5,2
279580,279582,3,2,1
279583,279584,2,1,1
279588,279592,5,2,3
279593,279597,5,4,1
279598,279603,6,3,3
279604,279606,3,2,1
279607,279609,3,2,1
279610,279614,5,2,3
279615,279616,2,1,1
279617,279618,2,1,1
279619,279620,2,1,1
279621,279626,6,3,3
279627,279630,4,1,3
279632,279635,4,3,1
279636,279637,2,1,1
279638,279645,8,7,1
279646,279648,3,1,2
279649,279650,2,1,1
279651,279653,3,2,1
279654,279661,8,4,4
279662,279667,6,3,3
279668,279670,3,2,1
279671,279672,2,1,1
279673,279674,2,1,1
279675,279682,8,6,2
279683,279685,3,1,2
279686,279690,5,2,3
279691,279692,2,1,1
279693,279696,4,1,3
279697,279701,5,3,2
279702,279704,3,2,1
279705,279708,4,1,3
279709,279713,5,2,3
279714,279717,4,1,3
279721,279722,2,1,1
279723,279726,4,1,3
279727,279731,5,3,2
279732,279734,3,2,1
279735,279736,2,1,1
279737,279740,4,1,3
279741,279748,8,6,2
279749,279752,4,3,1
279753,279757,5,4,1
279758,279760,3,2,1
279761,279763,3,2,1
279764,279768,5,4,1
279769,279774,6,3,3
279775,279777,3,1,2
279778,279780,3,1,2
279781,279783,3,1,2
279784,279789,6,3,3
279790,279792,3,1,2
279793,279796,4,1,3
279797,279800,4,2,2
279801,279806,6,3,3
279807,279816,10,8,2
279817,279821,5,3,2
279822,279824,3,2,1
279825,279829,5,4,1
279830,279831,2,1,1
279832,279835,4,1,3
279836,279842,7,4,3
279843,279848,6,5,1
279849,279854,6,5,1
279855,279856,2,1,1
279857,279859,3,2,1
279860,279865,6,5,1
279866,279868,3,1,2
279869,279873,5,3,2
279874,279878,5,3,2
279879,279882,4,1,3
279883,279886,4,1,3
279887,279889,3,2,1
279890,279892,3,1,2
279897,279898,2,1,1
279904,279908,5,3,2
279909,279912,4,1,3
279913,279916,4,3,1
279917,279921,5,2,3
279922,279924,3,2,1
279925,279926,2,1,1
279927,279928,2,1,1
279930,279932,3,1,2
279933,279935,3,2,1
279936,279937,2,1,1
279938,279941,4,3,1
279942,279944,3,2,1
279945,279947,3,2,1
279948,279955,8,7,1
279956,279957,2,1,1
279958,279961,4,3,1
279962,279963,2,1,1
279964,279969,6,4,2
279978,279981,4,3,1
279982,279983,2,1,1
279984,279985,2,1,1
279986,279991,6,1,5
279992,279993,2,1,1
279994,279996,3,1,2
279997,280002,6,3,3
280003,280005,3,1,2
280006,280009,4,1,3
280011,280019,9,8,1
280020,280023,4,2,2
280024,280025,2,1,1
280026,280032,7,1,6
280033,280035,3,1,2
280036,280039,4,2,2
280040,280043,4,1,3
280046,280053,8,1,7
280054,280055,2,1,1
280056,280057,2,1,1
280058,280060,3,2,1
280061,280064,4,2,2
280065,280069,5,3,2
280070,280071,2,1,1
280072,280077,6,1,5
280078,280083,6,5,1
280084,280085,2,1,1
280086,280088,3,1,2
280089,280092,4,2,2
280093,280096,4,1,3
280097,280098,2,1,1
280099,280104,6,5,1
280105,280112,8,4,4
280113,280114,2,1,1
280117,280119,3,1,2
280120,280123,4,3,1
280124,280126,3,2,1
280128,280133,6,3,3
280135,280140,6,4,2
280141,280147,7,6,1
280148,280149,2,1,1
280150,280151,2,1,1
280152,280153,2,1,1
280154,280159,6,2,4
280160,280161,2,1,1
280162,280166,5,4,1
280167,280171,5,3,2
280172,280173,2,1,1
280174,280175,2,1,1
280176,280181,6,5,1
280182,280183,2,1,1
280185,280193,9,8,1
280194,280199,6,5,1
280200,280203,4,3,1
280204,280208,5,4,1
280211,280213,3,2,1
280214,280215,2,1,1
280221,280222,2,1,1
280223,280231,9,3,6
280232,280236,5,3,2
280237,280239,3,1,2
280240,280243,4,1,3
280244,280247,4,2,2
280248,280249,2,1,1
280252,280257,6,4,2
280258,280261,4,2,2
280262,280263,2,1,1
280264,280265,2,1,1
280270,280272,3,1,2
280276,280279,4,2,2
280280,280281,2,1,1
280282,280287,6,1,5
280288,280292,5,4,1
280293,280294,2,1,1
280295,280300,6,5,1
280301,280305,5,3,2
280306,280310,5,1,4
280311,280313,3,2,1
280314,280322,9,1,8
280323,280328,6,4,2
280329,280337,9,8,1
280338,280340,3,2,1
280341,280344,4,2,2
280345,280349,5,2,3
280350,280355,6,1,5
280356,280357,2,1,1
280358,280359,2,1,1
280360,280366,7,3,4
280367,280368,2,1,1
280369,280371,3,1,2
280372,280374,3,2,1
280375,280378,4,3,1
280379,280382,4,3,1
280383,280387,5,2,3
280388,280390,3,1,2
280391,280395,5,4,1
280396,280399,4,2,2
280400,280402,3,1,2
280405,280408,4,2,2
280409,280412,4,3,1
280413,280414,2,1,1
280427,280429,3,2,1
280430,280433,4,2,2
280434,280435,2,1,1
280438,280439,2,1,1
280440,280442,3,2,1
280443,280449,7,4,3
280450,280455,6,5,1
280457,280460,4,3,1
280461,280467,7,6,1
280468,280473,6,5,1
280474,280475,2,1,1
280480,280485,6,4,2
280486,280488,3,2,1
280489,280491,3,1,2
280497,280498,2,1,1
280499,280501,3,1,2
280502,280507,6,5,1
280508,280509,2,1,1
280510,280512,3,2,1
280513,280515,3,1,2
280516,280518,3,2,1
280519,280524,6,1,5
280525,280530,6,5,1
280534,280535,2,1,1
280536,280538,3,2,1
280539,280541,3,2,1
280542,280548,7,6,1
280549,280558,10,9,1
280559,280563,5,1,4
280564,280565,2,1,1
280566,280569,4,2,2
280570,280571,2,1,1
280572,280576,5,4,1
280577,280578,2,1,1
280579,280582,4,1,3
280583,280585,3,1,2
280586,280587,2,1,1
280588,280589,2,1,1
280590,280593,4,3,1
280594,280596,3,1,2
280597,280603,7,5,2
280604,280606,3,1,2
280607,280611,5,1,4
280612,280615,4,2,2
280616,280619,4,2,2
280620,280621,2,1,1
280622,280623,2,1,1
280624,280629,6,3,3
280630,280633,4,1,3
280634,280635,2,1,1
280636,280637,2,1,1
280638,280645,8,7,1
280646,280647,2,1,1
280648,280651,4,1,3
280652,280653,2,1,1
280654,280663,10,7,3
280664,280667,4,3,1
280668,280673,6,1,5
280674,280675,2,1,1
280676,280679,4,2,2
280680,280685,6,4,2
280686,280689,4,3,1
280690,280692,3,2,1
280693,280695,3,1,2
280696,280698,3,2,1
280699,280700,2,1,1
280701,280702,2,1,1
280703,280707,5,1,4
280708,280709,2,1,1
280710,280713,4,2,2
280714,280721,8,3,5
280722,280724,3,2,1
280725,280732,8,5,3
280733,280737,5,4,1
280738,280742,5,4,1
280743,280744,2,1,1
280745,280747,3,2,1
280748,280749,2,1,1
280750,280751,2,1,1
280752,280757,6,5,1
280758,280763,6,4,2
280764,280766,3,2,1
280767,280771,5,3,2
280772,280773,2,1,1
280774,280777,4,3,1
280782,280791,10,9,1
280792,280797,6,4,2
280798,280801,4,2,2
280802,280803,2,1,1
280804,280806,3,1,2
280807,280810,4,3,1
280811,280815,5,4,1
280819,280822,4,2,2
280823,280825,3,2,1
280826,280828,3,2,1
280829,280832,4,3,1
280833,280834,2,1,1
280841,280842,2,1,1
280843,280844,2,1,1
280845,280849,5,4,1
280850,280852,3,2,1
280856,280861,6,5,1
280862,280863,2,1,1
280866,280869,4,2,2
280870,280873,4,3,1
280874,280877,4,3,1
280881,280882,2,1,1
280883,280891,9,6,3
280892,280894,3,2,1
280895,280896,2,1,1
280897,280899,3,2,1
280900,280901,2,1,1
280902,280906,5,4,1
280907,280908,2,1,1
280909,280914,6,4,2
280915,280922,8,3,5
280923,280927,5,1,4
280928,280931,4,2,2
280932,280935,4,1,3
280936,280938,3,1,2
280939,280941,3,2,1
280942,280943,2,1,1
280944,280947,4,1,3
280948,280957,10,8,2
280958,280963,6,5,1
280964,280965,2,1,1
280966,280967,2,1,1
280968,280971,4,2,2
280972,280977,6,2,4
280978,280980,3,1,2
280982,280986,5,4,1
280987,280988,2,1,1
280989,280990,2,1,1
280991,280995,5,4,1
280996,280998,3,1,2
280999,281008,10,2,8
281009,281010,2,1,1
281011,281015,5,4,1
281029,281031,3,2,1
281032,281042,11,7,4
281043,281046,4,2,2
281047,281051,5,4,1
281052,281055,4,2,2
281056,281057,2,1,1
281058,281065,8,4,4
281068,281070,3,2,1
281071,281072,2,1,1
281073,281084,12,11,1
281085,281089,5,4,1
281090,281093,4,3,1
281094,281095,2,1,1
281096,281102,7,5,2
281103,281105,3,1,2
281106,281108,3,1,2
281109,281111,3,1,2
281112,281113,2,1,1
281114,281116,3,1,2
281117,281123,7,4,3
281124,281129,6,3,3
281130,281135,6,2,4
281136,281138,3,1,2
281139,281142,4,2,2
281143,281144,2,1,1
281145,281149,5,4,1
281150,281154,5,1,4
281155,281157,3,2,1
281158,281162,5,4,1
281163,281166,4,1,3
281167,281171,5,4,1
281172,281175,4,3,1
281176,281182,7,3,4
281191,281193,3,2,1
281194,281196,3,2,1
281197,281203,7,4,3
281204,281205,2,1,1
281206,281208,3,1,2
281216,281218,3,1,2
281219,281221,3,2,1
281222,281223,2,1,1
281226,281228,3,2,1
281229,281232,4,2,2
281233,281235,3,2,1
281236,281239,4,3,1
281240,281244,5,4,1
281248,281249,2,1,1
281250,281254,5,1,4
281255,281259,5,3,2
281260,281263,4,2,2
281264,281271,8,7,1
281272,281275,4,3,1
281276,281278,3,2,1
281279,281280,2,1,1
281281,281282,2,1,1
281283,281288,6,3,3
281289,281295,7,2,5
281296,281301,6,4,2
281302,281310,9,8,1
281311,281316,6,4,2
281318,281322,5,4,1
281323,281326,4,1,3
281327,281329,3,1,2
281330,281332,3,1,2
281333,281335,3,2,1
281336,281338,3,2,1
281339,281345,7,6,1
281346,281350,5,3,2
281351,281356,6,4,2
281357,281359,3,1,2
281362,281363,2,1,1
281364,281368,5,3,2
281369,281373,5,4,1
281374,281375,2,1,1
281378,281379,2,1,1
281386,281387,2,1,1
281388,281390,3,1,2
281391,281394,4,2,2
281395,281401,7,4,3
281402,281404,3,2,1
281405,281407,3,2,1
281408,281410,3,2,1
281411,281413,3,1,2
281414,281417,4,1,3
281418,281420,3,2,1
281421,281423,3,1,2
281424,281426,3,2,1
281427,281429,3,2,1
281430,281432,3,1,2
281433,281440,8,6,2
281441,281447,7,5,2
281454,281455,2,1,1
281456,281459,4,2,2
281460,281461,2,1,1
281462,281466,5,2,3
281467,281473,7,5,2
281474,281475,2,1,1
281476,281480,5,3,2
281482,281483,2,1,1
281484,281487,4,3,1
281488,281492,5,2,3
281493,281494,2,1,1
281495,281497,3,2,1
281498,281502,5,3,2
281507,281510,4,1,3
281511,281512,2,1,1
281513,281514,2,1,1
281515,281517,3,1,2
281518,281519,2,1,1
281520,281525,6,5,1
281527,281529,3,1,2
281530,281531,2,1,1
281532,281533,2,1,1
281534,281536,3,1,2
281537,281541,5,4,1
281542,281543,2,1,1
281544,281547,4,3,1
281548,281550,3,2,1
281553,281554,2,1,1
281555,281558,4,3,1
281559,281565,7,6,1
281566,281567,2,1,1
281568,281572,5,2,3
281573,281576,4,3,1
281577,281581,5,2,3
281582,281583,2,1,1
281584,281585,2,1,1
281586,281588,3,1,2
281589,281592,4,3,1
281593,281596,4,1,3
281597,281600,4,3,1
281601,281606,6,4,2
281607,281614,8,3,5
281615,281621,7,5,2
281622,281624,3,1,2
281625,281627,3,2,1
281628,281632,5,1,4
281633,281636,4,3,1
281637,281641,5,4,1
281642,281647,6,2,4
281651,281657,7,4,3
281658,281664,7,5,2
281665,281672,8,5,3
281673,281676,4,1,3
281677,281679,3,2,1
281680,281683,4,3,1
281684,281686,3,2,1
281687,281688,2,1,1
281689,281692,4,3,1
281693,281694,2,1,1
281695,281699,5,4,1
281700,281702,3,1,2
281703,281705,3,1,2
281706,281709,4,2,2
281710,281713,4,2,2
281714,281716,3,2,1
281717,281721,5,3,2
281723,281726,4,2,2
281727,281730,4,2,2
281733,281739,7,6,1
281741,281748,8,7,1
281749,281758,10,4,6
281759,281760,2,1,1
281761,281763,3,2,1
281764,281766,3,2,1
281767,281780,14,13,1
281781,281782,2,1,1
281783,281788,6,5,1
281789,281792,4,3,1
281793,281794,2,1,1
281795,281797,3,1,2
281798,281799,2,1,1
281800,281801,2,1,1
281802,281804,3,2,1
281805,281809,5,3,2
281810,281812,3,2,1
281813,281814,2,1,1
281816,281819,4,1,3
281820,281823,4,3,1
281824,281827,4,1,3
281828,281830,3,2,1
281831,281832,2,1,1
281833,281834,2,1,1
281839,281844,6,2,4
281845,281846,2,1,1
281847,281848,2,1,1
281849,281850,2,1,1
281851,281856,6,5,1
281857,281859,3,1,2
281860,281862,3,2,1
281865,281867,3,1,2
281868,281875,8,5,3
281876,281880,5,3,2
281881,281887,7,6,1
281888,281893,6,5,1
281894,281896,3,1,2
281904,281905,2,1,1
281906,281908,3,2,1
281909,281910,2,1,1
281911,281913,3,2,1
281914,281915,2,1,1
281916,281921,6,5,1
281922,281928,7,5,2
281929,281932,4,2,2
281933,281935,3,2,1
281936,281939,4,3,1
281940,281942,3,2,1
281943,281945,3,2,1
281951,281953,3,1,2
281954,281957,4,1,3
281958,281961,4,2,2
281962,281965,4,1,3
281966,281972,7,4,3
281975,281978,4,2,2
281979,281985,7,5,2
281989,281994,6,3,3
281995,281997,3,1,2
281998,281999,2,1,1
282000,282002,3,2,1
282003,282006,4,3,1
282007,282011,5,4,1
282012,282020,9,8,1
282021,282022,2,1,1
282023,282025,3,1,2
282026,282029,4,2,2
282030,282038,9,5,4
282039,282042,4,1,3
282043,282048,6,4,2
282049,282055,7,5,2
282056,282057,2,1,1
282058,282061,4,2,2
282062,282066,5,4,1
282067,282070,4,1,3
282071,282072,2,1,1
282073,282076,4,3,1
282077,282081,5,4,1
282082,282083,2,1,1
282084,282085,2,1,1
282086,282087,2,1,1
282088,282090,3,2,1
282091,282093,3,1,2
282094,282095,2,1,1
282098,282100,3,1,2
282101,282103,3,2,1
282104,282105,2,1,1
282106,282107,2,1,1
282108,282119,12,9,3
282120,282123,4,3,1
282124,282125,2,1,1
282129,282132,4,1,3
282133,282135,3,1,2
282136,282139,4,3,1
282140,282143,4,3,1
282144,282145,2,1,1
282146,282148,3,2,1
282149,282150,2,1,1
282151,282153,3,2,1
282154,282156,3,1,2
282157,282161,5,3,2
282171,282175,5,1,4
282177,282182,6,5,1
282183,282186,4,3,1
282187,282189,3,2,1
282190,282195,6,5,1
282196,282207,12,9,3
282208,282210,3,2,1
282211,282213,3,1,2
282215,282218,4,2,2
282219,282221,3,2,1
282222,282223,2,1,1
282224,282225,2,1,1
282226,282227,2,1,1
282228,282231,4,2,2
282234,282237,4,1,3
282238,282242,5,4,1
282243,282245,3,1,2
282246,282248,3,2,1
282249,282251,3,2,1
282252,282255,4,2,2
282256,282257,2,1,1
282258,282260,3,2,1
282261,282262,2,1,1
282263,282268,6,5,1
282269,282270,2,1,1
282271,282276,6,4,2
282277,282278,2,1,1
282279,282280,2,1,1
282281,282287,7,5,2
282288,282292,5,3,2
282296,282298,3,2,1
282299,282300,2,1,1
282301,282302,2,1,1
282303,282304,2,1,1
282305,282307,3,2,1
282308,282309,2,1,1
282310,282311,2,1,1
282312,282313,2,1,1
282314,282316,3,1,2
282322,282329,8,7,1
282330,282332,3,2,1
282333,282336,4,3,1
282337,282338,2,1,1
282339,282340,2,1,1
282341,282342,2,1,1
282343,282352,10,9,1
282353,282359,7,5,2
282361,282365,5,1,4
282366,282372,7,6,1
282373,282374,2,1,1
282379,282380,2,1,1
282381,282386,6,5,1
282387,282389,3,2,1
282390,282392,3,2,1
282397,282398,2,1,1
282399,282400,2,1,1
282401,282402,2,1,1
282403,282404,2,1,1
282405,282409,5,3,2
282410,282414,5,3,2
282415,282418,4,2,2
282419,282421,3,1,2
282429,282432,4,1,3
282433,282437,5,3,2
282439,282442,4,2,2
282443,282445,3,2,1
282446,282448,3,1,2
282449,282453,5,1,4
282454,282458,5,4,1
282459,282461,3,2,1
282462,282464,3,2,1
282465,282466,2,1,1
282467,282469,3,1,2
282470,282472,3,2,1
282473,282474,2,1,1
282475,282479,5,2,3
282480,282484,5,4,1
282485,282486,2,1,1
282490,282494,5,4,1
282495,282498,4,1,3
282499,282503,5,4,1
282504,282510,7,4,3
282511,282513,3,1,2
282514,282518,5,4,1
282519,282522,4,1,3
282523,282526,4,2,2
282527,282530,4,1,3
282531,282532,2,1,1
282533,282534,2,1,1
282544,282548,5,4,1
282549,282550,2,1,1
282551,282552,2,1,1
282553,282556,4,3,1
282557,282561,5,4,1
282572,282580,9,8,1
282581,282582,2,1,1
282583,282584,2,1,1
282585,282586,2,1,1
282589,282595,7,2,5
282596,282597,2,1,1
282602,282604,3,2,1
282605,282607,3,1,2
282608,282609,2,1,1
282610,282619,10,8,2
282620,282622,3,1,2
282623,282624,2,1,1
282625,282626,2,1,1
282627,282629,3,2,1
282632,282633,2,1,1
282634,282636,3,2,1
282637,282643,7,6,1
282644,282648,5,4,1
282649,282650,2,1,1
282651,282657,7,5,2
282658,282659,2,1,1
282660,282662,3,2,1
282663,282668,6,4,2
282669,282673,5,4,1
282674,282675,2,1,1
282676,282679,4,3,1
282682,282685,4,3,1
282686,282689,4,3,1
282690,282692,3,2,1
282693,282696,4,3,1
282697,282706,10,9,1
282707,282709,3,1,2
282710,282720,11,6,5
282721,282724,4,2,2
282725,282726,2,1,1
282727,282729,3,1,2
282734,282737,4,3,1
282738,282741,4,3,1
282742,282745,4,1,3
282746,282749,4,2,2
282750,282752,3,1,2
282753,282754,2,1,1
282755,282758,4,3,1
282759,282761,3,1,2
282762,282763,2,1,1
282764,282767,4,2,2
282768,282769,2,1,1
282770,282771,2,1,1
282772,282773,2,1,1
282774,282776,3,2,1
282777,282779,3,1,2
282780,282785,6,5,1
282791,282793,3,2,1
282794,282795,2,1,1
282796,282800,5,4,1
282802,282803,2,1,1
282808,282809,2,1,1
282810,282813,4,2,2
282814,282817,4,2,2
282818,282822,5,4,1
282823,282824,2,1,1
282836,282839,4,2,2
282840,282841,2,1,1
282842,282843,2,1,1
282844,282851,8,7,1
282852,282854,3,2,1
282855,282856,2,1,1
282857,282861,5,2,3
282862,282867,6,5,1
282868,282869,2,1,1
282870,282872,3,2,1
282873,282875,3,2,1
282876,282877,2,1,1
282878,282883,6,3,3
282884,282888,5,2,3
282889,282892,4,1,3
282893,282895,3,1,2
282896,282900,5,3,2
282901,282907,7,6,1
282908,282909,2,1,1
282910,282911,2,1,1
282913,282917,5,4,1
282918,282919,2,1,1
282920,282924,5,3,2
282925,282926,2,1,1
282927,282930,4,3,1
282931,282934,4,2,2
282935,282939,5,3,2
282940,282944,5,2,3
282945,282949,5,1,4
282950,282956,7,3,4
282957,282959,3,1,2
282960,282961,2,1,1
282962,282965,4,1,3
282967,282972,6,3,3
282973,282979,7,4,3
282980,282986,7,4,3
282987,282989,3,1,2
282992,282993,2,1,1
282994,282996,3,2,1
282998,283000,3,1,2
283001,283002,2,1,1
283005,283009,5,1,4
283010,283011,2,1,1
283012,283016,5,2,3
283017,283021,5,4,1
283022,283025,4,3,1
283026,283029,4,3,1
283030,283034,5,3,2
283035,283039,5,3,2
283040,283046,7,6,1
283047,283051,5,1,4
283052,283054,3,2,1
283061,283063,3,1,2
283064,283072,9,8,1
283073,283074,2,1,1
283075,283077,3,2,1
283080,283086,7,5,2
283087,283091,5,4,1
283092,283095,4,2,2
283096,283101,6,3,3
283103,283104,2,1,1
283105,283106,2,1,1
283107,283110,4,2,2
283111,283115,5,4,1
283116,283119,4,1,3
283120,283123,4,1,3
283124,283129,6,4,2
283130,283135,6,3,3
283136,283137,2,1,1
283138,283139,2,1,1
283140,283142,3,1,2
283143,283144,2,1,1
283145,283146,2,1,1
283147,283148,2,1,1
283149,283155,7,6,1
283156,283158,3,2,1
283159,283166,8,7,1
283167,283168,2,1,1
283169,283178,10,8,2
283179,283184,6,3,3
283185,283187,3,2,1
283188,283190,3,2,1
283191,283194,4,3,1
283195,283197,3,2,1
283198,283201,4,2,2
283202,283204,3,2,1
283205,283208,4,1,3
283209,283212,4,2,2
283213,283215,3,2,1
283216,283218,3,2,1
283219,283221,3,2,1
283222,283223,2,1,1
283224,283227,4,2,2
283228,283231,4,3,1
283232,283235,4,2,2
283239,283241,3,2,1
283242,283243,2,1,1
283244,283245,2,1,1
283246,283249,4,3,1
283250,283251,2,1,1
283252,283255,4,2,2
283256,283262,7,4,3
283263,283268,6,2,4
283269,283271,3,1,2
283272,283274,3,1,2
283275,283280,6,3,3
283281,283283,3,2,1
283284,283288,5,3,2
283289,283291,3,1,2
283294,283297,4,1,3
283308,283310,3,2,1
283311,283312,2,1,1
283313,283314,2,1,1
283315,283318,4,2,2
283319,283320,2,1,1
283333,283334,2,1,1
283335,283337,3,1,2
283338,283342,5,4,1
283343,283346,4,3,1
283347,283351,5,3,2
283352,283354,3,1,2
283359,283361,3,2,1
283362,283363,2,1,1
283364,283368,5,3,2
283369,283371,3,1,2
283372,283374,3,1,2
283375,283376,2,1,1
283377,283378,2,1,1
283382,283385,4,3,1
283391,283396,6,5,1
283397,283398,2,1,1
283399,283402,4,3,1
283403,283404,2,1,1
283405,283407,3,2,1
283408,283415,8,7,1
283416,283420,5,3,2
283421,283426,6,2,4
283431,283436,6,2,4
283437,283438,2,1,1
283439,283444,6,3,3
283445,283446,2,1,1
283447,283452,6,3,3
283458,283460,3,2,1
283461,283462,2,1,1
283463,283466,4,1,3
283467,283469,3,1,2
283470,283472,3,2,1
283473,283475,3,2,1
283476,283478,3,2,1
283479,283483,5,2,3
283484,283489,6,2,4
283490,283492,3,1,2
283493,283494,2,1,1
283495,283496,2,1,1
283497,283498,2,1,1
283500,283502,3,1,2
283503,283507,5,2,3
283508,283510,3,1,2
283511,283512,2,1,1
283513,283516,4,2,2
283517,283519,3,2,1
283520,283521,2,1,1
283522,283528,7,4,3
283529,283539,11,9,2
283540,283541,2,1,1
283549,283553,5,4,1
283554,283555,2,1,1
283556,283560,5,3,2
283561,283566,6,3,3
283568,283569,2,1,1
283570,283572,3,2,1
283573,283575,3,1,2
283576,283582,7,4,3
283583,283585,3,2,1
283586,283593,8,6,2
283594,283595,2,1,1
283596,283597,2,1,1
283598,283603,6,1,5
283604,283612,9,7,2
283613,283615,3,1,2
283616,283618,3,2,1
283619,283628,10,9,1
283629,283630,2,1,1
283631,283633,3,1,2
283634,283636,3,1,2
283637,283638,2,1,1
283639,283641,3,2,1
283642,283646,5,3,2
283647,283649,3,1,2
283650,283651,2,1,1
283652,283653,2,1,1
283654,283660,7,4,3
283661,283666,6,3,3
283667,283668,2,1,1
283672,283677,6,2,4
283678,283680,3,1,2
283681,283683,3,2,1
283684,283690,7,5,2
283691,283692,2,1,1
283693,283694,2,1,1
283696,283700,5,3,2
283701,283703,3,1,2
283704,283707,4,3,1
283708,283709,2,1,1
283710,283711,2,1,1
283712,283722,11,10,1
283723,283724,2,1,1
283725,283731,7,3,4
283732,283736,5,2,3
283737,283742,6,2,4
283743,283747,5,4,1
283748,283750,3,2,1
283751,283752,2,1,1
283753,283756,4,1,3
283757,283760,4,2,2
283761,283763,3,2,1
283764,283765,2,1,1
283766,283768,3,2,1
283769,283773,5,3,2
283774,283775,2,1,1
283776,283778,3,2,1
283782,283783,2,1,1
283784,283785,2,1,1
283792,283793,2,1,1
283794,283797,4,3,1
283802,283807,6,4,2
283808,283812,5,2,3
283813,283814,2,1,1
283815,283817,3,1,2
283818,283820,3,2,1
283821,283829,9,7,2
283830,283833,4,3,1
283834,283837,4,2,2
283846,283848,3,1,2
283849,283852,4,1,3
283853,283857,5,2,3
283858,283865,8,3,5
283866,283867,2,1,1
283868,283877,10,5,5
283878,283879,2,1,1
283880,283885,6,5,1
283886,283888,3,1,2
283889,283891,3,2,1
283894,283895,2,1,1
283896,283900,5,4,1
283901,283905,5,3,2
283906,283907,2,1,1
283908,283911,4,2,2
283912,283913,2,1,1
283914,283919,6,5,1
283920,283926,7,6,1
283929,283931,3,2,1
283933,283936,4,1,3
283937,283940,4,3,1
283941,283945,5,1,4
283946,283952,7,6,1
283953,283956,4,1,3
283957,283960,4,3,1
283961,283965,5,4,1
283967,283970,4,1,3
283971,283973,3,2,1
283974,283976,3,2,1
283977,283978,2,1,1
283979,283982,4,1,3
283983,283984,2,1,1
283985,283987,3,2,1
283988,283989,2,1,1
283990,283993,4,2,2
283994,283997,4,3,1
284000,284005,6,4,2
284015,284023,9,8,1
284024,284029,6,4,2
284030,284031,2,1,1
284032,284034,3,1,2
284035,284037,3,2,1
284038,284039,2,1,1
284040,284041,2,1,1
284042,284044,3,2,1
284045,284046,2,1,1
284049,284051,3,2,1
284052,284053,2,1,1
284054,284059,6,3,3
284060,284063,4,3,1
284064,284067,4,3,1
284068,284071,4,1,3
284074,284075,2,1,1
284076,284080,5,2,3
284081,284084,4,2,2
284086,284087,2,1,1
284088,284094,7,4,3
284095,284096,2,1,1
284097,284099,3,2,1
284100,284104,5,3,2
284105,284107,3,1,2
284108,284110,3,2,1
284111,284113,3,1,2
284114,284121,8,7,1
284122,284123,2,1,1
284124,284128,5,4,1
284129,284130,2,1,1
284135,284136,2,1,1
284137,284140,4,2,2
284141,284143,3,2,1
284144,284146,3,2,1
284147,284164,18,10,8
284165,284171,7,6,1
284172,284177,6,3,3
284178,284183,6,2,4
284184,284186,3,2,1
284188,284191,4,1,3
284203,284205,3,2,1
284206,284207,2,1,1
284208,284209,2,1,1
284212,284213,2,1,1
284214,284215,2,1,1
284216,284217,2,1,1
284228,284233,6,5,1
284238,284240,3,2,1
284241,284244,4,1,3
284245,284247,3,1,2
284248,284259,12,10,2
284260,284262,3,1,2
284263,284264,2,1,1
284267,284270,4,3,1
284271,284273,3,2,1
284274,284275,2,1,1
284276,284278,3,2,1
284279,284282,4,3,1
284283,284284,2,1,1
284290,284292,3,2,1
284293,284302,10,4,6
284303,284308,6,2,4
284311,284312,2,1,1
284314,284319,6,3,3
284321,284327,7,5,2
284328,284330,3,2,1
284331,284333,3,2,1
284334,284335,2,1,1
284336,284337,2,1,1
284338,284343,6,3,3
284344,284345,2,1,1
284346,284351,6,4,2
284352,284354,3,1,2
284362,284367,6,4,2
284368,284370,3,2,1
284371,284372,2,1,1
284376,284377,2,1,1
284378,284383,6,3,3
284384,284386,3,1,2
284387,284390,4,3,1
284391,284395,5,2,3
284396,284398,3,1,2
284399,284402,4,2,2
284406,284407,2,1,1
284408,284410,3,1,2
284413,284419,7,6,1
284420,284421,2,1,1
284423,284424,2,1,1
284425,284426,2,1,1
284429,284432,4,2,2
284433,284435,3,1,2
284436,284440,5,3,2
284450,284451,2,1,1
284452,284453,2,1,1
284456,284460,5,3,2
284461,284462,2,1,1
284471,284472,2,1,1
284473,284476,4,2,2
284477,284479,3,2,1
284480,284483,4,3,1
284484,284487,4,3,1
284488,284491,4,2,2
284498,284499,2,1,1
284500,284501,2,1,1
284502,284506,5,4,1
284507,284514,8,5,3
284515,284519,5,2,3
284520,284521,2,1,1
284522,284526,5,1,4
284527,284529,3,1,2
284530,284531,2,1,1
284532,284539,8,7,1
284540,284550,11,9,2
284551,284554,4,2,2
284555,284560,6,5,1
284561,284566,6,1,5
284567,284576,10,8,2
284577,284582,6,2,4
284588,284590,3,2,1
284591,284593,3,1,2
284594,284596,3,1,2
284597,284598,2,1,1
284599,284601,3,2,1
284602,284604,3,1,2
284605,284606,2,1,1
284608,284612,5,4,1
284613,284614,2,1,1
284621,284622,2,1,1
284625,284628,4,1,3
284629,284634,6,3,3
284635,284638,4,2,2
284639,284640,2,1,1
284641,284646,6,4,2
284647,284650,4,1,3
284651,284657,7,5,2
284666,284668,3,1,2
284669,284672,4,2,2
284673,284678,6,5,1
284679,284681,3,2,1
284682,284683,2,1,1
284693,284694,2,1,1
284695,284696,2,1,1
284697,284700,4,3,1
284701,284705,5,4,1
284706,284709,4,2,2
284710,284711,2,1,1
284712,284718,7,6,1
284719,284721,3,2,1
284723,284728,6,4,2
284729,284731,3,2,1
284741,284743,3,1,2
284744,284745,2,1,1
284746,284751,6,3,3
284752,284754,3,2,1
284755,284758,4,2,2
284760,284765,6,4,2
284766,284767,2,1,1
284768,284771,4,3,1
284772,284775,4,3,1
284776,284778,3,1,2
284779,284780,2,1,1
284781,284783,3,2,1
284784,284787,4,3,1
284788,284790,3,1,2
284791,284793,3,2,1
284794,284798,5,3,2
284799,284801,3,1,2
284802,284805,4,3,1
284806,284807,2,1,1
284812,284814,3,1,2
284815,284817,3,2,1
284818,284824,7,3,4
284829,284843,15,14,1
284844,284848,5,4,1
284849,284850,2,1,1
284851,284853,3,2,1
284854,284858,5,4,1
284862,284867,6,4,2
284868,284870,3,2,1
284871,284881,11,10,1
284882,284883,2,1,1
284894,284896,3,1,2
284898,284900,3,1,2
284901,284903,3,2,1
284904,284905,2,1,1
284906,284909,4,3,1
284910,284911,2,1,1
284912,284913,2,1,1
284914,284915,2,1,1
284916,284917,2,1,1
284918,284919,2,1,1
284920,284923,4,3,1
284924,284925,2,1,1
284926,284928,3,2,1
284929,284933,5,3,2
284937,284939,3,2,1
284940,284942,3,2,1
284943,284947,5,3,2
284948,284951,4,3,1
284952,284958,7,4,3
284959,284960,2,1,1
284961,284962,2,1,1
284964,284965,2,1,1
284966,284967,2,1,1
284968,284970,3,1,2
284971,284972,2,1,1
284981,284982,2,1,1
284983,284984,2,1,1
284985,284992,8,6,2
284996,284997,2,1,1
284998,284999,2,1,1
285009,285011,3,1,2
285012,285013,2,1,1
285016,285017,2,1,1
285020,285023,4,1,3
285031,285033,3,2,1
285038,285039,2,1,1
285042,285046,5,4,1
285047,285049,3,1,2
285050,285052,3,1,2
285053,285058,6,5,1
285059,285060,2,1,1
285062,285067,6,2,4
285068,285069,2,1,1
285070,285071,2,1,1
285076,285079,4,1,3
285080,285082,3,2,1
285083,285085,3,1,2
285086,285089,4,1,3
285092,285093,2,1,1
285094,285100,7,4,3
285101,285105,5,3,2
285106,285109,4,1,3
285110,285114,5,4,1
285119,285120,2,1,1
285121,285126,6,5,1
285127,285129,3,2,1
285130,285131,2,1,1
285136,285143,8,6,2
285144,285147,4,2,2
285152,285159,8,4,4
285160,285161,2,1,1
285162,285163,2,1,1
285164,285166,3,1,2
285167,285168,2,1,1
285171,285172,2,1,1
285173,285175,3,2,1
285176,285177,2,1,1
285178,285179,2,1,1
285180,285182,3,2,1
285183,285184,2,1,1
285185,285188,4,2,2
285189,285195,7,5,2
285196,285197,2,1,1
285198,285199,2,1,1
285201,285206,6,4,2
285207,285208,2,1,1
285209,285212,4,3,1
285213,285216,4,2,2
285217,285218,2,1,1
285219,285222,4,2,2
285227,285228,2,1,1
285229,285230,2,1,1
285231,285234,4,3,1
285235,285240,6,4,2
285243,285244,2,1,1
285245,285246,2,1,1
285247,285248,2,1,1
285252,285255,4,3,1
285256,285257,2,1,1
285258,285263,6,5,1
285264,285265,2,1,1
285266,285269,4,2,2
285270,285273,4,2,2
285274,285277,4,3,1
285281,285283,3,2,1
285284,285285,2,1,1
285286,285294,9,7,2
285295,285296,2,1,1
285297,285298,2,1,1
285299,285302,4,3,1
285303,285307,5,4,1
285326,285327,2,1,1
285328,285329,2,1,1
285330,285331,2,1,1
285332,285335,4,1,3
285336,285339,4,3,1
285340,285341,2,1,1
285342,285343,2,1,1
285344,285347,4,3,1
285348,285350,3,1,2
285351,285354,4,2,2
285355,285359,5,4,1
285360,285362,3,2,1
285363,285368,6,5,1
285369,285370,2,1,1
285371,285373,3,1,2
285374,285375,2,1,1
285376,285380,5,3,2
285381,285383,3,2,1
285384,285387,4,3,1
285388,285394,7,6,1
285395,285399,5,4,1
285400,285401,2,1,1
285402,285404,3,2,1
285405,285410,6,4,2
285411,285412,2,1,1
285413,285419,7,3,4
285420,285423,4,1,3
285424,285426,3,2,1
285427,285428,2,1,1
285429,285433,5,4,1
285434,285436,3,1,2
285437,285447,11,10,1
285448,285450,3,1,2
285455,285456,2,1,1
285457,285459,3,1,2
285462,285463,2,1,1
285464,285465,2,1,1
285466,285469,4,2,2
285471,285475,5,4,1
285476,285480,5,2,3
285481,285483,3,2,1
285484,285488,5,3,2
285494,285496,3,2,1
285498,285501,4,3,1
285502,285513,12,10,2
285519,285523,5,2,3
285524,285528,5,4,1
285529,285530,2,1,1
285531,285532,2,1,1
285533,285534,2,1,1
285535,285540,6,5,1
285541,285543,3,2,1
285546,285551,6,2,4
285553,285562,10,8,2
285563,285565,3,2,1
285570,285574,5,1,4
285576,285581,6,5,1
285584,285586,3,2,1
285587,285590,4,2,2
285591,285595,5,4,1
285596,285600,5,3,2
285601,285602,2,1,1
285607,285610,4,2,2
285611,285612,2,1,1
285613,285615,3,1,2
285622,285626,5,4,1
285627,285633,7,6,1
285636,285640,5,2,3
285641,285642,2,1,1
285643,285646,4,3,1
285647,285651,5,3,2
285652,285653,2,1,1
285654,285657,4,2,2
285660,285663,4,2,2
285668,285669,2,1,1
285670,285676,7,3,4
285677,285680,4,1,3
285681,285695,15,13,2
285702,285705,4,1,3
285706,285709,4,1,3
285710,285712,3,1,2
285713,285719,7,5,2
285720,285722,3,1,2
285723,285724,2,1,1
285728,285733,6,5,1
285734,285735,2,1,1
285736,285740,5,3,2
285746,285747,2,1,1
285748,285752,5,4,1
285753,285754,2,1,1
285755,285760,6,1,5
285761,285762,2,1,1
285765,285769,5,1,4
285772,285775,4,2,2
285776,285778,3,1,2
285779,285784,6,5,1
285792,285793,2,1,1
285794,285795,2,1,1
285800,285801,2,1,1
285802,285803,2,1,1
285804,285813,10,7,3
285814,285816,3,2,1
285817,285820,4,1,3
285821,285824,4,3,1
285830,285833,4,3,1
285834,285839,6,4,2
285840,285843,4,3,1
285844,285846,3,1,2
285847,285850,4,2,2
285851,285853,3,2,1
285858,285860,3,2,1
285865,285870,6,4,2
285871,285875,5,2,3
285876,285878,3,2,1
285881,285882,2,1,1
285883,285886,4,2,2
285887,285890,4,2,2
285895,285902,8,4,4
285906,285912,7,1,6
285918,285919,2,1,1
285920,285921,2,1,1
285922,285923,2,1,1
285924,285926,3,1,2
285927,285930,4,2,2
285931,285933,3,1,2
285934,285935,2,1,1
285936,285938,3,2,1
285939,285942,4,2,2
285943,285944,2,1,1
285945,285946,2,1,1
285947,285950,4,1,3
285951,285955,5,2,3
285956,285960,5,3,2
285961,285966,6,3,3
285967,285969,3,1,2
285970,285972,3,1,2
285973,285975,3,2,1
285976,285981,6,4,2
285982,285983,2,1,1
285984,285991,8,3,5
285998,286001,4,2,2
286002,286014,13,10,3
286015,286016,2,1,1
286019,286024,6,2,4
286025,286027,3,2,1
286028,286031,4,3,1
286032,286041,10,9,1
286042,286045,4,2,2
286049,286050,2,1,1
286051,286052,2,1,1
286053,286058,6,2,4
286059,286063,5,2,3
286064,286067,4,3,1
286068,286073,6,5,1
286074,286075,2,1,1
286076,286078,3,1,2
286079,286080,2,1,1
286081,286084,4,1,3
286088,286094,7,3,4
286096,286100,5,3,2
286102,286108,7,2,5
286109,286110,2,1,1
286114,286117,4,1,3
286127,286129,3,2,1
286133,286138,6,2,4
286139,286142,4,2,2
286143,286146,4,1,3
286147,286148,2,1,1
286149,286151,3,2,1
286152,286156,5,1,4
286158,286160,3,2,1
286161,286163,3,2,1
286164,286166,3,1,2
286169,286173,5,4,1
286174,286182,9,5,4
286183,286184,2,1,1
286185,286190,6,4,2
286192,286194,3,1,2
286195,286196,2,1,1
286197,286202,6,2,4
286210,286213,4,2,2
286216,286219,4,2,2
286220,286224,5,2,3
286227,286231,5,1,4
286232,286235,4,3,1
286236,286239,4,3,1
286240,286241,2,1,1
286242,286244,3,2,1
286245,286246,2,1,1
286247,286248,2,1,1
286249,286250,2,1,1
286251,286257,7,6,1
286259,286262,4,1,3
286263,286270,8,5,3
286271,286273,3,1,2
286274,286275,2,1,1
286280,286281,2,1,1
286282,286283,2,1,1
286284,286289,6,4,2
286290,286292,3,2,1
286293,286297,5,4,1
286303,286308,6,3,3
286309,286310,2,1,1
286311,286313,3,1,2
286314,286318,5,2,3
286319,286321,3,2,1
286322,286325,4,3,1
286326,286327,2,1,1
286328,286329,2,1,1
286330,286335,6,4,2
286339,286342,4,2,2
286345,286347,3,1,2
286348,286349,2,1,1
286350,286354,5,4,1
286355,286358,4,1,3
286359,286363,5,2,3
286364,286366,3,1,2
286367,286368,2,1,1
286369,286372,4,3,1
286373,286375,3,1,2
286376,286380,5,1,4
286381,286388,8,5,3
286389,286391,3,2,1
286392,286394,3,2,1
286395,286398,4,1,3
286399,286403,5,1,4
286413,286414,2,1,1
286416,286420,5,4,1
286421,286428,8,4,4
286429,286434,6,1,5
286435,286440,6,2,4
286442,286445,4,3,1
286448,286450,3,2,1
286455,286457,3,1,2
286458,286459,2,1,1
286467,286470,4,1,3
286473,286475,3,2,1
286476,286479,4,3,1
286480,286486,7,3,4
286487,286489,3,1,2
286490,286493,4,3,1
286494,286496,3,2,1
286501,286505,5,2,3
286506,286507,2,1,1
286509,286510,2,1,1
286511,286512,2,1,1
286513,286517,5,2,3
286518,286522,5,4,1
286525,286527,3,1,2
286528,286536,9,8,1
286537,286544,8,6,2
286546,286549,4,2,2
286550,286556,7,4,3
286557,286559,3,2,1
286560,286562,3,2,1
286563,286564,2,1,1
286565,286566,2,1,1
286567,286570,4,3,1
286571,286572,2,1,1
286575,286581,7,4,3
286582,286583,2,1,1
286585,286586,2,1,1
286590,286595,6,3,3
286596,286598,3,2,1
286599,286601,3,2,1
286602,286605,4,2,2
286610,286612,3,2,1
286613,286615,3,1,2
286616,286619,4,1,3
286620,286622,3,1,2
286623,286627,5,2,3
286629,286635,7,5,2
286636,286638,3,2,1
286639,286643,5,1,4
286644,286649,6,5,1
286650,286652,3,2,1
286653,286655,3,1,2
286656,286661,6,5,1
286662,286663,2,1,1
286664,286666,3,2,1
286672,286676,5,4,1
286677,286679,3,1,2
286684,286687,4,3,1
286688,286690,3,2,1
286691,286692,2,1,1
286693,286696,4,2,2
286697,286700,4,2,2
286701,286705,5,4,1
286706,286711,6,5,1
286713,286719,7,3,4
286722,286726,5,1,4
286727,286729,3,1,2
286730,286734,5,4,1
286735,286736,2,1,1
286737,286739,3,2,1
286746,286749,4,1,3
286750,286756,7,1,6
286759,286761,3,1,2
286762,286763,2,1,1
286764,286765,2,1,1
286769,286773,5,4,1
286774,286776,3,2,1
286781,286784,4,2,2
286795,286798,4,3,1
286805,286811,7,6,1
286812,286817,6,4,2
286820,286821,2,1,1
286822,286826,5,1,4
286827,286831,5,4,1
286832,286834,3,1,2
286835,286836,2,1,1
286840,286841,2,1,1
286846,286850,5,3,2
286851,286855,5,4,1
286856,286859,4,3,1
286862,286863,2,1,1
286864,286865,2,1,1
286872,286873,2,1,1
286874,286876,3,2,1
286878,286879,2,1,1
286888,286889,2,1,1
286893,286898,6,5,1
286899,286901,3,1,2
286902,286903,2,1,1
286904,286906,3,2,1
286907,286913,7,1,6
286914,286915,2,1,1
286916,286918,3,1,2
286919,286926,8,6,2
286927,286929,3,2,1
286930,286935,6,1,5
286936,286939,4,1,3
286940,286944,5,2,3
286945,286947,3,1,2
286949,286950,2,1,1
286954,286958,5,4,1
286959,286962,4,3,1
286967,286968,2,1,1
286972,286974,3,1,2
286975,286976,2,1,1
286977,286978,2,1,1
286979,286980,2,1,1
286981,286985,5,3,2
286986,286987,2,1,1
286988,286990,3,2,1
286991,286992,2,1,1
286993,286994,2,1,1
286996,286997,2,1,1
287002,287003,2,1,1
287004,287005,2,1,1
287006,287007,2,1,1
287008,287009,2,1,1
287010,287017,8,3,5
287018,287023,6,4,2
287024,287030,7,4,3
287031,287033,3,2,1
287036,287038,3,2,1
287039,287042,4,3,1
287043,287044,2,1,1
287045,287051,7,5,2
287052,287055,4,3,1
287056,287060,5,4,1
287061,287062,2,1,1
287072,287074,3,1,2
287075,287076,2,1,1
287077,287078,2,1,1
287079,287080,2,1,1
287081,287084,4,3,1
287086,287088,3,1,2
287089,287093,5,3,2
287094,287095,2,1,1
287096,287099,4,1,3
287103,287106,4,1,3
287107,287108,2,1,1
287109,287111,3,2,1
287126,287128,3,2,1
287129,287135,7,5,2
287136,287137,2,1,1
287138,287140,3,1,2
287141,287142,2,1,1
287143,287146,4,2,2
287153,287158,6,4,2
287159,287160,2,1,1
287161,287162,2,1,1
287163,287166,4,1,3
287176,287177,2,1,1
287178,287181,4,3,1
287182,287185,4,1,3
287186,287187,2,1,1
287188,287192,5,2,3
287193,287195,3,1,2
287196,287198,3,1,2
287199,287202,4,3,1
287203,287206,4,2,2
287207,287209,3,2,1
287210,287217,8,4,4
287226,287228,3,2,1
287229,287230,2,1,1
287236,287243,8,6,2
287244,287246,3,1,2
287248,287252,5,4,1
287253,287254,2,1,1
287255,287256,2,1,1
287257,287258,2,1,1
287259,287262,4,1,3
287263,287264,2,1,1
287265,287268,4,3,1
287269,287272,4,3,1
287279,287280,2,1,1
287281,287286,6,3,3
287287,287288,2,1,1
287289,287292,4,1,3
287293,287298,6,3,3
287299,287301,3,1,2
287302,287308,7,5,2
287309,287311,3,1,2
287312,287314,3,1,2
287315,287318,4,3,1
287320,287321,2,1,1
287325,287327,3,2,1
287328,287332,5,3,2
287333,287335,3,2,1
287338,287340,3,1,2
287341,287347,7,2,5
287348,287351,4,1,3
287352,287355,4,3,1
287356,287358,3,2,1
287360,287367,8,7,1
287368,287371,4,3,1
287372,287376,5,1,4
287377,287378,2,1,1
287379,287382,4,3,1
287383,287389,7,4,3
287390,287391,2,1,1
287394,287396,3,1,2
287397,287401,5,4,1
287402,287403,2,1,1
287404,287405,2,1,1
287416,287418,3,1,2
287419,287421,3,1,2
287422,287424,3,2,1
287425,287429,5,1,4
287430,287433,4,1,3
287434,287437,4,2,2
287438,287451,14,11,3
287452,287456,5,2,3
287457,287461,5,4,1
287462,287464,3,2,1
287465,287469,5,4,1
287470,287471,2,1,1
287475,287477,3,1,2
287478,287483,6,5,1
287484,287487,4,2,2
287488,287492,5,3,2
287496,287501,6,1,5
287502,287504,3,2,1
287505,287508,4,2,2
287509,287514,6,4,2
287516,287522,7,5,2
287523,287525,3,2,1
287527,287530,4,3,1
287531,287533,3,1,2
287534,287536,3,2,1
287538,287539,2,1,1
287540,287542,3,2,1
287543,287546,4,2,2
287547,287551,5,4,1
287553,287555,3,2,1
287556,287558,3,2,1
287559,287563,5,3,2
287564,287567,4,1,3
287568,287569,2,1,1
287570,287572,3,2,1
287573,287576,4,1,3
287577,287585,9,8,1
287586,287587,2,1,1
287590,287592,3,2,1
287593,287594,2,1,1
287596,287601,6,3,3
287602,287604,3,2,1
287605,287608,4,2,2
287609,287611,3,2,1
287612,287613,2,1,1
287618,287619,2,1,1
287621,287624,4,3,1
287625,287626,2,1,1
287627,287629,3,1,2
287630,287631,2,1,1
287632,287633,2,1,1
287634,287636,3,2,1
287637,287639,3,2,1
287640,287644,5,4,1
287649,287650,2,1,1
287657,287658,2,1,1
287659,287660,2,1,1
287662,287663,2,1,1
287664,287665,2,1,1
287666,287670,5,3,2
287673,287675,3,2,1
287676,287684,9,3,6
287685,287686,2,1,1
287688,287691,4,1,3
287694,287696,3,2,1
287697,287698,2,1,1
287699,287701,3,2,1
287702,287703,2,1,1
287704,287705,2,1,1
287706,287708,3,2,1
287709,287718,10,4,6
287719,287720,2,1,1
287721,287722,2,1,1
287723,287724,2,1,1
287725,287727,3,1,2
287731,287732,2,1,1
287733,287737,5,4,1
287738,287739,2,1,1
287740,287742,3,1,2
287743,287744,2,1,1
287745,287749,5,4,1
287750,287751,2,1,1
287752,287754,3,2,1
287755,287759,5,2,3
287766,287768,3,2,1
287769,287772,4,3,1
287773,287774,2,1,1
287775,287776,2,1,1
287777,287781,5,2,3
287782,287789,8,4,4
287790,287793,4,2,2
287796,287799,4,2,2
287811,287813,3,2,1
287814,287815,2,1,1
287817,287818,2,1,1
287823,287824,2,1,1
287825,287829,5,2,3
287832,287834,3,2,1
287835,287837,3,2,1
287838,287840,3,2,1
287841,287846,6,4,2
287848,287850,3,2,1
287851,287853,3,1,2
287854,287857,4,1,3
287858,287861,4,3,1
287864,287866,3,1,2
287867,287868,2,1,1
287869,287873,5,3,2
287879,287882,4,1,3
287883,287885,3,1,2
287886,287890,5,3,2
287899,287905,7,6,1
287906,287907,2,1,1
287916,287918,3,1,2
287919,287920,2,1,1
287921,287925,5,4,1
287929,287931,3,1,2
287932,287933,2,1,1
287934,287937,4,3,1
287938,287939,2,1,1
287942,287945,4,2,2
287948,287951,4,2,2
287952,287953,2,1,1
287954,287959,6,4,2
287960,287961,2,1,1
287965,287968,4,2,2
287969,287971,3,1,2
287973,287976,4,3,1
287977,287982,6,4,2
287983,287985,3,2,1
287988,287991,4,3,1
287992,287999,8,6,2
288001,288005,5,4,1
288006,288008,3,1,2
288009,288013,5,1,4
288014,288016,3,1,2
288017,288018,2,1,1
288019,288021,3,1,2
288022,288023,2,1,1
288027,288031,5,3,2
288032,288034,3,1,2
288035,288038,4,2,2
288041,288043,3,2,1
288044,288048,5,4,1
288049,288051,3,2,1
288052,288053,2,1,1
288054,288057,4,1,3
288058,288061,4,1,3
288062,288066,5,4,1
288067,288069,3,2,1
288071,288073,3,1,2
288074,288075,2,1,1
288076,288078,3,1,2
288079,288081,3,1,2
288084,288086,3,2,1
288087,288089,3,1,2
288090,288091,2,1,1
288092,288093,2,1,1
288105,288109,5,2,3
288110,288114,5,2,3
288115,288117,3,1,2
288118,288119,2,1,1
288127,288130,4,1,3
288131,288135,5,2,3
288136,288138,3,2,1
288139,288141,3,2,1
288142,288147,6,4,2
288148,288149,2,1,1
288158,288161,4,3,1
288165,288167,3,2,1
288173,288176,4,1,3
288177,288179,3,2,1
288181,288183,3,2,1
288184,288186,3,2,1
288192,288195,4,3,1
288197,288201,5,3,2
288202,288204,3,1,2
288205,288210,6,4,2
288212,288215,4,1,3
288219,288221,3,1,2
288222,288224,3,2,1
288225,288229,5,4,1
288230,288234,5,1,4
288235,288239,5,1,4
288240,288241,2,1,1
288242,288243,2,1,1
288244,288248,5,3,2
288249,288256,8,6,2
288259,288262,4,2,2
288263,288265,3,2,1
288266,288269,4,3,1
288275,288277,3,1,2
288280,288282,3,1,2
288283,288284,2,1,1
288285,288286,2,1,1
288287,288289,3,1,2
288290,288292,3,1,2
288293,288295,3,2,1
288296,288300,5,4,1
288301,288307,7,5,2
288308,288310,3,2,1
288311,288312,2,1,1
288313,288317,5,2,3
288321,288324,4,1,3
288325,288327,3,1,2
288328,288329,2,1,1
288331,288332,2,1,1
288333,288335,3,2,1
288336,288340,5,3,2
288344,288346,3,1,2
288347,288348,2,1,1
288349,288352,4,2,2
288353,288354,2,1,1
288355,288356,2,1,1
288362,288364,3,2,1
288366,288376,11,6,5
288378,288382,5,4,1
288383,288384,2,1,1
288385,288386,2,1,1
288387,288391,5,1,4
288399,288402,4,3,1
288403,288404,2,1,1
288405,288406,2,1,1
288407,288408,2,1,1
288409,288415,7,2,5
288416,288418,3,2,1
288426,288427,2,1,1
288428,288432,5,3,2
288433,288435,3,2,1
288437,288438,2,1,1
288439,288442,4,2,2
288443,288446,4,2,2
288447,288450,4,1,3
288454,288455,2,1,1
288456,288462,7,4,3
288463,288464,2,1,1
288465,288469,5,1,4
288470,288471,2,1,1
288475,288477,3,2,1
288478,288483,6,4,2
288485,288486,2,1,1
288494,288495,2,1,1
288496,288501,6,4,2
288509,288512,4,2,2
288513,288514,2,1,1
288515,288519,5,2,3
288520,288521,2,1,1
288522,288527,6,5,1
288528,288530,3,1,2
288531,288533,3,2,1
288534,288537,4,3,1
288538,288539,2,1,1
288540,288541,2,1,1
288545,288547,3,1,2
288548,288550,3,1,2
288551,288553,3,2,1
288554,288555,2,1,1
288556,288558,3,2,1
288559,288560,2,1,1
288561,288564,4,3,1
288565,288568,4,2,2
288569,288573,5,2,3
288574,288575,2,1,1
288576,288579,4,3,1
288580,288582,3,2,1
288583,288585,3,1,2
288594,288598,5,2,3
288606,288608,3,2,1
288610,288612,3,1,2
288613,288616,4,3,1
288618,288621,4,1,3
288622,288624,3,1,2
288625,288627,3,1,2
288628,288632,5,2,3
288633,288634,2,1,1
288635,288641,7,5,2
288642,288644,3,1,2
288647,288649,3,1,2
288650,288654,5,2,3
288655,288657,3,2,1
288658,288661,4,2,2
288664,288669,6,1,5
288670,288674,5,3,2
288675,288676,2,1,1
288677,288679,3,2,1
288680,288682,3,1,2
288683,288684,2,1,1
288685,288687,3,1,2
288688,288689,2,1,1
288690,288692,3,1,2
288693,288694,2,1,1
288695,288697,3,1,2
288698,288699,2,1,1
288700,288702,3,2,1
288703,288706,4,3,1
288707,288710,4,3,1
288713,288717,5,4,1
288718,288721,4,3,1
288722,288726,5,3,2
288727,288732,6,3,3
288733,288734,2,1,1
288737,288739,3,1,2
288740,288746,7,6,1
288753,288754,2,1,1
288755,288757,3,2,1
288758,288759,2,1,1
288772,288773,2,1,1
288774,288776,3,1,2
288779,288781,3,1,2
288782,288783,2,1,1
288784,288786,3,1,2
288787,288788,2,1,1
288789,288793,5,2,3
288794,288798,5,4,1
288799,288800,2,1,1
288801,288803,3,2,1
288816,288817,2,1,1
288818,288820,3,2,1
288821,288824,4,3,1
288826,288828,3,2,1
288831,288832,2,1,1
288835,288841,7,6,1
288847,288848,2,1,1
288854,288856,3,2,1
288857,288858,2,1,1
288859,288860,2,1,1
288870,288872,3,1,2
288873,288875,3,1,2
288882,288895,14,1,13
288896,288897,2,1,1
288899,288902,4,1,3
288910,288917,8,1,7
288919,288923,5,1,4
288932,288934,3,1,2
288939,288940,2,1,1
288944,288948,5,2,3
288955,288960,6,4,2
288961,288964,4,1,3
288968,288971,4,1,3
288994,288996,3,1,2
289007,289008,2,1,1
289018,289019,2,1,1
289032,289034,3,1,2
289059,289066,8,1,7
289068,289073,6,2,4
289074,289076,3,1,2
289094,289095,2,1,1
289096,289097,2,1,1
289102,289105,4,1,3
289106,289111,6,3,3
289112,289115,4,1,3
289116,289124,9,2,7
289138,289140,3,1,2
289141,289142,2,1,1
289147,289148,2,1,1
289158,289159,2,1,1
289162,289164,3,1,2
289165,289166,2,1,1
289167,289174,8,1,7
289175,289179,5,2,3
289181,289186,6,4,2
289209,289212,4,2,2
289255,289261,7,3,4
289266,289267,2,1,1
289290,289291,2,1,1
289295,289298,4,2,2
289315,289316,2,1,1
289318,289323,6,1,5
289346,289347,2,1,1
289356,289363,8,1,7
289373,289374,2,1,1
289377,289379,3,1,2
289391,289393,3,1,2
289410,289411,2,1,1
289415,289416,2,1,1
289417,289418,2,1,1
289426,289429,4,1,3
289430,289431,2,1,1
289440,289442,3,1,2
289443,289446,4,2,2
289467,289471,5,4,1
289472,289475,4,3,1
289479,289480,2,1,1
289491,289492,2,1,1
289493,289494,2,1,1
289498,289499,2,1,1
289550,289551,2,1,1
289552,289553,2,1,1
289575,289576,2,1,1
289580,289583,4,1,3
289587,289591,5,2,3
289630,289635,6,1,5
289664,289665,2,1,1
289666,289668,3,1,2
289672,289673,2,1,1
289674,289675,2,1,1
289701,289703,3,1,2
289704,289705,2,1,1
289714,289715,2,1,1
289719,289720,2,1,1
289732,289734,3,1,2
289736,289737,2,1,1
289739,289741,3,1,2
289742,289744,3,2,1
289752,289756,5,1,4
289772,289773,2,1,1
289789,289793,5,3,2
289802,289803,2,1,1
289804,289806,3,2,1
289821,289822,2,1,1
289827,289828,2,1,1
289834,289835,2,1,1
289847,289848,2,1,1
289849,289850,2,1,1
289852,289854,3,1,2
289855,289856,2,1,1
289866,289868,3,1,2
289894,289896,3,2,1
289904,289907,4,2,2
289909,289912,4,1,3
289913,289916,4,2,2
289925,289926,2,1,1
289928,289931,4,1,3
289932,289933,2,1,1
289958,289960,3,1,2
289961,289962,2,1,1
289973,289976,4,2,2
289977,289980,4,1,3
289983,289984,2,1,1
290001,290003,3,1,2
290021,290022,2,1,1
290032,290033,2,1,1
290045,290047,3,2,1
290048,290050,3,1,2
290054,290057,4,1,3
290079,290080,2,1,1
290082,290084,3,1,2
290096,290098,3,1,2
290099,290101,3,2,1
290109,290110,2,1,1
290151,290153,3,2,1
290154,290155,2,1,1
290168,290171,4,1,3
290196,290198,3,1,2
290199,290201,3,2,1
290202,290204,3,1,2
290220,290221,2,1,1
290226,290229,4,3,1
290242,290246,5,1,4
290259,290262,4,1,3
290281,290282,2,1,1
290283,290284,2,1,1
290293,290294,2,1,1
290308,290309,2,1,1
290314,290316,3,1,2
290328,290329,2,1,1
290337,290341,5,2,3
290342,290343,2,1,1
290344,290346,3,1,2
290347,290348,2,1,1
290361,290365,5,1,4
290369,290370,2,1,1
290372,290378,7,3,4
290381,290382,2,1,1
290391,290392,2,1,1
290400,290402,3,2,1
290405,290408,4,1,3
290411,290413,3,2,1
290414,290418,5,1,4
290421,290429,9,1,8
290432,290434,3,2,1
290445,290447,3,1,2
290450,290455,6,2,4
290459,290461,3,1,2
290475,290477,3,2,1
290481,290484,4,1,3
290504,290505,2,1,1
290514,290516,3,2,1
290520,290521,2,1,1
290523,290525,3,1,2
290529,290532,4,1,3
290555,290556,2,1,1
290564,290565,2,1,1
290574,290575,2,1,1
290602,290603,2,1,1
290607,290608,2,1,1
290611,290616,6,1,5
290630,290633,4,1,3
290636,290638,3,1,2
290646,290648,3,1,2
290655,290660,6,1,5
290672,290679,8,1,7
290686,290688,3,1,2
290689,290690,2,1,1
290691,290693,3,1,2
290714,290716,3,1,2
290734,290736,3,2,1
290745,290747,3,1,2
290749,290753,5,1,4
290756,290757,2,1,1
290762,290763,2,1,1
290766,290768,3,2,1
290779,290781,3,1,2
290782,290786,5,1,4
290797,290798,2,1,1
290799,290802,4,1,3
290816,290818,3,1,2
290822,290824,3,1,2
290828,290830,3,2,1
290847,290849,3,2,1
290859,290861,3,1,2
290862,290863,2,1,1
290884,290886,3,1,2
290916,290917,2,1,1
290931,290932,2,1,1
290941,290943,3,1,2
290947,290950,4,1,3
290952,290953,2,1,1
290957,290961,5,1,4
290984,290985,2,1,1
290991,290993,3,1,2
290995,290998,4,1,3
290999,291000,2,1,1
291006,291008,3,2,1
291013,291015,3,2,1
291016,291017,2,1,1
291055,291056,2,1,1
291065,291066,2,1,1
291067,291069,3,2,1
291102,291103,2,1,1
291120,291121,2,1,1
291122,291124,3,1,2
291127,291128,2,1,1
291151,291152,2,1,1
291158,291161,4,1,3
291162,291163,2,1,1
291178,291179,2,1,1
291182,291184,3,1,2
291185,291187,3,2,1
291203,291206,4,1,3
291220,291222,3,1,2
291234,291235,2,1,1
291249,291250,2,1,1
291251,291256,6,1,5
291267,291271,5,1,4
291276,291279,4,1,3
291283,291284,2,1,1
291291,291295,5,1,4
291299,291300,2,1,1
291312,291313,2,1,1
291373,291376,4,1,3
291377,291380,4,1,3
291389,291393,5,1,4
291405,291406,2,1,1
291409,291410,2,1,1
291417,291420,4,1,3
291424,291425,2,1,1
291436,291441,6,1,5
291448,291449,2,1,1
291454,291457,4,1,3
291459,291460,2,1,1
291461,291462,2,1,1
291473,291476,4,2,2
291491,291492,2,1,1
291496,291497,2,1,1
291500,291501,2,1,1
291502,291504,3,1,2
291526,291527,2,1,1
291542,291543,2,1,1
291554,291555,2,1,1
291559,291560,2,1,1
291582,291583,2,1,1
291584,291586,3,1,2
291594,291595,2,1,1
291597,291598,2,1,1
291599,291600,2,1,1
291606,291607,2,1,1
291608,291609,2,1,1
291621,291625,5,1,4
291626,291627,2,1,1
291633,291635,3,1,2
291640,291642,3,1,2
291643,291645,3,2,1
291646,291648,3,1,2
291651,291652,2,1,1
291656,291657,2,1,1
291667,291668,2,1,1
291669,291670,2,1,1
291675,291677,3,2,1
291691,291692,2,1,1
291697,291701,5,1,4
291702,291704,3,1,2
291722,291723,2,1,1
291726,291728,3,1,2
291734,291736,3,1,2
291737,291738,2,1,1
291761,291765,5,1,4
291773,291775,3,1,2
291778,291780,3,1,2
291781,291784,4,1,3
291788,291789,2,1,1
291792,291793,2,1,1
291794,291796,3,2,1
291807,291808,2,1,1
291812,291813,2,1,1
291816,291817,2,1,1
291821,291822,2,1,1
291837,291838,2,1,1
291861,291863,3,1,2
291865,291868,4,1,3
291869,291872,4,1,3
291890,291892,3,1,2
291900,291903,4,1,3
291907,291909,3,1,2
291918,291923,6,4,2
291940,291942,3,1,2
291963,291965,3,1,2
291978,291981,4,1,3
292006,292007,2,1,1
292032,292033,2,1,1
292045,292047,3,1,2
292057,292058,2,1,1
292082,292083,2,1,1
292087,292088,2,1,1
292094,292095,2,1,1
292106,292107,2,1,1
292114,292118,5,2,3
292122,292123,2,1,1
292130,292131,2,1,1
292132,292136,5,2,3
292141,292143,3,2,1
292160,292161,2,1,1
292180,292182,3,2,1
292197,292198,2,1,1
292199,292200,2,1,1
292218,292219,2,1,1
292231,292232,2,1,1
292235,292237,3,1,2
292238,292242,5,1,4
292248,292249,2,1,1
292250,292251,2,1,1
292258,292265,8,3,5
292269,292271,3,1,2
292275,292279,5,1,4
292288,292290,3,2,1
292299,292300,2,1,1
292304,292311,8,1,7
292328,292332,5,2,3
292343,292345,3,1,2
292346,292348,3,1,2
292354,292355,2,1,1
292363,292368,6,4,2
292370,292371,2,1,1
292378,292380,3,1,2
292403,292407,5,2,3
292427,292429,3,2,1
292431,292434,4,1,3
292443,292446,4,1,3
292449,292454,6,1,5
292462,292469,8,1,7
292472,292474,3,1,2
292477,292478,2,1,1
292485,292486,2,1,1
292494,292495,2,1,1
292500,292505,6,1,5
292506,292507,2,1,1
292520,292521,2,1,1
292522,292525,4,2,2
292530,292531,2,1,1
292533,292537,5,3,2
292538,292540,3,2,1
292546,292551,6,1,5
292555,292556,2,1,1
292564,292566,3,1,2
292599,292600,2,1,1
292624,292625,2,1,1
292626,292627,2,1,1
292648,292649,2,1,1
292670,292673,4,2,2
292677,292679,3,2,1
292680,292682,3,1,2
292689,292690,2,1,1
292695,292700,6,1,5
292730,292732,3,1,2
292742,292744,3,2,1
292752,292755,4,2,2
292759,292760,2,1,1
292768,292769,2,1,1
292776,292781,6,1,5
292782,292785,4,1,3
292796,292797,2,1,1
292807,292808,2,1,1
292819,292821,3,1,2
292822,292823,2,1,1
292833,292835,3,1,2
292846,292847,2,1,1
292850,292851,2,1,1
292862,292863,2,1,1
292867,292869,3,1,2
292877,292881,5,4,1
292884,292885,2,1,1
292890,292891,2,1,1
292898,292900,3,1,2
292912,292913,2,1,1
292932,292934,3,2,1
292945,292947,3,2,1
292949,292951,3,1,2
292962,292963,2,1,1
292973,292978,6,1,5
292980,292983,4,1,3
293005,293006,2,1,1
293013,293016,4,1,3
293017,293021,5,1,4
293025,293026,2,1,1
293031,293032,2,1,1
293034,293036,3,1,2
293037,293039,3,2,1
293040,293042,3,1,2
293043,293047,5,1,4
293052,293053,2,1,1
293065,293067,3,1,2
293073,293074,2,1,1
293082,293085,4,2,2
293098,293100,3,1,2
293101,293103,3,1,2
293128,293133,6,4,2
293145,293146,2,1,1
293156,293157,2,1,1
293186,293188,3,2,1
293229,293231,3,2,1
293256,293257,2,1,1
293262,293264,3,1,2
293269,293271,3,1,2
293277,293279,3,2,1
293280,293281,2,1,1
293310,293311,2,1,1
293316,293318,3,1,2
293319,293323,5,1,4
293339,293341,3,2,1
293357,293360,4,1,3
293378,293379,2,1,1
293405,293406,2,1,1
293408,293409,2,1,1
293410,293413,4,2,2
293431,293433,3,1,2
293434,293436,3,1,2
293437,293439,3,1,2
293441,293442,2,1,1
293443,293445,3,2,1
293451,293452,2,1,1
293459,293463,5,2,3
293465,293466,2,1,1
293468,293471,4,1,3
293476,293478,3,2,1
293490,293491,2,1,1
293494,293495,2,1,1
293504,293506,3,1,2
293513,293514,2,1,1
293520,293521,2,1,1
293524,293525,2,1,1
293528,293529,2,1,1
293530,293532,3,1,2
293558,293559,2,1,1
293576,293577,2,1,1
293586,293588,3,2,1
293593,293601,9,2,7
293604,293605,2,1,1
293606,293607,2,1,1
293608,293611,4,2,2
293613,293614,2,1,1
293624,293627,4,1,3
293636,293642,7,1,6
293645,293647,3,1,2
293652,293656,5,2,3
293657,293660,4,1,3
293678,293679,2,1,1
293680,293682,3,2,1
293683,293687,5,1,4
293689,293691,3,1,2
293698,293699,2,1,1
293702,293705,4,1,3
293708,293712,5,1,4
293715,293716,2,1,1
293719,293720,2,1,1
293735,293736,2,1,1
293753,293754,2,1,1
293771,293775,5,3,2
293793,293795,3,1,2
293802,293803,2,1,1
293804,293805,2,1,1
293806,293807,2,1,1
293813,293814,2,1,1
293815,293818,4,1,3
293836,293840,5,3,2
293845,293846,2,1,1
293847,293850,4,3,1
293855,293856,2,1,1
293858,293862,5,1,4
293867,293869,3,2,1
293874,293877,4,1,3
293905,293909,5,1,4
293918,293919,2,1,1
293925,293929,5,1,4
293934,293936,3,2,1
293937,293938,2,1,1
293943,293944,2,1,1
293945,293948,4,1,3
293954,293956,3,1,2
293957,293960,4,2,2
293969,293970,2,1,1
293971,293972,2,1,1
293978,293979,2,1,1
293987,293988,2,1,1
294001,294003,3,2,1
294008,294011,4,1,3
294025,294026,2,1,1
294033,294034,2,1,1
294045,294046,2,1,1
294049,294051,3,1,2
294060,294064,5,1,4
294067,294069,3,1,2
294070,294073,4,3,1
294076,294077,2,1,1
294093,294094,2,1,1
294117,294118,2,1,1
294134,294136,3,2,1
294149,294151,3,1,2
294168,294169,2,1,1
294183,294189,7,1,6
294204,294205,2,1,1
294216,294218,3,1,2
294223,294224,2,1,1
294242,294244,3,2,1
294259,294265,7,1,6
294267,294268,2,1,1
294280,294281,2,1,1
294282,294283,2,1,1
294284,294285,2,1,1
294290,294291,2,1,1
294295,294297,3,2,1
294298,294300,3,1,2
294301,294306,6,1,5
294330,294331,2,1,1
294363,294367,5,1,4
294393,294394,2,1,1
294399,294403,5,2,3
294406,294409,4,2,2
294412,294413,2,1,1
294415,294418,4,3,1
294421,294422,2,1,1
294442,294448,7,4,3
294460,294461,2,1,1
294472,294474,3,1,2
294481,294483,3,2,1
294484,294485,2,1,1
294486,294488,3,1,2
294497,294505,9,1,8
294526,294527,2,1,1
294544,294545,2,1,1
294568,294571,4,1,3
294580,294581,2,1,1
294585,294586,2,1,1
294602,294609,8,3,5
294613,294614,2,1,1
294619,294622,4,1,3
294626,294629,4,2,2
294647,294650,4,1,3
294660,294662,3,1,2
294673,294676,4,2,2
294678,294683,6,2,4
294701,294702,2,1,1
294703,294704,2,1,1
294714,294715,2,1,1
294719,294720,2,1,1
294730,294731,2,1,1
294732,294733,2,1,1
294743,294746,4,1,3
294750,294751,2,1,1
294763,294764,2,1,1
294771,294772,2,1,1
294773,294774,2,1,1
294789,294790,2,1,1
294791,294794,4,3,1
294798,294800,3,2,1
294806,294807,2,1,1
294813,294814,2,1,1
294818,294822,5,1,4
294825,294830,6,2,4
294834,294838,5,1,4
294841,294844,4,3,1
294854,294855,2,1,1
294863,294864,2,1,1
294865,294869,5,1,4
294872,294875,4,1,3
294935,294936,2,1,1
294937,294941,5,2,3
294974,294976,3,1,2
294995,294996,2,1,1
295001,295002,2,1,1
295027,295028,2,1,1
295029,295030,2,1,1
295031,295033,3,2,1
295050,295053,4,1,3
295058,295060,3,1,2
295067,295068,2,1,1
295080,295081,2,1,1
295082,295083,2,1,1
295109,295112,4,1,3
295113,295115,3,2,1
295120,295122,3,1,2
295123,295124,2,1,1
295135,295138,4,3,1
295139,295140,2,1,1
295144,295146,3,2,1
295154,295155,2,1,1
295169,295170,2,1,1
295189,295191,3,2,1
295199,295200,2,1,1
295211,295213,3,2,1
295219,295220,2,1,1
295221,295222,2,1,1
295250,295251,2,1,1
295254,295256,3,2,1
295293,295295,3,1,2
295296,295300,5,1,4
295302,295304,3,2,1
295312,295313,2,1,1
295323,295325,3,1,2
295327,295328,2,1,1
295330,295332,3,1,2
295333,295336,4,1,3
295346,295349,4,1,3
295350,295352,3,2,1
295371,295373,3,1,2
295387,295388,2,1,1
295393,295394,2,1,1
295408,295411,4,3,1
295450,295452,3,1,2
295456,295458,3,1,2
295467,295469,3,2,1
295480,295481,2,1,1
295483,295485,3,2,1
295486,295487,2,1,1
295496,295499,4,2,2
295514,295515,2,1,1
295516,295517,2,1,1
295518,295519,2,1,1
295520,295523,4,1,3
295537,295538,2,1,1
295543,295550,8,2,6
295558,295561,4,1,3
295570,295571,2,1,1
295575,295581,7,1,6
295589,295590,2,1,1
295591,295592,2,1,1
295629,295630,2,1,1
295638,295644,7,2,5
295651,295653,3,2,1
295660,295663,4,1,3
295684,295685,2,1,1
295699,295700,2,1,1
295714,295719,6,1,5
295729,295730,2,1,1
295737,295738,2,1,1
295751,295753,3,1,2
295754,295755,2,1,1
295758,295759,2,1,1
295773,295775,3,2,1
295778,295780,3,2,1
295811,295813,3,1,2
295815,295816,2,1,1
295825,295827,3,1,2
295856,295858,3,1,2
295865,295866,2,1,1
295900,295902,3,2,1
295912,295914,3,1,2
295937,295939,3,1,2
295983,295987,5,2,3
295992,295993,2,1,1
295995,295997,3,2,1
295998,295999,2,1,1
296010,296015,6,1,5
296063,296068,6,4,2
296078,296082,5,2,3
296085,296094,10,5,5
296097,296100,4,1,3
296126,296127,2,1,1
296137,296140,4,1,3
296144,296145,2,1,1
296150,296151,2,1,1
296187,296188,2,1,1
296220,296221,2,1,1
296225,296229,5,1,4
296256,296258,3,1,2
296292,296293,2,1,1
296300,296301,2,1,1
296308,296309,2,1,1
296314,296321,8,7,1
296322,296324,3,1,2
296333,296334,2,1,1
296345,296347,3,1,2
296348,296349,2,1,1
296350,296352,3,1,2
296353,296355,3,1,2
296356,296358,3,1,2
296367,296369,3,1,2
296396,296398,3,1,2
296428,296432,5,1,4
296436,296437,2,1,1
296447,296448,2,1,1
296449,296451,3,2,1
296458,296459,2,1,1
296462,296463,2,1,1
296466,296467,2,1,1
296469,296471,3,1,2
296488,296490,3,2,1
296495,296498,4,1,3
296501,296503,3,1,2
296505,296507,3,1,2
296523,296527,5,1,4
296533,296534,2,1,1
296535,296536,2,1,1
296551,296552,2,1,1
296559,296562,4,3,1
296564,296566,3,1,2
296579,296581,3,2,1
296592,296595,4,2,2
296596,296597,2,1,1
296629,296630,2,1,1
296631,296632,2,1,1
296649,296656,8,2,6
296659,296660,2,1,1
296663,296665,3,1,2
296698,296701,4,1,3
296727,296729,3,1,2
296730,296731,2,1,1
296732,296733,2,1,1
296746,296747,2,1,1
296748,296749,2,1,1
296752,296754,3,2,1
296763,296765,3,1,2
296772,296774,3,1,2
296776,296783,8,5,3
296796,296801,6,5,1
296820,296822,3,2,1
296883,296884,2,1,1
296895,296896,2,1,1
296918,296921,4,1,3
296922,296925,4,1,3
296946,296947,2,1,1
296948,296950,3,1,2
296951,296953,3,2,1
296965,296966,2,1,1
296967,296968,2,1,1
296979,296981,3,1,2
297003,297004,2,1,1
297007,297008,2,1,1
297009,297010,2,1,1
297011,297012,2,1,1
297030,297031,2,1,1
297050,297051,2,1,1
297100,297103,4,2,2
297128,297129,2,1,1
297132,297134,3,1,2
297139,297140,2,1,1
297156,297158,3,1,2
297172,297173,2,1,1
297174,297179,6,3,3
297180,297181,2,1,1
297185,297188,4,3,1
297216,297218,3,1,2
297235,297236,2,1,1
297277,297280,4,2,2
297287,297293,7,4,3
297297,297299,3,2,1
297305,297308,4,1,3
297311,297312,2,1,1
297337,297340,4,1,3
297343,297344,2,1,1
297370,297371,2,1,1
297372,297374,3,1,2
297388,297392,5,2,3
297420,297421,2,1,1
297422,297423,2,1,1
297431,297432,2,1,1
297443,297445,3,1,2
297455,297457,3,1,2
297461,297462,2,1,1
297491,297493,3,1,2
297525,297527,3,2,1
297553,297555,3,2,1
297556,297557,2,1,1
297562,297564,3,1,2
297568,297570,3,1,2
297591,297592,2,1,1
297593,297594,2,1,1
297595,297601,7,6,1
297606,297608,3,2,1
297609,297611,3,1,2
297622,297624,3,1,2
297631,297632,2,1,1
297656,297659,4,2,2
297660,297661,2,1,1
297664,297665,2,1,1
297666,297667,2,1,1
297674,297678,5,1,4
297702,297703,2,1,1
297721,297722,2,1,1
297731,297732,2,1,1
297755,297757,3,1,2
297768,297769,2,1,1
297801,297803,3,2,1
297844,297846,3,2,1
297868,297871,4,1,3
297873,297875,3,1,2
297892,297893,2,1,1
297898,297900,3,2,1
297901,297902,2,1,1
297911,297912,2,1,1
297922,297923,2,1,1
297924,297926,3,2,1
297932,297934,3,1,2
297947,297948,2,1,1
297951,297952,2,1,1
297965,297967,3,1,2
298004,298007,4,1,3
298011,298013,3,2,1
298014,298015,2,1,1
298028,298031,4,2,2
298033,298035,3,1,2
298065,298069,5,4,1
298073,298074,2,1,1
298085,298087,3,1,2
298088,298089,2,1,1
298093,298096,4,3,1
298097,298099,3,1,2
298111,298115,5,2,3
298116,298117,2,1,1
298137,298138,2,1,1
298139,298140,2,1,1
298141,298143,3,1,2
298158,298159,2,1,1
298161,298165,5,3,2
298182,298185,4,1,3
298186,298187,2,1,1
298190,298192,3,1,2
298193,298203,11,10,1
298210,298211,2,1,1
298223,298225,3,1,2
298228,298234,7,2,5
298249,298250,2,1,1
298256,298258,3,2,1
298259,298260,2,1,1
298268,298271,4,2,2
298283,298285,3,1,2
298286,298288,3,2,1
298289,298295,7,5,2
298296,298297,2,1,1
298298,298302,5,3,2
298303,298305,3,2,1
298306,298308,3,2,1
298309,298311,3,1,2
298312,298316,5,2,3
298317,298323,7,4,3
298324,298327,4,3,1
298328,298333,6,1,5
298335,298339,5,2,3
298340,298341,2,1,1
298342,298347,6,1,5
298348,298351,4,1,3
298352,298353,2,1,1
298357,298360,4,1,3
298365,298367,3,2,1
298368,298376,9,1,8
298377,298378,2,1,1
298382,298386,5,3,2
298387,298389,3,1,2
298394,298397,4,2,2
298404,298405,2,1,1
298406,298413,8,1,7
298414,298415,2,1,1
298416,298422,7,3,4
298423,298429,7,2,5
298434,298435,2,1,1
298438,298440,3,1,2
298448,298449,2,1,1
298450,298452,3,1,2
298458,298467,10,1,9
298468,298471,4,2,2
298472,298474,3,1,2
298475,298476,2,1,1
298479,298480,2,1,1
298481,298491,11,2,9
298492,298496,5,3,2
298497,298504,8,1,7
298507,298510,4,3,1
298511,298512,2,1,1
298513,298514,2,1,1
298515,298518,4,2,2
298519,298520,2,1,1
298521,298525,5,3,2
298528,298529,2,1,1
298533,298534,2,1,1
298536,298541,6,1,5
298542,298543,2,1,1
298544,298545,2,1,1
298551,298553,3,2,1
298554,298557,4,1,3
298563,298564,2,1,1
298565,298568,4,1,3
298574,298575,2,1,1
298576,298577,2,1,1
298578,298580,3,1,2
298581,298584,4,3,1
298585,298587,3,1,2
298588,298595,8,1,7
298599,298605,7,1,6
298606,298607,2,1,1
298608,298611,4,1,3
298612,298617,6,2,4
298622,298625,4,2,2
298630,298634,5,2,3
298636,298640,5,1,4
298641,298644,4,1,3
298645,298647,3,1,2
298648,298650,3,1,2
298660,298661,2,1,1
298662,298666,5,3,2
298668,298670,3,2,1
298671,298674,4,2,2
298677,298678,2,1,1
298679,298686,8,2,6
298687,298692,6,2,4
298693,298698,6,1,5
298703,298706,4,1,3
298709,298713,5,1,4
298714,298718,5,1,4
298719,298723,5,2,3
298724,298725,2,1,1
298726,298732,7,2,5
298733,298739,7,1,6
298740,298743,4,1,3
298744,298747,4,2,2
298748,298752,5,2,3
298755,298757,3,1,2
298758,298762,5,4,1
298763,298775,13,2,11
298776,298779,4,2,2
298780,298783,4,1,3
298784,298786,3,1,2
298795,298796,2,1,1
298797,298804,8,1,7
298805,298815,11,1,10
298819,298822,4,2,2
298823,298825,3,1,2
298826,298827,2,1,1
298828,298830,3,2,1
298831,298834,4,2,2
298835,298840,6,2,4
298841,298845,5,1,4
298846,298849,4,1,3
298850,298851,2,1,1
298852,298854,3,1,2
298855,298857,3,1,2
298858,298867,10,3,7
298868,298869,2,1,1
298870,298875,6,1,5
298876,298881,6,1,5
298882,298883,2,1,1
298884,298886,3,1,2
298887,298889,3,1,2
298897,298903,7,1,6
298922,298923,2,1,1
298927,298933,7,2,5
298934,298943,10,1,9
298944,298947,4,2,2
298948,298949,2,1,1
298950,298957,8,2,6
298958,298964,7,2,5
298971,298975,5,3,2
298978,298981,4,3,1
298984,298986,3,2,1
298987,298991,5,2,3
298995,298997,3,2,1
298998,299002,5,1,4
299006,299009,4,2,2
299010,299011,2,1,1
299021,299022,2,1,1
299023,299030,8,1,7
299031,299034,4,1,3
299035,299036,2,1,1
299043,299045,3,1,2
299046,299049,4,1,3
299053,299058,6,1,5
299059,299065,7,3,4
299073,299077,5,1,4
299078,299081,4,3,1
299082,299091,10,1,9
299092,299093,2,1,1
299095,299097,3,1,2
299100,299103,4,1,3
299105,299107,3,1,2
299119,299125,7,1,6
299132,299134,3,2,1
299135,299136,2,1,1
299137,299141,5,1,4
299142,299143,2,1,1
299144,299149,6,2,4
299150,299152,3,2,1
299164,299169,6,2,4
299170,299172,3,1,2
299177,299183,7,2,5
299185,299190,6,1,5
299197,299200,4,1,3
299202,299207,6,1,5
299208,299212,5,4,1
299213,299214,2,1,1
299215,299219,5,1,4
299220,299224,5,1,4
299226,299227,2,1,1
299233,299234,2,1,1
299235,299236,2,1,1
299237,299240,4,2,2
299241,299243,3,1,2
299244,299245,2,1,1
299246,299253,8,1,7
299254,299255,2,1,1
299256,299266,11,1,10
299269,299270,2,1,1
299275,299277,3,2,1
299278,299281,4,2,2
299297,299300,4,1,3
299301,299304,4,1,3
299309,299311,3,1,2
299316,299318,3,1,2
299320,299321,2,1,1
299322,299326,5,3,2
299327,299332,6,1,5
299333,299337,5,1,4
299338,299340,3,1,2
299341,299344,4,3,1
299347,299348,2,1,1
299351,299352,2,1,1
299357,299359,3,1,2
299362,299363,2,1,1
299365,299368,4,2,2
299370,299372,3,2,1
299373,299375,3,2,1
299376,299379,4,1,3
299380,299384,5,1,4
299390,299392,3,1,2
299393,299398,6,1,5
299399,299401,3,2,1
299420,299423,4,2,2
299432,299435,4,2,2
299436,299438,3,1,2
299439,299441,3,2,1
299442,299444,3,2,1
299445,299450,6,3,3
299451,299452,2,1,1
299454,299462,9,1,8
299463,299464,2,1,1
299471,299473,3,1,2
299474,299476,3,1,2
299477,299480,4,2,2
299481,299482,2,1,1
299483,299484,2,1,1
299485,299496,12,2,10
299497,299500,4,2,2
299502,299507,6,2,4
299509,299510,2,1,1
299511,299512,2,1,1
299513,299516,4,1,3
299530,299531,2,1,1
299532,299534,3,1,2
299537,299542,6,1,5
299543,299544,2,1,1
299547,299551,5,1,4
299554,299555,2,1,1
299559,299563,5,1,4
299564,299566,3,2,1
299567,299568,2,1,1
299580,299582,3,2,1
299583,299587,5,3,2
299588,299590,3,2,1
299593,299595,3,2,1
299596,299598,3,1,2
299599,299605,7,1,6
299608,299611,4,3,1
299612,299615,4,2,2
299618,299622,5,1,4
299625,299627,3,2,1
299632,299633,2,1,1
299634,299636,3,1,2
299639,299642,4,1,3
299643,299646,4,2,2
299647,299648,2,1,1
299649,299650,2,1,1
299654,299655,2,1,1
299656,299660,5,1,4
299668,299669,2,1,1
299670,299673,4,1,3
299679,299681,3,2,1
299682,299684,3,2,1
299700,299701,2,1,1
299702,299704,3,1,2
299705,299711,7,2,5
299712,299717,6,1,5
299722,299725,4,1,3
299726,299728,3,2,1
299734,299737,4,1,3
299738,299741,4,1,3
299742,299745,4,1,3
299746,299748,3,2,1
299749,299752,4,3,1
299753,299761,9,2,7
299764,299765,2,1,1
299766,299768,3,2,1
299769,299770,2,1,1
299771,299772,2,1,1
299773,299776,4,1,3
299777,299780,4,3,1
299781,299782,2,1,1
299786,299790,5,3,2
299791,299793,3,1,2
299803,299806,4,1,3
299811,299816,6,2,4
299817,299820,4,1,3
299830,299833,4,1,3
299842,299844,3,1,2
299845,299855,11,4,7
299856,299862,7,1,6
299863,299864,2,1,1
299865,299869,5,1,4
299872,299875,4,1,3
299877,299878,2,1,1
299879,299880,2,1,1
299881,299887,7,1,6
299888,299890,3,1,2
299899,299903,5,2,3
299919,299927,9,1,8
299928,299932,5,2,3
299936,299937,2,1,1
299938,299939,2,1,1
299940,299942,3,2,1
299945,299946,2,1,1
299956,299957,2,1,1
299962,299964,3,1,2
299968,299973,6,2,4
299975,299979,5,1,4
299980,299984,5,1,4
299985,299987,3,1,2
299991,299994,4,3,1
299996,299997,2,1,1
299998,299999,2,1,1
300001,300005,5,2,3
300006,300008,3,1,2
300011,300014,4,1,3
300020,300024,5,1,4
300025,300028,4,1,3
300029,300032,4,2,2
300036,300040,5,1,4
300043,300044,2,1,1
300047,300050,4,1,3
300060,300063,4,2,2
300064,300068,5,1,4
300074,300075,2,1,1
300076,300080,5,1,4
300082,300086,5,4,1
300095,300098,4,3,1
300099,300100,2,1,1
300101,300104,4,2,2
300109,300113,5,4,1
300114,300116,3,1,2
300117,300126,10,2,8
300127,300135,9,2,7
300136,300139,4,3,1
300140,300141,2,1,1
300144,300145,2,1,1
300146,300149,4,3,1
300152,300153,2,1,1
300154,300155,2,1,1
300158,300163,6,5,1
300164,300165,2,1,1
300171,300174,4,1,3
300177,300180,4,3,1
300181,300182,2,1,1
300183,300184,2,1,1
300185,300188,4,1,3
300189,300194,6,2,4
300199,300205,7,4,3
300215,300219,5,2,3
300221,300225,5,2,3
300228,300230,3,1,2
300231,300234,4,1,3
300238,300239,2,1,1
300243,300246,4,1,3
300248,300256,9,4,5
300263,300264,2,1,1
300265,300267,3,1,2
300268,300271,4,1,3
300272,300273,2,1,1
300282,300283,2,1,1
300294,300298,5,1,4
300311,300313,3,1,2
300318,300320,3,2,1
300327,300328,2,1,1
300329,300330,2,1,1
300334,300336,3,1,2
300337,300338,2,1,1
300339,300343,5,1,4
300344,300347,4,3,1
300350,300351,2,1,1
300352,300353,2,1,1
300359,300363,5,1,4
300365,300367,3,2,1
300377,300378,2,1,1
300379,300381,3,2,1
300388,300389,2,1,1
300390,300391,2,1,1
300410,300412,3,1,2
300413,300415,3,2,1
300424,300425,2,1,1
300426,300428,3,1,2
300429,300439,11,1,10
300440,300442,3,2,1
300443,300445,3,1,2
300449,300450,2,1,1
300453,300457,5,1,4
300458,300465,8,1,7
300468,300471,4,1,3
300475,300478,4,1,3
300479,300480,2,1,1
300481,300486,6,1,5
300488,300490,3,1,2
300502,300503,2,1,1
300507,300512,6,4,2
300513,300514,2,1,1
300515,300516,2,1,1
300522,300524,3,1,2
300533,300535,3,1,2
300536,300537,2,1,1
300564,300565,2,1,1
300566,300568,3,2,1
300571,300573,3,2,1
300574,300577,4,3,1
300584,300587,4,1,3
300589,300594,6,2,4
300595,300598,4,1,3
300601,300611,11,2,9
300614,300617,4,2,2
300632,300636,5,2,3
300640,300642,3,2,1
300650,300655,6,1,5
300658,300660,3,2,1
300662,300665,4,2,2
300666,300672,7,1,6
300673,300674,2,1,1
300675,300678,4,1,3
300679,300680,2,1,1
300686,300687,2,1,1
300696,300701,6,1,5
300704,300711,8,2,6
300712,300714,3,1,2
300716,300717,2,1,1
300720,300721,2,1,1
300722,300724,3,2,1
300730,300732,3,2,1
300734,300737,4,1,3
300745,300752,8,1,7
300753,300754,2,1,1
300756,300757,2,1,1
300758,300760,3,2,1
300761,300763,3,1,2
300768,300773,6,1,5
300776,300777,2,1,1
300778,300779,2,1,1
300782,300783,2,1,1
300784,300787,4,3,1
300791,300794,4,1,3
300795,300799,5,3,2
300802,300804,3,1,2
300806,300809,4,1,3
300810,300816,7,1,6
300817,300821,5,2,3
300822,300825,4,3,1
300829,300838,10,4,6
300839,300840,2,1,1
300843,300844,2,1,1
300845,300847,3,1,2
300852,300853,2,1,1
300854,300858,5,2,3
300863,300864,2,1,1
300875,300878,4,1,3
300881,300883,3,2,1
300889,300890,2,1,1
300892,300898,7,2,5
300902,300904,3,1,2
300907,300915,9,2,7
300916,300919,4,2,2
300930,300932,3,2,1
300933,300934,2,1,1
300938,300939,2,1,1
300940,300944,5,2,3
300958,300961,4,1,3
300962,300965,4,3,1
300966,300968,3,1,2
300969,300974,6,3,3
300987,300989,3,1,2
300990,300991,2,1,1
300992,300994,3,2,1
300995,300996,2,1,1
301012,301014,3,1,2
301015,301018,4,1,3
301019,301021,3,2,1
301027,301031,5,3,2
301036,301037,2,1,1
301038,301039,2,1,1
301044,301050,7,1,6
301051,301053,3,2,1
301054,301055,2,1,1
301058,301059,2,1,1
301065,301067,3,1,2
301071,301073,3,2,1
301074,301081,8,1,7
301091,301093,3,1,2
301096,301098,3,2,1
301110,301111,2,1,1
301113,301116,4,1,3
301117,301120,4,1,3
301121,301122,2,1,1
301125,301131,7,1,6
301132,301133,2,1,1
301134,301137,4,2,2
301138,301139,2,1,1
301140,301147,8,2,6
301151,301152,2,1,1
301153,301157,5,2,3
301164,301165,2,1,1
301166,301168,3,1,2
301172,301179,8,4,4
301183,301185,3,1,2
301186,301190,5,1,4
301191,301192,2,1,1
301193,301199,7,2,5
301200,301203,4,1,3
301214,301221,8,5,3
301246,301248,3,2,1
301249,301251,3,1,2
301252,301253,2,1,1
301254,301256,3,1,2
301257,301259,3,2,1
301262,301263,2,1,1
301273,301275,3,1,2
301294,301296,3,2,1
301303,301306,4,2,2
301307,301310,4,1,3
301314,301316,3,1,2
301317,301322,6,1,5
301346,301347,2,1,1
301350,301352,3,2,1
301372,301373,2,1,1
301374,301378,5,2,3
301383,301385,3,2,1
301387,301389,3,2,1
301390,301391,2,1,1
301393,301394,2,1,1
301395,301398,4,1,3
301400,301406,7,2,5
301412,301414,3,1,2
301415,301419,5,2,3
301424,301425,2,1,1
301433,301437,5,2,3
301438,301439,2,1,1
301440,301441,2,1,1
301454,301456,3,1,2
301464,301469,6,1,5
301481,301482,2,1,1
301483,301485,3,2,1
301490,301496,7,3,4
301514,301515,2,1,1
301521,301523,3,1,2
301540,301545,6,1,5
301549,301552,4,2,2
301553,301556,4,1,3
301557,301558,2,1,1
301564,301565,2,1,1
301575,301577,3,1,2
301578,301584,7,1,6
301585,301587,3,1,2
301594,301598,5,1,4
301604,301605,2,1,1
301610,301617,8,2,6
301625,301627,3,2,1
301630,301632,3,2,1
301642,301644,3,2,1
301654,301656,3,2,1
301657,301659,3,2,1
301662,301663,2,1,1
301664,301667,4,2,2
301673,301679,7,2,5
301686,301694,9,2,7
301699,301702,4,1,3
301703,301708,6,2,4
301709,301710,2,1,1
301716,301721,6,1,5
301722,301729,8,1,7
301730,301733,4,3,1
301742,301746,5,2,3
301748,301749,2,1,1
301750,301755,6,5,1
301765,301766,2,1,1
301767,301769,3,1,2
301770,301772,3,1,2
301773,301775,3,1,2
301776,301777,2,1,1
301778,301779,2,1,1
301782,301786,5,2,3
301787,301789,3,2,1
301793,301798,6,3,3
301805,301807,3,2,1
301816,301818,3,1,2
301820,301822,3,1,2
301825,301826,2,1,1
301827,301829,3,1,2
301838,301841,4,1,3
301850,301851,2,1,1
301852,301853,2,1,1
301864,301866,3,1,2
301867,301870,4,1,3
301875,301876,2,1,1
301877,301881,5,1,4
301882,301884,3,1,2
301886,301888,3,2,1
301891,301896,6,1,5
301903,301906,4,2,2
301909,301912,4,1,3
301922,301924,3,1,2
301925,301928,4,3,1
301933,301935,3,1,2
301936,301937,2,1,1
301940,301943,4,1,3
301944,301946,3,2,1
301956,301960,5,1,4
301967,301971,5,4,1
301972,301973,2,1,1
301974,301977,4,1,3
301981,301984,4,2,2
301985,301989,5,1,4
301995,301998,4,1,3
302011,302013,3,1,2
302017,302019,3,2,1
302030,302031,2,1,1
302037,302039,3,2,1
302040,302041,2,1,1
302042,302047,6,1,5
302050,302053,4,1,3
302054,302055,2,1,1
302058,302060,3,1,2
302061,302062,2,1,1
302068,302070,3,1,2
302082,302083,2,1,1
302091,302096,6,1,5
302101,302102,2,1,1
302104,302106,3,1,2
302111,302112,2,1,1
302113,302114,2,1,1
302115,302117,3,1,2
302118,302122,5,1,4
302146,302147,2,1,1
302154,302158,5,1,4
302167,302169,3,2,1
302183,302187,5,1,4
302188,302189,2,1,1
302203,302206,4,1,3
302218,302220,3,2,1
302223,302226,4,3,1
302227,302229,3,2,1
302233,302234,2,1,1
302235,302238,4,1,3
302245,302246,2,1,1
302250,302253,4,1,3
302258,302261,4,1,3
302262,302263,2,1,1
302264,302266,3,1,2
302276,302278,3,1,2
302281,302284,4,2,2
302288,302290,3,2,1
302291,302293,3,1,2
302297,302299,3,2,1
302303,302304,2,1,1
302305,302307,3,1,2
302318,302329,12,3,9
302332,302334,3,1,2
302340,302344,5,1,4
302349,302354,6,3,3
302370,302375,6,2,4
302377,302380,4,2,2
302381,302385,5,1,4
302392,302394,3,1,2
302418,302423,6,1,5
302437,302438,2,1,1
302439,302440,2,1,1
302441,302442,2,1,1
302443,302444,2,1,1
302452,302454,3,2,1
302455,302457,3,2,1
302458,302459,2,1,1
302467,302471,5,1,4
302472,302475,4,1,3
302481,302482,2,1,1
302497,302499,3,1,2
302509,302513,5,3,2
302518,302519,2,1,1
302520,302522,3,2,1
302534,302535,2,1,1
302536,302537,2,1,1
302538,302539,2,1,1
302546,302549,4,2,2
302558,302559,2,1,1
302562,302563,2,1,1
302565,302566,2,1,1
302568,302569,2,1,1
302570,302571,2,1,1
302583,302588,6,1,5
302589,302590,2,1,1
302595,302598,4,1,3
302607,302608,2,1,1
302609,302612,4,1,3
302613,302616,4,2,2
302619,302621,3,1,2
302624,302625,2,1,1
302631,302637,7,1,6
302638,302641,4,3,1
302653,302654,2,1,1
302655,302657,3,1,2
302666,302669,4,1,3
302671,302675,5,2,3
302676,302680,5,2,3
302681,302683,3,1,2
302693,302698,6,1,5
302699,302700,2,1,1
302701,302702,2,1,1
302704,302706,3,1,2
302713,302719,7,1,6
302725,302726,2,1,1
302740,302742,3,1,2
302743,302744,2,1,1
302750,302752,3,1,2
302753,302759,7,1,6
302760,302763,4,1,3
302770,302771,2,1,1
302787,302788,2,1,1
302792,302793,2,1,1
302799,302803,5,2,3
302804,302806,3,2,1
302818,302825,8,5,3
302833,302835,3,2,1
302836,302837,2,1,1
302841,302842,2,1,1
302843,302845,3,1,2
302849,302850,2,1,1
302859,302861,3,1,2
302873,302875,3,1,2
302891,302892,2,1,1
302896,302899,4,3,1
302900,302901,2,1,1
302907,302908,2,1,1
302909,302911,3,1,2
302918,302920,3,1,2
302935,302939,5,1,4
302947,302949,3,1,2
302963,302964,2,1,1
302966,302973,8,2,6
302987,302994,8,1,7
303001,303002,2,1,1
303005,303007,3,1,2
303021,303023,3,1,2
303035,303038,4,1,3
303041,303042,2,1,1
303050,303052,3,2,1
303063,303066,4,1,3
303079,303081,3,2,1
303094,303097,4,2,2
303098,303100,3,1,2
303109,303112,4,1,3
303114,303116,3,2,1
303117,303119,3,2,1
303133,303139,7,3,4
303146,303150,5,2,3
303152,303154,3,1,2
303160,303162,3,1,2
303169,303170,2,1,1
303171,303172,2,1,1
303174,303175,2,1,1
303177,303179,3,2,1
303180,303184,5,2,3
303185,303186,2,1,1
303228,303231,4,1,3
303246,303248,3,1,2
303256,303261,6,2,4
303262,303265,4,1,3
303270,303271,2,1,1
303274,303276,3,2,1
303281,303283,3,2,1
303284,303287,4,1,3
303288,303291,4,1,3
303296,303299,4,2,2
303300,303304,5,2,3
303307,303310,4,3,1
303312,303314,3,1,2
303315,303320,6,1,5
303334,303335,2,1,1
303339,303340,2,1,1
303343,303345,3,2,1
303346,303348,3,1,2
303363,303365,3,1,2
303371,303372,2,1,1
303393,303399,7,1,6
303400,303401,2,1,1
303408,303409,2,1,1
303415,303416,2,1,1
303417,303420,4,1,3
303421,303425,5,1,4
303427,303430,4,1,3
303435,303436,2,1,1
303451,303453,3,1,2
303454,303456,3,2,1
303460,303461,2,1,1
303483,303484,2,1,1
303491,303492,2,1,1
303505,303506,2,1,1
303509,303511,3,2,1
303512,303513,2,1,1
303514,303516,3,2,1
303521,303523,3,1,2
303524,303525,2,1,1
303526,303528,3,2,1
303546,303548,3,1,2
303555,303558,4,2,2
303574,303575,2,1,1
303576,303579,4,1,3
303580,303581,2,1,1
303582,303583,2,1,1
303602,303604,3,2,1
303605,303606,2,1,1
303610,303612,3,2,1
303613,303616,4,2,2
303637,303638,2,1,1
303639,303640,2,1,1
303641,303648,8,2,6
303649,303650,2,1,1
303660,303661,2,1,1
303662,303664,3,2,1
303666,303670,5,1,4
303672,303673,2,1,1
303677,303680,4,1,3
303682,303683,2,1,1
303688,303692,5,1,4
303701,303704,4,2,2
303708,303710,3,1,2
303711,303714,4,1,3
303715,303718,4,1,3
303719,303721,3,1,2
303722,303725,4,2,2
303731,303732,2,1,1
303735,303739,5,1,4
303749,303752,4,3,1
303757,303759,3,2,1
303760,303761,2,1,1
303775,303776,2,1,1
303777,303779,3,1,2
303780,303781,2,1,1
303788,303790,3,2,1
303798,303799,2,1,1
303812,303816,5,1,4
303821,303824,4,3,1
303825,303830,6,1,5
303840,303841,2,1,1
303842,303845,4,3,1
303850,303852,3,1,2
303861,303863,3,1,2
303864,303867,4,1,3
303868,303871,4,3,1
303874,303884,11,1,10
303891,303896,6,1,5
303920,303921,2,1,1
303927,303929,3,1,2
303966,303967,2,1,1
303968,303969,2,1,1
303977,303980,4,3,1
303987,303992,6,2,4
303993,303994,2,1,1
303997,304001,5,1,4
304003,304005,3,2,1
304009,304011,3,1,2
304012,304013,2,1,1
304027,304029,3,1,2
304030,304032,3,1,2
304033,304034,2,1,1
304035,304037,3,2,1
304038,304040,3,2,1
304045,304046,2,1,1
304047,304049,3,1,2
304058,304063,6,3,3
304064,304067,4,1,3
304072,304073,2,1,1
304077,304080,4,1,3
304085,304089,5,1,4
304090,304095,6,3,3
304100,304103,4,1,3
304130,304132,3,1,2
304135,304136,2,1,1
304149,304151,3,1,2
304157,304159,3,2,1
304161,304163,3,2,1
304165,304169,5,2,3
304177,304179,3,1,2
304193,304194,2,1,1
304195,304196,2,1,1
304197,304199,3,1,2
304205,304206,2,1,1
304210,304211,2,1,1
304216,304219,4,1,3
304220,304223,4,2,2
304224,304226,3,1,2
304230,304232,3,2,1
304233,304234,2,1,1
304241,304246,6,3,3
304248,304249,2,1,1
304257,304258,2,1,1
304261,304265,5,1,4
304266,304269,4,1,3
304288,304291,4,1,3
304292,304298,7,1,6
304309,304310,2,1,1
304314,304316,3,1,2
304324,304326,3,1,2
304328,304330,3,2,1
304333,304338,6,4,2
304345,304346,2,1,1
304352,304353,2,1,1
304381,304382,2,1,1
304395,304397,3,1,2
304398,304399,2,1,1
304400,304401,2,1,1
304431,304434,4,1,3
304435,304437,3,1,2
304448,304450,3,1,2
304451,304452,2,1,1
304456,304457,2,1,1
304477,304479,3,1,2
304480,304482,3,1,2
304484,304487,4,1,3
304490,304491,2,1,1
304515,304516,2,1,1
304524,304526,3,1,2
304529,304531,3,2,1
304537,304538,2,1,1
304544,304547,4,1,3
304562,304563,2,1,1
304566,304571,6,4,2
304572,304574,3,2,1
304575,304578,4,3,1
304585,304586,2,1,1
304590,304591,2,1,1
304609,304610,2,1,1
304620,304623,4,3,1
304642,304644,3,1,2
304654,304655,2,1,1
304668,304671,4,2,2
304684,304688,5,2,3
304705,304711,7,1,6
304723,304724,2,1,1
304727,304729,3,1,2
304738,304739,2,1,1
304746,304748,3,2,1
304749,304750,2,1,1
304751,304752,2,1,1
304758,304760,3,2,1
304763,304765,3,1,2
304768,304773,6,4,2
304774,304776,3,1,2
304804,304808,5,3,2
304809,304810,2,1,1
304872,304873,2,1,1
304874,304876,3,2,1
304884,304887,4,1,3
304893,304898,6,4,2
304902,304903,2,1,1
304923,304924,2,1,1
304925,304931,7,1,6
304936,304940,5,1,4
304941,304943,3,1,2
304945,304949,5,1,4
304961,304963,3,2,1
304964,304967,4,1,3
304993,304998,6,1,5
305003,305005,3,1,2
305016,305018,3,1,2
305034,305035,2,1,1
305036,305038,3,1,2
305046,305048,3,1,2
305060,305062,3,1,2
305078,305082,5,1,4
305084,305085,2,1,1
305088,305092,5,1,4
305111,305113,3,1,2
305128,305131,4,1,3
305145,305153,9,2,7
305158,305159,2,1,1
305163,305165,3,1,2
305169,305171,3,1,2
305178,305180,3,1,2
305184,305185,2,1,1
305189,305190,2,1,1
305191,305192,2,1,1
305203,305206,4,2,2
305213,305215,3,1,2
305217,305223,7,2,5
305227,305229,3,1,2
305232,305233,2,1,1
305244,305245,2,1,1
305250,305252,3,2,1
305253,305255,3,1,2
305256,305257,2,1,1
305272,305273,2,1,1
305275,305279,5,1,4
305280,305286,7,1,6
305313,305315,3,1,2
305324,305327,4,1,3
305332,305336,5,1,4
305352,305353,2,1,1
305357,305358,2,1,1
305360,305363,4,2,2
305364,305365,2,1,1
305367,305369,3,1,2
305378,305380,3,1,2
305382,305386,5,1,4
305387,305389,3,1,2
305413,305416,4,1,3
305428,305429,2,1,1
305434,305435,2,1,1
305443,305445,3,1,2
305453,305454,2,1,1
305464,305465,2,1,1
305470,305473,4,2,2
305474,305475,2,1,1
305490,305491,2,1,1
305498,305499,2,1,1
305503,305504,2,1,1
305507,305508,2,1,1
305514,305515,2,1,1
305522,305523,2,1,1
305525,305526,2,1,1
305543,305545,3,1,2
305557,305558,2,1,1
305565,305566,2,1,1
305571,305572,2,1,1
305573,305575,3,1,2
305578,305579,2,1,1
305580,305583,4,1,3
305584,305585,2,1,1
305586,305590,5,1,4
305597,305602,6,3,3
305607,305609,3,1,2
305610,305612,3,2,1
305635,305636,2,1,1
305643,305646,4,1,3
305648,305649,2,1,1
305652,305653,2,1,1
305656,305659,4,1,3
305660,305661,2,1,1
305662,305667,6,2,4
305668,305672,5,1,4
305674,305675,2,1,1
305685,305686,2,1,1
305687,305691,5,2,3
305692,305694,3,1,2
305695,305698,4,1,3
305714,305715,2,1,1
305732,305734,3,2,1
305737,305745,9,3,6
305753,305754,2,1,1
305758,305760,3,1,2
305774,305776,3,1,2
305777,305778,2,1,1
305782,305786,5,3,2
305796,305798,3,2,1
305799,305804,6,1,5
305805,305809,5,4,1
305810,305811,2,1,1
305819,305821,3,2,1
305831,305833,3,1,2
305836,305838,3,1,2
305839,305841,3,1,2
305842,305843,2,1,1
305844,305851,8,1,7
305852,305854,3,2,1
305856,305858,3,1,2
305865,305867,3,2,1
305868,305871,4,2,2
305876,305880,5,2,3
305887,305888,2,1,1
305890,305895,6,3,3
305896,305900,5,1,4
305905,305906,2,1,1
305907,305908,2,1,1
305909,305910,2,1,1
305922,305929,8,3,5
305930,305931,2,1,1
305944,305947,4,2,2
305948,305952,5,3,2
305957,305958,2,1,1
305959,305960,2,1,1
305964,305968,5,1,4
305993,305994,2,1,1
305995,305996,2,1,1
305997,305998,2,1,1
305999,306001,3,2,1
306006,306009,4,1,3
306019,306021,3,1,2
306024,306028,5,1,4
306030,306032,3,1,2
306041,306044,4,3,1
306063,306067,5,2,3
306068,306071,4,1,3
306072,306073,2,1,1
306075,306079,5,1,4
306080,306081,2,1,1
306082,306084,3,1,2
306085,306086,2,1,1
306100,306102,3,2,1
306111,306112,2,1,1
306114,306117,4,2,2
306129,306130,2,1,1
306138,306139,2,1,1
306145,306147,3,1,2
306148,306149,2,1,1
306150,306159,10,2,8
306168,306173,6,4,2
306180,306183,4,2,2
306189,306191,3,1,2
306192,306193,2,1,1
306196,306198,3,1,2
306199,306200,2,1,1
306215,306221,7,1,6
306222,306225,4,1,3
306226,306229,4,1,3
306235,306236,2,1,1
306239,306241,3,2,1
306242,306243,2,1,1
306247,306248,2,1,1
306250,306251,2,1,1
306261,306264,4,1,3
306271,306272,2,1,1
306277,306278,2,1,1
306288,306289,2,1,1
306293,306300,8,3,5
306319,306323,5,2,3
306324,306326,3,2,1
306334,306337,4,3,1
306343,306345,3,1,2
306346,306347,2,1,1
306349,306352,4,1,3
306353,306354,2,1,1
306355,306358,4,1,3
306359,306362,4,1,3
306384,306385,2,1,1
306388,306393,6,3,3
306403,306404,2,1,1
306410,306414,5,1,4
306417,306423,7,2,5
306426,306430,5,1,4
306431,306433,3,2,1
306435,306437,3,1,2
306438,306440,3,2,1
306443,306446,4,2,2
306457,306459,3,1,2
306460,306463,4,1,3
306464,306468,5,1,4
306471,306473,3,1,2
306476,306477,2,1,1
306479,306480,2,1,1
306486,306488,3,2,1
306515,306518,4,3,1
306519,306522,4,2,2
306523,306524,2,1,1
306535,306536,2,1,1
306539,306540,2,1,1
306553,306554,2,1,1
306559,306560,2,1,1
306561,306563,3,1,2
306578,306579,2,1,1
306608,306609,2,1,1
306610,306611,2,1,1
306614,306615,2,1,1
306623,306624,2,1,1
306625,306628,4,1,3
306630,306633,4,2,2
306641,306642,2,1,1
306647,306648,2,1,1
306650,306652,3,1,2
306663,306665,3,2,1
306669,306671,3,2,1
306713,306714,2,1,1
306715,306716,2,1,1
306723,306724,2,1,1
306725,306726,2,1,1
306737,306738,2,1,1
306742,306751,10,7,3
306753,306754,2,1,1
306771,306774,4,1,3
306776,306778,3,1,2
306781,306783,3,2,1
306801,306804,4,2,2
306841,306842,2,1,1
306859,306860,2,1,1
306869,306872,4,1,3
306881,306883,3,1,2
306891,306894,4,1,3
306895,306897,3,2,1
306920,306921,2,1,1
306923,306924,2,1,1
306930,306932,3,2,1
306936,306937,2,1,1
306938,306941,4,2,2
306955,306957,3,1,2
306971,306972,2,1,1
306976,306977,2,1,1
306980,306982,3,2,1
306985,306988,4,1,3
307008,307011,4,1,3
307017,307021,5,2,3
307025,307026,2,1,1
307030,307032,3,2,1
307033,307034,2,1,1
307037,307039,3,1,2
307047,307048,2,1,1
307049,307050,2,1,1
307051,307055,5,2,3
307062,307064,3,1,2
307085,307092,8,1,7
307096,307097,2,1,1
307128,307137,10,1,9
307138,307141,4,2,2
307147,307149,3,2,1
307154,307155,2,1,1
307156,307157,2,1,1
307161,307163,3,2,1
307164,307168,5,2,3
307175,307176,2,1,1
307196,307199,4,1,3
307213,307214,2,1,1
307224,307225,2,1,1
310652,310655,4,1,3
310682,310684,3,1,2
314956,314957,2,1,1
315458,315460,3,1,2
315482,315483,2,1,1
315543,315544,2,1,1
315764,315765,2,1,1
316004,316005,2,1,1
317897,317899,3,2,1
318323,318327,5,3,2
319661,319662,2,1,1
320165,320169,5,2,3
320170,320171,2,1,1
320285,320289,5,4,1
320427,320428,2,1,1
320429,320433,5,3,2
320580,320581,2,1,1
320748,320750,3,2,1
320845,320846,2,1,1
320897,320899,3,2,1
320923,320927,5,2,3
321678,321679,2,1,1
321681,321682,2,1,1
321687,321690,4,1,3
321742,321743,2,1,1
322255,322259,5,1,4
322261,322262,2,1,1
322292,322295,4,1,3
322438,322440,3,2,1
322546,322573,28,27,1
322574,322583,10,9,1
322584,322603,20,19,1
322604,322607,4,3,1
322608,322616,9,8,1
322617,322618,2,1,1
322619,322626,8,7,1
322627,322637,11,10,1
322638,322641,4,3,1
322642,322649,8,7,1
322650,322659,10,9,1
322660,322667,8,7,1
322671,322674,4,3,1
322675,322676,2,1,1
322677,322680,4,3,1
322681,322684,4,3,1
322685,322690,6,5,1
322691,322700,10,9,1
322701,322703,3,2,1
322704,322709,6,4,2
322710,322713,4,3,1
322714,322715,2,1,1
322724,322739,16,15,1
322743,322746,4,3,1
322747,322748,2,1,1
322749,322752,4,2,2
322753,322756,4,3,1
322757,322758,2,1,1
322759,322761,3,2,1
322764,322766,3,1,2
322767,322771,5,4,1
322777,322779,3,2,1
322780,322781,2,1,1
322782,322787,6,5,1
322788,322789,2,1,1
322790,322794,5,4,1
322795,322798,4,3,1
322799,322802,4,3,1
322804,322806,3,2,1
322807,322811,5,4,1
322812,322815,4,3,1
322823,322826,4,2,2
322827,322828,2,1,1
322829,322832,4,3,1
322833,322837,5,4,1
322838,322840,3,2,1
322841,322849,9,8,1
322855,322858,4,2,2
322859,322862,4,3,1
322863,322867,5,4,1
322868,322870,3,2,1
322871,322872,2,1,1
322878,322882,5,3,2
322883,322887,5,4,1
322912,322915,4,2,2
322916,322917,2,1,1
322920,322924,5,4,1
322925,322928,4,2,2
322934,322935,2,1,1
322936,322937,2,1,1
322938,322939,2,1,1
322940,322941,2,1,1
322942,322946,5,4,1
322947,322950,4,3,1
322951,322952,2,1,1
322953,322956,4,3,1
322959,322962,4,1,3
322964,322968,5,3,2
322979,322980,2,1,1
322981,322985,5,4,1
322987,322992,6,4,2
322993,322998,6,5,1
323007,323013,7,6,1
323017,323018,2,1,1
323019,323022,4,1,3
323023,323024,2,1,1
323025,323028,4,3,1
323033,323037,5,2,3
323038,323039,2,1,1
323041,323044,4,1,3
323045,323047,3,1,2
323048,323050,3,1,2
323051,323054,4,2,2
323056,323059,4,3,1
323060,323066,7,5,2
323067,323070,4,2,2
323073,323074,2,1,1
323075,323077,3,1,2
323078,323082,5,4,1
323083,323089,7,6,1
323090,323103,14,13,1
323104,323105,2,1,1
323106,323114,9,8,1
323117,323121,5,3,2
323129,323136,8,6,2
323137,323138,2,1,1
323139,323150,12,11,1
323151,323154,4,2,2
323155,323162,8,7,1
323163,323166,4,3,1
323167,323168,2,1,1
323169,323170,2,1,1
323171,323191,21,19,2
323192,323193,2,1,1
323194,323202,9,8,1
323203,323208,6,5,1
323209,323214,6,5,1
323215,323217,3,2,1
323218,323229,12,10,2
323230,323231,2,1,1
323241,323244,4,3,1
323245,323250,6,5,1
323257,323258,2,1,1
323259,323270,12,10,2
323271,323272,2,1,1
323273,323275,3,2,1
323276,323277,2,1,1
323278,323282,5,2,3
323283,323284,2,1,1
323287,323298,12,11,1
323299,323315,17,16,1
323316,323328,13,12,1
323329,323335,7,4,3
323336,323341,6,1,5
323342,323344,3,2,1
323354,323359,6,5,1
323360,323362,3,2,1
323363,323365,3,1,2
323369,323370,2,1,1
323373,323379,7,5,2
323380,323381,2,1,1
323382,323386,5,3,2
323405,323410,6,1,5
323411,323414,4,1,3
323415,323416,2,1,1
323417,323419,3,2,1
323420,323421,2,1,1
323422,323423,2,1,1
323424,323425,2,1,1
323437,323456,20,13,7
323457,323458,2,1,1
323459,323461,3,2,1
323462,323473,12,6,6
323474,323475,2,1,1
323476,323497,22,1,21
323498,323504,7,1,6
323505,323511,7,5,2
323512,323523,12,11,1
323524,323540,17,15,2
323548,323553,6,4,2
323554,323556,3,2,1
323557,323558,2,1,1
323559,323565,7,2,5
323566,323573,8,7,1
323574,323604,31,10,21
323605,323606,2,1,1
323607,323612,6,4,2
323624,323629,6,5,1
323643,323646,4,2,2
323647,323652,6,1,5
323653,323660,8,6,2
323661,323665,5,4,1
323666,323668,3,2,1
323669,323671,3,2,1
323672,323677,6,2,4
323678,323687,10,1,9
323689,323691,3,2,1
323692,323693,2,1,1
323694,323699,6,1,5
323704,323706,3,2,1
323707,323708,2,1,1
323710,323718,9,8,1
323719,323722,4,1,3
323725,323728,4,2,2
323729,323732,4,1,3
323733,323735,3,1,2
323736,323741,6,1,5
323758,323761,4,3,1
323762,323763,2,1,1
323764,323765,2,1,1
323766,323769,4,1,3
323770,323774,5,1,4
323775,323780,6,1,5
323785,323788,4,2,2
323789,323798,10,2,8
323823,323830,8,5,3
323831,323835,5,4,1
323836,323837,2,1,1
323844,323845,2,1,1
323846,323849,4,3,1
323850,323858,9,1,8
323859,323884,26,1,25
323885,323886,2,1,1
323907,323910,4,1,3
323911,323912,2,1,1
323913,323914,2,1,1
323915,323923,9,4,5
323971,323982,12,10,2
323983,323984,2,1,1
323985,323989,5,3,2
323990,323999,10,3,7
324002,324008,7,3,4
324017,324018,2,1,1
324019,324026,8,3,5
324027,324029,3,1,2
324030,324049,20,1,19
324050,324060,11,10,1
324061,324062,2,1,1
324063,324070,8,7,1
324071,324075,5,2,3
324077,324081,5,1,4
324082,324083,2,1,1
324084,324088,5,2,3
324094,324096,3,2,1
324101,324103,3,1,2
324104,324106,3,2,1
324107,324108,2,1,1
324109,324110,2,1,1
324136,324142,7,6,1
324143,324147,5,3,2
324148,324152,5,4,1
324153,324155,3,2,1
324156,324158,3,1,2
324159,324161,3,2,1
324162,324173,12,11,1
324174,324180,7,5,2
324181,324183,3,2,1
324184,324234,51,50,1
324235,324248,14,13,1
324249,324265,17,13,4
324269,324276,8,6,2
324282,324286,5,3,2
324289,324291,3,2,1
324292,324297,6,5,1
324298,324300,3,1,2
324301,324302,2,1,1
324303,324305,3,2,1
324306,324308,3,2,1
324309,324311,3,2,1
324312,324313,2,1,1
324314,324317,4,2,2
324318,324321,4,2,2
324322,324330,9,3,6
324331,324335,5,1,4
324336,324344,9,8,1
324345,324370,26,6,20
324371,324380,10,1,9
324381,324382,2,1,1
324384,324389,6,4,2
324397,324399,3,1,2
324400,324403,4,1,3
324404,324409,6,1,5
324410,324414,5,2,3
324421,324443,23,1,22
324444,324445,2,1,1
324446,324448,3,2,1
324449,324458,10,7,3
324459,324467,9,2,7
324468,324469,2,1,1
324470,324473,4,1,3
324474,324479,6,2,4
324480,324488,9,3,6
324489,324509,21,1,20
324514,324519,6,4,2
324520,324521,2,1,1
324522,324523,2,1,1
324524,324525,2,1,1
324526,324527,2,1,1
324528,324532,5,4,1
324536,324538,3,2,1
324539,324542,4,2,2
324543,324553,11,6,5
324554,324556,3,2,1
324557,324558,2,1,1
324559,324560,2,1,1
324561,324563,3,2,1
324565,324572,8,7,1
324573,324576,4,2,2
324577,324584,8,5,3
324585,324587,3,1,2
324602,324604,3,1,2
324605,324611,7,3,4
324612,324613,2,1,1
324614,324616,3,2,1
324617,324620,4,1,3
324621,324626,6,2,4
324627,324638,12,10,2
324639,324644,6,5,1
324645,324681,37,36,1
324682,324685,4,1,3
324686,324694,9,5,4
324695,324697,3,1,2
324698,324699,2,1,1
324700,324702,3,1,2
324703,324706,4,2,2
324707,324708,2,1,1
324709,324710,2,1,1
324711,324712,2,1,1
324713,324714,2,1,1
324715,324717,3,2,1
324718,324724,7,4,3
324731,324733,3,1,2
324734,324738,5,1,4
324757,324775,19,18,1
324776,324785,10,7,3
324786,324787,2,1,1
324788,324796,9,8,1
324797,324828,32,8,24
324829,324830,2,1,1
324831,324835,5,4,1
324836,324907,72,1,71
324908,324910,3,1,2
324911,324912,2,1,1
324913,325004,92,1,91
325005,325027,23,2,21
325028,325031,4,1,3
325032,325035,4,3,1
325036,325039,4,3,1
325043,325053,11,7,4
325055,325058,4,1,3
325059,325060,2,1,1
325071,325075,5,2,3
325081,325082,2,1,1
325083,325085,3,2,1
325087,325090,4,3,1
325091,325101,11,6,5
325102,325104,3,1,2
325105,325114,10,1,9
325115,325120,6,2,4
325125,325166,42,8,34
325167,325219,53,6,47
325220,325222,3,1,2
325223,325227,5,1,4
325228,325231,4,3,1
325232,325239,8,6,2
325240,325244,5,3,2
325245,325252,8,7,1
325258,325263,6,1,5
325264,325282,19,3,16
325283,325284,2,1,1
325285,325287,3,2,1
325288,325303,16,2,14
325304,325307,4,3,1
325308,325309,2,1,1
325310,325314,5,3,2
325315,325324,10,9,1
325325,325329,5,4,1
325330,325333,4,1,3
325337,325340,4,3,1
325341,325355,15,10,5
325358,325365,8,7,1
325366,325373,8,3,5
325374,325377,4,3,1
325378,325380,3,2,1
325381,325387,7,4,3
325388,325406,19,1,18
325407,325415,9,1,8
325416,325419,4,1,3
325423,325424,2,1,1
325425,325429,5,3,2
325430,325461,32,8,24
325462,325464,3,1,2
325465,325467,3,2,1
325468,325476,9,8,1
325477,325479,3,1,2
325480,325483,4,1,3
325484,325486,3,2,1
325487,325488,2,1,1
325489,325492,4,2,2
325493,325495,3,1,2
325496,325497,2,1,1
325505,325531,27,1,26
325532,325534,3,1,2
325535,325541,7,5,2
325606,325610,5,4,1
325611,325613,3,1,2
325614,325615,2,1,1
325616,325617,2,1,1
325618,325619,2,1,1
325627,325632,6,5,1
325633,325635,3,2,1
325636,325638,3,2,1
325639,325642,4,2,2
325643,325725,83,1,82
325726,325763,38,6,32
325767,325769,3,2,1
325770,325786,17,8,9
325787,325791,5,3,2
325792,325798,7,3,4
325799,325819,21,19,2
325827,325828,2,1,1
325829,325838,10,9,1
325839,325840,2,1,1
325841,325846,6,3,3
325847,325856,10,6,4
325857,325863,7,6,1
325869,325872,4,3,1
325874,325889,16,4,12
325892,325896,5,4,1
325900,325902,3,2,1
325903,325905,3,1,2
325922,325934,13,1,12
325944,325947,4,2,2
325948,325949,2,1,1
325950,325955,6,5,1
325957,325963,7,2,5
325964,325966,3,2,1
325967,325975,9,7,2
325976,325978,3,2,1
325979,325983,5,4,1
325990,325992,3,1,2
325993,325998,6,4,2
325999,326004,6,5,1
326005,326013,9,5,4
326014,326032,19,18,1
326033,326034,2,1,1
326038,326041,4,3,1
326042,326048,7,5,2
326049,326054,6,5,1
326055,326062,8,2,6
326067,326070,4,3,1
326071,326074,4,3,1
326075,326079,5,4,1
326080,326091,12,5,7
326092,326098,7,6,1
326099,326107,9,6,3
326111,326112,2,1,1
326113,326149,37,36,1
326160,326168,9,8,1
326169,326181,13,12,1
326182,326189,8,6,2
326190,326191,2,1,1
326193,326197,5,4,1
326199,326208,10,9,1
326209,326219,11,10,1
326220,326224,5,3,2
326225,326227,3,2,1
326228,326233,6,4,2
326235,326239,5,4,1
326240,326248,9,8,1
326249,326254,6,5,1
326255,326256,2,1,1
326270,326272,3,1,2
326273,326279,7,6,1
326291,326292,2,1,1
326293,326298,6,4,2
326299,326301,3,1,2
326302,326303,2,1,1
326304,326306,3,2,1
326307,326308,2,1,1
326322,326325,4,1,3
326326,326332,7,5,2
326337,326348,12,11,1
326349,326386,38,36,2
326387,326392,6,5,1
326393,326395,3,2,1
326396,326403,8,7,1
326404,326409,6,5,1
326410,326421,12,10,2
326422,326426,5,4,1
326427,326440,14,13,1
326441,326446,6,5,1
326447,326448,2,1,1
326449,326451,3,2,1
326452,326455,4,3,1
326456,326462,7,6,1
326463,326464,2,1,1
326465,326474,10,8,2
326475,326476,2,1,1
326477,326478,2,1,1
326479,326486,8,5,3
326487,326509,23,22,1
326510,326521,12,6,6
326522,326523,2,1,1
326524,326530,7,5,2
326531,326536,6,4,2
326537,326540,4,3,1
326541,326549,9,8,1
326550,326564,15,1,14
326565,326568,4,2,2
326571,326572,2,1,1
326573,326574,2,1,1
326575,326579,5,1,4
326580,326583,4,1,3
326584,326586,3,2,1
326590,326592,3,2,1
326597,326601,5,3,2
326602,326606,5,4,1
326607,326608,2,1,1
326609,326611,3,1,2
326613,326614,2,1,1
326615,326616,2,1,1
326619,326620,2,1,1
326625,326633,9,8,1
326641,326645,5,3,2
326646,326651,6,5,1
326652,326655,4,3,1
326658,326733,76,75,1
326734,326739,6,5,1
326740,326741,2,1,1
326745,326748,4,3,1
326749,326750,2,1,1
326751,326754,4,3,1
326755,326759,5,4,1
326760,326764,5,4,1
326765,326772,8,7,1
326783,326784,2,1,1
326798,326800,3,2,1
326801,326814,14,3,11
326815,326817,3,1,2
326818,326819,2,1,1
326820,326822,3,1,2
326830,326840,11,2,9
326842,326843,2,1,1
326844,326847,4,2,2
326848,326852,5,3,2
326857,326860,4,2,2
326867,326870,4,3,1
326871,326874,4,3,1
326875,326878,4,3,1
326879,326880,2,1,1
326884,326886,3,1,2
326887,326890,4,3,1
326895,326901,7,6,1
326903,326912,10,1,9
326913,326917,5,3,2
326918,326921,4,1,3
326922,326927,6,2,4
326928,326934,7,3,4
326935,326938,4,1,3
326949,326956,8,6,2
326957,326959,3,1,2
326960,326967,8,4,4
326968,326975,8,5,3
326976,326980,5,3,2
326982,326987,6,1,5
326988,326998,11,10,1
327004,327006,3,2,1
327007,327012,6,5,1
327013,327020,8,4,4
327021,327023,3,1,2
327024,327027,4,1,3
327029,327031,3,2,1
327038,327041,4,2,2
327048,327050,3,2,1
327051,327053,3,2,1
327054,327056,3,1,2
327057,327060,4,1,3
327061,327070,10,2,8
327071,327076,6,1,5
327077,327082,6,3,3
327083,327085,3,1,2
327086,327094,9,8,1
327105,327106,2,1,1
327107,327111,5,1,4
327123,327129,7,2,5
327130,327131,2,1,1
327132,327136,5,1,4
327156,327161,6,4,2
327162,327167,6,4,2
327168,327172,5,2,3
327193,327195,3,1,2
327215,327218,4,2,2
327221,327225,5,1,4
327226,327229,4,1,3
327230,327231,2,1,1
327232,327238,7,5,2
327243,327245,3,1,2
327253,327258,6,2,4
327262,327265,4,2,2
327266,327269,4,2,2
327270,327274,5,1,4
327285,327291,7,6,1
327300,327313,14,3,11
327327,327331,5,3,2
327332,327334,3,1,2
327335,327340,6,3,3
327353,327354,2,1,1
327355,327358,4,1,3
327359,327362,4,1,3
327363,327365,3,1,2
327366,327370,5,3,2
327379,327380,2,1,1
327384,327387,4,3,1
327388,327392,5,2,3
327393,327397,5,4,1
327398,327400,3,1,2
327405,327408,4,3,1
327413,327418,6,2,4
327425,327427,3,2,1
327428,327429,2,1,1
327430,327434,5,2,3
327443,327445,3,2,1
327446,327451,6,5,1
327452,327456,5,3,2
327458,327460,3,1,2
327461,327465,5,1,4
327466,327472,7,5,2
327484,327488,5,4,1
327508,327514,7,1,6
327516,327521,6,5,1
327522,327524,3,2,1
327529,327531,3,2,1
327537,327539,3,1,2
327540,327545,6,3,3
327546,327547,2,1,1
327554,327556,3,2,1
327557,327560,4,1,3
327561,327565,5,3,2
327566,327569,4,1,3
327570,327577,8,4,4
327583,327585,3,2,1
327601,327605,5,4,1
327606,327613,8,5,3
327614,327620,7,6,1
327621,327622,2,1,1
327623,327624,2,1,1
327625,327630,6,2,4
327635,327642,8,7,1
327644,327649,6,2,4
327658,327659,2,1,1
327660,327665,6,1,5
327666,327677,12,1,11
327678,327679,2,1,1
327681,327683,3,1,2
327684,327686,3,2,1
327687,327692,6,3,3
327693,327703,11,10,1
327704,327706,3,1,2
327707,327709,3,1,2
327710,327712,3,2,1
327713,327724,12,7,5
327725,327727,3,1,2
327728,327738,11,3,8
327739,327743,5,2,3
327744,327751,8,2,6
327752,327755,4,1,3
327756,327764,9,3,6
327765,327770,6,1,5
327779,327784,6,3,3
327785,327786,2,1,1
327798,327802,5,1,4
327803,327806,4,3,1
327820,327822,3,2,1
327823,327826,4,1,3
327829,327834,6,1,5
327835,327836,2,1,1
327837,327843,7,3,4
327844,327989,146,2,144
327990,328006,17,1,16
328007,328008,2,1,1
328014,328024,11,1,10
328025,328031,7,1,6
328032,328033,2,1,1
328034,328038,5,2,3
328039,328043,5,3,2
328044,328046,3,1,2
328049,328055,7,1,6
328056,328176,121,11,110
328177,328180,4,3,1
328186,328194,9,7,2
328195,328196,2,1,1
328198,328201,4,3,1
328202,328206,5,4,1
328207,328208,2,1,1
328209,328211,3,2,1
328212,328217,6,5,1
328218,328222,5,4,1
328223,328225,3,1,2
328226,328235,10,9,1
328236,328240,5,4,1
328241,328243,3,2,1
328244,328263,20,3,17
328264,328269,6,1,5
328270,328271,2,1,1
328272,328273,2,1,1
328274,328278,5,1,4
328279,328281,3,2,1
328287,328289,3,1,2
328290,328291,2,1,1
328292,328304,13,2,11
328305,328315,11,1,10
328316,328317,2,1,1
328319,328320,2,1,1
328321,328323,3,1,2
328324,328329,6,3,3
328331,328332,2,1,1
328333,328346,14,1,13
328347,328381,35,1,34
328382,328390,9,4,5
328391,328392,2,1,1
328393,328397,5,1,4
328398,328406,9,1,8
328407,328415,9,4,5
328418,328424,7,6,1
328425,328430,6,2,4
328431,328433,3,1,2
328435,328437,3,1,2
328438,328439,2,1,1
328441,328443,3,2,1
328444,328446,3,2,1
328450,328453,4,2,2
328458,328463,6,2,4
328467,328471,5,2,3
328473,328487,15,9,6
328492,328495,4,1,3
328496,328501,6,1,5
328502,328506,5,4,1
328507,328510,4,2,2
328517,328520,4,1,3
328521,328524,4,1,3
328530,328532,3,2,1
328533,328535,3,2,1
328536,328542,7,2,5
328543,328548,6,4,2
328575,328596,22,21,1
328597,328602,6,1,5
328603,328604,2,1,1
328605,328606,2,1,1
328634,328635,2,1,1
328657,328661,5,1,4
328665,328669,5,1,4
328688,328693,6,5,1
328694,328719,26,1,25
329233,329237,5,2,3
329246,329247,2,1,1
329273,329274,2,1,1
329288,329290,3,1,2
329305,329308,4,2,2
329312,329316,5,2,3
329319,329320,2,1,1
329321,329322,2,1,1
329329,329332,4,3,1
329347,329348,2,1,1
329357,329358,2,1,1
329362,329363,2,1,1
329399,329400,2,1,1
329404,329406,3,2,1
329407,329408,2,1,1
329412,329413,2,1,1
329431,329433,3,1,2
329435,329438,4,1,3
329439,329441,3,1,2
329445,329446,2,1,1
329468,329470,3,2,1
329498,329499,2,1,1
329514,329515,2,1,1
329565,329566,2,1,1
329570,329572,3,1,2
329576,329580,5,2,3
329586,329589,4,1,3
329597,329598,2,1,1
329607,329608,2,1,1
329624,329626,3,1,2
329633,329634,2,1,1
329669,329672,4,3,1
329674,329675,2,1,1
329677,329679,3,2,1
329693,329694,2,1,1
329745,329746,2,1,1
329758,329760,3,1,2
329766,329767,2,1,1
329771,329773,3,1,2
329774,329775,2,1,1
329779,329780,2,1,1
329793,329794,2,1,1
329826,329828,3,1,2
329844,329846,3,1,2
329848,329850,3,1,2
329869,329871,3,2,1
329876,329879,4,1,3
329922,329923,2,1,1
329927,329929,3,1,2
329931,329932,2,1,1
329934,329936,3,1,2
329950,329954,5,3,2
329987,329989,3,1,2
329990,329992,3,1,2
329994,329995,2,1,1
330006,330008,3,1,2
330022,330023,2,1,1
330046,330047,2,1,1
330064,330065,2,1,1
330076,330077,2,1,1
330081,330083,3,2,1
330090,330091,2,1,1
330096,330097,2,1,1
330117,330119,3,2,1
330120,330122,3,2,1
330147,330149,3,1,2
330153,330155,3,1,2
330162,330163,2,1,1
330169,330170,2,1,1
330188,330189,2,1,1
330236,330237,2,1,1
330247,330251,5,1,4
330264,330266,3,1,2
330312,330314,3,1,2
330334,330336,3,1,2
330386,330388,3,1,2
330422,330424,3,2,1
330433,330434,2,1,1
330483,330486,4,1,3
330493,330496,4,3,1
330521,330522,2,1,1
330530,330531,2,1,1
330542,330546,5,2,3
330547,330549,3,2,1
330554,330556,3,2,1
330559,330560,2,1,1
330565,330566,2,1,1
330567,330569,3,2,1
330577,330581,5,2,3
330705,330708,4,3,1
330716,330717,2,1,1
330753,330756,4,2,2
330770,330771,2,1,1
330772,330773,2,1,1
330782,330784,3,1,2
330791,330794,4,1,3
330809,330810,2,1,1
330811,330812,2,1,1
330813,330814,2,1,1
330834,330835,2,1,1
330845,330847,3,2,1
330855,330858,4,3,1
330865,330866,2,1,1
330867,330873,7,5,2
330874,330879,6,5,1
330915,330917,3,1,2
330920,330922,3,1,2
330949,330950,2,1,1
330970,330971,2,1,1
331006,331007,2,1,1
331012,331013,2,1,1
331050,331052,3,1,2
331057,331059,3,1,2
331060,331061,2,1,1
331067,331068,2,1,1
331069,331071,3,1,2
331076,331077,2,1,1
331121,331122,2,1,1
331125,331126,2,1,1
331128,331129,2,1,1
331137,331138,2,1,1
331143,331144,2,1,1
331326,331327,2,1,1
331328,331329,2,1,1
331338,331340,3,1,2
331343,331346,4,1,3
331377,331379,3,1,2
332416,332419,4,3,1
332426,332427,2,1,1
332505,332507,3,1,2
332619,332620,2,1,1
332636,332644,9,8,1
332729,332731,3,1,2
332800,332802,3,2,1
332803,332805,3,2,1
332809,332810,2,1,1
332811,332813,3,1,2
332843,332846,4,1,3
332854,332855,2,1,1
332959,332960,2,1,1
333015,333020,6,2,4
333077,333083,7,5,2
333219,333221,3,1,2
333276,333277,2,1,1
333303,333304,2,1,1
333331,333333,3,1,2
333356,333359,4,1,3
333373,333375,3,1,2
333404,333405,2,1,1
333406,333409,4,1,3
333412,333413,2,1,1
333432,333433,2,1,1
333438,333442,5,1,4
333446,333447,2,1,1
333461,333462,2,1,1
333605,333606,2,1,1
333607,333608,2,1,1
333626,333628,3,1,2
333671,333673,3,2,1
333674,333676,3,1,2
333680,333681,2,1,1
333682,333683,2,1,1
333749,333750,2,1,1
333894,333895,2,1,1
333915,333917,3,1,2
333934,333936,3,1,2
333945,333946,2,1,1
333948,333950,3,1,2
333952,333954,3,2,1
333968,333970,3,2,1
333981,333982,2,1,1
334056,334057,2,1,1
334072,334073,2,1,1
334077,334078,2,1,1
334168,334169,2,1,1
334191,334193,3,1,2
334194,334195,2,1,1
334262,334264,3,1,2
334273,334276,4,3,1
334277,334281,5,4,1
334282,334285,4,1,3
334295,334296,2,1,1
334375,334376,2,1,1
334446,334450,5,1,4
334451,334458,8,2,6
334459,334462,4,3,1
334567,334568,2,1,1
334595,334596,2,1,1
334597,334598,2,1,1
334599,334602,4,2,2
334603,334609,7,1,6
334610,334613,4,2,2
334623,334626,4,3,1
334727,334728,2,1,1
334737,334740,4,3,1
334742,334743,2,1,1
334746,334748,3,1,2
334753,334757,5,3,2
334791,334792,2,1,1
334810,334814,5,1,4
335063,335066,4,3,1
335381,335382,2,1,1
335507,335508,2,1,1
335515,335518,4,1,3
335523,335526,4,1,3
335527,335528,2,1,1
335544,335548,5,2,3
335554,335556,3,1,2
335560,335561,2,1,1
335679,335680,2,1,1
335681,335684,4,1,3
335695,335698,4,3,1
335702,335706,5,4,1
335707,335711,5,1,4
335739,335741,3,1,2
335770,335771,2,1,1
335793,335795,3,2,1
336269,336271,3,1,2
336272,336273,2,1,1
336275,336279,5,3,2
336282,336284,3,1,2
336285,336286,2,1,1
336294,336297,4,3,1
336298,336299,2,1,1
336300,336305,6,2,4
336443,336445,3,1,2
336468,336471,4,3,1
336477,336478,2,1,1
336672,336673,2,1,1
336852,336854,3,1,2
336857,336858,2,1,1
337047,337051,5,3,2
337056,337058,3,2,1
337069,337071,3,1,2
337370,337374,5,4,1
337426,337429,4,1,3
337487,337490,4,3,1
337491,337494,4,2,2
337514,337516,3,1,2
337528,337529,2,1,1
337555,337556,2,1,1
337572,337575,4,3,1
337576,337577,2,1,1
337592,337593,2,1,1
337659,337660,2,1,1
337730,337731,2,1,1
337935,337938,4,3,1
337939,337940,2,1,1
337941,337942,2,1,1
337998,338001,4,1,3
338018,338020,3,1,2
338040,338041,2,1,1
338061,338062,2,1,1
338073,338076,4,1,3
338111,338112,2,1,1
338124,338125,2,1,1
338256,338260,5,1,4
338272,338273,2,1,1
338306,338307,2,1,1
338326,338328,3,2,1
338329,338333,5,1,4
338349,338350,2,1,1
338351,338357,7,4,3
338362,338364,3,1,2
338365,338368,4,1,3
338371,338374,4,2,2
338379,338381,3,2,1
338382,338384,3,1,2
338385,338387,3,1,2
338388,338390,3,1,2
338425,338427,3,1,2
338436,338438,3,1,2
338444,338448,5,2,3
338449,338451,3,1,2
338452,338453,2,1,1
338459,338464,6,3,3
338468,338474,7,3,4
338475,338477,3,2,1
338488,338489,2,1,1
338517,338518,2,1,1
338571,338574,4,1,3
338575,338576,2,1,1
338577,338582,6,2,4
338583,338587,5,2,3
338588,338590,3,2,1
338591,338596,6,2,4
338632,338634,3,1,2
338635,338636,2,1,1
338648,338649,2,1,1
338687,338688,2,1,1
338689,338690,2,1,1
338703,338704,2,1,1
338935,338936,2,1,1
338968,338969,2,1,1
338974,338976,3,1,2
339111,339112,2,1,1
339240,339243,4,2,2
339245,339247,3,2,1
339248,339251,4,3,1
339252,339255,4,1,3
339261,339262,2,1,1
339263,339267,5,4,1
339269,339276,8,3,5
339283,339285,3,1,2
339294,339295,2,1,1
339305,339310,6,1,5
339327,339328,2,1,1
339344,339347,4,1,3
339359,339361,3,1,2
339373,339374,2,1,1
339375,339379,5,2,3
339436,339438,3,1,2
339440,339441,2,1,1
339486,339487,2,1,1
339500,339506,7,3,4
339508,339509,2,1,1
339630,339633,4,2,2
339695,339696,2,1,1
339752,339753,2,1,1
339754,339756,3,1,2
339757,339758,2,1,1
339957,339958,2,1,1
340020,340024,5,4,1
340026,340032,7,5,2
340034,340035,2,1,1
340036,340042,7,4,3
340053,340054,2,1,1
340055,340057,3,2,1
340089,340090,2,1,1
340181,340182,2,1,1
340222,340225,4,1,3
340292,340294,3,2,1
340732,340734,3,1,2
340752,340753,2,1,1
340761,340762,2,1,1
340844,340845,2,1,1
341014,341021,8,6,2
341082,341084,3,1,2
341091,341093,3,1,2
341106,341107,2,1,1
341123,341124,2,1,1
341139,341140,2,1,1
341143,341144,2,1,1
341146,341147,2,1,1
341168,341170,3,2,1
341177,341178,2,1,1
341221,341224,4,2,2
341225,341227,3,1,2
341288,341291,4,2,2
341292,341293,2,1,1
341302,341306,5,4,1
341307,341308,2,1,1
341331,341333,3,1,2
341546,341547,2,1,1
341550,341551,2,1,1
341576,341580,5,3,2
341581,341582,2,1,1
341583,341586,4,3,1
341588,341589,2,1,1
341590,341591,2,1,1
341596,341599,4,1,3
341612,341613,2,1,1
341626,341630,5,3,2
341641,341642,2,1,1
341643,341647,5,4,1
341654,341655,2,1,1
341661,341671,11,1,10
341721,341727,7,1,6
341806,341807,2,1,1
341824,341825,2,1,1
341829,341831,3,1,2
341843,341844,2,1,1
341845,341847,3,1,2
341863,341864,2,1,1
341885,341886,2,1,1
341900,341901,2,1,1
341904,341910,7,5,2
341918,341920,3,1,2
341921,341923,3,1,2
341930,341939,10,3,7
341940,341943,4,2,2
341948,341952,5,4,1
341954,341955,2,1,1
341966,341967,2,1,1
341969,341970,2,1,1
341971,341973,3,2,1
341980,341982,3,1,2
341983,341984,2,1,1
342063,342065,3,1,2
342067,342069,3,2,1
342129,342131,3,1,2
342161,342163,3,2,1
342164,342165,2,1,1
342213,342218,6,3,3
342222,342223,2,1,1
342499,342502,4,2,2
342597,342598,2,1,1
342601,342603,3,1,2
342604,342605,2,1,1
342622,342624,3,2,1
342628,342630,3,1,2
342684,342685,2,1,1
342690,342691,2,1,1
342705,342707,3,2,1
342708,342710,3,2,1
343848,343849,2,1,1
343990,343991,2,1,1
344129,344130,2,1,1
344768,344769,2,1,1
344770,344772,3,2,1
344774,344775,2,1,1
344906,344907,2,1,1
344942,344943,2,1,1
345622,345625,4,2,2
345664,345666,3,2,1
345837,345838,2,1,1
348030,348031,2,1,1
348032,348034,3,1,2
348327,348328,2,1,1
348945,348952,8,1,7
349539,349540,2,1,1
350886,350887,2,1,1
350888,350890,3,2,1
350897,350898,2,1,1
351060,351061,2,1,1
351455,351457,3,1,2
351462,351464,3,2,1
352084,352086,3,2,1
352091,352092,2,1,1
352093,352097,5,2,3
352281,352283,3,1,2
352482,352483,2,1,1
352543,352545,3,1,2
352546,352547,2,1,1
352768,352769,2,1,1
352958,352961,4,2,2
353036,353037,2,1,1
355709,355710,2,1,1
357630,357632,3,1,2
357633,357634,2,1,1
357635,357636,2,1,1
357637,357639,3,1,2
357640,357642,3,2,1
357649,357651,3,1,2
357653,357659,7,2,5
357660,357661,2,1,1
357663,357669,7,6,1
357670,357673,4,1,3
357674,357675,2,1,1
357678,357681,4,1,3
357687,357688,2,1,1
357692,357695,4,2,2
357702,357704,3,1,2
357706,357709,4,3,1
357719,357723,5,1,4
357724,357726,3,1,2
357727,357731,5,1,4
357742,357743,2,1,1
357744,357746,3,2,1
357755,357759,5,1,4
357760,357762,3,1,2
357770,357772,3,1,2
357775,357778,4,1,3
357786,357789,4,1,3
357790,357793,4,1,3
357794,357795,2,1,1
357802,357803,2,1,1
357809,357812,4,3,1
357813,357817,5,4,1
357824,357825,2,1,1
357834,357836,3,2,1
357844,357847,4,3,1
357848,357849,2,1,1
357863,357864,2,1,1
357865,357867,3,1,2
357870,357871,2,1,1
357872,357873,2,1,1
357874,357876,3,2,1
357886,357887,2,1,1
357888,357889,2,1,1
357897,357900,4,2,2
357901,357904,4,1,3
357917,357922,6,5,1
357935,357936,2,1,1
357941,357943,3,2,1
357944,357945,2,1,1
357946,357948,3,1,2
357949,357950,2,1,1
357951,357955,5,3,2
357958,357965,8,1,7
357966,357967,2,1,1
357968,357970,3,2,1
357989,357991,3,2,1
357996,357997,2,1,1
358011,358013,3,1,2
358017,358018,2,1,1
358019,358021,3,2,1
358055,358057,3,1,2
358086,358088,3,2,1
358098,358099,2,1,1
358107,358112,6,1,5
358114,358115,2,1,1
358116,358117,2,1,1
358127,358130,4,2,2
358133,358135,3,1,2
358138,358139,2,1,1
358141,358144,4,2,2
358145,358153,9,1,8
358160,358163,4,3,1
358164,358167,4,1,3
358177,358180,4,1,3
358181,358184,4,2,2
358216,358218,3,1,2
358222,358224,3,1,2
358232,358236,5,1,4
358247,358248,2,1,1
358258,358262,5,4,1
358263,358264,2,1,1
358265,358267,3,1,2
358291,358293,3,2,1
358298,358299,2,1,1
358313,358316,4,2,2
358328,358330,3,2,1
358333,358337,5,2,3
358338,358340,3,1,2
358347,358348,2,1,1
358375,358377,3,2,1
358405,358406,2,1,1
358411,358412,2,1,1
358420,358424,5,3,2
358425,358429,5,2,3
358432,358433,2,1,1
358443,358449,7,1,6
358469,358471,3,2,1
358472,358473,2,1,1
358475,358477,3,2,1
358478,358480,3,1,2
358485,358487,3,1,2
358504,358505,2,1,1
358508,358514,7,2,5
358521,358522,2,1,1
358531,358533,3,1,2
358535,358538,4,3,1
358540,358542,3,1,2
358550,358551,2,1,1
358553,358554,2,1,1
358562,358563,2,1,1
358568,358571,4,1,3
358576,358577,2,1,1
358588,358589,2,1,1
358600,358601,2,1,1
358602,358604,3,2,1
358605,358607,3,2,1
358623,358624,2,1,1
358641,358644,4,1,3
358645,358646,2,1,1
358658,358661,4,2,2
358671,358672,2,1,1
358674,358677,4,1,3
358678,358680,3,2,1
358682,358684,3,2,1
358706,358707,2,1,1
358712,358714,3,2,1
358719,358720,2,1,1
358732,358733,2,1,1
358767,358768,2,1,1
358770,358771,2,1,1
358803,358805,3,1,2
358806,358807,2,1,1
358810,358811,2,1,1
358812,358813,2,1,1
358819,358820,2,1,1
358838,358839,2,1,1
358850,358851,2,1,1
358859,358861,3,2,1
358897,358899,3,1,2
358905,358906,2,1,1
358914,358916,3,1,2
358927,358931,5,2,3
358932,358933,2,1,1
358936,358937,2,1,1
358942,358944,3,1,2
359005,359008,4,2,2
359012,359014,3,2,1
359030,359032,3,1,2
359042,359045,4,1,3
359055,359056,2,1,1
359083,359086,4,1,3
359096,359097,2,1,1
359107,359108,2,1,1
359111,359115,5,1,4
359116,359118,3,2,1
359119,359124,6,1,5
359169,359170,2,1,1
359178,359179,2,1,1
359183,359184,2,1,1
359193,359195,3,2,1
359202,359205,4,1,3
359219,359220,2,1,1
359230,359232,3,2,1
359243,359246,4,2,2
359249,359251,3,2,1
359258,359260,3,2,1
359305,359307,3,1,2
359308,359309,2,1,1
359321,359325,5,2,3
359330,359331,2,1,1
359366,359373,8,2,6
359381,359385,5,3,2
359386,359389,4,1,3
359395,359397,3,1,2
359399,359402,4,1,3
359406,359407,2,1,1
359420,359422,3,1,2
359429,359433,5,1,4
359434,359435,2,1,1
359436,359437,2,1,1
359475,359477,3,1,2
359498,359500,3,2,1
359515,359516,2,1,1
359519,359520,2,1,1
359522,359523,2,1,1
359527,359531,5,1,4
359547,359549,3,1,2
359555,359556,2,1,1
359575,359576,2,1,1
359580,359581,2,1,1
359583,359584,2,1,1
359601,359604,4,1,3
359618,359619,2,1,1
359621,359623,3,1,2
359628,359630,3,2,1
359632,359634,3,1,2
359648,359650,3,1,2
359657,359658,2,1,1
359666,359668,3,1,2
359675,359676,2,1,1
359680,359681,2,1,1
359701,359704,4,2,2
359718,359719,2,1,1
359732,359735,4,2,2
359737,359739,3,2,1
359773,359775,3,1,2
359776,359777,2,1,1
359790,359791,2,1,1
359825,359826,2,1,1
359830,359831,2,1,1
359837,359838,2,1,1
359865,359866,2,1,1
359867,359868,2,1,1
359881,359882,2,1,1
359884,359890,7,3,4
359909,359911,3,1,2
359920,359922,3,2,1
359923,359924,2,1,1
359931,359932,2,1,1
359933,359934,2,1,1
359935,359936,2,1,1
359937,359939,3,2,1
359961,359963,3,1,2
359974,359975,2,1,1
359986,359988,3,1,2
360016,360019,4,1,3
360041,360042,2,1,1
360061,360062,2,1,1
360065,360066,2,1,1
360074,360077,4,1,3
360087,360089,3,1,2
360094,360099,6,4,2
360106,360107,2,1,1
360118,360121,4,1,3
360123,360127,5,2,3
360161,360162,2,1,1
360184,360186,3,1,2
360190,360192,3,1,2
360197,360198,2,1,1
360201,360202,2,1,1
360209,360216,8,1,7
360219,360220,2,1,1
360221,360222,2,1,1
360226,360231,6,1,5
360243,360245,3,2,1
360246,360248,3,1,2
360300,360304,5,1,4
360341,360342,2,1,1
360343,360346,4,2,2
360354,360356,3,1,2
360359,360360,2,1,1
360393,360394,2,1,1
360395,360396,2,1,1
360397,360398,2,1,1
360404,360406,3,1,2
360433,360436,4,1,3
360483,360484,2,1,1
360485,360486,2,1,1
360489,360490,2,1,1
360519,360520,2,1,1
360547,360548,2,1,1
360558,360560,3,2,1
360574,360577,4,1,3
360596,360598,3,1,2
360601,360603,3,2,1
360613,360614,2,1,1
360619,360622,4,1,3
360699,360700,2,1,1
360707,360709,3,1,2
360747,360748,2,1,1
360757,360758,2,1,1
360773,360775,3,1,2
360777,360779,3,1,2
360793,360795,3,1,2
360797,360798,2,1,1
360815,360816,2,1,1
360818,360820,3,1,2
360830,360833,4,2,2
360838,360842,5,2,3
360863,360864,2,1,1
360885,360887,3,1,2
360947,360952,6,2,4
360973,360978,6,1,5
360985,360989,5,1,4
361037,361038,2,1,1
361039,361040,2,1,1
361055,361056,2,1,1
361081,361084,4,1,3
361097,361100,4,3,1
361108,361109,2,1,1
361123,361125,3,1,2
361130,361131,2,1,1
361146,361148,3,1,2
361170,361171,2,1,1
361186,361187,2,1,1
361200,361204,5,2,3
361206,361207,2,1,1
361212,361213,2,1,1
361231,361232,2,1,1
361239,361240,2,1,1
361246,361247,2,1,1
361274,361275,2,1,1
361310,361312,3,1,2
361313,361316,4,1,3
361324,361326,3,1,2
361334,361338,5,2,3
361339,361340,2,1,1
361348,361350,3,1,2
361352,361353,2,1,1
361361,361363,3,2,1
361364,361365,2,1,1
361370,361372,3,1,2
361382,361383,2,1,1
361413,361416,4,2,2
361430,361432,3,2,1
361459,361460,2,1,1
361481,361487,7,3,4
361514,361516,3,1,2
361533,361535,3,1,2
361538,361540,3,2,1
361582,361584,3,1,2
361612,361614,3,2,1
361638,361639,2,1,1
361670,361672,3,1,2
361687,361688,2,1,1
361694,361695,2,1,1
361721,361723,3,2,1
361731,361735,5,1,4
361738,361741,4,1,3
361788,361789,2,1,1
361800,361801,2,1,1
361830,361832,3,1,2
361836,361837,2,1,1
361838,361839,2,1,1
361840,361842,3,1,2
361851,361852,2,1,1
361853,361854,2,1,1
361860,361862,3,1,2
361865,361867,3,2,1
361871,361872,2,1,1
361874,361876,3,1,2
361917,361919,3,1,2
361928,361929,2,1,1
361943,361944,2,1,1
361949,361950,2,1,1
361959,361960,2,1,1
361961,361963,3,1,2
361977,361979,3,2,1
362004,362005,2,1,1
362012,362016,5,1,4
362067,362069,3,1,2
362073,362074,2,1,1
362108,362110,3,2,1
362121,362122,2,1,1
362128,362129,2,1,1
362135,362136,2,1,1
362143,362145,3,1,2
362149,362153,5,1,4
362179,362180,2,1,1
362190,362192,3,1,2
362209,362211,3,1,2
362221,362222,2,1,1
362231,362234,4,1,3
362242,362243,2,1,1
362261,362262,2,1,1
362271,362272,2,1,1
362279,362280,2,1,1
362281,362282,2,1,1
362331,362332,2,1,1
362341,362344,4,1,3
362349,362351,3,2,1
362389,362390,2,1,1
362407,362409,3,1,2
362432,362434,3,2,1
362437,362438,2,1,1
362439,362440,2,1,1
362444,362446,3,1,2
362452,362453,2,1,1
362470,362471,2,1,1
362481,362482,2,1,1
362491,362493,3,1,2
362520,362523,4,1,3
362533,362534,2,1,1
362539,362541,3,1,2
362637,362639,3,1,2
362661,362663,3,2,1
362665,362666,2,1,1
362672,362673,2,1,1
362729,362730,2,1,1
362737,362738,2,1,1
362766,362767,2,1,1
362778,362781,4,1,3
362782,362784,3,2,1
362787,362789,3,1,2
362807,362809,3,1,2
362854,362859,6,2,4
362877,362880,4,1,3
362894,362895,2,1,1
362902,362903,2,1,1
362930,362931,2,1,1
362973,362974,2,1,1
362975,362976,2,1,1
362984,362986,3,1,2
362990,362992,3,1,2
362999,363000,2,1,1
363001,363003,3,2,1
363014,363018,5,1,4
363071,363074,4,1,3
363103,363113,11,1,10
363131,363134,4,2,2
363150,363154,5,1,4
363168,363169,2,1,1
363173,363175,3,2,1
363190,363192,3,1,2
363197,363199,3,1,2
363200,363201,2,1,1
363204,363205,2,1,1
363214,363216,3,1,2
363243,363244,2,1,1
363250,363251,2,1,1
363258,363259,2,1,1
363267,363269,3,1,2
363281,363282,2,1,1
363287,363288,2,1,1
363289,363290,2,1,1
363291,363292,2,1,1
363305,363306,2,1,1
363337,363338,2,1,1
363348,363350,3,1,2
363356,363357,2,1,1
363361,363362,2,1,1
363372,363374,3,1,2
363378,363379,2,1,1
363387,363388,2,1,1
363392,363393,2,1,1
363503,363504,2,1,1
363555,363557,3,1,2
363558,363560,3,1,2
363562,363563,2,1,1
363573,363575,3,1,2
363587,363589,3,2,1
363593,363596,4,2,2
363614,363618,5,1,4
363655,363658,4,1,3
363660,363665,6,5,1
363669,363672,4,3,1
363679,363686,8,1,7
363689,363691,3,1,2
363694,363698,5,1,4
363703,363704,2,1,1
363718,363720,3,1,2
363735,363736,2,1,1
363756,363757,2,1,1
363776,363778,3,1,2
363789,363790,2,1,1
363792,363793,2,1,1
363811,363812,2,1,1
363830,363831,2,1,1
363832,363834,3,2,1
363851,363852,2,1,1
363857,363858,2,1,1
363864,363865,2,1,1
363891,363893,3,1,2
363908,363910,3,2,1
363922,363923,2,1,1
363977,363979,3,1,2
363982,363983,2,1,1
363990,363992,3,1,2
364001,364003,3,1,2
364018,364020,3,1,2
364042,364045,4,3,1
364050,364051,2,1,1
364053,364055,3,1,2
364086,364087,2,1,1
364161,364162,2,1,1
364167,364168,2,1,1
364213,364214,2,1,1
364215,364216,2,1,1
364217,364219,3,1,2
364220,364221,2,1,1
364261,364263,3,1,2
364268,364269,2,1,1
364272,364274,3,1,2
364325,364326,2,1,1
364331,364332,2,1,1
364366,364368,3,2,1
364379,364382,4,1,3
364401,364403,3,2,1
364404,364406,3,1,2
364407,364409,3,1,2
364417,364418,2,1,1
364515,364517,3,1,2
364534,364535,2,1,1
364537,364540,4,1,3
364603,364604,2,1,1
364606,364607,2,1,1
364626,364630,5,1,4
364670,364671,2,1,1
364685,364686,2,1,1
364706,364707,2,1,1
364708,364710,3,1,2
364721,364723,3,2,1
364783,364784,2,1,1
364790,364792,3,1,2
364808,364810,3,1,2
364811,364812,2,1,1
364945,364946,2,1,1
364971,364975,5,1,4
364978,364979,2,1,1
364981,364983,3,1,2
365060,365071,12,8,4
365098,365099,2,1,1
365100,365101,2,1,1
365102,365104,3,1,2
365156,365158,3,1,2
365159,365164,6,5,1
365168,365169,2,1,1
365171,365172,2,1,1
365173,365176,4,2,2
365177,365181,5,1,4
365217,365221,5,4,1
365231,365232,2,1,1
365233,365234,2,1,1
365270,365273,4,2,2
365277,365279,3,2,1
365281,365286,6,3,3
365287,365289,3,2,1
365290,365291,2,1,1
365293,365296,4,3,1
365307,365312,6,4,2
365313,365315,3,1,2
365316,365325,10,5,5
365348,365350,3,1,2
365362,365364,3,2,1
365376,365378,3,1,2
365393,365398,6,2,4
365399,365401,3,2,1
365406,365408,3,2,1
365409,365412,4,3,1
365422,365426,5,1,4
365427,365428,2,1,1
365429,365431,3,1,2
365444,365445,2,1,1
365446,365448,3,2,1
365449,365452,4,1,3
365453,365455,3,2,1
365460,365461,2,1,1
365482,365483,2,1,1
365492,365495,4,1,3
365498,365499,2,1,1
365502,365505,4,2,2
365506,365509,4,2,2
365510,365513,4,2,2
365534,365538,5,1,4
365539,365544,6,5,1
365575,365576,2,1,1
365577,365578,2,1,1
365630,365632,3,1,2
365677,365695,19,18,1
365708,365712,5,2,3
365713,365714,2,1,1
365716,365717,2,1,1
365720,365721,2,1,1
365763,365767,5,3,2
365768,365773,6,2,4
365785,365786,2,1,1
365819,365824,6,1,5
365836,365837,2,1,1
365859,365866,8,1,7
365883,365884,2,1,1
365891,365892,2,1,1
365904,365906,3,1,2
365922,365923,2,1,1
365925,365926,2,1,1
365932,365934,3,2,1
365957,365962,6,5,1
365963,365966,4,3,1
365971,365973,3,1,2
365974,365975,2,1,1
365976,365977,2,1,1
365997,366001,5,1,4
366004,366006,3,1,2
366015,366017,3,1,2
366036,366041,6,2,4
366065,366066,2,1,1
366081,366084,4,3,1
366107,366108,2,1,1
366121,366122,2,1,1
366146,366147,2,1,1
366164,366166,3,2,1
366176,366178,3,2,1
366179,366181,3,1,2
366182,366186,5,1,4
366187,366188,2,1,1
366189,366191,3,2,1
366201,366202,2,1,1
366203,366204,2,1,1
366205,366212,8,3,5
366213,366217,5,4,1
366225,366226,2,1,1
366230,366232,3,2,1
366234,366239,6,5,1
366241,366246,6,5,1
366247,366252,6,5,1
366253,366255,3,2,1
366256,366260,5,4,1
366263,366266,4,3,1
366267,366271,5,4,1
366274,366278,5,3,2
366279,366284,6,2,4
366285,366290,6,2,4
366291,366292,2,1,1
366325,366326,2,1,1
366327,366329,3,2,1
366330,366332,3,1,2
366333,366336,4,2,2
366340,366342,3,2,1
366367,366369,3,2,1
366371,366373,3,2,1
366374,366375,2,1,1
366388,366390,3,2,1
366407,366408,2,1,1
366409,366411,3,1,2
366436,366437,2,1,1
366447,366448,2,1,1
366472,366473,2,1,1
366484,366486,3,2,1
366506,366509,4,1,3
366514,366517,4,3,1
366537,366541,5,2,3
366549,366554,6,5,1
366572,366575,4,3,1
366576,366577,2,1,1
366600,366604,5,1,4
366612,366613,2,1,1
366617,366622,6,3,3
366623,366625,3,2,1
366678,366681,4,1,3
366688,366690,3,2,1
366708,366711,4,1,3
366716,366720,5,1,4
366751,366754,4,1,3
366755,366756,2,1,1
366772,366773,2,1,1
366774,366780,7,1,6
366786,366789,4,1,3
366808,366809,2,1,1
366810,366811,2,1,1
367105,367108,4,1,3
367125,367126,2,1,1
367159,367160,2,1,1
367213,367217,5,1,4
367275,367276,2,1,1
367351,367353,3,1,2
367355,367356,2,1,1
367376,367377,2,1,1
367456,367461,6,1,5
367563,367564,2,1,1
367767,367768,2,1,1
367851,367852,2,1,1
368003,368004,2,1,1
368171,368172,2,1,1
368219,368221,3,2,1
368256,368258,3,1,2
368297,368300,4,1,3
368338,368339,2,1,1
368349,368354,6,1,5
368462,368481,20,2,18
368577,368638,62,1,61
368700,368706,7,1,6
368717,368727,11,1,10
368834,368845,12,1,11
368846,368853,8,1,7
369123,369130,8,1,7
369464,369469,6,1,5
369470,369478,9,1,8
369593,369595,3,1,2
369729,369733,5,1,4
369760,369871,112,1,111
370608,370812,205,1,204
370828,370830,3,1,2
371061,371063,3,1,2
371266,371267,2,1,1
371275,371279,5,2,3
371282,371285,4,3,1
371448,371450,3,1,2
372223,372225,3,1,2
372520,372521,2,1,1
372522,372543,22,1,21
372980,373016,37,1,36
373256,373280,25,1,24
374366,374397,32,1,31
374466,374467,2,1,1
375477,375483,7,1,6
375484,375495,12,1,11
376043,376048,6,1,5
376049,376050,2,1,1
376052,376060,9,1,8
376064,376067,4,1,3
376090,376092,3,1,2
376093,376094,2,1,1
376100,376101,2,1,1
376116,376117,2,1,1
376145,376146,2,1,1
376151,376153,3,1,2
376166,376167,2,1,1
376168,376170,3,1,2
376175,376176,2,1,1
376177,376180,4,1,3
376202,376206,5,1,4
376207,376208,2,1,1
376209,376215,7,3,4
376216,376222,7,4,3
376223,376226,4,3,1
376261,376264,4,2,2
376265,376270,6,5,1
376271,376275,5,4,1
376282,376283,2,1,1
376285,376289,5,2,3
376290,376291,2,1,1
376292,376294,3,1,2
376295,376300,6,1,5
376301,376303,3,1,2
376305,376307,3,1,2
376308,376309,2,1,1
376310,376313,4,2,2
376325,376329,5,1,4
376332,376333,2,1,1
376334,376337,4,1,3
376338,376339,2,1,1
376340,376368,29,28,1
376369,376395,27,26,1
376396,376435,40,39,1
376436,376445,10,9,1
376446,376453,8,7,1
376454,376659,206,199,7
376664,376667,4,2,2
376671,376675,5,1,4
376679,376680,2,1,1
376694,376695,2,1,1
376696,376701,6,5,1
376702,376706,5,3,2
376707,376708,2,1,1
376709,376710,2,1,1
376711,376712,2,1,1
376713,376714,2,1,1
376715,376717,3,2,1
376718,376733,16,15,1
376734,376740,7,6,1
376741,376744,4,3,1
376745,376761,17,16,1
376762,376770,9,8,1
376771,376775,5,4,1
376776,376783,8,6,2
376792,376807,16,15,1
376808,376818,11,2,9
376819,376835,17,2,15
376836,376837,2,1,1
376838,376841,4,3,1
376842,376844,3,1,2
376845,376853,9,3,6
376856,376858,3,2,1
376859,376864,6,1,5
376865,376868,4,2,2
376869,376879,11,1,10
376880,376881,2,1,1
376892,376895,4,1,3
376896,376900,5,4,1
376918,376920,3,1,2
376921,376922,2,1,1
376927,376928,2,1,1
376929,376930,2,1,1
376931,376933,3,1,2
376934,376935,2,1,1
376936,376938,3,1,2
376943,376951,9,1,8
376952,376953,2,1,1
376954,376959,6,1,5
376960,376967,8,3,5
376968,376969,2,1,1
376970,376974,5,1,4
376975,376977,3,1,2
376980,376984,5,1,4
376985,376991,7,1,6
376996,376999,4,3,1
377000,377010,11,10,1
377011,377016,6,5,1
377017,377018,2,1,1
377019,377024,6,5,1
377025,377051,27,26,1
377052,377056,5,4,1
377057,377064,8,7,1
377065,377067,3,2,1
377068,377071,4,3,1
377072,377083,12,7,5
377084,377085,2,1,1
377086,377093,8,5,3
377094,377105,12,8,4
377106,377131,26,23,3
377143,377145,3,1,2
377146,377147,2,1,1
377148,377152,5,2,3
377153,377156,4,2,2
377157,377182,26,1,25
377183,377188,6,1,5
377193,377200,8,1,7
377204,377206,3,2,1
377207,377210,4,3,1
377211,377212,2,1,1
377213,377216,4,1,3
377217,377222,6,5,1
377223,377224,2,1,1
377225,377227,3,2,1
377228,377231,4,1,3
377236,377240,5,2,3
377241,377258,18,4,14
377259,377261,3,2,1
377262,377266,5,2,3
377285,377287,3,1,2
377288,377312,25,4,21
377319,377320,2,1,1
377321,377323,3,1,2
377324,377326,3,2,1
377327,377331,5,2,3
377332,377334,3,2,1
377335,377337,3,1,2
377338,377341,4,2,2
377342,377345,4,3,1
377346,377349,4,2,2
377350,377351,2,1,1
377352,377354,3,1,2
377355,377357,3,2,1
377358,377367,10,1,9
377382,377383,2,1,1
377384,377385,2,1,1
377386,377387,2,1,1
377388,377391,4,1,3
377392,377393,2,1,1
377394,377398,5,1,4
377399,377402,4,2,2
377403,377404,2,1,1
377405,377409,5,1,4
377410,377413,4,2,2
377414,377416,3,1,2
377417,377422,6,3,3
377423,377425,3,2,1
377426,377427,2,1,1
377428,377438,11,10,1
377439,377444,6,3,3
377445,377448,4,1,3
377449,377451,3,2,1
377452,377453,2,1,1
377454,377455,2,1,1
377456,377460,5,1,4
377461,377463,3,1,2
377464,377467,4,2,2
377468,377473,6,3,3
377474,377479,6,3,3
377480,377485,6,2,4
377497,377501,5,4,1
377502,377512,11,9,2
377513,377517,5,4,1
377518,377535,18,17,1
377536,377574,39,37,2
377575,377577,3,2,1
377578,377581,4,1,3
377582,377583,2,1,1
377584,377586,3,1,2
377587,377592,6,1,5
377593,377595,3,2,1
377596,377598,3,1,2
377599,377602,4,3,1
377660,377663,4,3,1
377664,377667,4,3,1
377668,377674,7,6,1
377675,377684,10,9,1
377688,377714,27,26,1
377715,377783,69,68,1
377786,377787,2,1,1
377798,377800,3,1,2
377801,377802,2,1,1
377803,377804,2,1,1
377805,377806,2,1,1
377827,377828,2,1,1
377829,377830,2,1,1
377831,377979,149,148,1
377980,378014,35,34,1
378015,378103,89,88,1
378104,378106,3,2,1
378107,378140,34,33,1
378149,378153,5,4,1
378154,378259,106,105,1
378260,378266,7,6,1
378267,378270,4,3,1
378271,378293,23,22,1
378294,378299,6,4,2
378300,378302,3,2,1
378303,378304,2,1,1
378305,378313,9,7,2
378314,378320,7,6,1
378321,378330,10,9,1
378331,378342,12,11,1
378343,378349,7,6,1
378350,378351,2,1,1
378352,378358,7,6,1
378359,378364,6,4,2
378365,378367,3,1,2
378368,378371,4,2,2
378372,378378,7,6,1
378379,378383,5,4,1
378384,378389,6,5,1
378394,378398,5,3,2
378399,378401,3,2,1
378402,378405,4,3,1
378406,378410,5,4,1
378411,378420,10,9,1
378421,378422,2,1,1
378423,378426,4,3,1
378427,378429,3,2,1
378430,378434,5,3,2
378438,378439,2,1,1
378440,378441,2,1,1
378442,378468,27,26,1
378469,378474,6,4,2
378475,378493,19,17,2
378494,378497,4,3,1
378498,378506,9,8,1
378507,378508,2,1,1
378509,378511,3,2,1
378512,378513,2,1,1
378514,378518,5,3,2
378519,378522,4,3,1
378523,378525,3,2,1
378526,378532,7,6,1
378533,378551,19,18,1
378552,378553,2,1,1
378554,378562,9,8,1
378563,378572,10,9,1
378573,378575,3,1,2
378576,378582,7,4,3
378583,378595,13,11,2
378596,378599,4,3,1
378600,378602,3,2,1
378603,378608,6,5,1
378609,378619,11,10,1
378620,378624,5,4,1
378625,378637,13,12,1
378638,378646,9,8,1
378647,378648,2,1,1
378649,378653,5,2,3
378654,378656,3,1,2
378657,378661,5,1,4
378662,378669,8,7,1
378718,378739,22,19,3
378764,378791,28,26,2
378792,378794,3,1,2
378795,378796,2,1,1
378807,378809,3,1,2
378810,378811,2,1,1
378812,378818,7,4,3
378819,378820,2,1,1
378821,378825,5,2,3
378826,378830,5,4,1
378831,378833,3,2,1
378834,378835,2,1,1
378836,378838,3,2,1
378839,378847,9,7,2
378848,378852,5,4,1
378853,378857,5,4,1
378858,378863,6,5,1
378864,378866,3,2,1
378867,378870,4,3,1
378871,378876,6,5,1
378877,378881,5,2,3
378882,378891,10,9,1
378892,378898,7,4,3
378899,378906,8,4,4
378907,378910,4,3,1
378911,378914,4,3,1
378915,378920,6,5,1
378921,378927,7,6,1
378928,378930,3,2,1
378931,378937,7,6,1
378938,378941,4,3,1
378942,378952,11,10,1
378953,378959,7,4,3
378960,378967,8,7,1
378968,378969,2,1,1
378970,378971,2,1,1
378972,378975,4,3,1
378976,378977,2,1,1
378978,378982,5,4,1
378983,378993,11,10,1
378994,378998,5,2,3
378999,379000,2,1,1
379001,379004,4,3,1
379005,379008,4,3,1
379009,379014,6,3,3
379015,379017,3,2,1
379018,379023,6,3,3
379024,379029,6,5,1
379030,379032,3,2,1
379033,379040,8,4,4
379042,379053,12,6,6
379097,379100,4,3,1
379103,379108,6,2,4
379109,379110,2,1,1
379111,379112,2,1,1
379126,379127,2,1,1
379128,379130,3,2,1
379131,379133,3,1,2
379141,379149,9,1,8
379189,379197,9,1,8
379198,379206,9,1,8
379207,379209,3,1,2
379215,379222,8,1,7
379231,379238,8,1,7
379239,379246,8,1,7
379261,379265,5,2,3
379295,379296,2,1,1
379341,379344,4,2,2
379345,379346,2,1,1
379352,379354,3,1,2
379355,379359,5,1,4
379360,379364,5,3,2
379365,379366,2,1,1
379367,379368,2,1,1
379369,379370,2,1,1
379371,379373,3,2,1
379374,379375,2,1,1
379376,379377,2,1,1
379392,379393,2,1,1
379394,379396,3,2,1
379397,379403,7,6,1
379414,379420,7,2,5
379459,379460,2,1,1
379471,379474,4,3,1
379607,379608,2,1,1
379681,379683,3,1,2
379791,379794,4,1,3
380036,380037,2,1,1
380042,380044,3,1,2
380316,380317,2,1,1
380492,380493,2,1,1
380550,380552,3,1,2
380781,380782,2,1,1
381006,381007,2,1,1
381166,381167,2,1,1
381448,381458,11,1,10
381459,381460,2,1,1
381463,381465,3,1,2
381466,381467,2,1,1
381468,381472,5,1,4
381473,381474,2,1,1
381475,381483,9,1,8
381484,381495,12,1,11
381496,381499,4,1,3
381569,381570,2,1,1
381575,381576,2,1,1
381592,381603,12,1,11
381623,381648,26,1,25
381680,381682,3,1,2
381683,381685,3,1,2
381686,381690,5,1,4
381716,381719,4,3,1
381720,381722,3,1,2
381723,381725,3,1,2
381726,381731,6,3,3
381799,381802,4,3,1
381803,381807,5,1,4
381816,381817,2,1,1
381818,381825,8,1,7
381826,381829,4,3,1
381830,381832,3,1,2
381833,381836,4,2,2
381837,381838,2,1,1
381839,381844,6,1,5
381845,381846,2,1,1
381847,381852,6,2,4
381854,381859,6,1,5
381860,381862,3,1,2
381863,381864,2,1,1
381865,381870,6,4,2
381871,381873,3,1,2
381874,381876,3,1,2
381877,381880,4,1,3
381881,381887,7,1,6
381888,381891,4,1,3
381892,381893,2,1,1
381894,381904,11,2,9
381911,381914,4,2,2
381915,381918,4,1,3
381932,381937,6,5,1
381938,381944,7,5,2
381945,381947,3,2,1
381948,381949,2,1,1
381950,381952,3,1,2
381962,381964,3,1,2
381969,381970,2,1,1
381981,381983,3,2,1
381991,381992,2,1,1
382005,382007,3,2,1
382033,382037,5,1,4
382041,382042,2,1,1
382045,382046,2,1,1
382047,382056,10,1,9
382057,382058,2,1,1
382059,382067,9,1,8
382068,382073,6,3,3
382074,382080,7,1,6
382081,382084,4,1,3
382085,382092,8,1,7
382093,382107,15,1,14
382108,382111,4,1,3
382112,382113,2,1,1
382127,382131,5,4,1
382136,382138,3,2,1
382139,382144,6,5,1
382145,382154,10,7,3
382155,382161,7,4,3
382165,382166,2,1,1
382180,382188,9,6,3
382189,382195,7,6,1
382196,382197,2,1,1
382206,382207,2,1,1
382208,382211,4,3,1
382212,382214,3,2,1
382215,382224,10,8,2
382230,382232,3,1,2
382234,382235,2,1,1
382280,382282,3,1,2
382284,382285,2,1,1
382286,382288,3,2,1
382292,382293,2,1,1
382311,382314,4,3,1
382328,382330,3,1,2
382331,382333,3,1,2
382334,382337,4,1,3
382338,382341,4,3,1
382342,382343,2,1,1
382347,382351,5,1,4
382352,382354,3,2,1
382355,382360,6,3,3
382361,382371,11,1,10
382372,382373,2,1,1
382374,382379,6,2,4
382392,382394,3,1,2
382395,382397,3,2,1
382398,382405,8,3,5
382406,382416,11,2,9
382417,382421,5,1,4
382428,382433,6,3,3
382434,382440,7,1,6
382441,382443,3,1,2
382444,382446,3,1,2
382450,382453,4,2,2
382456,382464,9,3,6
382465,382479,15,1,14
382480,382492,13,4,9
382493,382496,4,2,2
382497,382499,3,2,1
382505,382506,2,1,1
382507,382508,2,1,1
382509,382511,3,1,2
382512,382513,2,1,1
382514,382516,3,1,2
382517,382519,3,2,1
382520,382522,3,2,1
382523,382526,4,2,2
382527,382529,3,2,1
382530,382531,2,1,1
382532,382535,4,2,2
382536,382538,3,2,1
382539,382541,3,1,2
382542,382544,3,2,1
382545,382553,9,2,7
382554,382556,3,1,2
382557,382560,4,2,2
382561,382562,2,1,1
382563,382566,4,2,2
382580,382586,7,2,5
382587,382590,4,2,2
382591,382596,6,2,4
382597,382603,7,2,5
382604,382607,4,1,3
382608,382614,7,1,6
382615,382622,8,1,7
382623,382631,9,4,5
382632,382633,2,1,1
382634,382635,2,1,1
382636,382637,2,1,1
382641,382647,7,1,6
382661,382667,7,1,6
382668,382676,9,8,1
382679,382695,17,14,3
382721,382722,2,1,1
382761,382763,3,2,1
382764,382765,2,1,1
382766,382768,3,2,1
382769,382772,4,1,3
382773,382774,2,1,1
382775,382777,3,1,2
382778,382780,3,2,1
382781,382789,9,4,5
382790,382792,3,2,1
382793,382795,3,1,2
382796,382797,2,1,1
382798,382799,2,1,1
382800,382801,2,1,1
382802,382804,3,2,1
382808,382815,8,5,3
382816,382818,3,2,1
382819,382820,2,1,1
382821,382829,9,1,8
382830,382834,5,4,1
382835,382836,2,1,1
382837,382838,2,1,1
382839,382840,2,1,1
382841,382842,2,1,1
382843,382844,2,1,1
382845,382847,3,1,2
382848,382849,2,1,1
382850,382851,2,1,1
382852,382854,3,1,2
382855,382856,2,1,1
382857,382859,3,2,1
382860,382861,2,1,1
382866,382867,2,1,1
382868,382872,5,4,1
382873,382874,2,1,1
382875,382876,2,1,1
382877,382880,4,2,2
382881,382883,3,2,1
382884,382890,7,2,5
382891,382893,3,2,1
382894,382900,7,2,5
382901,382907,7,3,4
382908,382909,2,1,1
382910,382914,5,4,1
382915,382916,2,1,1
382917,382922,6,4,2
382966,382969,4,1,3
383078,383082,5,4,1
383091,383107,17,1,16
383108,383109,2,1,1
383110,383121,12,1,11
383122,383126,5,1,4
383217,383218,2,1,1
383219,383221,3,2,1
383314,383315,2,1,1
383317,383320,4,2,2
383321,383323,3,1,2
383324,383328,5,1,4
383329,383333,5,4,1
383334,383338,5,3,2
383339,383341,3,2,1
383342,383354,13,3,10
383355,383357,3,2,1
383358,383361,4,3,1
383362,383363,2,1,1
383364,383370,7,6,1
383371,383374,4,3,1
383375,383385,11,4,7
383386,383387,2,1,1
383388,383390,3,1,2
383391,383392,2,1,1
383393,383401,9,8,1
383402,383406,5,4,1
383407,383414,8,2,6
383415,383417,3,1,2
383418,383420,3,2,1
383421,383423,3,1,2
383424,383425,2,1,1
383516,383517,2,1,1
383600,383605,6,2,4
383606,383610,5,4,1
383611,383614,4,1,3
383615,383620,6,1,5
383621,383624,4,1,3
383625,383627,3,1,2
383628,383629,2,1,1
383630,383633,4,1,3
383634,383639,6,2,4
383640,383641,2,1,1
383645,383658,14,2,12
383663,383670,8,1,7
383671,383679,9,1,8
383680,383681,2,1,1
383682,383683,2,1,1
383686,383699,14,1,13
383700,383702,3,2,1
383703,383705,3,1,2
383711,383719,9,5,4
383720,383721,2,1,1
383722,383723,2,1,1
383729,383735,7,1,6
383736,383737,2,1,1
383738,383744,7,1,6
383745,383752,8,1,7
383753,383756,4,1,3
383773,383779,7,2,5
383780,383793,14,1,13
383797,383799,3,1,2
383800,383813,14,1,13
383814,383816,3,1,2
383817,383823,7,1,6
383824,383837,14,1,13
383841,383843,3,1,2
383844,383845,2,1,1
383864,383870,7,2,5
383883,383885,3,1,2
383886,383887,2,1,1
383888,383890,3,1,2
383891,383902,12,1,11
383914,383915,2,1,1
383991,383995,5,1,4
384011,384014,4,2,2
384027,384030,4,1,3
384031,384038,8,2,6
384039,384046,8,1,7
384047,384048,2,1,1
384049,384051,3,1,2
384063,384066,4,1,3
384067,384068,2,1,1
384069,384093,25,1,24
384113,384121,9,1,8
384124,384131,8,1,7
384132,384137,6,1,5
384138,384143,6,1,5
384149,384157,9,1,8
384158,384175,18,1,17
384176,384186,11,1,10
384189,384195,7,1,6
384196,384197,2,1,1
384213,384214,2,1,1
384215,384220,6,1,5
384229,384232,4,1,3
384236,384237,2,1,1
384238,384240,3,2,1
384241,384253,13,1,12
384254,384256,3,1,2
384257,384261,5,1,4
384262,384269,8,1,7
384270,384271,2,1,1
384272,384275,4,1,3
384276,384281,6,1,5
384282,384283,2,1,1
384286,384289,4,1,3
384290,384291,2,1,1
384297,384300,4,2,2
384301,384307,7,1,6
384308,384314,7,1,6
384322,384326,5,3,2
384327,384331,5,1,4
384333,384334,2,1,1
384335,384336,2,1,1
384337,384339,3,1,2
384340,384349,10,1,9
384350,384353,4,1,3
384354,384362,9,5,4
384363,384364,2,1,1
384365,384374,10,2,8
384375,384382,8,2,6
384383,384385,3,1,2
384386,384388,3,1,2
384389,384393,5,1,4
384394,384399,6,1,5
384400,384401,2,1,1
384402,384403,2,1,1
384406,384418,13,1,12
384419,384422,4,1,3
384423,384426,4,1,3
384428,384430,3,1,2
384431,384432,2,1,1
384433,384434,2,1,1
384440,384444,5,2,3
384445,384451,7,1,6
384452,384453,2,1,1
384454,384455,2,1,1
384456,384462,7,1,6
384466,384467,2,1,1
384468,384472,5,1,4
384473,384484,12,1,11
384485,384487,3,1,2
384488,384489,2,1,1
384490,384492,3,1,2
384493,384495,3,2,1
384496,384503,8,1,7
384504,384508,5,1,4
384509,384517,9,2,7
384518,384525,8,2,6
384526,384530,5,1,4
384531,384534,4,1,3
384535,384541,7,1,6
384542,384547,6,1,5
384548,384550,3,1,2
384551,384558,8,1,7
384559,384560,2,1,1
384564,384571,8,1,7
384689,384697,9,1,8
384698,384700,3,2,1
384701,384704,4,1,3
384705,384712,8,1,7
384713,384722,10,1,9
384744,384745,2,1,1
384749,384755,7,1,6
384760,384769,10,2,8
384770,384774,5,1,4
384775,384776,2,1,1
384777,384780,4,3,1
384788,384790,3,1,2
384796,384803,8,1,7
384806,384808,3,2,1
384809,384815,7,1,6
384817,384820,4,2,2
384842,384846,5,1,4
384867,384870,4,2,2
384871,384873,3,1,2
384874,384878,5,1,4
384879,384881,3,1,2
384882,384887,6,2,4
384888,384896,9,1,8
384897,384898,2,1,1
384899,384903,5,1,4
384904,384905,2,1,1
384906,384909,4,2,2
384910,384913,4,1,3
384914,384915,2,1,1
384916,384917,2,1,1
384918,384919,2,1,1
384920,384922,3,1,2
384923,384925,3,1,2
384926,384928,3,1,2
384929,384930,2,1,1
384931,384936,6,2,4
384937,384951,15,2,13
384952,384955,4,2,2
384956,384963,8,2,6
384964,384970,7,1,6
384971,384973,3,1,2
384974,384976,3,1,2
384981,384985,5,1,4
384986,384988,3,1,2
384989,384992,4,3,1
384993,384998,6,1,5
384999,385004,6,2,4
385005,385011,7,1,6
385012,385013,2,1,1
385014,385017,4,1,3
385018,385021,4,1,3
385022,385028,7,3,4
385029,385030,2,1,1
385031,385035,5,4,1
385039,385041,3,2,1
385042,385048,7,1,6
385049,385052,4,2,2
385053,385056,4,1,3
385061,385066,6,2,4
385067,385084,18,1,17
385086,385087,2,1,1
385088,385095,8,1,7
385096,385097,2,1,1
385098,385100,3,1,2
385101,385111,11,1,10
385112,385115,4,1,3
385116,385119,4,1,3
385132,385135,4,1,3
385162,385168,7,1,6
385169,385193,25,1,24
385194,385199,6,2,4
385200,385203,4,3,1
385204,385207,4,1,3
385208,385210,3,1,2
385211,385216,6,4,2
385217,385219,3,1,2
385220,385223,4,3,1
385224,385226,3,2,1
385227,385229,3,1,2
385231,385233,3,2,1
385234,385237,4,2,2
385238,385241,4,2,2
385242,385243,2,1,1
385248,385262,15,4,11
385263,385268,6,1,5
385269,385270,2,1,1
385271,385275,5,1,4
385276,385282,7,2,5
385283,385286,4,2,2
385287,385294,8,1,7
385295,385297,3,1,2
385309,385312,4,2,2
385313,385314,2,1,1
385315,385318,4,2,2
385319,385323,5,2,3
385324,385327,4,1,3
385328,385334,7,1,6
385335,385344,10,2,8
385345,385347,3,1,2
385348,385349,2,1,1
385350,385352,3,1,2
385360,385362,3,1,2
385364,385367,4,1,3
385368,385371,4,3,1
385372,385378,7,2,5
385379,385382,4,2,2
385383,385385,3,2,1
385386,385388,3,2,1
385389,385394,6,2,4
385395,385407,13,1,12
385408,385412,5,1,4
385537,385540,4,1,3
385558,385571,14,1,13
385572,385585,14,1,13
385593,385594,2,1,1
385604,385614,11,1,10
385620,385624,5,1,4
385625,385632,8,1,7
385644,385651,8,1,7
385665,385671,7,1,6
385672,385683,12,3,9
385684,385701,18,1,17
385710,385727,18,1,17
385728,385731,4,2,2
385732,385736,5,2,3
385737,385745,9,1,8
385746,385751,6,1,5
385752,385760,9,2,7
385781,385782,2,1,1
385784,385785,2,1,1
385786,385794,9,1,8
385795,385809,15,1,14
385810,385836,27,1,26
385841,385843,3,1,2
385845,385853,9,1,8
385865,385872,8,1,7
385873,385882,10,1,9
385883,385885,3,1,2
385886,385891,6,1,5
385900,385901,2,1,1
385902,385905,4,1,3
385911,385912,2,1,1
385913,385915,3,1,2
385920,385924,5,2,3
385925,385926,2,1,1
385927,385936,10,1,9
385937,385942,6,1,5
385948,385950,3,1,2
385962,385969,8,1,7
385982,385990,9,1,8
385993,385996,4,1,3
385997,385998,2,1,1
385999,386000,2,1,1
386001,386005,5,1,4
386006,386012,7,3,4
386015,386017,3,2,1
386022,386024,3,1,2
386025,386032,8,1,7
386033,386056,24,1,23
386057,386063,7,2,5
386065,386070,6,1,5
386071,386072,2,1,1
386089,386099,11,1,10
386100,386101,2,1,1
386110,386116,7,1,6
386123,386125,3,2,1
386126,386134,9,1,8
386141,386143,3,1,2
386144,386146,3,1,2
386147,386150,4,1,3
386151,386165,15,3,12
386166,386168,3,1,2
386172,386173,2,1,1
386174,386177,4,1,3
386178,386183,6,1,5
386184,386186,3,1,2
386194,386204,11,1,10
386205,386210,6,1,5
386211,386217,7,1,6
386218,386229,12,1,11
386239,386241,3,2,1
386246,386248,3,1,2
386255,386276,22,1,21
386277,386279,3,1,2
386292,386306,15,1,14
386326,386329,4,2,2
386334,386343,10,2,8
386345,386348,4,2,2
386357,386370,14,1,13
386371,386377,7,1,6
386381,386386,6,2,4
386389,386391,3,2,1
386402,386407,6,1,5
386413,386415,3,2,1
386421,386441,21,2,19
386442,386448,7,1,6
386450,386455,6,1,5
386456,386457,2,1,1
386458,386460,3,1,2
386461,386462,2,1,1
386463,386482,20,1,19
386483,386484,2,1,1
386485,386486,2,1,1
386515,386517,3,1,2
386518,386521,4,1,3
386522,386529,8,1,7
386530,386531,2,1,1
386535,386545,11,1,10
386546,386549,4,1,3
386559,386560,2,1,1
386562,386570,9,1,8
386571,386588,18,1,17
386589,386590,2,1,1
386591,386595,5,1,4
386596,386599,4,2,2
386609,386612,4,1,3
386613,386614,2,1,1
386615,386621,7,1,6
386622,386624,3,1,2
386625,386626,2,1,1
386627,386638,12,2,10
386639,386650,12,1,11
386663,386664,2,1,1
386665,386666,2,1,1
386667,386669,3,2,1
386670,386675,6,1,5
386681,386682,2,1,1
386683,386690,8,1,7
386691,386693,3,1,2
386707,386715,9,2,7
386716,386720,5,2,3
386721,386722,2,1,1
386723,386734,12,1,11
386735,386736,2,1,1
386737,386739,3,1,2
386741,386747,7,1,6
386748,386749,2,1,1
386750,386757,8,1,7
386758,386761,4,1,3
386762,386780,19,1,18
386781,386785,5,1,4
386793,386797,5,1,4
386798,386804,7,2,5
386805,386815,11,1,10
386816,386822,7,1,6
386823,386827,5,1,4
386835,386839,5,2,3
386840,386841,2,1,1
386844,386847,4,1,3
386848,386863,16,1,15
386864,386870,7,1,6
386872,386878,7,1,6
386879,386885,7,1,6
386886,386896,11,1,10
386897,386904,8,1,7
386905,386906,2,1,1
386907,386914,8,1,7
386915,386940,26,1,25
386941,386949,9,1,8
386956,386963,8,1,7
386988,386989,2,1,1
387002,387006,5,1,4
387011,387014,4,1,3
387018,387028,11,1,10
387029,387034,6,1,5
387036,387053,18,1,17
387054,387060,7,2,5
387061,387070,10,1,9
387071,387072,2,1,1
387078,387081,4,1,3
387083,387085,3,1,2
387086,387090,5,1,4
387091,387093,3,2,1
387094,387099,6,1,5
387109,387125,17,1,16
387126,387127,2,1,1
387128,387129,2,1,1
387130,387134,5,1,4
387145,387148,4,1,3
387154,387157,4,3,1
387158,387164,7,3,4
387168,387170,3,2,1
387179,387181,3,1,2
387188,387191,4,3,1
387192,387197,6,3,3
387199,387201,3,2,1
387202,387209,8,1,7
387210,387216,7,3,4
387217,387218,2,1,1
387219,387221,3,2,1
387226,387230,5,1,4
387231,387232,2,1,1
387233,387235,3,1,2
387243,387244,2,1,1
387245,387249,5,2,3
387250,387254,5,4,1
387255,387257,3,2,1
387258,387264,7,4,3
387265,387287,23,22,1
387299,387308,10,1,9
387325,387326,2,1,1
387327,387330,4,3,1
387336,387338,3,1,2
387339,387341,3,2,1
387342,387346,5,1,4
387380,387382,3,1,2
387398,387404,7,6,1
387414,387417,4,3,1
387433,387434,2,1,1
387441,387444,4,1,3
387445,387448,4,3,1
387449,387454,6,3,3
387455,387456,2,1,1
387457,387462,6,1,5
387463,387464,2,1,1
387465,387470,6,1,5
387471,387473,3,1,2
387474,387476,3,2,1
387477,387480,4,2,2
387506,387512,7,3,4
387513,387518,6,2,4
387519,387521,3,2,1
387522,387526,5,1,4
387527,387530,4,2,2
387531,387532,2,1,1
387533,387540,8,3,5
387541,387542,2,1,1
387543,387544,2,1,1
387545,387551,7,2,5
387552,387554,3,2,1
387555,387557,3,1,2
387558,387560,3,1,2
387561,387563,3,2,1
387564,387565,2,1,1
387566,387570,5,1,4
387571,387573,3,2,1
387574,387575,2,1,1
387576,387583,8,2,6
387584,387585,2,1,1
387586,387593,8,4,4
387594,387599,6,1,5
387600,387603,4,1,3
387604,387608,5,1,4
387609,387616,8,1,7
387617,387619,3,1,2
387620,387622,3,1,2
387627,387630,4,2,2
387640,387641,2,1,1
387645,387657,13,2,11
387658,387662,5,2,3
387665,387676,12,2,10
387678,387681,4,2,2
387682,387685,4,3,1
387688,387693,6,2,4
387746,387748,3,2,1
387757,387764,8,1,7
387768,387770,3,1,2
387771,387772,2,1,1
387773,387777,5,1,4
387778,387779,2,1,1
387780,387782,3,1,2
387783,387786,4,3,1
387787,387790,4,1,3
387799,387804,6,3,3
387805,387806,2,1,1
387807,387812,6,1,5
387825,387826,2,1,1
387827,387830,4,1,3
387831,387834,4,1,3
387835,387846,12,1,11
387852,387856,5,1,4
387857,387858,2,1,1
387859,387866,8,7,1
387867,387870,4,3,1
387871,387873,3,1,2
387874,387877,4,3,1
387878,387886,9,2,7
387887,387893,7,2,5
387899,387904,6,1,5
387905,387906,2,1,1
387907,387908,2,1,1
387909,387912,4,3,1
387913,387914,2,1,1
387915,387920,6,3,3
387921,387924,4,1,3
387925,387932,8,7,1
387933,387938,6,5,1
387939,387943,5,3,2
387944,387948,5,2,3
387949,387951,3,2,1
387952,387958,7,1,6
387959,387961,3,2,1
387962,387973,12,3,9
387974,387980,7,2,5
387983,387984,2,1,1
387985,387986,2,1,1
387987,387988,2,1,1
387989,387993,5,4,1
387994,388000,7,3,4
388001,388003,3,1,2
388004,388010,7,1,6
388013,388015,3,2,1
388016,388017,2,1,1
388018,388021,4,2,2
388022,388023,2,1,1
388024,388027,4,2,2
388032,388037,6,3,3
388038,388040,3,2,1
388041,388043,3,1,2
388049,388050,2,1,1
388051,388053,3,2,1
388054,388056,3,2,1
388058,388061,4,3,1
388066,388070,5,1,4
388090,388092,3,1,2
388102,388104,3,2,1
388105,388107,3,2,1
388108,388113,6,5,1
388132,388137,6,2,4
388138,388139,2,1,1
388140,388141,2,1,1
388142,388144,3,1,2
388145,388148,4,1,3
388149,388151,3,1,2
388152,388155,4,1,3
388173,388180,8,7,1
388181,388186,6,5,1
388187,388193,7,6,1
388194,388196,3,2,1
388197,388213,17,16,1
388222,388229,8,1,7
388230,388234,5,3,2
388235,388241,7,1,6
388242,388244,3,2,1
388245,388248,4,2,2
388249,388253,5,1,4
388254,388256,3,2,1
388257,388260,4,3,1
388261,388262,2,1,1
388263,388265,3,1,2
388266,388267,2,1,1
388268,388269,2,1,1
388270,388272,3,2,1
388273,388274,2,1,1
388275,388280,6,3,3
388281,388286,6,1,5
388287,388288,2,1,1
388289,388290,2,1,1
388295,388300,6,2,4
388301,388305,5,1,4
388306,388308,3,2,1
388316,388317,2,1,1
388318,388322,5,4,1
388323,388328,6,5,1
388329,388333,5,4,1
388345,388346,2,1,1
388347,388353,7,1,6
388365,388374,10,1,9
388416,388432,17,1,16
388438,388441,4,2,2
388442,388445,4,3,1
388446,388455,10,8,2
388456,388459,4,3,1
388460,388465,6,4,2
388466,388470,5,1,4
388471,388474,4,1,3
388495,388498,4,3,1
388499,388502,4,1,3
388557,388561,5,2,3
388562,388563,2,1,1
388564,388572,9,5,4
388573,388574,2,1,1
388575,388585,11,3,8
388654,388655,2,1,1
388661,388684,24,2,22
388685,388690,6,1,5
388691,388714,24,2,22
388715,388733,19,1,18
388734,388737,4,1,3
388738,388744,7,1,6
388745,388748,4,1,3
388749,388753,5,2,3
388754,388755,2,1,1
388756,388757,2,1,1
388758,388760,3,2,1
388761,388762,2,1,1
388763,388765,3,1,2
388766,388770,5,3,2
388771,388774,4,2,2
388775,388778,4,3,1
388779,388784,6,2,4
388785,388786,2,1,1
388787,388788,2,1,1
388789,388798,10,2,8
388799,388801,3,1,2
388802,388806,5,3,2
388820,388878,59,1,58
388879,388891,13,1,12
388892,388897,6,1,5
388898,388910,13,1,12
388911,388921,11,2,9
388922,388927,6,1,5
388928,388944,17,6,11
388945,388980,36,1,35
388991,388992,2,1,1
388993,388994,2,1,1
388995,389000,6,1,5
389038,389044,7,1,6
389081,389082,2,1,1
389083,389084,2,1,1
389085,389092,8,7,1
389093,389098,6,5,1
389099,389102,4,3,1
389103,389105,3,1,2
389106,389108,3,2,1
389109,389110,2,1,1
389111,389115,5,4,1
389116,389119,4,3,1
389120,389122,3,1,2
389123,389124,2,1,1
389125,389128,4,2,2
389129,389132,4,3,1
389133,389139,7,1,6
389140,389142,3,2,1
389143,389144,2,1,1
389145,389150,6,1,5
389151,389156,6,4,2
389157,389159,3,1,2
389163,389164,2,1,1
389165,389171,7,1,6
389172,389173,2,1,1
389174,389175,2,1,1
389176,389181,6,1,5
389182,389190,9,6,3
389191,389194,4,1,3
389195,389200,6,3,3
389201,389212,12,2,10
389213,389217,5,1,4
389230,389231,2,1,1
389232,389236,5,1,4
389237,389241,5,1,4
389242,389243,2,1,1
389244,389246,3,1,2
389256,389261,6,1,5
389262,389263,2,1,1
389264,389267,4,1,3
389269,389271,3,2,1
389275,389277,3,1,2
389278,389279,2,1,1
389280,389282,3,2,1
389291,389293,3,1,2
389294,389299,6,2,4
389300,389301,2,1,1
389302,389303,2,1,1
389312,389314,3,1,2
389327,389328,2,1,1
389338,389339,2,1,1
389340,389341,2,1,1
389342,389344,3,1,2
389347,389348,2,1,1
389349,389350,2,1,1
389351,389354,4,2,2
389355,389357,3,2,1
389358,389360,3,1,2
389361,389362,2,1,1
389365,389372,8,1,7
389384,389385,2,1,1
389405,389408,4,1,3
389409,389411,3,2,1
389412,389414,3,1,2
389419,389423,5,1,4
389432,389437,6,1,5
389439,389441,3,2,1
389448,389451,4,2,2
389453,389455,3,1,2
389464,389468,5,1,4
389471,389472,2,1,1
389487,389490,4,3,1
389491,389496,6,2,4
389497,389500,4,2,2
389501,389502,2,1,1
389507,389509,3,2,1
389512,389517,6,1,5
389518,389520,3,1,2
389521,389524,4,1,3
389528,389530,3,2,1
389535,389541,7,3,4
389544,389545,2,1,1
389546,389547,2,1,1
389576,389578,3,2,1
389579,389580,2,1,1
389581,389590,10,9,1
389591,389599,9,7,2
389600,389606,7,2,5
389620,389627,8,1,7
389628,389629,2,1,1
389630,389653,24,21,3
389655,389660,6,2,4
389661,389663,3,1,2
389684,389685,2,1,1
389686,389689,4,3,1
389691,389692,2,1,1
389696,389697,2,1,1
389705,389706,2,1,1
389709,389984,276,1,275
389985,389987,3,1,2
389989,389991,3,1,2
390000,390002,3,2,1
390007,390292,286,1,285
390293,390296,4,3,1
390297,390307,11,2,9
390310,390322,13,12,1
390323,390359,37,35,2
390362,390365,4,3,1
390370,390374,5,1,4
390388,390391,4,3,1
390392,390397,6,5,1
390402,390403,2,1,1
390406,390407,2,1,1
390408,390410,3,2,1
390411,390417,7,2,5
390421,390422,2,1,1
390423,390426,4,1,3
390427,390432,6,2,4
390433,390434,2,1,1
390435,390436,2,1,1
390441,390449,9,2,7
390450,390453,4,1,3
390470,390473,4,2,2
390482,390485,4,3,1
390486,390488,3,1,2
390489,390494,6,4,2
390505,390507,3,1,2
390508,390510,3,2,1
390511,390520,10,8,2
390521,390525,5,1,4
390541,390546,6,5,1
390551,390553,3,1,2
390557,390558,2,1,1
390592,390595,4,2,2
390596,390608,13,8,5
390613,390616,4,1,3
390620,390629,10,9,1
390630,390635,6,3,3
390636,390639,4,1,3
390640,390644,5,4,1
390645,390650,6,5,1
390651,390652,2,1,1
390653,390658,6,3,3
390660,390664,5,4,1
390665,390672,8,7,1
390683,390701,19,14,5
390702,390706,5,4,1
390707,390709,3,2,1
390710,390712,3,2,1
390717,390721,5,4,1
390722,390726,5,3,2
390733,390734,2,1,1
390740,390747,8,1,7
390748,390754,7,6,1
390756,390763,8,7,1
390764,390765,2,1,1
390766,390769,4,2,2
390770,390772,3,1,2
390781,390782,2,1,1
390783,390784,2,1,1
390785,390805,21,20,1
390807,390808,2,1,1
390814,390815,2,1,1
390822,390826,5,3,2
390842,390844,3,1,2
390845,390849,5,4,1
390850,390851,2,1,1
390852,390860,9,1,8
390861,390865,5,2,3
390866,390867,2,1,1
390868,390870,3,2,1
390871,390872,2,1,1
390873,390880,8,4,4
390881,390883,3,1,2
390884,390886,3,1,2
390887,390888,2,1,1
390889,390891,3,2,1
390909,390913,5,4,1
390914,390920,7,3,4
390921,390924,4,1,3
390925,390927,3,1,2
390928,390930,3,1,2
390931,390935,5,2,3
390936,390941,6,4,2
390951,390954,4,1,3
390955,390959,5,3,2
390970,390971,2,1,1
390973,390977,5,3,2
390978,390979,2,1,1
390982,390983,2,1,1
390990,390991,2,1,1
390992,390996,5,1,4
390997,390999,3,2,1
391000,391003,4,2,2
391004,391007,4,2,2
391216,391244,29,28,1
391245,391260,16,15,1
391389,391391,3,2,1
391407,391408,2,1,1
391424,391427,4,3,1
391428,391429,2,1,1
391442,391444,3,2,1
391451,391453,3,1,2
391454,391456,3,2,1
391457,391465,9,6,3
391466,391468,3,1,2
391469,391473,5,4,1
391520,391522,3,1,2
391524,391526,3,1,2
391531,391534,4,1,3
391536,391537,2,1,1
391538,391540,3,1,2
391541,391543,3,2,1
391544,391556,13,12,1
391591,391595,5,4,1
391601,391606,6,5,1
391607,391612,6,5,1
391613,391614,2,1,1
391615,391617,3,2,1
391621,391625,5,2,3
391626,391632,7,5,2
391633,391635,3,2,1
391645,391646,2,1,1
391655,391658,4,3,1
391663,391666,4,2,2
391667,391692,26,23,3
391693,391703,11,9,2
391704,391709,6,4,2
391711,391717,7,3,4
391718,391721,4,1,3
391722,391737,16,10,6
391738,391739,2,1,1
391740,391744,5,2,3
391745,391748,4,3,1
391749,391750,2,1,1
391751,391752,2,1,1
391753,391755,3,1,2
391756,391758,3,2,1
391759,391762,4,3,1
391778,391783,6,5,1
391786,391798,13,11,2
391799,391801,3,2,1
391802,391805,4,3,1
391806,391810,5,4,1
391811,391816,6,5,1
391817,391821,5,4,1
391822,391835,14,13,1
391836,391837,2,1,1
391838,391839,2,1,1
391840,391842,3,1,2
391843,391847,5,1,4
391848,391852,5,1,4
391853,391855,3,2,1
391859,391861,3,2,1
391862,391870,9,4,5
391872,391874,3,1,2
391875,391882,8,7,1
391883,391884,2,1,1
391885,391888,4,3,1
391889,391905,17,16,1
391918,391922,5,4,1
391937,391938,2,1,1
391939,391949,11,10,1
391953,391969,17,5,12
391970,391971,2,1,1
391978,392000,23,22,1
392001,392002,2,1,1
392003,392015,13,11,2
392016,392019,4,1,3
392020,392022,3,1,2
392023,392038,16,12,4
392044,392050,7,5,2
392051,392052,2,1,1
392056,392063,8,6,2
392064,392066,3,1,2
392067,392071,5,3,2
392075,392079,5,1,4
392085,392088,4,3,1
392089,392093,5,4,1
392094,392098,5,4,1
392099,392103,5,4,1
392109,392110,2,1,1
392111,392122,12,10,2
392123,392124,2,1,1
392126,392129,4,3,1
392138,392139,2,1,1
392140,392143,4,3,1
392144,392145,2,1,1
392146,392149,4,3,1
392150,392151,2,1,1
392152,392155,4,1,3
392172,392178,7,6,1
392179,392182,4,1,3
392183,392190,8,3,5
392193,392200,8,7,1
392201,392209,9,8,1
392212,392219,8,5,3
392224,392248,25,24,1
392249,392258,10,9,1
392259,392273,15,14,1
392274,392278,5,4,1
392279,392286,8,7,1
392289,392294,6,5,1
392300,392302,3,2,1
392303,392312,10,8,2
392313,392321,9,8,1
392322,392323,2,1,1
392324,392326,3,2,1
392327,392336,10,9,1
392337,392343,7,4,3
392344,392358,15,14,1
392359,392362,4,3,1
392363,392388,26,25,1
392389,392390,2,1,1
392391,392413,23,22,1
392414,392433,20,19,1
392434,392438,5,4,1
392439,392443,5,4,1
392451,392452,2,1,1
392455,392464,10,9,1
392480,392484,5,3,2
392485,392487,3,2,1
392488,392489,2,1,1
392490,392494,5,4,1
392495,392501,7,6,1
392502,392505,4,3,1
392506,392508,3,2,1
392509,392510,2,1,1
392511,392519,9,7,2
392520,392528,9,2,7
392529,392531,3,1,2
392532,392550,19,18,1
392551,392552,2,1,1
392553,392567,15,14,1
392573,392575,3,1,2
392576,392578,3,2,1
392581,392591,11,9,2
392592,392597,6,5,1
392598,392601,4,3,1
392602,392606,5,4,1
392607,392618,12,11,1
392619,392624,6,5,1
392658,392664,7,6,1
392665,392673,9,8,1
392674,392682,9,6,3
392683,392684,2,1,1
392685,392696,12,10,2
392697,392698,2,1,1
392699,392702,4,2,2
392703,392705,3,1,2
392706,392709,4,2,2
392710,392733,24,21,3
392734,392753,20,19,1
392760,392766,7,6,1
392767,392772,6,5,1
392773,392779,7,6,1
392780,392783,4,2,2
392784,392785,2,1,1
392786,392789,4,1,3
392790,392793,4,2,2
392798,392799,2,1,1
392803,392806,4,2,2
392807,392812,6,3,3
392813,392817,5,3,2
392818,392824,7,6,1
392833,392839,7,6,1
392840,392841,2,1,1
392842,392847,6,4,2
392848,392849,2,1,1
392850,392851,2,1,1
392852,392855,4,1,3
392856,392858,3,2,1
392859,392863,5,1,4
392864,392865,2,1,1
392866,392867,2,1,1
392868,392870,3,2,1
392871,392877,7,1,6
392878,392882,5,1,4
392883,392885,3,1,2
392886,392888,3,1,2
392889,392891,3,1,2
392894,392900,7,6,1
392907,392909,3,2,1
392941,392952,12,11,1
392977,392982,6,5,1
392987,392990,4,1,3
392991,393003,13,10,3
393004,393009,6,5,1
393024,393025,2,1,1
393026,393031,6,3,3
393032,393034,3,2,1
393035,393040,6,1,5
393046,393047,2,1,1
393048,393050,3,2,1
393051,393059,9,8,1
393066,393071,6,5,1
393072,393073,2,1,1
393074,393082,9,2,7
393083,393090,8,7,1
393092,393094,3,2,1
393100,393103,4,3,1
393104,393110,7,2,5
393120,393122,3,1,2
393123,393125,3,1,2
393126,393127,2,1,1
393128,393131,4,2,2
393132,393134,3,2,1
393135,393144,10,9,1
393145,393146,2,1,1
393147,393152,6,3,3
393156,393158,3,1,2
393159,393166,8,6,2
393170,393172,3,2,1
393181,393185,5,2,3
393198,393199,2,1,1
393200,393201,2,1,1
393204,393205,2,1,1
393206,393209,4,1,3
393210,393215,6,1,5
393216,393218,3,2,1
393219,393224,6,4,2
393225,393229,5,4,1
393230,393244,15,14,1
393245,393246,2,1,1
393247,393256,10,5,5
393257,393259,3,1,2
393260,393264,5,3,2
393265,393267,3,2,1
393268,393272,5,2,3
393273,393282,10,2,8
393283,393291,9,2,7
393294,393316,23,1,22
393317,393319,3,2,1
393320,393331,12,5,7
393332,393333,2,1,1
393334,393339,6,5,1
393340,393341,2,1,1
393342,393344,3,2,1
393345,393349,5,4,1
393350,393359,10,9,1
393360,393361,2,1,1
393362,393364,3,1,2
393401,393402,2,1,1
393406,393415,10,8,2
393416,393417,2,1,1
393418,393420,3,1,2
393447,393455,9,8,1
393465,393467,3,2,1
393468,393470,3,2,1
393484,393485,2,1,1
393946,393947,2,1,1
393954,393958,5,1,4
393960,393961,2,1,1
393962,393965,4,1,3
393976,393979,4,2,2
393984,394030,47,43,4
394032,394037,6,5,1
394049,394050,2,1,1
394051,394053,3,2,1
394054,394056,3,2,1
394057,394062,6,4,2
394067,394080,14,8,6
394081,394086,6,1,5
394087,394089,3,1,2
394117,394118,2,1,1
394119,394125,7,5,2
394126,394128,3,2,1
394134,394137,4,1,3
394145,394165,21,20,1
394175,394178,4,1,3
394183,394184,2,1,1
394185,394247,63,62,1
394249,394251,3,2,1
394253,394256,4,1,3
394273,394279,7,6,1
394280,394284,5,3,2
394285,394286,2,1,1
394287,394293,7,6,1
394295,394309,15,14,1
394313,394316,4,2,2
394322,394330,9,1,8
394345,394348,4,3,1
394373,394374,2,1,1
394380,394415,36,1,35
394519,394521,3,2,1
394522,394556,35,3,32
394557,394558,2,1,1
394559,394565,7,1,6
394566,394569,4,1,3
394570,394590,21,1,20
394591,394600,10,1,9
394601,394602,2,1,1
394603,394606,4,2,2
394607,394613,7,4,3
394614,394617,4,2,2
394622,394635,14,1,13
394636,394641,6,5,1
394643,394650,8,7,1
394651,394659,9,7,2
394660,394667,8,6,2
394668,394670,3,2,1
394671,394674,4,1,3
394675,394685,11,10,1
394686,394694,9,8,1
394695,394729,35,34,1
394730,394782,53,8,45
394783,394794,12,11,1
394795,394810,16,3,13
394811,394816,6,5,1
394817,394821,5,1,4
394830,394835,6,4,2
394836,394839,4,3,1
394840,394847,8,6,2
394848,394849,2,1,1
394850,394864,15,14,1
394865,394874,10,9,1
394875,394881,7,5,2
394892,394893,2,1,1
394896,394898,3,2,1
394903,394911,9,1,8
394941,394945,5,3,2
394946,394947,2,1,1
394950,394953,4,2,2
394954,394956,3,1,2
394959,394964,6,1,5
394965,394967,3,2,1
394968,394973,6,1,5
394976,394979,4,3,1
394986,394987,2,1,1
394988,394992,5,3,2
394993,394994,2,1,1
395003,395007,5,1,4
395023,395027,5,1,4
395034,395036,3,2,1
395037,395039,3,1,2
395041,395042,2,1,1
395049,395050,2,1,1
395054,395057,4,3,1
395058,395062,5,3,2
395068,395076,9,2,7
395119,395122,4,1,3
395126,395130,5,1,4
395131,395135,5,1,4
395195,395200,6,1,5
395266,395268,3,1,2
395274,395280,7,2,5
395287,395289,3,1,2
395299,395300,2,1,1
395316,395317,2,1,1
395318,395320,3,1,2
395321,395323,3,1,2
395337,395341,5,1,4
395346,395347,2,1,1
395349,395351,3,1,2
395379,395383,5,1,4
395387,395389,3,1,2
395393,395394,2,1,1
395395,395398,4,1,3
395415,395416,2,1,1
395424,395426,3,1,2
395427,395432,6,5,1
395433,395437,5,3,2
395438,395439,2,1,1
395443,395447,5,1,4
395448,395450,3,2,1
395451,395452,2,1,1
395453,395456,4,1,3
395519,395532,14,1,13
395555,395559,5,1,4
395571,395575,5,1,4
395701,395702,2,1,1
395725,395726,2,1,1
395764,395765,2,1,1
395770,395771,2,1,1
396035,396036,2,1,1
397515,397520,6,5,1
397521,397523,3,2,1
397524,397527,4,1,3
397528,397529,2,1,1
397530,397533,4,2,2
397534,397539,6,1,5
397540,397541,2,1,1
397542,397548,7,1,6
397549,397551,3,2,1
397552,397559,8,1,7
397560,397565,6,1,5
397566,397570,5,1,4
397571,397573,3,2,1
397574,397580,7,1,6
397581,397582,2,1,1
397583,397584,2,1,1
397585,397588,4,1,3
397589,397596,8,2,6
397597,397599,3,1,2
397600,397602,3,1,2
397604,397607,4,1,3
397608,397619,12,4,8
397620,397621,2,1,1
397622,397624,3,1,2
397625,397629,5,2,3
397630,397634,5,3,2
397635,397642,8,4,4
397643,397646,4,3,1
397647,397652,6,2,4
397653,397657,5,4,1
397658,397660,3,1,2
397661,397665,5,3,2
397666,397669,4,3,1
397670,397672,3,2,1
397673,397674,2,1,1
397675,397677,3,1,2
397678,397680,3,2,1
397681,397683,3,1,2
397684,397689,6,1,5
397690,397693,4,1,3
397694,397695,2,1,1
397696,397698,3,2,1
397699,397700,2,1,1
397701,397703,3,1,2
397704,397707,4,2,2
397708,397710,3,1,2
397711,397712,2,1,1
397713,397716,4,3,1
397717,397719,3,2,1
397720,397723,4,1,3
397724,397725,2,1,1
397726,397731,6,2,4
397732,397733,2,1,1
397738,397740,3,1,2
397741,397743,3,2,1
397747,397752,6,3,3
397754,397761,8,1,7
397762,397768,7,5,2
397773,397774,2,1,1
397775,397779,5,4,1
397780,397783,4,1,3
397784,397790,7,1,6
397793,397795,3,2,1
397796,397802,7,3,4
397803,397809,7,2,5
397810,397812,3,1,2
397813,397819,7,2,5
397820,397821,2,1,1
397822,397826,5,3,2
397827,397829,3,1,2
397830,397833,4,2,2
397834,397837,4,1,3
397840,397842,3,2,1
397843,397846,4,1,3
397851,397852,2,1,1
397853,397854,2,1,1
397855,397860,6,3,3
397861,397863,3,1,2
397868,397869,2,1,1
397870,397871,2,1,1
397872,397875,4,1,3
397876,397877,2,1,1
397878,397884,7,1,6
397885,397889,5,2,3
397890,397894,5,1,4
397898,397904,7,1,6
397905,397906,2,1,1
397907,397910,4,1,3
397911,397915,5,1,4
397916,397917,2,1,1
397918,397920,3,1,2
397922,397925,4,1,3
397926,397930,5,1,4
397931,397933,3,2,1
397934,397941,8,1,7
397942,397943,2,1,1
397944,397947,4,1,3
397949,397955,7,1,6
397956,397958,3,1,2
397959,397960,2,1,1
397961,397964,4,1,3
397965,397967,3,2,1
397968,397970,3,1,2
397971,397974,4,2,2
397982,397984,3,2,1
397985,397986,2,1,1
397992,397998,7,1,6
397999,398002,4,1,3
398003,398004,2,1,1
398005,398009,5,2,3
398010,398013,4,3,1
398018,398020,3,1,2
398024,398028,5,2,3
398029,398030,2,1,1
398031,398033,3,1,2
398034,398036,3,2,1
398037,398039,3,1,2
398041,398042,2,1,1
398043,398046,4,1,3
398053,398058,6,1,5
398059,398065,7,2,5
398066,398067,2,1,1
398069,398070,2,1,1
398077,398081,5,3,2
398082,398083,2,1,1
398084,398086,3,1,2
398092,398093,2,1,1
398097,398098,2,1,1
398100,398101,2,1,1
398102,398103,2,1,1
398104,398109,6,1,5
398112,398113,2,1,1
398114,398115,2,1,1
398116,398119,4,2,2
398120,398124,5,1,4
398125,398127,3,2,1
398137,398139,3,1,2
398140,398147,8,4,4
398148,398154,7,1,6
398166,398176,11,1,10
398177,398179,3,1,2
398180,398181,2,1,1
398197,398198,2,1,1
398199,398204,6,4,2
398225,398226,2,1,1
398232,398234,3,1,2
398235,398237,3,2,1
398242,398246,5,1,4
398249,398251,3,1,2
398252,398256,5,4,1
398258,398266,9,2,7
398267,398268,2,1,1
398269,398271,3,1,2
398272,398274,3,1,2
398280,398281,2,1,1
398282,398283,2,1,1
398284,398287,4,1,3
398290,398298,9,2,7
398299,398300,2,1,1
398301,398303,3,1,2
398304,398307,4,1,3
398309,398312,4,1,3
398315,398318,4,1,3
398319,398320,2,1,1
398326,398328,3,2,1
398329,398333,5,1,4
398341,398343,3,1,2
398344,398346,3,1,2
398351,398353,3,1,2
398354,398355,2,1,1
398356,398361,6,2,4
398364,398366,3,1,2
398367,398369,3,1,2
398370,398371,2,1,1
398384,398388,5,2,3
398393,398394,2,1,1
398395,398402,8,4,4
398405,398406,2,1,1
398412,398413,2,1,1
398415,398416,2,1,1
398417,398420,4,1,3
398421,398423,3,2,1
398424,398425,2,1,1
398430,398435,6,1,5
398436,398438,3,1,2
398439,398443,5,1,4
398452,398453,2,1,1
398460,398470,11,1,10
398474,398478,5,1,4
398480,398481,2,1,1
398491,398497,7,2,5
398502,398503,2,1,1
398504,398507,4,2,2
398508,398510,3,2,1
398514,398518,5,1,4
398530,398537,8,2,6
398538,398542,5,2,3
398546,398547,2,1,1
398563,398567,5,2,3
398579,398583,5,1,4
398598,398607,10,1,9
398610,398614,5,1,4
398615,398620,6,3,3
398621,398632,12,1,11
398633,398634,2,1,1
398635,398638,4,2,2
398639,398640,2,1,1
398641,398646,6,5,1
398647,398650,4,3,1
398651,398656,6,2,4
398657,398658,2,1,1
398659,398661,3,1,2
398665,398668,4,1,3
398675,398677,3,2,1
398678,398680,3,1,2
398681,398684,4,1,3
398685,398686,2,1,1
398691,398692,2,1,1
398693,398696,4,3,1
398703,398705,3,1,2
398710,398715,6,1,5
398719,398720,2,1,1
398721,398729,9,1,8
398730,398733,4,1,3
398741,398745,5,1,4
398748,398757,10,9,1
398770,398774,5,4,1
398775,398776,2,1,1
398777,398778,2,1,1
398779,398783,5,1,4
398802,398805,4,1,3
398812,398815,4,1,3
398828,398830,3,1,2
398835,398842,8,2,6
398847,398849,3,1,2
398850,398852,3,2,1
398857,398860,4,1,3
398861,398862,2,1,1
398874,398877,4,2,2
398884,398886,3,2,1
398887,398892,6,1,5
398895,398900,6,5,1
398910,398913,4,2,2
398914,398916,3,1,2
398929,398931,3,2,1
398942,398945,4,3,1
398946,398948,3,1,2
398949,398954,6,1,5
398964,398965,2,1,1
398966,398970,5,3,2
398971,398972,2,1,1
398973,398984,12,10,2
398989,398992,4,2,2
398993,398994,2,1,1
398995,398997,3,2,1
398998,399000,3,2,1
399010,399013,4,1,3
399015,399017,3,2,1
399026,399027,2,1,1
399040,399041,2,1,1
399044,399046,3,2,1
399047,399050,4,1,3
399055,399057,3,1,2
399075,399080,6,2,4
399083,399084,2,1,1
399085,399089,5,4,1
399090,399094,5,4,1
399095,399096,2,1,1
399097,399101,5,1,4
399102,399106,5,3,2
399107,399108,2,1,1
399109,399110,2,1,1
399111,399112,2,1,1
399113,399116,4,3,1
399117,399118,2,1,1
399119,399121,3,1,2
399122,399123,2,1,1
399125,399129,5,2,3
399130,399134,5,2,3
399135,399137,3,2,1
399138,399140,3,1,2
399141,399144,4,1,3
399145,399148,4,1,3
399149,399152,4,2,2
399153,399155,3,2,1
399158,399161,4,2,2
399162,399167,6,1,5
399169,399170,2,1,1
399171,399172,2,1,1
399174,399176,3,2,1
399179,399181,3,2,1
399184,399187,4,1,3
399193,399194,2,1,1
399204,399207,4,1,3
399211,399213,3,2,1
399215,399217,3,2,1
399221,399224,4,1,3
399225,399230,6,1,5
399260,399262,3,1,2
399278,399279,2,1,1
399295,399297,3,1,2
399298,399299,2,1,1
399300,399305,6,2,4
399329,399330,2,1,1
399349,399477,129,127,2
399478,399524,47,46,1
399525,399567,43,42,1
399586,399608,23,22,1
399668,399676,9,8,1
399677,399680,4,2,2
399681,399741,61,5,56
399742,399744,3,2,1
399745,399748,4,2,2
399752,399758,7,4,3
399760,399764,5,4,1
399765,399791,27,26,1
399792,399798,7,6,1
399799,399800,2,1,1
399801,399805,5,2,3
399806,399835,30,26,4
399836,399837,2,1,1
399843,399846,4,1,3
399847,399858,12,6,6
399859,399863,5,1,4
399864,399908,45,41,4
399909,399913,5,1,4
399914,399924,11,5,6
399925,399961,37,34,3
399962,399964,3,2,1
