start_row,end_row,match_length,a_count,b_count,c_count
420,422,3,1,1,1
1344,1346,3,2,0,1
1509,1511,3,1,0,2
1572,1574,3,1,0,2
1737,1738,2,1,0,1
1792,1795,4,1,0,3
1800,1801,2,1,0,1
1815,1818,4,1,1,2
1897,1899,3,1,0,2
1926,1927,2,1,0,1
2026,2028,3,1,1,1
2031,2037,7,1,4,2
2049,2052,4,1,2,1
2055,2056,2,1,0,1
2068,2071,4,1,1,2
2072,2075,4,1,2,1
2125,2126,2,1,0,1
2147,2148,2,1,0,1
2203,2204,2,1,0,1
2232,2237,6,1,0,5
2260,2263,4,1,2,1
2276,2277,2,1,0,1
2290,2292,3,1,1,1
2303,2304,2,1,0,1
2319,2321,3,1,1,1
2325,2326,2,1,0,1
2331,2334,4,1,1,2
2368,2369,2,1,0,1
2377,2378,2,1,0,1
2381,2383,3,1,1,1
2434,2436,3,1,1,1
2460,2461,2,1,0,1
2482,2483,2,1,0,1
2545,2546,2,1,0,1
2584,2586,3,2,0,1
2594,2599,6,1,4,1
2619,2622,4,2,1,1
2707,2710,4,2,1,1
2738,2740,3,1,0,2
2743,2748,6,1,3,2
2804,2807,4,1,2,1
2818,2820,3,1,1,1
2824,2825,2,1,0,1
2832,2833,2,1,0,1
2834,2837,4,1,1,2
2838,2840,3,1,1,1
2841,2843,3,2,0,1
2850,2856,7,1,0,6
2863,2867,5,2,0,3
2882,2883,2,1,0,1
2886,2887,2,1,0,1
2928,2930,3,1,1,1
2931,2933,3,1,1,1
2948,2952,5,3,1,1
2966,2970,5,1,3,1
2972,2975,4,2,0,2
2984,2985,2,1,0,1
2986,2988,3,2,0,1
2991,2994,4,1,1,2
3001,3002,2,1,0,1
3014,3015,2,1,0,1
3031,3033,3,1,0,2
3048,3050,3,2,0,1
3069,3070,2,1,0,1
3104,3105,2,1,0,1
3130,3138,9,5,3,1
3145,3146,2,1,0,1
3160,3161,2,1,0,1
3162,3163,2,1,0,1
3177,3184,8,3,4,1
3203,3205,3,1,1,1
3208,3210,3,2,0,1
3229,3233,5,1,1,3
3238,3240,3,2,0,1
3247,3248,2,1,0,1
3250,3255,6,5,0,1
3266,3269,4,2,1,1
3286,3290,5,2,2,1
3295,3296,2,1,0,1
3312,3319,8,5,2,1
3322,3326,5,1,0,4
3341,3344,4,1,2,1
3346,3347,2,1,0,1
3348,3349,2,1,0,1
3354,3358,5,3,0,2
3369,3371,3,1,0,2
3376,3377,2,1,0,1
3380,3384,5,1,2,2
3385,3392,8,1,5,2
3413,3415,3,1,1,1
3437,3442,6,1,4,1
3445,3448,4,1,1,2
3449,3451,3,1,1,1
3467,3470,4,1,1,2
3503,3505,3,1,1,1
3508,3509,2,1,0,1
3537,3539,3,2,0,1
3557,3559,3,2,0,1
3567,3571,5,1,1,3
3576,3582,7,2,4,1
3583,3584,2,1,0,1
3585,3587,3,1,1,1
3594,3597,4,2,1,1
3605,3609,5,1,3,1
3620,3622,3,2,0,1
3646,3650,5,4,0,1
3654,3655,2,1,0,1
3658,3660,3,1,0,2
3699,3700,2,1,0,1
3701,3703,3,1,1,1
3710,3713,4,1,1,2
3725,3727,3,2,0,1
3732,3735,4,3,0,1
3736,3741,6,1,3,2
3742,3747,6,1,4,1
3752,3758,7,2,4,1
3767,3772,6,5,0,1
3780,3785,6,1,3,2
3786,3787,2,1,0,1
3805,3809,5,1,2,2
3812,3818,7,5,0,2
3830,3831,2,1,0,1
3837,3841,5,1,3,1
3843,3844,2,1,0,1
3868,3871,4,1,2,1
3883,3887,5,4,0,1
3888,3894,7,1,0,6
3896,3899,4,1,2,1
3912,3918,7,1,5,1
3919,3920,2,1,0,1
3923,3926,4,3,0,1
3940,3943,4,3,0,1
3958,3959,2,1,0,1
3967,3971,5,2,2,1
3973,3979,7,2,3,2
4043,4044,2,1,0,1
4051,4052,2,1,0,1
4066,4069,4,1,2,1
4071,4073,3,1,0,2
4077,4079,3,1,1,1
4081,4085,5,1,3,1
4097,4099,3,1,1,1
4112,4114,3,1,1,1
4120,4122,3,2,0,1
4131,4132,2,1,0,1
4134,4135,2,1,0,1
4136,4138,3,2,0,1
4141,4142,2,1,0,1
4144,4147,4,2,0,2
4154,4156,3,1,0,2
4174,4175,2,1,0,1
4204,4210,7,1,4,2
4220,4225,6,2,1,3
4241,4242,2,1,0,1
4261,4267,7,4,1,2
4275,4277,3,1,1,1
4278,4281,4,2,1,1
4309,4311,3,1,1,1
4322,4324,3,1,1,1
4331,4333,3,1,0,2
4344,4345,2,1,0,1
4377,4379,3,1,1,1
4381,4389,9,4,0,5
4400,4402,3,1,0,2
4459,4463,5,3,0,2
4491,4493,3,1,1,1
4621,4622,2,1,0,1
4627,4628,2,1,0,1
4798,4803,6,2,3,1
4817,4820,4,1,0,3
4823,4824,2,1,0,1
4827,4829,3,1,1,1
4835,4836,2,1,0,1
4846,4848,3,1,0,2
4863,4865,3,1,0,2
4866,4868,3,1,1,1
4896,4898,3,2,0,1
4899,4900,2,1,0,1
4907,4912,6,5,0,1
5374,5378,5,1,2,2
5379,5380,2,1,0,1
5385,5390,6,1,0,5
5402,5404,3,1,0,2
6448,6451,4,1,1,2
6750,6752,3,1,1,1
7349,7353,5,2,2,1
7424,7426,3,2,0,1
7695,7696,2,1,0,1
8129,8130,2,1,0,1
9091,9092,2,1,0,1
9103,9108,6,5,0,1
9110,9111,2,1,0,1
9135,9153,19,4,0,15
9155,9160,6,1,0,5
9282,9285,4,3,0,1
9291,9294,4,1,0,3
9302,9320,19,1,0,18
9360,9365,6,5,0,1
9370,9372,3,1,1,1
9382,9384,3,1,0,2
9385,9386,2,1,0,1
9387,9388,2,1,0,1
9415,9421,7,5,1,1
9425,9427,3,2,0,1
9482,9485,4,2,1,1
9486,9487,2,1,0,1
9488,9490,3,1,1,1
9491,9494,4,1,2,1
9496,9501,6,5,0,1
9503,9504,2,1,0,1
9505,9506,2,1,0,1
9513,9514,2,1,0,1
9516,9518,3,2,0,1
9528,9530,3,2,0,1
9531,9533,3,2,0,1
9537,9539,3,2,0,1
9544,9548,5,2,0,3
9570,9571,2,1,0,1
9580,9582,3,2,0,1
9584,9586,3,1,0,2
9598,9601,4,2,0,2
9602,9603,2,1,0,1
9613,9621,9,3,0,6
9626,9629,4,1,0,3
9636,9639,4,3,0,1
9647,9653,7,3,0,4
9657,9659,3,2,0,1
9665,9668,4,3,0,1
9671,9675,5,3,0,2
9676,9677,2,1,0,1
9679,9684,6,5,0,1
9709,9731,23,5,15,3
9735,9736,2,1,0,1
9756,9785,30,1,28,1
9790,9795,6,5,0,1
9799,9803,5,4,0,1
9811,9816,6,4,1,1
9830,9832,3,1,1,1
9838,9843,6,5,0,1
9845,9848,4,3,0,1
9849,9850,2,1,0,1
9853,9854,2,1,0,1
9869,9871,3,1,1,1
9879,9882,4,3,0,1
10005,10006,2,1,0,1
10222,10223,2,1,0,1
11301,11302,2,1,0,1
11329,11330,2,1,0,1
11400,11401,2,1,0,1
11407,11408,2,1,0,1
11411,11414,4,3,0,1
11435,11437,3,2,0,1
11442,11444,3,1,0,2
11461,11462,2,1,0,1
11468,11471,4,1,1,2
11473,11477,5,1,1,3
11481,11484,4,3,0,1
11485,11486,2,1,0,1
11498,11500,3,1,0,2
11513,11516,4,2,1,1
11522,11523,2,1,0,1
11525,11527,3,1,0,2
11532,11533,2,1,0,1
11542,11544,3,2,0,1
11550,11551,2,1,0,1
11556,11557,2,1,0,1
11585,11586,2,1,0,1
11603,11604,2,1,0,1
11618,11619,2,1,0,1
11620,11621,2,1,0,1
11627,11628,2,1,0,1
11632,11633,2,1,0,1
11637,11638,2,1,0,1
11644,11648,5,3,0,2
11674,11675,2,1,0,1
11679,11681,3,1,0,2
11687,11689,3,1,0,2
11702,11703,2,1,0,1
11704,11706,3,2,0,1
11734,11736,3,1,1,1
11757,11758,2,1,0,1
11786,11791,6,1,4,1
11794,11795,2,1,0,1
11802,11805,4,3,0,1
11823,11824,2,1,0,1
11834,11837,4,3,0,1
11875,11876,2,1,0,1
11891,11895,5,2,1,2
11910,11912,3,2,0,1
11921,11922,2,1,0,1
11937,11941,5,1,2,2
11955,11957,3,1,1,1
11962,11963,2,1,0,1
11986,11987,2,1,0,1
11993,11994,2,1,0,1
11996,11997,2,1,0,1
12008,12009,2,1,0,1
12011,12012,2,1,0,1
12022,12023,2,1,0,1
12027,12033,7,1,5,1
12042,12044,3,1,1,1
12055,12057,3,1,1,1
12060,12063,4,2,1,1
12065,12069,5,3,0,2
12074,12078,5,2,2,1
12087,12089,3,1,1,1
12103,12104,2,1,0,1
12142,12143,2,1,0,1
12144,12145,2,1,0,1
12163,12165,3,1,1,1
12166,12169,4,3,0,1
12227,12234,8,2,4,2
12236,12240,5,2,2,1
12259,12260,2,1,0,1
12268,12269,2,1,0,1
12277,12281,5,3,1,1
12287,12289,3,2,0,1
12291,12292,2,1,0,1
12297,12298,2,1,0,1
12302,12305,4,3,0,1
12313,12315,3,1,1,1
12357,12358,2,1,0,1
12376,12377,2,1,0,1
12378,12380,3,1,0,2
12418,12422,5,1,1,3
12432,12435,4,1,0,3
12436,12437,2,1,0,1
12482,12484,3,2,0,1
12485,12488,4,1,0,3
12501,12504,4,2,1,1
12513,12515,3,2,0,1
12519,12521,3,2,0,1
12523,12525,3,1,0,2
12530,12532,3,1,1,1
12535,12537,3,2,0,1
12543,12544,2,1,0,1
12555,12556,2,1,0,1
12557,12559,3,1,1,1
12566,12567,2,1,0,1
12622,12623,2,1,0,1
12633,12634,2,1,0,1
12636,12637,2,1,0,1
12639,12641,3,2,0,1
12653,12654,2,1,0,1
12680,12682,3,1,1,1
12695,12696,2,1,0,1
12701,12705,5,1,3,1
12716,12717,2,1,0,1
12725,12727,3,1,1,1
12736,12737,2,1,0,1
12749,12750,2,1,0,1
12760,12761,2,1,0,1
12789,12792,4,1,1,2
12828,12829,2,1,0,1
12853,12855,3,1,1,1
12860,12861,2,1,0,1
12862,12864,3,1,1,1
12869,12872,4,3,0,1
12885,12886,2,1,0,1
12912,12920,9,1,7,1
12937,12939,3,1,0,2
12996,12997,2,1,0,1
13047,13051,5,1,2,2
13076,13083,8,1,0,7
13118,13119,2,1,0,1
13120,13124,5,1,1,3
13130,13132,3,1,0,2
13170,13171,2,1,0,1
13242,13243,2,1,0,1
13265,13266,2,1,0,1
13267,13268,2,1,0,1
13323,13325,3,2,0,1
13335,13336,2,1,0,1
13338,13340,3,1,1,1
13369,13371,3,2,0,1
13376,13377,2,1,0,1
13389,13390,2,1,0,1
13391,13394,4,1,1,2
13398,13399,2,1,0,1
13400,13402,3,2,0,1
13413,13415,3,2,0,1
13423,13427,5,3,1,1
13437,13438,2,1,0,1
13461,13463,3,2,0,1
13478,13480,3,2,0,1
13482,13486,5,2,1,2
13493,13495,3,1,0,2
13503,13504,2,1,0,1
13536,13537,2,1,0,1
13556,13558,3,1,1,1
13566,13567,2,1,0,1
13590,13592,3,2,0,1
13594,13595,2,1,0,1
13616,13617,2,1,0,1
13619,13621,3,1,1,1
13627,13629,3,1,0,2
13642,13645,4,1,1,2
13647,13651,5,1,3,1
13667,13671,5,2,1,2
13714,13718,5,3,1,1
13719,13721,3,2,0,1
13732,13733,2,1,0,1
13758,13759,2,1,0,1
13778,13781,4,1,2,1
13782,13783,2,1,0,1
13790,13795,6,3,2,1
13830,13832,3,2,0,1
13850,13859,10,5,3,2
13863,13866,4,3,0,1
13869,13870,2,1,0,1
13888,13890,3,1,0,2
13891,13894,4,2,1,1
13899,13903,5,3,1,1
13934,13936,3,2,0,1
13948,13950,3,1,0,2
13957,13958,2,1,0,1
13975,13979,5,1,2,2
13996,13997,2,1,0,1
13998,13999,2,1,0,1
14009,14010,2,1,0,1
14024,14026,3,1,0,2
14045,14046,2,1,0,1
14057,14061,5,1,3,1
14064,14065,2,1,0,1
14067,14070,4,1,1,2
14072,14074,3,1,0,2
14103,14107,5,1,2,2
14118,14120,3,1,1,1
14125,14130,6,3,2,1
14131,14133,3,2,0,1
14150,14151,2,1,0,1
14157,14158,2,1,0,1
14159,14164,6,1,3,2
14197,14200,4,2,1,1
14223,14225,3,1,1,1
14230,14231,2,1,0,1
14245,14246,2,1,0,1
14249,14250,2,1,0,1
14263,14265,3,1,1,1
14270,14271,2,1,0,1
14283,14284,2,1,0,1
14300,14301,2,1,0,1
14303,14306,4,2,1,1
14328,14329,2,1,0,1
14332,14334,3,1,0,2
14342,14344,3,2,0,1
14371,14373,3,2,0,1
14379,14382,4,1,2,1
14384,14390,7,2,0,5
14398,14399,2,1,0,1
14417,14418,2,1,0,1
14420,14421,2,1,0,1
14425,14426,2,1,0,1
14429,14430,2,1,0,1
14432,14434,3,2,0,1
14438,14439,2,1,0,1
14500,14501,2,1,0,1
14515,14516,2,1,0,1
14535,14536,2,1,0,1
14542,14548,7,2,3,2
14568,14571,4,1,1,2
14573,14574,2,1,0,1
14636,14637,2,1,0,1
14649,14651,3,1,1,1
14653,14656,4,3,0,1
14661,14664,4,1,1,2
14676,14680,5,3,1,1
14682,14684,3,1,1,1
14686,14689,4,1,2,1
14691,14693,3,1,0,2
14694,14697,4,2,0,2
14715,14716,2,1,0,1
14728,14731,4,2,1,1
14732,14733,2,1,0,1
14744,14747,4,2,0,2
14754,14755,2,1,0,1
14764,14767,4,1,2,1
14786,14789,4,1,2,1
14791,14793,3,1,1,1
14801,14804,4,1,2,1
14821,14824,4,1,1,2
14839,14841,3,1,0,2
14849,14852,4,1,2,1
14860,14861,2,1,0,1
14864,14865,2,1,0,1
14868,14869,2,1,0,1
14886,14888,3,1,0,2
14892,14896,5,3,0,2
14899,14900,2,1,0,1
14901,14903,3,1,0,2
14944,14945,2,1,0,1
14957,14958,2,1,0,1
14961,14964,4,2,0,2
14981,14983,3,1,0,2
15025,15027,3,1,0,2
15030,15034,5,2,1,2
15036,15038,3,2,0,1
15048,15049,2,1,0,1
15051,15053,3,1,0,2
15067,15072,6,3,0,3
15104,15105,2,1,0,1
15118,15121,4,2,0,2
15134,15135,2,1,0,1
15154,15158,5,2,2,1
15167,15169,3,1,1,1
15170,15172,3,1,1,1
15202,15203,2,1,0,1
15204,15205,2,1,0,1
15207,15208,2,1,0,1
15219,15220,2,1,0,1
15224,15225,2,1,0,1
15226,15228,3,1,0,2
15232,15234,3,1,1,1
15239,15240,2,1,0,1
15253,15257,5,2,1,2
15282,15284,3,1,1,1
15290,15292,3,1,1,1
15293,15294,2,1,0,1
15299,15300,2,1,0,1
15311,15312,2,1,0,1
15325,15327,3,1,1,1
15335,15336,2,1,0,1
15360,15361,2,1,0,1
15365,15366,2,1,0,1
15381,15385,5,1,1,3
15389,15390,2,1,0,1
15399,15401,3,2,0,1
15422,15423,2,1,0,1
15432,15434,3,1,1,1
15439,15440,2,1,0,1
15450,15451,2,1,0,1
15475,15481,7,1,0,6
15482,15484,3,2,0,1
15487,15489,3,2,0,1
15492,15494,3,1,1,1
15501,15505,5,2,0,3
15510,15511,2,1,0,1
15515,15518,4,1,2,1
15521,15522,2,1,0,1
15529,15530,2,1,0,1
15534,15535,2,1,0,1
15552,15556,5,4,0,1
15563,15564,2,1,0,1
15566,15568,3,1,0,2
15569,15571,3,2,0,1
15576,15578,3,1,0,2
15579,15581,3,1,1,1
15585,15587,3,1,1,1
15588,15590,3,1,1,1
15597,15599,3,2,0,1
15643,15644,2,1,0,1
15647,15649,3,1,1,1
15657,15658,2,1,0,1
15701,15703,3,1,0,2
15714,15716,3,1,0,2
15717,15719,3,2,0,1
15740,15742,3,2,0,1
15750,15751,2,1,0,1
15762,15765,4,1,1,2
15776,15778,3,2,0,1
15780,15781,2,1,0,1
15782,15785,4,1,0,3
15788,15791,4,1,2,1
15799,15801,3,1,1,1
15811,15814,4,2,1,1
15815,15816,2,1,0,1
15823,15824,2,1,0,1
15844,15846,3,1,1,1
15855,15856,2,1,0,1
15861,15864,4,2,1,1
15870,15871,2,1,0,1
15883,15886,4,2,1,1
15897,15899,3,1,0,2
15914,15915,2,1,0,1
15923,15925,3,1,1,1
15953,15954,2,1,0,1
15973,15975,3,1,1,1
15977,15979,3,1,0,2
15994,15996,3,1,0,2
15997,16000,4,3,0,1
16001,16002,2,1,0,1
16003,16007,5,2,1,2
16020,16022,3,1,0,2
16052,16053,2,1,0,1
16054,16056,3,2,0,1
16073,16074,2,1,0,1
16103,16105,3,1,1,1
16106,16108,3,1,0,2
16121,16125,5,1,1,3
16130,16133,4,1,0,3
16138,16139,2,1,0,1
16150,16151,2,1,0,1
16199,16202,4,2,0,2
16206,16207,2,1,0,1
16226,16227,2,1,0,1
16239,16240,2,1,0,1
16248,16252,5,2,2,1
16265,16267,3,1,0,2
16273,16274,2,1,0,1
16278,16281,4,2,1,1
16286,16288,3,2,0,1
16289,16290,2,1,0,1
16293,16296,4,1,1,2
16309,16311,3,2,0,1
16313,16315,3,2,0,1
16336,16338,3,1,1,1
16353,16355,3,2,0,1
16383,16384,2,1,0,1
16387,16390,4,2,0,2
16428,16429,2,1,0,1
16455,16456,2,1,0,1
16462,16463,2,1,0,1
16464,16466,3,2,0,1
16483,16484,2,1,0,1
16494,16497,4,1,0,3
16504,16508,5,1,3,1
16519,16520,2,1,0,1
16550,16557,8,1,6,1
16575,16576,2,1,0,1
16588,16589,2,1,0,1
16592,16594,3,1,1,1
16604,16605,2,1,0,1
16620,16621,2,1,0,1
16636,16639,4,1,1,2
16642,16644,3,2,0,1
16648,16649,2,1,0,1
16653,16654,2,1,0,1
16672,16673,2,1,0,1
16692,16693,2,1,0,1
16697,16700,4,1,2,1
16708,16709,2,1,0,1
16721,16722,2,1,0,1
16730,16732,3,1,1,1
16758,16759,2,1,0,1
16770,16773,4,2,1,1
16780,16782,3,1,1,1
16785,16786,2,1,0,1
16812,16814,3,2,0,1
16843,16845,3,1,1,1
16865,16867,3,1,1,1
16872,16874,3,2,0,1
16876,16877,2,1,0,1
16882,16883,2,1,0,1
16890,16891,2,1,0,1
16904,16905,2,1,0,1
16919,16921,3,1,0,2
16925,16926,2,1,0,1
16941,16943,3,1,0,2
16968,16971,4,3,0,1
16986,16987,2,1,0,1
16991,16992,2,1,0,1
17004,17005,2,1,0,1
17012,17013,2,1,0,1
17023,17024,2,1,0,1
17036,17039,4,1,0,3
17048,17050,3,1,1,1
17056,17057,2,1,0,1
17064,17068,5,1,3,1
17071,17074,4,3,0,1
17087,17090,4,2,1,1
17107,17110,4,3,0,1
17114,17116,3,1,0,2
17117,17120,4,1,0,3
17183,17184,2,1,0,1
17187,17189,3,1,1,1
17204,17208,5,3,1,1
17217,17219,3,1,0,2
17226,17227,2,1,0,1
17233,17234,2,1,0,1
17267,17268,2,1,0,1
17270,17271,2,1,0,1
17311,17312,2,1,0,1
17317,17320,4,1,2,1
17326,17328,3,2,0,1
17344,17346,3,1,0,2
17347,17348,2,1,0,1
17364,17365,2,1,0,1
17371,17373,3,2,0,1
17393,17395,3,1,1,1
17401,17402,2,1,0,1
17406,17409,4,3,0,1
17437,17439,3,1,0,2
17441,17444,4,1,1,2
17457,17459,3,1,1,1
17460,17464,5,4,0,1
17476,17477,2,1,0,1
17495,17497,3,2,0,1
17510,17511,2,1,0,1
17528,17529,2,1,0,1
17532,17534,3,2,0,1
17545,17547,3,1,1,1
17554,17556,3,1,0,2
17563,17565,3,2,0,1
17576,17578,3,1,1,1
17584,17585,2,1,0,1
17603,17606,4,1,1,2
17607,17611,5,1,3,1
17616,17617,2,1,0,1
17633,17640,8,2,0,6
17766,17769,4,1,1,2
17876,17877,2,1,0,1
17934,17935,2,1,0,1
18083,18084,2,1,0,1
18137,18138,2,1,0,1
18152,18154,3,2,0,1
18453,18454,2,1,0,1
18456,18457,2,1,0,1
18470,18471,2,1,0,1
18543,18546,4,1,0,3
18557,18558,2,1,0,1
18681,18687,7,1,5,1
18692,18693,2,1,0,1
18699,18700,2,1,0,1
18707,18709,3,1,1,1
18717,18720,4,1,2,1
18732,18733,2,1,0,1
18739,18746,8,1,4,3
18759,18764,6,1,2,3
18777,18780,4,1,2,1
18826,18828,3,1,0,2
18835,18838,4,2,0,2
18842,18844,3,1,0,2
18851,18854,4,1,2,1
18858,18859,2,1,0,1
18876,18881,6,1,2,3
18888,18889,2,1,0,1
18905,18906,2,1,0,1
18972,18973,2,1,0,1
18999,19001,3,1,0,2
19023,19024,2,1,0,1
19051,19054,4,1,0,3
19071,19077,7,1,1,5
19395,19396,2,1,0,1
19407,19408,2,1,0,1
19417,19419,3,1,1,1
19443,19446,4,1,2,1
19455,19459,5,1,2,2
19468,19469,2,1,0,1
19474,19475,2,1,0,1
19483,19485,3,1,0,2
19508,19509,2,1,0,1
19604,19605,2,1,0,1
19607,19608,2,1,0,1
19650,19653,4,3,0,1
19654,19656,3,1,1,1
19710,19711,2,1,0,1
19729,19731,3,1,1,1
19735,19738,4,1,2,1
19758,19763,6,4,1,1
19770,19772,3,2,0,1
19785,19787,3,2,0,1
19795,19798,4,3,0,1
19811,19812,2,1,0,1
19840,19841,2,1,0,1
19855,19858,4,1,2,1
19873,19876,4,3,0,1
19882,19884,3,2,0,1
19930,19932,3,1,1,1
19933,19935,3,2,0,1
19962,19963,2,1,0,1
19964,19968,5,4,0,1
19973,19974,2,1,0,1
19990,19993,4,1,2,1
20002,20003,2,1,0,1
20005,20008,4,2,1,1
20022,20023,2,1,0,1
20040,20041,2,1,0,1
20055,20057,3,1,1,1
20075,20076,2,1,0,1
20214,20216,3,2,0,1
20231,20237,7,3,3,1
20243,20245,3,2,0,1
20293,20295,3,2,0,1
20330,20331,2,1,0,1
20367,20371,5,2,2,1
20379,20384,6,5,0,1
20417,20419,3,2,0,1
20432,20435,4,1,2,1
20468,20470,3,2,0,1
20484,20486,3,2,0,1
20497,20502,6,3,1,2
20503,20505,3,1,1,1
20520,20521,2,1,0,1
20582,20585,4,3,0,1
20594,20595,2,1,0,1
20646,20647,2,1,0,1
20654,20656,3,1,1,1
20680,20681,2,1,0,1
20735,20737,3,2,0,1
20738,20739,2,1,0,1
20757,20760,4,2,1,1
20771,20774,4,3,0,1
20777,20779,3,2,0,1
20782,20784,3,1,1,1
20789,20792,4,2,1,1
20812,20815,4,1,2,1
20816,20817,2,1,0,1
20872,20873,2,1,0,1
20889,20891,3,1,1,1
20900,20902,3,1,1,1
20911,20918,8,5,2,1
20937,20938,2,1,0,1
20968,20969,2,1,0,1
20972,20975,4,2,1,1
21012,21014,3,2,0,1
21025,21030,6,2,3,1
21048,21053,6,5,0,1
21054,21057,4,3,0,1
21068,21072,5,2,2,1
21086,21089,4,3,0,1
21112,21115,4,1,2,1
21122,21124,3,2,0,1
21157,21158,2,1,0,1
21178,21180,3,2,0,1
21185,21187,3,2,0,1
21199,21201,3,1,1,1
21215,21216,2,1,0,1
21239,21243,5,4,0,1
21252,21255,4,2,1,1
21256,21259,4,2,1,1
21260,21262,3,2,0,1
21295,21297,3,1,1,1
21311,21315,5,2,2,1
21340,21342,3,2,0,1
21357,21362,6,3,2,1
21387,21390,4,1,2,1
21393,21395,3,1,1,1
21438,21443,6,1,3,2
21460,21462,3,2,0,1
21480,21482,3,2,0,1
21486,21488,3,2,0,1
21493,21498,6,2,3,1
21542,21544,3,2,0,1
21545,21548,4,1,2,1
21551,21553,3,1,1,1
21559,21561,3,2,0,1
21563,21564,2,1,0,1
21585,21589,5,2,2,1
21596,21598,3,2,0,1
21608,21613,6,5,0,1
21616,21621,6,2,3,1
21630,21633,4,2,0,2
21645,21647,3,2,0,1
21673,21675,3,2,0,1
21678,21682,5,2,2,1
21704,21707,4,2,1,1
21713,21714,2,1,0,1
21725,21727,3,2,0,1
21754,21757,4,2,0,2
21777,21779,3,2,0,1
21814,21815,2,1,0,1
21848,21849,2,1,0,1
21922,21923,2,1,0,1
21957,21962,6,5,0,1
21966,21971,6,5,0,1
21984,21985,2,1,0,1
21997,22000,4,2,0,2
22006,22009,4,3,0,1
22021,22022,2,1,0,1
22024,22027,4,3,0,1
22040,22043,4,3,0,1
22053,22055,3,1,1,1
22094,22095,2,1,0,1
22096,22097,2,1,0,1
22098,22100,3,1,1,1
22130,22132,3,1,1,1
22176,22178,3,2,0,1
22211,22213,3,1,0,2
22263,22268,6,1,4,1
22284,22285,2,1,0,1
22302,22304,3,1,1,1
22322,22323,2,1,0,1
22325,22328,4,2,1,1
22336,22339,4,2,1,1
22364,22368,5,2,2,1
22382,22383,2,1,0,1
22387,22390,4,1,2,1
22405,22407,3,2,0,1
22430,22434,5,2,2,1
22485,22487,3,1,0,2
22538,22541,4,3,0,1
22542,22547,6,5,0,1
22556,22565,10,3,5,2
22597,22600,4,1,2,1
22610,22613,4,2,1,1
22620,22627,8,3,4,1
22633,22635,3,1,1,1
22636,22637,2,1,0,1
22663,22665,3,1,1,1
22730,22732,3,2,0,1
22734,22735,2,1,0,1
22763,22769,7,2,4,1
22770,22774,5,3,1,1
22775,22776,2,1,0,1
22780,22781,2,1,0,1
22801,22804,4,3,0,1
22812,22816,5,4,0,1
22826,22830,5,4,0,1
22854,22858,5,2,1,2
22864,22866,3,2,0,1
22874,22875,2,1,0,1
22888,22893,6,5,0,1
22913,22914,2,1,0,1
22939,22943,5,2,1,2
22944,22950,7,5,1,1
22970,22972,3,2,0,1
22973,22978,6,4,1,1
22989,22992,4,2,0,2
23005,23009,5,2,2,1
23032,23033,2,1,0,1
23046,23052,7,5,1,1
23094,23097,4,2,1,1
23104,23105,2,1,0,1
23125,23127,3,2,0,1
23141,23142,2,1,0,1
23152,23154,3,1,0,2
23210,23212,3,2,0,1
23230,23232,3,2,0,1
23242,23243,2,1,0,1
23300,23301,2,1,0,1
23310,23312,3,2,0,1
23330,23336,7,3,3,1
23339,23340,2,1,0,1
23355,23358,4,3,0,1
23366,23371,6,2,3,1
23381,23382,2,1,0,1
23430,23433,4,2,1,1
23438,23440,3,1,1,1
23480,23481,2,1,0,1
23487,23488,2,1,0,1
23510,23516,7,4,1,2
23519,23521,3,2,0,1
23545,23551,7,4,2,1
23563,23565,3,2,0,1
23569,23571,3,2,0,1
23603,23604,2,1,0,1
23608,23609,2,1,0,1
23653,23656,4,1,2,1
23658,23659,2,1,0,1
23673,23674,2,1,0,1
23676,23678,3,1,1,1
23687,23691,5,4,0,1
23715,23716,2,1,0,1
23723,23726,4,2,1,1
23739,23741,3,2,0,1
23759,23761,3,2,0,1
23763,23764,2,1,0,1
23781,23786,6,2,3,1
23787,23789,3,1,1,1
23795,23798,4,3,0,1
23807,23808,2,1,0,1
23809,23812,4,3,0,1
23813,23817,5,3,1,1
23832,23835,4,3,0,1
23849,23851,3,1,1,1
23854,23857,4,2,0,2
23869,23873,5,4,0,1
23903,23906,4,1,2,1
23909,23912,4,2,1,1
23913,23914,2,1,0,1
23917,23919,3,2,0,1
23935,23938,4,3,0,1
23949,23952,4,2,1,1
23963,23965,3,2,0,1
23976,23977,2,1,0,1
23981,23984,4,1,0,3
23993,23997,5,3,1,1
24012,24015,4,2,1,1
24016,24017,2,1,0,1
24025,24027,3,2,0,1
24060,24065,6,4,0,2
24087,24089,3,2,0,1
24102,24106,5,4,0,1
24111,24112,2,1,0,1
24176,24178,3,2,0,1
24194,24199,6,5,0,1
24213,24214,2,1,0,1
24230,24231,2,1,0,1
24361,24364,4,1,2,1
24371,24373,3,1,1,1
24376,24377,2,1,0,1
24385,24386,2,1,0,1
24392,24396,5,2,1,2
24437,24439,3,2,0,1
24480,24482,3,2,0,1
24486,24491,6,5,0,1
24497,24498,2,1,0,1
24504,24507,4,3,0,1
24529,24533,5,4,0,1
24536,24537,2,1,0,1
24541,24542,2,1,0,1
24549,24550,2,1,0,1
24552,24553,2,1,0,1
24555,24561,7,2,4,1
24580,24583,4,3,0,1
24613,24615,3,2,0,1
24629,24630,2,1,0,1
24631,24632,2,1,0,1
24648,24653,6,4,1,1
24654,24659,6,5,0,1
24676,24678,3,2,0,1
24698,24700,3,2,0,1
24716,24719,4,2,1,1
24727,24731,5,3,1,1
24738,24742,5,1,2,2
24743,24746,4,2,0,2
24756,24757,2,1,0,1
24764,24769,6,5,0,1
24770,24772,3,1,1,1
24802,24803,2,1,0,1
24820,24823,4,2,0,2
24824,24825,2,1,0,1
24860,24863,4,2,1,1
24886,24890,5,4,0,1
24891,24893,3,2,0,1
24928,24936,9,4,4,1
24938,24942,5,3,1,1
24944,24949,6,4,1,1
24955,24960,6,3,2,1
24961,24965,5,4,0,1
24968,24970,3,1,1,1
24981,24985,5,1,3,1
24989,24994,6,5,0,1
25009,25010,2,1,0,1
25011,25013,3,2,0,1
25021,25025,5,3,1,1
25029,25033,5,1,3,1
25065,25068,4,1,1,2
25070,25073,4,2,1,1
25082,25085,4,1,2,1
25088,25093,6,3,2,1
25099,25101,3,2,0,1
25114,25115,2,1,0,1
25116,25117,2,1,0,1
25175,25180,6,5,0,1
25240,25246,7,5,1,1
25262,25263,2,1,0,1
25318,25320,3,2,0,1
25352,25355,4,3,0,1
25409,25411,3,1,1,1
25423,25424,2,1,0,1
25440,25446,7,5,0,2
25488,25491,4,3,0,1
25503,25506,4,3,0,1
25510,25511,2,1,0,1
25600,25601,2,1,0,1
25655,25657,3,2,0,1
25713,25718,6,4,1,1
25779,25780,2,1,0,1
25845,25849,5,4,0,1
25917,25922,6,3,2,1
25923,25924,2,1,0,1
25925,25927,3,1,1,1
25958,25963,6,5,0,1
26014,26019,6,5,0,1
26090,26092,3,2,0,1
26181,26184,4,2,1,1
26185,26189,5,3,1,1
26248,26251,4,3,0,1
26252,26254,3,2,0,1
26262,26269,8,5,2,1
26277,26281,5,2,2,1
26294,26299,6,5,0,1
26341,26342,2,1,0,1
26379,26383,5,1,3,1
26389,26394,6,5,0,1
26432,26435,4,3,0,1
26448,26453,6,5,0,1
26472,26477,6,5,0,1
26485,26490,6,5,0,1
26501,26505,5,4,0,1
26525,26528,4,3,0,1
26529,26531,3,1,1,1
26561,26563,3,2,0,1
26578,26581,4,2,1,1
26682,26683,2,1,0,1
26698,26703,6,5,0,1
26718,26723,6,5,0,1
26754,26756,3,2,0,1
26770,26773,4,3,0,1
26774,26775,2,1,0,1
26779,26780,2,1,0,1
26786,26792,7,5,1,1
26831,26836,6,5,0,1
26842,26845,4,3,0,1
26911,26913,3,2,0,1
26968,26971,4,3,0,1
26979,26983,5,3,1,1
26987,26992,6,5,0,1
26997,27000,4,3,0,1
27079,27083,5,4,0,1
27089,27092,4,3,0,1
27111,27114,4,3,0,1
27154,27159,6,3,2,1
27174,27177,4,3,0,1
27221,27224,4,3,0,1
27228,27229,2,1,0,1
27283,27286,4,3,0,1
27316,27319,4,3,0,1
27359,27362,4,2,1,1
27402,27406,5,3,0,2
27408,27412,5,4,0,1
27430,27434,5,4,0,1
27466,27468,3,2,0,1
27480,27487,8,4,3,1
27544,27548,5,2,2,1
27556,27557,2,1,0,1
27571,27574,4,3,0,1
27577,27578,2,1,0,1
27587,27591,5,4,0,1
27613,27615,3,2,0,1
27700,27702,3,1,1,1
27709,27714,6,5,0,1
27715,27716,2,1,0,1
27727,27731,5,3,1,1
27732,27737,6,3,2,1
27770,27773,4,2,0,2
27799,27801,3,2,0,1
27834,27836,3,2,0,1
27837,27838,2,1,0,1
27849,27850,2,1,0,1
27851,27854,4,2,1,1
27864,27865,2,1,0,1
27873,27875,3,2,0,1
27889,27891,3,2,0,1
27914,27915,2,1,0,1
28014,28015,2,1,0,1
28016,28022,7,5,1,1
28040,28043,4,3,0,1
28061,28066,6,4,1,1
28084,28089,6,4,1,1
28123,28129,7,3,3,1
28141,28145,5,4,0,1
28160,28164,5,4,0,1
28219,28221,3,2,0,1
28222,28225,4,1,1,2
28255,28257,3,2,0,1
28291,28296,6,5,0,1
28297,28301,5,4,0,1
28317,28319,3,2,0,1
28368,28370,3,2,0,1
28388,28391,4,3,0,1
28392,28393,2,1,0,1
28422,28423,2,1,0,1
28454,28455,2,1,0,1
28461,28462,2,1,0,1
28548,28550,3,1,1,1
28554,28555,2,1,0,1
28577,28579,3,2,0,1
28590,28593,4,3,0,1
28596,28602,7,5,1,1
28605,28610,6,5,0,1
28625,28627,3,1,0,2
28630,28631,2,1,0,1
28667,28671,5,3,1,1
28674,28678,5,2,2,1
28709,28712,4,3,0,1
28714,28717,4,3,0,1
28727,28729,3,1,1,1
28730,28735,6,3,2,1
28746,28747,2,1,0,1
28760,28761,2,1,0,1
28773,28775,3,2,0,1
28832,28836,5,3,1,1
28839,28842,4,2,1,1
28896,28897,2,1,0,1
28925,28926,2,1,0,1
28961,28964,4,3,0,1
29002,29004,3,2,0,1
29048,29053,6,3,2,1
29073,29079,7,4,1,2
29113,29115,3,2,0,1
29128,29131,4,1,2,1
29154,29155,2,1,0,1
29198,29201,4,1,2,1
29244,29247,4,3,0,1
29248,29250,3,1,0,2
29291,29292,2,1,0,1
29326,29328,3,2,0,1
29334,29338,5,4,0,1
29346,29347,2,1,0,1
29366,29367,2,1,0,1
29386,29390,5,4,0,1
29402,29406,5,3,1,1
29434,29435,2,1,0,1
29443,29446,4,2,1,1
29447,29452,6,4,1,1
29454,29457,4,3,0,1
29458,29460,3,2,0,1
29472,29477,6,5,0,1
29480,29483,4,2,0,2
29540,29542,3,2,0,1
29543,29548,6,5,0,1
29556,29557,2,1,0,1
29561,29566,6,5,0,1
29623,29624,2,1,0,1
29625,29626,2,1,0,1
29630,29635,6,5,0,1
29660,29664,5,3,1,1
29676,29681,6,5,0,1
29683,29687,5,2,2,1
29688,29691,4,3,0,1
29692,29695,4,2,1,1
29734,29740,7,5,1,1
29765,29767,3,2,0,1
29791,29795,5,4,0,1
29796,29802,7,5,1,1
29808,29809,2,1,0,1
29820,29822,3,2,0,1
29823,29825,3,2,0,1
29829,29830,2,1,0,1
29845,29847,3,2,0,1
29865,29867,3,2,0,1
29925,29927,3,2,0,1
29941,29943,3,1,1,1
29955,29957,3,2,0,1
29960,29961,2,1,0,1
30013,30016,4,1,2,1
30017,30018,2,1,0,1
30019,30020,2,1,0,1
30021,30023,3,2,0,1
30043,30044,2,1,0,1
30045,30047,3,1,1,1
30048,30051,4,3,0,1
30101,30105,5,3,1,1
30113,30118,6,5,0,1
30126,30128,3,2,0,1
30129,30131,3,1,1,1
30145,30146,2,1,0,1
30159,30164,6,4,1,1
30177,30179,3,2,0,1
30196,30198,3,2,0,1
30201,30202,2,1,0,1
30215,30221,7,5,1,1
30238,30244,7,5,1,1
30264,30267,4,2,1,1
30310,30313,4,3,0,1
30314,30315,2,1,0,1
30334,30339,6,5,0,1
30343,30348,6,3,2,1
30352,30353,2,1,0,1
30361,30365,5,3,1,1
30394,30395,2,1,0,1
30406,30407,2,1,0,1
30418,30422,5,3,1,1
30423,30425,3,2,0,1
30434,30439,6,5,0,1
30499,30503,5,4,0,1
30505,30507,3,2,0,1
30509,30512,4,3,0,1
30516,30520,5,4,0,1
30537,30539,3,2,0,1
30569,30576,8,5,2,1
30577,30579,3,1,1,1
30594,30595,2,1,0,1
30650,30651,2,1,0,1
30659,30660,2,1,0,1
30667,30668,2,1,0,1
30669,30674,6,5,0,1
30699,30704,6,5,0,1
30709,30713,5,3,1,1
30764,30768,5,4,0,1
30772,30773,2,1,0,1
30812,30814,3,2,0,1
30820,30825,6,5,0,1
30845,30850,6,4,1,1
30855,30857,3,2,0,1
30879,30884,6,5,0,1
30890,30895,6,5,0,1
30906,30907,2,1,0,1
30913,30916,4,2,0,2
30917,30919,3,1,1,1
30956,30958,3,2,0,1
30960,30963,4,3,0,1
30988,30990,3,1,1,1
30999,31002,4,3,0,1
31015,31017,3,2,0,1
31029,31031,3,2,0,1
31082,31086,5,3,0,2
31108,31110,3,2,0,1
31115,31116,2,1,0,1
31132,31133,2,1,0,1
31150,31155,6,5,0,1
31163,31166,4,1,2,1
31206,31211,6,2,3,1
31227,31234,8,5,2,1
31235,31239,5,4,0,1
31240,31245,6,5,0,1
31339,31341,3,2,0,1
31347,31348,2,1,0,1
31365,31366,2,1,0,1
31369,31373,5,3,1,1
31376,31378,3,1,1,1
31383,31386,4,3,0,1
31388,31389,2,1,0,1
31409,31410,2,1,0,1
31411,31414,4,2,0,2
31419,31421,3,2,0,1
31438,31440,3,1,1,1
31446,31448,3,2,0,1
31453,31455,3,1,1,1
31460,31461,2,1,0,1
31498,31499,2,1,0,1
31506,31511,6,5,0,1
31541,31542,2,1,0,1
31561,31563,3,1,1,1
31587,31588,2,1,0,1
31592,31593,2,1,0,1
31599,31602,4,3,0,1
31609,31610,2,1,0,1
31625,31626,2,1,0,1
31629,31633,5,3,1,1
31648,31650,3,2,0,1
31654,31657,4,3,0,1
31661,31663,3,2,0,1
31672,31675,4,2,0,2
31686,31688,3,2,0,1
31700,31702,3,1,1,1
31703,31705,3,2,0,1
31709,31714,6,5,0,1
31717,31720,4,3,0,1
31731,31736,6,5,0,1
31743,31744,2,1,0,1
31749,31754,6,3,2,1
31757,31760,4,3,0,1
31766,31770,5,4,0,1
31788,31792,5,3,1,1
31821,31824,4,2,0,2
31825,31829,5,4,0,1
31830,31831,2,1,0,1
31833,31836,4,3,0,1
31855,31858,4,2,1,1
31861,31862,2,1,0,1
31880,31881,2,1,0,1
31882,31885,4,3,0,1
31966,31969,4,2,1,1
31995,31998,4,3,0,1
32006,32007,2,1,0,1
32034,32037,4,3,0,1
32047,32048,2,1,0,1
32049,32054,6,5,0,1
32060,32062,3,2,0,1
32063,32067,5,4,0,1
32098,32101,4,2,1,1
32121,32125,5,4,0,1
32143,32148,6,5,0,1
32171,32176,6,5,0,1
32177,32178,2,1,0,1
32207,32209,3,2,0,1
32259,32267,9,5,1,3
32344,32348,5,3,1,1
32374,32375,2,1,0,1
32376,32378,3,2,0,1
32387,32388,2,1,0,1
32389,32390,2,1,0,1
32392,32394,3,2,0,1
32405,32410,6,5,0,1
32415,32418,4,3,0,1
32443,32447,5,4,0,1
32520,32522,3,1,1,1
32539,32541,3,1,0,2
32557,32559,3,1,1,1
32566,32569,4,2,0,2
32575,32576,2,1,0,1
32595,32597,3,1,1,1
32598,32600,3,2,0,1
32605,32610,6,2,2,2
32637,32639,3,1,1,1
32659,32663,5,4,0,1
32709,32711,3,1,1,1
32733,32736,4,3,0,1
32737,32740,4,3,0,1
32774,32776,3,1,1,1
32787,32789,3,1,1,1
32790,32792,3,2,0,1
32808,32810,3,1,1,1
32819,32820,2,1,0,1
32835,32839,5,2,1,2
32849,32854,6,5,0,1
32859,32861,3,1,1,1
32864,32865,2,1,0,1
32886,32888,3,1,1,1
32889,32892,4,2,1,1
32947,32948,2,1,0,1
32949,32950,2,1,0,1
32962,32963,2,1,0,1
32967,32969,3,2,0,1
32994,32997,4,3,0,1
33000,33004,5,4,0,1
33036,33037,2,1,0,1
33057,33060,4,2,1,1
33118,33120,3,2,0,1
33137,33140,4,3,0,1
33147,33148,2,1,0,1
33173,33174,2,1,0,1
33183,33188,6,5,0,1
33200,33203,4,3,0,1
33214,33216,3,2,0,1
33218,33220,3,2,0,1
33234,33237,4,1,1,2
33238,33239,2,1,0,1
33260,33266,7,4,2,1
33271,33274,4,2,1,1
33281,33282,2,1,0,1
33292,33295,4,2,1,1
33310,33312,3,2,0,1
33328,33332,5,3,1,1
33333,33334,2,1,0,1
33349,33354,6,5,0,1
33357,33362,6,5,0,1
33366,33368,3,2,0,1
33378,33381,4,2,1,1
33382,33385,4,3,0,1
33392,33397,6,4,1,1
33406,33409,4,3,0,1
33421,33422,2,1,0,1
33425,33430,6,5,0,1
33434,33435,2,1,0,1
33438,33441,4,1,2,1
33497,33498,2,1,0,1
33500,33503,4,3,0,1
33515,33519,5,3,1,1
33520,33521,2,1,0,1
33540,33541,2,1,0,1
33555,33557,3,2,0,1
33596,33598,3,1,1,1
33606,33608,3,1,1,1
33614,33615,2,1,0,1
33624,33626,3,1,1,1
33676,33680,5,4,0,1
33698,33699,2,1,0,1
33707,33708,2,1,0,1
33732,33734,3,1,1,1
33750,33754,5,2,2,1
33775,33778,4,1,2,1
33783,33784,2,1,0,1
33792,33796,5,2,1,2
33811,33812,2,1,0,1
33813,33816,4,2,0,2
33823,33827,5,1,3,1
33842,33843,2,1,0,1
33852,33856,5,2,1,2
33875,33878,4,1,2,1
33881,33885,5,1,3,1
33891,33893,3,1,1,1
33900,33902,3,1,0,2
33903,33904,2,1,0,1
33916,33922,7,1,5,1
33950,33953,4,2,1,1
33965,33967,3,1,1,1
33976,33979,4,1,1,2
33981,33984,4,1,2,1
33991,33999,9,2,4,3
34013,34015,3,1,1,1
34023,34024,2,1,0,1
34035,34040,6,1,2,3
34064,34067,4,2,1,1
34068,34072,5,2,1,2
34093,34096,4,1,2,1
34112,34113,2,1,0,1
34160,34162,3,1,0,2
34163,34167,5,2,1,2
34173,34177,5,1,1,3
34180,34181,2,1,0,1
34186,34188,3,1,1,1
34190,34191,2,1,0,1
34192,34194,3,1,0,2
34208,34209,2,1,0,1
34220,34222,3,2,0,1
34231,34233,3,2,0,1
34235,34242,8,2,3,3
34251,34255,5,1,0,4
34265,34267,3,1,1,1
34276,34278,3,1,0,2
34290,34293,4,2,1,1
34294,34298,5,1,0,4
34317,34322,6,2,1,3
34323,34325,3,1,1,1
34328,34329,2,1,0,1
34347,34352,6,1,2,3
34354,34358,5,1,3,1
34375,34379,5,3,1,1
34399,34403,5,1,1,3
34419,34421,3,2,0,1
34435,34439,5,1,3,1
34465,34467,3,1,1,1
34476,34477,2,1,0,1
34485,34486,2,1,0,1
34492,34494,3,1,1,1
34524,34526,3,2,0,1
34531,34532,2,1,0,1
34556,34558,3,1,1,1
34592,34593,2,1,0,1
34596,34598,3,2,0,1
34601,34602,2,1,0,1
34612,34615,4,1,1,2
34624,34628,5,1,0,4
34630,34633,4,1,2,1
34659,34661,3,1,1,1
34670,34671,2,1,0,1
34717,34718,2,1,0,1
34728,34732,5,1,1,3
34747,34750,4,3,0,1
34801,34804,4,2,1,1
34807,34808,2,1,0,1
34812,34813,2,1,0,1
34827,34831,5,2,2,1
34844,34846,3,1,0,2
34863,34864,2,1,0,1
34880,34882,3,2,0,1
34891,34894,4,1,1,2
34912,34913,2,1,0,1
34955,34957,3,1,1,1
34958,34960,3,1,1,1
34976,34977,2,1,0,1
34986,34988,3,1,0,2
35002,35003,2,1,0,1
35029,35031,3,1,0,2
35045,35046,2,1,0,1
35053,35056,4,2,1,1
35105,35106,2,1,0,1
35124,35125,2,1,0,1
35127,35129,3,2,0,1
35158,35160,3,1,1,1
35162,35163,2,1,0,1
35176,35178,3,1,0,2
35198,35200,3,1,0,2
35211,35216,6,1,2,3
35234,35235,2,1,0,1
35265,35266,2,1,0,1
35267,35268,2,1,0,1
35269,35270,2,1,0,1
35288,35291,4,1,1,2
35306,35309,4,1,2,1
35330,35333,4,1,2,1
35334,35335,2,1,0,1
35378,35380,3,1,0,2
35394,35395,2,1,0,1
35417,35419,3,1,1,1
35457,35459,3,2,0,1
35466,35467,2,1,0,1
35493,35496,4,2,0,2
35499,35500,2,1,0,1
35578,35581,4,1,0,3
35582,35586,5,2,1,2
35589,35592,4,2,1,1
35597,35599,3,1,1,1
35619,35620,2,1,0,1
35621,35623,3,1,0,2
35624,35626,3,1,1,1
35642,35644,3,1,1,1
35650,35651,2,1,0,1
35652,35655,4,2,0,2
35667,35669,3,2,0,1
35679,35680,2,1,0,1
35699,35700,2,1,0,1
35746,35747,2,1,0,1
35782,35786,5,1,3,1
35788,35789,2,1,0,1
35795,35797,3,1,1,1
35802,35804,3,1,0,2
35839,35842,4,1,1,2
35860,35863,4,1,1,2
35887,35889,3,1,0,2
35927,35929,3,2,0,1
35931,35937,7,1,5,1
35950,35951,2,1,0,1
35957,35959,3,1,1,1
35975,35979,5,2,1,2
35986,35987,2,1,0,1
36007,36008,2,1,0,1
36054,36055,2,1,0,1
36082,36084,3,1,0,2
36123,36124,2,1,0,1
36134,36135,2,1,0,1
36147,36148,2,1,0,1
36175,36179,5,2,0,3
36207,36209,3,2,0,1
36289,36291,3,1,1,1
36298,36302,5,1,2,2
36360,36363,4,2,0,2
36369,36370,2,1,0,1
36373,36375,3,1,1,1
36393,36396,4,1,1,2
36440,36442,3,1,1,1
36470,36471,2,1,0,1
36505,36506,2,1,0,1
36542,36545,4,2,1,1
36568,36570,3,1,1,1
36615,36617,3,1,0,2
36631,36634,4,1,2,1
36635,36639,5,3,0,2
36659,36662,4,2,1,1
36669,36670,2,1,0,1
36677,36678,2,1,0,1
36679,36680,2,1,0,1
36703,36706,4,2,1,1
36713,36714,2,1,0,1
36732,36734,3,1,1,1
36772,36776,5,1,1,3
36842,36843,2,1,0,1
36846,36847,2,1,0,1
36858,36860,3,1,0,2
36920,36921,2,1,0,1
36928,36931,4,1,1,2
36945,36947,3,1,0,2
37004,37006,3,1,1,1
37039,37043,5,1,3,1
37114,37115,2,1,0,1
37131,37135,5,2,1,2
37197,37201,5,2,1,2
37202,37206,5,1,3,1
37207,37208,2,1,0,1
37251,37253,3,1,0,2
37256,37257,2,1,0,1
37268,37270,3,1,1,1
37282,37284,3,1,1,1
37304,37305,2,1,0,1
37339,37340,2,1,0,1
37342,37345,4,1,2,1
37353,37355,3,1,0,2
37393,37396,4,1,1,2
37413,37414,2,1,0,1
37416,37418,3,1,1,1
37434,37436,3,1,0,2
37437,37438,2,1,0,1
37477,37478,2,1,0,1
37491,37493,3,2,0,1
37511,37514,4,3,0,1
37529,37530,2,1,0,1
37560,37561,2,1,0,1
37587,37589,3,2,0,1
37608,37612,5,1,3,1
37627,37630,4,2,1,1
37695,37697,3,1,0,2
37701,37702,2,1,0,1
37742,37745,4,1,1,2
37749,37755,7,2,2,3
37775,37777,3,1,1,1
37791,37793,3,1,0,2
37797,37799,3,1,0,2
37800,37801,2,1,0,1
37856,37859,4,2,0,2
37879,37880,2,1,0,1
37897,37898,2,1,0,1
37900,37902,3,1,0,2
37982,37986,5,2,2,1
37993,37994,2,1,0,1
38002,38003,2,1,0,1
38016,38017,2,1,0,1
38019,38020,2,1,0,1
38067,38069,3,1,0,2
38074,38075,2,1,0,1
38088,38089,2,1,0,1
38112,38115,4,3,0,1
38158,38161,4,1,1,2
38169,38171,3,2,0,1
38172,38174,3,2,0,1
38262,38263,2,1,0,1
38267,38272,6,1,3,2
38281,38282,2,1,0,1
38296,38297,2,1,0,1
38315,38317,3,2,0,1
38329,38330,2,1,0,1
38345,38348,4,1,1,2
38349,38352,4,1,0,3
38419,38420,2,1,0,1
38423,38425,3,1,1,1
38431,38432,2,1,0,1
38436,38438,3,2,0,1
38472,38474,3,1,0,2
38489,38490,2,1,0,1
38507,38509,3,1,1,1
38563,38566,4,1,0,3
38594,38597,4,1,1,2
38599,38601,3,1,0,2
38655,38656,2,1,0,1
38677,38678,2,1,0,1
38679,38682,4,1,2,1
38699,38700,2,1,0,1
38724,38726,3,1,1,1
38771,38773,3,2,0,1
38775,38777,3,1,0,2
38787,38788,2,1,0,1
38792,38794,3,1,1,1
38814,38818,5,4,0,1
38819,38820,2,1,0,1
38877,38878,2,1,0,1
38906,38908,3,2,0,1
38965,38966,2,1,0,1
38972,38974,3,2,0,1
38978,38980,3,2,0,1
39023,39025,3,1,1,1
39030,39032,3,2,0,1
39037,39038,2,1,0,1
39049,39056,8,1,3,4
39071,39072,2,1,0,1
39092,39095,4,1,1,2
39125,39127,3,1,1,1
39187,39191,5,1,2,2
39197,39198,2,1,0,1
39209,39215,7,3,3,1
39216,39220,5,2,1,2
39231,39233,3,2,0,1
39252,39260,9,3,4,2
39275,39276,2,1,0,1
39297,39299,3,1,0,2
39304,39305,2,1,0,1
39341,39343,3,1,1,1
39356,39358,3,2,0,1
39383,39386,4,1,1,2
39399,39400,2,1,0,1
39410,39414,5,2,2,1
39415,39416,2,1,0,1
39438,39439,2,1,0,1
39473,39475,3,2,0,1
39512,39515,4,1,2,1
39526,39527,2,1,0,1
39528,39531,4,1,1,2
39608,39610,3,1,0,2
39631,39632,2,1,0,1
39655,39656,2,1,0,1
39722,39724,3,2,0,1
39776,39777,2,1,0,1
39840,39841,2,1,0,1
39846,39848,3,1,0,2
39883,39884,2,1,0,1
39899,39901,3,1,0,2
39933,39934,2,1,0,1
39954,39956,3,2,0,1
39978,39988,11,2,7,2
39997,39998,2,1,0,1
40027,40028,2,1,0,1
40030,40032,3,1,0,2
40039,40040,2,1,0,1
40058,40059,2,1,0,1
40064,40067,4,2,0,2
40078,40080,3,1,1,1
40109,40110,2,1,0,1
40126,40128,3,1,0,2
40130,40131,2,1,0,1
40183,40184,2,1,0,1
40185,40189,5,2,0,3
40204,40205,2,1,0,1
40219,40223,5,1,2,2
40236,40237,2,1,0,1
40246,40247,2,1,0,1
40255,40257,3,1,0,2
40285,40286,2,1,0,1
40287,40290,4,1,2,1
40333,40334,2,1,0,1
40337,40338,2,1,0,1
40352,40356,5,1,3,1
40362,40367,6,2,1,3
40388,40391,4,2,0,2
40462,40463,2,1,0,1
40483,40484,2,1,0,1
40501,40502,2,1,0,1
40506,40507,2,1,0,1
40513,40515,3,2,0,1
40544,40546,3,1,1,1
40602,40605,4,2,1,1
40634,40636,3,1,0,2
40641,40644,4,2,0,2
40661,40663,3,1,0,2
40708,40709,2,1,0,1
40775,40777,3,2,0,1
40785,40786,2,1,0,1
40819,40820,2,1,0,1
40825,40826,2,1,0,1
40860,40861,2,1,0,1
40913,40915,3,1,1,1
40935,40936,2,1,0,1
40976,40978,3,1,0,2
40984,40985,2,1,0,1
40986,40987,2,1,0,1
40991,40992,2,1,0,1
41033,41034,2,1,0,1
41044,41046,3,2,0,1
41085,41086,2,1,0,1
41101,41102,2,1,0,1
41118,41121,4,1,1,2
41124,41127,4,1,2,1
41137,41139,3,1,1,1
41184,41186,3,2,0,1
41236,41239,4,2,0,2
41251,41253,3,1,0,2
41291,41292,2,1,0,1
41313,41314,2,1,0,1
41325,41326,2,1,0,1
41348,41349,2,1,0,1
41358,41359,2,1,0,1
41362,41363,2,1,0,1
41378,41379,2,1,0,1
41393,41396,4,2,0,2
41399,41400,2,1,0,1
41403,41404,2,1,0,1
41423,41426,4,2,1,1
41427,41428,2,1,0,1
41433,41437,5,1,3,1
41439,41443,5,1,2,2
41457,41459,3,1,1,1
41462,41465,4,1,2,1
41511,41513,3,1,0,2
41520,41522,3,1,1,1
41553,41555,3,2,0,1
41567,41569,3,1,1,1
41570,41576,7,2,3,2
41628,41630,3,2,0,1
41640,41642,3,1,0,2
41646,41649,4,1,0,3
41674,41675,2,1,0,1
41691,41693,3,1,0,2
41711,41712,2,1,0,1
41748,41750,3,1,1,1
41753,41754,2,1,0,1
41755,41756,2,1,0,1
41787,41788,2,1,0,1
41795,41797,3,1,0,2
41812,41814,3,1,0,2
41848,41849,2,1,0,1
41857,41858,2,1,0,1
41866,41868,3,2,0,1
41878,41879,2,1,0,1
41895,41898,4,1,1,2
41915,41917,3,1,1,1
41930,41931,2,1,0,1
42050,42052,3,1,0,2
42067,42069,3,1,1,1
42075,42076,2,1,0,1
42164,42165,2,1,0,1
42183,42184,2,1,0,1
42189,42191,3,1,1,1
42203,42205,3,1,1,1
42226,42227,2,1,0,1
42233,42235,3,1,1,1
42253,42257,5,1,3,1
42300,42303,4,1,2,1
42304,42307,4,1,2,1
42357,42365,9,1,6,2
42367,42369,3,1,1,1
42372,42377,6,1,1,4
42384,42385,2,1,0,1
42394,42396,3,1,1,1
42397,42401,5,1,2,2
42405,42409,5,1,3,1
42417,42421,5,1,1,3
42422,42425,4,1,2,1
42426,42428,3,1,0,2
42429,42430,2,1,0,1
42434,42437,4,1,0,3
42445,42446,2,1,0,1
42447,42448,2,1,0,1
42457,42460,4,2,1,1
42483,42484,2,1,0,1
42504,42505,2,1,0,1
42506,42510,5,3,1,1
42524,42527,4,1,2,1
42528,42530,3,1,0,2
42545,42547,3,1,1,1
42549,42550,2,1,0,1
42564,42567,4,2,0,2
42569,42573,5,1,2,2
42576,42580,5,1,0,4
42589,42592,4,2,0,2
42593,42594,2,1,0,1
42601,42603,3,2,0,1
42613,42617,5,1,1,3
42629,42630,2,1,0,1
42642,42643,2,1,0,1
42644,42646,3,1,0,2
42657,42662,6,1,3,2
42672,42673,2,1,0,1
42676,42677,2,1,0,1
42679,42680,2,1,0,1
42694,42695,2,1,0,1
42700,42704,5,2,0,3
42705,42707,3,1,1,1
42718,42720,3,1,0,2
42733,42734,2,1,0,1
42738,42740,3,2,0,1
42761,42762,2,1,0,1
42769,42770,2,1,0,1
42779,42780,2,1,0,1
42807,42810,4,1,1,2
42831,42835,5,2,2,1
42843,42847,5,1,2,2
42862,42863,2,1,0,1
42867,42870,4,1,2,1
42873,42875,3,1,0,2
42878,42881,4,3,0,1
42882,42883,2,1,0,1
42895,42897,3,1,1,1
42907,42910,4,1,0,3
42911,42912,2,1,0,1
42919,42920,2,1,0,1
42923,42925,3,1,1,1
42932,42936,5,1,3,1
42959,42960,2,1,0,1
42973,42976,4,1,1,2
42977,42981,5,2,1,2
42982,42983,2,1,0,1
42992,42994,3,1,0,2
43005,43007,3,2,0,1
43014,43016,3,1,0,2
43028,43031,4,2,1,1
43042,43045,4,1,2,1
43117,43119,3,1,1,1
43126,43128,3,1,0,2
43139,43141,3,1,1,1
43171,43172,2,1,0,1
43212,43213,2,1,0,1
43225,43228,4,1,2,1
43240,43241,2,1,0,1
43262,43263,2,1,0,1
43302,43309,8,1,6,1
43328,43330,3,1,1,1
43337,43338,2,1,0,1
43352,43355,4,2,0,2
43399,43400,2,1,0,1
43422,43424,3,1,0,2
43425,43428,4,1,2,1
43429,43430,2,1,0,1
43434,43437,4,2,1,1
43446,43447,2,1,0,1
43448,43450,3,1,0,2
43453,43456,4,1,1,2
43468,43471,4,1,2,1
43500,43503,4,1,0,3
43509,43510,2,1,0,1
43517,43521,5,1,2,2
43547,43548,2,1,0,1
43553,43554,2,1,0,1
43573,43575,3,2,0,1
43594,43596,3,1,1,1
43599,43600,2,1,0,1
43620,43622,3,1,1,1
43624,43625,2,1,0,1
43651,43654,4,1,2,1
43658,43659,2,1,0,1
43664,43666,3,1,1,1
43695,43698,4,1,0,3
43699,43701,3,2,0,1
43714,43719,6,2,3,1
43729,43733,5,2,0,3
43746,43749,4,1,1,2
43751,43753,3,2,0,1
43768,43770,3,1,0,2
43775,43777,3,1,1,1
43786,43789,4,1,1,2
43793,43794,2,1,0,1
43798,43799,2,1,0,1
43834,43835,2,1,0,1
43851,43856,6,2,3,1
43917,43921,5,1,3,1
43943,43947,5,1,2,2
43954,43956,3,1,1,1
43957,43958,2,1,0,1
43961,43964,4,1,2,1
43994,43995,2,1,0,1
44047,44050,4,2,1,1
44051,44052,2,1,0,1
44053,44056,4,1,0,3
44077,44078,2,1,0,1
44086,44087,2,1,0,1
44089,44092,4,1,0,3
44128,44131,4,2,0,2
44137,44138,2,1,0,1
44148,44149,2,1,0,1
44150,44151,2,1,0,1
44199,44200,2,1,0,1
44202,44204,3,1,0,2
44226,44227,2,1,0,1
44242,44243,2,1,0,1
44251,44252,2,1,0,1
44267,44269,3,1,1,1
44304,44307,4,1,1,2
44323,44326,4,1,0,3
44384,44387,4,1,2,1
44399,44402,4,2,1,1
44430,44433,4,3,0,1
44437,44439,3,1,1,1
44448,44450,3,1,1,1
44455,44458,4,2,0,2
44473,44474,2,1,0,1
44481,44482,2,1,0,1
44498,44499,2,1,0,1
44508,44509,2,1,0,1
44514,44516,3,2,0,1
44534,44536,3,2,0,1
44592,44594,3,1,1,1
44603,44605,3,1,1,1
44627,44628,2,1,0,1
44639,44640,2,1,0,1
44647,44648,2,1,0,1
44652,44654,3,1,1,1
44657,44659,3,2,0,1
44677,44679,3,1,0,2
44683,44685,3,1,1,1
44724,44725,2,1,0,1
44735,44739,5,2,1,2
44759,44761,3,1,0,2
44765,44766,2,1,0,1
44768,44769,2,1,0,1
44791,44794,4,1,2,1
44798,44800,3,1,1,1
44811,44813,3,1,1,1
44833,44834,2,1,0,1
44845,44847,3,1,1,1
44903,44909,7,1,5,1
44930,44931,2,1,0,1
44967,44972,6,2,3,1
44977,44979,3,1,0,2
44999,45001,3,1,0,2
45046,45051,6,1,2,3
45071,45073,3,1,1,1
45125,45126,2,1,0,1
45146,45149,4,1,0,3
45170,45171,2,1,0,1
45174,45175,2,1,0,1
45189,45190,2,1,0,1
45194,45197,4,1,2,1
45207,45208,2,1,0,1
45222,45226,5,1,2,2
45231,45232,2,1,0,1
45241,45244,4,1,2,1
45265,45266,2,1,0,1
45273,45274,2,1,0,1
45299,45301,3,1,1,1
45337,45338,2,1,0,1
45348,45350,3,1,0,2
45351,45352,2,1,0,1
45389,45391,3,1,1,1
45395,45398,4,1,2,1
45399,45401,3,2,0,1
45402,45405,4,1,2,1
45412,45414,3,1,1,1
45457,45459,3,1,1,1
45502,45504,3,1,1,1
45525,45526,2,1,0,1
45552,45555,4,1,2,1
45568,45571,4,1,2,1
45595,45596,2,1,0,1
45646,45647,2,1,0,1
45651,45652,2,1,0,1
45677,45679,3,2,0,1
45680,45682,3,1,0,2
45692,45693,2,1,0,1
45703,45704,2,1,0,1
45706,45707,2,1,0,1
45712,45714,3,1,1,1
45727,45731,5,1,2,2
45732,45734,3,1,0,2
45753,45754,2,1,0,1
45781,45783,3,1,0,2
45788,45792,5,1,3,1
45805,45809,5,3,0,2
45810,45812,3,1,1,1
45880,45883,4,1,1,2
45901,45903,3,1,1,1
45912,45914,3,1,0,2
45925,45927,3,1,0,2
45971,45973,3,1,0,2
46010,46011,2,1,0,1
46072,46073,2,1,0,1
46098,46100,3,1,1,1
46103,46105,3,1,1,1
46118,46120,3,1,1,1
46124,46125,2,1,0,1
46128,46132,5,1,3,1
46138,46141,4,1,0,3
46147,46152,6,1,4,1
46180,46183,4,2,1,1
46185,46187,3,1,1,1
46200,46202,3,1,0,2
46224,46227,4,2,1,1
46248,46249,2,1,0,1
46263,46264,2,1,0,1
46277,46279,3,1,0,2
46294,46295,2,1,0,1
46408,46409,2,1,0,1
46412,46413,2,1,0,1
46432,46436,5,1,3,1
46437,46438,2,1,0,1
46474,46475,2,1,0,1
46537,46542,6,2,3,1
46543,46546,4,2,1,1
46603,46604,2,1,0,1
46612,46613,2,1,0,1
46616,46618,3,1,1,1
46637,46639,3,2,0,1
46653,46654,2,1,0,1
46675,46676,2,1,0,1
46688,46690,3,1,0,2
46698,46700,3,1,1,1
46701,46702,2,1,0,1
46754,46755,2,1,0,1
46756,46760,5,3,1,1
46769,46771,3,2,0,1
46827,46828,2,1,0,1
46835,46837,3,1,1,1
46898,46899,2,1,0,1
46904,46908,5,3,1,1
46912,46917,6,3,1,2
46926,46927,2,1,0,1
47018,47020,3,1,1,1
47041,47044,4,1,0,3
47050,47052,3,2,0,1
47084,47087,4,3,0,1
47117,47119,3,1,1,1
47157,47159,3,1,0,2
47163,47164,2,1,0,1
47171,47173,3,1,1,1
47177,47178,2,1,0,1
47225,47228,4,1,1,2
47249,47250,2,1,0,1
47258,47260,3,1,0,2
47317,47320,4,1,0,3
47331,47335,5,2,2,1
47336,47337,2,1,0,1
47346,47348,3,2,0,1
47355,47357,3,1,0,2
47369,47371,3,1,1,1
47453,47455,3,1,0,2
47474,47477,4,2,0,2
47561,47565,5,1,3,1
47579,47580,2,1,0,1
47590,47592,3,1,1,1
47691,47695,5,3,0,2
47719,47721,3,1,0,2
47728,47730,3,1,0,2
47815,47816,2,1,0,1
47818,47820,3,1,1,1
47858,47859,2,1,0,1
47868,47873,6,3,1,2
47891,47892,2,1,0,1
47895,47900,6,2,2,2
47904,47906,3,2,0,1
47913,47914,2,1,0,1
47917,47920,4,2,1,1
47926,47927,2,1,0,1
47932,47933,2,1,0,1
47934,47935,2,1,0,1
47939,47940,2,1,0,1
47961,47964,4,2,1,1
47968,47971,4,3,0,1
48002,48005,4,3,0,1
48006,48010,5,3,0,2
48020,48022,3,1,1,1
48063,48066,4,1,1,2
48135,48136,2,1,0,1
48182,48183,2,1,0,1
48215,48216,2,1,0,1
48228,48230,3,2,0,1
48271,48272,2,1,0,1
48459,48463,5,1,0,4
48469,48470,2,1,0,1
48565,48566,2,1,0,1
48571,48572,2,1,0,1
48645,48647,3,1,0,2
48704,48705,2,1,0,1
48863,48865,3,1,1,1
48878,48879,2,1,0,1
48908,48910,3,1,0,2
48938,48940,3,1,0,2
48946,48950,5,1,1,3
48952,48954,3,1,0,2
48955,48957,3,1,1,1
49011,49012,2,1,0,1
49057,49058,2,1,0,1
49074,49075,2,1,0,1
49088,49091,4,1,1,2
49092,49094,3,1,0,2
49113,49114,2,1,0,1
49121,49123,3,1,0,2
49130,49134,5,1,0,4
49143,49144,2,1,0,1
49205,49209,5,3,0,2
49223,49225,3,1,1,1
49252,49257,6,1,1,4
49262,49264,3,2,0,1
49265,49267,3,2,0,1
49288,49289,2,1,0,1
49290,49292,3,2,0,1
49294,49298,5,1,0,4
49323,49327,5,2,2,1
49328,49329,2,1,0,1
49342,49343,2,1,0,1
49381,49382,2,1,0,1
49388,49390,3,1,0,2
49391,49392,2,1,0,1
49393,49394,2,1,0,1
49405,49409,5,3,0,2
49426,49431,6,5,0,1
49512,49513,2,1,0,1
49514,49516,3,2,0,1
49518,49521,4,1,2,1
49525,49527,3,1,1,1
49582,49584,3,1,1,1
49676,49678,3,1,0,2
49683,49684,2,1,0,1
49691,49694,4,1,1,2
49696,49701,6,1,2,3
49705,49706,2,1,0,1
49711,49715,5,1,3,1
49716,49728,13,1,3,9
49730,49733,4,1,0,3
49734,49739,6,2,1,3
49759,49760,2,1,0,1
49772,49774,3,1,1,1
49816,49820,5,1,3,1
49836,49840,5,1,3,1
49860,49861,2,1,0,1
49868,49870,3,1,1,1
49891,49893,3,1,1,1
49903,49906,4,1,2,1
49953,49955,3,1,1,1
49963,49965,3,1,1,1
49985,49987,3,1,0,2
50057,50059,3,1,0,2
50072,50077,6,1,0,5
50079,50080,2,1,0,1
50152,50153,2,1,0,1
50239,50246,8,1,1,6
50247,50248,2,1,0,1
50272,50275,4,2,0,2
50396,50397,2,1,0,1
50424,50425,2,1,0,1
50435,50437,3,1,1,1
50465,50469,5,1,0,4
50503,50505,3,1,0,2
50517,50519,3,2,0,1
50586,50588,3,2,0,1
50595,50601,7,1,5,1
50660,50661,2,1,0,1
50664,50666,3,1,1,1
50670,50673,4,2,1,1
50757,50759,3,2,0,1
50764,50765,2,1,0,1
50859,50861,3,2,0,1
51075,51077,3,1,1,1
51092,51093,2,1,0,1
51103,51108,6,1,0,5
51128,51129,2,1,0,1
51138,51139,2,1,0,1
51142,51144,3,2,0,1
51175,51177,3,1,1,1
51186,51187,2,1,0,1
51206,51208,3,1,0,2
51211,51213,3,1,1,1
51221,51223,3,1,0,2
51253,51257,5,2,0,3
51282,51285,4,1,0,3
51350,51351,2,1,0,1
51375,51376,2,1,0,1
51377,51380,4,1,0,3
51415,51419,5,3,0,2
51431,51434,4,1,1,2
51440,51442,3,1,1,1
51462,51466,5,2,2,1
51479,51481,3,1,1,1
51543,51545,3,1,0,2
51550,51551,2,1,0,1
51749,51751,3,1,0,2
51754,51756,3,1,0,2
51766,51768,3,1,0,2
51782,51784,3,1,0,2
51820,51821,2,1,0,1
51857,51860,4,1,0,3
51924,51926,3,1,0,2
51929,51931,3,1,0,2
51933,51934,2,1,0,1
51943,51944,2,1,0,1
51957,51958,2,1,0,1
52030,52032,3,1,1,1
52046,52047,2,1,0,1
52060,52062,3,1,0,2
52250,52251,2,1,0,1
52272,52274,3,2,0,1
52275,52279,5,1,1,3
52391,52395,5,2,1,2
52396,52399,4,1,0,3
52622,52624,3,2,0,1
52637,52638,2,1,0,1
52654,52658,5,1,1,3
52717,52721,5,1,3,1
52731,52732,2,1,0,1
52782,52783,2,1,0,1
52838,52844,7,1,2,4
52932,52933,2,1,0,1
52935,52936,2,1,0,1
52969,52971,3,1,1,1
53032,53033,2,1,0,1
53048,53051,4,2,1,1
53078,53079,2,1,0,1
53091,53092,2,1,0,1
53121,53123,3,1,1,1
53132,53134,3,1,1,1
53176,53177,2,1,0,1
53183,53185,3,1,0,2
53204,53207,4,1,1,2
53215,53216,2,1,0,1
53220,53224,5,2,1,2
53235,53236,2,1,0,1
53249,53253,5,1,2,2
53305,53307,3,1,0,2
53313,53316,4,1,1,2
53421,53423,3,1,1,1
53455,53458,4,1,2,1
53496,53497,2,1,0,1
53531,53533,3,1,1,1
53548,53551,4,1,1,2
53577,53581,5,2,1,2
53587,53588,2,1,0,1
53635,53636,2,1,0,1
53661,53662,2,1,0,1
53683,53684,2,1,0,1
53691,53692,2,1,0,1
53701,53702,2,1,0,1
53750,53753,4,2,0,2
53755,53758,4,1,0,3
53776,53779,4,1,1,2
53820,53824,5,1,1,3
53872,53873,2,1,0,1
53912,53915,4,2,0,2
53921,53922,2,1,0,1
53932,53935,4,1,0,3
53941,53942,2,1,0,1
53985,53989,5,1,0,4
54056,54057,2,1,0,1
54094,54095,2,1,0,1
54096,54098,3,1,1,1
54179,54180,2,1,0,1
54181,54182,2,1,0,1
54210,54211,2,1,0,1
54222,54225,4,1,1,2
54292,54293,2,1,0,1
54343,54344,2,1,0,1
54371,54375,5,1,0,4
54486,54488,3,1,0,2
54569,54570,2,1,0,1
54620,54621,2,1,0,1
54643,54645,3,1,0,2
54676,54677,2,1,0,1
54743,54744,2,1,0,1
54754,54758,5,1,1,3
54808,54810,3,1,1,1
54830,54832,3,2,0,1
54876,54878,3,1,0,2
54983,54985,3,1,0,2
54987,54988,2,1,0,1
55082,55083,2,1,0,1
55084,55085,2,1,0,1
55115,55117,3,1,0,2
55135,55137,3,1,0,2
55177,55178,2,1,0,1
55217,55221,5,1,1,3
55283,55284,2,1,0,1
55308,55309,2,1,0,1
55378,55379,2,1,0,1
55411,55412,2,1,0,1
55431,55432,2,1,0,1
55436,55437,2,1,0,1
55485,55487,3,1,1,1
55490,55491,2,1,0,1
55504,55508,5,1,1,3
55523,55525,3,1,1,1
55625,55626,2,1,0,1
55657,55661,5,1,0,4
55679,55683,5,1,1,3
55696,55697,2,1,0,1
55724,55728,5,1,3,1
55827,55828,2,1,0,1
55849,55851,3,1,1,1
55877,55879,3,1,1,1
55925,55926,2,1,0,1
55929,55930,2,1,0,1
56024,56026,3,1,1,1
56213,56214,2,1,0,1
56218,56219,2,1,0,1
56244,56246,3,1,0,2
56272,56274,3,2,0,1
56278,56281,4,1,1,2
56297,56298,2,1,0,1
56339,56340,2,1,0,1
56381,56382,2,1,0,1
56406,56408,3,1,1,1
56411,56412,2,1,0,1
56449,56451,3,2,0,1
56518,56521,4,1,0,3
56539,56540,2,1,0,1
56558,56560,3,1,0,2
56627,56628,2,1,0,1
56639,56643,5,2,1,2
56644,56648,5,1,0,4
56661,56662,2,1,0,1
56691,56693,3,2,0,1
56765,56766,2,1,0,1
56774,56775,2,1,0,1
56846,56848,3,1,1,1
56861,56862,2,1,0,1
56909,56910,2,1,0,1
56933,56937,5,1,0,4
56976,56980,5,1,1,3
56994,56999,6,1,4,1
57038,57042,5,3,0,2
57059,57060,2,1,0,1
57064,57067,4,1,0,3
57170,57172,3,1,1,1
57202,57205,4,3,0,1
57221,57223,3,1,0,2
57225,57226,2,1,0,1
57253,57256,4,1,2,1
57305,57307,3,1,1,1
57313,57314,2,1,0,1
57328,57329,2,1,0,1
57335,57338,4,2,0,2
57342,57344,3,1,0,2
57354,57356,3,1,1,1
57358,57361,4,1,0,3
57379,57380,2,1,0,1
57387,57390,4,3,0,1
57417,57419,3,2,0,1
57455,57456,2,1,0,1
57619,57620,2,1,0,1
57660,57662,3,2,0,1
57715,57716,2,1,0,1
57758,57762,5,2,0,3
57802,57803,2,1,0,1
57880,57881,2,1,0,1
57883,57885,3,2,0,1
57894,57896,3,1,0,2
57899,57901,3,1,1,1
57921,57923,3,2,0,1
57944,57946,3,2,0,1
57950,57958,9,4,4,1
58018,58021,4,3,0,1
58047,58049,3,1,1,1
58055,58056,2,1,0,1
58069,58074,6,5,0,1
58130,58133,4,1,2,1
58158,58159,2,1,0,1
58160,58162,3,2,0,1
58185,58186,2,1,0,1
58200,58205,6,5,0,1
58218,58219,2,1,0,1
58245,58248,4,3,0,1
58252,58254,3,1,1,1
58255,58258,4,1,2,1
58274,58276,3,1,1,1
58280,58283,4,3,0,1
58306,58310,5,2,2,1
58353,58355,3,2,0,1
58366,58369,4,1,0,3
58373,58375,3,2,0,1
58387,58389,3,2,0,1
58407,58411,5,2,2,1
58412,58415,4,3,0,1
58421,58422,2,1,0,1
58426,58427,2,1,0,1
58444,58445,2,1,0,1
58457,58458,2,1,0,1
58480,58485,6,5,0,1
58525,58526,2,1,0,1
58535,58540,6,5,0,1
58549,58550,2,1,0,1
58614,58616,3,2,0,1
58636,58641,6,3,2,1
58642,58645,4,2,1,1
58646,58648,3,2,0,1
58649,58651,3,2,0,1
58667,58669,3,1,1,1
58694,58699,6,1,4,1
58704,58706,3,1,1,1
58714,58715,2,1,0,1
58735,58738,4,2,0,2
58752,58756,5,2,1,2
58764,58767,4,3,0,1
58768,58771,4,1,1,2
58855,58857,3,1,1,1
58858,58859,2,1,0,1
58860,58865,6,3,2,1
58876,58879,4,1,2,1
58892,58893,2,1,0,1
58900,58905,6,4,0,2
58906,58908,3,1,1,1
58913,58914,2,1,0,1
58921,58924,4,1,1,2
58937,58938,2,1,0,1
58944,58949,6,5,0,1
58960,58965,6,5,0,1
58968,58971,4,2,1,1
58980,58981,2,1,0,1
59015,59017,3,2,0,1
59024,59027,4,2,1,1
59034,59040,7,3,3,1
59047,59048,2,1,0,1
59051,59053,3,1,1,1
59074,59075,2,1,0,1
59086,59087,2,1,0,1
59126,59127,2,1,0,1
59144,59147,4,1,1,2
59181,59182,2,1,0,1
59204,59208,5,1,2,2
59249,59250,2,1,0,1
59266,59272,7,5,1,1
59277,59282,6,5,0,1
59284,59286,3,2,0,1
59295,59297,3,1,0,2
59310,59311,2,1,0,1
59329,59332,4,2,1,1
59336,59339,4,2,1,1
59342,59346,5,3,0,2
59348,59350,3,1,0,2
59362,59366,5,1,3,1
59386,59388,3,1,1,1
59392,59395,4,2,1,1
59402,59403,2,1,0,1
59409,59410,2,1,0,1
59416,59417,2,1,0,1
59418,59421,4,1,2,1
59441,59443,3,1,1,1
59466,59467,2,1,0,1
59472,59481,10,1,1,8
59494,59496,3,2,0,1
59503,59504,2,1,0,1
59542,59543,2,1,0,1
59553,59555,3,1,0,2
59558,59563,6,1,4,1
59564,59570,7,1,5,1
59573,59577,5,4,0,1
59586,59587,2,1,0,1
59588,59591,4,2,1,1
59604,59607,4,1,1,2
59626,59629,4,1,2,1
59648,59649,2,1,0,1
59670,59676,7,2,3,2
59700,59706,7,1,4,2
59710,59711,2,1,0,1
59785,59787,3,1,0,2
59815,59821,7,1,3,3
59822,59826,5,1,3,1
59842,59843,2,1,0,1
59850,59855,6,2,3,1
59860,59861,2,1,0,1
59875,59888,14,3,7,4
59893,59896,4,3,0,1
59911,59912,2,1,0,1
59918,59919,2,1,0,1
59920,59921,2,1,0,1
59922,59924,3,1,0,2
59925,59928,4,2,0,2
59935,59936,2,1,0,1
59947,59949,3,1,1,1
59950,59952,3,1,0,2
59968,59970,3,2,0,1
59980,59983,4,2,0,2
60001,60004,4,1,0,3
60025,60026,2,1,0,1
60044,60046,3,1,1,1
60064,60072,9,1,0,8
60073,60075,3,1,1,1
60092,60094,3,1,1,1
60098,60099,2,1,0,1
60105,60107,3,1,1,1
60108,60112,5,3,1,1
60123,60124,2,1,0,1
60137,60139,3,1,0,2
60161,60163,3,1,0,2
60176,60177,2,1,0,1
60184,60193,10,1,8,1
60197,60198,2,1,0,1
60215,60224,10,2,5,3
60227,60232,6,3,2,1
60257,60259,3,1,1,1
60297,60302,6,1,3,2
60332,60336,5,2,1,2
60364,60366,3,1,1,1
60367,60369,3,2,0,1
60375,60378,4,1,2,1
60402,60403,2,1,0,1
60412,60416,5,1,3,1
60452,60457,6,2,1,3
60458,60459,2,1,0,1
60562,60570,9,1,7,1
60627,60628,2,1,0,1
60700,60705,6,1,4,1
60728,60730,3,1,1,1
60731,60732,2,1,0,1
60737,60741,5,3,1,1
60747,60750,4,3,0,1
60764,60765,2,1,0,1
60777,60778,2,1,0,1
60791,60794,4,1,1,2
60797,60799,3,1,0,2
60927,60928,2,1,0,1
60942,60945,4,1,2,1
60947,60949,3,1,1,1
60960,60966,7,5,1,1
60974,60980,7,5,1,1
60986,60987,2,1,0,1
60993,60994,2,1,0,1
60996,60998,3,2,0,1
61014,61018,5,3,1,1
61035,61037,3,2,0,1
61049,61051,3,2,0,1
61059,61063,5,4,0,1
61081,61084,4,1,2,1
61089,61093,5,4,0,1
61099,61105,7,3,3,1
61108,61109,2,1,0,1
61112,61113,2,1,0,1
61115,61118,4,3,0,1
61131,61132,2,1,0,1
61135,61137,3,1,1,1
61173,61178,6,1,4,1
61197,61199,3,2,0,1
61202,61203,2,1,0,1
61210,61213,4,3,0,1
61214,61215,2,1,0,1
61220,61222,3,2,0,1
61235,61237,3,1,0,2
61267,61268,2,1,0,1
61275,61276,2,1,0,1
61315,61319,5,4,0,1
61322,61323,2,1,0,1
61324,61326,3,2,0,1
61336,61339,4,3,0,1
61347,61350,4,2,1,1
61351,61353,3,1,0,2
61361,61366,6,5,0,1
61379,61381,3,1,1,1
61389,61391,3,2,0,1
61406,61408,3,1,0,2
61417,61419,3,1,1,1
61439,61440,2,1,0,1
61442,61443,2,1,0,1
61446,61447,2,1,0,1
61457,61459,3,1,1,1
61460,61463,4,1,2,1
61476,61477,2,1,0,1
61489,61491,3,1,0,2
61492,61493,2,1,0,1
61500,61502,3,2,0,1
61504,61507,4,2,1,1
61533,61534,2,1,0,1
61535,61539,5,3,1,1
61543,61549,7,2,4,1
61550,61552,3,2,0,1
61564,61565,2,1,0,1
61566,61569,4,1,2,1
61588,61595,8,5,1,2
61600,61603,4,1,2,1
61606,61608,3,1,0,2
61610,61612,3,1,1,1
61620,61623,4,3,0,1
61644,61646,3,1,0,2
61651,61653,3,2,0,1
61654,61656,3,1,1,1
61669,61670,2,1,0,1
61671,61674,4,1,2,1
61681,61685,5,3,1,1
61711,61712,2,1,0,1
61720,61721,2,1,0,1
61722,61725,4,2,0,2
61733,61735,3,1,1,1
61743,61745,3,1,1,1
61751,61756,6,4,0,2
61770,61773,4,3,0,1
61790,61795,6,3,1,2
61835,61836,2,1,0,1
61845,61849,5,2,1,2
61850,61854,5,2,2,1
61855,61858,4,1,2,1
61862,61863,2,1,0,1
61877,61878,2,1,0,1
61898,61899,2,1,0,1
61901,61902,2,1,0,1
61911,61917,7,4,0,3
61923,61924,2,1,0,1
61940,61942,3,1,1,1
61952,61955,4,1,1,2
61964,61966,3,1,1,1
61973,61976,4,3,0,1
61981,61982,2,1,0,1
62001,62002,2,1,0,1
62003,62005,3,1,1,1
62017,62020,4,2,1,1
62023,62025,3,1,1,1
62033,62036,4,3,0,1
62062,62069,8,2,3,3
62075,62080,6,5,0,1
62085,62087,3,1,1,1
62107,62113,7,2,3,2
62128,62131,4,1,2,1
62137,62139,3,1,0,2
62157,62159,3,2,0,1
62160,62164,5,1,1,3
62165,62169,5,1,1,3
62173,62177,5,2,2,1
62180,62182,3,1,0,2
62186,62188,3,1,1,1
62199,62202,4,1,2,1
62205,62207,3,1,0,2
62217,62219,3,2,0,1
62223,62226,4,2,1,1
62234,62236,3,1,1,1
62243,62244,2,1,0,1
62249,62250,2,1,0,1
62310,62311,2,1,0,1
62316,62318,3,1,1,1
62323,62329,7,5,1,1
62330,62331,2,1,0,1
62350,62354,5,3,1,1
62358,62361,4,1,2,1
62372,62373,2,1,0,1
62387,62390,4,2,1,1
62395,62397,3,2,0,1
62402,62403,2,1,0,1
62406,62407,2,1,0,1
62409,62411,3,2,0,1
62429,62430,2,1,0,1
62481,62486,6,2,1,3
62489,62493,5,3,1,1
62494,62495,2,1,0,1
62513,62514,2,1,0,1
62550,62552,3,2,0,1
62558,62560,3,2,0,1
62573,62577,5,2,0,3
62583,62586,4,2,0,2
62593,62597,5,2,1,2
62605,62606,2,1,0,1
62608,62614,7,3,3,1
62619,62621,3,2,0,1
62626,62629,4,2,0,2
62636,62639,4,3,0,1
62640,62645,6,3,1,2
62651,62656,6,5,0,1
62666,62667,2,1,0,1
62673,62675,3,1,1,1
62694,62696,3,1,1,1
62717,62719,3,1,0,2
62721,62723,3,2,0,1
62725,62726,2,1,0,1
62732,62734,3,2,0,1
62759,62761,3,1,1,1
62778,62782,5,1,2,2
62783,62788,6,4,1,1
62800,62802,3,2,0,1
62807,62809,3,1,1,1
62810,62812,3,1,1,1
62833,62838,6,5,0,1
62841,62845,5,2,2,1
62856,62857,2,1,0,1
62862,62866,5,1,3,1
62870,62872,3,2,0,1
62891,62893,3,1,1,1
62896,62897,2,1,0,1
62898,62899,2,1,0,1
62901,62902,2,1,0,1
62904,62905,2,1,0,1
62906,62909,4,1,1,2
62926,62929,4,2,1,1
62930,62932,3,2,0,1
62960,62962,3,1,1,1
62965,62970,6,1,4,1
62971,62972,2,1,0,1
62996,62999,4,3,0,1
63001,63002,2,1,0,1
63022,63026,5,1,3,1
63032,63035,4,1,1,2
63042,63045,4,1,2,1
63051,63053,3,1,1,1
63054,63055,2,1,0,1
63065,63069,5,2,2,1
63078,63079,2,1,0,1
63083,63084,2,1,0,1
63085,63087,3,2,0,1
63093,63095,3,2,0,1
63106,63108,3,2,0,1
63128,63130,3,1,1,1
63135,63138,4,1,2,1
63145,63147,3,1,1,1
63162,63164,3,2,0,1
63166,63168,3,1,0,2
63179,63181,3,2,0,1
63183,63184,2,1,0,1
63190,63192,3,2,0,1
63195,63199,5,3,1,1
63202,63210,9,1,7,1
63211,63212,2,1,0,1
63235,63238,4,1,2,1
63242,63246,5,1,2,2
63252,63258,7,2,4,1
63260,63262,3,2,0,1
63282,63283,2,1,0,1
63304,63308,5,1,2,2
63321,63323,3,1,1,1
63326,63330,5,2,0,3
63337,63338,2,1,0,1
63349,63350,2,1,0,1
63355,63358,4,3,0,1
63361,63363,3,2,0,1
63373,63375,3,1,1,1
63395,63398,4,1,2,1
63409,63411,3,2,0,1
63413,63417,5,1,2,2
63421,63423,3,1,0,2
63436,63441,6,2,3,1
63445,63449,5,3,1,1
63456,63461,6,5,0,1
63472,63473,2,1,0,1
63489,63490,2,1,0,1
63495,63497,3,1,1,1
63504,63506,3,2,0,1
63511,63515,5,1,3,1
63538,63539,2,1,0,1
63549,63556,8,3,4,1
63568,63570,3,1,1,1
63575,63578,4,2,1,1
63581,63586,6,2,3,1
63602,63605,4,1,2,1
63612,63616,5,2,2,1
63623,63628,6,5,0,1
63634,63639,6,2,2,2
63646,63648,3,1,0,2
63649,63651,3,1,1,1
63652,63654,3,2,0,1
63657,63658,2,1,0,1
63661,63663,3,1,0,2
63683,63684,2,1,0,1
63685,63686,2,1,0,1
63691,63692,2,1,0,1
63698,63708,11,5,4,2
63717,63718,2,1,0,1
63732,63734,3,1,1,1
63745,63746,2,1,0,1
63749,63751,3,1,0,2
63753,63756,4,2,1,1
63760,63761,2,1,0,1
63773,63775,3,1,0,2
63776,63778,3,2,0,1
63779,63781,3,1,1,1
63783,63785,3,2,0,1
63797,63798,2,1,0,1
63810,63811,2,1,0,1
63824,63826,3,2,0,1
63828,63830,3,1,0,2
63840,63844,5,1,3,1
63851,63853,3,2,0,1
63882,63885,4,1,1,2
63891,63892,2,1,0,1
63895,63897,3,1,1,1
63908,63911,4,1,2,1
63943,63947,5,3,1,1
63958,63959,2,1,0,1
63970,63972,3,2,0,1
63974,63978,5,1,2,2
63982,63983,2,1,0,1
63985,63986,2,1,0,1
64002,64005,4,2,1,1
64020,64021,2,1,0,1
64023,64025,3,1,1,1
64030,64033,4,1,2,1
64035,64038,4,1,2,1
64063,64065,3,1,1,1
64068,64071,4,1,2,1
64078,64080,3,2,0,1
64086,64089,4,1,0,3
64096,64098,3,1,1,1
64100,64102,3,2,0,1
64103,64104,2,1,0,1
64105,64106,2,1,0,1
64108,64109,2,1,0,1
64115,64118,4,1,2,1
64119,64120,2,1,0,1
64129,64134,6,2,3,1
64135,64136,2,1,0,1
64140,64141,2,1,0,1
64143,64145,3,1,0,2
64175,64176,2,1,0,1
64206,64210,5,1,2,2
64216,64218,3,1,0,2
64231,64237,7,2,4,1
64243,64250,8,2,2,4
64253,64255,3,1,0,2
64280,64281,2,1,0,1
64283,64284,2,1,0,1
64293,64294,2,1,0,1
64298,64301,4,1,2,1
64311,64313,3,2,0,1
64363,64365,3,1,1,1
64366,64369,4,1,1,2
64373,64377,5,2,2,1
64381,64383,3,1,0,2
64401,64405,5,2,1,2
64414,64418,5,4,0,1
64426,64428,3,2,0,1
64430,64433,4,3,0,1
64434,64435,2,1,0,1
64439,64442,4,1,2,1
64443,64451,9,2,6,1
64459,64461,3,2,0,1
64467,64468,2,1,0,1
64469,64470,2,1,0,1
64478,64479,2,1,0,1
64483,64484,2,1,0,1
64485,64486,2,1,0,1
64509,64510,2,1,0,1
64513,64514,2,1,0,1
64521,64526,6,1,4,1
64538,64539,2,1,0,1
64540,64544,5,1,3,1
64549,64551,3,1,1,1
64556,64558,3,1,0,2
64566,64567,2,1,0,1
64585,64588,4,2,0,2
64589,64590,2,1,0,1
64591,64595,5,1,3,1
64599,64600,2,1,0,1
64601,64603,3,1,0,2
64606,64607,2,1,0,1
64630,64633,4,2,1,1
64637,64638,2,1,0,1
64663,64664,2,1,0,1
64671,64673,3,1,1,1
64675,64678,4,2,1,1
64682,64685,4,3,0,1
64686,64688,3,2,0,1
64689,64693,5,3,1,1
64708,64709,2,1,0,1
64721,64722,2,1,0,1
64730,64731,2,1,0,1
64737,64743,7,1,5,1
64749,64752,4,1,2,1
64755,64758,4,3,0,1
64759,64761,3,2,0,1
64772,64773,2,1,0,1
64782,64785,4,2,1,1
64797,64799,3,2,0,1
64804,64806,3,1,0,2
64807,64809,3,2,0,1
64815,64818,4,2,0,2
64826,64829,4,1,2,1
64830,64833,4,1,2,1
64835,64838,4,2,0,2
64844,64847,4,1,0,3
64848,64850,3,2,0,1
64858,64860,3,1,1,1
64861,64863,3,2,0,1
64867,64871,5,2,2,1
64883,64884,2,1,0,1
64908,64911,4,1,1,2
64917,64918,2,1,0,1
64919,64921,3,1,1,1
64927,64928,2,1,0,1
64929,64931,3,1,1,1
64946,64948,3,2,0,1
64950,64953,4,1,2,1
64965,64968,4,3,0,1
64975,64977,3,2,0,1
64992,64993,2,1,0,1
65003,65006,4,1,1,2
65020,65021,2,1,0,1
65022,65028,7,4,2,1
65030,65032,3,2,0,1
65041,65042,2,1,0,1
65054,65060,7,1,3,3
65077,65080,4,1,2,1
65084,65086,3,1,1,1
65091,65093,3,1,1,1
65101,65102,2,1,0,1
65103,65107,5,2,2,1
65108,65110,3,2,0,1
65111,65113,3,1,1,1
65120,65122,3,1,1,1
65127,65132,6,3,2,1
65149,65150,2,1,0,1
65158,65159,2,1,0,1
65190,65193,4,2,1,1
65204,65208,5,2,2,1
65210,65214,5,1,3,1
65215,65216,2,1,0,1
65217,65219,3,2,0,1
65221,65223,3,2,0,1
65228,65229,2,1,0,1
65234,65236,3,1,0,2
65237,65239,3,1,0,2
65240,65242,3,2,0,1
65250,65255,6,1,4,1
65276,65277,2,1,0,1
65278,65280,3,1,1,1
65281,65282,2,1,0,1
65283,65287,5,2,2,1
65289,65291,3,2,0,1
65292,65293,2,1,0,1
65312,65314,3,1,1,1
65316,65318,3,1,1,1
65336,65342,7,5,1,1
65352,65357,6,2,3,1
65360,65362,3,1,1,1
65370,65371,2,1,0,1
65377,65383,7,5,1,1
65411,65412,2,1,0,1
65423,65427,5,1,3,1
65440,65443,4,2,0,2
65447,65454,8,1,6,1
65457,65459,3,2,0,1
65463,65467,5,1,3,1
65493,65494,2,1,0,1
65498,65499,2,1,0,1
65538,65544,7,2,4,1
65568,65569,2,1,0,1
65570,65571,2,1,0,1
65593,65595,3,2,0,1
65604,65610,7,5,1,1
65611,65614,4,1,2,1
65616,65620,5,3,0,2
65642,65644,3,2,0,1
65645,65647,3,1,0,2
65652,65653,2,1,0,1
65659,65661,3,2,0,1
65670,65674,5,1,3,1
65715,65717,3,1,1,1
65739,65740,2,1,0,1
65749,65752,4,3,0,1
65771,65773,3,2,0,1
65777,65778,2,1,0,1
65779,65780,2,1,0,1
65784,65785,2,1,0,1
65803,65804,2,1,0,1
65815,65816,2,1,0,1
65833,65838,6,5,0,1
65845,65848,4,3,0,1
65851,65856,6,2,2,2
65858,65859,2,1,0,1
65865,65872,8,1,6,1
65874,65876,3,1,1,1
65881,65888,8,1,6,1
65896,65897,2,1,0,1
65898,65900,3,2,0,1
65904,65907,4,3,0,1
65913,65916,4,2,0,2
65920,65921,2,1,0,1
65922,65923,2,1,0,1
65927,65928,2,1,0,1
65930,65932,3,1,0,2
65937,65939,3,1,0,2
65958,65961,4,2,0,2
65989,65991,3,1,1,1
65992,65993,2,1,0,1
66004,66007,4,3,0,1
66008,66010,3,1,1,1
66067,66069,3,2,0,1
66078,66079,2,1,0,1
66086,66087,2,1,0,1
66092,66094,3,1,1,1
66095,66097,3,1,0,2
66098,66100,3,2,0,1
66101,66103,3,2,0,1
66123,66126,4,1,2,1
66134,66136,3,1,1,1
66139,66141,3,2,0,1
66149,66150,2,1,0,1
66163,66165,3,1,1,1
66174,66177,4,2,1,1
66178,66186,9,4,4,1
66189,66190,2,1,0,1
66206,66208,3,1,1,1
66224,66225,2,1,0,1
66234,66239,6,2,3,1
66249,66252,4,2,1,1
66280,66281,2,1,0,1
66295,66297,3,1,0,2
66307,66310,4,3,0,1
66323,66325,3,1,1,1
66329,66333,5,3,1,1
66340,66341,2,1,0,1
66342,66343,2,1,0,1
66349,66353,5,4,0,1
66354,66357,4,1,1,2
66358,66363,6,3,2,1
66370,66371,2,1,0,1
66372,66374,3,1,1,1
66376,66378,3,2,0,1
66387,66388,2,1,0,1
66396,66398,3,1,0,2
66400,66401,2,1,0,1
66412,66413,2,1,0,1
66418,66423,6,2,2,2
66425,66426,2,1,0,1
66463,66466,4,2,1,1
66479,66481,3,2,0,1
66496,66497,2,1,0,1
66498,66501,4,2,0,2
66546,66548,3,1,0,2
66550,66553,4,1,1,2
66563,66564,2,1,0,1
66590,66592,3,1,1,1
66605,66606,2,1,0,1
66607,66608,2,1,0,1
66627,66628,2,1,0,1
66642,66643,2,1,0,1
66656,66658,3,1,1,1
66675,66677,3,1,1,1
66678,66679,2,1,0,1
66688,66691,4,1,1,2
66697,66698,2,1,0,1
66729,66730,2,1,0,1
66753,66754,2,1,0,1
66755,66760,6,4,1,1
66767,66769,3,1,1,1
66773,66775,3,2,0,1
66777,66780,4,2,0,2
66796,66797,2,1,0,1
66817,66820,4,1,1,2
66821,66822,2,1,0,1
66860,66861,2,1,0,1
66862,66863,2,1,0,1
66865,66869,5,2,2,1
66875,66876,2,1,0,1
66881,66885,5,4,0,1
66893,66895,3,1,1,1
66912,66914,3,1,0,2
66919,66920,2,1,0,1
66926,66928,3,1,0,2
66929,66930,2,1,0,1
66931,66933,3,1,0,2
66979,66980,2,1,0,1
66993,66995,3,2,0,1
66996,66999,4,2,1,1
67009,67010,2,1,0,1
67021,67025,5,3,1,1
67058,67059,2,1,0,1
67061,67063,3,2,0,1
67068,67071,4,1,2,1
67073,67077,5,1,2,2
67078,67080,3,1,0,2
67083,67085,3,1,0,2
67095,67099,5,1,3,1
67100,67105,6,1,4,1
67107,67110,4,1,2,1
67119,67121,3,1,0,2
67133,67135,3,1,1,1
67144,67146,3,2,0,1
67147,67150,4,3,0,1
67168,67169,2,1,0,1
67187,67189,3,1,1,1
67207,67208,2,1,0,1
67211,67212,2,1,0,1
67224,67228,5,1,3,1
67229,67231,3,1,1,1
67232,67234,3,1,1,1
67262,67264,3,2,0,1
67283,67284,2,1,0,1
67300,67302,3,2,0,1
67313,67315,3,1,1,1
67318,67322,5,3,0,2
67339,67347,9,1,6,2
67383,67384,2,1,0,1
67404,67405,2,1,0,1
67421,67425,5,1,2,2
67464,67465,2,1,0,1
67472,67475,4,2,1,1
67486,67488,3,1,1,1
67497,67498,2,1,0,1
67502,67504,3,2,0,1
67552,67554,3,2,0,1
67555,67558,4,2,0,2
67575,67577,3,1,1,1
67581,67582,2,1,0,1
67585,67588,4,1,2,1
67621,67623,3,1,1,1
67632,67633,2,1,0,1
67634,67635,2,1,0,1
67643,67649,7,4,2,1
67659,67662,4,1,2,1
67669,67671,3,1,1,1
67673,67674,2,1,0,1
67740,67744,5,2,2,1
67747,67748,2,1,0,1
67774,67778,5,1,2,2
67788,67789,2,1,0,1
67800,67801,2,1,0,1
67810,67813,4,1,2,1
67814,67816,3,1,1,1
67818,67820,3,2,0,1
67827,67830,4,3,0,1
67840,67841,2,1,0,1
67842,67846,5,1,3,1
67856,67858,3,1,1,1
67860,67861,2,1,0,1
67864,67865,2,1,0,1
67873,67876,4,1,0,3
67877,67878,2,1,0,1
67880,67881,2,1,0,1
67886,67888,3,1,1,1
67892,67894,3,1,0,2
67905,67906,2,1,0,1
67909,67911,3,2,0,1
67915,67916,2,1,0,1
67932,67935,4,3,0,1
67938,67940,3,1,1,1
67953,67955,3,1,0,2
67964,67966,3,1,1,1
67974,67976,3,1,1,1
67979,67983,5,2,2,1
67989,67993,5,3,1,1
67997,68001,5,1,3,1
68003,68004,2,1,0,1
68012,68015,4,2,0,2
68022,68023,2,1,0,1
68024,68025,2,1,0,1
68032,68033,2,1,0,1
68041,68043,3,2,0,1
68046,68049,4,1,2,1
68050,68051,2,1,0,1
68064,68066,3,2,0,1
68078,68084,7,4,0,3
68087,68089,3,2,0,1
68096,68097,2,1,0,1
68098,68100,3,1,1,1
68120,68121,2,1,0,1
68134,68135,2,1,0,1
68143,68147,5,1,3,1
68158,68161,4,1,1,2
68171,68175,5,2,2,1
68178,68184,7,2,0,5
68208,68209,2,1,0,1
68226,68227,2,1,0,1
68231,68232,2,1,0,1
68241,68243,3,1,1,1
68264,68265,2,1,0,1
68268,68270,3,1,0,2
68271,68273,3,1,1,1
68274,68275,2,1,0,1
68276,68279,4,1,2,1
68287,68291,5,3,1,1
68296,68297,2,1,0,1
68307,68308,2,1,0,1
68319,68320,2,1,0,1
68326,68328,3,2,0,1
68331,68332,2,1,0,1
68352,68353,2,1,0,1
68356,68358,3,1,1,1
68359,68361,3,1,1,1
68362,68364,3,1,1,1
68384,68386,3,1,1,1
68398,68399,2,1,0,1
68409,68410,2,1,0,1
68419,68420,2,1,0,1
68424,68429,6,1,4,1
68459,68460,2,1,0,1
68473,68475,3,1,1,1
68486,68489,4,3,0,1
68490,68491,2,1,0,1
68497,68499,3,1,1,1
68507,68508,2,1,0,1
68531,68533,3,1,1,1
68558,68563,6,1,2,3
68565,68567,3,1,0,2
68571,68573,3,2,0,1
68577,68578,2,1,0,1
68580,68582,3,2,0,1
68590,68593,4,2,1,1
68606,68610,5,1,2,2
68612,68613,2,1,0,1
68634,68635,2,1,0,1
68640,68642,3,1,0,2
68648,68650,3,1,0,2
68654,68655,2,1,0,1
68686,68688,3,1,1,1
68689,68690,2,1,0,1
68695,68696,2,1,0,1
68697,68698,2,1,0,1
68707,68708,2,1,0,1
68741,68743,3,1,1,1
68747,68753,7,3,0,4
68772,68775,4,1,1,2
68792,68793,2,1,0,1
68798,68799,2,1,0,1
68801,68803,3,2,0,1
68808,68809,2,1,0,1
68823,68825,3,2,0,1
68853,68857,5,3,1,1
68862,68864,3,1,0,2
68871,68872,2,1,0,1
68878,68879,2,1,0,1
68899,68904,6,3,0,3
68905,68907,3,2,0,1
68914,68915,2,1,0,1
68932,68936,5,1,0,4
68937,68938,2,1,0,1
68939,68943,5,4,0,1
68945,68947,3,1,0,2
68948,68949,2,1,0,1
68961,68965,5,3,1,1
68977,68978,2,1,0,1
68981,68985,5,1,2,2
68986,68990,5,1,3,1
69007,69009,3,2,0,1
69015,69019,5,3,1,1
69033,69035,3,1,0,2
69038,69041,4,1,2,1
69055,69058,4,3,0,1
69061,69063,3,2,0,1
69099,69102,4,2,1,1
69148,69151,4,2,1,1
69164,69171,8,1,6,1
69180,69181,2,1,0,1
69188,69189,2,1,0,1
69225,69227,3,1,1,1
69238,69239,2,1,0,1
69248,69250,3,2,0,1
69262,69265,4,2,1,1
69278,69279,2,1,0,1
69285,69286,2,1,0,1
69295,69297,3,2,0,1
69309,69312,4,3,0,1
69313,69314,2,1,0,1
69315,69317,3,1,0,2
69331,69332,2,1,0,1
69344,69345,2,1,0,1
69347,69350,4,2,0,2
69360,69361,2,1,0,1
69367,69374,8,3,4,1
69375,69377,3,1,1,1
69379,69381,3,2,0,1
69403,69405,3,1,0,2
69413,69419,7,3,3,1
69447,69454,8,1,6,1
69472,69475,4,1,2,1
69479,69482,4,3,0,1
69486,69488,3,2,0,1
69489,69492,4,3,0,1
69509,69510,2,1,0,1
69513,69515,3,1,1,1
69520,69525,6,3,2,1
69533,69534,2,1,0,1
69542,69544,3,2,0,1
69549,69551,3,2,0,1
69554,69556,3,2,0,1
69564,69565,2,1,0,1
69571,69574,4,2,1,1
69579,69581,3,1,1,1
69583,69585,3,2,0,1
69614,69615,2,1,0,1
69622,69624,3,1,1,1
69635,69636,2,1,0,1
69640,69642,3,1,1,1
69647,69648,2,1,0,1
69680,69682,3,2,0,1
69698,69699,2,1,0,1
69704,69707,4,1,2,1
69737,69740,4,2,1,1
69748,69749,2,1,0,1
69755,69756,2,1,0,1
69760,69764,5,3,1,1
69778,69783,6,2,2,2
69794,69796,3,2,0,1
69807,69808,2,1,0,1
69835,69839,5,3,0,2
69849,69851,3,1,1,1
69853,69855,3,1,1,1
69866,69868,3,2,0,1
69882,69883,2,1,0,1
69896,69897,2,1,0,1
69898,69900,3,1,1,1
69904,69907,4,2,1,1
69930,69934,5,3,1,1
69962,69965,4,2,1,1
69969,69973,5,2,2,1
69990,69993,4,1,1,2
69997,70002,6,1,4,1
70007,70011,5,2,2,1
70020,70022,3,1,0,2
70046,70048,3,2,0,1
70056,70058,3,1,1,1
70066,70067,2,1,0,1
70071,70072,2,1,0,1
70075,70077,3,1,1,1
70078,70081,4,1,1,2
70082,70083,2,1,0,1
70084,70085,2,1,0,1
70086,70089,4,2,1,1
70099,70105,7,1,3,3
70115,70116,2,1,0,1
70121,70123,3,2,0,1
70137,70140,4,2,1,1
70160,70161,2,1,0,1
70168,70172,5,1,1,3
70180,70181,2,1,0,1
70199,70200,2,1,0,1
70204,70205,2,1,0,1
70215,70216,2,1,0,1
70229,70235,7,1,4,2
70238,70239,2,1,0,1
70267,70270,4,1,2,1
70282,70284,3,1,1,1
70287,70290,4,2,1,1
70294,70298,5,1,3,1
70320,70326,7,2,4,1
70327,70333,7,1,3,3
70374,70375,2,1,0,1
70376,70377,2,1,0,1
70383,70386,4,2,0,2
70390,70392,3,1,0,2
70395,70398,4,1,2,1
70399,70402,4,2,0,2
70413,70415,3,1,0,2
70441,70447,7,2,4,1
70450,70455,6,5,0,1
70474,70476,3,1,1,1
70479,70480,2,1,0,1
70509,70517,9,1,5,3
70545,70549,5,1,3,1
70553,70555,3,1,1,1
70556,70557,2,1,0,1
70565,70566,2,1,0,1
70582,70588,7,1,5,1
70593,70596,4,1,2,1
70628,70629,2,1,0,1
70635,70638,4,1,2,1
70644,70646,3,1,1,1
70652,70663,12,1,10,1
70669,70671,3,2,0,1
70675,70681,7,1,5,1
70687,70690,4,3,0,1
70707,70711,5,2,2,1
70738,70740,3,2,0,1
70757,70758,2,1,0,1
70769,70773,5,1,3,1
70777,70779,3,1,1,1
70932,70935,4,1,2,1
70949,70954,6,3,2,1
70957,70958,2,1,0,1
70964,70966,3,1,1,1
70975,70978,4,1,2,1
70988,71001,14,1,3,10
71008,71010,3,2,0,1
71025,71029,5,1,3,1
71033,71040,8,2,5,1
71051,71058,8,1,6,1
71086,71089,4,1,2,1
71109,71110,2,1,0,1
71117,71122,6,1,3,2
71149,71150,2,1,0,1
71152,71159,8,1,6,1
71167,71171,5,1,3,1
71182,71196,15,3,11,1
71204,71207,4,1,2,1
71239,71243,5,1,3,1
71251,71252,2,1,0,1
71263,71266,4,3,0,1
71272,71273,2,1,0,1
71277,71278,2,1,0,1
71285,71290,6,3,1,2
71305,71306,2,1,0,1
71316,71317,2,1,0,1
71326,71329,4,1,2,1
71337,71341,5,1,3,1
71363,71370,8,1,6,1
71374,71375,2,1,0,1
71387,71388,2,1,0,1
71392,71393,2,1,0,1
71397,71398,2,1,0,1
71400,71401,2,1,0,1
71403,71405,3,1,0,2
71414,71418,5,1,2,2
71425,71426,2,1,0,1
71433,71436,4,1,2,1
71439,71443,5,1,3,1
71449,71455,7,1,5,1
71458,71459,2,1,0,1
71474,71478,5,2,2,1
71485,71487,3,1,0,2
71497,71498,2,1,0,1
71517,71519,3,1,1,1
71522,71523,2,1,0,1
71526,71527,2,1,0,1
71530,71534,5,1,3,1
71546,71547,2,1,0,1
71561,71567,7,1,5,1
71570,71571,2,1,0,1
71577,71581,5,1,2,2
71600,71601,2,1,0,1
71610,71613,4,2,0,2
71616,71617,2,1,0,1
71645,71647,3,2,0,1
71662,71663,2,1,0,1
71668,71672,5,3,1,1
71678,71680,3,1,1,1
71684,71687,4,2,1,1
71690,71691,2,1,0,1
71694,71695,2,1,0,1
71699,71701,3,1,1,1
71712,71716,5,1,3,1
71717,71722,6,2,3,1
71734,71735,2,1,0,1
71751,71754,4,2,1,1
71768,71772,5,4,0,1
71795,71796,2,1,0,1
71798,71804,7,1,5,1
71827,71831,5,2,1,2
71837,71839,3,1,0,2
71852,71855,4,1,2,1
71880,71882,3,1,1,1
71888,71892,5,2,2,1
71921,71923,3,1,1,1
71931,71936,6,1,4,1
71938,71939,2,1,0,1
71946,71948,3,1,1,1
71962,71968,7,2,4,1
71969,71971,3,1,1,1
71981,71982,2,1,0,1
71983,71984,2,1,0,1
72002,72005,4,2,1,1
72025,72026,2,1,0,1
72037,72046,10,1,8,1
72053,72059,7,1,4,2
72067,72075,9,3,5,1
72081,72082,2,1,0,1
72087,72090,4,1,1,2
72098,72099,2,1,0,1
72103,72108,6,1,3,2
72117,72120,4,1,2,1
72132,72133,2,1,0,1
72135,72139,5,1,3,1
72146,72147,2,1,0,1
72154,72157,4,3,0,1
72168,72172,5,1,3,1
72185,72186,2,1,0,1
72188,72190,3,1,0,2
72197,72199,3,1,1,1
72203,72206,4,3,0,1
72210,72213,4,1,2,1
72220,72227,8,2,5,1
72228,72231,4,1,2,1
72235,72237,3,1,1,1
72246,72248,3,2,0,1
72249,72257,9,1,7,1
72265,72266,2,1,0,1
72287,72291,5,1,3,1
72301,72302,2,1,0,1
72303,72304,2,1,0,1
72306,72311,6,1,4,1
72326,72328,3,1,0,2
72333,72334,2,1,0,1
72340,72341,2,1,0,1
72342,72345,4,1,2,1
72353,72354,2,1,0,1
72385,72386,2,1,0,1
72388,72391,4,1,2,1
72403,72407,5,3,1,1
72408,72418,11,1,9,1
72421,72422,2,1,0,1
72446,72447,2,1,0,1
72460,72463,4,1,2,1
72487,72488,2,1,0,1
72493,72495,3,1,1,1
72497,72503,7,2,4,1
72514,72517,4,2,1,1
72526,72534,9,1,6,2
72551,72553,3,1,1,1
72562,72564,3,1,1,1
72568,72569,2,1,0,1
72586,72588,3,1,1,1
72595,72600,6,1,4,1
72603,72605,3,1,1,1
72620,72621,2,1,0,1
72658,72660,3,1,1,1
72676,72681,6,1,4,1
72708,72709,2,1,0,1
72716,72718,3,1,1,1
72733,72735,3,1,0,2
72736,72739,4,3,0,1
72746,72750,5,1,3,1
72771,72772,2,1,0,1
72777,72784,8,1,6,1
72786,72790,5,2,2,1
72792,72797,6,2,3,1
72818,72820,3,1,1,1
72821,72823,3,1,1,1
72826,72829,4,1,2,1
72830,72833,4,2,1,1
72843,72845,3,1,1,1
72852,72855,4,1,2,1
72857,72860,4,1,2,1
72866,72880,15,1,13,1
72883,72891,9,4,4,1
72921,72927,7,1,5,1
72936,72938,3,1,1,1
72944,72945,2,1,0,1
72953,72964,12,1,9,2
72967,72973,7,5,1,1
72975,72977,3,1,1,1
72982,72984,3,2,0,1
72988,72992,5,2,2,1
72999,73004,6,1,4,1
73007,73013,7,1,4,2
73015,73019,5,1,3,1
73020,73021,2,1,0,1
73023,73027,5,1,3,1
73038,73041,4,1,2,1
73046,73048,3,1,1,1
73059,73062,4,1,1,2
73067,73069,3,1,1,1
73082,73085,4,2,1,1
73091,73094,4,2,1,1
73096,73099,4,1,2,1
73107,73111,5,1,3,1
73145,73148,4,3,0,1
73154,73155,2,1,0,1
73167,73170,4,3,0,1
73186,73188,3,1,1,1
73195,73197,3,1,0,2
73199,73200,2,1,0,1
73216,73218,3,1,1,1
73219,73220,2,1,0,1
73232,73233,2,1,0,1
73237,73240,4,1,2,1
73252,73254,3,2,0,1
73256,73257,2,1,0,1
73263,73270,8,2,3,3
73279,73281,3,1,1,1
73282,73283,2,1,0,1
73303,73305,3,1,1,1
73317,73318,2,1,0,1
73343,73349,7,1,5,1
73352,73354,3,1,0,2
73360,73362,3,1,1,1
73368,73372,5,1,3,1
73385,73389,5,1,3,1
73397,73399,3,1,1,1
73422,73427,6,1,4,1
73431,73432,2,1,0,1
73433,73435,3,1,1,1
73447,73450,4,2,1,1
73458,73459,2,1,0,1
73491,73493,3,1,1,1
73498,73499,2,1,0,1
73501,73503,3,1,0,2
73534,73537,4,1,2,1
73561,73564,4,1,1,2
73571,73573,3,1,1,1
73578,73580,3,1,1,1
73590,73594,5,2,2,1
73607,73614,8,2,5,1
73623,73626,4,1,2,1
73645,73651,7,1,4,2
73652,73654,3,2,0,1
73657,73661,5,2,2,1
73665,73667,3,1,0,2
73685,73687,3,1,1,1
73688,73695,8,1,6,1
73697,73698,2,1,0,1
73706,73714,9,2,6,1
73723,73727,5,1,2,2
73736,73738,3,1,1,1
73739,73741,3,2,0,1
73742,73744,3,1,0,2
73747,73750,4,2,1,1
73762,73764,3,1,0,2
73771,73773,3,1,0,2
73789,73790,2,1,0,1
73797,73798,2,1,0,1
73811,73814,4,1,2,1
73845,73848,4,1,2,1
73865,73867,3,1,1,1
73884,73893,10,1,7,2
73904,73914,11,1,8,2
73937,73940,4,2,1,1
73942,73950,9,1,7,1
73963,73965,3,1,1,1
73996,73997,2,1,0,1
74021,74025,5,2,2,1
74038,74040,3,1,1,1
74041,74043,3,1,0,2
74056,74063,8,1,4,3
74065,74070,6,1,3,2
74079,74082,4,2,0,2
74085,74087,3,2,0,1
74091,74092,2,1,0,1
74100,74104,5,1,3,1
74115,74118,4,2,1,1
74126,74128,3,1,0,2
74137,74139,3,1,1,1
74150,74154,5,3,1,1
74155,74166,12,2,9,1
74184,74187,4,1,2,1
74192,74193,2,1,0,1
74195,74197,3,1,1,1
74223,74224,2,1,0,1
74229,74231,3,1,0,2
74244,74246,3,2,0,1
74254,74260,7,1,4,2
74279,74280,2,1,0,1
74284,74286,3,1,0,2
74289,74292,4,1,2,1
74297,74298,2,1,0,1
74302,74305,4,1,1,2
74321,74323,3,1,1,1
74330,74331,2,1,0,1
74339,74341,3,1,1,1
74345,74348,4,1,2,1
74366,74372,7,5,1,1
74374,74376,3,1,1,1
74377,74378,2,1,0,1
74389,74390,2,1,0,1
74410,74412,3,1,1,1
74419,74420,2,1,0,1
74424,74427,4,2,1,1
74431,74433,3,1,1,1
74440,74442,3,1,0,2
74450,74453,4,3,0,1
74458,74460,3,1,1,1
74464,74467,4,1,1,2
74474,74475,2,1,0,1
74491,74495,5,1,3,1
74504,74505,2,1,0,1
74509,74510,2,1,0,1
74516,74517,2,1,0,1
74560,74562,3,1,1,1
74572,74575,4,1,2,1
74582,74584,3,1,0,2
74587,74588,2,1,0,1
74595,74598,4,1,2,1
74607,74611,5,4,0,1
74624,74628,5,1,3,1
74643,74646,4,2,0,2
74647,74649,3,1,1,1
74676,74679,4,3,0,1
74680,74682,3,1,1,1
74696,74700,5,4,0,1
74709,74712,4,1,2,1
74714,74718,5,1,2,2
74735,74736,2,1,0,1
74761,74763,3,1,1,1
74767,74769,3,2,0,1
74772,74774,3,1,1,1
74785,74788,4,2,1,1
74789,74796,8,1,5,2
74804,74805,2,1,0,1
74825,74831,7,1,4,2
74836,74839,4,1,2,1
74862,74866,5,4,0,1
74876,74877,2,1,0,1
74878,74882,5,1,3,1
74885,74887,3,1,1,1
74890,74891,2,1,0,1
74896,74897,2,1,0,1
74935,74939,5,2,2,1
74943,74949,7,1,5,1
74968,74969,2,1,0,1
74981,74982,2,1,0,1
74984,74990,7,2,4,1
74999,75007,9,1,5,3
75010,75012,3,2,0,1
75027,75031,5,1,2,2
75037,75038,2,1,0,1
75047,75051,5,1,3,1
75064,75070,7,1,5,1
75074,75079,6,2,2,2
75090,75091,2,1,0,1
75100,75102,3,1,1,1
75107,75108,2,1,0,1
75142,75145,4,1,2,1
75146,75148,3,2,0,1
75150,75154,5,2,2,1
75161,75162,2,1,0,1
75168,75170,3,1,1,1
75180,75183,4,1,0,3
75197,75199,3,1,1,1
75205,75207,3,1,1,1
75211,75215,5,1,2,2
75253,75254,2,1,0,1
75256,75257,2,1,0,1
75260,75264,5,3,1,1
75272,75273,2,1,0,1
75281,75284,4,1,1,2
75290,75293,4,1,2,1
75298,75299,2,1,0,1
75306,75307,2,1,0,1
75312,75315,4,1,2,1
75317,75321,5,1,2,2
75346,75348,3,1,0,2
75370,75371,2,1,0,1
75373,75374,2,1,0,1
75375,75380,6,1,2,3
75386,75389,4,1,2,1
75413,75416,4,2,1,1
75417,75419,3,1,0,2
75435,75436,2,1,0,1
75443,75446,4,1,0,3
75457,75459,3,1,1,1
75461,75462,2,1,0,1
75474,75476,3,1,1,1
75479,75483,5,1,3,1
75497,75499,3,1,1,1
75507,75508,2,1,0,1
75517,75521,5,2,2,1
75523,75526,4,1,1,2
75536,75539,4,1,2,1
75541,75542,2,1,0,1
75556,75559,4,1,2,1
75570,75572,3,1,0,2
75583,75584,2,1,0,1
75591,75592,2,1,0,1
75595,75596,2,1,0,1
75607,75611,5,1,2,2
75620,75622,3,1,1,1
75624,75625,2,1,0,1
75630,75632,3,1,0,2
75639,75643,5,1,3,1
75667,75670,4,1,1,2
75676,75681,6,2,1,3
75706,75707,2,1,0,1
75708,75713,6,2,3,1
75724,75727,4,2,1,1
75731,75736,6,1,4,1
75739,75742,4,2,1,1
75750,75752,3,1,1,1
75753,75756,4,2,1,1
75757,75759,3,2,0,1
75760,75762,3,1,1,1
75764,75771,8,1,5,2
75776,75778,3,1,0,2
75789,75790,2,1,0,1
75799,75801,3,2,0,1
75805,75807,3,1,0,2
75818,75821,4,2,1,1
75854,75858,5,2,2,1
75861,75865,5,2,2,1
75870,75871,2,1,0,1
75888,75893,6,1,4,1
75900,75904,5,2,2,1
75915,75918,4,2,1,1
75920,75922,3,1,1,1
75923,75925,3,1,0,2
75929,75934,6,2,2,2
75952,75954,3,1,1,1
75961,75962,2,1,0,1
75966,75968,3,2,0,1
75982,75985,4,2,1,1
75990,75992,3,2,0,1
75993,75994,2,1,0,1
75999,76002,4,1,0,3
76003,76005,3,1,0,2
76018,76021,4,1,2,1
76030,76033,4,3,0,1
76037,76039,3,1,1,1
76048,76050,3,1,1,1
76051,76059,9,1,7,1
76075,76077,3,1,1,1
76079,76080,2,1,0,1
76112,76115,4,1,0,3
76116,76117,2,1,0,1
76120,76121,2,1,0,1
76124,76126,3,1,0,2
76128,76130,3,2,0,1
76159,76160,2,1,0,1
76171,76182,12,3,7,2
76207,76208,2,1,0,1
76217,76219,3,1,1,1
76229,76232,4,1,2,1
76235,76236,2,1,0,1
76237,76240,4,1,2,1
76245,76247,3,1,1,1
76251,76255,5,1,3,1
76261,76263,3,1,1,1
76272,76273,2,1,0,1
76308,76311,4,1,1,2
76317,76318,2,1,0,1
76325,76326,2,1,0,1
76328,76331,4,1,2,1
76337,76339,3,1,0,2
76384,76385,2,1,0,1
76394,76397,4,1,2,1
76405,76406,2,1,0,1
76413,76414,2,1,0,1
76424,76426,3,1,1,1
76427,76432,6,4,1,1
76436,76439,4,1,2,1
76453,76456,4,1,2,1
76465,76467,3,1,1,1
76473,76475,3,1,1,1
76487,76491,5,1,2,2
76492,76495,4,1,2,1
76498,76499,2,1,0,1
76512,76516,5,3,1,1
76534,76535,2,1,0,1
76539,76544,6,2,1,3
76562,76565,4,1,2,1
76575,76581,7,2,3,2
76595,76598,4,1,2,1
76606,76608,3,1,1,1
76610,76615,6,3,2,1
76626,76631,6,1,4,1
76668,76669,2,1,0,1
76670,76672,3,1,0,2
76675,76680,6,1,4,1
76703,76705,3,1,1,1
76719,76720,2,1,0,1
76721,76722,2,1,0,1
76744,76747,4,1,1,2
76757,76762,6,1,4,1
76768,76769,2,1,0,1
76772,76777,6,1,4,1
76790,76791,2,1,0,1
76792,76793,2,1,0,1
76811,76812,2,1,0,1
76817,76819,3,1,1,1
76822,76825,4,1,2,1
76831,76833,3,1,0,2
76836,76837,2,1,0,1
76841,76844,4,1,1,2
76847,76848,2,1,0,1
76870,76872,3,2,0,1
76873,76874,2,1,0,1
76891,76893,3,1,1,1
76897,76900,4,3,0,1
76907,76908,2,1,0,1
76910,76913,4,1,1,2
76916,76918,3,1,1,1
76919,76920,2,1,0,1
76925,76926,2,1,0,1
76929,76933,5,1,3,1
76946,76951,6,1,4,1
76952,76954,3,1,1,1
76960,76961,2,1,0,1
76986,76989,4,1,2,1
76994,76996,3,1,1,1
77019,77021,3,1,1,1
77023,77025,3,1,1,1
77026,77029,4,2,1,1
77032,77038,7,1,5,1
77045,77046,2,1,0,1
77052,77055,4,2,0,2
77057,77059,3,1,0,2
77063,77067,5,2,2,1
77070,77073,4,1,0,3
77076,77077,2,1,0,1
77086,77091,6,2,3,1
77097,77098,2,1,0,1
77116,77120,5,1,2,2
77121,77122,2,1,0,1
77124,77128,5,2,2,1
77134,77137,4,2,0,2
77144,77148,5,1,3,1
77149,77150,2,1,0,1
77151,77155,5,1,3,1
77157,77158,2,1,0,1
77166,77168,3,1,1,1
77175,77180,6,1,4,1
77181,77183,3,2,0,1
77198,77199,2,1,0,1
77222,77225,4,2,1,1
77231,77233,3,2,0,1
77235,77242,8,1,5,2
77244,77247,4,2,1,1
77251,77254,4,1,1,2
77261,77262,2,1,0,1
77271,77274,4,1,2,1
77275,77278,4,1,2,1
77297,77298,2,1,0,1
77299,77300,2,1,0,1
77301,77305,5,4,0,1
77306,77307,2,1,0,1
77321,77325,5,2,2,1
77332,77334,3,1,0,2
77335,77336,2,1,0,1
77357,77359,3,1,1,1
77363,77364,2,1,0,1
77383,77390,8,3,3,2
77421,77428,8,1,6,1
77445,77450,6,2,3,1
77460,77462,3,1,1,1
77470,77472,3,1,1,1
77485,77487,3,1,1,1
77488,77489,2,1,0,1
77492,77494,3,1,1,1
77502,77503,2,1,0,1
77523,77524,2,1,0,1
77530,77532,3,2,0,1
77546,77548,3,1,1,1
77550,77551,2,1,0,1
77564,77566,3,1,1,1
77571,77575,5,1,3,1
77576,77577,2,1,0,1
77597,77598,2,1,0,1
77611,77612,2,1,0,1
77613,77616,4,2,1,1
77617,77620,4,1,0,3
77627,77631,5,1,3,1
77635,77638,4,1,1,2
77641,77642,2,1,0,1
77650,77652,3,1,1,1
77653,77654,2,1,0,1
77655,77659,5,2,1,2
77673,77674,2,1,0,1
77678,77680,3,2,0,1
77695,77696,2,1,0,1
77699,77700,2,1,0,1
77703,77705,3,1,0,2
77711,77713,3,1,1,1
77719,77724,6,3,2,1
77725,77731,7,1,4,2
77745,77749,5,2,2,1
77758,77760,3,1,1,1
77763,77764,2,1,0,1
77802,77803,2,1,0,1
77804,77806,3,1,0,2
77815,77818,4,1,2,1
77819,77820,2,1,0,1
77824,77826,3,1,0,2
77828,77829,2,1,0,1
77839,77841,3,2,0,1
77848,77852,5,2,2,1
77855,77858,4,1,2,1
77871,77872,2,1,0,1
77881,77888,8,1,5,2
77900,77901,2,1,0,1
77904,77906,3,1,1,1
77907,77912,6,1,4,1
77924,77927,4,1,2,1
77935,77937,3,2,0,1
77945,77952,8,1,6,1
77953,77958,6,1,4,1
77964,77965,2,1,0,1
77976,77979,4,1,2,1
77999,78001,3,1,1,1
78005,78006,2,1,0,1
78007,78012,6,1,3,2
78017,78024,8,2,4,2
78025,78027,3,1,1,1
78037,78038,2,1,0,1
78043,78047,5,2,2,1
78066,78068,3,1,1,1
78080,78082,3,1,1,1
78090,78092,3,1,0,2
78096,78098,3,1,1,1
78105,78106,2,1,0,1
78119,78121,3,1,1,1
78126,78128,3,2,0,1
78130,78136,7,1,5,1
78141,78144,4,1,2,1
78145,78146,2,1,0,1
78147,78151,5,1,3,1
78182,78185,4,1,1,2
78195,78198,4,1,1,2
78200,78202,3,1,1,1
78209,78211,3,1,0,2
78212,78213,2,1,0,1
78216,78218,3,2,0,1
78228,78229,2,1,0,1
78239,78244,6,1,4,1
78250,78251,2,1,0,1
78262,78264,3,1,1,1
78274,78275,2,1,0,1
78296,78297,2,1,0,1
78304,78308,5,1,2,2
78309,78312,4,3,0,1
78331,78336,6,1,1,4
78338,78342,5,1,3,1
78353,78355,3,1,1,1
78365,78368,4,1,0,3
78376,78377,2,1,0,1
78384,78388,5,1,3,1
78400,78401,2,1,0,1
78405,78407,3,2,0,1
78413,78415,3,2,0,1
78417,78418,2,1,0,1
78422,78423,2,1,0,1
78432,78433,2,1,0,1
78439,78440,2,1,0,1
78484,78485,2,1,0,1
78496,78502,7,1,3,3
78505,78509,5,1,3,1
78546,78548,3,1,1,1
78571,78573,3,1,1,1
78620,78623,4,1,2,1
78627,78630,4,1,2,1
78645,78649,5,1,3,1
78650,78653,4,3,0,1
78654,78656,3,1,1,1
78661,78666,6,2,3,1
78670,78672,3,1,0,2
78676,78678,3,2,0,1
78686,78687,2,1,0,1
78699,78703,5,1,3,1
78714,78716,3,1,1,1
78717,78718,2,1,0,1
78724,78725,2,1,0,1
78752,78755,4,3,0,1
78763,78765,3,2,0,1
78771,78775,5,1,3,1
78776,78778,3,1,0,2
78794,78795,2,1,0,1
78797,78800,4,2,1,1
78801,78802,2,1,0,1
78816,78818,3,2,0,1
78820,78827,8,2,4,2
78837,78839,3,2,0,1
78854,78856,3,1,1,1
78859,78862,4,1,2,1
78871,78876,6,1,2,3
78886,78888,3,1,1,1
78893,78894,2,1,0,1
78903,78907,5,1,1,3
78919,78923,5,2,2,1
78928,78930,3,2,0,1
78931,78940,10,1,5,4
78943,78953,11,1,9,1
78990,78992,3,2,0,1
78997,79000,4,1,2,1
79001,79005,5,1,2,2
79009,79013,5,1,2,2
79016,79022,7,2,4,1
79026,79028,3,1,1,1
79035,79037,3,2,0,1
79039,79040,2,1,0,1
79048,79053,6,1,0,5
79056,79057,2,1,0,1
79080,79081,2,1,0,1
79119,79120,2,1,0,1
79129,79130,2,1,0,1
79136,79138,3,1,0,2
79144,79146,3,1,0,2
79159,79161,3,2,0,1
79163,79164,2,1,0,1
79190,79192,3,1,1,1
79195,79199,5,1,2,2
79208,79217,10,1,7,2
79231,79234,4,1,2,1
79267,79268,2,1,0,1
79274,79277,4,1,1,2
79282,79283,2,1,0,1
79291,79296,6,2,2,2
79299,79302,4,3,0,1
79309,79312,4,1,0,3
79327,79329,3,1,0,2
79334,79336,3,1,1,1
79339,79343,5,2,1,2
79344,79348,5,2,0,3
79349,79351,3,1,0,2
79353,79354,2,1,0,1
79364,79365,2,1,0,1
79366,79367,2,1,0,1
79384,79386,3,1,1,1
79410,79412,3,1,1,1
79413,79415,3,1,0,2
79434,79437,4,1,0,3
79445,79449,5,3,0,2
79452,79453,2,1,0,1
79463,79465,3,2,0,1
79485,79491,7,1,4,2
79521,79522,2,1,0,1
79532,79533,2,1,0,1
79544,79547,4,2,1,1
79562,79564,3,1,1,1
79569,79570,2,1,0,1
79597,79599,3,1,0,2
79611,79613,3,1,0,2
79617,79620,4,1,2,1
79629,79630,2,1,0,1
79638,79642,5,1,3,1
79655,79658,4,1,2,1
79673,79674,2,1,0,1
79679,79682,4,1,1,2
79685,79686,2,1,0,1
79688,79689,2,1,0,1
79701,79702,2,1,0,1
79710,79713,4,1,2,1
79715,79718,4,1,2,1
79721,79724,4,2,1,1
79725,79727,3,1,1,1
79729,79731,3,1,1,1
79734,79738,5,3,1,1
79750,79751,2,1,0,1
79753,79754,2,1,0,1
79779,79780,2,1,0,1
79781,79783,3,2,0,1
79796,79800,5,1,3,1
79808,79809,2,1,0,1
79814,79820,7,1,5,1
79822,79823,2,1,0,1
79842,79843,2,1,0,1
79844,79846,3,1,0,2
79852,79853,2,1,0,1
79864,79865,2,1,0,1
79869,79871,3,1,1,1
79877,79882,6,1,3,2
79885,79887,3,1,1,1
79888,79890,3,1,1,1
79896,79897,2,1,0,1
79898,79901,4,1,2,1
79905,79907,3,1,1,1
79908,79909,2,1,0,1
79915,79916,2,1,0,1
79920,79921,2,1,0,1
79925,79926,2,1,0,1
79927,79930,4,2,0,2
79934,79935,2,1,0,1
79939,79941,3,1,1,1
79942,79944,3,1,1,1
79945,79949,5,1,1,3
79950,79951,2,1,0,1
79960,79962,3,2,0,1
79979,79980,2,1,0,1
79985,79991,7,2,3,2
79992,79995,4,1,2,1
79996,79998,3,1,0,2
80008,80014,7,1,4,2
80015,80016,2,1,0,1
80030,80033,4,2,1,1
80057,80058,2,1,0,1
80059,80060,2,1,0,1
80063,80065,3,1,1,1
80066,80069,4,2,1,1
80085,80086,2,1,0,1
80091,80092,2,1,0,1
80097,80100,4,1,2,1
80103,80105,3,2,0,1
80106,80109,4,1,1,2
80121,80123,3,1,1,1
80144,80146,3,1,1,1
80154,80155,2,1,0,1
80156,80157,2,1,0,1
80166,80169,4,1,0,3
80172,80178,7,3,3,1
80199,80200,2,1,0,1
80210,80212,3,1,1,1
80218,80221,4,1,1,2
80224,80228,5,1,3,1
80232,80235,4,1,0,3
80248,80252,5,2,1,2
80268,80269,2,1,0,1
80272,80274,3,1,1,1
80277,80279,3,1,1,1
80284,80285,2,1,0,1
80287,80289,3,1,0,2
80306,80307,2,1,0,1
80311,80313,3,1,1,1
80336,80338,3,1,0,2
80341,80342,2,1,0,1
80347,80349,3,1,0,2
80355,80358,4,1,1,2
80364,80370,7,1,2,4
80372,80373,2,1,0,1
80395,80398,4,1,0,3
80422,80424,3,1,0,2
80428,80432,5,1,1,3
80435,80438,4,2,1,1
80441,80442,2,1,0,1
80450,80451,2,1,0,1
80452,80453,2,1,0,1
80454,80455,2,1,0,1
80458,80460,3,1,1,1
80482,80488,7,5,1,1
80493,80496,4,3,0,1
80503,80505,3,1,1,1
80525,80526,2,1,0,1
80542,80544,3,2,0,1
80545,80550,6,1,4,1
80551,80552,2,1,0,1
80556,80560,5,4,0,1
80582,80583,2,1,0,1
80591,80594,4,1,1,2
80599,80601,3,1,1,1
80623,80624,2,1,0,1
80641,80655,15,2,11,2
80675,80676,2,1,0,1
80682,80684,3,1,0,2
80686,80691,6,2,3,1
80702,80705,4,1,2,1
80713,80716,4,2,1,1
80720,80722,3,1,1,1
80727,80733,7,1,4,2
80756,80757,2,1,0,1
80760,80765,6,1,4,1
80777,80778,2,1,0,1
80782,80783,2,1,0,1
80797,80799,3,1,1,1
80812,80813,2,1,0,1
80816,80818,3,1,1,1
80839,80841,3,1,0,2
80848,80850,3,1,0,2
80879,80881,3,1,1,1
80903,80905,3,1,0,2
80913,80924,12,1,9,2
80940,80941,2,1,0,1
80946,80948,3,1,1,1
80968,80971,4,3,0,1
80992,80993,2,1,0,1
80995,80997,3,1,0,2
81010,81011,2,1,0,1
81026,81027,2,1,0,1
81028,81029,2,1,0,1
81030,81032,3,1,1,1
81033,81034,2,1,0,1
81035,81037,3,1,0,2
81038,81041,4,1,2,1
81050,81052,3,1,0,2
81065,81066,2,1,0,1
81089,81090,2,1,0,1
81098,81099,2,1,0,1
81100,81101,2,1,0,1
81106,81114,9,3,5,1
81123,81124,2,1,0,1
81153,81157,5,3,1,1
81172,81174,3,1,0,2
81197,81199,3,1,1,1
81207,81209,3,1,0,2
81242,81245,4,1,1,2
81256,81259,4,3,0,1
81273,81278,6,2,2,2
81283,81285,3,1,1,1
81286,81289,4,3,0,1
81302,81303,2,1,0,1
81326,81330,5,2,2,1
81331,81333,3,1,1,1
81334,81335,2,1,0,1
81346,81350,5,1,3,1
81373,81375,3,2,0,1
81378,81379,2,1,0,1
81380,81384,5,2,0,3
81385,81389,5,1,3,1
81391,81393,3,2,0,1
81396,81406,11,5,2,4
81449,81454,6,1,4,1
81464,81466,3,2,0,1
81470,81472,3,2,0,1
81479,81482,4,1,2,1
81494,81499,6,2,2,2
81521,81523,3,1,1,1
81527,81530,4,2,1,1
81536,81537,2,1,0,1
81540,81542,3,1,1,1
81547,81548,2,1,0,1
81555,81556,2,1,0,1
81584,81586,3,2,0,1
81587,81591,5,2,2,1
81599,81600,2,1,0,1
81619,81622,4,2,0,2
81625,81626,2,1,0,1
81630,81631,2,1,0,1
81636,81642,7,1,5,1
81643,81645,3,1,0,2
81649,81653,5,2,2,1
81654,81656,3,1,0,2
81660,81664,5,1,2,2
81678,81684,7,2,4,1
81695,81698,4,1,0,3
81725,81727,3,2,0,1
81730,81732,3,1,1,1
81759,81762,4,1,1,2
81781,81782,2,1,0,1
81794,81796,3,1,1,1
81797,81798,2,1,0,1
81806,81809,4,1,1,2
81811,81812,2,1,0,1
81835,81836,2,1,0,1
81838,81839,2,1,0,1
81846,81851,6,5,0,1
81853,81855,3,2,0,1
81856,81857,2,1,0,1
81860,81861,2,1,0,1
81890,81892,3,1,0,2
81893,81896,4,2,1,1
81906,81909,4,1,0,3
81914,81917,4,1,0,3
81919,81921,3,1,1,1
81928,81930,3,2,0,1
81950,81952,3,1,1,1
81955,81957,3,1,1,1
81958,81960,3,2,0,1
81972,81973,2,1,0,1
81987,81989,3,1,0,2
81991,81992,2,1,0,1
81994,81996,3,2,0,1
82003,82004,2,1,0,1
82009,82010,2,1,0,1
82011,82012,2,1,0,1
82018,82019,2,1,0,1
82034,82035,2,1,0,1
82051,82058,8,4,0,4
82068,82071,4,1,2,1
82076,82080,5,2,2,1
82088,82090,3,2,0,1
82102,82105,4,1,0,3
82118,82119,2,1,0,1
82120,82122,3,1,1,1
82141,82142,2,1,0,1
82166,82167,2,1,0,1
82175,82177,3,2,0,1
82231,82233,3,2,0,1
82236,82238,3,1,1,1
82242,82243,2,1,0,1
82244,82245,2,1,0,1
82260,82261,2,1,0,1
82283,82285,3,1,1,1
82289,82290,2,1,0,1
82306,82309,4,1,0,3
82318,82322,5,1,3,1
82323,82325,3,1,1,1
82357,82361,5,2,2,1
82362,82363,2,1,0,1
82372,82375,4,2,1,1
82388,82389,2,1,0,1
82407,82409,3,1,0,2
82412,82415,4,1,0,3
82416,82419,4,2,1,1
82425,82427,3,1,1,1
82435,82439,5,1,2,2
82441,82442,2,1,0,1
82446,82448,3,2,0,1
82453,82454,2,1,0,1
82483,82485,3,1,1,1
82486,82488,3,2,0,1
82493,82495,3,1,0,2
82499,82500,2,1,0,1
82517,82520,4,1,2,1
82543,82549,7,1,5,1
82559,82561,3,1,0,2
82575,82581,7,5,1,1
82582,82584,3,1,0,2
82586,82588,3,1,1,1
82595,82596,2,1,0,1
82605,82610,6,2,3,1
82618,82619,2,1,0,1
82620,82621,2,1,0,1
82637,82638,2,1,0,1
82639,82640,2,1,0,1
82643,82645,3,1,1,1
82651,82652,2,1,0,1
82660,82661,2,1,0,1
82682,82683,2,1,0,1
82686,82687,2,1,0,1
82699,82704,6,2,1,3
82705,82707,3,1,0,2
82709,82712,4,1,2,1
82713,82717,5,2,2,1
82733,82735,3,1,1,1
82739,82740,2,1,0,1
82741,82744,4,2,1,1
82751,82752,2,1,0,1
82762,82763,2,1,0,1
82765,82769,5,1,3,1
82784,82786,3,2,0,1
82801,82803,3,1,1,1
82819,82822,4,1,2,1
82852,82855,4,1,2,1
82859,82864,6,2,3,1
82874,82875,2,1,0,1
82884,82886,3,1,1,1
82907,82909,3,2,0,1
82927,82930,4,1,2,1
82931,82932,2,1,0,1
82940,82943,4,2,1,1
82948,82949,2,1,0,1
82974,82976,3,1,1,1
82978,82982,5,3,1,1
82996,82998,3,1,1,1
83021,83022,2,1,0,1
83030,83032,3,1,0,2
83040,83043,4,1,2,1
83061,83063,3,1,1,1
83065,83067,3,1,1,1
83074,83076,3,2,0,1
83083,83086,4,1,2,1
83095,83096,2,1,0,1
83100,83101,2,1,0,1
83112,83114,3,1,1,1
83121,83122,2,1,0,1
83123,83124,2,1,0,1
83144,83145,2,1,0,1
83147,83148,2,1,0,1
83149,83150,2,1,0,1
83161,83163,3,1,0,2
83164,83170,7,1,4,2
83197,83200,4,1,1,2
83202,83204,3,2,0,1
83209,83216,8,1,6,1
83230,83235,6,1,4,1
83238,83242,5,1,3,1
83285,83286,2,1,0,1
83333,83337,5,1,1,3
83338,83340,3,1,1,1
83353,83359,7,1,1,5
83378,83380,3,1,1,1
83395,83396,2,1,0,1
83403,83405,3,2,0,1
83408,83409,2,1,0,1
83410,83414,5,2,2,1
83423,83425,3,2,0,1
83426,83428,3,1,0,2
83433,83438,6,1,4,1
83460,83463,4,1,0,3
83501,83503,3,1,0,2
83505,83508,4,1,2,1
83514,83515,2,1,0,1
83525,83527,3,1,0,2
83528,83530,3,1,1,1
83552,83555,4,1,2,1
83561,83563,3,2,0,1
83569,83570,2,1,0,1
83578,83580,3,1,1,1
83593,83596,4,1,1,2
83604,83607,4,1,1,2
83625,83626,2,1,0,1
83630,83631,2,1,0,1
83636,83637,2,1,0,1
83642,83647,6,1,3,2
83648,83652,5,2,1,2
83665,83666,2,1,0,1
83705,83707,3,2,0,1
83713,83714,2,1,0,1
83715,83716,2,1,0,1
83721,83722,2,1,0,1
83726,83729,4,1,2,1
83735,83736,2,1,0,1
83758,83761,4,2,1,1
83763,83766,4,1,1,2
83800,83802,3,1,1,1
83844,83846,3,1,1,1
83863,83865,3,1,1,1
83875,83879,5,2,1,2
83885,83886,2,1,0,1
83898,83900,3,2,0,1
83923,83927,5,1,3,1
83929,83932,4,2,0,2
83945,83949,5,2,0,3
83969,83970,2,1,0,1
84002,84006,5,1,3,1
84008,84010,3,2,0,1
84011,84012,2,1,0,1
84017,84019,3,1,1,1
84028,84031,4,1,2,1
84038,84041,4,2,1,1
84046,84049,4,3,0,1
84098,84108,11,5,5,1
84109,84111,3,1,0,2
84118,84120,3,1,1,1
84122,84123,2,1,0,1
84142,84145,4,1,2,1
84147,84149,3,1,1,1
84152,84155,4,3,0,1
84162,84165,4,1,1,2
84167,84170,4,3,0,1
84176,84179,4,2,0,2
84187,84188,2,1,0,1
84198,84199,2,1,0,1
84220,84221,2,1,0,1
84235,84240,6,1,0,5
84248,84249,2,1,0,1
84253,84257,5,2,2,1
84276,84280,5,1,3,1
84291,84293,3,1,1,1
84298,84299,2,1,0,1
84302,84303,2,1,0,1
84304,84305,2,1,0,1
84311,84313,3,1,0,2
84331,84332,2,1,0,1
84335,84341,7,3,1,3
84358,84360,3,1,0,2
84364,84370,7,3,2,2
84376,84379,4,1,1,2
84383,84387,5,1,3,1
84405,84408,4,1,1,2
84410,84412,3,1,1,1
84445,84447,3,2,0,1
84461,84463,3,2,0,1
84509,84510,2,1,0,1
84513,84516,4,2,0,2
84519,84522,4,1,1,2
84564,84568,5,1,3,1
84580,84582,3,1,0,2
84587,84588,2,1,0,1
84594,84596,3,2,0,1
84612,84614,3,1,1,1
84617,84619,3,1,0,2
84630,84634,5,1,2,2
84637,84638,2,1,0,1
84647,84649,3,2,0,1
84657,84661,5,1,0,4
84700,84703,4,1,1,2
84722,84726,5,1,1,3
84750,84754,5,1,3,1
84755,84756,2,1,0,1
84765,84766,2,1,0,1
84777,84780,4,1,2,1
84781,84782,2,1,0,1
84797,84798,2,1,0,1
84803,84806,4,1,2,1
84821,84824,4,1,2,1
84825,84827,3,1,1,1
84832,84836,5,1,1,3
84845,84846,2,1,0,1
84861,84863,3,1,0,2
84865,84868,4,1,2,1
84879,84881,3,1,1,1
84918,84919,2,1,0,1
84936,84937,2,1,0,1
84940,84942,3,2,0,1
84946,84947,2,1,0,1
84953,84958,6,2,3,1
84960,84963,4,2,1,1
84970,84975,6,4,1,1
84984,84985,2,1,0,1
85006,85007,2,1,0,1
85032,85035,4,2,1,1
85038,85041,4,1,2,1
85046,85047,2,1,0,1
85055,85057,3,1,1,1
85103,85107,5,1,3,1
85117,85118,2,1,0,1
85169,85170,2,1,0,1
85183,85186,4,2,0,2
85191,85192,2,1,0,1
85194,85198,5,4,0,1
85214,85221,8,5,2,1
85225,85228,4,1,2,1
85231,85235,5,2,2,1
85240,85242,3,1,1,1
85278,85280,3,1,1,1
85283,85286,4,1,2,1
85362,85363,2,1,0,1
85381,85384,4,1,2,1
85386,85387,2,1,0,1
85393,85394,2,1,0,1
85442,85444,3,1,0,2
85450,85454,5,1,0,4
85455,85457,3,1,0,2
85459,85461,3,2,0,1
85468,85470,3,1,0,2
85477,85479,3,1,1,1
85496,85499,4,1,1,2
85503,85505,3,1,1,1
85506,85508,3,2,0,1
85511,85517,7,2,4,1
85522,85523,2,1,0,1
85536,85540,5,1,2,2
85546,85549,4,1,2,1
85557,85559,3,1,0,2
85562,85563,2,1,0,1
85578,85580,3,1,1,1
85588,85595,8,1,6,1
85628,85630,3,1,0,2
85631,85635,5,1,1,3
85678,85683,6,1,4,1
85701,85704,4,1,1,2
85705,85706,2,1,0,1
85710,85712,3,1,1,1
85715,85717,3,1,1,1
85739,85741,3,2,0,1
85751,85755,5,4,0,1
85758,85762,5,2,0,3
85764,85767,4,2,0,2
85770,85773,4,2,1,1
85774,85779,6,4,0,2
85784,85786,3,1,0,2
85792,85793,2,1,0,1
85795,85797,3,1,0,2
85799,85802,4,2,1,1
85816,85818,3,1,1,1
85824,85826,3,1,0,2
85827,85829,3,1,1,1
85833,85838,6,2,2,2
85848,85850,3,1,1,1
85854,85855,2,1,0,1
85856,85857,2,1,0,1
85881,85882,2,1,0,1
85913,85914,2,1,0,1
85919,85922,4,2,0,2
85935,85938,4,1,0,3
85950,85956,7,1,4,2
85959,85961,3,1,0,2
85966,85968,3,1,0,2
85969,85970,2,1,0,1
85973,85975,3,2,0,1
85981,85983,3,1,1,1
85989,85993,5,1,1,3
86004,86005,2,1,0,1
86029,86032,4,2,1,1
86070,86071,2,1,0,1
86083,86084,2,1,0,1
86117,86118,2,1,0,1
86128,86131,4,2,0,2
86139,86141,3,1,1,1
86145,86146,2,1,0,1
86155,86157,3,1,1,1
86176,86178,3,1,0,2
86181,86182,2,1,0,1
86183,86185,3,2,0,1
86207,86210,4,1,2,1
86215,86217,3,1,1,1
86220,86221,2,1,0,1
86224,86225,2,1,0,1
86242,86244,3,1,1,1
86245,86247,3,1,0,2
86253,86255,3,2,0,1
86257,86258,2,1,0,1
86267,86270,4,2,1,1
86271,86273,3,1,1,1
86318,86320,3,1,1,1
86323,86329,7,1,5,1
86330,86334,5,1,3,1
86335,86336,2,1,0,1
86510,86524,15,1,13,1
86574,86577,4,1,2,1
86587,86588,2,1,0,1
86601,86602,2,1,0,1
86605,86606,2,1,0,1
86627,86629,3,1,1,1
86639,86641,3,1,1,1
86648,86649,2,1,0,1
86650,86652,3,2,0,1
86693,86694,2,1,0,1
86706,86708,3,1,0,2
86729,86731,3,1,0,2
86752,86753,2,1,0,1
86756,86758,3,1,1,1
86759,86761,3,2,0,1
86764,86765,2,1,0,1
86785,86786,2,1,0,1
86790,86792,3,1,1,1
86799,86800,2,1,0,1
86823,86826,4,2,0,2
86833,86838,6,2,3,1
86839,86843,5,1,3,1
86872,86874,3,2,0,1
86888,86889,2,1,0,1
86895,86898,4,2,0,2
86901,86904,4,1,0,3
86905,86906,2,1,0,1
86918,86923,6,1,4,1
86946,86947,2,1,0,1
86962,86965,4,1,1,2
86972,86975,4,1,0,3
86977,86979,3,1,1,1
86982,86985,4,1,0,3
86986,86987,2,1,0,1
86989,86990,2,1,0,1
87000,87002,3,1,1,1
87012,87014,3,1,0,2
87016,87018,3,1,1,1
87023,87025,3,2,0,1
87026,87029,4,1,1,2
87039,87042,4,1,1,2
87049,87051,3,1,1,1
87054,87058,5,2,2,1
87062,87063,2,1,0,1
87075,87079,5,4,0,1
87100,87106,7,1,1,5
87109,87111,3,2,0,1
87146,87148,3,2,0,1
87150,87152,3,1,1,1
87166,87168,3,2,0,1
87170,87172,3,1,1,1
87174,87177,4,3,0,1
87181,87184,4,1,2,1
87188,87192,5,1,3,1
87193,87196,4,3,0,1
87200,87204,5,1,1,3
87206,87207,2,1,0,1
87226,87227,2,1,0,1
87228,87230,3,2,0,1
87246,87249,4,3,0,1
87255,87260,6,1,0,5
87261,87263,3,1,1,1
87281,87282,2,1,0,1
87284,87286,3,1,1,1
87289,87290,2,1,0,1
87296,87301,6,5,0,1
87309,87310,2,1,0,1
87311,87312,2,1,0,1
87314,87317,4,1,0,3
87318,87320,3,1,1,1
87321,87323,3,2,0,1
87366,87372,7,3,2,2
87376,87377,2,1,0,1
87379,87380,2,1,0,1
87394,87398,5,3,1,1
87401,87402,2,1,0,1
87403,87404,2,1,0,1
87414,87415,2,1,0,1
87427,87433,7,3,2,2
87435,87437,3,1,1,1
87441,87447,7,1,0,6
87451,87456,6,2,0,4
87464,87466,3,1,1,1
87469,87473,5,1,2,2
87484,87486,3,1,1,1
87497,87499,3,1,0,2
87503,87504,2,1,0,1
87512,87514,3,2,0,1
87529,87530,2,1,0,1
87532,87534,3,1,0,2
87536,87538,3,1,0,2
87545,87548,4,1,2,1
87552,87557,6,2,3,1
87566,87570,5,1,3,1
87575,87579,5,4,0,1
87586,87590,5,3,1,1
87596,87597,2,1,0,1
87603,87604,2,1,0,1
87605,87607,3,1,1,1
87637,87641,5,1,3,1
87646,87648,3,1,0,2
87662,87664,3,1,1,1
87677,87681,5,1,0,4
87697,87698,2,1,0,1
87702,87704,3,2,0,1
87709,87711,3,2,0,1
87717,87719,3,2,0,1
87724,87726,3,1,1,1
87729,87731,3,2,0,1
87734,87738,5,2,2,1
87753,87755,3,2,0,1
87814,87819,6,1,0,5
87820,87826,7,1,0,6
87871,87872,2,1,0,1
87880,87881,2,1,0,1
87891,87893,3,2,0,1
87899,87900,2,1,0,1
87902,87903,2,1,0,1
87908,87910,3,1,1,1
87960,87965,6,1,4,1
87966,87967,2,1,0,1
88003,88009,7,4,1,2
88010,88013,4,1,1,2
88045,88046,2,1,0,1
88050,88051,2,1,0,1
88057,88058,2,1,0,1
88061,88063,3,1,1,1
88068,88070,3,2,0,1
88071,88073,3,2,0,1
88099,88100,2,1,0,1
88120,88122,3,1,0,2
88137,88141,5,1,2,2
88150,88151,2,1,0,1
88154,88155,2,1,0,1
88175,88176,2,1,0,1
88188,88190,3,1,0,2
88236,88238,3,2,0,1
88242,88244,3,1,0,2
88250,88251,2,1,0,1
88288,88289,2,1,0,1
88295,88298,4,2,1,1
88307,88308,2,1,0,1
88309,88310,2,1,0,1
88318,88319,2,1,0,1
88329,88337,9,5,2,2
88344,88348,5,2,1,2
88350,88352,3,1,1,1
88369,88373,5,1,3,1
88388,88389,2,1,0,1
88390,88391,2,1,0,1
88392,88393,2,1,0,1
88403,88406,4,1,1,2
88409,88410,2,1,0,1
88428,88430,3,1,1,1
88432,88433,2,1,0,1
88458,88459,2,1,0,1
88469,88471,3,1,1,1
88474,88475,2,1,0,1
88477,88479,3,1,1,1
88484,88488,5,1,1,3
88489,88490,2,1,0,1
88514,88516,3,1,0,2
88519,88520,2,1,0,1
88529,88530,2,1,0,1
88531,88533,3,1,1,1
88571,88574,4,1,0,3
88580,88582,3,1,0,2
88594,88599,6,2,0,4
88613,88615,3,1,1,1
88619,88622,4,1,2,1
88639,88640,2,1,0,1
88641,88644,4,1,2,1
88655,88656,2,1,0,1
88658,88661,4,1,1,2
88665,88670,6,1,2,3
88671,88672,2,1,0,1
88673,88677,5,1,3,1
88678,88682,5,2,0,3
88685,88687,3,1,0,2
88688,88689,2,1,0,1
88693,88698,6,1,1,4
88699,88702,4,1,2,1
88703,88706,4,2,1,1
88719,88721,3,1,0,2
88724,88726,3,1,0,2
88733,88737,5,2,2,1
88748,88751,4,1,2,1
88761,88764,4,2,0,2
88768,88770,3,2,0,1
88775,88776,2,1,0,1
88783,88787,5,1,3,1
88794,88797,4,2,0,2
88801,88807,7,4,1,2
88831,88832,2,1,0,1
88833,88837,5,2,2,1
88848,88850,3,2,0,1
88862,88863,2,1,0,1
88865,88868,4,1,2,1
88870,88872,3,2,0,1
88874,88876,3,1,0,2
88880,88881,2,1,0,1
88883,88884,2,1,0,1
88890,88891,2,1,0,1
88908,88909,2,1,0,1
88927,88929,3,2,0,1
88947,88949,3,1,1,1
88951,88952,2,1,0,1
88973,88975,3,2,0,1
89015,89018,4,1,1,2
89026,89030,5,1,3,1
89031,89033,3,1,1,1
89053,89056,4,1,1,2
89073,89074,2,1,0,1
89082,89083,2,1,0,1
89087,89088,2,1,0,1
89094,89099,6,5,0,1
89102,89105,4,1,2,1
89106,89109,4,1,1,2
89142,89143,2,1,0,1
89156,89161,6,1,4,1
89177,89181,5,1,2,2
89201,89203,3,2,0,1
89204,89207,4,2,1,1
89210,89212,3,1,0,2
89219,89220,2,1,0,1
89221,89224,4,1,1,2
89248,89251,4,1,2,1
89258,89261,4,1,2,1
89262,89263,2,1,0,1
89266,89269,4,2,0,2
89275,89276,2,1,0,1
89280,89282,3,1,0,2
89300,89304,5,1,0,4
89307,89309,3,1,0,2
89310,89311,2,1,0,1
89323,89326,4,1,0,3
89327,89328,2,1,0,1
89329,89331,3,1,1,1
89346,89349,4,2,1,1
89351,89354,4,1,2,1
89359,89363,5,2,2,1
89365,89367,3,1,0,2
89385,89386,2,1,0,1
89397,89398,2,1,0,1
89399,89400,2,1,0,1
89411,89416,6,4,0,2
89418,89420,3,1,1,1
89440,89446,7,1,5,1
89450,89452,3,2,0,1
89455,89458,4,2,1,1
89471,89473,3,1,0,2
89520,89522,3,1,1,1
89529,89532,4,3,0,1
89580,89582,3,1,0,2
89621,89623,3,2,0,1
89629,89630,2,1,0,1
89633,89634,2,1,0,1
89645,89650,6,2,0,4
89656,89660,5,1,3,1
89668,89673,6,4,1,1
89674,89676,3,1,1,1
89681,89682,2,1,0,1
89688,89693,6,1,4,1
89700,89701,2,1,0,1
89704,89708,5,1,2,2
89731,89733,3,1,1,1
89756,89760,5,1,3,1
89802,89806,5,1,3,1
89807,89811,5,1,2,2
89814,89815,2,1,0,1
89816,89818,3,2,0,1
89838,89844,7,1,5,1
89847,89849,3,1,1,1
89850,89852,3,1,1,1
89862,89867,6,1,4,1
89892,89897,6,3,2,1
89936,89939,4,1,2,1
89942,89945,4,3,0,1
89952,89953,2,1,0,1
89954,89956,3,1,0,2
89957,89958,2,1,0,1
89959,89962,4,3,0,1
89964,89967,4,1,1,2
89968,89970,3,1,0,2
89973,89978,6,1,4,1
89984,89986,3,2,0,1
90002,90005,4,1,0,3
90019,90021,3,1,1,1
90024,90026,3,1,1,1
90041,90044,4,3,0,1
90046,90049,4,1,2,1
90077,90078,2,1,0,1
90082,90083,2,1,0,1
90086,90087,2,1,0,1
90090,90093,4,2,0,2
90101,90103,3,1,1,1
90117,90120,4,2,0,2
90154,90156,3,1,1,1
90164,90166,3,1,0,2
90175,90176,2,1,0,1
90178,90180,3,1,0,2
90184,90186,3,2,0,1
90198,90200,3,1,0,2
90206,90211,6,4,1,1
90212,90216,5,1,2,2
90225,90227,3,1,1,1
90228,90230,3,2,0,1
90232,90233,2,1,0,1
90236,90239,4,1,0,3
90240,90242,3,1,0,2
90249,90252,4,1,2,1
90259,90261,3,2,0,1
90262,90263,2,1,0,1
90274,90278,5,3,1,1
90291,90294,4,1,2,1
90297,90300,4,3,0,1
90302,90305,4,1,2,1
90312,90315,4,1,2,1
90316,90317,2,1,0,1
90319,90320,2,1,0,1
90332,90335,4,1,1,2
90348,90350,3,1,0,2
90353,90354,2,1,0,1
90362,90364,3,2,0,1
90374,90376,3,1,1,1
90421,90423,3,1,1,1
90425,90427,3,1,0,2
90433,90437,5,1,0,4
90465,90468,4,2,1,1
90474,90476,3,1,1,1
90486,90487,2,1,0,1
90494,90495,2,1,0,1
90500,90502,3,1,1,1
90504,90506,3,2,0,1
90517,90519,3,1,1,1
90521,90522,2,1,0,1
90526,90527,2,1,0,1
90533,90534,2,1,0,1
90536,90539,4,2,1,1
90555,90556,2,1,0,1
90562,90567,6,2,3,1
90568,90571,4,1,1,2
90575,90576,2,1,0,1
90578,90580,3,1,0,2
90583,90584,2,1,0,1
90589,90592,4,1,0,3
90596,90599,4,2,0,2
90606,90609,4,1,2,1
90614,90616,3,1,0,2
90625,90628,4,1,2,1
90634,90637,4,1,2,1
90639,90644,6,1,0,5
90657,90660,4,3,0,1
90673,90675,3,1,1,1
90679,90681,3,1,0,2
90704,90705,2,1,0,1
90715,90716,2,1,0,1
90748,90750,3,1,0,2
90751,90753,3,1,0,2
90770,90771,2,1,0,1
90773,90776,4,1,0,3
90792,90794,3,1,0,2
90807,90808,2,1,0,1
90812,90815,4,1,1,2
90826,90828,3,2,0,1
90830,90831,2,1,0,1
90851,90853,3,2,0,1
90867,90871,5,1,3,1
90902,90904,3,1,1,1
90906,90908,3,1,0,2
90914,90916,3,1,1,1
90921,90923,3,1,1,1
90926,90928,3,1,1,1
90929,90932,4,2,1,1
90944,90946,3,1,0,2
90951,90953,3,1,1,1
90961,90962,2,1,0,1
90980,90985,6,1,4,1
90988,90989,2,1,0,1
90991,91003,13,5,7,1
91005,91008,4,1,2,1
91017,91020,4,1,0,3
91031,91033,3,1,0,2
91036,91039,4,1,1,2
91044,91045,2,1,0,1
91135,91136,2,1,0,1
91342,91343,2,1,0,1
91387,91389,3,2,0,1
91392,91394,3,1,0,2
91462,91464,3,1,1,1
91487,91488,2,1,0,1
91505,91507,3,1,1,1
91512,91513,2,1,0,1
91522,91524,3,1,0,2
91538,91540,3,2,0,1
91548,91549,2,1,0,1
91554,91555,2,1,0,1
91560,91562,3,1,1,1
91572,91574,3,2,0,1
91578,91579,2,1,0,1
91582,91584,3,1,1,1
91601,91602,2,1,0,1
91614,91615,2,1,0,1
91618,91621,4,1,2,1
91622,91625,4,3,0,1
91626,91628,3,1,0,2
91631,91632,2,1,0,1
91633,91637,5,4,0,1
91640,91641,2,1,0,1
91647,91651,5,1,3,1
91655,91661,7,5,0,2
91666,91671,6,2,3,1
91672,91673,2,1,0,1
91680,91683,4,2,0,2
91693,91696,4,2,0,2
91697,91699,3,1,0,2
91703,91704,2,1,0,1
91728,91731,4,1,2,1
91732,91734,3,1,0,2
91747,91749,3,1,0,2
91757,91763,7,1,0,6
91765,91766,2,1,0,1
91784,91785,2,1,0,1
91830,91832,3,1,1,1
91833,91836,4,3,0,1
91852,91858,7,1,5,1
91869,91873,5,1,3,1
91909,91910,2,1,0,1
91948,91950,3,2,0,1
91963,91968,6,2,2,2
91982,91983,2,1,0,1
91989,91990,2,1,0,1
92000,92005,6,1,3,2
92012,92015,4,2,1,1
92020,92021,2,1,0,1
92030,92031,2,1,0,1
92056,92057,2,1,0,1
92080,92082,3,1,1,1
92096,92098,3,1,1,1
92105,92106,2,1,0,1
92107,92110,4,3,0,1
92116,92117,2,1,0,1
92128,92131,4,3,0,1
92135,92136,2,1,0,1
92137,92139,3,1,0,2
92140,92141,2,1,0,1
92156,92158,3,1,0,2
92168,92170,3,2,0,1
92176,92177,2,1,0,1
92178,92181,4,1,2,1
92182,92184,3,1,1,1
92207,92210,4,2,1,1
92216,92218,3,1,0,2
92233,92234,2,1,0,1
92246,92247,2,1,0,1
92249,92262,14,4,4,6
92263,92265,3,1,0,2
92292,92294,3,1,1,1
92300,92302,3,1,0,2
92337,92338,2,1,0,1
92342,92346,5,3,1,1
92358,92359,2,1,0,1
92366,92367,2,1,0,1
92404,92408,5,3,1,1
92411,92412,2,1,0,1
92413,92414,2,1,0,1
92442,92443,2,1,0,1
92446,92451,6,5,0,1
92452,92453,2,1,0,1
92454,92458,5,3,0,2
92459,92462,4,1,0,3
92463,92468,6,2,0,4
92472,92473,2,1,0,1
92498,92499,2,1,0,1
92504,92505,2,1,0,1
92535,92539,5,3,0,2
92542,92543,2,1,0,1
92557,92558,2,1,0,1
92587,92592,6,3,1,2
92594,92596,3,1,0,2
92598,92601,4,3,0,1
92603,92604,2,1,0,1
92609,92611,3,1,1,1
92624,92626,3,1,0,2
92644,92646,3,2,0,1
92675,92677,3,2,0,1
92708,92712,5,2,2,1
92727,92731,5,1,3,1
92739,92740,2,1,0,1
92749,92751,3,2,0,1
92757,92758,2,1,0,1
92761,92763,3,1,1,1
92792,92795,4,1,2,1
92813,92815,3,1,0,2
92816,92817,2,1,0,1
92839,92840,2,1,0,1
92843,92846,4,1,2,1
92861,92863,3,1,1,1
92868,92870,3,2,0,1
92882,92883,2,1,0,1
92884,92886,3,2,0,1
92890,92893,4,1,2,1
92916,92921,6,5,0,1
92950,92956,7,2,4,1
92958,92959,2,1,0,1
92972,92973,2,1,0,1
92976,92977,2,1,0,1
92982,92985,4,3,0,1
92990,92993,4,1,0,3
92994,92995,2,1,0,1
92997,93002,6,1,4,1
93016,93020,5,3,1,1
93025,93031,7,5,1,1
93032,93033,2,1,0,1
93034,93036,3,2,0,1
93046,93053,8,5,2,1
93054,93056,3,2,0,1
93057,93058,2,1,0,1
93059,93060,2,1,0,1
93061,93064,4,2,0,2
93068,93070,3,1,0,2
93089,93093,5,2,0,3
93104,93107,4,1,2,1
93149,93150,2,1,0,1
93163,93168,6,2,3,1
93225,93227,3,2,0,1
93264,93266,3,2,0,1
93286,93288,3,2,0,1
93328,93330,3,1,0,2
93341,93346,6,1,4,1
93360,93362,3,1,0,2
93363,93365,3,1,0,2
93458,93460,3,1,1,1
93465,93467,3,2,0,1
93471,93472,2,1,0,1
93478,93479,2,1,0,1
93496,93499,4,1,0,3
93504,93505,2,1,0,1
93523,93526,4,3,0,1
93608,93610,3,1,0,2
93620,93622,3,1,1,1
93651,93654,4,2,0,2
93671,93672,2,1,0,1
93675,93676,2,1,0,1
93690,93695,6,2,0,4
93701,93704,4,3,0,1
93723,93724,2,1,0,1
93750,93754,5,3,1,1
93767,93768,2,1,0,1
93798,93803,6,1,4,1
93804,93807,4,1,2,1
93808,93810,3,2,0,1
93818,93826,9,2,4,3
93839,93842,4,3,0,1
93859,93860,2,1,0,1
93865,93869,5,3,1,1
93870,93871,2,1,0,1
93873,93875,3,1,1,1
93881,93884,4,3,0,1
93916,93919,4,2,1,1
93985,93988,4,3,0,1
93998,93999,2,1,0,1
94030,94034,5,1,2,2
94043,94045,3,1,0,2
94046,94049,4,3,0,1
94057,94060,4,3,0,1
94074,94081,8,5,2,1
94083,94084,2,1,0,1
94128,94134,7,1,5,1
94168,94174,7,1,5,1
94202,94203,2,1,0,1
94217,94220,4,1,0,3
94225,94228,4,2,0,2
94229,94230,2,1,0,1
94232,94237,6,4,1,1
94264,94265,2,1,0,1
94313,94315,3,1,1,1
94357,94358,2,1,0,1
94364,94369,6,5,0,1
94378,94382,5,3,1,1
94383,94384,2,1,0,1
94385,94387,3,1,1,1
94442,94445,4,1,2,1
94575,94586,12,2,0,10
94617,94618,2,1,0,1
94669,94670,2,1,0,1
94691,94692,2,1,0,1
94695,94697,3,2,0,1
94735,94737,3,2,0,1
94759,94761,3,2,0,1
94777,94780,4,2,1,1
94785,94786,2,1,0,1
94796,94797,2,1,0,1
94803,94809,7,2,4,1
94888,94889,2,1,0,1
94890,94891,2,1,0,1
94908,94910,3,1,1,1
94959,94960,2,1,0,1
94977,94980,4,1,2,1
94993,94994,2,1,0,1
94995,94997,3,1,0,2
95002,95007,6,5,0,1
95151,95155,5,1,3,1
95156,95158,3,1,1,1
95170,95172,3,1,1,1
95185,95186,2,1,0,1
95198,95200,3,2,0,1
95205,95209,5,4,0,1
95210,95211,2,1,0,1
95215,95219,5,1,2,2
95220,95222,3,1,0,2
95227,95229,3,2,0,1
95247,95249,3,1,0,2
95268,95274,7,2,2,3
95280,95282,3,2,0,1
95321,95322,2,1,0,1
95334,95337,4,1,1,2
95347,95349,3,1,1,1
95350,95352,3,2,0,1
95359,95361,3,1,0,2
95365,95368,4,3,0,1
95380,95383,4,1,2,1
95387,95389,3,1,1,1
95395,95396,2,1,0,1
95403,95405,3,2,0,1
95407,95411,5,2,1,2
95415,95416,2,1,0,1
95420,95422,3,1,1,1
95429,95434,6,1,3,2
95442,95443,2,1,0,1
95451,95452,2,1,0,1
95460,95461,2,1,0,1
95468,95474,7,5,1,1
95491,95494,4,3,0,1
95511,95512,2,1,0,1
95531,95532,2,1,0,1
95534,95535,2,1,0,1
95565,95569,5,3,1,1
95583,95585,3,1,1,1
95608,95609,2,1,0,1
95655,95656,2,1,0,1
95673,95676,4,3,0,1
95679,95681,3,1,1,1
95690,95691,2,1,0,1
95713,95714,2,1,0,1
95715,95717,3,1,1,1
95719,95722,4,3,0,1
95723,95726,4,1,2,1
95727,95728,2,1,0,1
95738,95740,3,1,1,1
95743,95744,2,1,0,1
95745,95746,2,1,0,1
95747,95748,2,1,0,1
95754,95759,6,4,1,1
95763,95766,4,1,0,3
95767,95768,2,1,0,1
95797,95798,2,1,0,1
95800,95802,3,1,1,1
95810,95816,7,5,0,2
95817,95818,2,1,0,1
95825,95826,2,1,0,1
95841,95842,2,1,0,1
95844,95846,3,2,0,1
95899,95902,4,1,1,2
95909,95910,2,1,0,1
95924,95928,5,2,1,2
95945,95947,3,2,0,1
95958,95960,3,1,1,1
95985,95987,3,1,0,2
95990,95991,2,1,0,1
96002,96005,4,2,1,1
96025,96026,2,1,0,1
96035,96036,2,1,0,1
96037,96038,2,1,0,1
96041,96048,8,1,5,2
96050,96052,3,2,0,1
96094,96095,2,1,0,1
96107,96108,2,1,0,1
96150,96151,2,1,0,1
96159,96160,2,1,0,1
96178,96181,4,1,1,2
96197,96198,2,1,0,1
96237,96239,3,2,0,1
96249,96253,5,2,1,2
96260,96261,2,1,0,1
96302,96303,2,1,0,1
96312,96314,3,2,0,1
96316,96317,2,1,0,1
96328,96329,2,1,0,1
96337,96340,4,1,0,3
96358,96359,2,1,0,1
96368,96370,3,2,0,1
96375,96378,4,1,2,1
96389,96390,2,1,0,1
96417,96419,3,2,0,1
96435,96439,5,1,0,4
96440,96443,4,2,1,1
96449,96451,3,1,0,2
96458,96459,2,1,0,1
96475,96481,7,3,2,2
96485,96490,6,1,4,1
96491,96494,4,1,0,3
96510,96511,2,1,0,1
96518,96519,2,1,0,1
96520,96522,3,2,0,1
96527,96532,6,1,3,2
96556,96557,2,1,0,1
96569,96570,2,1,0,1
96585,96587,3,1,0,2
96611,96615,5,1,0,4
96616,96617,2,1,0,1
96623,96624,2,1,0,1
96638,96640,3,1,0,2
96668,96670,3,1,1,1
96682,96684,3,1,1,1
96709,96710,2,1,0,1
96711,96714,4,3,0,1
96725,96728,4,1,1,2
96735,96738,4,3,0,1
96744,96747,4,2,0,2
96750,96753,4,2,0,2
96778,96779,2,1,0,1
96780,96784,5,1,3,1
96819,96821,3,1,1,1
96826,96827,2,1,0,1
96847,96848,2,1,0,1
96856,96858,3,2,0,1
96860,96861,2,1,0,1
96867,96869,3,2,0,1
96883,96886,4,2,1,1
96888,96889,2,1,0,1
96903,96906,4,2,0,2
96914,96915,2,1,0,1
96934,96935,2,1,0,1
96953,96954,2,1,0,1
96963,96964,2,1,0,1
96965,96966,2,1,0,1
96980,96982,3,1,0,2
96987,96989,3,1,0,2
96993,96994,2,1,0,1
97020,97022,3,1,0,2
97034,97035,2,1,0,1
97049,97051,3,1,1,1
97057,97058,2,1,0,1
97067,97068,2,1,0,1
97090,97092,3,2,0,1
97093,97094,2,1,0,1
97107,97111,5,2,1,2
97125,97126,2,1,0,1
97151,97155,5,2,2,1
97163,97165,3,1,0,2
97170,97171,2,1,0,1
97190,97192,3,1,1,1
97215,97216,2,1,0,1
97249,97250,2,1,0,1
97262,97264,3,2,0,1
97277,97278,2,1,0,1
97316,97319,4,3,0,1
97373,97374,2,1,0,1
97385,97386,2,1,0,1
97430,97433,4,1,2,1
97436,97438,3,1,0,2
97448,97452,5,1,1,3
97471,97474,4,3,0,1
97487,97488,2,1,0,1
97492,97493,2,1,0,1
97503,97504,2,1,0,1
97535,97539,5,1,2,2
97540,97542,3,2,0,1
97543,97544,2,1,0,1
97548,97550,3,1,1,1
97551,97553,3,2,0,1
97560,97561,2,1,0,1
97567,97569,3,1,1,1
97590,97592,3,2,0,1
97594,97596,3,1,1,1
97643,97644,2,1,0,1
97649,97652,4,2,0,2
97655,97658,4,2,1,1
97672,97673,2,1,0,1
97685,97686,2,1,0,1
97721,97722,2,1,0,1
97741,97742,2,1,0,1
97743,97745,3,2,0,1
97764,97767,4,1,1,2
97770,97772,3,1,1,1
97779,97782,4,1,1,2
97785,97786,2,1,0,1
97787,97789,3,1,1,1
97792,97794,3,1,1,1
97824,97827,4,1,2,1
97842,97844,3,1,1,1
97845,97847,3,1,1,1
97864,97865,2,1,0,1
97874,97877,4,1,0,3
97881,97882,2,1,0,1
97897,97898,2,1,0,1
97929,97930,2,1,0,1
97949,97952,4,1,2,1
97961,97962,2,1,0,1
97973,97975,3,1,0,2
97995,97998,4,1,1,2
98013,98014,2,1,0,1
98045,98047,3,1,1,1
98062,98063,2,1,0,1
98069,98072,4,2,1,1
98083,98085,3,1,1,1
98097,98098,2,1,0,1
98108,98111,4,2,0,2
98118,98119,2,1,0,1
98121,98122,2,1,0,1
98129,98131,3,1,0,2
98139,98140,2,1,0,1
98144,98146,3,1,1,1
98153,98156,4,1,0,3
98192,98194,3,1,1,1
98201,98206,6,3,2,1
98207,98209,3,1,1,1
98217,98219,3,1,0,2
98227,98234,8,2,4,2
98243,98245,3,1,0,2
98246,98248,3,2,0,1
98267,98269,3,1,0,2
98278,98281,4,2,1,1
98317,98318,2,1,0,1
98320,98322,3,1,0,2
98346,98348,3,1,1,1
98358,98360,3,1,0,2
98367,98368,2,1,0,1
98371,98372,2,1,0,1
98373,98374,2,1,0,1
98379,98382,4,1,1,2
98397,98401,5,2,2,1
98403,98409,7,1,5,1
98419,98422,4,1,1,2
98429,98431,3,1,1,1
98448,98449,2,1,0,1
98479,98480,2,1,0,1
98487,98488,2,1,0,1
98489,98490,2,1,0,1
98503,98504,2,1,0,1
98551,98555,5,1,2,2
98563,98565,3,1,1,1
98570,98573,4,1,0,3
98582,98584,3,1,1,1
98603,98604,2,1,0,1
98607,98609,3,2,0,1
98614,98615,2,1,0,1
98659,98660,2,1,0,1
98683,98684,2,1,0,1
98701,98703,3,1,0,2
98708,98709,2,1,0,1
98713,98714,2,1,0,1
98715,98717,3,1,1,1
98741,98743,3,2,0,1
98749,98750,2,1,0,1
98756,98758,3,1,1,1
98766,98768,3,1,1,1
98774,98776,3,1,1,1
98806,98811,6,5,0,1
98815,98818,4,1,2,1
98842,98845,4,1,1,2
98858,98859,2,1,0,1
98864,98866,3,1,0,2
98873,98875,3,1,1,1
98907,98908,2,1,0,1
98914,98918,5,2,2,1
98950,98952,3,2,0,1
98954,98955,2,1,0,1
99009,99011,3,2,0,1
99016,99018,3,1,0,2
99037,99039,3,1,0,2
99045,99046,2,1,0,1
99063,99065,3,2,0,1
99092,99097,6,1,2,3
99114,99116,3,1,1,1
99118,99120,3,1,1,1
99131,99135,5,2,1,2
99162,99165,4,1,2,1
99169,99172,4,1,2,1
99184,99185,2,1,0,1
99186,99188,3,1,0,2
99197,99198,2,1,0,1
99221,99228,8,3,4,1
99238,99240,3,2,0,1
99267,99268,2,1,0,1
99279,99280,2,1,0,1
99281,99287,7,1,2,4
99292,99294,3,1,1,1
99298,99299,2,1,0,1
99300,99301,2,1,0,1
99336,99339,4,1,1,2
99341,99342,2,1,0,1
99353,99354,2,1,0,1
99355,99357,3,2,0,1
99364,99366,3,1,1,1
99367,99368,2,1,0,1
99380,99381,2,1,0,1
99382,99383,2,1,0,1
99390,99392,3,2,0,1
99437,99439,3,1,1,1
99458,99461,4,1,2,1
99520,99522,3,1,1,1
99531,99532,2,1,0,1
99535,99536,2,1,0,1
99538,99540,3,2,0,1
99541,99542,2,1,0,1
99560,99561,2,1,0,1
99570,99574,5,2,1,2
99575,99576,2,1,0,1
99640,99642,3,1,1,1
99675,99676,2,1,0,1
99681,99684,4,1,2,1
99689,99691,3,1,1,1
99704,99705,2,1,0,1
99717,99718,2,1,0,1
99722,99725,4,1,2,1
99728,99730,3,1,1,1
99744,99746,3,2,0,1
99763,99765,3,1,0,2
99772,99775,4,1,2,1
99798,99799,2,1,0,1
99805,99806,2,1,0,1
99812,99814,3,2,0,1
99840,99841,2,1,0,1
99843,99845,3,2,0,1
99848,99851,4,2,1,1
99865,99867,3,1,1,1
99880,99883,4,1,2,1
99890,99893,4,1,2,1
99898,99901,4,2,0,2
99930,99931,2,1,0,1
99932,99935,4,3,0,1
99951,99952,2,1,0,1
99967,99969,3,2,0,1
100031,100033,3,1,1,1
100060,100067,8,4,2,2
100068,100072,5,2,0,3
100074,100077,4,1,1,2
100095,100097,3,1,1,1
100102,100103,2,1,0,1
100115,100117,3,1,1,1
100153,100155,3,1,0,2
100189,100192,4,1,2,1
100195,100199,5,4,0,1
100219,100220,2,1,0,1
100228,100231,4,2,1,1
100240,100241,2,1,0,1
100263,100265,3,1,1,1
100278,100280,3,1,1,1
100320,100321,2,1,0,1
100382,100385,4,1,0,3
100398,100400,3,2,0,1
100412,100414,3,1,0,2
100417,100418,2,1,0,1
100432,100434,3,1,0,2
100460,100463,4,1,2,1
100475,100476,2,1,0,1
100494,100495,2,1,0,1
100516,100518,3,2,0,1
100554,100555,2,1,0,1
100596,100598,3,1,0,2
100601,100602,2,1,0,1
100613,100615,3,1,1,1
100621,100622,2,1,0,1
100623,100624,2,1,0,1
100630,100633,4,3,0,1
100645,100646,2,1,0,1
100665,100666,2,1,0,1
100672,100674,3,1,1,1
100680,100682,3,1,0,2
100686,100688,3,1,1,1
100689,100690,2,1,0,1
100708,100711,4,1,1,2
100719,100723,5,1,1,3
100728,100731,4,3,0,1
100733,100735,3,1,0,2
100743,100744,2,1,0,1
100759,100761,3,1,1,1
100770,100771,2,1,0,1
100774,100775,2,1,0,1
100800,100803,4,1,2,1
100809,100813,5,1,2,2
100817,100818,2,1,0,1
100825,100827,3,1,1,1
100831,100833,3,1,1,1
100847,100849,3,2,0,1
100859,100861,3,1,1,1
100869,100870,2,1,0,1
100897,100902,6,1,4,1
100920,100921,2,1,0,1
100922,100923,2,1,0,1
100924,100928,5,2,1,2
100947,100948,2,1,0,1
100978,100979,2,1,0,1
101027,101029,3,1,0,2
101042,101043,2,1,0,1
101050,101052,3,1,1,1
101068,101070,3,2,0,1
101080,101081,2,1,0,1
101102,101103,2,1,0,1
101111,101112,2,1,0,1
101113,101114,2,1,0,1
101129,101131,3,1,1,1
101137,101139,3,1,1,1
101166,101167,2,1,0,1
101182,101186,5,4,0,1
101196,101197,2,1,0,1
101220,101221,2,1,0,1
101257,101259,3,1,1,1
101273,101275,3,2,0,1
101286,101289,4,1,1,2
101363,101365,3,1,1,1
101391,101395,5,2,2,1
101396,101398,3,2,0,1
101402,101405,4,2,1,1
101408,101410,3,1,1,1
101420,101421,2,1,0,1
101425,101426,2,1,0,1
101427,101430,4,1,0,3
101458,101461,4,2,1,1
101518,101519,2,1,0,1
101533,101534,2,1,0,1
101544,101545,2,1,0,1
101552,101555,4,2,1,1
101568,101570,3,1,1,1
101572,101573,2,1,0,1
101592,101596,5,1,3,1
101598,101600,3,2,0,1
101643,101644,2,1,0,1
101660,101662,3,1,1,1
101670,101671,2,1,0,1
101672,101674,3,1,0,2
101679,101680,2,1,0,1
101689,101691,3,2,0,1
101703,101704,2,1,0,1
101714,101720,7,2,4,1
101726,101727,2,1,0,1
101742,101743,2,1,0,1
101763,101766,4,1,2,1
101767,101770,4,2,1,1
101785,101787,3,1,0,2
101813,101814,2,1,0,1
101828,101832,5,1,3,1
101854,101856,3,1,1,1
101865,101867,3,1,1,1
101873,101875,3,1,1,1
101884,101886,3,1,0,2
101889,101890,2,1,0,1
101922,101924,3,1,1,1
101948,101949,2,1,0,1
101967,101971,5,1,2,2
101998,102000,3,1,0,2
102066,102067,2,1,0,1
102078,102080,3,1,1,1
102101,102102,2,1,0,1
102105,102106,2,1,0,1
102119,102120,2,1,0,1
102130,102131,2,1,0,1
102139,102141,3,2,0,1
102156,102163,8,2,5,1
102196,102197,2,1,0,1
102202,102203,2,1,0,1
102208,102210,3,1,0,2
102277,102278,2,1,0,1
102306,102307,2,1,0,1
102319,102322,4,1,0,3
102339,102340,2,1,0,1
102388,102389,2,1,0,1
102424,102426,3,2,0,1
102438,102440,3,1,0,2
102443,102445,3,1,0,2
102450,102458,9,5,0,4
102462,102464,3,1,1,1
102474,102475,2,1,0,1
102479,102480,2,1,0,1
102498,102499,2,1,0,1
102532,102533,2,1,0,1
102535,102537,3,1,0,2
102538,102540,3,1,1,1
102541,102544,4,1,0,3
102574,102575,2,1,0,1
102585,102587,3,1,0,2
102604,102608,5,1,3,1
102610,102613,4,1,1,2
102620,102624,5,2,1,2
102636,102638,3,2,0,1
102648,102654,7,5,1,1
102657,102660,4,1,2,1
102716,102718,3,2,0,1
102725,102729,5,2,0,3
102730,102731,2,1,0,1
102732,102735,4,1,2,1
102736,102738,3,2,0,1
102743,102744,2,1,0,1
102746,102748,3,2,0,1
102749,102751,3,2,0,1
102774,102776,3,2,0,1
102793,102795,3,2,0,1
102796,102800,5,1,3,1
102844,102846,3,1,0,2
102876,102878,3,2,0,1
102882,102883,2,1,0,1
102884,102887,4,1,1,2
102923,102926,4,1,2,1
102931,102935,5,3,1,1
102937,102939,3,2,0,1
102962,102963,2,1,0,1
102969,102972,4,3,0,1
102976,102977,2,1,0,1
102991,102997,7,5,1,1
103013,103016,4,3,0,1
103023,103027,5,4,0,1
103031,103035,5,1,2,2
103049,103052,4,1,2,1
103055,103060,6,1,4,1
103069,103072,4,3,0,1
103076,103078,3,1,0,2
103082,103085,4,2,1,1
103121,103122,2,1,0,1
103130,103135,6,3,2,1
103141,103143,3,2,0,1
103154,103156,3,2,0,1
103175,103177,3,2,0,1
103189,103192,4,2,1,1
103197,103205,9,1,6,2
103209,103212,4,2,1,1
103216,103221,6,2,0,4
103222,103224,3,1,1,1
103233,103237,5,1,1,3
103241,103243,3,1,0,2
103248,103250,3,1,1,1
103251,103254,4,1,2,1
103255,103256,2,1,0,1
103312,103313,2,1,0,1
103315,103316,2,1,0,1
103325,103331,7,1,4,2
103335,103342,8,2,3,3
103383,103385,3,1,1,1
103403,103405,3,1,0,2
103406,103407,2,1,0,1
103408,103412,5,2,1,2
103419,103423,5,2,2,1
103445,103447,3,1,1,1
103462,103465,4,2,0,2
103466,103467,2,1,0,1
103469,103470,2,1,0,1
103495,103498,4,1,2,1
103501,103503,3,2,0,1
103513,103516,4,3,0,1
103518,103523,6,1,4,1
103560,103561,2,1,0,1
103562,103563,2,1,0,1
103579,103582,4,1,2,1
103585,103587,3,1,1,1
103597,103599,3,1,1,1
103612,103613,2,1,0,1
103629,103631,3,2,0,1
103671,103676,6,5,0,1
103682,103684,3,2,0,1
103685,103687,3,2,0,1
103698,103701,4,3,0,1
103727,103732,6,1,4,1
103733,103737,5,4,0,1
103739,103744,6,1,4,1
103750,103752,3,1,1,1
103753,103755,3,1,1,1
103756,103758,3,1,1,1
103778,103780,3,1,0,2
103784,103786,3,2,0,1
103789,103791,3,2,0,1
103793,103795,3,1,0,2
103807,103808,2,1,0,1
103817,103820,4,1,2,1
103835,103843,9,3,2,4
103847,103848,2,1,0,1
103864,103865,2,1,0,1
103876,103880,5,1,3,1
103894,103896,3,1,1,1
103909,103910,2,1,0,1
103912,103913,2,1,0,1
103947,103949,3,1,0,2
103951,103953,3,2,0,1
103955,103961,7,3,2,2
103968,103970,3,1,1,1
103975,103976,2,1,0,1
103982,103986,5,1,0,4
103994,103995,2,1,0,1
103996,103999,4,2,1,1
104001,104002,2,1,0,1
104006,104011,6,4,1,1
104014,104016,3,1,1,1
104047,104052,6,5,0,1
104069,104070,2,1,0,1
104071,104072,2,1,0,1
104097,104104,8,1,4,3
104120,104121,2,1,0,1
104139,104140,2,1,0,1
104142,104147,6,1,0,5
104151,104152,2,1,0,1
104164,104172,9,3,3,3
104204,104205,2,1,0,1
104206,104209,4,1,1,2
104210,104211,2,1,0,1
104232,104233,2,1,0,1
104244,104246,3,1,1,1
104270,104271,2,1,0,1
104278,104279,2,1,0,1
104280,104282,3,2,0,1
104321,104323,3,2,0,1
104331,104333,3,1,1,1
104345,104348,4,1,2,1
104394,104397,4,1,0,3
104455,104456,2,1,0,1
104463,104464,2,1,0,1
104474,104478,5,2,2,1
104497,104499,3,1,0,2
104513,104515,3,1,1,1
104539,104540,2,1,0,1
104550,104552,3,2,0,1
104615,104616,2,1,0,1
104633,104634,2,1,0,1
104639,104640,2,1,0,1
104693,104694,2,1,0,1
104702,104704,3,1,1,1
104712,104713,2,1,0,1
104857,104859,3,1,0,2
104864,104865,2,1,0,1
104893,104895,3,1,0,2
104933,104935,3,1,1,1
104977,104978,2,1,0,1
105012,105014,3,1,0,2
105043,105045,3,2,0,1
105070,105071,2,1,0,1
105082,105083,2,1,0,1
105108,105110,3,1,1,1
105156,105162,7,5,0,2
105198,105201,4,3,0,1
105244,105245,2,1,0,1
105287,105291,5,1,2,2
105488,105491,4,1,0,3
105543,105550,8,3,1,4
105633,105634,2,1,0,1
105755,105757,3,2,0,1
105804,105805,2,1,0,1
105807,105809,3,1,1,1
105897,105900,4,2,1,1
105965,105966,2,1,0,1
105976,105983,8,5,0,3
106083,106084,2,1,0,1
106187,106189,3,2,0,1
106199,106201,3,1,0,2
106227,106233,7,4,2,1
106580,106584,5,2,1,2
106595,106596,2,1,0,1
106608,106609,2,1,0,1
106672,106673,2,1,0,1
106676,106678,3,2,0,1
106694,106695,2,1,0,1
106738,106742,5,3,0,2
106758,106763,6,2,2,2
106792,106794,3,2,0,1
106816,106818,3,1,1,1
106880,106884,5,1,0,4
106901,106902,2,1,0,1
106948,106954,7,1,5,1
107010,107011,2,1,0,1
107030,107032,3,1,0,2
107060,107062,3,1,1,1
107069,107070,2,1,0,1
107092,107095,4,2,1,1
107209,107216,8,1,0,7
107505,107510,6,5,0,1
107519,107521,3,1,1,1
107530,107534,5,2,2,1
107535,107538,4,2,1,1
107539,107541,3,1,1,1
107562,107564,3,1,1,1
107579,107580,2,1,0,1
107588,107591,4,1,2,1
107595,107600,6,2,3,1
107623,107625,3,1,0,2
107664,107665,2,1,0,1
107790,107793,4,2,1,1
107801,107802,2,1,0,1
107812,107815,4,3,0,1
107818,107819,2,1,0,1
107877,107878,2,1,0,1
108026,108029,4,3,0,1
108101,108102,2,1,0,1
108108,108111,4,2,1,1
108139,108141,3,2,0,1
108158,108160,3,2,0,1
108164,108165,2,1,0,1
108168,108172,5,4,0,1
108175,108180,6,4,1,1
108182,108186,5,3,1,1
108214,108217,4,3,0,1
108259,108260,2,1,0,1
108310,108311,2,1,0,1
108317,108318,2,1,0,1
108340,108341,2,1,0,1
108343,108347,5,2,2,1
108380,108383,4,3,0,1
108412,108415,4,3,0,1
108417,108422,6,4,1,1
108436,108439,4,2,1,1
108467,108468,2,1,0,1
108469,108470,2,1,0,1
108476,108478,3,1,1,1
108482,108483,2,1,0,1
108513,108516,4,1,2,1
108561,108563,3,2,0,1
108564,108566,3,1,1,1
108585,108590,6,3,2,1
108595,108603,9,2,6,1
108609,108611,3,1,1,1
108640,108641,2,1,0,1
108650,108652,3,2,0,1
108671,108673,3,2,0,1
108679,108680,2,1,0,1
108705,108708,4,3,0,1
108712,108714,3,2,0,1
108717,108723,7,5,0,2
108730,108734,5,2,2,1
108788,108792,5,1,3,1
108796,108800,5,3,1,1
108810,108812,3,1,0,2
108815,108818,4,2,1,1
108837,108844,8,4,1,3
108856,108858,3,1,1,1
108879,108880,2,1,0,1
108883,108886,4,1,0,3
108891,108895,5,2,1,2
108940,108944,5,4,0,1
108956,108961,6,2,3,1
108985,108988,4,3,0,1
108996,109001,6,5,0,1
109021,109023,3,1,1,1
109024,109026,3,2,0,1
109036,109037,2,1,0,1
109043,109045,3,1,1,1
109052,109055,4,3,0,1
109056,109057,2,1,0,1
109068,109077,10,5,4,1
109078,109079,2,1,0,1
109084,109088,5,3,1,1
109091,109093,3,1,1,1
109096,109097,2,1,0,1
109098,109099,2,1,0,1
109107,109109,3,2,0,1
109125,109126,2,1,0,1
109128,109129,2,1,0,1
109138,109142,5,2,2,1
109159,109163,5,4,0,1
109166,109168,3,1,0,2
109173,109174,2,1,0,1
109176,109178,3,2,0,1
109192,109193,2,1,0,1
109198,109200,3,1,1,1
109214,109219,6,5,0,1
109220,109223,4,3,0,1
109233,109234,2,1,0,1
109237,109239,3,1,1,1
109265,109267,3,2,0,1
109291,109293,3,1,1,1
109294,109296,3,1,0,2
109299,109301,3,2,0,1
109315,109316,2,1,0,1
109327,109328,2,1,0,1
109329,109331,3,1,1,1
109332,109334,3,1,0,2
109335,109341,7,1,5,1
109342,109344,3,1,0,2
109351,109352,2,1,0,1
109356,109357,2,1,0,1
109358,109361,4,1,2,1
109368,109369,2,1,0,1
109374,109375,2,1,0,1
109391,109392,2,1,0,1
109396,109397,2,1,0,1
109415,109416,2,1,0,1
109423,109424,2,1,0,1
109429,109431,3,1,1,1
109439,109442,4,2,1,1
109470,109472,3,2,0,1
109482,109483,2,1,0,1
109484,109487,4,3,0,1
109494,109495,2,1,0,1
109526,109529,4,3,0,1
109533,109534,2,1,0,1
109535,109537,3,2,0,1
109548,109550,3,2,0,1
109553,109558,6,3,1,2
109559,109560,2,1,0,1
109561,109563,3,2,0,1
109564,109565,2,1,0,1
109569,109572,4,1,2,1
109603,109605,3,2,0,1
109615,109620,6,1,4,1
109623,109631,9,5,2,2
109632,109634,3,1,0,2
109650,109657,8,5,2,1
109662,109666,5,3,0,2
109680,109685,6,5,0,1
109688,109691,4,2,1,1
109692,109698,7,4,1,2
109702,109706,5,1,2,2
109719,109720,2,1,0,1
109737,109739,3,1,1,1
109741,109746,6,1,2,3
109747,109748,2,1,0,1
109764,109765,2,1,0,1
109795,109796,2,1,0,1
109803,109807,5,3,1,1
109814,109815,2,1,0,1
109816,109819,4,1,0,3
109830,109837,8,5,2,1
109866,109867,2,1,0,1
109882,109883,2,1,0,1
109891,109895,5,4,0,1
109902,109906,5,3,1,1
109909,109911,3,1,1,1
109918,109919,2,1,0,1
109921,109922,2,1,0,1
109925,109926,2,1,0,1
109941,109943,3,2,0,1
109952,109957,6,3,2,1
109962,109964,3,1,1,1
109968,109974,7,2,4,1
109984,109987,4,1,2,1
109990,109992,3,1,0,2
109997,110000,4,1,0,3
110007,110008,2,1,0,1
110022,110025,4,3,0,1
110032,110034,3,1,1,1
110042,110045,4,3,0,1
110048,110052,5,1,2,2
110053,110056,4,1,0,3
110070,110071,2,1,0,1
110080,110081,2,1,0,1
110086,110087,2,1,0,1
110090,110092,3,2,0,1
110093,110095,3,1,1,1
110096,110098,3,2,0,1
110103,110108,6,2,3,1
110158,110160,3,2,0,1
110165,110166,2,1,0,1
110174,110178,5,4,0,1
110184,110185,2,1,0,1
110186,110188,3,1,1,1
110211,110213,3,1,1,1
110219,110220,2,1,0,1
110241,110245,5,4,0,1
110246,110247,2,1,0,1
110253,110254,2,1,0,1
110265,110269,5,2,2,1
110285,110292,8,5,2,1
110299,110300,2,1,0,1
110308,110310,3,1,1,1
110311,110313,3,1,0,2
110320,110322,3,1,1,1
110326,110330,5,1,3,1
110331,110332,2,1,0,1
110343,110344,2,1,0,1
110347,110350,4,2,0,2
110372,110374,3,1,0,2
110377,110380,4,3,0,1
110383,110384,2,1,0,1
110396,110398,3,1,0,2
110407,110413,7,5,1,1
110451,110456,6,1,4,1
110468,110471,4,3,0,1
110473,110476,4,1,2,1
110477,110482,6,2,3,1
110483,110486,4,2,1,1
110491,110495,5,2,2,1
110498,110499,2,1,0,1
110529,110530,2,1,0,1
110534,110537,4,2,1,1
110547,110548,2,1,0,1
110561,110563,3,1,1,1
110564,110567,4,2,1,1
110575,110576,2,1,0,1
110613,110614,2,1,0,1
110633,110634,2,1,0,1
110637,110641,5,3,1,1
110654,110658,5,1,3,1
110665,110671,7,5,1,1
110672,110673,2,1,0,1
110689,110691,3,2,0,1
110695,110697,3,1,1,1
110731,110734,4,3,0,1
110753,110754,2,1,0,1
110755,110756,2,1,0,1
110769,110770,2,1,0,1
110773,110776,4,1,2,1
110796,110798,3,2,0,1
110804,110806,3,2,0,1
110820,110821,2,1,0,1
110862,110864,3,1,0,2
110875,110878,4,1,2,1
110904,110906,3,1,1,1
110907,110910,4,3,0,1
110918,110922,5,4,0,1
110923,110926,4,3,0,1
110930,110931,2,1,0,1
110938,110943,6,5,0,1
110960,110964,5,3,1,1
110972,110978,7,1,4,2
110981,110985,5,1,3,1
111001,111002,2,1,0,1
111003,111004,2,1,0,1
111005,111009,5,4,0,1
111018,111023,6,1,4,1
111037,111040,4,1,2,1
111046,111049,4,2,1,1
111054,111055,2,1,0,1
111056,111059,4,3,0,1
111064,111066,3,2,0,1
111067,111069,3,1,1,1
111073,111077,5,1,3,1
111099,111101,3,2,0,1
111114,111123,10,1,7,2
111124,111125,2,1,0,1
111126,111129,4,1,2,1
111139,111141,3,1,0,2
111150,111152,3,2,0,1
111158,111164,7,1,5,1
111180,111183,4,2,1,1
111188,111193,6,2,3,1
111219,111222,4,2,1,1
111224,111225,2,1,0,1
111226,111230,5,4,0,1
111252,111253,2,1,0,1
111258,111263,6,1,3,2
111277,111279,3,1,0,2
111283,111285,3,1,0,2
111286,111289,4,2,1,1
111304,111309,6,2,3,1
111334,111339,6,1,4,1
111340,111342,3,2,0,1
111346,111347,2,1,0,1
111385,111389,5,4,0,1
111403,111408,6,2,3,1
111423,111426,4,2,1,1
111436,111442,7,3,3,1
111452,111456,5,1,2,2
111462,111463,2,1,0,1
111469,111470,2,1,0,1
111489,111490,2,1,0,1
111495,111499,5,4,0,1
111505,111507,3,1,1,1
111511,111512,2,1,0,1
111516,111521,6,3,1,2
111540,111542,3,2,0,1
111543,111546,4,2,1,1
111576,111577,2,1,0,1
111580,111582,3,2,0,1
111593,111595,3,1,1,1
111596,111598,3,1,0,2
111605,111608,4,1,2,1
111623,111624,2,1,0,1
111625,111629,5,1,2,2
111631,111636,6,4,1,1
111637,111638,2,1,0,1
111640,111643,4,3,0,1
111652,111653,2,1,0,1
111654,111655,2,1,0,1
111667,111669,3,1,1,1
111670,111671,2,1,0,1
111705,111706,2,1,0,1
111711,111714,4,2,1,1
111724,111726,3,1,1,1
111728,111730,3,2,0,1
111731,111734,4,3,0,1
111756,111759,4,2,1,1
111788,111790,3,2,0,1
111804,111806,3,2,0,1
111812,111816,5,2,2,1
111820,111823,4,1,2,1
111827,111830,4,3,0,1
111839,111843,5,4,0,1
111853,111855,3,2,0,1
111856,111859,4,1,2,1
111860,111862,3,1,1,1
111875,111876,2,1,0,1
111881,111883,3,1,1,1
111888,111893,6,5,0,1
111922,111925,4,2,0,2
111943,111944,2,1,0,1
111945,111946,2,1,0,1
111962,111966,5,2,2,1
111971,111974,4,3,0,1
111977,111979,3,1,0,2
111980,111982,3,2,0,1
111990,111991,2,1,0,1
111992,111996,5,2,2,1
111997,111999,3,2,0,1
112000,112001,2,1,0,1
112002,112006,5,1,2,2
112012,112015,4,2,0,2
112021,112022,2,1,0,1
112034,112035,2,1,0,1
112038,112039,2,1,0,1
112054,112056,3,2,0,1
112064,112068,5,1,3,1
112069,112072,4,2,1,1
112077,112079,3,2,0,1
112080,112081,2,1,0,1
112085,112086,2,1,0,1
112094,112096,3,2,0,1
112111,112114,4,1,2,1
112116,112118,3,1,1,1
112120,112124,5,3,1,1
112129,112132,4,1,2,1
112135,112140,6,1,3,2
112189,112192,4,3,0,1
112226,112229,4,2,1,1
112230,112232,3,1,0,2
112235,112238,4,2,0,2
112256,112260,5,2,2,1
112263,112265,3,2,0,1
112270,112271,2,1,0,1
112278,112281,4,2,1,1
112287,112288,2,1,0,1
112316,112317,2,1,0,1
112318,112319,2,1,0,1
112328,112329,2,1,0,1
112330,112332,3,1,1,1
112338,112341,4,1,2,1
112348,112349,2,1,0,1
112365,112366,2,1,0,1
112368,112370,3,2,0,1
112371,112373,3,1,1,1
112381,112386,6,5,0,1
112393,112395,3,1,1,1
112398,112400,3,2,0,1
112411,112414,4,1,2,1
112430,112431,2,1,0,1
112433,112441,9,5,3,1
112454,112456,3,2,0,1
112457,112460,4,2,1,1
112466,112471,6,5,0,1
112505,112507,3,1,1,1
112512,112516,5,2,2,1
112521,112526,6,2,3,1
112529,112530,2,1,0,1
112531,112533,3,1,1,1
112537,112539,3,2,0,1
112541,112543,3,2,0,1
112556,112561,6,1,4,1
112581,112584,4,3,0,1
112589,112591,3,2,0,1
112599,112605,7,2,4,1
112629,112631,3,2,0,1
112636,112638,3,2,0,1
112689,112690,2,1,0,1
112694,112697,4,2,1,1
112704,112707,4,3,0,1
112711,112713,3,2,0,1
112723,112726,4,3,0,1
112727,112729,3,1,0,2
112731,112732,2,1,0,1
112733,112735,3,1,1,1
112770,112771,2,1,0,1
112779,112780,2,1,0,1
112782,112784,3,1,0,2
112785,112786,2,1,0,1
112789,112790,2,1,0,1
112804,112806,3,2,0,1
112812,112820,9,5,3,1
112822,112825,4,3,0,1
112827,112829,3,1,0,2
112865,112869,5,3,1,1
112894,112897,4,1,2,1
112942,112944,3,2,0,1
112963,112965,3,2,0,1
112973,112974,2,1,0,1
112985,112988,4,2,1,1
112996,112998,3,1,1,1
113000,113006,7,2,4,1
113028,113031,4,2,0,2
113046,113048,3,1,1,1
113049,113050,2,1,0,1
113054,113057,4,1,2,1
113079,113080,2,1,0,1
113084,113090,7,2,3,2
113091,113095,5,4,0,1
113096,113098,3,1,1,1
113140,113143,4,2,0,2
113155,113160,6,4,1,1
113161,113164,4,1,2,1
113171,113172,2,1,0,1
113179,113180,2,1,0,1
113181,113183,3,2,0,1
113189,113192,4,2,1,1
113193,113199,7,3,2,2
113203,113204,2,1,0,1
113205,113208,4,3,0,1
113213,113216,4,1,2,1
113217,113218,2,1,0,1
113225,113227,3,1,1,1
113230,113237,8,5,0,3
113257,113258,2,1,0,1
113274,113278,5,1,3,1
113303,113304,2,1,0,1
113328,113330,3,2,0,1
113338,113345,8,1,5,2
113355,113358,4,2,0,2
113361,113365,5,4,0,1
113380,113383,4,3,0,1
113392,113398,7,2,4,1
113418,113420,3,1,0,2
113423,113428,6,1,4,1
113429,113433,5,4,0,1
113437,113439,3,1,1,1
113458,113460,3,1,1,1
113464,113467,4,1,2,1
113483,113484,2,1,0,1
113485,113489,5,1,1,3
113492,113494,3,2,0,1
113501,113503,3,2,0,1
113532,113533,2,1,0,1
113539,113540,2,1,0,1
113556,113557,2,1,0,1
113567,113569,3,1,1,1
113601,113607,7,2,4,1
113608,113609,2,1,0,1
113639,113642,4,2,1,1
113643,113644,2,1,0,1
113645,113648,4,3,0,1
113655,113660,6,1,4,1
113676,113679,4,1,2,1
113690,113693,4,3,0,1
113710,113713,4,1,1,2
113745,113746,2,1,0,1
113748,113749,2,1,0,1
113774,113776,3,2,0,1
113777,113778,2,1,0,1
113781,113782,2,1,0,1
113798,113800,3,2,0,1
113810,113812,3,2,0,1
113833,113835,3,1,1,1
113839,113842,4,3,0,1
113844,113850,7,3,3,1
113853,113856,4,2,1,1
113857,113860,4,3,0,1
113861,113863,3,1,1,1
113871,113873,3,1,1,1
113892,113893,2,1,0,1
113897,113899,3,1,1,1
113904,113906,3,2,0,1
113922,113924,3,1,1,1
113935,113937,3,2,0,1
113947,113948,2,1,0,1
113951,113953,3,1,1,1
113956,113960,5,3,0,2
113968,113970,3,2,0,1
113987,113990,4,1,2,1
113991,113994,4,1,2,1
114009,114012,4,1,2,1
114016,114019,4,3,0,1
114021,114023,3,1,1,1
114035,114039,5,2,2,1
114041,114042,2,1,0,1
114057,114058,2,1,0,1
114059,114060,2,1,0,1
114061,114062,2,1,0,1
114069,114076,8,1,6,1
114077,114079,3,1,1,1
114081,114085,5,3,1,1
114089,114090,2,1,0,1
114104,114106,3,2,0,1
114108,114109,2,1,0,1
114136,114137,2,1,0,1
114148,114149,2,1,0,1
114154,114157,4,1,1,2
114158,114159,2,1,0,1
114162,114163,2,1,0,1
114173,114179,7,4,2,1
114188,114189,2,1,0,1
114195,114197,3,1,1,1
114222,114223,2,1,0,1
114225,114230,6,1,4,1
114235,114240,6,3,2,1
114242,114246,5,3,1,1
114260,114261,2,1,0,1
114296,114299,4,3,0,1
114314,114315,2,1,0,1
114318,114322,5,1,2,2
114324,114326,3,2,0,1
114327,114328,2,1,0,1
114329,114330,2,1,0,1
114337,114343,7,5,1,1
114349,114351,3,1,1,1
114352,114353,2,1,0,1
114390,114391,2,1,0,1
114399,114402,4,1,2,1
114408,114409,2,1,0,1
114416,114417,2,1,0,1
114421,114422,2,1,0,1
114423,114425,3,1,0,2
114438,114439,2,1,0,1
114457,114459,3,1,1,1
114484,114487,4,2,1,1
114488,114492,5,2,2,1
114497,114498,2,1,0,1
114499,114503,5,1,3,1
114504,114505,2,1,0,1
114507,114510,4,2,0,2
114532,114538,7,1,5,1
114541,114552,12,2,9,1
114558,114560,3,1,1,1
114563,114567,5,1,3,1
114574,114579,6,5,0,1
114591,114596,6,1,4,1
114613,114617,5,1,3,1
114618,114620,3,2,0,1
114628,114629,2,1,0,1
114645,114647,3,2,0,1
114655,114656,2,1,0,1
114663,114665,3,1,1,1
114668,114671,4,3,0,1
114676,114678,3,2,0,1
114682,114683,2,1,0,1
114686,114693,8,5,2,1
114700,114702,3,1,1,1
114711,114715,5,2,2,1
114720,114721,2,1,0,1
114724,114728,5,2,2,1
114737,114741,5,1,3,1
114744,114749,6,4,1,1
114762,114764,3,1,1,1
114780,114792,13,1,11,1
114810,114812,3,1,1,1
114819,114821,3,2,0,1
114828,114830,3,1,1,1
114833,114836,4,2,1,1
114841,114842,2,1,0,1
114848,114850,3,1,0,2
114851,114855,5,1,3,1
114858,114859,2,1,0,1
114867,114871,5,3,1,1
114873,114879,7,5,0,2
114895,114901,7,5,1,1
114928,114929,2,1,0,1
114936,114939,4,2,1,1
114947,114949,3,2,0,1
114961,114964,4,2,1,1
114967,114969,3,1,1,1
115001,115004,4,1,1,2
115009,115010,2,1,0,1
115011,115014,4,3,0,1
115047,115050,4,1,2,1
115054,115055,2,1,0,1
115069,115070,2,1,0,1
115075,115076,2,1,0,1
115089,115090,2,1,0,1
115097,115103,7,1,5,1
115113,115119,7,5,1,1
115121,115126,6,5,0,1
115129,115132,4,2,1,1
115138,115142,5,2,2,1
115152,115154,3,1,1,1
115155,115158,4,2,1,1
115164,115170,7,1,5,1
115175,115179,5,1,3,1
115196,115201,6,1,4,1
115210,115211,2,1,0,1
115225,115226,2,1,0,1
115228,115232,5,4,0,1
115265,115266,2,1,0,1
115269,115271,3,2,0,1
115288,115290,3,2,0,1
115300,115303,4,3,0,1
115309,115312,4,2,1,1
115313,115315,3,2,0,1
115316,115319,4,1,1,2
115328,115332,5,4,0,1
115349,115351,3,2,0,1
115354,115356,3,1,1,1
115361,115366,6,3,2,1
115371,115377,7,1,5,1
115387,115389,3,1,1,1
115390,115391,2,1,0,1
115392,115393,2,1,0,1
115397,115399,3,1,1,1
115424,115428,5,4,0,1
115437,115443,7,1,5,1
115445,115447,3,1,1,1
115463,115467,5,3,1,1
115468,115469,2,1,0,1
115474,115477,4,1,1,2
115485,115486,2,1,0,1
115499,115501,3,2,0,1
115502,115504,3,1,1,1
115505,115510,6,2,3,1
115515,115516,2,1,0,1
115528,115529,2,1,0,1
115544,115545,2,1,0,1
115549,115552,4,3,0,1
115555,115558,4,3,0,1
115561,115564,4,3,0,1
115587,115588,2,1,0,1
115597,115598,2,1,0,1
115600,115602,3,1,1,1
115628,115630,3,2,0,1
115631,115632,2,1,0,1
115635,115638,4,3,0,1
115643,115644,2,1,0,1
115669,115673,5,2,2,1
115677,115679,3,1,1,1
115684,115687,4,1,2,1
115690,115697,8,3,4,1
115702,115706,5,2,2,1
115711,115714,4,3,0,1
115732,115737,6,4,1,1
115745,115746,2,1,0,1
115751,115752,2,1,0,1
115757,115758,2,1,0,1
115759,115761,3,2,0,1
115793,115794,2,1,0,1
115796,115798,3,2,0,1
115813,115816,4,1,0,3
115830,115832,3,2,0,1
115841,115846,6,1,3,2
115863,115865,3,2,0,1
115871,115873,3,1,1,1
115877,115883,7,1,1,5
115884,115886,3,2,0,1
115912,115914,3,2,0,1
115918,115921,4,3,0,1
115934,115938,5,3,1,1
115948,115950,3,1,0,2
115957,115959,3,2,0,1
115962,115964,3,2,0,1
115978,115982,5,1,3,1
115985,115992,8,1,5,2
115998,116002,5,2,2,1
116013,116015,3,1,1,1
116019,116021,3,1,1,1
116032,116037,6,1,4,1
116046,116054,9,5,3,1
116078,116084,7,5,1,1
116085,116087,3,2,0,1
116092,116096,5,2,1,2
116107,116110,4,3,0,1
116115,116116,2,1,0,1
116120,116122,3,1,1,1
116130,116131,2,1,0,1
116150,116152,3,1,1,1
116153,116155,3,1,1,1
116160,116167,8,1,5,2
116202,116206,5,4,0,1
116211,116212,2,1,0,1
116233,116239,7,2,4,1
116241,116243,3,1,1,1
116244,116245,2,1,0,1
116251,116252,2,1,0,1
116260,116262,3,1,0,2
116278,116279,2,1,0,1
116285,116287,3,2,0,1
116288,116293,6,5,0,1
116308,116309,2,1,0,1
116315,116317,3,1,1,1
116319,116320,2,1,0,1
116335,116337,3,2,0,1
116344,116349,6,1,3,2
116350,116355,6,1,4,1
116368,116369,2,1,0,1
116384,116386,3,1,0,2
116407,116411,5,3,1,1
116414,116417,4,2,1,1
116424,116430,7,1,5,1
116455,116457,3,1,1,1
116462,116465,4,1,2,1
116496,116500,5,3,0,2
116501,116503,3,2,0,1
116506,116509,4,3,0,1
116512,116514,3,2,0,1
116522,116525,4,2,1,1
116530,116532,3,2,0,1
116546,116547,2,1,0,1
116548,116554,7,3,3,1
116562,116565,4,3,0,1
116566,116568,3,2,0,1
116569,116570,2,1,0,1
116573,116577,5,4,0,1
116578,116581,4,3,0,1
116589,116591,3,1,0,2
116592,116593,2,1,0,1
116594,116595,2,1,0,1
116602,116603,2,1,0,1
116611,116615,5,3,1,1
116618,116623,6,3,2,1
116626,116627,2,1,0,1
116632,116633,2,1,0,1
116637,116638,2,1,0,1
116639,116641,3,1,0,2
116649,116653,5,3,1,1
116657,116658,2,1,0,1
116665,116668,4,2,1,1
116669,116673,5,3,1,1
116687,116688,2,1,0,1
116689,116690,2,1,0,1
116704,116705,2,1,0,1
116738,116739,2,1,0,1
116749,116754,6,3,2,1
116770,116774,5,2,0,3
116775,116776,2,1,0,1
116778,116781,4,3,0,1
116790,116793,4,1,2,1
116794,116796,3,2,0,1
116801,116804,4,1,2,1
116809,116811,3,1,1,1
116812,116814,3,2,0,1
116821,116824,4,3,0,1
116839,116844,6,2,3,1
116855,116856,2,1,0,1
116863,116865,3,1,0,2
116875,116878,4,1,0,3
116893,116895,3,1,1,1
116909,116914,6,3,2,1
116919,116927,9,2,6,1
116933,116937,5,1,3,1
116946,116949,4,2,1,1
116959,116961,3,1,1,1
116965,116966,2,1,0,1
116976,116979,4,2,0,2
116980,116984,5,4,0,1
116994,116995,2,1,0,1
116996,117000,5,4,0,1
117004,117007,4,2,1,1
117011,117016,6,1,4,1
117018,117023,6,4,1,1
117048,117054,7,4,2,1
117068,117073,6,5,0,1
117082,117085,4,3,0,1
117094,117097,4,1,2,1
117098,117106,9,3,0,6
117111,117112,2,1,0,1
117116,117118,3,2,0,1
117119,117120,2,1,0,1
117121,117123,3,1,0,2
117125,117128,4,1,2,1
117135,117137,3,2,0,1
117139,117147,9,1,6,2
117159,117161,3,2,0,1
117168,117174,7,5,1,1
117182,117185,4,3,0,1
117186,117190,5,1,3,1
117213,117215,3,2,0,1
117230,117231,2,1,0,1
117233,117237,5,1,3,1
117240,117241,2,1,0,1
117246,117254,9,4,3,2
117290,117295,6,5,0,1
117296,117297,2,1,0,1
117315,117317,3,1,1,1
117320,117324,5,1,2,2
117362,117365,4,2,1,1
117375,117379,5,2,2,1
117386,117387,2,1,0,1
117393,117394,2,1,0,1
117396,117397,2,1,0,1
117399,117400,2,1,0,1
117401,117405,5,2,2,1
117415,117417,3,1,0,2
117420,117424,5,1,3,1
117435,117438,4,1,1,2
117443,117444,2,1,0,1
117448,117453,6,5,0,1
117463,117468,6,2,3,1
117496,117498,3,2,0,1
117508,117509,2,1,0,1
117524,117528,5,2,2,1
117529,117530,2,1,0,1
117541,117542,2,1,0,1
117549,117553,5,1,3,1
117563,117570,8,1,6,1
117582,117588,7,4,2,1
117590,117591,2,1,0,1
117598,117601,4,3,0,1
117602,117603,2,1,0,1
117608,117614,7,3,3,1
117626,117628,3,1,1,1
117636,117639,4,3,0,1
117653,117654,2,1,0,1
117673,117677,5,2,2,1
117680,117682,3,2,0,1
117685,117687,3,1,1,1
117691,117701,11,3,7,1
117702,117705,4,1,1,2
117709,117710,2,1,0,1
117711,117712,2,1,0,1
117752,117753,2,1,0,1
117781,117782,2,1,0,1
117787,117789,3,2,0,1
117797,117798,2,1,0,1
117801,117804,4,1,2,1
117807,117810,4,3,0,1
117825,117828,4,1,2,1
117845,117847,3,1,1,1
117850,117852,3,2,0,1
117858,117860,3,2,0,1
117863,117864,2,1,0,1
117865,117869,5,3,0,2
117892,117894,3,1,1,1
117898,117899,2,1,0,1
117914,117916,3,2,0,1
117931,117933,3,1,1,1
117950,117951,2,1,0,1
117952,117954,3,2,0,1
117955,117959,5,3,1,1
117974,117979,6,4,1,1
117985,117989,5,4,0,1
117991,117992,2,1,0,1
118000,118002,3,2,0,1
118003,118005,3,1,1,1
118006,118010,5,3,1,1
118020,118022,3,1,0,2
118023,118027,5,2,2,1
118041,118044,4,1,2,1
118054,118055,2,1,0,1
118056,118057,2,1,0,1
118059,118062,4,2,1,1
118064,118065,2,1,0,1
118079,118095,17,3,13,1
118099,118100,2,1,0,1
118103,118104,2,1,0,1
118110,118111,2,1,0,1
118116,118120,5,1,3,1
118121,118124,4,1,2,1
118139,118142,4,1,2,1
118143,118148,6,1,4,1
118158,118170,13,1,11,1
118179,118180,2,1,0,1
118198,118200,3,2,0,1
118206,118209,4,1,2,1
118219,118220,2,1,0,1
118221,118223,3,1,1,1
118230,118231,2,1,0,1
118236,118237,2,1,0,1
118246,118252,7,5,1,1
118267,118276,10,4,5,1
118281,118285,5,1,3,1
118286,118289,4,3,0,1
118294,118295,2,1,0,1
118305,118306,2,1,0,1
118327,118330,4,1,1,2
118347,118350,4,2,1,1
118354,118357,4,3,0,1
118358,118361,4,1,1,2
118371,118374,4,3,0,1
118394,118397,4,1,2,1
118398,118402,5,2,2,1
118429,118434,6,1,4,1
118437,118439,3,2,0,1
118449,118452,4,2,1,1
118463,118467,5,3,1,1
118473,118475,3,1,1,1
118538,118540,3,1,1,1
118576,118579,4,2,0,2
118585,118586,2,1,0,1
118589,118592,4,1,0,3
118596,118599,4,1,2,1
118623,118630,8,5,2,1
118647,118649,3,1,1,1
118657,118663,7,3,0,4
118667,118672,6,1,4,1
118673,118674,2,1,0,1
118677,118678,2,1,0,1
118680,118684,5,1,3,1
118688,118693,6,5,0,1
118699,118704,6,3,2,1
118711,118716,6,5,0,1
118740,118745,6,4,0,2
118746,118751,6,4,0,2
118755,118757,3,2,0,1
118758,118759,2,1,0,1
118760,118763,4,1,1,2
118773,118778,6,5,0,1
118781,118784,4,2,1,1
118798,118800,3,1,1,1
118801,118806,6,1,3,2
118809,118813,5,1,3,1
118815,118817,3,1,1,1
118828,118829,2,1,0,1
118832,118834,3,1,1,1
118838,118842,5,2,0,3
118851,118860,10,5,4,1
118872,118873,2,1,0,1
118886,118892,7,1,5,1
118893,118895,3,1,1,1
118905,118909,5,2,2,1
118914,118920,7,1,5,1
118923,118927,5,1,3,1
118928,118932,5,1,3,1
118933,118936,4,1,1,2
118940,118942,3,2,0,1
118943,118945,3,1,0,2
118949,118950,2,1,0,1
118951,118954,4,1,2,1
118957,118961,5,4,0,1
118962,118970,9,5,3,1
118971,118972,2,1,0,1
118991,118997,7,5,1,1
118999,119002,4,2,1,1
119008,119013,6,1,4,1
119020,119025,6,5,0,1
119030,119036,7,4,2,1
119054,119056,3,1,0,2
119062,119068,7,3,0,4
119070,119072,3,2,0,1
119077,119083,7,5,1,1
119094,119101,8,2,3,3
119104,119105,2,1,0,1
119112,119113,2,1,0,1
119122,119125,4,2,1,1
119133,119134,2,1,0,1
119142,119144,3,1,1,1
119152,119155,4,3,0,1
119163,119166,4,1,1,2
119180,119181,2,1,0,1
119191,119193,3,2,0,1
119209,119211,3,1,0,2
119217,119220,4,3,0,1
119225,119227,3,2,0,1
119230,119235,6,2,3,1
119236,119241,6,2,3,1
119260,119262,3,1,0,2
119273,119274,2,1,0,1
119304,119306,3,1,0,2
119312,119314,3,1,1,1
119315,119320,6,3,0,3
119326,119331,6,2,1,3
119339,119343,5,3,1,1
119345,119349,5,4,0,1
119360,119364,5,1,3,1
119366,119368,3,1,1,1
119379,119381,3,1,1,1
119400,119401,2,1,0,1
119405,119414,10,2,7,1
119431,119434,4,1,2,1
119440,119441,2,1,0,1
119462,119463,2,1,0,1
119476,119480,5,1,3,1
119485,119492,8,3,4,1
119494,119499,6,1,4,1
119505,119507,3,1,1,1
119512,119516,5,2,1,2
119521,119524,4,2,1,1
119530,119535,6,1,4,1
119540,119541,2,1,0,1
119547,119553,7,1,5,1
119555,119557,3,1,0,2
119558,119559,2,1,0,1
119563,119565,3,2,0,1
119569,119574,6,4,1,1
119575,119577,3,1,0,2
119587,119588,2,1,0,1
119606,119608,3,1,0,2
119617,119620,4,3,0,1
119647,119649,3,1,1,1
119650,119652,3,1,0,2
119653,119658,6,4,1,1
119663,119664,2,1,0,1
119666,119671,6,1,4,1
119672,119674,3,2,0,1
119675,119676,2,1,0,1
119686,119687,2,1,0,1
119697,119699,3,2,0,1
119705,119706,2,1,0,1
119711,119716,6,5,0,1
119719,119720,2,1,0,1
119725,119729,5,2,0,3
119731,119735,5,1,3,1
119738,119742,5,3,1,1
119745,119751,7,1,0,6
119753,119754,2,1,0,1
119772,119774,3,1,0,2
119791,119794,4,2,0,2
119802,119803,2,1,0,1
119815,119818,4,3,0,1
119821,119823,3,1,1,1
119840,119842,3,1,1,1
119881,119882,2,1,0,1
119894,119900,7,5,1,1
119901,119902,2,1,0,1
119909,119910,2,1,0,1
119911,119914,4,3,0,1
119923,119925,3,2,0,1
119937,119940,4,2,1,1
119944,119946,3,1,1,1
119947,119954,8,1,4,3
119959,119960,2,1,0,1
119961,119969,9,2,3,4
119974,119979,6,3,2,1
119985,119987,3,1,0,2
119988,119989,2,1,0,1
119991,119993,3,2,0,1
119994,119996,3,1,1,1
120030,120031,2,1,0,1
120032,120034,3,2,0,1
120041,120048,8,1,6,1
120109,120115,7,1,5,1
120125,120126,2,1,0,1
120182,120187,6,4,1,1
120191,120192,2,1,0,1
120212,120217,6,4,0,2
120219,120221,3,2,0,1
120236,120237,2,1,0,1
120238,120241,4,2,0,2
120261,120263,3,1,1,1
120268,120269,2,1,0,1
120272,120273,2,1,0,1
120274,120277,4,3,0,1
120285,120290,6,5,0,1
120293,120295,3,1,1,1
120302,120304,3,2,0,1
120306,120312,7,2,4,1
120313,120315,3,2,0,1
120323,120324,2,1,0,1
120326,120328,3,1,0,2
120340,120343,4,1,1,2
120346,120348,3,1,0,2
120359,120360,2,1,0,1
120390,120397,8,1,0,7
120403,120405,3,1,0,2
120406,120417,12,5,0,7
120438,120453,16,3,0,13
120455,120460,6,5,0,1
120465,120468,4,1,1,2
120494,120498,5,4,0,1
120503,120510,8,5,2,1
120539,120541,3,1,0,2
120599,120600,2,1,0,1
120625,120631,7,5,1,1
120652,120658,7,2,4,1
120676,120678,3,2,0,1
120680,120684,5,4,0,1
120688,120691,4,2,0,2
120693,120699,7,1,1,5
120715,120719,5,1,3,1
120720,120721,2,1,0,1
120743,120745,3,1,1,1
120792,120794,3,1,0,2
120795,120796,2,1,0,1
120831,120839,9,2,3,4
120857,120858,2,1,0,1
120887,120895,9,5,1,3
120930,120932,3,2,0,1
120949,120952,4,1,0,3
120956,120957,2,1,0,1
120988,120993,6,5,0,1
120994,120997,4,3,0,1
121009,121015,7,3,1,3
121017,121020,4,2,1,1
121028,121038,11,1,7,3
121090,121093,4,1,1,2
121103,121106,4,2,1,1
121120,121122,3,1,1,1
121148,121150,3,1,1,1
121157,121158,2,1,0,1
121162,121168,7,5,1,1
121177,121180,4,2,1,1
121187,121190,4,1,2,1
121193,121197,5,1,2,2
121216,121226,11,5,4,2
121240,121241,2,1,0,1
121253,121257,5,4,0,1
121260,121262,3,1,1,1
121264,121267,4,1,2,1
121268,121269,2,1,0,1
121273,121274,2,1,0,1
121281,121287,7,2,3,2
121288,121292,5,2,0,3
121300,121302,3,1,1,1
121324,121331,8,1,6,1
121334,121341,8,1,6,1
121363,121364,2,1,0,1
121365,121367,3,2,0,1
121372,121378,7,2,4,1
121431,121434,4,1,2,1
121516,121519,4,1,2,1
121533,121544,12,3,8,1
121559,121562,4,3,0,1
121567,121573,7,1,4,2
121585,121590,6,1,2,3
121601,121602,2,1,0,1
121604,121607,4,1,0,3
121701,121703,3,1,1,1
121713,121715,3,1,0,2
121754,121758,5,1,1,3
121765,121767,3,1,0,2
121822,121823,2,1,0,1
121824,121834,11,2,8,1
121845,121846,2,1,0,1
121905,121906,2,1,0,1
121935,121937,3,1,0,2
121942,121945,4,1,1,2
121998,122000,3,1,1,1
122009,122010,2,1,0,1
122043,122053,11,1,9,1
122097,122098,2,1,0,1
122099,122101,3,1,0,2
122108,122111,4,2,0,2
122115,122118,4,1,0,3
122120,122121,2,1,0,1
122200,122201,2,1,0,1
122245,122247,3,2,0,1
122248,122250,3,2,0,1
122271,122280,10,1,8,1
122296,122303,8,5,2,1
122322,122326,5,2,0,3
122339,122342,4,1,0,3
122353,122354,2,1,0,1
122364,122367,4,3,0,1
122368,122370,3,1,1,1
122413,122421,9,2,6,1
122422,122423,2,1,0,1
122430,122432,3,1,1,1
122441,122444,4,2,0,2
122471,122473,3,2,0,1
122492,122498,7,2,1,4
122538,122540,3,2,0,1
122544,122546,3,2,0,1
122561,122563,3,1,0,2
122568,122570,3,2,0,1
122571,122573,3,1,0,2
122621,122626,6,2,1,3
122666,122669,4,1,2,1
122739,122741,3,1,1,1
122746,122747,2,1,0,1
122753,122757,5,4,0,1
122781,122782,2,1,0,1
122785,122789,5,1,2,2
122791,122795,5,3,0,2
122800,122801,2,1,0,1
122806,122807,2,1,0,1
122808,122813,6,5,0,1
122838,122840,3,1,1,1
122850,122852,3,1,1,1
122900,122901,2,1,0,1
122909,122911,3,1,1,1
122914,122915,2,1,0,1
122982,122984,3,1,1,1
122990,122996,7,5,0,2
123003,123004,2,1,0,1
123112,123117,6,5,0,1
123122,123123,2,1,0,1
123130,123133,4,3,0,1
123157,123159,3,2,0,1
123160,123162,3,2,0,1
123163,123169,7,4,1,2
123180,123181,2,1,0,1
123210,123212,3,1,0,2
123228,123234,7,2,2,3
123246,123247,2,1,0,1
123254,123258,5,1,1,3
123259,123260,2,1,0,1
123264,123268,5,2,1,2
123272,123274,3,1,1,1
123280,123284,5,3,0,2
123289,123291,3,2,0,1
123292,123294,3,2,0,1
123306,123310,5,3,0,2
123317,123321,5,2,2,1
123335,123338,4,1,2,1
123353,123355,3,1,1,1
123362,123364,3,1,1,1
123381,123382,2,1,0,1
123386,123398,13,1,7,5
123410,123412,3,1,0,2
123423,123425,3,1,1,1
123429,123431,3,1,1,1
123489,123493,5,3,1,1
123518,123520,3,1,1,1
123534,123539,6,1,2,3
123562,123564,3,1,0,2
123583,123584,2,1,0,1
123585,123591,7,1,0,6
123612,123616,5,2,0,3
123685,123688,4,3,0,1
123720,123721,2,1,0,1
123767,123771,5,1,3,1
123792,123793,2,1,0,1
123794,123799,6,3,2,1
123804,123807,4,1,2,1
123813,123814,2,1,0,1
123815,123818,4,2,0,2
123828,123830,3,1,1,1
123837,123840,4,1,2,1
123846,123853,8,1,4,3
123855,123862,8,1,1,6
123878,123879,2,1,0,1
123881,123883,3,2,0,1
123927,123928,2,1,0,1
123951,123959,9,1,1,7
123980,123981,2,1,0,1
123985,123989,5,1,3,1
123994,123995,2,1,0,1
123996,123999,4,3,0,1
124003,124004,2,1,0,1
124015,124016,2,1,0,1
124017,124020,4,1,0,3
124021,124023,3,1,1,1
124025,124029,5,1,3,1
124043,124046,4,1,0,3
124065,124068,4,1,1,2
124072,124075,4,1,2,1
124076,124078,3,1,0,2
124091,124092,2,1,0,1
124122,124124,3,1,0,2
124125,124127,3,1,0,2
124214,124217,4,1,1,2
124294,124295,2,1,0,1
124298,124300,3,1,0,2
124336,124337,2,1,0,1
124378,124380,3,1,0,2
124389,124390,2,1,0,1
124391,124392,2,1,0,1
124455,124456,2,1,0,1
124480,124484,5,1,1,3
124508,124510,3,1,0,2
124516,124518,3,2,0,1
124553,124556,4,1,1,2
124562,124563,2,1,0,1
124634,124635,2,1,0,1
124645,124648,4,2,1,1
124667,124669,3,1,1,1
124691,124693,3,2,0,1
124784,124786,3,1,1,1
124805,124808,4,1,2,1
124811,124812,2,1,0,1
124819,124822,4,1,2,1
124826,124827,2,1,0,1
124837,124839,3,1,1,1
124887,124889,3,1,0,2
124921,124923,3,1,1,1
124934,124937,4,1,0,3
124938,124939,2,1,0,1
124947,124948,2,1,0,1
124953,124954,2,1,0,1
124960,124965,6,1,3,2
124991,124992,2,1,0,1
125005,125007,3,1,1,1
125025,125026,2,1,0,1
125042,125044,3,1,0,2
125056,125057,2,1,0,1
125071,125074,4,2,1,1
125078,125080,3,1,1,1
125083,125084,2,1,0,1
125111,125115,5,1,1,3
125196,125200,5,1,3,1
125333,125338,6,1,1,4
125353,125354,2,1,0,1
125367,125368,2,1,0,1
125375,125376,2,1,0,1
125379,125383,5,3,0,2
125384,125388,5,3,1,1
125389,125390,2,1,0,1
125445,125449,5,4,0,1
125469,125472,4,3,0,1
125519,125520,2,1,0,1
125531,125534,4,1,1,2
125545,125546,2,1,0,1
125574,125577,4,2,0,2
125584,125597,14,1,11,2
125599,125613,15,1,13,1
125627,125628,2,1,0,1
125629,125634,6,1,4,1
125636,125638,3,1,1,1
125693,125700,8,3,4,1
125702,125706,5,1,3,1
125708,125711,4,2,1,1
125732,125734,3,1,1,1
125758,125759,2,1,0,1
125792,125794,3,2,0,1
125842,125843,2,1,0,1
125867,125870,4,1,0,3
125883,125885,3,2,0,1
126042,126044,3,1,1,1
126047,126050,4,1,2,1
126125,126135,11,1,7,3
126277,126285,9,2,5,2
126595,126602,8,1,5,2
126680,126684,5,2,2,1
126778,126784,7,1,5,1
126816,126817,2,1,0,1
126870,126879,10,5,3,2
126938,126939,2,1,0,1
126963,126968,6,1,4,1
127106,127110,5,1,3,1
127160,127164,5,2,2,1
127180,127185,6,1,4,1
127191,127193,3,2,0,1
127199,127209,11,1,9,1
127211,127213,3,1,1,1
127214,127225,12,1,10,1
127241,127242,2,1,0,1
127316,127321,6,5,0,1
127406,127410,5,1,3,1
127579,127580,2,1,0,1
127671,127674,4,1,2,1
127731,127735,5,2,2,1
127761,127763,3,1,1,1
127770,127772,3,1,1,1
127793,127797,5,1,2,2
127799,127807,9,1,4,4
127853,127863,11,1,9,1
127901,127904,4,1,2,1
127914,127918,5,1,2,2
127937,127939,3,1,1,1
127992,128000,9,1,7,1
128028,128033,6,2,1,3
128045,128046,2,1,0,1
128077,128081,5,1,2,2
128091,128096,6,1,0,5
128106,128108,3,1,0,2
128143,128149,7,1,5,1
128282,128287,6,1,2,3
128303,128304,2,1,0,1
128364,128370,7,1,5,1
128377,128383,7,1,5,1
128387,128389,3,1,1,1
128636,128637,2,1,0,1
128776,128777,2,1,0,1
128806,128814,9,1,7,1
128858,128860,3,1,1,1
128867,128870,4,1,2,1
128996,129001,6,2,3,1
129003,129004,2,1,0,1
129071,129072,2,1,0,1
129176,129177,2,1,0,1
129195,129197,3,1,1,1
129228,129234,7,1,5,1
129250,129254,5,1,1,3
129420,129422,3,1,1,1
129434,129436,3,1,0,2
129560,129572,13,2,8,3
129754,129756,3,1,0,2
129791,129792,2,1,0,1
129854,129859,6,2,3,1
129899,129904,6,1,4,1
129935,129943,9,1,7,1
129953,129962,10,1,8,1
129968,129977,10,1,2,7
129983,129991,9,1,0,8
130005,130013,9,2,1,6
130026,130029,4,1,2,1
130070,130078,9,5,3,1
130085,130086,2,1,0,1
130093,130099,7,1,5,1
130147,130151,5,2,2,1
130155,130157,3,2,0,1
130221,130225,5,4,0,1
130244,130251,8,5,1,2
130317,130319,3,1,0,2
130323,130325,3,1,1,1
130338,130343,6,1,4,1
130358,130372,15,1,13,1
130547,130559,13,3,9,1
130585,130589,5,1,3,1
130590,130593,4,1,2,1
130602,130607,6,2,3,1
130655,130665,11,1,9,1
130685,130687,3,2,0,1
130696,130697,2,1,0,1
130705,130710,6,2,0,4
130756,130760,5,3,1,1
130883,130890,8,5,2,1
130893,130894,2,1,0,1
130901,130904,4,1,0,3
130905,130907,3,1,0,2
130908,130909,2,1,0,1
130940,130941,2,1,0,1
130961,130969,9,4,0,5
130987,130991,5,1,0,4
130993,130994,2,1,0,1
130995,130998,4,1,0,3
131002,131010,9,4,1,4
131025,131041,17,1,12,4
131087,131094,8,5,2,1
131160,131162,3,2,0,1
131163,131164,2,1,0,1
131244,131246,3,2,0,1
131264,131268,5,4,0,1
131357,131359,3,2,0,1
131360,131363,4,2,1,1
131367,131368,2,1,0,1
131369,131373,5,1,3,1
131377,131378,2,1,0,1
131407,131409,3,1,1,1
131608,131609,2,1,0,1
131610,131614,5,1,3,1
131641,131643,3,1,1,1
131688,131704,17,3,13,1
131719,131722,4,3,0,1
132271,132277,7,1,4,2
132280,132291,12,5,5,2
132377,132378,2,1,0,1
132379,132381,3,1,0,2
132388,132394,7,1,5,1
132410,132412,3,1,1,1
132429,132445,17,1,15,1
132460,132463,4,1,2,1
132487,132488,2,1,0,1
132534,132538,5,1,0,4
132542,132543,2,1,0,1
132608,132609,2,1,0,1
132704,132705,2,1,0,1
132843,132844,2,1,0,1
133039,133046,8,1,6,1
133091,133098,8,1,0,7
133100,133101,2,1,0,1
133109,133111,3,1,1,1
133130,133131,2,1,0,1
133204,133205,2,1,0,1
133627,133629,3,1,0,2
133630,133632,3,1,1,1
134200,134202,3,1,0,2
134211,134212,2,1,0,1
134238,134243,6,1,4,1
134257,134259,3,1,0,2
134516,134518,3,2,0,1
135103,135104,2,1,0,1
136329,136331,3,1,0,2
136568,136570,3,2,0,1
136767,136768,2,1,0,1
136874,136877,4,2,0,2
137457,137459,3,1,1,1
137484,137485,2,1,0,1
138706,138707,2,1,0,1
138780,138782,3,1,1,1
138795,138797,3,1,1,1
138829,138830,2,1,0,1
138840,138842,3,1,1,1
138863,138864,2,1,0,1
138877,138879,3,1,1,1
138881,138884,4,1,1,2
138928,138931,4,3,0,1
138955,138956,2,1,0,1
138998,139000,3,2,0,1
139001,139003,3,2,0,1
139009,139012,4,2,0,2
139055,139058,4,3,0,1
139068,139074,7,5,1,1
139100,139103,4,2,0,2
139117,139118,2,1,0,1
139125,139128,4,3,0,1
139129,139134,6,5,0,1
139141,139145,5,3,0,2
139152,139160,9,1,7,1
139163,139164,2,1,0,1
139191,139192,2,1,0,1
139193,139194,2,1,0,1
139201,139206,6,3,2,1
139220,139222,3,1,1,1
139247,139249,3,1,0,2
139252,139260,9,5,3,1
139267,139268,2,1,0,1
139287,139294,8,3,0,5
139298,139299,2,1,0,1
139341,139343,3,2,0,1
139372,139374,3,2,0,1
139383,139384,2,1,0,1
139396,139397,2,1,0,1
139401,139404,4,3,0,1
139427,139429,3,2,0,1
139458,139466,9,2,6,1
139487,139488,2,1,0,1
139736,139738,3,2,0,1
139754,139757,4,3,0,1
139786,139792,7,5,1,1
139800,139803,4,3,0,1
139817,139821,5,4,0,1
139822,139823,2,1,0,1
139848,139849,2,1,0,1
139854,139856,3,2,0,1
139898,139901,4,3,0,1
139906,139908,3,2,0,1
139911,139912,2,1,0,1
139913,139915,3,2,0,1
139921,139923,3,2,0,1
139924,139925,2,1,0,1
139932,139938,7,5,0,2
139940,139944,5,4,0,1
139962,139964,3,1,1,1
139969,139974,6,1,4,1
139982,139983,2,1,0,1
139992,139995,4,2,1,1
140055,140062,8,1,0,7
140098,140103,6,4,0,2
140112,140118,7,2,0,5
140155,140160,6,1,2,3
140167,140168,2,1,0,1
140180,140187,8,5,0,3
140190,140193,4,3,0,1
140197,140199,3,1,1,1
140200,140203,4,2,0,2
140259,140262,4,1,1,2
140291,140292,2,1,0,1
140332,140334,3,1,0,2
140339,140341,3,2,0,1
140354,140358,5,4,0,1
140377,140386,10,5,0,5
140398,140399,2,1,0,1
140406,140411,6,5,0,1
140527,140530,4,1,0,3
140558,140564,7,5,0,2
140626,140630,5,1,1,3
140646,140656,11,2,8,1
140669,140672,4,1,2,1
140690,140691,2,1,0,1
140705,140706,2,1,0,1
140757,140762,6,5,0,1
140784,140785,2,1,0,1
140804,140818,15,2,12,1
140826,140836,11,5,5,1
140885,140886,2,1,0,1
140887,140888,2,1,0,1
140897,140901,5,2,2,1
140910,140923,14,1,12,1
140940,140942,3,2,0,1
141000,141002,3,1,0,2
141041,141042,2,1,0,1
141045,141047,3,1,0,2
141049,141052,4,1,0,3
141054,141056,3,1,1,1
141069,141070,2,1,0,1
141074,141079,6,5,0,1
141080,141083,4,2,0,2
141096,141097,2,1,0,1
141138,141142,5,1,1,3
141145,141146,2,1,0,1
141151,141152,2,1,0,1
141156,141158,3,2,0,1
141166,141168,3,1,1,1
141190,141193,4,1,2,1
141218,141219,2,1,0,1
141233,141234,2,1,0,1
141236,141237,2,1,0,1
141245,141249,5,2,0,3
141279,141281,3,1,0,2
141292,141295,4,3,0,1
141296,141299,4,2,0,2
141331,141334,4,1,0,3
141386,141387,2,1,0,1
141401,141405,5,3,1,1
141411,141414,4,1,0,3
141435,141438,4,1,0,3
141463,141465,3,2,0,1
141481,141482,2,1,0,1
141502,141503,2,1,0,1
141510,141514,5,1,0,4
141521,141522,2,1,0,1
141523,141532,10,5,0,5
141561,141563,3,1,1,1
141579,141580,2,1,0,1
141627,141628,2,1,0,1
141630,141631,2,1,0,1
141678,141681,4,1,0,3
141685,141691,7,1,3,3
141749,141750,2,1,0,1
141751,141757,7,2,3,2
141780,141781,2,1,0,1
141784,141789,6,5,0,1
141861,141862,2,1,0,1
141894,141896,3,1,1,1
141899,141902,4,1,2,1
141906,141909,4,1,2,1
141910,141912,3,2,0,1
141913,141914,2,1,0,1
141915,141917,3,1,1,1
141920,141923,4,1,0,3
141926,141930,5,2,2,1
141932,141933,2,1,0,1
141939,141942,4,1,2,1
141943,141946,4,1,0,3
141952,141955,4,1,1,2
141957,141963,7,1,0,6
141964,141967,4,1,2,1
141974,141977,4,1,1,2
141995,142002,8,2,2,4
142007,142008,2,1,0,1
142011,142014,4,1,0,3
142031,142033,3,2,0,1
142034,142037,4,1,1,2
142038,142039,2,1,0,1
142045,142049,5,3,0,2
142050,142051,2,1,0,1
142056,142057,2,1,0,1
142076,142077,2,1,0,1
142079,142082,4,1,0,3
142083,142084,2,1,0,1
142097,142098,2,1,0,1
142139,142142,4,1,0,3
142148,142150,3,1,0,2
142161,142162,2,1,0,1
142164,142174,11,1,3,7
142175,142177,3,1,0,2
142183,142184,2,1,0,1
142188,142189,2,1,0,1
142190,142194,5,1,2,2
142207,142208,2,1,0,1
142228,142229,2,1,0,1
142240,142242,3,1,0,2
142243,142246,4,1,0,3
142249,142254,6,1,2,3
142289,142294,6,1,1,4
142295,142297,3,1,1,1
142309,142310,2,1,0,1
142313,142317,5,4,0,1
142324,142327,4,2,0,2
142328,142329,2,1,0,1
142334,142335,2,1,0,1
142342,142346,5,2,1,2
142350,142353,4,1,1,2
142359,142362,4,1,0,3
142373,142375,3,1,0,2
142387,142390,4,1,1,2
142391,142392,2,1,0,1
142394,142398,5,1,2,2
142400,142404,5,1,1,3
142414,142416,3,1,0,2
142426,142427,2,1,0,1
142441,142443,3,1,0,2
142448,142449,2,1,0,1
142468,142476,9,5,2,2
142489,142490,2,1,0,1
142491,142495,5,3,0,2
142499,142503,5,2,0,3
142506,142507,2,1,0,1
142521,142525,5,3,0,2
142526,142529,4,1,0,3
142530,142532,3,1,0,2
142533,142534,2,1,0,1
142537,142538,2,1,0,1
142571,142572,2,1,0,1
142576,142578,3,1,0,2
142588,142590,3,1,0,2
142599,142601,3,1,1,1
142603,142604,2,1,0,1
142608,142611,4,3,0,1
142612,142613,2,1,0,1
142639,142640,2,1,0,1
142645,142646,2,1,0,1
142647,142648,2,1,0,1
142653,142655,3,1,0,2
142657,142658,2,1,0,1
142665,142667,3,2,0,1
142682,142684,3,1,0,2
142687,142688,2,1,0,1
142702,142705,4,3,0,1
142707,142710,4,2,1,1
142728,142730,3,1,0,2
142739,142740,2,1,0,1
142748,142749,2,1,0,1
142763,142764,2,1,0,1
142765,142766,2,1,0,1
142780,142781,2,1,0,1
142788,142789,2,1,0,1
142795,142799,5,1,1,3
142823,142825,3,1,0,2
142835,142837,3,1,0,2
142845,142847,3,1,0,2
142877,142879,3,1,1,1
142906,142907,2,1,0,1
142908,142909,2,1,0,1
142940,142943,4,1,2,1
143004,143005,2,1,0,1
143011,143012,2,1,0,1
143021,143026,6,1,0,5
143044,143045,2,1,0,1
143067,143068,2,1,0,1
143069,143071,3,1,1,1
143073,143075,3,1,1,1
143076,143079,4,1,1,2
143086,143088,3,1,0,2
143128,143131,4,1,0,3
143139,143140,2,1,0,1
143141,143143,3,1,0,2
143145,143146,2,1,0,1
143162,143164,3,2,0,1
143174,143175,2,1,0,1
143176,143177,2,1,0,1
143183,143184,2,1,0,1
143193,143195,3,1,1,1
143210,143212,3,1,0,2
143242,143245,4,3,0,1
143250,143252,3,1,1,1
143266,143267,2,1,0,1
143270,143274,5,2,2,1
143304,143308,5,1,3,1
143343,143344,2,1,0,1
143352,143354,3,2,0,1
143374,143376,3,2,0,1
143421,143422,2,1,0,1
143429,143432,4,1,0,3
143442,143446,5,1,3,1
143457,143460,4,1,2,1
143468,143471,4,1,2,1
143473,143474,2,1,0,1
143499,143504,6,4,0,2
143517,143518,2,1,0,1
143552,143554,3,1,1,1
143568,143570,3,2,0,1
143571,143572,2,1,0,1
143573,143575,3,1,0,2
143613,143615,3,1,0,2
143633,143640,8,3,4,1
143641,143643,3,1,1,1
143645,143657,13,3,2,8
143667,143669,3,1,1,1
143670,143674,5,3,1,1
143688,143689,2,1,0,1
143699,143701,3,2,0,1
143706,143709,4,2,1,1
143710,143712,3,1,1,1
143714,143716,3,1,1,1
143732,143734,3,1,1,1
143741,143742,2,1,0,1
143758,143768,11,2,8,1
143772,143773,2,1,0,1
143774,143777,4,1,2,1
143805,143810,6,2,3,1
143817,143819,3,2,0,1
143826,143829,4,1,2,1
143853,143858,6,4,1,1
143859,143861,3,1,1,1
143871,143874,4,1,2,1
143898,143899,2,1,0,1
143902,143906,5,1,2,2
143919,143923,5,3,1,1
143933,143937,5,4,0,1
143950,143951,2,1,0,1
143962,143964,3,1,0,2
143976,143977,2,1,0,1
143978,143983,6,1,0,5
144000,144003,4,1,2,1
144024,144028,5,2,2,1
144040,144041,2,1,0,1
144044,144046,3,1,1,1
144047,144048,2,1,0,1
144061,144063,3,1,1,1
144066,144071,6,2,1,3
144074,144076,3,1,1,1
144082,144084,3,2,0,1
144091,144093,3,2,0,1
144101,144104,4,2,1,1
144135,144136,2,1,0,1
144137,144138,2,1,0,1
144141,144143,3,1,1,1
144155,144160,6,3,1,2
144161,144164,4,2,1,1
144167,144170,4,1,2,1
144185,144189,5,3,1,1
144193,144195,3,2,0,1
144201,144204,4,1,0,3
144205,144207,3,1,0,2
144233,144234,2,1,0,1
144244,144250,7,1,3,3
144259,144260,2,1,0,1
144304,144307,4,1,1,2
144309,144313,5,3,1,1
144314,144318,5,4,0,1
144334,144340,7,5,1,1
144355,144356,2,1,0,1
144373,144376,4,2,1,1
144378,144380,3,2,0,1
144382,144383,2,1,0,1
144401,144408,8,1,5,2
144419,144422,4,3,0,1
144435,144437,3,1,1,1
144443,144444,2,1,0,1
144459,144464,6,5,0,1
144473,144475,3,1,1,1
144500,144503,4,2,0,2
144505,144508,4,2,0,2
144513,144515,3,2,0,1
144519,144522,4,1,2,1
144545,144549,5,1,3,1
144581,144582,2,1,0,1
144655,144656,2,1,0,1
144658,144665,8,3,4,1
144669,144673,5,4,0,1
144764,144767,4,3,0,1
144785,144789,5,1,3,1
144790,144791,2,1,0,1
144792,144793,2,1,0,1
144811,144812,2,1,0,1
144822,144827,6,3,2,1
144831,144834,4,1,2,1
144841,144843,3,2,0,1
144862,144863,2,1,0,1
144903,144906,4,3,0,1
144941,144946,6,1,4,1
144980,144983,4,1,2,1
144996,144997,2,1,0,1
144998,145003,6,5,0,1
145060,145064,5,4,0,1
145117,145119,3,2,0,1
145120,145124,5,1,3,1
145152,145155,4,1,1,2
145207,145208,2,1,0,1
145219,145221,3,2,0,1
145222,145227,6,1,4,1
145229,145235,7,5,0,2
145239,145241,3,1,0,2
145249,145252,4,3,0,1
145253,145254,2,1,0,1
145293,145297,5,2,2,1
145310,145312,3,1,1,1
145316,145321,6,5,0,1
145337,145342,6,2,3,1
145377,145379,3,2,0,1
145393,145394,2,1,0,1
145398,145403,6,5,0,1
145421,145425,5,1,3,1
145446,145447,2,1,0,1
145458,145460,3,2,0,1
145496,145497,2,1,0,1
145513,145514,2,1,0,1
145515,145516,2,1,0,1
145528,145530,3,2,0,1
145544,145545,2,1,0,1
145551,145554,4,1,2,1
145555,145558,4,3,0,1
145571,145576,6,3,2,1
145687,145688,2,1,0,1
145704,145709,6,3,0,3
145767,145769,3,1,0,2
145786,145792,7,5,0,2
145804,145824,21,5,15,1
145847,145849,3,2,0,1
145857,145859,3,1,1,1
145889,145891,3,1,1,1
145892,145896,5,3,0,2
145901,145904,4,1,2,1
145905,145910,6,2,2,2
145928,145933,6,5,0,1
145935,145937,3,2,0,1
145956,145957,2,1,0,1
145960,145963,4,1,2,1
145986,145988,3,1,1,1
145995,145997,3,2,0,1
146001,146003,3,2,0,1
146005,146006,2,1,0,1
146012,146018,7,2,3,2
146024,146028,5,4,0,1
146038,146041,4,3,0,1
146048,146053,6,5,0,1
146072,146073,2,1,0,1
146078,146081,4,1,1,2
146082,146086,5,2,1,2
146106,146108,3,2,0,1
146111,146116,6,5,0,1
146118,146120,3,1,1,1
146138,146143,6,5,0,1
146145,146150,6,5,0,1
146158,146164,7,3,3,1
146172,146177,6,5,0,1
146187,146192,6,5,0,1
146199,146202,4,3,0,1
146233,146240,8,2,1,5
146243,146245,3,2,0,1
146271,146274,4,1,1,2
146302,146304,3,1,0,2
146307,146310,4,1,0,3
146337,146341,5,4,0,1
146346,146348,3,1,0,2
146350,146352,3,2,0,1
146360,146363,4,3,0,1
146367,146373,7,3,2,2
146375,146381,7,1,4,2
146383,146386,4,2,1,1
146391,146394,4,1,1,2
146395,146397,3,1,0,2
146411,146417,7,5,0,2
146420,146425,6,4,1,1
146430,146431,2,1,0,1
146433,146436,4,1,2,1
146439,146441,3,1,0,2
146489,146491,3,1,1,1
146545,146546,2,1,0,1
146549,146550,2,1,0,1
146553,146554,2,1,0,1
146556,146560,5,4,0,1
146574,146577,4,2,1,1
146580,146581,2,1,0,1
146621,146624,4,2,1,1
146626,146629,4,1,0,3
146635,146646,12,5,6,1
146653,146654,2,1,0,1
146657,146658,2,1,0,1
146659,146661,3,1,0,2
146664,146669,6,2,3,1
146680,146683,4,3,0,1
146687,146689,3,2,0,1
146692,146695,4,3,0,1
146696,146698,3,1,1,1
146706,146707,2,1,0,1
146708,146722,15,3,4,8
146723,146728,6,3,0,3
146729,146735,7,1,0,6
146789,146792,4,3,0,1
146835,146837,3,1,1,1
146846,146853,8,5,1,2
146871,146876,6,3,2,1
147299,147307,9,4,4,1
147325,147330,6,4,0,2
147346,147347,2,1,0,1
147358,147364,7,4,2,1
147380,147381,2,1,0,1
147414,147417,4,3,0,1
147431,147433,3,1,1,1
147435,147438,4,1,2,1
147447,147452,6,5,0,1
147470,147472,3,1,0,2
147474,147478,5,2,2,1
147500,147502,3,1,1,1
147539,147544,6,2,3,1
147546,147547,2,1,0,1
147551,147556,6,5,0,1
147566,147568,3,2,0,1
147590,147591,2,1,0,1
147593,147599,7,4,2,1
147621,147627,7,1,5,1
147629,147631,3,2,0,1
147701,147704,4,3,0,1
147765,147767,3,1,1,1
147768,147773,6,2,3,1
147820,147823,4,1,2,1
147846,147847,2,1,0,1
147866,147868,3,1,1,1
147987,147992,6,1,4,1
148001,148005,5,4,0,1
148028,148031,4,3,0,1
148038,148041,4,3,0,1
148042,148043,2,1,0,1
148086,148088,3,1,1,1
148097,148098,2,1,0,1
148107,148111,5,4,0,1
148120,148122,3,2,0,1
148123,148126,4,3,0,1
148151,148152,2,1,0,1
148192,148193,2,1,0,1
148198,148200,3,1,1,1
148248,148250,3,1,1,1
148266,148274,9,1,7,1
148284,148288,5,3,1,1
148289,148292,4,3,0,1
148299,148303,5,3,1,1
148306,148311,6,1,4,1
148329,148334,6,3,2,1
148361,148364,4,1,1,2
148370,148372,3,1,1,1
148378,148381,4,3,0,1
148425,148426,2,1,0,1
148466,148472,7,5,1,1
148496,148501,6,5,0,1
148514,148515,2,1,0,1
148519,148523,5,4,0,1
148534,148535,2,1,0,1
148539,148540,2,1,0,1
148558,148560,3,2,0,1
148605,148612,8,4,3,1
148635,148637,3,1,1,1
148642,148643,2,1,0,1
148647,148655,9,2,5,2
148703,148707,5,1,3,1
148770,148773,4,3,0,1
148830,148834,5,1,3,1
148925,148930,6,1,3,2
148965,148966,2,1,0,1
148971,148974,4,1,1,2
149019,149024,6,1,4,1
149042,149044,3,1,0,2
149047,149048,2,1,0,1
149057,149060,4,1,2,1
149072,149076,5,1,3,1
149077,149080,4,1,2,1
149083,149088,6,1,4,1
149097,149104,8,1,6,1
149112,149114,3,1,0,2
149119,149121,3,2,0,1
149134,149137,4,2,1,1
149147,149150,4,3,0,1
149157,149159,3,2,0,1
149166,149170,5,3,1,1
149201,149206,6,5,0,1
149215,149217,3,1,1,1
149232,149236,5,1,3,1
149261,149262,2,1,0,1
149281,149283,3,2,0,1
149319,149322,4,2,1,1
149349,149351,3,2,0,1
149359,149361,3,1,0,2
149367,149368,2,1,0,1
149369,149371,3,2,0,1
149373,149374,2,1,0,1
149375,149377,3,2,0,1
149378,149382,5,3,0,2
149406,149411,6,5,0,1
149419,149421,3,2,0,1
149422,149425,4,2,1,1
149440,149442,3,1,0,2
149448,149449,2,1,0,1
149524,149525,2,1,0,1
149526,149529,4,1,0,3
149538,149539,2,1,0,1
149546,149547,2,1,0,1
149551,149553,3,2,0,1
149554,149556,3,1,1,1
149561,149563,3,2,0,1
149564,149569,6,2,2,2
149571,149572,2,1,0,1
149587,149592,6,1,1,4
149600,149604,5,1,3,1
149677,149679,3,1,0,2
149798,149800,3,1,0,2
149874,149875,2,1,0,1
149890,149891,2,1,0,1
149952,149954,3,2,0,1
150017,150018,2,1,0,1
150066,150067,2,1,0,1
150108,150110,3,1,1,1
150147,150148,2,1,0,1
150149,150151,3,2,0,1
150304,150305,2,1,0,1
150332,150333,2,1,0,1
150337,150339,3,2,0,1
150379,150381,3,1,1,1
150436,150438,3,2,0,1
150448,150449,2,1,0,1
150460,150465,6,1,4,1
150469,150470,2,1,0,1
150472,150477,6,2,3,1
150488,150489,2,1,0,1
150508,150512,5,1,3,1
150522,150523,2,1,0,1
150544,150548,5,1,3,1
150560,150562,3,1,1,1
150565,150574,10,1,8,1
150583,150585,3,1,1,1
150596,150597,2,1,0,1
150606,150613,8,1,6,1
150622,150625,4,1,2,1
150629,150631,3,1,0,2
150636,150641,6,1,4,1
150644,150646,3,1,1,1
150649,150653,5,1,3,1
150667,150670,4,1,2,1
150671,150674,4,3,0,1
150691,150693,3,2,0,1
150696,150699,4,1,2,1
150700,150705,6,1,4,1
150707,150708,2,1,0,1
150712,150714,3,1,1,1
150719,150723,5,1,3,1
150729,150736,8,2,3,3
150740,150743,4,2,1,1
150748,150749,2,1,0,1
150757,150762,6,1,1,4
150782,150789,8,2,5,1
150793,150797,5,1,2,2
150798,150804,7,1,1,5
150817,150819,3,1,1,1
150828,150831,4,2,1,1
150835,150840,6,1,4,1
150848,150854,7,1,5,1
150855,150858,4,1,2,1
150862,150865,4,1,1,2
150866,150867,2,1,0,1
150873,150875,3,1,1,1
150883,150886,4,2,1,1
150888,150889,2,1,0,1
150892,150894,3,2,0,1
150905,150907,3,1,1,1
150908,150909,2,1,0,1
150919,150922,4,1,2,1
150927,150929,3,1,0,2
150936,150941,6,3,0,3
150942,150943,2,1,0,1
150946,150948,3,1,1,1
150958,150959,2,1,0,1
150962,150963,2,1,0,1
150968,150974,7,1,4,2
150993,150997,5,1,3,1
151001,151004,4,1,2,1
151010,151011,2,1,0,1
151015,151021,7,3,0,4
151040,151044,5,1,3,1
151046,151048,3,1,1,1
151051,151052,2,1,0,1
151067,151068,2,1,0,1
151073,151074,2,1,0,1
151075,151077,3,1,1,1
151082,151083,2,1,0,1
151084,151088,5,3,1,1
151100,151103,4,1,1,2
151107,151108,2,1,0,1
151116,151118,3,1,0,2
151137,151138,2,1,0,1
151182,151186,5,3,1,1
151187,151192,6,2,3,1
151238,151242,5,2,2,1
151278,151280,3,2,0,1
151285,151289,5,3,1,1
151297,151299,3,2,0,1
151300,151301,2,1,0,1
151345,151347,3,1,1,1
151349,151350,2,1,0,1
151361,151366,6,5,0,1
151375,151383,9,3,5,1
151442,151444,3,1,0,2
151451,151474,24,1,22,1
151479,151485,7,1,4,2
151534,151535,2,1,0,1
151548,151553,6,2,3,1
151562,151575,14,5,8,1
151630,151634,5,1,3,1
151684,151690,7,1,0,6
151700,151707,8,1,6,1
151736,151739,4,1,1,2
151756,151757,2,1,0,1
151764,151768,5,1,1,3
151779,151784,6,5,0,1
151815,151820,6,5,0,1
151911,151914,4,3,0,1
151923,151931,9,3,4,2
151932,151934,3,1,0,2
151945,151947,3,1,1,1
151970,151981,12,5,5,2
152056,152063,8,5,1,2
152081,152086,6,4,1,1
152108,152112,5,1,2,2
152121,152128,8,5,2,1
152137,152139,3,2,0,1
152167,152170,4,1,0,3
152172,152180,9,2,2,5
152273,152276,4,1,1,2
152313,152316,4,1,1,2
152323,152328,6,5,0,1
152341,152344,4,2,1,1
152345,152348,4,1,2,1
152409,152410,2,1,0,1
152460,152465,6,1,4,1
152472,152474,3,2,0,1
152483,152488,6,5,0,1
152493,152497,5,4,0,1
152587,152589,3,1,1,1
152618,152619,2,1,0,1
152622,152624,3,2,0,1
152630,152636,7,1,2,4
152665,152666,2,1,0,1
152679,152687,9,1,0,8
152688,152690,3,1,0,2
152766,152770,5,1,2,2
152771,152772,2,1,0,1
152886,152888,3,1,1,1
152890,152892,3,1,0,2
152898,152904,7,2,4,1
152905,152908,4,3,0,1
152934,152938,5,1,3,1
152942,152943,2,1,0,1
152958,152960,3,1,1,1
152992,152995,4,1,2,1
153008,153016,9,3,5,1
153049,153051,3,1,1,1
153052,153053,2,1,0,1
153062,153064,3,1,0,2
153065,153068,4,3,0,1
153069,153070,2,1,0,1
153158,153163,6,4,1,1
153164,153177,14,2,1,11
153283,153284,2,1,0,1
153295,153298,4,1,1,2
153303,153312,10,2,6,2
153572,153574,3,1,1,1
153626,153637,12,3,2,7
153642,153647,6,2,0,4
153653,153674,22,1,0,21
153699,153723,25,2,20,3
153736,153743,8,5,0,3
153744,153746,3,2,0,1
153993,153996,4,2,1,1
153997,154010,14,4,9,1
154020,154026,7,1,0,6
154088,154091,4,1,1,2
154134,154139,6,1,4,1
154184,154185,2,1,0,1
154186,154198,13,1,8,4
154203,154208,6,5,0,1
154234,154244,11,5,5,1
154254,154257,4,1,0,3
154274,154275,2,1,0,1
154285,154290,6,5,0,1
154312,154315,4,3,0,1
154320,154325,6,5,0,1
154368,154373,6,4,0,2
154395,154407,13,5,6,2
154465,154471,7,3,3,1
154492,154495,4,3,0,1
154497,154510,14,1,0,13
154515,154521,7,5,1,1
154531,154534,4,1,1,2
154536,154542,7,4,2,1
154544,154560,17,1,15,1
154576,154585,10,1,8,1
154614,154618,5,1,3,1
154619,154620,2,1,0,1
154622,154624,3,1,0,2
154637,154639,3,2,0,1
154644,154648,5,3,0,2
154649,154651,3,2,0,1
154681,154686,6,2,3,1
154703,154705,3,1,0,2
154725,154729,5,1,2,2
154747,154750,4,1,1,2
154771,154775,5,1,1,3
154789,154790,2,1,0,1
154818,154820,3,1,1,1
154824,154830,7,3,1,3
154836,154842,7,4,1,2
154853,154856,4,1,2,1
154865,154866,2,1,0,1
154918,154923,6,2,2,2
154931,154933,3,1,1,1
154948,154953,6,5,0,1
155054,155059,6,1,4,1
155062,155068,7,5,0,2
155079,155084,6,5,0,1
155085,155086,2,1,0,1
155092,155094,3,1,1,1
155103,155113,11,5,0,6
155114,155121,8,1,2,5
155132,155134,3,2,0,1
155141,155144,4,3,0,1
155145,155147,3,1,1,1
155163,155169,7,4,0,3
155171,155174,4,3,0,1
155185,155187,3,1,0,2
155192,155194,3,2,0,1
155216,155221,6,5,0,1
155226,155231,6,5,0,1
155233,155240,8,1,0,7
155254,155258,5,1,3,1
155274,155279,6,1,1,4
155289,155292,4,1,2,1
155297,155300,4,1,0,3
155339,155341,3,1,0,2
155382,155385,4,2,1,1
155603,155605,3,1,0,2
155607,155608,2,1,0,1
155760,155761,2,1,0,1
155911,155914,4,1,0,3
155977,155978,2,1,0,1
156187,156188,2,1,0,1
156201,156203,3,2,0,1
156236,156237,2,1,0,1
156270,156277,8,1,0,7
156287,156295,9,5,3,1
156298,156303,6,5,0,1
156316,156318,3,1,1,1
156323,156328,6,5,0,1
156332,156349,18,1,0,17
156351,156357,7,4,2,1
156450,156452,3,1,1,1
156453,156454,2,1,0,1
157116,157120,5,2,0,3
157164,157167,4,1,1,2
157317,157318,2,1,0,1
157346,157347,2,1,0,1
157360,157361,2,1,0,1
157597,157600,4,1,2,1
157629,157632,4,1,0,3
157651,157652,2,1,0,1
158090,158095,6,2,0,4
158100,158101,2,1,0,1
158144,158146,3,2,0,1
158158,158161,4,2,0,2
158204,158208,5,4,0,1
158248,158252,5,2,2,1
158261,158264,4,1,1,2
158318,158320,3,1,1,1
158333,158340,8,1,5,2
158344,158349,6,1,3,2
158571,158573,3,1,1,1
158707,158709,3,2,0,1
158732,158736,5,4,0,1
158794,158799,6,1,3,2
158954,158969,16,1,0,15
159031,159036,6,3,2,1
159041,159043,3,2,0,1
159053,159054,2,1,0,1
159063,159064,2,1,0,1
159071,159072,2,1,0,1
159077,159079,3,1,1,1
159087,159089,3,1,1,1
159094,159096,3,2,0,1
159099,159101,3,1,0,2
159106,159109,4,1,1,2
159120,159121,2,1,0,1
159122,159124,3,1,1,1
159125,159126,2,1,0,1
159134,159137,4,1,2,1
159146,159147,2,1,0,1
159160,159162,3,1,1,1
159168,159170,3,1,0,2
159183,159188,6,2,0,4
159191,159195,5,3,1,1
159207,159209,3,1,1,1
159215,159217,3,1,1,1
159220,159226,7,3,1,3
159237,159239,3,1,0,2
159243,159245,3,1,1,1
159251,159252,2,1,0,1
159253,159260,8,3,4,1
159262,159264,3,1,1,1
159294,159295,2,1,0,1
159297,159298,2,1,0,1
159299,159301,3,1,0,2
159303,159306,4,2,1,1
159307,159309,3,2,0,1
159318,159319,2,1,0,1
159345,159347,3,2,0,1
159356,159358,3,1,0,2
159371,159372,2,1,0,1
159375,159377,3,1,1,1
159392,159393,2,1,0,1
159397,159398,2,1,0,1
159402,159408,7,2,2,3
159414,159418,5,3,1,1
159419,159422,4,1,1,2
159426,159429,4,1,0,3
159430,159431,2,1,0,1
159436,159438,3,1,0,2
159448,159450,3,2,0,1
159495,159497,3,1,1,1
159503,159504,2,1,0,1
159505,159507,3,1,1,1
159515,159520,6,3,1,2
159522,159524,3,2,0,1
159527,159529,3,1,0,2
159538,159540,3,2,0,1
159556,159558,3,1,0,2
159576,159579,4,1,2,1
159588,159592,5,2,0,3
159621,159623,3,2,0,1
159648,159649,2,1,0,1
159657,159658,2,1,0,1
159662,159663,2,1,0,1
159668,159670,3,1,1,1
159685,159687,3,1,0,2
159688,159690,3,1,0,2
159696,159697,2,1,0,1
159705,159708,4,2,0,2
159719,159721,3,1,1,1
159722,159724,3,1,1,1
159738,159740,3,1,0,2
159749,159751,3,1,1,1
159763,159764,2,1,0,1
159768,159770,3,1,0,2
159772,159775,4,1,1,2
159787,159790,4,2,0,2
159800,159801,2,1,0,1
159818,159821,4,1,0,3
159835,159836,2,1,0,1
159840,159845,6,1,4,1
159848,159850,3,1,1,1
159857,159863,7,4,2,1
159871,159873,3,1,1,1
159874,159875,2,1,0,1
159879,159881,3,2,0,1
159882,159883,2,1,0,1
159900,159901,2,1,0,1
159909,159910,2,1,0,1
159921,159922,2,1,0,1
159923,159924,2,1,0,1
159930,159931,2,1,0,1
159933,159936,4,1,2,1
159953,159955,3,1,1,1
159956,159958,3,2,0,1
159959,159962,4,1,1,2
159964,159965,2,1,0,1
159991,159993,3,1,0,2
159995,159996,2,1,0,1
159997,159998,2,1,0,1
160000,160003,4,2,1,1
160015,160016,2,1,0,1
160022,160025,4,1,0,3
160033,160038,6,4,1,1
160050,160053,4,1,2,1
160081,160082,2,1,0,1
160090,160094,5,1,0,4
160108,160109,2,1,0,1
160125,160128,4,1,2,1
160138,160139,2,1,0,1
160143,160147,5,1,3,1
160148,160149,2,1,0,1
160151,160153,3,1,1,1
160157,160159,3,1,0,2
160165,160166,2,1,0,1
160168,160170,3,1,1,1
160178,160179,2,1,0,1
160199,160201,3,1,1,1
160202,160205,4,1,1,2
160221,160223,3,1,1,1
160225,160231,7,1,5,1
160236,160238,3,1,1,1
160259,160260,2,1,0,1
160271,160275,5,1,2,2
160283,160287,5,3,1,1
160289,160290,2,1,0,1
160296,160304,9,3,5,1
160326,160327,2,1,0,1
160335,160340,6,2,1,3
160362,160363,2,1,0,1
160364,160366,3,1,1,1
160380,160381,2,1,0,1
160385,160387,3,2,0,1
160389,160392,4,1,2,1
160393,160396,4,1,2,1
160404,160407,4,1,1,2
160409,160411,3,2,0,1
160415,160419,5,2,0,3
160433,160434,2,1,0,1
160444,160447,4,1,2,1
160457,160460,4,2,1,1
160461,160462,2,1,0,1
160467,160469,3,1,0,2
160475,160476,2,1,0,1
160478,160479,2,1,0,1
160482,160488,7,1,5,1
160493,160495,3,1,0,2
160502,160503,2,1,0,1
160530,160534,5,2,0,3
160541,160543,3,1,0,2
160551,160552,2,1,0,1
160554,160556,3,1,1,1
160557,160558,2,1,0,1
160575,160576,2,1,0,1
160577,160582,6,1,3,2
160584,160585,2,1,0,1
160590,160591,2,1,0,1
160595,160596,2,1,0,1
160598,160603,6,4,1,1
160606,160607,2,1,0,1
160608,160609,2,1,0,1
160610,160614,5,1,2,2
160620,160626,7,1,5,1
160637,160641,5,1,3,1
160655,160656,2,1,0,1
160669,160670,2,1,0,1
160679,160680,2,1,0,1
160701,160702,2,1,0,1
160704,160705,2,1,0,1
160708,160709,2,1,0,1
160713,160714,2,1,0,1
160715,160716,2,1,0,1
160731,160735,5,2,2,1
160745,160747,3,2,0,1
160750,160754,5,1,2,2
160765,160766,2,1,0,1
160778,160779,2,1,0,1
160792,160793,2,1,0,1
160796,160800,5,2,2,1
160809,160812,4,1,2,1
160817,160820,4,1,2,1
160824,160826,3,1,1,1
160845,160847,3,1,1,1
160850,160855,6,2,3,1
160883,160886,4,1,0,3
160896,160899,4,2,0,2
160908,160909,2,1,0,1
160931,160933,3,1,0,2
160935,160937,3,1,0,2
160950,160951,2,1,0,1
160964,160967,4,2,0,2
160975,160977,3,1,1,1
160998,161003,6,3,1,2
161007,161008,2,1,0,1
161012,161013,2,1,0,1
161044,161046,3,1,0,2
161047,161049,3,1,1,1
161053,161054,2,1,0,1
161055,161056,2,1,0,1
161063,161064,2,1,0,1
161069,161071,3,1,0,2
161074,161075,2,1,0,1
161076,161078,3,2,0,1
161087,161090,4,1,0,3
161098,161100,3,1,1,1
161105,161107,3,1,1,1
161117,161119,3,2,0,1
161129,161131,3,1,1,1
161137,161139,3,1,0,2
161142,161143,2,1,0,1
161177,161179,3,1,0,2
161190,161192,3,1,1,1
161197,161198,2,1,0,1
161229,161230,2,1,0,1
161239,161240,2,1,0,1
161245,161247,3,1,1,1
161301,161303,3,1,1,1
161342,161343,2,1,0,1
161352,161353,2,1,0,1
161380,161382,3,1,1,1
161383,161384,2,1,0,1
161391,161392,2,1,0,1
161403,161406,4,1,2,1
161417,161418,2,1,0,1
161419,161420,2,1,0,1
161444,161447,4,1,1,2
161448,161449,2,1,0,1
161478,161481,4,2,1,1
161491,161492,2,1,0,1
161493,161497,5,1,3,1
161536,161538,3,1,1,1
161557,161558,2,1,0,1
161559,161560,2,1,0,1
161563,161564,2,1,0,1
161565,161568,4,3,0,1
161575,161576,2,1,0,1
161592,161593,2,1,0,1
161625,161626,2,1,0,1
161638,161640,3,1,1,1
161659,161660,2,1,0,1
161663,161664,2,1,0,1
161666,161669,4,1,0,3
161670,161672,3,1,1,1
161674,161675,2,1,0,1
161697,161699,3,1,0,2
161709,161715,7,3,3,1
161733,161734,2,1,0,1
161743,161745,3,2,0,1
161754,161755,2,1,0,1
161770,161773,4,1,2,1
161774,161775,2,1,0,1
161793,161794,2,1,0,1
161801,161803,3,2,0,1
161807,161808,2,1,0,1
161825,161826,2,1,0,1
161873,161878,6,1,3,2
161882,161885,4,1,0,3
161902,161903,2,1,0,1
161904,161906,3,1,1,1
161942,161946,5,3,0,2
161952,161954,3,1,0,2
161963,161965,3,1,1,1
161966,161969,4,2,1,1
161980,161981,2,1,0,1
161998,162000,3,1,1,1
162005,162006,2,1,0,1
162016,162019,4,1,2,1
162021,162022,2,1,0,1
162053,162054,2,1,0,1
162058,162061,4,2,1,1
162088,162090,3,2,0,1
162109,162112,4,1,2,1
162127,162128,2,1,0,1
162134,162135,2,1,0,1
162152,162154,3,1,1,1
162156,162157,2,1,0,1
162165,162166,2,1,0,1
162173,162174,2,1,0,1
162188,162193,6,2,1,3
162196,162198,3,1,0,2
162231,162234,4,2,0,2
162236,162239,4,1,2,1
162245,162247,3,2,0,1
162252,162255,4,1,1,2
162267,162268,2,1,0,1
162273,162277,5,1,1,3
162296,162300,5,1,3,1
162312,162316,5,1,1,3
162357,162358,2,1,0,1
162365,162369,5,1,3,1
162371,162375,5,2,2,1
162384,162385,2,1,0,1
162391,162393,3,2,0,1
162395,162396,2,1,0,1
162401,162404,4,1,2,1
162420,162422,3,1,0,2
162438,162440,3,1,0,2
162446,162447,2,1,0,1
162468,162469,2,1,0,1
162479,162480,2,1,0,1
162489,162491,3,1,1,1
162510,162513,4,1,2,1
162546,162548,3,1,1,1
162553,162558,6,2,3,1
162570,162571,2,1,0,1
162572,162573,2,1,0,1
162577,162581,5,1,1,3
162601,162602,2,1,0,1
162628,162629,2,1,0,1
162630,162632,3,1,1,1
162637,162638,2,1,0,1
162641,162643,3,2,0,1
162673,162676,4,1,1,2
162698,162700,3,1,0,2
162709,162716,8,5,1,2
162719,162720,2,1,0,1
162730,162731,2,1,0,1
162758,162759,2,1,0,1
162768,162769,2,1,0,1
162770,162771,2,1,0,1
162774,162778,5,1,3,1
162804,162805,2,1,0,1
162810,162812,3,1,0,2
162821,162823,3,1,1,1
162840,162844,5,1,3,1
162845,162849,5,3,0,2
162856,162857,2,1,0,1
162865,162869,5,1,0,4
162879,162880,2,1,0,1
162903,162905,3,1,0,2
162915,162917,3,1,1,1
162924,162925,2,1,0,1
162958,162959,2,1,0,1
162964,162965,2,1,0,1
162967,162968,2,1,0,1
162988,162989,2,1,0,1
162990,162991,2,1,0,1
163005,163007,3,1,1,1
163028,163032,5,2,0,3
163038,163040,3,1,0,2
163043,163044,2,1,0,1
163046,163047,2,1,0,1
163051,163054,4,3,0,1
163077,163079,3,1,1,1
163087,163090,4,1,2,1
163163,163164,2,1,0,1
163181,163182,2,1,0,1
163183,163184,2,1,0,1
163185,163189,5,1,0,4
163193,163199,7,2,0,5
163213,163214,2,1,0,1
163234,163235,2,1,0,1
163358,163361,4,1,1,2
163362,163367,6,3,2,1
163368,163370,3,2,0,1
163377,163379,3,2,0,1
163393,163397,5,1,1,3
163400,163403,4,1,2,1
163409,163410,2,1,0,1
163416,163417,2,1,0,1
163419,163422,4,1,2,1
163427,163428,2,1,0,1
163434,163436,3,2,0,1
163442,163443,2,1,0,1
163446,163447,2,1,0,1
163467,163471,5,1,1,3
163477,163479,3,2,0,1
163483,163485,3,1,1,1
163527,163528,2,1,0,1
163550,163551,2,1,0,1
163568,163570,3,1,0,2
163577,163580,4,1,2,1
163597,163598,2,1,0,1
163605,163606,2,1,0,1
163610,163613,4,1,2,1
163641,163642,2,1,0,1
163645,163646,2,1,0,1
163656,163658,3,1,0,2
163673,163674,2,1,0,1
163687,163688,2,1,0,1
163727,163730,4,2,1,1
163740,163743,4,1,2,1
163744,163746,3,2,0,1
163752,163755,4,1,0,3
163760,163761,2,1,0,1
163774,163777,4,1,0,3
163810,163812,3,2,0,1
163817,163818,2,1,0,1
163825,163826,2,1,0,1
163842,163843,2,1,0,1
163862,163867,6,1,3,2
163871,163873,3,1,1,1
163905,163906,2,1,0,1
163913,163915,3,1,1,1
163958,163961,4,3,0,1
163977,163979,3,2,0,1
163982,163983,2,1,0,1
164017,164019,3,1,1,1
164022,164024,3,1,1,1
164027,164029,3,1,1,1
164051,164052,2,1,0,1
164059,164065,7,3,1,3
164067,164074,8,4,0,4
164095,164096,2,1,0,1
164099,164100,2,1,0,1
164108,164109,2,1,0,1
164111,164113,3,2,0,1
164124,164127,4,1,2,1
164133,164134,2,1,0,1
164138,164141,4,2,1,1
164142,164143,2,1,0,1
164153,164154,2,1,0,1
164160,164162,3,1,1,1
164164,164166,3,1,1,1
164184,164186,3,1,0,2
164202,164204,3,2,0,1
164212,164215,4,2,0,2
164263,164265,3,2,0,1
164268,164269,2,1,0,1
164275,164276,2,1,0,1
164277,164278,2,1,0,1
164288,164291,4,1,2,1
164308,164313,6,2,3,1
164336,164337,2,1,0,1
164340,164341,2,1,0,1
164370,164372,3,1,1,1
164391,164393,3,1,0,2
164402,164405,4,2,1,1
164406,164409,4,2,1,1
164424,164427,4,2,0,2
164428,164429,2,1,0,1
164432,164435,4,1,2,1
164447,164450,4,2,1,1
164474,164477,4,1,0,3
164479,164480,2,1,0,1
164487,164489,3,2,0,1
164498,164499,2,1,0,1
164514,164516,3,2,0,1
164547,164550,4,2,0,2
164595,164598,4,2,0,2
164623,164624,2,1,0,1
164626,164628,3,2,0,1
164633,164636,4,1,1,2
164651,164652,2,1,0,1
164653,164655,3,1,1,1
164668,164671,4,1,2,1
164709,164711,3,1,1,1
164720,164723,4,2,1,1
164730,164731,2,1,0,1
164743,164745,3,2,0,1
164765,164766,2,1,0,1
164819,164820,2,1,0,1
164822,164823,2,1,0,1
164857,164858,2,1,0,1
164869,164871,3,1,1,1
164876,164879,4,2,1,1
164880,164881,2,1,0,1
164895,164898,4,2,1,1
164902,164905,4,2,1,1
164911,164912,2,1,0,1
164948,164950,3,1,1,1
164953,164954,2,1,0,1
164964,164967,4,1,1,2
164994,164996,3,1,0,2
165006,165009,4,1,1,2
165011,165013,3,1,1,1
165043,165045,3,1,0,2
165046,165050,5,1,0,4
165058,165061,4,1,0,3
165070,165073,4,2,1,1
165103,165104,2,1,0,1
165115,165116,2,1,0,1
165147,165148,2,1,0,1
165151,165153,3,1,0,2
165164,165166,3,1,1,1
165176,165177,2,1,0,1
165187,165188,2,1,0,1
165195,165197,3,1,1,1
165204,165205,2,1,0,1
165207,165208,2,1,0,1
165226,165228,3,1,1,1
165242,165244,3,2,0,1
165256,165258,3,1,0,2
165273,165276,4,1,2,1
165284,165285,2,1,0,1
165295,165297,3,1,0,2
165305,165306,2,1,0,1
165307,165309,3,2,0,1
165310,165314,5,3,1,1
165339,165340,2,1,0,1
165341,165342,2,1,0,1
165356,165358,3,1,1,1
165364,165366,3,2,0,1
165424,165426,3,1,0,2
165433,165435,3,2,0,1
165497,165498,2,1,0,1
165499,165501,3,2,0,1
165522,165523,2,1,0,1
165540,165542,3,1,1,1
165556,165559,4,2,0,2
165571,165572,2,1,0,1
165581,165583,3,1,0,2
165584,165588,5,1,3,1
165594,165597,4,2,0,2
165603,165604,2,1,0,1
165616,165617,2,1,0,1
165624,165626,3,2,0,1
165648,165652,5,1,2,2
165689,165690,2,1,0,1
165723,165725,3,1,1,1
165731,165732,2,1,0,1
165734,165736,3,1,1,1
165740,165741,2,1,0,1
165745,165747,3,2,0,1
165748,165749,2,1,0,1
165751,165754,4,3,0,1
165755,165758,4,2,1,1
165772,165774,3,2,0,1
165777,165784,8,1,6,1
165788,165789,2,1,0,1
165794,165795,2,1,0,1
165814,165815,2,1,0,1
165827,165829,3,1,1,1
165838,165839,2,1,0,1
165854,165856,3,2,0,1
165862,165863,2,1,0,1
165883,165884,2,1,0,1
165935,165937,3,1,1,1
165944,165946,3,1,0,2
165954,165957,4,2,1,1
165968,165970,3,1,1,1
166001,166004,4,1,2,1
166013,166014,2,1,0,1
166015,166016,2,1,0,1
166023,166024,2,1,0,1
166028,166030,3,2,0,1
166046,166049,4,1,0,3
166054,166058,5,1,2,2
166059,166061,3,2,0,1
166086,166087,2,1,0,1
166102,166103,2,1,0,1
166117,166119,3,1,1,1
166171,166174,4,1,2,1
166175,166177,3,1,0,2
166183,166186,4,2,1,1
166200,166201,2,1,0,1
166203,166205,3,2,0,1
166206,166208,3,1,1,1
166258,166261,4,2,1,1
166262,166263,2,1,0,1
166274,166275,2,1,0,1
166279,166281,3,1,1,1
166304,166306,3,1,1,1
166311,166312,2,1,0,1
166315,166316,2,1,0,1
166335,166336,2,1,0,1
166342,166344,3,1,1,1
166353,166354,2,1,0,1
166407,166409,3,1,1,1
166410,166411,2,1,0,1
166458,166460,3,1,1,1
166463,166466,4,3,0,1
166509,166510,2,1,0,1
166521,166524,4,1,0,3
166526,166531,6,1,1,4
166532,166535,4,2,0,2
166548,166550,3,1,0,2
166557,166560,4,1,1,2
166565,166566,2,1,0,1
166579,166581,3,1,1,1
166601,166605,5,2,2,1
166608,166610,3,1,1,1
166622,166624,3,2,0,1
166626,166628,3,1,0,2
166638,166640,3,2,0,1
166662,166663,2,1,0,1
166666,166671,6,1,2,3
166672,166679,8,3,0,5
166704,166705,2,1,0,1
166718,166721,4,2,1,1
166729,166732,4,1,0,3
166735,166736,2,1,0,1
166764,166766,3,2,0,1
166767,166768,2,1,0,1
166779,166780,2,1,0,1
166782,166783,2,1,0,1
166787,166790,4,1,2,1
166793,166798,6,1,4,1
166805,166809,5,2,2,1
166822,166825,4,1,1,2
166828,166829,2,1,0,1
166836,166837,2,1,0,1
166879,166880,2,1,0,1
166886,166888,3,1,0,2
166914,166915,2,1,0,1
166917,166919,3,1,1,1
166922,166925,4,1,2,1
166939,166941,3,1,0,2
166950,166952,3,1,1,1
166954,166956,3,1,1,1
166964,166968,5,1,3,1
166970,166971,2,1,0,1
166989,166991,3,1,1,1
166996,166997,2,1,0,1
166998,167000,3,2,0,1
167006,167007,2,1,0,1
167018,167020,3,1,1,1
167045,167051,7,2,4,1
167053,167054,2,1,0,1
167068,167073,6,1,3,2
167086,167090,5,1,3,1
167102,167106,5,1,3,1
167107,167109,3,1,1,1
167122,167125,4,2,0,2
167127,167128,2,1,0,1
167135,167137,3,1,1,1
167148,167149,2,1,0,1
167158,167159,2,1,0,1
167173,167175,3,1,1,1
167209,167210,2,1,0,1
167218,167219,2,1,0,1
167222,167225,4,2,1,1
167252,167257,6,1,4,1
167302,167305,4,1,0,3
167306,167308,3,2,0,1
167312,167315,4,1,0,3
167322,167323,2,1,0,1
167324,167326,3,2,0,1
167337,167340,4,1,2,1
167343,167347,5,1,0,4
167355,167357,3,1,0,2
167375,167378,4,1,2,1
167382,167385,4,2,0,2
167413,167420,8,1,6,1
167437,167438,2,1,0,1
167442,167445,4,1,2,1
167452,167454,3,1,1,1
167467,167468,2,1,0,1
167473,167475,3,1,1,1
167480,167485,6,2,0,4
167501,167505,5,1,1,3
167545,167547,3,1,1,1
167548,167550,3,2,0,1
167551,167553,3,1,1,1
167554,167556,3,1,1,1
167573,167577,5,1,3,1
167619,167621,3,1,1,1
167629,167631,3,1,0,2
167638,167639,2,1,0,1
167654,167656,3,1,1,1
167673,167679,7,5,0,2
167692,167698,7,2,3,2
167722,167727,6,5,0,1
167758,167759,2,1,0,1
167771,167772,2,1,0,1
167778,167781,4,1,1,2
167792,167795,4,2,1,1
167818,167819,2,1,0,1
167835,167838,4,1,2,1
167846,167848,3,1,1,1
167856,167857,2,1,0,1
167859,167861,3,2,0,1
167864,167866,3,1,1,1
167870,167874,5,1,3,1
167893,167894,2,1,0,1
167912,167914,3,2,0,1
167924,167930,7,1,4,2
167941,167943,3,1,1,1
167946,167949,4,2,0,2
167955,167957,3,1,0,2
167989,167991,3,1,1,1
168006,168007,2,1,0,1
168011,168014,4,1,2,1
168029,168032,4,1,1,2
168047,168048,2,1,0,1
168056,168057,2,1,0,1
168063,168064,2,1,0,1
168069,168071,3,2,0,1
168096,168099,4,1,2,1
168110,168112,3,1,1,1
168121,168123,3,1,1,1
168125,168126,2,1,0,1
168129,168131,3,1,1,1
168146,168147,2,1,0,1
168152,168153,2,1,0,1
168165,168166,2,1,0,1
168176,168177,2,1,0,1
168189,168192,4,1,1,2
168193,168194,2,1,0,1
168200,168201,2,1,0,1
168210,168211,2,1,0,1
168213,168216,4,1,2,1
168232,168236,5,2,0,3
168265,168267,3,1,0,2
168272,168275,4,1,1,2
168276,168278,3,1,0,2
168328,168331,4,1,1,2
168369,168370,2,1,0,1
168372,168373,2,1,0,1
168375,168376,2,1,0,1
168377,168380,4,1,2,1
168385,168386,2,1,0,1
168388,168390,3,1,1,1
168392,168396,5,3,1,1
168397,168400,4,1,2,1
168408,168411,4,1,1,2
168414,168417,4,1,0,3
168421,168424,4,1,2,1
168439,168442,4,3,0,1
168446,168448,3,1,1,1
168459,168462,4,2,1,1
168464,168467,4,1,1,2
168472,168474,3,2,0,1
168475,168482,8,1,4,3
168501,168503,3,2,0,1
168504,168505,2,1,0,1
168507,168509,3,2,0,1
168530,168533,4,1,1,2
168540,168542,3,1,1,1
168595,168596,2,1,0,1
168632,168634,3,1,0,2
168646,168647,2,1,0,1
168672,168675,4,1,1,2
168681,168686,6,2,3,1
168702,168703,2,1,0,1
168706,168708,3,1,0,2
168739,168742,4,1,2,1
168792,168793,2,1,0,1
168821,168822,2,1,0,1
168824,168825,2,1,0,1
168829,168830,2,1,0,1
168834,168835,2,1,0,1
168843,168845,3,2,0,1
168851,168852,2,1,0,1
168867,168868,2,1,0,1
168876,168877,2,1,0,1
168882,168884,3,1,1,1
168946,168948,3,1,0,2
168950,168953,4,1,0,3
168956,168957,2,1,0,1
168966,168970,5,2,2,1
168987,168988,2,1,0,1
168995,168996,2,1,0,1
168998,169001,4,1,1,2
169007,169008,2,1,0,1
169032,169034,3,1,0,2
169035,169038,4,1,0,3
169048,169051,4,1,2,1
169067,169069,3,1,1,1
169070,169072,3,1,0,2
169073,169075,3,1,0,2
169080,169084,5,3,1,1
169092,169094,3,1,1,1
169117,169120,4,2,1,1
169145,169146,2,1,0,1
169152,169153,2,1,0,1
169214,169218,5,1,2,2
169221,169223,3,1,1,1
169227,169229,3,1,0,2
169248,169250,3,1,1,1
169251,169253,3,1,1,1
169265,169267,3,2,0,1
169279,169283,5,1,2,2
169309,169311,3,2,0,1
169313,169318,6,1,4,1
169335,169336,2,1,0,1
169339,169342,4,1,1,2
169370,169372,3,1,0,2
169377,169380,4,2,0,2
169397,169399,3,1,0,2
169422,169423,2,1,0,1
169433,169435,3,1,0,2
169440,169442,3,2,0,1
169444,169446,3,1,1,1
169469,169474,6,1,4,1
169504,169505,2,1,0,1
169508,169509,2,1,0,1
169524,169529,6,1,3,2
169538,169539,2,1,0,1
169548,169552,5,3,1,1
169570,169571,2,1,0,1
169587,169588,2,1,0,1
169596,169600,5,1,3,1
169601,169602,2,1,0,1
169603,169604,2,1,0,1
169615,169624,10,2,7,1
169673,169674,2,1,0,1
169712,169713,2,1,0,1
169714,169718,5,2,1,2
169730,169734,5,3,1,1
169747,169750,4,3,0,1
169757,169760,4,2,0,2
169762,169764,3,1,0,2
169767,169770,4,2,1,1
169773,169774,2,1,0,1
169778,169780,3,1,1,1
169784,169785,2,1,0,1
169796,169797,2,1,0,1
169798,169800,3,1,0,2
169842,169846,5,2,2,1
169847,169853,7,4,0,3
169867,169871,5,3,1,1
169884,169889,6,2,2,2
169891,169894,4,1,2,1
169925,169926,2,1,0,1
169927,169933,7,5,1,1
169938,169939,2,1,0,1
169949,169950,2,1,0,1
169952,169954,3,1,1,1
169958,169959,2,1,0,1
169987,169988,2,1,0,1
169991,169993,3,2,0,1
170005,170006,2,1,0,1
170012,170014,3,1,0,2
170032,170033,2,1,0,1
170041,170046,6,1,4,1
170062,170065,4,2,1,1
170076,170077,2,1,0,1
170078,170080,3,1,1,1
170097,170098,2,1,0,1
170103,170106,4,2,1,1
170134,170136,3,2,0,1
170181,170182,2,1,0,1
170202,170204,3,1,1,1
170206,170210,5,2,2,1
170214,170215,2,1,0,1
170240,170241,2,1,0,1
170243,170245,3,1,1,1
170274,170275,2,1,0,1
170279,170281,3,1,0,2
170295,170297,3,1,1,1
170307,170313,7,2,3,2
170326,170329,4,3,0,1
170363,170366,4,1,2,1
170389,170391,3,1,0,2
170392,170397,6,4,1,1
170424,170427,4,1,2,1
170429,170430,2,1,0,1
170442,170445,4,2,0,2
170448,170449,2,1,0,1
170484,170486,3,2,0,1
170492,170495,4,1,2,1
170496,170498,3,1,1,1
170509,170510,2,1,0,1
170514,170515,2,1,0,1
170522,170523,2,1,0,1
170534,170535,2,1,0,1
170583,170586,4,1,2,1
170591,170592,2,1,0,1
170595,170597,3,1,1,1
170600,170601,2,1,0,1
170615,170616,2,1,0,1
170625,170627,3,1,1,1
170631,170632,2,1,0,1
170660,170661,2,1,0,1
170688,170691,4,2,0,2
170701,170702,2,1,0,1
170720,170721,2,1,0,1
170725,170727,3,1,0,2
170760,170762,3,1,0,2
170764,170769,6,1,0,5
170773,170774,2,1,0,1
170779,170782,4,2,0,2
170793,170794,2,1,0,1
170810,170811,2,1,0,1
170825,170826,2,1,0,1
170834,170836,3,1,1,1
170838,170840,3,1,1,1
170846,170847,2,1,0,1
170859,170863,5,2,2,1
170873,170875,3,1,1,1
170903,170904,2,1,0,1
170907,170908,2,1,0,1
170909,170911,3,1,1,1
170912,170913,2,1,0,1
170916,170917,2,1,0,1
170968,170969,2,1,0,1
170973,170975,3,1,1,1
170986,170988,3,2,0,1
171010,171013,4,1,0,3
171023,171024,2,1,0,1
171025,171027,3,1,1,1
171066,171067,2,1,0,1
171091,171093,3,2,0,1
171116,171118,3,1,1,1
171125,171131,7,2,4,1
171135,171136,2,1,0,1
171138,171139,2,1,0,1
171160,171163,4,1,1,2
171185,171186,2,1,0,1
171189,171191,3,1,1,1
171192,171194,3,1,1,1
171208,171209,2,1,0,1
171229,171231,3,1,1,1
171235,171237,3,2,0,1
171269,171271,3,1,1,1
171278,171281,4,1,2,1
171283,171285,3,1,0,2
171286,171288,3,1,1,1
171290,171291,2,1,0,1
171297,171299,3,1,0,2
171339,171344,6,4,1,1
171346,171348,3,1,1,1
171352,171354,3,2,0,1
171359,171360,2,1,0,1
171372,171373,2,1,0,1
171399,171402,4,1,2,1
171440,171441,2,1,0,1
171461,171463,3,1,1,1
171464,171465,2,1,0,1
171471,171472,2,1,0,1
171481,171483,3,1,1,1
171491,171492,2,1,0,1
171504,171505,2,1,0,1
171514,171517,4,2,1,1
171532,171535,4,2,1,1
171542,171543,2,1,0,1
171559,171561,3,1,0,2
171572,171575,4,2,1,1
171606,171608,3,1,0,2
171628,171630,3,1,1,1
171679,171680,2,1,0,1
171685,171686,2,1,0,1
171702,171703,2,1,0,1
171734,171735,2,1,0,1
171758,171763,6,1,4,1
171767,171768,2,1,0,1
171801,171805,5,3,1,1
171817,171820,4,1,2,1
171821,171825,5,1,3,1
171836,171837,2,1,0,1
171878,171880,3,1,1,1
171927,171928,2,1,0,1
171945,171949,5,1,2,2
171960,171961,2,1,0,1
171976,171977,2,1,0,1
171979,171983,5,1,3,1
171986,171990,5,2,1,2
171998,171999,2,1,0,1
172002,172004,3,1,1,1
172033,172035,3,1,1,1
172038,172039,2,1,0,1
172041,172043,3,1,1,1
172049,172051,3,1,0,2
172059,172062,4,1,0,3
172063,172067,5,1,2,2
172093,172095,3,2,0,1
172124,172126,3,1,0,2
172130,172133,4,3,0,1
172137,172142,6,1,4,1
172167,172169,3,2,0,1
172172,172175,4,1,1,2
172197,172201,5,3,1,1
172204,172207,4,1,2,1
172215,172219,5,2,0,3
172236,172240,5,1,2,2
172244,172246,3,1,0,2
172259,172260,2,1,0,1
172294,172302,9,2,6,1
172303,172307,5,1,2,2
172327,172329,3,1,1,1
172334,172337,4,1,1,2
172346,172356,11,5,0,6
172426,172429,4,1,2,1
172435,172436,2,1,0,1
172453,172454,2,1,0,1
172493,172495,3,1,1,1
172499,172500,2,1,0,1
172516,172521,6,1,4,1
172522,172523,2,1,0,1
172535,172541,7,1,3,3
172542,172544,3,1,1,1
172550,172553,4,1,2,1
172555,172562,8,2,5,1
172576,172577,2,1,0,1
172595,172598,4,2,1,1
172614,172616,3,1,0,2
172641,172643,3,2,0,1
172645,172647,3,2,0,1
172691,172692,2,1,0,1
172696,172698,3,2,0,1
172702,172705,4,2,0,2
172706,172708,3,1,1,1
172724,172725,2,1,0,1
172727,172729,3,1,0,2
172740,172741,2,1,0,1
172745,172747,3,1,1,1
172758,172761,4,2,0,2
172775,172776,2,1,0,1
172796,172798,3,2,0,1
172816,172817,2,1,0,1
172855,172858,4,1,0,3
172865,172866,2,1,0,1
172875,172877,3,1,1,1
172887,172888,2,1,0,1
172897,172898,2,1,0,1
172922,172925,4,2,1,1
172932,172934,3,1,0,2
172944,172945,2,1,0,1
172950,172952,3,1,1,1
172955,172957,3,1,1,1
172971,172975,5,1,2,2
173019,173020,2,1,0,1
173028,173029,2,1,0,1
173030,173032,3,1,0,2
173041,173046,6,4,1,1
173052,173054,3,1,1,1
173072,173073,2,1,0,1
173091,173096,6,2,3,1
173105,173108,4,1,1,2
173138,173139,2,1,0,1
173168,173169,2,1,0,1
173171,173172,2,1,0,1
173184,173186,3,1,0,2
173188,173189,2,1,0,1
173204,173205,2,1,0,1
173214,173216,3,1,1,1
173239,173241,3,1,1,1
173257,173259,3,1,0,2
173260,173262,3,1,1,1
173265,173266,2,1,0,1
173283,173285,3,1,0,2
173294,173295,2,1,0,1
173305,173306,2,1,0,1
173331,173333,3,2,0,1
173341,173342,2,1,0,1
173343,173345,3,1,1,1
173355,173356,2,1,0,1
173368,173369,2,1,0,1
173381,173383,3,2,0,1
173392,173395,4,1,2,1
173396,173398,3,2,0,1
173408,173412,5,3,0,2
173424,173427,4,1,2,1
173435,173439,5,1,2,2
173448,173450,3,1,1,1
173463,173466,4,3,0,1
173475,173479,5,2,1,2
173482,173483,2,1,0,1
173524,173526,3,2,0,1
173531,173535,5,1,3,1
173539,173543,5,2,2,1
173545,173547,3,1,0,2
173614,173617,4,1,0,3
173629,173630,2,1,0,1
173639,173640,2,1,0,1
173646,173647,2,1,0,1
173650,173652,3,2,0,1
173664,173666,3,2,0,1
173667,173670,4,2,1,1
173696,173697,2,1,0,1
173709,173710,2,1,0,1
173715,173719,5,1,3,1
173721,173722,2,1,0,1
173723,173724,2,1,0,1
173729,173730,2,1,0,1
173764,173766,3,2,0,1
173771,173773,3,1,1,1
173787,173791,5,1,3,1
173796,173797,2,1,0,1
173800,173802,3,2,0,1
173847,173850,4,3,0,1
173859,173860,2,1,0,1
173871,173872,2,1,0,1
173894,173896,3,1,1,1
173938,173939,2,1,0,1
173948,173953,6,1,0,5
173986,173992,7,1,5,1
174024,174025,2,1,0,1
174044,174045,2,1,0,1
174046,174047,2,1,0,1
174057,174058,2,1,0,1
174072,174075,4,1,2,1
174090,174092,3,1,1,1
174098,174101,4,1,1,2
174133,174134,2,1,0,1
174142,174143,2,1,0,1
174155,174157,3,2,0,1
174160,174163,4,3,0,1
174178,174179,2,1,0,1
174184,174186,3,1,1,1
174213,174214,2,1,0,1
174220,174223,4,2,0,2
174227,174229,3,1,0,2
174234,174237,4,2,1,1
174242,174243,2,1,0,1
174253,174254,2,1,0,1
174263,174264,2,1,0,1
174266,174268,3,1,0,2
174279,174283,5,3,1,1
174284,174286,3,1,1,1
174314,174317,4,3,0,1
174319,174323,5,2,1,2
174356,174357,2,1,0,1
174362,174364,3,1,0,2
174379,174380,2,1,0,1
174386,174391,6,3,2,1
174393,174394,2,1,0,1
174396,174397,2,1,0,1
174405,174409,5,1,3,1
174437,174438,2,1,0,1
174475,174479,5,1,3,1
174529,174535,7,5,1,1
174587,174588,2,1,0,1
174592,174594,3,1,1,1
174611,174612,2,1,0,1
174627,174628,2,1,0,1
174661,174662,2,1,0,1
174667,174668,2,1,0,1
174683,174684,2,1,0,1
174695,174696,2,1,0,1
174702,174703,2,1,0,1
174712,174714,3,2,0,1
174743,174745,3,1,1,1
174753,174754,2,1,0,1
174768,174770,3,1,0,2
174773,174777,5,3,1,1
174781,174782,2,1,0,1
174786,174788,3,1,1,1
174795,174797,3,1,1,1
174804,174805,2,1,0,1
174810,174812,3,1,1,1
174822,174824,3,1,1,1
174827,174829,3,1,1,1
174855,174856,2,1,0,1
174917,174921,5,2,2,1
174952,174954,3,1,0,2
174958,174959,2,1,0,1
174962,174967,6,2,2,2
174968,174972,5,1,2,2
175011,175017,7,3,2,2
175040,175042,3,2,0,1
175043,175046,4,3,0,1
175049,175052,4,2,1,1
175055,175056,2,1,0,1
175083,175084,2,1,0,1
175103,175105,3,1,1,1
175106,175107,2,1,0,1
175136,175137,2,1,0,1
175138,175139,2,1,0,1
175145,175146,2,1,0,1
175152,175153,2,1,0,1
175165,175167,3,1,1,1
175182,175183,2,1,0,1
175189,175190,2,1,0,1
175191,175192,2,1,0,1
175245,175247,3,2,0,1
175251,175255,5,1,2,2
175256,175257,2,1,0,1
175279,175281,3,2,0,1
175292,175296,5,2,1,2
175298,175301,4,2,1,1
175330,175331,2,1,0,1
175343,175344,2,1,0,1
175406,175407,2,1,0,1
175421,175422,2,1,0,1
175531,175535,5,1,3,1
175572,175574,3,1,0,2
175615,175616,2,1,0,1
175626,175630,5,2,2,1
175633,175635,3,1,0,2
175646,175648,3,1,1,1
175649,175651,3,1,1,1
175665,175666,2,1,0,1
175672,175673,2,1,0,1
175674,175677,4,3,0,1
175678,175682,5,1,2,2
175715,175716,2,1,0,1
175725,175726,2,1,0,1
175750,175755,6,2,1,3
175784,175786,3,1,1,1
175787,175790,4,3,0,1
175801,175805,5,2,1,2
175828,175829,2,1,0,1
175837,175839,3,1,1,1
175842,175844,3,1,0,2
175881,175883,3,2,0,1
175895,175896,2,1,0,1
175923,175924,2,1,0,1
175964,175967,4,1,2,1
175982,175983,2,1,0,1
175995,175997,3,2,0,1
176014,176015,2,1,0,1
176025,176027,3,1,1,1
176080,176081,2,1,0,1
176087,176089,3,1,1,1
176103,176104,2,1,0,1
176122,176123,2,1,0,1
176146,176148,3,2,0,1
176166,176167,2,1,0,1
176198,176200,3,1,1,1
176203,176205,3,2,0,1
176208,176210,3,2,0,1
176243,176246,4,2,0,2
176263,176267,5,2,1,2
176274,176275,2,1,0,1
176284,176286,3,1,0,2
176297,176299,3,1,0,2
176335,176337,3,1,1,1
176355,176356,2,1,0,1
176362,176363,2,1,0,1
176405,176408,4,3,0,1
176413,176416,4,1,2,1
176440,176443,4,3,0,1
176444,176446,3,2,0,1
176449,176451,3,2,0,1
176452,176453,2,1,0,1
176525,176526,2,1,0,1
176530,176531,2,1,0,1
176547,176549,3,1,0,2
176551,176552,2,1,0,1
176555,176556,2,1,0,1
176606,176607,2,1,0,1
176614,176616,3,2,0,1
176617,176618,2,1,0,1
176624,176628,5,2,0,3
176644,176648,5,2,1,2
176664,176671,8,2,5,1
176673,176674,2,1,0,1
176686,176687,2,1,0,1
176705,176706,2,1,0,1
176711,176712,2,1,0,1
176750,176754,5,1,3,1
176755,176756,2,1,0,1
176778,176779,2,1,0,1
176784,176785,2,1,0,1
176824,176826,3,1,1,1
176833,176835,3,1,1,1
176850,176851,2,1,0,1
176930,176931,2,1,0,1
176943,176944,2,1,0,1
176960,176964,5,2,1,2
176969,176974,6,1,4,1
177018,177019,2,1,0,1
177030,177033,4,1,2,1
177046,177047,2,1,0,1
177089,177090,2,1,0,1
177214,177215,2,1,0,1
177217,177218,2,1,0,1
177223,177229,7,5,1,1
177233,177238,6,4,0,2
177241,177242,2,1,0,1
177258,177259,2,1,0,1
177293,177297,5,1,3,1
177304,177305,2,1,0,1
177307,177309,3,2,0,1
177324,177327,4,3,0,1
177331,177332,2,1,0,1
177342,177344,3,1,1,1
177363,177366,4,2,0,2
177375,177378,4,1,2,1
177382,177384,3,1,0,2
177405,177406,2,1,0,1
177424,177426,3,2,0,1
177453,177454,2,1,0,1
177478,177480,3,1,1,1
177489,177491,3,1,0,2
177528,177529,2,1,0,1
177554,177555,2,1,0,1
177603,177607,5,2,2,1
177612,177613,2,1,0,1
177614,177617,4,1,2,1
177753,177755,3,2,0,1
177758,177759,2,1,0,1
177779,177783,5,4,0,1
177807,177808,2,1,0,1
177819,177821,3,2,0,1
177852,177856,5,1,3,1
177871,177874,4,1,1,2
177886,177889,4,1,2,1
177923,177926,4,1,1,2
177940,177943,4,1,2,1
177944,177947,4,1,2,1
177961,177963,3,2,0,1
177971,177974,4,1,2,1
177982,177984,3,1,1,1
177997,178002,6,1,4,1
178012,178014,3,1,1,1
178021,178025,5,1,0,4
178090,178094,5,1,1,3
178111,178112,2,1,0,1
178129,178133,5,1,3,1
178241,178243,3,1,0,2
178274,178276,3,1,1,1
178358,178359,2,1,0,1
178402,178403,2,1,0,1
178406,178409,4,1,0,3
178468,178470,3,1,1,1
178475,178479,5,1,0,4
178519,178522,4,1,1,2
178529,178530,2,1,0,1
178532,178535,4,1,2,1
178555,178559,5,1,0,4
178591,178593,3,1,0,2
178616,178617,2,1,0,1
178623,178625,3,1,1,1
178657,178661,5,1,1,3
178671,178673,3,2,0,1
178675,178676,2,1,0,1
178683,178686,4,1,2,1
178756,178761,6,1,0,5
178765,178767,3,1,0,2
178858,178860,3,2,0,1
178883,178884,2,1,0,1
178885,178886,2,1,0,1
178917,178918,2,1,0,1
178932,178940,9,1,2,6
178975,178976,2,1,0,1
178984,178987,4,1,1,2
178988,178989,2,1,0,1
178995,178996,2,1,0,1
179004,179005,2,1,0,1
179024,179030,7,1,5,1
179110,179112,3,1,0,2
179114,179116,3,1,0,2
179117,179120,4,1,2,1
179128,179129,2,1,0,1
179145,179146,2,1,0,1
179173,179174,2,1,0,1
179204,179207,4,1,0,3
179264,179267,4,1,1,2
179290,179291,2,1,0,1
179326,179327,2,1,0,1
179341,179342,2,1,0,1
179388,179389,2,1,0,1
179395,179398,4,1,0,3
179422,179423,2,1,0,1
179424,179426,3,1,0,2
179512,179513,2,1,0,1
179517,179518,2,1,0,1
179566,179567,2,1,0,1
179570,179572,3,1,1,1
179629,179630,2,1,0,1
179638,179639,2,1,0,1
179646,179647,2,1,0,1
179671,179673,3,1,0,2
179774,179776,3,1,0,2
179809,179810,2,1,0,1
179816,179818,3,1,1,1
179857,179858,2,1,0,1
179862,179864,3,1,0,2
179883,179884,2,1,0,1
179885,179886,2,1,0,1
179929,179930,2,1,0,1
179942,179944,3,1,1,1
179948,179950,3,1,0,2
179960,179962,3,1,1,1
180000,180002,3,1,1,1
180039,180041,3,1,0,2
180046,180047,2,1,0,1
180074,180077,4,1,1,2
180084,180086,3,1,0,2
180143,180145,3,1,1,1
180149,180150,2,1,0,1
180167,180168,2,1,0,1
180178,180181,4,1,2,1
180189,180192,4,1,0,3
180217,180221,5,2,2,1
180271,180274,4,2,0,2
180284,180285,2,1,0,1
180288,180291,4,1,0,3
180342,180344,3,1,0,2
180352,180353,2,1,0,1
180378,180379,2,1,0,1
180387,180388,2,1,0,1
180414,180416,3,1,0,2
180435,180437,3,1,1,1
180451,180455,5,1,3,1
180477,180481,5,1,2,2
180498,180502,5,1,0,4
180523,180524,2,1,0,1
180561,180563,3,1,0,2
180595,180596,2,1,0,1
180601,180602,2,1,0,1
180621,180622,2,1,0,1
180654,180656,3,1,0,2
180680,180681,2,1,0,1
180692,180694,3,1,1,1
180701,180703,3,1,0,2
180704,180705,2,1,0,1
180721,180724,4,1,1,2
180769,180771,3,1,1,1
180823,180824,2,1,0,1
180843,180845,3,1,0,2
180880,180881,2,1,0,1
180886,180887,2,1,0,1
180908,180910,3,1,0,2
180913,180915,3,1,1,1
181001,181004,4,1,0,3
181032,181033,2,1,0,1
181035,181036,2,1,0,1
181083,181085,3,2,0,1
181143,181145,3,1,1,1
181185,181188,4,1,1,2
181195,181198,4,1,0,3
181215,181216,2,1,0,1
181262,181264,3,1,1,1
181334,181336,3,1,1,1
181359,181360,2,1,0,1
181390,181392,3,1,0,2
181407,181409,3,1,1,1
181518,181521,4,1,0,3
181527,181529,3,2,0,1
181534,181535,2,1,0,1
181544,181545,2,1,0,1
181560,181562,3,1,1,1
181567,181569,3,2,0,1
181592,181596,5,1,3,1
181597,181599,3,2,0,1
181612,181613,2,1,0,1
181625,181627,3,1,0,2
181650,181653,4,1,0,3
181663,181664,2,1,0,1
181692,181694,3,1,0,2
181722,181723,2,1,0,1
181775,181776,2,1,0,1
181778,181779,2,1,0,1
181797,181799,3,1,0,2
181823,181825,3,2,0,1
181832,181833,2,1,0,1
181872,181874,3,1,0,2
181882,181885,4,1,1,2
181941,181943,3,1,0,2
181944,181945,2,1,0,1
181965,181967,3,1,0,2
181974,181977,4,2,0,2
182014,182016,3,1,1,1
182027,182028,2,1,0,1
182039,182041,3,1,0,2
182043,182049,7,1,1,5
182068,182070,3,1,0,2
182103,182104,2,1,0,1
182126,182127,2,1,0,1
182159,182161,3,1,1,1
182197,182198,2,1,0,1
182237,182239,3,1,1,1
182255,182256,2,1,0,1
182341,182342,2,1,0,1
182358,182359,2,1,0,1
182361,182365,5,3,0,2
182381,182383,3,1,0,2
182423,182425,3,2,0,1
182433,182434,2,1,0,1
182477,182478,2,1,0,1
182503,182506,4,2,1,1
182545,182546,2,1,0,1
182605,182606,2,1,0,1
182643,182644,2,1,0,1
182758,182759,2,1,0,1
182762,182763,2,1,0,1
182799,182800,2,1,0,1
182827,182828,2,1,0,1
182860,182863,4,1,1,2
182943,182944,2,1,0,1
182949,182951,3,1,1,1
183003,183004,2,1,0,1
183043,183047,5,1,1,3
183055,183056,2,1,0,1
183133,183134,2,1,0,1
183175,183179,5,1,2,2
183200,183201,2,1,0,1
183223,183225,3,2,0,1
183232,183233,2,1,0,1
183242,183243,2,1,0,1
183297,183298,2,1,0,1
183311,183312,2,1,0,1
183339,183340,2,1,0,1
183344,183345,2,1,0,1
183415,183416,2,1,0,1
183441,183442,2,1,0,1
183457,183458,2,1,0,1
183478,183479,2,1,0,1
183482,183485,4,2,0,2
183531,183532,2,1,0,1
183579,183580,2,1,0,1
183593,183594,2,1,0,1
183601,183602,2,1,0,1
183613,183614,2,1,0,1
183623,183626,4,1,2,1
183665,183667,3,2,0,1
183685,183686,2,1,0,1
183700,183701,2,1,0,1
183748,183750,3,1,0,2
183758,183760,3,1,0,2
183832,183834,3,1,0,2
183859,183860,2,1,0,1
183989,183991,3,1,0,2
184002,184004,3,1,1,1
184044,184045,2,1,0,1
184076,184077,2,1,0,1
184096,184098,3,1,0,2
184120,184125,6,3,2,1
184129,184131,3,1,1,1
184265,184266,2,1,0,1
184297,184299,3,1,1,1
184331,184333,3,1,0,2
184334,184335,2,1,0,1
184356,184360,5,2,2,1
184361,184363,3,2,0,1
184411,184413,3,1,0,2
184423,184425,3,2,0,1
184444,184445,2,1,0,1
184541,184543,3,1,1,1
184555,184557,3,1,1,1
184558,184560,3,1,1,1
184565,184566,2,1,0,1
184631,184632,2,1,0,1
184665,184666,2,1,0,1
184734,184735,2,1,0,1
184768,184769,2,1,0,1
184784,184786,3,2,0,1
184835,184837,3,1,0,2
184865,184866,2,1,0,1
184887,184889,3,1,1,1
184946,184947,2,1,0,1
184967,184970,4,1,1,2
184976,184979,4,1,2,1
184990,184992,3,1,1,1
185013,185016,4,1,1,2
185031,185034,4,1,2,1
185040,185042,3,1,1,1
185044,185045,2,1,0,1
185047,185048,2,1,0,1
185056,185059,4,1,2,1
185065,185068,4,2,0,2
185094,185095,2,1,0,1
185178,185181,4,1,0,3
185183,185184,2,1,0,1
185190,185191,2,1,0,1
185198,185199,2,1,0,1
185232,185233,2,1,0,1
185251,185252,2,1,0,1
185271,185272,2,1,0,1
185290,185291,2,1,0,1
185343,185344,2,1,0,1
185347,185348,2,1,0,1
185349,185350,2,1,0,1
185393,185394,2,1,0,1
185409,185411,3,1,1,1
185424,185426,3,1,1,1
185453,185454,2,1,0,1
185470,185471,2,1,0,1
185494,185496,3,1,1,1
185573,185574,2,1,0,1
185586,185589,4,1,1,2
185660,185662,3,1,1,1
185673,185675,3,1,1,1
185683,185686,4,1,0,3
185721,185722,2,1,0,1
185736,185738,3,2,0,1
185745,185747,3,1,0,2
185769,185770,2,1,0,1
185779,185781,3,1,1,1
185841,185842,2,1,0,1
185867,185868,2,1,0,1
185896,185897,2,1,0,1
185928,185929,2,1,0,1
186032,186033,2,1,0,1
186095,186096,2,1,0,1
186101,186102,2,1,0,1
186146,186148,3,1,0,2
186149,186151,3,1,0,2
186160,186161,2,1,0,1
186205,186209,5,1,1,3
186250,186253,4,2,0,2
186285,186286,2,1,0,1
186293,186297,5,2,2,1
186313,186314,2,1,0,1
186347,186348,2,1,0,1
186375,186376,2,1,0,1
186390,186391,2,1,0,1
186399,186403,5,3,1,1
186430,186431,2,1,0,1
186441,186444,4,1,0,3
186525,186527,3,1,1,1
186533,186534,2,1,0,1
186590,186592,3,1,0,2
186623,186624,2,1,0,1
186634,186635,2,1,0,1
186642,186644,3,1,1,1
186780,186781,2,1,0,1
186848,186849,2,1,0,1
186983,186985,3,1,1,1
186986,186987,2,1,0,1
188238,188239,2,1,0,1
188355,188364,10,1,8,1
188408,188413,6,1,3,2
188489,188490,2,1,0,1
188746,188747,2,1,0,1
188749,188751,3,1,0,2
188854,188856,3,1,1,1
189262,189267,6,5,0,1
189749,189755,7,1,0,6
190258,190259,2,1,0,1
190385,190386,2,1,0,1
190437,190440,4,2,0,2
190953,190954,2,1,0,1
191385,191386,2,1,0,1
191788,191799,12,5,6,1
191855,191864,10,3,6,1
191901,191903,3,1,0,2
191972,191973,2,1,0,1
192189,192194,6,2,3,1
192294,192295,2,1,0,1
192307,192308,2,1,0,1
192339,192342,4,1,2,1
192343,192350,8,2,3,3
192403,192408,6,1,1,4
192466,192468,3,1,0,2
192469,192470,2,1,0,1
192548,192553,6,5,0,1
192743,192745,3,1,0,2
194468,194470,3,1,0,2
194695,194697,3,1,1,1
195094,195095,2,1,0,1
195102,195105,4,1,2,1
195110,195112,3,1,1,1
195117,195122,6,1,4,1
195127,195133,7,3,3,1
195149,195151,3,1,0,2
195176,195177,2,1,0,1
195185,195187,3,1,0,2
195188,195192,5,1,3,1
195208,195211,4,1,0,3
195220,195222,3,1,0,2
195229,195232,4,1,2,1
195240,195241,2,1,0,1
195253,195256,4,2,0,2
195269,195273,5,1,2,2
195284,195287,4,1,0,3
195295,195297,3,1,1,1
195298,195301,4,1,1,2
195331,195334,4,1,2,1
195340,195342,3,1,1,1
195355,195357,3,1,1,1
195358,195361,4,1,1,2
195383,195384,2,1,0,1
195419,195421,3,1,1,1
195427,195429,3,1,1,1
195433,195437,5,1,3,1
195441,195443,3,1,1,1
195453,195454,2,1,0,1
195458,195459,2,1,0,1
195488,195489,2,1,0,1
195501,195503,3,2,0,1
195515,195516,2,1,0,1
195519,195525,7,2,3,2
195535,195538,4,1,0,3
195544,195546,3,2,0,1
195547,195548,2,1,0,1
195550,195551,2,1,0,1
195566,195570,5,2,2,1
195575,195577,3,1,1,1
195594,195595,2,1,0,1
195618,195621,4,2,0,2
195636,195638,3,1,0,2
195658,195661,4,1,1,2
195664,195665,2,1,0,1
195667,195673,7,1,5,1
195692,195693,2,1,0,1
195705,195708,4,3,0,1
195722,195726,5,2,0,3
195727,195729,3,1,0,2
195737,195738,2,1,0,1
195742,195747,6,1,2,3
195756,195764,9,1,3,5
195771,195772,2,1,0,1
195773,195776,4,2,1,1
195777,195779,3,1,0,2
195852,195854,3,1,1,1
195867,195868,2,1,0,1
195880,195881,2,1,0,1
195885,195887,3,1,1,1
195894,195895,2,1,0,1
195898,195900,3,2,0,1
195916,195918,3,2,0,1
195927,195929,3,1,0,2
195953,195958,6,4,0,2
195967,195968,2,1,0,1
196024,196026,3,1,1,1
196031,196032,2,1,0,1
196081,196085,5,1,3,1
196093,196097,5,2,2,1
196106,196108,3,2,0,1
196129,196130,2,1,0,1
196150,196152,3,2,0,1
196154,196155,2,1,0,1
196158,196160,3,1,1,1
196165,196167,3,2,0,1
196174,196176,3,1,1,1
196180,196181,2,1,0,1
196183,196185,3,1,0,2
196221,196226,6,1,0,5
196243,196245,3,1,1,1
196251,196255,5,2,1,2
196257,196259,3,1,1,1
196260,196262,3,1,1,1
196297,196299,3,1,1,1
196332,196334,3,2,0,1
196341,196344,4,2,1,1
196348,196349,2,1,0,1
196371,196373,3,1,1,1
196381,196383,3,1,0,2
196401,196407,7,1,0,6
196409,196412,4,1,0,3
196425,196431,7,2,4,1
196461,196462,2,1,0,1
196466,196468,3,2,0,1
196482,196484,3,1,0,2
196491,196493,3,2,0,1
196511,196512,2,1,0,1
196521,196523,3,1,1,1
196545,196546,2,1,0,1
196554,196555,2,1,0,1
196556,196559,4,2,1,1
196649,196650,2,1,0,1
196667,196668,2,1,0,1
196790,196797,8,4,3,1
196817,196819,3,1,1,1
196826,196830,5,1,3,1
196838,196841,4,2,0,2
196842,196849,8,1,6,1
196999,197001,3,1,1,1
197045,197051,7,4,0,3
197062,197064,3,1,1,1
197190,197193,4,3,0,1
197208,197211,4,1,1,2
197213,197214,2,1,0,1
197228,197233,6,5,0,1
197280,197281,2,1,0,1
197305,197311,7,4,1,2
197345,197350,6,1,3,2
197370,197375,6,2,3,1
197386,197391,6,4,1,1
197694,197699,6,1,4,1
197719,197721,3,2,0,1
197735,197743,9,5,3,1
197744,197747,4,1,0,3
197816,197823,8,4,1,3
197855,197863,9,2,6,1
197867,197868,2,1,0,1
197976,197977,2,1,0,1
198017,198020,4,1,0,3
198055,198056,2,1,0,1
198086,198094,9,3,3,3
198103,198105,3,2,0,1
198225,198232,8,1,6,1
198239,198241,3,1,0,2
198263,198267,5,1,2,2
198277,198278,2,1,0,1
198279,198280,2,1,0,1
198287,198290,4,2,1,1
198362,198363,2,1,0,1
198377,198381,5,1,1,3
198408,198412,5,1,3,1
198443,198449,7,1,4,2
198539,198543,5,1,3,1
198711,198712,2,1,0,1
198726,198728,3,1,0,2
198861,198864,4,1,1,2
198871,198878,8,1,2,5
198900,198911,12,1,10,1
198913,198914,2,1,0,1
198921,198924,4,1,2,1
199612,199614,3,2,0,1
