start_row,match_length
26,1
308,1
406,1
420,3
445,1
548,1
603,1
728,2
872,1
891,1
903,1
905,1
983,1
986,1
1041,1
1054,2
1081,1
1142,1
1192,1
1244,1
1341,3
1344,3
1348,2
1392,1
1395,2
1462,1
1473,1
1477,1
1484,1
1509,3
1536,2
1572,3
1639,1
1648,1
1651,1
1659,1
1726,1
1737,2
1759,1
1792,4
1800,2
1802,1
1809,1
1815,4
1824,1
1868,1
1875,1
1897,3
1926,2
1963,1
1985,2
1988,1
1997,1
2005,1
2013,1
2026,3
2031,2
2045,1
2049,2
2055,2
2068,4
2072,2
2094,2
2102,1
2125,2
2127,1
2147,2
2165,1
2203,2
2232,6
2242,1
2251,1
2256,1
2260,2
2276,2
2290,3
2303,2
2319,3
2325,2
2331,4
2360,2
2368,2
2375,2
2377,2
2381,3
2385,1
2391,2
2407,1
2413,2
2434,3
2442,2
2449,1
2460,2
2463,1
2466,1
2471,2
2482,2
2485,1
2532,1
2535,1
2542,2
2545,2
2547,1
2555,1
2563,1
2566,2
2568,2
2573,2
2581,2
2584,3
2594,2
2601,1
2605,1
2610,1
2616,2
2619,4
2623,1
2627,1
2633,1
2637,1
2639,1
2642,2
2645,3
2649,1
2653,2
2659,2
2662,32
2702,2
2707,4
2713,2
2715,2
2720,4
2724,2
2735,2
2738,3
2743,2
2750,2
2753,1
2756,2
2758,2
2764,1
2768,2
2774,2
2778,2
2796,2
2798,2
2801,2
2804,2
2812,2
2818,3
2821,1
2824,2
2830,2
2832,2
2834,4
2838,3
2841,3
2845,5
2850,7
2859,2
2863,5
2882,2
2886,2
2899,2
2911,1
2913,2
2915,1
2920,2
2924,2
2926,2
2928,3
2931,3
2940,2
2943,2
2946,2
2948,5
2955,2
2957,6
2966,2
2972,4
2976,5
2981,2
2984,2
2986,3
2991,4
2995,3
3001,2
3003,3
3006,2
3011,2
3014,2
3018,2
3026,2
3028,2
3031,3
3034,4
3038,2
3041,2
3048,3
3059,2
3069,2
3071,3
3075,3
3078,2
3097,2
3104,2
3116,4
3125,1
3127,2
3130,6
3142,2
3145,2
3151,7
3158,2
3160,2
3162,2
3165,2
3177,4
3187,2
3189,6
3196,2
3199,2
3203,3
3206,2
3208,3
3213,4
3226,1
3229,5
3236,2
3238,3
3241,4
3247,2
3249,7
3260,4
3266,4
3278,2
3281,2
3286,3
3292,3
3295,2
3299,2
3312,6
3320,2
3322,5
3328,2
3334,1
3339,2
3341,2
3346,2
3348,2
3352,2
3354,5
3359,5
3365,2
3367,2
3369,3
3376,2
3378,2
3380,2
3385,2
3395,2
3397,2
3399,2
3409,2
3411,2
3413,3
3416,1
3418,8
3428,2
3431,2
3437,2
3445,4
3449,3
3452,1
3467,4
3491,2
3495,3
3498,3
3503,3
3506,2
3508,2
3510,3
3514,1
3522,2
3531,2
3537,3
3545,2
3552,2
3557,3
3560,5
3567,5
3576,3
3583,2
3585,3
3588,3
3592,2
3594,4
3598,2
3600,3
3605,2
3612,4
3616,4
3620,3
3623,2
3625,2
3627,3
3631,3
3635,3
3638,1
3641,2
3646,5
3654,2
3658,3
3671,2
3673,3
3676,3
3682,2
3684,2
3687,3
3694,2
3699,2
3701,3
3708,2
3710,4
3723,2
3725,3
3732,4
3736,2
3742,2
3752,3
3759,2
3763,10
3775,2
3777,3
3780,2
3786,2
3788,4
3795,2
3800,2
3805,2
3812,7
3819,2
3822,2
3828,1
3830,2
3832,2
3837,2
3843,2
3845,2
3849,3
3853,1
3855,2
3857,2
3861,2
3868,2
3881,2
3883,5
3888,7
3896,2
3905,4
3909,3
3912,2
3919,2
3923,4
3940,4
3946,3
3949,2
3958,2
3967,3
3973,3
3984,2
3986,2
3988,2
3990,2
3993,2
4019,3
4024,2
4026,3
4030,3
4034,2
4037,2
4043,2
4045,2
4047,4
4051,2
4057,4
4066,2
4071,3
4077,3
4081,2
4091,1
4097,3
4107,3
4110,1
4112,3
4118,2
4120,3
4123,2
4127,2
4131,2
4134,2
4136,3
4139,1
4141,2
4144,4
4148,2
4154,3
4161,2
4165,3
4172,2
4174,2
4176,2
4178,2
4198,4
4204,2
4211,5
4220,6
4232,1
4235,2
4241,2
4244,2
4250,2
4252,4
4259,2
4261,7
4268,1
4273,2
4275,3
4278,4
4283,3
4305,4
4309,3
4313,1
4319,2
4322,3
4325,2
4328,2
4331,3
4344,2
4348,3
4352,2
4359,4
4365,2
4369,6
4375,2
4377,3
4381,9
4400,3
4403,3
4407,1
4417,2
4447,2
4449,4
4456,3
4459,5
4464,2
4468,4
4472,2
4475,2
4478,3
4487,4
4491,3
4501,2
4503,1
4516,4
4527,10
4537,2
4540,2
4552,4
4556,2
4558,2
4566,1
4621,2
4623,2
4627,2
4656,1
4783,1
4791,1
4798,3
4804,2
4815,2
4817,4
4823,2
4825,2
4827,3
4835,2
4838,2
4843,2
4846,3
4853,3
4861,2
4863,3
4866,3
4894,2
4896,3
4899,2
4903,2
4905,2
4907,6
4913,2
4923,1
4925,1
5374,2
5379,2
5385,6
5402,3
5613,2
5615,3
5620,2
6437,2
6440,2
6448,4
6740,2
6743,7
6750,3
7014,2
7346,2
7349,3
7414,2
7424,3
7428,2
7687,2
7689,2
7692,1
7695,2
7794,1
7867,1
8129,2
8131,1
8136,1
8138,2
8244,1
8248,2
8383,2
8789,3
8794,2
9091,2
9094,2
9097,1
9099,3
9103,6
9110,2
9112,2
9114,2
9119,1
9121,6
9127,2
9129,2
9131,2
9135,19
9155,6
9262,1
9273,4
9277,2
9280,2
9282,4
9288,2
9291,4
9296,3
9299,2
9302,19
9345,5
9350,2
9354,4
9360,6
9367,2
9370,3
9373,2
9375,3
9378,1
9380,2
9382,3
9385,2
9387,2
9414,8
9423,2
9425,3
9428,1
9430,4
9435,3
9439,2
9449,2
9456,2
9461,1
9468,1
9479,2
9482,4
9486,2
9488,3
9491,2
9495,7
9503,2
9505,2
9507,2
9509,2
9511,1
9513,2
9516,3
9519,1
9526,2
9528,3
9531,3
9537,3
9540,1
9542,1
9544,5
9570,2
9580,3
9584,3
9587,4
9596,1
9598,4
9602,2
9606,3
9609,2
9611,2
9613,9
9622,1
9626,4
9633,2
9636,4
9641,5
9647,7
9657,3
9660,2
9663,2
9665,4
9669,2
9671,5
9676,2
9679,6
9686,3
9696,2
9698,2
9705,2
9708,7
9733,1
9735,2
9738,3
9744,8
9753,2
9756,2
9788,8
9799,5
9804,1
9807,4
9811,6
9818,2
9820,2
9822,2
9825,5
9830,3
9833,2
9835,2
9838,6
9845,4
9849,2
9853,2
9856,2
9859,2
9867,2
9869,3
9872,2
9874,2
9876,1
9879,4
10005,2
10222,2
11292,1
11297,2
11301,2
11313,1
11317,1
11325,1
11329,2
11347,1
11355,2
11362,1
11368,2
11376,2
11385,2
11388,2
11391,1
11397,1
11400,2
11402,1
11407,2
11409,1
11411,4
11415,1
11421,1
11429,1
11431,2
11435,3
11440,1
11442,3
11446,1
11450,2
11459,2
11461,2
11468,4
11473,5
11478,1
11481,4
11485,2
11491,1
11498,3
11510,2
11513,4
11518,1
11522,2
11525,3
11532,2
11537,1
11542,3
11545,1
11550,2
11553,1
11556,2
11558,1
11563,1
11569,1
11573,1
11585,2
11588,3
11594,1
11599,2
11603,2
11606,1
11608,3
11611,1
11615,2
11618,2
11620,2
11622,1
11627,2
11629,1
11632,2
11637,2
11644,5
11653,1
11668,2
11674,2
11676,2
11679,3
11684,2
11687,3
11691,3
11695,1
11702,2
11704,3
11711,2
11720,2
11723,1
11727,1
11732,2
11734,3
11737,1
11739,1
11742,1
11751,1
11757,2
11764,3
11768,2
11771,2
11780,2
11784,1
11786,2
11794,2
11802,4
11821,1
11823,2
11834,4
11840,2
11850,1
11859,3
11863,4
11869,2
11875,2
11880,1
11882,1
11885,2
11889,2
11891,5
11902,1
11906,1
11910,3
11916,4
11921,2
11930,3
11935,1
11937,2
11949,2
11955,3
11958,2
11960,1
11962,2
11964,1
11968,2
11970,2
11974,3
11982,1
11986,2
11990,3
11993,2
11996,2
11998,2
12002,1
12004,1
12006,2
12008,2
12011,2
12016,2
12022,2
12024,1
12027,2
12034,2
12036,1
12038,1
12042,3
12045,2
12047,4
12053,1
12055,3
12058,2
12060,4
12065,5
12074,3
12087,3
12090,1
12096,2
12100,2
12103,2
12105,1
12107,1
12109,2
12122,2
12124,1
12126,2
12131,1
12133,5
12142,2
12144,2
12148,4
12163,3
12166,4
12171,1
12174,2
12176,1
12180,2
12183,3
12187,3
12192,1
12194,2
12204,2
12209,1
12216,1
12223,2
12227,3
12236,3
12243,1
12245,2
12248,3
12252,1
12254,2
12259,2
12268,2
12275,1
12277,5
12287,3
12291,2
12295,2
12297,2
12302,4
12309,1
12313,3
12318,2
12329,3
12337,1
12349,1
12352,2
12355,1
12357,2
12359,3
12362,1
12367,2
12369,2
12371,1
12374,2
12376,2
12378,3
12382,1
12386,1
12389,3
12394,1
12399,2
12401,1
12403,2
12408,1
12410,1
12418,5
12427,1
12429,1
12432,4
12436,2
12439,2
12449,2
12451,3
12458,3
12466,2
12473,1
12477,2
12480,2
12482,3
12485,4
12489,2
12494,1
12497,2
12501,4
12513,3
12517,2
12519,3
12523,3
12530,3
12535,3
12543,2
12545,2
12547,1
12555,2
12557,3
12563,3
12566,2
12570,1
12576,1
12585,3
12588,3
12591,1
12599,1
12603,2
12605,1
12607,2
12615,1
12622,2
12627,2
12631,1
12633,2
12636,2
12639,3
12642,1
12644,1
12647,1
12649,2
12653,2
12655,1
12659,2
12664,2
12678,2
12680,3
12685,1
12687,2
12695,2
12697,2
12699,1
12701,2
12706,2
12708,2
12711,2
12716,2
12719,1
12723,1
12725,3
12730,2
12734,2
12736,2
12745,4
12749,2
12760,2
12763,3
12779,2
12789,4
12793,2
12804,1
12806,1
12809,2
12818,2
12828,2
12830,2
12836,1
12839,1
12846,1
12849,1
12853,3
12856,2
12860,2
12862,3
12866,2
12869,4
12879,2
12881,4
12885,2
12887,1
12889,2
12893,10
12903,3
12906,6
12912,2
12937,3
12996,2
13047,2
13076,8
13118,2
13120,5
13130,3
13167,2
13170,2
13172,2
13191,2
13195,1
13208,2
13210,1
13217,2
13224,1
13226,2
13229,2
13239,3
13242,2
13250,1
13265,2
13267,2
13282,1
13307,2
13316,1
13323,3
13332,1
13335,2
13338,3
13366,3
13369,3
13376,2
13386,3
13389,2
13391,4
13398,2
13400,3
13409,2
13413,3
13420,3
13423,5
13432,1
13437,2
13443,3
13449,2
13455,2
13461,3
13465,2
13478,3
13482,5
13493,3
13503,2
13510,2
13513,1
13527,2
13536,2
13538,1
13544,1
13556,3
13566,2
13582,2
13587,3
13590,3
13594,2
13600,1
13604,3
13610,2
13614,1
13616,2
13619,3
13622,1
13625,2
13627,3
13639,1
13642,4
13647,2
13667,5
13676,1
13684,1
13710,1
13712,2
13714,5
13719,3
13732,2
13737,1
13746,1
13752,2
13758,2
13761,2
13773,1
13778,2
13782,2
13790,4
13808,2
13812,2
13816,1
13822,1
13830,3
13840,1
13850,6
13863,4
13869,2
13872,1
13879,2
13888,3
13891,4
13895,1
13899,5
13923,2
13925,1
13934,3
13948,3
13957,2
13963,1
13968,2
13975,2
13996,2
13998,2
14003,1
14009,2
14011,2
14016,2
14024,3
14032,1
14036,2
14045,2
14049,2
14057,2
14064,2
14067,4
14072,3
14075,1
14085,1
14092,2
14103,2
14109,1
14111,4
14118,3
14123,1
14125,4
14131,3
14136,2
14140,1
14144,2
14150,2
14152,4
14157,2
14159,2
14168,2
14172,1
14179,1
14184,1
14188,2
14195,2
14197,4
14201,3
14210,3
14221,2
14223,3
14228,2
14230,2
14234,2
14238,2
14240,3
14245,2
14249,2
14251,3
14261,2
14263,3
14270,2
14283,2
14296,1
14300,2
14303,4
14317,1
14324,1
14328,2
14330,2
14332,3
14338,1
14342,3
14348,3
14356,1
14371,3
14379,2
14384,7
14392,2
14396,1
14398,2
14401,3
14404,2
14410,2
14417,2
14420,2
14425,2
14429,2
14432,3
14438,2
14440,2
14446,2
14472,2
14477,2
14482,1
14486,1
14489,2
14500,2
14504,1
14515,2
14523,2
14535,2
14542,3
14551,2
14566,2
14568,4
14573,2
14583,2
14587,2
14596,3
14599,1
14632,1
14636,2
14643,3
14649,3
14653,4
14659,2
14661,4
14671,1
14676,5
14682,3
14686,2
14691,3
14694,4
14711,2
14713,1
14715,2
14723,1
14728,4
14732,2
14738,3
14744,4
14749,2
14754,2
14764,2
14769,2
14778,1
14784,1
14786,2
14791,3
14801,2
14805,1
14819,1
14821,4
14839,3
14846,1
14849,2
14854,2
14860,2
14864,2
14868,2
14886,3
14892,5
14899,2
14901,3
14907,1
14928,2
14931,2
14944,2
14946,1
14957,2
14961,4
14966,2
14978,2
14981,3
14984,2
14986,3
14996,1
15005,2
15008,3
15011,1
15025,3
15030,5
15036,3
15044,4
15048,2
15051,3
15055,2
15067,6
15073,3
15085,2
15089,1
15098,2
15104,2
15116,2
15118,4
15122,2
15134,2
15141,1
15147,1
15152,2
15154,3
15167,3
15170,3
15192,1
15197,3
15202,2
15204,2
15207,2
15219,2
15224,2
15226,3
15232,3
15239,2
15243,2
15251,2
15253,5
15260,2
15273,1
15280,2
15282,3
15290,3
15293,2
15299,2
15305,2
15311,2
15318,1
15325,3
15333,2
15335,2
15344,2
15348,2
15351,2
15354,2
15360,2
15362,1
15365,2
15369,1
15377,4
15381,5
15389,2
15399,3
15405,2
15412,1
15415,2
15422,2
15432,3
15435,2
15439,2
15447,2
15450,2
15456,2
15463,1
15471,1
15475,7
15482,3
15487,3
15492,3
15501,5
15506,2
15508,1
15510,2
15512,2
15515,2
15519,2
15521,2
15529,2
15534,2
15536,2
15550,1
15552,5
15563,2
15566,3
15569,3
15576,3
15579,3
15585,3
15588,3
15597,3
15612,2
15625,2
15627,1
15639,2
15643,2
15645,2
15647,3
15650,2
15657,2
15665,1
15671,3
15685,1
15697,2
15701,3
15704,3
15714,3
15717,3
15722,2
15729,2
15740,3
15750,2
15752,1
15762,4
15766,2
15768,2
15770,1
15776,3
15780,2
15782,4
15788,2
15799,3
15811,4
15815,2
15820,2
15823,2
15825,2
15833,3
15838,1
15844,3
15855,2
15859,2
15861,4
15870,2
15874,4
15883,4
15897,3
15901,2
15911,2
15914,2
15921,1
15923,3
15930,2
15948,1
15953,2
15955,3
15961,1
15965,2
15971,1
15973,3
15977,3
15982,2
15994,3
15997,4
16001,2
16003,5
16016,2
16018,2
16020,3
16025,3
16029,3
16033,1
16042,1
16050,1
16052,2
16054,3
16059,2
16061,3
16073,2
16085,1
16087,2
16095,2
16097,2
16103,3
16106,3
16109,1
16113,1
16116,1
16119,2
16121,5
16130,4
16138,2
16144,2
16150,2
16156,2
16167,4
16179,2
16183,1
16197,2
16199,4
16206,2
16208,1
16221,1
16226,2
16232,1
16239,2
16248,3
16255,1
16261,1
16265,3
16268,1
16273,2
16278,4
16286,3
16289,2
16293,4
16301,1
16309,3
16313,3
16331,2
16336,3
16344,1
16346,2
16353,3
16356,2
16366,3
16374,2
16383,2
16385,1
16387,4
16395,1
16397,1
16405,3
16416,2
16419,1
16428,2
16431,2
16450,2
16455,2
16462,2
16464,3
16471,2
16483,2
16488,1
16490,1
16494,4
16504,2
16511,2
16513,2
16515,2
16519,2
16521,1
16528,1
16533,2
16550,2
16560,2
16563,2
16566,2
16575,2
16578,1
16585,2
16588,2
16592,3
16599,3
16604,2
16608,2
16620,2
16631,3
16636,4
16642,3
16646,1
16648,2
16650,3
16653,2
16655,1
16672,2
16674,2
16677,1
16681,2
16686,1
16692,2
16697,2
16701,2
16706,1
16708,2
16711,2
16714,2
16716,3
16719,1
16721,2
16730,3
16739,2
16745,1
16753,2
16758,2
16760,2
16770,4
16780,3
16785,2
16803,2
16805,1
16810,1
16812,3
16817,1
16819,2
16823,2
16826,1
16832,2
16839,1
16843,3
16859,2
16865,3
16869,2
16872,3
16876,2
16882,2
16890,2
16901,2
16904,2
16906,2
16916,1
16919,3
16922,3
16925,2
16934,1
16941,3
16944,2
16951,2
16960,2
16964,2
16968,4
16976,2
16978,2
16981,1
16986,2
16991,2
17000,2
17002,2
17004,2
17006,2
17012,2
17017,1
17020,2
17023,2
17025,2
17027,1
17036,4
17048,3
17054,1
17056,2
17058,2
17064,2
17071,4
17084,2
17087,4
17098,1
17101,1
17105,1
17107,4
17114,3
17117,4
17122,2
17125,1
17130,1
17136,2
17138,2
17151,2
17172,2
17183,2
17185,1
17187,3
17192,2
17204,5
17209,1
17211,3
17217,3
17226,2
17233,2
17235,2
17247,2
17259,1
17267,2
17270,2
17294,2
17298,1
17306,4
17311,2
17313,1
17317,2
17326,3
17333,1
17338,1
17342,2
17344,3
17347,2
17359,1
17362,2
17364,2
17367,3
17371,3
17385,1
17389,1
17393,3
17401,2
17406,4
17411,1
17417,2
17419,1
17426,2
17437,3
17441,4
17448,2
17450,1
17455,1
17457,3
17460,5
17465,2
17476,2
17482,2
17485,1
17487,1
17490,3
17495,3
17510,2
17513,3
17518,1
17528,2
17530,2
17532,3
17535,1
17539,1
17543,2
17545,3
17554,3
17559,1
17563,3
17574,2
17576,3
17580,2
17584,2
17594,2
17597,2
17603,4
17607,2
17613,1
17616,2
17633,8
17685,1
17689,1
17705,1
17710,1
17748,1
17766,4
17778,1
17818,1
17850,1
17859,2
17876,2
17880,1
17887,2
17902,1
17926,1
17934,2
17942,1
17982,2
18006,1
18020,1
18027,1
18054,2
18063,1
18070,1
18073,1
18077,2
18083,2
18087,1
18116,1
18137,2
18140,1
18149,3
18152,3
18164,2
18168,1
18171,2
18430,2
18440,1
18451,1
18453,2
18456,2
18460,2
18470,2
18476,2
18478,2
18480,2
18520,1
18535,1
18543,4
18557,2
18601,1
18671,2
18676,2
18678,2
18681,2
18688,2
18692,2
18694,2
18699,2
18707,3
18714,2
18717,2
18732,2
18737,2
18739,2
18759,2
18777,2
18826,3
18835,4
18842,3
18851,2
18858,2
18862,1
18876,2
18888,2
18899,3
18905,2
18972,2
18999,3
19011,1
19020,1
19023,2
19045,1
19051,4
19071,7
19096,1
19137,1
19200,1
19264,1
19395,2
19407,2
19417,3
19425,1
19435,1
19443,2
19447,2
19455,2
19464,1
19468,2
19474,2
19483,3
19486,7
19493,10
19503,3
19506,2
19508,2
19511,2
19514,14
19528,2
19532,2
19534,3
19539,2
19541,6
19547,3
19551,3
19555,3
19559,3
19562,8
19572,11
19584,5
19589,2
19592,3
19595,9
19604,2
19607,2
19609,10
19619,2
19621,8
19629,2
19631,3
19634,5
19639,8
19647,3
19650,4
19654,3
19657,2
19659,14
19673,2
19675,2
19680,3
19684,2
19686,4
19690,8
19701,4
19706,4
19710,2
19713,3
19716,4
19720,2
19722,6
19729,3
19735,2
19740,4
19746,4
19751,3
19754,4
19758,6
19764,2
19767,2
19770,3
19773,3
19776,4
19780,2
19782,2
19785,3
19788,3
19792,3
19795,4
19799,4
19804,7
19811,2
19815,2
19817,3
19820,2
19822,2
19825,6
19831,9
19840,2
19842,8
19851,4
19855,2
19860,5
19865,5
19870,3
19873,4
19878,3
19882,3
19885,2
19888,5
19893,2
19898,2
19900,5
19905,4
19910,4
19920,10
19930,3
19933,3
19938,9
19947,3
19950,3
19954,2
19956,2
19958,3
19962,2
19964,5
19969,4
19973,2
19975,4
19980,2
19982,8
19990,2
19994,2
19996,3
20000,1
20002,2
20005,4
20013,2
20016,4
20020,2
20022,2
20024,4
20030,3
20034,2
20037,2
20040,2
20044,4
20048,2
20050,2
20053,2
20055,3
20058,8
20067,4
20071,2
20075,2
20077,5
20083,5
20088,3
20093,2
20096,2
20098,6
20104,3
20108,3
20114,4
20119,5
20125,2
20128,2
20131,3
20135,2
20137,2
20139,5
20144,2
20146,8
20156,10
20166,3
20169,4
20173,4
20177,2
20179,2
20183,2
20185,10
20195,4
20200,2
20203,3
20206,4
20210,3
20214,3
20219,4
20223,3
20226,5
20231,4
20239,4
20243,3
20246,2
20248,2
20250,4
20254,4
20258,2
20260,6
20268,3
20271,3
20274,3
20277,4
20282,3
20286,2
20288,3
20291,2
20293,3
20296,2
20299,6
20305,3
20309,3
20314,3
20317,2
20319,6
20326,2
20328,2
20330,2
20335,3
20340,4
20346,4
20350,4
20355,2
20358,5
20363,3
20367,3
20373,3
20376,3
20379,6
20387,2
20390,5
20395,2
20397,2
20399,2
20401,3
20405,2
20407,2
20409,2
20411,2
20415,2
20417,3
20423,2
20426,4
20430,2
20432,2
20437,2
20439,3
20442,4
20446,3
20450,2
20452,2
20455,2
20459,4
20463,2
20465,3
20468,3
20471,2
20473,4
20477,7
20484,3
20490,3
20493,2
20495,2
20497,6
20503,3
20506,2
20508,6
20515,2
20518,2
20520,2
20523,7
20530,3
20533,3
20537,3
20540,2
20542,10
20552,2
20554,1
20558,3
20561,2
20564,2
20569,2
20571,3
20575,2
20577,4
20582,4
20588,5
20594,2
20596,2
20598,2
20600,5
20605,2
20608,2
20612,9
20621,9
20630,2
20632,4
20636,6
20643,2
20646,2
20648,2
20650,4
20654,3
20658,2
20661,4
20665,3
20668,4
20673,2
20675,5
20680,2
20684,4
20689,5
20694,2
20696,7
20705,2
20707,2
20710,4
20716,2
20718,2
20722,2
20726,2
20730,3
20733,2
20735,3
20738,2
20740,2
20744,2
20746,3
20757,4
20761,2
20763,7
20771,4
20775,2
20777,3
20782,3
20789,4
20793,2
20795,9
20805,2
20807,4
20812,2
20816,2
20818,2
20820,2
20822,2
20824,5
20829,2
20831,2
20833,4
20837,2
20840,2
20842,6
20848,3
20851,2
20853,2
20855,2
20857,2
20860,4
20864,2
20866,3
20869,2
20872,2
20875,7
20882,2
20884,2
20886,3
20889,3
20892,2
20894,3
20897,3
20900,3
20903,2
20907,2
20909,8
20919,5
20925,3
20929,4
20933,2
20937,2
20940,3
20943,3
20946,3
20949,4
20954,2
20956,2
20962,3
20968,2
20972,4
20976,2
20978,6
20987,3
20994,3
20997,1
21000,3
21004,5
21009,3
21012,3
21015,5
21020,3
21023,2
21025,3
21035,3
21038,7
21045,9
21054,4
21059,2
21061,7
21068,3
21073,2
21075,4
21080,6
21086,4
21090,4
21094,4
21100,3
21104,3
21107,2
21109,3
21112,2
21118,2
21122,3
21130,6
21136,2
21138,2
21141,2
21145,3
21149,2
21153,2
21157,2
21159,8
21169,2
21171,3
21176,2
21178,3
21185,3
21188,3
21193,2
21195,3
21199,3
21203,12
21215,2
21218,2
21224,3
21227,2
21233,3
21237,2
21239,5
21244,3
21248,3
21252,4
21256,4
21260,3
21263,2
21266,4
21272,17
21290,3
21295,3
21299,5
21304,3
21308,2
21311,3
21320,2
21322,2
21324,2
21326,4
21335,2
21337,2
21340,3
21346,2
21348,2
21351,2
21355,2
21357,4
21369,7
21376,3
21379,2
21383,3
21387,2
21391,2
21393,3
21396,3
21400,4
21404,4
21410,2
21412,2
21415,4
21421,7
21428,3
21431,4
21436,1
21438,2
21444,3
21447,3
21451,3
21454,3
21457,2
21460,3
21463,2
21465,3
21468,2
21470,2
21474,3
21477,3
21480,3
21486,3
21491,2
21493,3
21500,21
21521,3
21525,2
21528,2
21530,2
21532,4
21540,2
21542,3
21545,2
21551,3
21554,2
21557,2
21559,3
21563,2
21565,4
21569,2
21574,3
21577,3
21582,2
21585,3
21590,5
21596,3
21599,5
21604,2
21607,7
21614,2
21616,3
21622,2
21625,3
21630,4
21635,2
21637,3
21641,4
21645,3
21650,2
21655,5
21660,3
21663,8
21671,2
21673,3
21676,2
21678,3
21684,2
21686,2
21688,4
21693,2
21695,7
21702,2
21704,4
21709,2
21711,2
21713,2
21716,2
21718,3
21722,2
21725,3
21728,5
21733,12
21745,2
21748,2
21750,4
21754,4
21758,6
21764,2
21766,5
21773,4
21777,3
21780,2
21782,2
21786,2
21788,3
21791,4
21795,2
21797,5
21802,2
21804,2
21806,2
21808,2
21810,4
21814,2
21816,2
21818,5
21823,7
21832,7
21839,3
21842,4
21848,2
21850,3
21859,2
21862,5
21867,2
21872,2
21874,6
21882,2
21886,2
21888,3
21894,2
21898,5
21904,3
21907,2
21909,6
21915,3
21918,3
21922,2
21927,2
21929,3
21932,2
21934,2
21936,6
21944,5
21950,2
21952,3
21955,2
21957,6
21963,9
21972,2
21977,6
21984,2
21988,5
21993,4
21997,4
22001,2
22004,2
22006,4
22010,2
22013,5
22018,2
22021,2
22024,4
22028,2
22030,7
22037,3
22040,4
22044,5
22049,4
22053,3
22056,4
22060,2
22062,3
22067,7
22075,3
22078,5
22083,2
22085,2
22090,2
22094,2
22096,2
22098,3
22101,2
22103,15
22118,2
22120,5
22125,5
22130,3
22134,2
22137,1
22144,2
22147,5
22152,2
22155,6
22161,2
22164,7
22171,3
22174,2
22176,3
22179,2
22182,4
22187,2
22192,2
22194,2
22197,2
22199,2
22201,5
22207,2
22209,1
22211,3
22214,12
22226,2
22228,13
22244,1
22247,2
22250,3
22253,3
22256,5
22263,2
22269,4
22278,5
22284,2
22286,2
22288,4
22295,2
22298,3
22302,3
22308,4
22312,2
22316,3
22320,2
22322,2
22325,4
22330,4
22336,4
22340,3
22344,3
22347,3
22353,3
22356,5
22361,3
22364,3
22369,6
22375,3
22378,3
22382,2
22384,3
22387,2
22391,5
22396,3
22401,1
22405,3
22408,4
22413,6
22419,2
22423,4
22427,3
22430,3
22437,5
22442,6
22448,2
22452,1
22454,2
22458,4
22462,4
22466,2
22468,3
22471,3
22474,4
22479,3
22482,2
22485,3
22489,3
22492,2
22495,6
22501,1
22503,5
22508,6
22514,2
22516,2
22518,2
22520,4
22524,3
22528,3
22531,3
22535,2
22538,4
22542,6
22552,4
22556,4
22571,7
22578,3
22581,3
22584,2
22586,6
22592,3
22595,2
22597,2
22601,6
22610,4
22615,2
22617,3
22620,4
22628,4
22633,3
22636,2
22640,3
22643,7
22651,1
22653,3
22656,2
22663,3
22666,3
22669,2
22674,3
22677,3
22680,3
22683,5
22689,2
22692,6
22699,2
22702,3
22706,2
22708,2
22710,9
22721,2
22724,2
22726,2
22730,3
22734,2
22739,2
22741,3
22745,4
22751,3
22754,2
22756,4
22761,2
22763,3
22770,5
22775,2
22777,2
22780,2
22783,2
22787,2
22789,2
22793,3
22801,4
22806,2
22808,3
22812,5
22817,3
22820,3
22824,2
22826,5
22831,2
22834,2
22839,2
22841,4
22847,3
22854,5
22860,2
22862,2
22864,3
22867,2
22869,1
22871,2
22874,2
22877,2
22879,5
22884,2
22886,2
22888,6
22894,3
22898,7
22908,2
22910,3
22913,2
22916,2
22919,3
22923,3
22926,5
22931,3
22934,2
22936,3
22939,5
22944,7
22953,2
22955,5
22962,3
22966,4
22970,3
22973,6
22979,2
22983,4
22987,2
22989,4
22995,2
22997,2
22999,3
23002,2
23005,3
23011,2
23013,3
23018,2
23020,6
23026,3
23029,2
23032,2
23035,7
23044,2
23046,7
23053,11
23064,4
23069,2
23075,2
23077,4
23081,6
23087,4
23092,2
23094,4
23098,3
23104,2
23106,2
23108,2
23110,2
23112,3
23115,5
23121,2
23125,3
23130,7
23138,3
23141,2
23143,4
23147,2
23152,3
23161,2
23164,2
23168,2
23172,5
23177,5
23182,2
23184,2
23187,4
23194,3
23197,4
23201,5
23207,3
23210,3
23213,2
23216,3
23219,3
23226,4
23230,3
23233,2
23235,2
23242,2
23244,2
23246,2
23248,4
23255,6
23261,7
23268,5
23273,2
23276,4
23280,2
23282,2
23284,10
23294,3
23298,2
23300,2
23303,3
23306,4
23310,3
23313,1
23317,7
23325,5
23330,4
23339,2
23341,6
23348,2
23351,2
23353,2
23355,4
23359,7
23366,3
23372,2
23374,3
23378,2
23381,2
23383,2
23385,3
23388,3
23391,2
23393,2
23395,2
23399,3
23402,3
23405,11
23417,2
23422,2
23426,2
23428,2
23430,4
23434,2
23438,3
23443,4
23450,2
23452,2
23454,4
23458,2
23461,7
23469,4
23474,3
23477,2
23480,2
23482,5
23487,2
23491,5
23496,8
23505,4
23510,7
23519,3
23522,2
23527,2
23529,2
23531,2
23533,2
23535,5
23540,5
23545,5
23556,2
23561,2
23563,3
23567,2
23569,3
23573,3
23576,2
23578,7
23586,3
23590,4
23595,2
23598,3
23601,2
23603,2
23606,2
23608,2
23613,3
23618,5
23624,2
23626,2
23629,3
23632,2
23634,2
23639,2
23644,3
23648,2
23650,3
23653,2
23658,2
23662,2
23665,3
23670,3
23673,2
23676,3
23679,4
23687,5
23695,2
23699,2
23702,2
23704,2
23706,3
23709,4
23715,2
23717,2
23719,2
23723,4
23727,2
23731,2
23736,2
23739,3
23743,2
23745,2
23748,3
23751,2
23754,2
23757,1
23759,3
23763,2
23765,2
23767,4
23772,2
23774,2
23778,3
23781,3
23787,3
23793,2
23795,4
23799,2
23802,3
23805,1
23807,2
23809,4
23813,5
23818,2
23820,4
23824,3
23827,5
23832,4
23836,2
23844,3
23847,2
23849,3
23852,2
23854,4
23858,4
23863,4
23869,5
23875,2
23878,3
23882,6
23888,4
23892,3
23895,4
23900,3
23903,2
23909,4
23913,2
23917,3
23922,9
23931,4
23935,4
23940,9
23949,4
23955,2
23959,3
23963,3
23966,2
23969,3
23973,3
23976,2
23978,3
23981,4
23987,4
23991,2
23993,5
24002,6
24012,4
24016,2
24019,5
24025,3
24028,3
24031,2
24033,3
24036,3
24039,2
24041,1
24043,2
24051,3
24056,4
24060,6
24066,4
24072,8
24080,2
24083,3
24087,3
24090,3
24096,2
24098,4
24102,5
24107,2
24109,2
24111,2
24113,2
24115,6
24124,2
24126,2
24128,2
24133,3
24137,15
24152,2
24155,3
24158,3
24165,3
24168,2
24173,2
24176,3
24179,3
24183,2
24187,4
24191,9
24201,5
24207,3
24211,2
24213,2
24216,6
24222,2
24224,2
24230,2
24233,2
24236,6
24243,4
24249,3
24255,4
24259,3
24262,2
24265,2
24267,3
24271,2
24276,2
24279,4
24285,3
24288,2
24296,2
24298,2
24300,2
24302,1
24305,2
24310,2
24314,2
24319,4
24323,2
24326,3
24329,3
24332,2
24334,2
24337,4
24341,2
24343,2
24345,2
24348,10
24358,2
24361,2
24365,3
24371,3
24376,2
24378,2
24381,4
24385,2
24392,5
24397,2
24400,2
24402,4
24407,3
24410,2
24412,2
24414,4
24418,2
24422,2
24424,3
24427,3
24431,2
24433,2
24435,2
24437,3
24441,4
24445,2
24448,3
24451,3
24454,3
24459,2
24461,3
24464,2
24466,2
24469,4
24473,4
24478,2
24480,3
24485,7
24492,3
24497,2
24499,5
24504,4
24508,3
24512,2
24515,2
24518,2
24521,6
24527,2
24529,5
24534,2
24536,2
24541,2
24544,4
24549,2
24552,2
24555,3
24562,2
24564,5
24570,4
24575,5
24580,4
24585,2
24592,3
24595,5
24602,2
24605,6
24611,2
24613,3
24616,2
24619,2
24621,3
24625,2
24629,2
24631,2
24633,2
24635,4
24639,3
24643,2
24648,6
24654,6
24660,3
24663,8
24673,3
24676,3
24681,4
24685,2
24687,2
24689,5
24695,3
24698,3
24701,2
24703,2
24705,2
24707,5
24716,4
24720,3
24725,2
24727,5
24732,3
24735,3
24738,2
24743,4
24747,2
24749,2
24752,3
24756,2
24759,4
24763,7
24770,3
24773,2
24776,3
24783,8
24791,4
24795,3
24798,2
24802,2
24806,2
24808,8
24816,2
24818,2
24820,4
24824,2
24827,2
24830,4
24836,2
24838,2
24840,3
24843,2
24845,2
24847,7
24854,2
24860,4
24864,4
24868,4
24872,6
24878,3
24881,2
24884,2
24886,5
24891,3
24894,2
24898,2
24900,4
24907,2
24909,2
24912,5
24918,3
24924,3
24928,5
24938,5
24944,6
24950,2
24952,3
24955,4
24961,5
24968,3
24972,4
24979,2
24981,2
24988,7
24995,4
24999,2
25001,5
25006,2
25009,2
25011,3
25016,2
25021,5
25029,2
25034,3
25039,6
25045,5
25050,2
25053,3
25061,3
25065,4
25070,4
25075,5
25082,2
25086,2
25088,4
25095,3
25099,3
25109,5
25114,2
25116,2
25119,4
25125,7
25132,23
25158,23
25181,22
25203,4
25207,2
25209,17
25227,7
25234,13
25247,5
25252,5
25257,5
25262,2
25264,3
25268,7
25275,11
25286,17
25303,14
25318,3
25321,4
25326,3
25329,3
25332,3
25335,12
25347,5
25352,4
25358,5
25364,9
25373,7
25380,8
25388,5
25393,4
25397,4
25402,7
25409,3
25412,9
25421,2
25423,2
25425,5
25431,3
25436,11
25448,4
25452,3
25456,2
25460,5
25465,7
25472,2
25474,3
25478,7
25485,3
25488,4
25493,3
25497,4
25501,2
25503,4
25507,3
25510,2
25512,7
25519,14
25533,5
25538,7
25545,2
25547,10
25557,5
25565,7
25572,6
25580,2
25583,3
25586,6
25592,5
25597,3
25600,2
25602,3
25605,4
25609,3
25612,4
25616,7
25624,4
25628,15
25643,9
25652,3
25655,3
25658,13
25672,6
25680,2
25682,2
25684,2
25686,7
25693,2
25696,2
25699,3
25702,10
25713,6
25719,6
25725,2
25727,4
25732,3
25735,5
25740,3
25743,4
25749,7
25757,5
25762,3
25768,7
25776,3
25779,2
25781,3
25784,5
25789,3
25792,6
25798,2
25801,2
25803,6
25809,2
25811,5
25816,2
25818,5
25823,7
25832,11
25845,5
25850,9
25859,9
25868,8
25876,4
25880,7
25887,7
25894,3
25898,4
25902,14
25917,4
25923,2
25925,3
25928,2
25931,7
25938,2
25940,8
25948,3
25953,5
25958,6
25965,12
25977,6
25983,2
25985,10
25995,2
25999,3
26003,4
26007,13
26020,3
26024,3
26028,3
26032,3
26035,6
26041,10
26051,7
26058,8
26066,3
26072,2
26074,3
26078,2
26080,7
26087,2
26090,3
26095,11
26108,4
26112,2
26115,24
26139,8
26147,3
26150,4
26154,6
26160,2
26162,3
26166,3
26169,11
26181,4
26185,5
26190,2
26192,5
26197,3
26200,4
26204,2
26206,3
26209,11
26220,2
26222,7
26229,2
26231,8
26239,3
26242,3
26245,3
26248,4
26252,3
26255,2
26257,5
26262,6
26271,3
26277,3
26283,11
26294,6
26300,10
26310,2
26312,3
26316,5
26321,6
26327,3
26331,3
26334,7
26341,2
26344,6
26350,2
26352,3
26357,3
26361,17
26379,2
26384,11
26395,2
26397,2
26401,2
26403,2
26405,2
26408,6
26415,6
26421,5
26426,5
26432,4
26437,5
26442,12
26454,2
26456,3
26459,2
26462,6
26468,2
26470,8
26478,13
26491,7
26498,3
26501,5
26509,2
26511,3
26514,11
26525,4
26529,3
26532,2
26536,12
26548,11
26559,1
26561,3
26564,3
26567,7
26574,3
26578,4
26583,3
26586,4
26591,5
26596,3
26599,3
26602,3
26605,3
26608,7
26615,4
26620,2
26623,3
26626,5
26631,7
26639,3
26644,2
26646,4
26650,1
26652,8
26660,3
26663,2
26665,6
26671,10
26682,2
26684,2
26686,2
26689,5
26694,1
26696,8
26704,14
26718,6
26724,8
26732,5
26737,8
26745,7
26752,2
26754,3
26757,8
26765,5
26770,4
26774,2
26777,2
26779,2
26781,3
26784,9
26793,2
26795,3
26798,5
26803,8
26811,4
26815,6
26821,3
26824,2
26826,11
26838,4
26842,4
26846,5
26851,3
26854,3
26859,3
26862,5
26867,6
26873,9
26882,2
26884,5
26890,6
26896,2
26899,4
26905,6
26911,3
26915,13
26932,5
26937,10
26947,6
26953,2
26955,2
26957,3
26960,2
26963,4
26968,4
26972,7
26979,5
26984,9
26993,4
26997,4
27001,3
27005,2
27008,3
27011,9
27021,3
27024,12
27036,2
27038,4
27042,4
27047,4
27051,13
27064,2
27066,3
27069,5
27074,2
27076,2
27079,5
27085,4
27089,4
27093,2
27095,8
27103,2
27105,4
27111,4
27115,2
27117,17
27134,2
27139,3
27142,3
27145,3
27148,6
27154,4
27160,5
27166,2
27168,2
27170,3
27174,4
27178,2
27180,4
27184,4
27189,7
27196,4
27200,2
27204,2
27208,4
27213,5
27218,2
27221,4
27225,2
27228,2
27231,3
27235,7
27243,2
27245,5
27250,2
27253,7
27260,2
27263,4
27269,5
27274,8
27283,4
27287,3
27290,3
27295,8
27303,4
27308,3
27311,2
27313,3
27316,4
27321,3
27324,3
27327,8
27337,5
27342,3
27348,5
27353,3
27356,3
27359,4
27363,2
27366,2
27368,3
27371,8
27379,3
27383,4
27387,4
27391,4
27395,4
27399,3
27402,5
27408,5
27413,2
27416,3
27419,6
27430,5
27437,2
27439,2
27441,2
27443,2
27445,7
27453,3
27456,4
27460,4
27466,3
27469,2
27471,5
27476,3
27480,5
27488,4
27493,13
27506,2
27509,9
27518,5
27523,8
27531,8
27539,3
27544,3
27549,3
27552,4
27556,2
27558,6
27564,2
27567,4
27571,4
27575,1
27577,2
27579,2
27582,5
27587,5
27592,3
27596,2
27598,4
27602,3
27605,6
27613,3
27616,2
27618,2
27620,14
27634,2
27636,2
27639,6
27645,3
27649,2
27651,6
27657,2
27659,9
27669,3
27674,2
27676,3
27679,5
27684,4
27688,4
27692,3
27695,5
27700,3
27703,2
27705,10
27715,2
27717,7
27724,3
27727,5
27732,4
27738,2
27740,5
27746,5
27751,7
27758,6
27765,2
27767,2
27770,4
27775,9
27785,6
27791,8
27799,3
27803,4
27808,2
27810,2
27815,8
27823,2
27826,5
27831,3
27834,3
27837,2
27839,2
27841,4
27847,2
27849,2
27851,4
27855,3
27858,5
27864,2
27866,5
27873,3
27876,4
27880,2
27882,4
27886,2
27889,3
27892,3
27895,2
27897,6
27903,2
27906,2
27908,4
27912,2
27914,2
27917,2
27919,3
27922,4
27926,2
27928,2
27930,2
27934,5
27939,4
27943,13
27956,6
27962,5
27967,4
27971,2
27975,2
27977,6
27985,3
27988,5
27993,4
27998,2
28000,4
28004,1
28006,7
28014,2
28016,7
28024,14
28038,2
28040,4
28044,3
28047,7
28054,4
28058,3
28061,6
28067,4
28071,2
28073,3
28078,2
28080,2
28082,2
28084,6
28090,4
28094,2
28098,3
28102,6
28108,3
28112,5
28117,4
28121,2
28123,4
28130,2
28132,2
28135,5
28141,5
28146,6
28152,2
28154,6
28160,5
28165,4
28169,7
28176,2
28178,2
28180,10
28190,2
28192,4
28196,4
28201,6
28208,5
28213,6
28219,3
28222,4
28227,2
28231,2
28234,4
28239,3
28242,2
28245,3
28248,3
28251,3
28255,3
28259,2
28261,5
28266,8
28274,9
28284,5
28289,8
28297,5
28302,12
28314,3
28317,3
28320,3
28323,4
28328,2
28330,2
28332,2
28334,7
28342,2
28346,4
28352,2
28355,2
28357,2
28359,2
28361,2
28363,4
28368,3
28371,4
28377,4
28381,3
28388,4
28392,2
28394,5
28400,2
28406,5
28412,2
28414,2
28416,2
28419,3
28422,2
28424,2
28426,4
28430,2
28432,5
28437,2
28440,3
28443,2
28445,2
28449,4
28454,2
28458,2
28461,2
28463,4
28467,6
28473,7
28480,2
28482,2
28486,6
28493,4
28497,8
28505,2
28508,16
28524,4
28528,2
28534,2
28536,10
28546,2
28548,3
28551,3
28554,2
28556,2
28558,13
28571,2
28574,3
28577,3
28580,2
28582,2
28584,2
28586,4
28590,4
28594,9
28603,8
28611,9
28620,5
28625,3
28628,2
28630,2
28634,4
28638,5
28645,2
28647,3
28650,2
28654,2
28656,11
28667,5
28672,2
28674,3
28680,2
28683,8
28691,2
28693,5
28698,5
28703,4
28707,2
28709,4
28714,4
28721,4
28725,2
28727,3
28730,4
28736,2
28738,4
28742,4
28746,2
28748,9
28757,2
28760,2
28762,3
28765,3
28768,2
28771,2
28773,3
28777,10
28788,3
28791,3
28795,1
28798,2
28801,10
28812,1
28814,3
28817,2
28819,11
28830,2
28832,5
28839,4
28844,2
28846,5
28851,2
28854,4
28861,4
28865,3
28868,5
28873,10
28883,3
28886,4
28890,3
28894,2
28896,2
28898,5
28905,17
28922,2
28925,2
28927,3
28932,3
28935,7
28943,4
28947,6
28953,2
28955,6
28961,4
28965,6
28971,4
28975,2
28977,5
28982,7
28992,9
29002,3
29006,7
29013,9
29022,5
29028,4
29032,4
29036,2
29038,2
29040,2
29043,2
29046,2
29048,4
29054,3
29057,4
29062,5
29067,5
29073,7
29080,4
29084,4
29089,4
29093,3
29097,4
29101,5
29107,4
29113,3
29116,2
29118,4
29123,3
29128,2
29132,3
29135,4
29139,2
29141,2
29143,3
29146,4
29150,2
29154,2
29158,2
29161,3
29164,3
29167,6
29174,3
29177,3
29181,3
29184,4
29188,4
29192,2
29194,2
29196,2
29198,2
29202,2
29204,2
29208,3
29211,2
29214,4
29218,2
29220,3
29223,4
29227,2
29229,6
29235,5
29242,2
29244,4
29248,3
29253,4
29257,4
29261,4
29265,4
29270,5
29275,1
29277,9
29286,3
29289,2
29291,2
29298,4
29302,3
29306,2
29309,11
29320,6
29326,3
29331,3
29334,5
29339,2
29341,5
29346,2
29348,2
29351,3
29354,2
29356,5
29361,3
29364,2
29366,2
29368,3
29373,6
29379,6
29386,5
29391,5
29396,3
29402,5
29410,4
29415,3
29419,3
29423,10
29434,2
29436,5
29443,4
29447,6
29454,4
29458,3
29461,3
29464,3
29467,2
29469,3
29472,6
29478,2
29480,4
29484,6
29490,2
29492,2
29494,8
29502,3
29505,2
29507,5
29512,2
29514,5
29520,3
29523,4
29527,2
29529,3
29534,6
29540,3
29543,6
29549,2
29551,5
29556,2
29560,7
29567,4
29571,9
29580,2
29582,2
29584,3
29588,5
29593,9
29606,3
29610,4
29614,8
29623,2
29625,2
29627,2
29629,7
29637,4
29641,5
29647,2
29649,3
29652,3
29655,2
29657,3
29660,5
29665,4
29670,2
29676,6
29683,3
29688,4
29692,4
29697,4
29701,3
29704,6
29710,7
29717,4
29722,2
29724,3
29727,2
29729,2
29731,3
29734,7
29741,6
29747,1
29750,2
29752,4
29756,3
29760,4
29765,3
29768,3
29771,4
29775,5
29780,6
29786,4
29791,5
29796,7
29803,4
29808,2
29810,8
29820,3
29823,3
29826,3
29829,2
29833,5
29838,1
29845,3
29848,3
29852,9
29861,4
29865,3
29868,4
29873,3
29877,6
29884,5
29890,2
29893,9
29902,5
29908,3
29911,3
29916,2
29918,5
29923,2
29925,3
29930,4
29934,5
29939,2
29941,3
29944,2
29946,4
29950,5
29955,3
29960,2
29962,4
29967,2
29969,4
29975,4
29979,3
29982,8
29991,8
29999,9
30008,3
30011,2
30013,2
30017,2
30019,2
30021,3
30026,6
30035,2
30038,5
30043,2
30045,3
30048,4
30052,3
30055,4
30060,3
30063,5
30068,3
30071,7
30079,5
30084,3
30087,2
30089,2
30095,3
30098,2
30101,5
30107,5
30113,6
30119,1
30122,4
30126,3
30129,3
30132,2
30135,6
30141,2
30143,2
30145,2
30149,4
30153,3
30157,2
30159,6
30165,11
30177,3
30180,1
30182,5
30187,9
30196,3
30199,2
30201,2
30203,5
30208,14
30223,2
30225,5
30231,2
30233,3
30236,2
30238,7
30245,4
30249,4
30253,4
30257,2
30259,5
30264,4
30268,2
30270,6
30276,6
30283,5
30289,2
30291,3
30298,8
30307,2
30310,4
30314,2
30317,3
30320,7
30327,2
30330,10
30340,3
30343,4
30352,2
30354,2
30357,4
30361,5
30366,4
30371,2
30373,2
30375,2
30377,4
30381,3
30384,4
30388,3
30391,3
30394,2
30396,7
30403,3
30406,2
30408,10
30418,5
30423,3
30427,3
30431,3
30434,6
30441,3
30444,2
30446,2
30448,5
30453,2
30456,2
30459,2
30461,3
30464,6
30471,3
30475,2
30477,3
30481,2
30483,8
30493,4
30499,5
30505,3
30509,4
30513,2
30516,5
30522,2
30525,2
30529,3
30533,4
30537,3
30540,3
30543,2
30547,2
30551,5
30556,4
30560,3
30563,2
30565,2
30568,7
30577,3
30580,3
30583,9
30592,2
30594,2
30596,2
30598,2
30600,2
30602,11
30615,4
30621,5
30629,5
30634,9
30643,4
30647,3
30650,2
30652,5
30657,2
30659,2
30661,3
30664,3
30667,2
30669,6
30676,3
30680,4
30685,6
30691,5
30696,9
30705,4
30709,5
30714,2
30717,2
30719,3
30723,13
30736,3
30739,3
30742,6
30749,5
30755,8
30764,5
30770,2
30772,2
30774,2
30776,7
30783,2
30785,4
30789,2
30792,2
30794,15
30809,3
30812,3
30815,3
30818,2
30820,6
30826,3
30832,3
30835,5
30842,3
30845,6
30851,2
30853,2
30855,3
30858,11
30872,7
30879,6
30885,2
30887,9
30896,5
30903,2
30906,2
30909,4
30913,4
30917,3
30920,2
30922,2
30924,4
30928,1
30931,3
30934,2
30936,4
30941,3
30944,5
30950,3
30953,3
30956,3
30960,4
30964,8
30972,2
30974,4
30978,2
30981,4
30985,3
30988,3
30993,3
30996,3
30999,4
31003,4
31007,2
31009,2
31012,3
31015,3
31018,2
31023,2
31025,3
31029,3
31032,4
31036,3
31039,8
31047,6
31054,2
31056,3
31061,3
31065,2
31067,4
31072,4
31076,2
31078,4
31082,5
31087,4
31092,7
31099,6
31105,3
31108,3
31112,2
31115,2
31117,2
31119,7
31126,6
31132,2
31134,5
31139,3
31142,3
31145,3
31148,8
31156,2
31158,2
31163,2
31167,2
31169,2
31171,4
31175,6
31182,2
31184,6
31190,5
31197,2
31199,2
31201,2
31203,3
31206,3
31212,4
31216,11
31227,6
31235,5
31240,6
31246,2
31249,5
31256,8
31264,6
31270,3
31274,2
31276,3
31279,2
31282,2
31285,1
31287,4
31291,4
31295,3
31298,2
31300,7
31307,2
31309,4
31313,4
31317,3
31320,4
31324,9
31336,2
31339,3
31342,2
31344,3
31347,2
31350,3
31353,7
31360,2
31365,2
31367,2
31369,5
31374,2
31376,3
31380,3
31383,4
31388,2
31390,2
31394,3
31397,4
31401,8
31409,2
31411,4
31415,3
31419,3
31423,4
31428,3
31432,5
31438,3
31443,2
31446,3
31453,3
31457,3
31460,2
31463,8
31471,2
31475,3
31478,3
31481,7
31488,2
31490,2
31492,6
31498,2
31501,2
31503,3
31506,6
31512,9
31522,2
31524,2
31527,4
31532,4
31536,3
31541,2
31543,5
31548,4
31552,2
31554,2
31556,5
31561,3
31565,3
31568,4
31573,5
31578,5
31583,4
31587,2
31589,2
31592,2
31594,5
31599,4
31603,5
31609,2
31612,3
31615,5
31620,2
31622,2
31625,2
31627,2
31629,5
31634,4
31639,2
31642,4
31646,2
31648,3
31651,3
31654,4
31658,3
31661,3
31664,2
31666,3
31670,2
31672,4
31676,7
31683,3
31686,3
31689,2
31694,3
31697,3
31700,3
31703,3
31706,3
31709,6
31717,4
31721,4
31725,3
31728,9
31738,2
31741,2
31743,2
31746,2
31749,4
31755,2
31757,4
31761,2
31763,3
31766,5
31771,4
31776,2
31778,4
31782,1
31788,5
31793,2
31795,12
31808,4
31812,5
31817,4
31821,4
31825,5
31830,2
31833,4
31838,7
31845,6
31852,3
31855,4
31859,2
31861,2
31863,3
31866,2
31868,8
31876,3
31880,2
31882,4
31886,2
31888,3
31893,1
31897,5
31902,3
31907,3
31910,3
31914,6
31920,3
31924,5
31929,5
31935,5
31940,6
31947,4
31951,4
31955,3
31958,2
31962,4
31966,4
31970,5
31976,14
31990,2
31993,2
31995,4
32000,3
32003,2
32006,2
32008,2
32010,2
32012,2
32014,12
32027,4
32031,3
32034,4
32038,2
32044,2
32047,2
32049,6
32055,4
32060,3
32063,5
32069,2
32071,10
32081,3
32084,8
32092,2
32096,2
32098,4
32104,4
32108,3
32111,3
32115,6
32121,5
32126,2
32128,5
32134,3
32137,2
32140,2
32142,7
32149,3
32152,3
32157,2
32159,3
32163,3
32166,5
32171,6
32177,2
32179,3
32182,6
32188,2
32190,5
32195,6
32201,3
32204,2
32207,3
32211,2
32216,5
32222,8
32230,6
32236,4
32240,4
32249,6
32255,4
32259,9
32268,4
32272,2
32274,2
32278,6
32288,2
32290,2
32293,2
32296,3
32300,10
32310,2
32313,3
32316,2
32318,4
32322,5
32329,13
32342,2
32344,5
32350,2
32352,2
32356,3
32359,2
32361,3
32364,3
32367,3
32371,2
32374,2
32376,3
32380,2
32382,3
32385,2
32387,2
32389,2
32392,3
32398,2
32401,2
32403,2
32405,6
32411,2
32413,2
32415,4
32419,12
32431,3
32435,8
32443,5
32448,7
32455,10
32465,7
32472,5
32477,4
32481,5
32486,2
32488,5
32493,5
32499,4
32503,2
32505,2
32507,2
32509,11
32520,3
32524,2
32529,2
32532,4
32537,2
32539,3
32544,3
32547,3
32550,5
32555,2
32557,3
32560,2
32562,4
32566,4
32570,4
32575,2
32577,2
32579,3
32582,3
32586,4
32590,5
32595,3
32598,3
32601,2
32605,3
32612,2
32615,4
32619,1
32622,2
32624,4
32629,2
32631,2
32634,2
32637,3
32642,3
32646,9
32657,2
32659,5
32664,3
32670,1
32674,2
32676,5
32683,3
32687,3
32690,5
32696,6
32703,3
32706,2
32709,3
32714,5
32720,2
32722,2
32724,2
32728,3
32731,2
32733,4
32737,4
32741,2
32743,2
32745,2
32747,4
32752,10
32762,2
32764,5
32770,4
32774,3
32777,6
32783,4
32787,3
32790,3
32793,5
32798,5
32803,4
32808,3
32812,6
32819,2
32823,2
32825,2
32828,7
32835,5
32841,3
32845,2
32848,7
32856,3
32859,3
32864,2
32866,2
32868,3
32871,6
32881,2
32883,3
32886,3
32889,4
32895,4
32899,3
32903,4
32908,3
32911,4
32919,6
32926,2
32929,15
32944,3
32947,2
32949,2
32951,2
32954,6
32960,1
32962,2
32964,3
32967,3
32970,4
32975,2
32978,4
32982,5
32990,2
32992,2
32994,4
32998,2
33000,5
33005,5
33010,4
33016,8
33024,4
33028,5
33033,3
33036,2
33038,2
33045,2
33047,3
33050,1
33053,4
33057,4
33061,2
33063,2
33066,3
33072,2
33075,2
33078,6
33086,17
33103,7
33110,5
33116,2
33118,3
33121,2
33123,3
33126,2
33129,4
33133,4
33137,4
33141,4
33145,2
33147,2
33150,4
33154,3
33159,3
33167,2
33171,2
33173,2
33175,2
33177,2
33179,10
33191,2
33193,4
33197,3
33200,4
33206,8
33214,3
33218,3
33221,4
33225,3
33228,5
33234,4
33238,2
33240,2
33242,6
33249,3
33252,2
33254,3
33257,1
33260,5
33267,2
33269,2
33271,4
33275,5
33281,2
33283,3
33289,2
33292,4
33298,7
33305,5
33310,3
33314,14
33328,5
33333,2
33335,7
33342,2
33344,2
33346,2
33349,6
33357,6
33364,2
33366,3
33371,2
33373,5
33378,4
33382,4
33386,2
33389,3
33392,6
33399,2
33403,3
33406,4
33410,2
33412,4
33416,4
33421,2
33423,8
33434,2
33436,2
33438,2
33442,4
33446,2
33448,3
33452,7
33459,1
33462,2
33464,3
33468,4
33472,3
33475,6
33481,2
33485,2
33489,7
33497,2
33500,4
33504,4
33508,2
33510,4
33515,5
33520,2
33523,2
33525,4
33529,2
33531,4
33536,4
33540,2
33543,2
33545,4
33549,6
33555,3
33560,3
33566,2
33568,2
33570,8
33578,3
33581,4
33586,3
33589,4
33593,3
33596,3
33599,6
33606,3
33609,5
33614,2
33617,2
33619,3
33624,3
33627,2
33629,2
33631,2
33633,6
33640,2
33642,2
33644,4
33648,2
33650,14
33665,3
33668,4
33676,5
33681,3
33684,3
33688,3
33692,1
33698,2
33700,3
33707,2
33709,4
33713,2
33720,2
33732,3
33750,3
33775,2
33779,2
33783,2
33792,5
33800,1
33805,1
33811,2
33813,4
33821,1
33823,2
33842,2
33845,4
33849,1
33852,5
33867,3
33870,1
33875,2
33881,2
33891,3
33900,3
33903,2
33907,2
33914,2
33916,2
33923,2
33932,2
33948,2
33950,4
33965,3
33968,1
33972,1
33976,4
33981,2
33985,1
33991,3
34003,2
34007,2
34010,1
34013,3
34016,2
34023,2
34035,2
34045,1
34053,3
34058,2
34064,4
34068,5
34073,1
34084,1
34093,2
34098,4
34104,5
34112,2
34133,2
34143,2
34160,3
34163,5
34173,5
34180,2
34184,2
34186,3
34190,2
34192,3
34200,2
34202,1
34206,2
34208,2
34217,1
34220,3
34231,3
34235,3
34247,2
34251,5
34259,3
34265,3
34276,3
34286,2
34290,4
34294,5
34308,2
34310,2
34312,2
34317,6
34323,3
34328,2
34333,2
34342,2
34347,2
34354,2
34370,1
34375,5
34380,1
34387,2
34389,2
34392,1
34397,1
34399,5
34410,1
34419,3
34423,1
34431,1
34435,2
34451,2
34455,3
34462,2
34465,3
34472,2
34474,1
34476,2
34482,3
34485,2
34488,2
34492,3
34500,2
34507,2
34515,3
34522,2
34524,3
34529,2
34531,2
34540,1
34545,1
34551,1
34556,3
34592,2
34596,3
34601,2
34604,1
34607,2
34612,4
34624,5
34630,2
34645,3
34648,3
34654,1
34659,3
34662,1
34668,2
34670,2
34683,1
34693,1
34696,1
34702,2
34705,1
34707,2
34710,2
34717,2
34728,5
34740,2
34747,4
34752,2
34761,1
34778,1
34780,2
34801,4
34807,2
34809,2
34812,2
34821,1
34827,3
34835,2
34837,1
34841,1
34844,3
34863,2
34871,2
34880,3
34891,4
34900,1
34912,2
34931,2
34946,1
34953,2
34955,3
34958,3
34961,1
34976,2
34979,2
34986,3
35002,2
35017,2
35022,1
35029,3
35041,2
35045,2
35053,4
35057,1
35078,1
35080,2
35082,1
35091,1
35105,2
35109,1
35124,2
35127,3
35132,1
35136,2
35146,1
35158,3
35162,2
35164,1
35167,2
35170,2
35173,1
35176,3
35179,2
35186,2
35190,1
35198,3
35208,1
35211,2
35227,2
35234,2
35250,2
35263,1
35265,2
35267,2
35269,2
35272,1
35283,2
35285,2
35288,4
35292,3
35295,1
35299,2
35306,2
35323,2
35327,1
35330,2
35334,2
35336,3
35348,1
35361,1
35370,2
35372,2
35378,3
35394,2
35396,1
35403,2
35411,2
35415,2
35417,3
35422,2
35427,1
35432,2
35439,1
35442,1
35454,2
35457,3
35466,2
35473,1
35493,4
35499,2
35515,2
35522,2
35525,1
35538,2
35541,2
35554,1
35564,2
35566,1
35578,4
35582,5
35589,4
35595,1
35597,3
35619,2
35621,3
35624,3
35642,3
35648,1
35650,2
35652,4
35667,3
35677,1
35679,2
35697,2
35699,2
35702,2
35705,2
35708,2
35714,1
35721,3
35724,1
35736,2
35746,2
35752,2
35767,1
35773,2
35779,2
35782,2
35788,2
35795,3
35798,3
35802,3
35812,1
35818,3
35823,3
35832,1
35839,4
35860,4
35864,1
35869,2
35875,1
35878,1
35887,3
35901,1
35904,2
35910,2
35927,3
35931,2
35939,2
35941,1
35947,2
35950,2
35957,3
35969,1
35971,3
35975,5
35981,3
35984,1
35986,2
35988,1
36007,2
36026,2
36028,1
36038,2
36049,1
36054,2
36060,2
36062,1
36075,2
36082,3
36085,1
36099,1
36103,2
36105,1
36123,2
36126,1
36128,2
36130,2
36134,2
36147,2
36156,2
36175,5
36192,1
36207,3
36210,1
36220,1
36231,3
36241,3
36244,1
36249,2
36261,2
36268,2
36272,2
36278,2
36287,2
36289,3
36296,2
36298,2
36312,1
36326,2
36343,3
36346,1
36360,4
36369,2
36373,3
36380,1
36393,4
36401,1
36410,1
36435,1
36440,3
36451,2
36453,2
36456,2
36461,4
36466,2
36468,2
36470,2
36484,1
36488,1
36497,1
36505,2
36525,1
36539,1
36542,4
36568,3
36571,2
36589,1
36599,2
36605,1
36615,3
36631,2
36635,5
36659,4
36669,2
36677,2
36679,2
36681,1
36689,2
36692,1
36700,2
36703,4
36710,2
36713,2
36722,1
36724,2
36726,2
36732,3
36736,3
36747,1
36749,5
36770,1
36772,5
36778,2
36783,1
36794,2
36804,1
36810,3
36814,2
36816,2
36821,2
36823,2
36832,3
36839,1
36842,2
36844,2
36846,2
36851,2
36856,2
36858,3
36862,2
36867,1
36872,1
36888,2
36894,1
36896,2
36902,2
36907,2
36909,1
36912,2
36914,3
36920,2
36925,1
36928,4
36945,3
36953,1
36964,1
36968,2
36974,2
36987,1
36990,2
36997,2
36999,1
37004,3
37015,2
37019,3
37027,1
37030,1
37039,2
37048,1
37056,2
37060,2
37064,2
37076,1
37085,2
37089,1
37114,2
37120,2
37126,1
37131,5
37136,1
37150,1
37162,1
37172,1
37175,2
37182,1
37188,1
37191,1
37194,1
37197,5
37202,2
37207,2
37216,3
37222,3
37225,1
37235,1
37249,2
37251,3
37256,2
37264,1
37268,3
37277,1
37282,3
37286,2
37295,6
37304,2
37306,2
37310,2
37317,1
37321,2
37325,2
37329,1
37339,2
37342,2
37353,3
37377,2
37387,1
37393,4
37400,1
37410,2
37413,2
37416,3
37420,2
37434,3
37437,2
37442,2
37477,2
37491,3
37509,1
37511,4
37518,1
37529,2
37558,1
37560,2
37568,1
37570,2
37587,3
37591,2
37599,3
37608,2
37616,2
37627,4
37653,1
37664,1
37675,1
37685,2
37688,1
37691,1
37695,3
37701,2
37718,1
37724,1
37726,1
37733,1
37742,4
37749,3
37769,1
37771,2
37775,3
37787,2
37791,3
37797,3
37800,2
37803,2
37805,1
37807,1
37812,2
37817,1
37840,2
37850,1
37853,3
37856,4
37860,1
37863,2
37879,2
37881,2
37885,2
37897,2
37900,3
37904,2
37907,1
37915,2
37917,2
37930,1
37935,1
37944,1
37947,2
37973,1
37979,1
37982,3
37993,2
38002,2
38016,2
38019,2
38041,3
38045,1
38056,3
38059,3
38062,1
38067,3
38071,3
38074,2
38078,3
38082,2
38088,2
38100,2
38112,4
38124,1
38144,1
38158,4
38165,2
38169,3
38172,3
38182,2
38209,2
38211,1
38223,2
38231,1
38252,1
38254,1
38260,1
38262,2
38267,2
38273,1
38279,2
38281,2
38290,2
38296,2
38303,1
38306,2
38313,2
38315,3
38325,2
38327,1
38329,2
38345,4
38349,4
38368,2
38372,3
38375,2
38393,1
38404,2
38415,1
38419,2
38423,3
38431,2
38436,3
38444,1
38449,2
38461,2
38467,1
38472,3
38489,2
38507,3
38518,3
38527,3
38535,2
38537,2
38540,2
38563,4
38572,2
38574,2
38594,4
38599,3
38614,2
38621,1
38629,2
38639,2
38655,2
38668,1
38672,2
38677,2
38679,2
38691,2
38697,2
38699,2
38706,1
38710,2
38722,2
38724,3
38757,2
38762,2
38771,3
38775,3
38787,2
38790,1
38792,3
38803,1
38808,2
38810,2
38814,5
38819,2
38840,1
38845,1
38848,2
38850,2
38856,2
38875,1
38877,2
38880,2
38887,2
38906,3
38909,1
38922,2
38928,1
38935,2
38939,3
38947,1
38954,2
38957,3
38965,2
38972,3
38978,3
38985,3
38990,1
39010,3
39015,1
39018,2
39023,3
39026,2
39028,1
39030,3
39033,1
39037,2
39041,2
39044,1
39049,2
39071,2
39080,2
39084,2
39086,1
39092,4
39125,3
39128,2
39139,2
39146,1
39156,1
39160,2
39168,1
39170,1
39176,2
39187,2
39197,2
39209,4
39216,5
39231,3
39234,1
39243,2
39249,1
39252,4
39261,2
39275,2
39282,2
39288,3
39297,3
39304,2
39314,2
39317,1
39319,1
39325,2
39330,1
39341,3
39356,3
39359,1
39362,1
39368,1
39379,2
39383,4
39399,2
39407,2
39410,3
39415,2
39421,3
39427,2
39438,2
39443,1
39448,2
39452,2
39455,2
39460,1
39464,2
39473,3
39487,3
39497,1
39510,2
39512,2
39520,1
39526,2
39528,4
39537,1
39548,1
39551,1
39557,1
39560,3
39564,2
39569,1
39577,1
39581,1
39598,2
39600,3
39606,1
39608,3
39618,2
39631,2
39637,2
39645,1
39648,2
39652,1
39655,2
39678,1
39680,1
39684,1
39687,2
39703,1
39708,1
39717,2
39720,2
39722,3
39731,1
39735,1
39740,1
39761,2
39766,1
39773,3
39776,2
39781,1
39798,2
39812,2
39817,2
39827,1
39832,3
39840,2
39846,3
39862,2
39868,1
39870,2
39879,2
39881,2
39883,2
39892,3
39899,3
39913,2
39928,1
39933,2
39951,1
39954,3
39959,2
39966,1
39978,3
39997,2
40013,1
40024,1
40027,2
40030,3
40033,2
40039,2
40042,2
40046,2
40048,1
40051,2
40058,2
40064,4
40076,2
40078,3
40093,1
40106,1
40109,2
40113,2
40126,3
40130,2
40142,2
40150,2
40164,1
40168,1
40179,2
40183,2
40185,5
40194,3
40197,2
40204,2
40219,2
40228,1
40236,2
40246,2
40255,3
40258,2
40260,2
40267,3
40274,2
40280,3
40285,2
40287,2
40292,2
40294,2
40303,2
40305,2
40324,1
40333,2
40335,2
40337,2
40352,2
40362,6
40388,4
40404,2
40413,2
40418,2
40423,1
40430,3
40434,2
40444,1
40462,2
40473,1
40483,2
40485,1
40501,2
40506,2
40513,3
40538,3
40544,3
40550,1
40552,3
40577,2
40584,2
40596,1
40602,4
40606,2
40611,2
40613,2
40634,3
40638,2
40641,4
40661,3
40668,1
40670,1
40682,1
40685,2
40700,1
40708,2
40710,1
40719,3
40739,2
40752,2
40754,4
40763,1
40767,1
40770,2
40775,3
40783,2
40785,2
40790,1
40796,2
40803,1
40809,3
40815,1
40817,2
40819,2
40825,2
40848,1
40860,2
40875,1
40879,2
40887,1
40896,2
40913,3
40922,2
40932,3
40935,2
40938,1
40941,2
40948,1
40950,1
40958,1
40967,1
40976,3
40984,2
40986,2
40989,2
40991,2
41000,1
41009,2
41014,1
41022,1
41033,2
41044,3
41053,2
41082,1
41085,2
41101,2
41103,2
41111,3
41118,4
41124,2
41128,1
41137,3
41150,1
41155,1
41170,2
41180,2
41184,3
41217,1
41236,4
41243,3
41251,3
41259,1
41261,2
41263,1
41276,2
41279,2
41281,1
41291,2
41293,2
41295,3
41303,2
41309,2
41313,2
41325,2
41327,1
41330,1
41344,2
41348,2
41352,2
41358,2
41362,2
41370,2
41378,2
41383,1
41393,4
41397,1
41399,2
41403,2
41408,1
41423,4
41427,2
41429,3
41433,2
41439,2
41457,3
41462,2
41470,2
41475,2
41479,2
41493,2
41497,3
41511,3
41514,2
41518,2
41520,3
41527,2
41544,3
41553,3
41559,1
41565,2
41567,3
41570,3
41584,1
41587,1
41592,1
41597,1
41609,1
41618,1
41626,2
41628,3
41633,3
41636,4
41640,3
41646,4
41652,1
41663,1
41665,1
41674,2
41687,1
41691,3
41695,2
41697,2
41711,2
41716,1
41728,1
41740,1
41748,3
41753,2
41755,2
41757,1
41787,2
41795,3
41802,2
41805,3
41810,2
41812,3
41827,1
41832,2
41835,1
41837,1
41841,2
41844,2
41848,2
41853,4
41857,2
41862,2
41866,3
41874,1
41878,2
41887,2
41895,4
41906,2
41908,1
41913,1
41915,3
41918,2
41924,1
41930,2
41939,2
41944,1
41947,2
41949,2
41960,2
41966,1
41976,2
41982,2
41986,2
41989,1
42010,2
42014,3
42023,1
42027,2
42042,1
42044,3
42050,3
42059,1
42067,3
42075,2
42095,1
42098,1
42118,1
42125,1
42128,1
42141,2
42151,4
42155,1
42159,1
42161,2
42164,2
42166,5
42171,2
42177,2
42181,1
42183,2
42186,3
42189,3
42196,2
42203,3
42223,1
42226,2
42233,3
42237,2
42244,1
42249,1
42253,2
42270,2
42273,2
42280,2
42288,2
42300,2
42304,2
42331,3
42348,3
42355,2
42357,2
42367,3
42372,6
42382,2
42384,2
42394,3
42397,2
42405,2
42412,2
42417,5
42422,2
42426,3
42429,2
42434,4
42445,2
42447,2
42455,2
42457,4
42466,2
42483,2
42490,1
42498,3
42504,2
42506,5
42524,2
42528,3
42545,3
42549,2
42552,1
42556,2
42564,4
42569,2
42576,5
42583,2
42589,4
42593,2
42601,3
42604,1
42607,2
42609,2
42613,5
42620,2
42629,2
42632,1
42639,2
42642,2
42644,3
42657,2
42666,1
42672,2
42676,2
42679,2
42694,2
42700,5
42705,3
42718,3
42733,2
42738,3
42741,2
42744,1
42757,2
42761,2
42769,2
42773,2
42776,1
42779,2
42790,1
42796,2
42807,4
42811,2
42815,1
42823,2
42831,3
42839,2
42843,2
42855,2
42858,4
42862,2
42864,1
42867,2
42873,3
42878,4
42882,2
42895,3
42907,4
42911,2
42914,2
42919,2
42923,3
42932,2
42944,4
42959,2
42973,4
42977,5
42982,2
42988,2
42992,3
43001,2
43005,3
43014,3
43023,2
43028,4
43039,2
43042,2
43046,1
43054,2
43075,1
43100,2
43103,1
43117,3
43122,1
43126,3
43139,3
43152,2
43167,1
43171,2
43183,2
43206,2
43212,2
43225,2
43235,1
43240,2
43248,1
43252,2
43262,2
43295,1
43302,2
43328,3
43337,2
43345,1
43352,4
43399,2
43406,2
43422,3
43425,2
43429,2
43434,4
43446,2
43448,3
43453,4
43457,1
43462,1
43465,1
43468,2
43500,4
43507,1
43509,2
43517,2
43547,2
43553,2
43555,1
43562,1
43569,1
43573,3
43591,2
43594,3
43599,2
43605,1
43612,3
43620,3
43624,2
43634,1
43651,2
43658,2
43660,1
43664,3
43671,3
43695,4
43699,3
43706,1
43712,2
43714,3
43723,2
43729,5
43746,4
43751,3
43755,1
43768,3
43775,3
43786,4
43793,2
43798,2
43801,2
43803,1
43819,2
43831,2
43834,2
43844,2
43851,3
43859,2
43861,1
43869,3
43874,2
43887,3
43904,2
43911,2
43917,2
43932,2
43939,2
43943,2
43954,3
43957,2
43961,2
43970,2
43983,1
43986,2
43994,2
44028,1
44047,4
44051,2
44053,4
44061,1
44069,2
44077,2
44079,2
44086,2
44089,4
44094,3
44103,2
44105,1
44122,1
44128,4
44137,2
44148,2
44150,2
44165,3
44180,1
44199,2
44202,3
44205,2
44217,2
44222,1
44226,2
44236,1
44242,2
44251,2
44254,1
44262,2
44267,3
44270,1
44275,2
44278,1
44304,4
44308,2
44317,2
44323,4
44357,1
44372,1
44384,2
44399,4
44408,2
44416,1
44423,2
44427,3
44430,4
44437,3
44448,3
44451,1
44455,4
44466,2
44469,1
44473,2
44478,2
44481,2
44498,2
44501,1
44508,2
44510,1
44514,3
44520,2
44534,3
44540,1
44543,2
44549,2
44576,1
44592,3
44596,1
44600,2
44603,3
44606,1
44615,4
44620,1
44627,2
44636,2
44639,2
44647,2
44652,3
44657,3
44664,2
44672,2
44677,3
44683,3
44689,1
44696,1
44705,3
44708,1
44724,2
44735,5
44759,3
44765,2
44768,2
44775,4
44783,2
44787,2
44791,2
44798,3
44811,3
44815,2
44819,2
44821,1
44827,1
44833,2
44839,1
44845,3
44850,1
44860,2
44866,1
44872,1
44879,1
44893,2
44898,1
44903,2
44910,2
44913,2
44925,1
44930,2
44941,2
44944,1
44947,2
44951,2
44959,1
44962,2
44967,3
44977,3
44997,1
44999,3
45027,3
45046,2
45058,2
45071,3
45079,2
45094,3
45107,1
45113,1
45123,2
45125,2
45128,2
45144,2
45146,4
45153,1
45159,2
45163,2
45170,2
45174,2
45176,1
45186,2
45189,2
45191,2
45194,2
45207,2
45222,2
45227,1
45231,2
45238,2
45241,2
45265,2
45269,2
45273,2
45275,2
45280,2
45292,2
45299,3
45312,1
45327,1
45330,1
45334,2
45337,2
45346,2
45348,3
45351,2
45365,2
45369,1
45375,1
45385,2
45389,3
45395,2
45399,3
45402,2
45410,1
45412,3
45416,2
45457,3
45461,2
45477,2
45491,2
45502,3
45525,2
45528,3
45536,2
45539,1
45552,2
45568,2
45595,2
45604,2
45617,2
45620,1
45624,2
45627,2
45635,1
45646,2
45648,1
45651,2
45654,3
45660,2
45672,1
45677,3
45680,3
45687,1
45692,2
45698,1
45703,2
45706,2
45712,3
45727,2
45732,3
45745,2
45747,1
45753,2
45781,3
45788,2
45805,5
45810,3
45813,1
45824,1
45831,1
45838,2
45850,2
45852,2
45880,4
45901,3
45912,3
45918,3
45925,3
45938,1
45953,1
45968,3
45971,3
45980,2
46004,1
46010,2
46012,2
46030,1
46035,1
46049,2
46051,1
46066,1
46070,2
46072,2
46079,1
46085,1
46098,3
46101,1
46103,3
46118,3
46124,2
46128,2
46135,1
46138,4
46147,2
46157,3
46160,3
46178,2
46180,4
46185,3
46192,1
46200,3
46212,1
46216,1
46224,4
46246,2
46248,2
46254,2
46263,2
46270,1
46277,3
46285,2
46294,2
46300,1
46317,3
46325,1
46344,1
46348,1
46366,1
46392,1
46396,1
46400,1
46403,2
46408,2
46410,2
46412,2
46432,2
46437,2
46457,2
46474,2
46476,1
46502,1
46508,2
46529,2
46537,3
46543,4
46565,1
46582,1
46589,1
46593,4
46603,2
46612,2
46616,3
46637,3
46653,2
46665,1
46672,2
46675,2
46682,3
46688,3
46691,2
46698,3
46701,2
46730,1
46739,2
46754,2
46756,5
46769,3
46774,3
46779,3
46809,2
46827,2
46835,3
46845,1
46849,1
46882,3
46888,1
46893,1
46898,2
46902,1
46904,5
46910,2
46912,6
46918,1
46921,2
46926,2
46935,1
46970,1
47018,3
47028,2
47031,4
47041,4
47050,3
47070,1
47084,4
47091,2
47105,2
47114,1
47117,3
47135,2
47137,2
47155,1
47157,3
47163,2
47165,2
47167,2
47171,3
47175,1
47177,2
47182,2
47189,2
47197,2
47207,3
47211,1
47219,3
47225,4
47249,2
47256,1
47258,3
47261,2
47273,3
47297,1
47304,2
47315,1
47317,4
47327,1
47331,3
47336,2
47343,2
47346,3
47352,1
47355,3
47364,2
47366,2
47369,3
47380,1
47416,1
47453,3
47461,2
47474,4
47506,2
47509,2
47524,2
47535,1
47547,2
47549,2
47554,2
47556,3
47561,2
47566,3
47579,2
47586,2
47590,3
47603,1
47629,3
47632,1
47638,2
47656,2
47665,1
47683,2
47691,5
47719,3
47728,3
47741,1
47743,1
47812,1
47815,2
47818,3
47821,1
47837,1
47850,1
47855,3
47858,2
47865,2
47868,6
47876,2
47879,2
47883,2
47889,1
47891,2
47895,3
47904,3
47910,2
47913,2
47915,2
47917,4
47921,2
47924,2
47926,2
47932,2
47934,2
47936,2
47939,2
47945,2
47947,3
47951,1
47953,2
47958,2
47961,4
47968,4
47974,1
47981,3
47995,1
48002,4
48006,5
48012,1
48016,1
48020,3
48038,2
48060,1
48063,4
48099,2
48110,2
48112,1
48135,2
48182,2
48207,2
48210,1
48215,2
48226,1
48228,3
48271,2
48312,3
48443,6
48453,2
48456,1
48459,5
48464,1
48469,2
48501,1
48505,1
48565,2
48571,2
48579,1
48626,2
48639,1
48645,3
48688,1
48691,1
48704,2
48775,1
48863,3
48866,1
48878,2
48901,1
48903,1
48908,3
48919,1
48925,2
48932,2
48936,2
48938,3
48941,2
48943,1
48946,5
48952,3
48955,3
48969,2
48971,1
48990,3
48998,1
49007,2
49011,2
49019,1
49040,2
49055,2
49057,2
49060,2
49069,1
49074,2
49088,4
49092,3
49106,2
49113,2
49115,1
49121,3
49130,5
49143,2
49159,1
49165,1
49175,1
49187,4
49191,3
49203,2
49205,5
49223,3
49232,1
49252,6
49260,2
49262,3
49265,3
49270,1
49286,1
49288,2
49290,3
49294,5
49309,3
49319,1
49323,3
49328,2
49342,2
49350,2
49363,1
49367,2
49372,3
49381,2
49386,2
49388,3
49391,2
49393,2
49399,2
49405,5
49424,2
49426,6
49437,3
49445,2
49447,1
49454,1
49466,1
49490,1
49512,2
49514,3
49518,2
49525,3
49531,2
49562,2
49582,3
49613,1
49626,1
49649,2
49676,3
49683,2
49691,4
49696,2
49705,2
49709,2
49711,2
49716,2
49730,4
49734,6
49750,1
49759,2
49772,3
49776,2
49816,2
49824,2
49836,2
49852,2
49860,2
49862,2
49868,3
49891,3
49901,2
49903,2
49910,2
49912,1
49953,3
49959,2
49963,3
49978,2
49985,3
50032,2
50035,1
50057,3
50060,1
50072,6
50079,2
50082,4
50091,2
50095,1
50099,2
50102,1
50139,2
50152,2
50164,1
50166,1
50183,1
50202,2
50239,8
50247,2
50263,1
50272,4
50306,1
50316,1
50321,1
50394,2
50396,2
50402,2
50413,1
50420,1
50424,2
50428,2
50435,3
50440,1
50447,2
50465,5
50495,1
50498,1
50503,3
50510,1
50517,3
50543,1
50545,2
50586,3
50589,1
50595,2
50616,1
50629,2
50639,1
50647,1
50660,2
50664,3
50670,4
50675,1
50681,1
50694,2
50696,4
50702,1
50726,1
50753,1
50757,3
50764,2
50859,3
50865,2
50903,1
51072,2
51075,3
51092,2
51098,1
51103,6
51116,1
51121,3
51124,2
51128,2
51134,1
51138,2
51142,3
51166,1
51169,2
51175,3
51184,2
51186,2
51188,2
51191,2
51195,2
51206,3
51209,2
51211,3
51221,3
51224,2
51234,1
51239,1
51245,1
51253,5
51282,4
51288,1
51292,1
51332,3
51350,2
51356,2
51360,2
51371,2
51375,2
51377,4
51382,1
51392,1
51394,1
51415,5
51431,4
51437,3
51440,3
51445,2
51459,2
51462,3
51479,3
51482,2
51543,3
51548,2
51550,2
51612,2
51634,1
51673,1
51675,1
51749,3
51752,1
51754,3
51761,1
51766,3
51782,3
51789,2
51820,2
51855,2
51857,4
51890,2
51924,3
51929,3
51933,2
51943,2
51957,2
52030,3
52046,2
52060,3
52100,1
52106,2
52246,2
52250,2
52259,2
52272,3
52275,5
52283,1
52286,2
52312,1
52320,2
52389,1
52391,5
52396,4
52420,2
52494,1
52523,1
52556,2
52560,1
52572,1
52575,2
52599,1
52605,1
52609,1
52622,3
52637,2
52647,1
52654,5
52665,2
52669,1
52680,3
52717,2
52731,2
52734,1
52739,3
52772,2
52782,2
52825,2
52838,2
52853,1
52887,2
52932,2
52935,2
52938,2
52969,3
52980,1
53008,2
53022,1
53028,2
53032,2
53048,4
53078,2
53091,2
53121,3
53126,2
53132,3
53155,2
53158,1
53176,2
53178,1
53183,3
53204,4
53215,2
53220,5
53235,2
53249,2
53256,2
53266,1
53270,1
53286,1
53305,3
53313,4
53322,1
53327,2
53337,2
53355,1
53361,2
53373,1
53379,2
53383,1
53411,2
53421,3
53431,1
53441,2
53455,2
53471,1
53489,1
53496,2
53523,2
53531,3
53548,4
53577,5
53587,2
53612,1
53635,2
53645,1
53653,2
53655,2
53661,2
53683,2
53691,2
53701,2
53715,1
53743,2
53750,4
53755,4
53771,1
53776,4
53780,1
53789,1
53793,1
53795,1
53804,1
53820,5
53872,2
53874,1
53883,1
53902,1
53912,4
53921,2
53932,4
53941,2
53954,1
53960,1
53985,5
54027,2
54056,2
54058,2
54094,2
54096,3
54109,1
54112,1
54151,2
54164,1
54179,2
54181,2
54210,2
54215,2
54222,4
54242,1
54285,2
54292,2
54312,2
54334,1
54343,2
54362,1
54371,5
54427,1
54441,1
54486,3
54489,2
54519,1
54536,1
54569,2
54614,2
54620,2
54628,1
54637,2
54643,3
54651,2
54673,2
54676,2
54692,1
54706,2
54727,1
54736,1
54741,1
54743,2
54754,5
54787,1
54789,1
54804,1
54808,3
54821,2
54830,3
54857,1
54867,2
54876,3
54881,1
54889,2
54891,1
54909,2
54911,1
54925,1
54933,1
54946,1
54949,2
54983,3
54987,2
54989,1
55016,1
55033,2
55076,1
55082,2
55084,2
55115,3
55129,1
55135,3
55139,2
55141,2
55177,2
55217,5
55244,2
55255,2
55283,2
55308,2
55338,2
55374,3
55378,2
55380,2
55396,1
55409,1
55411,2
55431,2
55436,2
55452,2
55474,2
55485,3
55490,2
55494,1
55504,5
55519,2
55523,3
55532,2
55549,1
55551,2
55596,1
55622,1
55625,2
55643,1
55648,2
55650,1
55654,1
55657,5
55675,1
55679,5
55696,2
55698,1
55724,2
55742,1
55748,1
55762,2
55812,2
55827,2
55849,3
55852,1
55877,3
55925,2
55927,1
55929,2
55950,1
55976,2
55988,1
56012,2
56022,1
56024,3
56031,1
56034,1
56060,1
56067,1
56071,1
56112,1
56114,2
56139,1
56162,1
56165,1
56190,1
56196,1
56213,2
56218,2
56223,2
56244,3
56265,1
56272,3
56278,4
56297,2
56335,2
56339,2
56341,1
56359,2
56375,1
56381,2
56393,2
56406,3
56411,2
56449,3
56457,1
56479,1
56506,1
56518,4
56539,2
56551,1
56558,3
56561,1
56600,2
56620,1
56627,2
56631,1
56639,5
56644,5
56661,2
56691,3
56706,2
56711,1
56734,1
56743,1
56753,2
56765,2
56774,2
56803,1
56812,1
56814,1
56816,1
56822,4
56839,1
56843,2
56846,3
56849,2
56861,2
56909,2
56933,5
56938,1
56952,1
56969,1
56976,5
56994,2
57031,1
57033,5
57038,5
57047,1
57059,2
57064,4
57075,1
57080,1
57089,1
57140,1
57153,2
57170,3
57202,4
57210,2
57221,3
57225,2
57253,2
57277,1
57305,3
57313,2
57328,2
57330,1
57335,4
57339,1
57342,3
57354,3
57358,4
57362,4
57379,2
57387,4
57393,1
57399,2
57417,3
57455,2
57472,1
57489,1
57510,1
57526,2
57554,1
57567,1
57578,3
57597,1
57619,2
57635,1
57638,3
57647,1
57649,1
57651,3
57654,3
57660,3
57672,3
57715,2
57758,5
57773,2
57802,2
57806,1
57823,2
57838,1
57862,2
57880,2
57883,3
57894,3
57899,3
57904,2
57911,1
57921,3
57924,1
57927,2
57929,3
57935,4
57939,5
57944,3
57947,2
57950,5
57964,1
57968,1
57982,1
57991,1
58018,4
58023,1
58025,2
58027,3
58039,1
58044,2
58047,3
58050,2
58055,2
58057,3
58064,2
58066,9
58075,5
58082,2
58085,2
58089,3
58099,1
58101,2
58107,2
58109,2
58111,3
58116,2
58118,2
58127,2
58130,2
58135,2
58137,5
58143,3
58149,9
58158,2
58160,3
58165,6
58173,1
58177,1
58185,2
58187,1
58191,4
58195,1
58197,1
58200,6
58208,2
58211,2
58216,2
58218,2
58220,4
58229,2
58233,2
58235,4
58240,2
58245,4
58252,3
58255,2
58259,8
58267,2
58270,2
58272,2
58274,3
58280,4
58285,2
58288,3
58291,5
58296,3
58299,1
58303,3
58306,3
58311,2
58313,4
58317,2
58320,1
58326,2
58332,3
58336,5
58342,1
58344,2
58353,3
58356,2
58358,6
58366,4
58371,2
58373,3
58376,1
58378,3
58382,4
58387,3
58391,4
58404,2
58407,3
58412,4
58416,2
58418,2
58421,2
58426,2
58429,4
58435,4
58444,2
58450,2
58454,2
58457,2
58461,3
58464,2
58466,2
58471,2
58473,2
58475,2
58478,8
58486,2
58488,2
58494,5
58508,2
58512,2
58514,2
58516,2
58525,2
58528,2
58530,2
58535,6
58541,4
58547,1
58549,2
58560,1
58565,4
58569,2
58571,3
58575,1
58584,2
58591,2
58593,2
58596,2
58603,3
58606,2
58612,2
58614,3
58620,2
58622,2
58625,2
58627,2
58629,1
58632,2
58634,2
58636,4
58642,4
58646,3
58649,3
58652,2
58660,3
58663,2
58665,2
58667,3
58670,4
58675,2
58677,2
58679,7
58686,2
58694,2
58702,2
58704,3
58707,2
58714,2
58726,2
58735,4
58742,1
58748,4
58752,5
58764,4
58768,4
58848,6
58855,3
58858,2
58860,4
58866,2
58872,2
58876,2
58888,2
58892,2
58896,2
58898,2
58900,6
58906,3
58910,2
58913,2
58921,4
58927,2
58930,2
58932,2
58937,2
58939,2
58941,1
58943,7
58955,2
58957,2
58960,6
58968,4
58974,3
58980,2
58990,1
58997,1
59011,2
59013,2
59015,3
59018,2
59024,4
59031,3
59034,4
59041,2
59043,2
59045,2
59047,2
59049,2
59051,3
59054,4
59059,1
59062,2
59067,2
59074,2
59086,2
59091,4
59103,2
59111,3
59123,1
59126,2
59130,1
59135,1
59144,4
59148,2
59152,2
59158,2
59161,1
59168,5
59181,2
59183,3
59186,3
59194,2
59202,2
59204,2
59211,2
59217,2
59222,2
59228,3
59231,2
59244,3
59249,2
59252,2
59261,2
59263,1
59266,7
59277,6
59284,3
59287,2
59295,3
59305,2
59307,2
59310,2
59312,3
59315,2
59317,4
59322,2
59329,4
59336,4
59342,5
59348,3
59351,4
59362,2
59371,2
59375,2
59378,3
59383,1
59386,3
59389,2
59392,4
59397,2
59399,2
59402,2
59404,5
59409,2
59412,1
59416,2
59418,2
59422,1
59424,4
59431,2
59433,3
59436,2
59441,3
59446,3
59449,2
59451,2
59454,3
59457,2
59459,2
59461,3
59466,2
59470,2
59472,10
59482,7
59489,4
59494,3
59497,1
59503,2
59511,2
59519,4
59523,3
59526,3
59529,4
59534,5
59540,2
59542,2
59545,2
59549,2
59551,2
59553,3
59558,2
59564,2
59573,5
59579,2
59584,2
59586,2
59588,4
59595,2
59599,2
59602,2
59604,4
59620,2
59623,2
59626,2
59632,1
59648,2
59670,3
59688,2
59691,2
59700,2
59710,2
59714,2
59720,2
59736,2
59738,4
59750,2
59759,2
59770,1
59785,3
59789,2
59794,2
59799,2
59815,2
59822,2
59842,2
59844,3
59847,3
59850,3
59860,2
59863,3
59875,4
59891,2
59893,4
59899,2
59901,1
59904,2
59906,2
59909,2
59911,2
59914,3
59918,2
59920,2
59922,3
59925,4
59935,2
59944,3
59947,3
59950,3
59963,1
59966,2
59968,3
59980,4
60001,4
60022,2
60025,2
60034,2
60038,1
60044,3
60064,9
60073,3
60092,3
60098,2
60103,2
60105,3
60108,5
60118,2
60123,2
60125,2
60129,2
60137,3
60141,1
60143,1
60156,2
60161,3
60167,1
60169,2
60176,2
60180,2
60184,2
60197,2
60209,2
60213,2
60215,3
60227,4
60257,3
60297,2
60328,3
60332,5
60364,3
60367,3
60373,1
60375,2
60402,2
60404,2
60407,2
60409,3
60412,2
60418,2
60427,4
60431,3
60434,2
60436,3
60441,3
60444,6
60452,6
60458,2
60461,3
60466,12
60478,2
60483,2
60485,2
60493,5
60499,3
60503,2
60505,2
60508,2
60516,3
60520,2
60541,2
60544,2
60556,2
60559,3
60562,2
60573,2
60627,2
60682,2
60687,2
60693,2
60696,4
60700,2
60709,3
60715,2
60717,4
60722,1
60724,3
60728,3
60731,2
60733,2
60735,1
60737,5
60747,4
60754,3
60758,4
60764,2
60766,2
60770,2
60772,2
60774,3
60777,2
60781,2
60786,2
60789,2
60791,4
60797,3
60925,2
60927,2
60929,2
60931,2
60936,6
60942,2
60947,3
60952,6
60958,9
60968,4
60974,7
60981,2
60986,2
60989,4
60993,2
60996,3
61004,4
61010,2
61014,5
61019,4
61023,2
61027,7
61035,3
61039,2
61041,7
61049,3
61053,5
61059,5
61068,2
61071,3
61076,4
61081,2
61089,5
61094,3
61097,2
61099,4
61108,2
61110,2
61112,2
61115,4
61120,5
61125,2
61128,3
61131,2
61135,3
61139,2
61141,5
61149,5
61155,3
61158,2
61161,4
61166,2
61173,2
61180,1
61183,2
61186,8
61194,2
61197,3
61202,2
61205,2
61207,3
61210,4
61214,2
61216,2
61220,3
61226,2
61228,4
61232,2
61235,3
61238,2
61241,5
61247,3
61250,2
61252,3
61255,2
61260,2
61265,2
61267,2
61272,2
61275,2
61278,3
61282,3
61285,2
61292,5
61297,2
61300,2
61304,3
61310,2
61313,2
61315,5
61322,2
61324,3
61327,3
61331,4
61336,4
61343,2
61345,2
61347,4
61351,3
61355,2
61357,2
61360,7
61371,2
61373,4
61377,2
61379,3
61389,3
61392,3
61395,2
61401,2
61404,2
61406,3
61409,2
61412,2
61417,3
61423,4
61432,3
61435,4
61439,2
61442,2
61446,2
61448,3
61451,3
61455,2
61457,3
61460,2
61469,2
61471,2
61473,2
61476,2
61479,2
61482,2
61484,2
61489,3
61492,2
61500,3
61504,4
61509,2
61511,3
61514,4
61520,5
61525,2
61528,5
61533,2
61535,5
61540,3
61543,3
61550,3
61555,2
61564,2
61566,2
61576,2
61578,3
61582,3
61585,2
61588,8
61596,2
61600,2
61604,2
61606,3
61610,3
61615,2
61618,2
61620,4
61625,3
61628,1
61633,2
61636,4
61640,4
61644,3
61648,3
61651,3
61654,3
61658,3
61661,2
61663,2
61666,3
61669,2
61671,2
61677,2
61681,5
61687,2
61689,3
61696,2
61703,5
61708,3
61711,2
61714,1
61720,2
61722,4
61728,3
61731,2
61733,3
61740,2
61743,3
61747,3
61751,6
61757,2
61759,2
61761,5
61766,1
61770,4
61775,4
61783,3
61787,2
61790,6
61798,2
61801,3
61804,2
61813,4
61817,1
61821,7
61829,2
61833,2
61835,2
61837,4
61841,2
61845,5
61850,3
61855,2
61860,2
61862,2
61864,2
61867,2
61870,2
61877,2
61883,3
61886,4
61890,4
61898,2
61901,2
61903,2
61906,3
61909,2
61911,7
61918,4
61923,2
61929,2
61931,3
61934,4
61940,3
61952,4
61956,3
61959,2
61961,3
61964,3
61969,3
61973,4
61979,2
61981,2
61983,2
61985,3
61988,2
61992,3
61995,2
62001,2
62003,3
62006,2
62009,3
62012,2
62014,3
62017,4
62023,3
62027,2
62029,4
62033,4
62044,2
62053,2
62059,3
62062,3
62070,2
62073,2
62075,6
62082,2
62085,3
62088,4
62092,7
62100,2
62103,1
62107,3
62114,5
62120,3
62123,2
62126,1
62128,2
62134,2
62137,3
62146,2
62148,1
62151,3
62157,3
62160,5
62165,5
62173,3
62178,2
62180,3
62183,3
62186,3
62192,5
62197,1
62199,2
62205,3
62209,3
62212,2
62217,3
62220,2
62223,4
62230,4
62234,3
62243,2
62246,2
62249,2
62252,2
62254,3
62259,2
62268,4
62276,2
62279,2
62283,2
62285,4
62289,5
62294,2
62300,2
62303,3
62307,1
62310,2
62314,2
62316,3
62323,7
62330,2
62335,2
62338,2
62342,2
62344,2
62346,3
62350,5
62355,2
62358,2
62364,2
62369,1
62372,2
62376,2
62378,2
62382,1
62387,4
62391,2
62393,2
62395,3
62398,1
62400,2
62402,2
62406,2
62409,3
62414,2
62418,2
62423,2
62425,3
62429,2
62431,2
62438,1
62441,5
62449,1
62473,1
62481,6
62489,5
62494,2
62498,2
62502,2
62504,1
62506,1
62513,2
62515,1
62519,4
62525,2
62528,2
62534,2
62536,2
62544,2
62546,2
62550,3
62558,3
62563,7
62570,3
62573,5
62580,2
62583,4
62590,1
62593,5
62600,3
62605,2
62608,4
62616,3
62619,3
62622,2
62624,2
62626,4
62632,2
62636,4
62640,6
62647,10
62657,3
62666,2
62670,2
62673,3
62676,2
62679,3
62682,2
62684,3
62687,2
62694,3
62699,1
62702,2
62706,4
62710,2
62714,2
62717,3
62721,3
62725,2
62729,2
62732,3
62740,2
62742,2
62744,2
62756,3
62759,3
62766,2
62774,2
62778,2
62783,6
62789,2
62791,3
62794,3
62797,2
62800,3
62804,2
62807,3
62810,3
62822,1
62824,2
62827,2
62830,2
62832,7
62841,3
62856,2
62858,3
62862,2
62870,3
62876,2
62880,2
62884,2
62887,4
62891,3
62896,2
62898,2
62901,2
62904,2
62906,4
62914,6
62920,2
62926,4
62930,3
62936,1
62938,4
62954,4
62960,3
62965,2
62971,2
62983,2
62985,4
62989,2
62994,1
62996,4
63001,2
63004,2
63013,2
63018,2
63022,2
63027,3
63032,4
63042,2
63046,2
63051,3
63054,2
63065,3
63072,4
63076,2
63078,2
63080,1
63083,2
63085,3
63090,3
63093,3
63102,2
63106,3
63111,5
63118,1
63121,1
63128,3
63135,2
63145,3
63149,4
63154,3
63157,2
63162,3
63166,3
63169,2
63171,3
63177,2
63179,3
63183,2
63190,3
63195,5
63202,2
63211,2
63213,1
63217,4
63231,3
63235,2
63242,2
63250,1
63252,3
63260,3
63268,1
63271,2
63277,2
63282,2
63286,2
63288,2
63291,2
63293,4
63297,1
63301,2
63304,2
63309,3
63314,2
63318,2
63321,3
63326,5
63334,2
63337,2
63340,4
63345,3
63349,2
63351,2
63355,4
63359,2
63361,3
63367,1
63369,3
63373,3
63376,2
63379,2
63383,2
63387,2
63390,4
63395,2
63402,3
63406,3
63409,3
63413,2
63421,3
63424,2
63426,2
63436,3
63442,3
63445,5
63453,2
63456,6
63462,2
63467,4
63472,2
63475,3
63487,2
63489,2
63495,3
63504,3
63507,2
63511,2
63516,2
63518,2
63521,2
63526,2
63534,2
63536,2
63538,2
63549,4
63557,2
63565,3
63568,3
63572,3
63575,4
63579,1
63581,3
63587,2
63590,3
63598,2
63602,2
63608,3
63612,3
63621,2
63623,6
63629,5
63634,3
63643,2
63646,3
63649,3
63652,3
63657,2
63661,3
63667,2
63671,2
63673,3
63677,3
63681,2
63683,2
63685,2
63691,2
63693,3
63698,6
63709,1
63714,3
63717,2
63732,3
63737,2
63739,2
63741,2
63745,2
63747,2
63749,3
63753,4
63757,1
63760,2
63765,1
63768,1
63773,3
63776,3
63779,3
63783,3
63788,3
63794,2
63797,2
63803,4
63807,3
63810,2
63816,4
63820,2
63822,2
63824,3
63828,3
63831,1
63833,2
63835,2
63837,1
63840,2
63845,3
63848,2
63851,3
63855,2
63860,3
63864,1
63866,2
63868,2
63876,2
63882,4
63886,1
63891,2
63895,3
63899,2
63901,5
63906,2
63908,2
63912,1
63918,3
63922,3
63926,1
63928,2
63933,2
63937,2
63941,2
63943,5
63951,2
63953,2
63958,2
63962,4
63966,1
63968,1
63970,3
63974,2
63982,2
63985,2
63987,2
63991,2
64002,4
64014,4
64018,2
64020,2
64023,3
64030,2
64035,2
64039,4
64044,3
64047,10
64058,1
64063,3
64066,2
64068,2
64075,2
64078,3
64082,3
64086,4
64091,3
64096,3
64100,3
64103,2
64105,2
64108,2
64113,1
64115,2
64119,2
64122,2
64124,3
64129,3
64135,2
64140,2
64143,3
64146,6
64154,4
64162,3
64170,2
64173,2
64175,2
64177,2
64179,2
64182,2
64186,3
64192,3
64197,2
64202,4
64206,2
64211,2
64213,2
64216,3
64219,2
64221,3
64224,6
64231,3
64238,2
64240,1
64243,3
64253,3
64258,2
64260,2
64263,2
64265,1
64269,3
64278,2
64280,2
64283,2
64285,3
64288,3
64291,2
64293,2
64298,2
64302,2
64305,2
64307,1
64309,2
64311,3
64318,6
64324,1
64331,2
64334,3
64341,2
64351,2
64358,2
64361,2
64363,3
64366,4
64370,2
64373,3
64378,2
64381,3
64385,3
64392,2
64396,2
64401,5
64406,4
64410,3
64414,5
64421,4
64426,3
64430,4
64434,2
64439,2
64443,3
64454,2
64459,3
64465,2
64467,2
64469,2
64478,2
64480,3
64483,2
64485,2
64488,1
64492,1
64495,4
64500,2
64503,2
64507,1
64509,2
64513,2
64516,2
64518,2
64521,2
64527,3
64530,2
64532,2
64535,2
64538,2
64540,2
64549,3
64552,4
64556,3
64561,1
64563,2
64566,2
64569,2
64581,2
64585,4
64589,2
64591,2
64599,2
64601,3
64606,2
64608,2
64612,2
64617,3
64622,1
64630,4
64637,2
64649,3
64652,2
64654,1
64656,2
64663,2
64665,3
64669,2
64671,3
64675,4
64682,4
64686,3
64689,5
64695,3
64698,4
64704,3
64708,2
64714,2
64717,2
64721,2
64728,2
64730,2
64734,1
64737,2
64745,2
64749,2
64755,4
64759,3
64772,2
64777,2
64782,4
64789,2
64791,2
64793,2
64797,3
64800,3
64804,3
64807,3
64813,1
64815,4
64822,2
64824,2
64826,2
64830,2
64835,4
64840,2
64842,2
64844,4
64848,3
64852,3
64855,3
64858,3
64861,3
64864,2
64867,3
64881,1
64883,2
64885,3
64896,3
64899,2
64901,2
64903,2
64905,2
64908,4
64914,3
64917,2
64919,3
64924,3
64927,2
64929,3
64932,2
64937,9
64946,3
64950,2
64954,2
64956,2
64958,3
64961,2
64965,4
64969,4
64973,2
64975,3
64978,2
64988,2
64992,2
64994,2
64998,4
65003,4
65011,4
65020,2
65022,5
65030,3
65035,2
65041,2
65047,2
65049,2
65054,2
65061,2
65064,2
65066,2
65070,1
65077,2
65084,3
65087,2
65089,1
65091,3
65095,1
65099,2
65101,2
65103,3
65108,3
65111,3
65120,3
65127,4
65135,2
65138,1
65142,1
65146,2
65149,2
65158,2
65162,2
65166,2
65168,2
65185,2
65188,2
65190,4
65197,2
65204,3
65210,2
65215,2
65217,3
65221,3
65224,3
65228,2
65230,4
65234,3
65237,3
65240,3
65250,2
65257,2
65270,2
65272,4
65276,2
65278,3
65281,2
65283,3
65289,3
65292,2
65298,2
65306,1
65309,2
65312,3
65316,3
65319,1
65321,2
65326,1
65328,2
65331,1
65336,7
65348,2
65352,3
65358,1
65360,3
65365,2
65370,2
65372,1
65376,8
65386,2
65394,2
65397,2
65403,2
65405,3
65409,2
65411,2
65416,2
65420,2
65423,2
65429,2
65434,1
65438,2
65440,4
65447,2
65457,3
65460,1
65463,2
65469,2
65472,2
65474,1
65476,1
65478,5
65483,4
65493,2
65498,2
65503,1
65505,2
65509,2
65513,2
65518,4
65530,2
65533,2
65535,2
65538,3
65548,3
65551,4
65555,2
65558,2
65560,2
65562,3
65568,2
65570,2
65576,2
65578,1
65580,3
65583,3
65586,4
65591,2
65593,3
65596,2
65600,11
65611,2
65616,5
65621,2
65632,2
65634,2
65642,3
65645,3
65648,2
65652,2
65655,2
65659,3
65664,2
65670,2
65675,4
65685,1
65688,3
65692,2
65700,3
65703,2
65705,2
65712,1
65715,3
65718,3
65723,3
65726,3
65731,2
65735,2
65737,1
65739,2
65745,2
65749,4
65756,3
65761,2
65763,1
65767,2
65771,3
65774,2
65777,2
65779,2
65781,2
65784,2
65786,1
65790,2
65792,1
65803,2
65812,3
65815,2
65822,2
65824,1
65829,2
65831,2
65833,6
65841,1
65843,2
65845,4
65851,3
65858,2
65865,2
65874,3
65881,2
65893,2
65896,2
65898,3
65904,4
65908,3
65913,4
65918,2
65920,2
65922,2
65927,2
65930,3
65935,2
65937,3
65946,5
65951,2
65953,3
65958,4
65963,1
65965,2
65967,1
65972,2
65977,1
65981,3
65987,2
65989,3
65992,2
65997,1
66001,1
66004,4
66008,3
66019,2
66027,2
66030,3
66036,2
66043,1
66049,4
66056,2
66060,2
66062,3
66067,3
66075,2
66078,2
66086,2
66092,3
66095,3
66098,3
66101,3
66105,2
66117,4
66123,2
66128,1
66131,2
66134,3
66137,2
66139,3
66143,2
66146,3
66149,2
66159,1
66163,3
66169,1
66174,4
66178,5
66187,2
66189,2
66192,3
66195,2
66206,3
66221,1
66224,2
66226,3
66231,2
66234,3
66243,2
66245,1
66247,2
66249,4
66255,2
66261,3
66268,4
66272,5
66277,2
66280,2
66283,2
66285,4
66289,3
66295,3
66298,1
66307,4
66320,2
66323,3
66327,1
66329,5
66336,1
66340,2
66342,2
66344,2
66347,2
66349,5
66354,4
66358,4
66366,3
66370,2
66372,3
66376,3
66384,1
66387,2
66394,1
66396,3
66400,2
66405,2
66409,2
66412,2
66418,3
66425,2
66427,2
66434,2
66436,2
66442,2
66447,3
66452,3
66463,4
66476,2
66479,3
66482,2
66485,2
66487,2
66491,2
66493,1
66496,2
66498,4
66505,2
66507,1
66509,3
66512,4
66517,2
66519,2
66522,2
66524,2
66529,4
66534,2
66536,2
66539,1
66546,3
66550,4
66554,2
66558,2
66560,3
66563,2
66565,2
66567,1
66576,2
66584,1
66586,1
66588,2
66590,3
66597,2
66602,2
66605,2
66607,2
66618,2
66621,2
66623,3
66627,2
66629,3
66640,1
66642,2
66644,3
66653,2
66656,3
66660,2
66675,3
66678,2
66682,3
66688,4
66695,2
66697,2
66700,2
66702,3
66706,2
66712,2
66714,2
66716,1
66721,2
66729,2
66732,2
66735,2
66741,2
66744,3
66753,2
66755,6
66762,3
66767,3
66771,2
66773,3
66777,4
66784,2
66787,3
66791,2
66794,2
66796,2
66803,6
66813,2
66815,1
66817,4
66821,2
66829,2
66833,2
66840,1
66845,2
66851,3
66860,2
66862,2
66865,3
66875,2
66878,2
66881,5
66890,2
66893,3
66901,2
66904,3
66907,1
66912,3
66917,2
66919,2
66926,3
66929,2
66931,3
66934,2
66936,3
66940,2
66942,2
66945,1
66948,1
66950,2
66952,1
66956,3
66959,1
66964,9
66973,4
66979,2
66981,2
66986,2
66991,1
66993,3
66996,4
67001,2
67005,3
67009,2
67013,2
67015,2
67021,5
67040,3
67046,3
67049,3
67053,2
67058,2
67061,3
67068,2
67073,2
67078,3
67081,2
67083,3
67095,2
67100,2
67107,2
67112,2
67115,3
67119,3
67122,2
67124,5
67133,3
67137,2
67141,2
67144,3
67147,4
67154,4
67159,4
67168,2
67172,3
67178,4
67182,2
67187,3
67192,1
67197,1
67199,6
67207,2
67209,2
67211,2
67214,3
67219,3
67224,2
67229,3
67232,3
67235,3
67241,2
67243,1
67245,2
67248,2
67253,2
67260,2
67262,3
67265,2
67270,2
67273,2
67277,1
67279,2
67283,2
67293,2
67300,3
67303,4
67309,3
67313,3
67316,2
67318,5
67323,3
67327,2
67336,1
67339,2
67352,2
67354,1
67357,4
67361,3
67372,1
67375,1
67378,3
67383,2
67394,3
67397,2
67400,2
67404,2
67406,2
67413,3
67418,2
67421,2
67430,2
67434,2
67451,1
67454,2
67458,3
67461,2
67464,2
67472,4
67477,2
67483,3
67486,3
67489,3
67493,3
67497,2
67502,3
67508,3
67517,2
67521,3
67526,2
67529,2
67531,3
67538,2
67543,3
67550,1
67552,3
67555,4
67561,2
67563,3
67571,3
67575,3
67581,2
67585,2
67592,3
67604,1
67608,3
67612,2
67615,6
67621,3
67632,2
67634,2
67638,1
67640,2
67643,5
67652,1
67659,2
67663,3
67669,3
67673,2
67675,2
67679,1
67681,3
67685,3
67688,3
67693,2
67695,2
67699,2
67701,2
67708,5
67713,2
67716,3
67721,3
67725,1
67728,2
67730,3
67733,2
67737,2
67740,3
67747,2
67749,1
67752,1
67754,2
67763,1
67767,1
67770,2
67774,2
67784,1
67788,2
67791,2
67797,2
67800,2
67807,1
67810,2
67814,3
67818,3
67821,2
67825,2
67827,4
67837,2
67840,2
67842,2
67847,2
67854,2
67856,3
67860,2
67864,2
67870,3
67873,4
67877,2
67880,2
67883,2
67886,3
67889,2
67892,3
67896,2
67900,2
67905,2
67907,1
67909,3
67915,2
67917,3
67921,2
67930,2
67932,4
67936,2
67938,3
67941,3
67951,2
67953,3
67960,2
67964,3
67970,3
67974,3
67979,3
67989,5
67997,2
68003,2
68007,1
68012,4
68019,3
68022,2
68024,2
68026,1
68028,2
68030,2
68032,2
68034,2
68036,2
68039,2
68041,3
68046,2
68050,2
68055,2
68058,2
68064,3
68067,2
68070,2
68074,2
68076,1
68078,7
68087,3
68094,2
68096,2
68098,3
68101,2
68106,2
68108,1
68112,2
68114,2
68120,2
68122,2
68126,2
68130,1
68134,2
68136,3
68139,2
68143,2
68150,1
68152,2
68155,2
68158,4
68167,2
68171,3
68178,7
68185,2
68190,2
68196,2
68208,2
68212,2
68215,2
68219,3
68226,2
68231,2
68234,3
68239,1
68241,3
68244,2
68251,1
68254,2
68264,2
68266,2
68268,3
68271,3
68274,2
68276,2
68283,1
68287,5
68293,2
68296,2
68300,3
68303,2
68305,1
68307,2
68316,2
68319,2
68321,2
68324,2
68326,3
68331,2
68333,2
68335,7
68344,2
68346,2
68352,2
68354,2
68356,3
68359,3
68362,3
68365,2
68367,3
68372,2
68379,2
68381,1
68384,3
68387,1
68390,2
68393,3
68398,2
68404,2
68406,2
68409,2
68416,2
68419,2
68424,2
68438,1
68440,4
68455,3
68459,2
68464,3
68470,3
68473,3
68480,3
68483,2
68486,4
68490,2
68495,2
68497,3
68501,2
68507,2
68509,6
68515,1
68521,2
68525,1
68527,2
68531,3
68536,3
68546,1
68555,2
68558,2
68565,3
68571,3
68574,1
68577,2
68580,3
68585,1
68590,4
68594,3
68600,1
68602,3
68606,2
68612,2
68618,2
68624,2
68626,3
68631,3
68634,2
68637,2
68640,3
68644,4
68648,3
68654,2
68657,2
68661,4
68667,3
68670,4
68674,1
68679,3
68686,3
68689,2
68692,3
68695,2
68697,2
68705,2
68707,2
68711,2
68713,2
68715,2
68724,4
68730,2
68736,2
68738,2
68741,3
68745,1
68747,7
68754,3
68758,1
68761,3
68764,2
68766,2
68770,1
68772,4
68776,1
68778,1
68780,2
68787,3
68792,2
68794,2
68798,2
68801,3
68806,2
68808,2
68811,3
68814,6
68820,3
68823,3
68836,2
68840,3
68844,2
68847,1
68853,5
68859,2
68862,3
68866,3
68871,2
68873,2
68878,2
68881,3
68884,3
68890,3
68894,2
68899,6
68905,3
68908,2
68911,1
68914,2
68917,4
68921,1
68925,3
68928,3
68932,5
68937,2
68939,5
68945,3
68948,2
68952,1
68956,3
68961,5
68966,1
68975,2
68977,2
68979,2
68981,2
68986,2
69000,4
69007,3
69011,2
69015,5
69022,2
69024,1
69029,1
69031,2
69033,3
69036,2
69038,2
69047,1
69049,2
69051,2
69055,4
69061,3
69078,5
69087,4
69092,2
69099,4
69103,2
69110,1
69122,2
69124,3
69129,2
69132,2
69134,3
69141,2
69145,1
69148,4
69160,2
69164,2
69175,2
69178,1
69180,2
69188,2
69193,2
69197,4
69202,2
69205,2
69210,4
69215,2
69225,3
69238,2
69240,2
69246,2
69248,3
69251,2
69257,1
69260,2
69262,4
69268,2
69271,4
69278,2
69285,2
69290,2
69295,3
69298,4
69302,2
69305,2
69309,4
69313,2
69315,3
69318,2
69320,2
69322,2
69324,3
69327,3
69331,2
69333,2
69337,2
69342,2
69344,2
69347,4
69351,3
69360,2
69367,4
69375,3
69379,3
69384,1
69386,3
69390,2
69393,2
69401,1
69403,3
69406,1
69409,2
69411,2
69413,4
69430,2
69432,2
69440,2
69443,2
69447,2
69459,2
69464,8
69472,2
69477,2
69479,4
69486,3
69489,4
69494,2
69505,3
69509,2
69513,3
69518,2
69520,4
69526,2
69530,3
69533,2
69538,3
69542,3
69545,1
69549,3
69552,2
69554,3
69558,2
69564,2
69568,2
69571,4
69577,2
69579,3
69583,3
69586,2
69589,2
69595,3
69598,1
69601,3
69605,3
69609,1
69614,2
69617,2
69622,3
69625,2
69627,2
69635,2
69637,1
69640,3
69645,2
69647,2
69649,4
69654,2
69656,3
69661,1
69663,1
69673,2
69680,3
69684,2
69686,2
69689,2
69691,3
69694,3
69698,2
69701,2
69704,2
69725,3
69733,2
69735,2
69737,4
69742,2
69744,2
69748,2
69751,2
69755,2
69760,5
69766,2
69775,1
69778,3
69790,2
69794,3
69797,2
69801,2
69807,2
69811,2
69813,1
69815,3
69818,4
69822,2
69830,3
69835,5
69840,5
69846,1
69849,3
69853,3
69860,4
69866,3
69873,2
69876,3
69882,2
69886,1
69889,2
69892,3
69896,2
69898,3
69904,4
69913,3
69923,5
69930,5
69937,4
69941,2
69946,2
69952,1
69956,2
69960,1
69962,4
69967,2
69969,3
69976,2
69979,2
69981,1
69984,2
69987,3
69990,4
69997,2
70007,3
70015,1
70020,3
70023,2
70025,2
70027,1
70030,3
70046,3
70052,2
70056,3
70061,3
70066,2
70068,2
70071,2
70073,1
70075,3
70078,4
70082,2
70084,2
70086,4
70090,3
70093,1
70099,2
70110,2
70115,2
70118,3
70121,3
70124,2
70126,1
70130,2
70132,2
70134,2
70137,4
70141,2
70143,2
70145,3
70160,2
70168,5
70173,1
70180,2
70183,1
70189,3
70196,2
70199,2
70204,2
70209,2
70215,2
70218,3
70225,2
70229,2
70238,2
70240,3
70245,2
70249,2
70251,2
70254,3
70267,2
70271,2
70276,2
70278,2
70282,3
70285,2
70287,4
70292,2
70294,2
70299,3
70309,2
70311,2
70313,3
70320,3
70327,2
70336,2
70338,2
70343,4
70350,2
70352,2
70354,2
70357,2
70364,3
70367,2
70369,4
70374,2
70376,2
70378,5
70383,4
70390,3
70395,2
70399,4
70413,3
70427,3
70437,2
70441,3
70450,6
70474,3
70479,2
70509,2
70523,2
70525,3
70532,2
70545,2
70553,3
70556,2
70558,2
70563,2
70565,2
70567,1
70570,2
70573,3
70582,2
70590,2
70593,2
70601,2
70606,3
70617,2
70620,3
70623,3
70628,2
70631,2
70635,2
70644,3
70652,2
70669,3
70672,2
70675,2
70682,3
70685,2
70687,4
70692,3
70696,2
70707,3
70712,2
70716,2
70723,1
70736,2
70738,3
70750,2
70754,3
70757,2
70759,2
70763,2
70767,2
70769,2
70777,3
70780,2
70782,2
70809,122
70932,2
70940,4
70949,4
70955,2
70957,2
70960,2
70964,3
70975,2
70979,2
70988,2
71008,3
71021,2
71025,2
71033,3
71049,2
71051,2
71086,2
71091,2
71098,2
71104,5
71109,2
71117,2
71136,3
71139,2
71141,3
71145,2
71149,2
71152,2
71165,2
71167,2
71177,2
71182,4
71200,3
71204,2
71214,1
71228,2
71231,2
71233,2
71237,2
71239,2
71244,1
71251,2
71255,2
71259,3
71263,4
71268,2
71270,2
71272,2
71275,2
71277,2
71281,2
71285,6
71297,2
71301,2
71305,2
71316,2
71326,2
71337,2
71355,2
71358,2
71363,2
71371,3
71374,2
71377,5
71382,2
71385,2
71387,2
71392,2
71395,2
71397,2
71400,2
71403,3
71414,2
71419,2
71425,2
71433,2
71437,2
71439,2
71445,2
71447,2
71449,2
71458,2
71463,2
71465,3
71468,2
71470,2
71472,2
71474,3
71485,3
71493,2
71495,2
71497,2
71499,2
71503,2
71510,2
71512,2
71517,3
71520,2
71522,2
71526,2
71528,2
71530,2
71544,2
71546,2
71554,1
71558,2
71561,2
71570,2
71577,2
71592,2
71597,2
71600,2
71604,2
71610,4
71614,2
71616,2
71622,2
71625,2
71627,2
71635,2
71645,3
71650,3
71658,1
71660,2
71662,2
71665,3
71668,5
71675,2
71678,3
71684,4
71688,2
71690,2
71694,2
71697,2
71699,3
71703,2
71707,2
71712,2
71717,3
71728,4
71734,2
71741,3
71748,2
71751,4
71756,2
71762,2
71768,5
71789,2
71795,2
71798,2
71810,4
71814,3
71821,2
71823,2
71827,5
71837,3
71843,2
71850,2
71852,2
71856,3
71859,2
71865,2
71874,2
71877,2
71880,3
71888,3
71921,3
71927,2
71931,2
71938,2
71946,3
71949,2
71952,1
71959,2
71962,3
71969,3
71976,3
71979,2
71981,2
71983,2
71985,2
71987,2
71993,2
71997,2
71999,3
72002,4
72025,2
72027,2
72030,2
72034,3
72037,2
72053,2
72067,4
72081,2
72083,2
72087,4
72093,2
72095,2
72098,2
72101,2
72103,2
72110,2
72112,2
72117,2
72126,2
72132,2
72135,2
72146,2
72152,2
72154,4
72160,2
72164,2
72168,2
72175,2
72177,2
72180,3
72185,2
72188,3
72193,2
72197,3
72203,4
72210,2
72218,2
72220,3
72228,2
72235,3
72242,2
72246,3
72249,2
72263,2
72265,2
72276,2
72282,3
72287,2
72293,2
72296,2
72301,2
72303,2
72306,2
72322,2
72326,3
72333,2
72337,3
72340,2
72342,2
72349,2
72353,2
72359,2
72371,2
72375,2
72383,2
72385,2
72388,2
72403,5
72408,2
72421,2
72426,2
72428,3
72433,1
72437,3
72444,2
72446,2
72458,2
72460,2
72477,2
72487,2
72490,2
72493,3
72497,3
72505,2
72507,2
72511,2
72514,4
72524,2
72526,2
72544,1
72551,3
72555,3
72562,3
72568,2
72573,2
72575,2
72577,2
72586,3
72595,2
72603,3
72606,2
72611,2
72614,2
72617,2
72620,2
72623,2
72629,2
72633,2
72642,1
72644,2
72646,2
72650,2
72655,2
72658,3
72666,2
72668,2
72674,2
72676,2
72689,2
72696,5
72708,2
72711,2
72716,3
72719,2
72722,2
72729,4
72733,3
72736,4
72746,2
72754,3
72758,1
72761,2
72771,2
72775,2
72777,2
72786,3
72792,3
72799,2
72801,3
72808,2
72813,2
72818,3
72821,3
72826,2
72830,4
72843,3
72847,1
72852,2
72857,2
72866,2
72883,5
72892,2
72898,2
72913,2
72917,2
72921,2
72930,2
72936,3
72942,2
72944,2
72953,2
72966,8
72975,3
72982,3
72988,3
72994,2
72999,2
73007,2
73015,2
73020,2
73023,2
73034,2
73036,2
73038,2
73046,3
73051,2
73059,4
73067,3
73082,4
73089,2
73091,4
73096,2
73107,2
73134,2
73140,2
73145,4
73154,2
73167,4
73171,2
73186,3
73195,3
73199,2
73202,4
73206,2
73208,3
73212,2
73216,3
73219,2
73226,2
73232,2
73237,2
73252,3
73256,2
73258,2
73260,2
73263,3
73279,3
73282,2
73300,2
73303,3
73308,2
73310,1
73317,2
73321,2
73323,2
73325,2
73336,2
73341,2
73343,2
73352,3
73355,3
73360,3
73365,2
73368,2
73378,2
73382,2
73385,2
73391,2
73397,3
73411,2
73418,2
73420,2
73422,2
73428,2
73431,2
73433,3
73437,1
73443,2
73447,4
73453,2
73458,2
73461,2
73465,3
73468,2
73470,2
73474,2
73481,2
73486,2
73488,2
73491,3
73496,2
73498,2
73501,3
73510,2
73514,2
73525,2
73527,2
73530,3
73534,2
73546,3
73550,2
73553,2
73561,4
73569,2
73571,3
73578,3
73583,2
73587,3
73590,3
73602,2
73604,2
73607,3
73615,2
73623,2
73630,2
73632,2
73636,3
73641,2
73645,2
73652,3
73655,2
73657,3
73665,3
73671,3
73674,2
73677,2
73685,3
73688,2
73697,2
73701,2
73706,3
73720,2
73723,2
73731,2
73734,2
73736,3
73739,3
73742,3
73747,4
73753,2
73759,2
73762,3
73766,2
73769,2
73771,3
73775,2
73778,2
73780,3
73787,2
73789,2
73797,2
73799,2
73802,2
73807,2
73811,2
73815,2
73818,3
73823,2
73828,2
73830,3
73834,4
73838,2
73842,3
73845,2
73856,3
73865,3
73881,2
73884,2
73895,3
73904,2
73917,2
73919,3
73923,3
73926,2
73930,2
73934,2
73937,4
73942,2
73956,2
73960,2
73963,3
73972,2
73974,2
73978,1
73982,2
73984,2
73989,3
73992,2
73996,2
74008,3
74011,2
74021,3
74026,2
74028,2
74030,2
74038,3
74041,3
74053,3
74056,2
74065,2
74079,4
74085,3
74089,2
74091,2
74100,2
74110,3
74113,2
74115,4
74119,2
74121,3
74126,3
74129,2
74137,3
74141,2
74144,2
74147,2
74150,5
74155,3
74184,2
74192,2
74195,3
74198,2
74217,4
74223,2
74229,3
74232,2
74235,1
74244,3
74249,3
74252,2
74254,2
74270,1
74274,5
74279,2
74284,3
74289,2
74294,2
74297,2
74302,4
74314,2
74316,4
74321,3
74330,2
74339,3
74342,2
74345,2
74357,2
74360,3
74366,7
74374,3
74377,2
74383,3
74387,2
74389,2
74396,2
74403,2
74406,2
74408,2
74410,3
74413,3
74417,2
74419,2
74424,4
74431,3
74440,3
74443,2
74448,2
74450,4
74456,2
74458,3
74464,4
74472,2
74474,2
74478,2
74480,4
74484,4
74489,2
74491,2
74498,1
74504,2
74507,2
74509,2
74516,2
74521,2
74526,2
74532,2
74535,1
74560,3
74572,2
74579,2
74582,3
74587,2
74595,2
74607,5
74616,2
74619,1
74624,2
74631,2
74635,1
74641,2
74643,4
74647,3
74658,3
74676,4
74680,3
74696,5
74703,3
74709,2
74714,2
74723,3
74735,2
74737,2
74739,2
74741,2
74750,2
74757,1
74761,3
74767,3
74772,3
74775,2
74779,2
74781,2
74785,4
74789,2
74798,2
74801,2
74804,2
74811,2
74814,2
74817,4
74823,2
74825,2
74833,2
74836,2
74853,1
74862,5
74870,2
74873,3
74876,2
74878,2
74883,2
74885,3
74890,2
74894,2
74896,2
74906,1
74912,2
74918,2
74926,2
74930,4
74935,3
74943,2
74961,2
74963,5
74968,2
74978,2
74981,2
74984,3
74995,2
74999,2
75010,3
75013,2
75016,2
75018,2
75021,2
75025,2
75027,2
75034,2
75037,2
75043,1
75047,2
75052,3
75058,5
75064,2
75074,3
75083,2
75087,3
75090,2
75096,2
75100,3
75103,2
75107,2
75120,3
75127,3
75131,3
75135,2
75139,1
75142,2
75146,3
75150,3
75156,2
75161,2
75168,3
75174,2
75177,3
75180,4
75191,2
75195,2
75197,3
75205,3
75208,2
75211,2
75228,2
75233,2
75242,3
75245,3
75249,2
75253,2
75256,2
75260,5
75272,2
75274,1
75279,2
75281,4
75285,2
75290,2
75294,2
75298,2
75306,2
75312,2
75317,2
75327,1
75331,1
75334,2
75337,2
75346,3
75349,3
75357,4
75370,2
75373,2
75375,2
75384,2
75386,2
75397,1
75413,4
75417,3
75421,3
75427,2
75435,2
75441,2
75443,4
75451,2
75457,3
75461,2
75467,2
75471,2
75474,3
75479,2
75488,4
75492,2
75497,3
75500,2
75507,2
75517,3
75523,4
75536,2
75541,2
75543,2
75548,2
75556,2
75566,3
75570,3
75577,2
75581,2
75583,2
75589,2
75591,2
75595,2
75597,2
75603,2
75607,2
75612,1
75620,3
75624,2
75628,2
75630,3
75637,2
75639,2
75663,3
75667,4
75676,6
75682,2
75687,3
75695,2
75698,3
75701,2
75706,2
75708,3
75719,3
75724,4
75731,2
75739,4
75748,2
75750,3
75753,4
75757,3
75760,3
75764,2
75776,3
75782,2
75784,3
75789,2
75791,2
75794,2
75799,3
75805,3
75814,2
75816,1
75818,4
75822,2
75827,2
75829,1
75834,2
75837,1
75842,1
75852,2
75854,3
75861,3
75870,2
75874,4
75880,2
75888,2
75900,3
75909,3
75913,2
75915,4
75920,3
75923,3
75926,2
75929,3
75949,2
75952,3
75957,2
75961,2
75966,3
75976,2
75978,2
75982,4
75990,3
75993,2
75996,2
75999,4
76003,3
76018,2
76028,2
76030,4
76037,3
76043,2
76045,2
76048,3
76051,2
76060,2
76068,2
76071,2
76075,3
76079,2
76082,2
76086,3
76107,2
76112,4
76116,2
76118,2
76120,2
76124,3
76128,3
76133,2
76145,2
76153,3
76156,2
76159,2
76168,3
76171,4
76185,2
76193,1
76200,2
76203,4
76207,2
76210,2
76212,2
76215,2
76217,3
76227,1
76229,2
76235,2
76237,2
76242,2
76245,3
76251,2
76261,3
76264,2
76266,2
76268,2
76272,2
76275,2
76277,3
76280,2
76282,3
76286,2
76304,2
76308,4
76312,2
76315,2
76317,2
76321,2
76325,2
76328,2
76335,2
76337,3
76361,2
76363,4
76369,1
76372,3
76377,3
76380,3
76384,2
76387,3
76391,2
76394,2
76401,2
76405,2
76407,2
76413,2
76415,2
76424,3
76427,6
76436,2
76441,2
76446,2
76453,2
76462,3
76465,3
76470,2
76473,3
76487,2
76492,2
76498,2
76512,5
76524,2
76526,1
76534,2
76539,6
76550,2
76554,1
76562,2
76566,2
76571,4
76575,3
76587,3
76595,2
76606,3
76610,4
76619,2
76626,2
76632,2
76634,3
76653,2
76655,2
76657,2
76659,2
76661,2
76666,1
76668,2
76670,3
76673,2
76675,2
76683,2
76685,2
76689,2
76701,2
76703,3
76706,2
76708,2
76710,2
76712,2
76719,2
76721,2
76744,4
76757,2
76768,2
76772,2
76784,2
76788,2
76790,2
76792,2
76811,2
76817,3
76822,2
76831,3
76834,2
76836,2
76841,4
76847,2
76849,2
76851,2
76854,2
76856,2
76870,3
76873,2
76877,2
76883,3
76891,3
76897,4
76901,2
76905,2
76907,2
76910,4
76916,3
76919,2
76923,1
76925,2
76929,2
76942,2
76946,2
76952,3
76956,2
76960,2
76963,3
76970,2
76973,2
76977,1
76986,2
76991,2
76994,3
77011,2
77017,2
77019,3
77023,3
77026,4
77032,2
77040,2
77042,2
77045,2
77049,2
77052,4
77057,3
77063,3
77070,4
77076,2
77086,3
77093,3
77097,2
77101,1
77103,3
77116,2
77121,2
77124,3
77129,1
77132,2
77134,4
77144,2
77149,2
77151,2
77157,2
77166,3
77169,2
77171,1
77175,2
77181,3
77185,2
77198,2
77201,2
77204,2
77207,3
77212,2
77222,4
77226,1
77231,3
77235,2
77244,4
77251,4
77258,2
77261,2
77267,3
77271,2
77275,2
77283,3
77288,3
77293,3
77297,2
77299,2
77301,5
77306,2
77321,3
77326,3
77330,2
77332,3
77335,2
77341,1
77348,1
77350,3
77357,3
77363,2
77371,2
77373,3
77376,2
77380,2
77383,4
77393,2
77402,2
77404,1
77415,3
77421,2
77431,2
77433,2
77442,2
77445,3
77454,2
77460,3
77468,2
77470,3
77485,3
77488,2
77492,3
77502,2
77512,2
77520,2
77523,2
77527,3
77530,3
77535,2
77537,2
77543,3
77546,3
77550,2
77554,2
77564,3
77567,2
77571,2
77576,2
77584,2
77594,3
77597,2
77600,2
77602,2
77604,2
77611,2
77613,4
77617,4
77627,2
77635,4
77641,2
77650,3
77653,2
77655,5
77670,1
77673,2
77678,3
77681,2
77688,3
77691,1
77695,2
77699,2
77703,3
77711,3
77714,1
77719,4
77725,2
77743,2
77745,3
77758,3
77763,2
77788,2
77791,2
77794,3
77797,2
77800,1
77802,2
77804,3
77811,2
77815,2
77819,2
77824,3
77828,2
77839,3
77842,2
77844,2
77848,3
77855,2
77866,1
77871,2
77881,2
77894,2
77896,4
77900,2
77904,3
77907,2
77915,2
77921,2
77924,2
77932,3
77935,3
77941,2
77945,2
77953,2
77964,2
77969,2
77971,3
77976,2
77981,2
77999,3
78003,2
78005,2
78007,2
78015,2
78017,3
78025,3
78037,2
78043,3
78055,2
78059,2
78062,4
78066,3
78070,2
78073,1
78080,3
78083,2
78086,2
78088,2
78090,3
78096,3
78102,1
78105,2
78107,2
78109,2
78111,2
78119,3
78126,3
78130,2
78139,2
78141,2
78145,2
78147,2
78152,2
78156,3
78160,2
78163,1
78179,2
78182,4
78186,2
78190,1
78195,4
78200,3
78203,2
78209,3
78212,2
78216,3
78223,1
78228,2
78230,2
78239,2
78250,2
78262,3
78274,2
78276,2
78286,2
78296,2
78299,2
78302,1
78304,2
78309,4
78313,2
78320,1
78329,2
78331,6
78338,2
78343,2
78345,2
78347,2
78349,1
78353,3
78365,4
78369,2
78374,2
78376,2
78384,2
78400,2
78405,3
78410,3
78413,3
78417,2
78422,2
78432,2
78439,2
78457,2
78460,2
78472,2
78481,2
78484,2
78490,1
78496,2
78505,2
78546,3
78555,3
78567,2
78571,3
78584,2
78595,2
78597,2
78609,3
78616,1
78620,2
78627,2
78639,2
78641,2
78645,2
78650,4
78654,3
78661,3
78670,3
78673,2
78676,3
78686,2
78699,2
78704,2
78708,2
78714,3
78717,2
78724,2
78728,2
78730,2
78732,2
78736,2
78743,2
78752,4
78760,3
78763,3
78767,2
78771,2
78776,3
78781,1
78788,3
78794,2
78797,4
78801,2
78805,2
78809,2
78812,2
78814,2
78816,3
78820,3
78828,3
78831,2
78834,2
78837,3
78848,2
78852,2
78854,3
78859,2
78865,3
78871,2
78883,3
78886,3
78893,2
78895,5
78903,5
78919,3
78928,3
78931,2
78943,2
78954,2
78962,2
78964,3
78968,1
78985,2
78987,2
78990,3
78997,2
79001,2
79006,2
79009,2
79014,2
79016,3
79026,3
79030,3
79035,3
79039,2
79044,2
79046,2
79048,6
79056,2
79077,2
79080,2
79089,1
79095,2
79106,2
79113,2
79115,4
79119,2
79123,2
79129,2
79136,3
79144,3
79148,2
79150,2
79157,2
79159,3
79163,2
79170,2
79178,2
79180,1
79183,5
79190,3
79195,2
79203,4
79208,2
79231,2
79237,2
79243,4
79248,2
79256,2
79262,3
79267,2
79272,2
79274,4
79282,2
79288,2
79291,3
79299,4
79304,2
79306,1
79309,4
79313,2
79325,2
79327,3
79330,3
79334,3
79339,5
79344,5
79349,3
79353,2
79364,2
79366,2
79371,2
79374,2
79377,2
79381,1
79384,3
79399,2
79401,1
79405,3
79410,3
79413,3
79416,1
79430,2
79434,4
79445,5
79452,2
79463,3
79479,2
79485,2
79497,1
79499,2
79503,2
79516,2
79521,2
79532,2
79535,2
79539,2
79544,4
79562,3
79567,2
79569,2
79576,2
79582,3
79594,2
79597,3
79609,2
79611,3
79617,2
79623,2
79627,2
79629,2
79638,2
79643,2
79646,2
79650,2
79652,2
79655,2
79663,2
79665,3
79669,2
79671,2
79673,2
79675,2
79677,2
79679,4
79685,2
79688,2
79693,2
79697,2
79701,2
79704,2
79706,3
79710,2
79715,2
79721,4
79725,3
79729,3
79734,5
79740,4
79746,2
79750,2
79753,2
79755,1
79761,1
79769,1
79779,2
79781,3
79793,2
79796,2
79801,3
79808,2
79814,2
79822,2
79831,1
79836,2
79842,2
79844,3
79852,2
79857,2
79859,3
79862,1
79864,2
79869,3
79872,3
79877,2
79885,3
79888,3
79892,2
79896,2
79898,2
79902,2
79905,3
79908,2
79915,2
79917,3
79920,2
79922,1
79925,2
79927,4
79931,2
79934,2
79939,3
79942,3
79945,5
79950,2
79952,4
79958,2
79960,3
79968,2
79970,1
79979,2
79985,3
79992,2
79996,3
80008,2
80015,2
80028,2
80030,4
80055,2
80057,2
80059,2
80063,3
80066,4
80079,2
80085,2
80087,2
80091,2
80097,2
80103,3
80106,4
80121,3
80124,2
80129,1
80144,3
80147,4
80151,2
80154,2
80156,2
80159,2
80162,2
80166,4
80170,2
80172,4
80185,1
80199,2
80205,3
80210,3
80218,4
80222,2
80224,2
80230,2
80232,4
80248,5
80268,2
80270,2
80272,3
80277,3
80284,2
80287,3
80290,2
80306,2
80311,3
80315,2
80331,1
80333,3
80336,3
80341,2
80347,3
80353,2
80355,4
80364,2
80372,2
80378,2
80383,2
80385,1
80390,3
80395,4
80401,1
80405,2
80409,7
80418,1
80422,3
80428,5
80435,4
80441,2
80447,3
80450,2
80452,2
80454,2
80458,3
80469,1
80481,8
80493,4
80503,3
80508,1
80515,3
80519,3
80525,2
80527,3
80537,3
80540,1
80542,3
80545,2
80551,2
80556,5
80561,1
80582,2
80591,4
80599,3
80618,2
80623,2
80625,2
80630,1
80641,3
80665,2
80667,1
80672,2
80675,2
80677,2
80680,2
80682,3
80686,3
80702,2
80706,1
80713,4
80718,2
80720,3
80727,2
80742,2
80744,1
80748,2
80756,2
80760,2
80777,2
80782,2
80789,2
80794,2
80797,3
80803,2
80807,2
80812,2
80816,3
80839,3
80848,3
80863,2
80867,2
80879,3
80884,1
80889,2
80893,2
80895,2
80903,3
80913,2
80930,1
80935,3
80940,2
80944,2
80946,3
80949,1
80958,2
80968,4
80987,3
80992,2
80995,3
81006,2
81010,2
81015,1
81017,1
81022,2
81026,2
81028,2
81030,3
81033,2
81035,3
81038,2
81050,3
81055,2
81065,2
81069,3
81072,2
81080,1
81085,1
81089,2
81096,2
81098,2
81100,2
81102,2
81106,4
81116,2
81118,2
81120,2
81123,2
81125,2
81127,2
81138,4
81143,3
81148,1
81153,5
81168,1
81172,3
81175,2
81197,3
81203,2
81207,3
81230,1
81232,1
81242,4
81256,4
81262,1
81273,3
81280,3
81283,3
81286,4
81294,3
81299,2
81302,2
81308,5
81314,1
81326,3
81331,3
81334,2
81337,2
81346,2
81373,3
81378,2
81380,5
81385,2
81391,3
81396,6
81424,2
81426,4
81434,3
81449,2
81464,3
81468,2
81470,3
81477,2
81479,2
81492,2
81494,3
81500,4
81518,2
81521,3
81527,4
81533,2
81536,2
81538,2
81540,3
81547,2
81555,2
81562,1
81568,2
81570,2
81572,3
81578,2
81580,2
81582,2
81584,3
81587,3
81599,2
81607,2
81612,2
81619,4
81625,2
81630,2
81636,2
81643,3
81647,2
81649,3
81654,3
81658,2
81660,2
81667,2
81671,1
81678,3
81687,1
81695,4
81706,2
81725,3
81730,3
81744,2
81746,2
81750,3
81757,2
81759,4
81768,3
81771,2
81776,4
81781,2
81794,3
81797,2
81806,4
81811,2
81814,3
81817,1
81828,2
81831,2
81833,2
81835,2
81838,2
81841,4
81846,6
81853,3
81856,2
81860,2
81862,1
81882,2
81890,3
81893,4
81906,4
81914,4
81919,3
81928,3
81947,1
81950,3
81953,2
81955,3
81958,3
81961,2
81972,2
81987,3
81991,2
81994,3
82003,2
82006,2
82009,2
82011,2
82018,2
82031,3
82034,2
82036,1
82044,1
82046,1
82048,2
82051,8
82068,2
82073,3
82076,3
82088,3
82092,2
82100,2
82102,4
82106,2
82108,4
82114,2
82118,2
82120,3
82126,1
82128,2
82130,2
82138,1
82141,2
82147,1
82156,2
82160,2
82162,2
82166,2
82168,2
82175,3
82178,1
82190,1
82199,1
82206,2
82210,2
82213,2
82215,3
82218,2
82221,2
82224,2
82226,3
82229,2
82231,3
82236,3
82242,2
82244,2
82253,3
82257,2
82260,2
82264,2
82277,3
82283,3
82289,2
82297,2
82299,2
82302,4
82306,4
82312,3
82315,2
82318,2
82323,3
82328,1
82338,1
82340,2
82349,2
82353,1
82357,3
82362,2
82368,2
82372,4
82384,2
82388,2
82407,3
82412,4
82416,4
82420,3
82425,3
82428,2
82430,3
82435,2
82441,2
82443,2
82446,3
82451,2
82453,2
82459,3
82462,2
82466,1
82469,2
82472,1
82483,3
82486,3
82490,2
82493,3
82499,2
82503,2
82507,2
82510,2
82512,2
82517,2
82523,3
82527,2
82536,1
82539,1
82543,2
82559,3
82562,3
82573,2
82575,7
82582,3
82586,3
82595,2
82597,4
82602,2
82605,3
82618,2
82620,2
82622,1
82624,1
82626,3
82637,2
82639,2
82641,2
82643,3
82651,2
82654,2
82660,2
82667,3
82670,1
82673,1
82678,1
82682,2
82686,2
82688,1
82693,2
82699,6
82705,3
82709,2
82713,3
82720,1
82724,3
82727,3
82733,3
82739,2
82741,4
82749,2
82751,2
82755,1
82760,2
82762,2
82765,2
82772,1
82784,3
82787,3
82790,2
82801,3
82813,1
82815,2
82819,2
82826,2
82838,2
82848,2
82852,2
82856,2
82859,3
82865,2
82874,2
82878,2
82884,3
82890,2
82893,2
82899,4
82907,3
82910,1
82913,2
82921,4
82925,2
82927,2
82931,2
82937,2
82940,4
82948,2
82959,3
82965,1
82969,3
82974,3
82978,5
82996,3
83012,2
83017,3
83021,2
83030,3
83034,1
83040,2
83046,2
83052,2
83057,2
83061,3
83065,3
83074,3
83083,2
83095,2
83098,2
83100,2
83106,1
83112,3
83121,2
83123,2
83128,2
83132,2
83138,2
83144,2
83147,2
83149,2
83156,2
83158,1
83161,3
83164,2
83181,2
83187,3
83193,2
83195,2
83197,4
83202,3
83205,2
83207,2
83209,2
83220,2
83225,1
83230,2
83238,2
83255,1
83260,2
83264,1
83270,1
83281,2
83285,2
83290,2
83292,1
83295,2
83304,5
83309,1
83318,2
83324,2
83326,2
83329,2
83333,5
83338,3
83349,1
83353,7
83363,1
83367,1
83370,2
83378,3
83388,2
83392,2
83395,2
83403,3
83408,2
83410,3
83415,3
83423,3
83426,3
83433,2
83441,2
83443,2
83447,1
83449,2
83456,4
83460,4
83468,3
83475,1
83493,1
83495,2
83497,2
83501,3
83505,2
83511,2
83514,2
83519,2
83525,3
83528,3
83552,2
83561,3
83567,1
83569,2
83578,3
83581,5
83586,1
83593,4
83597,2
83601,1
83604,4
83610,3
83613,4
83625,2
83628,2
83630,2
83636,2
83642,2
83648,5
83654,1
83665,2
83668,1
83673,1
83678,2
83683,2
83685,1
83690,3
83694,3
83705,3
83713,2
83715,2
83717,2
83721,2
83726,2
83735,2
83737,2
83743,2
83745,2
83758,4
83763,4
83767,1
83777,2
83786,1
83789,1
83797,3
83800,3
83807,2
83835,4
83840,2
83844,3
83847,1
83853,1
83861,2
83863,3
83871,1
83875,5
83880,2
83882,2
83885,2
83898,3
83902,2
83904,2
83914,2
83918,1
83923,2
83929,4
83934,2
83941,3
83945,5
83952,2
83954,2
83957,1
83962,3
83969,2
83973,2
83977,2
83979,2
83983,3
83987,2
83989,2
83998,2
84002,2
84008,3
84011,2
84013,1
84017,3
84028,2
84038,4
84046,4
84050,2
84052,2
84067,2
84072,1
84076,2
84079,3
84083,3
84088,2
84093,1
84098,6
84109,3
84118,3
84122,2
84129,1
84142,2
84147,3
84152,4
84157,4
84162,4
84167,4
84176,4
84180,2
84187,2
84198,2
84202,3
84212,2
84220,2
84225,4
84229,1
84235,6
84245,3
84248,2
84250,1
84253,3
84261,2
84267,2
84272,4
84276,2
84284,2
84291,3
84295,3
84298,2
84300,2
84302,2
84304,2
84311,3
84331,2
84335,7
84342,2
84349,2
84351,1
84358,3
84362,2
84364,4
84373,2
84376,4
84380,1
84383,2
84388,1
84394,2
84396,2
84399,2
84402,2
84405,4
84410,3
84421,1
84423,2
84431,1
84445,3
84461,3
84464,2
84469,2
84479,2
84489,1
84497,4
84502,2
84506,2
84509,2
84511,2
84513,4
84519,4
84534,1
84542,2
84551,2
84564,2
84569,2
84577,2
84580,3
84587,2
84592,1
84594,3
84599,3
84604,1
84606,2
84608,1
84612,3
84617,3
84630,2
84637,2
84640,2
84647,3
84654,2
84657,5
84678,2
84680,2
84682,1
84688,2
84700,4
84704,1
84722,5
84750,2
84755,2
84765,2
84777,2
84781,2
84792,3
84797,2
84803,2
84810,2
84821,2
84825,3
84829,1
84832,5
84837,2
84843,2
84845,2
84847,1
84849,3
84854,2
84858,2
84861,3
84865,2
84879,3
84897,2
84901,1
84903,2
84906,1
84912,3
84915,2
84918,2
84936,2
84940,3
84943,2
84946,2
84951,2
84953,3
84960,4
84964,2
84966,4
84970,6
84981,3
84984,2
84988,1
84994,2
85001,2
85006,2
85013,1
85032,4
85036,2
85038,2
85042,1
85046,2
85050,2
85055,3
85060,2
85069,2
85072,2
85079,2
85090,1
85100,2
85103,2
85117,2
85141,2
85144,4
85149,2
85152,2
85154,1
85156,2
85169,2
85171,2
85183,4
85191,2
85194,5
85214,6
85225,2
85229,2
85231,3
85236,2
85238,1
85240,3
85243,2
85250,1
85253,2
85256,2
85263,1
85267,1
85273,2
85278,3
85283,2
85293,4
85297,1
85329,1
85362,2
85373,2
85381,2
85386,2
85390,2
85393,2
85396,2
85400,1
85442,3
85450,5
85455,3
85459,3
85462,3
85468,3
85472,3
85477,3
85482,2
85489,2
85496,4
85503,3
85506,3
85511,3
85518,3
85522,2
85526,3
85530,2
85533,2
85536,2
85546,2
85557,3
85562,2
85571,1
85573,2
85578,3
85588,2
85601,2
85603,1
85607,1
85614,1
85628,3
85631,5
85637,1
85644,1
85661,4
85678,2
85696,1
85698,2
85701,4
85705,2
85710,3
85715,3
85728,2
85730,2
85735,3
85739,3
85743,2
85748,3
85751,5
85758,5
85764,4
85770,4
85774,6
85780,3
85784,3
85792,2
85795,3
85799,4
85803,1
85814,2
85816,3
85822,2
85824,3
85827,3
85830,3
85833,3
85841,3
85844,1
85846,2
85848,3
85854,2
85856,2
85879,2
85881,2
85887,1
85913,2
85916,3
85919,4
85925,2
85929,2
85935,4
85945,3
85948,1
85950,2
85957,2
85959,3
85966,3
85969,2
85971,2
85973,3
85978,2
85981,3
85985,2
85989,5
85994,3
85998,2
86002,2
86004,2
86017,1
86021,1
86024,1
86029,4
86038,1
86045,1
86070,2
86074,2
86081,2
86083,2
86098,2
86100,3
86105,2
86111,2
86113,3
86117,2
86128,4
86133,1
86139,3
86145,2
86155,3
86172,2
86176,3
86179,2
86181,2
86183,3
86198,2
86201,3
86205,1
86207,2
86212,2
86215,3
86220,2
86224,2
86226,1
86236,2
86242,3
86245,3
86249,3
86253,3
86257,2
86263,3
86267,4
86271,3
86289,2
86318,3
86323,2
86330,2
86335,2
86411,2
86510,2
86574,2
86579,3
86584,1
86587,2
86591,2
86594,2
86601,2
86605,2
86609,2
86612,2
86614,1
86616,1
86627,3
86631,2
86637,1
86639,3
86644,2
86648,2
86650,3
86682,1
86693,2
86695,1
86698,1
86706,3
86729,3
86735,2
86737,2
86743,2
86748,2
86752,2
86756,3
86759,3
86764,2
86785,2
86790,3
86799,2
86807,2
86814,1
86823,4
86827,3
86833,3
86839,2
86846,1
86862,4
86866,2
86870,2
86872,3
86888,2
86892,2
86895,4
86901,4
86905,2
86913,2
86918,2
86928,2
86933,2
86946,2
86948,3
86951,2
86955,4
86960,2
86962,4
86966,1
86972,4
86977,3
86982,4
86986,2
86989,2
86994,2
86997,3
87000,3
87012,3
87016,3
87023,3
87026,4
87039,4
87047,2
87049,3
87054,3
87062,2
87072,3
87075,5
87096,2
87100,7
87109,3
87114,2
87120,1
87130,2
87146,3
87150,3
87157,3
87160,2
87163,2
87166,3
87170,3
87174,4
87179,2
87181,2
87188,2
87193,4
87200,5
87206,2
87213,3
87217,1
87219,2
87223,3
87226,2
87228,3
87231,5
87237,1
87246,4
87255,6
87261,3
87272,2
87281,2
87284,3
87287,2
87289,2
87294,8
87309,2
87311,2
87314,4
87318,3
87321,3
87360,2
87362,2
87366,4
87376,2
87379,2
87385,2
87394,5
87399,1
87401,2
87403,2
87407,2
87414,2
87417,1
87427,4
87435,3
87438,1
87441,7
87448,3
87451,6
87458,2
87464,3
87467,2
87469,2
87484,3
87495,2
87497,3
87503,2
87510,2
87512,3
87518,2
87520,1
87523,2
87529,2
87532,3
87536,3
87545,2
87552,3
87559,2
87562,3
87566,2
87571,4
87575,5
87580,2
87586,5
87591,2
87596,2
87603,2
87605,3
87627,1
87637,2
87646,3
87653,4
87657,2
87662,3
87665,2
87670,5
87677,5
87682,15
87697,2
87700,2
87702,3
87709,3
87712,5
87717,3
87724,3
87727,2
87729,3
87734,3
87740,2
87742,3
87746,3
87753,3
87794,1
87798,1
87801,1
87804,2
87809,2
87814,6
87820,7
87828,2
87836,1
87840,2
87843,1
87853,2
87855,1
87865,2
87869,2
87871,2
87878,2
87880,2
87883,3
87888,3
87891,3
87894,2
87899,2
87902,2
87906,2
87908,3
87913,2
87915,2
87917,3
87924,2
87930,2
87946,2
87958,1
87960,2
87966,2
87975,2
87977,2
87979,2
87982,2
87986,2
87996,3
88001,2
88003,7
88010,4
88015,3
88027,2
88030,2
88041,2
88043,2
88045,2
88050,2
88052,3
88057,2
88061,3
88068,3
88071,3
88082,2
88092,3
88099,2
88106,2
88109,1
88120,3
88125,2
88128,2
88132,2
88134,2
88137,2
88150,2
88154,2
88157,4
88162,2
88164,1
88170,5
88175,2
88182,2
88186,2
88188,3
88191,2
88194,2
88211,1
88224,1
88232,2
88236,3
88242,3
88250,2
88252,2
88256,2
88258,2
88260,3
88263,3
88275,6
88288,2
88291,1
88295,4
88299,3
88304,3
88307,2
88309,2
88311,6
88318,2
88320,7
88327,8
88339,2
88341,3
88344,5
88350,3
88360,3
88366,2
88369,2
88375,4
88381,2
88388,2
88390,2
88392,2
88394,1
88398,2
88400,3
88403,4
88407,2
88409,2
88428,3
88432,2
88435,1
88458,2
88469,3
88474,2
88477,3
88484,5
88489,2
88498,1
88514,3
88519,2
88521,1
88529,2
88531,3
88549,3
88567,2
88571,4
88580,3
88586,2
88594,6
88605,3
88613,3
88619,2
88623,3
88639,2
88641,2
88655,2
88658,4
88662,2
88665,2
88671,2
88673,2
88678,5
88683,1
88685,3
88688,2
88693,6
88699,2
88703,4
88715,3
88719,3
88724,3
88733,3
88738,3
88743,2
88748,2
88755,2
88758,2
88761,4
88768,3
88775,2
88783,2
88794,4
88801,7
88809,2
88811,3
88821,2
88824,2
88826,5
88831,2
88833,3
88848,3
88851,1
88853,2
88860,2
88862,2
88865,2
88870,3
88874,3
88880,2
88883,2
88887,2
88890,2
88897,7
88904,3
88908,2
88927,3
88930,1
88936,3
88939,4
88947,3
88951,2
88965,2
88968,2
88971,2
88973,3
88976,5
88982,3
88985,3
88989,2
88991,2
88994,2
89000,1
89004,1
89007,1
89009,1
89015,4
89026,2
89031,3
89048,2
89053,4
89058,4
89068,2
89071,2
89073,2
89082,2
89087,2
89092,8
89102,2
89106,4
89121,1
89123,2
89137,2
89142,2
89148,2
89156,2
89166,1
89177,2
89183,3
89187,6
89196,2
89201,3
89204,4
89210,3
89213,4
89219,2
89221,4
89229,2
89231,3
89236,1
89241,1
89248,2
89253,2
89258,2
89262,2
89264,2
89266,4
89275,2
89280,3
89294,2
89298,2
89300,5
89307,3
89310,2
89312,1
89315,1
89323,4
89327,2
89329,3
89332,2
89334,4
89346,4
89351,2
89359,3
89365,3
89368,1
89377,1
89379,5
89385,2
89387,1
89397,2
89399,2
89403,5
89411,6
89418,3
89424,2
89437,1
89440,2
89450,3
89455,4
89463,2
89469,2
89471,3
89485,2
89492,2
89495,21
89516,1
89518,2
89520,3
89523,1
89529,4
89543,2
89546,3
89550,8
89562,2
89564,5
89571,2
89574,1
89578,1
89580,3
89603,3
89606,1
89621,3
89624,2
89627,2
89629,2
89631,1
89633,2
89637,4
89645,6
89651,4
89656,2
89662,2
89668,6
89674,3
89677,3
89681,2
89684,2
89688,2
89700,2
89704,2
89711,2
89729,2
89731,3
89739,2
89750,4
89756,2
89761,1
89777,5
89783,7
89793,2
89796,1
89800,2
89802,2
89807,2
89814,2
89816,3
89829,1
89836,2
89838,2
89845,2
89847,3
89850,3
89862,2
89885,1
89889,2
89892,4
89899,3
89902,1
89911,2
89913,3
89919,1
89921,2
89930,2
89936,2
89942,4
89950,2
89952,2
89954,3
89957,2
89959,4
89964,4
89968,3
89971,2
89973,2
89984,3
89997,2
89999,2
90002,4
90006,1
90009,2
90012,2
90014,2
90017,1
90019,3
90024,3
90027,2
90037,2
90039,2
90041,4
90046,2
90050,3
90054,2
90057,1
90062,2
90066,1
90070,2
90072,2
90074,2
90077,2
90082,2
90084,2
90086,2
90090,4
90101,3
90104,3
90117,4
90150,2
90154,3
90161,1
90164,3
90175,2
90178,3
90182,1
90184,3
90189,2
90191,2
90195,1
90198,3
90201,1
90203,2
90206,6
90212,2
90220,2
90225,3
90228,3
90232,2
90234,2
90236,4
90240,3
90247,2
90249,2
90259,3
90262,2
90267,3
90274,5
90279,2
90281,2
90283,4
90287,2
90291,2
90297,4
90302,2
90310,2
90312,2
90316,2
90319,2
90327,1
90332,4
90348,3
90353,2
90355,5
90360,2
90362,3
90366,2
90374,3
90379,3
90383,1
90385,3
90421,3
90425,3
90430,3
90433,5
90465,4
90471,3
90474,3
90484,2
90486,2
90494,2
90496,2
90500,3
90504,3
90510,2
90517,3
90521,2
90524,2
90526,2
90528,1
90533,2
90536,4
90541,3
90551,2
90553,2
90555,2
90562,3
90568,4
90575,2
90578,3
90583,2
90586,2
90589,4
90594,1
90596,4
90600,1
90602,1
90606,2
90612,2
90614,3
90625,2
90634,2
90639,6
90650,1
90653,2
90657,4
90666,2
90668,3
90673,3
90676,3
90679,3
90688,1
90691,1
90704,2
90713,1
90715,2
90741,1
90743,3
90748,3
90751,3
90770,2
90773,4
90792,3
90807,2
90812,4
90816,1
90826,3
90830,2
90832,2
90841,2
90844,1
90851,3
90867,2
90877,3
90880,1
90889,2
90891,1
90902,3
90906,3
90909,1
90914,3
90921,3
90926,3
90929,4
90944,3
90947,2
90951,3
90959,2
90961,2
90966,1
90980,2
90988,2
90990,7
91005,2
91017,4
91021,2
91028,3
91031,3
91034,2
91036,4
91040,1
91044,2
91046,3
91049,1
91083,1
91091,1
91094,1
91100,1
91110,1
91123,1
91133,2
91135,2
91139,1
91145,1
91178,2
91182,1
91189,1
91212,1
91222,1
91250,1
91264,1
91298,1
91335,1
91342,2
91346,1
91356,1
91361,3
91365,1
91379,2
91387,3
91392,3
91396,2
91418,1
91429,2
91431,2
91448,2
91451,1
91453,2
91462,3
91465,1
91469,1
91471,1
91479,1
91481,1
91487,2
91490,6
91497,2
91499,4
91503,1
91505,3
91508,3
91512,2
91520,2
91522,3
91526,2
91529,2
91531,4
91538,3
91548,2
91554,2
91560,3
91567,2
91572,3
91578,2
91580,2
91582,3
91585,3
91588,3
91594,2
91597,2
91599,2
91601,2
91607,1
91609,2
91614,2
91618,2
91622,4
91626,3
91631,2
91633,5
91640,2
91642,3
91647,2
91652,10
91666,3
91672,2
91676,2
91680,4
91688,5
91693,4
91697,3
91701,2
91703,2
91706,2
91712,2
91715,2
91721,2
91726,1
91728,2
91732,3
91737,1
91742,3
91747,3
91757,7
91765,2
91769,2
91778,2
91784,2
91787,3
91798,2
91802,2
91823,3
91828,1
91830,3
91833,4
91837,3
91842,1
91845,2
91848,3
91852,2
91869,2
91902,2
91906,3
91909,2
91911,2
91913,2
91948,3
91963,3
91974,1
91976,3
91980,1
91982,2
91984,2
91989,2
91993,2
91997,2
92000,2
92012,4
92020,2
92026,2
92028,2
92030,2
92035,2
92037,2
92039,4
92044,2
92051,1
92056,2
92060,3
92063,5
92068,6
92074,3
92080,3
92088,2
92090,1
92096,3
92101,2
92105,2
92107,4
92111,2
92116,2
92119,2
92121,2
92128,4
92135,2
92137,3
92140,2
92142,1
92144,2
92149,1
92156,3
92166,1
92168,3
92172,3
92176,2
92178,2
92182,3
92185,2
92188,2
92190,2
92196,3
92202,2
92204,2
92207,4
92216,3
92219,2
92224,1
92231,1
92233,2
92243,2
92246,2
92249,5
92263,3
92269,3
92276,2
92278,2
92280,2
92282,3
92287,2
92292,3
92300,3
92303,8
92313,4
92317,5
92322,1
92331,2
92335,2
92337,2
92342,5
92350,3
92353,2
92355,1
92358,2
92361,3
92364,1
92366,2
92377,1
92379,2
92389,1
92392,2
92398,2
92404,5
92411,2
92413,2
92422,5
92428,1
92430,4
92437,2
92442,2
92444,1
92446,6
92452,2
92454,5
92459,4
92463,6
92469,2
92472,2
92474,1
92479,2
92485,2
92488,3
92495,2
92498,2
92500,2
92502,1
92504,2
92506,3
92510,2
92515,4
92526,2
92532,2
92535,5
92540,2
92542,2
92545,2
92550,1
92554,1
92557,2
92559,1
92569,1
92571,1
92573,1
92575,1
92580,5
92587,6
92594,3
92598,4
92603,2
92609,3
92618,2
92621,3
92624,3
92627,2
92632,4
92636,2
92640,2
92644,3
92654,5
92660,2
92662,2
92665,1
92668,3
92671,2
92675,3
92681,2
92684,2
92686,2
92691,4
92695,3
92705,3
92708,3
92715,3
92718,1
92723,2
92725,2
92727,2
92739,2
92742,2
92747,2
92749,3
92757,2
92761,3
92764,2
92766,3
92771,4
92776,2
92781,3
92785,1
92788,2
92792,2
92796,2
92799,3
92804,4
92813,3
92816,2
92818,2
92820,3
92824,2
92826,4
92832,2
92835,3
92839,2
92841,2
92843,2
92849,2
92851,1
92861,3
92868,3
92871,2
92873,1
92876,3
92882,2
92884,3
92888,2
92890,2
92894,2
92896,1
92901,1
92903,2
92905,4
92909,5
92916,6
92923,5
92934,7
92942,1
92944,2
92946,2
92950,3
92958,2
92961,7
92968,3
92972,2
92976,2
92978,2
92980,2
92982,4
92990,4
92994,2
92997,2
93012,2
93016,5
93021,1
93025,7
93032,2
93034,3
93037,3
93046,6
93054,3
93057,2
93059,2
93061,4
93068,3
93079,2
93081,2
93089,5
93095,1
93098,2
93102,2
93104,2
93114,4
93118,4
93122,2
93133,2
93139,5
93144,2
93146,2
93149,2
93155,2
93158,1
93163,3
93177,5
93183,3
93192,2
93196,2
93206,1
93220,2
93225,3
93228,2
93232,2
93235,3
93245,3
93264,3
93282,2
93286,3
93290,3
93293,3
93297,2
93299,1
93302,2
93315,1
93328,3
93335,2
93337,3
93341,2
93352,2
93360,3
93363,3
93371,3
93374,1
93377,6
93386,1
93392,1
93395,1
93401,1
93419,2
93436,2
93442,2
93445,1
93447,2
93453,2
93458,3
93465,3
93471,2
93476,2
93478,2
93482,2
93485,3
93491,2
93493,3
93496,4
93500,2
93504,2
93508,1
93511,3
93523,4
93529,2
93532,3
93538,4
93542,7
93552,9
93563,2
93568,3
93571,2
93573,2
93576,1
93582,3
93585,2
93588,2
93592,1
93608,3
93612,3
93615,2
93618,2
93620,3
93624,1
93630,3
93651,4
93655,6
93664,1
93667,1
93671,2
93673,1
93675,2
93690,6
93699,1
93701,4
93707,2
93712,2
93714,4
93718,2
93721,2
93723,2
93726,2
93730,4
93735,3
93738,2
93740,4
93744,3
93750,5
93757,2
93759,2
93763,3
93767,2
93771,4
93778,3
93784,1
93789,1
93795,3
93798,2
93804,2
93808,3
93818,3
93827,1
93833,1
93835,4
93839,4
93844,2
93846,4
93852,1
93854,2
93856,2
93859,2
93865,5
93870,2
93873,3
93876,5
93881,4
93886,2
93893,6
93900,2
93904,2
93906,5
93911,2
93916,4
93922,2
93924,1
93930,11
93942,2
93945,2
93952,1
93963,2
93966,2
93969,5
93975,5
93981,4
93985,4
93996,2
93998,2
94001,1
94003,2
94006,3
94013,2
94015,1
94020,3
94023,5
94028,2
94030,2
94036,7
94043,3
94046,4
94050,3
94053,2
94057,4
94065,5
94072,2
94074,6
94083,2
94086,1
94089,4
94093,7
94105,2
94110,2
94114,4
94118,2
94120,2
94122,2
94126,1
94128,2
94146,3
94150,5
94156,2
94158,3
94163,3
94168,2
94180,6
94202,2
94204,12
94217,4
94222,2
94225,4
94229,2
94232,6
94239,3
94243,2
94249,8
94257,2
94259,1
94261,3
94264,2
94269,5
94274,9
94283,2
94285,3
94288,2
94291,3
94294,8
94303,2
94305,3
94308,3
94311,2
94313,3
94316,6
94322,7
94329,2
94331,5
94336,2
94338,3
94349,2
94351,3
94354,2
94357,2
94360,2
94363,7
94370,2
94374,2
94378,5
94383,2
94385,3
94390,1
94393,2
94401,4
94409,6
94415,2
94417,3
94434,2
94436,2
94438,2
94440,2
94442,2
94451,3
94454,6
94460,2
94465,2
94468,3
94471,2
94473,2
94479,1
94481,3
94484,2
94493,2
94495,3
94520,3
94524,3
94528,2
94530,4
94537,3
94541,1
94564,2
94575,12
94608,2
94611,2
94617,2
94620,5
94628,4
94632,5
94640,3
94644,5
94664,2
94669,2
94680,2
94687,3
94691,2
94693,2
94695,3
94699,2
94703,2
94719,1
94735,3
94746,1
94749,2
94759,3
94764,2
94772,3
94777,4
94785,2
94788,2
94796,2
94803,3
94820,1
94830,3
94835,2
94849,2
94858,1
94862,1
94872,1
94876,2
94880,1
94883,2
94888,2
94890,2
94897,1
94901,2
94908,3
94921,2
94934,1
94937,2
94959,2
94962,3
94977,2
94993,2
94995,3
95000,8
95008,1
95010,4
95026,1
95028,1
95079,1
95143,2
95151,2
95156,3
95170,3
95185,2
95192,2
95198,3
95205,5
95210,2
95215,2
95220,3
95227,3
95232,2
95237,2
95239,1
95247,3
95250,3
95253,1
95257,2
95268,3
95276,3
95280,3
95285,1
95287,3
95295,2
95301,2
95306,2
95309,1
95317,4
95321,2
95334,4
95347,3
95350,3
95355,2
95359,3
95362,2
95365,4
95371,2
95373,2
95375,2
95380,2
95384,3
95387,3
95392,1
95395,2
95398,2
95403,3
95407,5
95412,1
95415,2
95417,3
95420,3
95429,2
95438,3
95442,2
95444,1
95446,1
95451,2
95453,1
95460,2
95464,2
95466,2
95468,7
95481,1
95486,2
95488,1
95491,4
95495,1
95499,1
95508,2
95511,2
95518,2
95522,5
95531,2
95534,2
95541,2
95543,2
95545,2
95548,3
95552,1
95555,2
95557,3
95565,5
95570,2
95575,1
95583,3
95587,2
95593,1
95595,1
95599,2
95602,2
95604,2
95606,2
95608,2
95610,2
95613,2
95623,2
95626,1
95633,3
95646,3
95652,2
95655,2
95663,2
95665,3
95673,4
95679,3
95686,2
95688,1
95690,2
95696,1
95698,2
95707,1
95713,2
95715,3
95719,4
95723,2
95727,2
95733,1
95736,2
95738,3
95741,2
95743,2
95745,2
95747,2
95749,4
95754,6
95763,4
95767,2
95774,3
95780,3
95788,2
95790,5
95797,2
95800,3
95803,1
95807,2
95809,8
95817,2
95823,2
95825,2
95829,1
95833,2
95836,2
95841,2
95844,3
95868,2
95871,3
95878,4
95882,2
95888,1
95897,1
95899,4
95909,2
95912,1
95921,1
95924,5
95929,2
95932,4
95945,3
95949,1
95951,3
95954,2
95958,3
95967,2
95969,1
95985,3
95990,2
95995,1
95998,2
96000,1
96002,4
96018,2
96023,1
96025,2
96027,1
96032,1
96035,2
96037,2
96039,1
96041,2
96050,3
96055,2
96061,3
96065,3
96069,2
96073,2
96083,3
96088,2
96092,1
96094,2
96096,4
96100,2
96103,2
96107,2
96109,2
96132,2
96138,1
96140,2
96145,2
96150,2
96159,2
96174,2
96178,4
96189,2
96194,3
96197,2
96202,1
96211,2
96214,1
96224,2
96231,1
96235,1
96237,3
96240,2
96242,2
96244,2
96247,2
96249,5
96254,4
96260,2
96265,3
96268,2
96273,2
96277,2
96286,1
96289,1
96292,5
96299,2
96302,2
96305,1
96307,2
96312,3
96316,2
96324,2
96326,1
96328,2
96337,4
96343,1
96350,4
96356,2
96358,2
96363,3
96368,3
96371,1
96375,2
96389,2
96392,2
96394,2
96403,2
96405,1
96412,3
96417,3
96422,2
96435,5
96440,4
96446,3
96449,3
96452,1
96458,2
96468,1
96475,4
96482,1
96485,2
96491,4
96497,1
96500,2
96503,2
96510,2
96515,1
96518,2
96520,3
96523,1
96527,2
96535,1
96542,2
96545,1
96549,3
96556,2
96561,2
96569,2
96573,3
96576,2
96582,1
96585,3
96603,2
96606,2
96608,1
96611,5
96616,2
96620,2
96623,2
96629,1
96633,2
96638,3
96651,2
96658,2
96662,2
96666,1
96668,3
96676,2
96682,3
96693,2
96696,1
96705,2
96709,2
96711,4
96725,4
96731,2
96735,4
96740,2
96742,1
96744,4
96748,2
96750,4
96755,2
96757,1
96763,1
96766,2
96770,2
96773,2
96778,2
96780,2
96794,2
96797,1
96799,1
96812,1
96819,3
96826,2
96835,2
96842,2
96847,2
96852,2
96856,3
96860,2
96867,3
96875,1
96879,2
96883,4
96888,2
96890,3
96893,1
96903,4
96907,1
96914,2
96920,2
96929,1
96934,2
96942,2
96945,1
96947,2
96953,2
96963,2
96965,2
96967,1
96978,1
96980,3
96985,1
96987,3
96993,2
96997,2
96999,1
97002,1
97008,2
97020,3
97034,2
97040,2
97045,2
97047,2
97049,3
97055,2
97057,2
97059,3
97064,3
97067,2
97077,1
97084,3
97088,2
97090,3
97093,2
97100,2
97103,2
97105,1
97107,5
97118,2
97121,2
97125,2
97139,2
97147,1
97151,3
97161,2
97163,3
97170,2
97175,2
97185,1
97190,3
97211,1
97213,2
97215,2
97220,3
97224,2
97228,2
97247,1
97249,2
97252,2
97259,2
97262,3
97269,1
97271,1
97277,2
97292,3
97303,1
97305,1
97316,4
97329,1
97336,1
97338,1
97340,2
97343,1
97347,2
97349,4
97361,2
97367,1
97373,2
97377,1
97381,1
97385,2
97389,3
97392,2
97394,2
97404,2
97406,2
97408,2
97430,2
97436,3
97444,3
97448,5
97458,4
97462,2
97465,2
97469,2
97471,4
97487,2
97492,2
97499,3
97503,2
97505,2
97520,1
97526,1
97535,2
97540,3
97543,2
97545,3
97548,3
97551,3
97560,2
97564,3
97567,3
97580,2
97584,3
97587,2
97590,3
97594,3
97599,3
97602,2
97612,1
97621,3
97625,2
97628,1
97631,2
97643,2
97649,4
97655,4
97667,3
97670,2
97672,2
97675,2
97677,2
97680,3
97685,2
97689,2
97694,3
97699,1
97705,1
97719,2
97721,2
97730,1
97733,3
97737,2
97741,2
97743,3
97749,2
97764,4
97770,3
97777,1
97779,4
97785,2
97787,3
97792,3
97818,1
97824,2
97833,3
97837,4
97842,3
97845,3
97856,4
97864,2
97869,1
97874,4
97881,2
97895,1
97897,2
97905,2
97910,1
97917,2
97922,2
97925,2
97929,2
97935,2
97938,2
97944,2
97949,2
97955,3
97961,2
97967,3
97973,3
97984,3
97987,5
97995,4
98004,1
98006,1
98010,3
98013,2
98015,2
98039,2
98045,3
98052,5
98058,1
98062,2
98069,4
98075,1
98081,1
98083,3
98097,2
98100,2
98102,2
98108,4
98118,2
98121,2
98124,2
98126,3
98129,3
98132,1
98136,1
98139,2
98144,3
98150,1
98153,4
98158,1
98166,2
98172,2
98177,1
98183,2
98192,3
98201,4
98207,3
98210,2
98212,1
98217,3
98221,1
98223,1
98227,3
98240,3
98243,3
98246,3
98254,2
98267,3
98272,2
98274,2
98278,4
98284,1
98290,3
98294,1
98299,2
98309,2
98313,3
98317,2
98320,3
98328,1
98332,2
98340,1
98346,3
98351,2
98358,3
98363,2
98365,2
98367,2
98369,2
98371,2
98373,2
98379,4
98385,1
98387,2
98395,1
98397,3
98403,2
98411,2
98413,2
98415,2
98417,2
98419,4
98429,3
98435,1
98443,2
98448,2
98454,2
98461,2
98472,1
98479,2
98483,2
98487,2
98489,2
98496,1
98501,1
98503,2
98506,2
98508,3
98515,3
98521,3
98528,1
98551,2
98559,4
98563,3
98570,4
98574,2
98582,3
98588,3
98594,1
98597,2
98603,2
98607,3
98614,2
98617,3
98620,4
98634,1
98636,2
98642,2
98659,2
98666,2
98668,4
98672,1
98679,2
98683,2
98686,1
98694,3
98701,3
98708,2
98713,2
98715,3
98728,2
98734,2
98741,3
98749,2
98751,1
98753,2
98756,3
98759,1
98763,1
98766,3
98770,2
98774,3
98786,2
98802,4
98806,6
98815,2
98824,3
98830,2
98832,2
98837,1
98840,2
98842,4
98846,1
98854,2
98858,2
98860,1
98864,3
98868,2
98873,3
98876,1
98882,2
98894,1
98898,1
98905,1
98907,2
98912,2
98914,3
98919,1
98923,1
98929,2
98937,2
98940,2
98947,2
98950,3
98954,2
98956,3
98973,1
98976,1
98988,3
99004,1
99009,3
99014,1
99016,3
99022,4
99037,3
99043,2
99045,2
99050,3
99056,2
99063,3
99066,1
99073,1
99078,2
99083,3
99092,2
99114,3
99118,3
99123,4
99131,5
99136,3
99154,2
99157,2
99162,2
99169,2
99184,2
99186,3
99191,1
99197,2
99199,2
99201,1
99203,2
99216,1
99221,4
99236,2
99238,3
99243,1
99253,2
99267,2
99269,4
99273,3
99279,2
99281,2
99292,3
99296,2
99298,2
99300,2
99318,2
99321,1
99324,1
99331,1
99334,2
99336,4
99341,2
99353,2
99355,3
99359,4
99364,3
99367,2
99380,2
99382,2
99390,3
99429,1
99437,3
99443,1
99448,2
99451,1
99458,2
99462,2
99475,3
99491,1
99499,5
99507,2
99510,2
99518,2
99520,3
99523,2
99526,2
99529,2
99531,2
99535,2
99538,3
99541,2
99543,1
99552,1
99557,3
99560,2
99568,1
99570,5
99575,2
99580,2
99582,1
99584,1
99599,2
99615,2
99620,2
99623,1
99626,1
99640,3
99653,1
99658,1
99660,2
99663,2
99665,2
99675,2
99681,2
99689,3
99704,2
99711,1
99717,2
99719,2
99722,2
99728,3
99736,2
99744,3
99757,4
99763,3
99768,2
99772,2
99783,1
99786,2
99791,1
99793,2
99798,2
99801,1
99803,2
99805,2
99808,1
99812,3
99818,2
99828,2
99840,2
99843,3
99848,4
99852,3
99855,1
99860,2
99865,3
99871,3
99880,2
99888,1
99890,2
99898,4
99903,1
99906,3
99912,1
99919,1
99930,2
99932,4
99938,2
99951,2
99961,1
99967,3
99985,1
99989,1
