start_row,match_length
26,1
308,1
406,1
420,3
445,1
548,1
603,1
728,2
872,1
891,1
903,1
905,1
983,1
986,1
1041,1
1054,2
1081,1
1142,1
1192,1
1244,1
1341,3
1344,3
1348,2
1392,1
1395,2
1462,1
1473,1
1477,1
1484,1
1509,3
1536,2
1572,3
1639,1
1648,1
1651,1
1659,1
1726,1
1737,2
1759,1
1792,4
1800,2
1802,1
1809,1
1815,4
1824,1
1868,1
1875,1
1897,3
1926,2
1963,1
1985,2
1988,1
1997,1
2005,1
2013,1
2026,3
2031,2
2045,1
2049,2
2055,2
2068,4
2072,2
2094,2
2102,1
2125,2
2127,1
2147,2
2165,1
2203,2
2232,6
2242,1
2251,1
2256,1
2260,2
2276,2
2290,3
2303,2
2319,3
2325,2
2331,4
2360,2
2368,2
2375,2
2377,2
2381,3
2385,1
2391,2
2407,1
2413,2
2434,3
2442,2
2449,1
2460,2
2463,1
2466,1
2471,2
2482,2
2485,1
2532,1
2535,1
2542,2
2545,2
2547,1
2555,1
2563,1
2566,2
2568,2
2573,2
2581,2
2584,3
2594,2
2601,1
2605,1
2610,1
2616,2
2619,4
2623,1
2627,1
2633,1
2637,1
2639,1
2642,2
2645,3
2649,1
2653,2
2659,2
2662,32
2702,2
2707,4
2713,2
2715,2
2720,4
2724,2
2735,2
2738,3
2743,2
2750,2
2753,1
2756,2
2758,2
2764,1
2768,2
2774,2
2778,2
2796,2
2798,2
2801,2
2804,2
2812,2
2818,3
2821,1
2824,2
2830,2
2832,2
2834,4
2838,3
2841,3
2845,5
2850,7
2859,2
2863,5
2882,2
2886,2
2899,2
2911,1
2913,2
2915,1
2920,2
2924,2
2926,2
2928,3
2931,3
2940,2
2943,2
2946,2
2948,5
2955,2
2957,6
2966,2
2972,4
2976,5
2981,2
2984,2
2986,3
2991,4
2995,3
3001,2
3003,3
3006,2
3011,2
3014,2
3018,2
3026,2
3028,2
3031,3
3034,4
3038,2
3041,2
3048,3
3059,2
3069,2
3071,3
3075,3
3078,2
3097,2
3104,2
3116,4
3125,1
3127,2
3130,6
3142,2
3145,2
3151,7
3158,2
3160,2
3162,2
3165,2
3177,4
3187,2
3189,6
3196,2
3199,2
3203,3
3206,2
3208,3
3213,4
3226,1
3229,5
3236,2
3238,3
3241,4
3247,2
3249,7
3260,4
3266,4
3278,2
3281,2
3286,3
3292,3
3295,2
3299,2
3312,6
3320,2
3322,5
3328,2
3334,1
3339,2
3341,2
3346,2
3348,2
3352,2
3354,5
3359,5
3365,2
3367,2
3369,3
3376,2
3378,2
3380,2
3385,2
3395,2
3397,2
3399,2
3409,2
3411,2
3413,3
3416,1
3418,8
3428,2
3431,2
3437,2
3445,4
3449,3
3452,1
3467,4
3491,2
3495,3
3498,3
3503,3
3506,2
3508,2
3510,3
3514,1
3522,2
3531,2
3537,3
3545,2
3552,2
3557,3
3560,5
3567,5
3576,3
3583,2
3585,3
3588,3
3592,2
3594,4
3598,2
3600,3
3605,2
3612,4
3616,4
3620,3
3623,2
3625,2
3627,3
3631,3
3635,3
3638,1
3641,2
3646,5
3654,2
3658,3
3671,2
3673,3
3676,3
3682,2
3684,2
3687,3
3694,2
3699,2
3701,3
3708,2
3710,4
3723,2
3725,3
3732,4
3736,2
3742,2
3752,3
3759,2
3763,10
3775,2
3777,3
3780,2
3786,2
3788,4
3795,2
3800,2
3805,2
3812,7
3819,2
3822,2
3828,1
3830,2
3832,2
3837,2
3843,2
3845,2
3849,3
3853,1
3855,2
3857,2
3861,2
3868,2
3881,2
3883,5
3888,7
3896,2
3905,4
3909,3
3912,2
3919,2
3923,4
3940,4
3946,3
3949,2
3958,2
3967,3
3973,3
3984,2
3986,2
3988,2
3990,2
3993,2
4019,3
4024,2
4026,3
4030,3
4034,2
4037,2
4043,2
4045,2
4047,4
4051,2
4057,4
4066,2
4071,3
4077,3
4081,2
4091,1
4097,3
4107,3
4110,1
4112,3
4118,2
4120,3
4123,2
4127,2
4131,2
4134,2
4136,3
4139,1
4141,2
4144,4
4148,2
4154,3
4161,2
4165,3
4172,2
4174,2
4176,2
4178,2
4198,4
4204,2
4211,5
4220,6
4232,1
4235,2
4241,2
4244,2
4250,2
4252,4
4259,2
4261,7
4268,1
4273,2
4275,3
4278,4
4283,3
4305,4
4309,3
4313,1
4319,2
4322,3
4325,2
4328,2
4331,3
4344,2
4348,3
4352,2
4359,4
4365,2
4369,6
4375,2
4377,3
4381,9
4400,3
4403,3
4407,1
4417,2
4447,2
4449,4
4456,3
4459,5
4464,2
4468,4
4472,2
4475,2
4478,3
4487,4
4491,3
4501,2
4503,1
4516,4
4527,10
4537,2
4540,2
4552,4
4556,2
4558,2
4566,1
4621,2
4623,2
4627,2
4656,1
4783,1
4791,1
4798,3
4804,2
4815,2
4817,4
4823,2
4825,2
4827,3
4835,2
4838,2
4843,2
4846,3
4853,3
4861,2
4863,3
4866,3
4894,2
4896,3
4899,2
4903,2
4905,2
4907,6
4913,2
4923,1
4925,1
5374,2
5379,2
5385,6
5402,3
5613,2
5615,3
5620,2
6437,2
6440,2
6448,4
6740,2
6743,7
6750,3
7014,2
7346,2
7349,3
7414,2
7424,3
7428,2
7687,2
7689,2
7692,1
7695,2
7794,1
7867,1
8129,2
8131,1
8136,1
8138,2
8244,1
8248,2
8383,2
8789,3
8794,2
9091,2
9094,2
9097,1
9099,3
9103,6
9110,2
9112,2
9114,2
9119,1
9121,6
9127,2
9129,2
9131,2
9135,19
9155,6
9262,1
9273,4
9277,2
9280,2
9282,4
9288,2
9291,4
9296,3
9299,2
9302,19
9345,5
9350,2
9354,4
9360,6
9367,2
9370,3
9373,2
9375,3
9378,1
9380,2
9382,3
9385,2
9387,2
9414,8
9423,2
9425,3
9428,1
9430,4
9435,3
9439,2
9449,2
9456,2
9461,1
9468,1
9479,2
9482,4
9486,2
9488,3
9491,2
9495,7
9503,2
9505,2
9507,2
9509,2
9511,1
9513,2
9516,3
9519,1
9526,2
9528,3
9531,3
9537,3
9540,1
9542,1
9544,5
9570,2
9580,3
9584,3
9587,4
9596,1
9598,4
9602,2
9606,3
9609,2
9611,2
9613,9
9622,1
9626,4
9633,2
9636,4
9641,5
9647,7
9657,3
9660,2
9663,2
9665,4
9669,2
9671,5
9676,2
9679,6
9686,3
9696,2
9698,2
9705,2
9708,7
9733,1
9735,2
9738,3
9744,8
9753,2
9756,2
9788,8
9799,5
9804,1
9807,4
9811,6
9818,2
9820,2
9822,2
9825,5
9830,3
9833,2
9835,2
9838,6
9845,4
9849,2
9853,2
9856,2
9859,2
9867,2
9869,3
9872,2
9874,2
9876,1
9879,4
10005,2
10222,2
11292,1
11297,2
11301,2
11313,1
11317,1
11325,1
11329,2
11347,1
11355,2
11362,1
11368,2
11376,2
11385,2
11388,2
11391,1
11397,1
11400,2
11402,1
11407,2
11409,1
11411,4
11415,1
11421,1
11429,1
11431,2
11435,3
11440,1
11442,3
11446,1
11450,2
11459,2
11461,2
11468,4
11473,5
11478,1
11481,4
11485,2
11491,1
11498,3
11510,2
11513,4
11518,1
11522,2
11525,3
11532,2
11537,1
11542,3
11545,1
11550,2
11553,1
11556,2
11558,1
11563,1
11569,1
11573,1
11585,2
11588,3
11594,1
11599,2
11603,2
11606,1
11608,3
11611,1
11615,2
11618,2
11620,2
11622,1
11627,2
11629,1
11632,2
11637,2
11644,5
11653,1
11668,2
11674,2
11676,2
11679,3
11684,2
11687,3
11691,3
11695,1
11702,2
11704,3
11711,2
11720,2
11723,1
11727,1
11732,2
11734,3
11737,1
11739,1
11742,1
11751,1
11757,2
11764,3
11768,2
11771,2
11780,2
11784,1
11786,2
11794,2
11802,4
11821,1
11823,2
11834,4
11840,2
11850,1
11859,3
11863,4
11869,2
11875,2
11880,1
11882,1
11885,2
11889,2
11891,5
11902,1
11906,1
11910,3
11916,4
11921,2
11930,3
11935,1
11937,2
11949,2
11955,3
11958,2
11960,1
11962,2
11964,1
11968,2
11970,2
11974,3
11982,1
11986,2
11990,3
11993,2
11996,2
11998,2
12002,1
12004,1
12006,2
12008,2
12011,2
12016,2
12022,2
12024,1
12027,2
12034,2
12036,1
12038,1
12042,3
12045,2
12047,4
12053,1
12055,3
12058,2
12060,4
12065,5
12074,3
12087,3
12090,1
12096,2
12100,2
12103,2
12105,1
12107,1
12109,2
12122,2
12124,1
12126,2
12131,1
12133,5
12142,2
12144,2
12148,4
12163,3
12166,4
12171,1
12174,2
12176,1
12180,2
12183,3
12187,3
12192,1
12194,2
12204,2
12209,1
12216,1
12223,2
12227,3
12236,3
12243,1
12245,2
12248,3
12252,1
12254,2
12259,2
12268,2
12275,1
12277,5
12287,3
12291,2
12295,2
12297,2
12302,4
12309,1
12313,3
12318,2
12329,3
12337,1
12349,1
12352,2
12355,1
12357,2
12359,3
12362,1
12367,2
12369,2
12371,1
12374,2
12376,2
12378,3
12382,1
12386,1
12389,3
12394,1
12399,2
12401,1
12403,2
12408,1
12410,1
12418,5
12427,1
12429,1
12432,4
12436,2
12439,2
12449,2
12451,3
12458,3
12466,2
12473,1
12477,2
12480,2
12482,3
12485,4
12489,2
12494,1
12497,2
12501,4
12513,3
12517,2
12519,3
12523,3
12530,3
12535,3
12543,2
12545,2
12547,1
12555,2
12557,3
12563,3
12566,2
12570,1
12576,1
12585,3
12588,3
12591,1
12599,1
12603,2
12605,1
12607,2
12615,1
12622,2
12627,2
12631,1
12633,2
12636,2
12639,3
12642,1
12644,1
12647,1
12649,2
12653,2
12655,1
12659,2
12664,2
12678,2
12680,3
12685,1
12687,2
12695,2
12697,2
12699,1
12701,2
12706,2
12708,2
12711,2
12716,2
12719,1
12723,1
12725,3
12730,2
12734,2
12736,2
12745,4
12749,2
12760,2
12763,3
12779,2
12789,4
12793,2
12804,1
12806,1
12809,2
12818,2
12828,2
12830,2
12836,1
12839,1
12846,1
12849,1
12853,3
12856,2
12860,2
12862,3
12866,2
12869,4
12879,2
12881,4
12885,2
12887,1
12889,2
12893,10
12903,3
12906,6
12912,2
12937,3
12996,2
13047,2
13076,8
13118,2
13120,5
13130,3
13167,2
13170,2
13172,2
13191,2
13195,1
13208,2
13210,1
13217,2
13224,1
13226,2
13229,2
13239,3
13242,2
13250,1
13265,2
13267,2
13282,1
13307,2
13316,1
13323,3
13332,1
13335,2
13338,3
13366,3
13369,3
13376,2
13386,3
13389,2
13391,4
13398,2
13400,3
13409,2
13413,3
13420,3
13423,5
13432,1
13437,2
13443,3
13449,2
13455,2
13461,3
13465,2
13478,3
13482,5
13493,3
13503,2
13510,2
13513,1
13527,2
13536,2
13538,1
13544,1
13556,3
13566,2
13582,2
13587,3
13590,3
13594,2
13600,1
13604,3
13610,2
13614,1
13616,2
13619,3
13622,1
13625,2
13627,3
13639,1
13642,4
13647,2
13667,5
13676,1
13684,1
13710,1
13712,2
13714,5
13719,3
13732,2
13737,1
13746,1
13752,2
13758,2
13761,2
13773,1
13778,2
13782,2
13790,4
13808,2
13812,2
13816,1
13822,1
13830,3
13840,1
13850,6
13863,4
13869,2
13872,1
13879,2
13888,3
13891,4
13895,1
13899,5
13923,2
13925,1
13934,3
13948,3
13957,2
13963,1
13968,2
13975,2
13996,2
13998,2
14003,1
14009,2
14011,2
14016,2
14024,3
14032,1
14036,2
14045,2
14049,2
14057,2
14064,2
14067,4
14072,3
14075,1
14085,1
14092,2
14103,2
14109,1
14111,4
14118,3
14123,1
14125,4
14131,3
14136,2
14140,1
14144,2
14150,2
14152,4
14157,2
14159,2
14168,2
14172,1
14179,1
14184,1
14188,2
14195,2
14197,4
14201,3
14210,3
14221,2
14223,3
14228,2
14230,2
14234,2
14238,2
14240,3
14245,2
14249,2
14251,3
14261,2
14263,3
14270,2
14283,2
14296,1
14300,2
14303,4
14317,1
14324,1
14328,2
14330,2
14332,3
14338,1
14342,3
14348,3
14356,1
14371,3
14379,2
14384,7
14392,2
14396,1
14398,2
14401,3
14404,2
14410,2
14417,2
14420,2
14425,2
14429,2
14432,3
14438,2
14440,2
14446,2
14472,2
14477,2
14482,1
14486,1
14489,2
14500,2
14504,1
14515,2
14523,2
14535,2
14542,3
14551,2
14566,2
14568,4
14573,2
14583,2
14587,2
14596,3
14599,1
14632,1
14636,2
14643,3
14649,3
14653,4
14659,2
14661,4
14671,1
14676,5
14682,3
14686,2
14691,3
14694,4
14711,2
14713,1
14715,2
14723,1
14728,4
14732,2
14738,3
14744,4
14749,2
14754,2
14764,2
14769,2
14778,1
14784,1
14786,2
14791,3
14801,2
14805,1
14819,1
14821,4
14839,3
14846,1
14849,2
14854,2
14860,2
14864,2
14868,2
14886,3
14892,5
14899,2
14901,3
14907,1
14928,2
14931,2
14944,2
14946,1
14957,2
14961,4
14966,2
14978,2
14981,3
14984,2
14986,3
14996,1
15005,2
15008,3
15011,1
15025,3
15030,5
15036,3
15044,4
15048,2
15051,3
15055,2
15067,6
15073,3
15085,2
15089,1
15098,2
15104,2
15116,2
15118,4
15122,2
15134,2
15141,1
15147,1
15152,2
15154,3
15167,3
15170,3
15192,1
15197,3
15202,2
15204,2
15207,2
15219,2
15224,2
15226,3
15232,3
15239,2
15243,2
15251,2
15253,5
15260,2
15273,1
15280,2
15282,3
15290,3
15293,2
15299,2
15305,2
15311,2
15318,1
15325,3
15333,2
15335,2
15344,2
15348,2
15351,2
15354,2
15360,2
15362,1
15365,2
15369,1
15377,4
15381,5
15389,2
15399,3
15405,2
15412,1
15415,2
15422,2
15432,3
15435,2
15439,2
15447,2
15450,2
15456,2
15463,1
15471,1
15475,7
15482,3
15487,3
15492,3
15501,5
15506,2
15508,1
15510,2
15512,2
15515,2
15519,2
15521,2
15529,2
15534,2
15536,2
15550,1
15552,5
15563,2
15566,3
15569,3
15576,3
15579,3
15585,3
15588,3
15597,3
15612,2
15625,2
15627,1
15639,2
15643,2
15645,2
15647,3
15650,2
15657,2
15665,1
15671,3
15685,1
15697,2
15701,3
15704,3
15714,3
15717,3
15722,2
15729,2
15740,3
15750,2
15752,1
15762,4
15766,2
15768,2
15770,1
15776,3
15780,2
15782,4
15788,2
15799,3
15811,4
15815,2
15820,2
15823,2
15825,2
15833,3
15838,1
15844,3
15855,2
15859,2
15861,4
15870,2
15874,4
15883,4
15897,3
15901,2
15911,2
15914,2
15921,1
15923,3
15930,2
15948,1
15953,2
15955,3
15961,1
15965,2
15971,1
15973,3
15977,3
15982,2
15994,3
15997,4
16001,2
16003,5
16016,2
16018,2
16020,3
16025,3
16029,3
16033,1
16042,1
16050,1
16052,2
16054,3
16059,2
16061,3
16073,2
16085,1
16087,2
16095,2
16097,2
16103,3
16106,3
16109,1
16113,1
16116,1
16119,2
16121,5
16130,4
16138,2
16144,2
16150,2
16156,2
16167,4
16179,2
16183,1
16197,2
16199,4
16206,2
16208,1
16221,1
16226,2
16232,1
16239,2
16248,3
16255,1
16261,1
16265,3
16268,1
16273,2
16278,4
16286,3
16289,2
16293,4
16301,1
16309,3
16313,3
16331,2
16336,3
16344,1
16346,2
16353,3
16356,2
16366,3
16374,2
16383,2
16385,1
16387,4
16395,1
16397,1
16405,3
16416,2
16419,1
16428,2
16431,2
16450,2
16455,2
16462,2
16464,3
16471,2
16483,2
16488,1
16490,1
16494,4
16504,2
16511,2
16513,2
16515,2
16519,2
16521,1
16528,1
16533,2
16550,2
16560,2
16563,2
16566,2
16575,2
16578,1
16585,2
16588,2
16592,3
16599,3
16604,2
16608,2
16620,2
16631,3
16636,4
16642,3
16646,1
16648,2
16650,3
16653,2
16655,1
16672,2
16674,2
16677,1
16681,2
16686,1
16692,2
16697,2
16701,2
16706,1
16708,2
16711,2
16714,2
16716,3
16719,1
16721,2
16730,3
16739,2
16745,1
16753,2
16758,2
16760,2
16770,4
16780,3
16785,2
16803,2
16805,1
16810,1
16812,3
16817,1
16819,2
16823,2
16826,1
16832,2
16839,1
16843,3
16859,2
16865,3
16869,2
16872,3
16876,2
16882,2
16890,2
16901,2
16904,2
16906,2
16916,1
16919,3
16922,3
16925,2
16934,1
16941,3
16944,2
16951,2
16960,2
16964,2
16968,4
16976,2
16978,2
16981,1
16986,2
16991,2
17000,2
17002,2
17004,2
17006,2
17012,2
17017,1
17020,2
17023,2
17025,2
17027,1
17036,4
17048,3
17054,1
17056,2
17058,2
17064,2
17071,4
17084,2
17087,4
17098,1
17101,1
17105,1
17107,4
17114,3
17117,4
17122,2
17125,1
17130,1
17136,2
17138,2
17151,2
17172,2
17183,2
17185,1
17187,3
17192,2
17204,5
17209,1
17211,3
17217,3
17226,2
17233,2
17235,2
17247,2
17259,1
17267,2
17270,2
17294,2
17298,1
17306,4
17311,2
17313,1
17317,2
17326,3
17333,1
17338,1
17342,2
17344,3
17347,2
17359,1
17362,2
17364,2
17367,3
17371,3
17385,1
17389,1
17393,3
17401,2
17406,4
17411,1
17417,2
17419,1
17426,2
17437,3
17441,4
17448,2
17450,1
17455,1
17457,3
17460,5
17465,2
17476,2
17482,2
17485,1
17487,1
17490,3
17495,3
17510,2
17513,3
17518,1
17528,2
17530,2
17532,3
17535,1
17539,1
17543,2
17545,3
17554,3
17559,1
17563,3
17574,2
17576,3
17580,2
17584,2
17594,2
17597,2
17603,4
17607,2
17613,1
17616,2
17633,8
17685,1
17689,1
17705,1
17710,1
17748,1
17766,4
17778,1
17818,1
17850,1
17859,2
17876,2
17880,1
17887,2
17902,1
17926,1
17934,2
17942,1
17982,2
18006,1
18020,1
18027,1
18054,2
18063,1
18070,1
18073,1
18077,2
18083,2
18087,1
18116,1
18137,2
18140,1
18149,3
18152,3
18164,2
18168,1
18171,2
18430,2
18440,1
18451,1
18453,2
18456,2
18460,2
18470,2
18476,2
18478,2
18480,2
18520,1
18535,1
18543,4
18557,2
18601,1
18671,2
18676,2
18678,2
18681,2
18688,2
18692,2
18694,2
18699,2
18707,3
18714,2
18717,2
18732,2
18737,2
18739,2
18759,2
18777,2
18826,3
18835,4
18842,3
18851,2
18858,2
18862,1
18876,2
18888,2
18899,3
18905,2
18972,2
18999,3
19011,1
19020,1
19023,2
19045,1
19051,4
19071,7
19096,1
19137,1
19200,1
19264,1
19395,2
19407,2
19417,3
19425,1
19435,1
19443,2
19447,2
19455,2
19464,1
19468,2
19474,2
19483,3
19486,7
19493,10
19503,3
19506,2
19508,2
19511,2
19514,14
19528,2
19532,2
19534,3
19539,2
19541,6
19547,3
19551,3
19555,3
19559,3
19562,8
19572,11
19584,5
19589,2
19592,3
19595,9
19604,2
19607,2
19609,10
19619,2
19621,8
19629,2
19631,3
19634,5
19639,8
19647,3
19650,4
19654,3
19657,2
19659,14
19673,2
19675,2
19680,3
19684,2
19686,4
19690,8
19701,4
19706,4
19710,2
19713,3
19716,4
19720,2
19722,6
19729,3
19735,2
19740,4
19746,4
19751,3
19754,4
19758,6
19764,2
19767,2
19770,3
19773,3
19776,4
19780,2
19782,2
19785,3
19788,3
19792,3
19795,4
19799,4
19804,7
19811,2
19815,2
19817,3
19820,2
19822,2
19825,6
19831,9
19840,2
19842,8
19851,4
19855,2
19860,5
19865,5
19870,3
19873,4
19878,3
19882,3
19885,2
19888,5
19893,2
19898,2
19900,5
19905,4
19910,4
19920,10
19930,3
19933,3
19938,9
19947,3
19950,3
19954,2
19956,2
19958,3
19962,2
19964,5
19969,4
19973,2
19975,4
19980,2
19982,8
19990,2
19994,2
19996,3
20000,1
20002,2
20005,4
20013,2
20016,4
20020,2
20022,2
20024,4
20030,3
20034,2
20037,2
20040,2
20044,4
20048,2
20050,2
20053,2
20055,3
20058,8
20067,4
20071,2
20075,2
20077,5
20083,5
20088,3
20093,2
20096,2
20098,6
20104,3
20108,3
20114,4
20119,5
20125,2
20128,2
20131,3
20135,2
20137,2
20139,5
20144,2
20146,8
20156,10
20166,3
20169,4
20173,4
20177,2
20179,2
20183,2
20185,10
20195,4
20200,2
20203,3
20206,4
20210,3
20214,3
20219,4
20223,3
20226,5
20231,4
20239,4
20243,3
20246,2
20248,2
20250,4
20254,4
20258,2
20260,6
20268,3
20271,3
20274,3
20277,4
20282,3
20286,2
20288,3
20291,2
20293,3
20296,2
20299,6
20305,3
20309,3
20314,3
20317,2
20319,6
20326,2
20328,2
20330,2
20335,3
20340,4
20346,4
20350,4
20355,2
20358,5
20363,3
20367,3
20373,3
20376,3
20379,6
20387,2
20390,5
20395,2
20397,2
20399,2
20401,3
20405,2
20407,2
20409,2
20411,2
20415,2
20417,3
20423,2
20426,4
20430,2
20432,2
20437,2
20439,3
20442,4
20446,3
20450,2
20452,2
20455,2
20459,4
20463,2
20465,3
20468,3
20471,2
20473,4
20477,7
20484,3
20490,3
20493,2
20495,2
20497,6
20503,3
20506,2
20508,6
20515,2
20518,2
20520,2
20523,7
20530,3
20533,3
20537,3
20540,2
20542,10
20552,2
20554,1
20558,3
20561,2
20564,2
20569,2
20571,3
20575,2
20577,4
20582,4
20588,5
20594,2
20596,2
20598,2
20600,5
20605,2
20608,2
20612,9
20621,9
20630,2
20632,4
20636,6
20643,2
20646,2
20648,2
20650,4
20654,3
20658,2
20661,4
20665,3
20668,4
20673,2
20675,5
20680,2
20684,4
20689,5
20694,2
20696,7
20705,2
20707,2
20710,4
20716,2
20718,2
20722,2
20726,2
20730,3
20733,2
20735,3
20738,2
20740,2
20744,2
20746,3
20757,4
20761,2
20763,7
20771,4
20775,2
20777,3
20782,3
20789,4
20793,2
20795,9
20805,2
20807,4
20812,2
20816,2
20818,2
20820,2
20822,2
20824,5
20829,2
20831,2
20833,4
20837,2
20840,2
20842,6
20848,3
20851,2
20853,2
20855,2
20857,2
20860,4
20864,2
20866,3
20869,2
20872,2
20875,7
20882,2
20884,2
20886,3
20889,3
20892,2
20894,3
20897,3
20900,3
20903,2
20907,2
20909,8
20919,5
20925,3
20929,4
20933,2
20937,2
20940,3
20943,3
20946,3
20949,4
20954,2
20956,2
20962,3
20968,2
20972,4
20976,2
20978,6
20987,3
20994,3
20997,1
21000,3
21004,5
21009,3
21012,3
21015,5
21020,3
21023,2
21025,3
21035,3
21038,7
21045,9
21054,4
21059,2
21061,7
21068,3
21073,2
21075,4
21080,6
21086,4
21090,4
21094,4
21100,3
21104,3
21107,2
21109,3
21112,2
21118,2
21122,3
21130,6
21136,2
21138,2
21141,2
21145,3
21149,2
21153,2
21157,2
21159,8
21169,2
21171,3
21176,2
21178,3
21185,3
21188,3
21193,2
21195,3
21199,3
21203,12
21215,2
21218,2
21224,3
21227,2
21233,3
21237,2
21239,5
21244,3
21248,3
21252,4
21256,4
21260,3
21263,2
21266,4
21272,17
21290,3
21295,3
21299,5
21304,3
21308,2
21311,3
21320,2
21322,2
21324,2
21326,4
21335,2
21337,2
21340,3
21346,2
21348,2
21351,2
21355,2
21357,4
21369,7
21376,3
21379,2
21383,3
21387,2
21391,2
21393,3
21396,3
21400,4
21404,4
21410,2
21412,2
21415,4
21421,7
21428,3
21431,4
21436,1
21438,2
21444,3
21447,3
21451,3
21454,3
21457,2
21460,3
21463,2
21465,3
21468,2
21470,2
21474,3
21477,3
21480,3
21486,3
21491,2
21493,3
21500,21
21521,3
21525,2
21528,2
21530,2
21532,4
21540,2
21542,3
21545,2
21551,3
21554,2
21557,2
21559,3
21563,2
21565,4
21569,2
21574,3
21577,3
21582,2
21585,3
21590,5
21596,3
21599,5
21604,2
21607,7
21614,2
21616,3
21622,2
21625,3
21630,4
21635,2
21637,3
21641,4
21645,3
21650,2
21655,5
21660,3
21663,8
21671,2
21673,3
21676,2
21678,3
21684,2
21686,2
21688,4
21693,2
21695,7
21702,2
21704,4
21709,2
21711,2
21713,2
21716,2
21718,3
21722,2
21725,3
21728,5
21733,12
21745,2
21748,2
21750,4
21754,4
21758,6
21764,2
21766,5
21773,4
21777,3
21780,2
21782,2
21786,2
21788,3
21791,4
21795,2
21797,5
21802,2
21804,2
21806,2
21808,2
21810,4
21814,2
21816,2
21818,5
21823,7
21832,7
21839,3
21842,4
21848,2
21850,3
21859,2
21862,5
21867,2
21872,2
21874,6
21882,2
21886,2
21888,3
21894,2
21898,5
21904,3
21907,2
21909,6
21915,3
21918,3
21922,2
21927,2
21929,3
21932,2
21934,2
21936,6
21944,5
21950,2
21952,3
21955,2
21957,6
21963,9
21972,2
21977,6
21984,2
21988,5
21993,4
21997,4
22001,2
22004,2
22006,4
22010,2
22013,5
22018,2
22021,2
22024,4
22028,2
22030,7
22037,3
22040,4
22044,5
22049,4
22053,3
22056,4
22060,2
22062,3
22067,7
22075,3
22078,5
22083,2
22085,2
22090,2
22094,2
22096,2
22098,3
22101,2
22103,15
22118,2
22120,5
22125,5
22130,3
22134,2
22137,1
22144,2
22147,5
22152,2
22155,6
22161,2
22164,7
22171,3
22174,2
22176,3
22179,2
22182,4
22187,2
22192,2
22194,2
22197,2
22199,2
22201,5
22207,2
22209,1
22211,3
22214,12
22226,2
22228,13
22244,1
22247,2
22250,3
22253,3
22256,5
22263,2
22269,4
22278,5
22284,2
22286,2
22288,4
22295,2
22298,3
22302,3
22308,4
22312,2
22316,3
22320,2
22322,2
22325,4
22330,4
22336,4
22340,3
22344,3
22347,3
22353,3
22356,5
22361,3
22364,3
22369,6
22375,3
22378,3
22382,2
22384,3
22387,2
22391,5
22396,3
22401,1
22405,3
22408,4
22413,6
22419,2
22423,4
22427,3
22430,3
22437,5
22442,6
22448,2
22452,1
22454,2
22458,4
22462,4
22466,2
22468,3
22471,3
22474,4
22479,3
22482,2
22485,3
22489,3
22492,2
22495,6
22501,1
22503,5
22508,6
22514,2
22516,2
22518,2
22520,4
22524,3
22528,3
22531,3
22535,2
22538,4
22542,6
22552,4
22556,4
22571,7
22578,3
22581,3
22584,2
22586,6
22592,3
22595,2
22597,2
22601,6
22610,4
22615,2
22617,3
22620,4
22628,4
22633,3
22636,2
22640,3
22643,7
22651,1
22653,3
22656,2
22663,3
22666,3
22669,2
22674,3
22677,3
22680,3
22683,5
22689,2
22692,6
22699,2
22702,3
22706,2
22708,2
22710,9
22721,2
22724,2
22726,2
22730,3
22734,2
22739,2
22741,3
22745,4
22751,3
22754,2
22756,4
22761,2
22763,3
22770,5
22775,2
22777,2
22780,2
22783,2
22787,2
22789,2
22793,3
22801,4
22806,2
22808,3
22812,5
22817,3
22820,3
22824,2
22826,5
22831,2
22834,2
22839,2
22841,4
22847,3
22854,5
22860,2
22862,2
22864,3
22867,2
22869,1
22871,2
22874,2
22877,2
22879,5
22884,2
22886,2
22888,6
22894,3
22898,7
22908,2
22910,3
22913,2
22916,2
22919,3
22923,3
22926,5
22931,3
22934,2
22936,3
22939,5
22944,7
22953,2
22955,5
22962,3
22966,4
22970,3
22973,6
22979,2
22983,4
22987,2
22989,4
22995,2
22997,2
22999,3
23002,2
23005,3
23011,2
23013,3
23018,2
23020,6
23026,3
23029,2
23032,2
23035,7
23044,2
23046,7
23053,11
23064,4
23069,2
23075,2
23077,4
23081,6
23087,4
23092,2
23094,4
23098,3
23104,2
23106,2
23108,2
23110,2
23112,3
23115,5
23121,2
23125,3
23130,7
23138,3
23141,2
23143,4
23147,2
23152,3
23161,2
23164,2
23168,2
23172,5
23177,5
23182,2
23184,2
23187,4
23194,3
23197,4
23201,5
23207,3
23210,3
23213,2
23216,3
23219,3
23226,4
23230,3
23233,2
23235,2
23242,2
23244,2
23246,2
23248,4
23255,6
23261,7
23268,5
23273,2
23276,4
23280,2
23282,2
23284,10
23294,3
23298,2
23300,2
23303,3
23306,4
23310,3
23313,1
23317,7
23325,5
23330,4
23339,2
23341,6
23348,2
23351,2
23353,2
23355,4
23359,7
23366,3
23372,2
23374,3
23378,2
23381,2
23383,2
23385,3
23388,3
23391,2
23393,2
23395,2
23399,3
23402,3
23405,11
23417,2
23422,2
23426,2
23428,2
23430,4
23434,2
23438,3
23443,4
23450,2
23452,2
23454,4
23458,2
23461,7
23469,4
23474,3
23477,2
23480,2
23482,5
23487,2
23491,5
23496,8
23505,4
23510,7
23519,3
23522,2
23527,2
23529,2
23531,2
23533,2
23535,5
23540,5
23545,5
23556,2
23561,2
23563,3
23567,2
23569,3
23573,3
23576,2
23578,7
23586,3
23590,4
23595,2
23598,3
23601,2
23603,2
23606,2
23608,2
23613,3
23618,5
23624,2
23626,2
23629,3
23632,2
23634,2
23639,2
23644,3
23648,2
23650,3
23653,2
23658,2
23662,2
23665,3
23670,3
23673,2
23676,3
23679,4
23687,5
23695,2
23699,2
23702,2
23704,2
23706,3
23709,4
23715,2
23717,2
23719,2
23723,4
23727,2
23731,2
23736,2
23739,3
23743,2
23745,2
23748,3
23751,2
23754,2
23757,1
23759,3
23763,2
23765,2
23767,4
23772,2
23774,2
23778,3
23781,3
23787,3
23793,2
23795,4
23799,2
23802,3
23805,1
23807,2
23809,4
23813,5
23818,2
23820,4
23824,3
23827,5
23832,4
23836,2
23844,3
23847,2
23849,3
23852,2
23854,4
23858,4
23863,4
23869,5
23875,2
23878,3
23882,6
23888,4
23892,3
23895,4
23900,3
23903,2
23909,4
23913,2
23917,3
23922,9
23931,4
23935,4
23940,9
23949,4
23955,2
23959,3
23963,3
23966,2
23969,3
23973,3
23976,2
23978,3
23981,4
23987,4
23991,2
23993,5
24002,6
24012,4
24016,2
24019,5
24025,3
24028,3
24031,2
24033,3
24036,3
24039,2
24041,1
24043,2
24051,3
24056,4
24060,6
24066,4
24072,8
24080,2
24083,3
24087,3
24090,3
24096,2
24098,4
24102,5
24107,2
24109,2
24111,2
24113,2
24115,6
24124,2
24126,2
24128,2
24133,3
24137,15
24152,2
24155,3
24158,3
24165,3
24168,2
24173,2
24176,3
24179,3
24183,2
24187,4
24191,9
24201,5
24207,3
24211,2
24213,2
24216,6
24222,2
24224,2
24230,2
24233,2
24236,6
24243,4
24249,3
24255,4
24259,3
24262,2
24265,2
24267,3
24271,2
24276,2
24279,4
24285,3
24288,2
24296,2
24298,2
24300,2
24302,1
24305,2
24310,2
24314,2
24319,4
24323,2
24326,3
24329,3
24332,2
24334,2
24337,4
24341,2
24343,2
24345,2
24348,10
24358,2
24361,2
24365,3
24371,3
24376,2
24378,2
24381,4
24385,2
24392,5
24397,2
24400,2
24402,4
24407,3
24410,2
24412,2
24414,4
24418,2
24422,2
24424,3
24427,3
24431,2
24433,2
24435,2
24437,3
24441,4
24445,2
24448,3
24451,3
24454,3
24459,2
24461,3
24464,2
24466,2
24469,4
24473,4
24478,2
24480,3
24485,7
24492,3
24497,2
24499,5
24504,4
24508,3
24512,2
24515,2
24518,2
24521,6
24527,2
24529,5
24534,2
24536,2
24541,2
24544,4
24549,2
24552,2
24555,3
24562,2
24564,5
24570,4
24575,5
24580,4
24585,2
24592,3
24595,5
24602,2
24605,6
24611,2
24613,3
24616,2
24619,2
24621,3
24625,2
24629,2
24631,2
24633,2
24635,4
24639,3
24643,2
24648,6
24654,6
24660,3
24663,8
24673,3
24676,3
24681,4
24685,2
24687,2
24689,5
24695,3
24698,3
24701,2
24703,2
24705,2
24707,5
24716,4
24720,3
24725,2
24727,5
24732,3
24735,3
24738,2
24743,4
24747,2
24749,2
24752,3
24756,2
24759,4
24763,7
24770,3
24773,2
24776,3
24783,8
24791,4
24795,3
24798,2
24802,2
24806,2
24808,8
24816,2
24818,2
24820,4
24824,2
24827,2
24830,4
24836,2
24838,2
24840,3
24843,2
24845,2
24847,7
24854,2
24860,4
24864,4
24868,4
24872,6
24878,3
24881,2
24884,2
24886,5
24891,3
24894,2
24898,2
24900,4
24907,2
24909,2
24912,5
24918,3
24924,3
24928,5
24938,5
24944,6
24950,2
24952,3
24955,4
24961,5
24968,3
24972,4
24979,2
24981,2
24988,7
24995,4
24999,2
25001,5
25006,2
25009,2
25011,3
25016,2
25021,5
25029,2
25034,3
25039,6
25045,5
25050,2
25053,3
25061,3
25065,4
25070,4
25075,5
25082,2
25086,2
25088,4
25095,3
25099,3
25109,5
25114,2
25116,2
25119,4
25125,7
25132,23
25158,23
25181,22
25203,4
25207,2
25209,17
25227,7
25234,13
25247,5
25252,5
25257,5
25262,2
25264,3
25268,7
25275,11
25286,17
25303,14
25318,3
25321,4
25326,3
25329,3
25332,3
25335,12
25347,5
25352,4
25358,5
25364,9
25373,7
25380,8
25388,5
25393,4
25397,4
25402,7
25409,3
25412,9
25421,2
25423,2
25425,5
25431,3
25436,11
25448,4
25452,3
25456,2
25460,5
25465,7
25472,2
25474,3
25478,7
25485,3
25488,4
25493,3
25497,4
25501,2
25503,4
25507,3
25510,2
25512,7
25519,14
25533,5
25538,7
25545,2
25547,10
25557,5
25565,7
25572,6
25580,2
25583,3
25586,6
25592,5
25597,3
25600,2
25602,3
25605,4
25609,3
25612,4
25616,7
25624,4
25628,15
25643,9
25652,3
25655,3
25658,13
25672,6
25680,2
25682,2
25684,2
25686,7
25693,2
25696,2
25699,3
25702,10
25713,6
25719,6
25725,2
25727,4
25732,3
25735,5
25740,3
25743,4
25749,7
25757,5
25762,3
25768,7
25776,3
25779,2
25781,3
25784,5
25789,3
25792,6
25798,2
25801,2
25803,6
25809,2
25811,5
25816,2
25818,5
25823,7
25832,11
25845,5
25850,9
25859,9
25868,8
25876,4
25880,7
25887,7
25894,3
25898,4
25902,14
25917,4
25923,2
25925,3
25928,2
25931,7
25938,2
25940,8
25948,3
25953,5
25958,6
25965,12
25977,6
25983,2
25985,10
25995,2
25999,3
26003,4
26007,13
26020,3
26024,3
26028,3
26032,3
26035,6
26041,10
26051,7
26058,8
26066,3
26072,2
26074,3
26078,2
26080,7
26087,2
26090,3
26095,11
26108,4
26112,2
26115,24
26139,8
26147,3
26150,4
26154,6
26160,2
26162,3
26166,3
26169,11
26181,4
26185,5
26190,2
26192,5
26197,3
26200,4
26204,2
26206,3
26209,11
26220,2
26222,7
26229,2
26231,8
26239,3
26242,3
26245,3
26248,4
26252,3
26255,2
26257,5
26262,6
26271,3
26277,3
26283,11
26294,6
26300,10
26310,2
26312,3
26316,5
26321,6
26327,3
26331,3
26334,7
26341,2
26344,6
26350,2
26352,3
26357,3
26361,17
26379,2
26384,11
26395,2
26397,2
26401,2
26403,2
26405,2
26408,6
26415,6
26421,5
26426,5
26432,4
26437,5
26442,12
26454,2
26456,3
26459,2
26462,6
26468,2
26470,8
26478,13
26491,7
26498,3
26501,5
26509,2
26511,3
26514,11
26525,4
26529,3
26532,2
26536,12
26548,11
26559,1
26561,3
26564,3
26567,7
26574,3
26578,4
26583,3
26586,4
26591,5
26596,3
26599,3
26602,3
26605,3
26608,7
26615,4
26620,2
26623,3
26626,5
26631,7
26639,3
26644,2
26646,4
26650,1
26652,8
26660,3
26663,2
26665,6
26671,10
26682,2
26684,2
26686,2
26689,5
26694,1
26696,8
26704,14
26718,6
26724,8
26732,5
26737,8
26745,7
26752,2
26754,3
26757,8
26765,5
26770,4
26774,2
26777,2
26779,2
26781,3
26784,9
26793,2
26795,3
26798,5
26803,8
26811,4
26815,6
26821,3
26824,2
26826,11
26838,4
26842,4
26846,5
26851,3
26854,3
26859,3
26862,5
26867,6
26873,9
26882,2
26884,5
26890,6
26896,2
26899,4
26905,6
26911,3
26915,13
26932,5
26937,10
26947,6
26953,2
26955,2
26957,3
26960,2
26963,4
26968,4
26972,7
26979,5
26984,9
26993,4
26997,4
27001,3
27005,2
27008,3
27011,9
27021,3
27024,12
27036,2
27038,4
27042,4
27047,4
27051,13
27064,2
27066,3
27069,5
27074,2
27076,2
27079,5
27085,4
27089,4
27093,2
27095,8
27103,2
27105,4
27111,4
27115,2
27117,17
27134,2
27139,3
27142,3
27145,3
27148,6
27154,4
27160,5
27166,2
27168,2
27170,3
27174,4
27178,2
27180,4
27184,4
27189,7
27196,4
27200,2
27204,2
27208,4
27213,5
27218,2
27221,4
27225,2
27228,2
27231,3
27235,7
27243,2
27245,5
27250,2
27253,7
27260,2
27263,4
27269,5
27274,8
27283,4
27287,3
27290,3
27295,8
27303,4
27308,3
27311,2
27313,3
27316,4
27321,3
27324,3
27327,8
27337,5
27342,3
27348,5
27353,3
27356,3
27359,4
27363,2
27366,2
27368,3
27371,8
27379,3
27383,4
27387,4
27391,4
27395,4
27399,3
27402,5
27408,5
27413,2
27416,3
27419,6
27430,5
27437,2
27439,2
27441,2
27443,2
27445,7
27453,3
27456,4
27460,4
27466,3
27469,2
27471,5
27476,3
27480,5
27488,4
27493,13
27506,2
27509,9
27518,5
27523,8
27531,8
27539,3
27544,3
27549,3
27552,4
27556,2
27558,6
27564,2
27567,4
27571,4
27575,1
27577,2
27579,2
27582,5
27587,5
27592,3
27596,2
27598,4
27602,3
27605,6
27613,3
27616,2
27618,2
27620,14
27634,2
27636,2
27639,6
27645,3
27649,2
27651,6
27657,2
27659,9
27669,3
27674,2
27676,3
27679,5
27684,4
27688,4
27692,3
27695,5
27700,3
27703,2
27705,10
27715,2
27717,7
27724,3
27727,5
27732,4
27738,2
27740,5
27746,5
27751,7
27758,6
27765,2
27767,2
27770,4
27775,9
27785,6
27791,8
27799,3
27803,4
27808,2
27810,2
27815,8
27823,2
27826,5
27831,3
27834,3
27837,2
27839,2
27841,4
27847,2
27849,2
27851,4
27855,3
27858,5
27864,2
27866,5
27873,3
27876,4
27880,2
27882,4
27886,2
27889,3
27892,3
27895,2
27897,6
27903,2
27906,2
27908,4
27912,2
27914,2
27917,2
27919,3
27922,4
27926,2
27928,2
27930,2
27934,5
27939,4
27943,13
27956,6
27962,5
27967,4
27971,2
27975,2
27977,6
27985,3
27988,5
27993,4
27998,2
28000,4
28004,1
28006,7
28014,2
28016,7
28024,14
28038,2
28040,4
28044,3
28047,7
28054,4
28058,3
28061,6
28067,4
28071,2
28073,3
28078,2
28080,2
28082,2
28084,6
28090,4
28094,2
28098,3
28102,6
28108,3
28112,5
28117,4
28121,2
28123,4
28130,2
28132,2
28135,5
28141,5
28146,6
28152,2
28154,6
28160,5
28165,4
28169,7
28176,2
28178,2
28180,10
28190,2
28192,4
28196,4
28201,6
28208,5
28213,6
28219,3
28222,4
28227,2
28231,2
28234,4
28239,3
28242,2
28245,3
28248,3
28251,3
28255,3
28259,2
28261,5
28266,8
28274,9
28284,5
28289,8
28297,5
28302,12
28314,3
28317,3
28320,3
28323,4
28328,2
28330,2
28332,2
28334,7
28342,2
28346,4
28352,2
28355,2
28357,2
28359,2
28361,2
28363,4
28368,3
28371,4
28377,4
28381,3
28388,4
28392,2
28394,5
28400,2
28406,5
28412,2
28414,2
28416,2
28419,3
28422,2
28424,2
28426,4
28430,2
28432,5
28437,2
28440,3
28443,2
28445,2
28449,4
28454,2
28458,2
28461,2
28463,4
28467,6
28473,7
28480,2
28482,2
28486,6
28493,4
28497,8
28505,2
28508,16
28524,4
28528,2
28534,2
28536,10
28546,2
28548,3
28551,3
28554,2
28556,2
28558,13
28571,2
28574,3
28577,3
28580,2
28582,2
28584,2
28586,4
28590,4
28594,9
28603,8
28611,9
28620,5
28625,3
28628,2
28630,2
28634,4
28638,5
28645,2
28647,3
28650,2
28654,2
28656,11
28667,5
28672,2
28674,3
28680,2
28683,8
28691,2
28693,5
28698,5
28703,4
28707,2
28709,4
28714,4
28721,4
28725,2
28727,3
28730,4
28736,2
28738,4
28742,4
28746,2
28748,9
28757,2
28760,2
28762,3
28765,3
28768,2
28771,2
28773,3
28777,10
28788,3
28791,3
28795,1
28798,2
28801,10
28812,1
28814,3
28817,2
28819,11
28830,2
28832,5
28839,4
28844,2
28846,5
28851,2
28854,4
28861,4
28865,3
28868,5
28873,10
28883,3
28886,4
28890,3
28894,2
28896,2
28898,5
28905,17
28922,2
28925,2
28927,3
28932,3
28935,7
28943,4
28947,6
28953,2
28955,6
28961,4
28965,6
28971,4
28975,2
28977,5
28982,7
28992,9
29002,3
29006,7
29013,9
29022,5
29028,4
29032,4
29036,2
29038,2
29040,2
29043,2
29046,2
29048,4
29054,3
29057,4
29062,5
29067,5
29073,7
29080,4
29084,4
29089,4
29093,3
29097,4
29101,5
29107,4
29113,3
29116,2
29118,4
29123,3
29128,2
29132,3
29135,4
29139,2
29141,2
29143,3
29146,4
29150,2
29154,2
29158,2
29161,3
29164,3
29167,6
29174,3
29177,3
29181,3
29184,4
29188,4
29192,2
29194,2
29196,2
29198,2
29202,2
29204,2
29208,3
29211,2
29214,4
29218,2
29220,3
29223,4
29227,2
29229,6
29235,5
29242,2
29244,4
29248,3
29253,4
29257,4
29261,4
29265,4
29270,5
29275,1
29277,9
29286,3
29289,2
29291,2
29298,4
29302,3
29306,2
29309,11
29320,6
29326,3
29331,3
29334,5
29339,2
29341,5
29346,2
29348,2
29351,3
29354,2
29356,5
29361,3
29364,2
29366,2
29368,3
29373,6
29379,6
29386,5
29391,5
29396,3
29402,5
29410,4
29415,3
29419,3
29423,10
29434,2
29436,5
29443,4
29447,6
29454,4
29458,3
29461,3
29464,3
29467,2
29469,3
29472,6
29478,2
29480,4
29484,6
29490,2
29492,2
29494,8
29502,3
29505,2
29507,5
29512,2
29514,5
29520,3
29523,4
29527,2
29529,3
29534,6
29540,3
29543,6
29549,2
29551,5
29556,2
29560,7
29567,4
29571,9
29580,2
29582,2
29584,3
29588,5
29593,9
29606,3
29610,4
29614,8
29623,2
29625,2
29627,2
29629,7
29637,4
29641,5
29647,2
29649,3
29652,3
29655,2
29657,3
29660,5
29665,4
29670,2
29676,6
29683,3
29688,4
29692,4
29697,4
29701,3
29704,6
29710,7
29717,4
29722,2
29724,3
29727,2
29729,2
29731,3
29734,7
29741,6
29747,1
29750,2
29752,4
29756,3
29760,4
29765,3
29768,3
29771,4
29775,5
29780,6
29786,4
29791,5
29796,7
29803,4
29808,2
29810,8
29820,3
29823,3
29826,3
29829,2
29833,5
29838,1
29845,3
29848,3
29852,9
29861,4
29865,3
29868,4
29873,3
29877,6
29884,5
29890,2
29893,9
29902,5
29908,3
29911,3
29916,2
29918,5
29923,2
29925,3
29930,4
29934,5
29939,2
29941,3
29944,2
29946,4
29950,5
29955,3
29960,2
29962,4
29967,2
29969,4
29975,4
29979,3
29982,8
29991,8
29999,9
30008,3
30011,2
30013,2
30017,2
30019,2
30021,3
30026,6
30035,2
30038,5
30043,2
30045,3
30048,4
30052,3
30055,4
30060,3
30063,5
30068,3
30071,7
30079,5
30084,3
30087,2
30089,2
30095,3
30098,2
30101,5
30107,5
30113,6
30119,1
30122,4
30126,3
30129,3
30132,2
30135,6
30141,2
30143,2
30145,2
30149,4
30153,3
30157,2
30159,6
30165,11
30177,3
30180,1
30182,5
30187,9
30196,3
30199,2
30201,2
30203,5
30208,14
30223,2
30225,5
30231,2
30233,3
30236,2
30238,7
30245,4
30249,4
30253,4
30257,2
30259,5
30264,4
30268,2
30270,6
30276,6
30283,5
30289,2
30291,3
30298,8
30307,2
30310,4
30314,2
30317,3
30320,7
30327,2
30330,10
30340,3
30343,4
30352,2
30354,2
30357,4
30361,5
30366,4
30371,2
30373,2
30375,2
30377,4
30381,3
30384,4
30388,3
30391,3
30394,2
30396,7
30403,3
30406,2
30408,10
30418,5
30423,3
30427,3
30431,3
30434,6
30441,3
30444,2
30446,2
30448,5
30453,2
30456,2
30459,2
30461,3
30464,6
30471,3
30475,2
30477,3
30481,2
30483,8
30493,4
30499,5
30505,3
30509,4
30513,2
30516,5
30522,2
30525,2
30529,3
30533,4
30537,3
30540,3
30543,2
30547,2
30551,5
30556,4
30560,3
30563,2
30565,2
30568,7
30577,3
30580,3
30583,9
30592,2
30594,2
30596,2
30598,2
30600,2
30602,11
30615,4
30621,5
30629,5
30634,9
30643,4
30647,3
30650,2
30652,5
30657,2
30659,2
30661,3
30664,3
30667,2
30669,6
30676,3
30680,4
30685,6
30691,5
30696,9
30705,4
30709,5
30714,2
30717,2
30719,3
30723,13
30736,3
30739,3
30742,6
30749,5
30755,8
30764,5
30770,2
30772,2
30774,2
30776,7
30783,2
30785,4
30789,2
30792,2
30794,15
30809,3
30812,3
30815,3
30818,2
30820,6
30826,3
30832,3
30835,5
30842,3
30845,6
30851,2
30853,2
30855,3
30858,11
30872,7
30879,6
30885,2
30887,9
30896,5
30903,2
30906,2
30909,4
30913,4
30917,3
30920,2
30922,2
30924,4
30928,1
30931,3
30934,2
30936,4
30941,3
30944,5
30950,3
30953,3
30956,3
30960,4
30964,8
30972,2
30974,4
30978,2
30981,4
30985,3
30988,3
30993,3
30996,3
30999,4
31003,4
31007,2
31009,2
31012,3
31015,3
31018,2
31023,2
31025,3
31029,3
31032,4
31036,3
31039,8
31047,6
31054,2
31056,3
31061,3
31065,2
31067,4
31072,4
31076,2
31078,4
31082,5
31087,4
31092,7
31099,6
31105,3
31108,3
31112,2
31115,2
31117,2
31119,7
31126,6
31132,2
31134,5
31139,3
31142,3
31145,3
31148,8
31156,2
31158,2
31163,2
31167,2
31169,2
31171,4
31175,6
31182,2
31184,6
31190,5
31197,2
31199,2
31201,2
31203,3
31206,3
31212,4
31216,11
31227,6
31235,5
31240,6
31246,2
31249,5
31256,8
31264,6
31270,3
31274,2
31276,3
31279,2
31282,2
31285,1
31287,4
31291,4
31295,3
31298,2
31300,7
31307,2
31309,4
31313,4
31317,3
31320,4
31324,9
31336,2
31339,3
31342,2
31344,3
31347,2
31350,3
31353,7
31360,2
31365,2
31367,2
31369,5
31374,2
31376,3
31380,3
31383,4
31388,2
31390,2
31394,3
31397,4
31401,8
31409,2
31411,4
31415,3
31419,3
31423,4
31428,3
31432,5
31438,3
31443,2
31446,3
31453,3
31457,3
31460,2
31463,8
31471,2
31475,3
31478,3
31481,7
31488,2
31490,2
31492,6
31498,2
31501,2
31503,3
31506,6
31512,9
31522,2
31524,2
31527,4
31532,4
31536,3
31541,2
31543,5
31548,4
31552,2
31554,2
31556,5
31561,3
31565,3
31568,4
31573,5
31578,5
31583,4
31587,2
31589,2
31592,2
31594,5
31599,4
31603,5
31609,2
31612,3
31615,5
31620,2
31622,2
31625,2
31627,2
31629,5
31634,4
31639,2
31642,4
31646,2
31648,3
31651,3
31654,4
31658,3
31661,3
31664,2
31666,3
31670,2
31672,4
31676,7
31683,3
31686,3
31689,2
31694,3
31697,3
31700,3
31703,3
31706,3
31709,6
31717,4
31721,4
31725,3
31728,9
31738,2
31741,2
31743,2
31746,2
31749,4
31755,2
31757,4
31761,2
31763,3
31766,5
31771,4
31776,2
31778,4
31782,1
31788,5
31793,2
31795,12
31808,4
31812,5
31817,4
31821,4
31825,5
31830,2
31833,4
31838,7
31845,6
31852,3
31855,4
31859,2
31861,2
31863,3
31866,2
31868,8
31876,3
31880,2
31882,4
31886,2
31888,3
31893,1
31897,5
31902,3
31907,3
31910,3
31914,6
31920,3
31924,5
31929,5
31935,5
31940,6
31947,4
31951,4
31955,3
31958,2
31962,4
31966,4
31970,5
31976,14
31990,2
31993,2
31995,4
32000,3
32003,2
32006,2
32008,2
32010,2
32012,2
32014,12
32027,4
32031,3
32034,4
32038,2
32044,2
32047,2
32049,6
32055,4
32060,3
32063,5
32069,2
32071,10
32081,3
32084,8
32092,2
32096,2
32098,4
32104,4
32108,3
32111,3
32115,6
32121,5
32126,2
32128,5
32134,3
32137,2
32140,2
32142,7
32149,3
32152,3
32157,2
32159,3
32163,3
32166,5
32171,6
32177,2
32179,3
32182,6
32188,2
32190,5
32195,6
32201,3
32204,2
32207,3
32211,2
32216,5
32222,8
32230,6
32236,4
32240,4
32249,6
32255,4
32259,9
32268,4
32272,2
32274,2
32278,6
32288,2
32290,2
32293,2
32296,3
32300,10
32310,2
32313,3
32316,2
32318,4
32322,5
32329,13
32342,2
32344,5
32350,2
32352,2
32356,3
32359,2
32361,3
32364,3
32367,3
32371,2
32374,2
32376,3
32380,2
32382,3
32385,2
32387,2
32389,2
32392,3
32398,2
32401,2
32403,2
32405,6
32411,2
32413,2
32415,4
32419,12
32431,3
32435,8
32443,5
32448,7
32455,10
32465,7
32472,5
32477,4
32481,5
32486,2
32488,5
32493,5
32499,4
32503,2
32505,2
32507,2
32509,11
32520,3
32524,2
32529,2
32532,4
32537,2
32539,3
32544,3
32547,3
32550,5
32555,2
32557,3
32560,2
32562,4
32566,4
32570,4
32575,2
32577,2
32579,3
32582,3
32586,4
32590,5
32595,3
32598,3
32601,2
32605,3
32612,2
32615,4
32619,1
32622,2
32624,4
32629,2
32631,2
32634,2
32637,3
32642,3
32646,9
32657,2
32659,5
32664,3
32670,1
32674,2
32676,5
32683,3
32687,3
32690,5
32696,6
32703,3
32706,2
32709,3
32714,5
32720,2
32722,2
32724,2
32728,3
32731,2
32733,4
32737,4
32741,2
32743,2
32745,2
32747,4
32752,10
32762,2
32764,5
32770,4
32774,3
32777,6
32783,4
32787,3
32790,3
32793,5
32798,5
32803,4
32808,3
32812,6
32819,2
32823,2
32825,2
32828,7
32835,5
32841,3
32845,2
32848,7
32856,3
32859,3
32864,2
32866,2
32868,3
32871,6
32881,2
32883,3
32886,3
32889,4
32895,4
32899,3
32903,4
32908,3
32911,4
32919,6
32926,2
32929,15
32944,3
32947,2
32949,2
32951,2
32954,6
32960,1
32962,2
32964,3
32967,3
32970,4
32975,2
32978,4
32982,5
32990,2
32992,2
32994,4
32998,2
33000,5
33005,5
33010,4
33016,8
33024,4
33028,5
33033,3
33036,2
33038,2
33045,2
33047,3
33050,1
33053,4
33057,4
33061,2
33063,2
33066,3
33072,2
33075,2
33078,6
33086,17
33103,7
33110,5
33116,2
33118,3
33121,2
33123,3
33126,2
33129,4
33133,4
33137,4
33141,4
33145,2
33147,2
33150,4
33154,3
33159,3
33167,2
33171,2
33173,2
33175,2
33177,2
33179,10
33191,2
33193,4
33197,3
33200,4
33206,8
33214,3
33218,3
33221,4
33225,3
33228,5
33234,4
33238,2
33240,2
33242,6
33249,3
33252,2
33254,3
33257,1
33260,5
33267,2
33269,2
33271,4
33275,5
33281,2
33283,3
33289,2
33292,4
33298,7
33305,5
33310,3
33314,14
33328,5
33333,2
33335,7
33342,2
33344,2
33346,2
33349,6
33357,6
33364,2
33366,3
33371,2
33373,5
33378,4
33382,4
33386,2
33389,3
33392,6
33399,2
33403,3
33406,4
33410,2
33412,4
33416,4
33421,2
33423,8
33434,2
33436,2
33438,2
33442,4
33446,2
33448,3
33452,7
33459,1
33462,2
33464,3
33468,4
33472,3
33475,6
33481,2
33485,2
33489,7
33497,2
33500,4
33504,4
33508,2
33510,4
33515,5
33520,2
33523,2
33525,4
33529,2
33531,4
33536,4
33540,2
33543,2
33545,4
33549,6
33555,3
33560,3
33566,2
33568,2
33570,8
33578,3
33581,4
33586,3
33589,4
33593,3
33596,3
33599,6
33606,3
33609,5
33614,2
33617,2
33619,3
33624,3
33627,2
33629,2
33631,2
33633,6
33640,2
33642,2
33644,4
33648,2
33650,14
33665,3
33668,4
33676,5
33681,3
33684,3
33688,3
33692,1
33698,2
33700,3
33707,2
33709,4
33713,2
33720,2
33732,3
33750,3
33775,2
33779,2
33783,2
33792,5
33800,1
33805,1
33811,2
33813,4
33821,1
33823,2
33842,2
33845,4
33849,1
33852,5
33867,3
33870,1
33875,2
33881,2
33891,3
33900,3
33903,2
33907,2
33914,2
33916,2
33923,2
33932,2
33948,2
33950,4
33965,3
33968,1
33972,1
33976,4
33981,2
33985,1
33991,3
34003,2
34007,2
34010,1
34013,3
34016,2
34023,2
34035,2
34045,1
34053,3
34058,2
34064,4
34068,5
34073,1
34084,1
34093,2
34098,4
34104,5
34112,2
34133,2
34143,2
34160,3
34163,5
34173,5
34180,2
34184,2
34186,3
34190,2
34192,3
34200,2
34202,1
34206,2
34208,2
34217,1
34220,3
34231,3
34235,3
34247,2
34251,5
34259,3
34265,3
34276,3
34286,2
34290,4
34294,5
34308,2
34310,2
34312,2
34317,6
34323,3
34328,2
34333,2
34342,2
34347,2
34354,2
34370,1
34375,5
34380,1
34387,2
34389,2
34392,1
34397,1
34399,5
34410,1
34419,3
34423,1
34431,1
34435,2
34451,2
34455,3
34462,2
34465,3
34472,2
34474,1
34476,2
34482,3
34485,2
34488,2
34492,3
34500,2
34507,2
34515,3
34522,2
34524,3
34529,2
34531,2
34540,1
34545,1
34551,1
34556,3
34592,2
34596,3
34601,2
34604,1
34607,2
34612,4
34624,5
34630,2
34645,3
34648,3
34654,1
34659,3
34662,1
34668,2
34670,2
34683,1
34693,1
34696,1
34702,2
34705,1
34707,2
34710,2
34717,2
34728,5
34740,2
34747,4
34752,2
34761,1
34778,1
34780,2
34801,4
34807,2
34809,2
34812,2
34821,1
34827,3
34835,2
34837,1
34841,1
34844,3
34863,2
34871,2
34880,3
34891,4
34900,1
34912,2
34931,2
34946,1
34953,2
34955,3
34958,3
34961,1
34976,2
34979,2
34986,3
35002,2
35017,2
35022,1
35029,3
35041,2
35045,2
35053,4
35057,1
35078,1
35080,2
35082,1
35091,1
35105,2
35109,1
35124,2
35127,3
35132,1
35136,2
35146,1
35158,3
35162,2
35164,1
35167,2
35170,2
35173,1
35176,3
35179,2
35186,2
35190,1
35198,3
35208,1
35211,2
35227,2
35234,2
35250,2
35263,1
35265,2
35267,2
35269,2
35272,1
35283,2
35285,2
35288,4
35292,3
35295,1
35299,2
35306,2
35323,2
35327,1
35330,2
35334,2
35336,3
35348,1
35361,1
35370,2
35372,2
35378,3
35394,2
35396,1
35403,2
35411,2
35415,2
35417,3
35422,2
35427,1
35432,2
35439,1
35442,1
35454,2
35457,3
35466,2
35473,1
35493,4
35499,2
35515,2
35522,2
35525,1
35538,2
35541,2
35554,1
35564,2
35566,1
35578,4
35582,5
35589,4
35595,1
35597,3
35619,2
35621,3
35624,3
35642,3
35648,1
35650,2
35652,4
35667,3
35677,1
35679,2
35697,2
35699,2
35702,2
35705,2
35708,2
35714,1
35721,3
35724,1
35736,2
35746,2
35752,2
35767,1
35773,2
35779,2
35782,2
35788,2
35795,3
35798,3
35802,3
35812,1
35818,3
35823,3
35832,1
35839,4
35860,4
35864,1
35869,2
35875,1
35878,1
35887,3
35901,1
35904,2
35910,2
35927,3
35931,2
35939,2
35941,1
35947,2
35950,2
35957,3
35969,1
35971,3
35975,5
35981,3
35984,1
35986,2
35988,1
36007,2
36026,2
36028,1
36038,2
36049,1
36054,2
36060,2
36062,1
36075,2
36082,3
36085,1
36099,1
36103,2
36105,1
36123,2
36126,1
36128,2
36130,2
36134,2
36147,2
36156,2
36175,5
36192,1
36207,3
36210,1
36220,1
36231,3
36241,3
36244,1
36249,2
36261,2
36268,2
36272,2
36278,2
36287,2
36289,3
36296,2
36298,2
36312,1
36326,2
36343,3
36346,1
36360,4
36369,2
36373,3
36380,1
36393,4
36401,1
36410,1
36435,1
36440,3
36451,2
36453,2
36456,2
36461,4
36466,2
36468,2
36470,2
36484,1
36488,1
36497,1
36505,2
36525,1
36539,1
36542,4
36568,3
36571,2
36589,1
36599,2
36605,1
36615,3
36631,2
36635,5
36659,4
36669,2
36677,2
36679,2
36681,1
36689,2
36692,1
36700,2
36703,4
36710,2
36713,2
36722,1
36724,2
36726,2
36732,3
36736,3
36747,1
36749,5
36770,1
36772,5
36778,2
36783,1
36794,2
36804,1
36810,3
36814,2
36816,2
36821,2
36823,2
36832,3
36839,1
36842,2
36844,2
36846,2
36851,2
36856,2
36858,3
36862,2
36867,1
36872,1
36888,2
36894,1
36896,2
36902,2
36907,2
36909,1
36912,2
36914,3
36920,2
36925,1
36928,4
36945,3
36953,1
36964,1
36968,2
36974,2
36987,1
36990,2
36997,2
36999,1
37004,3
37015,2
37019,3
37027,1
37030,1
37039,2
37048,1
37056,2
37060,2
37064,2
37076,1
37085,2
37089,1
37114,2
37120,2
37126,1
37131,5
37136,1
37150,1
37162,1
37172,1
37175,2
37182,1
37188,1
37191,1
37194,1
37197,5
37202,2
37207,2
37216,3
37222,3
37225,1
37235,1
37249,2
37251,3
37256,2
37264,1
37268,3
37277,1
37282,3
37286,2
37295,6
37304,2
37306,2
37310,2
37317,1
37321,2
37325,2
37329,1
37339,2
37342,2
37353,3
37377,2
37387,1
37393,4
37400,1
37410,2
37413,2
37416,3
37420,2
37434,3
37437,2
37442,2
37477,2
37491,3
37509,1
37511,4
37518,1
37529,2
37558,1
37560,2
37568,1
37570,2
37587,3
37591,2
37599,3
37608,2
37616,2
37627,4
37653,1
37664,1
37675,1
37685,2
37688,1
37691,1
37695,3
37701,2
37718,1
37724,1
37726,1
37733,1
37742,4
37749,3
37769,1
37771,2
37775,3
37787,2
37791,3
37797,3
37800,2
37803,2
37805,1
37807,1
37812,2
37817,1
37840,2
37850,1
37853,3
37856,4
37860,1
37863,2
37879,2
37881,2
37885,2
37897,2
37900,3
37904,2
37907,1
37915,2
37917,2
37930,1
37935,1
37944,1
37947,2
37973,1
37979,1
37982,3
37993,2
38002,2
38016,2
38019,2
38041,3
38045,1
38056,3
38059,3
38062,1
38067,3
38071,3
38074,2
38078,3
38082,2
38088,2
38100,2
38112,4
38124,1
38144,1
38158,4
38165,2
38169,3
38172,3
38182,2
38209,2
38211,1
38223,2
38231,1
38252,1
38254,1
38260,1
38262,2
38267,2
38273,1
38279,2
38281,2
38290,2
38296,2
38303,1
38306,2
38313,2
38315,3
38325,2
38327,1
38329,2
38345,4
38349,4
38368,2
38372,3
38375,2
38393,1
38404,2
38415,1
38419,2
38423,3
38431,2
38436,3
38444,1
38449,2
38461,2
38467,1
38472,3
38489,2
38507,3
38518,3
38527,3
38535,2
38537,2
38540,2
38563,4
38572,2
38574,2
38594,4
38599,3
38614,2
38621,1
38629,2
38639,2
38655,2
38668,1
38672,2
38677,2
38679,2
38691,2
38697,2
38699,2
38706,1
38710,2
38722,2
38724,3
38757,2
38762,2
38771,3
38775,3
38787,2
38790,1
38792,3
38803,1
38808,2
38810,2
38814,5
38819,2
38840,1
38845,1
38848,2
38850,2
38856,2
38875,1
38877,2
38880,2
38887,2
38906,3
38909,1
38922,2
38928,1
38935,2
38939,3
38947,1
38954,2
38957,3
38965,2
38972,3
38978,3
38985,3
38990,1
39010,3
39015,1
39018,2
39023,3
39026,2
39028,1
39030,3
39033,1
39037,2
39041,2
39044,1
39049,2
39071,2
39080,2
39084,2
39086,1
39092,4
39125,3
39128,2
39139,2
39146,1
39156,1
39160,2
39168,1
39170,1
39176,2
39187,2
39197,2
39209,4
39216,5
39231,3
39234,1
39243,2
39249,1
39252,4
39261,2
39275,2
39282,2
39288,3
39297,3
39304,2
39314,2
39317,1
39319,1
39325,2
39330,1
39341,3
39356,3
39359,1
39362,1
39368,1
39379,2
39383,4
39399,2
39407,2
39410,3
39415,2
39421,3
39427,2
39438,2
39443,1
39448,2
39452,2
39455,2
39460,1
39464,2
39473,3
39487,3
39497,1
39510,2
39512,2
39520,1
39526,2
39528,4
39537,1
39548,1
39551,1
39557,1
39560,3
39564,2
39569,1
39577,1
39581,1
39598,2
39600,3
39606,1
39608,3
39618,2
39631,2
39637,2
39645,1
39648,2
39652,1
39655,2
39678,1
39680,1
39684,1
39687,2
39703,1
39708,1
39717,2
39720,2
39722,3
39731,1
39735,1
39740,1
39761,2
39766,1
39773,3
39776,2
39781,1
39798,2
39812,2
39817,2
39827,1
39832,3
39840,2
39846,3
39862,2
39868,1
39870,2
39879,2
39881,2
39883,2
39892,3
39899,3
39913,2
39928,1
39933,2
39951,1
39954,3
39959,2
39966,1
39978,3
39997,2
40013,1
40024,1
40027,2
40030,3
40033,2
40039,2
40042,2
40046,2
40048,1
40051,2
40058,2
40064,4
40076,2
40078,3
40093,1
40106,1
40109,2
40113,2
40126,3
40130,2
40142,2
40150,2
40164,1
40168,1
40179,2
40183,2
40185,5
40194,3
40197,2
40204,2
40219,2
40228,1
40236,2
40246,2
40255,3
40258,2
40260,2
40267,3
40274,2
40280,3
40285,2
40287,2
40292,2
40294,2
40303,2
40305,2
40324,1
40333,2
40335,2
40337,2
40352,2
40362,6
40388,4
40404,2
40413,2
40418,2
40423,1
40430,3
40434,2
40444,1
40462,2
40473,1
40483,2
40485,1
40501,2
40506,2
40513,3
40538,3
40544,3
40550,1
40552,3
40577,2
40584,2
40596,1
40602,4
40606,2
40611,2
40613,2
40634,3
40638,2
40641,4
40661,3
40668,1
40670,1
40682,1
40685,2
40700,1
40708,2
40710,1
40719,3
40739,2
40752,2
40754,4
40763,1
40767,1
40770,2
40775,3
40783,2
40785,2
40790,1
40796,2
40803,1
40809,3
40815,1
40817,2
40819,2
40825,2
40848,1
40860,2
40875,1
40879,2
40887,1
40896,2
40913,3
40922,2
40932,3
40935,2
40938,1
40941,2
40948,1
40950,1
40958,1
40967,1
40976,3
40984,2
40986,2
40989,2
40991,2
41000,1
41009,2
41014,1
41022,1
41033,2
41044,3
41053,2
41082,1
41085,2
41101,2
41103,2
41111,3
41118,4
41124,2
41128,1
41137,3
41150,1
41155,1
41170,2
41180,2
41184,3
41217,1
41236,4
41243,3
41251,3
41259,1
41261,2
41263,1
41276,2
41279,2
41281,1
41291,2
41293,2
41295,3
41303,2
41309,2
41313,2
41325,2
41327,1
41330,1
41344,2
41348,2
41352,2
41358,2
41362,2
41370,2
41378,2
41383,1
41393,4
41397,1
41399,2
41403,2
41408,1
41423,4
41427,2
41429,3
41433,2
41439,2
41457,3
41462,2
41470,2
41475,2
41479,2
41493,2
41497,3
41511,3
41514,2
41518,2
41520,3
41527,2
41544,3
41553,3
41559,1
41565,2
41567,3
41570,3
41584,1
41587,1
41592,1
41597,1
41609,1
41618,1
41626,2
41628,3
41633,3
41636,4
41640,3
41646,4
41652,1
41663,1
41665,1
41674,2
41687,1
41691,3
41695,2
41697,2
41711,2
41716,1
41728,1
41740,1
41748,3
41753,2
41755,2
41757,1
41787,2
41795,3
41802,2
41805,3
41810,2
41812,3
41827,1
41832,2
41835,1
41837,1
41841,2
41844,2
41848,2
41853,4
41857,2
41862,2
41866,3
41874,1
41878,2
41887,2
41895,4
41906,2
41908,1
41913,1
41915,3
41918,2
41924,1
41930,2
41939,2
41944,1
41947,2
41949,2
41960,2
41966,1
41976,2
41982,2
41986,2
41989,1
42010,2
42014,3
42023,1
42027,2
42042,1
42044,3
42050,3
42059,1
42067,3
42075,2
42095,1
42098,1
42118,1
42125,1
42128,1
42141,2
42151,4
42155,1
42159,1
42161,2
42164,2
42166,5
42171,2
42177,2
42181,1
42183,2
42186,3
42189,3
42196,2
42203,3
42223,1
42226,2
42233,3
42237,2
42244,1
42249,1
42253,2
42270,2
42273,2
42280,2
42288,2
42300,2
42304,2
42331,3
42348,3
42355,2
42357,2
42367,3
42372,6
42382,2
42384,2
42394,3
42397,2
42405,2
42412,2
42417,5
42422,2
42426,3
42429,2
42434,4
42445,2
42447,2
42455,2
42457,4
42466,2
42483,2
42490,1
42498,3
42504,2
42506,5
42524,2
42528,3
42545,3
42549,2
42552,1
42556,2
42564,4
42569,2
42576,5
42583,2
42589,4
42593,2
42601,3
42604,1
42607,2
42609,2
42613,5
42620,2
42629,2
42632,1
42639,2
42642,2
42644,3
42657,2
42666,1
42672,2
42676,2
42679,2
42694,2
42700,5
42705,3
42718,3
42733,2
42738,3
42741,2
42744,1
42757,2
42761,2
42769,2
42773,2
42776,1
42779,2
42790,1
42796,2
42807,4
42811,2
42815,1
42823,2
42831,3
42839,2
42843,2
42855,2
42858,4
42862,2
42864,1
42867,2
42873,3
42878,4
42882,2
42895,3
42907,4
42911,2
42914,2
42919,2
42923,3
42932,2
42944,4
42959,2
42973,4
42977,5
42982,2
42988,2
42992,3
43001,2
43005,3
43014,3
43023,2
43028,4
43039,2
43042,2
43046,1
43054,2
43075,1
43100,2
43103,1
43117,3
43122,1
43126,3
43139,3
43152,2
43167,1
43171,2
43183,2
43206,2
43212,2
43225,2
43235,1
43240,2
43248,1
43252,2
43262,2
43295,1
43302,2
43328,3
43337,2
43345,1
43352,4
43399,2
43406,2
43422,3
43425,2
43429,2
43434,4
43446,2
43448,3
43453,4
43457,1
43462,1
43465,1
43468,2
43500,4
43507,1
43509,2
43517,2
43547,2
43553,2
43555,1
43562,1
43569,1
43573,3
43591,2
43594,3
43599,2
43605,1
43612,3
43620,3
43624,2
43634,1
43651,2
43658,2
43660,1
43664,3
43671,3
43695,4
43699,3
43706,1
43712,2
43714,3
43723,2
43729,5
43746,4
43751,3
43755,1
43768,3
43775,3
43786,4
43793,2
43798,2
43801,2
43803,1
43819,2
43831,2
43834,2
43844,2
43851,3
43859,2
43861,1
43869,3
43874,2
43887,3
43904,2
43911,2
43917,2
43932,2
43939,2
43943,2
43954,3
43957,2
43961,2
43970,2
43983,1
43986,2
43994,2
44028,1
44047,4
44051,2
44053,4
44061,1
44069,2
44077,2
44079,2
44086,2
44089,4
44094,3
44103,2
44105,1
44122,1
44128,4
44137,2
44148,2
44150,2
44165,3
44180,1
44199,2
44202,3
44205,2
44217,2
44222,1
44226,2
44236,1
44242,2
44251,2
44254,1
44262,2
44267,3
44270,1
44275,2
44278,1
44304,4
44308,2
44317,2
44323,4
44357,1
44372,1
44384,2
44399,4
44408,2
44416,1
44423,2
44427,3
44430,4
44437,3
44448,3
44451,1
44455,4
44466,2
44469,1
44473,2
44478,2
44481,2
44498,2
44501,1
44508,2
44510,1
44514,3
44520,2
44534,3
44540,1
44543,2
44549,2
44576,1
44592,3
44596,1
44600,2
44603,3
44606,1
44615,4
44620,1
44627,2
44636,2
44639,2
44647,2
44652,3
44657,3
44664,2
44672,2
44677,3
44683,3
44689,1
44696,1
44705,3
44708,1
44724,2
44735,5
44759,3
44765,2
44768,2
44775,4
44783,2
44787,2
44791,2
44798,3
44811,3
44815,2
44819,2
44821,1
44827,1
44833,2
44839,1
44845,3
44850,1
44860,2
44866,1
44872,1
44879,1
44893,2
44898,1
44903,2
44910,2
44913,2
44925,1
44930,2
44941,2
44944,1
44947,2
44951,2
44959,1
44962,2
44967,3
44977,3
44997,1
44999,3
45027,3
45046,2
45058,2
45071,3
45079,2
45094,3
45107,1
45113,1
45123,2
45125,2
45128,2
45144,2
45146,4
45153,1
45159,2
45163,2
45170,2
45174,2
45176,1
45186,2
45189,2
45191,2
45194,2
45207,2
45222,2
45227,1
45231,2
45238,2
45241,2
45265,2
45269,2
45273,2
45275,2
45280,2
45292,2
45299,3
45312,1
45327,1
45330,1
45334,2
45337,2
45346,2
45348,3
45351,2
45365,2
45369,1
45375,1
45385,2
45389,3
45395,2
45399,3
45402,2
45410,1
45412,3
45416,2
45457,3
45461,2
45477,2
45491,2
45502,3
45525,2
45528,3
45536,2
45539,1
45552,2
45568,2
45595,2
45604,2
45617,2
45620,1
45624,2
45627,2
45635,1
45646,2
45648,1
45651,2
45654,3
45660,2
45672,1
45677,3
45680,3
45687,1
45692,2
45698,1
45703,2
45706,2
45712,3
45727,2
45732,3
45745,2
45747,1
45753,2
45781,3
45788,2
45805,5
45810,3
45813,1
45824,1
45831,1
45838,2
45850,2
45852,2
45880,4
45901,3
45912,3
45918,3
45925,3
45938,1
45953,1
45968,3
45971,3
45980,2
46004,1
46010,2
46012,2
46030,1
46035,1
46049,2
46051,1
46066,1
46070,2
46072,2
46079,1
46085,1
46098,3
46101,1
46103,3
46118,3
46124,2
46128,2
46135,1
46138,4
46147,2
46157,3
46160,3
46178,2
46180,4
46185,3
46192,1
46200,3
46212,1
46216,1
46224,4
46246,2
46248,2
46254,2
46263,2
46270,1
46277,3
46285,2
46294,2
46300,1
46317,3
46325,1
46344,1
46348,1
46366,1
46392,1
46396,1
46400,1
46403,2
46408,2
46410,2
46412,2
46432,2
46437,2
46457,2
46474,2
46476,1
46502,1
46508,2
46529,2
46537,3
46543,4
46565,1
46582,1
46589,1
46593,4
46603,2
46612,2
46616,3
46637,3
46653,2
46665,1
46672,2
46675,2
46682,3
46688,3
46691,2
46698,3
46701,2
46730,1
46739,2
46754,2
46756,5
46769,3
46774,3
46779,3
46809,2
46827,2
46835,3
46845,1
46849,1
46882,3
46888,1
46893,1
46898,2
46902,1
46904,5
46910,2
46912,6
46918,1
46921,2
46926,2
46935,1
46970,1
47018,3
47028,2
47031,4
47041,4
47050,3
47070,1
47084,4
47091,2
47105,2
47114,1
47117,3
47135,2
47137,2
47155,1
47157,3
47163,2
47165,2
47167,2
47171,3
47175,1
47177,2
47182,2
47189,2
47197,2
47207,3
47211,1
47219,3
47225,4
47249,2
47256,1
47258,3
47261,2
47273,3
47297,1
47304,2
47315,1
47317,4
47327,1
47331,3
47336,2
47343,2
47346,3
47352,1
47355,3
47364,2
47366,2
47369,3
47380,1
47416,1
47453,3
47461,2
47474,4
47506,2
47509,2
47524,2
47535,1
47547,2
47549,2
47554,2
47556,3
47561,2
47566,3
47579,2
47586,2
47590,3
47603,1
47629,3
47632,1
47638,2
47656,2
47665,1
47683,2
47691,5
47719,3
47728,3
47741,1
47743,1
47812,1
47815,2
47818,3
47821,1
47837,1
47850,1
47855,3
47858,2
47865,2
47868,6
47876,2
47879,2
47883,2
47889,1
47891,2
47895,3
47904,3
47910,2
47913,2
47915,2
47917,4
47921,2
47924,2
47926,2
47932,2
47934,2
47936,2
47939,2
47945,2
47947,3
47951,1
47953,2
47958,2
47961,4
47968,4
47974,1
47981,3
47995,1
48002,4
48006,5
48012,1
48016,1
48020,3
48038,2
48060,1
48063,4
48099,2
48110,2
48112,1
48135,2
48182,2
48207,2
48210,1
48215,2
48226,1
48228,3
48271,2
48312,3
48443,6
48453,2
48456,1
48459,5
48464,1
48469,2
48501,1
48505,1
48565,2
48571,2
48579,1
48626,2
48639,1
48645,3
48688,1
48691,1
48704,2
48775,1
48863,3
48866,1
48878,2
48901,1
48903,1
48908,3
48919,1
48925,2
48932,2
48936,2
48938,3
48941,2
48943,1
48946,5
48952,3
48955,3
48969,2
48971,1
48990,3
48998,1
49007,2
49011,2
49019,1
49040,2
49055,2
49057,2
49060,2
49069,1
49074,2
49088,4
49092,3
49106,2
49113,2
49115,1
49121,3
49130,5
49143,2
49159,1
49165,1
49175,1
49187,4
49191,3
49203,2
49205,5
49223,3
49232,1
49252,6
49260,2
49262,3
49265,3
49270,1
49286,1
49288,2
49290,3
49294,5
49309,3
49319,1
49323,3
49328,2
49342,2
49350,2
49363,1
49367,2
49372,3
49381,2
49386,2
49388,3
49391,2
49393,2
49399,2
49405,5
49424,2
49426,6
49437,3
49445,2
49447,1
49454,1
49466,1
49490,1
49512,2
49514,3
49518,2
49525,3
49531,2
49562,2
49582,3
49613,1
49626,1
49649,2
49676,3
49683,2
49691,4
49696,2
49705,2
49709,2
49711,2
49716,2
49730,4
49734,6
49750,1
49759,2
49772,3
49776,2
49816,2
49824,2
49836,2
49852,2
49860,2
49862,2
49868,3
49891,3
49901,2
49903,2
49910,2
49912,1
49953,3
49959,2
49963,3
49978,2
49985,3
50032,2
50035,1
50057,3
50060,1
50072,6
50079,2
50082,4
50091,2
50095,1
50099,2
50102,1
50139,2
50152,2
50164,1
50166,1
50183,1
50202,2
50239,8
50247,2
50263,1
50272,4
50306,1
50316,1
50321,1
50394,2
50396,2
50402,2
50413,1
50420,1
50424,2
50428,2
50435,3
50440,1
50447,2
50465,5
50495,1
50498,1
50503,3
50510,1
50517,3
50543,1
50545,2
50586,3
50589,1
50595,2
50616,1
50629,2
50639,1
50647,1
50660,2
50664,3
50670,4
50675,1
50681,1
50694,2
50696,4
50702,1
50726,1
50753,1
50757,3
50764,2
50859,3
50865,2
50903,1
51072,2
51075,3
51092,2
51098,1
51103,6
51116,1
51121,3
51124,2
51128,2
51134,1
51138,2
51142,3
51166,1
51169,2
51175,3
51184,2
51186,2
51188,2
51191,2
51195,2
51206,3
51209,2
51211,3
51221,3
51224,2
51234,1
51239,1
51245,1
51253,5
51282,4
51288,1
51292,1
51332,3
51350,2
51356,2
51360,2
51371,2
51375,2
51377,4
51382,1
51392,1
51394,1
51415,5
51431,4
51437,3
51440,3
51445,2
51459,2
51462,3
51479,3
51482,2
51543,3
51548,2
51550,2
51612,2
51634,1
51673,1
51675,1
51749,3
51752,1
51754,3
51761,1
51766,3
51782,3
51789,2
51820,2
51855,2
51857,4
51890,2
51924,3
51929,3
51933,2
51943,2
51957,2
52030,3
52046,2
52060,3
52100,1
52106,2
52246,2
52250,2
52259,2
52272,3
52275,5
52283,1
52286,2
52312,1
52320,2
52389,1
52391,5
52396,4
52420,2
52494,1
52523,1
52556,2
52560,1
52572,1
52575,2
52599,1
52605,1
52609,1
52622,3
52637,2
52647,1
52654,5
52665,2
52669,1
52680,3
52717,2
52731,2
52734,1
52739,3
52772,2
52782,2
52825,2
52838,2
52853,1
52887,2
52932,2
52935,2
52938,2
52969,3
52980,1
53008,2
53022,1
53028,2
53032,2
53048,4
53078,2
53091,2
53121,3
53126,2
53132,3
53155,2
53158,1
53176,2
53178,1
53183,3
53204,4
53215,2
53220,5
53235,2
53249,2
53256,2
53266,1
53270,1
53286,1
53305,3
53313,4
53322,1
53327,2
53337,2
53355,1
53361,2
53373,1
53379,2
53383,1
53411,2
53421,3
53431,1
53441,2
53455,2
53471,1
53489,1
53496,2
53523,2
53531,3
53548,4
53577,5
53587,2
53612,1
53635,2
53645,1
53653,2
53655,2
53661,2
53683,2
53691,2
53701,2
53715,1
53743,2
53750,4
53755,4
53771,1
53776,4
53780,1
53789,1
53793,1
53795,1
53804,1
53820,5
53872,2
53874,1
53883,1
53902,1
53912,4
53921,2
53932,4
53941,2
53954,1
53960,1
53985,5
54027,2
54056,2
54058,2
54094,2
54096,3
54109,1
54112,1
54151,2
54164,1
54179,2
54181,2
54210,2
54215,2
54222,4
54242,1
54285,2
54292,2
54312,2
54334,1
54343,2
54362,1
54371,5
54427,1
54441,1
54486,3
54489,2
54519,1
54536,1
54569,2
54614,2
54620,2
54628,1
54637,2
54643,3
54651,2
54673,2
54676,2
54692,1
54706,2
54727,1
54736,1
54741,1
54743,2
54754,5
54787,1
54789,1
54804,1
54808,3
54821,2
54830,3
54857,1
54867,2
54876,3
54881,1
54889,2
54891,1
54909,2
54911,1
54925,1
54933,1
54946,1
54949,2
54983,3
54987,2
54989,1
55016,1
55033,2
55076,1
55082,2
55084,2
55115,3
55129,1
55135,3
55139,2
55141,2
55177,2
55217,5
55244,2
55255,2
55283,2
55308,2
55338,2
55374,3
55378,2
55380,2
55396,1
55409,1
55411,2
55431,2
55436,2
55452,2
55474,2
55485,3
55490,2
55494,1
55504,5
55519,2
55523,3
55532,2
55549,1
55551,2
55596,1
55622,1
55625,2
55643,1
55648,2
55650,1
55654,1
55657,5
55675,1
55679,5
55696,2
55698,1
55724,2
55742,1
55748,1
55762,2
55812,2
55827,2
55849,3
55852,1
55877,3
55925,2
55927,1
55929,2
55950,1
55976,2
55988,1
56012,2
56022,1
56024,3
56031,1
56034,1
56060,1
56067,1
56071,1
56112,1
56114,2
56139,1
56162,1
56165,1
56190,1
56196,1
56213,2
56218,2
56223,2
56244,3
56265,1
56272,3
56278,4
56297,2
56335,2
56339,2
56341,1
56359,2
56375,1
56381,2
56393,2
56406,3
56411,2
56449,3
56457,1
56479,1
56506,1
56518,4
56539,2
56551,1
56558,3
56561,1
56600,2
56620,1
56627,2
56631,1
56639,5
56644,5
56661,2
56691,3
56706,2
56711,1
56734,1
56743,1
56753,2
56765,2
56774,2
56803,1
56812,1
56814,1
56816,1
56822,4
56839,1
56843,2
56846,3
56849,2
56861,2
56909,2
56933,5
56938,1
56952,1
56969,1
56976,5
56994,2
57031,1
57033,5
57038,5
57047,1
57059,2
57064,4
57075,1
57080,1
57089,1
57140,1
57153,2
57170,3
57202,4
57210,2
57221,3
57225,2
57253,2
57277,1
57305,3
57313,2
57328,2
57330,1
57335,4
57339,1
57342,3
57354,3
57358,4
57362,4
57379,2
57387,4
57393,1
57399,2
57417,3
57455,2
57472,1
57489,1
57510,1
57526,2
57554,1
57567,1
57578,3
57597,1
57619,2
57635,1
57638,3
57647,1
57649,1
57651,3
57654,3
57660,3
57672,3
57715,2
57758,5
57773,2
57802,2
57806,1
57823,2
57838,1
57862,2
57880,2
57883,3
57894,3
57899,3
57904,2
57911,1
57921,3
57924,1
57927,2
57929,3
57935,4
57939,5
57944,3
57947,2
57950,5
57964,1
57968,1
57982,1
57991,1
58018,4
58023,1
58025,2
58027,3
58039,1
58044,2
58047,3
58050,2
58055,2
58057,3
58064,2
58066,9
58075,5
58082,2
58085,2
58089,3
58099,1
58101,2
58107,2
58109,2
58111,3
58116,2
58118,2
58127,2
58130,2
58135,2
58137,5
58143,3
58149,9
58158,2
58160,3
58165,6
58173,1
58177,1
58185,2
58187,1
58191,4
58195,1
58197,1
58200,6
58208,2
58211,2
58216,2
58218,2
58220,4
58229,2
58233,2
58235,4
58240,2
58245,4
58252,3
58255,2
58259,8
58267,2
58270,2
58272,2
58274,3
58280,4
58285,2
58288,3
58291,5
58296,3
58299,1
58303,3
58306,3
58311,2
58313,4
58317,2
58320,1
58326,2
58332,3
58336,5
58342,1
58344,2
58353,3
58356,2
58358,6
58366,4
58371,2
58373,3
58376,1
58378,3
58382,4
58387,3
58391,4
58404,2
58407,3
58412,4
58416,2
58418,2
58421,2
58426,2
58429,4
58435,4
58444,2
58450,2
58454,2
58457,2
58461,3
58464,2
58466,2
58471,2
58473,2
58475,2
58478,8
58486,2
58488,2
58494,5
58508,2
58512,2
58514,2
58516,2
58525,2
58528,2
58530,2
58535,6
58541,4
58547,1
58549,2
58560,1
58565,4
58569,2
58571,3
58575,1
58584,2
58591,2
58593,2
58596,2
58603,3
58606,2
58612,2
58614,3
58620,2
58622,2
58625,2
58627,2
58629,1
58632,2
58634,2
58636,4
58642,4
58646,3
58649,3
58652,2
58660,3
58663,2
58665,2
58667,3
58670,4
58675,2
58677,2
58679,7
58686,2
58694,2
58702,2
58704,3
58707,2
58714,2
58726,2
58735,4
58742,1
58748,4
58752,5
58764,4
58768,4
58848,6
58855,3
58858,2
58860,4
58866,2
58872,2
58876,2
58888,2
58892,2
58896,2
58898,2
58900,6
58906,3
58910,2
58913,2
58921,4
58927,2
58930,2
58932,2
58937,2
58939,2
58941,1
58943,7
58955,2
58957,2
58960,6
58968,4
58974,3
58980,2
58990,1
58997,1
59011,2
59013,2
59015,3
59018,2
59024,4
59031,3
59034,4
59041,2
59043,2
59045,2
59047,2
59049,2
59051,3
59054,4
59059,1
59062,2
59067,2
59074,2
59086,2
59091,4
59103,2
59111,3
59123,1
59126,2
59130,1
59135,1
59144,4
59148,2
59152,2
59158,2
59161,1
59168,5
59181,2
59183,3
59186,3
59194,2
59202,2
59204,2
59211,2
59217,2
59222,2
59228,3
59231,2
59244,3
59249,2
59252,2
59261,2
59263,1
59266,7
59277,6
59284,3
59287,2
59295,3
59305,2
59307,2
59310,2
59312,3
59315,2
59317,4
59322,2
59329,4
59336,4
59342,5
59348,3
59351,4
59362,2
59371,2
59375,2
59378,3
59383,1
59386,3
59389,2
59392,4
59397,2
59399,2
59402,2
59404,5
59409,2
59412,1
59416,2
59418,2
59422,1
59424,4
59431,2
59433,3
59436,2
59441,3
59446,3
59449,2
59451,2
59454,3
59457,2
59459,2
59461,3
59466,2
59470,2
59472,10
59482,7
59489,4
59494,3
59497,1
59503,2
59511,2
59519,4
59523,3
59526,3
59529,4
59534,5
59540,2
59542,2
59545,2
59549,2
59551,2
59553,3
59558,2
59564,2
59573,5
59579,2
59584,2
59586,2
59588,4
59595,2
59599,2
59602,2
59604,4
59620,2
59623,2
59626,2
59632,1
59648,2
59670,3
59688,2
59691,2
59700,2
59710,2
59714,2
59720,2
59736,2
59738,4
59750,2
59759,2
59770,1
59785,3
59789,2
59794,2
59799,2
59815,2
59822,2
59842,2
59844,3
59847,3
59850,3
59860,2
59863,3
59875,4
59891,2
59893,4
59899,2
59901,1
59904,2
59906,2
59909,2
59911,2
59914,3
59918,2
59920,2
59922,3
59925,4
59935,2
59944,3
59947,3
59950,3
59963,1
59966,2
59968,3
59980,4
60001,4
60022,2
60025,2
60034,2
60038,1
60044,3
60064,9
60073,3
60092,3
60098,2
60103,2
60105,3
60108,5
60118,2
60123,2
60125,2
60129,2
60137,3
60141,1
60143,1
60156,2
60161,3
60167,1
60169,2
60176,2
60180,2
60184,2
60197,2
60209,2
60213,2
60215,3
60227,4
60257,3
60297,2
60328,3
60332,5
60364,3
60367,3
60373,1
60375,2
60402,2
60404,2
60407,2
60409,3
60412,2
60418,2
60427,4
60431,3
60434,2
60436,3
60441,3
60444,6
60452,6
60458,2
60461,3
60466,12
60478,2
60483,2
60485,2
60493,5
60499,3
60503,2
60505,2
60508,2
60516,3
60520,2
60541,2
60544,2
60556,2
60559,3
60562,2
60573,2
60627,2
60682,2
60687,2
60693,2
60696,4
60700,2
60709,3
60715,2
60717,4
60722,1
60724,3
60728,3
60731,2
60733,2
60735,1
60737,5
60747,4
60754,3
60758,4
60764,2
60766,2
60770,2
60772,2
60774,3
60777,2
60781,2
60786,2
60789,2
60791,4
60797,3
60925,2
60927,2
60929,2
60931,2
60936,6
60942,2
60947,3
60952,6
60958,9
60968,4
60974,7
60981,2
60986,2
60989,4
60993,2
60996,3
61004,4
61010,2
61014,5
61019,4
61023,2
61027,7
61035,3
61039,2
61041,7
61049,3
61053,5
61059,5
61068,2
61071,3
61076,4
61081,2
61089,5
61094,3
61097,2
61099,4
61108,2
61110,2
61112,2
61115,4
61120,5
61125,2
61128,3
61131,2
61135,3
61139,2
61141,5
61149,5
61155,3
61158,2
61161,4
61166,2
61173,2
61180,1
61183,2
61186,8
61194,2
61197,3
61202,2
61205,2
61207,3
61210,4
61214,2
61216,2
61220,3
61226,2
61228,4
61232,2
61235,3
61238,2
61241,5
61247,3
61250,2
61252,3
61255,2
61260,2
61265,2
61267,2
61272,2
61275,2
61278,3
61282,3
61285,2
61292,5
61297,2
61300,2
61304,3
61310,2
61313,2
61315,5
61322,2
61324,3
61327,3
61331,4
61336,4
61343,2
61345,2
61347,4
61351,3
61355,2
61357,2
61360,7
61371,2
61373,4
61377,2
61379,3
61389,3
61392,3
61395,2
61401,2
61404,2
61406,3
61409,2
61412,2
61417,3
61423,4
61432,3
61435,4
61439,2
61442,2
61446,2
61448,3
61451,3
61455,2
61457,3
61460,2
61469,2
61471,2
61473,2
61476,2
61479,2
61482,2
61484,2
61489,3
61492,2
61500,3
61504,4
61509,2
61511,3
61514,4
61520,5
61525,2
61528,5
61533,2
61535,5
61540,3
61543,3
61550,3
61555,2
61564,2
61566,2
61576,2
61578,3
61582,3
61585,2
61588,8
61596,2
61600,2
61604,2
61606,3
61610,3
61615,2
61618,2
61620,4
61625,3
61628,1
61633,2
61636,4
61640,4
61644,3
61648,3
61651,3
61654,3
61658,3
61661,2
61663,2
61666,3
61669,2
61671,2
61677,2
61681,5
61687,2
61689,3
61696,2
61703,5
61708,3
61711,2
61714,1
61720,2
61722,4
61728,3
61731,2
61733,3
61740,2
61743,3
61747,3
61751,6
61757,2
61759,2
61761,5
61766,1
61770,4
61775,4
61783,3
61787,2
61790,6
61798,2
61801,3
61804,2
61813,4
61817,1
61821,7
61829,2
61833,2
61835,2
61837,4
61841,2
61845,5
61850,3
61855,2
61860,2
61862,2
61864,2
61867,2
61870,2
61877,2
61883,3
61886,4
61890,4
61898,2
61901,2
61903,2
61906,3
61909,2
61911,7
61918,4
61923,2
61929,2
61931,3
61934,4
61940,3
61952,4
61956,3
61959,2
61961,3
61964,3
61969,3
61973,4
61979,2
61981,2
61983,2
61985,3
61988,2
61992,3
61995,2
62001,2
62003,3
62006,2
62009,3
62012,2
62014,3
62017,4
62023,3
62027,2
62029,4
62033,4
62044,2
62053,2
62059,3
62062,3
62070,2
62073,2
62075,6
62082,2
62085,3
62088,4
62092,7
62100,2
62103,1
62107,3
62114,5
62120,3
62123,2
62126,1
62128,2
62134,2
62137,3
62146,2
62148,1
62151,3
62157,3
62160,5
62165,5
62173,3
62178,2
62180,3
62183,3
62186,3
62192,5
62197,1
62199,2
62205,3
62209,3
62212,2
62217,3
62220,2
62223,4
62230,4
62234,3
62243,2
62246,2
62249,2
62252,2
62254,3
62259,2
62268,4
62276,2
62279,2
62283,2
62285,4
62289,5
62294,2
62300,2
62303,3
62307,1
62310,2
62314,2
62316,3
62323,7
62330,2
62335,2
62338,2
62342,2
62344,2
62346,3
62350,5
62355,2
62358,2
62364,2
62369,1
62372,2
62376,2
62378,2
62382,1
62387,4
62391,2
62393,2
62395,3
62398,1
62400,2
62402,2
62406,2
62409,3
62414,2
62418,2
62423,2
62425,3
62429,2
62431,2
62438,1
62441,5
62449,1
62473,1
62481,6
62489,5
62494,2
62498,2
62502,2
62504,1
62506,1
62513,2
62515,1
62519,4
62525,2
62528,2
62534,2
62536,2
62544,2
62546,2
62550,3
62558,3
62563,7
62570,3
62573,5
62580,2
62583,4
62590,1
62593,5
62600,3
62605,2
62608,4
62616,3
62619,3
62622,2
62624,2
62626,4
62632,2
62636,4
62640,6
62647,10
62657,3
62666,2
62670,2
62673,3
62676,2
62679,3
62682,2
62684,3
62687,2
62694,3
62699,1
62702,2
62706,4
62710,2
62714,2
62717,3
62721,3
62725,2
62729,2
62732,3
62740,2
62742,2
62744,2
62756,3
62759,3
62766,2
62774,2
62778,2
62783,6
62789,2
62791,3
62794,3
62797,2
62800,3
62804,2
62807,3
62810,3
62822,1
62824,2
62827,2
62830,2
62832,7
62841,3
62856,2
62858,3
62862,2
62870,3
62876,2
62880,2
62884,2
62887,4
62891,3
62896,2
62898,2
62901,2
62904,2
62906,4
62914,6
62920,2
62926,4
62930,3
62936,1
62938,4
62954,4
62960,3
62965,2
62971,2
62983,2
62985,4
62989,2
62994,1
62996,4
63001,2
63004,2
63013,2
63018,2
63022,2
63027,3
63032,4
63042,2
63046,2
63051,3
63054,2
63065,3
63072,4
63076,2
63078,2
63080,1
63083,2
63085,3
63090,3
63093,3
63102,2
63106,3
63111,5
63118,1
63121,1
63128,3
63135,2
63145,3
63149,4
63154,3
63157,2
63162,3
63166,3
63169,2
63171,3
63177,2
63179,3
63183,2
63190,3
63195,5
63202,2
63211,2
63213,1
63217,4
63231,3
63235,2
63242,2
63250,1
63252,3
63260,3
63268,1
63271,2
63277,2
63282,2
63286,2
63288,2
63291,2
63293,4
63297,1
63301,2
63304,2
63309,3
63314,2
63318,2
63321,3
63326,5
63334,2
63337,2
63340,4
63345,3
63349,2
63351,2
63355,4
63359,2
63361,3
63367,1
63369,3
63373,3
63376,2
63379,2
63383,2
63387,2
63390,4
63395,2
63402,3
63406,3
63409,3
63413,2
63421,3
63424,2
63426,2
63436,3
63442,3
63445,5
63453,2
63456,6
63462,2
63467,4
63472,2
63475,3
63487,2
63489,2
63495,3
63504,3
63507,2
63511,2
63516,2
63518,2
63521,2
63526,2
63534,2
63536,2
63538,2
63549,4
63557,2
63565,3
63568,3
63572,3
63575,4
63579,1
63581,3
63587,2
63590,3
63598,2
63602,2
63608,3
63612,3
63621,2
63623,6
63629,5
63634,3
63643,2
63646,3
63649,3
63652,3
63657,2
63661,3
63667,2
63671,2
63673,3
63677,3
63681,2
63683,2
63685,2
63691,2
63693,3
63698,6
63709,1
63714,3
63717,2
63732,3
63737,2
63739,2
63741,2
63745,2
63747,2
63749,3
63753,4
63757,1
63760,2
63765,1
63768,1
63773,3
63776,3
63779,3
63783,3
63788,3
63794,2
63797,2
63803,4
63807,3
63810,2
63816,4
63820,2
63822,2
63824,3
63828,3
63831,1
63833,2
63835,2
63837,1
63840,2
63845,3
63848,2
63851,3
63855,2
63860,3
63864,1
63866,2
63868,2
63876,2
63882,4
63886,1
63891,2
63895,3
63899,2
63901,5
63906,2
63908,2
63912,1
63918,3
63922,3
63926,1
63928,2
63933,2
63937,2
63941,2
63943,5
63951,2
63953,2
63958,2
63962,4
63966,1
63968,1
63970,3
63974,2
63982,2
63985,2
63987,2
63991,2
64002,4
64014,4
64018,2
64020,2
64023,3
64030,2
64035,2
64039,4
64044,3
64047,10
64058,1
64063,3
64066,2
64068,2
64075,2
64078,3
64082,3
64086,4
64091,3
64096,3
64100,3
64103,2
64105,2
64108,2
64113,1
64115,2
64119,2
64122,2
64124,3
64129,3
64135,2
64140,2
64143,3
64146,6
64154,4
64162,3
64170,2
64173,2
64175,2
64177,2
64179,2
64182,2
64186,3
64192,3
64197,2
64202,4
64206,2
64211,2
64213,2
64216,3
64219,2
64221,3
64224,6
64231,3
64238,2
64240,1
64243,3
64253,3
64258,2
64260,2
64263,2
64265,1
64269,3
64278,2
64280,2
64283,2
64285,3
64288,3
64291,2
64293,2
64298,2
64302,2
64305,2
64307,1
64309,2
64311,3
64318,6
64324,1
64331,2
64334,3
64341,2
64351,2
64358,2
64361,2
64363,3
64366,4
64370,2
64373,3
64378,2
64381,3
64385,3
64392,2
64396,2
64401,5
64406,4
64410,3
64414,5
64421,4
64426,3
64430,4
64434,2
64439,2
64443,3
64454,2
64459,3
64465,2
64467,2
64469,2
64478,2
64480,3
64483,2
64485,2
64488,1
64492,1
64495,4
64500,2
64503,2
64507,1
64509,2
64513,2
64516,2
64518,2
64521,2
64527,3
64530,2
64532,2
64535,2
64538,2
64540,2
64549,3
64552,4
64556,3
64561,1
64563,2
64566,2
64569,2
64581,2
64585,4
64589,2
64591,2
64599,2
64601,3
64606,2
64608,2
64612,2
64617,3
64622,1
64630,4
64637,2
64649,3
64652,2
64654,1
64656,2
64663,2
64665,3
64669,2
64671,3
64675,4
64682,4
64686,3
64689,5
64695,3
64698,4
64704,3
64708,2
64714,2
64717,2
64721,2
64728,2
64730,2
64734,1
64737,2
64745,2
64749,2
64755,4
64759,3
64772,2
64777,2
64782,4
64789,2
64791,2
64793,2
64797,3
64800,3
64804,3
64807,3
64813,1
64815,4
64822,2
64824,2
64826,2
64830,2
64835,4
64840,2
64842,2
64844,4
64848,3
64852,3
64855,3
64858,3
64861,3
64864,2
64867,3
64881,1
64883,2
64885,3
64896,3
64899,2
64901,2
64903,2
64905,2
64908,4
64914,3
64917,2
64919,3
64924,3
64927,2
64929,3
64932,2
64937,9
64946,3
64950,2
64954,2
64956,2
64958,3
64961,2
64965,4
64969,4
64973,2
64975,3
64978,2
64988,2
64992,2
64994,2
64998,4
65003,4
65011,4
65020,2
65022,5
65030,3
65035,2
65041,2
65047,2
65049,2
65054,2
65061,2
65064,2
65066,2
65070,1
65077,2
65084,3
65087,2
65089,1
65091,3
65095,1
65099,2
65101,2
65103,3
65108,3
65111,3
65120,3
65127,4
65135,2
65138,1
65142,1
65146,2
65149,2
65158,2
65162,2
65166,2
65168,2
65185,2
65188,2
65190,4
65197,2
65204,3
65210,2
65215,2
65217,3
65221,3
65224,3
65228,2
65230,4
65234,3
65237,3
65240,3
65250,2
65257,2
65270,2
65272,4
65276,2
65278,3
65281,2
65283,3
65289,3
65292,2
65298,2
65306,1
65309,2
65312,3
65316,3
65319,1
65321,2
65326,1
65328,2
65331,1
65336,7
65348,2
65352,3
65358,1
65360,3
65365,2
65370,2
65372,1
65376,8
65386,2
65394,2
65397,2
65403,2
65405,3
65409,2
65411,2
65416,2
65420,2
65423,2
65429,2
65434,1
65438,2
65440,4
65447,2
65457,3
65460,1
65463,2
65469,2
65472,2
65474,1
65476,1
65478,5
65483,4
65493,2
65498,2
65503,1
65505,2
65509,2
65513,2
65518,4
65530,2
65533,2
65535,2
65538,3
65548,3
65551,4
65555,2
65558,2
65560,2
65562,3
65568,2
65570,2
65576,2
65578,1
65580,3
65583,3
65586,4
65591,2
65593,3
65596,2
65600,11
65611,2
65616,5
65621,2
65632,2
65634,2
65642,3
65645,3
65648,2
65652,2
65655,2
65659,3
65664,2
65670,2
65675,4
65685,1
65688,3
65692,2
65700,3
65703,2
65705,2
65712,1
65715,3
65718,3
65723,3
65726,3
65731,2
65735,2
65737,1
65739,2
65745,2
65749,4
65756,3
65761,2
65763,1
65767,2
65771,3
65774,2
65777,2
65779,2
65781,2
65784,2
65786,1
65790,2
65792,1
65803,2
65812,3
65815,2
65822,2
65824,1
65829,2
65831,2
65833,6
65841,1
65843,2
65845,4
65851,3
65858,2
65865,2
65874,3
65881,2
65893,2
65896,2
65898,3
65904,4
65908,3
65913,4
65918,2
65920,2
65922,2
65927,2
65930,3
65935,2
65937,3
65946,5
65951,2
65953,3
65958,4
65963,1
65965,2
65967,1
65972,2
65977,1
65981,3
65987,2
65989,3
65992,2
65997,1
66001,1
66004,4
66008,3
66019,2
66027,2
66030,3
66036,2
66043,1
66049,4
66056,2
66060,2
66062,3
66067,3
66075,2
66078,2
66086,2
66092,3
66095,3
66098,3
66101,3
66105,2
66117,4
66123,2
66128,1
66131,2
66134,3
66137,2
66139,3
66143,2
66146,3
66149,2
66159,1
66163,3
66169,1
66174,4
66178,5
66187,2
66189,2
66192,3
66195,2
66206,3
66221,1
66224,2
66226,3
66231,2
66234,3
66243,2
66245,1
66247,2
66249,4
66255,2
66261,3
66268,4
66272,5
66277,2
66280,2
66283,2
66285,4
66289,3
66295,3
66298,1
66307,4
66320,2
66323,3
66327,1
66329,5
66336,1
66340,2
66342,2
66344,2
66347,2
66349,5
66354,4
66358,4
66366,3
66370,2
66372,3
66376,3
66384,1
66387,2
66394,1
66396,3
66400,2
66405,2
66409,2
66412,2
66418,3
66425,2
66427,2
66434,2
66436,2
66442,2
66447,3
66452,3
66463,4
66476,2
66479,3
66482,2
66485,2
66487,2
66491,2
66493,1
66496,2
66498,4
66505,2
66507,1
66509,3
66512,4
66517,2
66519,2
66522,2
66524,2
66529,4
66534,2
66536,2
66539,1
66546,3
66550,4
66554,2
66558,2
66560,3
66563,2
66565,2
66567,1
66576,2
66584,1
66586,1
66588,2
66590,3
66597,2
66602,2
66605,2
66607,2
66618,2
66621,2
66623,3
66627,2
66629,3
66640,1
66642,2
66644,3
66653,2
66656,3
66660,2
66675,3
66678,2
66682,3
66688,4
66695,2
66697,2
66700,2
66702,3
66706,2
66712,2
66714,2
66716,1
66721,2
66729,2
66732,2
66735,2
66741,2
66744,3
66753,2
66755,6
66762,3
66767,3
66771,2
66773,3
66777,4
66784,2
66787,3
66791,2
66794,2
66796,2
66803,6
66813,2
66815,1
66817,4
66821,2
66829,2
66833,2
66840,1
66845,2
66851,3
66860,2
66862,2
66865,3
66875,2
66878,2
66881,5
66890,2
66893,3
66901,2
66904,3
66907,1
66912,3
66917,2
66919,2
66926,3
66929,2
66931,3
66934,2
66936,3
66940,2
66942,2
66945,1
66948,1
66950,2
66952,1
66956,3
66959,1
66964,9
66973,4
66979,2
66981,2
66986,2
66991,1
66993,3
66996,4
67001,2
67005,3
67009,2
67013,2
67015,2
67021,5
67040,3
67046,3
67049,3
67053,2
67058,2
67061,3
67068,2
67073,2
67078,3
67081,2
67083,3
67095,2
67100,2
67107,2
67112,2
67115,3
67119,3
67122,2
67124,5
67133,3
67137,2
67141,2
67144,3
67147,4
67154,4
67159,4
67168,2
67172,3
67178,4
67182,2
67187,3
67192,1
67197,1
67199,6
67207,2
67209,2
67211,2
67214,3
67219,3
67224,2
67229,3
67232,3
67235,3
67241,2
67243,1
67245,2
67248,2
67253,2
67260,2
67262,3
67265,2
67270,2
67273,2
67277,1
67279,2
67283,2
67293,2
67300,3
67303,4
67309,3
67313,3
67316,2
67318,5
67323,3
67327,2
67336,1
67339,2
67352,2
67354,1
67357,4
67361,3
67372,1
67375,1
67378,3
67383,2
67394,3
67397,2
67400,2
67404,2
67406,2
67413,3
67418,2
67421,2
67430,2
67434,2
67451,1
67454,2
67458,3
67461,2
67464,2
67472,4
67477,2
67483,3
67486,3
67489,3
67493,3
67497,2
67502,3
67508,3
67517,2
67521,3
67526,2
67529,2
67531,3
67538,2
67543,3
67550,1
67552,3
67555,4
67561,2
67563,3
67571,3
67575,3
67581,2
67585,2
67592,3
67604,1
67608,3
67612,2
67615,6
67621,3
67632,2
67634,2
67638,1
67640,2
67643,5
67652,1
67659,2
67663,3
67669,3
67673,2
67675,2
67679,1
67681,3
67685,3
67688,3
67693,2
67695,2
67699,2
67701,2
67708,5
67713,2
67716,3
67721,3
67725,1
67728,2
67730,3
67733,2
67737,2
67740,3
67747,2
67749,1
67752,1
67754,2
67763,1
67767,1
67770,2
67774,2
67784,1
67788,2
67791,2
67797,2
67800,2
67807,1
67810,2
67814,3
67818,3
67821,2
67825,2
67827,4
67837,2
67840,2
67842,2
67847,2
67854,2
67856,3
67860,2
67864,2
67870,3
67873,4
67877,2
67880,2
67883,2
67886,3
67889,2
67892,3
67896,2
67900,2
67905,2
67907,1
67909,3
67915,2
67917,3
67921,2
67930,2
67932,4
67936,2
67938,3
67941,3
67951,2
67953,3
67960,2
67964,3
67970,3
67974,3
67979,3
67989,5
67997,2
68003,2
68007,1
68012,4
68019,3
68022,2
68024,2
68026,1
68028,2
68030,2
68032,2
68034,2
68036,2
68039,2
68041,3
68046,2
68050,2
68055,2
68058,2
68064,3
68067,2
68070,2
68074,2
68076,1
68078,7
68087,3
68094,2
68096,2
68098,3
68101,2
68106,2
68108,1
68112,2
68114,2
68120,2
68122,2
68126,2
68130,1
68134,2
68136,3
68139,2
68143,2
68150,1
68152,2
68155,2
68158,4
68167,2
68171,3
68178,7
68185,2
68190,2
68196,2
68208,2
68212,2
68215,2
68219,3
68226,2
68231,2
68234,3
68239,1
68241,3
68244,2
68251,1
68254,2
68264,2
68266,2
68268,3
68271,3
68274,2
68276,2
68283,1
68287,5
68293,2
68296,2
68300,3
68303,2
68305,1
68307,2
68316,2
68319,2
68321,2
68324,2
68326,3
68331,2
68333,2
68335,7
68344,2
68346,2
68352,2
68354,2
68356,3
68359,3
68362,3
68365,2
68367,3
68372,2
68379,2
68381,1
68384,3
68387,1
68390,2
68393,3
68398,2
68404,2
68406,2
68409,2
68416,2
68419,2
68424,2
68438,1
68440,4
68455,3
68459,2
68464,3
68470,3
68473,3
68480,3
68483,2
68486,4
68490,2
68495,2
68497,3
68501,2
68507,2
68509,6
68515,1
68521,2
68525,1
68527,2
68531,3
68536,3
68546,1
68555,2
68558,2
68565,3
68571,3
68574,1
68577,2
68580,3
68585,1
68590,4
68594,3
68600,1
68602,3
68606,2
68612,2
68618,2
68624,2
68626,3
68631,3
68634,2
68637,2
68640,3
68644,4
68648,3
68654,2
68657,2
68661,4
68667,3
68670,4
68674,1
68679,3
68686,3
68689,2
68692,3
68695,2
68697,2
68705,2
68707,2
68711,2
68713,2
68715,2
68724,4
68730,2
68736,2
68738,2
68741,3
68745,1
68747,7
68754,3
68758,1
68761,3
68764,2
68766,2
68770,1
68772,4
68776,1
68778,1
68780,2
68787,3
68792,2
68794,2
68798,2
68801,3
68806,2
68808,2
68811,3
68814,6
68820,3
68823,3
68836,2
68840,3
68844,2
68847,1
68853,5
68859,2
68862,3
68866,3
68871,2
68873,2
68878,2
68881,3
68884,3
68890,3
68894,2
68899,6
68905,3
68908,2
68911,1
68914,2
68917,4
68921,1
68925,3
68928,3
68932,5
68937,2
68939,5
68945,3
68948,2
68952,1
68956,3
68961,5
68966,1
68975,2
68977,2
68979,2
68981,2
68986,2
69000,4
69007,3
69011,2
69015,5
69022,2
69024,1
69029,1
69031,2
69033,3
69036,2
69038,2
69047,1
69049,2
69051,2
69055,4
69061,3
69078,5
69087,4
69092,2
69099,4
69103,2
69110,1
69122,2
69124,3
69129,2
69132,2
69134,3
69141,2
69145,1
69148,4
69160,2
69164,2
69175,2
69178,1
69180,2
69188,2
69193,2
69197,4
69202,2
69205,2
69210,4
69215,2
69225,3
69238,2
69240,2
69246,2
69248,3
69251,2
69257,1
69260,2
69262,4
69268,2
69271,4
69278,2
69285,2
69290,2
69295,3
69298,4
69302,2
69305,2
69309,4
69313,2
69315,3
69318,2
69320,2
69322,2
69324,3
69327,3
69331,2
69333,2
69337,2
69342,2
69344,2
69347,4
69351,3
69360,2
69367,4
69375,3
69379,3
69384,1
69386,3
69390,2
69393,2
69401,1
69403,3
69406,1
69409,2
69411,2
69413,4
69430,2
69432,2
69440,2
69443,2
69447,2
69459,2
69464,8
69472,2
69477,2
69479,4
69486,3
69489,4
69494,2
69505,3
69509,2
69513,3
69518,2
69520,4
69526,2
69530,3
69533,2
69538,3
69542,3
69545,1
69549,3
69552,2
69554,3
69558,2
69564,2
69568,2
69571,4
69577,2
69579,3
69583,3
69586,2
69589,2
69595,3
69598,1
69601,3
69605,3
69609,1
69614,2
69617,2
69622,3
69625,2
69627,2
69635,2
69637,1
69640,3
69645,2
69647,2
69649,4
69654,2
69656,3
69661,1
69663,1
69673,2
69680,3
69684,2
69686,2
69689,2
69691,3
69694,3
69698,2
69701,2
69704,2
69725,3
69733,2
69735,2
69737,4
69742,2
69744,2
69748,2
69751,2
69755,2
69760,5
69766,2
69775,1
69778,3
69790,2
69794,3
69797,2
69801,2
69807,2
69811,2
69813,1
69815,3
69818,4
69822,2
69830,3
69835,5
69840,5
69846,1
69849,3
69853,3
69860,4
69866,3
69873,2
69876,3
69882,2
69886,1
69889,2
69892,3
69896,2
69898,3
69904,4
69913,3
69923,5
69930,5
69937,4
69941,2
69946,2
69952,1
69956,2
69960,1
69962,4
69967,2
69969,3
69976,2
69979,2
69981,1
69984,2
69987,3
69990,4
69997,2
70007,3
70015,1
70020,3
70023,2
70025,2
70027,1
70030,3
70046,3
70052,2
70056,3
70061,3
70066,2
70068,2
70071,2
70073,1
70075,3
70078,4
70082,2
70084,2
70086,4
70090,3
70093,1
70099,2
70110,2
70115,2
70118,3
70121,3
70124,2
70126,1
70130,2
70132,2
70134,2
70137,4
70141,2
70143,2
70145,3
70160,2
70168,5
70173,1
70180,2
70183,1
70189,3
70196,2
70199,2
70204,2
70209,2
70215,2
70218,3
70225,2
70229,2
70238,2
70240,3
70245,2
70249,2
70251,2
70254,3
70267,2
70271,2
70276,2
70278,2
70282,3
70285,2
70287,4
70292,2
70294,2
70299,3
70309,2
70311,2
70313,3
70320,3
70327,2
70336,2
70338,2
70343,4
70350,2
70352,2
70354,2
70357,2
70364,3
70367,2
70369,4
70374,2
70376,2
70378,5
70383,4
70390,3
70395,2
70399,4
70413,3
70427,3
70437,2
70441,3
70450,6
70474,3
70479,2
70509,2
70523,2
70525,3
70532,2
70545,2
70553,3
70556,2
70558,2
70563,2
70565,2
70567,1
70570,2
70573,3
70582,2
70590,2
70593,2
70601,2
70606,3
70617,2
70620,3
70623,3
70628,2
70631,2
70635,2
70644,3
70652,2
70669,3
70672,2
70675,2
70682,3
70685,2
70687,4
70692,3
70696,2
70707,3
70712,2
70716,2
70723,1
70736,2
70738,3
70750,2
70754,3
70757,2
70759,2
70763,2
70767,2
70769,2
70777,3
70780,2
70782,2
70809,122
70932,2
70940,4
70949,4
70955,2
70957,2
70960,2
70964,3
70975,2
70979,2
70988,2
71008,3
71021,2
71025,2
71033,3
71049,2
71051,2
71086,2
71091,2
71098,2
71104,5
71109,2
71117,2
71136,3
71139,2
71141,3
71145,2
71149,2
71152,2
71165,2
71167,2
71177,2
71182,4
71200,3
71204,2
71214,1
71228,2
71231,2
71233,2
71237,2
71239,2
71244,1
71251,2
71255,2
71259,3
71263,4
71268,2
71270,2
71272,2
71275,2
71277,2
71281,2
71285,6
71297,2
71301,2
71305,2
71316,2
71326,2
71337,2
71355,2
71358,2
71363,2
71371,3
71374,2
71377,5
71382,2
71385,2
71387,2
71392,2
71395,2
71397,2
71400,2
71403,3
71414,2
71419,2
71425,2
71433,2
71437,2
71439,2
71445,2
71447,2
71449,2
71458,2
71463,2
71465,3
71468,2
71470,2
71472,2
71474,3
71485,3
71493,2
71495,2
71497,2
71499,2
71503,2
71510,2
71512,2
71517,3
71520,2
71522,2
71526,2
71528,2
71530,2
71544,2
71546,2
71554,1
71558,2
71561,2
71570,2
71577,2
71592,2
71597,2
71600,2
71604,2
71610,4
71614,2
71616,2
71622,2
71625,2
71627,2
71635,2
71645,3
71650,3
71658,1
71660,2
71662,2
71665,3
71668,5
71675,2
71678,3
71684,4
71688,2
71690,2
71694,2
71697,2
71699,3
71703,2
71707,2
71712,2
71717,3
71728,4
71734,2
71741,3
71748,2
71751,4
71756,2
71762,2
71768,5
71789,2
71795,2
71798,2
71810,4
71814,3
71821,2
71823,2
71827,5
71837,3
71843,2
71850,2
71852,2
71856,3
71859,2
71865,2
71874,2
71877,2
71880,3
71888,3
71921,3
71927,2
71931,2
71938,2
71946,3
71949,2
71952,1
71959,2
71962,3
71969,3
71976,3
71979,2
71981,2
71983,2
71985,2
71987,2
71993,2
71997,2
71999,3
72002,4
72025,2
72027,2
72030,2
72034,3
72037,2
72053,2
72067,4
72081,2
72083,2
72087,4
72093,2
72095,2
72098,2
72101,2
72103,2
72110,2
72112,2
72117,2
72126,2
72132,2
72135,2
72146,2
72152,2
72154,4
72160,2
72164,2
72168,2
72175,2
72177,2
72180,3
72185,2
72188,3
72193,2
72197,3
72203,4
72210,2
72218,2
72220,3
72228,2
72235,3
72242,2
72246,3
72249,2
72263,2
72265,2
72276,2
72282,3
72287,2
72293,2
72296,2
72301,2
72303,2
72306,2
72322,2
72326,3
72333,2
72337,3
72340,2
72342,2
72349,2
72353,2
72359,2
72371,2
72375,2
72383,2
72385,2
72388,2
72403,5
72408,2
72421,2
72426,2
72428,3
72433,1
72437,3
72444,2
72446,2
72458,2
72460,2
72477,2
72487,2
72490,2
72493,3
72497,3
72505,2
72507,2
72511,2
72514,4
72524,2
72526,2
72544,1
72551,3
72555,3
72562,3
72568,2
72573,2
72575,2
72577,2
72586,3
72595,2
72603,3
72606,2
72611,2
72614,2
72617,2
72620,2
72623,2
72629,2
72633,2
72642,1
72644,2
72646,2
72650,2
72655,2
72658,3
72666,2
72668,2
72674,2
72676,2
72689,2
72696,5
72708,2
72711,2
72716,3
72719,2
72722,2
72729,4
72733,3
72736,4
72746,2
72754,3
72758,1
72761,2
72771,2
72775,2
72777,2
72786,3
72792,3
72799,2
72801,3
72808,2
72813,2
72818,3
72821,3
72826,2
72830,4
72843,3
72847,1
72852,2
72857,2
72866,2
72883,5
72892,2
72898,2
72913,2
72917,2
72921,2
72930,2
72936,3
72942,2
72944,2
72953,2
72966,8
72975,3
72982,3
72988,3
72994,2
72999,2
73007,2
73015,2
73020,2
73023,2
73034,2
73036,2
73038,2
73046,3
73051,2
73059,4
73067,3
73082,4
73089,2
73091,4
73096,2
73107,2
73134,2
73140,2
73145,4
73154,2
73167,4
73171,2
73186,3
73195,3
73199,2
73202,4
73206,2
73208,3
73212,2
73216,3
73219,2
73226,2
73232,2
73237,2
73252,3
73256,2
73258,2
73260,2
73263,3
73279,3
73282,2
73300,2
73303,3
73308,2
73310,1
73317,2
73321,2
73323,2
73325,2
73336,2
73341,2
73343,2
73352,3
73355,3
73360,3
73365,2
73368,2
73378,2
73382,2
73385,2
73391,2
73397,3
73411,2
73418,2
73420,2
73422,2
73428,2
73431,2
73433,3
73437,1
73443,2
73447,4
73453,2
73458,2
73461,2
73465,3
73468,2
73470,2
73474,2
73481,2
73486,2
73488,2
73491,3
73496,2
73498,2
73501,3
73510,2
73514,2
73525,2
73527,2
73530,3
73534,2
73546,3
73550,2
73553,2
73561,4
73569,2
73571,3
73578,3
73583,2
73587,3
73590,3
73602,2
73604,2
73607,3
73615,2
73623,2
73630,2
73632,2
73636,3
73641,2
73645,2
73652,3
73655,2
73657,3
73665,3
73671,3
73674,2
73677,2
73685,3
73688,2
73697,2
73701,2
73706,3
73720,2
73723,2
73731,2
73734,2
73736,3
73739,3
73742,3
73747,4
73753,2
73759,2
73762,3
73766,2
73769,2
73771,3
73775,2
73778,2
73780,3
73787,2
73789,2
73797,2
73799,2
73802,2
73807,2
73811,2
73815,2
73818,3
73823,2
73828,2
73830,3
73834,4
73838,2
73842,3
73845,2
73856,3
73865,3
73881,2
73884,2
73895,3
73904,2
73917,2
73919,3
73923,3
73926,2
73930,2
73934,2
73937,4
73942,2
73956,2
73960,2
73963,3
73972,2
73974,2
73978,1
73982,2
73984,2
73989,3
73992,2
73996,2
74008,3
74011,2
74021,3
74026,2
74028,2
74030,2
74038,3
74041,3
74053,3
74056,2
74065,2
74079,4
74085,3
74089,2
74091,2
74100,2
74110,3
74113,2
74115,4
74119,2
74121,3
74126,3
74129,2
74137,3
74141,2
74144,2
74147,2
74150,5
74155,3
74184,2
74192,2
74195,3
74198,2
74217,4
74223,2
74229,3
74232,2
74235,1
74244,3
74249,3
74252,2
74254,2
74270,1
74274,5
74279,2
74284,3
74289,2
74294,2
74297,2
74302,4
74314,2
74316,4
74321,3
74330,2
74339,3
74342,2
74345,2
74357,2
74360,3
74366,7
74374,3
74377,2
74383,3
74387,2
74389,2
74396,2
74403,2
74406,2
74408,2
74410,3
74413,3
74417,2
74419,2
74424,4
74431,3
74440,3
74443,2
74448,2
74450,4
74456,2
74458,3
74464,4
74472,2
74474,2
74478,2
74480,4
74484,4
74489,2
74491,2
74498,1
74504,2
74507,2
74509,2
74516,2
74521,2
74526,2
74532,2
74535,1
74560,3
74572,2
74579,2
74582,3
74587,2
74595,2
74607,5
74616,2
74619,1
74624,2
74631,2
74635,1
74641,2
74643,4
74647,3
74658,3
74676,4
74680,3
74696,5
74703,3
74709,2
74714,2
74723,3
74735,2
74737,2
74739,2
74741,2
74750,2
74757,1
74761,3
74767,3
74772,3
74775,2
74779,2
74781,2
74785,4
74789,2
74798,2
74801,2
74804,2
74811,2
74814,2
74817,4
74823,2
74825,2
74833,2
74836,2
74853,1
74862,5
74870,2
74873,3
74876,2
74878,2
74883,2
74885,3
74890,2
74894,2
74896,2
74906,1
74912,2
74918,2
74926,2
74930,4
74935,3
74943,2
74961,2
74963,5
74968,2
74978,2
74981,2
74984,3
74995,2
74999,2
75010,3
75013,2
75016,2
75018,2
75021,2
75025,2
75027,2
75034,2
75037,2
75043,1
75047,2
75052,3
75058,5
75064,2
75074,3
75083,2
75087,3
75090,2
75096,2
75100,3
75103,2
75107,2
75120,3
75127,3
75131,3
75135,2
75139,1
75142,2
75146,3
75150,3
75156,2
75161,2
75168,3
75174,2
75177,3
75180,4
75191,2
75195,2
75197,3
75205,3
75208,2
75211,2
75228,2
75233,2
75242,3
75245,3
75249,2
75253,2
75256,2
75260,5
75272,2
75274,1
75279,2
75281,4
75285,2
75290,2
75294,2
75298,2
75306,2
75312,2
75317,2
75327,1
75331,1
75334,2
75337,2
75346,3
75349,3
75357,4
75370,2
75373,2
75375,2
75384,2
75386,2
75397,1
75413,4
75417,3
75421,3
75427,2
75435,2
75441,2
75443,4
75451,2
75457,3
75461,2
75467,2
75471,2
75474,3
75479,2
75488,4
75492,2
75497,3
75500,2
75507,2
75517,3
75523,4
75536,2
75541,2
75543,2
75548,2
75556,2
75566,3
75570,3
75577,2
75581,2
75583,2
75589,2
75591,2
75595,2
75597,2
75603,2
75607,2
75612,1
75620,3
75624,2
75628,2
75630,3
75637,2
75639,2
75663,3
75667,4
75676,6
75682,2
75687,3
75695,2
75698,3
75701,2
75706,2
75708,3
75719,3
75724,4
75731,2
75739,4
75748,2
75750,3
75753,4
75757,3
75760,3
75764,2
75776,3
75782,2
75784,3
75789,2
75791,2
75794,2
75799,3
75805,3
75814,2
75816,1
75818,4
75822,2
75827,2
75829,1
75834,2
75837,1
75842,1
75852,2
75854,3
75861,3
75870,2
75874,4
75880,2
75888,2
75900,3
75909,3
75913,2
75915,4
75920,3
75923,3
75926,2
75929,3
75949,2
75952,3
75957,2
75961,2
75966,3
75976,2
75978,2
75982,4
75990,3
75993,2
75996,2
75999,4
76003,3
76018,2
76028,2
76030,4
76037,3
76043,2
76045,2
76048,3
76051,2
76060,2
76068,2
76071,2
76075,3
76079,2
76082,2
76086,3
76107,2
76112,4
76116,2
76118,2
76120,2
76124,3
76128,3
76133,2
76145,2
76153,3
76156,2
76159,2
76168,3
76171,4
76185,2
76193,1
76200,2
76203,4
76207,2
76210,2
76212,2
76215,2
76217,3
76227,1
76229,2
76235,2
76237,2
76242,2
76245,3
76251,2
76261,3
76264,2
76266,2
76268,2
76272,2
76275,2
76277,3
76280,2
76282,3
76286,2
76304,2
76308,4
76312,2
76315,2
76317,2
76321,2
76325,2
76328,2
76335,2
76337,3
76361,2
76363,4
76369,1
76372,3
76377,3
76380,3
76384,2
76387,3
76391,2
76394,2
76401,2
76405,2
76407,2
76413,2
76415,2
76424,3
76427,6
76436,2
76441,2
76446,2
76453,2
76462,3
76465,3
76470,2
76473,3
76487,2
76492,2
76498,2
76512,5
76524,2
76526,1
76534,2
76539,6
76550,2
76554,1
76562,2
76566,2
76571,4
76575,3
76587,3
76595,2
76606,3
76610,4
76619,2
76626,2
76632,2
76634,3
76653,2
76655,2
76657,2
76659,2
76661,2
76666,1
76668,2
76670,3
76673,2
76675,2
76683,2
76685,2
76689,2
76701,2
76703,3
76706,2
76708,2
76710,2
76712,2
76719,2
76721,2
76744,4
76757,2
76768,2
76772,2
76784,2
76788,2
76790,2
76792,2
76811,2
76817,3
76822,2
76831,3
76834,2
76836,2
76841,4
76847,2
76849,2
76851,2
76854,2
76856,2
76870,3
76873,2
76877,2
76883,3
76891,3
76897,4
76901,2
76905,2
76907,2
76910,4
76916,3
76919,2
76923,1
76925,2
76929,2
76942,2
76946,2
76952,3
76956,2
76960,2
76963,3
76970,2
76973,2
76977,1
76986,2
76991,2
76994,3
77011,2
77017,2
77019,3
77023,3
77026,4
77032,2
77040,2
77042,2
77045,2
77049,2
77052,4
77057,3
77063,3
77070,4
77076,2
77086,3
77093,3
77097,2
77101,1
77103,3
77116,2
77121,2
77124,3
77129,1
77132,2
77134,4
77144,2
77149,2
77151,2
77157,2
77166,3
77169,2
77171,1
77175,2
77181,3
77185,2
77198,2
77201,2
77204,2
77207,3
77212,2
77222,4
77226,1
77231,3
77235,2
77244,4
77251,4
77258,2
77261,2
77267,3
77271,2
77275,2
77283,3
77288,3
77293,3
77297,2
77299,2
77301,5
77306,2
77321,3
77326,3
77330,2
77332,3
77335,2
77341,1
77348,1
77350,3
77357,3
77363,2
77371,2
77373,3
77376,2
77380,2
77383,4
77393,2
77402,2
77404,1
77415,3
77421,2
77431,2
77433,2
77442,2
77445,3
77454,2
77460,3
77468,2
77470,3
77485,3
77488,2
77492,3
77502,2
77512,2
77520,2
77523,2
77527,3
77530,3
77535,2
77537,2
77543,3
77546,3
77550,2
77554,2
77564,3
77567,2
77571,2
77576,2
77584,2
77594,3
77597,2
77600,2
77602,2
77604,2
77611,2
77613,4
77617,4
77627,2
77635,4
77641,2
77650,3
77653,2
77655,5
77670,1
77673,2
77678,3
77681,2
77688,3
77691,1
77695,2
77699,2
77703,3
77711,3
77714,1
77719,4
77725,2
77743,2
77745,3
77758,3
77763,2
77788,2
77791,2
77794,3
77797,2
77800,1
77802,2
77804,3
77811,2
77815,2
77819,2
77824,3
77828,2
77839,3
77842,2
77844,2
77848,3
77855,2
77866,1
77871,2
77881,2
77894,2
77896,4
77900,2
77904,3
77907,2
77915,2
77921,2
77924,2
77932,3
77935,3
77941,2
77945,2
77953,2
77964,2
77969,2
77971,3
77976,2
77981,2
77999,3
78003,2
78005,2
78007,2
78015,2
78017,3
78025,3
78037,2
78043,3
78055,2
78059,2
78062,4
78066,3
78070,2
78073,1
78080,3
78083,2
78086,2
78088,2
78090,3
78096,3
78102,1
78105,2
78107,2
78109,2
78111,2
78119,3
78126,3
78130,2
78139,2
78141,2
78145,2
78147,2
78152,2
78156,3
78160,2
78163,1
78179,2
78182,4
78186,2
78190,1
78195,4
78200,3
78203,2
78209,3
78212,2
78216,3
78223,1
78228,2
78230,2
78239,2
78250,2
78262,3
78274,2
78276,2
78286,2
78296,2
78299,2
78302,1
78304,2
78309,4
78313,2
78320,1
78329,2
78331,6
78338,2
78343,2
78345,2
78347,2
78349,1
78353,3
78365,4
78369,2
78374,2
78376,2
78384,2
78400,2
78405,3
78410,3
78413,3
78417,2
78422,2
78432,2
78439,2
78457,2
78460,2
78472,2
78481,2
78484,2
78490,1
78496,2
78505,2
78546,3
78555,3
78567,2
78571,3
78584,2
78595,2
78597,2
78609,3
78616,1
78620,2
78627,2
78639,2
78641,2
78645,2
78650,4
78654,3
78661,3
78670,3
78673,2
78676,3
78686,2
78699,2
78704,2
78708,2
78714,3
78717,2
78724,2
78728,2
78730,2
78732,2
78736,2
78743,2
78752,4
78760,3
78763,3
78767,2
78771,2
78776,3
78781,1
78788,3
78794,2
78797,4
78801,2
78805,2
78809,2
78812,2
78814,2
78816,3
78820,3
78828,3
78831,2
78834,2
78837,3
78848,2
78852,2
78854,3
78859,2
78865,3
78871,2
78883,3
78886,3
78893,2
78895,5
78903,5
78919,3
78928,3
78931,2
78943,2
78954,2
78962,2
78964,3
78968,1
78985,2
78987,2
78990,3
78997,2
79001,2
79006,2
79009,2
79014,2
79016,3
79026,3
79030,3
79035,3
79039,2
79044,2
79046,2
79048,6
79056,2
79077,2
79080,2
79089,1
79095,2
79106,2
79113,2
79115,4
79119,2
79123,2
79129,2
79136,3
79144,3
79148,2
79150,2
79157,2
79159,3
79163,2
79170,2
79178,2
79180,1
79183,5
79190,3
79195,2
79203,4
79208,2
79231,2
79237,2
79243,4
79248,2
79256,2
79262,3
79267,2
79272,2
79274,4
79282,2
79288,2
79291,3
79299,4
79304,2
79306,1
79309,4
79313,2
79325,2
79327,3
79330,3
79334,3
79339,5
79344,5
79349,3
79353,2
79364,2
79366,2
79371,2
79374,2
79377,2
79381,1
79384,3
79399,2
79401,1
79405,3
79410,3
79413,3
79416,1
79430,2
79434,4
79445,5
79452,2
79463,3
79479,2
79485,2
79497,1
79499,2
79503,2
79516,2
79521,2
79532,2
79535,2
79539,2
79544,4
79562,3
79567,2
79569,2
79576,2
79582,3
79594,2
79597,3
79609,2
79611,3
79617,2
79623,2
79627,2
79629,2
79638,2
79643,2
79646,2
79650,2
79652,2
79655,2
79663,2
79665,3
79669,2
79671,2
79673,2
79675,2
79677,2
79679,4
79685,2
79688,2
79693,2
79697,2
79701,2
79704,2
79706,3
79710,2
79715,2
79721,4
79725,3
79729,3
79734,5
79740,4
79746,2
79750,2
79753,2
79755,1
79761,1
79769,1
79779,2
79781,3
79793,2
79796,2
79801,3
79808,2
79814,2
79822,2
79831,1
79836,2
79842,2
79844,3
79852,2
79857,2
79859,3
79862,1
79864,2
79869,3
79872,3
79877,2
79885,3
79888,3
79892,2
79896,2
79898,2
79902,2
79905,3
79908,2
79915,2
79917,3
79920,2
79922,1
79925,2
79927,4
79931,2
79934,2
79939,3
79942,3
79945,5
79950,2
79952,4
79958,2
79960,3
79968,2
79970,1
79979,2
79985,3
79992,2
79996,3
80008,2
80015,2
80028,2
80030,4
80055,2
80057,2
80059,2
80063,3
80066,4
80079,2
80085,2
80087,2
80091,2
80097,2
80103,3
80106,4
80121,3
80124,2
80129,1
80144,3
80147,4
80151,2
80154,2
80156,2
80159,2
80162,2
80166,4
80170,2
80172,4
80185,1
80199,2
80205,3
80210,3
80218,4
80222,2
80224,2
80230,2
80232,4
80248,5
80268,2
80270,2
80272,3
80277,3
80284,2
80287,3
80290,2
80306,2
80311,3
80315,2
80331,1
80333,3
80336,3
80341,2
80347,3
80353,2
80355,4
80364,2
80372,2
80378,2
80383,2
80385,1
80390,3
80395,4
80401,1
80405,2
80409,7
80418,1
80422,3
80428,5
80435,4
80441,2
80447,3
80450,2
80452,2
80454,2
80458,3
80469,1
80481,8
80493,4
80503,3
80508,1
80515,3
80519,3
80525,2
80527,3
80537,3
80540,1
80542,3
80545,2
80551,2
80556,5
80561,1
80582,2
80591,4
80599,3
80618,2
80623,2
80625,2
80630,1
80641,3
80665,2
80667,1
80672,2
80675,2
80677,2
80680,2
80682,3
80686,3
80702,2
80706,1
80713,4
80718,2
80720,3
80727,2
80742,2
80744,1
80748,2
80756,2
80760,2
80777,2
80782,2
80789,2
80794,2
80797,3
80803,2
80807,2
80812,2
80816,3
80839,3
80848,3
80863,2
80867,2
80879,3
80884,1
80889,2
80893,2
80895,2
80903,3
80913,2
80930,1
80935,3
80940,2
80944,2
80946,3
80949,1
80958,2
80968,4
80987,3
80992,2
80995,3
81006,2
81010,2
81015,1
81017,1
81022,2
81026,2
81028,2
81030,3
81033,2
81035,3
81038,2
81050,3
81055,2
81065,2
81069,3
81072,2
81080,1
81085,1
81089,2
81096,2
81098,2
81100,2
81102,2
81106,4
81116,2
81118,2
81120,2
81123,2
81125,2
81127,2
81138,4
81143,3
81148,1
81153,5
81168,1
81172,3
81175,2
81197,3
81203,2
81207,3
81230,1
81232,1
81242,4
81256,4
81262,1
81273,3
81280,3
81283,3
81286,4
81294,3
81299,2
81302,2
81308,5
81314,1
81326,3
81331,3
81334,2
81337,2
81346,2
81373,3
81378,2
81380,5
81385,2
81391,3
81396,6
81424,2
81426,4
81434,3
81449,2
81464,3
81468,2
81470,3
81477,2
81479,2
81492,2
81494,3
81500,4
81518,2
81521,3
81527,4
81533,2
81536,2
81538,2
81540,3
81547,2
81555,2
81562,1
81568,2
81570,2
81572,3
81578,2
81580,2
81582,2
81584,3
81587,3
81599,2
81607,2
81612,2
81619,4
81625,2
81630,2
81636,2
81643,3
81647,2
81649,3
81654,3
81658,2
81660,2
81667,2
81671,1
81678,3
81687,1
81695,4
81706,2
81725,3
81730,3
81744,2
81746,2
81750,3
81757,2
81759,4
81768,3
81771,2
81776,4
81781,2
81794,3
81797,2
81806,4
81811,2
81814,3
81817,1
81828,2
81831,2
81833,2
81835,2
81838,2
81841,4
81846,6
81853,3
81856,2
81860,2
81862,1
81882,2
81890,3
81893,4
81906,4
81914,4
81919,3
81928,3
81947,1
81950,3
81953,2
81955,3
81958,3
81961,2
81972,2
81987,3
81991,2
81994,3
82003,2
82006,2
82009,2
82011,2
82018,2
82031,3
82034,2
82036,1
82044,1
82046,1
82048,2
82051,8
82068,2
82073,3
82076,3
82088,3
82092,2
82100,2
82102,4
82106,2
82108,4
82114,2
82118,2
82120,3
82126,1
82128,2
82130,2
82138,1
82141,2
82147,1
82156,2
82160,2
82162,2
82166,2
82168,2
82175,3
82178,1
82190,1
82199,1
82206,2
82210,2
82213,2
82215,3
82218,2
82221,2
82224,2
82226,3
82229,2
82231,3
82236,3
82242,2
82244,2
82253,3
82257,2
82260,2
82264,2
82277,3
82283,3
82289,2
82297,2
82299,2
82302,4
82306,4
82312,3
82315,2
82318,2
82323,3
82328,1
82338,1
82340,2
82349,2
82353,1
82357,3
82362,2
82368,2
82372,4
82384,2
82388,2
82407,3
82412,4
82416,4
82420,3
82425,3
82428,2
82430,3
82435,2
82441,2
82443,2
82446,3
82451,2
82453,2
82459,3
82462,2
82466,1
82469,2
82472,1
82483,3
82486,3
82490,2
82493,3
82499,2
82503,2
82507,2
82510,2
82512,2
82517,2
82523,3
82527,2
82536,1
82539,1
82543,2
82559,3
82562,3
82573,2
82575,7
82582,3
82586,3
82595,2
82597,4
82602,2
82605,3
82618,2
82620,2
82622,1
82624,1
82626,3
82637,2
82639,2
82641,2
82643,3
82651,2
82654,2
82660,2
82667,3
82670,1
82673,1
82678,1
82682,2
82686,2
82688,1
82693,2
82699,6
82705,3
82709,2
82713,3
82720,1
82724,3
82727,3
82733,3
82739,2
82741,4
82749,2
82751,2
82755,1
82760,2
82762,2
82765,2
82772,1
82784,3
82787,3
82790,2
82801,3
82813,1
82815,2
82819,2
82826,2
82838,2
82848,2
82852,2
82856,2
82859,3
82865,2
82874,2
82878,2
82884,3
82890,2
82893,2
82899,4
82907,3
82910,1
82913,2
82921,4
82925,2
82927,2
82931,2
82937,2
82940,4
82948,2
82959,3
82965,1
82969,3
82974,3
82978,5
82996,3
83012,2
83017,3
83021,2
83030,3
83034,1
83040,2
83046,2
83052,2
83057,2
83061,3
83065,3
83074,3
83083,2
83095,2
83098,2
83100,2
83106,1
83112,3
83121,2
83123,2
83128,2
83132,2
83138,2
83144,2
83147,2
83149,2
83156,2
83158,1
83161,3
83164,2
83181,2
83187,3
83193,2
83195,2
83197,4
83202,3
83205,2
83207,2
83209,2
83220,2
83225,1
83230,2
83238,2
83255,1
83260,2
83264,1
83270,1
83281,2
83285,2
83290,2
83292,1
83295,2
83304,5
83309,1
83318,2
83324,2
83326,2
83329,2
83333,5
83338,3
83349,1
83353,7
83363,1
83367,1
83370,2
83378,3
83388,2
83392,2
83395,2
83403,3
83408,2
83410,3
83415,3
83423,3
83426,3
83433,2
83441,2
83443,2
83447,1
83449,2
83456,4
83460,4
83468,3
83475,1
83493,1
83495,2
83497,2
83501,3
83505,2
83511,2
83514,2
83519,2
83525,3
83528,3
83552,2
83561,3
83567,1
83569,2
83578,3
83581,5
83586,1
83593,4
83597,2
83601,1
83604,4
83610,3
83613,4
83625,2
83628,2
83630,2
83636,2
83642,2
83648,5
83654,1
83665,2
83668,1
83673,1
83678,2
83683,2
83685,1
83690,3
83694,3
83705,3
83713,2
83715,2
83717,2
83721,2
83726,2
83735,2
83737,2
83743,2
83745,2
83758,4
83763,4
83767,1
83777,2
83786,1
83789,1
83797,3
83800,3
83807,2
83835,4
83840,2
83844,3
83847,1
83853,1
83861,2
83863,3
83871,1
83875,5
83880,2
83882,2
83885,2
83898,3
83902,2
83904,2
83914,2
83918,1
83923,2
83929,4
83934,2
83941,3
83945,5
83952,2
83954,2
83957,1
83962,3
83969,2
83973,2
83977,2
83979,2
83983,3
83987,2
83989,2
83998,2
84002,2
84008,3
84011,2
84013,1
84017,3
84028,2
84038,4
84046,4
84050,2
84052,2
84067,2
84072,1
84076,2
84079,3
84083,3
84088,2
84093,1
84098,6
84109,3
84118,3
84122,2
84129,1
84142,2
84147,3
84152,4
84157,4
84162,4
84167,4
84176,4
84180,2
84187,2
84198,2
84202,3
84212,2
84220,2
84225,4
84229,1
84235,6
84245,3
84248,2
84250,1
84253,3
84261,2
84267,2
84272,4
84276,2
84284,2
84291,3
84295,3
84298,2
84300,2
84302,2
84304,2
84311,3
84331,2
84335,7
84342,2
84349,2
84351,1
84358,3
84362,2
84364,4
84373,2
84376,4
84380,1
84383,2
84388,1
84394,2
84396,2
84399,2
84402,2
84405,4
84410,3
84421,1
84423,2
84431,1
84445,3
84461,3
84464,2
84469,2
84479,2
84489,1
84497,4
84502,2
84506,2
84509,2
84511,2
84513,4
84519,4
84534,1
84542,2
84551,2
84564,2
84569,2
84577,2
84580,3
84587,2
84592,1
84594,3
84599,3
84604,1
84606,2
84608,1
84612,3
84617,3
84630,2
84637,2
84640,2
84647,3
84654,2
84657,5
84678,2
84680,2
84682,1
84688,2
84700,4
84704,1
84722,5
84750,2
84755,2
84765,2
84777,2
84781,2
84792,3
84797,2
84803,2
84810,2
84821,2
84825,3
84829,1
84832,5
84837,2
84843,2
84845,2
84847,1
84849,3
84854,2
84858,2
84861,3
84865,2
84879,3
84897,2
84901,1
84903,2
84906,1
84912,3
84915,2
84918,2
84936,2
84940,3
84943,2
84946,2
84951,2
84953,3
84960,4
84964,2
84966,4
84970,6
84981,3
84984,2
84988,1
84994,2
85001,2
85006,2
85013,1
85032,4
85036,2
85038,2
85042,1
85046,2
85050,2
85055,3
85060,2
85069,2
85072,2
85079,2
85090,1
85100,2
85103,2
85117,2
85141,2
85144,4
85149,2
85152,2
85154,1
85156,2
85169,2
85171,2
85183,4
85191,2
85194,5
85214,6
85225,2
85229,2
85231,3
85236,2
85238,1
85240,3
85243,2
85250,1
85253,2
85256,2
85263,1
85267,1
85273,2
85278,3
85283,2
85293,4
85297,1
85329,1
85362,2
85373,2
85381,2
85386,2
85390,2
85393,2
85396,2
85400,1
85442,3
85450,5
85455,3
85459,3
85462,3
85468,3
85472,3
85477,3
85482,2
85489,2
85496,4
85503,3
85506,3
85511,3
85518,3
85522,2
85526,3
85530,2
85533,2
85536,2
85546,2
85557,3
85562,2
85571,1
85573,2
85578,3
85588,2
85601,2
85603,1
85607,1
85614,1
85628,3
85631,5
85637,1
85644,1
85661,4
85678,2
85696,1
85698,2
85701,4
85705,2
85710,3
85715,3
85728,2
85730,2
85735,3
85739,3
85743,2
85748,3
85751,5
85758,5
85764,4
85770,4
85774,6
85780,3
85784,3
85792,2
85795,3
85799,4
85803,1
85814,2
85816,3
85822,2
85824,3
85827,3
85830,3
85833,3
85841,3
85844,1
85846,2
85848,3
85854,2
85856,2
85879,2
85881,2
85887,1
85913,2
85916,3
85919,4
85925,2
85929,2
85935,4
85945,3
85948,1
85950,2
85957,2
85959,3
85966,3
85969,2
85971,2
85973,3
85978,2
85981,3
85985,2
85989,5
85994,3
85998,2
86002,2
86004,2
86017,1
86021,1
86024,1
86029,4
86038,1
86045,1
86070,2
86074,2
86081,2
86083,2
86098,2
86100,3
86105,2
86111,2
86113,3
86117,2
86128,4
86133,1
86139,3
86145,2
86155,3
86172,2
86176,3
86179,2
86181,2
86183,3
86198,2
86201,3
86205,1
86207,2
86212,2
86215,3
86220,2
86224,2
86226,1
86236,2
86242,3
86245,3
86249,3
86253,3
86257,2
86263,3
86267,4
86271,3
86289,2
86318,3
86323,2
86330,2
86335,2
86411,2
86510,2
86574,2
86579,3
86584,1
86587,2
86591,2
86594,2
86601,2
86605,2
86609,2
86612,2
86614,1
86616,1
86627,3
86631,2
86637,1
86639,3
86644,2
86648,2
86650,3
86682,1
86693,2
86695,1
86698,1
86706,3
86729,3
86735,2
86737,2
86743,2
86748,2
86752,2
86756,3
86759,3
86764,2
86785,2
86790,3
86799,2
86807,2
86814,1
86823,4
86827,3
86833,3
86839,2
86846,1
86862,4
86866,2
86870,2
86872,3
86888,2
86892,2
86895,4
86901,4
86905,2
86913,2
86918,2
86928,2
86933,2
86946,2
86948,3
86951,2
86955,4
86960,2
86962,4
86966,1
86972,4
86977,3
86982,4
86986,2
86989,2
86994,2
86997,3
87000,3
87012,3
87016,3
87023,3
87026,4
87039,4
87047,2
87049,3
87054,3
87062,2
87072,3
87075,5
87096,2
87100,7
87109,3
87114,2
87120,1
87130,2
87146,3
87150,3
87157,3
87160,2
87163,2
87166,3
87170,3
87174,4
87179,2
87181,2
87188,2
87193,4
87200,5
87206,2
87213,3
87217,1
87219,2
87223,3
87226,2
87228,3
87231,5
87237,1
87246,4
87255,6
87261,3
87272,2
87281,2
87284,3
87287,2
87289,2
87294,8
87309,2
87311,2
87314,4
87318,3
87321,3
87360,2
87362,2
87366,4
87376,2
87379,2
87385,2
87394,5
87399,1
87401,2
87403,2
87407,2
87414,2
87417,1
87427,4
87435,3
87438,1
87441,7
87448,3
87451,6
87458,2
87464,3
87467,2
87469,2
87484,3
87495,2
87497,3
87503,2
87510,2
87512,3
87518,2
87520,1
87523,2
87529,2
87532,3
87536,3
87545,2
87552,3
87559,2
87562,3
87566,2
87571,4
87575,5
87580,2
87586,5
87591,2
87596,2
87603,2
87605,3
87627,1
87637,2
87646,3
87653,4
87657,2
87662,3
87665,2
87670,5
87677,5
87682,15
87697,2
87700,2
87702,3
87709,3
87712,5
87717,3
87724,3
87727,2
87729,3
87734,3
87740,2
87742,3
87746,3
87753,3
87794,1
87798,1
87801,1
87804,2
87809,2
87814,6
87820,7
87828,2
87836,1
87840,2
87843,1
87853,2
87855,1
87865,2
87869,2
87871,2
87878,2
87880,2
87883,3
87888,3
87891,3
87894,2
87899,2
87902,2
87906,2
87908,3
87913,2
87915,2
87917,3
87924,2
87930,2
87946,2
87958,1
87960,2
87966,2
87975,2
87977,2
87979,2
87982,2
87986,2
87996,3
88001,2
88003,7
88010,4
88015,3
88027,2
88030,2
88041,2
88043,2
88045,2
88050,2
88052,3
88057,2
88061,3
88068,3
88071,3
88082,2
88092,3
88099,2
88106,2
88109,1
88120,3
88125,2
88128,2
88132,2
88134,2
88137,2
88150,2
88154,2
88157,4
88162,2
88164,1
88170,5
88175,2
88182,2
88186,2
88188,3
88191,2
88194,2
88211,1
88224,1
88232,2
88236,3
88242,3
88250,2
88252,2
88256,2
88258,2
88260,3
88263,3
88275,6
88288,2
88291,1
88295,4
88299,3
88304,3
88307,2
88309,2
88311,6
88318,2
88320,7
88327,8
88339,2
88341,3
88344,5
88350,3
88360,3
88366,2
88369,2
88375,4
88381,2
88388,2
88390,2
88392,2
88394,1
88398,2
88400,3
88403,4
88407,2
88409,2
88428,3
88432,2
88435,1
88458,2
88469,3
88474,2
88477,3
88484,5
88489,2
88498,1
88514,3
88519,2
88521,1
88529,2
88531,3
88549,3
88567,2
88571,4
88580,3
88586,2
88594,6
88605,3
88613,3
88619,2
88623,3
88639,2
88641,2
88655,2
88658,4
88662,2
88665,2
88671,2
88673,2
88678,5
88683,1
88685,3
88688,2
88693,6
88699,2
88703,4
88715,3
88719,3
88724,3
88733,3
88738,3
88743,2
88748,2
88755,2
88758,2
88761,4
88768,3
88775,2
88783,2
88794,4
88801,7
88809,2
88811,3
88821,2
88824,2
88826,5
88831,2
88833,3
88848,3
88851,1
88853,2
88860,2
88862,2
88865,2
88870,3
88874,3
88880,2
88883,2
88887,2
88890,2
88897,7
88904,3
88908,2
88927,3
88930,1
88936,3
88939,4
88947,3
88951,2
88965,2
88968,2
88971,2
88973,3
88976,5
88982,3
88985,3
88989,2
88991,2
88994,2
89000,1
89004,1
89007,1
89009,1
89015,4
89026,2
89031,3
89048,2
89053,4
89058,4
89068,2
89071,2
89073,2
89082,2
89087,2
89092,8
89102,2
89106,4
89121,1
89123,2
89137,2
89142,2
89148,2
89156,2
89166,1
89177,2
89183,3
89187,6
89196,2
89201,3
89204,4
89210,3
89213,4
89219,2
89221,4
89229,2
89231,3
89236,1
89241,1
89248,2
89253,2
89258,2
89262,2
89264,2
89266,4
89275,2
89280,3
89294,2
89298,2
89300,5
89307,3
89310,2
89312,1
89315,1
89323,4
89327,2
89329,3
89332,2
89334,4
89346,4
89351,2
89359,3
89365,3
89368,1
89377,1
89379,5
89385,2
89387,1
89397,2
89399,2
89403,5
89411,6
89418,3
89424,2
89437,1
89440,2
89450,3
89455,4
89463,2
89469,2
89471,3
89485,2
89492,2
89495,21
89516,1
89518,2
89520,3
89523,1
89529,4
89543,2
89546,3
89550,8
89562,2
89564,5
89571,2
89574,1
89578,1
89580,3
89603,3
89606,1
89621,3
89624,2
89627,2
89629,2
89631,1
89633,2
89637,4
89645,6
89651,4
89656,2
89662,2
89668,6
89674,3
89677,3
89681,2
89684,2
89688,2
89700,2
89704,2
89711,2
89729,2
89731,3
89739,2
89750,4
89756,2
89761,1
89777,5
89783,7
89793,2
89796,1
89800,2
89802,2
89807,2
89814,2
89816,3
89829,1
89836,2
89838,2
89845,2
89847,3
89850,3
89862,2
89885,1
89889,2
89892,4
89899,3
89902,1
89911,2
89913,3
89919,1
89921,2
89930,2
89936,2
89942,4
89950,2
89952,2
89954,3
89957,2
89959,4
89964,4
89968,3
89971,2
89973,2
89984,3
89997,2
89999,2
90002,4
90006,1
90009,2
90012,2
90014,2
90017,1
90019,3
90024,3
90027,2
90037,2
90039,2
90041,4
90046,2
90050,3
90054,2
90057,1
90062,2
90066,1
90070,2
90072,2
90074,2
90077,2
90082,2
90084,2
90086,2
90090,4
90101,3
90104,3
90117,4
90150,2
90154,3
90161,1
90164,3
90175,2
90178,3
90182,1
90184,3
90189,2
90191,2
90195,1
90198,3
90201,1
90203,2
90206,6
90212,2
90220,2
90225,3
90228,3
90232,2
90234,2
90236,4
90240,3
90247,2
90249,2
90259,3
90262,2
90267,3
90274,5
90279,2
90281,2
90283,4
90287,2
90291,2
90297,4
90302,2
90310,2
90312,2
90316,2
90319,2
90327,1
90332,4
90348,3
90353,2
90355,5
90360,2
90362,3
90366,2
90374,3
90379,3
90383,1
90385,3
90421,3
90425,3
90430,3
90433,5
90465,4
90471,3
90474,3
90484,2
90486,2
90494,2
90496,2
90500,3
90504,3
90510,2
90517,3
90521,2
90524,2
90526,2
90528,1
90533,2
90536,4
90541,3
90551,2
90553,2
90555,2
90562,3
90568,4
90575,2
90578,3
90583,2
90586,2
90589,4
90594,1
90596,4
90600,1
90602,1
90606,2
90612,2
90614,3
90625,2
90634,2
90639,6
90650,1
90653,2
90657,4
90666,2
90668,3
90673,3
90676,3
90679,3
90688,1
90691,1
90704,2
90713,1
90715,2
90741,1
90743,3
90748,3
90751,3
90770,2
90773,4
90792,3
90807,2
90812,4
90816,1
90826,3
90830,2
90832,2
90841,2
90844,1
90851,3
90867,2
90877,3
90880,1
90889,2
90891,1
90902,3
90906,3
90909,1
90914,3
90921,3
90926,3
90929,4
90944,3
90947,2
90951,3
90959,2
90961,2
90966,1
90980,2
90988,2
90990,7
91005,2
91017,4
91021,2
91028,3
91031,3
91034,2
91036,4
91040,1
91044,2
91046,3
91049,1
91083,1
91091,1
91094,1
91100,1
91110,1
91123,1
91133,2
91135,2
91139,1
91145,1
91178,2
91182,1
91189,1
91212,1
91222,1
91250,1
91264,1
91298,1
91335,1
91342,2
91346,1
91356,1
91361,3
91365,1
91379,2
91387,3
91392,3
91396,2
91418,1
91429,2
91431,2
91448,2
91451,1
91453,2
91462,3
91465,1
91469,1
91471,1
91479,1
91481,1
91487,2
91490,6
91497,2
91499,4
91503,1
91505,3
91508,3
91512,2
91520,2
91522,3
91526,2
91529,2
91531,4
91538,3
91548,2
91554,2
91560,3
91567,2
91572,3
91578,2
91580,2
91582,3
91585,3
91588,3
91594,2
91597,2
91599,2
91601,2
91607,1
91609,2
91614,2
91618,2
91622,4
91626,3
91631,2
91633,5
91640,2
91642,3
91647,2
91652,10
91666,3
91672,2
91676,2
91680,4
91688,5
91693,4
91697,3
91701,2
91703,2
91706,2
91712,2
91715,2
91721,2
91726,1
91728,2
91732,3
91737,1
91742,3
91747,3
91757,7
91765,2
91769,2
91778,2
91784,2
91787,3
91798,2
91802,2
91823,3
91828,1
91830,3
91833,4
91837,3
91842,1
91845,2
91848,3
91852,2
91869,2
91902,2
91906,3
91909,2
91911,2
91913,2
91948,3
91963,3
91974,1
91976,3
91980,1
91982,2
91984,2
91989,2
91993,2
91997,2
92000,2
92012,4
92020,2
92026,2
92028,2
92030,2
92035,2
92037,2
92039,4
92044,2
92051,1
92056,2
92060,3
92063,5
92068,6
92074,3
92080,3
92088,2
92090,1
92096,3
92101,2
92105,2
92107,4
92111,2
92116,2
92119,2
92121,2
92128,4
92135,2
92137,3
92140,2
92142,1
92144,2
92149,1
92156,3
92166,1
92168,3
92172,3
92176,2
92178,2
92182,3
92185,2
92188,2
92190,2
92196,3
92202,2
92204,2
92207,4
92216,3
92219,2
92224,1
92231,1
92233,2
92243,2
92246,2
92249,5
92263,3
92269,3
92276,2
92278,2
92280,2
92282,3
92287,2
92292,3
92300,3
92303,8
92313,4
92317,5
92322,1
92331,2
92335,2
92337,2
92342,5
92350,3
92353,2
92355,1
92358,2
92361,3
92364,1
92366,2
92377,1
92379,2
92389,1
92392,2
92398,2
92404,5
92411,2
92413,2
92422,5
92428,1
92430,4
92437,2
92442,2
92444,1
92446,6
92452,2
92454,5
92459,4
92463,6
92469,2
92472,2
92474,1
92479,2
92485,2
92488,3
92495,2
92498,2
92500,2
92502,1
92504,2
92506,3
92510,2
92515,4
92526,2
92532,2
92535,5
92540,2
92542,2
92545,2
92550,1
92554,1
92557,2
92559,1
92569,1
92571,1
92573,1
92575,1
92580,5
92587,6
92594,3
92598,4
92603,2
92609,3
92618,2
92621,3
92624,3
92627,2
92632,4
92636,2
92640,2
92644,3
92654,5
92660,2
92662,2
92665,1
92668,3
92671,2
92675,3
92681,2
92684,2
92686,2
92691,4
92695,3
92705,3
92708,3
92715,3
92718,1
92723,2
92725,2
92727,2
92739,2
92742,2
92747,2
92749,3
92757,2
92761,3
92764,2
92766,3
92771,4
92776,2
92781,3
92785,1
92788,2
92792,2
92796,2
92799,3
92804,4
92813,3
92816,2
92818,2
92820,3
92824,2
92826,4
92832,2
92835,3
92839,2
92841,2
92843,2
92849,2
92851,1
92861,3
92868,3
92871,2
92873,1
92876,3
92882,2
92884,3
92888,2
92890,2
92894,2
92896,1
92901,1
92903,2
92905,4
92909,5
92916,6
92923,5
92934,7
92942,1
92944,2
92946,2
92950,3
92958,2
92961,7
92968,3
92972,2
92976,2
92978,2
92980,2
92982,4
92990,4
92994,2
92997,2
93012,2
93016,5
93021,1
93025,7
93032,2
93034,3
93037,3
93046,6
93054,3
93057,2
93059,2
93061,4
93068,3
93079,2
93081,2
93089,5
93095,1
93098,2
93102,2
93104,2
93114,4
93118,4
93122,2
93133,2
93139,5
93144,2
93146,2
93149,2
93155,2
93158,1
93163,3
93177,5
93183,3
93192,2
93196,2
93206,1
93220,2
93225,3
93228,2
93232,2
93235,3
93245,3
93264,3
93282,2
93286,3
93290,3
93293,3
93297,2
93299,1
93302,2
93315,1
93328,3
93335,2
93337,3
93341,2
93352,2
93360,3
93363,3
93371,3
93374,1
93377,6
93386,1
93392,1
93395,1
93401,1
93419,2
93436,2
93442,2
93445,1
93447,2
93453,2
93458,3
93465,3
93471,2
93476,2
93478,2
93482,2
93485,3
93491,2
93493,3
93496,4
93500,2
93504,2
93508,1
93511,3
93523,4
93529,2
93532,3
93538,4
93542,7
93552,9
93563,2
93568,3
93571,2
93573,2
93576,1
93582,3
93585,2
93588,2
93592,1
93608,3
93612,3
93615,2
93618,2
93620,3
93624,1
93630,3
93651,4
93655,6
93664,1
93667,1
93671,2
93673,1
93675,2
93690,6
93699,1
93701,4
93707,2
93712,2
93714,4
93718,2
93721,2
93723,2
93726,2
93730,4
93735,3
93738,2
93740,4
93744,3
93750,5
93757,2
93759,2
93763,3
93767,2
93771,4
93778,3
93784,1
93789,1
93795,3
93798,2
93804,2
93808,3
93818,3
93827,1
93833,1
93835,4
93839,4
93844,2
93846,4
93852,1
93854,2
93856,2
93859,2
93865,5
93870,2
93873,3
93876,5
93881,4
93886,2
93893,6
93900,2
93904,2
93906,5
93911,2
93916,4
93922,2
93924,1
93930,11
93942,2
93945,2
93952,1
93963,2
93966,2
93969,5
93975,5
93981,4
93985,4
93996,2
93998,2
94001,1
94003,2
94006,3
94013,2
94015,1
94020,3
94023,5
94028,2
94030,2
94036,7
94043,3
94046,4
94050,3
94053,2
94057,4
94065,5
94072,2
94074,6
94083,2
94086,1
94089,4
94093,7
94105,2
94110,2
94114,4
94118,2
94120,2
94122,2
94126,1
94128,2
94146,3
94150,5
94156,2
94158,3
94163,3
94168,2
94180,6
94202,2
94204,12
94217,4
94222,2
94225,4
94229,2
94232,6
94239,3
94243,2
94249,8
94257,2
94259,1
94261,3
94264,2
94269,5
94274,9
94283,2
94285,3
94288,2
94291,3
94294,8
94303,2
94305,3
94308,3
94311,2
94313,3
94316,6
94322,7
94329,2
94331,5
94336,2
94338,3
94349,2
94351,3
94354,2
94357,2
94360,2
94363,7
94370,2
94374,2
94378,5
94383,2
94385,3
94390,1
94393,2
94401,4
94409,6
94415,2
94417,3
94434,2
94436,2
94438,2
94440,2
94442,2
94451,3
94454,6
94460,2
94465,2
94468,3
94471,2
94473,2
94479,1
94481,3
94484,2
94493,2
94495,3
94520,3
94524,3
94528,2
94530,4
94537,3
94541,1
94564,2
94575,12
94608,2
94611,2
94617,2
94620,5
94628,4
94632,5
94640,3
94644,5
94664,2
94669,2
94680,2
94687,3
94691,2
94693,2
94695,3
94699,2
94703,2
94719,1
94735,3
94746,1
94749,2
94759,3
94764,2
94772,3
94777,4
94785,2
94788,2
94796,2
94803,3
94820,1
94830,3
94835,2
94849,2
94858,1
94862,1
94872,1
94876,2
94880,1
94883,2
94888,2
94890,2
94897,1
94901,2
94908,3
94921,2
94934,1
94937,2
94959,2
94962,3
94977,2
94993,2
94995,3
95000,8
95008,1
95010,4
95026,1
95028,1
95079,1
95143,2
95151,2
95156,3
95170,3
95185,2
95192,2
95198,3
95205,5
95210,2
95215,2
95220,3
95227,3
95232,2
95237,2
95239,1
95247,3
95250,3
95253,1
95257,2
95268,3
95276,3
95280,3
95285,1
95287,3
95295,2
95301,2
95306,2
95309,1
95317,4
95321,2
95334,4
95347,3
95350,3
95355,2
95359,3
95362,2
95365,4
95371,2
95373,2
95375,2
95380,2
95384,3
95387,3
95392,1
95395,2
95398,2
95403,3
95407,5
95412,1
95415,2
95417,3
95420,3
95429,2
95438,3
95442,2
95444,1
95446,1
95451,2
95453,1
95460,2
95464,2
95466,2
95468,7
95481,1
95486,2
95488,1
95491,4
95495,1
95499,1
95508,2
95511,2
95518,2
95522,5
95531,2
95534,2
95541,2
95543,2
95545,2
95548,3
95552,1
95555,2
95557,3
95565,5
95570,2
95575,1
95583,3
95587,2
95593,1
95595,1
95599,2
95602,2
95604,2
95606,2
95608,2
95610,2
95613,2
95623,2
95626,1
95633,3
95646,3
95652,2
95655,2
95663,2
95665,3
95673,4
95679,3
95686,2
95688,1
95690,2
95696,1
95698,2
95707,1
95713,2
95715,3
95719,4
95723,2
95727,2
95733,1
95736,2
95738,3
95741,2
95743,2
95745,2
95747,2
95749,4
95754,6
95763,4
95767,2
95774,3
95780,3
95788,2
95790,5
95797,2
95800,3
95803,1
95807,2
95809,8
95817,2
95823,2
95825,2
95829,1
95833,2
95836,2
95841,2
95844,3
95868,2
95871,3
95878,4
95882,2
95888,1
95897,1
95899,4
95909,2
95912,1
95921,1
95924,5
95929,2
95932,4
95945,3
95949,1
95951,3
95954,2
95958,3
95967,2
95969,1
95985,3
95990,2
95995,1
95998,2
96000,1
96002,4
96018,2
96023,1
96025,2
96027,1
96032,1
96035,2
96037,2
96039,1
96041,2
96050,3
96055,2
96061,3
96065,3
96069,2
96073,2
96083,3
96088,2
96092,1
96094,2
96096,4
96100,2
96103,2
96107,2
96109,2
96132,2
96138,1
96140,2
96145,2
96150,2
96159,2
96174,2
96178,4
96189,2
96194,3
96197,2
96202,1
96211,2
96214,1
96224,2
96231,1
96235,1
96237,3
96240,2
96242,2
96244,2
96247,2
96249,5
96254,4
96260,2
96265,3
96268,2
96273,2
96277,2
96286,1
96289,1
96292,5
96299,2
96302,2
96305,1
96307,2
96312,3
96316,2
96324,2
96326,1
96328,2
96337,4
96343,1
96350,4
96356,2
96358,2
96363,3
96368,3
96371,1
96375,2
96389,2
96392,2
96394,2
96403,2
96405,1
96412,3
96417,3
96422,2
96435,5
96440,4
96446,3
96449,3
96452,1
96458,2
96468,1
96475,4
96482,1
96485,2
96491,4
96497,1
96500,2
96503,2
96510,2
96515,1
96518,2
96520,3
96523,1
96527,2
96535,1
96542,2
96545,1
96549,3
96556,2
96561,2
96569,2
96573,3
96576,2
96582,1
96585,3
96603,2
96606,2
96608,1
96611,5
96616,2
96620,2
96623,2
96629,1
96633,2
96638,3
96651,2
96658,2
96662,2
96666,1
96668,3
96676,2
96682,3
96693,2
96696,1
96705,2
96709,2
96711,4
96725,4
96731,2
96735,4
96740,2
96742,1
96744,4
96748,2
96750,4
96755,2
96757,1
96763,1
96766,2
96770,2
96773,2
96778,2
96780,2
96794,2
96797,1
96799,1
96812,1
96819,3
96826,2
96835,2
96842,2
96847,2
96852,2
96856,3
96860,2
96867,3
96875,1
96879,2
96883,4
96888,2
96890,3
96893,1
96903,4
96907,1
96914,2
96920,2
96929,1
96934,2
96942,2
96945,1
96947,2
96953,2
96963,2
96965,2
96967,1
96978,1
96980,3
96985,1
96987,3
96993,2
96997,2
96999,1
97002,1
97008,2
97020,3
97034,2
97040,2
97045,2
97047,2
97049,3
97055,2
97057,2
97059,3
97064,3
97067,2
97077,1
97084,3
97088,2
97090,3
97093,2
97100,2
97103,2
97105,1
97107,5
97118,2
97121,2
97125,2
97139,2
97147,1
97151,3
97161,2
97163,3
97170,2
97175,2
97185,1
97190,3
97211,1
97213,2
97215,2
97220,3
97224,2
97228,2
97247,1
97249,2
97252,2
97259,2
97262,3
97269,1
97271,1
97277,2
97292,3
97303,1
97305,1
97316,4
97329,1
97336,1
97338,1
97340,2
97343,1
97347,2
97349,4
97361,2
97367,1
97373,2
97377,1
97381,1
97385,2
97389,3
97392,2
97394,2
97404,2
97406,2
97408,2
97430,2
97436,3
97444,3
97448,5
97458,4
97462,2
97465,2
97469,2
97471,4
97487,2
97492,2
97499,3
97503,2
97505,2
97520,1
97526,1
97535,2
97540,3
97543,2
97545,3
97548,3
97551,3
97560,2
97564,3
97567,3
97580,2
97584,3
97587,2
97590,3
97594,3
97599,3
97602,2
97612,1
97621,3
97625,2
97628,1
97631,2
97643,2
97649,4
97655,4
97667,3
97670,2
97672,2
97675,2
97677,2
97680,3
97685,2
97689,2
97694,3
97699,1
97705,1
97719,2
97721,2
97730,1
97733,3
97737,2
97741,2
97743,3
97749,2
97764,4
97770,3
97777,1
97779,4
97785,2
97787,3
97792,3
97818,1
97824,2
97833,3
97837,4
97842,3
97845,3
97856,4
97864,2
97869,1
97874,4
97881,2
97895,1
97897,2
97905,2
97910,1
97917,2
97922,2
97925,2
97929,2
97935,2
97938,2
97944,2
97949,2
97955,3
97961,2
97967,3
97973,3
97984,3
97987,5
97995,4
98004,1
98006,1
98010,3
98013,2
98015,2
98039,2
98045,3
98052,5
98058,1
98062,2
98069,4
98075,1
98081,1
98083,3
98097,2
98100,2
98102,2
98108,4
98118,2
98121,2
98124,2
98126,3
98129,3
98132,1
98136,1
98139,2
98144,3
98150,1
98153,4
98158,1
98166,2
98172,2
98177,1
98183,2
98192,3
98201,4
98207,3
98210,2
98212,1
98217,3
98221,1
98223,1
98227,3
98240,3
98243,3
98246,3
98254,2
98267,3
98272,2
98274,2
98278,4
98284,1
98290,3
98294,1
98299,2
98309,2
98313,3
98317,2
98320,3
98328,1
98332,2
98340,1
98346,3
98351,2
98358,3
98363,2
98365,2
98367,2
98369,2
98371,2
98373,2
98379,4
98385,1
98387,2
98395,1
98397,3
98403,2
98411,2
98413,2
98415,2
98417,2
98419,4
98429,3
98435,1
98443,2
98448,2
98454,2
98461,2
98472,1
98479,2
98483,2
98487,2
98489,2
98496,1
98501,1
98503,2
98506,2
98508,3
98515,3
98521,3
98528,1
98551,2
98559,4
98563,3
98570,4
98574,2
98582,3
98588,3
98594,1
98597,2
98603,2
98607,3
98614,2
98617,3
98620,4
98634,1
98636,2
98642,2
98659,2
98666,2
98668,4
98672,1
98679,2
98683,2
98686,1
98694,3
98701,3
98708,2
98713,2
98715,3
98728,2
98734,2
98741,3
98749,2
98751,1
98753,2
98756,3
98759,1
98763,1
98766,3
98770,2
98774,3
98786,2
98802,4
98806,6
98815,2
98824,3
98830,2
98832,2
98837,1
98840,2
98842,4
98846,1
98854,2
98858,2
98860,1
98864,3
98868,2
98873,3
98876,1
98882,2
98894,1
98898,1
98905,1
98907,2
98912,2
98914,3
98919,1
98923,1
98929,2
98937,2
98940,2
98947,2
98950,3
98954,2
98956,3
98973,1
98976,1
98988,3
99004,1
99009,3
99014,1
99016,3
99022,4
99037,3
99043,2
99045,2
99050,3
99056,2
99063,3
99066,1
99073,1
99078,2
99083,3
99092,2
99114,3
99118,3
99123,4
99131,5
99136,3
99154,2
99157,2
99162,2
99169,2
99184,2
99186,3
99191,1
99197,2
99199,2
99201,1
99203,2
99216,1
99221,4
99236,2
99238,3
99243,1
99253,2
99267,2
99269,4
99273,3
99279,2
99281,2
99292,3
99296,2
99298,2
99300,2
99318,2
99321,1
99324,1
99331,1
99334,2
99336,4
99341,2
99353,2
99355,3
99359,4
99364,3
99367,2
99380,2
99382,2
99390,3
99429,1
99437,3
99443,1
99448,2
99451,1
99458,2
99462,2
99475,3
99491,1
99499,5
99507,2
99510,2
99518,2
99520,3
99523,2
99526,2
99529,2
99531,2
99535,2
99538,3
99541,2
99543,1
99552,1
99557,3
99560,2
99568,1
99570,5
99575,2
99580,2
99582,1
99584,1
99599,2
99615,2
99620,2
99623,1
99626,1
99640,3
99653,1
99658,1
99660,2
99663,2
99665,2
99675,2
99681,2
99689,3
99704,2
99711,1
99717,2
99719,2
99722,2
99728,3
99736,2
99744,3
99757,4
99763,3
99768,2
99772,2
99783,1
99786,2
99791,1
99793,2
99798,2
99801,1
99803,2
99805,2
99808,1
99812,3
99818,2
99828,2
99840,2
99843,3
99848,4
99852,3
99855,1
99860,2
99865,3
99871,3
99880,2
99888,1
99890,2
99898,4
99903,1
99906,3
99912,1
99919,1
99930,2
99932,4
99938,2
99951,2
99961,1
99967,3
99985,1
99989,1
100004,3
100008,1
100012,3
100017,1
100020,2
100022,2
100028,1
100031,3
100034,1
100055,2
100060,5
100068,5
100074,4
100078,2
100086,2
100095,3
100102,2
100104,2
100106,1
100108,2
100115,3
100124,2
100145,1
100153,3
100160,1
100164,1
100176,2
100189,2
100193,1
100195,5
100204,2
100206,2
100208,5
100213,2
100217,2
100219,2
100228,4
100240,2
100243,2
100248,2
100250,4
100255,1
100263,3
100273,4
100278,3
100289,2
100293,1
100297,3
100301,3
100305,2
100315,2
100317,3
100320,2
100339,2
100356,2
100358,2
100374,2
100382,4
100389,1
100393,1
100398,3
100403,1
100408,2
100412,3
100417,2
100421,2
100424,2
100432,3
100436,2
100446,6
100452,1
100460,2
100471,1
100475,2
100477,1
100494,2
100496,1
100499,1
100510,2
100516,3
100531,1
100542,1
100545,2
100554,2
100556,2
100562,2
100588,2
100593,2
100596,3
100601,2
100603,2
100605,2
100613,3
100621,2
100623,2
100630,4
100637,3
100641,2
100645,2
100647,1
100652,3
100655,1
100661,2
100665,2
100667,2
100672,3
100680,3
100686,3
100689,2
100708,4
100715,2
100719,5
100728,4
100733,3
100737,1
100740,2
100743,2
100748,2
100759,3
100770,2
100774,2
100793,1
100800,2
100809,2
100817,2
100825,3
100831,3
100838,1
100840,2
100844,2
100847,3
100853,2
100855,2
100859,3
100864,2
100869,2
100877,1
100879,1
100894,1
100897,2
100905,1
100920,2
100922,2
100924,5
100930,3
100935,3
100939,1
100947,2
100954,1
100964,4
100968,2
100971,2
100975,3
100978,2
100982,1
100984,2
101021,2
101023,1
101027,3
101040,1
101042,2
101044,1
101050,3
101068,3
101076,1
101080,2
101086,1
101097,2
101099,2
101102,2
101105,4
101109,2
101111,2
101113,2
101116,2
101118,1
101122,2
101126,2
101129,3
101132,2
101137,3
101152,1
101164,2
101166,2
101168,2
101171,2
101177,1
101182,5
101190,1
101196,2
101206,1
101214,3
101220,2
101222,2
101225,1
101234,2
101243,2
101248,2
101254,2
101257,3
101268,1
101270,2
101273,3
101278,2
101282,2
101286,4
101293,2
101301,1
101316,1
101321,2
101323,3
101327,2
101330,2
101332,2
101335,1
101351,1
101363,3
101370,3
101380,1
101391,3
101396,3
101400,1
101402,4
101408,3
101411,1
101418,1
101420,2
101425,2
101427,4
101436,1
101444,2
101450,1
101454,1
101458,4
101488,2
101493,2
101502,2
101518,2
101522,2
101527,2
101533,2
101544,2
101552,4
101556,4
101562,2
101568,3
101572,2
101579,1
101581,2
101585,2
101588,1
101590,1
101592,2
101598,3
101606,2
101626,1
101637,2
101643,2
101650,1
101652,3
101655,1
101660,3
101670,2
101672,3
101679,2
101684,2
101689,3
101694,3
101699,2
101701,1
101703,2
101714,3
101723,2
101726,2
101730,1
101742,2
101748,3
101758,1
101763,2
101767,4
101777,1
101785,3
101789,2
101795,2
101801,2
101803,2
101807,1
101809,2
101813,2
101819,1
101823,2
101825,2
101828,2
101835,2
101839,2
101842,1
101852,1
101854,3
101857,2
101861,1
101863,2
101865,3
101868,2
101871,2
101873,3
101880,2
101884,3
101889,2
101901,2
101905,1
101907,1
101917,2
101919,2
101922,3
101925,1
101929,1
101936,2
101948,2
101955,2
101958,2
101962,1
101967,2
101973,2
101977,1
101982,1
101987,1
101998,3
102009,2
102016,2
102026,1
102033,2
102047,1
102062,2
102066,2
102078,3
102083,1
102094,1
102098,2
102101,2
102105,2
102119,2
102121,1
102130,2
102139,3
102142,1
102147,2
102156,3
102172,2
102193,1
102196,2
102198,1
102202,2
102208,3
102216,1
102235,1
102239,2
102273,4
102277,2
102296,2
102299,1
102306,2
102319,4
102323,2
102325,2
102331,2
102339,2
102348,3
102388,2
102395,2
102398,1
102406,3
102414,2
102424,3
102429,3
102433,2
102438,3
102443,3
102448,2
102450,9
102462,3
102474,2
102476,1
102479,2
102498,2
102532,2
102535,3
102538,3
102541,4
102545,1
102547,1
102555,3
102558,2
102572,2
102574,2
102585,3
102597,2
102602,2
102604,2
102610,4
102614,3
102620,5
102629,3
102636,3
102643,2
102646,9
102657,2
102670,2
102716,3
102719,2
102725,5
102730,2
102732,2
102736,3
102739,2
102743,2
102746,3
102749,3
102753,3
102756,3
102759,4
102763,4
102774,3
102783,2
102786,2
102790,2
102793,3
102796,2
102812,2
102817,2
102820,2
102824,3
102836,3
102839,4
102844,3
102847,1
102851,2
102854,2
102856,2
102860,2
102864,4
102870,2
102873,2
102876,3
102882,2
102884,4
102893,2
102895,2
102897,6
102906,2
102911,2
102923,2
102927,4
102931,5
102937,3
102943,2
102946,2
102949,2
102951,2
102954,2
102960,2
102962,2
102969,4
102976,2
102982,6
102989,1
102991,7
103000,3
103003,3
103013,4
103021,2
103023,5
103028,3
103031,2
103040,5
103047,2
103049,2
103055,2
103063,2
103065,2
103069,4
103076,3
103082,4
103089,2
103094,2
103102,2
103104,4
103108,2
103116,1
103121,2
103123,2
103125,1
103128,1
103130,4
103138,3
103141,3
103147,2
103149,2
103152,2
103154,3
103159,2
103175,3
103178,3
103189,4
103197,2
103209,4
103216,6
103222,3
103231,2
103233,5
103238,3
103241,3
103244,2
103248,3
103251,2
103255,2
103258,2
103260,1
103272,2
103275,3
103278,3
103288,2
103302,2
103304,3
103312,2
103315,2
103317,8
103325,2
103335,3
103347,3
103350,2
103352,3
103355,1
103357,2
103359,3
103364,4
103379,4
103383,3
103388,1
103393,1
103401,1
103403,3
103406,2
103408,5
103417,2
103419,3
103440,1
103443,2
103445,3
103448,2
103450,2
103462,4
103466,2
103469,2
103471,2
103476,2
103480,2
103484,2
103487,2
103490,2
103495,2
103501,3
103504,3
103507,3
103513,4
103518,2
103524,1
103538,2
103543,2
103545,2
103557,1
103560,2
103562,2
103568,1
103575,2
103579,2
103585,3
103588,2
103592,3
103597,3
103607,2
103610,1
103612,2
103616,2
103620,4
103629,3
103632,1
103637,3
103645,2
103647,2
103650,2
103653,1
103657,3
103671,6
103677,3
103680,2
103682,3
103685,3
103688,5
103696,2
103698,4
103702,4
103723,1
103727,2
103733,5
103739,2
103746,3
103750,3
103753,3
103756,3
103761,1
103769,2
103773,2
103775,2
103778,3
103784,3
103787,1
103789,3
103793,3
103798,1
103800,2
103804,2
103807,2
103810,1
103817,2
103827,2
103830,2
103835,4
103847,2
103849,2
103864,2
103870,3
103876,2
103888,2
103894,3
103897,2
103899,1
103901,3
103909,2
103912,2
103929,2
103938,2
103941,1
103947,3
103951,3
103955,4
103962,4
103968,3
103975,2
103980,2
103982,5
103994,2
103996,4
104001,2
104003,2
104006,6
104012,1
104014,3
104017,1
104024,1
104026,1
104035,1
104047,6
104053,2
104058,2
104061,4
104065,2
104069,2
104071,2
104087,1
104094,2
104097,2
104115,2
104117,3
104120,2
104129,3
104139,2
104142,6
104151,2
104164,4
104178,2
104182,2
104186,1
104192,2
104204,2
104206,4
104210,2
104217,4
104221,1
104230,2
104232,2
104236,2
104239,3
104244,3
104261,2
104263,2
104268,2
104270,2
104278,2
104280,3
104286,3
104295,2
104298,2
104309,3
104312,2
104318,1
104321,3
104331,3
104335,1
104342,1
104345,2
104349,3
104352,2
104373,2
104378,3
104394,4
104415,2
104418,1
104420,2
104432,1
104450,2
104453,2
104455,2
104459,2
104461,2
104463,2
104465,2
104467,2
104469,3
104474,3
104479,2
104481,3
104497,3
104500,2
104503,2
104511,2
104513,3
104528,2
104539,2
104546,1
104550,3
104553,2
104565,2
104567,1
104573,3
104578,3
104582,3
104586,2
104590,3
104599,1
104605,3
104615,2
104619,2
104621,4
104625,1
104630,1
104633,2
104639,2
104648,1
104651,2
104655,1
104667,1
104670,2
104679,2
104685,2
104693,2
104699,3
104702,3
104707,1
104712,2
104725,2
104731,3
104766,1
104795,1
104814,1
104820,1
104832,1
104838,1
104843,1
104857,3
104864,2
104873,1
104886,1
104893,3
104900,1
104906,2
104910,2
104927,1
104930,1
104933,3
104942,2
104958,1
104960,1
104963,1
104965,1
104972,1
104977,2
105002,1
105010,2
105012,3
105017,1
105026,1
105039,1
105041,1
105043,3
105046,2
105060,1
105070,2
105079,2
105082,2
105087,1
105098,1
105100,1
105108,3
105113,2
105132,3
105150,1
105155,8
105181,3
105185,1
105190,2
105198,4
105202,1
105244,2
105287,2
105324,2
105328,1
105456,5
105488,4
105492,2
105514,2
105541,2
105543,8
105608,2
105621,2
105633,2
105726,2
105755,3
105804,2
105807,3
105858,1
105892,2
105895,2
105897,4
105916,6
105929,1
105954,5
105965,2
105967,17
105994,3
106022,2
106051,1
106057,3
106063,1
106083,2
106100,1
106187,3
106199,3
106217,1
106227,5
106348,2
106401,1
106411,2
106413,2
106425,1
106495,2
106503,1
106507,1
106514,1
106540,1
106551,1
106565,2
106580,5
106586,1
106591,3
106595,2
106599,2
106601,1
106608,2
106614,1
106672,2
106676,3
106685,2
106694,2
106698,5
106738,5
106753,1
106756,2
106758,3
106765,2
106792,3
106802,5
106809,2
106811,3
106816,3
106873,4
106880,5
106885,1
106888,2
106901,2
106908,3
106918,2
106923,1
106925,2
106927,1
106931,5
106943,1
106948,2
106958,1
106960,2
106969,2
106973,2
107010,2
107017,1
107030,3
107035,2
107053,1
107060,3
107064,2
107069,2
107072,5
107079,2
107092,4
107099,1
107102,2
107106,2
107112,2
107188,1
107192,2
107203,1
107209,8
107321,1
107497,2
107500,2
107502,3
107505,6
107511,4
107519,3
107524,3
107530,3
107535,4
107539,3
107543,1
107548,3
107552,3
107555,3
107562,3
107565,2
107569,1
107572,2
107579,2
107585,2
107588,2
107595,3
107618,2
107620,1
107623,3
107655,3
107664,2
107673,1
107757,2
107759,5
107764,2
107766,2
107771,4
107776,2
107783,5
107790,4
107797,3
107801,2
107809,3
107812,4
107816,2
107818,2
107822,4
107832,3
107841,2
107843,2
107851,2
107859,2
107874,3
107877,2
107880,1
107891,1
107906,1
108004,2
108007,3
108010,5
108015,7
108022,4
108026,4
108032,3
108035,7
108042,2
108044,3
108049,5
108054,2
108056,4
108060,4
108064,9
108073,3
108077,2
108081,4
108086,2
108089,2
108091,4
108095,3
108098,3
108101,2
108104,2
108108,4
108113,4
108117,2
108119,2
108122,3
108125,5
108131,8
108139,3
108142,4
108147,2
108150,8
108158,3
108162,2
108164,2
108168,5
108175,6
108182,5
108187,2
108189,2
108191,2
108193,6
108203,6
108209,5
108214,4
108218,6
108228,3
108232,5
108238,4
108244,4
108249,2
108252,2
108255,4
108259,2
108261,6
108267,3
108272,4
108277,4
108281,4
108285,2
108287,2
108291,2
108296,2
108299,2
108301,2
108303,3
108306,4
108310,2
108312,3
108317,2
108321,3
108324,4
108329,5
108334,2
108337,2
108340,2
108343,3
108351,6
108360,2
108362,3
108365,7
108374,4
108378,2
108380,4
108384,2
108387,2
108390,2
108395,2
108397,5
108402,2
108404,2
108406,2
108409,2
108412,4
108417,6
108424,2
108426,2
108429,2
108431,2
108433,2
108436,4
108440,2
108442,2
108444,2
108446,2
108448,2
108450,3
108454,4
108459,2
108463,4
108467,2
108469,2
108471,2
108476,3
108479,2
108482,2
108484,2
108488,2
108490,2
108493,2
108495,2
108497,3
108501,2
108503,2
108505,2
108511,2
108513,2
108517,2
108519,10
108529,3
108533,4
108538,4
108544,3
108547,4
108551,2
108554,3
108557,2
108561,3
108564,3
108567,2
108571,5
108577,3
108581,2
108583,2
108585,4
108595,3
108604,4
108609,3
108612,5
108618,7
108625,2
108627,2
108629,3
108633,6
108640,2
108642,3
108650,3
108654,2
108656,2
108658,4
108662,3
108666,3
108671,3
108674,3
108679,2
108684,8
108697,2
108699,4
108705,4
108709,2
108712,3
108715,2
108717,7
108724,3
108727,2
108730,3
108742,4
108747,3
108751,4
108755,3
108758,2
108760,3
108765,6
108772,3
108778,3
108781,3
108784,2
108786,2
108788,2
108796,5
108801,2
108803,2
108805,2
108808,2
108810,3
108815,4
108819,4
108823,5
108829,2
108834,3
108837,8
108845,6
108851,4
108856,3
108861,5
108866,2
108868,2
108871,2
108873,3
108877,2
108879,2
108881,2
108883,4
108887,4
108891,5
108896,4
108902,3
108907,2
108909,2
108912,3
108915,3
108920,7
108927,3
108930,2
108932,2
108934,2
108940,5
108945,5
108950,2
108952,4
108956,3
108964,2
108969,2
108971,3
108974,4
108978,2
108981,3
108985,4
108989,2
108991,4
108996,6
109005,4
109009,3
109013,2
109017,3
109021,3
109024,3
109028,4
109033,3
109036,2
109040,3
109043,3
109049,3
109052,4
109056,2
109062,2
109065,2
109068,6
109078,2
109081,3
109084,5
109089,2
109091,3
109094,2
109096,2
109098,2
109101,2
109104,3
109107,3
109113,3
109117,2
109121,3
109125,2
109128,2
109130,3
109134,2
109138,3
109143,7
109150,2
109152,3
109155,2
109159,5
109164,2
109166,3
109169,4
109173,2
109176,3
109185,2
109187,2
109190,1
109192,2
109195,3
109198,3
109202,2
109205,2
109207,4
109211,2
109214,6
109220,4
109224,2
109231,2
109233,2
109237,3
109240,3
109247,1
109249,2
109251,3
109254,3
109259,2
109261,3
109265,3
109269,3
109272,1
109274,1
109279,2
109282,2
109285,2
109287,3
109291,3
109294,3
109297,2
109299,3
109304,2
109307,4
109311,2
109313,1
109315,2
109318,7
109327,2
109329,3
109332,3
109335,2
109342,3
109345,2
109347,2
109351,2
109353,3
109356,2
109358,2
109363,2
109368,2
109370,2
109372,2
109374,2
109376,1
109379,2
109381,4
109385,2
109387,3
109391,2
109393,3
109396,2
109399,2
109401,1
109403,4
109407,2
109411,3
109415,2
109418,2
109421,2
109423,2
109425,4
109429,3
109432,5
109437,2
109439,4
109443,2
109448,2
109450,2
109453,3
109457,2
109459,2
109465,5
109470,3
109482,2
109484,4
109491,1
109494,2
109496,2
109498,3
109501,2
109506,2
109509,3
109513,3
109518,2
109521,2
109526,4
109530,3
109533,2
109535,3
109540,2
109548,3
109551,2
109553,6
109559,2
109561,3
109564,2
109569,2
109574,4
109578,2
109580,3
109584,4
109588,2
109591,4
109600,2
109603,3
109607,2
109609,3
109612,3
109615,2
109622,7
109632,3
109639,3
109642,2
109645,11
109662,5
109668,2
109670,2
109674,2
109676,2
109679,7
109686,2
109688,4
109692,7
109702,2
109707,2
109709,2
109713,2
109716,3
109719,2
109721,3
109724,2
109726,5
109737,3
109741,2
109747,2
109749,3
109753,2
109756,2
109759,3
109764,2
109766,2
109768,3
109773,4
109778,4
109782,3
109786,2
109791,2
109795,2
109803,5
109808,2
109811,3
109814,2
109816,4
109821,8
109829,7
109839,3
109843,3
109850,4
109854,2
109857,2
109859,2
109863,3
109866,2
109868,3
109875,5
109882,2
109884,2
109886,2
109891,5
109899,3
109902,5
109907,2
109909,3
109918,2
109921,2
109923,2
109925,2
109927,2
109934,3
109937,2
109939,2
109941,3
109945,2
109948,3
109952,4
109960,2
109962,3
109965,2
109968,3
109975,2
109982,2
109984,2
109988,2
109990,3
109995,2
109997,4
110001,3
110004,2
110007,2
110010,4
110014,2
110016,5
110022,4
110029,3
110032,3
110035,3
110042,4
110046,2
110048,2
110053,4
110063,2
110065,2
110070,2
110074,1
110076,3
110080,2
110082,3
110086,2
110088,2
110090,3
110093,3
110096,3
110103,3
110110,2
110118,3
110123,3
110127,3
110134,1
110136,4
110141,3
110146,2
110148,2
110152,2
110154,4
110158,3
110161,3
110165,2
110169,2
110171,2
110174,5
110179,3
110184,2
110186,3
110195,5
110201,2
110203,2
110206,1
110211,3
110217,1
110219,2
110221,2
110225,2
110227,2
110229,3
110234,2
110238,3
110241,5
110246,2
110248,3
110251,2
110253,2
110255,5
110260,3
110265,3
110270,2
110273,2
110275,3
110279,2
110281,3
110284,7
110297,2
110299,2
110301,4
110308,3
110311,3
110314,2
110320,3
110324,2
110326,2
110331,2
110333,2
110337,2
110341,2
110343,2
110347,4
110353,1
110355,2
110358,3
110365,2
110368,2
110370,2
110372,3
110377,4
110383,2
110388,2
110393,3
110396,3
110399,2
110404,2
110406,8
110415,3
110420,2
110423,4
110428,2
110430,2
110433,4
110437,3
110440,2
110443,4
110448,3
110451,2
110458,2
110462,5
110468,4
110473,2
110477,3
110483,4
110487,4
110491,3
110496,2
110498,2
110501,3
110504,3
110507,1
110510,2
110515,2
110518,1
110520,3
110524,2
110529,2
110534,4
110538,2
110540,2
110542,2
110544,2
110547,2
110550,2
110554,4
110558,3
110561,3
110564,4
110569,2
110571,3
110575,2
110577,5
110582,2
110584,2
110586,4
110592,2
110594,6
110601,2
110606,4
110610,3
110613,2
110616,3
110623,3
110627,2
110629,2
110633,2
110637,5
110642,4
110647,2
110649,2
110651,3
110654,2
110659,3
110662,10
110672,2
110674,2
110677,4
110681,2
110683,3
110686,2
110689,3
110695,3
110698,7
110705,2
110708,2
110712,3
110718,1
110721,5
110726,4
110731,4
110737,2
110740,1
110742,4
110749,2
110751,2
110753,2
110755,2
110758,3
110767,2
110769,2
110771,2
110773,2
110777,2
110779,6
110788,3
110791,5
110796,3
110800,2
110802,2
110804,3
110807,3
110810,2
110813,2
110815,3
110818,1
110820,2
110822,3
110826,5
110831,2
110833,2
110838,2
110840,2
110842,2
110845,3
110848,2
110850,3
110855,1
110857,3
110862,3
110865,10
110875,2
110879,1
110881,2
110884,2
110895,3
110899,3
110904,3
110907,4
110913,2
110918,5
110923,4
110927,3
110930,2
110934,2
110938,6
110945,3
110948,2
110950,2
110953,7
110960,5
110968,3
110972,2
110979,2
110981,2
110987,2
110990,6
110999,2
111001,2
111003,2
111005,5
111014,2
111016,2
111018,2
111026,5
111032,2
111035,2
111037,2
111042,4
111046,4
111050,2
111054,2
111056,4
111062,2
111064,3
111067,3
111071,2
111073,2
111078,6
111084,7
111091,3
111099,3
111102,7
111109,2
111114,2
111124,2
111126,2
111130,8
111139,3
111142,2
111144,1
111146,4
111150,3
111154,2
111158,2
111165,3
111169,2
111173,5
111180,4
111185,2
111188,3
111197,3
111201,3
111205,2
111208,2
111212,2
111214,2
111217,2
111219,4
111224,2
111226,5
111232,4
111239,2
111241,2
111244,2
111246,3
111249,2
111252,2
111258,2
111264,3
111269,6
111277,3
111283,3
111286,4
111290,3
111293,3
111298,3
111304,3
111312,2
111314,2
111319,2
111321,2
111323,2
111327,7
111334,2
111340,3
111346,2
111349,3
111352,2
111361,3
111365,2
111367,5
111372,2
111374,3
111377,3
111380,3
111385,5
111392,5
111397,2
111399,4
111403,3
111411,3
111416,3
111421,1
111423,4
111427,5
111433,2
111436,4
111445,2
111447,4
111452,2
111457,2
111459,2
111462,2
111469,2
111471,3
111483,2
111486,2
111489,2
111491,1
111495,5
111500,2
111502,3
111505,3
111511,2
111516,6
111522,2
111526,4
111531,3
111540,3
111543,4
111547,1
111549,2
111551,2
111557,2
111559,2
111562,1
111565,2
111567,6
111573,3
111576,2
111578,1
111580,3
111583,4
111587,3
111593,3
111596,3
111600,2
111605,2
111612,3
111615,2
111618,3
111621,2
111623,2
111625,2
111631,6
111637,2
111640,4
111647,2
111649,2
111652,2
111654,2
111656,3
111659,3
111663,2
111667,3
111670,2
111672,3
111676,3
111682,3
111687,2
111690,3
111694,5
111705,2
111708,3
111711,4
111716,2
111721,3
111724,3
111728,3
111731,4
111736,1
111739,2
111748,5
111753,2
111756,4
111761,2
111764,4
111769,4
111774,3
111777,6
111783,4
111788,3
111791,5
111797,2
111802,2
111804,3
111807,2
111812,3
111820,2
111824,2
111827,4
111832,7
111839,5
111847,2
111849,1
111853,3
111856,2
111860,3
111863,6
111871,3
111875,2
111877,2
111881,3
111885,2
111887,7
111895,2
111897,3
111901,2
111904,3
111907,2
111909,2
111911,3
111914,2
111918,4
111922,4
111927,4
111934,3
111940,2
111943,2
111945,2
111948,2
111950,2
111953,2
111959,1
111962,3
111967,1
111971,4
111977,3
111980,3
111984,3
111987,2
111990,2
111992,3
111997,3
112000,2
112002,2
112007,2
112012,4
112021,2
112026,5
112031,2
112034,2
112038,2
112040,6
112046,2
112048,2
112050,2
112052,2
112054,3
112060,2
112062,2
112064,2
112069,4
112074,2
112077,3
112080,2
112082,3
112085,2
112092,2
112094,3
112097,2
112099,3
112102,2
112105,6
112111,2
112116,3
112120,5
112126,2
112129,2
112133,2
112135,2
112145,2
112149,2
112151,2
112154,1
112156,2
112159,4
112163,2
112167,2
112171,2
112174,2
112176,2
112180,2
112183,2
112185,2
112189,4
112194,3
112200,4
112205,3
112210,2
112214,4
112219,3
112223,1
112226,4
112230,3
112235,4
112239,2
112241,2
112245,4
112249,2
112252,3
112256,3
112263,3
112270,2
112272,2
112274,4
112278,4
112283,4
112287,2
112289,2
112291,4
112302,5
112307,3
112316,2
112318,2
112322,2
112326,2
112328,2
112330,3
112333,2
112335,3
112338,2
112342,3
112345,2
112348,2
112352,3
112355,4
112359,2
112363,2
112365,2
112368,3
112371,3
112376,11
112387,2
112390,2
112393,3
112398,3
112404,1
112406,2
112409,2
112411,2
112417,1
112419,7
112426,3
112430,2
112432,7
112445,3
112451,2
112454,3
112457,4
112462,2
112465,7
112472,1
112477,2
112483,3
112486,2
112488,1
112492,2
112495,2
112497,8
112505,3
112509,3
112512,3
112517,2
112519,2
112521,3
112527,2
112529,2
112531,3
112534,3
112537,3
112541,3
112544,2
112546,3
112549,4
112556,2
112563,2
112565,2
112568,2
112570,7
112577,4
112581,4
112587,2
112589,3
112593,2
112599,3
112611,1
112614,2
112618,2
112621,2
112623,2
112629,3
112633,3
112636,3
112643,2
112647,2
112649,2
112651,2
112653,1
112655,3
112659,5
112664,2
112666,5
112674,2
112676,4
112680,7
112689,2
112691,2
112694,4
112699,3
112704,4
112708,2
112711,3
112723,4
112727,3
112731,2
112733,3
112737,3
112740,2
112742,2
112746,1
112748,5
112753,3
112756,2
112762,2
112764,2
112768,2
112770,2
112777,2
112779,2
112782,3
112785,2
112787,2
112789,2
112795,7
112802,2
112804,3
112808,10
112822,4
112827,3
112831,5
112838,2
112840,5
112847,3
112851,2
112853,4
112858,3
112861,2
112863,2
112865,5
112870,4
112877,3
112880,2
112884,2
112891,2
112894,2
112902,3
112905,2
112907,2
112911,4
112919,2
112923,3
112929,2
112938,2
112942,3
112947,3
112950,3
112953,4
112958,3
112963,3
112973,2
112977,2
112979,2
112982,3
112985,4
112990,2
112993,2
112996,3
113000,3
113007,6
113013,3
113017,2
113020,2
113022,2
113024,3
113028,4
113034,3
113038,6
113046,3
113049,2
113054,2
113059,2
113061,4
113065,3
113069,2
113072,3
113075,2
113077,2
113079,2
113082,2
113084,3
113091,5
113096,3
113100,2
113103,2
113105,3
113109,2
113115,3
113119,3
113123,3
113126,3
113135,2
113137,3
113140,4
113146,2
113149,3
113153,2
113155,6
113161,2
113168,2
113171,2
113176,2
113179,2
113181,3
113184,5
113189,4
113193,4
113200,2
113203,2
113205,4
113211,2
113213,2
113217,2
113220,4
113225,3
113228,2
113230,8
113239,2
113246,2
113251,2
113254,3
113257,2
113259,3
113262,2
113266,3
113269,2
113274,2
113280,9
113290,2
113295,2
113299,4
113303,2
113306,2
113309,2
113311,2
113316,6
113323,3
113328,3
113338,2
113350,3
113353,2
113355,4
113361,5
113369,2
113371,2
113375,4
113380,4
113386,2
113389,3
113392,3
113400,2
113402,2
113404,3
113407,5
113412,3
113418,3
113423,2
113429,5
113435,2
113437,3
113440,1
113442,3
113446,2
113448,3
113452,2
113455,3
113458,3
113464,2
113469,8
113478,3
113483,2
113485,5
113490,2
113492,3
113495,2
113498,2
113501,3
113504,3
113507,5
113514,2
113518,7
113527,3
113532,2
113535,3
113539,2
113542,2
113544,2
113546,2
113549,2
113554,2
113556,2
113558,5
113563,3
113567,3
113572,2
113574,4
113585,1
113588,2
113591,2
113593,6
113601,3
113608,2
113610,2
113612,3
113615,5
113622,2
113628,4
113632,2
113635,2
113637,2
113639,4
113643,2
113645,4
113649,2
113651,4
113655,2
113667,2
113669,3
113676,2
113684,2
113686,3
113690,4
113694,2
113698,1
113700,5
113706,4
113710,4
113714,1
113719,2
113727,2
113729,2
113731,5
113738,4
113745,2
113748,2
113756,2
113759,4
113763,5
113768,2
113770,2
113774,3
113777,2
113781,2
113783,4
113787,2
113791,2
113793,2
113795,3
113798,3
113803,2
113808,2
113810,3
113817,2
113819,2
113823,2
113827,2
113829,2
113833,3
113837,2
113839,4
113844,4
113853,4
113857,4
113861,3
113869,2
113871,3
113877,2
113882,2
113884,3
113889,2
113892,2
113894,2
113897,3
113901,2
113904,3
113907,2
113909,2
113911,3
113922,3
113927,2
113933,2
113935,3
113940,1
113943,2
113947,2
113951,3
113956,5
113961,3
113964,4
113968,3
113971,2
113973,2
113976,5
113987,2
113991,2
114000,3
114003,3
114007,2
114009,2
114013,3
114016,4
114021,3
114025,2
114027,5
114035,3
114041,2
114046,2
114049,3
114052,2
114054,1
114057,2
114059,2
114061,2
114064,2
114066,2
114069,2
114077,3
114081,5
114086,3
114089,2
114091,2
114093,2
114096,5
114102,2
114104,3
114108,2
114110,3
114113,2
114117,2
114125,2
114128,2
114130,3
114136,2
114140,5
114145,3
114148,2
114150,2
114154,4
114158,2
114162,2
114164,2
114168,2
114171,1
114173,5
114182,3
114188,2
114191,2
114193,2
114195,3
114198,1
114202,2
114206,2
114213,2
114216,4
114222,2
114225,2
114233,2
114235,4
114242,5
114249,2
114254,3
114257,2
114260,2
114265,3
114268,2
114270,4
114274,2
114276,2
114285,4
114290,3
114293,3
114296,4
114300,6
114307,2
114312,2
114314,2
114316,1
114318,2
114324,3
114327,2
114329,2
114331,2
114334,3
114337,7
114344,4
114349,3
114352,2
114355,3
114358,2
114362,2
114366,3
114369,4
114374,2
114376,3
114384,4
114390,2
114397,1
114399,2
114404,4
114408,2
114411,2
114413,2
114416,2
114421,2
114423,3
114426,3
114431,3
114434,4
114438,2
114441,3
114445,2
114448,2
114451,5
114457,3
114460,6
114466,4
114470,2
114473,3
114476,8
114484,4
114488,3
114493,2
114495,2
114497,2
114499,2
114504,2
114507,4
114511,2
114514,2
114516,2
114519,4
114523,2
114532,2
114541,3
114554,3
114558,3
114563,2
114569,2
114572,8
114584,3
114588,3
114591,2
114609,4
114613,2
114618,3
114623,5
114628,2
114630,3
114634,2
114636,6
114642,2
114645,3
114649,3
114653,2
114655,2
114659,3
114663,3
114668,4
114676,3
114679,3
114682,2
114685,7
114700,3
114705,3
114709,2
114711,3
114717,2
114720,2
114724,3
114731,4
114735,2
114737,2
114744,6
114751,2
114753,8
114762,3
114765,5
114770,1
114774,2
114776,2
114778,2
114780,2
114794,2
114799,3
114802,7
114810,3
114815,2
114817,2
114819,3
114823,4
114828,3
114831,2
114833,4
114841,2
114845,3
114848,3
114851,2
114858,2
114861,2
114863,2
114867,5
114873,7
114887,1
114892,3
114895,7
114902,2
114907,2
114910,6
114916,3
114920,3
114926,1
114928,2
114934,2
114936,4
114941,2
114944,3
114947,3
114951,2
114961,4
114967,3
114974,5
114980,3
114989,2
114991,10
115001,4
115006,3
115009,2
115011,4
115019,2
115024,2
115026,2
115029,4
115034,4
115039,4
115043,2
115047,2
115052,2
115054,2
115056,3
115061,2
115064,3
115067,2
115069,2
115071,2
115075,2
115079,1
115082,3
115086,2
115089,2
115092,2
115094,3
115097,2
115105,2
115108,4
115112,8
115120,7
115129,4
115133,2
115135,3
115138,3
115143,2
115145,2
115152,3
115155,4
115159,3
115164,2
115175,2
115185,3
115188,2
115190,2
115196,2
115202,2
115204,2
115208,2
115210,2
115213,2
115215,5
115221,3
115225,2
115228,5
115234,3
115238,6
115250,9
115260,2
115265,2
115267,2
115269,3
115281,2
115283,4
115288,3
115291,2
115293,4
115298,2
115300,4
115304,2
115309,4
115313,3
115316,4
115328,5
115340,4
115344,3
115349,3
115354,3
115361,4
115371,2
115378,2
115380,3
115384,2
115387,3
115390,2
115392,2
115397,3
115400,2
115422,2
115424,5
115437,2
115445,3
115448,2
115456,2
115459,2
115463,5
115468,2
115471,2
115474,4
115485,2
115487,2
115489,2
115491,2
115493,2
115495,2
115499,3
115502,3
115505,3
115512,2
115515,2
115528,2
115533,5
115538,2
115540,4
115544,2
115546,3
115549,4
115553,2
115555,4
115561,4
115566,4
115571,1
115574,2
115576,3
115587,2
115589,1
115591,1
115593,3
115597,2
115600,3
115603,8
115611,2
115613,8
115621,3
115626,2
115628,3
115631,2
115635,4
115640,2
115643,2
115653,3
115657,3
115661,2
115665,2
115669,3
115674,3
115677,3
115684,2
115688,2
115690,4
115699,2
115702,3
115707,1
115709,2
115711,4
115715,1
115719,3
115724,4
115728,2
115730,1
115732,6
115738,3
115741,3
115745,2
115747,3
115751,2
115754,2
115757,2
115759,3
115768,2
115771,5
115777,2
115782,2
115784,2
115790,2
115793,2
115796,3
115799,2
115802,2
115809,4
115813,4
115819,2
115823,2
115830,3
115833,2
115836,1
115838,2
115841,2
115850,2
115852,2
115854,3
115858,2
115860,2
115863,3
115866,2
115868,2
115871,3
115875,2
115877,7
115884,3
115894,2
115896,3
115899,3
115903,3
115907,2
115910,2
115912,3
115918,4
115925,2
115934,5
115942,4
115946,2
115948,3
115957,3
115960,2
115962,3
115965,2
115967,3
115971,2
115978,2
115985,2
115998,3
116003,2
116005,5
116013,3
116019,3
116022,2
116024,2
116026,2
116028,2
116030,2
116032,2
116039,2
116046,6
116056,2
116063,3
116066,4
116070,1
116072,2
116074,11
116085,3
116092,5
116098,2
116102,3
116107,4
116113,2
116115,2
116120,3
116125,3
116130,2
116144,3
116148,2
116150,3
116153,3
116157,3
116160,2
116172,2
116176,4
116180,2
116190,2
116192,6
116198,2
116202,5
116207,2
116209,2
116211,2
116213,2
116215,3
116218,3
116230,1
116233,3
116241,3
116244,2
116251,2
116260,3
116270,5
116278,2
116281,4
116285,3
116288,6
116295,2
116298,5
116303,3
116308,2
116313,2
116315,3
116319,2
116323,2
116331,4
116335,3
116344,2
116350,2
116363,2
116368,2
116371,2
116381,3
116384,3
116387,7
116394,2
116397,3
116402,2
116404,2
116407,5
116414,4
116418,3
116421,2
116424,2
116432,2
116434,1
116436,2
116439,3
116443,2
116445,2
116447,3
116450,2
116452,3
116455,3
116458,2
116462,2
116478,4
116487,2
116491,2
116496,5
116501,3
116506,4
116512,3
116522,4
116526,3
116530,3
116533,3
116540,2
116543,3
116546,2
116548,4
116555,6
116562,4
116566,3
116569,2
116571,2
116573,5
116578,4
116583,3
116586,3
116589,3
116592,2
116594,2
116596,1
116602,2
116604,5
116611,5
116616,2
116618,4
116626,2
116632,2
116634,2
116637,2
116639,3
116643,3
116646,2
116649,5
116654,2
116657,2
116662,2
116665,4
116669,5
116687,2
116689,2
116692,3
116695,1
116697,3
116704,2
116706,3
116710,3
116714,6
116720,2
116723,4
116727,2
116730,2
116733,3
116738,2
116741,1
116744,3
116749,4
116757,2
116762,2
116767,3
116770,5
116775,2
116778,4
116782,3
116785,2
116790,2
116794,3
116801,2
116809,3
116812,3
116818,2
116821,4
116839,3
116850,2
116853,2
116855,2
116863,3
116873,2
116875,4
116879,3
116882,5
116893,3
116897,3
116904,2
116909,4
116916,2
116919,3
116930,2
116933,2
116938,2
116940,5
116946,4
116950,2
116953,2
116955,4
116959,3
116965,2
116967,4
116972,3
116976,4
116980,5
116986,7
116994,2
116996,5
117001,3
117004,4
117011,2
117018,6
117028,2
117030,2
117032,3
117037,2
117039,2
117044,3
117048,5
117055,3
117058,2
117060,3
117067,7
117079,3
117082,4
117086,5
117091,2
117094,2
117098,9
117111,2
117116,3
117119,2
117121,3
117125,2
117129,4
117135,3
117139,2
117148,2
117151,2
117153,2
117156,1
117159,3
117162,2
117167,8
117175,4
117179,2
117182,4
117186,2
117191,3
117196,4
117200,1
117203,2
117205,2
117207,4
117213,3
117221,3
117224,1
117230,2
117233,2
117240,2
117246,5
117256,1
117261,4
117271,3
117276,2
117278,2
117282,2
117285,3
117290,6
117296,2
117305,2
117307,2
117310,2
117315,3
117320,2
117331,2
117335,2
117337,2
117340,2
117343,3
117346,3
117349,3
117352,3
117356,2
117360,2
117362,4
117367,6
117375,3
117386,2
117388,2
117391,2
117393,2
117396,2
117399,2
117401,3
117412,3
117415,3
117418,2
117420,2
117427,2
117431,2
117433,2
117435,4
117439,2
117441,2
117443,2
117446,2
117448,6
117454,3
117463,3
117475,2
117480,2
117482,4
117487,2
117489,3
117493,2
117496,3
117504,3
117508,2
117510,2
117522,2
117524,3
117529,2
117531,2
117533,5
117541,2
117546,2
117549,2
117558,3
117563,2
117582,5
117590,2
117592,3
117598,4
117602,2
117606,2
117608,4
117615,2
117620,2
117623,3
117626,3
117630,2
117632,3
117636,4
117646,3
117649,2
117653,2
117656,2
117658,2
117660,3
117663,2
117669,2
117673,3
117680,3
117685,3
117689,2
117691,4
117702,4
117709,2
117711,2
117721,2
117723,5
117729,2
117736,3
117744,4
117749,2
117752,2
117754,5
117761,8
117769,7
117776,4
117781,2
117783,3
117787,3
117791,4
117797,2
117799,2
117801,2
117807,4
117811,5
117821,2
117823,2
117825,2
117843,2
117845,3
117850,3
117858,3
117863,2
117865,5
117875,3
117880,2
117883,3
117887,2
117890,2
117892,3
117896,2
117898,2
117901,3
117907,2
117914,3
117925,2
117929,1
117931,3
117934,2
117937,3
117945,4
117950,2
117952,3
117955,5
117965,3
117970,2
117974,6
117980,2
117983,2
117985,5
117991,2
117996,2
117998,2
118000,3
118003,3
118006,5
118011,4
118017,2
118020,3
118023,3
118028,4
118034,1
118041,2
118050,2
118052,1
118054,2
118056,2
118059,4
118064,2
118074,2
118079,4
118099,2
118103,2
118106,2
118108,2
118110,2
118112,2
118114,2
118116,2
118121,2
118125,5
118139,2
118143,2
118154,2
118158,2
118171,6
118179,2
118190,2
118192,3
118196,1
118198,3
118202,2
118206,2
118211,2
118213,3
118219,2
118221,3
118230,2
118236,2
118243,2
118246,7
118258,2
118261,2
118264,2
118267,5
118277,2
118279,2
118281,2
118286,4
118292,2
118294,2
118296,2
118299,2
118302,2
118305,2
118307,2
118310,2
118313,3
118316,3
118319,2
118321,3
118327,4
118334,2
118338,2
118340,2
118342,2
118345,2
118347,4
118354,4
118358,4
118371,4
118379,1
118386,2
118388,2
118394,2
118398,3
118422,2
118426,3
118429,2
118435,2
118437,3
118443,2
118449,4
118461,2
118463,5
118468,2
118470,3
118473,3
118478,3
118483,2
118485,4
118490,2
118494,3
118498,3
118502,4
118511,4
118517,3
118521,3
118525,3
118528,2
118534,3
118538,3
118543,2
118546,2
118551,2
118553,2
118558,2
118560,2
118563,3
118566,1
118572,2
118574,2
118576,4
118585,2
118589,4
118596,2
118600,4
118605,1
118607,4
118611,3
118616,2
118621,8
118635,2
118638,7
118645,2
118647,3
118650,5
118655,2
118657,7
118665,1
118667,2
118673,2
118677,2
118680,2
118687,7
118694,3
118699,4
118709,8
118717,2
118719,2
118724,2
118731,2
118733,5
118740,6
118746,6
118753,2
118755,3
118758,2
118760,4
118771,2
118773,6
118779,2
118781,4
118792,2
118798,3
118801,2
118807,2
118809,2
118815,3
118823,2
118828,2
118832,3
118835,1
118838,5
118848,9
118861,2
118867,4
118872,2
118886,2
118893,3
118896,1
118903,2
118905,3
118914,2
118923,2
118928,2
118933,4
118940,3
118943,3
118949,2
118951,2
118957,5
118962,6
118971,2
118974,2
118982,2
118988,10
118999,4
119005,2
119008,2
119019,7
119028,2
119030,5
119054,3
119060,2
119062,7
119070,3
119073,3
119077,7
119094,3
119104,2
119109,3
119112,2
119119,2
119122,4
119129,1
119133,2
119140,2
119142,3
119145,2
119152,4
119160,1
119163,4
119168,9
119177,2
119180,2
119182,2
119184,7
119191,3
119194,3
119197,4
119209,3
119214,2
119217,4
119225,3
119228,2
119230,3
119236,3
119247,2
119251,2
119253,2
119255,4
119260,3
119264,2
119273,2
119276,2
119279,2
119281,2
119283,2
119297,2
119301,1
119304,3
119312,3
119315,6
119326,6
119337,2
119339,5
119345,5
119357,2
119360,2
119366,3
119370,1
119376,3
119379,3
119382,1
119384,2
119387,2
119398,2
119400,2
119405,3
119415,2
119420,2
119425,2
119431,2
119440,2
119449,2
119454,2
119456,3
119462,2
119464,2
119467,3
119476,2
119485,4
119494,2
119505,3
119510,2
119512,5
119517,2
119521,4
119530,2
119540,2
119542,5
119547,2
119555,3
119558,2
119563,3
119569,6
119575,3
119584,2
119587,2
119606,3
119617,4
119636,1
119647,3
119650,3
119653,6
119659,2
119663,2
119666,2
119672,3
119675,2
119686,2
119688,5
119693,2
119695,2
119697,3
119705,2
119707,2
119710,7
119719,2
119725,5
119731,2
119738,5
119743,1
119745,7
119753,2
119763,4
119768,1
119770,2
119772,3
119775,4
119780,2
119782,2
119786,2
119789,1
119791,4
119799,3
119802,2
119810,2
119815,4
119821,3
119831,3
119834,5
119840,3
119843,2
119845,4
119850,3
119853,2
119863,1
119868,1
119870,1
119881,2
119888,2
119891,10
119901,2
119904,3
119907,1
119909,2
119911,4
119916,2
119921,2
119923,3
119929,2
119931,5
119937,4
119944,3
119947,2
119955,3
119959,2
119961,3
119974,4
119981,2
119983,2
119985,3
119988,2
119991,3
119994,3
120008,2
120016,1
120018,2
120030,2
120032,3
120037,1
120041,2
120054,2
120109,2
120123,1
120125,2
120138,3
120141,2
120144,2
120146,2
120153,2
120156,2
120158,2
120160,5
120165,6
120171,5
120176,2
120178,3
120182,6
120188,1
120191,2
120193,2
120196,5
120204,3
120209,3
120212,6
120219,3
120222,1
120224,3
120227,4
120236,2
120238,4
120243,3
120248,5
120254,1
120258,2
120261,3
120264,2
120268,2
120272,2
120274,4
120283,8
120293,3
120296,3
120302,3
120306,3
120313,3
120316,2
120323,2
120326,3
120329,2
120331,4
120340,4
120346,3
120355,3
120359,2
120370,1
120372,3
120377,2
120383,1
120390,8
120403,3
120406,12
120438,16
120454,7
120465,4
120494,5
120502,7
120526,3
120530,2
120535,1
120537,1
120539,3
120543,3
120553,3
120556,2
120558,4
120564,3
120573,2
120575,2
120579,3
120583,4
120589,1
120599,2
120614,1
120625,7
120632,1
120643,1
120652,3
120676,3
120680,5
120686,2
120688,4
120693,7
120702,1
120705,1
120715,2
120720,2
120737,2
120743,3
120792,3
120795,2
120804,1
120812,1
120814,2
120816,2
120821,2
120823,4
120831,3
120857,2
120866,2
120871,2
120887,9
120917,2
120921,3
120924,1
120930,3
120933,3
120942,1
120949,4
120956,2
120964,30
120994,4
121009,7
121017,4
121028,2
121042,3
121045,7
121052,5
121057,3
121077,3
121090,4
121099,2
121103,4
121112,2
121116,2
121120,3
121146,1
121148,3
121157,2
121160,9
121174,3
121177,4
121187,2
121193,2
121216,6
121232,3
121235,2
121240,2
121242,10
121253,5
121260,3
121264,2
121268,2
121273,2
121281,3
121288,5
121293,5
121300,3
121306,4
121324,2
121334,2
121363,2
121365,3
121372,3
121385,3
121408,2
121411,4
121417,2
121428,2
121431,2
121437,3
121444,3
121449,3
121453,3
121456,4
121460,2
121463,1
121474,4
121479,2
121481,2
121483,3
121493,2
121508,2
121516,2
121521,2
121530,2
121533,4
121545,3
121548,2
121550,2
121552,2
121555,4
121559,4
121565,2
121567,2
121574,4
121579,2
121585,2
121601,2
121604,4
121617,2
121619,2
121622,2
121625,2
121629,4
121633,4
121637,2
121645,4
121657,3
121660,2
121663,2
121665,2
121675,4
121679,5
121685,2
121701,3
121713,3
121728,2
121739,2
121754,5
121759,2
121765,3
121784,1
121813,1
121822,2
121824,3
121835,2
121838,3
121843,2
121845,2
121849,3
121852,1
121868,1
121877,1
121879,1
121883,3
121905,2
121908,2
121916,2
121935,3
121942,4
121964,2
121995,3
121998,3
122009,2
122043,2
122059,2
122079,2
122097,2
122099,3
122106,1
122108,4
122112,2
122115,4
122120,2
122122,1
122192,1
122194,2
122200,2
122223,9
122232,2
122234,1
122236,7
122243,2
122245,3
122248,3
122251,3
122254,3
122259,2
122261,2
122263,3
122266,2
122269,2
122271,2
122281,2
122284,2
122292,2
122296,6
122312,2
122320,2
122322,5
122339,4
122353,2
122364,4
122368,3
122405,2
122408,2
122413,3
122422,2
122430,3
122441,4
122462,2
122464,3
122471,3
122490,2
122492,7
122529,2
122531,2
122538,3
122541,2
122544,3
122561,3
122568,3
122571,3
122585,2
122587,2
122591,3
122603,2
122605,2
122608,2
122621,6
122643,6
122649,3
122652,5
122657,3
122660,2
122662,3
122666,2
122683,1
122713,2
122726,1
122730,2
122737,2
122739,3
122742,2
122746,2
122749,3
122753,5
122762,2
122765,5
122772,3
122775,6
122781,2
122785,2
122791,5
122796,1
122800,2
122803,2
122806,2
122808,6
122814,2
122824,1
122838,3
122846,4
122850,3
122857,4
122861,3
122878,4
122882,1
122898,1
122900,2
122909,3
122912,2
122914,2
122919,2
122923,3
122948,3
122951,2
122953,4
122964,9
122982,3
122986,2
122989,8
122997,5
123003,2
123006,2
123014,1
123040,2
123043,4
123049,2
123051,2
123056,18
123074,10
123086,2
123090,11
123101,5
123106,12
123118,2
123122,2
123124,2
123126,2
123128,2
123130,4
123154,2
123157,3
123160,3
123163,7
123180,2
123185,2
123188,2
123190,5
123198,3
123202,2
123204,6
123210,3
123218,1
123228,3
123246,2
123248,3
123254,5
123259,2
123261,2
123264,5
123272,3
123278,1
123280,5
123285,2
123289,3
123292,3
123306,5
123317,3
123327,2
123335,2
123353,3
123356,2
123362,3
123381,2
123386,2
123399,1
123404,1
123410,3
123420,2
123423,3
123429,3
123435,1
123442,1
123484,5
123489,5
123505,1
123518,3
123534,2
123554,2
123556,1
123562,3
123583,2
123585,7
123612,5
123659,3
123671,3
123676,6
123685,4
123689,2
123692,2
123700,2
123702,2
123705,2
123720,2
123730,1
123733,5
123740,2
123746,1
123767,2
123792,2
123794,4
123804,2
123813,2
123815,4
123828,3
123837,2
123846,2
123855,8
123878,2
123881,3
123927,2
123951,9
123980,2
123985,2
123994,2
123996,4
124003,2
124011,1
124015,2
124017,4
124021,3
124025,2
124040,1
124043,4
124063,2
124065,4
124069,2
124072,2
124076,3
124087,1
124091,2
124122,3
124125,3
124173,1
124209,2
124214,4
124246,1
124273,1
124294,2
124298,3
124312,1
124336,2
124353,1
124357,1
124362,1
124373,2
124378,3
124389,2
124391,2
124410,1
124437,1
124443,1
124455,2
124476,1
124480,5
124508,3
124516,3
124524,1
124526,1
124536,1
124547,2
124553,4
124562,2
124568,2
124598,1
124608,1
124619,1
124634,2
124645,4
124649,1
124667,3
124675,1
124688,1
124691,3
124694,2
124784,3
124805,2
124811,2
124819,2
124826,2
124835,2
124837,3
124842,2
124887,3
124921,3
124930,2
124934,4
124938,2
124944,2
124947,2
124953,2
124956,3
124960,2
124991,2
125005,3
125022,1
125025,2
125030,3
125035,1
125042,3
125056,2
125060,2
125062,1
125071,4
125078,3
125081,2
125083,2
125085,1
125111,5
125122,1
125156,9
125166,2
125169,3
125183,2
125187,2
125189,2
125196,2
125201,2
125204,2
125206,4
125211,2
125213,2
125216,2
125223,2
125225,5
125230,4
125241,1
125247,2
125286,3
125289,2
125291,2
125294,4
125305,2
125309,3
125315,2
125317,2
125333,6
125339,2
125341,2
125344,2
125346,2
125348,3
125353,2
125356,2
125359,2
125362,2
125365,2
125367,2
125373,1
125375,2
125379,5
125384,5
125389,2
125391,3
125397,2
125401,2
125403,10
125413,12
125425,7
125436,3
125440,4
125445,5
125453,2
125457,2
125459,2
125464,3
125469,4
125475,2
125481,8
125489,2
125493,4
125500,3
125514,2
125516,3
125519,2
125521,2
125523,4
125528,2
125531,4
125535,2
125538,2
125541,2
125545,2
125547,2
125550,3
125556,3
125559,3
125563,5
125569,2
125571,2
125574,4
125584,2
125599,2
125627,2
125629,2
125636,3
125646,2
125650,2
125655,3
125659,4
125664,2
125667,2
125670,4
125674,2
125676,4
125682,2
125686,2
125693,4
125702,2
125708,4
125732,3
125740,2
125746,2
125749,2
125752,2
125758,2
125775,2
125779,2
125790,2
125792,3
125798,2
125800,1
125813,2
125834,2
125842,2
125848,4
125856,2
125862,2
125867,4
125872,1
125876,1
125881,2
125883,3
126037,3
126040,1
126042,3
126045,2
126047,2
126125,2
126227,2
126235,2
126238,2
126241,4
126245,2
126247,6
126254,2
126256,2
126258,2
126261,4
126265,3
126268,2
126270,4
126275,2
126277,3
126472,2
126475,3
126479,3
126482,2
126485,2
126492,2
126495,2
126498,2
126501,2
126507,2
126513,3
126516,3
126519,2
126522,2
126529,2
126531,3
126535,2
126539,2
126542,2
126544,3
126549,3
126552,2
126555,2
126557,5
126564,2
126566,4
126571,2
126573,2
126578,2
126580,2
126582,2
126584,2
126589,3
126595,2
126678,2
126680,3
126689,2
126692,4
126698,4
126702,2
126705,2
126707,3
126710,3
126713,2
126715,5
126723,3
126726,3
126730,7
126737,2
126743,3
126747,3
126750,2
126753,2
126755,4
126759,2
126761,2
126763,3
126766,3
126769,4
126773,5
126778,2
126816,2
126851,25
126938,2
126944,2
126946,3
126949,2
126951,4
126956,2
126958,2
126960,3
126963,2
126983,2
126990,2
126992,2
126994,2
126998,50
127048,18
127066,8
127075,3
127079,4
127083,15
127100,4
127106,2
127134,2
127139,2
127143,2
127150,2
127154,2
127160,3
127167,2
127176,3
127180,2
127191,3
127199,2
127211,3
127214,2
127241,2
127250,3
127255,3
127261,3
127265,15
127280,2
127282,13
127295,2
127297,25
127322,17
127339,21
127361,22
127384,2
127387,9
127399,2
127402,2
127406,2
127579,2
127587,5
127592,4
127597,3
127601,4
127605,2
127607,4
127611,7
127619,2
127622,4
127626,3
127629,2
127631,3
127635,4
127640,5
127649,6
127655,6
127663,3
127666,3
127671,2
127676,6
127682,2
127686,2
127689,2
127691,2
127694,2
127699,3
127703,5
127709,7
127716,2
127719,6
127725,4
127729,2
127731,3
127736,7
127743,2
127746,2
127751,3
127754,6
127761,3
127770,3
127788,3
127791,2
127793,2
127799,2
127853,2
127895,2
127901,2
127908,2
127912,2
127914,2
127937,3
127942,4
127947,3
127950,3
127979,2
127982,3
127985,2
127987,2
127992,2
128001,4
128006,1
128023,2
128028,6
128042,3
128045,2
128050,2
128052,2
128056,2
128063,2
128065,3
128072,2
128075,2
128077,2
128087,2
128091,6
128106,3
128111,2
128124,2
128127,2
128132,3
128143,2
128254,2
128259,2
128271,2
128274,2
128276,2
128282,2
128288,4
128292,2
128295,2
128299,2
128303,2
128315,2
128321,2
128323,3
128326,3
128333,3
128338,4
128343,3
128346,2
128348,2
128351,2
128357,2
128364,2
128377,2
128385,2
128387,3
128393,2
128395,2
128399,2
128401,1
128404,2
128413,2
128416,2
128423,2
128426,3
128432,5
128442,4
128446,2
128448,2
128452,5
128457,2
128459,3
128462,3
128466,2
128469,3
128472,3
128476,2
128478,2
128481,2
128487,2
128489,4
128495,2
128500,2
128565,1
128567,2
128606,2
128610,3
128617,3
128627,2
128630,2
128632,3
128636,2
128638,2
128643,1
128650,1
128652,2
128665,2
128668,3
128671,2
128674,2
128682,3
128689,7
128696,4
128704,2
128706,12
128718,2
128722,3
128733,2
128748,15
128763,2
128765,7
128776,2
128779,2
128781,2
128783,6
128789,7
128797,9
128806,2
128815,6
128834,2
128840,2
128845,2
128848,4
128858,3
128867,2
128902,2
128906,17
128942,6
128949,6
128956,8
128965,9
128996,3
129003,2
129011,2
129015,2
129024,2
129033,2
129041,1
129071,2
129129,2
129131,2
129135,7
129142,7
129153,2
129155,2
129176,2
129195,3
129228,2
129250,5
129371,8
129379,2
129381,3
129384,3
129387,2
129389,5
129394,3
129397,4
129401,2
129403,2
129405,2
129407,3
129410,2
129412,8
129420,3
129423,2
129429,2
129434,3
129439,3
129455,1
129459,5
129467,4
129471,2
129478,3
129482,2
129485,2
129487,2
129490,3
129495,2
129500,5
129510,2
129513,2
129518,2
129520,2
129523,5
129533,2
129535,2
129540,3
129543,6
129549,3
129552,2
129556,2
129560,3
129694,2
129710,1
129717,8
129725,4
129729,8
129738,2
129740,2
129743,7
129751,2
129754,3
129757,2
129759,2
129761,2
129791,2
129798,2
129803,2
129806,3
129812,2
129814,2
129816,9
129825,4
129834,3
129837,2
129841,2
129843,2
129847,3
129854,3
129863,3
129867,2
129870,2
129877,2
129880,3
129884,2
129886,2
129894,3
129897,2
129899,2
129905,2
129912,2
129915,2
129918,3
129923,2
129935,2
129944,2
129947,2
129953,2
129964,2
129968,2
129983,9
129992,1
129998,2
130001,4
130005,9
130018,1
130024,1
130026,2
130030,2
130055,4
130065,11
130083,1
130085,2
130088,2
130093,2
130100,2
130118,7
130125,2
130128,2
130131,3
130137,4
130143,2
130147,3
130153,2
130155,3
130158,4
130162,5
130167,3
130179,1
130213,2
130216,2
130221,5
130232,3
130235,2
130238,3
130241,3
130244,8
130252,2
130256,2
130258,3
130261,4
130266,12
130278,5
130286,3
130290,8
130302,3
130307,5
130317,3
130323,3
130330,2
130338,2
130358,2
130373,2
130375,4
130379,5
130384,5
130391,3
130395,2
130399,9
130408,7
130415,2
130417,2
130419,3
130422,9
130431,11
130443,7
130450,4
130455,15
130470,2
130472,2
130474,3
130477,6
130485,6
130491,4
130495,6
130501,4
130505,3
130509,6
130515,7
130523,4
130527,4
130533,3
130537,7
130547,4
130574,3
130577,2
130580,5
130585,2
130590,2
130594,3
130599,2
130602,3
130608,2
130614,2
130617,2
130619,5
130624,2
130627,2
130634,2
130639,2
130644,3
130655,2
130671,2
130673,2
130676,5
130683,2
130685,3
130688,2
130690,6
130696,2
130705,6
130711,3
130718,5
130723,2
130727,2
130732,2
130736,3
130741,2
130747,2
130751,2
130756,5
130766,2
130768,9
130777,5
130782,4
130787,2
130789,12
130801,5
130807,2
130809,2
130812,5
130817,5
130823,4
130827,19
130846,7
130854,3
130857,12
130870,6
130876,4
130880,2
130882,7
130893,2
130897,2
130899,2
130901,4
130905,3
130908,2
130913,2
130918,3
130922,18
130940,2
130942,4
130949,5
130954,2
130956,2
130958,1
130961,9
130970,7
130982,2
130985,1
130987,5
130993,2
130995,4
131002,9
131013,6
131023,2
131025,2
131059,4
131064,8
131075,3
131081,2
131084,9
131098,3
131101,1
131160,3
131163,2
131166,7
131173,8
131181,1
131185,3
131188,6
131194,3
131197,3
131200,5
131205,5
131210,2
131212,2
131214,7
131221,17
131239,2
131241,3
131244,3
131247,1
131251,2
131256,6
131262,2
131264,5
131304,4
131309,2
131311,2
131315,6
131321,5
131327,1
131329,7
131336,2
131339,3
131342,2
131344,2
131347,4
131351,2
131353,4
131357,3
131360,4
131367,2
131369,2
131374,2
131377,2
131379,2
131381,2
131383,3
131386,8
131395,2
131397,5
131403,2
131405,2
131407,3
131411,2
131413,2
131416,2
131420,2
131429,2
131435,2
131441,2
131443,2
131445,2
131450,3
131453,2
131455,2
131457,2
131461,2
131463,2
131469,2
131476,5
131482,4
131486,3
131489,2
131491,6
131498,3
131502,2
131505,5
131512,5
131517,3
131520,2
131522,2
131524,3
131529,2
131532,4
131537,3
131541,4
131546,7
131553,3
131556,3
131559,2
131608,2
131610,2
131637,4
131641,3
131645,2
131648,3
131664,2
131672,16
131688,4
131719,4
131723,2
131725,3
131730,5
131737,2
131741,3
131744,6
131751,17
131769,2
131771,3
131774,2
131776,3
131779,2
131782,2
131786,2
131790,2
131792,3
131796,2
131801,2
131803,2
131805,4
131809,2
131811,3
131815,2
131817,3
131820,2
131822,3
131825,3
131829,2
131831,2
131833,3
131854,2
131860,3
131863,18
131882,2
131884,2
131886,2
131889,3
131893,2
131896,2
131901,2
131906,2
131911,2
131913,2
131915,3
131926,2
131929,3
131935,7
131944,4
131948,2
131950,2
131953,3
131958,2
131963,2
131969,3
131975,2
131977,2
131984,2
131986,2
131989,2
131992,9
132003,2
132005,2
132011,2
132015,2
132017,2
132019,2
132030,2
132032,3
132037,3
132040,2
132042,4
132047,4
132053,3
132058,2
132063,3
132074,2
132079,2
132081,2
132084,2
132086,2
132088,4
132094,3
132097,2
132101,3
132104,3
132108,2
132112,2
132115,2
132120,4
132124,3
132128,4
132132,2
132134,2
132137,2
132141,3
132144,2
132146,5
132154,2
132156,2
132161,3
132167,3
132171,4
132177,3
132185,3
132188,2
132191,4
132195,3
132203,2
132207,3
132210,2
132212,2
132219,2
132221,4
132225,2
132228,2
132231,4
132235,7
132244,2
132247,2
132250,4
132254,3
132257,2
132259,3
132263,2
132265,5
132271,2
132278,8
132377,2
132379,3
132383,3
132388,2
132403,2
132410,3
132421,2
132426,2
132429,2
132452,2
132460,2
132487,2
132523,3
132531,2
132534,5
132542,2
132578,1
132592,1
132608,2
132624,2
132651,1
132674,1
132704,2
132748,1
132830,1
132843,2
132948,1
132967,1
132975,1
133020,1
133023,4
133027,8
133039,2
133050,1
133054,1
133058,1
133061,3
133066,3
133070,3
133073,2
133083,1
133091,8
133100,2
133109,3
133130,2
133181,1
133200,2
133204,2
133227,2
133236,1
133308,1
133434,1
133436,3
133623,1
133625,2
133627,3
133630,3
133639,1
133655,2
134022,1
134143,2
134150,1
134153,1
134200,3
134211,2
134238,2
134257,3
134260,1
134382,1
134388,1
134396,1
134401,1
134492,1
134496,1
134505,1
134509,2
134516,3
134520,1
134574,1
134809,2
134814,1
135103,2
135105,1
135107,1
135217,1
135264,1
135280,1
135537,1
136000,1
136120,2
136323,1
136329,3
136337,1
136568,3
136584,2
136588,1
136597,2
136643,1
136767,2
136847,1
136872,1
136874,4
136937,1
136988,1
137457,3
137484,2
137486,1
137557,1
137560,2
138100,2
138617,2
138699,2
138706,2
138770,1
138772,2
138780,3
138795,3
138804,1
138819,1
138827,1
138829,2
138840,3
138847,2
138859,3
138863,2
138865,1
138874,1
138877,3
138881,4
138900,2
138903,1
138910,1
138923,1
138928,4
138933,5
138939,6
138945,7
138955,2
138957,2
138959,5
138998,3
139001,3
139004,4
139009,4
139014,2
139016,1
139018,34
139053,2
139055,4
139059,6
139065,2
139067,8
139075,2
139081,10
139093,2
139095,3
139100,4
139104,1
139108,3
139112,1
139117,2
139119,2
139122,3
139125,4
139129,6
139135,3
139141,5
139146,3
139152,2
139163,2
139165,3
139168,1
139174,3
139178,2
139191,2
139193,2
139201,4
139208,5
139213,4
139220,3
139229,2
139231,1
139242,1
139247,3
139250,8
139264,1
139267,2
139269,1
139276,3
139279,2
139284,3
139287,8
139296,2
139298,2
139301,2
139316,1
139324,1
139331,1
139335,2
139337,1
139339,1
139341,3
139344,1
139365,2
139372,3
139378,2
139381,1
139383,2
139396,2
139398,2
139401,4
139406,10
139417,1
139427,3
139433,2
139436,2
139438,2
139442,1
139458,3
139467,5
139487,2
139505,4
139510,2
139512,6
139715,3
139719,2
139732,2
139734,1
139736,3
139740,4
139745,2
139747,2
139750,2
139754,4
139758,2
139760,5
139766,3
139770,7
139777,7
139784,9
139794,3
139798,1
139800,4
139805,4
139811,4
139817,5
139822,2
139834,1
139836,1
139841,1
139843,3
139848,2
139851,2
139854,3
139866,1
139868,1
139874,2
139877,4
139882,3
139888,5
139893,5
139898,4
139902,3
139906,3
139911,2
139913,3
139917,2
139919,2
139921,3
139924,2
139931,8
139940,5
139947,1
139955,5
139962,3
139969,2
139982,2
139992,4
140003,1
140005,5
140010,2
140034,4
140039,3
140042,2
140047,2
140051,3
140055,8
140070,2
140098,6
140109,1
140112,7
140119,2
140122,1
140155,2
140161,5
140167,2
140171,17
140188,2
140190,4
140195,2
140197,3
140200,4
140205,2
140224,32
140259,4
140265,2
140268,13
140291,2
140301,2
140303,1
140305,2
140307,1
140328,1
140332,3
140337,2
140339,3
140344,2
140350,1
140354,5
140359,1
140368,2
140371,16
140389,2
140393,2
140395,1
140398,2
140402,10
140438,2
140440,1
140443,2
140446,4
140461,5
140490,2
140524,1
140527,4
140533,1
140535,2
140538,27
140565,4
140572,2
140588,2
140591,2
140595,2
140598,1
140600,1
140607,1
140610,1
140617,4
140621,5
140626,5
140638,3
140646,3
140659,2
140662,5
140669,2
140690,2
140705,2
140715,1
140724,1
140729,4
140734,29
140763,2
140765,1
140771,1
140784,2
140791,1
140794,10
140804,3
140819,6
140826,6
140844,2
140846,3
140854,3
140858,5
140868,17
140885,2
140887,2
140893,1
140897,3
140904,5
140910,2
140929,4
140940,3
140972,2
140974,5
140979,1
140998,2
141000,3
141012,3
141041,2
141043,2
141045,3
141049,4
141054,3
141069,2
141072,2
141074,6
141080,4
141096,2
141122,1
141138,5
141145,2
141151,2
141156,3
141166,3
141175,4
141179,1
141190,2
141218,2
141226,2
141233,2
141236,2
141243,2
141245,5
141251,2
141265,1
141279,3
141292,4
141296,4
141301,2
141307,1
141331,4
141363,2
141378,2
141381,3
141384,1
141386,2
141396,3
141401,5
141408,2
141411,4
141415,1
141435,4
141463,3
141471,1
141473,1
141481,2
141502,2
141510,5
141516,1
141521,2
141523,10
141561,3
141564,1
141579,2
141620,2
141627,2
141630,2
141644,2
141654,1
141678,4
141685,2
141707,1
141724,1
141747,2
141749,2
141751,3
141758,4
141766,2
141768,1
141780,2
141782,8
141790,2
141840,2
141861,2
141894,3
141899,2
141906,2
141910,3
141913,2
141915,3
141920,4
141926,3
141932,2
141937,2
141939,2
141943,4
141952,4
141957,7
141964,2
141974,4
141995,3
142007,2
142011,4
142031,3
142034,4
142038,2
142045,5
142050,2
142056,2
142063,2
142072,1
142076,2
142079,4
142083,2
142097,2
142139,4
142148,3
142161,2
142164,2
142175,3
142183,2
142185,2
142188,2
142190,2
142195,1
142207,2
142226,1
142228,2
142240,3
142243,4
142249,2
142267,1
142275,3
142289,6
142295,3
142309,2
142313,5
142324,4
142328,2
142334,2
142342,5
142350,4
142359,4
142367,2
142369,1
142373,3
142384,2
142387,4
142391,2
142394,2
142400,5
142414,3
142426,2
142441,3
142448,2
142451,1
142457,1
142461,1
142468,6
142486,1
142489,2
142491,5
142499,5
142506,2
142521,5
142526,4
142530,3
142533,2
142537,2
142559,1
142561,1
142563,2
142565,1
142571,2
142576,3
142581,1
142586,1
142588,3
142597,1
142599,3
142603,2
142608,4
142612,2
142614,1
142635,1
142639,2
142645,2
142647,2
142649,2
142651,1
142653,3
142657,2
142661,2
142665,3
142680,1
142682,3
142687,2
142689,1
142694,1
142697,1
142702,4
142707,4
142717,1
142728,3
142734,1
142739,2
142748,2
142750,1
142763,2
142765,2
142768,1
142780,2
142788,2
142795,5
142802,4
142817,2
142823,3
142826,1
142835,3
142845,3
142862,1
142871,1
142877,3
142880,1
142887,1
142901,2
142906,2
142908,2
142925,1
142934,2
142940,2
142970,2
142976,2
143001,1
143004,2
143006,3
143011,2
143016,2
143021,6
143044,2
143046,2
143049,2
143058,3
143064,2
143067,2
143069,3
143073,3
143076,4
143086,3
143109,1
143120,2
143126,2
143128,4
143135,2
143137,2
143139,2
143141,3
143145,2
143155,2
143158,3
143162,3
143169,4
143174,2
143176,2
143178,2
143180,1
143183,2
143190,1
143193,3
143199,2
143207,1
143210,3
143215,1
143242,4
143247,2
143250,3
143266,2
143270,3
143277,2
143281,2
143286,3
143289,2
143293,2
143295,3
143301,2
143304,2
143312,5
143317,4
143322,4
143327,5
143332,11
143343,2
143345,6
143352,3
143355,4
143360,9
143372,2
143374,3
143378,2
143383,2
143386,2
143389,3
143393,3
143396,2
143398,2
143401,4
143408,2
143412,2
143419,2
143421,2
143424,2
143429,4
143442,2
143453,3
143457,2
143463,2
143468,2
143473,2
143476,3
143492,2
143496,3
143499,6
143510,2
143512,5
143517,2
143522,3
143529,2
143546,3
143552,3
143566,2
143568,3
143571,2
143573,3
143580,6
143587,9
143596,2
143598,2
143600,2
143604,3
143608,2
143613,3
143627,4
143633,4
143641,3
143645,4
143659,3
143662,1
143667,3
143670,5
143679,8
143688,2
143699,3
143702,4
143706,4
143710,3
143714,3
143732,3
143741,2
143743,2
143745,4
143750,2
143752,2
143758,3
143772,2
143774,2
143797,4
143801,2
143805,3
143813,2
143817,3
143826,2
143839,2
143853,6
143859,3
143871,2
143892,1
143898,2
143902,2
143919,5
143925,2
143933,5
143946,1
143950,2
143962,3
143966,2
143970,2
143976,2
143978,6
143987,5
143993,2
143996,2
144000,2
144007,1
144022,2
144024,3
144035,3
144038,2
144040,2
144044,3
144047,2
144049,3
144052,3
144061,3
144064,2
144066,6
144074,3
144079,3
144082,3
144085,3
144091,3
144094,3
144097,2
144099,2
144101,4
144106,1
144109,1
144112,2
144116,2
144119,3
144135,2
144137,2
144141,3
144151,2
144153,1
144155,6
144161,4
144167,2
144171,2
144174,7
144185,5
144190,3
144193,3
144196,2
144198,2
144201,4
144205,3
144220,3
144224,3
144228,3
144233,2
144235,2
144239,2
144244,2
144251,2
144254,4
144259,2
144261,4
144265,7
144273,4
144277,2
144279,2
144285,3
144289,2
144291,6
144297,2
144299,2
144304,4
144309,5
144314,5
144319,2
144323,2
144326,2
144328,2
144330,3
144334,7
144341,2
144345,3
144348,2
144351,4
144355,2
144359,6
144365,5
144370,2
144373,4
144378,3
144382,2
144390,2
144393,2
144395,6
144401,2
144416,2
144419,4
144423,2
144427,2
144429,4
144433,2
144435,3
144438,2
144443,2
144451,2
144454,5
144459,6
144467,5
144473,3
144480,3
144487,2
144489,5
144496,2
144500,4
144505,4
144513,3
144519,2
144527,3
144531,2
144535,2
144538,2
144540,4
144545,2
144558,2
144560,2
144567,2
144570,9
144581,2
144587,6
144594,2
144596,2
144600,2
144603,6
144611,3
144616,2
144625,2
144628,2
144630,3
144633,5
144638,2
144641,2
144643,2
144645,3
144652,2
144655,2
144658,4
144669,5
144674,1
144676,3
144683,2
144686,6
144692,11
144704,3
144708,2
144711,2
144713,2
144716,3
144722,2
144726,2
144728,2
144730,6
144737,2
144740,4
144747,5
144753,4
144757,2
144764,4
144769,2
144773,3
144776,3
144783,2
144785,2
144790,2
144792,2
144798,1
144803,3
144807,3
144811,2
144813,5
144822,4
144828,3
144831,2
144835,3
144839,2
144841,3
144844,2
144846,2
144853,1
144855,3
144858,4
144862,2
144864,2
144867,8
144875,5
144885,2
144890,4
144903,4
144908,1
144912,1
144915,2
144917,2
144919,2
144923,4
144929,3
144933,2
144935,6
144941,2
144951,5
144956,11
144969,1
144974,2
144980,2
144984,11
144996,2
144998,6
145006,3
145011,3
145015,2
145017,9
145029,2
145033,8
145041,5
145046,3
145049,2
145057,2
145060,5
145068,2
145071,4
145075,4
145079,3
145082,3
145088,3
145092,5
145098,2
145102,2
145104,3
145108,3
145111,6
145117,3
145120,2
145152,4
145157,4
145161,4
145165,5
145170,3
145175,3
145200,2
145204,3
145207,2
145211,2
145213,3
145217,2
145219,3
145222,2
145228,8
145236,2
145239,3
145249,4
145253,2
145255,3
145260,5
145265,12
145278,6
145293,3
145298,2
145302,4
145306,2
145310,3
145313,9
145322,5
145337,3
145344,5
145349,4
145355,5
145372,2
145377,3
145393,2
145396,8
145404,2
145406,7
145414,2
145418,2
145421,2
145446,2
145448,2
145450,3
145453,5
145458,3
145463,3
145467,2
145469,2
145474,3
145477,3
145484,2
145486,3
145490,4
145494,2
145496,2
145507,1
145513,2
145515,2
145519,3
145528,3
145536,2
145544,2
145547,2
145549,2
145551,2
145555,4
145560,2
145563,2
145565,2
145567,4
145571,4
145580,3
145583,6
145592,22
145627,2
145629,2
145632,2
145634,2
145642,2
145645,2
145648,5
145654,5
145663,3
145667,3
145670,2
145672,2
145676,4
145680,3
145687,2
145704,6
145710,3
145713,1
145717,9
145726,2
145730,2
145732,3
145735,2
145737,2
145739,2
145743,2
145745,3
145754,4
145758,7
145767,3
145774,2
145779,3
145784,2
145786,7
145793,1
145795,3
145798,12
145836,2
145839,2
145843,2
145847,3
145852,2
145857,3
145867,1
145887,2
145889,3
145892,5
145897,3
145901,2
145905,3
145912,6
145918,3
145921,5
145926,8
145935,3
145944,6
145951,2
145953,3
145956,2
145958,2
145960,2
145964,2
145967,2
145974,2
145976,3
145981,1
145984,2
145986,3
145989,2
145991,4
145995,3
146001,3
146005,2
146007,4
146012,3
146019,2
146021,3
146024,5
146031,7
146038,4
146043,2
146045,9
146054,1
146056,2
146058,3
146061,2
146072,2
146074,2
146078,4
146082,5
146088,2
146090,4
146095,2
146097,2
146101,4
146106,3
146111,6
146118,3
146123,3
146126,3
146133,5
146138,6
146145,6
146151,2
146158,4
146167,2
146169,9
146178,6
146184,9
146193,3
146196,2
146199,4
146203,6
146210,8
146219,2
146222,2
146225,2
146228,2
146233,8
146241,2
146243,3
146258,2
146261,8
146269,2
146271,4
146276,2
146279,2
146292,2
146295,3
146302,3
146307,4
146324,3
146328,2
146330,2
146332,1
146337,5
146342,4
146346,3
146350,3
146356,2
146358,1
146360,4
146367,4
146375,2
146383,4
146391,4
146395,3
146400,2
146405,2
146407,11
146418,2
146420,6
146427,3
146430,2
146433,2
146437,2
146439,3
146449,2
146451,3
146459,4
146463,1
146471,2
146474,2
146481,3
146489,3
146492,2
146496,2
146500,2
146502,1
146504,7
146517,2
146521,2
146523,2
146528,2
146531,1
146545,2
146549,2
146553,2
146556,5
146562,5
146567,3
146571,1
146574,4
146578,1
146580,2
146583,3
146586,7
146604,2
146607,2
146610,2
146612,2
146621,4
146626,4
146630,3
146634,7
146648,2
146653,2
146657,2
146659,3
146662,2
146664,3
146680,4
146685,2
146687,3
146692,4
146696,3
146700,1
146706,2
146708,4
146723,6
146729,7
146738,1
146744,2
146759,1
146767,3
146777,2
146779,2
146781,2
146787,2
146789,4
146793,4
146799,5
146805,3
146809,5
146814,2
146816,9
146825,3
146830,3
146833,2
146835,3
146840,14
146854,3
146859,6
146868,2
146871,4
147299,5
147308,1
147311,2
147317,3
147325,6
147331,7
147338,3
147346,2
147350,3
147355,3
147358,5
147365,3
147368,2
147370,2
147373,5
147378,1
147380,2
147385,12
147405,4
147409,2
147414,4
147419,5
147431,3
147435,2
147440,13
147453,3
147460,2
147467,1
147470,3
147474,3
147479,2
147481,1
147495,2
147500,3
147539,3
147546,2
147551,6
147557,2
147566,3
147573,6
147580,4
147590,2
147593,5
147600,7
147608,6
147614,2
147617,3
147621,2
147629,3
147636,8
147645,4
147653,13
147667,2
147669,11
147680,8
147688,13
147701,4
147705,2
147707,2
147711,3
147724,3
147729,3
147734,4
147740,4
147744,3
147749,2
147753,3
147756,2
147758,5
147763,2
147765,3
147768,3
147778,17
147814,3
147817,2
147820,2
147826,2
147834,2
147837,2
147839,3
147846,2
147848,5
147853,2
147855,4
147862,2
147866,3
147871,1
147877,3
147881,4
147887,2
147900,8
147912,10
147922,2
147926,1
147933,2
147938,3
147943,2
147945,2
147949,1
147952,3
147956,3
147959,8
147967,6
147973,3
147979,4
147987,2
147995,4
148001,5
148012,2
148015,2
148026,2
148028,4
148032,5
148038,4
148042,2
148045,3
148048,2
148050,2
148055,6
148061,2
148064,2
148067,8
148075,4
148079,2
148083,3
148086,3
148089,1
148097,2
148099,4
148104,3
148107,5
148115,4
148120,3
148123,4
148128,4
148132,3
148135,4
148140,2
148144,7
148151,2
148153,2
148155,3
148160,2
148162,3
148165,4
148169,3
148175,6
148183,4
148187,2
148189,2
148192,2
148195,3
148198,3
148205,4
148209,2
148211,2
148215,3
148220,2
148223,2
148232,2
148234,2
148236,2
148243,2
148245,3
148248,3
148252,2
148254,2
148260,3
148264,2
148266,2
148279,2
148281,2
148284,5
148289,4
148299,5
148304,2
148306,2
148313,2
148322,3
148325,2
148329,4
148336,3
148340,3
148345,3
148351,2
148353,2
148355,6
148361,4
148365,2
148367,3
148370,3
148373,2
148378,4
148384,3
148387,6
148393,3
148396,11
148407,2
148409,1
148411,3
148414,2
148416,3
148419,6
148425,2
148428,4
148435,1
148437,6
148443,4
148447,4
148451,6
148460,3
148463,2
148466,7
148473,3
148477,2
148480,2
148484,3
148488,2
148491,11
148502,2
148507,6
148514,2
148519,5
148524,2
148526,3
148531,1
148534,2
148536,1
148539,2
148543,15
148558,3
148561,2
148565,2
148567,3
148571,2
148574,3
148578,5
148583,2
148585,8
148595,2
148597,2
148601,4
148605,5
148613,2
148615,3
148632,2
148635,3
148639,2
148642,2
148645,1
148647,3
148657,2
148662,2
148664,5
148669,4
148677,1
148682,2
148684,3
148688,10
148698,4
148703,2
148709,2
148711,3
148714,2
148717,2
148719,3
148726,1
148729,1
148740,3
148743,2
148747,2
148751,3
148755,6
148761,2
148763,2
148765,5
148770,4
148776,10
148786,2
148788,2
148790,3
148793,5
148798,3
148801,4
148805,10
148817,3
148820,2
148822,4
148830,2
148843,3
148848,2
148850,2
148852,2
148854,6
148861,5
148866,2
148869,3
148874,4
148880,5
148885,3
148889,2
148895,7
148902,2
148904,2
148907,2
148918,2
148921,2
148923,2
148925,2
148931,2
148933,2
148944,4
148948,3
148951,3
148955,6
148963,2
148965,2
148967,4
148971,4
148980,2
148984,5
148990,1
148993,3
148997,2
149010,2
149012,3
149016,2
149019,2
149025,2
149027,4
149031,3
149034,2
149036,5
149042,3
149047,2
149051,2
149055,2
149057,2
149061,2
149064,2
149067,3
149072,2
149077,2
149083,2
149090,2
149097,2
149109,3
149112,3
149115,3
149119,3
149130,4
149134,4
149138,1
149140,2
149143,2
149147,4
149152,2
149154,2
149157,3
149160,3
149164,2
149166,5
149171,3
149174,4
149180,2
149182,2
149185,2
149187,3
149191,2
149198,9
149208,3
149211,2
149213,2
149215,3
149219,2
149223,2
149226,1
149232,2
149245,2
149247,3
149256,3
149261,2
149266,1
149268,8
149276,2
149278,2
149281,3
149303,7
149319,4
149323,3
149326,2
149328,1
149337,4
149349,3
149359,3
149362,2
149367,2
149369,3
149373,2
149375,3
149378,5
149385,1
149387,2
149389,2
149398,2
149401,1
149403,1
149406,6
149412,3
149419,3
149422,4
149434,1
149436,1
149438,1
149440,3
149443,3
149446,2
149448,2
149452,3
149455,2
149457,1
149460,2
149463,2
149465,1
149519,1
149524,2
149526,4
149532,3
149538,2
149541,1
149544,1
149546,2
149551,3
149554,3
149559,2
149561,3
149564,3
149571,2
149587,6
149596,2
149600,2
149615,1
149630,1
149677,3
149703,1
149710,2
149719,2
149723,1
149794,3
149798,3
149807,1
149819,1
149874,2
149890,2
149897,1
149933,3
149952,3
149990,1
150001,1
150009,2
150017,2
150035,2
150063,1
150066,2
150086,2
150108,3
150118,1
150122,2
150138,3
150145,1
150147,2
150149,3
150152,2
150154,2
150156,2
150160,2
150164,7
150172,7
150179,2
150183,2
150185,3
150192,2
150194,3
150264,1
150290,4
150294,2
150297,2
150299,2
150301,2
150304,2
150306,2
150308,6
150315,2
150321,2
150323,2
150325,2
150332,2
150335,2
150337,3
150340,2
150345,2
150348,2
150350,2
150352,2
150355,2
150358,2
150368,3
150371,3
150375,2
150377,2
150379,3
150384,4
150388,2
150391,4
150397,2
150399,5
150410,2
150413,3
150417,2
150419,2
150421,2
150423,2
150427,3
150436,3
150439,2
150443,2
150448,2
150453,3
150456,2
150458,2
150460,2
150469,2
150472,3
150482,2
150484,2
150488,2
150492,3
150495,2
150508,2
150517,3
150522,2
150544,2
150557,2
150560,3
150565,2
150583,3
150587,3
150591,2
150593,2
150596,2
150606,2
150614,2
150618,3
150622,2
150629,3
150632,2
150634,2
150636,2
150644,3
150649,2
150655,3
150658,2
150660,2
150667,2
150671,4
150675,2
150677,2
150683,2
150686,2
150691,3
150696,2
150700,2
150707,2
150712,3
150717,2
150719,2
150729,3
150737,3
150740,4
150748,2
150750,2
150754,3
150757,6
150763,2
150765,3
150774,2
150780,2
150782,3
150793,2
150798,7
150808,1
150817,3
150820,3
150828,4
150835,2
150846,2
150848,2
150855,2
150862,4
150866,2
150871,2
150873,3
150879,2
150883,4
150888,2
150892,3
150897,2
150900,2
150903,2
150905,3
150908,2
150910,2
150913,2
150919,2
150927,3
150931,2
150933,3
150936,6
150942,2
150946,3
150956,2
150958,2
150962,2
150968,2
150988,2
150990,2
150993,2
151001,2
151007,2
151010,2
151013,2
151015,7
151034,2
151040,2
151046,3
151049,2
151051,2
151057,1
151062,4
151067,2
151073,2
151075,3
151079,2
151082,2
151084,5
151091,4
151096,2
151098,2
151100,4
151107,2
151109,3
151116,3
151121,4
151137,2
151142,2
151144,2
151148,4
151154,5
151159,3
151166,3
151171,2
151173,2
151175,2
151182,5
151187,3
151238,3
151278,3
151285,5
151290,4
151295,2
151297,3
151300,2
151303,2
151305,2
151315,2
151319,3
151322,3
151327,3
151330,6
151340,2
151342,3
151345,3
151349,2
151351,16
151368,5
151375,4
151430,2
151433,4
151437,2
151442,3
151451,2
151477,2
151479,2
151534,2
151536,3
151548,3
151555,13
151609,3
151612,6
151618,3
151621,5
151626,4
151630,2
151684,7
151691,3
151695,3
151698,2
151700,2
151736,4
151756,2
151764,5
151769,2
151771,3
151774,11
151785,2
151788,3
151793,2
151795,2
151797,2
151807,5
151812,9
151821,3
151824,2
151893,2
151898,3
151901,2
151903,6
151909,2
151911,4
151917,5
151923,4
151932,3
151937,2
151939,1
151942,2
151945,3
151956,2
151958,18
151985,4
151989,2
151991,15
152007,2
152013,14
152027,2
152033,31
152081,6
152108,2
152113,4
152120,7
152132,3
152137,3
152167,4
152172,3
152208,2
152215,6
152221,3
152273,4
152279,1
152285,16
152301,3
152307,6
152313,4
152317,12
152341,4
152345,2
152351,4
152355,7
152400,1
152402,2
152409,2
152460,2
152472,3
152482,7
152489,2
152491,2
152493,5
152498,62
152560,3
152563,21
152584,3
152587,3
152616,2
152618,2
152622,3
152630,2
152639,2
152641,2
152643,4
152654,5
152661,4
152665,2
152671,2
152673,2
152675,2
152677,2
152679,9
152688,3
152762,2
152766,2
152771,2
152824,2
152850,2
152852,2
152854,2
152858,2
152882,2
152884,2
152886,3
152890,3
152893,1
152898,3
152905,4
152934,2
152942,2
152944,2
152949,3
152953,2
152955,2
152958,3
152989,3
152992,2
152996,3
153001,2
153008,4
153049,3
153052,2
153062,3
153065,4
153069,2
153147,6
153158,6
153164,14
153180,3
153184,2
153197,2
153207,2
153210,2
153216,5
153224,9
153233,19
153253,2
153255,3
153258,1
153260,1
153264,10
153281,1
153283,2
153285,2
153287,3
153295,4
153301,2
153303,3
153568,2
153570,1
153572,3
153623,3
153626,4
153642,6
153653,22
153681,2
153689,1
153691,2
153694,2
153699,3
153733,11
153744,3
153747,3
153756,1
153806,2
153991,2
153993,4
153997,5
154017,2
154020,7
154088,4
154134,2
154182,2
154184,2
154186,2
154201,8
154231,2
154234,6
154254,4
154258,3
154261,7
154269,5
154274,2
154278,3
154281,2
154284,7
154312,4
154317,9
154368,6
154395,6
154408,1
154465,4
154492,4
154497,14
154511,2
154513,9
154531,4
154536,5
154544,2
154576,2
154605,2
154612,2
154614,2
154619,2
154622,3
154632,2
154635,2
154637,3
154644,5
154649,3
154665,2
154671,2
154681,3
154703,3
154725,2
154739,8
154747,4
154771,5
154789,2
154792,1
154818,3
154824,7
154836,7
154853,2
154861,2
154863,2
154865,2
154872,2
154879,3
154882,2
154884,2
154898,2
154900,9
154911,7
154918,3
154931,3
154948,6
155024,2
155031,2
155034,2
155046,2
155054,2
155062,7
155069,16
155085,2
155089,3
155092,3
155103,11
155114,2
155132,3
155135,2
155141,4
155145,3
155163,7
155171,4
155176,6
155185,3
155192,3
155195,5
155203,8
155213,9
155226,6
155233,8
155241,2
155243,1
155250,3
155254,2
155259,2
155262,4
155274,6
155282,3
155289,2
155297,4
155304,1
155321,1
155323,1
155326,1
155328,2
155336,1
155339,3
155378,3
155382,4
155419,3
155425,3
155429,2
155431,2
155433,4
155437,14
155451,3
155503,2
155509,2
155522,1
155531,2
155539,1
155564,1
155587,1
155603,3
155607,2
155611,7
155618,2
155620,1
155643,3
155677,1
155692,3
155709,1
155720,2
155760,2
155762,1
155772,1
155776,1
155778,1
155784,2
155798,2
155820,2
155911,4
155925,1
155977,2
156009,1
156031,2
156043,1
156127,6
156148,2
156187,2
156201,3
156214,3
156217,5
156222,2
156225,2
156227,4
156233,3
156236,2
156262,1
156270,8
156280,7
156287,6
156296,8
156313,2
156316,3
156319,3
156322,7
156329,2
156332,18
156351,5
156380,2
156406,2
156447,3
156450,3
156453,2
156455,2
156520,1
156848,2
157111,4
157116,5
157136,3
157140,6
157148,2
157154,2
157157,1
157159,2
157161,3
157164,4
157181,1
157225,1
157268,1
157272,2
157305,2
157307,9
157317,2
157327,2
157346,2
157357,2
157360,2
157362,1
157378,3
157421,2
157494,1
157503,2
157521,3
157550,2
157554,1
157597,2
157629,4
157646,1
157651,2
158000,1
158090,6
158100,2
158118,2
158140,1
158144,3
158158,4
158162,1
158197,1
158204,5
158209,3
158230,2
158248,3
158261,4
158316,2
158318,3
158333,2
158344,2
158367,3
158452,2
158460,4
158478,2
158571,3
158583,2
158699,1
158707,3
158714,1
158732,5
158740,2
158792,2
158794,2
158954,16
159031,4
159041,3
159046,3
159050,2
159053,2
159061,2
159063,2
159067,2
159069,2
159071,2
159077,3
159082,3
159087,3
159094,3
159099,3
159106,4
159117,2
159120,2
159122,3
159125,2
159127,2
159134,2
159146,2
159148,1
159150,2
159160,3
159164,4
159168,3
159177,3
159180,3
159183,6
159189,2
159191,5
159202,1
159207,3
159215,3
159220,7
159227,1
159232,3
159237,3
159243,3
159251,2
159253,4
159262,3
159265,1
159279,1
159284,2
159291,2
159294,2
159297,2
159299,3
159303,4
159307,3
159312,2
159314,4
159318,2
159329,3
159341,2
159345,3
159348,3
159352,2
159354,1
159356,3
159360,2
159362,2
159365,4
159371,2
159375,3
159392,2
159397,2
159402,3
159414,5
159419,4
159424,1
159426,4
159430,2
159434,2
159436,3
159439,3
159443,1
159445,1
159448,3
159456,2
159458,3
159465,2
159470,2
159475,2
159477,2
159485,1
159488,1
159495,3
159501,2
159503,2
159505,3
159515,6
159522,3
159527,3
159538,3
159541,4
159546,2
159556,3
159568,2
159570,2
159573,3
159576,2
159588,5
159596,3
159599,2
159607,2
159610,1
159612,1
159615,1
159617,1
159621,3
159628,2
159630,3
159633,1
159639,2
159648,2
159650,2
159652,4
159657,2
159662,2
159668,3
159672,2
159679,1
159682,1
159685,3
159688,3
159693,2
159696,2
159699,4
159705,4
159709,2
159712,2
159716,2
159719,3
159722,3
159738,3
159743,2
159745,3
159749,3
159753,1
159760,3
159763,2
159765,2
159768,3
159772,4
159779,1
159787,4
159794,2
159798,2
159800,2
159802,1
159808,3
159811,1
159818,4
159828,1
159830,1
159835,2
159840,2
159848,3
159852,3
159857,5
159869,2
159871,3
159874,2
159877,2
159879,3
159882,2
159884,2
159887,3
159892,2
159895,3
159900,2
159905,1
159909,2
159911,2
159913,3
159921,2
159923,2
159927,2
159930,2
159933,2
159940,3
159945,1
159948,5
159953,3
159956,3
159959,4
159964,2
159966,2
159968,1
159971,2
159973,1
159977,1
159987,3
159991,3
159995,2
159997,2
160000,4
160015,2
160022,4
160027,2
160030,2
160033,6
160039,2
160050,2
160054,1
160060,3
160081,2
160090,5
160100,2
160108,2
160113,3
160125,2
160129,1
160135,2
160138,2
160143,2
160148,2
160151,3
160154,2
160157,3
160165,2
160168,3
160173,1
160178,2
160183,1
160190,2
160194,1
160199,3
160202,4
160206,1
160217,2
160221,3
160225,2
160236,3
160241,3
160259,2
160263,2
160265,4
160269,2
160271,2
160277,2
160283,5
160289,2
160296,4
160311,2
160315,2
160317,3
160321,2
160326,2
160335,6
160362,2
160364,3
160369,2
160371,2
160380,2
160385,3
160389,2
160393,2
160401,2
160404,4
160409,3
160415,5
160428,2
160433,2
160436,2
160444,2
160455,1
160457,4
160461,2
160467,3
160472,1
160475,2
160478,2
160482,2
160491,1
160493,3
160502,2
160509,1
160520,2
160522,1
160524,2
160526,2
160530,5
160537,2
160541,3
160546,1
160551,2
160554,3
160557,2
160564,2
160575,2
160577,2
160584,2
160590,2
160592,1
160595,2
160598,6
160606,2
160608,2
160610,2
160620,2
160629,2
160637,2
160642,2
160646,1
160652,2
160655,2
160657,2
160660,3
160669,2
160679,2
160684,2
160692,1
160695,2
160697,2
160699,2
160701,2
160704,2
160708,2
160711,2
160713,2
160715,2
160720,2
160723,1
160726,2
160731,3
160736,2
160745,3
160750,2
160758,2
160765,2
160773,1
160776,1
160778,2
160780,1
160787,2
160792,2
160796,3
160804,2
160809,2
160817,2
160821,2
160824,3
160833,3
160837,4
160845,3
160850,3
160869,2
160871,2
160874,2
160876,2
160879,2
160883,4
160896,4
160905,1
160908,2
160928,1
160931,3
160935,3
160939,2
160944,1
160946,2
160950,2
160964,4
160968,2
160975,3
160985,2
160988,3
160992,1
160998,6
161007,2
161012,2
161017,2
161025,1
161036,2
161040,3
161044,3
161047,3
161053,2
161055,2
161057,1
161061,2
161063,2
161066,3
161069,3
161074,2
161076,3
161079,1
161087,4
161092,2
161098,3
161102,2
161105,3
161117,3
161129,3
161132,2
161137,3
161142,2
161146,1
161148,2
161150,1
161152,2
161165,1
161167,1
161175,2
161177,3
161188,2
161190,3
161193,1
161197,2
161204,2
161210,1
161212,2
161216,1
161219,3
161222,1
161225,2
161229,2
161239,2
161241,1
161245,3
161251,1
161259,2
161265,2
161271,2
161275,2
161278,1
161281,3
161287,3
161301,3
161308,4
161312,2
161319,2
161322,2
161329,2
161335,2
161339,1
161342,2
161345,2
161352,2
161354,2
161359,2
161362,2
161366,1
161380,3
161383,2
161387,2
161391,2
161394,2
161397,2
161399,1
161403,2
161415,1
161417,2
161419,2
161427,2
161429,2
161440,1
161444,4
161448,2
161450,2
161452,2
161458,2
161478,4
161486,1
161491,2
161493,2
161517,1
161530,2
161532,1
161536,3
161550,2
161552,1
161555,1
161557,2
161559,2
161563,2
161565,4
161575,2
161578,2
161580,4
161590,2
161592,2
161599,2
161602,1
161605,2
161611,4
161625,2
161629,2
161631,1
161635,2
161638,3
161648,2
161654,2
161659,2
161663,2
161666,4
161670,3
161674,2
161677,1
161697,3
161709,4
161733,2
161736,2
161741,1
161743,3
161750,1
161754,2
161760,2
161762,1
161766,2
161770,2
161774,2
161776,2
161793,2
161801,3
161807,2
161811,3
161815,4
161825,2
161837,1
161839,1
161841,2
161849,2
161852,1
161873,2
161880,2
161882,4
161891,4
161899,2
161902,2
161904,3
161911,1
161913,5
161918,2
161923,2
161925,2
161928,2
161931,2
161937,2
161942,5
161947,2
161952,3
161956,2
161963,3
161966,4
161971,1
161974,1
161976,1
161980,2
161985,2
161990,2
161995,2
161998,3
162005,2
162016,2
162021,2
162023,1
162025,2
162027,2
162030,2
162032,5
162038,2
162053,2
162058,4
162070,4
162080,2
162086,2
162088,3
162093,2
162096,6
162105,2
162109,2
162113,2
162121,1
162125,2
162127,2
162131,2
162134,2
162138,2
162140,3
162143,1
162145,3
162152,3
162156,2
162160,1
162165,2
162169,2
162173,2
162181,2
162183,1
162188,6
162196,3
162201,2
162204,1
162206,2
162209,1
162214,1
162218,1
162220,2
162231,4
162236,2
162245,3
162252,4
162264,1
162267,2
162270,1
162273,5
162278,1
162282,2
162288,2
162290,2
162296,2
162303,2
162312,5
162326,1
162331,1
162342,3
162347,3
162350,3
162353,2
162357,2
162360,2
162362,2
162365,2
162371,3
162376,1
162381,2
162384,2
162391,3
162395,2
162401,2
162407,2
162409,2
162420,3
162423,2
162438,3
162446,2
162449,2
162451,2
162453,1
162463,2
162466,2
162468,2
162470,1
162479,2
162482,1
162485,2
162489,3
162510,2
162518,2
162521,2
162537,2
162546,3
162549,3
162553,3
162570,2
162572,2
162577,5
162597,4
162601,2
162603,2
162606,2
162621,1
162625,2
162628,2
162630,3
162637,2
162641,3
162649,2
162651,2
162660,3
162670,3
162673,4
162677,2
162679,2
162686,1
162698,3
162709,8
162719,2
162730,2
162739,2
162758,2
162768,2
162770,2
162774,2
162781,1
162785,1
162789,1
162793,2
162795,1
162797,2
162804,2
162806,2
162810,3
162813,2
162821,3
162833,1
162835,1
162840,2
162845,5
162856,2
162861,2
162863,2
162865,5
162879,2
162887,1
162893,2
162900,2
162903,3
162907,3
162912,2
162915,3
162924,2
162927,2
162929,1
162953,1
162958,2
162962,2
162964,2
162967,2
162975,2
162977,2
162988,2
162990,2
162992,1
163005,3
163009,2
163011,2
163022,1
163028,5
163038,3
163043,2
163046,2
163051,4
163055,2
163066,2
163077,3
163084,2
163087,2
163096,1
163098,2
163100,1
163102,2
163108,4
163113,2
163117,1
163123,3
163128,2
163130,2
163136,2
163138,1
163140,2
163145,1
163150,4
163155,2
163163,2
163166,3
163176,1
163181,2
163183,2
163185,5
163191,1
163193,7
163200,3
163213,2
163215,2
163217,1
163234,2
163247,2
163251,2
163253,1
163268,2
163283,1
163293,2
163300,2
163306,1
163312,2
163316,1
163331,2
163342,2
163345,2
163348,2
163356,2
163358,4
163362,4
163368,3
163372,1
163377,3
163380,2
163383,1
163386,3
163393,5
163400,2
163409,2
163413,2
163416,2
163419,2
163423,2
163427,2
163429,4
163434,3
163442,2
163444,2
163446,2
163448,2
163453,1
163460,3
163463,2
163465,1
163467,5
163475,2
163477,3
163481,2
163483,3
163491,1
163518,1
163527,2
163530,2
163532,2
163542,1
163550,2
163563,1
163568,3
163573,2
163577,2
163587,2
163597,2
163605,2
163610,2
163614,3
163624,3
163628,1
163632,2
163641,2
163645,2
163651,2
163656,3
163663,1
163665,1
163670,2
163673,2
163679,1
163685,2
163687,2
163691,1
163703,2
163709,1
163711,3
163720,2
163723,2
163727,4
163731,2
163734,2
163736,1
163740,2
163744,3
163748,1
163752,4
163760,2
163767,2
163769,2
163774,4
163780,2
163782,1
163800,1
163802,2
163808,1
163810,3
163817,2
163823,2
163825,2
163831,1
163836,2
163838,3
163842,2
163844,2
163848,3
163854,2
163859,1
163862,2
163871,3
163874,2
163882,1
163889,1
163898,1
163900,2
163902,1
163905,2
163907,2
163913,3
163917,2
163920,2
163935,1
163943,2
163953,2
163958,4
163962,1
163972,2
163977,3
163980,2
163982,2
163985,1
163988,1
164007,1
164013,1
164017,3
164022,3
164025,2
164027,3
164032,1
164041,1
164048,2
164051,2
164054,2
164057,2
164059,7
164067,8
164078,1
164087,1
164095,2
164099,2
164101,2
164103,2
164108,2
164111,3
164124,2
164130,2
164133,2
164138,4
164142,2
164148,1
164153,2
164160,3
164164,3
164179,1
164181,3
164184,3
164194,2
164202,3
164212,4
164219,1
164229,3
164233,1
164237,1
164250,1
164259,1
164263,3
164268,2
164272,1
164275,2
164277,2
164288,2
164293,1
164305,2
164308,3
164328,2
164336,2
164340,2
164362,3
164370,3
164373,1
164375,2
164386,1
164391,3
164394,2
164397,2
164402,4
164406,4
164410,2
164414,1
164420,2
164422,2
164424,4
164428,2
164432,2
164447,4
164454,2
164459,2
164462,1
164465,4
164469,1
164474,4
164479,2
164484,2
164487,3
164493,2
164498,2
164505,2
164507,2
164510,2
164514,3
164519,2
164521,5
164529,1
164544,2
164547,4
164551,1
164567,4
164580,1
164588,2
164593,2
164595,4
164604,1
164606,1
164611,2
164623,2
164626,3
164633,4
164639,1
164641,3
164651,2
164653,3
164660,2
164664,2
164668,2
164688,1
164692,2
164697,1
164703,2
164709,3
164715,2
164717,1
164720,4
164725,3
164730,2
164737,1
164743,3
164758,2
164761,3
164765,2
164769,2
164781,1
164787,2
164791,2
164803,1
164810,1
164819,2
164822,2
164839,2
164843,4
164857,2
164866,1
164869,3
164872,3
164876,4
164880,2
164895,4
164902,4
164911,2
164913,3
164948,3
164951,2
164953,2
164964,4
164973,1
164976,2
164989,1
164994,3
165006,4
165011,3
165028,3
165036,1
165043,3
165046,5
165051,2
165058,4
165068,2
165070,4
165079,3
165082,2
165088,2
165091,1
165096,2
165103,2
165115,2
165137,2
165143,2
165147,2
165151,3
165156,2
165164,3
165168,1
165176,2
165184,3
165187,2
165191,2
165195,3
165204,2
165207,2
165215,1
165219,3
165226,3
165231,1
165242,3
165249,2
165256,3
165261,2
165273,2
165281,2
165284,2
165292,2
165295,3
165298,2
165301,2
165305,2
165307,3
165310,5
165317,1
165320,2
165324,2
165328,5
165335,3
165339,2
165341,2
165345,1
165349,2
165353,1
165356,3
165359,2
165362,1
165364,3
165369,2
165371,3
165377,1
165381,2
165389,2
165398,2
165407,2
165409,1
165424,3
165433,3
165436,1
165458,1
165469,2
165472,2
165482,2
165497,2
165499,3
165504,1
165513,1
165522,2
165528,3
165533,1
165537,2
165540,3
165543,2
165546,2
165553,1
165556,4
165571,2
165581,3
165584,2
165594,4
165603,2
165608,2
165610,2
165616,2
165624,3
165628,3
165632,2
165634,1
165640,1
165648,2
165663,1
165667,2
165685,3
165689,2
165708,1
165713,2
165723,3
165729,2
165731,2
165734,3
165740,2
165743,2
165745,3
165748,2
165751,4
165755,4
165759,2
165761,1
165763,1
165769,3
165772,3
165777,2
165788,2
165791,2
165794,2
165796,2
165803,1
165814,2
165821,2
165827,3
165838,2
165845,2
165851,2
165854,3
165862,2
165880,1
165883,2
165905,1
165909,2
165913,2
165915,1
165926,2
165929,2
165935,3
165938,1
165942,2
165944,3
165947,2
165950,1
165954,4
165962,1
165964,3
165968,3
165983,1
165986,1
165992,2
166001,2
166006,1
166010,3
166013,2
166015,2
166020,2
166023,2
166026,2
166028,3
166031,2
166033,6
166041,1
166046,4
166054,2
166059,3
166072,3
166076,1
166078,2
166081,1
166086,2
166102,2
166104,2
166117,3
166123,6
166137,2
166139,1
166151,1
166159,1
166162,1
166171,2
166175,3
166183,4
166198,2
166200,2
166203,3
166206,3
166213,2
166220,2
166222,2
166226,1
166229,1
166234,2
166242,2
166245,2
166252,3
166258,4
166262,2
166272,2
166274,2
166279,3
166282,2
166284,3
166287,1
166292,2
166297,1
166304,3
166311,2
166315,2
166324,1
166335,2
166338,1
166342,3
166353,2
166362,3
166365,2
166370,1
166387,2
166390,4
166407,3
166410,2
166414,1
166421,3
166434,2
166438,2
166445,3
166449,1
166453,3
166458,3
166463,4
166469,3
166473,2
166475,2
166500,2
166505,2
166509,2
166518,1
166521,4
166526,6
166532,4
166537,1
166548,3
166555,1
166557,4
166565,2
166567,3
166570,2
166579,3
166587,2
166590,2
166592,1
166601,3
166608,3
166622,3
166626,3
166630,1
166638,3
166654,2
166662,2
166666,2
166672,8
166680,1
166689,1
166696,2
166704,2
166710,1
166716,1
166718,4
166729,4
166733,2
166735,2
166745,2
166750,2
166759,1
166764,3
166767,2
166774,3
166779,2
166782,2
166787,2
166791,2
166793,2
166805,3
166814,1
166822,4
166828,2
166836,2
166839,1
166850,1
166856,2
166862,2
166879,2
166881,1
166886,3
166902,2
166909,2
166914,2
166917,3
166922,2
166928,4
166939,3
166950,3
166954,3
166964,2
166970,2
166974,3
166981,2
166983,2
166989,3
166996,2
166998,3
167004,2
167006,2
167008,4
167018,3
167031,2
167035,2
167038,1
167040,1
167045,3
167053,2
167068,2
167082,2
167086,2
167102,2
167107,3
167112,1
167122,4
167127,2
167132,2
167135,3
167142,1
167144,1
167148,2
167155,1
167158,2
167173,3
167180,1
167189,3
167195,2
167206,3
167209,2
167214,2
167218,2
167220,2
167222,4
167239,1
167244,1
167250,1
167252,2
167259,2
167271,2
167279,2
167291,2
167302,4
167306,3
167309,2
167312,4
167322,2
167324,3
167328,2
167330,1
167334,2
167337,2
167343,5
167355,3
167358,3
167361,2
167368,1
167375,2
167382,4
167387,1
167395,1
167399,1
167402,1
167409,1
167413,2
167422,2
167427,3
167437,2
167442,2
167452,3
167457,2
167467,2
167470,2
167473,3
167480,6
167486,2
167488,2
167490,3
167497,3
167501,5
167512,3
167516,2
167530,2
167535,1
167542,3
167545,3
167548,3
167551,3
167554,3
167557,1
167567,2
167573,2
167579,1
167581,2
167591,1
167596,2
167599,2
167605,1
167611,1
167619,3
167627,1
167629,3
167632,2
167634,1
167638,2
167648,2
167652,2
167654,3
167664,1
167666,2
167673,7
167685,2
167687,1
167692,3
167703,2
167705,2
167718,2
167722,6
167733,2
167737,1
167746,2
167752,2
167756,2
167758,2
167760,2
167771,2
167776,1
167778,4
167790,2
167792,4
167801,2
167809,1
167818,2
167822,1
167831,1
167835,2
167840,1
167844,2
167846,3
167850,3
167853,1
167856,2
167859,3
167864,3
167870,2
167887,2
167893,2
167906,3
167909,1
167912,3
167924,2
167936,2
167939,1
167941,3
167946,4
167955,3
167961,2
167968,2
167970,3
167973,2
167984,2
167986,2
167989,3
168006,2
168011,2
168025,2
168029,4
168040,1
168047,2
168056,2
168063,2
168065,1
168069,3
168077,4
168085,4
168089,1
168091,2
168096,2
168101,2
168103,1
168110,3
168121,3
168125,2
168129,3
168132,2
168136,3
168146,2
168150,1
168152,2
168159,2
168162,1
168165,2
168169,1
168176,2
168189,4
168193,2
168200,2
168204,1
168210,2
168213,2
168217,2
168220,1
168222,2
168228,2
168232,5
168241,2
168246,2
168256,2
168265,3
168272,4
168276,3
168291,3
168295,2
168297,2
168302,1
168305,1
168311,3
168314,5
168328,4
168336,2
168342,2
168352,4
168367,2
168369,2
168372,2
168375,2
168377,2
168381,1
168383,2
168385,2
168388,3
168392,5
168397,2
168408,4
168412,2
168414,4
168421,2
168439,4
168446,3
168454,1
168456,1
168459,4
168464,4
168472,3
168475,2
168484,2
168501,3
168504,2
168507,3
168521,2
168525,1
168530,4
168536,1
168540,3
168543,3
168557,4
168571,3
168581,2
168584,2
168595,2
168602,2
168619,2
168626,1
168629,2
168632,3
168637,1
168640,3
168646,2
168654,1
168665,2
168672,4
168679,1
168681,3
168693,1
168699,2
168702,2
168706,3
168722,1
168732,1
168739,2
168747,2
168757,2
168759,1
168768,3
168772,1
168777,1
168783,1
168785,3
168790,2
168792,2
168802,2
168815,1
168821,2
168824,2
168829,2
168834,2
168843,3
168851,2
168860,3
168863,1
168867,2
168876,2
168878,2
168882,3
168893,1
168908,4
168927,1
168933,2
168935,1
168939,1
168941,2
168946,3
168950,4
168956,2
168960,3
168966,3
168976,2
168981,2
168984,1
168987,2
168989,2
168991,2
168995,2
168998,4
169007,2
169032,3
169035,4
169045,2
169048,2
169067,3
169070,3
169073,3
169080,5
169090,1
169092,3
169099,2
169112,2
169115,1
169117,4
169121,2
169123,2
169132,2
169138,1
169145,2
169150,1
169152,2
169159,2
169162,1
169165,2
169174,2
169177,2
169180,2
169186,2
169190,2
169194,2
169209,2
169214,2
169219,2
169221,3
169227,3
169236,3
169240,2
169248,3
169251,3
169260,1
169265,3
169276,3
169279,2
169309,3
169313,2
169319,1
169323,2
169328,1
169335,2
169337,2
169339,4
169352,2
169354,1
169370,3
169374,2
169377,4
169388,3
169397,3
169412,3
169422,2
169433,3
169440,3
169444,3
169459,2
169465,2
169467,1
169469,2
169476,2
169488,5
169498,2
169504,2
169508,2
169524,2
169534,2
169538,2
169542,2
169544,2
169548,5
169562,3
169570,2
169572,2
169579,1
169585,1
169587,2
169590,1
169596,2
169601,2
169603,2
169607,2
169615,3
169625,1
169627,3
169634,1
169641,2
169646,1
169659,2
169661,1
169666,2
169673,2
169688,2
169693,1
169695,2
169699,2
169712,2
169714,5
169719,3
169725,2
169727,1
169730,5
169740,1
169745,2
169747,4
169757,4
169762,3
169765,2
169767,4
169773,2
169778,3
169784,2
169792,2
169796,2
169798,3
169816,1
169818,1
169823,2
169829,2
169842,3
169847,7
169857,1
169859,2
169867,5
169878,3
169884,3
169891,2
169901,1
169908,2
169918,3
169925,2
169927,7
169938,2
169949,2
169952,3
169958,2
169969,2
169973,3
169983,1
169985,1
169987,2
169991,3
170005,2
170012,3
170026,2
170032,2
170039,2
170041,2
170047,2
170049,2
170060,2
170062,4
170076,2
170078,3
170091,2
170093,3
170097,2
170103,4
170109,2
170117,2
170120,2
170127,2
170129,3
170134,3
170137,2
170144,2
170150,1
170153,1
170167,2
170170,2
170178,1
170181,2
170189,1
170196,2
170198,2
170202,3
170206,3
170212,2
170214,2
170219,2
170223,6
170230,2
170237,2
170240,2
170243,3
170255,3
170261,2
170265,2
170269,2
170274,2
170279,3
170289,2
170295,3
170298,2
170307,3
170326,4
170358,2
170363,2
170372,2
170381,1
170386,3
170389,3
170392,6
170414,3
170418,1
170424,2
170429,2
170442,4
170448,2
170453,3
170469,3
170478,1
170484,3
170492,2
170496,3
170506,2
170509,2
170511,1
170514,2
170516,2
170522,2
170529,3
170532,1
170534,2
170546,1
170565,2
170571,1
170575,1
170583,2
170591,2
170595,3
170600,2
170603,1
170607,1
170613,2
170615,2
170625,3
170629,2
170631,2
170639,2
170641,2
170643,2
170646,2
170650,1
170652,2
170654,2
170660,2
170662,1
170666,2
170669,2
170673,1
170683,1
170685,2
170688,4
170699,2
170701,2
170703,1
170717,1
170720,2
170723,2
170725,3
170735,2
170746,3
170758,2
170760,3
170764,6
170770,1
170773,2
170777,1
170779,4
170785,2
170793,2
170796,2
170810,2
170814,2
170825,2
170834,3
170838,3
170841,1
170846,2
170855,1
170859,3
170871,1
170873,3
170885,1
170890,2
170903,2
170907,2
170909,3
170912,2
170916,2
170925,2
170943,2
170945,2
170947,1
170950,1
170953,2
170961,2
170968,2
170973,3
170986,3
171004,2
171010,4
171023,2
171025,3
171033,3
171046,2
171048,2
171053,2
171061,4
171066,2
171068,2
171079,1
171082,1
171085,1
171091,3
171094,1
171109,1
171114,2
171116,3
171122,2
171125,3
171135,2
171138,2
171140,2
171147,1
171149,1
171160,4
171176,1
171181,2
171185,2
171189,3
171192,3
171208,2
171214,1
171219,2
171224,1
171226,2
171229,3
171235,3
171240,1
171246,1
171250,2
171269,3
171278,2
171283,3
171286,3
171290,2
171292,2
171294,3
171297,3
171312,2
171327,1
171332,1
171339,6
171346,3
171352,3
171359,2
171365,1
171368,2
171372,2
171385,2
171390,2
171397,1
171399,2
171407,1
171413,1
171419,1
171421,2
171432,3
171435,2
171437,1
171440,2
171443,2
171461,3
171464,2
171471,2
171474,2
171477,1
171481,3
171487,1
171491,2
171494,1
171499,1
171504,2
171514,4
171523,3
171528,4
171532,4
171542,2
171544,1
171554,1
171559,3
171572,4
171606,3
171616,2
171620,3
171624,2
171628,3
171646,2
171679,2
171681,1
171685,2
171694,2
171702,2
171705,2
171714,1
171734,2
171743,7
171755,1
171758,2
171767,2
171778,3
171781,2
171789,1
171801,5
171817,2
171821,2
171827,4
171836,2
171843,1
171849,1
171854,2
171859,2
171861,2
171865,2
171878,3
171888,2
171898,2
171915,1
171920,1
171927,2
171939,2
171941,1
171945,2
171958,1
171960,2
171966,1
171976,2
171979,2
171984,2
171986,5
171995,2
171998,2
172002,3
172011,2
172013,2
172015,2
172033,3
172038,2
172041,3
172045,2
172049,3
172053,2
172059,4
172063,2
172078,2
172093,3
172117,1
172124,3
172127,3
172130,4
172137,2
172146,2
172149,1
172154,3
172161,1
172164,2
172167,3
172172,4
172176,1
172178,4
172188,2
172191,2
172197,5
172202,1
172204,2
172212,3
172215,5
172227,1
172236,2
172244,3
172247,2
172259,2
172274,1
172294,3
172303,2
172323,3
172327,3
172334,4
172346,11
172357,1
172362,1
172389,1
172391,1
172401,4
172426,2
172432,2
172435,2
172440,2
172449,1
172453,2
172460,1
172472,1
172485,2
172488,3
172493,3
172499,2
172502,2
172512,1
172516,2
172522,2
172530,2
172533,1
172535,2
172542,3
172547,2
172550,2
172555,3
172574,2
172576,2
172586,1
172589,1
172595,4
172599,2
172602,1
172609,2
172614,3
172619,1
172622,2
172632,2
172641,3
172645,3
172649,2
172652,3
172663,2
172668,1
172677,1
172685,3
172688,3
172691,2
172693,2
172696,3
172702,4
172706,3
172718,1
172724,2
172727,3
172733,2
172740,2
172743,2
172745,3
172758,4
172762,1
172769,2
172775,2
172778,2
172796,3
172799,2
172809,1
172811,1
172816,2
172830,8
172841,2
172853,1
172855,4
172865,2
172875,3
172879,2
172887,2
172890,1
172897,2
172920,1
172922,4
172932,3
172944,2
172950,3
172955,3
172959,2
172971,2
172987,3
172991,3
173006,1
173009,1
173011,2
173019,2
173028,2
173030,3
173041,6
173052,3
173055,1
173057,1
173059,1
173065,2
173070,2
173072,2
173075,4
173079,2
173088,3
173091,3
173097,2
173102,1
173105,4
173117,1
173128,1
173138,2
173149,2
173155,1
173168,2
173171,2
173180,3
173184,3
173188,2
173190,2
173198,2
173204,2
173210,1
173214,3
173221,1
173224,1
173234,1
173237,2
173239,3
173242,1
173251,1
173257,3
173260,3
173265,2
173269,1
173273,2
173280,2
173283,3
173289,2
173294,2
173303,2
173305,2
173309,1
173319,2
173331,3
173334,2
173336,2
173338,2
173341,2
173343,3
173353,1
173355,2
173360,1
173368,2
173378,1
173381,3
173384,2
173386,3
173390,1
173392,2
173396,3
173408,5
173414,1
173424,2
173433,2
173435,2
173448,3
173457,3
173463,4
173468,1
173471,2
173475,5
173480,2
173482,2
173488,2
173494,1
173498,1
173514,1
173524,3
173528,2
173531,2
173539,3
173545,3
173551,1
173556,2
173563,2
173575,1
173587,3
173590,2
173611,1
173614,4
173619,1
173629,2
173639,2
173642,1
173646,2
173648,2
173650,3
173664,3
173667,4
173672,1
173676,1
173678,2
173684,1
173693,2
173696,2
173702,2
173709,2
173711,1
173715,2
173721,2
173723,2
173725,2
173729,2
173731,2
173745,2
173764,3
173769,1
173771,3
173778,2
173783,2
173787,2
173792,2
173796,2
173800,3
173805,1
173834,1
173847,4
173854,3
173857,2
173859,2
173864,2
173866,2
173869,2
173871,2
173875,3
173881,1
173888,1
173894,3
173900,2
173906,2
173908,1
173921,2
173927,1
173938,2
173942,2
173944,3
173948,6
173966,1
173973,2
173986,2
174000,1
174007,1
174024,2
174033,5
174038,4
174044,2
174046,2
174057,2
174067,1
174070,1
174072,2
174076,1
174082,2
174090,3
174093,1
174098,4
174114,1
174129,2
174131,2
174133,2
174136,1
174142,2
174155,3
174160,4
174178,2
174184,3
174190,2
174196,1
174198,3
174213,2
174220,4
174227,3
174234,4
174242,2
174253,2
174263,2
174266,3
174273,2
174276,2
174279,5
174284,3
174290,3
174305,4
174312,2
174314,4
174319,5
174324,2
174334,2
174347,1
174356,2
174362,3
174379,2
174384,2
174386,4
174393,2
174396,2
174400,1
174405,2
174428,1
174435,2
174437,2
174445,2
174455,3
174470,1
174472,2
174475,2
174494,2
174500,2
174511,1
174529,7
174542,2
174547,2
174549,1
174557,1
174559,1
174562,2
174579,1
174587,2
174592,3
174598,2
174601,4
174611,2
174614,3
174621,2
174623,3
174627,2
174630,2
174637,2
174640,3
174648,1
174655,2
174661,2
174667,2
174680,2
174683,2
174695,2
174700,1
174702,2
174706,2
174712,3
174715,2
174725,1
174733,2
174735,2
174739,2
174743,3
174746,2
174750,1
174753,2
174755,1
174768,3
174773,5
174781,2
174783,1
174786,3
174795,3
174804,2
174810,3
174819,1
174822,3
174827,3
174853,1
174855,2
174862,2
174872,1
174875,2
174911,2
174914,2
174917,3
174924,2
174928,2
174933,2
174938,1
174942,2
174952,3
174955,1
174958,2
174962,3
174968,2
174991,2
174998,1
175011,4
175038,2
175040,3
175043,4
175049,4
175055,2
175059,2
175065,2
175067,2
175083,2
175103,3
175106,2
175129,2
175131,1
175136,2
175138,2
175143,2
175145,2
175147,1
175152,2
175157,3
175165,3
175182,2
175186,3
175189,2
175191,2
175195,2
175245,3
175248,2
175251,2
175256,2
175259,2
175272,2
175274,2
175276,3
175279,3
175292,5
175298,4
175307,3
175330,2
175332,1
175341,2
175343,2
175349,1
175353,1
175355,2
175359,1
175372,1
175387,2
175396,2
175399,2
175406,2
175411,2
175417,2
175419,1
175421,2
175423,2
175425,2
175428,2
175439,2
175445,1
175447,1
175488,2
175527,2
175529,2
175531,2
175561,3
175564,3
175572,3
175581,3
175598,2
175615,2
175617,1
175620,2
175624,2
175626,3
175633,3
175646,3
175649,3
175655,1
175665,2
175667,2
175672,2
175674,4
175678,2
175686,2
175696,1
175708,2
175713,2
175715,2
175725,2
175739,1
175741,2
175750,6
175760,2
175766,2
175769,2
175777,1
175779,2
175781,1
175784,3
175787,4
175801,5
175820,2
175828,2
175837,3
175842,3
175851,2
175876,1
175881,3
175886,2
175893,1
175895,2
175923,2
175928,3
175944,2
175947,1
175949,3
175954,3
175958,2
175960,3
175964,2
175975,1
175982,2
175984,1
175989,2
175995,3
176003,1
176009,1
176014,2
176017,2
176025,3
176053,1
176060,1
176080,2
176087,3
176094,2
176096,2
176098,3
176103,2
176106,2
176109,2
176111,1
176118,1
176122,2
176124,3
176127,1
176130,1
176142,1
176146,3
176150,2
176153,1
176164,1
176166,2
176169,4
176174,2
176181,1
176185,2
176187,1
176198,3
176203,3
176206,2
176208,3
176211,1
176220,1
176238,1
176243,4
176253,2
176261,1
176263,5
176270,2
176274,2
176284,3
176297,3
176318,4
176323,3
176328,2
176331,2
176333,2
176335,3
176339,2
176341,2
176355,2
176362,2
176365,2
176375,2
176388,2
176390,1
176400,1
176405,4
176410,1
176413,2
176421,1
176436,4
176440,4
176444,3
176449,3
176452,2
176454,1
176458,1
176472,2
176489,1
176494,2
176519,1
176521,2
176525,2
176530,2
176539,1
176547,3
176551,2
176555,2
176575,1
176586,2
176603,1
176606,2
176610,1
176614,3
176617,2
176624,5
176639,1
176644,5
176649,2
176655,1
176664,3
176673,2
176676,2
176686,2
176693,3
176705,2
176709,1
176711,2
176739,4
176750,2
176755,2
176757,2
176760,1
176778,2
176784,2
176787,1
176793,1
176822,2
176824,3
176827,1
176831,2
176833,3
176839,2
176843,2
176850,2
176854,2
176864,1
176872,2
176896,2
176900,1
176906,1
176908,4
176915,2
176927,1
176930,2
176939,1
176943,2
176946,1
176948,2
176953,5
176960,5
176966,1
176969,2
176977,2
176984,1
176988,1
177008,3
177018,2
177025,1
177030,2
177046,2
177065,1
177075,2
177082,2
177089,2
177093,2
177113,2
177123,1
177125,1
177127,1
177162,1
177214,2
177217,2
177219,2
177221,2
177223,7
177230,2
177233,6
177241,2
177246,5
177258,2
177288,2
177293,2
177298,2
177304,2
177307,3
177314,3
177318,3
177322,2
177324,4
177331,2
177339,2
177342,3
177349,1
177359,2
177363,4
177370,1
177375,2
177379,2
177382,3
177388,1
177399,2
177405,2
177407,2
177415,2
177424,3
177427,2
177429,4
177433,1
177442,2
177453,2
177457,1
177478,3
177489,3
177492,1
177518,1
177528,2
177542,1
177554,2
177567,2
177573,1
177576,1
177580,2
177585,1
177594,2
177596,4
177601,2
177603,3
177608,2
177610,2
177612,2
177614,2
177619,2
177622,3
177628,3
177631,2
177633,3
177636,4
177640,2
177643,3
177647,6
177654,2
177657,3
177660,3
177664,4
177668,3
177671,1
177673,7
177681,6
177688,3
177691,2
177694,2
177696,2
177699,2
177702,3
177705,1
177707,3
177710,3
177713,4
177718,1
177720,2
177722,3
177725,1
177729,4
177733,2
177736,5
177743,2
177745,4
177753,3
177756,2
177758,2
177760,1
177762,4
177766,5
177771,2
177773,5
177779,5
177784,3
177788,3
177792,2
177795,3
177799,2
177801,2
177804,2
177807,2
177809,4
177813,4
177819,3
177822,3
177825,2
177827,6
177833,13
177849,2
177852,2
177871,4
177886,2
177895,2
177920,2
177923,4
177940,2
177944,2
177961,3
177971,2
177982,3
177997,2
178012,3
178021,5
178037,1
178057,2
178090,5
178111,2
178129,2
178137,2
178197,2
178222,1
178228,1
178241,3
178245,1
178264,1
178274,3
178282,2
178299,1
178326,1
178348,3
178358,2
178402,2
178406,4
178442,1
178444,2
178455,2
178468,3
178475,5
178484,1
178519,4
178529,2
178532,2
178547,2
178555,5
178562,2
178588,2
178591,3
178608,1
178616,2
178623,3
178657,5
178671,3
178675,2
178683,2
178697,3
178721,2
178741,2
178756,6
178765,3
178799,1
178811,1
178822,2
178825,2
178848,1
178858,3
178883,2
178885,2
178890,1
178914,1
178917,2
178932,2
178975,2
178984,4
178988,2
178995,2
179004,2
179020,1
179024,2
179058,2
179074,1
179102,1
179110,3
179114,3
179117,2
179128,2
179134,1
179145,2
179160,2
179173,2
179178,3
179204,4
179224,1
179264,4
179290,2
179326,2
179341,2
179388,2
179395,4
179414,1
179422,2
179424,3
179431,1
179452,1
179472,2
179501,2
179512,2
179517,2
179566,2
179570,3
179594,1
179623,1
179629,2
179635,1
179638,2
179646,2
179671,3
179686,2
179701,1
179719,1
179728,1
179774,3
179793,2
179809,2
179816,3
179847,1
179857,2
179862,3
179879,2
179883,2
179885,2
179905,1
179910,1
179926,2
179929,2
179942,3
179945,1
179948,3
179951,1
179960,3
179968,2
179972,1
179983,1
180000,3
180024,1
180039,3
180046,2
180055,1
180058,1
180074,4
180084,3
180108,1
180143,3
180149,2
180161,2
180167,2
180170,1
180178,2
180183,2
180189,4
180208,1
180214,1
180217,3
180245,2
180271,4
180284,2
180288,4
180295,1
180318,1
180327,1
180336,1
180342,3
180350,1
180352,2
180378,2
180385,1
180387,2
180389,1
180414,3
180417,2
180435,3
180451,2
180465,1
180477,2
180498,5
180505,1
180523,2
180536,1
180550,1
180561,3
180567,1
180573,1
180595,2
180601,2
180609,2
180615,2
180621,2
180638,1
180654,3
180673,1
180680,2
180692,3
180696,2
180701,3
180704,2
180708,2
180721,4
180732,2
180736,1
180751,1
180769,3
180776,1
180811,1
180817,1
180823,2
180843,3
180880,2
180886,2
180908,3
180913,3
180934,2
180967,2
180985,2
181001,4
181007,1
181029,1
181032,2
181035,2
181083,3
181115,2
181137,1
181140,2
181143,3
181147,2
181155,1
181171,1
181185,4
181195,4
181215,2
181219,2
181256,2
181262,3
181268,2
181281,1
181334,3
181354,1
181359,2
181371,1
181383,2
181390,3
181400,1
181407,3
181422,1
181463,2
181477,1
181482,1
181492,1
181518,4
181527,3
181534,2
181539,2
181542,2
181544,2
181553,1
181556,2
181560,3
181563,2
181567,3
181586,3
181592,2
181597,3
181612,2
181619,1
181621,1
181625,3
181633,2
181643,1
181650,4
181661,1
181663,2
181672,1
181681,1
181692,3
181712,1
181718,1
181722,2
181736,2
181751,1
181761,1
181764,1
181770,2
181775,2
181778,2
181781,2
181788,1
181797,3
181803,2
181823,3
181832,2
181869,2
181872,3
181882,4
181887,2
181894,1
181899,1
181932,2
181935,1
181941,3
181944,2
181965,3
181969,2
181974,4
181996,1
181998,2
182000,1
182014,3
182017,3
182027,2
182037,1
182039,3
182043,7
182061,3
182068,3
182080,1
182087,3
182097,2
182103,2
182105,1
182112,2
182121,1
182126,2
182138,1
182147,2
182149,1
182152,1
182159,3
182174,2
182187,2
182197,2
182203,1
182235,2
182237,3
182248,1
182252,2
182255,2
182292,2
182294,2
182297,1
182324,2
182341,2
182348,1
182358,2
182361,5
182369,1
182378,1
182381,3
182398,1
182407,2
182409,2
182415,2
182423,3
182433,2
182435,1
182441,2
182449,2
182470,1
182477,2
182493,1
182503,4
182527,1
182531,1
182545,2
182548,1
182605,2
182613,2
182643,2
182649,1
182654,2
182660,1
182667,1
182693,1
182695,1
182706,1
182708,1
182715,1
182738,1
182745,1
182752,1
182758,2
182760,1
182762,2
182764,1
182768,1
182779,1
182788,1
182794,1
182799,2
182815,2
182827,2
182854,2
182860,4
182875,1
182881,2
182926,1
182943,2
182945,2
182949,3
182952,1
182956,1
182973,2
182977,1
183003,2
183043,5
183055,2
183064,2
183089,1
183092,1
183109,1
183113,1
183133,2
183150,1
183175,2
183180,2
183200,2
183207,2
183219,1
183223,3
183232,2
183242,2
183245,1
183270,1
183278,2
183283,1
183297,2
183311,2
183323,1
183339,2
183342,1
183344,2
183352,1
183375,2
183378,1
183415,2
183436,1
183441,2
183457,2
183461,1
183471,2
183478,2
183482,4
183492,1
183495,1
183531,2
183536,1
183552,1
183559,1
183563,1
183579,2
183593,2
183601,2
183613,2
183616,1
183623,2
183627,1
183630,1
183641,1
183650,2
183665,3
183675,1
183685,2
183695,2
183700,2
183726,1
183748,3
183758,3
183785,2
183787,1
183815,2
183821,1
183832,3
183844,1
183859,2
183874,1
183900,1
183908,1
183928,1
183930,2
183954,1
183962,1
183966,1
183979,2
183981,1
183989,3
183995,2
184002,3
184007,1
184010,1
184039,2
184041,1
184044,2
184059,1
184063,2
184076,2
184085,2
184096,3
184120,4
184129,3
184146,1
184184,2
184200,1
184232,1
184265,2
184297,3
184321,1
184331,3
184334,2
184356,3
184361,3
184411,3
184416,1
184423,3
184444,2
184491,2
184511,2
184525,1
184539,2
184541,3
184553,2
184555,3
184558,3
184565,2
184569,2
184587,2
184595,1
184623,2
184631,2
184633,1
184641,2
184647,2
184665,2
184688,1
184707,2
184727,2
184734,2
184768,2
184784,3
184797,2
184804,1
184810,1
184819,2
184825,2
184831,3
184835,3
184844,2
184859,1
184865,2
184871,1
184887,3
184904,2
184925,1
184938,1
184943,1
184946,2
184961,1
184967,4
184976,2
184981,1
184990,3
185004,1
185013,4
185026,2
185031,2
185040,3
185044,2
185047,2
185056,2
185065,4
185080,1
185087,2
185089,2
185094,2
185100,3
185130,2
185135,1
185173,1
185178,4
185183,2
185188,1
185190,2
185198,2
185202,2
185205,1
185215,4
185232,2
185237,1
185249,1
185251,2
185261,2
185263,1
185271,2
185273,2
185279,1
185290,2
185343,2
185347,2
185349,2
185367,2
185371,2
185380,1
185393,2
185409,3
185420,1
185424,3
185436,2
185453,2
185461,1
185468,2
185470,2
185472,1
185494,3
185502,3
185516,2
185523,2
185531,3
185536,3
185552,1
185554,1
185557,2
185573,2
185584,2
185586,4
185627,1
185635,1
185639,1
185645,2
185660,3
185663,2
185673,3
185683,4
185693,1
185700,1
185711,1
185713,2
185717,1
185721,2
185736,3
185743,1
185745,3
185748,1
185759,2
185769,2
185779,3
185796,3
185825,3
185841,2
185845,1
185854,2
185857,2
185867,2
185879,1
185892,2
185896,2
185928,2
185939,1
185957,1
185984,1
186007,1
186019,1
186032,2
186035,1
186038,2
186064,1
186095,2
186101,2
186108,2
186120,1
186124,2
186131,1
186133,2
186144,2
186146,3
186149,3
186160,2
186162,1
186174,1
186192,1
186205,5
186218,2
186250,4
186259,2
186262,2
186270,1
186278,1
186285,2
186293,3
186308,1
186313,2
186321,2
186347,2
186351,2
186375,2
186390,2
186393,1
186399,5
186430,2
186432,1
186438,1
186441,4
186494,2
186525,3
186533,2
186538,2
186590,3
186597,2
186607,2
186623,2
186634,2
186642,3
186677,1
186686,3
186693,1
186697,1
186724,2
186733,1
186761,2
186780,2
186784,1
186813,1
186844,1
186848,2
186857,1
186864,1
186882,2
186895,1
186903,1
186907,1
186934,1
186960,1
186969,1
186983,3
186986,2
186993,1
186995,1
187216,1
187527,1
187630,1
187871,1
188066,1
188097,1
188139,1
188238,2
188355,2
188408,2
188415,3
188489,2
188597,1
188746,2
188749,3
188854,3
189239,1
189241,2
189244,16
189260,8
189366,2
189368,2
189683,1
189749,7
189827,2
189829,7
189848,1
189859,1
189910,1
189953,1
189955,1
189968,2
189975,1
189977,1
189987,1
189989,5
189999,3
190122,1
190126,2
190151,1
190155,1
190158,1
190258,2
190286,2
190385,2
190397,8
190410,1
190420,3
190424,2
190426,1
190437,4
190511,1
190515,1
190537,2
190565,1
190732,2
190880,1
190943,1
190953,2
190970,2
191196,1
191335,2
191344,2
191385,2
191416,1
191423,4
191469,2
191572,1
191625,2
191627,3
191633,2
191640,2
191642,2
191644,2
191686,1
191771,1
191774,2
191782,2
191784,2
191787,7
191843,2
191855,4
191866,3
191901,3
191972,2
192189,3
192258,1
192261,2
192294,2
192307,2
192339,2
192343,3
192368,1
192400,2
192403,6
192434,3
192451,5
192458,3
192462,4
192466,3
192469,2
192484,2
192501,1
192508,2
192510,9
192538,1
192548,6
192557,2
192570,2
192572,1
192666,2
192708,2
192728,2
192743,3
192764,9
192815,2
192856,2
192858,2
192862,3
193004,1
193559,1
193562,1
193614,1
194242,1
194249,1
194371,1
194453,2
194458,1
194466,1
194468,3
194608,1
194695,3
194720,2
194751,1
194839,1
194878,1
194929,1
194953,1
195094,2
195102,2
195110,3
195115,2
195117,2
195127,4
195149,3
195176,2
195185,3
195188,2
195208,4
195220,3
195229,2
195240,2
195250,2
195253,4
195269,2
195284,4
195295,3
195298,4
195321,2
195331,2
195336,1
195340,3
195343,2
195353,2
195355,3
195358,4
195381,2
195383,2
195402,2
195414,2
195419,3
195423,2
195427,3
195433,2
195441,3
195453,2
195456,2
195458,2
195488,2
195496,2
195498,1
195501,3
195515,2
195519,3
195531,3
195535,4
195544,3
195547,2
195550,2
195558,1
195564,1
195566,3
195571,1
195575,3
195578,3
195589,3
195592,1
195594,2
195607,2
195610,2
195612,2
195616,2
195618,4
195622,2
195636,3
195643,3
195646,2
195650,2
195652,1
195655,2
195658,4
195664,2
195667,2
195679,1
195682,2
195687,1
195689,2
195692,2
195705,4
195715,1
195722,5
195727,3
195737,2
195742,2
195756,2
195769,2
195771,2
195773,4
195777,3
195793,2
195814,2
195816,2
195818,2
195823,2
195827,2
195833,2
195850,1
195852,3
195859,2
195863,1
195867,2
195871,3
195875,1
195880,2
195883,1
195885,3
195892,2
195894,2
195896,1
195898,3
195916,3
195927,3
195934,2
195953,6
195962,1
195967,2
195970,2
195985,2
195995,1
196000,1
196019,3
196024,3
196031,2
196044,2
196049,1
196055,2
196059,2
196061,1
196070,2
196077,1
196079,2
196081,2
196093,3
196101,2
196106,3
196115,1
196124,2
196129,2
196150,3
196154,2
196158,3
196165,3
196170,2
196174,3
196180,2
196183,3
196205,2
196208,2
196216,2
196221,6
196243,3
196251,5
196257,3
196260,3
196264,8
196280,1
196297,3
196326,2
196328,3
196332,3
196336,2
196338,3
196341,4
196348,2
196352,2
196354,1
196371,3
196381,3
196401,7
196409,4
196425,3
196438,2
196455,2
196458,1
196461,2
196464,2
196466,3
196470,2
196473,4
196482,3
196491,3
196500,1
196503,3
196507,2
196511,2
196521,3
196525,7
196537,1
196545,2
196554,2
196556,4
196561,3
196576,1
196597,1
196614,2
196649,2
196657,1
196660,2
196667,2
196669,1
196677,2
196772,2
196776,3
196781,5
196790,5
196803,1
196810,4
196815,2
196817,3
196821,2
196826,2
196838,4
196842,2
196860,2
196862,2
196982,2
196984,2
196994,2
196997,2
196999,3
197010,2
197045,7
197053,1
197055,2
197058,2
197062,3
197184,2
197190,4
197196,3
197200,2
197203,2
197208,4
197213,2
197220,2
197223,2
197227,7
197234,2
197239,2
197241,2
197243,2
197258,3
197264,2
197267,1
197280,2
197282,5
197299,4
197305,7
197314,2
197316,3
197320,2
197322,3
197326,2
197329,3
197334,3
197345,2
197370,3
197376,3
197384,1
197386,6
197396,2
197637,1
197694,2
197715,1
197719,3
197723,6
197729,2
197731,4
197735,6
197744,4
197748,4
197752,3
197802,1
197806,2
197808,6
197816,8
197855,3
197867,2
197874,8
197885,2
197971,1
197976,2
198001,1
198005,2
198008,2
198010,3
198015,1
198017,4
198044,2
198052,2
198055,2
198059,6
198073,2
198075,2
198077,1
198079,1
198082,3
198086,4
198095,1
198097,2
198103,3
198112,3
198115,10
198130,2
198133,2
198138,3
198225,2
198234,2
198239,3
198254,5
198260,3
198263,2
198277,2
198279,2
198282,2
198287,4
198292,2
198319,2
198321,2
198362,2
198368,2
198372,2
198375,2
198377,5
198382,2
198403,2
198405,3
198408,2
198436,2
198438,2
198441,2
198443,2
198450,3
198464,2
198471,2
198473,3
198477,2
198480,2
198482,3
198485,2
198487,3
198491,3
198496,2
198498,5
198510,3
198520,1
198539,2
198545,2
198550,2
198563,2
198576,1
198697,1
198711,2
198720,4
198724,1
198726,3
198782,1
198805,2
198851,3
198861,4
198866,2
198868,2
198871,2
198900,2
198913,2
198915,2
198917,3
198921,2
198932,2
198945,2
198950,2
198953,1
199595,1
199607,1
199612,3
199616,1
200219,1
200224,3
200230,2
200237,6
200260,2
200262,3
200265,2
200658,3
200798,2
200868,2
200952,2
200954,3
200986,1
201170,2
201175,2
201438,1
201635,2
201639,2
201642,2
201707,2
201710,1
201712,1
201730,1
201765,2
201950,1
201952,1
202007,1
202011,1
202018,2
202034,1
202243,3
202246,1
202265,1
202641,2
202643,2
202679,3
202690,2
202694,2
202696,2
202698,3
202701,2
202703,2
202705,2
202708,3
202711,2
202738,1
203033,1
203160,3
203168,2
203170,3
203175,2
203317,2
203319,3
203617,2
203629,3
203636,4
203641,2
203643,2
203654,3
203657,3
203666,2
203773,1
203857,2
204376,3
204379,3
204392,2
204409,2
204411,2
204414,1
204417,2
204435,3
204438,1
204442,3
204468,2
204487,1
204500,2
204511,2
204513,1
204521,3
204524,3
204528,1
204530,1
204533,2
204538,2
204547,2
204551,3
204565,4
204569,5
204574,1
204584,2
204594,2
204601,2
204610,2
204613,4
204624,1
204628,3
204979,1
204981,2
204983,1
205150,1
205201,1
205261,1
205312,1
205347,1
205387,4
205394,2
205396,5
205402,2
205405,2
205409,2
205412,6
205418,6
205440,2
205442,2
205444,4
205448,2
205451,4
205481,4
205566,1
205641,2
205643,4
205651,2
205653,2
205655,2
205657,4
205663,3
205667,4
205672,2
205676,2
205678,3
205684,6
205692,3
205695,3
205699,3
205711,2
205713,2
205715,3
205719,2
205722,5
205727,6
205736,3
205740,4
205749,4
205754,4
205758,1
205761,2
205764,2
205768,2
205772,2
205776,2
205779,4
205783,3
205787,4
205793,3
205801,3
205804,4
205808,2
205812,2
205814,2
205816,3
205821,3
205824,4
205829,3
205833,3
205837,2
205841,3
205844,3
205847,5
205852,3
205857,3
205863,2
205867,2
205870,4
205874,7
205886,3
205892,2
205894,2
205896,2
205900,2
205903,3
205906,2
205908,2
205911,3
205915,2
205919,2
205923,6
205930,2
205939,2
205944,2
205949,2
205951,6
205958,4
205963,3
205967,2
205969,2
205975,3
205979,2
205981,2
205985,2
205989,3
205993,2
205995,2
205997,3
206003,4
206008,4
206013,5
206022,2
206024,4
206028,4
206032,1
206034,3
206038,3
206043,2
206045,4
206049,3
206054,2
206059,3
206062,3
206065,2
206067,4
206071,2
206075,3
206078,3
206081,2
206083,2
206086,3
206090,2
206093,3
206099,2
206101,4
206107,4
206111,2
206113,3
206119,3
206122,2
206127,1
206129,2
206131,7
206139,2
206141,4
206145,3
206148,3
206151,2
206153,5
206159,2
206163,4
206169,2
206171,2
206173,2
206176,2
206180,2
206182,2
206184,4
206188,3
206191,3
206195,2
206197,2
206200,3
206203,8
206211,2
206214,2
206217,4
206222,2
206226,2
206229,2
206231,3
206234,4
206241,2
206243,3
206246,2
206248,2
206250,2
206252,3
206255,10
206265,2
206268,6
206274,4
206278,2
206280,2
206282,3
206285,5
206290,2
206295,3
206299,4
206303,3
206306,2
206310,2
206312,3
206315,3
206318,4
206325,4
206329,2
206332,2
206336,4
206341,2
206345,2
206347,3
206350,3
206355,3
206358,3
206362,3
206365,3
206368,2
206373,4
206378,4
206382,3
206385,2
206387,2
206390,5
206395,2
206397,2
206400,3
206403,4
206408,5
206413,4
206419,2
206421,3
206424,2
206426,2
206429,2
206433,2
206435,2
206437,2
206439,2
206445,6
206456,2
206460,2
206463,2
206466,5
206473,2
206478,2
206481,4
206485,8
206494,1
206497,4
206501,2
206503,4
206515,2
206517,2
206521,4
206526,2
206528,3
206531,3
206535,4
206539,2
206541,3
206546,3
206549,2
206552,2
206555,5
206561,2
206565,3
206568,2
206572,2
206577,3
206580,2
206583,2
206586,2
206588,2
206591,2
206593,6
206600,2
206602,2
206604,2
206608,4
206612,2
206614,3
206618,3
206621,2
206625,2
206629,2
206631,2
206635,3
206638,4
206642,2
206644,7
206651,7
206658,2
206660,2
206663,4
206669,2
206672,2
206674,3
206677,2
206679,4
206689,3
206692,4
206697,2
206699,4
206704,3
206711,3
206714,4
206718,2
206720,2
206723,3
206726,3
206729,4
206734,2
206736,4
206740,2
206743,2
206745,3
206751,3
206754,3
206759,3
206764,2
206771,5
206776,11
206789,2
206792,2
206794,2
206796,2
206798,4
206802,2
206804,3
206808,5
206813,3
206817,2
206819,3
206823,2
206835,4
206843,2
206846,4
206850,2
206854,2
206856,2
206860,6
206867,3
206871,3
206874,2
206879,2
206883,2
206887,3
206892,2
206898,2
206900,3
206905,2
206908,3
206911,3
206914,3
206917,5
206922,2
206926,3
206931,6
206937,4
206941,2
206944,8
206953,2
206955,2
206959,3
206962,5
206969,3
206974,3
206977,2
206979,2
206982,3
206986,2
206989,3
206992,2
206994,3
206997,2
207004,3
207008,3
207013,5
207019,4
207028,2
207031,2
207036,4
207043,3
207046,3
207052,4
207061,4
207067,2
207069,3
207072,3
207076,2
207078,4
207082,3
207085,2
207087,4
207091,4
207095,2
207098,2
207100,5
207106,2
207108,2
207111,2
207117,2
207119,2
207124,2
207126,3
207129,3
207132,3
207135,2
207137,4
207141,2
207143,2
207145,3
207148,4
207152,5
207162,3
207165,2
207167,2
207169,2
207171,2
207173,3
207176,2
207178,2
207180,2
207182,3
207185,2
207190,2
207195,2
207197,2
207199,2
207202,3
207207,2
207209,3
207214,3
207218,2
207221,2
207224,3
207227,3
207230,3
207234,2
207240,2
207245,2
207247,4
207252,3
207255,2
207257,3
207260,2
207262,6
207268,5
207274,3
207284,5
207289,3
207295,2
207298,3
207302,2
207304,3
207307,3
207311,3
207314,2
207320,4
207325,2
207327,2
207329,2
207335,4
207340,3
207343,5
207348,2
207350,2
207352,2
207359,4
207365,2
207367,2
207375,2
207382,2
207384,4
207388,2
207390,2
207392,4
207399,3
207402,4
207406,7
207413,4
207417,4
207423,3
207426,2
207429,2
207435,2
207437,3
207440,10
207450,2
207453,3
207456,2
207458,3
207461,2
207468,2
207470,4
207474,1
207476,4
207480,3
207487,3
207491,2
207494,2
207497,2
207501,4
207508,3
207515,3
207519,4
207523,3
207529,3
207532,3
207536,2
207540,5
207545,2
207549,2
207553,4
207558,2
207562,2
207565,3
207569,2
207571,2
207573,2
207575,2
207577,3
207581,2
207583,4
207588,3
207596,2
207598,2
207603,6
207612,4
207620,3
207623,2
207627,3
207631,2
207633,2
207635,2
207638,3
207641,2
207646,4
207651,2
207654,4
207661,5
207666,2
207668,3
207671,2
207676,4
207680,2
207683,3
207687,7
207696,3
207699,3
207706,2
207709,2
207714,2
207719,3
207722,4
207726,8
207734,2
207738,5
207743,2
207745,2
207748,5
207754,2
207756,2
207759,2
207761,2
207763,2
207767,2
207770,2
207772,2
207781,4
207787,2
207790,4
207794,3
207801,2
207806,2
207814,2
207816,5
207822,3
207828,3
207833,2
207839,2
207841,4
207845,4
207850,3
207854,5
207859,3
207863,2
207865,2
207867,2
207869,3
207872,2
207874,4
207883,3
207886,5
207892,3
207896,3
207902,2
207913,2
207917,3
207921,4
207929,2
207934,2
207939,2
207943,2
207946,2
207948,2
207950,2
207952,2
207954,4
207961,2
207964,2
207970,5
207975,3
207978,2
207985,3
207988,2
207992,2
207999,6
208005,2
208008,2
208012,2
208014,2
208021,4
208025,3
208032,3
208035,3
208038,4
208042,2
208046,7
208053,3
208057,2
208060,5
208066,4
208070,2
208072,2
208074,4
208078,2
208082,4
208086,4
208091,2
208099,2
208101,3
208105,8
208113,2
208115,5
208121,2
208123,2
208126,4
208132,2
208136,3
208140,2
208143,2
208148,5
208153,2
208156,3
208163,6
208169,4
208173,3
208181,3
208187,2
208190,2
208192,2
208194,2
208196,5
208204,4
208208,5
208213,2
208215,3
208218,3
208221,2
208224,2
208226,2
208228,3
208231,2
208233,3
208240,2
208243,2
208245,4
208249,2
208252,3
208255,5
208264,2
208268,2
208270,2
208272,3
208277,2
208281,4
208286,2
208288,2
208290,4
208295,3
208299,2
208303,2
208306,2
208310,2
208312,2
208316,2
208318,4
208322,6
208329,6
208335,2
208338,3
208341,2
208343,2
208348,4
208356,2
208361,2
208363,2
208365,3
208368,6
208374,2
208378,3
208381,2
208383,4
208387,3
208391,2
208395,2
208402,2
208404,4
208413,3
208418,8
208429,5
208439,2
208444,4
208456,2
208460,2
208463,3
208466,2
208468,2
208473,3
208480,2
208482,6
208488,2
208490,2
208492,2
208494,2
208496,2
208499,2
208502,4
208507,2
208510,3
208522,5
208527,3
208531,4
208535,2
208537,2
208540,2
208542,2
208545,2
208547,2
208549,3
208553,2
208557,2
208559,2
208561,2
208565,3
208568,3
208574,3
208579,2
208588,3
208592,1
208595,3
208599,5
208604,3
208609,1
208611,2
208613,5
208619,2
208626,3
208629,2
208631,3
208634,2
208643,2
208648,2
208650,2
208652,2
208655,2
208657,3
208662,2
208666,2
208672,2
208674,4
208678,4
208683,3
208688,2
208693,3
208699,3
208702,2
208704,2
208706,6
208712,2
208715,3
208720,2
208722,2
208725,2
208727,3
208733,2
208735,2
208739,2
208741,3
208750,4
208754,4
208758,4
208765,2
208767,2
208769,4
208773,2
208785,3
208791,4
208799,2
208806,3
208812,3
208817,5
208825,2
208827,3
208830,4
208836,4
208841,2
208843,3
208846,5
208853,2
208855,2
208857,5
208863,3
208866,2
208868,2
208870,2
208874,2
208877,2
208881,2
208890,2
208896,3
208900,3
208903,2
208905,2
208908,2
208913,2
208915,2
208918,2
208926,4
208930,3
208933,2
208935,3
208941,2
208945,2
208951,2
208955,4
208959,2
208961,3
208965,3
208968,4
208974,5
208979,2
208986,2
208992,2
208994,3
208999,2
209001,3
209011,2
209014,3
209020,4
209027,3
209031,2
209033,3
209039,2
209041,2
209043,2
209047,5
209052,3
209055,2
209060,2
209064,3
209071,2
209074,2
209076,3
209082,3
209088,2
209090,2
209092,4
209098,2
209104,4
209113,4
209126,3
209129,2
209134,2
209136,3
209141,2
209143,2
209148,5
209155,2
209162,3
209165,2
209168,2
209170,2
209174,3
209177,3
209180,2
209185,2
209188,2
209191,4
209195,2
209197,2
209200,2
209202,2
209207,3
209212,3
209215,2
209218,2
209220,2
209225,2
209227,3
209231,4
209236,3
209239,2
209241,3
209244,2
209246,2
209251,7
209259,2
209266,2
209270,4
209274,2
209276,2
209279,2
209281,2
209283,3
209286,2
209292,3
209295,2
209298,2
209302,3
209305,2
209310,2
209312,2
209314,3
209317,3
209320,2
209323,3
209330,3
209333,3
209336,4
209340,4
209344,3
209353,4
209357,3
209362,2
209367,2
209369,7
209378,2
209380,3
209384,2
209386,2
209390,2
209394,2
209396,4
209401,4
209406,2
209408,2
209418,3
209421,6
209428,3
209432,2
209435,3
209439,2
209441,3
209444,5
209452,4
209456,3
209461,2
209465,2
209468,2
209471,3
209474,6
209480,2
209488,2
209491,2
209497,2
209499,2
209502,2
209509,2
209514,2
209519,2
209521,3
209524,2
209529,3
209543,5
209549,3
209552,7
209561,4
209565,2
209567,2
209571,4
209575,4
209580,2
209583,2
209586,4
209592,2
209595,2
209597,2
209599,2
209601,2
209603,2
209608,2
209613,2
209615,3
209620,2
209624,2
209629,10
209641,3
209645,2
209647,3
209651,6
209657,2
209660,4
209666,4
209675,3
209679,2
209682,3
209688,2
209693,2
209696,3
209699,2
209701,2
209705,4
209709,3
209715,2
209717,2
209720,4
209726,3
209729,3
209734,2
209736,2
209739,6
209746,6
209753,3
209756,2
209758,2
209762,3
209766,2
209768,1
209770,3
209773,4
209780,2
209782,2
209785,2
209787,2
209789,2
209791,2
209797,2
209801,3
209804,2
209816,2
209818,4
209825,2
209828,3
209833,3
209836,2
209840,3
209843,3
209848,3
209851,2
209855,3
209859,2
209865,2
209867,2
209869,3
209873,5
209886,2
209888,3
209896,4
209900,5
209906,3
209909,3
209912,2
209914,2
209916,3
209919,2
209925,3
209928,4
209932,2
209934,6
209944,2
209950,2
209954,2
209959,3
209962,3
209965,2
209968,2
209973,3
209977,3
209981,2
209984,2
209991,3
209994,3
209997,2
209999,2
210001,2
210003,3
210008,6
210019,2
210021,4
210025,3
210029,3
210033,3
210039,2
210041,2
210043,3
210049,2
210054,2
210056,2
210058,2
210061,2
210063,2
210067,2
210069,3
210073,2
210075,3
210078,2
210083,2
210089,3
210092,3
210096,2
210099,2
210101,3
210104,2
210106,2
210112,2
210115,2
210117,2
210126,2
210131,3
210135,2
210143,3
210146,2
210148,2
210153,5
210158,3
210162,4
210171,2
210175,3
210178,4
210183,6
210189,4
210196,2
210210,4
210215,2
210217,3
210220,2
210224,2
210226,3
210229,2
210232,3
210235,3
210238,2
210240,5
210255,4
210260,4
210264,3
210267,2
210269,2
210271,4
210275,4
210285,3
210289,2
210291,5
210296,2
210298,4
210302,2
210306,2
210308,2
210311,2
210316,3
210320,5
210326,3
210329,2
210331,2
210335,2
210338,2
210340,2
210342,2
210344,2
210347,2
210350,2
210354,3
210359,3
210362,3
210365,2
210368,2
210370,4
210376,3
210386,2
210389,2
210393,2
210395,2
210397,2
210402,6
210408,5
210414,3
210418,2
210422,2
210424,2
210426,5
210432,2
210436,4
210443,2
210447,4
210451,2
210456,1
210458,2
210460,2
210464,2
210470,4
210474,5
210481,3
210486,5
210491,2
210493,2
210496,5
210501,3
210504,3
210508,2
210511,2
210514,3
210517,2
210519,4
210524,3
210528,2
210531,3
210535,3
210541,5
210546,1
210550,2
210553,2
210558,4
210564,2
210566,6
210572,2
210574,2
210576,2
210580,3
210585,3
210588,2
210590,4
210594,2
210596,2
210600,2
210603,3
210606,3
210609,2
210614,4
210618,2
210621,2
210624,2
210630,3
210634,4
210638,3
210643,4
210648,2
210652,3
210655,2
210661,2
210665,2
210667,2
210669,2
210673,2
210676,3
210679,2
210681,2
210685,2
210690,5
210698,2
210700,3
210703,2
210706,3
210714,2
210716,6
210722,3
210725,3
210729,2
210731,2
210734,2
210736,3
210739,7
210747,2
210750,2
210752,3
210756,2
210765,2
210767,4
210771,2
210773,3
210776,4
210781,3
210784,3
210787,4
210793,2
210796,2
210798,2
210801,1
210803,3
210809,3
210815,4
210819,3
210822,2
210824,2
210826,2
210829,3
210832,3
210835,3
210843,2
210847,5
210852,4
210858,4
210865,2
210867,2
210869,6
210875,2
210882,6
210892,4
210899,3
210902,5
210907,2
210910,2
210917,3
210922,2
210929,3
210934,2
210938,2
210940,2
210942,2
210944,3
210948,2
210951,2
210953,2
210957,2
210966,5
210972,1
210979,3
210993,2
210995,2
211000,2
211002,3
211007,2
211009,2
211011,3
211017,4
211021,3
211026,2
211029,2
211032,2
211035,3
211040,2
211042,2
211046,2
211052,4
211056,2
211059,2
211061,3
211064,2
211070,3
211073,3
211076,4
211080,4
211087,3
211090,2
211096,3
211099,2
211102,2
211107,3
211111,3
211114,3
211119,4
211125,3
211129,5
211139,4
211145,2
211147,2
211149,2
211153,3
211156,3
211159,2
211161,2
211163,3
211168,2
211170,2
211172,2
211176,2
211182,3
211185,2
211190,2
211196,2
211203,2
211206,3
211209,2
211211,2
211217,3
211221,4
211226,7
211233,3
211238,3
211242,2
211244,3
211248,2
211250,4
211257,2
211260,2
211264,2
211268,3
211271,2
211274,2
211278,3
211284,6
211292,1
211296,3
211299,2
211301,2
211307,1
211314,3
211317,2
211319,4
211324,4
211339,2
211342,2
211344,4
211350,1
211352,3
211358,4
211362,2
211365,4
211369,2
211372,3
211376,3
211380,2
211384,3
211387,4
211391,2
211394,3
211402,1
211404,2
211406,4
211412,4
211416,2
211418,3
211424,2
211426,3
211432,4
211436,3
211444,3
211448,2
211450,3
211453,3
211459,4
211464,2
211472,2
211477,3
211483,2
211485,2
211489,3
211492,4
211496,2
211498,2
211501,2
211505,2
211508,2
211511,2
211515,3
211518,5
211525,2
211527,2
211530,2
211534,2
211536,2
211543,2
211546,2
211548,2
211551,2
211555,2
211557,2
211563,3
211566,2
211575,2
211577,2
211580,2
211586,2
211588,2
211590,2
211594,5
211599,2
211601,2
211603,2
211606,4
211610,2
211613,2
211615,2
211617,2
211620,2
211623,2
211625,2
211630,2
211635,4
211647,3
211650,2
211655,3
211660,3
211666,5
211671,1
211675,2
211677,3
211680,5
211685,2
211688,3
211693,2
211695,2
211699,2
211701,3
211705,2
211707,2
211710,2
211716,6
211722,3
211725,3
211732,2
211735,2
211742,2
211745,2
211748,2
211750,6
211757,3
211762,5
211767,2
211769,6
211775,3
211781,2
211784,6
211790,4
211794,4
211798,2
211801,5
211806,3
211812,3
211817,2
211819,4
211827,4
211838,2
211840,2
211842,2
211846,4
211850,2
211853,3
211856,2
211859,3
211862,5
211871,2
211882,2
211885,3
211889,3
211892,5
211897,5
211903,6
211912,3
211916,2
211918,3
211921,2
211925,2
211927,4
211931,3
211935,4
211939,1
211941,3
211947,3
211951,5
211956,2
211958,2
211966,4
211971,5
211978,4
211983,2
211985,4
211991,3
211994,3
211998,4
212003,4
212008,2
212010,3
212014,3
212018,3
212021,2
212023,2
212025,3
212030,2
212032,5
212038,2
212041,3
212048,2
212050,3
212055,6
212061,6
212067,3
212071,5
212082,4
212086,4
212091,2
212093,2
212097,4
212105,5
212119,2
212123,6
212129,2
212132,2
212136,2
212139,2
212142,2
212146,5
212156,2
212159,2
212161,2
212165,3
212168,1
212170,6
212176,2
212183,1
212185,2
212187,3
212192,2
212195,2
212197,3
212203,2
212205,4
212209,2
212211,2
212214,3
212217,3
212223,4
212227,2
212236,2
212238,2
212244,3
212247,4
212251,3
212256,1
212260,4
212265,2
212267,5
212273,4
212278,4
212282,4
212286,2
212288,3
212291,2
212298,1
212300,3
212305,2
212313,5
212318,2
212320,2
212322,5
212327,6
212333,1
212341,3
212344,2
212346,5
212353,2
212355,3
212361,3
212364,2
212366,2
212368,2
212370,4
212378,6
212387,4
212392,2
212396,2
212400,3
212403,4
212407,2
212410,2
212413,6
212419,3
212422,1
212426,2
212431,2
212441,2
212443,2
212445,3
212454,3
212457,2
212459,4
212466,2
212468,4
212472,2
212474,3
212477,2
212483,2
212489,2
212498,5
212504,3
212507,2
212509,2
212513,2
212521,2
212524,3
212527,3
212535,2
212538,3
212541,2
212543,2
212546,3
212549,3
212554,3
212557,2
212561,3
212565,2
212567,2
212570,2
212574,3
212582,3
212587,2
212589,2
212593,5
212603,2
212605,6
212613,2
212615,3
212619,4
212625,4
212629,1
212633,3
212638,2
212640,2
212646,1
212652,2
212654,3
212661,4
212667,3
212671,3
212675,4
212680,3
212686,2
212689,2
212691,2
212694,3
212698,2
212700,2
212706,3
212709,2
212713,2
212716,2
212720,2
212722,2
212725,2
212728,3
212731,3
212739,3
212745,2
212748,2
212750,4
212754,6
212760,3
212763,2
212765,3
212768,4
212774,3
212777,5
212784,2
212787,2
212791,2
212793,2
212795,2
212798,4
212802,2
212804,3
212810,4
212816,2
212820,1
212822,3
212827,2
212829,2
212831,4
212837,2
212840,3
212843,2
212845,5
212851,7
212858,3
212861,3
212865,3
212870,4
212874,2
212877,5
212887,3
212890,4
212895,2
212899,9
212908,2
212910,2
212913,2
212917,2
212920,1
212922,2
212924,2
212926,2
212928,3
212931,2
212933,3
212936,3
212941,2
212944,3
212947,3
212954,2
212958,2
212962,2
212964,2
212967,2
212974,3
212977,3
212987,2
212993,4
212997,2
212999,2
213002,2
213004,3
213007,2
213011,5
213016,3
213020,2
213022,3
213025,3
213028,2
213030,2
213033,2
213035,3
213038,4
213043,3
213046,2
213052,4
213056,2
213059,3
213065,3
213068,3
213071,3
213076,3
213079,2
213086,4
213094,2
213096,3
213101,3
213105,3
213109,2
213112,2
213114,2
213116,3
213123,2
213126,2
213128,3
213132,3
213140,2
213142,2
213145,2
213152,2
213155,2
213160,3
213163,2
213165,2
213167,2
213176,4
213181,2
213184,2
213186,2
213188,2
213193,2
213195,5
213202,1
213208,2
213211,3
213218,2
213224,4
213228,2
213230,2
213234,3
213238,4
213243,2
213245,7
213255,3
213258,3
213261,3
213264,3
213269,2
213271,2
213273,2
213276,2
213278,2
213282,2
213284,2
213289,2
213292,3
213295,4
213299,2
213302,2
213304,2
213306,2
213313,1
213318,2
213320,3
213324,4
213331,1
213333,2
213335,4
213342,5
213349,4
213353,3
213357,2
213359,5
213364,5
213369,2
213372,2
213377,2
213379,1
213391,3
213394,2
213398,3
213401,2
213403,3
213407,2
213409,3
213414,3
213417,2
213419,3
213428,2
213430,2
213432,4
213436,2
213438,3
213442,3
213445,1
213447,2
213449,7
213457,3
213461,4
213465,4
213471,2
213481,2
213483,6
213492,2
213495,2
213497,3
213500,2
213502,2
213504,4
213510,2
213512,2
213520,2
213523,3
213528,3
213531,2
213542,4
213546,3
213553,2
213555,4
213559,2
213566,2
213569,1
213571,2
213574,2
213578,3
213583,2
213586,3
213590,2
213592,3
213595,2
213597,2
213601,2
213609,2
213611,2
213624,2
213627,3
213632,3
213636,2
213638,2
213642,2
213644,4
213648,3
213652,2
213654,2
213656,2
213660,3
213665,2
213671,2
213674,2
213677,2
213681,2
213683,5
213689,7
213696,4
213700,2
213714,3
213718,2
213720,2
213723,2
213726,2
213728,5
213733,2
213736,4
213742,3
213749,5
213755,3
213761,5
213766,2
213768,3
213771,4
213775,3
213778,1
213780,3
213790,3
213796,2
213798,2
213801,2
213805,2
213807,2
213812,1
213815,2
213821,4
213825,4
213829,2
213831,2
213833,2
213835,2
213838,2
213842,3
213845,3
213852,3
213856,2
213860,2
213863,2
213871,3
213878,2
213880,2
213882,5
213887,2
213889,2
213894,2
213896,2
213902,2
213904,2
213906,2
213908,3
213922,4
213926,3
213929,2
213931,4
213935,2
213937,2
213939,3
213942,2
213947,2
213953,10
213964,2
213966,3
213973,2
213977,1
213979,2
213981,2
213984,2
213986,2
213988,2
213992,2
213994,2
213996,3
214000,3
214003,6
214010,2
214013,3
214016,3
214021,2
214024,2
214026,1
214028,2
214032,2
214034,7
214044,1
214047,2
214049,2
214051,2
214053,2
214056,2
214061,2
214063,2
214067,2
214069,2
214071,2
214074,2
214079,3
214084,1
214088,2
214092,2
214094,3
214101,3
214104,3
214107,2
214110,2
214113,4
214117,3
214122,2
214124,5
214129,2
214131,3
214135,2
214142,5
214147,3
214152,2
214156,6
214163,2
214166,2
214170,2
214173,2
214176,3
214179,2
214183,3
214186,2
214189,6
214195,2
214200,2
214202,4
214206,3
214214,2
214216,3
214219,2
214223,3
214226,2
214228,2
214230,5
214236,4
214240,3
214243,4
214252,2
214254,2
214258,2
214260,1
214262,4
214271,2
214273,2
214278,3
214281,5
214286,3
214294,9
214304,2
214310,2
214313,2
214315,2
214317,2
214319,6
214326,1
214330,3
214333,2
214335,2
214337,2
214341,2
214343,2
214349,7
214357,2
214362,2
214364,3
214367,2
214373,3
214377,2
214379,2
214381,5
214386,6
214394,2
214396,3
214399,2
214403,2
214406,2
214411,2
214413,2
214417,3
214420,3
214430,2
214433,2
214435,3
214439,2
214441,2
214443,4
214448,3
214452,2
214454,2
214457,2
214463,2
214465,3
214473,4
214478,3
214482,3
214490,3
214493,3
214497,3
214500,3
214503,4
214507,2
214512,3
214515,2
214517,4
214521,7
214532,3
214535,2
214537,5
214543,4
214549,3
214552,2
214558,1
214560,2
214566,2
214570,3
214577,5
214582,3
214585,3
214589,2
214592,2
214594,2
214601,2
214610,2
214613,2
214618,2
214620,2
214622,5
214627,2
214632,2
214634,3
214637,4
214641,2
214643,3
214647,2
214650,2
214652,3
214656,6
214664,2
214667,2
214670,3
214675,2
214679,3
214684,3
214692,7
214699,1
214701,2
214706,5
214713,1
214716,3
214719,4
214723,2
214725,4
214731,2
214737,2
214739,3
214742,2
214744,2
214746,3
214754,2
214756,2
214759,2
214767,3
214770,2
214772,2
214774,2
214776,2
214780,2
214782,3
214787,5
214793,2
214796,2
214799,3
214803,3
214806,2
214812,2
214816,2
214820,3
214823,2
214829,2
214832,4
214836,5
214843,2
214845,2
214848,3
214852,2
214854,2
214856,2
214858,2
214860,2
214862,2
214865,5
214870,3
214873,3
214876,2
214879,4
214883,2
214885,2
214890,2
214892,2
214894,3
214897,2
214902,3
214906,2
214911,4
214917,3
214921,3
214926,3
214929,3
214942,2
214947,4
214951,1
214959,6
214968,2
214975,2
214982,4
214986,2
214992,2
214995,3
214998,3
215002,2
215008,3
215011,6
215017,3
215021,3
215024,2
215026,3
215032,3
215043,3
215046,2
215060,2
215062,2
215065,3
215072,2
215075,2
215080,2
215082,2
215086,2
215088,2
215093,2
215101,7
215110,3
215118,2
215120,3
215124,2
215126,2
215132,4
215136,2
215138,2
215141,6
215150,2
215154,2
215156,2
215158,2
215160,3
215163,2
215166,5
215171,2
215174,4
215178,3
215181,2
215183,4
215188,2
215192,2
215194,3
215199,2
215201,4
215208,2
215210,3
215215,2
215218,4
215225,6
215233,4
215244,3
215248,7
215255,2
215257,3
215261,5
215270,3
215275,2
215277,4
215282,3
215285,2
215287,2
215291,2
215296,4
215302,6
215310,2
215318,6
215324,2
215326,2
215328,3
215331,2
215333,2
215336,2
215340,2
215344,2
215347,3
215350,3
215355,2
215359,2
215363,2
215369,5
215374,3
215380,2
215383,3
215386,4
215390,2
215393,2
215395,5
215400,2
215402,2
215405,2
215407,2
215410,3
215413,2
215415,3
215418,3
215423,4
215427,4
215431,4
215435,2
215437,3
215442,3
215445,2
215448,5
215453,4
215457,2
215459,3
215464,2
215466,5
215471,2
215473,4
215477,4
215481,4
215486,2
215488,3
215491,2
215493,2
215495,2
215499,2
215502,3
215505,4
215509,5
215514,2
215518,6
215528,4
215532,4
215538,2
215540,5
215545,4
215550,2
215552,10
215564,4
215569,2
215571,11
215588,3
215591,9
215600,2
215602,3
215609,8
215621,2
215623,3
215627,3
215631,4
215635,2
215638,6
215645,4
215649,3
215652,8
215661,2
215663,4
215668,2
215670,4
215674,2
215676,6
215683,4
215687,4
215692,3
215696,3
215699,2
215701,2
215703,4
215707,2
215710,5
215716,3
215720,5
215725,2
215727,2
215729,4
215733,4
215737,2
215739,2
215741,4
215747,5
215754,4
215758,2
215760,6
215766,5
215773,2
215776,5
215782,3
215785,5
215790,2
215795,6
215801,11
215817,2
215819,3
215822,4
215827,2
215830,2
215832,4
215837,3
215840,2
215842,2
215844,5
215849,4
215854,2
215856,2
215858,2
215862,2
215864,9
215873,2
215877,6
215883,3
215887,2
215889,2
215892,2
215894,2
215897,3
215900,3
215903,9
215912,2
215914,7
215921,2
215923,4
215927,2
215929,2
215931,2
215934,2
215936,2
215938,3
215942,5
215947,2
215954,3
215958,3
215961,12
215973,4
215979,3
215982,2
215984,3
215987,4
215992,2
215994,3
215997,5
216002,3
216008,2
216010,2
216012,2
216014,4
216019,4
216023,2
216025,2
216027,3
216030,3
216033,2
216035,2
216038,4
216042,2
216044,3
216048,2
216050,2
216052,3
216059,2
216061,2
216064,2
216066,4
216070,2
216072,2
216074,2
216076,5
216081,3
216085,8
216093,2
216095,3
216098,3
216101,2
216103,3
216106,2
216108,4
216113,2
216115,2
216118,3
216121,2
216123,2
216125,3
216128,5
216133,6
216139,3
216142,3
216145,4
216149,4
216155,2
216157,8
216165,2
216167,3
216171,2
216177,2
216181,5
216186,8
216197,5
216202,2
216204,2
216207,2
216209,2
216211,8
216219,2
216221,6
216230,2
216233,7
216242,2
216245,5
216251,3
216255,2
216257,6
216264,3
216267,3
216270,5
216275,2
216277,2
216279,3
216283,2
216285,3
216289,4
216293,3
216296,2
216298,2
216301,2
216303,7
216310,2
216313,3
216316,2
216318,2
216320,9
216329,2
216333,3
216336,2
216338,5
216344,2
216346,3
216349,2
216351,2
216353,2
216356,5
216361,2
216363,3
216366,2
216371,4
216375,4
216381,2
216383,3
216386,4
216390,4
216394,2
216396,3
216399,3
216403,4
216408,2
216411,2
216413,4
216417,5
216423,2
216425,3
216428,2
216430,2
216432,5
216439,4
216443,4
216447,2
216450,2
216453,3
216459,2
216462,5
216468,3
216471,2
216473,2
216475,2
216477,3
216482,3
216485,3
216491,6
216499,2
216501,4
216508,4
216512,2
216514,2
216516,2
216519,4
216525,2
216530,3
216533,4
216537,2
216539,3
216543,4
216547,3
216550,3
216557,2
216559,3
216562,2
216566,3
216569,2
216572,3
216575,2
216577,3
216580,3
216583,9
216594,4
216598,5
216605,2
216608,4
216612,2
216614,3
216620,3
216623,4
216627,2
216629,5
216635,3
216640,2
216644,2
216646,2
216649,2
216651,3
216654,2
216656,3
216660,2
216664,2
216666,6
216672,4
216676,2
216680,3
216684,2
216687,2
216691,6
216697,6
216703,3
216706,2
216708,2
216711,2
216713,7
216720,2
216727,2
216729,1
216732,4
216741,2
216743,2
216746,2
216748,2
216752,3
216758,3
216761,5
216767,12
216781,2
216784,6
216791,3
216794,3
216797,2
216802,2
216804,3
216807,4
216812,8
216821,5
216826,2
216830,2
216833,3
216836,2
216838,2
216840,3
216843,5
216848,4
216854,2
216856,3
216861,4
216865,6
216872,2
216875,4
216879,3
216885,2
216888,10
216898,3
216901,2
216903,2
216906,5
216912,2
216914,3
216917,2
216920,8
216928,2
216939,3
216946,2
216948,2
216951,3
216955,2
216957,2
216959,2
216961,2
216963,2
216965,2
216967,2
216970,4
216974,2
216976,7
216983,9
216992,4
216997,2
217000,2
217002,3
217005,4
217010,3
217016,4
217020,2
217022,2
217026,6
217034,3
217040,5
217045,6
217051,3
217056,12
217068,9
217077,5
217084,2
217086,2
217089,3
217093,2
217096,3
217099,3
217102,2
217104,2
217106,4
217114,3
217117,2
217119,2
217122,3
217125,4
217129,2
217131,3
217135,9
217144,4
217148,2
217150,2
217152,2
217156,7
217163,4
217167,5
217172,1
217176,2
217178,2
217182,2
217185,5
217190,2
217193,5
217198,2
217200,2
217202,3
217205,3
217209,2
217214,2
217216,3
217219,2
217221,2
217223,2
217225,4
217231,3
217234,2
217236,2
217242,1
217244,3
217247,4
217251,4
217255,3
217259,4
217264,3
217267,2
217269,2
217271,2
217276,4
217282,4
217286,2
217288,3
217291,4
217295,2
217297,4
217301,4
217305,2
217307,6
217313,2
217315,4
217322,4
217327,3
217330,4
217334,2
217338,6
217344,10
217355,2
217357,2
217359,2
217361,2
217363,2
217365,2
217367,5
217372,4
217379,3
217382,2
217384,2
217386,3
217390,2
217392,2
217394,5
217400,3
217407,4
217412,2
217414,2
217417,2
217422,5
217428,2
217431,4
217437,3
217440,2
217442,3
217445,1
217448,2
217450,3
217454,4
217458,2
217460,5
217465,4
217469,3
217472,5
217478,6
217484,2
217486,10
217496,2
217498,4
217503,3
217507,2
217511,2
217514,5
217519,3
217522,4
217526,2
217529,2
217531,2
217533,4
217539,2
217541,17
217559,5
217565,8
217573,6
217579,2
217581,4
217585,3
217593,2
217595,2
217598,3
217604,2
217607,2
217611,3
217615,2
217618,4
217623,6
217629,7
217636,4
217641,2
217643,3
217646,2
217648,5
217653,3
217658,3
217661,2
217664,3
217667,5
217672,3
217679,3
217682,3
217685,2
217687,1
217689,2
217691,3
217694,2
217696,2
217699,2
217701,10
217712,2
217714,3
217719,4
217723,3
217726,4
217730,3
217734,2
217736,2
217739,2
217742,2
217745,2
217748,4
217752,2
217754,2
217756,3
217760,2
217764,8
217772,5
217779,4
217783,7
217790,2
217794,3
217798,3
217801,2
217803,3
217807,6
217813,2
217816,4
217820,6
217826,2
217829,3
217832,3
217835,2
217841,2
217843,8
217854,3
217857,3
217861,3
217864,4
217869,16
217885,3
217888,2
217896,2
217900,2
217902,6
217908,1
217911,4
217915,4
217919,2
217922,2
217925,2
217927,3
217930,4
217934,4
217941,6
217947,3
217951,6
217957,3
217964,4
217970,4
217974,2
217977,3
217980,2
217982,4
217986,8
217994,2
217996,3
218001,2
218003,2
218005,4
218009,2
218012,2
218014,3
218018,2
218021,4
218025,3
218034,3
218037,2
218039,3
218043,2
218045,3
218049,4
218054,5
218060,2
218062,9
218071,2
218074,5
218079,2
218081,8
218089,2
218091,2
218094,2
218096,3
218099,2
218105,2
218107,2
218115,2
218117,3
218120,3
218124,2
218127,2
218129,2
218133,2
218137,2
218139,4
218143,2
218145,3
218148,4
218152,3
218155,3
218158,3
218163,2
218165,5
218173,3
218176,6
218184,2
218187,4
218191,2
218195,6
218204,2
218207,5
218213,1
218216,3
218219,3
218223,5
218228,2
218230,3
218233,2
218235,2
218237,3
218242,2
218244,2
218246,7
218254,4
218258,2
218260,3
218263,5
218269,3
218276,4
218283,3
218286,2
218288,2
218290,10
218302,4
218306,5
218311,2
218314,2
218316,2
218318,3
218321,3
218324,2
218327,3
218330,2
218332,10
218342,5
218348,3
218352,3
218356,2
218358,3
218361,3
218366,4
218374,3
218378,3
218381,2
218383,2
218387,3
218393,2
218395,6
218401,2
218403,2
218405,8
218415,3
218419,2
218421,2
218424,3
218428,2
218430,5
218437,8
218445,3
218449,4
218453,1
218456,3
218463,2
218467,5
218472,5
218478,2
218480,3
218484,4
218488,14
218502,4
218506,3
218510,3
218513,5
218518,5
218524,4
218528,4
218532,2
218534,5
218539,2
218542,3
218545,3
218557,2
218559,3
218563,2
218566,3
218569,3
218575,2
218577,1
218581,5
218587,4
218591,16
218607,7
218614,4
218618,5
218623,5
218628,2
218631,2
218634,2
218636,8
218645,5
218651,3
218657,3
218660,3
218664,4
218668,3
218671,3
218674,3
218678,4
218682,3
218685,5
218690,2
218692,4
218696,3
218701,4
218705,6
218713,3
218716,4
218720,2
218723,2
218725,2
218728,6
218734,3
218738,3
218745,2
218747,2
218750,3
218753,1
218755,3
218758,5
218765,11
218777,5
218782,4
218786,3
218790,2
218792,4
218796,2
218800,3
218804,5
218809,3
218812,2
218814,4
218820,4
218825,4
218829,4
218834,5
218839,6
218846,3
218849,5
218854,4
218861,2
218863,2
218865,2
218867,2
218869,1
218871,2
218873,3
218876,8
218884,3
218887,2
218889,5
218894,3
218897,5
218903,4
218907,2
218910,3
218914,5
218920,2
218922,6
218930,4
218934,2
218937,2
218939,2
218941,3
218944,4
218949,3
218952,2
218954,4
218958,2
218961,2
218963,6
218969,2
218971,2
218973,7
218980,4
218984,4
218988,2
218991,4
218995,3
218998,2
219000,2
219002,2
219007,2
219009,2
219011,2
219014,2
219016,2
219019,4
219024,5
219030,2
219032,5
219037,3
219041,2
219048,2
219050,6
219056,4
219060,2
219062,10
219072,5
219077,2
219079,2
219082,3
219085,2
219089,3
219092,4
219096,2
219098,3
219101,3
219104,6
219110,3
219113,3
219116,5
219123,3
219126,2
219128,8
219137,3
219141,2
219143,3
219146,2
219149,3
219154,3
219157,4
219161,2
219163,5
219170,3
219173,2
219176,4
219180,5
219187,2
219189,3
219194,2
219196,4
219200,2
219202,2
219208,3
219212,3
219215,4
219219,2
219221,5
219226,3
219229,2
219232,3
219235,2
219238,2
219240,8
219251,2
219253,6
219261,2
219264,4
219268,2
219270,2
219272,1
219276,2
219278,4
219283,9
219292,2
219294,3
219299,9
219311,4
219315,2
219320,2
219322,2
219324,4
219330,4
219335,2
219337,2
219340,5
219345,2
219353,5
219358,2
219360,5
219365,2
219367,5
219372,3
219376,6
219382,2
219385,3
219389,2
219391,2
219394,3
219397,2
219401,3
219404,2
219408,2
219410,5
219415,2
219417,3
219421,5
219427,3
219430,2
219432,1
219434,4
219439,3
219444,2
219446,5
219451,5
219456,2
219459,4
219463,2
219465,4
219470,4
219474,3
219478,2
219481,2
219483,2
219487,3
219490,2
219493,2
219495,2
219499,2
219504,5
219509,3
219514,4
219518,2
219520,7
219527,2
219529,5
219534,2
219536,3
219539,2
219542,6
219548,8
219556,3
219559,2
219561,2
219565,3
219569,3
219572,6
219578,3
219581,2
219584,3
219587,3
219591,4
219597,2
219600,7
219608,2
219611,4
219616,2
219618,7
219625,2
219628,3
219631,5
219637,7
219645,1
219647,3
219651,2
219653,2
219656,4
219660,2
219662,6
219668,8
219678,3
219683,5
219689,2
219691,3
219695,5
219700,3
219703,8
219713,6
219720,6
219726,2
219728,10
219738,3
219743,2
219745,2
219748,3
219754,3
219757,4
219761,2
219763,3
219766,2
219769,3
219774,3
219778,3
219781,4
219786,4
219791,2
219794,7
219801,4
219805,4
219809,2
219812,2
219814,7
219821,2
219823,3
219827,4
219831,3
219834,6
219840,4
219845,3
219848,4
219853,2
219858,2
219860,3
219863,4
219867,7
219874,4
219878,3
219883,2
219885,4
219889,2
219894,3
219897,2
219899,3
219904,4
219908,4
219914,4
219918,3
219922,4
219929,4
219934,2
219936,2
219938,3
219941,4
219945,4
219949,2
219951,2
219953,2
219956,4
219963,2
219965,3
219968,6
219976,2
219978,6
219984,8
219992,3
219996,6
220002,2
220004,4
220010,2
220013,7
220020,2
220022,6
220030,3
220037,2
220039,5
220044,2
220046,4
220050,3
220054,5
220059,3
220063,3
220066,2
220069,3
220074,4
220080,2
220083,2
220086,2
220088,3
220091,9
220100,4
220105,3
220112,4
220116,5
220122,5
220127,2
220130,2
220132,2
220134,3
220137,3
220142,3
220145,3
220149,2
220151,5
220156,5
220162,3
220165,7
220175,4
220179,4
220183,7
220192,4
220196,4
220200,6
220206,2
220208,2
220211,3
220214,2
220216,2
220218,3
220221,4
220225,5
220230,3
220234,3
220237,6
220244,2
220246,5
220251,3
220256,3
220259,3
220262,3
220267,3
220274,3
220277,7
220284,2
220286,6
220292,9
220301,6
220308,2
220312,4
220317,4
220321,2
220325,4
220329,2
220331,3
220334,6
220341,3
220344,3
220348,2
220350,7
220357,4
220363,3
220366,2
220368,2
220371,5
220376,3
220379,3
220382,3
220385,2
220388,2
220390,2
220393,5
220398,2
220400,5
220405,2
220407,6
220413,3
220416,3
220419,3
220426,3
220430,3
220433,2
220435,6
220441,3
220445,2
220447,8
220455,5
220460,3
220464,4
220472,2
220476,4
220480,2
220482,4
220486,3
220489,7
220496,6
220502,2
220504,4
220508,2
220512,2
220514,2
220517,5
220523,2
220525,3
220528,2
220532,12
220544,4
220548,6
220554,5
220560,3
220563,2
220565,7
220572,3
220575,2
220577,6
220586,2
220588,2
220592,2
220594,9
220603,7
220611,2
220613,4
220617,6
220624,3
220627,3
220630,2
220632,6
220638,2
220640,2
220643,2
220645,3
220652,3
220655,2
220658,11
220669,4
220673,2
220675,2
220677,3
220680,3
220684,3
220688,2
220690,3
220693,2
220695,7
220703,3
220706,4
220712,2
220716,5
220722,2
220724,2
220727,6
220733,2
220737,7
220745,2
220748,5
220753,2
220755,4
220761,3
220764,2
220767,6
220773,3
220776,6
220784,3
220787,5
220792,3
220795,3
220798,4
220802,7
220809,2
220812,6
220818,3
220821,2
220823,4
220827,3
220834,3
220838,6
220844,2
220847,6
220853,3
220857,2
220860,3
220864,4
220869,2
220872,3
220876,5
220881,2
220885,2
220887,5
220892,2
220894,3
220898,2
220900,6
220906,3
220909,1
220912,3
220915,2
220919,2
220922,3
220927,2
220929,2
220931,2
220933,3
220939,2
220943,4
220947,2
220949,3
220952,5
220957,2
220959,4
220963,6
220969,2
220972,3
220975,2
220977,4
220981,5
220986,6
220992,4
220996,7
221003,2
221005,6
221011,2
221013,2
221015,5
221020,4
221024,3
221027,6
221033,3
221036,1
221039,3
221043,3
221046,2
221049,3
221052,2
221056,7
221063,4
221068,5
221073,3
221076,6
221084,1
221087,2
221089,1
221091,2
221093,2
221095,7
221103,4
221110,2
221112,3
221117,5
221122,2
221124,3
221127,2
221130,5
221135,3
221142,3
221146,2
221149,4
221154,2
221156,2
221158,6
221165,4
221169,3
221172,4
221178,4
221183,3
221186,5
221194,3
221197,2
221199,9
221208,5
221215,7
221222,11
221233,2
221235,4
221240,3
221244,2
221246,2
221248,2
221250,1
221252,2
221254,3
221257,2
221266,2
221270,3
221274,3
221280,1
221283,2
221288,3
221291,1
221294,2
221297,1
221300,6
221307,2
221310,3
221314,3
221319,2
221322,3
221326,2
221328,7
221337,3
221341,2
221345,5
221350,4
221356,5
221361,5
221366,4
221371,3
221374,2
221377,3
221381,3
221384,5
221389,6
221397,6
221403,2
221405,5
221410,2
221412,2
221414,2
221416,3
221419,5
221425,7
221432,7
221440,6
221446,2
221449,2
221451,2
221453,2
221456,4
221461,2
221463,6
221469,2
221472,2
221478,9
221488,3
221493,2
221496,9
221505,3
221508,7
221515,3
221518,3
221523,4
221527,2
221533,3
221536,7
221543,3
221548,2
221550,2
221552,2
221554,3
221557,4
221561,12
221573,6
221579,5
221584,5
221590,4
221594,6
221600,1
221604,2
221607,4
221613,5
221618,4
221622,4
221627,3
221631,2
221633,7
221640,6
221646,7
221653,2
221655,3
221659,3
221662,5
221668,9
221677,7
221684,3
221688,3
221696,3
221699,2
221701,2
221703,2
221710,2
221712,4
221716,2
221718,3
221721,2
221723,4
221729,2
221731,2
221733,3
221737,3
221741,2
221743,4
221747,5
221752,2
221755,4
221760,4
221764,5
221770,3
221774,4
221780,3
221784,2
221787,5
221792,2
221795,3
221801,2
221803,7
221810,2
221812,6
221818,2
221825,5
221830,4
221837,2
221840,3
221846,3
221849,7
221856,3
221859,3
221862,5
221867,3
221873,2
221877,4
221881,7
221888,2
221891,4
221898,2
221901,1
221903,2
221905,3
221908,4
221912,5
221918,3
221921,2
221923,5
221928,7
221935,4
221941,6
221947,2
221949,4
221955,2
221958,7
221965,2
221967,1
221973,2
221978,2
221980,2
221982,4
221988,2
221990,2
221992,3
221997,6
222003,2
222005,4
222009,3
222012,2
222018,2
222022,2
222024,2
222026,2
222029,3
222033,2
222035,5
222041,4
222047,1
222049,5
222055,2
222057,2
222059,5
222064,8
222073,10
222086,5
222091,5
222096,3
222100,4
222104,2
222107,4
222113,4
222118,7
222125,4
222129,3
222132,2
222134,3
222139,5
222144,2
222146,5
222153,4
222157,4
222161,6
222168,2
222170,2
222172,4
222177,3
222180,2
222182,3
222188,3
222192,3
222205,2
222207,4
222211,2
222214,4
222223,5
222228,3
222231,4
222235,2
222238,3
222242,2
222244,3
222247,4
222252,4
222256,3
222259,7
222268,2
222271,3
222276,3
222279,5
222284,4
222289,2
222293,7
222304,2
222306,4
222311,3
222315,2
222317,2
222319,5
222324,2
222326,2
222328,3
222331,7
222339,4
222343,2
222346,7
222353,3
222356,4
222360,3
222363,5
222370,2
222372,2
222374,5
222380,7
222387,3
222390,4
222395,9
222405,4
222409,3
222412,4
222418,3
222422,3
222426,3
222429,5
222437,4
222445,3
222449,2
222453,4
222458,3
222462,3
222465,1
222467,6
222473,3
222476,5
222481,3
222486,1
222488,4
222493,3
222496,3
222500,2
222503,4
222509,2
222511,2
222513,3
222517,2
222520,2
222522,5
222527,6
222533,2
222537,6
222544,3
222547,3
222550,1
222552,2
222554,7
222561,2
222563,2
222567,5
222572,2
222575,3
222578,5
222585,2
222587,4
222591,12
222604,6
222610,2
222612,2
222614,2
222617,2
222621,4
222625,7
222632,2
222634,2
222636,2
222638,4
222643,2
222645,2
222647,3
222650,3
222654,4
222659,2
222662,3
222665,2
222667,7
222674,3
222678,4
222684,4
222691,3
222695,4
222699,2
222704,2
222706,7
222714,5
222722,3
222725,6
222731,5
222737,3
222740,3
222745,5
222750,4
222754,2
222756,2
222759,2
222761,4
222766,2
222768,3
222771,2
222773,4
222778,2
222780,5
222787,4
222791,2
222794,2
222796,3
222800,4
222804,2
222807,9
222817,2
222821,4
222826,2
222828,2
222830,4
222834,4
222840,3
222843,2
222845,2
222847,3
222852,1
222856,2
222858,3
222862,5
222871,2
222873,2
222876,2
222879,4
222883,2
222888,3
222892,4
222896,2
222899,2
222901,2
222904,2
222906,4
222910,7
222917,3
222920,3
222924,3
222928,6
222934,4
222938,3
222941,4
222947,5
222952,7
222959,4
222963,3
222968,3
222971,4
222977,3
222981,2
222983,2
222985,10
222995,3
222998,4
223002,6
223008,6
223014,3
223017,3
223020,3
223023,3
223026,7
223034,11
223045,2
223047,3
223050,5
223055,2
223057,3
223060,2
223062,2
223064,2
223067,3
223071,6
223078,2
223080,2
223084,4
223088,2
223091,3
223099,2
223103,3
223107,4
223111,4
223116,3
223119,3
223122,4
223126,13
223142,5
223149,4
223153,4
223157,2
223159,4
223163,2
223165,6
223171,2
223173,2
223175,3
223179,2
223184,4
223188,3
223193,3
223197,6
223203,4
223208,3
223212,6
223218,2
223220,3
223223,3
223227,3
223230,7
223237,7
223244,2
223248,3
223251,4
223257,3
223265,4
223269,2
223272,5
223277,2
223279,5
223285,4
223290,2
223293,2
223296,2
223298,4
223302,3
223305,4
223309,4
223313,3
223316,2
223318,5
223323,2
223325,5
223333,8
223341,1
223346,4
223352,2
223357,12
223370,2
223372,5
223377,2
223388,6
223394,3
223397,7
223404,3
223408,2
223410,2
223412,4
223416,3
223419,2
223421,3
223425,4
223429,7
223437,3
223440,2
223443,5
223453,3
223456,2
223458,2
223461,2
223463,2
223466,4
223471,3
223474,2
223477,3
223481,2
223484,2
223486,3
223489,2
223491,4
223495,6
223501,2
223503,3
223506,2
223512,4
223517,2
223520,6
223526,5
223531,2
223533,5
223541,2
223545,3
223548,2
223550,3
223553,5
223559,2
223562,3
223565,5
223571,2
223574,3
223577,3
223580,2
223583,5
223588,7
223600,2
223602,3
223605,2
223608,4
223613,3
223617,3
223620,2
223622,2
223624,4
223628,4
223632,2
223635,3
223640,4
223644,2
223646,4
223651,4
223656,2
223660,6
223666,2
223669,2
223674,2
223677,3
223680,2
223684,2
223686,2
223688,2
223692,2
223696,2
223698,4
223702,3
223706,4
223710,3
223715,4
223720,2
223722,3
223727,2
223729,5
223734,2
223737,6
223743,3
223747,9
223756,6
223763,2
223765,2
223767,4
223774,7
223781,2
223783,6
223789,3
223792,4
223798,8
223807,2
223809,4
223814,3
223817,2
223819,3
223825,4
223829,6
223836,4
223842,3
223846,3
223849,4
223853,2
223855,6
223862,2
223864,5
223869,5
223875,4
223879,2
223881,3
223888,4
223892,6
223899,4
223904,2
223906,4
223910,2
223916,6
223922,9
223932,5
223938,3
223941,8
223957,7
223965,3
223968,6
223979,3
223983,2
223986,3
223990,3
223993,3
223996,2
223999,5
224004,2
224006,2
224010,5
224015,2
224017,3
224023,2
224025,2
224028,2
224030,6
224036,3
224042,2
224044,2
224048,9
224060,3
224063,3
224066,2
224068,3
224073,2
224080,4
224084,5
224091,4
224096,2
224098,3
224101,3
224104,2
224106,3
224111,3
224114,2
224116,3
224119,2
224121,3
224126,5
224131,2
224134,10
224144,3
224147,6
224153,5
224158,3
224161,2
224163,2
224165,4
224169,6
224176,7
224183,1
224185,4
224189,3
224192,2
224195,2
224198,2
224200,8
224211,4
224215,3
224218,4
224226,1
224228,4
224232,3
224235,2
224237,2
224239,4
224243,3
224247,2
224251,5
224257,2
224260,2
224264,2
224266,5
224272,7
224279,5
224284,2
224287,7
224294,3
224298,2
224300,3
224305,5
224311,3
224314,8
224322,2
224325,5
224330,5
224335,2
224337,3
224342,2
224344,9
224354,2
224357,2
224359,5
224364,3
224368,5
224373,2
224375,3
224379,5
224384,2
224386,3
224392,5
224398,4
224402,4
224407,6
224414,7
224421,2
224423,4
224427,2
224429,9
224441,4
224446,3
224450,4
224454,2
224456,5
224461,3
224466,3
224469,3
224472,3
224479,2
224483,10
224493,2
224495,3
224499,5
224505,5
224510,2
224512,2
224514,8
224522,2
224525,3
224528,3
224531,2
224533,3
224537,2
224540,2
224549,3
224554,2
224559,4
224564,3
224569,2
224571,2
224578,2
224580,1
224582,2
224589,2
224592,2
224602,2
224605,2
224617,2
224622,3
224631,2
224633,2
224640,2
224642,2
224648,2
224654,2
224657,2
224659,2
224664,2
224666,3
224669,2
224675,1
224682,1
224684,2
224687,2
224708,1
224711,1
224724,2
224727,3
224733,2
224743,2
224745,3
224748,2
224755,3
224758,2
224769,2
224772,2
224775,3
224779,4
224786,1
224788,2
224801,1
224803,1
224806,2
224809,2
224820,3
224825,4
224829,4
224837,2
224848,3
224851,4
224865,1
224868,3
224878,2
224882,1
224901,3
224918,2
224924,2
224930,3
224937,4
224948,2
224950,2
224954,2
224957,4
224964,1
224970,2
224973,2
224977,1
224994,1
225007,3
225011,2
225054,1
225067,1
225081,3
225091,3
225094,3
225098,3
225105,2
225114,2
225117,2
225119,3
225123,3
225129,2
225139,2
225143,2
225146,1
225152,1
225167,1
225180,2
225201,2
225203,1
225223,2
225231,2
225234,2
225236,3
225247,2
225249,1
225271,2
225274,2
225292,4
225297,1
225302,2
225306,4
225316,2
225325,1
225334,1
225338,2
225347,3
225350,3
225367,3
225371,2
225373,2
225379,3
225387,1
225389,3
225394,2
225410,4
225427,2
225439,1
225441,1
225456,3
225473,2
225483,4
225499,2
225501,1
225504,2
225514,2
225517,2
225532,3
225535,2
225540,3
225544,2
225549,2
225557,2
225584,3
225596,4
225601,1
225614,1
225622,1
225629,2
225636,3
225642,1
225646,3
225650,2
225652,2
225654,2
225658,1
225662,4
225671,2
225675,1
225678,1
225680,4
225697,1
225703,1
225706,1
225712,3
225730,2
225750,3
225754,2
225762,2
225764,2
225766,4
225770,5
225777,2
225794,2
225803,2
225807,1
225810,2
225821,3
225826,2
225828,4
225842,2
225847,2
225854,2
225856,2
225859,2
225888,2
225899,5
225913,4
225923,2
225928,1
225932,1
225970,2
225978,2
225981,1
225995,1
226005,4
226017,2
226030,2
226044,2
226055,1
226062,1
226067,1
226074,4
226079,2
226082,2
226084,3
226103,1
226105,2
226123,2
226139,2
226159,3
226162,2
226164,1
226170,2
226172,3
226176,3
226186,2
226193,1
226202,5
226217,1
226235,3
226243,1
226252,1
226254,2
226269,1
226271,2
226277,4
226281,1
226284,2
226293,2
226301,1
226308,1
226325,1
226329,1
226331,1
226333,5
226357,3
226362,2
226371,2
226373,3
226384,3
226388,1
226395,3
226401,2
226408,3
226415,2
226418,2
226423,1
226427,2
226431,1
226446,2
226451,2
226454,2
226469,3
226478,1
226480,3
226483,1
226492,1
226496,2
226519,1
226523,3
226526,1
226538,1
226542,3
226557,3
226560,2
226562,4
226571,2
226574,3
226597,2
226602,1
226605,2
226611,3
226615,3
226622,1
226640,2
226643,2
226651,2
226653,1
226660,2
226669,1
226697,1
226701,3
226710,2
226715,2
226726,1
226733,2
226756,5
226761,2
226774,2
226777,1
226801,1
226806,1
226840,1
226844,4
226853,1
226855,2
226857,4
226866,4
226875,1
226885,4
226899,3
226904,3
226908,1
226913,1
226916,2
226919,1
226927,2
226937,2
226960,1
226972,2
226974,1
226980,2
226993,2
227009,2
227034,2
227050,2
227071,2
227088,2
227090,2
227096,3
227102,2
227112,4
227122,2
227136,2
227146,2
227152,1
227159,2
227164,2
227170,2
227176,2
227185,2
227193,2
227206,2
227215,2
227228,2
227234,1
227240,3
227244,3
227259,2
227278,1
227288,3
227306,1
227308,2
227310,1
227312,3
227319,2
227321,2
227327,4
227344,3
227348,1
227362,2
227368,1
227384,1
227387,2
227405,4
227424,2
227427,2
227437,2
227441,2
227451,2
227456,2
227472,1
227485,2
227502,2
227534,3
227537,2
227539,2
227554,2
227562,1
227569,2
227571,3
227609,4
227618,1
227623,1
227644,2
227648,1
227652,2
227656,3
227664,1
227669,2
227693,1
227697,1
227709,1
227711,1
227719,1
227740,2
227742,2
227754,2
227776,2
227790,2
227794,2
227796,2
227808,5
227816,3
227820,4
227828,2
227840,1
227855,1
227864,2
227868,3
227877,2
227896,2
227901,2
227908,4
227922,1
227931,2
227934,2
227944,1
227947,1
227950,2
227973,1
228022,2
228024,2
228044,2
228052,1
228095,2
228108,2
228111,1
228121,2
228124,1
228126,3
228130,2
228148,2
228173,2
228192,1
228195,1
228206,1
228216,4
228225,1
228232,2
228235,2
228237,1
228246,5
228251,1
228254,3
228277,1
228286,3
228291,2
228299,1
228311,3
228314,4
228322,3
228350,1
228355,4
228363,2
228369,1
228387,2
228420,2
228433,2
228435,1
228441,3
228444,1
228500,1
228505,1
228522,2
228541,2
228549,1
228574,4
228581,1
228590,2
228593,3
228604,2
228609,2
228617,2
228632,1
228636,2
228638,2
228640,1
228645,2
228653,3
228661,2
228670,4
228678,2
228682,1
228703,2
228705,1
228707,1
228713,1
228727,2
228731,2
228737,1
228739,2
228744,1
228749,1
228765,1
228769,1
228771,3
228776,2
228778,1
228790,2
228825,2
228851,2
228864,1
228882,1
228897,2
228899,1
228901,2
228907,1
228922,2
228931,1
228945,1
228950,2
228957,2
228961,2
228966,1
228971,2
228984,1
228986,3
229010,2
229024,2
229033,1
229039,10
229049,1
229056,2
229062,4
229077,1
229081,2
229095,1
229101,4
229119,2
229121,1
229123,1
229139,2
229141,2
229144,2
229146,2
229156,1
229165,1
229168,4
229175,1
229184,2
229193,2
229221,1
229236,2
229239,2
229241,1
229246,1
229271,2
229285,2
229294,1
229312,1
229331,1
229339,1
229357,3
229368,1
229370,2
229377,2
229379,2
229384,2
229393,2
229401,1
229403,2
229422,1
229437,1
229456,1
229459,2
229461,1
229476,1
229479,1
229491,2
229496,2
229508,1
229524,3
229527,3
229549,2
229558,1
229562,2
229566,1
229582,3
229616,3
229619,3
229625,1
229627,1
229630,2
229632,2
229650,2
229704,2
229713,3
229716,1
229718,3
229727,3
229733,1
229745,3
229750,2
229777,2
229780,1
229786,3
229819,1
229821,1
229823,1
229833,3
229836,2
229847,3
229854,2
229861,1
229865,2
229869,2
229881,1
229889,2
229920,3
229925,3
229955,2
229990,2
229994,2
230014,2
230026,1
230045,2
230063,3
230070,1
230075,1
230088,1
230095,2
230105,1
230112,1
230153,3
230165,2
230181,1
230183,2
230197,2
230222,1
230227,1
230229,1
230251,1
230256,2
230258,1
230267,2
230283,3
230300,2
230315,1
230328,2
230351,3
230359,3
230365,2
230374,3
230377,1
230383,2
230398,2
230435,1
230443,1
230457,4
230461,1
230463,4
230470,1
230472,2
230483,1
230492,1
230494,2
230501,1
230522,2
230525,2
230561,2
230576,2
230583,2
230594,2
230611,1
230616,2
230629,1
230642,3
230660,1
230663,1
230673,5
230691,1
230695,1
230701,1
230713,3
230725,2
230761,2
230787,1
230810,2
230839,1
230859,2
230885,2
230897,2
230902,3
230912,2
230914,3
230917,2
230919,3
230932,2
230938,1
230942,2
230968,2
230970,2
230980,1
230998,1
231003,2
231005,3
231009,2
231016,2
231027,1
231040,1
231051,2
231084,1
231098,2
231101,2
231109,1
231122,1
231136,3
231139,1
231164,3
231173,2
231176,2
231184,1
231192,1
231199,2
231201,1
231210,2
231213,2
231217,2
231228,1
231235,2
231248,2
231289,2
231291,2
231297,2
231316,1
231318,2
231329,2
231333,1
231345,1
231352,2
231365,2
231368,1
231393,2
231406,2
231420,2
231441,2
231461,2
231463,1
231467,2
231498,1
231500,1
231505,1
231508,1
231510,1
231556,1
231566,2
231598,4
231610,1
231612,1
231619,2
231624,2
231635,1
231647,2
231666,3
231669,2
231687,1
231729,3
231741,2
231745,1
231749,2
231764,1
231771,1
231773,1
231794,2
231803,1
231827,2
231850,2
231852,2
231854,1
231879,3
231892,2
231898,2
231904,1
231923,1
231937,2
232004,1
232007,1
232010,1
232014,1
232020,1
232023,1
232033,1
232035,1
232048,2
232069,1
232072,2
232074,1
232082,1
232086,7
232105,2
232108,1
232131,1
232156,3
232170,1
232172,1
232181,3
232186,2
232190,1
232207,2
232223,1
232226,1
232228,4
232233,2
232262,2
232277,3
232304,2
232309,1
232320,2
232336,1
232389,2
232401,1
232407,1
232418,1
232437,1
232442,1
232453,2
232477,2
232481,1
232510,1
232525,1
232536,1
232546,2
232576,2
232578,3
232610,2
232627,1
232634,2
232638,2
232642,2
232646,5
232651,2
232664,3
232680,2
232697,1
232719,2
232730,3
232774,2
232777,2
232785,1
232823,1
232828,2
232856,1
232861,1
232863,1
232865,2
232887,2
232905,1
232911,2
232917,5
232948,2
232957,2
232970,3
232992,1
233010,2
233033,3
233074,2
233143,6
233168,2
233181,2
233183,2
233188,1
233204,1
233218,1
233266,1
233275,1
233278,2
233281,2
233283,2
233285,2
233288,3
233294,2
233297,3
233302,3
233305,2
233314,2
233319,4
233324,4
233328,2
233335,2
233337,4
233344,2
233348,4
233353,2
233356,2
233362,2
233369,3
233374,2
233378,3
233382,2
233384,3
233387,2
233389,4
233393,3
233396,3
233399,2
233401,2
233403,4
233409,3
233415,2
233429,4
233433,2
233441,2
233444,4
233448,3
233451,2
233462,5
233468,2
233471,2
233473,2
233477,4
233483,3
233488,3
233491,1
233493,4
233497,5
233502,2
233504,2
233506,3
233510,3
233521,2
233527,2
233529,2
233531,2
233535,2
233549,4
233553,2
233557,2
233559,2
233563,3
233567,2
233569,3
233573,2
233577,2
233583,3
233588,2
233590,3
233600,2
233604,4
233609,2
233612,4
233618,2
233620,3
233624,2
233630,2
233632,2
233634,2
233640,4
233645,4
233650,2
233652,3
233656,6
233666,4
233671,2
233673,2
233677,3
233689,1
233692,2
233694,4
233698,2
233701,4
233706,2
233710,2
233712,3
233715,2
233718,2
233722,4
233728,2
233731,4
233735,1
233740,2
233746,2
233748,2
233750,3
233753,3
233756,2
233760,2
233766,3
233770,4
233778,4
233782,3
233797,3
233803,3
233811,2
233817,3
233820,2
233827,3
233831,2
233833,2
233837,3
233840,2
233842,3
233847,3
233851,3
233862,3
233865,2
233867,2
233870,2
233872,2
233875,5
233881,2
233884,2
233889,3
233897,2
233904,3
233910,4
233918,2
233922,2
233925,2
233930,3
233933,1
233937,3
233941,2
233944,2
233949,1
233952,2
233954,4
233959,2
233961,2
233964,4
233969,3
233973,3
233978,3
233990,2
233995,3
233998,5
234005,2
234007,3
234013,2
234019,2
234030,3
234042,4
234046,4
234050,2
234052,2
234065,2
234071,2
234078,2
234085,3
234090,2
234096,2
234098,3
234101,2
234110,2
234119,3
234127,2
234134,2
234136,2
234138,3
234147,3
234150,2
234152,1
234155,2
234158,2
234160,2
234164,2
234169,2
234171,4
234178,3
234182,2
234190,3
234194,3
234198,2
234203,4
234209,2
234216,2
234218,2
234220,4
234224,2
234228,2
234230,2
234234,2
234238,2
234240,2
234242,2
234246,4
234251,3
234256,2
234263,4
234270,2
234273,3
234276,2
234278,2
234280,4
234287,2
234302,2
234304,3
234307,2
234309,3
234322,2
234331,2
234335,2
234339,2
234349,2
234353,3
234356,1
234366,2
234368,2
234370,2
234378,3
234382,2
234390,2
234394,3
234400,4
234407,2
234410,1
234415,1
234420,3
234425,2
234427,4
234433,2
234442,2
234444,2
234448,3
234451,2
234455,5
234460,2
234466,2
234468,2
234472,1
234477,3
234480,2
234482,3
234485,3
234491,1
234499,2
234502,2
234505,3
234508,3
234511,2
234515,2
234517,2
234521,3
234525,3
234529,2
234535,1
234540,3
234544,3
234551,3
234556,2
234558,2
234564,1
234569,2
234571,2
234573,4
234578,2
234584,2
234586,2
234588,2
234590,2
234592,2
234599,4
234606,2
234616,2
234619,3
234623,2
234625,2
234630,2
234636,4
234642,2
234650,2
234662,3
234666,2
234668,2
234671,2
234688,2
234706,3
234712,2
234718,2
234720,1
234722,2
234735,2
234740,2
234743,3
234748,2
234754,2
234756,6
234762,2
234766,2
234769,3
234772,2
234779,7
234791,3
234794,2
234800,3
234804,2
234806,2
234809,5
234815,1
234819,2
234821,2
234825,3
234832,2
234834,7
234841,2
234844,3
234847,2
234851,3
234856,2
234858,4
234862,2
234865,2
234867,1
234872,4
234879,4
234896,2
234903,2
234910,2
234918,4
234924,3
234927,2
234937,2
234941,2
234945,2
234947,2
234953,2
234955,3
234958,4
234965,1
234972,2
234975,2
234979,2
234981,2
234984,3
234990,2
234994,5
234999,2
235001,3
235008,2
235012,2
235015,3
235023,3
235027,2
235031,2
235033,2
235035,2
235041,1
235043,4
235047,2
235053,3
235063,2
235065,2
235068,3
235077,2
235081,2
235087,2
235092,2
235107,3
235112,2
235114,3
235119,2
235121,2
235123,2
235125,3
235128,2
235135,3
235138,3
235141,2
235144,5
235156,5
235162,2
235166,1
235171,2
235179,2
235183,2
235195,2
235197,2
235199,3
235204,2
235207,2
235215,2
235230,2
235232,2
235236,2
235245,2
235251,2
235275,2
235277,4
235284,2
235286,2
235295,4
235300,1
235303,2
235306,2
235310,1
235318,3
235333,2
235337,2
235340,2
235343,2
235348,2
235357,7
235375,1
235377,5
235383,3
235387,2
235389,2
235391,2
235396,2
235398,3
235403,2
235421,3
235426,3
235431,6
235439,2
235441,2
235444,2
235447,4
235459,2
235461,2
235464,2
235467,4
235477,3
235483,3
235492,2
235494,2
235497,2
235500,2
235506,4
235510,2
235512,2
235515,3
235518,4
235528,2
235530,3
235535,4
235539,5
235548,2
235553,1
235560,2
235568,2
235573,2
235576,3
235585,2
235598,2
235604,2
235606,2
235608,3
235612,3
235617,5
235624,2
235626,2
235637,2
235640,2
235645,2
235653,3
235661,2
235665,3
235674,2
235680,3
235684,3
235689,2
235691,2
235693,5
235698,2
235702,2
235709,3
235713,2
235715,2
235722,2
235725,2
235729,2
235735,2
235737,2
235741,3
235746,2
235750,3
235757,2
235759,3
235765,3
235768,2
235770,2
235773,2
235776,2
235778,3
235782,4
235786,3
235789,3
235792,2
235795,2
235808,6
235814,2
235816,7
235830,3
235855,4
235872,4
235878,3
235881,1
235886,3
235899,2
235901,3
235925,3
235930,2
235932,3
235937,1
235939,2
235946,2
235949,2
235959,2
235962,2
235964,2
235974,2
235980,3
235985,2
235987,2
235993,5
235999,2
236004,2
236006,2
236011,3
236014,3
236017,2
236021,3
236027,2
236032,2
236037,5
236042,4
236060,2
236069,2
236071,2
236073,3
236076,2
236078,2
236081,2
236085,3
236088,2
236092,2
236095,3
236105,2
236107,2
236111,2
236114,1
236117,2
236124,2
236126,2
236128,2
236131,3
236135,1
236141,1
236146,2
236153,2
236170,2
236178,3
236183,4
236187,4
236195,2
236200,3
236207,3
236216,3
236219,2
236221,2
236224,2
236226,4
236230,2
236235,1
236242,2
236245,4
236250,4
236258,3
236262,2
236272,2
236274,1
236278,2
236284,2
236286,1
236290,2
236292,3
236295,2
236298,4
236310,4
236318,2
236325,3
236332,2
236337,2
236342,3
236347,3
236350,2
236352,2
236358,2
236365,2
236368,3
236373,3
236379,3
236383,2
236387,2
236391,3
236396,2
236400,2
236402,4
236412,3
236416,3
236438,3
236443,4
236447,3
236453,4
236461,3
236465,2
236470,3
236483,4
236493,3
236498,4
236507,2
236516,2
236521,2
236524,2
236528,2
236531,2
236536,3
236539,2
236546,2
236549,3
236554,1
236581,2
236585,1
236587,2
236590,2
236593,3
236602,1
236613,2
236617,2
236621,3
236626,5
236634,2
236637,3
236640,3
236644,2
236651,2
236654,2
236656,4
236661,2
236673,3
236679,3
236683,3
236699,4
236711,3
236716,3
236719,2
236723,2
236731,1
236738,2
236740,3
236745,1
236747,3
236755,2
236765,3
236771,5
236776,2
236778,2
236780,3
236785,2
236789,2
236792,3
236797,4
236802,1
236805,2
236807,2
236813,3
236816,3
236827,4
236831,3
236834,2
236840,3
236845,4
236849,2
236856,1
236858,4
236863,2
236867,2
236878,2
236881,1
236890,2
236892,4
236896,3
236902,2
236906,3
236912,3
236915,2
236918,3
236922,2
236926,3
236933,3
236937,2
236956,2
236966,6
236974,2
236994,2
236996,3
236999,2
237002,2
237009,1
237011,1
237019,2
237023,4
237033,2
237036,3
237048,3
237060,1
237066,3
237070,2
237080,2
237089,2
237091,2
237093,5
237099,3
237109,3
237119,2
237125,2
237130,3
237133,2
237140,2
237142,3
237145,2
237148,3
237157,3
237165,3
237168,3
237172,3
237176,2
237183,2
237185,2
237190,2
237195,2
237197,2
237200,2
237203,2
237209,3
237218,4
237223,5
237228,3
237234,3
237251,2
237253,2
237263,2
237268,2
237271,2
237279,2
237287,2
237289,2
237292,2
237298,3
237301,1
237304,1
237312,2
237318,2
237322,1
237326,2
237330,3
237337,4
237341,2
237350,2
237356,3
237360,3
237371,3
237374,2
237378,1
237381,2
237387,3
237390,3
237393,4
237397,6
237406,2
237425,2
237429,2
237436,2
237441,2
237446,2
237449,2
237452,5
237457,2
237461,2
237463,2
237473,1
237475,3
237483,2
237492,3
237495,2
237497,4
237504,3
237507,2
237511,5
237523,2
237525,2
237530,2
237533,3
237541,3
237546,1
237549,2
237553,2
237556,2
237558,2
237567,4
237571,2
237574,1
237576,4
237581,2
237588,2
237591,2
237593,4
237603,2
237605,2
237608,5
237618,3
237621,4
237625,2
237629,3
237641,2
237643,1
237645,2
237654,2
237661,4
237669,2
237673,1
237678,2
237682,2
237687,2
237689,3
237692,2
237697,3
237700,2
237715,2
237719,2
237724,2
237735,1
237740,3
237743,2
237757,2
237762,2
237790,2
237794,4
237802,3
237809,3
237812,3
237824,1
237826,4
237830,2
237833,2
237837,2
237844,3
237847,2
237849,3
237868,2
237878,1
237885,4
237889,2
237891,3
237895,2
237900,2
237905,2
237909,2
237921,3
237927,3
237931,3
237936,2
237938,2
237943,4
237949,2
237969,2
237971,2
237976,2
237979,3
237991,2
237995,3
237998,7
238012,2
238014,1
238027,2
238031,2
238036,3
238046,2
238053,2
238055,4
238059,2
238064,2
238073,2
238080,2
238085,3
238093,2
238096,3
238099,3
238109,2
238111,2
238116,3
238123,2
238126,3
238129,3
238137,1
238144,1
238154,2
238158,3
238161,4
238167,3
238174,1
238176,4
238183,2
238185,3
238191,2
238202,2
238208,3
238211,3
238217,2
238222,1
238224,2
238228,2
238233,2
238235,2
238239,3
238242,2
238248,3
238254,2
238256,1
238261,2
238263,2
238267,2
238269,3
238272,2
238275,2
238278,2
238280,2
238284,1
238288,3
238291,3
238294,2
238300,3
238303,2
238305,3
238308,2
238319,2
238342,2
238348,4
238361,1
238367,2
238372,2
238376,3
238379,2
238381,2
238391,3
238403,2
238405,4
238414,2
238423,2
238432,2
238435,2
238446,2
238448,2
238451,2
238453,4
238457,3
238465,2
238469,2
238482,4
238490,2
238496,2
238500,2
238505,3
238511,4
238517,2
238519,4
238527,2
238529,2
238533,3
238538,2
238543,2
238547,4
238551,2
238553,2
238559,2
238570,2
238573,2
238584,1
238586,1
238590,3
238603,3
238606,3
238611,2
238616,2
238618,3
238621,2
238624,2
238630,2
238636,3
238648,2
238650,3
238653,4
238663,4
238673,2
238675,2
238677,3
238684,2
238686,2
238694,2
238703,6
238709,3
238712,2
238715,2
238719,2
238724,1
238726,4
238730,4
238749,4
238753,2
238758,1
238762,3
238767,2
238770,4
238780,3
238785,2
238789,3
238794,2
238797,3
238800,3
238804,2
238806,4
238815,3
238823,3
238829,2
238839,2
238841,2
238843,4
238847,2
238850,3
238855,2
238875,3
238878,1
238880,2
238888,2
238898,1
238907,3
238914,2
238926,2
238932,1
238940,2
238942,3
238947,3
238950,2
238953,2
238963,3
238966,2
238974,4
238982,2
238987,3
238991,4
239000,5
239007,2
239009,2
239015,2
239017,1
239023,2
239027,2
239031,4
239036,2
239038,2
239040,2
239047,2
239057,2
239060,4
239064,4
239069,5
239077,2
239079,2
239087,3
239092,3
239098,4
239104,3
239119,2
239121,2
239124,2
239127,2
239138,1
239143,2
239146,2
239164,1
239168,3
239173,3
239176,6
239184,4
239189,1
239197,4
239201,1
239204,2
239212,3
239223,1
239236,2
239243,4
239247,2
239250,1
239255,3
239259,1
239261,2
239263,1
239265,6
239272,3
239275,2
239277,1
239280,3
239285,1
239297,2
239299,2
239304,2
239306,2
239308,2
239310,2
239312,2
239315,2
239317,3
239321,4
239332,3
239336,3
239343,2
239345,4
239352,2
239355,2
239363,3
239368,3
239373,3
239378,5
239394,2
239398,3
239402,2
239404,2
239412,4
239425,2
239443,3
239453,1
239466,3
239473,2
239476,2
239479,3
239482,2
239488,2
239506,1
239509,3
239515,4
239521,1
239525,2
239527,2
239533,2
239544,2
239547,3
239560,3
239564,2
239578,4
239585,3
239597,2
239611,2
239618,3
239632,2
239637,2
239642,2
239646,2
239653,3
239664,3
239668,1
239671,2
239675,2
239679,2
239682,2
239684,2
239686,3
239692,4
239696,2
239698,1
239704,2
239708,4
239713,2
239715,4
239719,1
239722,5
239732,2
239734,2
239737,2
239740,3
239743,2
239746,3
239751,4
239755,3
239759,2
239761,2
239772,2
239779,3
239784,2
239786,3
239792,4
239798,2
239800,2
239802,2
239808,2
239816,1
239819,2
239823,2
239825,3
239831,2
239834,2
239838,2
239844,2
239848,2
239850,2
239853,2
239857,1
239862,2
239870,5
239883,1
239891,2
239899,3
239902,2
239906,1
239909,4
239914,3
239923,2
239928,3
239932,2
239938,2
239941,2
239943,1
239946,3
239951,1
239954,2
239961,3
239964,2
239969,3
239972,2
239974,2
239979,1
239981,2
239986,3
239999,1
240008,2
240023,1
240027,2
240031,2
240039,2
240059,2
240078,1
240080,2
240085,3
240100,1
240105,3
240108,2
240110,2
240114,2
240116,2
240119,2
240121,2
240123,2
240128,1
240135,2
240138,2
240141,2
240144,3
240150,3
240165,3
240169,2
240177,2
240180,6
240186,2
240193,3
240197,2
240230,2
240236,2
240253,2
240258,2
240262,2
240266,1
240286,2
240292,3
240302,3
240306,2
240323,7
240334,10
240350,2
240353,2
240356,2
240363,2
240365,2
240370,2
240373,2
240375,1
240380,2
240390,3
240401,2
240413,2
240422,2
240431,1
240436,2
240442,2
240444,3
240447,2
240449,2
240472,2
240477,2
240481,2
240486,2
240488,2
240491,2
240495,1
240538,2
240542,3
240546,2
240550,2
240552,2
240559,2
240562,4
240567,2
240570,2
240572,6
240580,3
240584,2
240586,2
240589,2
240605,3
240618,2
240620,3
240624,2
240629,2
240649,5
240656,2
240666,2
240679,3
240684,2
240692,2
240694,2
240701,5
240706,2
240710,2
240713,2
240716,2
240719,2
240721,3
240724,2
240727,2
240732,4
240736,3
240739,1
240744,2
240746,4
240763,2
240766,2
240768,2
240775,6
240782,2
240784,2
240786,2
240788,2
240791,4
240800,2
240810,3
240813,3
240816,3
240819,1
240828,2
240840,2
240847,2
240849,2
240853,3
240877,2
240880,2
240882,2
240887,2
240889,2
240893,2
240917,2
240919,4
240931,3
240935,3
240938,2
240954,2
240956,2
240959,1
240964,2
240967,4
240973,2
240981,2
240989,3
240993,2
240995,2
241001,2
241005,2
241009,4
241015,1
241017,2
241023,2
241035,2
241037,3
241042,1
241053,2
241060,2
241068,2
241075,2
241077,1
241085,5
241092,3
241095,2
241097,2
241101,3
241105,5
241110,1
241113,2
241118,2
241136,2
241140,2
241145,2
241147,2
241149,3
241155,5
241170,2
241172,2
241176,1
241180,3
241184,1
241203,4
241208,2
241226,2
241232,7
241239,3
241244,5
241250,2
241252,2
241254,3
241258,2
241260,2
241265,2
241268,3
241273,2
241278,2
241280,2
241287,2
241290,3
241296,2
241307,2
241309,2
241312,3
241318,2
241321,3
241325,1
241327,2
241329,2
241331,5
241347,1
241349,6
241357,2
241359,2
241389,2
241401,5
241416,2
241430,3
241433,2
241442,2
241447,3
241461,2
241465,2
241467,3
241479,2
241487,2
241489,3
241496,4
241503,3
241506,3
241512,2
241515,2
241518,2
241522,3
241525,2
241530,2
241541,4
241547,2
241552,3
241578,4
241584,1
241589,2
241593,3
241605,2
241609,2
241619,1
241626,2
241632,2
241639,1
241643,2
241666,3
241672,2
241683,2
241689,1
241694,4
241698,2
241709,2
241719,3
241728,2
241732,2
241734,2
241736,2
241738,3
241760,2
241770,3
241773,2
241775,3
241784,1
241788,3
241791,2
241798,2
241800,2
241804,5
241814,3
241820,3
241826,3
241836,3
241839,4
241850,2
241854,2
241862,1
241867,1
241870,2
241873,3
241876,2
241878,2
241882,2
241904,4
241910,3
241916,1
241931,2
241933,2
241938,4
241942,2
241944,3
241950,3
241953,2
241962,2
241966,2
241982,2
241999,3
242008,3
242014,3
242029,4
242046,3
242055,2
242057,2
242059,2
242061,2
242075,2
242077,2
242090,3
242095,3
242099,3
242103,3
242107,2
242111,2
242114,2
242116,3
242122,2
242124,6
242130,2
242133,1
242136,2
242140,3
242143,3
242149,2
242151,3
242154,2
242159,2
242164,2
242172,2
242175,1
242181,4
242188,4
242194,3
242200,1
242208,2
242213,2
242215,4
242220,3
242223,2
242231,2
242238,2
242240,2
242254,2
242258,3
242261,2
242264,3
242268,3
242272,2
242274,3
242277,4
242284,2
242288,3
242297,3
242303,2
242305,2
242307,4
242312,2
242314,2
242319,3
242323,2
242325,3
242328,2
242331,2
242334,2
242336,3
242342,2
242345,3
242349,2
242351,2
242353,2
242357,6
242363,3
242368,3
242371,3
242374,3
242381,2
242383,2
242388,2
242390,3
242393,6
242399,5
242404,2
242408,4
242412,3
242415,3
242418,2
242420,3
242424,4
242428,4
242432,4
242437,2
242439,3
242443,3
242446,3
242450,2
242460,2
242462,7
242470,8
242479,2
242481,2
242483,3
242487,6
242494,2
242499,3
242502,4
242506,3
242511,2
242514,2
242516,2
242518,3
242521,2
242531,2
242536,2
242539,4
242544,2
242546,4
242550,3
242554,2
242556,2
242560,2
242562,3
242565,3
242568,2
242572,4
242577,2
242580,5
242586,2
242588,2
242590,8
242598,5
242604,2
242608,4
242621,2
242625,7
242634,3
242637,2
242640,3
242643,2
242645,2
242647,2
242649,5
242654,2
242658,3
242661,2
242663,3
242666,4
242670,4
242674,4
242680,2
242682,1
242686,3
242690,4
242694,2
242697,7
242705,2
242709,5
242714,2
242716,5
242721,3
242724,3
242729,5
242735,3
242738,2
242740,4
242744,4
242748,3
242752,4
242757,4
242761,5
242768,4
242774,4
242779,4
242783,3
242789,2
242792,2
242796,2
242799,3
242802,4
242806,3
242809,4
242813,2
242815,3
242818,2
242820,2
242825,2
242829,7
242837,2
242839,2
242841,2
242844,2
242851,3
242856,2
242860,2
242863,3
242868,3
242871,4
242877,4
242881,3
242884,2
242888,3
242894,5
242899,4
242906,3
242911,3
242916,2
242922,2
242926,2
242929,2
242931,7
242945,3
242957,3
242964,2
242966,4
242970,2
242976,2
242981,2
242983,3
242986,3
242989,4
242994,4
242998,2
243000,3
243005,3
243009,4
243014,7
243021,3
243027,3
243030,7
243037,3
243040,2
243042,4
243046,2
243048,2
243050,2
243054,4
243059,4
243066,4
243070,2
243073,6
243079,3
243084,2
243089,3
243095,2
243099,1
243101,4
243108,4
243113,3
243118,3
243123,2
243126,4
243132,3
243135,2
243138,3
243141,3
243148,2
243150,6
243159,2
243161,3
243164,2
243166,3
243169,2
243173,2
243176,2
243178,3
243183,2
243186,2
243191,6
243203,2
243207,3
243213,1
243215,5
243221,5
243226,2
243228,6
243234,2
243236,2
243239,2
243243,3
243246,2
243248,3
243251,2
243255,2
243257,2
243259,1
243267,2
243269,2
243272,2
243274,3
243279,2
243282,2
243287,4
243292,3
243300,4
243305,2
243307,2
243309,2
243311,2
243314,2
243317,3
243321,5
243326,2
243329,3
243332,2
243335,3
243339,2
243341,2
243345,2
243347,3
243351,2
243361,2
243364,2
243366,3
243372,2
243378,3
243381,3
243388,4
243394,2
243398,3
243401,4
243405,3
243409,3
243414,3
243418,2
243431,3
243436,7
243443,4
243447,2
243452,2
243454,2
243458,2
243460,4
243465,4
243470,2
243472,2
243475,2
243478,4
243482,3
243488,2
243491,3
243494,4
243498,4
243505,2
243507,1
243510,5
243518,3
243521,8
243532,2
243537,4
243541,2
243543,3
243546,2
243548,2
243551,3
243556,3
243560,3
243563,2
243566,2
243568,4
243572,3
243576,3
243580,2
243582,4
243586,2
243588,4
243597,2
243600,3
243604,4
243612,3
243615,3
243618,3
243625,3
243631,2
243633,2
243635,3
243641,2
243643,5
243648,2
243652,2
243654,4
243658,1
243660,3
243665,2
243667,2
243669,2
243671,3
243677,2
243680,2
243683,2
243685,2
243688,3
243693,2
243696,2
243698,7
243705,3
243708,5
243713,6
243720,2
243729,2
243738,2
243742,2
243744,6
243750,2
243752,2
243756,3
243759,2
243761,3
243765,3
243770,2
243772,3
243777,3
243781,2
243784,2
243787,2
243789,6
243800,2
243805,2
243810,2
243812,3
243815,2
243817,2
243819,2
243821,2
243823,3
243826,5
243835,2
243839,2
243844,3
243847,3
243855,4
243859,5
243864,2
243866,2
243870,2
243873,3
243877,2
243881,2
243889,4
243899,3
243902,3
243905,4
243909,2
243912,6
243923,5
243938,2
243941,2
243943,3
243946,3
243950,3
243957,2
243959,2
243962,4
243966,2
243969,3
243973,2
243977,2
243980,2
243988,2
243990,3
243995,3
243999,4
244007,4
244012,4
244030,2
244035,4
244039,4
244043,4
244049,2
244051,2
244053,2
244056,2
244058,2
244061,2
244063,2
244065,2
244068,2
244070,2
244084,3
244090,3
244094,7
244103,2
244106,3
244109,4
244114,2
244119,4
244125,2
244127,4
244131,3
244136,3
244140,2
244147,1
244155,3
244158,6
244167,2
244169,3
244172,3
244175,2
244177,4
244187,3
244190,3
244194,3
244197,2
244199,3
244203,3
244209,2
244215,2
244219,2
244221,5
244226,2
244229,3
244232,4
244236,3
244239,1
244247,2
244250,2
244252,1
244254,2
244256,2
244261,3
244264,2
244267,2
244269,2
244272,2
244274,2
244277,2
244280,2
244282,2
244285,2
244289,2
244292,3
244295,2
244297,2
244300,2
244306,2
244312,3
244319,3
244326,3
244330,1
244334,2
244336,3
244339,2
244341,2
244343,2
244346,3
244349,3
244352,2
244354,4
244359,4
244364,3
244368,2
244371,2
244374,3
244380,3
244384,2
244388,3
244394,2
244396,2
244400,3
244408,2
244410,5
244415,2
244418,5
244423,3
244426,3
244431,5
244436,2
244442,4
244447,3
244450,3
244454,2
244458,2
244460,2
244463,3
244466,3
244470,2
244477,2
244479,2
244481,2
244483,3
244486,3
244490,2
244492,2
244496,6
244510,5
244519,5
244525,2
244529,2
244531,4
244535,6
244541,5
244546,3
244558,2
244560,2
244563,7
244570,2
244572,2
244577,2
244584,3
244590,5
244596,2
244599,2
244602,2
244605,4
244609,4
244614,3
244619,2
244621,2
244623,2
244628,5
244636,2
244642,2
244649,3
244654,3
244657,4
244661,2
244663,7
244670,2
244674,6
244681,4
244685,1
244687,2
244691,2
244693,4
244697,3
244704,3
244710,6
244717,2
244721,2
244723,5
244729,3
244733,2
244738,2
244742,2
244746,5
244751,4
244757,2
244759,2
244761,3
244765,2
244767,2
244769,2
244774,2
244776,2
244782,3
244785,2
244787,2
244789,2
244795,4
244799,3
244803,4
244808,2
244810,4
244815,2
244821,2
244824,2
244826,2
244828,5
244833,2
244836,2
244840,3
244847,2
244849,3
244855,2
244857,2
244861,2
244863,2
244866,2
244869,3
244874,4
244878,2
244880,3
244883,3
244888,2
244891,2
244894,2
244896,3
244901,2
244905,2
244907,2
244909,8
244923,2
244925,4
244931,2
244933,3
244937,6
244945,2
244949,2
244951,2
244953,3
244957,2
244960,2
244963,2
244965,2
244974,3
244977,3
244980,2
244982,2
244986,2
244988,5
244994,2
244997,2
244999,2
245003,4
245008,2
245010,2
245012,2
245014,3
245018,3
245021,2
245023,3
245026,2
245035,2
245040,2
245042,3
245047,4
245055,2
245061,3
245069,3
245072,3
245076,2
245079,2
245081,2
245083,4
245088,2
245090,2
245098,3
245103,2
245105,9
245114,4
245118,2
245120,3
245123,3
245127,2
245131,2
245138,2
245140,2
245142,3
245148,2
245151,3
245156,2
245158,4
245162,2
245164,3
245168,3
245174,2
245177,2
245180,2
245182,4
245186,3
245189,3
245193,2
245197,2
245199,2
245201,3
245209,3
245214,2
245217,3
245221,2
245228,4
245232,4
245243,4
245250,3
245253,2
245255,2
245259,2
245262,3
245265,2
245267,2
245271,1
245278,2
245280,3
245286,2
245293,2
245297,3
245300,3
245304,2
245306,2
245308,6
245314,3
245318,5
245323,2
245329,2
245335,4
245339,3
245347,2
245349,2
245351,2
245353,2
245357,3
245361,3
245365,2
245368,3
245376,2
245380,2
245383,2
245386,3
245390,4
245395,3
245398,2
245400,3
245403,2
245408,2
245412,2
245415,2
245417,2
245420,3
245423,3
245428,2
245434,3
245437,6
245443,2
245445,2
245454,2
245456,4
245461,4
245467,4
245474,2
245476,3
245481,2
245484,2
245487,4
245492,2
245495,4
245500,3
245503,3
245508,4
245512,2
245514,2
245518,3
245524,3
245529,2
245534,2
245536,2
245540,2
245542,2
245549,2
245551,2
245555,2
245562,3
245565,3
245568,2
245570,2
245575,2
245577,2
245584,2
245587,3
245590,2
245595,3
245600,2
245604,2
245608,2
245611,2
245618,4
245624,2
245636,2
245643,2
245645,2
245651,2
245654,4
245658,3
245661,2
245665,2
245669,2
245676,3
245679,2
245681,3
245684,4
245691,2
245693,2
245695,2
245698,2
245700,2
245702,3
245705,2
245707,4
245714,2
245716,2
245721,2
245723,2
245725,2
245728,2
245735,3
245738,2
245740,2
245742,2
245744,5
245750,2
245754,4
245758,3
245761,2
245765,3
245768,4
245772,5
245780,2
245782,3
245790,2
245792,2
245796,2
245801,2
245805,3
245810,6
245823,2
245825,5
245838,2
245847,2
245851,5
245856,2
245860,2
245865,4
245870,6
245876,3
245879,3
245886,4
245891,3
245895,4
245899,3
245904,2
245910,2
245913,2
245916,3
245919,2
245923,4
245928,2
245930,2
245932,2
245938,3
245946,4
245951,2
245953,3
245958,2
245961,2
245963,2
245967,2
245969,5
245974,3
245978,3
245982,2
245984,2
245987,2
245996,2
245998,2
246005,2
246007,3
246014,2
246022,3
246025,3
246030,2
246036,4
246043,2
246045,2
246048,2
246056,3
246059,2
246061,3
246066,4
246074,3
246077,2
246081,3
246084,3
246088,2
246090,3
246094,3
246099,2
246101,3
246108,2
246111,4
246117,2
246126,2
246130,3
246136,2
246138,3
246142,3
246145,2
246147,2
246151,2
246153,3
246161,8
246169,4
246174,2
246180,3
246183,2
246185,2
246190,2
246193,2
246196,5
246201,5
246207,3
246212,2
246215,4
246220,4
246226,2
246228,2
246230,3
246235,2
246237,2
246240,3
246244,5
246249,5
246254,2
246258,2
246260,2
246262,1
246266,4
246270,3
246277,2
246280,3
246287,2
246289,2
246291,3
246296,2
246300,2
246303,2
246306,5
246311,2
246313,2
246315,2
246324,2
246326,2
246328,3
246332,2
246335,2
246338,2
246343,2
246346,2
246348,3
246358,2
246360,4
246365,3
246373,3
246376,3
246379,3
246382,2
246384,3
246387,2
246389,3
246392,2
246396,2
246398,2
246400,3
246404,3
246409,3
246415,3
246418,2
246421,2
246423,2
246425,4
246429,4
246433,2
246435,2
246437,2
246440,2
246442,2
246445,2
246448,3
246451,3
246456,2
246459,5
246470,2
246473,2
246475,4
246482,4
246487,2
246492,2
246494,4
246499,2
246501,3
246507,2
246510,2
246512,2
246514,3
246518,3
246523,2
246527,3
246530,3
246533,2
246535,5
246540,2
246542,2
246544,4
246551,2
246553,4
246557,2
246563,3
246566,2
246570,3
246577,2
246580,2
246589,2
246591,2
246594,6
246600,2
246602,2
246605,2
246608,2
246617,2
246621,4
246626,2
246628,2
246631,2
246633,2
246636,2
246639,2
246647,3
246650,2
246653,2
246663,4
246667,1
246671,2
246674,2
246676,4
246680,4
246684,2
246687,2
246689,2
246691,2
246693,2
246695,3
246701,2
246705,3
246709,2
246711,4
246717,2
246719,3
246723,2
246726,2
246728,2
246731,2
246734,2
246736,3
246739,4
246744,2
246747,3
246753,2
246758,2
246761,2
246763,2
246766,2
246773,2
246775,3
246778,2
246780,2
246783,2
246785,3
246788,3
246793,2
246795,5
246802,2
246805,4
246814,3
246817,2
246819,2
246823,4
246827,1
246829,2
246831,2
246835,3
246838,2
246842,2
246844,2
246846,3
246849,4
246854,2
246856,2
246867,5
246873,3
246882,3
246888,4
246892,3
246895,2
246897,2
246902,2
246907,3
246911,1
246917,3
246920,5
246929,4
246934,3
246939,3
246942,2
246947,2
246950,6
246957,2
246959,3
246962,2
246964,2
246968,3
246973,2
246975,2
246985,2
246988,1
246990,4
246994,2
246996,2
246998,2
247000,2
247002,3
247005,2
247009,3
247012,4
247018,3
247022,2
247025,4
247029,2
247038,3
247042,7
247051,2
247056,2
247058,3
247063,4
247067,2
247069,2
247072,2
247074,2
247076,3
247081,2
247086,3
247090,2
247094,2
247099,2
247101,2
247103,2
247105,2
247108,5
247114,2
247119,3
247122,2
247124,2
247127,2
247129,6
247137,2
247146,2
247150,2
247153,2
247155,4
247162,3
247167,7
247174,2
247177,3
247184,2
247190,3
247195,3
247198,3
247201,2
247203,3
247209,3
247214,4
247220,5
247234,3
247240,4
247244,2
247246,6
247252,2
247255,2
247257,4
247263,2
247266,6
247278,2
247281,2
247286,4
247291,3
247294,2
247296,2
247299,4
247303,3
247308,4
247312,4
247319,2
247321,2
247330,2
247332,2
247337,2
247340,2
247346,3
247350,2
247352,2
247354,2
247358,2
247360,2
247364,3
247367,2
247370,4
247377,2
247379,2
247387,3
247393,2
247395,4
247400,5
247408,3
247418,3
247421,3
247425,2
247429,2
247433,2
247437,2
247440,3
247446,4
247450,3
247453,3
247456,4
247461,2
247463,2
247467,2
247469,2
247472,2
247475,2
247479,7
247486,2
247488,2
247495,2
247499,2
247501,2
247503,2
247506,3
247511,2
247513,2
247517,2
247519,2
247522,2
247527,2
247529,2
247532,2
247536,3
247539,2
247542,2
247544,3
247548,3
247554,3
247557,2
247563,5
247570,2
247573,1
247576,2
247579,4
247584,2
247590,4
247594,2
247596,2
247598,2
247604,2
247606,2
247608,2
247610,4
247614,2
247617,2
247619,1
247621,1
247623,3
247626,3
247630,3
247634,2
247636,2
247640,3
247643,3
247647,4
247651,3
247657,2
247661,3
247664,3
247668,2
247672,2
247676,2
247678,5
247684,5
247692,2
247694,2
247696,2
247698,3
247702,2
247706,2
247709,2
247711,3
247714,3
247718,3
247721,2
247723,3
247727,2
247729,3
247733,2
247737,2
247740,2
247743,2
247745,2
247747,5
247753,2
247759,3
247762,2
247765,2
247773,3
247778,2
247780,7
247787,2
247791,2
247793,2
247797,2
247799,4
247804,2
247807,4
247811,3
247818,2
247821,2
247825,2
247829,2
247833,4
247837,4
247843,2
247846,3
247849,1
247852,2
247854,3
247858,2
247869,2
247872,2
247874,3
247878,3
247881,5
247887,3
247897,3
247900,2
247904,2
247907,2
247912,2
247914,3
247927,2
247930,4
247937,2
247942,2
247944,4
247952,3
247966,3
247977,2
247981,3
247987,2
247990,3
247995,2
247997,4
248003,4
248009,3
248015,2
248017,2
248021,7
248028,4
248035,4
248042,3
248049,2
248051,2
248053,2
248058,2
248063,3
248068,4
248073,2
248080,2
248086,2
248089,4
248094,2
248100,3
248104,2
248110,2
248113,3
248116,4
248122,4
248128,3
248131,1
248133,2
248135,2
248137,4
248145,2
248147,3
248151,3
248156,3
248161,2
248163,2
248165,4
248170,2
248173,2
248175,4
248182,2
248184,4
248188,3
248193,2
248199,3
248208,3
248211,2
248216,2
248219,3
248224,2
248226,2
248229,2
248231,5
248244,4
248248,2
248250,3
248253,1
248257,3
248260,2
248262,3
248267,5
248272,2
248278,6
248284,2
248286,2
248289,2
248291,2
248293,2
248297,2
248299,3
248303,3
248306,2
248310,2
248312,2
248321,2
248323,2
248325,2
248328,3
248331,2
248333,2
248337,3
248346,2
248348,4
248357,5
248363,2
248365,3
248368,2
248374,2
248379,2
248381,1
248385,2
248388,5
248393,2
248396,1
248400,5
248408,1
248411,2
248418,2
248420,2
248422,2
248424,2
248427,3
248430,3
248434,2
248437,2
248439,4
248453,2
248476,4
248481,3
248486,2
248490,2
248494,3
248499,2
248509,2
248512,2
248515,2
248518,3
248525,3
248531,2
248533,2
248535,4
248540,6
248549,2
248551,3
248554,2
248559,2
248562,3
248565,2
248570,2
248575,2
248577,3
248580,2
248582,5
248588,7
248595,2
248597,2
248599,3
248606,3
248609,3
248613,1
248616,3
248619,4
248625,2
248627,3
248630,2
248632,3
248642,2
248647,2
248650,2
248652,2
248654,2
248657,4
248661,2
248666,2
248668,4
248673,3
248676,2
248680,5
248687,2
248690,2
248693,2
248699,2
248702,4
248706,2
248709,3
248713,2
248717,3
248722,2
248724,2
248726,2
248728,2
248731,3
248734,2
248738,2
248740,2
248742,2
248744,2
248747,2
248750,2
248756,2
248759,2
248761,3
248764,3
248767,2
248772,3
248775,3
248778,2
248781,3
248785,2
248787,3
248792,2
248794,4
248800,2
248813,2
248827,2
248833,3
248836,3
248842,3
248845,2
248847,2
248855,4
248859,2
248864,2
248866,2
248868,4
248874,1
248878,3
248883,3
248887,3
248892,5
248900,2
248904,2
248912,2
248919,2
248923,2
248925,4
248931,2
248938,2
248941,5
248947,2
248950,2
248952,2
248954,4
248958,3
248965,2
248969,3
248974,2
248978,3
248981,2
248988,3
248992,2
248996,3
248999,2
249001,5
249010,3
249014,4
249019,5
249026,2
249031,2
249034,2
249037,2
249040,2
249049,3
249052,4
249057,2
249059,4
249063,2
249066,2
249068,4
249074,3
249084,3
249087,3
249090,2
249092,3
249095,3
249104,3
249107,3
249113,2
249118,2
249120,1
249124,3
249129,2
249131,2
249134,2
249139,2
249143,2
249146,2
249150,2
249154,4
249159,2
249165,3
249171,5
249176,2
249178,3
249182,2
249189,4
249198,2
249200,2
249202,4
249206,4
249214,2
249216,2
249218,2
249220,2
249222,2
249224,5
249229,3
249235,2
249240,2
249242,2
249250,2
249253,2
249255,3
249258,2
249260,2
249262,3
249265,2
249268,2
249270,2
249273,2
249276,2
249278,3
249281,2
249285,5
249291,2
249293,3
249297,2
249302,3
249307,2
249311,2
249313,3
249316,3
249326,3
249330,2
249335,3
249339,2
249342,2
249346,2
249348,3
249352,2
249356,4
249360,2
249362,6
249368,2
249370,2
249372,2
249374,3
249377,4
249381,3
249385,2
249387,2
249390,3
249393,2
249400,2
249402,2
249404,5
249409,3
249413,2
249415,2
249421,3
249424,2
249426,3
249431,2
249433,2
249435,3
249438,3
249446,2
249452,4
249456,4
249464,2
249466,2
249468,2
249470,2
249473,4
249477,3
249481,2
249485,2
249487,2
249491,3
249494,2
249501,2
249505,3
249508,3
249516,4
249522,4
249531,4
249535,2
249540,2
249550,3
249558,1
249567,6
249574,2
249576,3
249579,3
249589,3
249595,2
249597,3
249603,2
249607,2
249609,5
249618,3
249622,2
249627,3
249630,2
249632,2
249634,2
249636,2
249641,3
249645,3
249654,3
249658,3
249661,2
249669,4
249676,3
249679,2
249681,3
249688,2
249691,3
249696,2
249698,3
249702,2
249704,2
249708,3
249711,2
249713,2
249716,4
249723,2
249734,2
249738,2
249740,2
249744,3
249747,2
249749,2
249758,2
249761,3
249764,2
249767,3
249771,3
249774,3
249777,6
249786,3
249795,2
249799,2
249805,2
249811,2
249816,3
249819,2
249826,2
249829,2
249837,2
249841,3
249847,2
249851,2
249853,2
249859,5
249866,2
249870,2
249874,2
249877,2
249879,3
249882,3
249887,5
249894,5
249900,2
249902,2
249906,2
249910,3
249916,5
249922,4
249929,4
249933,5
249938,2
249943,2
249946,2
249948,2
249951,2
249953,3
249956,3
249962,4
249968,4
249976,2
249980,2
249986,2
249992,2
249995,3
250007,2
250013,1
250018,2
250021,2
250025,4
250029,2
250031,3
250034,2
250036,4
250043,2
250045,2
250047,2
250049,2
250053,3
250056,2
250059,2
250061,4
250068,4
250074,4
250078,3
250081,2
250083,3
250087,5
250095,3
250103,2
250105,4
250109,2
250113,4
250117,2
250119,2
250121,3
250126,2
250128,2
250130,4
250134,2
250136,2
250138,6
250146,2
250149,3
250153,2
250165,3
250171,3
250178,2
250181,3
250184,3
250187,2
250190,2
250198,5
250210,6
250219,2
250222,2
250224,2
250227,2
250233,2
250235,2
250237,4
250243,3
250246,3
250249,3
250254,2
250257,3
250261,4
250269,3
250273,2
250277,2
250280,2
250283,2
250285,2
250290,2
250293,2
250295,2
250297,5
250305,3
250308,3
250312,3
250316,2
250320,2
250325,2
250330,6
250336,2
250341,3
250353,2
250360,2
250364,2
250378,2
250380,2
250384,2
250386,2
250389,6
250396,3
250406,2
250409,2
250412,3
250415,2
250421,2
250424,3
250428,2
250437,4
250444,3
250447,2
250449,5
250455,3
250462,2
250465,2
250468,3
250476,2
250482,2
250484,2
250486,2
250488,1
250492,2
250494,2
250497,3
250504,2
250506,4
250519,4
250526,4
250531,5
250536,2
250539,3
250542,2
250544,2
250562,2
250564,2
250567,2
250569,2
250579,3
250582,2
250585,2
250589,1
250596,2
250603,2
250605,2
250607,2
250609,2
250612,7
250619,2
250627,3
250636,2
250639,2
250641,2
250643,4
250649,4
250655,2
250657,2
250659,1
250665,2
250674,3
250678,4
250682,3
250686,2
250689,2
250692,2
250695,2
250697,2
250706,3
250709,4
250714,2
250721,3
250724,5
250729,3
250732,4
250737,4
250742,3
250747,2
250751,2
250753,2
250756,2
250761,4
250771,2
250773,5
250779,3
250782,2
250791,3
250795,2
250799,4
250809,4
250813,4
250819,2
250824,4
250828,5
250833,4
250839,3
250842,5
250847,2
250849,2
250851,5
250863,1
250865,3
250873,3
250877,2
250879,3
250886,2
250892,4
250897,3
250901,3
250906,2
250911,2
250913,2
250916,3
250919,3
250922,2
250924,2
250926,2
250928,3
250933,3
250939,2
250941,3
250944,2
250951,2
250958,2
250962,3
250965,3
250969,2
250971,2
250973,2
250976,3
250980,3
250986,3
250989,3
250999,2
251001,2
251003,2
251008,3
251014,3
251018,7
251032,3
251040,2
251045,2
251048,3
251051,3
251055,2
251059,3
251066,2
251068,2
251073,2
251077,2
251079,3
251084,4
251088,2
251091,2
251094,2
251098,5
251103,2
251108,4
251115,4
251120,3
251125,2
251127,2
251131,2
251134,3
251137,2
251139,2
251144,2
251146,3
251149,3
251152,2
251154,2
251160,2
251163,2
251170,4
251174,3
251181,3
251184,2
251186,2
251189,2
251191,4
251196,2
251200,2
251203,2
251205,2
251209,2
251211,2
251214,2
251219,5
251227,2
251229,2
251231,2
251233,2
251235,2
251239,4
251243,4
251247,5
251254,2
251256,2
251258,4
251264,3
251270,2
251273,6
251285,4
251289,3
251292,3
251298,2
251301,2
251306,2
251308,2
251312,2
251315,5
251320,5
251326,2
251332,2
251336,3
251340,6
251346,2
251349,2
251351,2
251358,2
251360,2
251364,3
251371,2
251373,2
251375,4
251379,3
251382,3
251386,3
251391,4
251396,2
251417,2
251432,2
251488,1
251491,4
251516,2
251526,2
251535,2
251537,4
251545,2
251578,2
251599,2
251607,2
251615,2
251647,2
251651,2
251653,1
251714,6
251733,1
251746,1
251781,3
251835,2
251843,2
251921,3
251924,3
251950,1
251995,2
252011,2
252081,2
252091,4
252170,2
252180,1
252211,2
252218,1
252227,1
252261,2
252264,1
252276,6
252337,1
252414,1
252454,2
252475,1
252485,2
252487,1
252499,2
252512,3
252515,1
252528,4
252541,1
252549,1
252567,4
252575,2
252607,2
252617,3
252627,2
252675,1
252746,5
252823,1
252877,2
252879,2
252887,2
252928,2
252950,2
252956,2
253019,1
253028,2
253065,3
253073,2
253091,1
253110,2
253127,1
253130,1
253134,3
253253,2
253258,3
253279,2
253281,1
253298,3
253358,2
253417,2
253421,1
253427,1
253429,1
253470,1
253479,1
253485,1
253495,1
253498,1
253503,1
253519,1
253529,1
253546,1
253553,1
253561,4
253565,3
253632,2
253643,2
253656,1
253662,2
253665,1
253683,2
253728,2
253730,1
253738,4
253745,1
253773,2
253814,2
253834,2
253838,2
253862,2
253922,4
253940,2
253945,2
253950,1
254068,1
254092,2
254115,2
254139,2
254175,1
254185,1
254283,1
254288,1
254295,2
254302,1
254319,2
254336,2
254342,1
254345,2
254351,2
254367,1
254418,1
254430,2
254448,1
254458,2
254493,2
254505,1
254522,1
254528,2
254564,4
254629,1
254667,2
254712,2
254723,2
254776,1
254820,1
254858,2
254873,2
254880,1
254887,1
254923,1
254941,2
254943,1
254947,4
254996,2
255002,6
255013,1
255022,1
255058,2
255103,3
255106,2
255121,2
255179,2
255224,1
255227,2
255232,1
255301,1
255370,1
255376,1
255394,1
255412,2
255414,2
255428,2
255443,1
255449,1
255497,1
255500,2
255503,2
255542,1
255556,1
255585,1
255608,1
255626,1
255629,2
255631,1
255654,1
255677,4
255711,2
255807,2
255837,2
255870,3
255890,1
255895,2
255906,1
255958,1
256019,1
256039,1
256043,2
256059,1
256093,1
256110,1
256120,1
256144,3
256153,3
256159,3
256187,2
256217,1
256229,2
256260,2
256307,1
256340,2
256342,1
256351,1
256358,2
256429,1
256454,3
256469,1
256512,2
256514,1
256528,1
256541,1
256570,1
256601,2
256621,1
256633,4
256638,2
256644,2
256653,1
256657,1
256687,1
256689,1
256710,1
256714,1
256743,1
256762,1
256776,2
256812,2
256821,1
256855,2
256924,4
256929,2
256937,2
256960,1
256970,1
256980,2
256983,1
256987,1
257089,2
257142,1
257155,2
257160,1
257185,1
257200,2
257236,1
257262,3
257273,2
257292,3
257313,2
257323,2
257359,5
257372,2
257380,4
257399,2
257433,2
257517,4
257582,2
257606,2
257610,3
257647,2
257666,4
257696,1
257771,3
257781,2
257807,2
257809,2
257834,3
257874,2
257879,3
257884,4
257888,2
257900,1
257939,2
257956,3
257968,2
257986,2
258000,3
258047,3
258065,2
258111,2
258126,3
258177,2
258182,2
258233,3
258242,2
258250,2
258272,3
258302,4
258342,3
258352,1
258402,6
258521,2
258523,2
258550,2
258553,2
258555,4
258673,2
258768,2
258781,2
258785,1
258830,2
258901,2
258910,5
258923,6
258929,2
258971,3
258974,3
259001,2
259036,2
259044,2
259068,4
259078,2
259082,2
259128,2
259130,4
259138,3
259178,2
259252,2
259305,2
259309,2
259313,3
259321,1
259397,3
259432,2
259446,2
259462,1
259467,2
259494,4
259534,3
259546,5
259570,2
259590,5
259601,2
259603,3
259611,2
259616,4
259625,2
259634,4
259653,3
259695,3
259712,2
259723,2
259729,4
259750,2
259808,4
259826,3
259831,1
259837,2
259842,2
259854,2
259864,2
259878,4
259884,2
259893,2
259896,3
259899,2
259912,3
259955,6
259965,3
259968,2
260000,2
260006,6
260014,2
260016,3
260028,3
260059,2
260067,2
260075,1
260114,1
260151,2
260191,2
260193,3
260241,2
260255,3
260275,2
260300,2
260327,2
260386,4
260390,4
260394,9
260403,21
260424,10
260434,5
260439,14
260453,5
260458,3
260462,3
260465,2
260467,8
260475,2
260477,2
260479,2
260481,4
260485,4
260489,3
260492,2
260494,3
260497,2
260500,2
260503,4
260507,8
260515,5
260521,3
260524,2
260526,2
260530,6
260536,4
260540,3
260545,2
260547,2
260555,2
260559,2
260628,2
260630,2
260632,3
260636,5
260643,6
260649,2
260652,5
260657,4
260661,8
260669,6
260675,11
260686,2
260688,3
260691,13
260704,3
260707,2
260709,3
260712,2
260714,3
260717,2
260719,3
260722,2
260724,5
260729,5
260734,4
260738,4
260742,12
260754,6
260761,3
260764,2
260766,2
260768,8
260776,2
260778,5
260783,5
260788,9
260797,5
260803,2
260805,5
260811,2
260814,2
260816,5
260822,2
260828,2
260830,2
260832,7
260839,2
260841,2
260843,2
260846,3
260849,2
260852,2
260854,3
260857,5
260862,2
260864,2
260866,3
260869,3
260872,3
260875,3
260878,4
260883,11
260896,2
260899,3
260902,5
260907,2
260912,10
260924,3
260927,5
260932,5
260938,2
260940,2
260942,6
260948,3
260951,6
260957,4
260961,3
260968,8
260976,3
260979,3
260982,2
260984,5
260989,5
260994,2
260996,5
261001,2
261004,4
261008,11
261019,4
261024,2
261026,2
261028,3
261031,3
261034,2
261036,3
261040,2
261043,4
261047,3
261050,2
261053,3
261056,5
261061,2
261063,2
261066,3
261069,7
261076,4
261080,2
261083,4
261087,9
261097,5
261102,2
261104,5
261113,5
261118,3
261127,3
261130,2
261133,2
261135,7
261142,3
261145,5
261150,5
261158,2
261160,5
261165,5
261170,3
261174,4
261178,7
261186,3
261189,2
261192,5
261197,7
261205,3
261208,3
261211,2
261214,6
261220,3
261224,5
261230,2
261233,12
261245,2
261250,2
261252,4
261256,4
261264,3
261268,2
261270,4
261274,2
261276,3
261279,2
261281,2
261283,2
261285,3
261288,6
261294,3
261297,6
261303,2
261305,2
261307,4
261312,5
261318,5
261323,2
261329,2
261331,3
261334,2
261336,3
261339,3
261342,4
261346,5
261351,2
261353,7
261360,3
261364,2
261368,3
261372,5
261377,3
261381,4
261386,3
261389,2
261391,2
261393,3
261397,4
261403,7
261410,3
261414,4
261418,7
261425,2
261427,3
261430,2
261432,2
261434,2
261436,21
261457,6
261464,5
261469,3
261473,2
261475,4
261479,5
261484,3
261487,4
261491,2
261493,7
261500,3
261503,7
261513,2
261515,2
261517,2
261519,2
261521,2
261523,2
261529,4
261533,2
261536,2
261539,2
261542,7
261549,4
261553,3
261556,2
261558,3
261561,3
261566,4
261570,2
261572,6
261581,7
261588,5
261593,2
261595,3
261600,4
261604,3
261607,2
261613,2
261615,2
261620,5
261626,2
261629,4
261634,8
261642,2
261644,3
261647,2
261649,2
261651,3
261656,6
261663,2
261667,2
261670,2
261672,3
261675,2
261679,4
261683,2
261688,2
261690,4
261695,2
261697,2
261699,2
261701,4
261706,2
261708,10
261718,4
261722,2
261727,2
261731,4
261735,5
261742,3
261745,2
261747,6
261754,3
261759,3
261763,2
261765,3
261768,3
261771,3
261774,5
261779,13
261792,4
261797,2
261801,2
261805,4
261813,2
261815,3
261818,4
261822,4
261827,3
261831,2
261833,2
261835,3
261838,5
261843,3
261846,3
261853,3
261856,4
261861,4
261865,5
261870,3
261873,5
261878,3
261881,3
261885,2
261888,3
261891,4
261895,3
261899,2
261904,2
261906,3
261910,3
261913,2
261915,6
261922,3
261925,5
261930,6
261937,2
261939,2
261941,6
261947,6
261953,2
261955,5
261960,4
261965,3
261969,3
261972,2
261974,6
261980,3
261983,5
261989,2
261992,4
262000,4
262005,2
262007,2
262012,2
262014,5
262020,3
262026,2
262028,3
262031,2
262036,2
262038,2
262041,4
262045,7
262052,4
262056,4
262060,4
262064,3
262067,2
262069,3
262072,5
262078,4
262082,12
262095,2
262097,7
262105,5
262110,1
262113,4
262117,8
262125,2
262127,5
262132,2
262137,8
262145,5
262150,2
262152,2
262154,5
262162,3
262165,3
262168,4
262173,3
262179,8
262187,2
262189,3
262192,2
262194,2
262196,4
262200,6
262207,5
262212,2
262216,5
262221,5
262228,2
262231,3
262234,4
262238,2
262241,4
262245,4
262249,3
262252,4
262257,7
262264,4
262268,5
262273,2
262275,2
262277,2
262279,3
262282,2
262284,2
262286,3
262291,2
262293,4
262297,2
262302,2
262304,2
262309,2
262312,2
262314,2
262316,3
262319,3
262322,3
262325,4
262329,2
262332,6
262338,3
262341,6
262349,2
262351,3
262355,4
262359,3
262362,4
262366,2
262369,7
262378,3
262382,3
262388,2
262390,4
262395,2
262397,2
262399,3
262404,4
262409,2
262411,6
262417,2
262419,4
262424,2
262426,2
262429,2
262433,3
262437,4
262441,5
262446,4
262451,4
262455,2
262457,2
262459,2
262461,2
262463,3
262466,10
262476,2
262479,4
262483,2
262485,4
262489,2
262491,3
262494,2
262498,3
262503,2
262505,2
262508,2
262511,2
262513,4
262517,2
262520,2
262522,5
262527,2
262530,3
262533,6
262539,4
262543,4
262548,2
262550,4
262557,2
262560,6
262566,8
262574,2
262576,4
262581,2
262591,3
262597,2
262602,3
262609,2
262613,4
262617,8
262625,2
262628,2
262630,2
262633,2
262637,2
262640,2
262646,2
262649,2
262654,4
262658,6
262666,6
262672,2
262676,2
262678,4
262683,3
262686,5
262691,4
262696,2
262698,7
262705,2
262709,2
262712,4
262721,5
262726,5
262731,2
262735,4
262739,3
262742,2
262744,3
262747,2
262751,3
262754,3
262763,5
262768,2
262771,3
262776,4
262780,2
262783,3
262789,3
262793,3
262800,4
262804,3
262807,4
262812,2
262815,4
262820,2
262822,5
262827,2
262829,2
262831,5
262838,2
262842,1
262844,2
262846,3
262849,6
262858,5
262864,4
262868,5
262873,4
262877,2
262881,4
262885,2
262888,3
262891,6
262898,5
262908,4
262912,2
262914,2
262918,3
262921,3
262927,5
262932,3
262936,2
262938,2
262941,2
262943,2
262945,5
262950,6
262956,3
262959,3
262964,5
262971,2
262973,3
262976,3
262979,5
262985,2
262988,2
262990,3
262995,2
262998,6
263004,2
263009,4
263016,2
263019,2
263021,2
263025,3
263029,3
263035,6
263041,3
263044,3
263047,3
263050,2
263052,4
263058,4
263062,2
263067,2
263070,3
263076,2
263079,2
263081,2
263083,2
263085,2
263087,2
263089,5
263098,2
263100,3
263103,3
263106,3
263109,2
263111,4
263115,3
263120,3
263123,2
263125,2
263129,4
263133,3
263136,3
263139,3
263142,4
263146,3
263150,2
263152,1
263156,2
263158,2
263161,5
263166,3
263169,2
263171,3
263175,4
263179,2
263181,2
263185,3
263188,5
263193,2
263195,2
263197,2
263199,8
263207,2
263209,2
263211,2
263214,2
263216,2
263218,4
263223,5
263229,2
263232,2
263234,3
263238,3
263242,6
263249,3
263252,2
263254,3
263263,3
263268,3
263271,3
263275,2
263277,2
263282,2
263284,3
263287,5
263293,6
263299,5
263306,3
263310,7
263317,2
263319,2
263324,2
263326,2
263329,2
263332,4
263338,2
263340,3
263343,2
263346,2
263355,5
263362,2
263364,4
263368,4
263372,4
263377,5
263387,4
263391,2
263395,3
263398,2
263406,2
263410,6
263418,2
263421,4
263426,2
263428,6
263434,4
263439,2
263441,2
263444,2
263446,5
263451,3
263454,6
263462,2
263469,2
263471,3
263474,2
263477,4
263483,2
263486,2
263489,2
263495,2
263498,4
263502,2
263504,7
263512,3
263516,2
263518,3
263524,2
263527,2
263530,7
263537,3
263541,8
263549,4
263553,7
263560,4
263570,3
263573,6
263582,2
263584,2
263588,6
263594,2
263596,5
263601,4
263605,5
263612,2
263614,6
263620,9
263629,2
263631,2
263634,2
263638,2
263641,2
263648,4
263652,2
263654,2
263656,5
263661,2
263665,3
263668,2
263672,4
263679,4
263683,3
263689,3
263692,6
263699,5
263704,2
263709,2
263712,2
263714,2
263716,2
263718,4
263722,4
263727,2
263730,2
263732,2
263734,3
263740,5
263745,2
263750,2
263755,3
263759,2
263761,4
263765,2
263767,4
263771,2
263773,2
263775,6
263781,2
263786,3
263789,3
263793,2
263799,3
263802,2
263804,2
263806,5
263811,3
263814,2
263817,2
263819,2
263821,3
263826,3
263833,3
263837,2
263843,2
263846,5
263854,3
263857,2
263861,2
263863,3
263866,3
263870,2
263876,3
263881,4
263885,2
263887,2
263891,2
263894,2
263896,4
263900,4
263904,2
263908,5
263913,3
263916,4
263920,8
263933,2
263936,3
263943,2
263946,2
263950,8
263960,2
263962,2
263966,3
263971,4
263975,4
263980,2
263982,2
263986,3
263990,2
263998,5
264005,2
264011,3
264017,2
264020,2
264022,4
264026,2
264028,4
264032,3
264035,2
264037,3
264040,2
264043,3
264047,2
264049,2
264051,2
264053,3
264056,3
264060,3
264066,4
264071,4
264075,3
264079,3
264083,2
264085,2
264087,3
264090,2
264092,3
264095,3
264098,3
264101,3
264104,2
264106,2
264110,2
264112,3
264115,3
264123,3
264126,2
264128,3
264135,2
264137,3
264141,3
264144,2
264146,4
264150,2
264152,3
264155,5
264164,4
264169,10
264180,3
264185,3
264188,4
264192,2
264197,3
264200,3
264206,4
264210,2
264214,2
264216,3
264219,5
264224,3
264230,2
264232,2
264234,2
264236,3
264241,1
264244,3
264250,3
264253,2
264255,3
264258,3
264261,2
264263,2
264266,3
264269,3
264274,3
264277,3
264280,3
264283,6
264291,2
264293,4
264297,2
264299,3
264302,4
264310,2
264312,2
264314,2
264319,2
264321,2
264323,6
264329,2
264336,4
264340,2
264342,3
264346,3
264349,4
264354,3
264358,5
264364,4
264369,3
264375,4
264380,4
264385,2
264387,2
264390,2
264392,2
264394,4
264398,2
264404,3
264407,2
264410,2
264412,2
264414,4
264418,2
264420,5
264426,3
264430,4
264434,2
264437,2
264439,4
264443,4
264448,2
264453,2
264455,2
264458,2
264460,2
264462,2
264464,2
264467,2
264469,2
264471,3
264474,3
264478,2
264480,4
264485,2
264487,4
264492,4
264496,2
264499,2
264501,2
264503,3
264508,2
264510,4
264515,4
264519,3
264524,2
264527,2
264530,2
264534,3
264537,3
264542,3
264549,2
264551,5
264557,2
264562,2
264571,2
264573,3
264577,2
264580,3
264583,2
264585,4
264589,2
264592,4
264597,2
264600,2
264602,2
264605,3
264609,2
264611,4
264618,3
264621,3
264624,4
264628,4
264632,2
264639,2
264641,2
264643,10
264656,2
264658,2
264660,3
264663,2
264667,3
264674,6
264680,3
264683,2
264691,3
264695,2
264700,3
264703,4
264707,4
264712,2
264715,3
264718,5
264723,2
264728,3
264731,4
264740,2
264743,2
264746,2
264748,3
264751,3
264754,4
264758,2
264760,3
264763,3
264767,2
264769,4
264775,3
264778,2
264780,3
264784,2
264786,2
264788,2
264793,3
264796,2
264798,3
264801,2
264803,2
264805,2
264807,2
264810,2
264816,2
264819,4
264829,5
264836,3
264839,2
264841,3
264845,5
264852,2
264854,2
264856,3
264859,3
264862,5
264867,4
264871,2
264873,2
264875,4
264879,2
264881,2
264884,4
264888,3
264893,3
264897,2
264902,5
264907,3
264910,4
264914,4
264918,3
264922,7
264929,3
264932,2
264935,7
264942,2
264949,3
264952,5
264961,2
264965,4
264969,2
264971,6
264977,4
264982,2
264984,5
264989,4
264993,3
264998,3
265002,2
265004,3
265008,2
265010,2
265013,2
265017,2
265021,2
265024,3
265028,2
265031,3
265034,2
265036,2
265038,7
265047,9
265056,2
265058,3
265061,2
265063,4
265067,5
265072,4
265076,4
265084,3
265088,4
265094,2
265098,2
265105,3
265108,2
265110,2
265116,5
265121,2
265123,2
265130,4
265134,3
265138,2
265140,2
265142,2
265144,2
265146,2
265148,3
265151,2
265157,3
265160,5
265165,4
265173,2
265177,2
265180,2
265183,7
265190,3
265193,2
265195,3
265198,1
265201,6
265207,6
265215,3
265218,3
265221,2
265226,4
265233,2
265235,2
265238,3
265243,2
265245,7
265252,3
265257,3
265263,6
265276,2
265278,2
265280,3
265283,3
265286,2
265288,4
265293,4
265297,2
265299,2
265302,2
265304,2
265309,2
265311,2
265313,2
265315,2
265317,3
265321,3
265325,6
265336,2
265340,4
265344,2
265351,2
265354,2
265357,2
265359,2
265361,2
265366,2
265369,2
265371,4
265375,2
265377,6
265383,2
265385,3
265390,2
265394,4
265401,2
265406,4
265412,2
265419,2
265421,5
265427,2
265433,2
265437,3
265441,2
265444,3
265448,2
265452,4
265457,3
265460,2
265462,2
265465,3
265469,3
265476,3
265479,5
265485,6
265491,3
265494,4
265498,3
265502,1
265504,2
265506,2
265509,2
265513,3
265516,2
265518,3
265521,2
265523,6
265530,3
265533,2
265535,5
265541,4
265545,3
265549,2
265552,2
265554,3
265569,7
265576,2
265579,2
265583,2
265585,1
265590,3
265596,3
265602,4
265607,3
265611,2
265613,1
265615,4
265622,4
265626,2
265631,3
265634,2
265636,3
265639,3
265642,3
265645,3
265648,2
265652,3
265658,3
265662,2
265664,3
265667,6
265673,2
265676,2
265684,4
265693,2
265695,4
265699,3
265704,4
265712,3
265716,2
265720,2
265725,2
265730,5
265740,3
265743,3
265746,3
265749,7
265764,4
265769,2
265771,4
265775,2
265777,3
265780,2
265782,2
265788,3
265791,4
265796,2
265799,3
265802,3
265805,2
265807,3
265811,2
265813,3
265816,4
265820,4
265826,3
265830,2
265832,4
265836,4
265840,4
265845,4
265849,4
265853,2
265857,2
265859,4
265863,3
265866,2
265869,4
265878,3
265881,3
265888,4
265893,2
265897,2
265900,2
265903,2
265905,4
265911,2
265913,2
265916,4
265922,3
265928,4
265933,2
265937,3
265940,2
265944,2
265946,3
265951,2
265956,4
265962,4
265969,3
265974,2
265977,3
265980,3
265983,4
265991,1
265993,3
265997,3
266000,5
266010,2
266012,4
266017,3
266026,3
266029,2
266031,3
266034,2
266038,3
266041,4
266045,2
266052,2
266059,5
266064,3
266067,2
266069,4
266073,2
266075,2
266077,2
266081,2
266083,2
266086,3
266089,3
266093,3
266097,5
266102,5
266108,2
266110,2
266117,3
266120,2
266122,3
266126,2
266128,3
266132,3
266139,5
266146,3
266151,3
266154,5
266159,2
266161,2
266163,4
266168,7
266175,4
266180,2
266183,2
266187,2
266189,2
266191,3
266196,3
266199,2
266201,2
266203,4
266207,2
266211,2
266214,2
266216,2
266218,2
266221,4
266228,2
266232,4
266240,2
266246,3
266251,4
266255,3
266258,3
266261,2
266263,3
266266,4
266270,2
266272,7
266280,3
266287,3
266290,6
266297,2
266300,3
266309,2
266313,3
266318,5
266324,2
266330,4
266334,4
266342,4
266346,6
266353,3
266357,2
266361,3
266364,3
266367,2
266370,6
266376,7
266384,4
266389,3
266392,5
266402,4
266412,2
266414,2
266416,2
266419,2
266423,2
266425,2
266429,4
266433,2
266435,3
266442,4
266446,2
266448,2
266450,4
266454,3
266457,3
266461,3
266465,2
266469,2
266471,2
266476,5
266481,2
266485,2
266487,3
266491,2
266499,6
266505,2
266510,2
266513,3
266519,2
266521,2
266527,3
266530,2
266536,3
266539,2
266541,6
266547,4
266551,3
266556,2
266558,2
266560,2
266564,2
266568,2
266571,2
266573,3
266576,6
266583,3
266587,6
266595,4
266599,2
266601,2
266603,3
266606,2
266608,3
266611,3
266614,2
266618,2
266620,1
266622,3
266625,2
266627,3
266630,2
266634,5
266639,2
266645,2
266647,2
266649,4
266657,5
266662,4
266666,2
266671,3
266674,3
266678,2
266682,2
266687,3
266694,2
266696,1
266700,3
266703,3
266707,2
266709,3
266712,3
266715,2
266721,2
266723,2
266725,4
266730,2
266732,2
266738,2
266741,3
266747,3
266752,2
266756,4
266760,4
266767,2
266770,2
266773,2
266776,3
266780,3
266783,4
266787,3
266790,2
266792,3
266795,2
266797,3
266801,2
266806,3
266809,7
266816,5
266823,3
266826,6
266833,2
266835,2
266837,2
266839,3
266843,3
266848,2
266850,2
266852,2
266854,7
266862,2
266864,2
266866,3
266872,3
266875,2
266877,2
266885,2
266887,2
266889,2
266891,2
266895,2
266902,4
266906,3
266909,2
266912,6
266922,2
266927,2
266929,2
266932,2
266934,5
266939,1
266941,3
266944,3
266947,2
266951,2
266954,4
266958,3
266961,2
266969,3
266978,3
266982,2
266988,1
266994,2
266996,4
267000,3
267003,2
267011,2
267016,5
267021,6
267031,2
267035,3
267038,4
267050,2
267057,2
267062,4
267070,3
267073,4
267077,2
267082,3
267086,3
267096,3
267099,2
267102,2
267106,2
267108,7
267117,2
267122,2
267128,2
267130,3
267136,2
267140,2
267142,3
267145,2
267150,3
267154,2
267156,2
267158,2
267160,4
267169,2
267173,2
267176,3
267179,7
267188,7
267195,2
267197,3
267201,2
267204,4
267208,4
267212,4
267216,2
267219,3
267223,3
267226,2
267228,3
267232,5
267237,2
267239,2
267242,3
267250,3
267253,4
267258,2
267260,5
267267,2
267271,3
267274,4
267285,2
267287,4
267291,2
267293,10
267303,4
267307,4
267311,3
267315,2
267321,2
267323,3
267327,1
267330,2
267332,5
267337,2
267339,2
267341,2
267344,2
267348,2
267351,3
267355,3
267358,3
267361,2
267365,3
267368,2
267370,4
267374,5
267380,3
267383,2
267387,6
267393,2
267399,3
267402,2
267404,3
267407,4
267416,2
267418,3
267421,2
267423,3
267430,2
267433,3
267436,2
267438,3
267441,3
267444,2
267448,3
267452,2
267458,3
267464,5
267470,2
267472,3
267480,4
267484,5
267491,5
267496,3
267499,3
267504,5
267512,2
267516,2
267518,2
267520,2
267523,2
267528,2
267531,3
267536,2
267541,2
267544,2
267548,3
267551,3
267557,2
267559,4
267563,3
267566,3
267569,2
267573,2
267575,6
267581,2
267587,3
267592,3
267597,3
267601,3
267604,2
267608,2
267610,2
267618,3
267624,2
267626,2
267628,2
267633,5
267638,4
267642,3
267645,2
267647,2
267651,2
267658,2
267660,2
267662,4
267667,3
267675,3
267679,2
267681,3
267685,3
267688,2
267690,2
267693,3
267697,3
267701,4
267705,2
267707,2
267713,4
267717,3
267720,2
267723,2
267728,2
267732,5
267743,2
267748,3
267752,5
267757,2
267759,5
267766,2
267768,4
267772,4
267776,4
267780,2
267785,5
267790,3
267793,3
267796,5
267803,3
267806,2
267808,1
267810,4
267814,2
267821,5
267826,1
267828,2
267834,3
267838,2
267841,3
267850,2
267853,3
267858,3
267861,6
267867,2
267873,4
267877,2
267880,2
267882,3
267887,4
267892,2
267898,4
267904,3
267907,2
267910,2
267912,1
267917,2
267921,2
267927,7
267934,3
267937,2
267940,5
267945,3
267948,5
267953,2
267955,2
267957,5
267963,3
267968,2
267972,3
267976,4
267982,5
267991,5
267996,6
268003,8
268012,3
268017,3
268021,2
268026,2
268031,4
268036,4
268040,3
268043,2
268045,3
268048,4
268053,4
268057,3
268060,2
268062,4
268070,2
268073,3
268076,2
268078,2
268080,3
268083,7
268091,3
268097,2
268100,2
268103,2
268105,2
268107,2
268112,3
268117,2
268120,4
268134,4
268141,2
268143,2
268145,4
268149,2
268152,2
268154,3
268157,2
268159,3
268164,2
268167,5
268172,3
268181,2
268184,2
268187,6
268194,3
268201,2
268203,1
268207,2
268209,3
268215,2
268217,2
268220,3
268223,4
268228,2
268230,3
268235,6
268241,2
268243,4
268249,2
268251,4
268257,4
268264,2
268268,2
268275,2
268277,3
268280,4
268284,3
268287,2
268289,2
268292,3
268296,4
268303,4
268307,2
268310,2
268312,2
268315,2
268317,2
268319,6
268326,2
268328,2
268331,2
268336,2
268338,2
268340,3
268344,3
268347,2
268354,5
268359,3
268362,2
268365,3
268368,2
268377,4
268381,2
268383,2
268385,4
268389,2
268393,2
268399,2
268404,3
268408,3
268411,2
268413,2
268416,2
268418,2
268425,2
268427,3
268433,5
268439,7
268446,2
268449,3
268454,3
268458,3
268463,2
268466,3
268470,2
268474,8
268485,2
268487,2
268489,2
268491,4
268497,2
268501,2
268505,2
268508,3
268511,2
268513,2
268515,3
268518,2
268520,7
268527,2
268532,2
268535,2
268541,2
268543,2
268545,2
268554,2
268556,5
268562,2
268564,3
268567,2
268569,5
268575,3
268579,4
268585,6
268591,2
268593,3
268596,3
268599,2
268601,3
268604,3
268607,3
268615,4
268619,2
268621,2
268623,3
268627,4
268631,5
268640,3
268645,3
268648,4
268652,4
268656,2
268663,2
268665,5
268674,2
268676,3
268679,3
268683,3
268686,2
268689,5
268694,3
268701,2
268703,3
268707,2
268712,2
268714,3
268721,2
268727,7
268734,2
268736,2
268739,2
268742,2
268744,5
268749,2
268754,2
268757,4
268762,3
268765,2
268768,3
268772,3
268775,3
268779,2
268781,4
268785,1
268788,6
268794,2
268802,2
268806,3
268814,3
268825,2
268827,2
268831,3
268840,3
268843,3
268849,2
268851,2
268855,4
268859,3
268863,2
268866,3
268869,2
268871,4
268875,3
268878,3
268882,3
268885,2
268888,2
268891,2
268896,3
268900,4
268906,3
268911,3
268916,2
268920,4
268926,3
268931,2
268935,5
268941,2
268943,2
268947,2
268949,4
268955,2
268958,3
268962,5
268970,4
268976,3
268980,3
268987,2
268990,4
268996,3
268999,3
269002,5
269007,3
269011,2
269013,4
269020,3
269024,3
269029,3
269035,2
269037,2
269039,2
269044,3
269047,4
269054,5
269059,5
269067,2
269069,2
269071,2
269073,4
269078,2
269081,2
269085,3
269088,2
269090,2
269092,3
269096,2
269098,4
269102,3
269113,2
269118,3
269121,2
269124,4
269128,2
269133,4
269138,2
269142,3
269145,5
269150,2
269152,2
269162,2
269164,2
269171,4
269177,3
269180,2
269183,2
269185,2
269187,4
269195,3
269200,3
269203,3
269207,4
269212,3
269216,3
269220,2
269222,3
269225,1
269227,2
269229,3
269232,3
269237,2
269241,2
269244,2
269247,5
269252,2
269256,2
269262,2
269264,3
269271,3
269274,1
269278,2
269280,3
269284,3
269288,2
269291,5
269296,3
269300,2
269304,6
269310,2
269315,3
269318,4
269326,1
269328,2
269330,2
269333,2
269338,2
269340,2
269343,2
269345,6
269351,2
269353,2
269355,2
269358,2
269362,5
269368,4
269372,3
269375,2
269378,5
269383,5
269390,3
269394,2
269404,6
269410,2
269412,3
269416,5
269422,2
269424,7
269431,3
269434,2
269437,2
269440,2
269446,2
269448,3
269453,2
269455,2
269458,1
269460,4
269466,3
269469,1
269472,2
269478,5
269483,2
269486,5
269492,3
269497,2
269499,5
269505,2
269507,2
269511,2
269514,4
269518,5
269523,2
269525,4
269529,2
269533,2
269535,3
269539,2
269546,3
269549,4
269564,2
269566,2
269568,2
269572,3
269579,3
269590,2
269595,5
269600,2
269602,6
269608,5
269614,3
269617,2
269622,2
269625,2
269628,4
269633,4
269637,3
269640,5
269646,2
269650,3
269654,2
269660,2
269662,3
269666,4
269670,2
269673,4
269678,3
269682,2
269684,2
269686,2
269689,2
269691,2
269693,2
269697,3
269700,4
269705,3
269708,2
269710,2
269717,3
269723,1
269727,5
269735,5
269741,2
269746,3
269749,2
269752,2
269758,2
269760,2
269764,3
269767,2
269770,2
269772,3
269776,4
269780,3
269788,3
269792,2
269795,3
269798,2
269801,6
269810,3
269813,2
269820,2
269822,3
269827,2
269832,2
269834,4
269841,2
269844,2
269846,6
269852,2
269854,2
269861,3
269864,3
269867,2
269869,4
269875,5
269880,7
269887,5
269892,2
269897,2
269900,3
269907,5
269912,4
269916,6
269924,3
269930,2
269932,6
269938,2
269944,4
269948,2
269950,1
269953,2
269956,4
269960,5
269965,2
269968,2
269970,2
269973,2
269980,4
269984,5
269993,2
269998,2
270002,3
270006,2
270010,5
270017,6
270024,4
270029,1
270031,6
270037,2
270039,2
270041,3
270047,3
270050,3
270058,3
270062,2
270065,2
270068,4
270072,3
270076,2
270078,3
270085,4
270089,2
270092,3
270096,3
270101,4
270105,2
270109,2
270111,4
270117,4
270122,3
270127,3
270130,2
270132,4
270136,2
270138,4
270146,4
270152,2
270157,2
270159,2
270166,4
270171,3
270174,2
270177,4
270182,3
270185,2
270187,2
270189,3
270193,2
270197,2
270200,2
270202,3
270209,3
270212,2
270214,5
270219,4
270223,2
270229,3
270232,1
270235,2
270241,2
270243,2
270245,2
270247,4
270253,3
270258,3
270263,5
270270,2
270272,2
270274,3
270283,2
270287,2
270290,2
270292,2
270294,4
270301,2
270304,3
270308,2
270312,2
270314,2
270321,3
270324,3
270327,4
270331,3
270334,2
270336,2
270339,2
270341,2
270343,4
270348,5
270355,2
270357,2
270360,3
270364,3
270367,2
270370,2
270372,3
270375,3
270379,4
270383,3
270386,2
270391,3
270394,3
270403,2
270406,3
270412,3
270415,2
270419,2
270422,3
270425,2
270427,2
270431,2
270434,3
270437,2
270439,2
270442,3
270446,3
270452,2
270456,2
270459,2
270466,3
270469,4
270473,2
270477,2
270479,7
270486,2
270488,4
270492,2
270494,5
270501,3
270504,2
270506,7
270517,2
270519,4
270524,3
270527,2
270530,4
270534,2
270537,2
270540,3
270543,4
270547,3
270551,2
270553,2
270555,4
270559,2
270567,4
270572,2
270578,2
270580,3
270584,2
270590,3
270593,3
270599,2
270606,4
270610,2
270612,2
270614,3
270617,2
270620,4
270627,4
270634,2
270639,2
270641,2
270643,3
270658,3
270661,2
270663,2
270665,3
270670,2
270678,2
270680,2
270683,5
270688,2
270693,4
270697,2
270702,3
270705,2
270707,2
270710,2
270714,3
270717,2
270719,3
270722,3
270725,3
270731,3
270734,2
270736,1
270741,5
270748,3
270751,2
270754,2
270757,3
270760,2
270763,2
270769,2
270774,2
270778,3
270781,2
270784,2
270786,1
270789,2
270791,3
270794,2
270800,5
270806,2
270810,3
270813,3
270816,3
270820,2
270824,2
270826,2
270828,2
270830,3
270836,3
270839,3
270842,5
270849,2
270851,3
270857,2
270859,2
270863,2
270867,2
270870,2
270874,3
270877,3
270880,2
270882,4
270888,2
270891,4
270895,3
270898,3
270901,2
270908,2
270912,6
270918,3
270922,3
270925,9
270935,3
270944,3
270947,4
270952,2
270954,2
270956,5
270961,4
270965,2
270967,2
270969,5
270974,2
270977,3
270982,2
270987,3
270990,4
270994,2
270996,2
271002,3
271005,2
271008,2
271010,4
271014,1
271018,3
271025,4
271030,3
271033,2
271035,3
271042,3
271047,2
271049,1
271055,2
271057,1
271060,2
271066,2
271071,2
271075,10
271092,2
271094,4
271099,2
271104,6
271114,2
271119,2
271122,2
271125,2
271127,2
271135,2
271140,3
271144,2
271147,2
271149,6
271157,2
271161,3
271164,2
271166,2
271169,2
271174,2
271176,2
271178,2
271182,3
271186,2
271190,4
271194,2
271196,2
271198,3
271201,3
271205,2
271207,2
271211,2
271213,4
271218,2
271220,3
271223,6
271229,2
271235,2
271238,2
271240,3
271243,2
271251,2
271261,4
271265,4
271269,4
271274,2
271276,2
271282,2
271284,2
271286,5
271295,2
271299,3
271303,3
271306,2
271308,2
271312,3
271315,2
271317,4
271324,3
271327,1
271333,3
271340,2
271342,2
271345,2
271355,5
271361,3
271365,6
271373,3
271376,3
271383,2
271389,3
271392,2
271399,3
271402,2
271406,3
271409,2
271411,2
271413,2
271417,2
271421,3
271425,2
271427,2
271429,2
271431,1
271433,3
271436,2
271442,2
271445,2
271447,3
271451,2
271453,3
271456,2
271458,4
271462,2
271465,2
271472,3
271477,4
271481,2
271484,4
271490,2
271492,2
271494,5
271501,2
271503,6
271509,2
271512,3
271521,3
271529,2
271532,2
271535,3
271540,4
271547,4
271553,2
271562,2
271569,3
271572,2
271574,2
271578,2
271580,3
271585,3
271593,3
271596,2
271598,2
271601,4
271607,3
271614,3
271619,2
271621,4
271629,5
271639,4
271643,3
271649,3
271654,2
271658,2
271662,2
271664,5
271669,3
271672,6
271679,2
271681,3
271684,3
271687,4
271692,6
271698,4
271703,4
271714,1
271721,5
271726,2
271728,2
271731,3
271735,2
271739,2
271741,2
271746,4
271753,2
271755,3
271758,2
271762,5
271767,1
271769,3
271772,2
271775,2
271777,4
271783,2
271785,2
271788,2
271794,5
271805,3
271808,2
271810,2
271812,3
271815,2
271817,2
271822,2
271825,4
271834,2
271836,2
271839,2
271841,2
271844,6
271856,2
271858,2
271861,2
271863,6
271870,2
271874,3
271879,2
271883,3
271894,3
271898,2
271900,2
271902,3
271907,3
271914,3
271918,2
271921,5
271927,3
271932,3
271935,4
271939,4
271948,2
271951,2
271957,1
271961,1
271966,2
271970,2
271973,3
271983,3
271986,2
271988,3
271995,3
271998,2
272002,2
272006,3
272009,3
272012,2
272015,4
272021,2
272025,3
272028,3
272031,2
272037,1
272040,2
272042,2
272045,2
272048,4
272052,2
272055,2
272057,6
272065,2
272067,2
272069,2
272071,3
272078,2
272083,2
272085,2
272088,3
272091,4
272095,4
272100,3
272106,2
272108,3
272111,2
272114,4
272118,2
272120,3
272123,5
272129,7
272139,2
272143,3
272150,3
272154,6
272162,3
272167,3
272170,3
272174,5
272179,5
272184,2
272186,2
272189,2
272191,4
272196,2
272198,4
272202,3
272205,4
272211,2
272216,3
272219,2
272221,3
272229,4
272233,3
272236,4
272242,2
272244,2
272246,3
272249,2
272256,3
272261,4
272267,3
272271,3
272274,2
272276,3
272279,2
272281,5
272286,4
272290,3
272295,3
272305,2
272307,2
272309,4
272313,2
272315,5
272322,3
272327,2
272329,5
272334,3
272337,3
272341,2
272343,6
272352,2
272357,3
272364,4
272369,2
272376,3
272379,2
272381,3
272384,2
272390,3
272393,3
272396,2
272400,3
272403,2
272406,2
272408,2
272413,2
272415,3
272418,2
272420,2
272422,2
272429,3
272432,2
272435,2
272438,3
272443,3
272452,2
272454,2
272456,2
272459,4
272463,2
272470,4
272474,3
272477,3
272483,2
272487,4
272494,3
272499,4
272504,4
272509,5
272514,1
272516,2
272519,6
272525,3
272528,2
272530,2
272534,3
272538,2
272540,2
272542,2
272550,2
272553,4
272558,4
272563,2
272565,4
272573,3
272577,2
272582,3
272587,4
272596,2
272598,4
272603,2
272606,4
272611,3
272615,4
272621,1
272626,2
272628,2
272632,3
272638,2
272640,3
272643,2
272647,8
272656,2
272658,3
272666,5
272673,3
272677,3
272681,2
272684,2
272687,4
272692,2
272694,2
272699,3
272705,2
272707,4
272715,2
272722,3
272725,2
272727,3
272730,3
272733,3
272736,2
272739,2
272742,3
272745,5
272751,4
272756,2
272761,2
272763,2
272769,2
272771,2
272773,2
272775,2
272778,4
272782,3
272785,2
272790,3
272794,2
272799,3
272802,2
272808,3
272811,3
272816,4
272820,4
272824,2
272828,1
272830,2
272833,5
272838,2
272841,2
272844,3
272847,2
272850,9
272862,2
272864,2
272866,4
272876,4
272880,3
272888,2
272890,2
272892,3
272895,3
272898,3
272902,2
272905,2
272907,2
272909,3
272912,3
272917,2
272924,4
272931,2
272933,7
272940,3
272946,2
272954,2
272956,3
272960,2
272968,2
272972,2
272976,2
272978,2
272983,2
272986,2
272991,3
272994,2
273000,2
273004,3
273010,3
273018,3
273022,4
273026,4
273031,7
273039,2
273044,3
273048,4
273053,5
273059,4
273066,2
273068,3
273071,4
273075,3
273080,5
273091,2
273093,4
273098,2
273101,3
273107,3
273111,2
273113,4
273117,3
273124,2
273127,2
273129,2
273131,2
273134,3
273140,3
273143,3
273146,2
273148,2
273150,3
273157,3
273160,2
273163,2
273165,3
273168,3
273171,1
273174,6
273180,2
273182,2
273188,2
273190,4
273198,3
273207,2
273214,8
273227,2
273229,5
273238,6
273244,3
273247,5
273257,2
273263,5
273268,3
273275,2
273278,3
273288,2
273294,2
273296,2
273298,2
273303,2
273307,2
273310,5
273319,2
273322,4
273326,3
273329,3
273332,4
273338,4
273342,3
273348,3
273351,2
273356,3
273360,2
273362,5
273371,3
273376,4
273381,2
273384,2
273386,3
273389,2
273395,4
273401,2
273403,4
273408,7
273416,3
273423,3
273429,3
273438,2
273440,2
273442,2
273445,3
273450,2
273452,3
273457,3
273460,2
273462,4
273466,4
273470,2
273473,3
273477,3
273480,2
273482,5
273487,2
273490,3
273494,2
273498,6
273507,2
273512,3
273515,2
273520,2
273526,2
273528,2
273533,2
273535,2
273538,2
273541,4
273546,3
273549,4
273554,3
273557,3
273564,2
273567,2
273569,10
273579,2
273585,3
273591,2
273593,3
273596,2
273598,5
273606,2
273609,2
273611,4
273615,2
273617,2
273620,1
273625,4
273629,2
273631,1
273633,2
273638,2
273640,3
273644,2
273646,2
273649,2
273654,2
273657,2
273662,4
273667,3
273671,5
273678,2
273680,10
273691,5
273697,2
273699,3
273703,2
273705,2
273709,2
273711,2
273714,3
273718,2
273720,2
273722,2
273725,3
273732,2
273734,2
273740,3
273743,1
273746,2
273749,2
273752,3
273755,3
273763,3
273768,2
273772,3
273775,2
273780,3
273783,3
273793,2
273796,3
273799,2
273801,3
273806,2
273808,4
273816,2
273820,5
273825,2
273828,2
273831,6
273838,2
273840,2
273842,2
273846,4
273850,2
273853,4
273857,2
273859,3
273862,2
273866,4
273873,4
273877,2
273881,3
273884,3
273892,3
273896,2
273900,2
273902,2
273904,2
273906,2
273909,3
273913,3
273920,2
273924,2
273926,1
273932,3
273935,4
273939,2
273949,5
273954,3
273957,3
273960,3
273966,3
273970,2
273972,2
273974,2
273977,2
273981,1
273990,2
273992,2
273996,2
273999,2
274001,3
274006,5
274013,2
274015,2
274021,6
274033,2
274038,2
274044,3
274048,2
274053,2
274055,2
274057,3
274060,3
274069,2
274071,6
274077,2
274080,4
274085,2
274087,3
274090,3
274095,2
274097,3
274100,2
274102,2
274104,2
274107,3
274110,3
274116,2
274118,6
274131,3
274136,3
274139,2
274142,3
274145,3
274149,2
274152,2
274154,6
274160,2
274166,2
274170,2
274172,2
274175,2
274177,2
274179,2
274186,2
274189,5
274194,4
274204,2
274208,3
274211,2
274213,1
274216,2
274218,2
274223,2
274230,2
274235,2
274242,4
274250,2
274254,5
274259,2
274261,4
274266,2
274270,2
274273,2
274284,3
274287,2
274289,2
274291,2
274296,4
274300,3
274303,3
274306,3
274310,2
274314,1
274318,5
274323,1
274331,2
274333,2
274335,2
274339,3
274342,1
274344,6
274351,2
274356,2
274359,2
274361,4
274365,3
274369,3
274380,2
274382,4
274386,3
274389,3
274392,3
274399,3
274402,2
274404,2
274406,3
274409,2
274412,2
274415,2
274417,2
274420,3
274423,2
274425,2
274429,3
274433,3
274436,3
274439,2
274441,2
274447,3
274451,4
274457,3
274465,3
274470,3
274474,2
274476,5
274481,2
274484,5
274489,4
274496,2
274498,3
274502,2
274505,2
274507,3
274511,2
274513,2
274518,1
274522,3
274525,2
274527,3
274530,3
274534,6
274543,2
274545,2
274551,3
274555,2
274557,3
274565,2
274567,4
274573,1
274575,2
274577,10
274587,4
274597,3
274601,2
274603,3
274606,4
274612,5
274619,3
274622,2
274624,2
274628,2
274630,3
274633,3
274636,3
274641,4
274645,2
274648,2
274651,2
274653,2
274655,3
274658,4
274663,3
274667,2
274672,2
274675,2
274677,2
274690,2
274694,2
274696,4
274701,3
274704,2
274708,3
274711,2
274715,4
274719,2
274721,3
274724,5
274729,4
274736,3
274741,2
274743,2
274748,2
274750,7
274759,3
274762,2
274764,3
274767,3
274773,2
274775,2
274777,1
274781,3
274786,4
274795,3
274801,4
274808,4
274812,4
274816,5
274827,2
274829,2
274831,2
274835,1
274841,3
274846,3
274849,2
274857,4
274861,4
274867,2
274873,2
274875,2
274877,2
274879,3
274882,2
274884,4
274890,4
274895,4
274899,2
274901,3
274905,4
274909,2
274915,2
274918,2
274920,2
274923,2
274931,2
274935,4
274942,4
274946,5
274952,2
274957,3
274960,4
274969,4
274977,2
274979,2
274981,5
274986,6
274993,4
274997,3
275000,1
275002,3
275007,4
275011,2
275013,3
275016,5
275022,3
275027,3
275031,3
275034,3
275037,3
275040,2
275044,4
275049,2
275051,2
275054,3
275057,2
275060,2
275064,4
275069,2
275074,2
275079,4
275084,3
275090,2
275093,3
275096,2
275098,4
275102,4
275106,2
275109,3
275112,1
275120,4
275124,2
275126,3
275130,3
275136,2
275138,7
275145,2
275147,5
275153,3
275158,1
275160,8
275171,2
275173,2
275177,2
275179,2
275181,3
275186,2
275192,3
275196,2
275200,1
275202,3
275205,2
275214,2
275220,2
275222,3
275225,2
275236,2
275242,2
275247,2
275249,3
275255,2
275258,2
275260,3
275263,3
275266,4
275272,2
275275,2
275277,3
275285,3
275288,5
275293,4
275297,2
275306,2
275312,2
275314,3
275317,2
275322,2
275324,2
275326,2
275328,5
275337,2
275340,3
275343,2
275346,4
275354,5
275366,3
275370,3
275378,1
275381,5
275387,4
275392,3
275400,3
275403,1
275405,6
275411,3
275414,2
275416,4
275420,2
275422,2
275426,2
275428,2
275431,5
275436,2
275441,2
275444,2
275448,1
275457,2
275459,3
275462,2
275464,3
275467,3
275474,2
275476,2
275478,2
275482,6
275488,2
275492,2
275494,1
275498,2
275502,2
275505,3
275509,6
275518,2
275520,4
275525,2
275527,2
275534,2
275536,5
275541,1
275545,4
275549,2
275551,2
275553,5
275558,2
275561,2
275564,2
275567,2
275572,3
275578,2
275582,4
275586,2
275588,2
275593,2
275596,3
275599,2
275608,2
275610,3
275613,4
275618,4
275622,3
275627,2
275629,4
275635,1
275643,2
275646,2
275648,3
275651,5
275659,2
275661,2
275663,2
275669,2
275671,3
275675,3
275679,1
275681,6
275687,1
275692,2
275695,2
275700,2
275708,2
275711,2
275713,2
275716,2
275719,2
275723,3
275726,2
275728,1
275732,4
275737,2
275739,2
275742,2
275744,2
275753,5
275758,3
275761,4
275765,2
275767,3
275770,5
275777,2
275779,2
275781,3
275785,4
275791,2
275797,3
275800,3
275803,1
275806,2
275808,3
275811,4
275815,2
275817,2
275819,3
275822,6
275828,3
275833,2
275836,3
275841,4
275845,5
275850,4
275857,3
275861,4
275867,2
275869,2
275874,2
275878,4
275882,6
275888,1
275893,3
275902,3
275906,3
275914,2
275917,3
275921,3
275924,2
275926,2
275928,9
275938,3
275942,2
275952,4
275957,2
275959,3
275962,5
275968,2
275970,3
275973,3
275976,2
275979,2
275981,3
275985,1
275987,2
275989,2
275993,2
275997,4
276002,2
276005,4
276009,2
276013,3
276016,2
276029,3
276037,2
276045,4
276049,2
276059,3
276062,1
276065,3
276071,3
276074,2
276076,4
276081,2
276083,2
276088,2
276094,3
276098,4
276104,3
276107,2
276109,1
276120,2
276123,5
276128,1
276131,2
276135,2
276138,3
276142,5
276147,2
276150,3
276153,2
276162,2
276168,4
276172,3
276178,3
276181,2
276185,2
276187,5
276192,2
276194,2
276197,2
276203,3
276207,6
276214,2
276219,5
276224,2
276226,3
276231,2
276235,2
276239,5
276244,2
276249,2
276251,2
276254,2
276256,6
276266,3
276272,2
276274,1
276279,3
276282,3
276285,3
276288,8
276298,4
276303,2
276305,3
276312,4
276316,2
276318,2
276323,2
276325,2
276327,6
276333,6
276339,1
276342,5
276353,2
276355,3
276358,5
276366,4
276370,2
276372,3
276375,3
276384,2
276386,5
276397,3
276400,3
276404,3
276412,2
276416,2
276421,2
276423,2
276427,2
276434,3
276437,3
276440,2
276444,3
276450,2
276455,5
276462,3
276465,2
276467,4
276474,3
276481,2
276483,2
276490,2
276494,3
276502,4
276506,2
276508,2
276511,3
276514,3
276517,3
276520,4
276524,2
276526,6
276533,3
276536,2
276540,3
276544,3
276547,3
276550,3
276554,2
276556,2
276558,4
276563,2
276565,1
276567,1
276570,4
276576,3
276579,2
276582,2
276588,3
276594,2
276597,2
276603,2
276605,2
276607,2
276611,2
276613,3
276617,3
276620,2
276622,3
276625,2
276628,2
276630,3
276635,3
276639,2
276641,2
276643,2
276645,3
276650,4
276654,3
276657,3
276664,4
276669,3
276675,2
276680,2
276682,2
276684,2
276686,2
276689,2
276691,3
276694,2
276697,5
276704,3
276707,2
276709,3
276716,2
276718,6
276728,2
276730,2
276733,6
276740,3
276743,2
276747,3
276759,4
276765,3
276770,3
276775,2
276778,3
276782,2
276786,2
276790,5
276796,5
276801,1
276803,3
276807,2
276809,5
276816,3
276823,2
276825,3
276830,3
276834,3
276838,7
276847,3
276854,2
276858,2
276860,5
276866,2
276871,1
276876,2
276879,2
276881,2
276884,4
276892,2
276894,4
276899,6
276905,7
276912,2
276915,2
276922,2
276926,3
276934,3
276941,4
276946,2
276952,4
276957,2
276959,2
276962,2
276965,2
276967,2
276969,2
276972,5
276982,2
276987,2
276989,7
276996,4
277001,2
277004,5
277009,2
277013,2
277022,2
277032,3
277037,3
277041,2
277043,1
277046,2
277052,4
277056,2
277059,4
277064,2
277069,4
277083,2
277085,6
277092,2
277094,2
277096,2
277102,2
277105,4
277109,4
277113,3
277116,4
277122,2
277124,2
277126,2
277128,2
277130,4
277139,2
277142,2
277149,1
277151,3
277154,2
277156,2
277158,4
277162,2
277164,2
277166,2
277168,2
277170,4
277175,2
277177,3
277186,4
277190,2
277197,3
277204,2
277211,3
277215,4
277219,2
277221,3
277225,2
277227,6
277234,2
277236,3
277242,2
277246,5
277254,2
277256,2
277262,2
277264,2
277266,4
277272,4
277277,7
277284,5
277289,2
277291,1
277295,2
277297,1
277299,2
277301,2
277303,2
277307,2
277310,3
277313,2
277316,4
277320,2
277324,5
277329,2
277332,3
277336,2
277339,3
277342,3
277346,2
277350,1
277354,2
277358,2
277361,2
277366,2
277371,2
277376,3
277381,4
277389,3
277395,3
277400,2
277402,2
277404,2
277409,2
277411,2
277414,2
277421,3
277427,1
277429,2
277431,4
277436,1
277443,2
277453,2
277455,9
277465,2
277467,2
277469,4
277475,2
277477,2
277480,3
277487,2
277491,2
277493,2
277495,5
277500,9
277510,4
277514,3
277517,2
277519,3
277522,3
277526,1
277529,2
277531,2
277534,2
277536,4
277541,2
277549,2
277551,2
277554,3
277557,2
277559,2
277561,3
277567,3
277571,2
277574,2
277576,3
277582,6
277588,4
277594,3
277597,1
277602,3
277605,2
277607,5
277613,1
277615,2
277617,3
277620,2
277622,2
277624,4
277628,2
277631,5
277636,5
277641,2
277645,2
277647,3
277651,3
277654,1
277661,4
277667,5
277675,2
277678,3
277681,2
277683,3
277686,1
277688,2
277690,3
277694,4
277698,2
277702,2
277704,1
277710,5
277718,5
277726,3
277730,2
277734,2
277736,4
277742,4
277746,1
277749,2
277757,2
277760,3
277764,3
277767,2
277774,4
277778,3
277782,2
277789,2
277796,3
277799,3
277802,5
277807,2
277811,2
277813,2
277815,2
277817,5
277822,3
277828,2
277830,5
277836,2
277838,5
277843,2
277846,2
277851,4
277855,2
277857,2
277860,2
277864,2
277866,2
277868,2
277875,1
277879,3
277882,2
277884,2
277886,4
277890,2
277904,2
277906,2
277909,2
277911,5
277916,4
277923,1
277925,2
277927,2
277929,4
277933,2
277936,3
277939,2
277941,4
277945,3
277948,2
277950,2
277952,4
277963,2
277965,2
277967,3
277970,3
277976,2
277978,3
277984,4
277989,2
277992,2
277997,3
278002,4
278007,3
278011,2
278015,2
278017,2
278025,3
278028,3
278033,2
278035,2
278039,5
278044,1
278047,6
278054,3
278060,2
278063,2
278065,3
278069,3
278078,5
278083,1
278087,3
278090,2
278092,4
278096,2
278098,2
278100,2
278106,2
278110,3
278114,2
278116,2
278118,2
278125,3
278128,2
278135,2
278138,2
278144,3
278148,2
278151,3
278155,4
278163,4
278172,4
278176,3
278179,3
278182,3
278185,4
278191,2
278195,2
278197,3
278202,2
278207,2
278209,5
278218,2
278220,2
278223,2
278225,3
278228,2
278231,3
278243,4
278249,3
278257,3
278260,5
278265,2
278268,2
278271,2
278273,2
278275,2
278277,2
278279,2
278288,3
278297,2
278303,2
278306,3
278310,4
278316,2
278319,2
278325,2
278327,2
278330,3
278338,2
278340,2
278342,2
278347,2
278349,4
278353,2
278355,1
278357,2
278366,2
278373,2
278379,3
278385,3
278405,5
278410,4
278415,5
278420,5
278427,2
278431,2
278434,3
278439,6
278447,3
278450,3
278458,2
278461,2
278466,4
278472,3
278478,2
278482,2
278484,2
278486,3
278490,4
278495,2
278497,3
278500,2
278502,4
278511,2
278517,2
278520,4
278533,2
278537,3
278540,1
278543,3
278550,2
278558,2
278560,2
278564,4
278568,1
278574,2
278576,2
278580,2
278586,2
278589,3
278592,4
278596,3
278600,4
278604,2
278606,5
278611,1
278613,2
278617,2
278619,2
278623,4
278632,3
278637,3
278642,2
278645,2
278647,2
278652,2
278655,2
278657,2
278659,2
278661,4
278667,4
278671,3
278674,2
278678,3
278682,2
278684,6
278694,5
278699,3
278703,2
278705,2
278707,3
278713,5
278719,2
278724,4
278730,2
278733,5
278743,2
278745,2
278751,3
278756,4
278760,3
278763,3
278768,6
278774,3
278777,3
278780,3
278785,2
278789,2
278793,2
278795,3
278798,2
278805,2
278807,2
278809,3
278813,2
278815,3
278820,3
278825,4
278831,3
278836,2
278838,1
278841,3
278846,3
278851,2
278853,2
278856,2
278862,2
278866,2
278869,2
278871,2
278873,3
278876,2
278882,2
278885,3
278889,2
278891,2
278895,3
278906,2
278908,2
278916,2
278918,2
278924,3
278927,2
278930,4
278934,2
278937,4
278941,5
278946,2
278949,2
278951,3
278956,3
278959,2
278968,2
278970,2
278972,4
278976,2
278978,2
278981,2
278988,2
278990,3
278998,2
279000,2
279003,4
279007,4
279011,4
279018,2
279020,3
279024,2
279029,2
279031,4
279042,2
279055,2
279057,5
279062,2
279064,7
279071,3
279074,3
279077,2
279082,2
279087,2
279090,1
279092,2
279096,2
279099,2
279101,2
279104,2
279110,2
279112,2
279117,3
279124,2
279126,2
279131,2
279133,1
279135,3
279138,3
279141,2
279145,2
279150,5
279155,4
279160,3
279163,2
279166,4
279171,2
279174,2
279176,2
279179,2
279182,2
279185,3
279188,2
279190,3
279193,3
279196,2
279199,2
279202,2
279204,2
279206,1
279208,5
279218,1
279220,2
279222,2
279227,3
279231,2
279233,2
279236,3
279239,3
279247,2
279253,1
279255,3
279258,4
279262,3
279268,4
279272,3
279275,2
279277,4
279286,2
279288,6
279294,1
279296,3
279299,2
279301,1
279306,3
279311,2
279314,2
279318,2
279323,2
279325,3
279330,2
279332,3
279337,2
279339,3
279342,2
279346,2
279348,3
279354,2
279359,2
279361,3
279365,4
279370,3
279374,2
279377,2
279382,10
279392,11
279403,2
279406,10
279416,8
279424,2
279426,2
279430,2
279432,2
279434,3
279437,4
279444,3
279450,3
279453,3
279456,6
279462,6
279468,2
279471,2
279473,2
279481,3
279485,4
279489,4
279494,4
279500,2
279502,3
279505,5
279510,3
279513,11
279525,4
279534,5
279540,3
279543,8
279553,2
279556,2
279559,4
279564,6
279571,9
279580,3
279583,2
279585,2
279588,3
279593,5
279598,4
279604,3
279607,3
279610,3
279615,2
279617,2
279619,2
279621,4
279627,2
279632,4
279636,2
279638,8
279646,2
279649,2
279651,3
279654,5
279662,4
279668,3
279671,2
279673,2
279675,7
279683,2
279686,3
279691,2
279693,2
279697,4
279702,3
279705,2
279709,3
279714,2
279721,2
279723,2
279727,4
279732,3
279735,2
279737,2
279741,7
279749,4
279753,5
279758,3
279761,3
279764,5
279769,4
279775,2
279778,2
279781,2
279784,4
279790,2
279793,2
279797,3
279801,4
279807,9
279817,4
279822,3
279825,5
279830,2
279832,2
279836,5
279843,6
279849,6
279855,2
279857,3
279860,6
279866,2
279869,4
279874,4
279879,2
279883,2
279887,3
279890,2
279897,2
279899,4
279904,4
279909,2
279913,4
279917,3
279922,3
279925,2
279927,3
279930,2
279933,3
279936,2
279938,4
279942,3
279945,3
279948,8
279956,2
279958,4
279962,2
279964,5
279970,8
279978,4
279982,2
279984,2
279986,2
279992,2
279994,2
279997,4
280003,2
280006,2
280011,9
280020,3
280024,2
280026,2
280033,2
280036,3
280040,2
280044,2
280046,2
280054,2
280056,2
280058,3
280061,3
280065,4
280070,2
280072,2
280078,6
280084,2
280086,2
280089,3
280093,2
280097,2
280099,6
280105,5
280113,3
280117,2
280120,4
280124,4
280128,4
280135,5
280141,7
280148,2
280150,2
280152,2
280154,3
280160,2
280162,5
280167,4
280172,2
280174,2
280176,6
280182,3
280185,9
280194,6
280200,4
280204,5
280209,2
280211,3
280214,2
280216,3
280221,2
280223,4
280232,4
280237,2
280240,2
280244,3
280248,3
280252,5
280258,3
280262,2
280264,2
280266,4
280270,2
280273,2
280276,3
280280,2
280282,2
280288,5
280293,2
280295,6
280301,4
280306,2
280311,3
280314,2
280323,5
280329,9
280338,3
280341,3
280345,3
280350,2
280356,2
280358,2
280360,4
280367,2
280369,2
280372,3
280375,4
280379,4
280383,3
280388,2
280391,5
280396,3
280400,2
280405,3
280409,4
280413,2
280415,4
280419,2
280427,3
280430,3
280434,2
280436,2
280438,2
280440,3
280443,5
280450,7
280457,4
280461,7
280468,6
280474,3
280480,5
280486,3
280489,2
280492,5
280497,2
280499,2
280502,6
280508,2
280510,3
280513,2
280516,3
280519,2
280525,6
280531,2
280534,2
280536,3
280539,3
280542,7
280549,10
280559,2
280564,2
280566,3
280570,2
280572,5
280577,2
280579,2
280583,2
280586,2
280588,2
280590,4
280594,2
280597,6
280604,2
280607,2
280612,3
280616,3
280620,2
280622,2
280624,4
280630,2
280634,2
280636,2
280638,8
280646,2
280648,2
280652,2
280654,8
280664,4
280668,2
280674,2
280676,3
280680,5
280686,4
280690,3
280693,2
280696,3
280699,2
280701,2
280703,2
280708,2
280710,3
280714,4
280722,3
280725,6
280733,5
280738,5
280743,2
280745,3
280748,2
280750,2
280752,6
280758,5
280764,3
280767,4
280772,2
280774,4
280778,4
280782,10
280792,5
280798,3
280802,2
280804,2
280807,4
280811,5
280816,2
280819,3
280823,3
280826,3
280829,4
280833,2
280835,2
280841,2
280843,2
280845,5
280850,3
280853,2
280856,6
280862,2
280864,2
280866,3
280870,4
280874,4
280878,3
280881,2
280883,7
280892,3
280895,2
280897,3
280900,2
280902,5
280907,2
280909,5
280915,4
280923,2
280928,3
280932,2
280936,2
280939,3
280942,2
280944,2
280948,9
280958,6
280964,2
280966,2
280968,3
280972,3
280978,2
280982,5
280987,2
280989,2
280991,5
280996,2
280999,3
281009,2
281011,5
281016,3
281019,10
281029,3
281032,8
281043,3
281047,5
281052,3
281056,2
281058,5
281066,2
281068,3
281071,2
281073,12
281085,5
281090,4
281094,2
281096,6
281103,2
281106,2
281109,2
281112,2
281114,2
281117,5
281124,4
281130,3
281136,2
281139,3
281143,2
281145,5
281150,2
281155,3
281158,5
281163,2
281167,5
281172,4
281176,4
281184,2
281191,3
281194,3
281197,5
281204,2
281206,2
281209,6
281216,2
281219,3
281222,3
281226,3
281229,3
281233,3
281236,4
281240,5
281245,3
281248,2
281250,2
281255,4
281260,3
281264,8
281272,4
281276,3
281279,2
281281,2
281283,4
281289,3
281296,5
281302,9
281311,5
281318,5
281323,2
281327,2
281330,2
281333,3
281336,3
281339,7
281346,4
281351,5
281357,2
281362,2
281364,4
281369,5
281374,2
281376,2
281378,2
281380,4
281386,2
281388,2
281391,3
281395,5
281402,3
281405,3
281408,3
281411,2
281414,2
281418,3
281421,2
281424,3
281427,3
281430,2
281433,7
281441,6
281448,2
281452,1
281454,2
281456,3
281460,2
281462,3
281467,6
281474,2
281476,4
281482,2
281484,4
281488,3
281493,2
281495,3
281498,4
281503,4
281507,2
281511,2
281513,2
281515,2
281518,2
281520,7
281527,2
281530,2
281532,2
281534,2
281537,5
281542,2
281544,4
281548,4
281553,2
281555,4
281559,7
281566,2
281568,3
281573,4
281577,3
281582,2
281584,2
281586,2
281589,4
281593,2
281597,4
281601,5
281607,4
281615,6
281622,2
281625,3
281628,2
281633,4
281637,5
281642,3
281651,5
281658,6
281665,6
281673,2
281677,3
281680,4
281684,3
281687,2
281689,4
281693,2
281695,5
281700,2
281703,2
281706,3
281710,3
281714,3
281717,4
281723,3
281727,3
281731,2
281733,8
281741,8
281749,5
281759,2
281761,3
281764,3
281767,14
281781,2
281783,6
281789,4
281793,2
281795,2
281798,2
281800,2
281802,3
281805,4
281810,3
281813,3
281816,2
281820,4
281824,2
281828,3
281831,2
281833,2
281835,3
281839,3
281845,2
281847,2
281849,2
281851,6
281857,2
281860,3
281863,2
281865,2
281868,6
281876,4
281881,7
281888,6
281894,2
281897,5
281904,2
281906,3
281909,2
281911,3
281914,2
281916,6
281922,6
281929,3
281933,3
281936,4
281940,3
281943,3
281946,4
281951,2
281954,2
281958,3
281962,2
281966,5
281973,2
281975,3
281979,6
281987,2
281989,4
281995,2
281998,2
282000,3
282003,4
282007,5
282012,9
282021,2
282023,2
282026,3
282030,6
282039,2
282043,5
282049,6
282056,2
282058,3
282062,5
282067,2
282071,2
282073,4
282077,5
282082,2
282084,2
282086,2
282088,3
282091,2
282094,3
282098,2
282101,3
282104,2
282106,2
282108,10
282120,4
282124,2
282126,3
282129,2
282133,2
282136,4
282140,4
282144,2
282146,3
282149,2
282151,3
282154,2
282157,4
282162,2
282164,2
282169,2
282171,2
282177,6
282183,4
282187,3
282190,6
282196,10
282208,3
282211,2
282215,3
282219,3
282222,2
282224,2
282226,2
282228,3
282234,2
282238,5
282243,2
282246,3
282249,3
282252,3
282256,2
282258,3
282261,2
282263,6
282269,2
282271,5
282277,2
282279,2
282281,6
282288,4
282293,3
282296,3
282299,2
282301,2
282303,2
282305,3
282308,2
282310,2
282312,2
282314,2
282317,3
282322,8
282330,3
282333,4
282337,2
282339,2
282341,2
282343,10
282353,6
282361,2
282366,7
282373,3
282379,2
282381,6
282387,3
282390,3
282393,3
282397,2
282399,2
282401,2
282403,2
282405,4
282410,4
282415,3
282419,2
282423,2
282429,2
282433,4
282439,3
282443,3
282446,2
282449,2
282454,5
282459,3
282462,3
282465,2
282467,2
282470,3
282473,2
282475,3
282480,5
282485,2
282487,3
282490,5
282495,2
282499,5
282504,5
282511,2
282514,5
282519,2
282523,3
282527,2
282531,2
282533,2
282535,3
282542,2
282544,5
282549,2
282551,2
282553,4
282557,5
282562,7
282572,9
282581,2
282583,2
282585,2
282587,2
282589,3
282596,2
282598,3
282602,3
282605,2
282608,2
282610,9
282620,2
282623,2
282625,2
282627,4
282632,2
282634,3
282637,7
282644,5
282649,2
282651,6
282658,2
282660,3
282663,5
282669,5
282674,2
282676,4
282680,2
282682,4
282686,4
282690,3
282693,4
282697,10
282707,2
282710,7
282721,3
282725,2
282727,2
282730,4
282734,4
282738,4
282742,2
282746,3
282750,2
282753,2
282755,4
282759,2
282762,2
282764,3
282768,2
282770,2
282772,2
282774,3
282777,2
282780,6
282786,3
282791,3
282794,2
282796,6
282802,2
282804,3
282808,2
282810,3
282814,3
282818,5
282823,2
282825,10
282836,3
282840,2
282842,2
282844,8
282852,3
282855,2
282857,3
282862,6
282868,2
282870,3
282873,3
282876,2
282878,4
282884,3
282889,2
282893,2
282896,4
282901,7
282908,2
282910,3
282913,5
282918,2
282920,4
282925,2
282927,4
282931,3
282935,4
282940,3
282945,2
282950,4
282957,2
282960,2
282962,2
282967,4
282973,5
282980,5
282987,2
282992,2
282994,4
282998,2
283001,2
283003,2
283005,2
283010,2
283012,3
283017,5
283022,4
283026,4
283030,4
283035,4
283040,7
283047,2
283052,3
283055,6
283061,2
283064,9
283073,2
283075,3
283080,6
283087,5
283092,3
283096,4
283103,2
283105,2
283107,3
283111,5
283116,2
283120,2
283124,5
283130,4
283136,2
283138,2
283140,2
283143,2
283145,2
283147,2
283149,7
283156,3
283159,8
283167,2
283169,9
283179,4
283185,3
283188,3
283191,4
283195,3
283198,3
283202,3
283205,2
283209,3
283213,3
283216,3
283219,3
283222,2
283224,3
283228,4
283232,3
283236,3
283239,3
283242,2
283244,2
283246,4
283250,2
283252,3
283256,5
283263,3
283269,2
283272,2
283275,4
283281,3
283284,4
283289,2
283294,2
283298,2
283303,1
283308,3
283311,2
283313,2
283315,3
283319,2
283321,2
283324,8
283333,2
283335,2
283338,5
283343,4
283347,4
283352,2
283355,4
283359,3
283362,2
283364,4
283369,2
283372,2
283375,2
283377,3
283382,4
283391,6
283397,2
283399,4
283403,2
283405,3
283408,8
283416,4
283421,3
283431,3
283437,2
283439,4
283445,2
283447,4
283453,5
283458,3
283461,2
283463,2
283467,2
283470,3
283473,3
283476,3
283479,3
283484,3
283490,2
283493,2
283495,2
283497,3
283500,2
283503,3
283508,2
283511,2
283513,3
283517,3
283520,2
283522,5
283529,10
283540,3
283544,5
283549,5
283554,2
283556,4
283561,4
283568,2
283570,3
283573,2
283576,5
283583,3
283586,7
283594,2
283596,2
283598,2
283604,8
283613,2
283616,3
283619,10
283629,2
283631,2
283634,2
283637,2
283639,3
283642,4
283647,2
283650,2
283652,2
283654,5
283661,4
283667,2
283672,3
283678,2
283681,3
283684,6
283691,2
283693,3
283696,4
283701,2
283704,4
283708,2
283710,2
283712,11
283723,2
283725,4
283732,3
283737,3
283743,5
283748,3
283751,2
283753,2
283757,3
283761,3
283764,2
283766,3
283769,4
283774,2
283776,3
283779,3
283782,2
283784,2
283786,4
283792,2
283794,4
283798,3
283802,5
283808,3
283813,2
283815,2
283818,3
283821,8
283830,4
283834,3
283838,8
283846,2
283849,2
283853,3
283858,4
283866,2
283868,6
283878,2
283880,6
283886,2
283889,3
283892,2
283894,2
283896,5
283901,4
283906,2
283908,3
283912,2
283914,6
283920,8
283929,4
283933,2
283937,4
283941,2
283946,7
283953,2
283957,4
283961,6
283967,2
283971,3
283974,3
283977,2
283979,2
283983,2
283985,3
283988,2
283990,3
283994,4
283998,2
284000,5
284006,7
284015,9
284024,5
284030,2
284032,2
284035,3
284038,2
284040,2
284042,3
284045,2
284047,2
284049,3
284052,2
284054,4
284060,4
284064,4
284068,2
284074,2
284076,3
284081,3
284086,2
284088,5
284095,2
284097,3
284100,4
284105,2
284108,3
284111,2
284114,8
284122,2
284124,5
284129,2
284131,3
284135,2
284137,3
284141,3
284144,3
284147,11
284165,7
284172,4
284178,3
284184,4
284188,2
284192,6
284199,4
284203,3
284206,2
284208,2
284210,2
284212,2
284214,2
284216,2
284218,8
284228,7
284235,3
284238,3
284241,2
284245,2
284248,11
284260,2
284263,3
284267,4
284271,3
284274,2
284276,3
284279,4
284283,2
284285,5
284290,3
284293,5
284303,3
284311,3
284314,4
284321,6
284328,3
284331,3
284334,2
284336,2
284338,4
284344,2
284346,5
284352,2
284356,6
284362,5
284368,3
284371,2
284373,3
284376,2
284378,4
284384,2
284387,4
284391,3
284396,2
284399,3
284403,3
284406,2
284408,2
284413,7
284420,3
284423,2
284425,2
284427,1
284429,3
284433,2
284436,4
284442,8
284450,2
284452,2
284454,1
284456,4
284461,3
284465,6
284471,2
284473,3
284477,3
284480,4
284484,4
284488,3
284492,1
284494,3
284498,2
284500,2
284502,5
284507,6
284515,3
284520,2
284522,2
284527,2
284530,2
284532,8
284540,10
284551,3
284555,6
284561,2
284567,9
284577,3
284583,5
284588,3
284591,2
284594,2
284597,2
284599,3
284602,2
284605,3
284608,5
284613,2
284615,6
284621,3
284625,2
284629,4
284635,3
284639,2
284641,5
284647,2
284651,6
284658,5
284666,2
284669,3
284673,6
284679,3
284682,2
284684,9
284693,2
284695,2
284697,4
284701,5
284706,3
284710,2
284712,7
284719,4
284723,5
284729,3
284732,4
284736,5
284741,2
284744,2
284746,4
284752,3
284755,3
284760,5
284766,2
284768,4
284772,4
284776,2
284779,2
284781,3
284784,4
284788,2
284791,3
284794,4
284799,2
284802,4
284806,2
284808,4
284812,2
284815,3
284818,4
284825,3
284829,15
284844,5
284849,2
284851,3
284854,5
284859,3
284862,5
284868,3
284871,11
284882,2
284884,6
284894,2
284898,2
284901,3
284904,2
284906,4
284910,2
284912,2
284914,2
284916,2
284918,2
284920,4
284924,2
284926,3
284929,4
284934,3
284937,3
284940,3
284943,4
284948,4
284952,5
284959,2
284961,3
284964,2
284966,2
284968,2
284971,2
284973,7
284981,2
284983,2
284985,7
284996,2
284998,2
285000,8
285009,2
285012,3
285016,2
285018,2
285020,2
285024,6
285031,3
285034,4
285038,2
285040,2
285042,5
285047,2
285050,2
285053,6
285059,3
285062,3
285068,2
285070,2
285072,4
285076,2
285080,3
285083,2
285086,2
285092,2
285094,5
285101,4
285106,2
285110,6
285119,2
285121,6
285127,3
285130,2
285132,3
285136,7
285144,3
285148,4
285152,5
285160,2
285162,2
285164,2
285167,3
285171,2
285173,3
285176,2
285178,2
285180,3
285183,2
285185,3
285189,6
285196,2
285198,3
285201,5
285207,2
285209,4
285213,3
285217,2
285219,3
285227,2
285229,2
285231,4
285235,5
285241,2
285243,2
285245,2
285247,2
285249,3
285252,4
285256,2
285258,6
285264,2
285266,3
285270,3
285274,4
285278,3
285281,3
285284,2
285286,8
285295,2
285297,2
285299,4
285303,5
285308,2
285310,12
285326,2
285328,2
285330,2
285332,2
285336,4
285340,2
285342,2
285344,4
285348,2
285351,3
285355,5
285360,3
285363,6
285369,2
285371,2
285374,2
285376,4
285381,3
285384,4
285388,7
285395,5
285400,2
285402,3
285405,5
285411,2
285413,4
285420,2
285424,3
285427,2
285429,5
285434,2
285437,11
285448,2
285451,4
285455,2
285457,2
285462,2
285464,2
285466,3
285471,5
285476,3
285481,3
285484,4
285491,2
285494,4
285498,4
285502,11
285514,3
285519,3
285524,5
285529,2
285531,2
285533,2
285535,6
285541,3
285544,2
285546,3
285553,9
285563,3
285566,4
285570,2
285576,6
285582,2
285584,3
285587,3
285591,5
285596,4
285601,2
285603,2
285607,3
285611,2
285613,2
285618,4
285622,5
285627,7
285634,2
285636,3
285641,2
285643,4
285647,4
285652,2
285654,3
285660,3
285668,2
285670,4
285677,2
285681,14
285702,2
285706,2
285710,2
285713,6
285720,2
285723,3
285728,6
285734,2
285736,4
285741,2
285746,2
285748,5
285753,2
285755,2
285761,2
285763,2
285765,2
285770,2
285772,3
285776,2
285779,6
285785,5
285792,2
285794,2
285796,4
285800,2
285802,2
285804,8
285814,3
285817,2
285821,4
285825,3
285828,2
285830,4
285834,5
285840,4
285844,2
285847,3
285851,4
285858,4
285865,5
285871,3
285876,3
285879,2
285881,2
285883,3
285887,3
285895,5
285903,3
285906,2
285916,2
285918,2
285920,2
285922,2
285924,2
285927,3
285931,2
285934,2
285936,3
285939,3
285943,2
285945,2
285947,2
285951,3
285956,4
285961,4
285967,2
285970,2
285973,3
285976,5
285982,2
285984,4
285992,2
285994,2
285998,3
286002,11
286015,2
286017,2
286019,3
286025,3
286028,4
286032,10
286042,3
286049,2
286051,2
286053,3
286059,3
286064,4
286068,6
286074,2
286076,2
286079,2
286081,2
286085,3
286088,4
286096,4
286102,3
286109,3
286114,2
286118,3
286122,4
286127,3
286130,3
286133,3
286139,3
286143,2
286147,2
286149,3
286152,2
286158,3
286161,3
286164,2
286167,2
286169,5
286174,6
286183,2
286185,5
286192,2
286195,2
286197,3
286204,5
286210,3
286214,2
286216,3
286220,3
286225,2
286227,2
286232,4
286236,4
286240,2
286242,3
286245,2
286247,2
286249,2
286251,8
286259,2
286263,6
286271,2
286274,2
286276,2
286280,2
286282,2
286284,5
286290,3
286293,5
286298,4
286303,4
286309,2
286311,2
286314,3
286319,3
286322,4
286326,2
286328,2
286330,5
286336,3
286339,3
286345,2
286348,2
286350,5
286355,2
286359,3
286364,2
286367,2
286369,4
286373,2
286376,2
286381,6
286389,3
286392,3
286395,2
286399,2
286404,2
286413,3
286416,5
286421,5
286429,2
286435,3
286442,4
286446,2
286448,3
286451,4
286455,2
286458,2
286460,3
286463,2
286467,2
286471,2
286473,3
286476,4
286480,4
286487,2
286490,4
286494,3
286501,3
286506,3
286509,2
286511,2
286513,3
286518,5
286523,2
286525,2
286528,9
286537,7
286546,3
286550,5
286557,3
286560,3
286563,2
286565,2
286567,4
286571,2
286573,2
286575,5
286582,3
286585,3
286590,4
286596,3
286599,3
286602,3
286606,4
286610,3
286613,2
286616,2
286620,2
286623,3
286629,6
286636,3
286639,2
286644,6
286650,3
286653,2
286656,6
286662,2
286664,3
286667,4
286672,5
286677,2
286680,4
286684,4
286688,3
286691,2
286693,3
286697,3
286701,5
286706,7
286713,4
286720,2
286722,2
286727,2
286730,5
286735,2
286737,3
286740,3
286743,2
286746,2
286750,2
286757,1
286759,2
286762,2
286764,3
286769,5
286774,4
286781,3
286785,8
286795,4
286799,4
286805,7
286812,5
286818,2
286820,2
286822,2
286827,5
286832,2
286835,2
286837,3
286840,3
286843,3
286846,4
286851,5
286856,4
286860,2
286862,2
286864,4
286872,2
286874,4
286878,2
286880,2
286882,2
286885,2
286888,3
286893,6
286899,2
286902,2
286904,3
286907,2
286914,2
286916,2
286919,7
286927,3
286930,2
286936,2
286940,3
286945,2
286949,2
286951,2
286954,5
286959,4
286963,3
286967,2
286969,3
286972,2
286975,2
286977,2
286979,2
286981,4
286986,2
286988,3
286991,2
286993,3
286996,2
287000,2
287002,2
287004,2
287006,2
287008,2
287010,4
287018,5
287024,5
287031,3
287034,2
287036,3
287039,4
287043,2
287045,6
287052,4
287056,5
287061,3
287065,7
287072,2
287075,2
287077,2
287079,2
287081,5
287086,2
287089,4
287094,2
287096,2
287100,2
287103,2
287107,2
287109,3
287112,3
287116,2
287119,6
287126,3
287129,6
287136,2
287138,2
287141,2
287143,3
287147,4
287153,5
287159,2
287161,2
287163,2
287167,9
287176,2
287178,4
287182,2
287186,2
287188,3
287193,2
287196,2
287199,4
287203,3
287207,3
287210,5
287218,7
287226,3
287229,2
287231,2
287233,2
287236,7
287244,2
287248,5
287253,2
287255,2
287257,2
287259,2
287263,2
287265,4
287269,4
287273,1
287276,3
287279,2
287281,4
287287,2
287289,2
287293,4
287299,2
287302,6
287309,2
287312,2
287315,5
287320,2
287322,2
287325,3
287328,4
287333,3
287336,2
287338,2
287341,3
287348,2
287352,4
287356,4
287360,8
287368,4
287372,2
287377,2
287379,4
287383,5
287390,2
287392,1
287394,2
287397,5
287402,2
287404,2
287406,2
287408,8
287416,2
287419,2
287422,3
287425,2
287430,2
287434,3
287438,12
287452,3
287457,5
287462,3
287465,5
287470,3
287475,2
287478,6
287484,3
287488,4
287493,3
287496,2
287502,3
287505,3
287509,5
287516,6
287523,4
287527,4
287531,2
287534,3
287538,2
287540,3
287543,3
287547,6
287553,3
287556,3
287559,4
287564,2
287568,2
287570,3
287573,2
287577,9
287586,2
287588,2
287590,3
287593,3
287596,4
287602,3
287605,3
287609,3
287612,2
287614,2
287618,3
287621,4
287625,2
287627,2
287630,2
287632,2
287634,3
287637,3
287640,5
287645,2
287649,2
287651,2
287653,4
287657,2
287659,3
287662,2
287664,2
287666,4
287673,3
287676,4
287685,3
287688,2
287692,2
287694,3
287697,2
287699,3
287702,2
287704,2
287706,3
287709,5
287719,2
287721,2
287723,2
287725,2
287731,2
287733,5
287738,2
287740,2
287743,2
287745,5
287750,2
287752,3
287755,3
287760,4
287766,3
287769,4
287773,2
287775,2
287777,3
287782,5
287790,3
287796,3
287800,8
287808,3
287811,3
287814,3
287817,2
287819,3
287823,2
287825,3
287832,3
287835,3
287838,3
287841,5
287848,3
287851,2
287854,2
287858,4
287862,1
287864,2
287867,2
287869,4
287876,2
287879,2
287883,2
287886,4
287891,3
287896,3
287899,7
287906,2
287908,8
287916,2
287919,2
287921,6
287929,2
287932,2
287934,4
287938,2
287940,2
287942,3
287948,3
287952,2
287954,5
287960,2
287962,3
287965,3
287969,2
287973,4
287977,5
287983,4
287988,4
287992,7
288001,5
288006,2
288009,2
288014,2
288017,2
288019,2
288022,2
288024,2
288027,4
288032,2
288035,3
288041,3
288044,5
288049,3
288052,2
288054,2
288058,2
288062,5
288067,4
288071,2
288074,2
288076,2
288079,2
288084,3
288087,2
288090,2
288092,2
288094,6
288102,2
288105,3
288110,3
288115,2
288118,2
288120,6
288127,2
288131,3
288136,3
288139,3
288142,5
288148,2
288150,5
288158,4
288162,2
288165,3
288168,1
288170,2
288173,2
288177,4
288181,3
288184,4
288192,5
288197,4
288202,2
288205,5
288212,2
288216,3
288219,2
288222,3
288225,5
288230,2
288235,2
288240,2
288242,2
288244,4
288249,7
288257,1
288259,3
288263,3
288266,4
288270,4
288275,2
288278,2
288280,2
288283,2
288285,2
288287,2
288290,2
288293,3
288296,5
288301,6
288308,3
288311,2
288313,3
288318,3
288321,2
288325,2
288328,3
288331,2
288333,3
288336,4
288341,2
288344,2
288347,2
288349,3
288353,2
288355,2
288357,2
288360,2
288362,4
288366,7
288378,5
288383,2
288385,2
288387,2
288392,5
288399,4
288403,2
288405,2
288407,2
288409,3
288416,3
288419,5
288426,2
288428,4
288433,4
288437,2
288439,3
288443,3
288447,2
288451,2
288454,2
288456,5
288463,2
288465,2
288470,3
288475,3
288478,5
288485,3
288490,3
288494,2
288496,5
288502,3
288505,3
288509,3
288513,2
288515,3
288520,2
288522,6
288528,2
288531,3
288534,4
288538,2
288540,2
288542,1
288545,2
288548,2
288551,3
288554,2
288556,3
288559,2
288561,4
288565,3
288569,3
288574,2
288576,4
288580,3
288583,2
288586,7
288594,3
288599,2
288606,4
288610,2
288613,5
288618,2
288622,2
288625,2
288628,3
288633,2
288635,6
288642,2
288647,2
288650,3
288655,3
288658,3
288664,2
288670,4
288675,2
288677,3
288680,2
288683,2
288685,2
288688,2
288690,2
288693,2
288695,2
288698,2
288700,3
288703,4
288707,5
288713,5
288718,4
288722,4
288727,4
288733,3
288737,2
288740,7
288753,2
288755,3
288758,2
288760,1
288763,2
288765,2
288772,2
288774,2
288777,2
288779,2
288782,2
288784,2
288787,2
288789,3
288794,5
288799,2
288801,3
288804,5
288810,5
288816,2
288818,3
288821,5
288826,4
288831,2
288833,2
288835,8
288847,2
288849,4
288854,3
288857,2
288859,2
288861,5
288870,2
288873,2
288882,2
288896,3
288899,2
288904,2
288910,2
288919,2
288924,4
288930,1
288932,2
288939,3
288944,3
288949,2
288955,5
288961,2
288968,2
288976,5
288985,3
288988,4
288994,2
289007,2
289009,2
289018,2
289023,3
289028,2
289032,2
289049,2
289059,2
289068,3
289074,2
289080,2
289094,2
289096,3
289102,2
289106,4
289112,2
289116,3
289136,1
289138,2
289141,2
289143,4
289147,3
289151,3
289158,3
289162,2
289165,2
289167,2
289175,3
289181,5
289187,2
289209,3
289224,2
289241,1
289255,4
289262,3
289266,3
289280,2
289290,3
289295,3
289309,3
289315,2
289318,2
289324,2
289343,2
289346,6
289356,2
289371,2
289373,2
289375,2
289377,2
289381,2
289391,2
289407,3
289410,2
289415,2
289417,6
289426,2
289430,2
289440,2
289443,3
289449,2
289467,5
289472,5
289479,2
289485,3
289491,2
289493,3
289498,2
289507,2
289528,4
289540,2
289543,1
289550,2
289552,3
289562,2
289567,2
289573,2
289575,3
289580,2
289584,2
289587,3
289609,2
289615,2
289630,2
289639,2
289664,2
289666,2
289672,2
289674,3
289685,1
289701,2
289704,2
289706,2
289710,3
289714,2
289716,2
289719,2
289721,3
289732,2
289736,3
289739,2
289742,4
289746,3
289752,2
289767,2
289772,3
289789,4
289802,2
289804,3
289821,2
289825,2
289827,3
289834,3
289847,2
289849,3
289852,2
289855,3
289866,2
289870,3
289877,3
289890,2
289894,3
289902,2
289904,3
289909,2
289913,3
289917,2
289925,3
289928,2
289932,2
289934,2
289938,3
289941,3
289958,2
289961,3
289973,3
289977,2
289983,4
290001,2
290010,3
290021,2
290026,3
290030,2
290032,2
290045,3
290048,2
290051,2
290054,2
290060,2
290079,2
290082,2
290096,2
290099,3
290102,2
290109,2
290111,2
290117,1
290122,2
290127,3
290134,3
290143,1
290145,4
290151,3
290154,3
290157,2
290159,2
290168,2
290189,4
290196,2
290199,3
290202,2
290220,2
290222,4
290226,6
290242,2
290248,3
290259,2
290278,2
290281,2
290283,2
290286,3
290293,4
290306,2
290308,2
290310,2
290312,2
290314,2
290317,1
290323,2
290326,2
290328,3
290337,3
290342,2
290344,2
290347,5
290361,2
290369,2
290372,4
290379,2
290381,2
290383,4
290391,2
290393,3
290400,3
290403,1
290405,2
290411,3
290414,2
290421,2
290432,3
290435,3
290445,2
290448,2
290450,3
290456,3
290459,2
290462,3
290475,4
290481,2
290499,2
290502,2
290504,2
290506,3
290514,5
290520,3
290523,2
290526,2
290529,2
290534,3
290555,2
290557,1
290562,2
290564,4
290574,3
290592,1
290594,1
290602,5
290607,4
290611,2
290630,2
290636,2
290646,2
290655,2
290662,2
290667,4
290672,2
290686,2
290689,2
290691,2
290698,2
290714,2
290728,2
290734,4
290745,2
290749,2
290756,2
290758,1
290762,3
290766,4
290779,2
290782,2
290791,2
290797,2
290799,2
290803,3
290806,2
290816,2
290822,2
290828,4
290842,2
290847,4
290851,3
290859,2
290862,2
290864,4
290870,3
290884,2
290899,2
290911,3
290916,2
290918,2
290920,3
290927,4
290931,2
290937,2
290941,2
290944,3
290947,2
290952,2
290957,2
290984,2
290986,2
290991,2
290995,2
290999,4
291004,1
291006,3
291013,3
291016,2
291023,4
291037,2
291046,3
291055,6
291061,2
291065,2
291067,3
291073,1
291078,3
291095,2
291102,2
291107,3
291110,2
291120,2
291122,2
291125,1
291127,2
291129,1
291149,2
291151,4
291158,2
291162,2
291164,1
291168,3
291175,2
291178,3
291182,2
291185,3
291193,1
291203,2
291214,2
291217,1
291220,2
291234,2
291236,4
291240,1
291242,2
291244,1
291246,2
291249,2
291251,2
291267,2
291276,2
291283,3
291291,2
291299,3
291312,3
291341,4
291359,3
291367,1
291371,2
291373,2
291377,2
291381,3
291389,2
291405,2
291409,2
291415,2
291417,2
291424,2
291426,2
291436,2
291448,2
291450,2
291454,2
291459,2
291461,4
291470,1
291473,3
291477,1
291491,2
291493,2
291496,2
291500,2
291502,2
291509,2
291511,2
291518,3
291522,2
291526,2
291528,2
291539,1
291542,3
291554,3
291559,4
291568,2
291570,2
291579,1
291582,2
291584,2
291592,1
291594,2
291597,2
291599,3
291603,2
291606,2
291608,3
291621,2
291626,2
291628,1
291633,2
291640,2
291643,3
291646,2
291649,2
291651,3
291656,4
291665,1
291667,2
291669,2
291673,1
291675,3
291689,2
291691,3
291695,1
291697,2
291702,2
291705,1
291722,3
291726,2
291729,1
291734,2
291737,3
291741,2
291755,2
291761,2
291766,1
291769,4
291773,2
291776,2
291778,2
291781,2
291788,3
291792,2
291794,4
291798,3
291807,3
291812,3
291816,5
291821,3
291837,4
291843,2
291847,1
291861,2
291865,2
291869,2
291880,3
291883,1
291890,2
291900,2
291907,2
291918,5
291925,2
291927,1
291940,2
291963,2
291972,6
291978,2
291986,2
291999,3
292006,4
292032,5
292038,2
292045,2
292048,2
292055,2
292057,2
292062,2
292071,1
292082,2
292084,3
292087,2
292094,2
292096,2
292106,3
292112,2
292114,3
292122,2
292124,2
292126,2
292130,2
292132,3
292138,2
292141,3
292149,1
292157,1
292160,2
292162,1
292173,2
292180,4
292184,1
292186,4
292193,1
292197,2
292199,6
292215,2
292218,4
292231,3
292235,2
292238,2
292243,2
292248,2
292250,4
292258,4
292266,3
292269,2
292275,2
292288,4
292299,3
292304,2
292315,1
292318,2
292328,3
292336,1
292339,2
292343,2
292346,2
292349,2
292354,2
292363,5
292370,3
292373,3
292378,2
292386,3
292391,2
292400,3
292403,3
292420,2
292427,4
292431,2
292435,2
292439,1
292443,2
292449,2
292455,2
292459,2
292462,2
292472,2
292477,2
292479,2
292481,4
292485,2
292487,2
292490,1
292494,2
292500,2
292506,2
292520,2
292522,3
292526,4
292530,2
292533,4
292538,4
292546,2
292555,2
292557,3
292561,3
292564,2
292573,1
292576,1
292578,2
292580,1
292586,2
292591,3
292594,2
292599,2
292602,1
292605,3
292622,2
292624,2
292626,3
292648,2
292650,1
292670,3
292677,3
292680,2
292683,2
292689,2
292691,1
292695,2
292701,2
292703,3
292708,1
292712,2
292726,2
292730,2
292742,5
292752,3
292759,2
292766,2
292768,3
292776,2
292782,2
292788,4
292792,2
292796,5
292807,2
292815,2
292819,2
292822,2
292833,2
292837,1
292840,4
292846,3
292850,2
292855,4
292862,2
292867,2
292871,2
292877,5
292884,6
292890,3
292898,2
292902,2
292905,2
292908,1
292912,4
292927,5
292932,5
292939,2
292943,2
292945,3
292949,2
292962,3
292973,2
292980,2
293005,2
293007,2
293010,2
293013,2
293017,2
293023,2
293025,3
293029,2
293031,3
293034,2
293037,3
293040,2
293043,2
293050,2
293052,3
293056,1
293065,2
293068,3
293073,3
293082,3
293095,2
293098,2
293101,2
293107,2
293109,2
293118,3
293128,5
293135,2
293145,2
293154,1
293156,3
293176,1
293186,4
293201,1
293204,1
293211,2
293217,2
293219,2
293229,3
293235,1
293256,2
293262,2
293269,2
293274,2
293277,3
293280,2
293284,3
293287,3
293296,3
293301,1
293310,2
293316,2
293319,2
293324,4
293330,3
293339,3
293342,2
293346,2
293348,2
293350,2
293352,1
293357,2
293367,3
293378,2
293398,2
293405,2
293408,2
293410,3
293428,2
293431,2
293434,2
293437,2
293441,2
293443,5
293448,1
293451,2
293454,1
293459,3
293465,3
293468,2
293473,1
293476,3
293480,2
293490,2
293492,1
293494,2
293496,1
293504,2
293513,2
293515,5
293520,2
293524,4
293528,2
293530,2
293538,1
293542,2
293554,3
293558,3
293568,1
293572,3
293576,3
293586,3
293589,4
293593,3
293604,2
293606,2
293608,3
293613,2
293615,3
293619,4
293624,2
293636,2
293645,2
293652,3
293657,2
293678,2
293680,3
293683,2
293689,2
293693,1
293695,3
293698,2
293700,2
293702,2
293708,2
293713,2
293715,2
293719,2
293732,1
293735,3
293741,2
293745,2
293753,4
293757,2
293762,3
293769,2
293771,4
293780,1
293784,4
293793,2
293802,2
293804,2
293806,3
293813,2
293815,2
293836,4
293845,2
293847,4
293851,2
293853,2
293855,3
293858,2
293864,1
293867,4
293871,2
293874,2
293882,3
293902,3
293905,2
293911,4
293918,3
293925,2
293930,3
293934,3
293937,2
293943,2
293945,2
293952,2
293954,2
293957,3
293961,1
293963,2
293969,2
293971,4
293978,3
293981,2
293983,3
293987,3
293992,2
293994,2
294001,3
294006,2
294008,2
294012,3
294025,2
294027,1
294033,3
294036,2
294038,2
294045,2
294049,2
294053,1
294060,2
294067,2
294070,4
294076,3
294084,2
294093,2
294095,1
294109,2
294113,1
294115,2
294117,3
294125,5
294134,5
294141,2
294147,1
294149,2
294152,3
294158,1
294168,2
294174,5
294183,2
294193,3
294204,4
294216,2
294223,5
294233,1
294235,2
294242,4
294247,2
294259,2
294267,2
294269,4
294275,2
294280,2
294282,2
294284,4
294290,2
294295,3
294298,2
294301,2
294310,2
294316,1
294327,2
294330,6
294337,1
294350,4
294363,2
294368,2
294371,2
294393,2
294395,3
294399,3
294406,3
294410,2
294412,2
294415,5
294421,2
294423,3
294430,1
294439,3
294442,5
294460,2
294462,2
294464,3
294472,2
294481,3
294484,2
294486,2
294490,2
294497,2
294523,2
294526,4
294539,2
294544,2
294552,1
294556,1
294559,2
294568,2
294574,2
294576,2
294580,2
294585,3
294592,2
294602,4
294613,3
294619,2
294626,3
294632,3
294644,3
294647,2
294660,2
294664,2
294673,3
294678,3
294701,2
294703,2
294714,5
294719,3
294730,2
294732,3
294743,2
294750,3
294757,2
294763,2
294767,1
294771,2
294773,3
294781,1
294789,2
294791,4
294795,2
294798,3
294802,1
294806,2
294813,2
294815,2
294818,2
294825,3
294834,2
294841,5
294854,2
294863,2
294865,2
294872,2
294880,1
294882,1
294910,3
294916,3
294919,2
294923,2
294935,2
294937,3
294955,3
294966,2
294974,2
294977,3
294982,4
294990,2
294995,3
295001,2
295005,1
295012,3
295024,3
295027,2
295029,2
295031,3
295045,2
295050,2
295058,2
295062,1
295065,2
295067,2
295070,3
295078,1
295080,2
295082,3
295085,1
295109,2
295113,4
295120,2
295123,4
295131,2
295135,4
295139,2
295141,2
295144,3
295154,2
295156,1
295158,1
295169,3
295172,1
295183,1
295189,4
295193,1
295196,3
295199,5
295209,1
295211,3
295214,2
295219,2
295221,3
295234,3
295242,1
295250,2
295254,4
295258,2
295264,2
295266,3
295285,5
295293,2
295296,2
295302,4
295312,4
295323,2
295327,3
295330,2
295333,2
295337,4
295346,2
295350,6
295371,2
295374,5
295380,3
295387,3
295393,2
295395,1
295408,5
295414,1
295418,5
295424,3
295432,3
295440,1
295446,1
295450,2
295456,2
295462,2
295467,5
295475,2
295480,3
295483,3
295486,2
295494,2
295496,3
295502,2
295505,2
295507,4
295514,2
295516,2
295518,2
295520,2
295532,1
295537,2
295539,2
295541,2
295543,3
295555,2
295558,2
295570,2
295572,2
295575,2
295589,2
295591,3
295594,2
295596,4
295603,3
295610,2
295617,3
295627,1
295629,3
295634,3
295638,3
295651,3
295654,1
295658,2
295660,2
295672,2
295684,3
295694,1
295699,2
295708,1
295712,2
295714,2
295729,2
295737,4
295751,2
295754,2
295756,2
295758,3
295764,2
295773,3
295778,3
295786,2
295798,3
295811,2
295815,2
295817,3
295825,2
295837,2
295842,3
295851,5
295856,2
295859,4
295865,2
295867,1
295878,1
295897,2
295900,4
295904,8
295912,2
295916,2
295920,4
295927,2
295937,2
295947,2
295955,3
295960,2
295976,3
295983,3
295992,2
295995,3
295998,2
296001,1
296010,2
296017,2
296057,3
296063,5
296078,3
296085,6
296095,2
296097,2
296104,3
296109,1
296117,4
296121,2
296126,3
296131,2
296137,2
296144,3
296150,3
296165,3
296169,3
296187,3
296190,1
296200,4
296220,2
296222,2
296225,2
296241,1
296247,1
296256,2
296275,2
296287,2
296289,1
296292,3
296297,1
296300,2
296302,2
296308,2
296314,8
296322,2
296326,3
296333,2
296338,3
296345,2
296348,2
296350,2
296353,2
296356,2
296360,1
296367,2
296371,2
296375,2
296377,2
296388,1
296396,2
296399,1
296407,4
296428,2
296436,3
296443,3
296447,2
296449,3
296452,3
296455,3
296458,2
296462,3
296466,3
296469,2
296488,3
296491,2
296495,2
296501,2
296505,2
296510,2
296523,2
296533,2
296535,2
296545,3
296551,3
296559,4
296564,2
296567,2
296571,4
296575,2
296579,4
296592,3
296596,3
296606,1
296614,3
296624,3
296629,2
296631,3
296649,3
296659,4
296663,2
296670,2
296683,2
296687,2
296690,1
296698,2
296709,2
296723,2
296727,2
296730,2
296732,3
296738,2
296741,4
296746,2
296748,2
296752,6
296763,2
296766,1
296772,2
296776,6
296784,1
296790,1
296796,6
296806,2
296815,3
296820,5
296852,2
296857,2
296883,3
296895,3
296901,2
296907,4
296918,2
296922,2
296926,4
296934,3
296937,3
296941,2
296946,2
296948,2
296951,3
296954,2
296965,2
296967,3
296976,2
296979,2
296993,1
297003,4
297007,2
297009,2
297011,2
297016,1
297024,1
297030,4
297037,2
297039,1
297050,3
297065,1
297067,2
297082,1
297086,2
297100,3
297104,2
297122,1
297128,4
297132,2
297139,2
297143,1
297153,1
297156,2
297163,1
297172,2
297174,4
297180,3
297185,4
297205,1
297207,3
297216,2
297220,2
297227,8
297235,3
297238,3
297245,1
297264,2
297268,3
297277,3
297282,2
297284,1
297287,5
297297,3
297305,2
297311,3
297316,3
297320,2
297334,2
297337,2
297343,4
297347,2
297351,2
297370,2
297372,2
297378,6
297386,2
297388,3
297406,2
297409,4
297420,2
297422,2
297424,3
297428,2
297431,2
297433,2
297443,2
297455,2
297461,4
297477,2
297485,1
297491,2
297503,2
297514,2
297516,1
297522,2
297525,3
297539,2
297547,3
297553,3
297556,2
297558,2
297562,2
297565,3
297568,2
297571,3
297581,2
297583,2
297591,2
297593,2
297595,7
297602,4
297606,3
297609,2
297618,3
297622,2
297631,2
297633,1
297642,3
297651,5
297656,3
297660,3
297664,2
297666,3
297669,4
297674,2
297679,2
297693,1
297695,3
297702,4
297714,1
297721,4
297726,3
297731,5
297736,4
297745,3
297755,2
297768,2
297770,1
297787,3
297794,1
297797,3
297801,3
297804,2
297844,4
297868,2
297873,2
297890,2
297892,2
297894,1
297898,3
297901,4
297905,4
297911,3
297917,3
297922,2
297924,3
297927,5
297932,2
297935,3
297947,2
297949,2
297951,2
297962,2
297965,2
297968,1
297983,1
297994,2
298004,2
298011,3
298014,2
298028,3
298033,2
298039,1
298043,2
298050,3
298065,6
298073,2
298075,1
298082,2
298085,2
298088,2
298090,3
298093,4
298097,2
298100,1
298102,2
298109,2
298111,3
298116,3
298132,2
298134,2
298137,2
298139,2
298141,2
298144,2
298158,2
298161,4
298168,1
298173,1
298182,2
298186,3
298190,2
298193,13
298210,2
298212,2
298223,2
298228,3
298247,2
298249,3
298256,3
298259,2
298268,3
298283,2
298286,3
298289,6
298296,2
298298,4
298303,3
298306,3
298309,2
298312,3
298317,5
298324,4
298328,2
298335,3
298340,2
298342,2
298348,2
298352,3
298357,2
298365,3
298368,2
298377,2
298379,3
298382,4
298387,2
298390,2
298394,3
298404,2
298406,2
298414,2
298416,4
298423,3
298430,2
298434,3
298438,2
298441,1
298448,2
298450,2
298453,1
298455,3
298458,2
298468,3
298472,2
298475,3
298479,2
298481,3
298492,4
298497,2
298507,4
298511,2
298513,2
298515,3
298519,2
298521,4
298526,1
298528,2
298533,3
298536,2
298542,2
298544,3
298551,3
298554,2
298558,3
298563,2
298565,2
298572,2
298574,2
298576,2
298578,2
298581,4
298585,2
298588,2
298596,1
298599,2
298606,2
298608,2
298612,3
298622,3
298630,3
298636,2
298641,2
298645,2
298648,2
298651,3
298660,2
298662,4
298668,3
298671,3
298677,2
298679,3
298687,3
298693,2
298699,2
298703,2
298707,2
298709,2
298714,2
298719,3
298724,2
298726,3
298733,2
298740,2
298744,3
298748,3
298755,2
298758,5
298763,3
298776,3
298780,2
298784,2
298795,2
298797,2
298805,2
298819,3
298823,2
298826,2
298828,3
298831,3
298835,3
298841,2
298846,2
298850,2
298852,2
298855,2
298858,4
298868,2
298870,2
298876,2
298882,2
298884,2
298887,2
298890,1
298894,2
298897,2
298904,1
298918,4
298922,3
298927,3
298934,2
298944,3
298948,2
298950,3
298958,3
298965,2
298971,4
298978,5
298984,3
298987,3
298995,3
298998,2
299006,3
299010,2
299012,3
299021,2
299023,2
299031,2
299035,2
299037,1
299039,1
299043,2
299046,2
299053,2
299059,4
299066,3
299069,2
299073,2
299078,4
299082,2
299092,2
299095,2
299098,1
299100,2
299105,2
299119,2
299130,2
299132,3
299135,2
299137,2
299142,2
299144,3
299150,4
299164,3
299170,2
299177,3
299185,2
299197,2
299202,2
299208,5
299213,2
299215,2
299220,2
299226,3
299233,2
299235,2
299237,3
299241,2
299244,2
299246,2
299254,2
299256,2
299269,2
299271,2
299275,3
299278,3
299282,2
299287,2
299297,2
299301,2
299309,2
299316,2
299320,2
299322,4
299327,2
299333,2
299338,2
299341,4
299345,2
299347,2
299351,2
299353,3
299357,2
299360,2
299362,3
299365,3
299370,3
299373,3
299376,2
299380,2
299385,2
299390,2
299393,2
299399,4
299404,2
299420,3
299429,2
299432,3
299436,2
299439,3
299442,3
299445,4
299451,3
299454,2
299463,2
299465,3
299468,2
299471,2
299474,2
299477,3
299481,2
299483,2
299485,3
299497,3
299502,3
299509,2
299511,2
299513,2
299517,1
299530,2
299532,2
299535,2
299537,2
299543,2
299545,1
299547,2
299554,2
299556,3
299559,2
299564,3
299567,2
299569,2
299572,3
299580,3
299583,4
299588,4
299593,3
299596,2
299599,2
299608,4
299612,3
299618,2
299625,4
299632,2
299634,2
299637,2
299639,2
299643,3
299647,2
299649,3
299654,2
299656,2
299668,2
299670,2
299674,2
299679,3
299682,6
299700,2
299702,2
299705,3
299712,2
299719,2
299722,2
299726,4
299734,2
299738,2
299742,2
299746,3
299749,4
299753,3
299764,2
299766,3
299769,2
299771,2
299773,2
299777,4
299781,3
299786,4
299791,2
299794,2
299803,2
299811,3
299817,2
299821,2
299830,2
299839,3
299842,2
299845,5
299856,2
299863,2
299865,2
299870,2
299872,2
299877,2
299879,2
299881,2
299888,2
299891,2
299893,2
299896,2
299899,3
299912,1
299919,2
299928,3
299936,2
299938,2
299940,4
299945,2
299947,2
299956,4
299962,2
299968,3
299975,2
299980,2
299985,2
299988,3
299991,5
299996,2
299998,3
300001,3
300006,2
300011,2
300015,2
300020,2
300025,2
300029,3
300036,2
300043,3
300047,2
300051,2
300056,2
300058,1
300060,3
300064,2
300074,2
300076,2
300082,7
300089,2
300095,4
300099,2
300101,3
300109,5
300114,2
300117,3
300127,3
300136,4
300140,3
300144,2
300146,5
300152,2
300154,2
300156,2
300158,6
300164,2
300166,1
300171,2
300177,4
300181,2
300183,2
300185,2
300189,3
300199,5
300213,1
300215,3
300221,3
300228,2
300231,2
300235,2
300238,3
300243,2
300248,5
300257,3
300261,2
300263,2
300265,2
300268,2
300272,3
300275,1
300282,3
300292,2
300294,2
300299,3
300311,2
300318,3
300327,2
300329,2
300331,2
300334,2
300337,2
300339,2
300344,4
300348,2
300350,2
300352,2
300359,2
300365,3
300368,2
300377,2
300379,4
300388,2
300390,2
300392,3
300410,2
300413,4
300424,2
300426,2
300429,2
300440,3
300443,2
300449,4
300453,2
300458,2
300468,2
300472,2
300475,2
300479,2
300481,2
300488,2
300491,1
300495,5
300502,3
300507,5
300513,2
300515,3
300522,2
300525,2
300533,2
300536,2
300538,3
300542,2
300564,2
300566,4
300571,3
300574,4
300578,2
300580,3
300584,2
300589,3
300595,2
300601,3
300614,3
300618,2
300626,2
300629,3
300632,3
300640,3
300643,2
300648,2
300650,2
300658,4
300662,3
300666,2
300673,2
300675,2
300679,2
300681,2
300684,2
300686,2
300688,3
300696,2
300704,3
300712,2
300716,2
300718,2
300720,2
300722,3
300725,2
300730,4
300734,2
300743,2
300745,2
300753,3
300756,2
300758,3
300761,2
300768,2
300776,2
300778,3
300782,2
300784,4
300788,2
300791,2
300795,4
300800,2
300802,2
300806,2
300810,2
300817,3
300822,4
300826,2
300829,5
300839,3
300843,2
300845,2
300848,2
300852,2
300854,3
300859,2
300863,3
300869,2
300875,2
300881,3
300884,1
300889,3
300892,3
300902,2
300907,3
300916,3
300920,3
300930,3
300933,5
300938,2
300940,3
300958,2
300962,4
300966,2
300969,4
300975,2
300980,2
300982,2
300987,2
300990,2
300992,3
300995,3
301004,1
301012,2
301015,2
301019,3
301022,1
301027,4
301033,2
301036,2
301038,3
301044,2
301051,3
301054,3
301058,3
301065,2
301071,3
301074,2
301085,4
301091,2
301094,2
301096,3
301099,3
301103,1
301110,2
301113,2
301117,2
301121,3
301125,2
301132,2
301134,3
301138,2
301140,3
301151,2
301153,3
301164,2
301166,2
301172,5
301180,2
301183,2
301186,2
301191,2
301193,3
301200,2
301204,2
301209,4
301214,6
301241,2
301246,3
301249,2
301252,2
301254,2
301257,4
301262,3
301273,2
301281,2
301291,3
301294,3
301297,2
301303,3
301307,2
301311,2
301314,2
301317,2
301346,3
301350,3
301353,2
301368,2
301372,2
301374,3
301379,2
301383,4
301387,3
301390,3
301393,2
301395,2
301400,3
301412,2
301415,3
301421,3
301424,3
301433,3
301438,2
301440,3
301449,2
301454,2
301464,2
301470,1
301475,2
301481,2
301483,5
301490,4
301510,3
301514,2
301516,2
301521,2
301524,2
301527,2
301531,2
301536,4
301540,2
301546,2
301549,3
301553,2
301557,2
301559,3
301564,2
301568,2
301575,2
301578,2
301585,2
301590,2
301592,2
301594,2
301599,1
301604,2
301610,3
301625,4
301630,4
301636,2
301642,3
301645,2
301654,3
301657,4
301662,2
301664,3
301669,3
301673,3
301680,2
301686,3
301695,3
301699,2
301703,3
301709,4
301716,2
301722,2
301730,4
301734,4
301740,1
301742,3
301748,2
301750,8
301765,2
301767,2
301770,2
301773,2
301776,2
301778,3
301782,3
301787,4
301793,4
301805,3
301808,2
301813,2
301816,2
301820,2
301825,2
301827,2
301835,2
301838,2
301842,3
301850,2
301852,2
301854,2
301857,3
301861,2
301864,2
301867,2
301875,2
301877,2
301882,2
301886,4
301891,2
301903,3
301909,2
301922,2
301925,5
301933,2
301936,2
301940,2
301944,3
301947,1
301956,2
301967,5
301972,2
301974,2
301981,3
301985,2
301990,2
301995,2
302004,4
302009,2
302011,2
302017,5
302027,2
302030,3
302037,3
302040,2
302042,2
302050,2
302054,3
302058,2
302061,2
302064,2
302068,2
302077,3
302082,2
302091,2
302101,2
302104,2
302111,2
302113,2
302115,2
302118,2
302139,5
302146,4
302154,2
302167,4
302174,3
302178,2
302183,2
302188,3
302199,3
302203,2
302214,3
302218,4
302223,4
302227,4
302233,2
302235,2
302245,2
302247,2
302250,2
302254,2
302258,2
302262,2
302264,2
302272,2
302276,2
302281,3
302285,3
302288,3
302291,2
302297,4
302303,2
302305,2
302311,4
302318,4
302332,2
302340,2
302345,2
302349,4
302359,2
302370,3
302377,3
302381,2
302392,2
302395,1
302418,2
302435,1
302437,2
302439,2
302441,2
302443,2
302445,1
302447,2
302452,3
302455,3
302458,4
302463,2
302465,1
302467,2
302472,2
302481,2
302483,2
302497,2
302509,4
302518,2
302520,5
302525,2
302532,2
302534,2
302536,2
302538,6
302546,3
302550,3
302558,4
302562,3
302565,3
302568,2
302570,2
302572,4
302580,1
302583,2
302589,3
302595,2
302607,2
302609,2
302613,3
302619,2
302624,2
302626,3
302631,2
302638,6
302653,2
302655,2
302658,2
302663,3
302666,2
302671,3
302676,3
302681,2
302684,2
302689,2
302693,2
302699,2
302701,3
302704,2
302707,3
302713,2
302720,2
302723,2
302725,3
302728,3
302740,2
302743,3
302750,2
302753,2
302760,2
302765,2
302770,4
302775,4
302787,3
302792,3
302799,3
302804,4
302812,3
302818,6
302826,2
302833,3
302836,3
302841,2
302843,2
302849,3
302856,2
302859,2
302862,1
302870,1
302873,2
302888,2
302891,3
302896,4
302900,3
302907,2
302909,2
302912,4
302918,2
302929,2
302935,2
302942,2
302947,2
302950,2
302960,3
302963,2
302966,3
302974,2
302979,3
302982,2
302987,2
302995,2
302998,2
303001,4
303005,2
303016,3
303021,2
303024,2
303033,1
303035,2
303041,2
303043,3
303050,4
303058,2
303063,2
303079,3
303094,3
303098,2
303101,5
303109,2
303114,3
303117,4
303122,3
303133,4
303140,1
303146,3
303152,2
303155,3
303160,2
303169,2
303171,3
303174,3
303177,3
303180,3
303185,2
303187,1
303204,2
303216,2
303224,3
303228,2
303233,4
303240,2
303242,2
303244,2
303246,2
303256,3
303262,2
303270,3
303274,4
303281,3
303284,2
303288,2
303296,3
303300,3
303305,2
303307,5
303312,2
303315,2
303323,4
303334,4
303339,3
303343,3
303346,2
303363,2
303371,2
303373,3
303383,2
303389,2
303393,2
303400,2
303402,2
303408,2
303413,2
303415,2
303417,2
303421,2
303427,2
303432,3
303435,2
303437,2
303443,2
303445,2
303451,2
303454,5
303460,3
303471,2
303473,3
303481,1
303483,2
303485,1
303491,2
303493,1
303501,4
303505,3
303509,3
303512,2
303514,3
303521,2
303524,2
303526,4
303546,2
303552,2
303555,3
303560,2
303566,2
303568,3
303574,2
303576,2
303580,2
303582,3
303602,3
303605,3
303610,3
303613,3
303622,4
303631,2
303637,2
303639,2
303641,3
303649,3
303660,2
303662,4
303666,2
303672,3
303677,2
303682,3
303685,3
303688,2
303701,3
303708,2
303711,2
303715,2
303719,2
303722,3
303727,3
303731,2
303733,1
303735,2
303746,2
303749,4
303753,2
303757,3
303760,3
303763,3
303771,2
303775,2
303777,2
303780,3
303783,2
303788,3
303791,2
303798,3
303801,2
303803,1
303810,2
303812,2
303818,1
303821,4
303825,2
303831,3
303836,2
303840,2
303842,4
303846,1
303848,2
303850,2
303853,3
303857,1
303861,2
303864,2
303868,5
303874,2
303885,3
303891,2
303898,3
303912,3
303920,2
303922,2
303927,2
303930,2
303942,3
303946,2
303949,3
303966,2
303968,2
303977,4
303981,3
303987,3
303993,3
303997,2
304003,3
304009,2
304012,2
304014,2
304018,4
304027,2
304030,2
304033,2
304035,3
304038,4
304045,2
304047,2
304050,3
304058,4
304064,2
304068,3
304072,3
304077,2
304081,2
304083,2
304085,2
304090,4
304097,1
304100,2
304130,2
304135,3
304140,1
304149,2
304153,2
304157,4
304161,3
304165,3
304174,3
304177,2
304180,5
304187,5
304193,2
304195,2
304197,2
304205,2
304207,3
304210,2
304216,2
304220,3
304224,2
304230,3
304233,3
304238,2
304241,4
304248,2
304250,7
304257,4
304261,2
304266,2
304275,3
304283,4
304288,2
304292,2
304299,2
304305,1
304307,1
304309,2
304311,3
304314,2
304317,3
304324,2
304328,5
304333,5
304339,3
304345,3
304352,2
304354,1
304365,3
304369,6
304381,2
304389,5
304395,2
304398,2
304400,2
304402,2
304404,2
304406,6
304412,5
304429,2
304431,2
304435,2
304438,3
304442,1
304445,3
304448,2
304451,2
304453,2
304456,3
304468,5
304474,3
304477,2
304480,2
304484,2
304490,2
304502,2
304508,3
304515,2
304517,3
304524,2
304529,5
304537,2
304542,2
304544,2
304548,2
304551,3
304556,1
304562,4
304566,5
304572,3
304575,5
304585,3
304590,3
304595,3
304609,3
304620,5
304637,2
304640,1
304642,2
304646,1
304654,3
304668,3
304672,2
304677,2
304684,3
304698,3
304705,2
304719,2
304723,3
304727,2
304738,3
304743,2
304746,3
304749,2
304751,2
304753,2
304758,4
304763,2
304768,5
304774,2
304777,2
304785,3
304804,4
304809,2
304811,3
304832,2
304848,2
304872,2
304874,5
304884,2
304888,2
304893,5
304899,2
304902,2
304910,1
304923,2
304925,2
304936,2
304941,2
304945,2
304951,4
304955,2
304957,1
304961,3
304964,2
304986,2
304993,2
304999,1
305003,2
305012,2
305016,2
305034,2
305036,2
305046,2
305050,2
305055,1
305057,2
305060,2
305065,3
305073,3
305078,2
305084,4
305088,2
305106,5
305111,2
305123,2
305128,2
305145,3
305158,3
305161,2
305163,2
305169,2
305178,2
305182,2
305184,3
305189,2
305191,3
305203,3
305210,2
305213,2
305217,3
305224,1
305227,2
305230,1
305232,3
305237,2
305244,3
305250,3
305253,2
305256,3
305260,3
305266,3
305272,3
305275,2
305280,2
305287,3
305297,13
305311,2
305313,2
305316,2
305321,3
305324,2
305330,1
305332,2
305352,3
305357,2
305360,3
305364,3
305367,2
305370,3
305374,4
305378,2
305382,2
305387,2
305390,1
305392,4
305404,2
305413,2
305421,4
305428,3
305434,3
305440,2
305443,2
305453,5
305464,2
305470,3
305474,3
305478,1
305490,4
305496,2
305498,2
305503,2
305507,2
305511,3
305514,2
305516,2
305522,3
305525,2
305527,3
305541,2
305543,2
305553,4
305557,2
305559,2
305565,3
305571,2
305573,2
305576,1
305578,2
305580,2
305584,2
305586,2
305595,2
305597,4
305607,2
305610,3
305613,3
305625,3
305635,4
305639,3
305643,2
305648,3
305652,2
305654,2
305656,2
305660,2
305662,3
305668,2
305674,3
305680,2
305685,2
305687,3
305692,2
305695,2
305699,3
305702,1
305710,2
305714,2
305716,2
305719,3
305725,3
305728,2
305732,3
305735,2
305737,4
305750,2
305753,3
305758,2
305774,2
305777,4
305782,4
305789,3
305796,3
305799,2
305805,5
305810,3
305814,5
305819,3
305824,2
305829,1
305831,2
305834,2
305836,2
305839,2
305842,2
305844,2
305852,4
305856,2
305859,5
305865,3
305868,3
305876,3
305881,1
305887,2
305890,4
305896,2
305905,2
305907,2
305909,3
305912,1
305922,4
305930,4
305934,5
305944,3
305948,4
305953,1
305957,2
305959,4
305964,2
305980,4
305986,3
305989,1
305993,2
305995,2
305997,2
305999,3
306002,2
306006,2
306010,1
306016,2
306019,2
306024,2
306030,2
306033,2
306041,4
306052,3
306056,4
306063,3
306068,2
306072,3
306075,2
306080,2
306082,2
306085,3
306095,2
306100,4
306108,2
306111,3
306114,3
306122,2
306125,2
306127,1
306129,2
306138,3
306145,2
306148,2
306150,3
306168,5
306175,1
306180,3
306186,2
306189,2
306192,2
306194,2
306196,2
306199,2
306201,3
306204,3
306208,2
306215,2
306222,2
306226,2
306230,2
306232,2
306235,2
306237,2
306239,3
306242,3
306245,2
306247,2
306250,2
306261,2
306271,2
306277,3
306280,2
306284,1
306288,2
306290,2
306293,4
306304,3
306310,2
306319,3
306324,5
306334,4
306338,3
306343,2
306346,3
306349,2
306353,2
306355,2
306359,2
306370,3
306379,1
306381,2
306384,3
306388,4
306394,2
306398,2
306400,1
306403,3
306410,2
306417,3
306426,2
306431,4
306435,2
306438,5
306443,3
306447,3
306453,2
306457,2
306460,2
306464,2
306471,2
306476,3
306479,2
306481,2
306486,3
306489,4
306515,4
306519,3
306523,5
306529,2
306535,2
306537,2
306539,3
306553,2
306555,4
306559,2
306561,2
306578,3
306582,5
306593,1
306602,4
306608,2
306610,2
306614,2
306616,4
306623,2
306625,2
306630,3
306636,2
306638,2
306641,2
306647,3
306650,2
306656,4
306663,3
306669,4
306679,2
306690,3
306693,6
306702,6
306713,2
306715,2
306717,1
306719,3
306723,2
306725,2
306733,3
306737,2
306742,8
306753,3
306756,3
306766,2
306771,2
306776,2
306779,2
306781,5
306794,7
306801,3
306810,4
306815,1
306825,3
306841,3
306845,2
306849,4
306855,4
306859,2
306869,2
306881,2
306885,3
306891,2
306895,3
306899,3
306904,1
306908,2
306918,1
306920,3
306923,3
306930,4
306936,2
306938,3
306946,2
306948,3
306955,2
306960,3
306963,2
306969,2
306971,4
306976,3
306980,3
306983,1
306985,2
306992,2
307001,2
307008,2
307012,2
307014,3
307017,3
307025,5
307030,3
307033,2
307037,2
307043,2
307047,2
307049,2
307051,3
307059,2
307062,2
307065,2
307069,3
307080,5
307085,2
307093,2
307096,3
307099,1
307107,2
307112,1
307120,3
307123,2
307128,2
307138,3
307147,4
307154,2
307156,3
307161,3
307164,3
307171,2
307175,2
307184,2
307188,1
307196,2
307200,1
307210,1
307213,2
307215,2
307217,1
307224,2
307228,2
307231,3
307236,3
310346,1
310520,1
310532,1
310585,1
310618,1
310634,1
310652,2
310656,1
310658,1
310667,1
310671,1
310682,2
310687,1
311003,1
311023,1
311060,1
311073,1
311904,1
314733,1
314857,2
314880,7
314913,1
314924,1
314932,1
314949,1
314951,2
314956,2
314982,1
315104,1
315213,4
315304,1
315322,1
315327,1
315365,1
315388,1
315392,1
315412,2
315419,3
315448,1
315458,2
315482,2
315484,2
315491,2
315543,3
315597,1
315606,2
315624,4
315635,3
315679,5
315764,2
315824,1
315840,2
315906,1
315914,2
315953,1
315958,1
316004,2
316009,1
316018,2
316108,2
316143,2
316177,1
316205,2
316207,1
316315,1
316336,5
316439,1
316449,2
316526,2
316557,1
316590,1
316604,1
316683,4
316761,4
316765,1
316782,1
316879,1
316940,1
317050,1
317066,2
317080,1
317126,1
317233,1
317361,2
317428,1
317472,1
317494,5
317587,1
317594,1
317603,1
317606,1
317690,1
317695,1
317698,1
317732,3
317735,4
317742,1
317801,1
317837,1
317881,2
317891,1
317897,3
317951,4
317967,1
317972,1
318039,1
318137,1
318197,2
318323,4
318447,1
318459,1
318463,2
318661,1
318676,2
318689,2
318855,1
319405,1
319425,2
319661,2
319665,2
319750,1
319958,1
320161,2
320163,1
320165,3
320170,2
320172,2
320175,3
320235,1
320271,2
320285,5
320318,1
320409,1
320419,3
320423,2
320427,2
320429,4
320441,1
320500,1
320505,1
320580,2
320674,1
320679,2
320721,2
320739,2
320746,1
320748,3
320753,1
320806,1
320845,2
320897,3
320923,3
320994,1
321174,1
321257,1
321260,1
321289,1
321458,1
321665,1
321678,2
321681,3
321687,2
321742,2
321969,1
322190,1
322255,2
322261,3
322272,1
322275,3
322292,2
322354,1
322376,2
322381,1
322386,2
322395,1
322397,1
322400,2
322413,1
322420,1
322428,2
322438,3
322442,2
322446,1
322516,1
322546,28
322574,10
322584,20
322604,4
322608,9
322617,2
322619,8
322627,11
322638,4
322642,8
322650,10
322660,8
322668,2
322671,4
322675,2
322677,4
322681,4
322685,6
322691,10
322701,3
322704,5
322710,4
322714,2
322716,3
322720,4
322724,16
322740,2
322743,4
322747,2
322749,3
322753,4
322757,2
322759,3
322762,1
322764,2
322767,5
322772,5
322777,3
322780,2
322782,6
322788,2
322790,5
322795,4
322799,5
322804,3
322807,5
322812,4
322816,5
322823,3
322827,2
322829,4
322833,5
322838,3
322841,9
322850,2
322855,3
322859,4
322863,5
322868,3
322871,2
322873,5
322878,4
322883,5
322891,15
322912,3
322916,2
322918,2
322920,5
322925,3
322929,5
322934,2
322936,2
322938,2
322940,2
322942,5
322947,4
322951,2
322953,5
322959,2
322964,4
322969,10
322979,2
322981,6
322987,5
322993,6
322999,7
323007,7
323017,2
323019,2
323023,2
323025,4
323029,4
323033,3
323038,2
323041,2
323045,2
323048,2
323051,3
323056,4
323060,6
323067,3
323071,2
323073,2
323075,2
323078,5
323083,7
323090,14
323104,2
323106,9
323115,1
323117,4
323122,6
323129,7
323137,2
323139,12
323151,3
323155,8
323163,4
323167,2
323169,2
323171,20
323192,2
323194,9
323203,6
323209,6
323215,3
323218,11
323230,2
323232,8
323241,4
323245,6
323251,5
323257,2
323259,11
323271,2
323273,3
323276,2
323278,3
323283,2
323285,2
323287,12
323299,17
323316,13
323329,5
323336,2
323342,3
323345,9
323354,6
323360,3
323363,2
323366,3
323369,3
323373,6
323380,2
323382,4
323387,5
323395,10
323405,2
323411,2
323415,2
323417,3
323420,2
323422,2
323424,2
323427,7
323437,14
323457,2
323459,3
323462,7
323474,2
323476,2
323498,2
323505,6
323512,12
323524,16
323541,3
323548,5
323554,3
323557,2
323559,3
323566,8
323574,11
323605,2
323607,5
323613,10
323624,6
323630,9
323643,3
323647,2
323653,7
323661,5
323666,3
323669,3
323672,3
323678,2
323689,3
323692,2
323694,2
323700,3
323704,3
323707,2
323710,9
323719,2
323725,3
323729,2
323733,2
323736,2
323742,14
323758,4
323762,2
323764,2
323766,2
323770,2
323775,2
323785,3
323789,3
323823,6
323831,5
323836,2
323838,3
323844,2
323846,4
323850,2
323859,2
323885,2
323887,5
323907,2
323911,2
323913,2
323915,5
323971,11
323983,2
323985,4
323990,4
324002,4
324017,2
324019,4
324027,2
324030,2
324050,11
324061,2
324063,8
324071,3
324077,2
324082,2
324084,3
324089,5
324094,4
324098,3
324101,2
324104,3
324107,2
324109,2
324111,24
324136,7
324143,4
324148,5
324153,3
324156,2
324159,3
324162,12
324174,6
324181,3
324184,51
324235,14
324249,14
324266,2
324269,7
324277,5
324282,4
324289,3
324292,6
324298,2
324301,2
324303,3
324306,3
324309,3
324312,2
324314,3
324318,3
324322,4
324331,2
324336,9
324345,7
324371,2
324381,3
324384,5
324393,3
324397,2
324400,2
324404,2
324410,3
324415,2
324421,2
324444,2
324446,3
324449,8
324459,3
324468,2
324470,2
324474,3
324480,4
324489,2
324510,4
324514,5
324520,2
324522,2
324524,2
324526,2
324528,6
324536,3
324539,3
324543,7
324554,3
324557,2
324559,2
324561,4
324565,8
324573,3
324577,6
324585,2
324588,7
324602,2
324605,4
324612,2
324614,3
324617,2
324621,3
324627,11
324639,6
324645,37
324682,2
324686,6
324695,2
324698,2
324700,2
324703,3
324707,2
324709,2
324711,2
324713,2
324715,3
324718,5
324725,3
324731,2
324734,2
324739,16
324755,2
324757,19
324776,8
324786,2
324788,9
324797,9
324829,2
324831,5
324836,2
324908,2
324911,2
324913,2
325005,3
325028,2
325032,4
325036,5
325043,8
325055,2
325059,2
325061,5
325067,2
325071,3
325076,2
325081,2
325083,4
325087,4
325091,7
325102,2
325105,2
325115,3
325121,3
325125,9
325167,7
325220,2
325223,2
325228,4
325232,7
325240,4
325245,8
325253,3
325258,2
325264,4
325283,2
325285,3
325288,3
325304,4
325308,2
325310,4
325315,10
325325,5
325330,2
325334,3
325337,4
325341,11
325358,8
325366,4
325374,4
325378,3
325381,5
325388,2
325407,2
325416,2
325420,3
325423,2
325425,4
325430,9
325462,2
325465,3
325468,9
325477,2
325480,2
325484,3
325487,2
325489,3
325493,2
325496,3
325505,2
325532,2
325535,6
325542,11
325606,5
325611,2
325614,2
325616,2
325618,2
325620,5
325627,6
325633,3
325636,3
325639,3
325643,2
325726,7
325764,3
325767,3
325770,9
325787,4
325792,4
325799,20
325820,5
325827,2
325829,10
325839,2
325841,4
325847,7
325857,7
325864,3
325867,2
325869,5
325874,5
325890,1
325892,5
325897,3
325900,3
325903,2
325906,14
325922,2
325936,4
325942,2
325944,3
325948,2
325950,7
325957,3
325964,3
325967,8
325976,3
325979,5
325984,3
325987,2
325990,2
325993,5
325999,6
326005,6
326014,19
326033,2
326035,2
326038,4
326042,6
326049,6
326055,3
326067,4
326071,4
326075,5
326080,6
326092,7
326099,7
326111,2
326113,37
326150,10
326160,9
326169,13
326182,7
326190,2
326193,6
326199,10
326209,11
326220,4
326225,3
326228,5
326235,5
326240,9
326249,6
326255,2
326257,11
326270,2
326273,7
326280,10
326291,2
326293,5
326299,2
326302,2
326304,3
326307,2
326322,2
326326,6
326337,12
326349,37
326387,6
326393,3
326396,8
326404,6
326410,11
326422,5
326427,14
326441,6
326447,2
326449,3
326452,4
326456,7
326463,2
326465,9
326475,2
326477,2
326479,6
326487,23
326510,7
326522,2
326524,6
326531,5
326537,4
326541,9
326550,2
326565,3
326569,2
326571,2
326573,2
326575,2
326580,2
326584,3
326587,3
326590,3
326593,4
326597,4
326602,5
326607,2
326609,2
326613,2
326615,2
326619,2
326621,3
326625,9
326634,6
326641,4
326646,6
326652,5
326658,76
326734,6
326740,2
326742,3
326745,4
326749,2
326751,4
326755,5
326760,5
326765,8
326773,2
326783,2
326785,12
326798,3
326801,4
326815,2
326818,2
326820,2
326823,5
326830,3
326842,2
326844,3
326848,4
326857,3
326861,1
326867,4
326871,4
326875,4
326879,2
326884,2
326887,5
326895,8
326903,2
326913,4
326918,2
326922,3
326928,4
326935,2
326939,2
326943,2
326949,7
326957,2
326960,5
326968,6
326976,4
326982,2
326988,11
326999,5
327004,3
327007,6
327013,5
327021,2
327024,2
327029,3
327032,3
327038,3
327044,2
327048,3
327051,3
327054,2
327057,2
327061,3
327071,2
327077,4
327083,2
327086,9
327101,1
327105,2
327107,2
327112,6
327123,3
327130,2
327132,2
327137,1
327156,5
327162,5
327168,3
327185,1
327193,2
327215,3
327221,2
327226,2
327230,2
327232,6
327243,2
327246,2
327253,3
327262,3
327266,3
327270,2
327275,3
327281,3
327285,9
327300,4
327314,9
327323,1
327327,4
327332,2
327335,4
327353,2
327355,2
327359,2
327363,2
327366,4
327371,7
327379,2
327384,4
327388,3
327393,5
327398,2
327405,5
327413,3
327419,1
327425,3
327428,2
327430,3
327435,3
327443,3
327446,6
327452,4
327458,2
327461,2
327466,6
327480,1
327484,5
327489,12
327508,2
327516,6
327522,3
327525,4
327529,5
327537,2
327540,4
327546,6
327554,3
327557,2
327561,4
327566,2
327570,5
327583,4
327601,5
327606,6
327614,7
327621,2
327623,2
327625,3
327631,1
327635,8
327644,3
327658,2
327660,2
327666,2
327678,3
327681,2
327684,3
327687,4
327693,11
327704,2
327707,2
327710,3
327713,8
327725,2
327728,4
327739,3
327744,3
327752,2
327756,4
327765,2
327779,4
327785,6
327798,2
327803,4
327807,7
327820,3
327823,2
327829,2
327835,2
327837,4
327844,3
327990,2
328007,3
328014,2
328025,2
328032,2
328034,3
328039,4
328044,2
328049,2
328056,12
328177,4
328186,8
328195,2
328198,4
328202,5
328207,2
328209,3
328212,6
328218,5
328223,2
328226,10
328236,5
328241,3
328244,4
328264,2
328270,2
328272,2
328274,2
328279,3
328282,2
328287,2
328290,2
328292,3
328305,2
328316,2
328319,2
328321,2
328324,4
328331,2
328333,2
328347,2
328382,5
328391,2
328393,2
328398,2
328407,5
328418,7
328425,3
328431,2
328435,2
328438,3
328441,3
328444,4
328450,3
328458,3
328464,3
328467,3
328473,10
328492,2
328496,2
328502,5
328507,3
328517,2
328521,2
328528,2
328530,3
328533,3
328536,3
328543,5
328551,20
328575,22
328597,2
328603,2
328605,2
328607,2
328634,2
328636,2
328641,3
328647,2
328651,2
328657,2
328665,2
328676,2
328678,1
328680,1
328688,6
328694,2
328729,2
328880,1
328895,2
329148,1
329233,3
329240,1
329246,3
329265,1
329273,3
329281,1
329288,2
329296,4
329305,3
329309,3
329312,3
329317,1
329319,2
329321,2
329323,3
329329,4
329338,3
329341,1
329347,2
329349,2
329351,3
329354,1
329357,2
329359,1
329362,2
329365,1
329374,2
329382,1
329391,2
329394,2
329399,3
329404,3
329407,4
329412,2
329414,2
329417,1
329421,1
329426,3
329431,2
329435,2
329439,2
329445,2
329447,2
329450,2
329454,1
329457,3
329466,2
329468,7
329476,1
329491,3
329495,3
329498,3
329505,3
329514,2
329516,3
329527,2
329532,1
329545,1
329557,2
329565,3
329570,2
329576,3
329586,2
329590,1
329592,1
329597,2
329599,2
329607,2
329619,2
329624,2
329633,4
329646,2
329649,2
329653,2
329669,5
329674,2
329677,3
329691,1
329693,2
329695,2
329706,2
329711,4
329716,1
329722,3
329725,1
329730,1
329745,2
329748,1
329751,2
329758,2
329763,1
329766,2
329771,2
329774,3
329777,2
329779,2
329787,1
329793,2
329799,2
329808,2
329812,1
329819,2
329826,2
329844,2
329848,2
329865,1
329869,3
329872,2
329876,2
329883,3
329891,1
329904,1
329922,5
329927,2
329931,2
329934,2
329948,1
329950,4
329959,1
329967,1
329981,1
329987,2
329990,2
329994,2
330006,2
330022,3
330030,2
330033,1
330046,2
330051,2
330054,2
330062,2
330064,3
330076,2
330081,4
330088,1
330090,2
330092,1
330096,2
330098,1
330100,1
330104,1
330113,2
330117,3
330120,3
330123,2
330147,2
330153,2
330162,2
330164,2
330169,2
330182,4
330186,1
330188,2
330190,3
330193,2
330215,1
330224,2
330229,1
330236,3
330247,2
330256,4
330264,2
330310,1
330312,2
330316,2
330334,2
330340,1
330354,6
330360,2
330375,2
330382,1
330386,2
330392,1
330403,1
330413,2
330418,2
330422,3
330430,1
330433,3
330442,1
330483,2
330493,4
330506,2
330514,2
330521,2
330523,1
330527,1
330530,3
330534,2
330542,3
330547,5
330554,4
330559,3
330562,1
330565,2
330567,5
330574,3
330577,3
330588,1
330623,1
330647,3
330650,3
330661,2
330670,1
330705,4
330716,3
330737,1
330748,2
330751,1
330753,3
330757,1
330770,2
330772,4
330782,2
330785,3
330791,2
330795,4
330800,4
330809,2
330811,2
330813,3
330816,2
330825,3
330830,4
330834,2
330845,3
330848,6
330855,4
330859,1
330862,2
330865,2
330867,6
330874,6
330880,2
330882,1
330894,6
330907,3
330915,2
330920,2
330949,4
330967,3
330970,2
330972,1
330977,2
331006,5
331012,3
331050,2
331053,2
331057,2
331060,2
331067,2
331069,2
331076,3
331079,1
331081,5
331113,3
331117,1
331119,2
331121,3
331125,2
331128,3
331137,2
331139,2
331143,2
331177,2
331179,1
331207,1
331229,1
331234,1
331237,2
331270,1
331281,1
331287,1
331306,1
331313,1
331326,2
331328,2
331338,2
331341,2
331343,2
331377,2
331384,4
331390,3
331397,2
331419,3
331424,1
331426,1
331448,2
331464,1
332416,6
332426,3
332448,1
332462,1
332490,3
332500,2
332505,2
332509,1
332521,1
332619,3
332636,9
332645,5
332729,2
332733,57
332791,1
332797,3
332800,3
332803,3
332809,2
332811,2
332821,1
332827,1
332843,2
332854,2
332959,2
332961,1
333000,3
333006,4
333015,3
333021,1
333028,1
333065,1
333077,6
333201,2
333208,1
333211,1
333219,2
333248,2
333252,2
333254,1
333256,2
333260,2
333276,2
333294,2
333299,1
333303,2
333316,1
333327,2
333331,2
333353,2
333356,2
333360,1
333373,2
333376,1
333404,2
333406,2
333412,2
333432,3
333435,1
333438,2
333446,2
333458,2
333461,3
333497,2
333505,1
333519,1
333605,2
333607,3
333610,1
333612,1
333626,2
333633,3
333637,1
333639,2
333658,2
333671,3
333674,2
333677,2
333680,2
333682,2
333703,1
333725,1
333749,2
333751,1
333891,1
333894,2
333896,1
333915,2
333932,1
333934,2
333945,2
333948,2
333952,3
333955,1
333968,3
333971,1
333973,1
333981,2
333983,1
334050,1
334052,2
334056,2
334072,2
334077,4
334085,2
334140,3
334145,1
334168,2
334174,1
334191,2
334194,3
334197,1
334216,1
334262,2
334265,3
334269,4
334273,4
334277,5
334282,2
334295,2
334332,1
334351,1
334373,1
334375,2
334418,2
334446,2
334451,3
334459,4
334468,1
334473,1
334556,2
334567,2
334595,2
334597,2
334599,3
334603,2
334610,3
334614,3
334623,4
334698,1
334703,2
334705,7
334715,2
334717,2
334721,4
334725,1
334727,2
334735,1
334737,4
334742,2
334746,2
334749,1
334751,2
334753,4
334786,2
334791,2
334793,5
334798,2
334804,1
334807,1
334810,2
334816,1
334837,2
334842,2
334937,1
335060,1
335063,4
335070,1
335084,1
335381,2
335479,3
335504,2
335507,2
335515,2
335523,2
335527,3
335544,3
335549,1
335554,2
335560,2
335661,2
335666,4
335679,2
335681,2
335695,4
335699,2
335702,5
335707,2
335712,1
335733,1
335739,2
335747,2
335761,1
335768,1
335770,2
335782,1
335793,3
335796,2
335830,1
335856,2
335937,1
335943,3
335949,2
336041,1
336071,1
336080,1
336166,1
336169,2
336171,3
336175,3
336205,1
336207,2
336232,2
336241,3
336269,2
336272,3
336275,4
336282,2
336285,2
336292,2
336294,4
336298,2
336300,3
336341,5
336350,2
336404,1
336443,2
336453,1
336457,1
336466,1
336468,4
336477,2
336499,1
336503,1
336507,1
336512,3
336515,7
336524,1
336672,6
336709,2
336850,1
336852,2
336857,3
336873,1
336877,1
336918,1
336924,1
337047,4
337052,2
337056,3
337059,2
337063,2
337069,2
337340,2
337345,1
337351,11
337362,2
337370,6
337392,1
337426,2
337433,1
337474,2
337487,4
337491,3
337496,5
337514,2
337523,2
337525,3
337528,6
337537,1
337540,2
337547,1
337555,2
337563,5
337572,4
337576,2
337578,2
337581,1
337592,2
337599,2
337602,2
337647,1
337659,2
337663,1
337696,1
337701,2
337703,1
337708,1
337730,2
337751,1
337789,3
337795,2
337802,3
337805,1
337809,1
337866,1
337909,1
337917,3
337925,1
337930,1
337932,2
337935,4
337939,2
337941,3
337951,3
337961,2
337963,1
337965,1
337984,1
337992,3
337995,3
337998,2
338018,2
338021,1
338040,2
338061,2
338073,2
338111,2
338122,2
338124,2
338131,3
338256,2
338270,1
338272,3
338275,1
338292,1
338306,2
338313,3
338316,5
338326,3
338329,2
338345,2
338349,2
338351,5
338360,2
338362,2
338365,2
338371,3
338379,3
338382,2
338385,2
338388,2
338410,3
338425,2
338429,2
338431,1
338436,2
338444,3
338449,2
338452,2
338455,4
338459,4
338468,4
338475,3
338478,1
338488,2
338505,2
338511,1
338517,3
338569,1
338571,2
338575,2
338577,3
338583,3
338588,3
338591,3
338608,2
338630,2
338632,2
338635,2
338643,4
338648,2
338650,1
338661,2
338665,2
338677,2
338687,2
338689,2
338691,2
338703,4
338733,1
338782,1
338828,1
338932,1
338935,2
338968,2
338974,2
338991,1
339056,1
339063,1
339111,2
339114,1
339153,2
339202,1
339225,1
339240,3
339245,3
339248,4
339252,2
339261,2
339263,6
339269,4
339283,2
339294,3
339305,2
339311,1
339327,3
339344,2
339359,2
339362,1
339370,3
339373,2
339375,3
339412,1
339414,1
339419,3
339422,3
339436,2
339440,2
339442,2
339457,2
339461,1
339486,3
339490,3
339493,2
339500,4
339508,2
339511,2
339520,1
339630,3
339642,1
339653,1
339660,3
339668,1
339670,1
339695,2
339698,2
339715,1
339748,2
339752,2
339754,2
339757,3
339945,2
339948,1
339951,2
339953,2
339957,2
340016,4
340020,5
340026,6
340034,2
340036,5
340045,4
340049,3
340053,2
340055,5
340065,1
340074,2
340077,1
340080,1
340089,3
340093,1
340095,1
340113,1
340179,1
340181,4
340188,3
340192,1
340222,2
340292,3
340343,1
340360,1
340407,1
340423,1
340503,1
340729,3
340732,2
340736,2
340744,1
340752,2
340754,1
340756,1
340759,2
340761,2
340765,1
340793,1
340812,2
340844,2
340930,2
340934,2
340955,1
340999,2
341005,2
341010,4
341014,7
341022,3
341067,4
341078,3
341082,2
341087,2
341091,2
341097,2
341104,2
341106,4
341123,3
341128,2
341133,1
341135,1
341137,2
341139,4
341143,2
341146,2
341148,6
341155,1
341157,3
341166,1
341168,3
341177,4
341191,3
341208,2
341211,1
341217,3
341221,3
341225,2
341235,1
341238,1
341240,3
341245,1
341249,2
341253,1
341288,3
341292,2
341294,1
341296,2
341302,5
341307,2
341310,3
341314,2
341331,2
341334,3
341434,1
341518,1
341546,2
341550,2
341555,1
341557,1
341567,2
341570,2
341576,4
341581,2
341583,4
341588,2
341590,2
341592,2
341596,2
341605,1
341608,1
341612,2
341616,1
341623,2
341626,4
341631,1
341633,2
341638,3
341641,2
341643,5
341648,6
341654,2
341656,2
341661,2
341680,2
341692,2
341694,1
341716,5
341721,2
341806,2
341818,3
341824,3
341829,2
341838,5
341843,2
341845,2
341853,3
341857,3
341863,2
341869,4
341874,1
341876,2
341880,2
341885,3
341891,2
341897,1
341900,2
341904,6
341918,2
341921,2
341924,3
341928,1
341930,4
341940,3
341946,1
341948,6
341954,2
341956,6
341966,2
341969,2
341971,3
341974,5
341980,2
341983,3
341992,1
341997,3
342007,3
342018,2
342022,2
342026,4
342035,2
342060,1
342063,2
342067,5
342129,2
342132,2
342136,1
342161,3
342164,2
342204,2
342207,2
342213,4
342222,2
342240,3
342499,3
342503,3
342556,1
342573,1
342576,1
342580,1
342583,2
342597,2
342601,2
342604,2
342622,3
342628,2
342631,1
342653,1
342680,3
342684,2
342686,3
342690,2
342692,1
342699,2
342701,2
342705,3
342708,3
342711,5
342716,5
342735,1
343418,1
343675,2
343848,2
343874,1
343880,1
343887,3
343918,1
343990,2
344001,1
344050,2
344112,1
344119,1
344129,4
344768,2
344770,3
344774,2
344838,1
344906,2
344908,2
344915,2
344918,1
344921,1
344926,1
344942,5
344950,1
344983,2
344986,1
344990,1
344992,1
345032,1
345360,1
345578,1
345581,1
345594,1
345622,3
345640,1
345657,1
345659,4
345664,3
345667,2
345671,4
345675,2
345721,1
345785,1
345797,1
345834,2
345837,2
345839,1
345846,1
346279,2
346999,1
347019,1
348030,2
348032,2
348044,1
348244,1
348299,1
348327,2
348370,1
348373,1
348378,1
348436,1
348459,1
348523,1
348559,1
348620,1
348945,2
349247,1
349411,1
349539,2
349664,1
349873,2
350068,1
350849,1
350852,2
350882,1
350886,2
350888,3
350894,3
350897,4
351060,2
351062,2
351065,2
351153,1
351455,2
351462,3
351540,2
351850,1
351984,1
352084,3
352091,2
352093,3
352281,2
352478,4
352482,3
352529,3
352532,2
352543,2
352546,2
352555,1
352564,2
352567,5
352574,1
352585,1
352664,1
352670,1
352768,2
352943,1
352950,1
352958,3
353036,2
353047,1
353064,1
353371,2
354382,1
354854,1
354913,3
355704,1
355706,1
355709,2
356007,2
357233,1
357238,1
357267,1
357630,2
357633,2
357635,2
357637,2
357640,4
357644,3
357649,2
357653,3
357660,3
357663,7
357670,2
357674,2
357676,2
357678,2
357687,2
357692,3
357697,3
357702,2
357706,4
357714,1
357716,3
357719,2
357724,2
357727,2
357742,2
357744,3
357747,4
357755,2
357760,2
357764,2
357770,2
357775,2
357779,2
357781,1
357786,2
357790,2
357794,2
357797,1
357802,2
357804,1
357809,4
357813,6
357824,3
357834,4
357842,2
357844,4
357848,3
357863,2
357865,2
357870,2
357872,2
357874,3
357881,2
357886,2
357888,2
357897,3
357901,2
357917,8
357930,3
357935,3
357941,3
357944,2
357946,2
357949,2
357951,4
357956,2
357958,2
357966,2
357968,3
357989,3
357992,3
357996,3
357999,4
358011,2
358017,2
358019,4
358026,4
358046,2
358049,1
358055,2
358081,1
358083,2
358086,4
358091,4
358098,2
358100,1
358105,1
358107,2
358114,2
358116,2
358127,3
358133,2
358138,3
358141,3
358145,2
358157,2
358160,4
358164,2
358177,2
358181,3
358202,2
358210,2
358216,2
358222,2
358225,1
358232,2
358237,2
358247,2
358254,2
358258,5
358263,2
358265,2
358274,2
358287,2
358291,4
358298,3
358301,2
358306,1
358313,3
358328,3
358331,2
358333,3
358338,2
358347,2
358351,2
358353,1
358362,3
358365,2
358375,3
358383,1
358399,2
358405,4
358411,2
358413,2
358420,4
358425,3
358432,2
358434,2
358443,2
358457,2
358463,6
358469,3
358472,3
358475,3
358478,2
358485,2
358493,1
358498,3
358504,2
358508,3
358521,4
358529,1
358531,2
358535,5
358540,2
358544,2
358550,3
358553,2
358562,3
358568,2
358573,1
358576,2
358588,2
358590,3
358594,2
358600,2
358602,3
358605,4
358611,2
358619,2
358621,2
358623,3
358633,2
358641,2
358645,2
358647,1
358652,3
358656,2
358658,3
358663,2
358669,2
358671,3
358674,2
358678,3
358682,4
358703,2
358706,2
358712,3
358719,2
358732,2
358736,2
358738,1
358741,1
358748,1
358762,2
358767,3
358770,2
358791,1
358794,3
358799,3
358803,2
358806,3
358810,2
358812,2
358819,2
358831,3
358834,2
358836,2
358838,3
358841,1
358850,3
358859,4
358863,2
358865,2
358867,2
358876,3
358891,1
358897,2
358905,2
358907,3
358914,2
358927,3
358932,2
358934,2
358936,2
358939,2
358942,2
358954,3
358970,1
358986,1
358991,1
358999,1
359005,3
359012,3
359030,2
359034,2
359038,1
359042,2
359055,2
359057,2
359064,2
359073,2
359083,2
359096,4
359107,2
359111,2
359116,3
359119,2
359126,3
359129,1
359136,1
359138,1
359166,2
359169,2
359178,2
359180,1
359183,2
359193,3
359202,2
359206,2
359212,1
359216,1
359219,4
359224,2
359230,4
359234,1
359243,3
359249,4
359255,3
359258,5
359265,2
359267,2
359285,1
359305,2
359308,2
359310,2
359314,3
359321,3
359326,2
359330,4
359340,1
359343,2
359349,2
359353,3
359357,3
359366,3
359374,2
359381,4
359386,2
359393,1
359395,2
359399,2
359406,3
359409,3
359420,2
359426,3
359429,2
359434,2
359436,3
359441,2
359449,1
359458,4
359465,1
359475,2
359481,2
359487,2
359498,3
359512,2
359515,3
359519,3
359522,3
359527,2
359540,2
359547,2
359553,2
359555,2
359560,2
359570,2
359575,2
359580,3
359583,4
359601,2
359615,3
359618,3
359621,2
359628,4
359632,2
359637,3
359648,2
359655,2
359657,2
359659,1
359666,2
359669,2
359675,2
359677,1
359680,3
359686,1
359701,3
359708,3
359715,2
359718,2
359726,2
359732,3
359737,5
359746,2
359748,1
359757,1
359773,2
359776,3
359779,2
359790,2
359792,1
359808,4
359825,2
359827,2
359830,2
359832,3
359837,4
359853,1
359861,3
359865,2
359867,3
359876,1
359881,3
359884,4
359891,1
359893,2
359898,2
359907,2
359909,2
359920,3
359923,2
359925,2
359931,2
359933,2
359935,2
359937,3
359940,2
359954,3
359957,2
359961,2
359974,2
359976,2
359981,2
359986,2
360005,1
360016,2
360039,2
360041,2
360043,1
360056,1
360061,2
360065,3
360071,2
360074,2
360083,1
360087,2
360094,5
360106,3
360114,2
360118,2
360123,3
360134,2
360138,3
360141,3
360152,1
360161,3
360171,1
360175,3
360181,2
360184,2
360190,2
360193,1
360197,2
360201,3
360209,2
360217,1
360219,2
360221,3
360226,2
360236,2
360238,1
360241,2
360243,3
360246,2
360250,2
360254,4
360258,2
360265,3
360271,2
360285,2
360287,2
360289,2
360300,2
360305,1
360315,2
360335,1
360341,2
360343,3
360354,2
360359,2
360361,2
360365,2
360380,2
360390,3
360393,2
360395,2
360397,2
360404,2
360415,2
360429,4
360433,2
360466,1
360483,2
360485,2
360487,2
360489,2
360501,3
360512,1
360519,2
360522,2
360525,2
360537,4
360541,1
360547,3
360553,3
360558,3
360561,4
360574,2
360580,4
360596,2
360601,3
360606,2
360613,2
360617,1
360619,2
360634,3
360637,2
360645,2
360650,1
360666,4
360683,2
360685,2
360699,3
360704,1
360707,2
360711,1
360717,2
360722,1
360734,1
360738,1
360747,3
360757,2
360759,3
360773,2
360777,2
360785,2
360790,3
360793,2
360797,2
360801,4
360815,3
360818,2
360830,3
360834,2
360838,3
360843,1
360855,1
360863,2
360872,1
360883,1
360885,2
360890,2
360894,5
360931,1
360947,3
360956,3
360967,2
360973,2
360985,2
361003,1
361015,1
361037,2
361039,3
361055,2
361057,2
361067,3
361072,1
361081,2
361091,2
361097,4
361105,3
361108,2
361111,3
361114,1
361117,2
361123,2
361126,1
361128,2
361130,2
361132,2
361134,2
361143,1
361146,2
361154,1
361170,2
361186,3
361191,2
361200,3
361206,3
361212,3
361215,2
361231,2
361233,2
361239,2
361241,2
361246,2
361249,3
361262,2
361274,2
361277,2
361280,3
361288,1
361295,3
361300,1
361305,3
361310,2
361313,2
361319,2
361324,2
361334,3
361339,3
361344,1
361348,2
361352,2
361359,1
361361,3
361364,2
361370,2
361378,1
361382,2
361386,4
361399,2
361409,1
361413,3
361419,1
361430,4
361440,1
361459,3
361481,4
361488,1
361514,2
361518,3
361533,2
361538,3
361552,1
361558,2
361568,1
361582,2
361585,3
361612,4
361617,2
361630,2
361638,2
361642,2
361655,2
361657,2
361660,1
361663,1
361670,2
361673,3
361687,2
361694,3
361697,2
361713,1
361721,3
361728,2
361731,2
361738,2
361742,4
361752,3
361764,4
361772,1
361788,3
361796,2
361800,2
361802,1
361808,2
361813,3
361826,2
361830,2
361836,2
361838,2
361840,2
361844,1
361851,2
361853,2
361860,2
361865,3
361871,3
361874,2
361881,1
361883,2
361886,6
361899,2
361903,2
361912,2
361917,2
361928,2
361943,2
361949,2
361957,2
361959,2
361961,2
361967,3
361977,3
361981,2
361984,1
361986,1
361998,3
362002,1
362004,2
362012,2
362018,2
362030,2
362039,2
362047,5
362056,3
362067,2
362070,1
362073,2
362075,2
362077,1
362080,2
362108,3
362113,3
362121,4
362126,1
362128,3
362135,3
362143,2
362149,2
362179,4
362187,1
362190,2
362196,2
362209,2
362213,2
362221,3
362231,2
362238,1
362242,2
362244,3
362261,5
362266,4
362271,3
362279,2
362281,3
362295,1
362331,3
362334,3
362341,2
362346,3
362349,4
362375,2
362386,3
362389,2
362391,2
362407,2
362410,2
362419,2
362423,2
362432,4
362437,2
362439,2
362444,2
362452,4
362461,2
362470,3
362473,1
362481,3
362491,2
362503,3
362520,2
362533,2
362539,2
362551,2
362556,3
362563,2
362569,1
362574,3
362581,3
362601,1
362607,3
362612,1
362617,3
362620,2
362633,1
362637,2
362661,4
362665,3
362668,1
362672,5
362679,2
362708,1
362716,4
362724,4
362729,4
362737,2
362742,3
362753,1
362766,4
362774,4
362778,2
362782,3
362787,2
362794,2
362796,2
362807,2
362820,2
362826,5
362842,1
362844,4
362851,2
362854,3
362860,1
362868,1
362877,2
362894,2
362902,2
362904,1
362908,2
362917,1
362930,3
362933,2
362935,3
362946,3
362969,3
362973,2
362975,2
362984,2
362987,1
362990,2
362999,2
363001,3
363014,2
363026,3
363053,4
363071,2
363098,2
363103,2
363124,1
363131,3
363141,2
363150,2
363155,1
363162,2
363164,2
363168,3
363171,1
363173,4
363187,2
363190,2
363193,2
363197,2
363200,3
363204,2
363206,2
363214,2
363221,1
363229,2
363231,2
363234,2
363243,3
363246,3
363250,2
363258,2
363267,2
363270,2
363274,1
363277,1
363281,2
363287,2
363289,2
363291,2
363294,1
363305,3
363308,2
363311,3
363321,2
363324,3
363337,2
363342,2
363348,2
363353,3
363356,4
363361,2
363367,2
363372,2
363378,4
363387,3
363392,2
363398,1
363407,1
363503,3
363523,3
363528,1
363553,2
363555,2
363558,2
363562,2
363566,2
363569,1
363571,2
363573,2
363587,4
363593,3
363614,2
363620,1
363627,1
363630,7
363639,1
363651,2
363655,2
363660,6
363666,3
363669,4
363673,4
363679,2
363689,2
363694,2
363703,2
363706,2
363708,2
363718,2
363730,3
363735,3
363738,1
363745,2
363756,2
363767,2
363774,1
363776,2
363781,1
363787,1
363789,2
363792,2
363794,1
363799,2
363808,2
363811,2
363820,2
363824,1
363830,2
363832,4
363836,4
363851,2
363853,2
363857,2
363864,2
363879,1
363881,3
363886,1
363891,2
363895,1
363908,3
363922,3
363942,1
363948,2
363964,2
363977,2
363982,2
363984,3
363990,2
364001,2
364005,1
364011,2
364018,2
364042,4
364050,2
364053,2
364070,2
364075,1
364086,3
364089,2
364091,2
364094,2
364109,2
364161,2
364163,2
364167,4
364175,3
364179,2
364213,2
364215,2
364217,2
364220,2
364236,1
364257,1
364261,2
364264,1
364268,2
364272,2
364295,2
364297,1
364325,5
364331,3
364336,2
364346,2
364360,2
364366,3
364371,1
364379,2
364383,2
364398,2
364401,3
364404,2
364407,2
364417,2
364430,3
364434,4
364452,1
364455,2
364461,2
364471,3
364483,3
364489,2
364491,2
364504,2
364513,2
364515,2
364527,2
364530,1
364534,3
364537,2
364542,2
364571,4
364592,2
364603,3
364606,2
364614,1
364622,1
364626,2
364656,1
364670,2
364673,1
364685,2
364687,1
364706,2
364708,2
364721,3
364726,5
364735,1
364753,1
364758,2
364767,2
364779,1
364783,2
364785,1
364790,2
364808,2
364811,2
364824,1
364851,2
364863,2
364874,1
364900,1
364926,1
364945,2
364971,2
364978,2
364981,2
364996,1
365003,1
365008,1
365012,3
365035,2
365060,9
365082,1
365087,3
365098,2
365100,2
365102,2
365115,1
365117,1
365139,4
365156,2
365159,6
365168,3
365171,2
365173,3
365177,2
365182,3
365193,2
365197,1
365215,1
365217,5
365227,3
365231,2
365233,2
365235,3
365256,1
365270,3
365277,4
365281,4
365287,3
365290,2
365293,4
365298,3
365307,5
365313,2
365316,6
365326,2
365341,1
365343,1
365348,2
365362,4
365376,2
365390,2
365393,3
365399,4
365406,3
365409,4
365422,2
365427,2
365429,2
365440,2
365444,2
365446,3
365449,2
365453,3
365456,4
365460,2
365462,1
365474,1
365482,2
365492,2
365498,2
365502,3
365506,3
365510,3
365514,2
365521,1
365534,2
365539,7
365554,1
365575,2
365577,4
365610,1
365630,2
365633,1
365644,1
365653,6
365661,15
365677,19
365700,4
365708,3
365713,2
365716,2
365720,2
365763,4
365768,3
365778,1
365780,1
365785,3
365790,1
365793,1
365819,2
365836,2
365838,1
365843,2
365847,1
365856,2
365859,2
365883,2
365891,2
365894,4
365904,2
365912,2
365914,5
365919,1
365922,3
365925,2
365932,3
365955,1
365957,6
365963,4
365971,2
365974,2
365976,2
365997,2
366004,2
366009,2
366015,2
366031,1
366033,1
366036,3
366065,2
366075,1
366081,4
366086,1
366088,1
366091,1
366107,2
366111,1
366121,2
366146,2
366148,2
366152,1
366155,3
366161,1
366164,3
366167,1
366173,1
366176,3
366179,2
366182,2
366187,2
366189,4
366194,1
366201,2
366203,2
366205,4
366213,5
366223,1
366225,2
366230,3
366234,6
366241,6
366247,6
366253,3
366256,5
366261,1
366263,4
366267,5
366274,4
366279,3
366285,3
366291,2
366293,3
366306,1
366313,1
366316,2
366318,3
366322,2
366325,2
366327,3
366330,2
366333,3
366340,3
366355,1
366367,3
366371,3
366374,2
366376,3
366386,2
366388,3
366394,1
366401,1
366407,2
366409,2
366436,3
366439,5
366447,3
366464,1
366472,2
366474,1
366476,4
366484,3
366502,1
366506,2
366514,4
366518,1
366531,3
366537,3
366542,2
366549,6
366570,2
366572,4
366576,2
366600,2
366605,1
366612,2
366614,1
366617,4
366623,3
366640,1
366648,1
366657,2
366663,1
366667,2
366671,5
366678,2
366683,1
366685,2
366688,3
366691,1
366708,2
366716,2
366751,2
366755,6
366772,2
366774,2
366786,2
366808,2
366810,5
366839,2
366952,2
366974,3
367008,2
367088,2
367105,2
367118,2
367125,2
367159,5
367199,1
367213,2
367247,3
367275,7
367339,2
367351,2
367355,3
367376,2
367393,1
367407,2
367454,2
367456,2
367563,3
367628,1
367695,3
367708,4
367735,2
367767,2
367851,4
367923,6
367965,1
368003,5
368035,2
368162,2
368171,4
368219,4
368232,2
368256,2
368297,2
368317,2
368338,2
368349,2
368462,3
368577,2
368700,2
368717,2
368825,3
368834,2
368846,2
368885,1
368951,2
368997,2
369123,2
369131,4
369464,2
369470,2
369532,5
369593,2
369615,8
369729,2
369738,1
369760,2
370019,2
370608,2
370828,2
370834,2
371061,2
371064,3
371264,2
371266,3
371270,2
371275,3
371282,5
371312,4
371377,3
371448,2
371455,6
371719,10
371746,4
372038,4
372110,5
372223,2
372226,3
372435,2
372456,2
372520,2
372522,2
372961,3
372980,2
373256,2
374366,2
374466,3
374942,168
375477,2
375484,2
376043,2
376049,3
376052,2
376064,2
376071,3
376077,1
376090,2
376093,2
376100,2
376116,2
376145,3
376151,2
376160,1
376166,2
376168,2
376171,2
376175,2
376177,2
376200,2
376202,2
376207,2
376209,4
376216,5
376223,4
376227,3
376261,3
376265,6
376271,5
376276,2
376282,3
376285,3
376290,2
376292,2
376295,2
376301,2
376305,2
376308,2
376310,3
376325,2
376332,2
376334,2
376338,2
376340,29
376369,27
376396,40
376436,10
376446,8
376454,200
376664,3
376671,2
376679,2
376681,9
376690,3
376694,2
376696,6
376702,4
376707,2
376709,2
376711,2
376713,2
376715,3
376718,16
376734,7
376741,4
376745,17
376762,9
376771,5
376776,7
376792,16
376808,3
376819,3
376836,2
376838,4
376842,2
376845,4
376856,3
376859,2
376865,3
376869,2
376880,3
376885,6
376892,2
376896,5
376901,2
376918,2
376921,3
376927,2
376929,2
376931,2
376934,2
376936,2
376943,2
376952,2
376954,2
376960,4
376968,2
376970,2
376975,2
376980,2
376985,2
376996,4
377000,11
377011,6
377017,2
377019,6
377025,27
377052,5
377057,8
377065,3
377068,4
377072,8
377084,2
377086,6
377094,9
377106,24
377143,2
377146,2
377148,3
377153,3
377157,2
377183,2
377193,2
377201,3
377204,3
377207,4
377211,2
377213,2
377217,6
377223,2
377225,3
377228,2
377236,3
377241,5
377259,3
377262,3
377285,2
377288,5
377319,2
377321,2
377324,3
377327,3
377332,3
377335,2
377338,3
377342,4
377346,3
377350,2
377352,2
377355,3
377358,2
377382,2
377384,2
377386,2
377388,2
377392,2
377394,2
377399,3
377403,2
377405,2
377410,3
377414,2
377417,4
377423,3
377426,2
377428,11
377439,4
377445,2
377449,3
377452,2
377454,2
377456,2
377461,2
377464,3
377468,4
377474,4
377480,3
377487,10
377497,5
377502,10
377513,5
377518,18
377536,38
377575,3
377578,2
377582,2
377584,2
377587,2
377593,3
377596,2
377599,4
377603,57
377660,4
377664,4
377668,7
377675,10
377685,3
377688,27
377715,70
377786,8
377798,2
377801,2
377803,2
377805,2
377807,7
377814,13
377827,2
377829,2
377831,149
377980,35
378015,89
378104,3
378107,35
378142,2
378145,3
378149,5
378154,106
378260,7
378267,4
378271,23
378294,5
378300,3
378303,2
378305,8
378314,7
378321,10
378331,12
378343,7
378350,2
378352,7
378359,5
378365,2
378368,3
378372,7
378379,5
378384,6
378390,4
378394,4
378399,3
378402,4
378406,5
378411,10
378421,2
378423,4
378427,3
378430,4
378435,2
378438,2
378440,2
378442,27
378469,5
378475,18
378494,4
378498,9
378507,2
378509,3
378512,2
378514,4
378519,4
378523,3
378526,7
378533,19
378552,2
378554,9
378563,10
378573,2
378576,5
378583,12
378596,4
378600,3
378603,6
378609,11
378620,5
378625,13
378638,9
378647,2
378649,3
378654,2
378657,2
378662,8
378670,8
378678,22
378700,18
378718,20
378740,24
378764,27
378792,2
378795,2
378807,2
378810,2
378812,5
378819,2
378821,3
378826,5
378831,3
378834,2
378836,3
378839,8
378848,5
378853,5
378858,6
378864,3
378867,4
378871,6
378877,3
378882,10
378892,5
378899,5
378907,4
378911,4
378915,6
378921,7
378928,3
378931,7
378938,4
378942,11
378953,5
378960,8
378968,2
378970,2
378972,4
378976,2
378978,5
378983,11
378994,3
378999,2
379001,4
379005,4
379009,4
379015,3
379018,4
379024,6
379030,3
379033,5
379042,7
379054,31
379097,6
379103,3
379109,2
379111,9
379120,2
379126,2
379128,3
379131,2
379134,4
379141,2
379150,35
379189,2
379198,2
379207,2
379215,2
379231,2
379239,2
379261,3
379279,2
379295,3
379336,2
379341,3
379345,2
379347,1
379352,2
379355,2
379360,4
379365,2
379367,2
379369,2
379371,3
379374,2
379376,2
379378,3
379392,2
379394,3
379397,8
379406,1
379408,4
379414,3
379459,2
379471,4
379476,3
379508,1
379591,2
379599,4
379607,5
379613,3
379642,1
379681,2
379712,1
379791,2
379854,4
379907,2
379926,3
379939,4
379952,3
380036,6
380042,2
380096,3
380126,1
380178,4
380236,2
380266,2
380271,1
380316,4
380327,1
380329,1
380333,2
380368,3
380478,3
380484,1
380492,2
380530,3
380550,2
380572,3
380695,2
380781,4
380793,7
380808,1
381006,3
381166,3
381204,7
381216,6
381300,4
381448,2
381459,2
381461,2
381463,2
381466,2
381468,2
381473,2
381475,2
381484,2
381496,2
381559,1
381569,2
381575,3
381592,2
381623,2
381680,2
381683,2
381686,2
381716,4
381720,2
381723,2
381726,4
381732,2
381742,1
381785,13
381799,4
381803,2
381816,2
381818,2
381826,4
381830,2
381833,3
381837,2
381839,2
381845,2
381847,3
381854,2
381860,2
381863,2
381865,5
381871,2
381874,2
381877,2
381881,2
381888,2
381892,2
381894,3
381905,4
381911,3
381915,2
381919,4
381932,6
381938,6
381945,3
381948,2
381950,2
381953,1
381960,1
381962,2
381969,2
381981,3
381988,1
381991,2
381998,1
382005,3
382010,4
382020,1
382033,2
382041,2
382045,2
382047,2
382057,2
382059,2
382068,4
382074,2
382081,2
382085,2
382093,2
382108,2
382112,4
382127,6
382136,3
382139,6
382145,8
382155,5
382165,2
382167,1
382175,1
382180,7
382189,7
382196,10
382206,2
382208,4
382212,3
382215,9
382230,2
382234,2
382236,19
382280,2
382284,2
382286,3
382289,2
382292,3
382308,3
382311,6
382317,4
382321,4
382328,2
382331,2
382334,2
382338,4
382342,2
382344,2
382347,2
382352,3
382355,4
382361,2
382372,2
382374,3
382392,2
382395,3
382398,4
382406,3
382417,2
382428,4
382434,2
382441,2
382444,2
382450,3
382454,2
382456,4
382465,2
382480,5
382493,3
382497,3
382500,4
382505,2
382507,2
382509,2
382512,2
382514,2
382517,3
382520,3
382523,3
382527,3
382530,2
382532,3
382536,3
382539,2
382542,3
382545,3
382554,2
382557,3
382561,2
382563,3
382567,1
382580,3
382587,3
382591,3
382597,3
382604,2
382608,2
382615,2
382623,5
382632,2
382634,2
382636,4
382641,2
382649,1
382661,2
382668,10
382679,15
382696,3
382699,7
382706,3
382713,5
382721,3
382761,3
382764,2
382766,3
382769,2
382773,2
382775,2
382778,3
382781,5
382790,3
382793,2
382796,2
382798,2
382800,2
382802,3
382805,3
382808,6
382816,3
382819,2
382821,2
382830,5
382835,2
382837,2
382839,2
382841,2
382843,2
382845,2
382848,2
382850,2
382852,2
382855,2
382857,3
382860,2
382862,3
382866,2
382868,5
382873,2
382875,2
382877,3
382881,3
382884,3
382891,3
382894,3
382901,4
382908,2
382910,5
382915,2
382917,5
382946,3
382966,2
383078,6
383091,2
383108,2
383110,2
383122,2
383127,1
383138,2
383149,2
383217,2
383219,4
383314,2
383317,3
383321,2
383324,2
383329,5
383334,4
383339,3
383342,4
383355,3
383358,4
383362,2
383364,7
383371,4
383375,5
383386,2
383388,2
383391,2
383393,9
383402,5
383407,3
383415,2
383418,3
383421,2
383424,3
383433,3
383488,1
383490,2
383516,3
383578,1
383600,3
383606,5
383611,2
383615,2
383621,2
383625,2
383628,2
383630,2
383634,3
383640,3
383645,3
383659,2
383663,2
383671,2
383680,2
383682,3
383686,2
383700,3
383703,2
383706,3
383711,6
383720,2
383722,2
383729,2
383736,2
383738,2
383745,2
383753,2
383757,3
383769,3
383773,3
383780,2
383797,2
383800,2
383814,2
383817,2
383824,2
383838,2
383841,2
383844,3
383864,3
383883,2
383886,2
383888,2
383891,2
383914,3
383991,2
384011,3
384027,2
384031,3
384039,2
384047,2
384049,2
384052,2
384063,2
384067,2
384069,2
384113,2
384124,2
384132,2
384138,2
384149,2
384158,2
384176,2
384189,2
384196,3
384213,2
384215,2
384221,2
384229,2
384236,2
384238,3
384241,2
384254,2
384257,2
384262,2
384270,2
384272,2
384276,2
384282,3
384286,2
384290,2
384297,3
384301,2
384308,2
384322,4
384327,2
384333,2
384335,2
384337,2
384340,2
384350,2
384354,6
384363,2
384365,3
384375,3
384383,2
384386,2
384389,2
384394,2
384400,2
384402,2
384404,2
384406,2
384419,2
384423,2
384428,2
384431,2
384433,2
384435,2
384440,3
384445,2
384452,2
384454,2
384456,2
384466,2
384468,2
384473,2
384485,2
384488,2
384490,2
384493,3
384496,2
384504,2
384509,3
384518,3
384526,2
384531,2
384535,2
384542,2
384548,2
384551,2
384559,3
384564,2
384689,2
384698,3
384701,2
384705,2
384713,2
384740,1
384744,2
384746,1
384749,2
384756,2
384760,3
384770,2
384775,2
384777,5
384788,2
384791,2
384796,2
384806,3
384809,2
384817,3
384842,2
384867,3
384871,2
384874,2
384879,2
384882,3
384888,2
384897,2
384899,2
384904,2
384906,3
384910,2
384914,2
384916,2
384918,2
384920,2
384923,2
384926,2
384929,2
384931,3
384937,3
384952,3
384956,3
384964,2
384971,2
384974,2
384977,4
384981,2
384986,2
384989,4
384993,2
384999,3
385005,2
385012,2
385014,2
385018,2
385022,4
385029,2
385031,6
385039,3
385042,2
385049,3
385053,2
385061,3
385067,2
385086,2
385088,2
385096,2
385098,2
385101,2
385112,2
385116,2
385132,2
385162,2
385169,2
385194,3
385200,4
385204,2
385208,2
385211,5
385217,2
385220,4
385224,3
385227,2
385231,3
385234,3
385238,3
385242,3
385245,3
385248,5
385263,2
385269,2
385271,2
385276,3
385283,3
385287,2
385295,2
385309,3
385313,2
385315,3
385319,3
385324,2
385328,2
385335,3
385345,2
385348,2
385350,2
385360,2
385364,2
385368,4
385372,3
385379,3
385383,3
385386,3
385389,3
385395,2
385408,2
385441,3
385537,2
385558,2
385572,2
385593,3
385604,2
385620,2
385625,2
385644,2
385665,2
385672,4
385684,2
385710,2
385728,3
385732,3
385737,2
385746,2
385752,3
385781,3
385784,2
385786,2
385795,2
385810,2
385841,2
385845,2
385865,2
385873,2
385883,2
385886,2
385900,2
385902,2
385911,2
385913,2
385920,3
385925,2
385927,2
385937,2
385948,2
385951,2
385962,2
385982,2
385993,2
385997,2
385999,2
386001,2
386006,4
386015,4
386022,2
386025,2
386033,2
386057,3
386065,2
386071,3
386089,2
386100,3
386106,2
386110,2
386123,3
386126,2
386141,2
386144,2
386147,2
386151,4
386166,2
386172,2
386174,2
386178,2
386184,2
386194,2
386205,2
386211,2
386218,2
386239,5
386246,2
386255,2
386277,2
386290,2
386292,2
386326,3
386334,3
386345,3
386357,2
386371,2
386381,3
386389,4
386398,3
386402,2
386413,4
386421,3
386442,2
386450,2
386456,2
386458,2
386461,2
386463,2
386483,2
386485,3
386515,2
386518,2
386522,2
386530,3
386535,2
386546,2
386559,3
386562,2
386571,2
386589,2
386591,2
386596,3
386609,2
386613,2
386615,2
386622,2
386625,2
386627,3
386639,2
386663,2
386665,2
386667,3
386670,2
386681,2
386683,2
386691,2
386707,3
386716,3
386721,2
386723,2
386735,2
386737,2
386741,2
386748,2
386750,2
386758,2
386762,2
386781,2
386793,2
386798,3
386805,2
386816,2
386823,2
386835,3
386840,3
386844,2
386848,2
386864,2
386872,2
386879,2
386886,2
386897,2
386905,2
386907,2
386915,2
386941,2
386950,2
386956,2
386988,3
387002,2
387011,2
387018,2
387029,2
387036,2
387054,3
387061,2
387071,4
387078,2
387083,2
387086,2
387091,3
387094,2
387109,2
387126,2
387128,2
387130,2
387145,2
387154,4
387158,4
387168,3
387171,4
387179,2
387188,4
387192,4
387199,3
387202,2
387210,4
387217,2
387219,4
387226,2
387231,2
387233,2
387243,2
387245,3
387250,5
387255,3
387258,5
387265,23
387288,7
387299,2
387321,2
387325,2
387327,4
387331,3
387336,2
387339,3
387342,2
387347,3
387357,10
387380,2
387383,4
387387,2
387389,3
387392,2
387394,3
387398,7
387414,4
387418,3
387433,2
387435,1
387441,2
387445,4
387449,4
387455,2
387457,2
387463,2
387465,2
387471,2
387474,3
387477,3
387481,3
387506,4
387513,3
387519,3
387522,2
387527,3
387531,2
387533,4
387541,2
387543,2
387545,3
387552,3
387555,2
387558,2
387561,3
387564,2
387566,2
387571,3
387574,2
387576,3
387584,2
387586,5
387594,2
387600,2
387604,2
387609,2
387617,2
387620,2
387623,2
387627,3
387640,3
387645,3
387658,3
387665,3
387678,3
387682,5
387688,3
387732,3
387735,2
387737,3
387746,5
387751,2
387753,1
387757,2
387768,2
387771,2
387773,2
387778,2
387780,2
387783,4
387787,2
387799,4
387805,2
387807,2
387825,2
387827,2
387831,2
387835,2
387852,2
387857,2
387859,8
387867,4
387871,2
387874,4
387878,3
387887,3
387896,2
387899,2
387905,2
387907,2
387909,4
387913,2
387915,4
387921,2
387925,8
387933,6
387939,4
387944,3
387949,3
387952,2
387959,3
387962,4
387974,3
387983,2
387985,2
387987,2
387989,5
387994,4
388001,2
388004,2
388013,3
388016,2
388018,3
388022,2
388024,3
388032,4
388038,3
388041,2
388049,2
388051,3
388054,4
388058,4
388062,4
388066,2
388090,2
388093,3
388097,4
388102,3
388105,3
388108,7
388115,2
388132,3
388138,2
388140,2
388142,2
388145,2
388149,2
388152,2
388163,5
388173,8
388181,6
388187,7
388194,3
388197,17
388214,4
388222,2
388230,4
388235,2
388242,3
388245,3
388249,2
388254,3
388257,4
388261,2
388263,2
388266,2
388268,2
388270,3
388273,2
388275,4
388281,2
388287,2
388289,2
388291,4
388295,3
388301,2
388306,5
388316,2
388318,5
388323,6
388329,5
388334,3
388345,2
388347,2
388365,2
388416,2
388433,3
388438,3
388442,4
388446,9
388456,4
388460,5
388466,2
388471,2
388475,3
388479,1
388495,4
388499,2
388557,3
388562,2
388564,6
388573,2
388575,4
388591,1
388654,2
388656,4
388661,3
388685,2
388691,3
388715,2
388734,2
388738,2
388745,2
388749,3
388754,2
388756,2
388758,3
388761,2
388763,2
388766,4
388771,3
388775,4
388779,3
388785,2
388787,2
388789,3
388799,2
388802,4
388820,2
388879,2
388892,2
388898,2
388911,3
388922,2
388928,7
388945,2
388991,2
388993,2
388995,2
389038,2
389045,2
389052,5
389059,4
389067,1
389081,2
389083,2
389085,8
389093,6
389099,4
389103,2
389106,3
389109,2
389111,5
389116,4
389120,2
389123,2
389125,3
389129,4
389133,2
389140,3
389143,2
389145,2
389151,5
389157,2
389163,2
389165,2
389172,2
389174,2
389176,2
389182,7
389191,2
389195,4
389201,3
389213,2
389221,2
389226,2
389230,2
389232,2
389237,2
389242,2
389244,2
389247,2
389256,2
389262,2
389264,2
389269,4
389275,2
389278,2
389280,3
389283,3
389287,4
389291,2
389294,3
389300,2
389302,2
389304,2
389312,2
389319,2
389327,4
389338,2
389340,2
389342,2
389347,2
389349,2
389351,3
389355,3
389358,2
389361,2
389363,2
389365,2
389378,2
389384,4
389405,2
389409,3
389412,2
389415,4
389419,2
389432,2
389439,8
389448,3
389453,2
389456,4
389464,2
389469,2
389471,2
389473,2
389477,3
389485,2
389487,4
389491,3
389497,3
389501,2
389503,3
389507,5
389512,2
389518,2
389521,2
389528,3
389531,4
389535,4
389544,2
389546,3
389552,3
389566,7
389576,3
389579,2
389581,10
389591,8
389600,3
389608,12
389620,2
389628,2
389630,22
389655,3
389661,2
389684,2
389686,5
389691,2
389696,3
389699,1
389705,3
389709,2
389985,2
389989,2
389993,2
389998,2
390000,3
390003,3
390007,2
390293,4
390297,3
390310,13
390323,36
390362,4
390366,4
390370,2
390375,9
390386,2
390388,4
390392,6
390398,3
390402,2
390404,2
390406,2
390408,3
390411,3
390418,3
390421,2
390423,2
390427,3
390433,2
390435,2
390437,2
390441,3
390450,2
390460,1
390464,6
390470,3
390477,3
390482,4
390486,2
390489,5
390495,2
390497,3
390505,2
390508,3
390511,9
390521,2
390528,5
390541,7
390551,2
390557,3
390561,8
390569,3
390580,1
390592,3
390596,9
390609,3
390613,2
390620,10
390630,4
390636,2
390640,5
390645,6
390651,2
390653,4
390660,5
390665,8
390673,5
390683,15
390702,5
390707,3
390710,3
390713,3
390717,5
390722,4
390727,5
390733,2
390735,5
390740,2
390748,8
390756,8
390764,2
390766,3
390770,2
390781,2
390783,2
390785,22
390807,2
390809,3
390814,2
390816,1
390822,4
390827,14
390842,2
390845,5
390850,2
390852,2
390861,3
390866,2
390868,3
390871,2
390873,5
390881,2
390884,2
390887,2
390889,4
390909,5
390914,4
390921,2
390925,2
390928,2
390931,3
390936,5
390942,7
390951,2
390955,4
390960,2
390970,3
390973,4
390978,2
390980,2
390982,2
390984,6
390990,2
390992,2
390997,3
391000,3
391004,3
391008,201
391216,29
391245,16
391261,126
391389,3
391392,14
391407,2
391409,5
391414,10
391424,4
391428,2
391430,3
391433,9
391442,4
391446,4
391451,2
391454,3
391457,7
391466,2
391469,6
391520,2
391524,2
391527,3
391531,2
391536,2
391538,2
391541,3
391544,13
391557,34
391591,5
391596,4
391601,6
391607,6
391613,2
391615,3
391618,2
391621,3
391626,6
391633,3
391636,3
391645,3
391649,6
391655,4
391659,4
391663,3
391667,24
391693,10
391704,5
391711,4
391718,2
391722,11
391738,2
391740,3
391745,4
391749,2
391751,2
391753,2
391756,3
391759,5
391765,7
391772,5
391778,7
391786,12
391799,3
391802,4
391806,5
391811,6
391817,5
391822,14
391836,2
391838,2
391840,2
391843,2
391848,2
391853,4
391859,3
391862,5
391872,2
391875,8
391883,2
391885,4
391889,17
391906,10
391918,5
391923,5
391928,5
391934,3
391937,2
391939,11
391950,3
391953,6
391970,2
391972,5
391978,23
392001,2
392003,12
392016,2
392020,2
392023,13
392039,3
392044,6
392051,2
392053,3
392056,7
392064,2
392067,4
392075,2
392085,4
392089,5
392094,5
392099,5
392104,2
392109,2
392111,11
392123,3
392126,4
392130,5
392138,2
392140,4
392144,2
392146,4
392150,2
392152,2
392158,2
392161,5
392172,7
392179,2
392183,4
392191,2
392193,8
392201,11
392212,6
392224,25
392249,10
392259,15
392274,5
392279,8
392287,2
392289,6
392300,3
392303,9
392313,9
392322,2
392324,3
392327,10
392337,5
392344,15
392359,4
392363,26
392389,2
392391,23
392414,20
392434,5
392439,5
392444,7
392451,3
392455,10
392465,2
392467,2
392473,6
392480,4
392485,3
392488,2
392490,5
392495,7
392502,4
392506,3
392509,2
392511,8
392520,3
392529,2
392532,19
392551,2
392553,15
392570,3
392573,2
392576,3
392579,2
392581,10
392592,6
392598,4
392602,5
392607,12
392619,7
392629,7
392654,2
392658,7
392665,9
392674,7
392683,2
392685,11
392697,2
392699,3
392703,2
392706,3
392710,22
392734,20
392754,4
392760,7
392767,6
392773,7
392780,3
392784,2
392786,2
392790,3
392794,4
392798,2
392800,3
392803,3
392807,4
392813,4
392818,7
392825,8
392833,7
392840,2
392842,5
392848,2
392850,2
392852,2
392856,3
392859,2
392864,2
392866,2
392868,3
392871,2
392878,2
392883,2
392886,2
392889,2
392894,8
392907,3
392910,31
392941,12
392953,3
392965,6
392973,4
392977,6
392983,4
392987,2
392991,11
393004,6
393010,13
393024,2
393026,4
393032,3
393035,2
393041,2
393046,2
393048,3
393051,9
393060,2
393062,2
393066,6
393072,2
393074,3
393083,9
393092,6
393100,4
393104,3
393113,5
393120,2
393123,2
393126,2
393128,3
393132,3
393135,10
393145,2
393147,4
393154,2
393156,2
393159,7
393170,3
393173,1
393181,3
393186,11
393198,2
393200,2
393202,2
393204,2
393206,2
393210,2
393216,3
393219,5
393225,5
393230,15
393245,2
393247,6
393257,2
393260,4
393265,3
393268,3
393273,3
393283,3
393294,2
393317,3
393320,6
393332,2
393334,6
393340,2
393342,3
393345,5
393350,10
393360,2
393362,2
393365,15
393380,7
393388,6
393395,1
393397,2
393401,4
393406,9
393416,2
393418,2
393421,1
393433,14
393447,14
393465,3
393468,4
393475,3
393479,4
393484,4
393488,449
393939,2
393946,3
393951,2
393954,2
393960,2
393962,2
393976,3
393980,4
393984,44
394032,7
394049,2
394051,3
394054,3
394057,5
394064,3
394067,9
394081,2
394087,2
394090,3
394093,7
394100,2
394105,3
394108,2
394113,3
394117,2
394119,6
394126,3
394129,5
394134,2
394138,4
394145,21
394168,4
394175,2
394183,2
394185,64
394249,4
394253,2
394257,12
394273,7
394280,4
394285,2
394287,8
394295,16
394313,3
394317,2
394322,2
394345,5
394365,6
394373,3
394376,2
394380,2
394515,3
394519,3
394522,4
394557,2
394559,2
394566,2
394570,2
394591,2
394601,2
394603,3
394607,5
394614,3
394618,3
394622,2
394636,7
394643,8
394651,8
394660,7
394668,3
394671,2
394675,11
394686,9
394695,35
394730,9
394783,12
394795,4
394811,6
394817,2
394826,4
394830,5
394836,4
394840,7
394848,2
394850,15
394865,10
394875,6
394882,3
394892,4
394896,4
394903,2
394927,5
394936,2
394941,4
394946,2
394948,2
394950,3
394954,2
394957,2
394959,2
394965,3
394968,2
394976,4
394980,2
394983,3
394986,2
394988,4
394993,2
394995,2
394997,6
395003,2
395014,3
395017,5
395023,2
395028,2
395034,3
395037,2
395041,2
395044,4
395049,2
395051,2
395054,4
395058,4
395063,3
395068,3
395119,2
395126,2
395131,2
395195,2
395204,2
395254,9
395266,2
395274,3
395287,2
395290,3
395299,3
395312,2
395314,2
395316,2
395318,2
395321,2
395337,2
395343,2
395346,3
395349,2
395352,3
395368,3
395379,2
395387,2
395393,2
395395,2
395410,2
395415,3
395424,2
395427,6
395433,4
395438,4
395443,2
395448,3
395451,2
395453,2
395457,6
395475,2
395486,5
395519,2
395555,2
395571,2
395602,2
395643,4
395693,3
395701,2
395725,2
395764,4
395770,3
395855,1
395950,1
396031,1
396035,2
396131,2
396175,1
396196,2
396234,1
396270,1
396306,2
396356,2
396362,2
396390,1
396405,1
396407,2
396504,2
396526,4
396579,2
396615,2
396634,1
396655,1
396676,2
396728,1
396750,1
396806,1
396921,2
396938,2
396944,1
396946,1
396955,5
396960,1
396973,2
397028,1
397030,1
397047,2
397060,1
397082,1
397098,4
397117,1
397147,3
397404,2
397424,1
397437,1
397460,1
397515,6
397521,3
397524,2
397528,2
397530,3
397534,2
397540,2
397542,2
397549,3
397552,2
397560,2
397566,2
397571,3
397574,2
397581,2
397583,2
397585,2
397589,3
397597,2
397600,2
397604,2
397608,5
397620,2
397622,2
397625,3
397630,4
397635,5
397643,4
397647,3
397653,5
397658,2
397661,4
397666,4
397670,3
397673,2
397675,2
397678,3
397681,2
397684,2
397690,2
397694,2
397696,3
397699,2
397701,2
397704,3
397708,2
397711,2
397713,4
397717,3
397720,2
397724,2
397726,3
397732,2
397734,2
397738,2
397741,3
397744,3
397747,4
397754,2
397762,6
397773,2
397775,5
397780,2
397784,2
397793,3
397796,4
397803,3
397810,2
397813,3
397820,2
397822,4
397827,2
397830,3
397834,2
397838,2
397840,3
397843,2
397847,4
397851,2
397853,2
397855,4
397861,2
397864,2
397868,2
397870,2
397872,2
397876,2
397878,2
397885,3
397890,2
397898,2
397905,2
397907,2
397911,2
397916,2
397918,2
397922,2
397926,2
397931,3
397934,2
397942,2
397944,2
397949,2
397956,2
397959,2
397961,2
397965,3
397968,2
397971,3
397975,4
397982,3
397985,3
397992,2
397999,2
398003,2
398005,3
398010,4
398014,2
398018,2
398021,2
398024,3
398029,2
398031,2
398034,3
398037,2
398041,2
398043,2
398048,2
398053,2
398059,3
398066,3
398069,3
398077,4
398082,2
398084,2
398092,2
398094,3
398097,3
398100,2
398102,2
398104,2
398112,2
398114,2
398116,3
398120,2
398125,3
398128,2
398137,2
398140,5
398148,2
398155,2
398166,2
398177,2
398180,2
398182,2
398197,2
398199,5
398217,3
398220,3
398225,2
398227,4
398232,2
398235,3
398238,3
398242,2
398249,2
398252,6
398258,3
398267,2
398269,2
398272,2
398280,2
398282,2
398284,2
398290,3
398299,2
398301,2
398304,2
398309,2
398315,2
398319,3
398326,3
398329,2
398341,2
398344,2
398347,3
398351,2
398354,2
398356,3
398364,2
398367,2
398370,4
398380,2
398384,3
398393,2
398395,5
398405,4
398409,3
398412,3
398415,2
398417,2
398421,3
398424,4
398430,2
398436,2
398439,2
398444,2
398447,3
398452,2
398454,2
398460,2
398474,2
398480,3
398491,3
398502,2
398504,3
398508,3
398514,2
398528,2
398530,3
398538,3
398543,2
398546,2
398548,2
398561,2
398563,3
398579,2
398584,5
398590,4
398598,2
398608,2
398610,2
398615,4
398621,2
398633,2
398635,3
398639,2
398641,6
398647,4
398651,3
398657,2
398659,2
398662,1
398665,2
398675,3
398678,2
398681,2
398685,4
398691,2
398693,5
398698,5
398703,2
398710,2
398716,2
398719,2
398721,2
398730,2
398741,2
398748,11
398765,2
398770,5
398775,2
398777,2
398779,2
398784,4
398802,2
398806,6
398812,2
398826,2
398828,2
398831,3
398835,3
398845,2
398847,2
398850,3
398853,2
398857,2
398861,3
398868,1
398871,2
398874,3
398884,3
398887,2
398895,6
398901,1
398908,2
398910,3
398914,2
398929,3
398932,4
398937,2
398940,2
398942,4
398946,2
398949,2
398964,2
398966,4
398971,2
398973,11
398985,4
398989,3
398993,2
398995,3
398998,3
399001,3
399010,2
399015,4
399020,2
399026,3
399040,3
399044,3
399047,2
399055,2
399075,3
399083,2
399085,5
399090,5
399095,2
399097,2
399102,4
399107,2
399109,2
399111,2
399113,4
399117,2
399119,2
399122,3
399125,3
399130,3
399135,3
399138,2
399141,2
399145,2
399149,3
399153,5
399158,3
399162,2
399169,2
399171,3
399174,4
399179,4
399184,2
399193,4
399204,2
399211,3
399215,4
399221,2
399225,2
399234,2
399256,2
399260,2
399269,2
399278,3
399289,3
399295,2
399298,2
399300,3
399316,1
399329,3
399349,128
399478,47
399525,43
399568,2
399586,23
399609,51
399668,9
399677,3
399681,6
399742,3
399745,3
399752,5
399760,5
399765,27
399792,7
399799,2
399801,3
399806,27
399836,7
399843,2
399847,7
399859,2
399864,42
399909,2
399914,6
399925,35
399962,3
399965,66
400031,17
400051,2
400053,51
400104,2
400111,2
400113,36
400151,3
400154,3
400157,2
400159,2
400161,2
400166,2
400168,2
400171,106
400277,2
400281,4
400285,4
400289,2
400291,4
400297,2
400299,2
400309,2
400311,2
400313,140
400453,2
400459,5
400465,2
400469,3
400472,2
400476,14
400490,50
400540,4
400545,51
400597,3
400600,4
400604,9
400613,2
400615,18
400633,41
400674,9
400683,11
400694,24
400719,3
400722,3
400726,4
400731,2
400740,2
400742,2
400744,2
400746,3
400749,2
400752,2
400754,3
400759,11
400770,27
400797,26
400824,2
400832,65
400898,3
400901,4
400905,4
400911,3
400914,9
400923,50
400973,7
400987,2
400991,2
400993,2
400995,3
400998,3
401001,53
401057,112
401169,2
401171,3
401174,27
401201,8
401209,25
401234,21
401255,23
401278,6
401284,5
401289,7
401296,5
401301,3
401304,11
401317,6
401323,3
401326,3
401329,2
401331,3
401335,2
401338,5
401343,2
401345,2
401347,2
401350,3
401355,2
401359,2
401361,8
401370,52
401422,10
401432,3
401452,2
401465,15
401481,5
401486,2
401489,3
401497,2
401499,10
401509,13
401524,2
401526,18
401544,38
401582,24
401607,12
401619,9
401628,3
401631,76
401707,2
401709,6
401717,11
401732,3
401736,3
401739,24
401763,27
401790,4
401794,4
401798,5
401803,2
401805,5
401810,20
401830,3
401833,35
401868,4
401872,3
401875,6
401881,2
401883,3
401886,2
401889,2
401891,20
401911,8
401919,2
401921,169
402091,10
402102,2
402104,4
402108,9
402117,4
402122,5
402128,4
402133,2
402135,3
402138,12
402150,4
402154,16
402171,44
402219,4
402223,9
402232,3
402236,4
402244,2
402254,2
402256,6
402263,25
402288,24
402312,33
402345,2
402347,6
402353,20
402373,10
402383,9
402392,2
402394,4
402398,2
402400,2
402402,2
402404,2
402410,3
402413,4
402417,23
402487,64
402556,16
402572,2
402574,4
402578,3
402600,10
402725,2
402728,2
402768,2
402865,5
402870,17
402887,9
402896,5
402904,3
402909,2
402911,12
402931,27
402958,2
402960,23
402985,3
402988,3
402994,2
402996,5
403001,51
403052,6
403058,5
403064,2
403067,34
403102,30
403139,8
403147,4
403151,2
403155,12
403167,2
403169,6
403175,4
403180,5
403187,20
403207,2
403210,2
403215,14
403231,4
403236,3
403239,2
403241,16
403257,11
403268,12
403280,8
403288,37
403325,10
403337,29
403366,10
403377,6
403385,4
403390,9
403399,15
403414,4
403418,3
403421,3
403424,121
403549,2
403553,3
403559,4
403563,4
403568,26
403597,2
403600,10
403614,4
403627,2
403630,2
403632,3
403635,2
403638,2
403640,2
403643,2
403646,2
403649,2
403658,2
403660,2
403662,2
403665,2
403669,2
403673,7
403680,4
403684,4
403689,2
403691,5
403697,6
403704,7
403712,4
403716,32
403748,8
403762,4
403767,3
403771,34
403805,4
403810,6
403816,2
403818,13
403831,9
403840,36
403876,3
403879,7
403886,6
403894,5
403902,2
403904,2
403906,2
403910,4
403918,2
403924,3
403929,2
403932,2
403935,2
403939,2
403942,2
403944,14
403958,2
403960,3
403963,2
403966,3
403969,5
403974,5
403981,2
403985,2
403987,2
403989,2
403991,5
404000,2
404002,12
404014,2
404017,2
404019,2
404021,2
404023,2
404027,2
404030,3
404035,2
404043,3
404046,2
404048,2
404052,2
404054,2
404057,2
404060,7
404067,3
404093,45
404138,2
404141,3
404144,34
404179,4
404184,8
404192,2
404194,8
404202,2
404205,5
404226,3
404236,3
404248,2
404254,2
404284,36
404320,73
404393,20
404426,2
404434,5
404443,2
404449,2
404454,2
404456,2
404458,2
404460,5
404465,2
404467,6
404473,2
404481,2
404491,2
404493,2
404496,3
404501,3
404505,8
404513,10
404525,2
404529,2
404537,2
404543,3
404546,13
404559,25
404584,17
404604,3
404607,3
404611,13
404628,2
404631,4
404636,2
404638,2
404642,2
404663,2
404666,2
404668,69
404737,15
404755,3
404758,8
404766,4
404770,11
404787,2
404789,2
404795,2
404810,2
404813,3
404818,2
404821,2
404823,19
404842,6
405021,2
405036,2
405048,2
405050,3
405054,18
405073,2
405075,2
405077,3
405080,6
405087,4
405093,3
405102,2
405108,72
405180,3
405201,2
405205,5
405228,2
405273,2
405277,88
405366,2
405377,2
405385,2
405395,2
405400,3
405403,2
405410,4
405421,2
405424,3
405435,2
405443,2
405445,2
405449,2
405451,2
405456,3
405459,2
405465,2
405471,3
405476,3
405484,2
405486,2
405494,2
405496,2
405513,2
405516,2
405518,8
405527,5
405532,5
405538,2
405552,2
405554,3
405558,3
405561,5
405599,3
405633,11
405646,3
405649,3
405703,7
405713,2
405780,2
405782,6
405790,2
405792,2
405795,2
405797,2
405801,3
405804,2
405810,3
405815,3
405820,11
405887,2
405890,2
405901,2
405905,2
405910,9
405965,3
405974,2
405984,3
405987,2
405992,4
406060,3
406064,2
406068,2
406079,2
406081,2
406083,3
406090,3
406094,2
406100,2
406103,2
406105,5
406113,3
406118,2
406125,2
406155,3
406165,2
406171,2
406176,4
406180,2
406186,2
406188,3
406191,2
406193,4
406197,5
406207,2
406211,4
406220,2
406224,4
406228,2
406235,2
406239,2
406243,4
406249,2
406253,5
406260,7
406268,3
406293,2
406299,4
406309,2
406313,3
406319,9
406328,1
406330,5
406352,3
406355,3
406358,10
406368,2
406370,2
406375,9
406385,2
406390,3
406394,12
406407,5
406412,3
406424,2
406426,2
406430,2
406439,2
406441,2
406445,4
406449,12
406461,3
406465,4
406469,5
406474,15
406489,2
406491,5
406498,7
406505,9
406514,3
406517,5
406522,4
406529,3
406532,2
406536,5
406541,11
406552,6
406559,11
406570,5
406578,2
406580,2
406583,3
406586,3
406589,2
406591,5
406597,3
406601,20
406621,3
406626,8
406635,3
406638,4
406642,5
406648,2
406650,3
406653,2
406656,3
406659,2
406661,2
406666,2
406672,4
406677,2
406681,2
406684,2
406687,2
406690,2
406697,3
406710,2
406720,3
406723,4
406749,3
406752,15
406767,18
406785,2
406790,3
406793,2
406796,3
406802,2
406804,4
406809,3
406814,3
406819,3
406823,2
406828,2
406831,2
406836,2
406838,3
406846,2
406848,2
406857,3
406863,2
406877,3
406880,2
406882,7
406889,3
406892,2
406900,5
406905,8
406931,10
406941,3
406944,2
406963,2
406968,3
407028,4
407035,2
407037,10
407051,5
407056,13
407069,7
407076,27
407105,2
407108,3
407111,3
407124,2
407126,2
407130,2
407132,2
407137,3
407140,2
407146,2
407149,3
407152,2
407154,2
407160,2
407162,2
407166,4
407170,2
407172,2
407178,6
407184,2
407186,5
407191,2
407193,4
407197,11
407209,3
407215,2
407222,2
407226,2
407239,2
407246,2
407250,21
407273,1
407275,2
407282,2
407285,2
407287,2
407289,3
407292,2
407294,3
407298,7
407306,6
407312,2
407314,4
407318,9
407327,3
407330,4
407334,2
407336,3
407339,8
407347,14
407361,10
407371,15
407386,4
407391,2
407393,4
407397,4
407401,3
407409,3
407415,4
407419,1
407422,1
407430,4
407448,2
407456,1
407458,3
407461,1
407464,2
407466,14
407480,5
407486,2
407489,19
407508,3
407511,2
407517,2
407519,45
407566,2
407568,3
407572,6
407578,10
407588,6
407609,6
407621,2
407628,2
407680,4
407690,5
407699,9
407708,7
407715,5
407720,24
407744,6
407750,4
407754,11
407766,4
407770,3
407774,6
407780,6
407786,3
407789,5
407799,5
407813,2
407841,1
407861,2
407900,2
407903,4
407930,4
407934,6
407953,2
407955,2
407958,2
407960,4
407965,1
407972,3
407995,1
408009,1
408050,1
408077,2
408079,2
408086,2
408101,14
408116,1
408142,4
408195,1
408236,4
408254,1
408280,4
408295,2
408340,2
408346,1
408384,1
408389,3
408400,2
408404,2
408422,3
408443,2
408465,2
408482,8
408491,1
408503,2
408516,2
408518,3
408549,1
408560,1
408585,7
408592,1
408596,3
408601,2
408606,1
408617,1
408673,3
408719,6
408736,2
408741,2
408751,1
408766,4
408794,8
408804,2
408833,3
408838,5
408860,9
408871,2
408884,3
408944,4
408962,2
408982,4
409002,2
409078,2
409081,6
409101,2
409181,3
409192,3
409343,2
409359,1
409362,2
409367,1
409377,2
409405,3
409409,2
409412,6
409418,2
409420,3
409423,4
409427,2
409429,4
409434,2
409436,7
409536,2
409620,2
409657,2
409659,2
409706,2
409721,6
409734,4
409753,2
409780,2
409782,1
409787,1
409818,2
409830,1
409835,1
409837,1
409872,3
409878,1
409887,2
409890,5
409938,1
409958,2
409970,3
409979,2
409981,2
410041,5
410054,4
410060,6
410087,2
410261,2
410289,2
410321,2
410351,3
410362,1
410378,4
410397,2
410399,2
410430,3
410433,4
410456,5
410472,2
410491,3
410503,2
410508,3
410517,2
410558,3
410573,3
410587,5
410595,3
410599,3
410603,1
410626,3
410648,1
410652,2
410658,4
410664,2
410667,3
410696,3
410705,2
410714,2
410716,3
410727,3
410738,3
410741,2
410749,4
410755,3
410760,3
410763,3
410773,2
410780,1
410793,3
410803,3
410812,2
410819,4
410823,3
410826,2
410828,6
410835,2
410846,3
410861,2
410877,2
410893,5
410900,3
410903,3
410906,5
410918,2
410925,4
410934,2
410939,3
410952,2
410954,3
410978,4
410982,4
410999,4
411069,2
411076,2
411079,2
411081,2
411170,2
411184,36
411220,26
411246,47
411293,11
411304,3
411307,26
411333,5
411338,6
411352,2
411382,2
411410,2
411499,2
411533,1
411535,38
411594,2
411601,2
411605,2
411609,7
411624,5
411637,3
411640,5
411646,2
411651,10
411661,2
411670,2
411673,2
411677,16
411693,3
411721,5
411726,3
411729,2
411732,2
411737,2
411742,2
411745,9
411755,2
411760,2
411770,2
411772,2
411775,4
411779,2
411785,2
411789,2
411792,2
411796,2
411798,2
411805,4
411809,2
411812,2
411816,2
411826,3
411837,3
411842,2
411848,2
411851,2
411853,2
411855,2
411867,2
411872,2
411877,2
411882,3
411891,2
411898,3
411903,2
411910,2
411912,2
411917,2
411924,2
411926,2
411928,2
411933,2
411938,3
411948,2
411950,3
411953,2
411958,3
411964,2
411971,2
411973,2
411984,3
411995,3
411998,2
412002,2
412005,2
412011,2
412013,2
412017,3
412021,2
412030,3
412037,3
412045,2
412058,2
412060,3
412063,3
412067,2
412075,2
412079,3
412083,7
412092,4
412096,2
412100,2
412102,2
412113,9
412124,2
412133,3
412136,9
412145,6
412154,2
412156,2
412164,3
412180,2
412187,10
412212,2
412216,3
412219,2
412221,2
412224,2
412227,2
412230,4
412234,2
412236,2
412242,2
412245,9
412254,3
412257,4
412261,10
412271,3
412274,2
412276,5
412281,3
412284,21
412306,2
412308,2
412310,2
412314,4
412318,2
412320,2
412323,4
412327,3
412330,4
412334,2
412336,3
412339,3
412344,4
412352,2
412356,7
412363,3
412366,2
412368,2
412371,5
412377,12
412389,12
412402,2
412407,3
412411,2
412416,6
412428,2
412432,2
412441,6
412447,7
412454,6
412460,6
412468,5
412478,3
412483,3
412486,3
412492,2
412495,2
412498,2
412500,2
412502,3
412505,4
412509,29
412540,4
412545,4
412550,3
412554,7
412561,3
412566,2
412570,6
412576,3
412579,2
412581,3
412589,3
412610,8
412618,2
412620,14
412634,11
412646,6
412652,52
412704,3
412707,2
412709,5
412714,10
412724,3
412729,18
412747,4
412751,4
412755,26
412781,8
412789,21
412810,5
412815,18
412833,4
412839,4
412844,2
412846,2
412851,4
412855,2
412858,5
412863,7
412870,2
412878,2
412884,6
412890,2
412892,8
412900,4
412904,6
412910,2
412912,12
412924,4
412928,6
412936,3
412940,2
412943,3
412946,5
412955,2
412958,4
412962,8
412970,3
412973,9
412982,7
412989,6
412995,2
412997,8
413005,8
413013,14
413028,6
413034,5
413039,6
413045,4
413049,2
413053,5
413059,3
413062,3
413065,4
413074,4
413078,10
413088,12
413101,17
413118,2
413120,5
413125,3
413128,11
413139,18
413157,6
413163,9
413172,9
413181,3
413184,3
413187,6
413193,11
413204,6
413210,4
413216,5
413221,2
413223,4
413227,16
413248,8
413256,2
413260,2
413266,2
413271,8
413279,22
413304,2
413306,6
413313,2
413316,13
413331,2
413337,2
413344,2
413357,3
413362,3
413381,2
413384,3
413390,3
413403,2
413434,2
413860,2
413919,2
413922,2
413978,2
413998,2
414009,2
414018,2
414021,2
414041,2
414054,2
414062,2
414082,2
414088,2
414101,2
414103,5
414108,2
414110,5
414115,4
414123,2
414127,4
414133,4
414138,2
414140,6
414151,2
414154,3
414157,3
414160,4
414171,2
414175,12
414187,2
414190,2
414192,4
414196,2
414198,3
414201,2
414203,2
414207,7
414214,3
414217,3
414221,2
414225,3
414229,2
414232,2
414235,2
414237,3
414240,7
414249,5
414257,11
414268,16
414289,3
414292,2
414294,5
414300,4
414304,2
414308,3
414311,9
414320,4
414324,3
414328,4
414337,15
414352,3
414356,2
414358,2
414361,2
414365,2
414370,12
414382,3
414386,4
414390,4
414394,2
414399,2
414401,3
414404,2
414408,3
414411,3
414414,2
414417,4
414424,20
414445,4
414451,8
414460,25
414485,2
414487,9
414497,6
414504,3
414507,2
414509,6
414515,2
414517,7
414526,3
414529,14
414544,3
414547,8
414555,13
414568,5
414575,3
414579,5
414586,2
414590,2
414592,3
414596,9
414605,2
414607,3
414610,2
414616,3
414619,2
414621,2
414624,3
414628,2
414632,20
414652,5
414658,2
414660,2
414662,2
414664,4
414669,3
414672,2
414675,3
414678,3
414681,3
414685,8
414693,6
414699,4
414704,3
414707,6
414713,3
414716,2
414720,2
414723,4
414728,2
414731,2
414733,2
414735,10
414745,7
414752,9
414761,3
414764,4
414769,3
414772,3
414775,2
414777,4
414783,3
414786,6
414792,4
414796,2
414798,5
414803,3
414806,3
414809,20
414829,3
414832,2
414838,2
414842,2
414845,2
414847,2
414851,3
414857,3
414860,2
414873,2
414875,33
414908,5
414913,6
414919,6
414926,2
414928,2
414931,4
414937,2
414939,2
414941,3
414944,4
414948,16
414964,5
414969,14
414983,3
414986,2
414991,2
414993,2
414995,4
415001,3
415006,2
415008,2
415011,7
415018,2
415020,3
415025,2
415027,3
415030,6
415036,2
415043,2
415047,2
415051,2
415077,2
415092,2
415118,2
415123,2
415135,2
415137,2
415144,2
415168,2
415195,2
415199,2
415204,3
415216,2
415222,2
415224,2
415246,2
415249,2
415261,3
415264,2
415267,2
415275,3
415278,2
415283,2
415286,2
415289,2
415298,2
415305,2
415312,2
415314,3
415319,2
415321,2
415324,2
415329,2
415332,2
415335,2
415338,2
415352,2
415354,3
415361,2
415365,2
415373,2
415384,2
415386,3
415389,3
415392,2
415394,2
415399,3
415402,6
415410,2
415414,2
415416,2
415422,2
415424,5
415432,2
415434,12
415446,2
415450,2
415465,2
415468,2
415470,2
415475,2
415477,8
415486,3
415489,2
415491,4
415498,4
415503,4
415508,2
415510,6
415516,5
415523,2
415525,2
415529,2
415531,2
415533,2
415535,4
415542,2
415544,2
415546,4
415551,2
415554,2
415556,4
415561,4
415566,2
415568,7
415579,5
415584,7
415591,27
415618,4
415622,21
415643,12
415655,4
415659,7
415666,3
415669,16
415686,15
415701,5
415706,8
415714,17
415731,8
415740,9
415749,18
415767,3
415770,8
415778,4
415782,8
415790,10
415800,9
415809,3
415812,3
415816,18
415835,2
415837,3
415840,10
415850,2
415853,7
415860,4
415866,2
415869,4
415873,3
415877,4
415883,4
415887,2
415889,2
415893,2
415897,5
415908,2
415910,8
415921,2
415931,2
415936,4
415940,2
415967,2
415991,2
416000,2
416238,2
416247,2
416252,3
416258,2
416262,2
416265,2
416267,4
416271,3
416279,2
416281,2
416287,10
416300,9
416309,3
416313,5
416318,5
416323,2
416326,2
416328,4
416332,8
416341,2
416344,2
416347,10
416357,2
416361,2
416365,2
416367,3
416370,3
416374,2
416376,5
416383,2
416386,8
416394,2
416398,3
416401,2
416405,3
416408,3
416411,2
416413,6
416420,9
416430,4
416434,3
416437,3
416440,3
416446,3
416450,2
416452,3
416457,8
416466,2
416469,6
416475,7
416482,2
416484,2
416493,2
416497,3
416500,2
416512,2
416519,3
416525,2
416527,4
416532,3
416535,3
416538,13
416551,2
416553,3
416557,2
416560,7
416567,3
416571,3
416574,3
416577,2
416579,7
416586,2
416591,3
416594,2
416599,3
416602,3
416605,3
416608,2
416610,2
416615,2
416617,5
416623,3
416631,2
416633,2
416635,2
416638,2
416641,7
416650,4
416654,3
416658,3
416663,2
416665,2
416667,5
416672,2
416675,2
416677,3
416680,2
416683,2
416690,2
416692,2
416697,2
416699,3
416703,3
416706,2
416710,2
416713,6
416720,2
416722,8
416730,2
416732,3
416740,2
416744,3
416748,6
416755,3
416762,3
416765,3
416768,2
416770,2
416772,3
416775,4
416780,2
416791,5
416805,2
416807,2
416810,3
416815,2
416874,2
416892,7
416900,5
416905,2
416908,2
416911,2
416913,5
416918,2
416920,4
416925,3
416929,2
416931,2
416938,2
416940,3
416943,8
416956,2
416960,2
416964,2
416967,1
416969,1
416973,2
416975,2
416977,2
416980,2
416983,2
416993,2
416996,3
417002,2
417007,2
417009,3
417014,15
417029,17
417046,5
417051,3
417054,2
417056,2
417058,2
417061,4
417065,2
417069,3
417073,3
417078,5
417083,9
417092,3
417095,3
417104,2
417110,2
417112,3
417116,2
417118,2
417120,3
417126,4
417130,3
417133,4
417137,4
417144,2
417147,4
417151,7
417159,2
417161,2
417163,6
417170,7
417178,2
417181,2
417183,3
417187,3
417192,2
417194,10
417204,7
417211,4
417217,2
417219,2
417222,3
417226,7
417233,4
417237,2
417240,2
417242,8
417250,4
417254,6
417260,22
417282,67
417349,16
417365,10
417375,19
417394,3
417397,13
417412,2
417414,9
417424,4
417428,2
417451,2
417454,7
417461,7
417468,2
417470,4
417475,3
417478,3
417482,2
417488,2
417490,2
417492,2
417494,2
417500,3
417504,2
417508,2
417514,2
417517,3
417520,2
417524,2
417527,2
417529,2
417536,2
417541,2
417544,2
417546,4
417554,4
417561,2
417565,2
417578,9
417587,8
417595,5
417601,20
417621,6
417627,18
417645,4
417649,24
417673,18
417691,2
417693,10
417703,8
417711,16
417727,23
417750,4
417754,6
417760,5
417765,7
417772,5
417777,6
417783,2
417786,2
417788,2
417793,2
417796,5
417801,2
417805,3
417811,2
417813,2
417816,2
417819,2
417821,2
417824,2
417828,4
417832,2
417835,2
417839,2
417846,2
417849,8
417857,2
417861,2
417863,2
417865,2
417868,3
417871,2
417873,2
417875,2
417881,2
417885,2
417887,4
417891,3
417894,3
417898,8
417906,13
417919,8
417927,3
417930,3
417934,7
417941,6
417947,17
417964,2
417991,2
418029,2
418044,2
418053,2
418056,2
418062,2
418069,5
418088,2
418107,2
418111,2
418116,3
418120,2
418123,4
418129,1
418132,2
418134,2
418138,4
418240,2
418242,3
418262,2
418277,2
418340,2
418365,3
418393,2
418412,3
418415,6
418421,4
418464,2
418470,2
418485,2
418493,2
418495,3
418505,2
418509,1
418511,21
418532,2
418538,2
418542,4
418547,2
418549,2
418552,6
418559,2
418562,2
418567,2
418569,4
418573,7
418580,2
418587,7
418677,3
418709,3
418763,2
418768,2
418772,2
418791,2
418802,2
418810,2
418813,2
418815,4
418826,2
418829,2
418840,7
418863,2
418865,2
418867,2
418873,4
418879,2
418881,2
418883,4
418887,2
418897,7
418907,3
418921,2
418925,3
418929,6
418935,5
418940,5
418946,2
418952,2
418955,2
418966,3
418983,6
418989,7
419007,2
419011,3
419021,2
419023,5
419031,4
419036,2
419057,1
419062,2
419101,4
419107,2
419117,5
419126,2
419128,7
419135,5
419144,5
420836,2
420869,3
420872,2
420882,2
420884,2
420891,2
420893,1
420904,6
420910,2
420914,3
420917,3
420920,2
420922,6
420931,2
420964,4
420968,2
420970,3
420982,3
421010,5
421017,1
421028,1
421032,2
421055,16
421097,1
421101,2
421104,3
421107,3
421127,2
421130,2
421132,2
421134,2
421138,2
421141,2
421143,4
421147,3
421153,2
421155,3
421159,3
421162,3
421173,2
421178,2
421182,4
421187,3
421194,2
421205,4
421212,2
421219,2
421222,2
421225,2
421227,2
421236,2
421240,5
421246,4
421250,3
421253,4
421257,17
421274,40
421314,28
421351,4
421358,4
421362,3
421366,2
421369,2
421371,2
421374,2
421376,2
421382,2
421387,2
421389,2
421396,3
421399,4
421408,2
421410,3
421414,2
421417,1
421459,5
421466,3
421469,2
421473,4
421480,4
421484,3
421487,5
421492,3
421496,5
421501,2
421503,2
421507,3
421553,3
421566,2
421568,2
421570,2
421572,3
421576,4
421580,2
421583,6
421589,2
421592,3
421596,7
421604,2
421607,11
421618,20
421653,3
421656,2
421666,2
421672,2
421688,24
421712,6
421718,4
421726,2
421730,5
421735,4
421744,1
421750,4
421754,2
421768,2
421770,5
421790,3
421822,2
421863,3
421888,3
421894,3
421944,7
421964,3
421967,2
421974,2
421983,2
421985,2
421987,2
422007,2
422009,2
422012,4
422039,2
422123,2
422125,2
422130,4
422150,2
422179,4
422184,2
422228,3
422279,2
422293,4
422307,2
422327,4
422333,3
422350,2
422356,1
422369,5
422374,2
422378,3
422417,2
422422,2
422424,2
422439,3
422450,3
422469,1
422478,2
422485,1
422498,1
422505,2
422544,4
422549,10
422562,5
422573,2
422642,3
422646,2
422649,2
422651,3
422654,2
422686,4
422690,2
422694,4
422700,4
422705,2
422708,2
422713,2
422715,3
422718,4
422725,2
422729,2
422732,3
422736,2
422739,4
422746,2
422748,2
422750,2
422753,2
422755,2
422757,2
422761,2
422765,3
422773,2
422775,2
422780,2
422782,2
422784,3
422788,3
422793,2
422803,2
422806,2
422811,3
422818,2
422824,2
422836,2
422838,2
422855,3
422869,2
422877,2
422884,2
422890,2
422892,2
422895,3
422902,4
422908,3
422911,2
422915,2
422918,2
422920,4
422927,3
422930,2
422932,2
422940,3
422955,3
422960,3
422967,2
422973,2
422977,3
422992,2
423016,4
423020,2
423040,3
423043,2
423051,2
423060,2
423063,3
423096,3
423099,2
423120,3
423130,2
423135,2
423141,2
423144,2
423158,4
423165,2
423205,3
423216,3
423224,4
423234,2
423243,4
423248,2
423250,2
423278,2
423282,2
423285,14
423299,11
423310,11
423322,4
423335,11
423368,62
423430,17
423447,6
423453,2
423459,3
423462,6
423469,2
423479,5
423486,3
423501,12
423513,3
423528,2
423530,2
423535,2
423541,4
423545,5
423550,2
423552,11
423563,3
423568,10
423578,13
423599,2
423602,5
423613,3
423616,4
423631,2
423633,62
423705,3
423708,2
423712,2
423717,2
423720,6
423726,5
423793,1
423850,8
423859,5
423865,2
423869,5
423887,2
423893,49
423949,4
423959,4
423963,3
423968,2
424026,5
424031,5
424044,4
424051,2
424089,2
424112,2
424117,15
424208,4
424365,5
424376,3
424396,2
424447,2
424467,3
424483,5
424538,2
424630,2
424633,4
424641,3
424654,3
424729,3
424732,2
424759,2
424762,2
424816,2
424843,3
424870,7
424880,2
424961,5
425052,3
425095,4
425148,2
425158,4
425162,16
425364,2
425366,6
425379,2
425389,4
425480,3
425533,2
425637,2
425659,8
425668,3
425714,2
425717,4
425726,4
425736,4
425753,2
425757,5
425767,2
425770,8
425778,1
425785,3
425788,2
425810,2
425850,1
425853,2
425855,3
425859,2
425875,4
425898,2
425912,2
425914,5
425984,2
426053,3
426093,5
426109,2
426144,2
426148,3
426174,1
426188,1
426191,5
426198,2
426200,4
426204,3
426212,1
426312,6
426365,3
426383,2
426400,2
426417,2
426419,4
426423,3
426437,8
426455,2
426506,2
426511,2
426518,2
426563,4
426615,2
426709,2
426740,2
426746,2
426795,4
426806,6
426812,3
426816,2
426861,2
426864,6
426930,4
426944,7
426954,2
426957,2
426969,1
427050,4
427055,2
427057,3
427115,3
427152,2
427154,3
427158,3
427169,1
427176,1
427189,2
427192,3
427206,2
427208,2
427217,3
427221,1
427234,1
427240,2
427252,2
427260,2
427265,2
427270,5
427279,3
427284,3
427287,2
427291,2
427305,51
427376,4
427381,2
427385,3
427408,2
427436,2
427440,4
427476,4
427483,3
427489,2
427491,2
427499,6
427505,4
427529,3
427539,2
427550,2
427555,2
427559,1
427742,6
427883,3
428023,2
428035,2
428044,2
428061,3
428088,2
428092,3
428112,5
428117,8
428125,11
428164,2
428174,2
428176,2
428185,5
428197,4
428230,2
428235,3
428253,2
428258,3
428261,2
428263,6
428269,6
428276,6
428282,7
428289,2
428292,3
428296,2
428298,2
428300,2
428303,3
428306,3
428314,3
428317,2
428320,4
428333,11
428344,5
428349,2
428351,3
428360,2
428369,7
428379,2
428388,4
428392,4
428399,2
428408,2
428410,3
428416,3
428419,2
428436,2
428450,2
428460,2
428462,4
428466,10
428479,2
428489,4
428493,2
428495,3
428498,2
428500,2
428502,2
428504,3
428513,2
428516,3
428520,2
428523,5
428528,2
428530,2
428532,3
428535,3
428539,5
428549,5
428554,4
428558,5
428603,3
428607,4
428636,7
428684,2
428688,4
428738,2
428740,2
428742,3
428776,11
428792,3
428817,3
428821,2
428855,3
428859,1
428877,2
428914,2
428976,2
429153,2
429238,2
429359,2
429370,2
429398,2
429420,2
429635,2
429864,3
429911,2
429922,2
430087,2
430438,3
430454,2
430466,3
430469,8
430477,2
430480,10
430491,7
430507,11
430519,2
430522,3
430525,3
430531,3
430534,2
430536,4
430545,5
430551,2
430554,5
430560,7
430593,3
430598,2
430600,3
430603,4
430607,4
430611,3
430614,3
430618,2
430620,2
430622,2
430626,4
430631,2
430633,3
430640,4
430645,2
430674,5
430679,4
430693,1
430767,2
430858,2
430902,3
430918,4
430990,2
430992,2
431002,3
431005,2
431009,2
431012,2
431016,2
431030,3
431042,2
431054,2
431059,2
431063,3
431071,2
431073,2
431081,2
431083,2
431087,2
431091,2
431102,2
431113,2
431121,2
431137,2
431144,3
431167,3
431187,3
431190,2
431193,2
431196,3
431200,2
431206,2
431229,2
431237,2
431246,2
431252,2
431261,2
431287,3
431297,2
431299,2
431309,2
431316,2
431318,2
431327,2
431338,3
431349,2
431353,2
431357,3
431363,4
431373,3
431380,2
431384,4
431396,4
431402,2
431406,4
431413,2
431420,2
431428,3
431444,2
431467,2
431492,2
431508,2
431517,4
431521,2
431523,2
431531,2
431545,2
431556,3
431560,2
431566,2
431575,2
431585,2
431587,2
431621,2
431633,4
431644,2
431646,2
431659,4
431663,2
431682,4
431691,2
431703,2
431708,2
431725,2
431737,4
431752,4
431759,3
431766,2
431770,3
431777,2
431784,3
431831,3
431855,2
431860,5
431874,3
431878,3
431900,2
431922,2
431956,2
431980,5
432017,5
432025,6
432031,2
432037,2
432046,3
432056,2
432072,4
432090,2
432101,2
432115,2
432134,2
432141,3
432144,3
432149,5
432175,4
432183,3
432186,2
432190,5
432207,3
432225,2
432233,3
432271,3
432286,2
432303,2
432322,3
432333,2
432336,6
432356,4
432384,2
432411,2
432423,6
432442,2
432451,4
432470,3
432477,3
432490,2
432531,4
432544,2
432546,6
432584,4
432601,2
432607,3
432610,2
432631,2
432638,3
432677,6
432689,4
432707,2
432719,3
432727,2
432752,5
432760,3
432798,3
432822,3
432825,3
432840,2
432862,3
432900,3
432903,5
432914,2
432917,2
432966,6
432978,2
432982,2
432988,4
432997,3
433000,2
433015,2
433018,1
433036,2
433052,3
433056,5
433064,2
433074,2
433076,3
433086,3
433101,2
433108,3
433149,4
433225,2
433229,4
433242,2
433249,2
433262,2
433265,3
433269,4
433275,2
433277,3
433294,2
433296,3
433299,7
433306,4
433322,6
433328,2
433351,2
433389,3
433401,3
433404,2
433415,2
433432,2
433439,3
433468,2
433479,4
433494,3
433501,5
433521,2
433523,5
433528,2
433531,2
433554,6
433561,2
433586,4
433602,2
433607,2
433639,2
433650,2
433652,2
433662,2
433668,9
433724,2
433799,4
433803,3
433806,3
433825,3
433861,3
433864,2
433872,2
433887,3
433893,2
433903,3
433906,2
433926,5
433940,3
433944,2
433946,10
433961,1
433967,7
434010,2
434012,5
434018,3
434029,1
434038,11
434054,10
434079,9
434096,4
434123,2
434127,2
434141,4
434147,2
434156,6
434163,2
434167,2
434171,3
434174,3
434178,8
434188,3
434191,5
434198,2
434200,3
434205,2
434207,3
434210,2
434217,2
434219,2
434225,3
434228,8
434239,2
434243,2
434245,2
434248,6
434259,2
434262,2
434271,3
434276,2
434278,4
434283,2
434294,2
434299,3
434302,2
434318,3
434330,2
434333,2
434336,2
434349,2
434366,3
434372,2
434374,3
434381,2
434383,2
434387,2
434392,2
434394,2
434397,4
434403,3
434407,2
434413,2
434416,3
434424,4
434428,2
434431,2
434433,3
434438,12
434450,3
434453,2
434462,1
434470,2
434519,2
434521,3
434529,2
434531,2
434533,2
434535,2
434539,2
434544,2
434561,2
434563,2
434566,4
434574,2
434576,2
434582,3
434587,2
434589,2
434591,2
434594,3
434600,2
434606,2
434608,2
434624,2
434629,3
434633,2
434646,2
434663,2
434676,4
434703,2
434720,4
434733,2
434739,2
434744,2
434749,2
434757,2
434759,2
434764,2
434772,2
434783,2
434807,6
434823,2
434825,2
434829,2
434834,2
434843,2
434849,2
434856,2
434934,2
434938,3
434953,3
434957,2
434964,2
434988,3
434993,4
434998,7
435005,3
435014,2
435031,5
435053,2
435061,2
435065,2
435068,2
435078,3
435081,3
435094,3
435097,3
435100,2
435115,3
435122,2
435127,3
435130,4
435135,2
435139,3
435145,2
435148,2
435156,5
435164,4
435263,2
435269,2
435285,2
435291,3
435296,3
435304,2
435359,3
435391,2
435396,4
435400,2
435407,4
435412,2
435427,2
435432,3
435435,2
435442,3
435449,9
435461,6
435468,2
435470,5
435475,3
435479,2
435483,2
435485,2
435487,2
435489,2
435491,4
435496,3
435500,3
435507,2
435509,4
435513,4
435519,4
435523,2
435525,2
435528,2
435530,13
435543,2
435547,2
435550,4
435558,17
435580,7
435588,2
435592,10
435602,15
435617,3
435622,5
435627,2
435630,4
435636,2
435639,2
435642,2
435644,2
435655,2
435658,6
435665,2
435667,6
435673,2
435685,2
435687,2
435689,3
435692,9
435701,3
435704,4
435712,2
435733,3
435742,2
435746,2
435755,2
435772,2
435774,4
435821,2
435823,17
435840,3
435881,6
435924,3
435930,2
435944,3
435947,5
435953,2
435955,2
435958,3
435961,4
435982,3
435985,5
435990,2
435999,2
436001,2
436003,2
436005,5
436010,2
436019,2
436022,2
436026,5
436031,3
436034,3
436204,7
436211,2
436215,5
436220,3
436224,2
436227,4
436231,2
436233,4
436237,3
436240,6
436255,14
436269,7
436283,3
436286,2
436288,27
436317,2
436321,2
436323,3
436335,3
436338,2
436340,19
436359,7
436367,2
436369,4
436379,2
436381,3
436388,18
436410,2
436413,2
436415,13
436428,2
436430,5
436438,3
436442,5
436447,5
436452,3
436455,2
436457,2
436459,4
436463,4
436468,10
436478,11
436505,2
436516,2
436518,3
436521,4
436528,2
436539,2
436582,2
436585,3
436588,2
436596,3
436601,3
436611,5
436636,3
436805,3
436809,5
436825,2
436829,3
436837,2
436862,7
436891,2
436893,3
436896,4
436900,3
436906,9
436976,4
436982,3
436995,2
436997,3
437001,2
437004,2
437006,3
437093,6
437099,4
437103,3
437106,5
437113,7
437120,4
437124,5
437131,2
437134,2
437345,2
437347,4
437351,37
437388,48
437449,2
437452,2
437456,2
437478,2
437514,2
437517,2
437523,2
437525,3
437537,2
437541,2
437548,3
437554,2
437556,3
437605,4
437609,28
437637,12
437649,49
437698,20
437718,16
437734,14
437748,2
437750,4
438031,2
438048,5
438058,36
438437,2
438440,2
438450,2
438452,6
438459,6
438465,5
438470,5
438475,4
438481,2
438483,2
438485,8
438493,2
438661,10
438674,9
438688,4
438710,2
438718,2
438746,4
438751,2
438755,2
438760,2
438764,2
438767,2
438797,7
438804,1
438808,3
438815,2
438820,2
438831,2
438833,2
439017,57
439074,7
439081,29
439110,4
439115,3
439118,2
439120,4
439125,4
439129,2
439146,4
439150,6
439157,5
439162,1
439171,6
439178,4
439182,5
439276,10
439287,2
439289,4
439297,3
439300,1
439302,1
439430,7
439437,4
439441,3
439446,3
439460,16
439476,2
439491,2
439495,2
439509,2
439513,2
439516,3
439520,3
439528,5
439533,4
439538,6
439544,8
439582,7
439597,4
439607,2
439609,9
439662,2
439664,3
439667,2
439677,1
439688,2
439690,2
439699,3
439705,3
439711,2
439713,2
439723,3
439731,2
439746,2
439750,2
439752,2
439764,2
439780,2
439789,3
439795,2
439798,2
439802,2
439804,2
439816,2
439832,3
439843,2
439845,3
439849,3
439853,2
439856,2
439859,3
439866,2
439869,3
439874,2
439882,3
439894,2
439902,2
439915,3
439931,2
439935,3
439938,2
439940,2
439949,2
439952,2
439954,2
439961,2
439964,2
439966,2
439977,2
439979,2
439989,2
439991,2
440002,2
440006,4
440011,2
440015,2
440017,2
440024,1
440032,4
440054,2
440062,2
440065,1
440074,3
440079,2
440081,2
440083,2
440100,2
440111,2
440132,2
440135,2
440138,2
440142,3
440147,3
440165,2
440167,2
440180,2
440182,3
440186,2
440188,3
440196,2
440206,2
440211,2
440214,2
440222,2
440246,2
440249,4
440259,2
440270,4
440274,3
440277,2
440279,4
440288,2
440293,2
440297,2
440299,4
440303,2
440310,2
440319,2
440321,2
440323,2
440327,2
440335,3
440338,4
440344,2
440366,3
440371,2
440388,2
440392,2
440394,3
440397,1
440412,3
440415,4
440420,3
440428,4
440435,3
440442,1
440445,2
440447,2
440451,3
440458,2
440460,2
440466,3
440470,2
440473,2
440483,2
440486,2
440489,2
440496,3
440499,2
440501,2
440521,2
440527,2
440529,3
440533,3
440538,3
440543,2
440546,2
440549,2
440560,2
440564,3
440567,4
440573,2
440575,3
440582,3
440585,2
440594,2
440596,3
440599,3
440604,4
440616,2
440623,2
440625,3
440632,2
440638,2
440640,2
440643,3
440653,3
440660,5
440667,3
440674,4
440683,2
440691,3
440694,2
440701,2
440704,2
440706,5
440711,3
440724,2
440726,1
440728,1
440732,3
440737,3
440751,2
440753,2
440755,2
440758,4
440772,3
440775,2
440777,2
440780,2
440782,2
440785,8
440794,2
440796,2
440804,2
440811,2
440813,2
440819,4
440824,2
440826,1
440830,3
440833,2
440835,4
440839,3
440843,3
440848,2
440851,2
440855,1
440859,6
440865,5
440888,2
440890,2
440892,4
440903,2
440905,3
440909,2
440911,2
440914,2
440918,5
440933,4
440949,2
440951,5
440957,2
440961,3
440965,4
440969,2
440976,4
440980,4
440984,2
440998,3
441003,2
441011,3
441019,2
441023,2
441031,2
441033,2
441038,4
441042,2
441055,3
441061,2
441065,3
441070,2
441072,3
441082,3
441094,4
441099,2
441101,2
441107,5
441116,4
441121,1
441126,2
441134,1
441137,2
441156,5
441164,5
441169,5
441175,2
441180,2
441185,2
441189,2
441197,1
441202,2
441206,2
441209,2
441211,1
441214,1
441221,3
441232,2
441235,4
441244,3
441247,4
441254,2
441256,3
441259,4
441267,2
441269,2
441271,3
441278,2
441293,2
441297,2
441299,2
441302,4
441325,3
441328,2
441337,2
441345,2
441354,4
441362,2
441365,2
441368,4
441372,3
441382,2
441395,4
441401,4
441405,3
441408,2
441410,3
441416,2
441418,3
441422,2
441432,3
441436,4
441440,2
441442,4
441446,2
441461,2
441471,3
441477,3
441481,1
441496,2
441502,4
441521,3
441534,1
441537,3
441542,4
441560,3
441563,1
441571,4
441577,2
441588,4
441592,2
441601,2
441603,2
441605,6
441623,3
441631,2
441634,1
441640,2
441648,3
441652,2
441659,2
441666,2
441670,4
441674,2
441683,3
441687,8
441695,3
441702,3
441705,4
441716,2
441727,3
441735,2
441749,2
441753,4
441759,1
441762,8
441770,8
441783,3
441787,3
441794,1
441796,2
441798,3
441801,7
441808,111
441919,3
441922,2
441924,2
441927,2
441929,4
441940,2
441942,2
441944,2
441946,4
441950,2
441952,5
441957,3
441960,5
441965,9
441974,2
441976,2
441978,4
441983,4
441987,3
441991,3
441995,3
442000,3
442003,3
442008,2
442010,9
442019,3
442022,2
442028,2
442031,4
442035,2
442037,3
442040,3
442044,4
442048,4
442054,6
442060,2
442064,2
442070,10
443296,3
443299,2
443301,2
443306,2
443520,5
443525,2
443729,2
443772,34
443808,111
443919,2
443925,3
443929,2
443931,2
443933,144
444078,59
444137,7
444144,343
444487,43
444530,3
444537,243
444780,5
444790,4
444808,8
444816,4
444820,9
444829,1
444831,3
444834,5
444839,4
444844,11
444856,4
444878,4
444884,3
444890,10
444915,2
444920,2
444922,3
444927,2
444929,2
444942,6
444957,5
444965,2
444969,2
444973,5
444978,19
444997,2
444999,13
445012,2
445022,3
445028,2
445067,2
445069,2
445086,2
445100,2
445119,2
445126,2
445130,2
445159,2
445166,2
445176,2
445224,2
445227,2
445253,2
445267,2
445273,2
445309,2
445314,2
445321,2
445331,2
445333,3
445339,2
445363,2
445365,2
445378,2
445382,2
445403,2
445407,2
445417,3
445430,4
445442,2
445445,2
445457,2
445460,2
445465,2
445473,2
445487,2
445503,2
445511,2
445516,2
445523,3
445526,2
445528,3
445532,4
445536,3
445582,2
445588,4
445592,6
445599,23
445622,6
445628,69
445697,2
445701,7
445708,10
445718,6
446500,2
446505,2
446519,2
446531,2
446540,13
446555,98
446653,3
446656,4
446660,123
446783,2
446805,2
446904,4
446915,2
446953,2
446955,2
446960,8
446968,5
446973,8
446983,2
446986,3
446989,3
446993,1
446999,3
447005,10
447015,12
447027,10
447037,2
447039,2
447042,7
447049,40
447090,2
447092,6
447098,26
447126,2
447130,12
447144,2
447152,1
447154,1
447156,3
447166,2
447170,12
447184,4
447188,2
447210,2
447215,2
447218,21
447239,4
447243,2
447245,3
447257,2
447267,2
447271,4
447291,8
447299,2
447304,3
447307,3
447310,4
447317,2
447320,11
447331,3
447334,3
447339,11
447357,1
447359,33
447401,8
447414,2
447416,2
447418,2
447420,1
447422,25
447447,8
447456,13
447469,6
447478,16
447495,3
447498,1
447502,3
447505,2
447508,23
447532,12
447549,9
447574,7
447585,6
447591,2
447602,3
447613,2
447618,2
447620,2
447627,2
447636,3
447646,2
447648,3
447652,3
447661,6
447667,3
447670,2
447673,3
447676,2
447685,19
447711,9
447720,10
447731,3
447734,2
447741,7
447751,2
447773,4
447790,2
447792,2
447796,2
447799,3
447802,4
447812,2
447814,1
447816,1
447821,2
447825,10
447839,1
447843,1
447849,2
447860,7
447868,20
447889,3
447892,10
447916,4
447921,5
447948,2
447951,7
447959,3
447962,3
447965,2
447967,3
447987,2
447991,5
447996,2
447999,2
448001,2
448005,3
448021,2
448040,2
448046,5
448051,2
448054,3
448065,3
448068,2
448070,11
448081,4
448085,2
448087,2
448089,3
448092,5
448099,2
448101,3
448104,2
448106,7
448113,5
448118,4
448122,2
448124,2
448126,7
448133,2
448136,7
448143,4
448147,2
448149,3
448152,2
448155,2
448157,3
448160,2
448162,3
448165,12
448179,4
448184,2
448186,2
448188,3
448191,7
448198,2
448200,2
448203,4
448208,4
448212,4
448216,8
448224,3
448228,2
448230,2
448232,4
448236,4
448240,5
448245,2
448247,2
448249,2
448253,6
448259,4
448263,3
448266,5
448271,4
448275,3
448278,5
448283,4
448287,3
448291,2
448294,3
448297,2
448299,2
448301,2
448303,8
448311,4
448315,8
448323,2
448325,2
448327,5
448334,11
448345,3
448348,7
448355,5
448360,2
448363,3
448366,4
448370,2
448373,4
448377,4
448381,14
448395,3
448399,17
448417,3
448420,6
448426,8
448434,18
448452,7
448459,3
448462,17
448481,3
448486,3
448498,3
448503,2
448511,3
448530,2
448533,3
448537,2
448539,2
448541,5
448550,2
448552,2
448554,2
448566,6
448573,2
448576,4
448580,3
448584,2
448588,5
448593,3
448599,3
448602,2
448604,3
448607,3
448611,2
448614,2
448621,3
448624,5
448631,3
448671,2
448677,2
448684,2
448687,3
448690,2
448692,1
448699,2
448707,2
448710,2
448714,3
448725,2
448729,2
448731,3
448735,3
448738,2
448741,3
448744,2
448746,2
448748,2
448751,2
448761,3
448766,2
448782,2
448792,2
448802,2
448826,2
448836,2
448845,1
448851,2
448913,1
448916,2
448954,3
448972,2
449000,1
449005,2
449022,1
449061,1
449074,1
449082,2
449084,2
449101,5
449145,2
449165,1
449168,1
449181,2
449189,2
449194,1
449196,3
449224,1
449254,1
449256,2
449263,2
449266,1
449287,1
449319,1
449336,1
449342,1
449349,1
449359,1
449361,1
449374,1
449382,1
449388,2
449403,1
449407,1
449464,1
449478,1
449484,1
449519,2
449526,1
449533,2
449581,2
449597,1
449604,1
449627,2
449639,2
449644,1
449653,2
449661,2
449665,2
449677,2
449685,3
449693,2
449708,3
449714,2
449759,1
449761,3
449774,1
449805,1
449819,1
449855,1
449863,1
449866,2
449881,1
449897,2
449907,2
449917,1
449925,2
449946,3
449951,3
449968,2
449994,1
450005,2
450010,2
450019,1
450025,1
450061,1
450072,2
450078,2
450081,2
450089,1
450109,1
450111,1
450124,2
450140,2
450145,1
450185,1
450195,4
450208,3
450211,2
450214,2
450225,3
450242,1
450266,1
450280,4
450299,3
450303,2
450321,2
450330,1
450353,2
450356,5
450361,1
450407,1
450444,1
450456,1
450528,2
450539,1
450574,2
450595,3
450631,4
450659,2
450661,3
450694,2
450709,2
450712,1
450721,3
450728,2
450730,2
450732,2
450741,2
450744,3
450770,3
450777,2
450848,2
450890,2
450914,4
450962,3
450981,4
451074,2
451085,2
451112,3
451115,4
451119,3
451164,2
451166,2
451177,2
451180,7
451191,2
451195,2
451198,2
451209,2
451219,2
451235,2
451240,2
451268,3
451284,3
451289,2
451294,2
451298,4
451304,3
451312,2
451328,2
451580,3
451668,2
451813,3
451858,2
451862,2
451887,3
451903,2
451906,2
451908,2
451916,1
451952,3
451987,4
452076,3
452159,2
452165,3
452172,2
452217,5
452224,3
452230,3
452233,1
452280,2
452287,2
452291,2
452326,1
452336,2
452403,7
452415,1
452437,5
452448,2
452450,17
452516,2
452558,4
452578,5
452589,7
452596,9
452628,2
452633,2
452672,2
452679,2
452690,2
452692,2
452720,1
452726,2
452728,3
452731,2
452734,2
452736,2
452741,3
452754,1
452757,4
452762,3
452766,4
452783,1
452785,4
452812,3
452819,3
452831,3
452835,2
452846,3
452855,3
452861,2
452874,3
452922,1
452957,3
452967,2
452986,3
453059,2
453065,2
453070,5
453116,2
453121,2
453125,2
453135,2
453151,3
453174,2
453180,8
453188,5
453235,2
453355,2
453357,2
453361,2
453371,5
453472,2
453479,13
453508,2
453510,2
453521,4
453574,2
453595,2
453597,4
453610,3
453614,3
453617,2
453619,3
453635,1
453640,2
453653,2
453657,1
453671,2
453681,2
453683,4
453687,2
453689,2
453691,2
453693,2
453697,2
453705,4
453710,5
453720,2
453750,3
453754,2
453759,3
453763,1
453769,3
453778,2
453786,2
453791,3
453799,3
453813,3
453817,2
453821,2
453823,3
453827,2
453830,2
453832,2
453834,1
453837,2
453839,1
453845,2
453874,2
453909,2
453921,2
453941,2
453995,1
453999,2
454001,1
454003,1
454006,1
454009,1
454011,2
454018,1
454023,3
454076,3
454079,2
454088,2
454103,2
454105,2
454110,2
454112,3
454123,7
454139,2
454141,3
454145,2
454184,1
454194,2
454198,2
454233,3
454236,3
454244,4
454280,8
454288,3
454318,5
454323,2
454325,2
454328,7
454379,2
454410,3
454415,2
454417,2
454421,2
454440,2
454461,2
454463,2
454500,3
454513,3
454533,2
454540,3
454553,2
454555,2
454565,2
454567,2
454618,2
454625,2
454627,2
454638,2
454641,3
454644,3
454647,2
454683,2
454685,2
454692,3
454699,5
454740,2
454751,3
454769,2
454776,5
454783,2
454789,2
454795,3
454798,2
454801,2
454811,3
454814,2
454848,2
454850,3
454854,2
454864,2
454872,7
454893,2
454895,2
454898,2
454900,2
454903,2
454911,3
454915,2
454919,2
454921,2
454925,2
454936,2
454941,3
454948,2
454957,2
454963,3
454969,2
454977,2
454980,2
454988,3
454994,2
454998,2
455001,2
455043,2
455081,2
455083,2
455087,4
455092,2
455094,2
455096,2
455103,3
455123,4
455149,5
455176,3
455196,2
455198,2
455200,2
455211,3
455215,3
455220,3
455223,7
455230,2
455232,2
455234,3
455239,3
455243,2
455252,2
455254,2
455310,3
455313,2
455319,2
455323,2
455327,2
455343,2
455349,2
455351,2
455413,1
455418,2
455420,2
455425,3
455430,2
455433,4
455437,5
455442,2
455458,2
455463,4
455586,2
455617,2
455620,2
455633,2
455636,3
455641,5
455649,3
455671,2
455674,1
455778,2
455781,2
455783,8
455791,4
455795,4
455800,3
455803,3
455806,3
455809,10
455822,2
455824,4
455830,2
455832,4
455836,9
455845,2
455847,3
455850,7
455857,3
455860,4
455864,5
455869,4
455878,2
455880,4
455885,2
455887,2
455889,3
455895,4
455899,14
455916,1
455945,2
455974,2
455980,2
455982,3
455989,2
456014,4
456023,3
456040,2
456053,2
456058,2
456063,2
456065,2
456070,2
456073,4
456077,2
456081,2
456083,2
456085,2
456089,2
456098,2
456109,2
456114,2
456219,2
456332,2
456342,2
456377,3
456386,2
456390,2
456392,2
456424,2
456470,2
456518,2
456553,2
456568,1
456575,1
456600,2
456605,2
456611,2
456643,3
456646,2
456650,2
456673,2
456680,2
456684,2
456693,2
456695,3
456710,3
456770,2
456829,2
456843,2
456878,15
456893,12
456975,2
456983,2
456993,2
457002,2
457015,2
457024,2
457027,2
457051,2
457063,3
457133,3
457159,2
457173,3
457192,2
457202,4
457208,2
457216,2
457219,2
457227,2
457233,2
457235,2
457240,2
457244,2
457246,2
457248,2
457254,2
457258,2
457261,2
457266,2
457281,4
457322,4
457440,2
457447,2
457477,1
457479,2
457483,3
457486,2
457488,2
457492,2
457494,2
457501,1
457505,2
457522,4
457548,2
457582,2
457593,2
457604,2
457651,2
457674,2
457709,2
457815,2
457832,2
457920,3
457930,4
457939,2
457963,3
457974,2
457977,6
457986,3
457999,3
458002,3
458017,4
458111,6
458231,2
458239,1
458242,5
458247,2
458307,8
458322,4
458367,5
458382,3
458420,1
458596,4
458600,3
458613,2
458616,2
458618,2
458621,1
458624,2
458645,5
458658,4
458662,2
458664,2
458666,2
458671,3
458674,2
458697,2
458711,2
458716,3
458721,2
458778,2
458785,2
458789,2
458791,2
458793,2
458795,2
458797,2
458800,3
458804,3
458807,2
458811,2
458813,2
458815,2
458836,5
458845,2
458850,2
458852,2
458862,2
458880,3
458884,3
458887,4
458902,2
458905,2
458917,2
458919,3
458945,2
458948,2
458956,2
458963,2
458969,2
458983,5
458988,2
458995,2
458998,3
459002,2
459006,3
459014,3
459017,4
459021,6
459027,3
459030,3
459035,2
459042,3
459045,3
459050,2
459057,2
459059,2
459061,2
459064,2
459070,2
459073,2
459078,2
459081,2
459083,2
459086,3
459092,3
459097,4
459101,2
459103,6
459110,2
459114,2
459116,2
459119,2
459121,3
459124,3
459127,4
459134,2
459137,2
459139,4
459147,3
459150,2
459155,3
459159,2
459163,2
459170,2
459172,2
459174,3
459179,2
459183,2
459185,3
459189,2
459195,2
459199,3
459202,2
459204,2
459206,2
459211,2
459214,2
459216,5
459221,6
459228,2
459230,5
459235,6
459242,2
459244,3
459247,2
459250,6
459257,2
459261,4
459267,3
459280,2
459282,2
459311,6
459317,72
459389,38
459427,2
459429,8
459438,2
459440,2
459443,2
459445,2
459454,2
459458,2
459465,2
459467,4
459471,5
459476,11
459487,33
459520,69
459589,3
459610,2
459612,3
459615,3
459619,3
459650,9
459669,2
459675,2
459678,2
459680,6
459686,3
459690,3
459694,2
459699,4
459703,8
459711,3
459715,3
459719,3
459723,4
459732,2
459735,4
459739,2
459741,3
459744,4
459750,6
459759,3
459764,12
459776,2
459780,2
459785,2
459792,4
459796,2
459799,4
459803,2
459808,3
459811,5
459819,2
459821,3
459827,2
459829,6
459836,3
459841,4
459845,2
459847,4
459851,5
459857,3
459860,2
459866,9
459876,2
459880,2
459883,3
459886,4
459890,2
459893,3
459901,2
459903,27
459930,7
459937,3
459940,4
459945,7
459952,8
459960,2
459962,5
459968,2
459972,11
459984,14
459998,2
460000,2
460002,3
460005,6
460011,6
460017,3
460020,3
460023,3
460026,3
460029,5
460034,6
460040,12
460052,2
460054,3
460058,2
460061,7
460068,6
460074,6
460080,3
460083,3
460087,11
460100,2
460112,17
460130,5
460146,2
460167,3
460171,2
460174,10
460184,5
460189,3
460192,2
460195,6
460201,6
460207,5
460213,6
460219,3
460222,13
460322,1
460324,2
460361,2
460480,2
460655,2
460711,2
461005,31
461036,2
461038,11
461049,8
461057,3
461060,4
461064,13
461077,9
461086,41
461127,5
461132,3
461135,15
461150,10
461160,2
461163,2
461168,3
461179,3
461184,2
461188,2
461192,2
461195,2
461197,2
461201,3
461206,3
461215,3
461235,3
461238,2
461241,5
461256,2
461293,2
461312,2
461314,4
461348,2
461359,2
461362,2
461364,2
461368,3
461397,2
461399,2
461404,3
461409,2
461431,2
461441,17
461458,2
461460,9
461469,9
461478,12
461490,7
461497,10
461507,4
461511,13
461524,12
461538,25
461563,6
461569,33
461602,40
461649,23
461672,3
461675,14
461690,19
461709,17
461726,6
461732,22
461754,46
461800,7
461807,26
461833,13
461850,8
461858,4
461862,6
461868,2
461870,2
461872,3
461875,8
461883,32
461915,35
461950,78
462028,23
462052,6
462076,2
462078,6
462084,2
462086,3
462092,3
462100,5
462107,6
462116,2
462119,2
462125,2
462139,2
462141,3
462145,2
462149,5
462155,8
462163,2
462165,14
462180,4
462184,2
462186,2
462188,4
462193,2
462209,2
462211,1
462220,2
462222,2
462251,3
462254,5
462260,2
462264,4
462269,3
462272,3
462301,5
462306,2
462308,2
462310,2
462324,1
462326,2
462328,6
462342,1
462386,4
462391,3
462394,4
462430,6
462473,2
462477,2
462480,4
462486,4
462499,2
462501,2
462506,2
462508,4
462568,2
462575,4
462613,2
462620,2
462632,4
462645,3
462651,2
462656,2
462666,2
462680,2
462684,4
462730,2
462732,4
462749,2
462751,9
462787,3
462790,2
462792,3
462797,3
462801,3
462804,2
462806,2
462808,4
462813,2
462821,2
462828,4
462832,2
462834,6
462840,2
462842,2
462844,2
462848,5
462854,2
462865,2
462872,4
462879,2
462881,4
462886,2
462889,2
462891,14
462905,3
462909,3
462912,2
462916,3
462920,5
462930,4
462935,2
462944,3
462949,8
462959,3
462962,13
462976,3
462979,3
462982,4
462988,2
462993,3
462998,2
463000,3
463003,3
463006,5
463012,3
463015,5
463021,3
463025,3
463029,6
463035,3
463038,4
463044,4
463050,3
463054,2
463056,3
463059,2
463067,1
463071,4
463083,6
463096,2
463098,9
463107,38
463145,20
463165,2
463167,17
463185,6
463191,9
463208,2
463212,4
463216,2
463218,4
463224,4
463228,7
463253,2
463255,3
463258,11
463269,2
463271,3
463274,5
463279,8
463287,7
463294,10
463304,4
463308,15
463323,27
463350,34
463384,6
463390,2
463392,28
463420,2
463422,3
463425,6
463444,3
463448,4
463453,7
463460,3
463463,1
463465,3
463495,2
463497,4
463502,2
463537,1
463580,4
463584,2
463587,3
463590,5
463596,4
463600,5
463606,2
463608,3
463612,10
463623,7
463634,25
463659,39
463698,29
463733,2
463759,8
463767,43
463810,40
463851,13
463887,3
463890,2
463892,1
463902,2
463916,2
463918,1
463921,4
463933,22
463955,16
463972,3
463983,2
464009,33
464068,4
464072,5
464078,3
464081,3
464084,5
464089,3
464097,19
464116,4
464120,5
464125,3
464130,6
464139,2
464142,2
464144,6
464150,7
464157,5
464162,2
464165,2
464168,1
464170,3
464193,6
464199,3
464202,4
464206,3
464209,2
464212,5
464217,3
464221,4
464225,2
464227,24
464251,4
464264,1
464281,4
464285,8
464293,2
464295,9
464304,2
464306,5
464311,2
464313,4
464318,5
464323,2
464325,8
464333,3
464336,2
464338,3
464341,4
464348,2
464351,4
464358,2
464434,3
464439,6
464445,2
464449,2
464451,3
464455,1
464474,2
464491,1
464493,4
464498,7
464505,2
464507,4
464541,2
464559,14
464580,2
464587,3
464610,3
464613,3
464616,3
464626,2
464629,2
464666,3
464685,1
464696,3
464701,1
464720,4
464724,11
464736,2
464738,4
464742,3
464745,8
464754,2
464757,6
464763,6
464771,3
464774,5
464779,5
464785,3
464788,3
464791,19
464810,2
464813,5
464818,2
464820,9
464829,6
464837,10
464848,4
464852,2
464854,3
464857,20
464877,6
464883,2
464885,3
464889,4
464893,2
464896,3
464899,4
464903,3
464906,3
464909,2
464911,2
464914,4
464922,4
464926,7
464933,5
464938,3
464942,6
464948,2
464951,8
464960,3
464963,2
464966,12
464978,13
464991,6
464998,9
465008,6
465014,5
465019,3
465022,4
465026,2
465028,9
465038,6
465044,8
465052,2
465054,5
465059,6
465066,4
465070,4
465074,6
465080,5
465085,2
465089,7
465098,8
465106,4
465110,3
465113,3
465117,5
465122,8
465130,8
465140,5
465145,12
465157,2
465160,3
465164,2
465166,5
465171,14
465186,8
465194,7
465201,6
465207,4
465211,1
465213,2
465215,4
465220,4
465224,2
465226,6
465232,5
465237,5
465242,3
465245,3
465248,10
465258,4
465263,2
465265,2
465267,3
465270,8
465278,2
465280,3
465284,2
465286,9
465295,2
465297,2
465299,10
465309,4
465313,3
465316,5
465321,3
465326,8
465334,10
465345,3
465349,4
465353,3
465358,5
465363,7
465370,5
465375,2
465378,2
465380,2
465383,3
465386,5
465392,9
465402,2
465404,2
465406,7
465413,3
465418,16
465435,2
465437,3
465440,5
465445,4
465449,2
465451,2
465454,3
465457,3
465462,3
465465,12
465477,5
465482,13
465496,3
465499,2
465501,5
465506,8
465514,3
465517,8
465526,2
465528,3
465531,3
465534,4
465539,5
465544,2
465547,4
465551,3
465555,7
465562,13
465575,2
465577,2
465580,6
465586,3
465589,5
465594,2
465596,3
465599,5
465604,3
465608,2
465610,2
465613,2
465615,6
465621,7
465628,4
465632,7
465639,3
465642,4
465646,2
465648,2
465651,6
465658,4
465662,3
465665,4
465670,4
465675,5
465724,2
465734,2
465769,8
465777,3
465780,4
465785,5
465808,4
465835,2
465840,2
465842,3
465846,2
465863,3
465867,2
465875,2
465878,2
465889,2
465891,2
465907,4
465911,5
465921,2
465925,3
465928,2
465930,4
465948,1
465977,2
465979,2
465983,13
466000,2
466010,6
466024,3
466057,2
466059,2
466070,2
466072,2
466079,2
466116,2
466133,1
466155,2
466173,1
466191,3
466194,1
466205,9
466229,2
466384,1
466387,1
466390,3
466401,2
466403,3
466418,4
466513,2
466518,2
466524,2
466528,2
466615,2
466763,2
466865,3
466890,2
467056,2
467135,4
467165,5
467197,3
467228,2
467238,2
467244,1
467267,2
467269,2
467278,2
467352,2
467361,2
467394,2
467433,2
467662,3
467677,10
467707,3
467730,7
467737,2
467739,5
467758,2
468391,4
468396,2
468440,1
468707,3
468710,3
468723,2
469082,2
469087,5
469232,1
469269,4
469287,4
469329,5
469359,5
469580,4
469621,1
469627,1
469642,2
469696,3
469734,2
469827,3
469868,5
469949,2
469965,1
469990,1
470085,1
470216,304
471971,2
471976,1
472377,3
472488,5
472493,7
472500,2
472618,1
474316,1
474529,2
474863,6
475003,3
475492,1
475625,2
475752,2
475782,4
475818,2
475843,2
475845,2
475935,2
476053,1
476102,2
476571,3
476574,2
476991,3
476997,3
477006,2
477010,2
477187,3
477269,2
477390,3
477401,2
477405,4
477411,3
477414,3
477418,4
477426,3
477429,2
477431,2
477434,3
477437,2
477439,3
477442,2
477444,3
477448,2
477451,3
477459,3
477463,1
477468,6
477474,3
477479,2
477482,5
477487,2
477489,2
477496,3
477500,2
477502,4
477506,2
477510,3
477519,2
477521,2
477523,25
477549,2
477560,2
477577,3
477584,2
477586,2
477588,4
477593,2
477599,2
477602,2
477606,2
477608,2
477611,2
477617,2
477620,2
477624,2
477635,3
477645,7
477655,3
477660,5
477665,5
477670,2
477673,5
477678,10
477688,8
477696,2
477698,2
477700,2
477704,4
477709,2
477712,3
477720,4
477726,4
477732,2
477736,3
477743,2
477745,4
477751,2
477763,6
477770,1
477777,3
477781,2
477783,2
477787,2
477789,2
477791,3
477795,2
477797,2
477802,2
477808,2
477810,4
477814,2
477827,3
477830,2
477833,2
477835,2
477845,2
477849,2
477851,3
477858,2
477865,2
477876,2
477879,3
477882,2
477885,5
477897,2
477899,2
477914,5
477921,3
477925,4
477929,15
477944,3
477947,4
477951,4
477963,2
477969,2
477972,2
477986,2
477988,5
478052,2
478064,4
478069,3
478074,2
478077,2
478081,3
478084,2
478091,2
478100,2
478105,2
478107,4
478112,2
478115,2
478118,2
478120,2
478122,8
478130,2
478132,3
478147,2
478152,2
478154,3
478158,2
478186,2
478195,2
478197,3
478203,4
478208,3
478213,3
478216,2
478225,7
478243,2
478267,2
478270,2
478276,4
478280,5
478285,3
478289,2
478291,3
478294,2
478298,5
478304,3
478309,3
478312,2
478314,2
478316,2
478321,2
478326,2
478350,3
478354,2
478361,4
478365,4
478370,5
478382,2
478442,2
478477,18
478527,6
478546,3
478559,3
478562,2
478572,2
478574,2
478578,2
478587,2
478593,2
478595,2
478604,2
478606,2
478608,2
478627,6
478633,8
478641,2
478644,3
478647,2
478652,6
478659,2
478663,2
478673,2
478679,3
478683,2
478685,3
478692,2
478696,2
478698,6
478708,2
478717,3
478728,2
478733,3
478738,2
478743,2
478746,2
478750,2
478755,2
478759,2
478761,4
478767,13
478780,6
478786,2
478788,6
478794,5
478800,4
478805,4
478809,12
478821,6
478835,2
478841,3
478844,2
478850,2
478852,2
478858,3
478861,2
478863,2
478865,3
478868,4
478874,3
478877,2
478879,7
478889,7
478896,2
478898,6
478905,4
478909,25
478936,2
478938,2
478940,2
478944,5
478950,2
478961,2
478969,2
478979,2
478982,2
478987,2
478994,2
478996,2
478999,2
479001,2
479007,3
479010,2
479012,2
479014,2
479016,3
479019,2
479022,2
479024,2
479030,2
479037,2
479040,2
479042,9
479051,5
479061,2
479071,2
479073,4
479077,8
479085,48
479139,4
479145,2
479159,3
479171,2
479175,2
479178,2
479184,2
479186,2
479188,2
479190,5
479195,4
479200,2
479207,2
479224,2
479236,2
479238,3
479242,3
479245,5
479251,5
479309,3
479313,6
479319,3
479324,2
479326,2
479329,5
479336,2
479338,3
479344,2
479355,5
479360,2
479362,2
479364,6
479370,5
479375,2
479380,7
479387,3
479390,2
479397,2
479401,2
479412,3
479415,9
479424,6
479434,2
479438,2
479440,2
479446,3
479450,2
479454,4
479458,8
479466,2
479474,2
479477,2
479479,2
479482,2
479485,4
479495,2
479497,3
479501,2
479506,2
479509,2
479513,2
479517,3
479529,2
479541,2
479546,3
479549,3
479553,2
479555,2
479558,3
479562,2
479564,15
479579,12
479591,2
479594,2
479596,5
479603,2
479605,5
479610,2
479612,2
479614,2
479616,2
479621,3
479624,5
479629,2
479632,2
479638,2
479641,2
479643,3
479646,2
479649,2
479651,2
479653,10
479663,2
479665,4
479669,5
479674,14
479688,2
479690,2
479692,22
479714,8
479722,2
479724,2
479726,7
479733,295
480028,63
480091,30
480121,2
480124,2
480127,2
480129,3
480132,3
480136,3
480139,4
480143,6
480150,2
480152,2
480157,2
480160,2
480163,2
480170,2
480174,5
480179,4
480183,6
480189,11
480200,5
480205,8
480213,4
480221,2
480225,2
480233,3
480244,6
480250,3
480253,2
480255,3
480258,22
480280,3
480283,3
480288,2
480291,3
480295,4
480301,3
480304,5
480309,2
480312,7
480325,5
480331,21
480354,4
480358,2
480365,11
480376,7
480383,8
480391,17
480417,2
480424,2
480427,2
480435,2
480440,13
480453,2
480455,2
480457,3
480461,2
480463,2
480468,7
480475,2
480477,4
480485,2
480493,2
480510,2
480514,9
480524,4
480529,2
480547,2
480561,2
480571,2
480598,2
480600,3
480603,2
480610,3
480622,5
480631,2
480634,2
480638,2
480640,2
480642,4
480646,2
480649,4
480653,2
480656,2
480658,2
480662,2
480664,2
480667,2
480673,3
480679,5
480684,2
480686,2
480718,2
480723,3
480727,4
480738,2
480740,3
480749,3
480752,2
480760,2
480769,2
480777,2
480779,3
480782,3
480786,4
480794,4
480798,3
480801,2
480813,2
480817,2
480819,2
480821,2
480823,2
480828,8
480836,4
480840,8
480848,2
480852,22
480874,3
480879,4
480894,2
480897,6
480903,3
480906,3
480934,7
480941,8
480949,2
480959,2
480961,4
480965,5
480970,3
480973,2
480975,2
480978,2
480980,2
480997,2
480999,4
481005,2
481007,4
481014,2
481016,2
481021,3
481024,6
481031,6
481037,2
481040,4
481045,2
481047,4
481051,2
481054,7
481061,2
481064,4
481068,2
481071,10
481082,5
481087,2
481091,4
481095,3
481099,3
481103,2
481105,5
481110,7
481118,2
481124,3
481127,2
481129,2
481133,13
481146,3
481150,3
481154,2
481156,5
481161,2
481164,4
481169,2
481171,12
481192,3
481195,2
481199,2
481201,2
481204,2
481209,2
481217,2
481223,2
481225,3
481228,8
481237,2
481239,9
481248,5
481254,5
481259,5
481264,2
481266,5
481273,2
481277,3
481280,2
481283,4
481287,3
481290,4
481294,4
481302,12
481315,2
481317,2
481319,6
481325,3
481340,3
481343,5
481348,7
481355,3
481358,3
481362,2
481364,2
481367,3
481374,3
481379,8
481387,22
481409,17
481426,10
481436,5
481441,1
481443,3
481446,2
481448,4
481452,2
481458,2
481463,18
481487,6
481500,2
481502,10
481512,7
481522,7
481529,25
481556,2
481558,2
481560,5
481565,4
481578,3
481581,4
481585,3
481588,26
481614,5
481620,2
481622,31
481658,2
481666,2
481675,13
481688,5
481695,2
481706,14
481721,9
481730,5
481735,6
481741,4
481745,8
481753,40
481793,11
481804,7
481811,4
481815,9
481824,2
481829,3
481832,2
481835,2
481839,9
481848,2
481851,15
481866,8
481874,2
481876,4
481880,10
481891,2
481893,3
481896,11
481908,2
481910,4
481914,14
481929,14
481943,12
481955,10
481965,3
481968,2
481970,5
481975,3
481980,2
481983,2
481985,2
481987,10
481997,2
482004,2
482006,20
482027,23
482051,5
482056,6
482065,2
482067,2
482069,6
482075,5
482080,10
482090,5
482109,4
482114,6
482120,5
482125,7
482132,3
482135,2
482137,3
482140,3
482143,5
482148,7
482155,5
482160,8
482168,2
482174,14
482188,7
482196,4
482200,3
482203,2
482206,2
482208,10
482218,2
482220,5
482226,6
482236,13
482249,2
482251,2
482253,2
482258,3
482261,3
482264,4
482269,5
482274,3
482277,18
482295,2
482297,4
482306,2
482310,2
482324,10
482338,3
482341,2
482343,3
482347,3
482350,3
482353,2
482358,2
482360,2
482379,2
482387,2
482393,8
482405,7
482413,13
482426,2
482428,4
482433,2
482435,3
482439,5
482444,3
482499,2
482505,2
482520,2
482559,2
482562,2
482564,2
482567,8
482577,2
482581,2
482588,2
482590,3
482595,5
482603,2
482624,2
482627,2
482629,4
482636,2
482638,2
482640,10
482650,4
482654,2
482663,2
482668,3
482678,3
482681,2
482683,3
482688,2
482690,2
482693,3
482696,2
482699,67
482766,2
482768,2
482770,4
482774,3
482777,5
482782,2
482786,6
482795,2
482797,4
482801,4
482807,11
482819,4
482823,17
482840,7
482849,13
482862,6
482868,15
482883,8
482891,7
482898,2
482900,6
482906,2
482939,2
482941,17
482958,2
482960,2
482963,2
482965,3
482971,2
482973,2
482977,72
483050,7
483057,5
483063,3
483067,2
483070,2
483114,16
483131,4
483135,9
483144,3
483150,3
483153,18
483171,23
483194,2
483196,3
483201,2
483203,2
483205,5
483211,26
483237,3
483240,2
483244,3
483247,9
483256,2
483258,2
483262,3
483266,3
483271,2
483273,3
483276,4
483280,2
483282,2
483284,7
483293,2
483295,3
483298,6
483304,7
483311,4
483315,2
483317,3
483320,4
483324,3
483327,2
483330,3
483333,3
483336,14
483351,4
483356,2
483358,6
483364,2
483367,2
483369,4
483376,6
483382,2
483388,2
483390,2
483392,7
483401,3
483405,3
483408,2
483410,3
483413,2
483415,3
483419,3
483422,3
483425,2
483434,2
483438,4
483443,3
483446,2
483453,2
483456,2
483460,2
483462,2
483472,2
483475,2
483477,2
483479,2
483482,2
483484,2
483492,2
483497,2
483499,2
483501,2
483503,3
483506,3
483513,2
483517,2
483519,3
483524,2
483527,2
483531,4
483535,2
483538,2
483541,3
483545,4
483550,2
483556,2
483558,2
483560,3
483566,2
483568,4
483573,5
483578,9
483587,2
483592,4
483596,17
483614,3
483617,4
483621,14
483635,7
483668,3
483676,3
483679,7
483686,2
483693,5
483701,2
483706,2
483708,6
483714,2
483716,2
483723,3
483726,5
483731,4
483735,15
483750,4
483754,2
483758,15
483773,16
483789,19
483809,2
483821,7
483836,2
483839,5
483844,6
483850,2
483852,8
483860,4
483868,2
483870,2
483872,3
483875,7
483882,2
483884,8
483892,3
483895,12
483907,3
483910,3
483913,5
483919,5
483924,3
483927,4
483931,2
483933,6
483939,6
483945,46
483991,2
483993,6
483999,11
484010,4
484014,2
484016,8
484024,8
484032,7
484040,6
484046,5
484051,7
484059,2
484062,2
484064,5
484069,2
484071,2
484073,10
484084,3
484087,10
484097,8
484105,2
484107,3
484110,3
484113,9
484123,3
484126,2
484128,9
484137,6
484143,8
484151,12
484163,4
484167,7
484174,5
484179,3
484183,3
484186,2
484188,2
484191,2
484193,2
484195,10
484205,3
484208,19
484227,8
484237,7
484244,2
484246,5
484252,2
484254,8
484266,2
484269,2
484275,9
484284,2
484287,3
484291,10
484301,4
484305,2
484307,2
484312,3
484315,2
484318,5
484323,1
484325,2
484327,2
484332,5
484338,5
484349,3
484353,2
484355,3
484358,4
484363,2
484365,2
484367,8
484375,4
484380,9
484389,3
484392,4
484401,3
484407,2
484415,3
484419,3
484422,2
484426,5
484435,5
484440,2
484442,2
484444,2
484446,2
484448,2
484451,3
484454,2
484456,3
484461,2
484466,2
484469,14
484483,6
484489,4
484495,5
484501,3
484504,8
484512,3
484515,8
484524,2
484526,3
484529,5
484534,4
484539,3
484543,3
484546,12
484560,2
484563,2
484566,5
484572,2
484574,6
484580,3
484583,9
484592,7
484599,14
484615,4
484620,2
484624,3
484627,8
484637,4
484642,3
484645,3
484648,3
484651,6
484658,15
484676,2
484678,2
484683,2
484686,4
484694,2
484698,2
484700,6
484706,2
484711,2
484714,2
484716,5
484724,2
484727,2
484730,2
484734,2
484736,2
484740,2
484742,4
484748,3
484751,2
484753,2
484755,2
484758,2
484760,7
484767,7
484774,15
484791,2
484794,2
484803,2
484810,4
484814,5
484827,2
484829,3
484839,50
484897,2
484899,3
484903,13
484916,9
484925,2
484927,9
484936,17
484953,7
484960,17
484977,10
484987,5
484992,2
484995,2
485003,4
485012,2
485026,2
485035,2
485037,78
485119,72
485192,2
485201,2
485204,3
485213,2
485217,7
485224,11
485235,2
485237,3
485240,2
485244,2
485247,2
485249,2
485251,2
485255,2
485259,94
485360,9
485369,10
485379,4
485383,3
485389,3
485393,4
485397,10
485407,3
485410,2
485412,2
485414,4
485418,3
485422,2
485425,2
485427,2
485430,5
485436,3
485439,2
485444,2
485446,25
485472,8
485489,3
485500,2
485516,3
485519,1
485522,2
485524,4
485537,2
485539,4
485552,6
485572,2
485577,2
485583,1
485587,3
485590,18
485608,4
485613,4
485621,4
485625,3
485628,2
485633,5
485638,2
485640,4
485645,2
485647,7
485654,3
485657,5
485662,11
485673,10
485685,4
485689,2
485699,2
485701,2
485705,2
485707,3
485712,2
485729,2
485777,2
485801,2
485809,2
485814,4
485819,5
485825,2
485859,15
485874,11
485902,2
485921,2
485928,2
485930,3
485941,2
485950,2
485971,2
485979,3
486010,2
486013,2
486019,2
486027,2
486030,2
486036,2
486038,2
486045,2
486048,2
486063,3
486066,2
486070,2
486073,3
486086,2
486088,2
486102,3
486108,2
486111,2
486114,2
486123,2
486125,2
486127,2
486140,4
486145,6
486155,2
486159,2
486161,2
486164,4
486169,2
486171,2
486173,2
486177,3
486180,5
486185,3
486191,2
486193,30
486225,2
486234,2
486237,2
486245,2
486249,2
486251,3
486264,3
486268,2
486275,4
486284,5
486289,2
486291,3
486295,2
486299,3
486302,3
486305,2
486308,2
486310,3
486314,1
486320,4
486324,3
486327,3
486330,2
486333,4
486337,2
486344,2
486350,4
486354,4
486365,1
486427,1
486441,3
486445,2
486447,2
486450,2
486452,2
486454,4
486459,2
486462,2
486466,5
486475,6
486482,2
486485,5
486490,3
486494,2
486497,4
486502,3
486509,2
486511,59
486571,13
486584,13
486597,14
486611,2
486616,2
486619,2
486623,4
486627,2
486630,6
486638,8
486646,3
486650,3
486659,2
486664,2
486666,2
486668,2
486671,6
486680,3
486687,6
486693,16
486710,6
486724,4
486730,2
486732,2
486736,18
486754,2
486756,5
486761,3
486764,4
486770,3
486773,4
486777,2
486783,15
486799,4
486803,3
486807,2
486821,2
486824,3
486829,2
486831,18
486849,3
486853,4
486857,2
486859,19
486878,5
486883,3
486886,4
486890,3
486894,4
486898,2
486901,2
486906,2
486908,2
486913,2
486915,28
486946,1
486966,8
486981,2
486986,1
486998,4
487009,1
487011,1
487016,2
487022,2
487054,1
487081,2
487084,2
487088,2
487092,7
487100,4
487104,8
487112,5
487126,3
487129,15
487145,2
487147,2
487151,2
487153,4
487157,3
487166,2
487168,2
487174,2
487176,3
487182,2
487184,2
487190,2
487192,7
487210,2
487214,9
487230,2
487237,2
487239,5
487245,8
487253,2
487259,3
487262,2
487264,2
487266,2
487269,2
487272,2
487276,4
487281,5
487289,4
487294,14
487313,4
487321,2
487336,6
487342,4
487346,16
487362,10
487372,2
487374,23
487398,7
487405,4
487409,4
487413,3
487416,2
487419,2
487421,2
487423,5
487430,3
487439,9
487448,3
487456,2
487458,4
487462,10
487472,3
487475,2
487477,5
487483,2
487485,8
487494,4
487498,6
487504,3
487507,3
487510,5
487516,6
487526,2
487532,2
487534,3
487537,2
487539,3
487545,10
487555,5
487560,8
487568,18
487586,6
487592,3
487595,6
487601,8
487609,8
487617,5
487624,2
487627,3
487630,3
487633,2
487637,2
487639,4
487647,2
487651,2
487663,15
487693,12
487705,8
487713,20
487733,4
487737,23
487763,2
487773,10
487784,11
487795,13
487808,12
487821,3
487824,2
487829,2
487846,3
487849,5
487854,4
487860,3
487863,3
487866,2
487868,5
487873,12
487885,20
487905,4
487909,16
487925,10
487935,18
487953,29
487982,10
487993,30
488023,5
488028,6
488034,28
488062,11
488073,8
488081,2
488083,3
488086,3
488098,2
488100,2
488108,2
488120,2
488130,2
488134,2
488136,3
488142,2
488148,2
488150,2
488155,2
488166,2
488172,2
488194,2
488196,2
488219,2
488234,2
488237,2
488243,2
488245,3
488249,2
488252,2
488254,3
488260,3
488263,2
488265,2
488269,2
488282,2
488290,2
488307,2
488311,2
488315,2
488321,2
488324,2
488326,2
488330,2
488333,142
488476,2
488478,2
488480,2
488482,8
488491,5
488502,3
488505,2
488509,2
488513,2
488518,2
488527,2
488529,4
488535,3
488538,2
488545,2
488548,2
488558,2
488565,3
488568,2
488571,6
488577,4
488582,2
488588,2
488591,3
488595,2
488597,2
488601,22
488623,7
488633,2
488635,2
488638,3
488650,2
488658,2
488662,2
488669,2
488677,2
488679,2
488685,2
488692,4
488732,2
488736,2
488741,3
488744,4
488749,2
488753,3
488756,2
488759,2
488762,2
488764,2
488768,3
488773,4
488777,3
488782,3
488786,2
488789,2
488791,3
488795,2
488798,4
488802,2
488807,2
488811,4
488815,2
488817,2
488820,7
488827,5
488833,4
488837,2
488839,2
488841,6
488847,3
488850,2
488852,2
488854,3
488857,3
488860,5
488865,3
488868,2
488871,2
488885,2
488893,2
488895,2
488897,3
488901,3
488904,4
488908,2
488911,2
488916,2
488932,2
488968,2
488972,3
488975,3
488980,5
488995,2
488998,2
489000,2
489004,2
489006,3
489011,3
489041,2
489043,4
489048,2
489050,3
489053,2
489056,3
489059,4
489063,9
489072,3
489077,4
489081,7
489088,4
489094,2
489096,2
489098,2
489109,2
489124,2
489131,2
489144,3
489164,2
489166,2
489170,3
489174,2
489176,3
489179,2
489183,4
489189,4
489193,2
489196,2
489198,6
489204,7
489211,4
489215,2
489218,2
489220,2
489223,7
489230,3
489233,3
489236,6
489242,2
489244,8
489253,6
489259,2
489261,5
489268,4
489275,2
489282,4
489286,5
489292,2
489295,2
489297,6
489303,2
489305,3
489308,13
489326,9
489344,2
489349,2
489354,2
489386,5
489391,2
489393,3
489396,2
489399,3
489403,2
489407,3
489412,2
489414,6
489420,2
489427,3
489432,3
489435,3
489440,2
489442,2
489444,2
489446,4
489450,3
489453,4
489460,2
489462,2
489465,2
489467,3
489470,5
489475,2
489478,2
489481,2
489485,2
489488,3
489495,2
489497,3
489501,3
489508,2
489510,2
489515,2
489523,2
489536,2
489542,2
489555,2
489558,2
489562,4
489568,4
489572,4
489576,3
489581,7
489591,6
489599,3
489602,4
489607,2
489611,2
489616,9
489626,4
489630,3
489633,4
489637,3
489640,2
489642,2
489647,2
489649,2
489653,3
489657,2
489661,2
489686,2
489690,2
489705,2
489712,3
489716,2
489719,3
489723,4
489727,4
489731,2
489734,2
489736,2
489740,3
489756,3
489761,2
489767,4
489773,2
489775,2
489777,5
489783,2
489785,2
489787,3
489794,4
489798,4
489803,4
489807,3
489810,6
489821,3
489824,2
489827,3
489835,2
489839,2
489841,4
489845,2
489861,2
489865,2
489867,2
489869,6
489876,2
489878,3
489881,3
489884,2
489888,2
489895,2
489897,3
489901,3
489905,3
489910,6
489916,2
489918,3
489921,2
489926,6
489932,2
489936,2
489938,2
489940,3
489945,2
489948,2
489950,14
489964,5
489971,2
489973,2
489976,3
489979,10
489990,2
489992,2
489994,3
489998,9
490007,5
490012,3
490016,3
490021,2
490024,2
490033,2
490065,2
490068,2
490070,2
490083,2
490091,2
490093,2
490095,4
490109,3
490112,10
490123,7
490131,4
490136,2
490138,2
490142,2
490144,2
490148,4
490152,2
490154,2
490157,9
490166,9
490186,2
490228,2
490263,2
490274,5
490280,10
490290,2
490292,3
490295,6
490304,2
490306,3
490316,2
490321,2
490323,5
490331,2
490333,2
490335,2
490337,3
490340,2
490343,2
490346,5
490351,3
490357,4
490361,3
490366,2
490368,3
490372,3
490376,3
490379,2
490383,3
490391,2
490393,2
490395,3
490399,4
490404,2
490413,2
490415,3
490418,2
490420,2
490424,2
490426,3
490429,3
490432,2
490434,4
490440,7
490452,2
490454,3
490457,1
490461,2
490463,2
490467,2
490469,2
490471,2
490473,4
490482,3
490489,2
490491,2
490493,3
490496,2
490498,4
490502,7
490509,7
490516,3
490519,6
490525,9
490541,3
490548,4
490555,5
490562,5
490568,4
490572,8
490580,5
490585,3
490588,3
490594,2
490597,2
490599,5
490605,2
490611,3
490614,3
490617,2
490621,4
490625,3
490630,2
490632,2
490634,5
490639,4
490643,2
490645,2
490649,2
490653,3
490657,2
490660,3
490664,2
490666,4
490672,2
490674,3
490679,3
490685,2
490690,2
490693,3
490698,2
490700,3
490703,5
490710,2
490717,2
490721,5
490729,4
490733,2
490739,2
490743,3
490748,7
490755,3
490760,4
490765,4
490769,16
490785,2
490790,2
490801,2
490892,7
490905,2
490919,2
490938,2
490949,2
490963,3
490966,4
490970,3
490974,3
490991,2
491000,2
491010,2
491026,2
491034,2
491039,2
491065,2
491096,2
491102,3
491105,2
491108,5
491113,6
491121,9
491130,8
491138,12
491150,5
491156,5
491162,8
491170,11
491181,3
491185,2
491201,2
491212,2
491215,2
491247,2
491277,2
491280,2
491283,9
491292,2
491294,2
491296,2
491299,6
491305,2
491312,2
491314,5
491321,2
491323,2
491329,2
491336,39
491407,2
491410,13
491424,2
491437,2
491441,6
491448,2
491450,7
491476,7
491483,7
491490,6
491496,16
491513,2
491515,3
491526,2
491528,2
491536,3
491549,2
491555,2
491557,3
491560,2
491562,2
491565,4
491571,2
491579,4
491583,2
491587,5
491623,3
491630,5
491636,5
491641,3
491644,2
491647,2
491649,43
491692,9
491701,3
491705,4
491709,2
491711,2
491715,4
491724,51
491775,4
491780,3
491783,2
491801,3
491819,2
491822,2
491827,2
491829,2
491835,2
491838,2
491840,4
491847,4
491851,7
491859,6
491865,6
491872,8
491880,5
491885,3
491888,9
491902,3
491909,2
491912,3
491916,2
491927,11
491938,23
491961,2
491967,3
491970,2
491972,2
491975,2
491978,2
491980,2
491982,3
491985,21
492006,6
492012,10
492022,10
492032,35
492067,10
492077,9
492086,10
492096,9
492122,3
492129,2
492133,4
492138,3
492141,2
492145,3
492148,2
492152,2
492154,2
492157,2
492170,3
492177,3
492192,4
492196,3
492205,2
492216,2
492228,2
492231,3
492236,2
492238,1
492244,2
492260,2
492269,4
492273,4
492278,5
492288,2
492296,2
492301,2
492303,2
492308,3
492313,2
492315,3
492318,3
492321,3
492331,2
492333,6
492339,2
492341,18
492359,4
492363,8
492371,4
492375,5
492380,16
492396,6
492402,4
492406,11
492418,8
492426,12
492438,4
492442,17
492459,14
492473,2
492475,2
492478,2
492482,1
492492,4
492498,2
492510,3
492524,3
492535,2
492537,2
492541,2
492543,2
492548,6
492557,2
492562,2
492565,2
492572,2
492574,1
492578,3
492581,1
492584,3
492590,4
492600,2
492604,2
492608,2
492615,3
492620,2
492627,2
492640,2
492642,3
492648,2
492650,3
492654,2
492659,2
492666,2
492669,2
492671,7
492690,2
492692,2
492702,3
492705,2
492710,2
492727,3
492732,6
492738,3
492741,2
492743,3
492746,3
492749,9
492760,2
492819,6
492842,3
492852,1
492860,4
492864,3
492867,4
492873,1
492876,5
492883,2
492885,2
492888,3
492892,2
492894,9
492904,4
492915,2
492921,2
492924,4
492934,2
492937,2
492939,4
492943,2
492955,2
492960,3
492969,2
492972,2
492974,2
492978,2
492981,2
492990,2
492993,2
492996,2
492998,2
493021,1
493035,2
493052,2
493055,3
493058,2
493064,3
493067,2
493073,2
493078,2
493085,2
493088,2
493107,4
493113,2
493192,2
493203,5
493208,7
493217,2
493219,3
493222,4
493403,3
493410,2
493412,4
493436,3
493441,3
493467,2
493471,1
493475,2
493478,4
493495,2
493553,2
493561,3
493866,2
493881,3
493964,3
493981,1
494055,1
494144,1
494183,1
494192,1
494204,1
494298,2
494309,1
494326,2
494340,3
494351,4
494374,2
494378,2
494395,2
494398,3
494401,3
494427,2
494445,5
494468,2
494471,2
494490,2
494492,4
494501,3
494566,2
494569,3
494572,2
494593,3
494596,5
494634,2
494670,7
494688,1
494693,3
494701,2
494710,2
494719,6
494829,3
494833,5
494847,2
494864,4
494896,2
494919,4
494936,2
494969,1
494978,2
494980,3
494983,2
494985,4
494989,2
494991,6
494997,3
495002,2
495005,2
495009,3
495012,2
495018,3
495021,2
495023,2
495025,2
495040,3
495084,2
495097,4
495104,2
495107,2
495116,2
495120,1
495123,4
495138,2
495154,2
495168,2
495180,2
495187,4
495196,3
495199,5
495204,5
495209,3
495226,2
495228,3
495232,2
495243,2
495248,3
495254,2
495256,2
495273,2
495282,2
495284,2
495286,2
495291,2
495294,2
495313,2
495328,2
495337,2
495350,2
495352,2
495354,2
495374,2
495376,3
495379,3
495383,2
495385,2
495387,2
495389,2
495400,2
495408,2
495461,3
495464,4
495469,2
495471,7
495489,4
495493,2
495495,2
495498,2
495501,4
495511,2
495514,1
495516,2
495518,2
495520,2
495528,2
495542,2
495546,2
495562,2
495564,2
495566,2
495571,2
495573,3
495580,2
495591,3
495594,3
495656,3
495667,2
495669,1
495671,1
495770,4
495833,3
495848,3
495853,2
495857,2
495902,2
495908,3
495918,2
495957,4
495963,3
495970,3
495974,2
495995,2
496047,2
496059,2
496062,2
496064,1
496066,1
496196,1
496237,2
496241,3
496248,2
496259,2
496266,2
496271,3
496274,2
496276,4
496280,2
496285,2
496287,2
496328,2
496333,2
496337,2
496357,2
496370,1
496372,2
496388,2
496393,1
496424,1
496463,4
496471,1
496475,1
496615,5
496661,2
496664,4
496686,3
496698,5
496814,2
496818,1
496884,2
497552,1
497662,1
497671,2
497674,2
497676,1
497721,2
497967,1
497979,1
498105,2
498192,2
498277,1
498480,3
498897,2
499048,3
499053,2
499056,2
499084,2
499086,2
499092,2
499162,2
499212,3
499232,1
499257,1
499299,2
499372,2
499568,1
499598,2
499734,1
499860,1
499924,5
499930,7
500042,33
500314,22
500336,15
500351,10
500361,2
500363,5
500368,6
500375,3
500378,9
500387,5
500392,3
500395,13
500408,4
500412,2
500416,6
500422,3
500426,2
500428,11
500439,6
500446,6
500452,2
500455,3
500458,2
500460,11
500471,7
500479,2
500482,5
500487,9
500496,2
500498,4
500503,3
500506,6
500513,2
500515,4
500519,3
500523,10
500533,2
500535,7
500543,4
500547,6
500553,3
500556,2
500558,3
500561,3
500564,2
500567,6
500573,2
500577,5
500582,6
500588,5
500594,2
500597,2
500599,2
500602,2
500605,7
500612,3
500616,6
500623,2
500625,3
500628,2
500630,3
500634,3
500640,6
500646,3
500649,3
500652,3
500655,2
500657,4
500662,2
500664,2
500668,5
500677,10
500687,2
500689,2
500694,3
500697,2
500699,2
500701,4
500706,2
500709,4
500715,9
500724,3
500728,2
500731,3
500734,2
500737,2
500739,3
500744,4
500748,2
500751,5
500756,4
500761,7
500768,5
500773,2
500777,6
500784,3
500787,2
500789,2
500793,4
500800,4
500804,4
500808,4
500812,5
500818,8
500828,3
500831,3
500834,4
500839,2
500842,3
500845,2
500847,2
500849,3
500854,2
500856,4
500861,5
500868,4
500872,3
500876,2
500878,2
500880,3
500884,9
500893,2
500895,4
500899,3
500903,3
500907,3
500912,4
500917,2
500919,2
500922,2
500924,5
500929,9
500939,4
500943,2
500945,4
500951,3
500954,3
500957,2
500959,2
500964,1
500967,2
500972,7
500981,2
500989,2
500991,2
500993,3
500998,3
501002,2
501004,2
501010,2
501013,3
501016,2
501020,4
501025,2
501027,2
501029,2
501031,2
501034,4
501038,4
501043,2
501045,2
501047,3
501050,4
501054,2
501058,4
501063,8
501071,2
501073,11
501084,2
501086,5
501094,2
501096,4
501102,8
501112,2
501114,4
501122,2
501124,3
501128,6
501136,3
501142,2
501147,2
501152,4
501156,3
501159,6
501165,2
501172,2
501174,4
501178,2
501182,2
501184,4
501193,2
501195,3
501198,4
501202,3
501205,2
501208,2
501211,2
501213,2
501215,2
501218,2
501222,2
501227,2
501229,2
501231,2
501233,3
501236,6
501242,4
501246,2
501248,2
501250,2
501252,6
501259,3
501262,3
501266,5
501273,2
501275,2
501279,3
501282,2
501287,5
501292,4
501297,3
501300,2
501302,2
501304,2
501308,2
501311,4
501316,2
501318,3
501321,3
501327,2
501330,3
501333,4
501337,2
501340,2
501342,2
501344,2
501346,3
501349,2
501351,6
501361,2
501364,2
501366,2
501368,3
501371,2
501374,2
501377,4
501381,5
501386,3
501389,4
501395,6
501404,2
501406,3
501409,3
501412,2
501414,3
501417,3
501421,7
501429,5
501437,2
501440,2
501444,2
501449,2
501451,3
501454,2
501457,2
501459,4
501463,2
501465,2
501467,3
501471,3
501474,2
501478,2
501480,5
501486,2
501488,6
501495,2
501497,5
501503,3
501506,2
501509,2
501511,4
501517,6
501530,2
501533,5
501540,3
501543,7
501551,3
501555,3
501558,8
501566,3
501569,3
501572,2
501574,4
501578,2
501580,3
501596,3
501599,2
501604,3
501607,5
501612,3
501615,3
501618,3
501621,2
501623,6
501629,2
501633,4
501640,2
501645,4
501652,3
501656,2
501658,2
501660,2
501665,2
501669,2
501671,2
501673,2
501679,2
501682,4
501687,2
501689,9
501698,2
501701,3
501704,5
501716,2
501719,9
501728,8
501736,6
501742,5
501748,6
501754,4
501759,3
501763,3
501766,2
501768,4
501773,11
501788,2
501792,7
501799,7
501807,3
501810,2
501813,2
501815,2
501817,3
501822,2
501824,4
501828,2
501830,2
501833,6
501842,3
501845,3
501848,2
501850,2
501852,8
501860,3
501865,2
501870,2
501874,3
501877,4
501881,2
501883,2
501889,3
501894,5
501901,2
501905,3
501911,5
501916,5
501921,2
501924,2
501926,6
501934,2
501941,3
501944,7
501951,11
501962,2
501976,6
501983,3
501987,2
501994,5
502001,2
502005,2
502007,7
502014,4
502018,18
502037,111
502148,17
502165,3
502169,2
502174,2
502177,2
502181,4
502185,21
502206,2
502211,4
502220,4
502225,3
502232,2
502235,2
502237,8
502251,2
502255,2
502257,2
502263,2
502266,2
502281,2
502283,16
502300,2
502302,3
502325,1
502327,1
502329,3
502333,6
502366,6
502372,2
502374,3
502378,2
502380,2
502382,5
502389,8
502397,14
502411,7
502418,2
502420,13
502433,2
502435,16
502451,11
502462,7
502469,5
502474,12
502486,7
502493,4
502497,6
502503,28
502531,5
502536,5
502541,3
502544,6
502550,6
502556,8
502564,6
502570,16
502586,4
502591,7
502598,6
502604,3
502607,4
502611,4
502615,6
502621,3
502624,3
502627,3
502630,5
502635,3
502638,9
502647,15
502662,5
502688,2
502693,8
502701,3
502704,3
502707,6
502714,12
502726,4
502735,3
502739,2
502742,2
502745,5
502750,2
502753,2
502756,6
502764,2
502769,8
502778,2
502782,3
502786,3
502789,6
502825,10
502835,2
502837,3
502840,2
502842,2
502860,5
502866,2
502868,3
502874,3
502877,46
502923,7
502962,5
502967,2
502976,6
502983,2
502988,5
502993,5
502998,2
503001,3
503004,4
503014,2
503017,7
503024,3
503049,2
503054,2
503078,9
503087,4
503096,2
503104,2
503115,2
503119,2
503121,2
503123,4
503127,5
503132,5
503137,2
503141,2
503149,9
503164,2
503166,1
503168,2
503173,3
503176,10
503187,3
503192,2
503218,2
503221,2
503249,6
503255,4
503259,2
503263,2
503267,4
503271,12
503285,2
503289,2
503293,2
503299,3
503303,3
503310,3
503467,4
503471,20
503491,25
503516,2
503518,52
503570,4
503574,113
503687,3
503691,2
503693,107
503823,30
503853,8
503865,2
503879,2
503887,2
503890,2
503908,2
503910,3
503915,3
504068,2
504077,2
504102,3
504106,3
504110,4
504115,2
504118,2
504122,2
504125,7
504132,26
504160,12
504172,6
504178,8
504186,3
504192,2
504197,4
504204,3
504209,4
504214,2
504216,4
504221,6
504227,7
504234,5
504239,6
504247,5
504252,3
504258,2
504263,4
504268,2
504270,4
504274,2
504279,2
504290,2
504293,2
504295,3
504302,2
504305,2
504314,3
504320,2
504325,2
504327,23
504373,7
504380,2
504382,34
504416,2
504418,2
504420,9
504434,2
504444,3
504447,2
504449,2
504451,3
504456,2
504459,2
504461,3
504464,3
504512,8
504520,5
504598,2
504617,2
504619,2
504621,2
504626,2
504628,2
504630,5
504635,2
504680,2
504686,2
504713,2
504715,2
504717,2
504720,4
504724,3
504728,2
504731,4
504737,5
504743,2
504748,2
504750,2
504755,2
504757,2
504761,3
504764,4
504795,2
504799,2
504801,2
504809,2
504811,2
504813,2
504817,2
504842,7
504849,2
504854,2
505004,6
505010,2
505012,3
505016,2
505018,4
505025,2
505027,2
505047,2
505147,2
505154,2
505181,3
505184,2
505186,3
505190,3
505193,2
505196,3
505202,2
505204,2
505206,2
505209,2
505211,4
505215,3
505218,2
505220,2
505222,2
505224,2
505229,4
505316,9
505326,4
505330,4
505335,6
505355,13
505370,2
505376,3
505379,2
505383,5
505388,3
505392,5
505399,2
505401,2
505405,5
505410,4
505414,2
505417,3
505422,2
505424,3
505429,2
505432,2
505435,4
505443,2
505460,16
505476,2
505478,3
505481,2
505483,8
505491,4
505495,3
505498,7
505505,5
505510,2
505514,6
505521,3
505524,2
505526,2
505529,3
505532,5
505537,2
505539,3
505542,3
505545,3
505548,7
505555,2
505557,3
505560,2
505562,11
505573,5
505578,5
505584,2
505586,2
505589,4
505594,4
505599,4
505609,6
505616,2
505621,3
505630,3
505641,3
505656,2
505658,2
505662,2
505677,2
505679,2
505695,2
505724,2
505747,2
505797,5
505802,3
505807,3
505810,4
505815,3
505818,2
505821,5
505826,2
505829,2
505915,5
505987,25
506073,2
506162,2
506227,3
506277,2
506281,6
506340,2
506388,2
506405,2
506408,2
506415,3
506423,8
506431,8
506439,2
506524,2
506541,9
506669,2
506713,3
506717,3
506720,2
506722,2
506728,2
506731,4
506742,2
506744,3
506747,2
506751,2
506766,2
506831,2
506839,2
506846,2
506850,2
506856,2
506858,2
506862,2
506875,3
506886,2
506888,3
506892,2
506902,2
506912,2
506932,2
506958,2
506996,2
506998,3
507012,2
507018,3
507021,2
507031,2
507048,2
507076,2
507087,2
507194,7
507201,9
507210,7
507218,3
507223,2
507227,2
507235,4
507239,3
507243,4
507248,2
507255,3
507258,2
507260,3
507263,4
507267,2
507269,2
507271,2
507273,2
507308,3
507314,2
507341,2
507353,2
507412,2
507417,6
507423,3
507548,3
507573,2
507577,2
507579,3
507590,2
507614,2
507721,32
507753,3
507756,17
507773,62
507835,14
507849,23
507872,51
507923,19
507942,4
507952,80
508032,46
508078,8
508086,3
508191,2
508198,2
508233,13
508247,2
508404,2
508523,2
508528,2
508560,2
508566,2
508577,2
508590,2
508602,2
508605,3
508621,2
508625,2
508628,4
508741,2
508743,2
508745,3
508749,2
508756,2
508762,2
508764,2
508790,2
508799,2
508808,2
508815,2
508817,3
508820,2
508832,2
508840,4
508845,3
508849,2
508851,2
508854,5
508864,2
508866,4
508870,6
508881,4
508890,2
508897,4
508906,1
508915,3
508920,3
508923,3
508928,2
508930,2
508932,2
508934,9
508944,3
508947,2
508950,4
508954,2
508956,3
508959,2
508962,3
508966,3
508969,2
508973,4
508977,3
509003,2
509017,2
509023,3
509042,3
509052,2
509070,2
509112,2
509119,2
509128,2
509137,2
509141,2
509175,2
509186,2
509210,2
509215,2
509228,2
509237,2
509246,5
509254,3
509257,3
509263,3
509268,4
509272,3
509276,2
509283,2
509291,4
509322,5
509353,4
509407,3
509425,3
509428,3
509453,2
509458,2
509474,8
509483,4
509487,2
509490,4
509542,2
509560,2
509562,3
509565,2
509572,2
509577,2
509581,2
509590,5
509595,6
509601,2
509603,4
509607,3
509612,3
509617,6
509626,4
509630,2
509632,3
509636,23
509661,2
509668,4
509672,5
509679,3
509682,5
509687,13
509702,3
509705,6
509712,2
509717,2
509720,2
509722,6
509729,2
509733,2
509736,2
509740,2
509742,2
509745,2
509747,2
509752,2
509755,3
509763,2
509768,2
509770,3
509775,3
509784,3
509790,3
509820,2
509822,2
509827,2
509840,2
509845,3
509852,2
509868,2
509883,2
509886,2
509919,2
509923,2
510138,7
510199,4
510203,4
510207,4
510211,2
510213,5
510219,5
510224,11
510235,21
510256,7
510263,6
510269,3
510272,2
510279,2
510283,2
510291,8
510299,5
510307,6
510313,10
510324,2
510330,2
510335,3
510339,6
510346,2
510379,1
510392,3
510517,9
510528,2
510531,2
510571,2
510610,2
510619,2
510623,5
510791,5
510801,2
510803,2
510809,2
510816,3
510821,2
510857,2
510901,3
510972,4
510995,4
511008,2
511027,3
511076,2
511110,2
511157,3
511160,2
511189,2
511197,2
511203,2
511210,2
511239,3
511254,2
511272,2
511288,2
511290,3
511307,2
511405,3
511409,3
511437,2
511439,2
511441,4
511452,2
511457,2
511461,6
511491,1
511515,3
511608,2
511648,2
511729,2
511866,1
511874,1
511925,2
511985,1
511992,2
512002,2
512005,2
512128,5
512140,7
512155,1
512261,1
512301,2
512310,3
512324,1
512328,7
512338,2
512376,2
512443,2
512447,2
512451,3
512454,1
512457,2
512465,3
512483,3
512522,2
512556,2
512562,3
512608,2
512623,6
512636,5
512641,4
512645,3
512649,2
512651,4
512656,2
512659,4
512665,6
512671,4
512686,2
512689,2
512694,2
512709,3
512718,1
512723,2
512727,2
512729,2
512733,4
512737,2
512739,1
512742,3
512746,2
512748,4
512766,2
512775,10
512787,1
512794,2
512796,4
512800,2
512813,3
512822,2
512834,3
512845,1
512884,4
512888,5
512899,2
512905,2
512958,3
512985,3
513006,2
513008,4
513019,3
513023,2
513025,3
513030,2
513032,3
513035,2
513037,2
513040,5
513048,7
513056,2
513058,3
513070,2
513160,2
513162,4
513325,3
513348,4
513365,4
513535,3
513848,5
513965,1
513968,3
514023,4
514044,1
514249,2
514255,3
514305,2
514317,2
514470,2
514717,1
514739,4
514751,2
514753,3
514772,2
514774,3
514818,2
514823,2
514833,2
514880,2
514897,2
514916,3
514922,2
514939,2
514946,2
514990,1
515000,2
515008,2
515015,2
515022,2
515024,3
515034,4
515062,3
515079,2
515126,2
515149,3
515157,2
515182,1
515236,3
515244,2
515246,4
515269,9
515278,4
515282,2
515285,2
515307,4
515314,5
515319,3
515328,2
515330,3
515353,20
515404,5
515422,2
515431,7
515449,2
515490,2
515525,1
515554,1
515556,1
515588,1
515611,2
516405,2
516460,3
516625,1
516653,3
516674,1
517112,2
517121,2
517131,3
517141,3
517178,2
517216,2
517221,2
517252,2
517270,2
517284,2
517295,2
517307,2
517310,2
517324,2
517346,4
517365,2
517403,2
517418,2
517426,4
517434,2
517441,1
517467,2
517481,2
517510,3
517533,3
517542,3
517586,1
517595,2
517601,2
517611,5
517616,2
517618,2
517620,3
517623,2
517643,2
517648,2
517650,2
517653,6
517660,2
517662,8
517675,3
517686,6
517693,2
517695,2
517702,3
517705,2
517718,1
517739,1
517749,3
517752,5
517758,2
518392,2
518461,2
518556,2
518563,2
518567,2
518572,3
518579,3
518584,2
518589,2
518596,3
518613,3
518625,2
518671,2
518675,2
518678,2
518681,2
518742,2
518757,3
518760,2
518765,3
518768,2
518772,2
518775,2
518780,2
518784,7
518791,2
518805,2
518817,2
518820,6
518829,2
518834,2
518837,6
518843,3
518846,5
518853,5
518859,2
518861,7
518870,2
518872,2
518874,2
518876,5
518883,3
518886,2
518888,6
518895,3
518899,3
518903,7
518910,4
518914,4
518921,4
518925,9
518934,2
518936,2
518938,2
518941,2
518944,4
518950,4
518955,2
518957,2
518959,2
518961,3
518964,7
518980,11
519012,2
519017,2
519020,4
519026,8
519036,2
519038,3
519046,4
519050,2
519052,3
519055,3
519059,2
519062,2
519064,4
519068,2
519070,2
519073,4
519079,2
519081,2
519083,3
519086,2
519089,2
519091,3
519095,3
519098,3
519101,3
519104,3
519107,2
519118,6
519128,3
519135,2
519138,2
519169,2
519215,11
519227,6
519293,4
519297,3
519408,2
519419,2
519423,2
519436,3
519441,2
519448,3
519497,2
519504,2
519507,2
519509,3
519517,2
519520,2
519527,2
519548,2
519584,6
519590,2
519596,2
519601,3
519605,2
519616,2
519622,3
519625,2
519628,2
519635,2
519637,2
519639,2
519644,2
519648,2
519651,5
519660,2
519663,3
519666,3
519669,3
519697,2
519711,2
519713,3
519717,2
519723,3
519726,5
519731,3
519734,2
519740,2
519742,3
519746,4
519751,2
519754,2
519757,2
519763,2
519767,2
519775,3
519780,2
519782,2
519784,3
519790,2
519793,2
519797,2
519804,2
519810,4
519818,3
519843,3
519848,3
519851,5
519857,2
519859,4
519863,3
519866,10
519876,15
519891,3
519894,3
519897,9
519907,2
519911,2
519913,2
519918,3
519921,2
519923,3
519926,2
519931,2
519933,2
519937,2
519940,7
519947,4
519951,2
519956,4
519960,11
519971,3
519975,14
519989,4
519993,2
519995,2
519997,4
520001,6
520007,2
520009,4
520015,2
520019,2
520022,3
520030,2
520037,2
520040,2
520047,4
520052,5
520059,2
520061,2
520063,3
520067,2
520073,2
520076,2
520078,2
520080,2
520098,3
520115,3
520127,2
520159,2
520183,2
520186,2
520188,2
520190,2
520193,2
520195,3
520200,2
520205,2
520207,4
520212,2
520214,2
520216,3
520219,2
520221,2
520223,5
520238,2
520251,2
520255,3
520258,4
520263,2
520266,2
520268,6
520274,2
520277,3
520281,3
520284,2
520286,5
520295,2
520298,8
520306,2
520308,4
520314,4
520327,2
520329,3
520332,6
520339,4
520344,3
520347,6
520353,3
520356,3
520359,2
520361,2
520363,4
520383,5
520388,35
520423,18
520441,2
520444,4
520449,3
520452,2
520456,2
520465,4
520478,4
520484,2
520487,2
520489,5
520494,5
520499,2
520503,3
520508,6
520516,3
520522,3
520529,4
520534,9
520543,1
520546,3
520549,3
520552,5
520558,5
520563,2
520565,3
520568,6
520574,3
520577,2
520579,6
520587,5
520594,3
520597,2
520599,9
520608,7
520618,28
520647,6
520659,4
520663,3
520666,2
520668,8
520676,6
520686,3
520689,4
520693,4
520698,2
520700,4
520704,7
520711,4
520715,10
520738,2
520740,2
520743,11
520761,2
520765,3
520776,3
520789,5
520794,4
520798,2
520800,2
520802,13
520815,2
520819,7
520827,2
520832,2
520835,2
520838,5
520843,2
520850,2
520856,2
520860,2
520863,4
520868,3
520871,4
520875,2
520881,3
520886,3
520889,3
520892,3
520895,2
520898,4
520902,2
520904,2
520907,4
520913,4
520917,3
520920,3
520923,6
520950,4
520955,3
521001,2
521003,2
521008,4
521017,2
521026,4
521037,2
521039,2
521042,2
521057,2
521062,2
521082,2
521088,3
521092,2
521095,2
521102,2
521109,2
521116,2
521120,2
521134,6
521164,4
521168,2
521410,1
521448,10
521500,1
521520,2
521534,6
521540,5
521545,3
521562,2
521600,1
521654,3
521658,3
521663,3
521666,2
521668,2
521672,2
521675,2
521679,2
521685,2
521697,3
521701,3
521706,4
521711,3
521719,3
521724,2
521731,2
521733,2
521735,2
521739,2
521769,3
521774,11
521942,2
521944,2
521946,3
521957,1
521970,3
521973,2
521975,3
521979,6
521985,2
521987,3
521991,2
521993,5
522035,2
522047,2
522049,2
522063,4
522068,6
522074,2
522076,2
522081,6
522092,3
522098,2
522101,7
522108,2
522127,2
522129,3
522132,2
522181,20
522213,2
522217,1
522223,2
522226,8
522242,1
522250,2
522253,2
522255,1
522257,2
522279,7
522286,7
522327,2
522329,2
522333,3
522887,1
523372,4
523376,2
523387,1
523829,10
524053,2
524214,2
524285,2
524287,2
524375,3
524523,6
524544,1
524871,6
524884,1
524886,9
524916,3
525196,2
525198,4
525281,2
525283,3
525310,1
525325,1
525342,10
525412,6
525469,2
525482,3
525495,3
525552,2
525591,7
525599,2
525601,2
525603,3
525606,3
525625,1
525628,2
525644,2
525647,2
525681,3
525793,4
525802,4
525816,2
525832,3
525836,2
525844,2
525848,2
525850,4
525857,2
525860,2
525862,2
525868,2
525876,2
525881,2
525884,2
525893,3
525906,2
525912,3
525917,4
525922,2
525925,3
525961,10
526045,3
526061,6
526076,3
526079,3
526082,7
526089,3
526093,2
526096,7
526104,3
526107,22
526133,19
526152,3
526157,9
526173,2
526175,5
526182,4
526186,9
526195,5
526200,8
526208,4
526212,5
526243,4
526247,2
526251,2
526286,3
526299,1
526381,4
526468,2
526500,3
526512,2
526526,3
526542,2
526548,2
526625,3
526631,6
526648,2
526761,4
526787,2
526808,2
527049,2
527054,7
527108,3
527113,3
527124,4
527148,2
527150,2
527168,1
527170,2
527172,3
527178,2
527181,2
527189,2
527194,2
527201,6
527224,2
527247,2
527261,3
527270,3
527273,2
527285,4
527314,2
527323,3
527337,2
527357,3
527381,2
527413,2
527425,2
527453,5
527459,2
527479,2
527488,2
527517,5
527532,2
527535,2
527566,2
527605,3
527631,3
527644,2
527658,3
527661,3
527672,3
527756,2
527765,2
527767,2
527774,5
527780,3
527795,2
527818,3
527827,5
527848,3
527852,6
527864,2
527869,3
527881,6
527888,3
527904,2
527911,5
527928,2
527951,5
527969,2
527996,3
528017,2
528025,4
528029,6
528036,2
528038,2
528040,3
528043,4
528113,4
528117,2
528358,1
528490,2
528494,4
528512,1
528605,9
528648,4
528655,1
528659,2
528675,5
528691,4
528695,8
528739,2
528741,3
528744,2
528978,2
529005,4
529111,4
529115,5
529169,2
529172,3
529176,5
529192,4
529200,1
529214,3
529238,2
529241,2
529244,2
529258,3
529261,15
529642,1
529651,2
529655,4
529671,4
529675,2
529677,5
529695,2
529699,4
529703,2
529714,2
529721,2
529727,2
529730,2
529733,2
529743,2
529750,3
529759,3
529763,3
529767,3
529773,2
529785,4
529790,2
529792,2
529797,2
529809,2
529817,3
529820,2
529827,2
529857,2
529860,2
529923,2
529928,3
529933,3
529940,2
529970,5
530003,3
530014,2
530031,7
530061,2
530076,4
530102,3
530112,4
530116,6
530122,4
530126,3
530129,6
530135,6
530151,2
530158,4
530164,4
530168,4
530174,2
530177,3
530182,2
530184,8
530192,2
530195,2
530197,4
530201,3
530207,7
530214,3
530218,14
530232,2
530237,2
530241,2
530258,2
530261,2
530263,2
530266,2
530273,2
530277,8
530285,3
530289,2
530293,2
530309,6
530315,2
530323,5
530329,11
530341,4
530345,4
530349,2
530359,3
530365,2
530370,3
530373,2
530379,2
530381,2
530385,2
530387,2
530399,2
530403,2
530405,2
530407,11
530418,5
530465,2
530472,2
530475,2
530491,2
530575,2
530578,2
530634,2
530647,2
530650,2
530669,6
530678,3
530681,4
530686,3
530689,2
530691,2
530714,2
530718,3
530721,5
530726,2
530729,2
530732,2
530734,2
530737,15
530755,5
530760,3
530795,11
530810,3
530813,3
530817,6
530838,10
530848,3
530851,6
530859,2
530862,2
530864,3
530871,4
530875,2
530878,2
530895,9
530908,2
530912,6
530921,3
530924,2
530926,4
530930,3
530933,2
530935,2
530937,2
530943,4
530947,11
530961,2
530968,1
530970,4
530974,2
530976,2
530978,2
530980,2
530984,3
530987,3
530990,14
531004,6
531018,2
531025,3
531028,4
531032,3
531035,6
531047,24
531071,4
531091,2
531093,2
531109,2
531111,2
531126,7
531133,6
531148,4
531152,5
531157,11
531172,7
531186,2
531191,2
531194,3
531203,2
531211,2
531214,3
531217,2
531220,8
531228,2
531240,3
531251,7
531263,5
531269,4
531275,7
531284,4
531301,11
531312,22
531334,5
531339,8
531351,2
531354,11
531365,21
531396,2
531398,1
531401,3
531404,3
531415,2
531421,2
531424,2
531427,2
531429,3
531433,2
531442,2
531455,7
531462,4
531468,5
531473,3
531483,2
531485,3
531488,2
531491,2
531493,7
531500,3
531505,2
531511,2
531514,2
531522,3
531529,2
531533,2
531535,2
531542,2
531544,2
531547,4
531551,2
531555,2
531557,14
531571,62
531637,4
531641,10
531651,7
531658,2
531722,2
531727,2
531729,3
531791,3
531794,3
531800,2
531806,2
531811,2
531813,2
531818,2
531826,2
531837,2
531850,2
531854,26
531880,3
531883,13
531896,4
531908,2
531910,3
531937,2
531939,2
531942,6
531951,13
531964,2
531966,3
531969,5
531976,2
531978,4
531982,2
531984,16
532000,2
532002,2
532005,6
532011,5
532016,10
532027,5
532033,3
532036,5
532041,2
532045,2
532051,2
532057,4
532061,5
532091,2
532093,2
532122,2
532124,3
532130,3
532133,5
532144,3
532183,8
532191,15
532206,2
532210,6
532216,3
532219,2
532222,2
532224,2
532226,2
532229,2
532231,4
532240,2
532244,2
532249,3
532252,2
532256,9
532265,2
532270,1
532277,3
532280,10
532291,16
532307,11
532322,9
532334,4
532340,1
532343,7
532350,4
532354,4
532401,4
532405,4
532411,2
532413,2
532416,2
532419,3
532423,3
532433,23
532456,2
532460,3
532463,5
532468,11
532481,2
532484,8
532492,4
532496,3
532499,2
532503,3
532507,3
532510,3
532656,2
532658,4
532664,2
532667,7
532723,2
532725,6
532735,4
532739,6
532747,2
532757,3
532789,2
532791,2
532793,2
532795,2
532800,3
532809,2
532811,2
532819,3
532822,2
532903,2
532913,3
532916,2
532922,2
532926,2
532932,2
532942,6
532948,4
532957,2
532960,4
532974,2
532985,4
532989,13
533072,3
533075,2
533085,1
533092,2
533095,7
533185,4
533190,3
533194,5
533215,3
533219,4
533228,2
533299,2
533301,2
533304,2
533321,3
533419,4
533455,6
533463,5
533470,2
533495,3
533511,6
533519,6
533526,2
533533,4
533598,2
533629,4
533680,4
533685,2
533693,3
533698,1
533721,2
533753,2
533755,4
533761,2
533792,3
533795,5
533806,9
533815,2
533822,2
533912,4
533957,12
534022,3
534025,3
534037,3
534084,2
534086,2
534110,2
534112,2
534124,4
534131,2
534133,1
534136,6
534151,11
534167,2
534169,8
534178,15
534201,14
534257,2
534260,7
534268,3
534274,4
534279,2
534310,7
534318,7
534336,3
534350,2
534352,2
534379,3
534394,2
534424,2
534426,2
534435,2
534447,3
534503,2
534505,2
534510,2
534513,2
534523,3
534526,4
534530,2
534534,4
534542,2
534546,3
534551,3
534558,11
534576,6
534583,4
534596,3
534599,1
534607,2
534628,3
534647,2
534652,3
534661,7
534671,2
534677,4
534687,2
534690,3
534693,4
534724,5
534753,2
534755,4
534759,2
534762,2
534768,2
534782,5
534813,2
534833,2
534852,2
534860,2
534862,5
534867,4
534871,4
534876,8
534884,6
534890,2
534899,2
534929,3
534934,3
534939,2
534941,2
534946,2
534951,3
534958,3
534961,4
534965,3
534968,5
534976,5
534983,2
534989,3
534992,3
534995,1
535042,5
535047,5
535054,2
535057,4
535087,1
535130,2
535135,5
535144,1
535177,2
535179,2
535183,2
535189,2
535191,3
535202,1
535209,2
535212,4
535216,4
535224,2
535247,2
535250,2
535254,3
535257,2
535259,2
535319,1
535321,12
535333,3
535343,1
535345,5
535350,3
535355,2
535361,3
535373,3
535378,15
535394,5
535411,2
535415,3
535426,2
535428,4
535436,4
535440,3
535453,4
535469,2
535493,4
535497,2
535500,3
535506,2
535532,10
535554,4
535558,2
535564,9
535573,4
535577,3
535580,4
535584,2
535586,2
535599,2
535788,2
535834,2
536154,2
536181,3
536247,3
536329,6
536369,2
536395,2
536484,18
536543,2
536566,2
536571,3
536586,5
536596,2
536610,3
536613,3
536622,2
536645,2
536647,1
536674,2
536678,4
536682,4
536686,2
536753,3
536762,1
536808,2
536821,3
536826,3
536836,2
536843,4
536848,2
536852,4
536863,2
536873,2
536876,2
536884,2
536892,4
536896,13
536917,2
536919,2
536942,2
536948,2
536960,3
536969,4
536982,3
537005,2
537008,3
537017,2
537025,5
537033,2
537038,1
537047,2
537049,2
537062,2
537066,4
537082,1
537086,2
537254,3
537338,4
537708,1
537812,4
537832,2
537859,2
537942,2
537960,4
537964,7
538163,4
538177,3
538197,2
538258,2
538272,3
538276,2
538278,2
538286,3
538293,2
538341,2
538522,2
538605,2
539164,2
539166,5
539171,3
539174,1
539178,2
539180,2
539183,4
539188,2
539192,2
539195,3
539198,3
539201,2
539206,4
539210,3
539213,4
539217,5
539226,3
539234,2
539238,5
539244,3
539247,3
539252,3
539255,3
539259,3
539266,4
539275,3
539279,4
539284,3
539289,1
539297,2
539300,2
539305,3
539308,2
539311,2
539318,3
539322,4
539334,4
539338,3
539341,2
539343,4
539348,2
539351,2
539354,1
539357,3
539360,2
539363,2
539368,3
539373,2
539375,2
539377,2
539379,2
539383,2
539386,2
539388,1
539398,3
539402,3
539406,2
539409,1
539417,3
539424,3
539428,2
539430,2
539435,6
539442,1
539444,1
539456,6
539467,3
539471,3
539480,1
539482,2
539484,2
539486,2
539491,2
539493,3
539496,5
539504,2
539506,1
539508,2
539514,2
539520,2
539522,3
539525,1
539528,2
539530,1
539533,2
539535,2
539538,2
539541,5
539553,2
539556,3
539559,2
539564,2
539575,3
539578,4
539582,2
539592,1
539595,3
539604,2
539606,1
539612,3
539621,2
539626,2
539629,2
539633,2
539638,2
539640,2
539643,3
539648,2
539650,2
539656,2
539660,3
539682,1
539689,3
539692,3
539698,1
539704,3
539708,2
539716,4
539720,2
539722,3
539728,1
539731,3
539735,2
539740,2
539744,1
539750,2
539752,3
539763,2
539768,3
539778,3
539784,3
539808,2
539820,2
539828,2
539837,2
539919,1
539922,1
539925,2
539928,2
539931,2
539934,1
539942,2
539950,3
539959,1
539968,2
539974,1
540000,2
540009,1
540042,1
540065,2
540068,1
540087,2
540112,2
540135,2
540141,1
540151,1
540165,1
540181,1
540197,2
540226,1
540236,2
540239,2
540245,2
540256,1
540289,2
540300,2
540321,3
540324,3
540395,2
540417,2
540419,2
540439,1
540444,2
540461,3
540498,1
540508,1
540515,2
540519,3
540530,2
540534,2
540536,1
540543,1
540545,1
540549,2
540551,4
540576,2
540582,2
540614,3
540625,2
540633,2
540643,2
540645,1
540647,2
540680,1
540684,2
540689,1
540698,3
540710,2
540741,2
540761,4
540770,2
540772,4
540777,2
540787,1
540791,1
540795,2
540802,3
540805,1
540836,2
540841,2
540870,4
540874,1
540885,1
540890,1
540905,1
540922,2
540939,2
540945,3
540962,1
540977,3
540980,1
540998,2
541020,2
541034,2
541045,1
541058,4
541062,1
541084,2
541094,2
541100,1
541106,2
541119,3
541122,2
541129,2
541139,2
541155,2
541164,2
541184,1
541187,3
541200,3
541232,3
541235,2
541265,1
541276,2
541288,2
541293,1
541304,2
541310,2
541314,1
541320,1
541360,1
541378,1
541386,1
541408,2
541410,2
541415,2
541454,3
541463,2
541470,1
541475,2
541491,2
541499,3
541506,1
541517,2
541521,3
541526,3
541531,1
541537,2
541558,1
541579,2
541585,1
541596,1
541607,3
541612,1
541621,1
541626,1
541631,3
541636,2
541644,2
541651,2
541656,3
541665,4
541671,2
541679,1
541703,1
541720,2
541728,3
541731,3
541739,3
541744,2
541757,4
541785,1
541788,2
541795,3
541810,2
541814,2
541819,2
541824,3
541834,2
541841,1
541862,2
541872,3
541876,2
541878,2
541892,1
541904,2
541916,2
541941,2
541943,4
541949,2
541959,1
541968,3
541978,2
541982,5
541996,1
542008,6
542021,2
542023,3
542026,2
542028,3
542032,1
542035,2
542046,2
542055,2
542075,4
542081,2
542093,3
542099,2
542119,2
542121,2
542123,2
542134,2
542142,2
542151,1
542153,2
542163,3
542167,4
542185,1
542192,2
542194,2
542209,2
542213,1
542217,4
542225,2
542234,2
542244,1
542252,3
542255,3
542284,2
542287,2
542290,2
542300,1
542302,1
542308,2
542314,2
542324,3
542332,2
542336,2
542355,3
542360,2
542371,2
542377,2
542381,1
542390,3
542394,1
542402,2
542404,1
542408,2
542412,4
542421,1
542451,3
542458,1
542460,2
542465,2
542467,2
542486,2
542503,3
542507,2
542510,2
542512,1
542526,2
542538,2
542541,2
542547,2
542568,3
542573,1
542575,2
542579,1
542583,2
542601,2
542603,3
542609,2
542614,1
542616,2
542620,2
542622,1
542646,1
542649,4
542653,3
542666,3
542669,2
542672,4
542678,3
542684,2
542691,3
542698,2
542717,2
542726,1
542730,2
542735,2
542742,2
542758,2
542761,2
542763,3
542776,4
542782,2
542784,1
542789,2
542802,1
542804,2
542806,2
542812,3
542818,2
542829,4
542840,1
542850,2
542865,2
542871,2
542879,2
542883,4
542893,2
542913,2
542920,2
542922,2
542925,2
542935,2
542939,1
542942,2
542944,2
542948,3
542951,4
542955,2
542958,2
542960,2
542978,2
542980,2
542982,2
542985,3
542989,3
542997,3
543008,2
543028,2
543035,3
543050,2
543062,2
543074,3
543085,2
543119,2
543123,2
543129,2
543133,2
543137,1
543149,2
543152,2
543154,4
543172,2
543177,3
543209,5
543214,3
543219,1
543221,1
543223,1
543228,2
543233,3
543237,2
543243,2
543247,3
543258,3
543267,2
543269,2
543272,2
543280,2
543292,3
543317,4
543321,3
543326,4
543342,2
543346,4
543353,2
543366,2
543370,2
543379,2
543384,1
543387,1
543414,1
543480,2
543500,2
543502,2
543508,2
543514,3
543519,3
543527,2
543535,2
543547,4
543561,2
543595,2
543608,4
543616,2
543618,1
543625,2
543629,2
543641,2
543643,2
543655,3
543658,2
543666,4
543672,2
543700,2
543703,3
543709,4
543720,2
543728,2
543734,3
543738,3
543744,4
543754,1
543762,3
543765,2
543778,2
543788,2
543801,2
543825,2
543829,2
543835,2
543839,2
543848,2
543850,1
543873,2
543883,1
543887,3
543892,4
543899,1
543921,3
543924,2
543927,2
543929,2
543931,2
543940,1
543944,2
543948,1
543950,2
543953,4
543975,1
543980,2
543986,2
543988,2
543993,2
544001,3
544004,3
544007,2
544010,2
544013,2
544023,1
544027,2
544029,2
544037,1
544039,1
544041,2
544043,3
544059,2
544086,2
544099,1
544102,2
544120,3
544126,2
544132,2
544134,1
544136,2
544138,3
544145,2
544152,3
544156,1
544161,2
544168,2
544170,2
544185,2
544202,3
544207,1
544210,2
544217,4
544222,3
544233,2
544239,3
544246,2
544254,3
544257,2
544265,2
544271,2
544274,1
544287,2
544290,2
544295,1
544304,4
544314,2
544322,2
544326,2
544334,2
544339,2
544343,3
544355,2
544361,2
544376,3
544380,2
544388,3
544391,3
544405,1
544417,2
544419,2
544429,2
544431,1
544434,2
544440,2
544450,2
544462,2
544472,1
544475,3
544480,3
544497,2
544503,2
544511,2
544528,2
544534,2
544536,1
544541,2
544547,2
544551,2
544554,2
544560,2
544565,3
544569,2
544572,1
544574,2
544581,2
544597,3
544601,2
544604,2
544608,3
544617,2
544620,3
544627,3
544636,2
544639,2
544650,4
544658,2
544662,3
544665,3
544673,2
544685,1
544694,5
544706,2
544709,3
544712,2
544722,3
544725,1
544732,4
544751,2
544755,3
544759,2
544762,2
544764,2
544772,3
544781,2
544797,2
544812,1
544829,2
544834,3
544844,1
544846,4
544852,1
544865,2
544871,1
544888,3
544895,1
544915,2
544919,2
544921,3
544924,2
544936,3
544939,1
544946,1
544951,3
544958,2
544967,2
544977,4
544983,2
544991,2
544994,2
545007,3
545012,2
545016,3
545019,3
545022,2
545024,3
545036,1
545039,7
545048,2
545051,1
545058,2
545062,3
545067,1
545069,3
545074,1
545084,1
545095,3
545103,3
545119,2
545122,3
545125,2
545128,3
545132,3
545137,2
545139,4
545143,3
545149,2
545151,3
545156,3
545160,2
545162,3
545165,1
545168,3
545171,3
545174,3
545178,3
545185,4
545189,2
545191,2
545193,3
545196,2
545198,2
545200,10
545210,3
545213,4
545219,3
545224,2
545227,4
545231,5
545237,2
545239,2
545243,4
545247,7
545254,3
545257,3
545260,3
545263,5
545269,1
545271,5
545276,3
545279,6
545285,3
545288,2
545291,7
545299,1
545301,2
545303,8
545311,3
545315,7
545322,5
545327,2
545329,2
545331,1
545333,3
545336,3
545340,4
545345,3
545348,4
545352,5
545362,4
545367,2
545370,6
545377,3
545380,3
545385,3
545389,3
545393,2
545396,5
545401,4
545405,2
545407,3
545410,2
545416,3
545419,3
545422,2
545424,2
545428,3
545431,2
545433,2
545437,2
545440,1
545443,5
545450,4
545454,3
545457,3
545463,1
545476,5
545482,6
545488,3
545493,2
545495,4
545507,2
545511,2
545515,1
545524,1
545529,1
545595,2
545597,13
545611,2
545613,5
545618,7
545634,3
545645,1
545663,1
545677,1
545719,6
545730,4
545813,143
545957,3
545960,3
545965,2
545968,3
545971,5
545976,3
545979,2
545981,2
545983,3
545987,12
546003,2
546005,3
546009,4
546013,3
546021,2
546023,2
546029,2
546031,2
546033,5
546048,3
546056,2
546058,6
546064,4
546068,5
546075,2
546077,5
546085,4
546092,2
546094,3
546097,3
546100,4
546105,3
546110,2
546116,3
546119,14
546137,3
546143,2
546151,2
546155,4
546159,2
546161,3
546167,2
546169,2
546196,2
546199,2
546201,3
546207,3
546211,4
546215,2
546217,2
546225,2
546228,2
546232,2
546236,3
546240,2
546243,1
546248,4
546268,1
546286,1
546292,1
546295,5
546302,3
546312,1
546315,4
546328,2
546336,2
546338,2
546340,6
546365,2
546368,2
546382,3
546385,4
546393,2
546395,3
546398,9
546407,3
546413,1
546430,2
546432,7
546440,5
546452,4
546458,4
546462,3
546466,2
546469,2
546483,5
546492,3
546497,3
546503,2
546505,3
546508,1
546511,2
546517,3
546520,2
546524,7
546533,3
546536,4
546540,2
546542,2
546545,2
546548,3
546551,4
546556,2
546560,3
546563,2
546566,7
546574,5
546580,2
546582,2
546584,3
546587,19
546608,2
546610,2
546615,5
546621,8
546630,3
546633,5
546639,2
546643,12
546656,37
546694,127
546822,3
546826,2
546857,1
546866,1
546872,2
546874,2
546877,1
546880,4
546885,8
546894,5
546899,2
546902,2
546904,3
546907,2
546911,2
546924,6
546931,2
546935,4
546939,4
546943,5
546948,2
546950,1
546953,5
546958,2
546960,2
546962,5
546969,5
546980,3
546987,7
546994,3
546999,3
547002,5
547007,3
547010,2
547015,2
547017,2
547021,3
547024,2
547026,2
547028,2
547033,2
547036,3
547041,1
547045,2
547054,3
547059,2
547062,2
547066,2
547070,2
547072,3
547075,2
547082,3
547087,2
547090,2
547095,2
547107,5
547113,2
547118,2
547121,4
547125,4
547129,2
547131,4
547135,5
547140,2
547142,3
547146,4
547153,6
547159,6
547166,2
547169,2
547172,4
547176,3
547182,2
547184,3
547187,2
547191,1
547193,3
547202,2
547205,2
547207,2
547212,3
547215,3
547220,3
547223,2
547226,2
547228,3
547232,2
547234,4
547238,2
547240,3
547245,2
547248,2
547252,5
547258,2
547260,6
547266,2
547268,2
547270,3
547275,3
547279,2
547283,2
547287,4
547291,2
547293,5
547302,2
547304,5
547309,2
547311,2
547318,3
547321,5
547327,3
547331,3
547334,2
547336,4
547341,3
547344,4
547348,3
547351,4
547358,3
547361,3
547364,2
547366,2
547368,3
547371,3
547374,3
547379,2
547385,2
547387,3
547390,6
547396,2
547403,3
547406,3
547409,3
547416,2
547419,2
547421,5
547427,2
547429,1
547432,2
547439,2
547441,2
547448,3
547451,3
547455,2
547461,2
547463,6
547474,2
547476,3
547479,3
547482,2
547484,3
547494,2
547496,2
547498,2
547500,2
547503,2
547506,3
547509,7
547516,4
547520,6
547526,2
547528,5
547536,4
547541,3
547544,4
547548,3
547551,2
547556,4
547560,4
547564,4
547570,2
547572,2
547574,5
547579,2
547581,2
547583,4
547587,2
547592,2
547595,2
547597,3
547600,3
547605,4
547609,3
547612,1
547614,2
547617,5
547622,2
547624,2
547626,3
547629,3
547632,2
547636,3
547640,2
547643,2
547645,2
547648,2
547650,2
547652,4
547659,2
547661,2
547664,2
547667,3
547670,2
547672,3
547676,4
547684,4
547690,4
547695,3
547698,3
547701,2
547703,2
547707,4
547711,3
547717,2
547722,3
547725,2
547730,10
547740,3
547745,2
547747,2
547749,2
547751,2
547753,2
547757,2
547760,2
547762,2
547764,6
547772,3
547775,2
547781,4
547785,1
547788,4
547794,3
547798,6
547804,5
547809,2
547811,4
547815,2
547819,3
547822,2
547826,2
547828,4
547833,2
547836,2
547839,2
547842,2
547847,2
547852,2
547854,3
547861,4
547866,5
547871,3
547875,4
547881,2
547883,2
547885,2
547887,7
547894,1
547896,5
547904,4
547908,3
547913,2
547916,4
547924,2
547927,3
547931,6
547938,2
547940,2
547943,3
547946,2
547949,5
547954,3
547957,4
547961,3
547964,2
547969,3
547972,2
547974,8
547983,2
547988,2
547991,2
547994,2
547999,2
548001,5
548008,6
548016,2
548018,2
548024,7
548031,3
548034,3
548037,3
548040,4
548045,1
548047,3
548051,4
548055,2
548058,2
548060,4
548070,3
548073,2
548075,6
548081,3
548086,3
548089,4
548093,2
548095,2
548098,2
548102,2
548104,4
548110,6
548116,3
548119,5
548125,3
548128,5
548133,4
548139,3
548143,3
548146,3
548153,3
548156,2
548159,2
548161,3
548166,2
548170,2
548172,2
548174,4
548181,2
548183,2
548185,2
548187,2
548190,3
548193,2
548197,4
548204,5
548210,3
548215,3
548218,3
548224,2
548226,2
548228,4
548233,5
548241,2
548243,2
548245,2
548247,2
548249,4
548254,2
548256,9
548267,3
548272,4
548278,3
548281,4
548286,2
548288,2
548291,2
548294,2
548296,5
548301,3
548306,2
548310,3
548313,2
548317,2
548321,3
548324,2
548327,2
548330,2
548332,2
548334,2
548336,2
548338,3
548345,2
548347,2
548349,2
548352,3
548357,2
548359,2
548361,4
548367,4
548376,2
548378,2
548380,2
548382,4
548388,3
548391,2
548393,3
548397,2
548399,3
548402,2
548404,2
548406,2
548409,2
548411,4
548416,8
548425,2
548431,1
548433,2
548435,5
548440,4
548444,2
548446,3
548449,10
548462,2
548464,2
548468,2
548470,7
548477,5
548483,2
548488,2
548490,3
548493,4
548498,2
548506,4
548512,5
548517,3
548520,5
548526,2
548529,4
548533,2
548537,2
548539,2
548541,2
548543,2
548545,2
548547,10
548557,8
548573,5
548580,2
548583,2
548586,6
548592,7
548599,7
548606,2
548608,2
548610,2
548616,2
548619,7
548626,3
548629,7
548640,2
548645,3
548648,2
548650,6
548656,3
548660,5
548668,5
548673,2
548675,2
548679,3
548682,3
548688,2
548690,4
548698,2
548700,2
548702,2
548708,4
548717,5
548728,5
548733,3
548739,5
548745,5
548750,4
548755,3
548758,3
548761,2
548766,2
548768,3
548771,2
548773,4
548779,3
548785,2
548793,6
548800,5
548805,6
548813,2
548817,2
548820,2
548822,2
548824,4
548830,3
548834,2
548836,2
548839,2
548841,3
548844,3
548847,2
548849,3
548857,3
548860,3
548865,6
548874,2
548877,3
548883,2
548885,2
548887,8
548899,2
548907,3
548911,4
548915,4
548921,2
548928,3
548931,3
548941,2
548948,4
548964,4
548969,4
548974,3
548977,3
548980,2
548983,2
548985,2
548989,5
548994,4
548998,4
549002,2
549004,4
549010,3
549014,2
549017,2
549023,2
549025,4
549033,4
549037,2
549039,2
549043,2
549047,3
549052,4
549056,5
549061,3
549064,6
549072,2
549079,3
549082,2
549086,2
549088,4
549101,3
549109,2
549112,1
549115,2
549118,2
549121,10
549134,10
549146,2
549148,3
549155,3
549161,2
549163,2
549165,2
549168,2
549172,2
549175,2
549177,3
549184,5
549189,2
549191,3
549198,2
549202,2
549211,2
549220,1
549237,5
549242,2
549249,3
549252,5
549257,6
549264,2
549266,3
549270,3
549273,2
549279,2
549283,2
549285,4
549299,3
549302,2
549305,4
549309,2
549311,3
549314,8
549323,3
549350,2
549370,2
549375,2
549384,3
549390,2
549394,2
549398,2
549400,4
549410,2
549414,3
549419,2
549434,2
549438,3
549442,2
549447,3
549450,2
549452,2
549457,2
549462,2
549467,3
549473,2
549476,3
549486,2
549489,2
549491,2
549494,2
549496,4
549502,3
549508,5
549513,2
549515,2
549519,2
549522,2
549524,4
549528,4
549534,2
549537,1
549539,4
549543,3
549546,2
549548,5
549553,5
549562,3
549566,8
549574,3
549579,1
549583,2
549590,3
549593,1
549595,3
549598,3
549601,2
549605,2
549609,3
549614,2
549621,2
549625,3
549629,2
549636,2
549641,4
549646,3
549658,1
549661,2
549663,3
549668,2
549672,4
549679,2
549681,4
549692,2
549696,3
549702,4
549706,8
549714,6
549720,4
549724,4
549730,4
549735,3
549741,6
549747,2
549749,7
549760,2
549762,4
549766,3
549771,4
549780,2
549784,4
549791,2
549793,3
549805,2
549837,3
549840,3
549849,2
549852,2
549874,2
549888,2
549893,2
549895,4
549899,3
549906,2
549912,1
549919,3
549925,1
549928,3
549931,3
549934,4
549942,2
549953,7
549960,2
549964,1
549970,1
549976,2
549985,2
549988,3
549991,12
550005,2
550008,11
550019,2
550026,5
550037,2
550041,1
550044,5
550051,4
550058,6
550070,3
550080,2
550084,4
550091,3
550101,7
550108,2
550112,5
550120,1
550134,4
550140,3
550145,1
550147,2
550150,3
550155,1
550158,2
550165,3
550169,10
550183,2
550185,2
550187,3
550191,3
550194,8
550214,4
550225,3
550230,2
550239,4
550252,4
550256,2
550258,2
550266,8
550280,5
550285,2
550288,3
550298,3
550304,1
550314,6
550320,3
550324,2
550326,3
550334,2
550342,1
550346,1
550351,4
550369,2
550378,2
550380,5
550388,2
550402,1
550404,2
550406,3
550422,2
550425,6
550437,3
550441,2
550446,2
550460,2
550469,3
550472,3
550475,1
550478,2
550480,2
550483,2
550490,2
550492,2
550530,2
550540,2
550542,5
550547,4
550557,5
550567,3
550570,4
550577,2
550583,2
550588,1
550590,3
550594,1
550606,3
550610,2
550613,5
550618,2
550624,2
550631,2
550637,2
550641,3
550645,3
550655,1
550659,2
550665,3
550679,3
550692,2
550708,2
550724,2
550735,2
550738,2
550740,2
550742,2
550745,2
550747,1
550758,2
550760,2
550762,2
550766,3
550774,1
550805,2
550807,2
550812,2
550814,2
550822,6
550828,5
550833,5
550838,4
550842,2
550844,4
550851,2
550860,2
550864,3
550867,1
550870,3
550890,4
550900,1
550911,2
550937,2
550939,2
550942,5
550953,2
550956,3
550971,2
550973,2
550975,3
550994,2
551001,2
551010,2
551021,23
551046,7
551053,8
551064,17
551081,2
551084,2
551086,2
551088,5
551098,2
551100,3
551104,8
551115,4
551119,2
551121,2
551123,2
551126,1
551142,2
551146,2
551149,2
551155,3
551158,2
551160,3
551163,9
551174,4
551179,2
551181,3
551187,2
551197,3
551218,3
551222,12
551234,6
551244,4
551248,5
551253,5
551259,3
551265,3
551268,4
551273,10
551284,9
551293,3
551297,7
551304,9
551315,1
551322,6
551329,2
551331,15
551346,2
551349,5
551356,6
551363,2
551365,4
551369,4
551373,9
551382,4
551392,2
551394,1
551396,3
551401,3
551404,9
551415,2
551418,2
551421,4
551426,4
551434,5
551441,10
551458,2
551460,3
551465,4
551470,4
551478,5
551483,3
551486,2
551491,2
551493,4
551504,1
551519,8
551535,1
551543,7
551557,3
551578,2
551585,2
551587,5
551607,2
551617,2
551625,2
551639,2
551651,3
551654,2
551657,3
551666,2
551668,1
551770,2
551776,2
551815,3
551835,2
551882,3
551902,2
551926,3
551930,3
551958,2
551978,2
551986,3
552008,2
552013,2
552017,2
552023,2
552028,2
552045,4
552053,2
552055,2
552057,4
552078,2
552086,4
552093,2
552099,2
552105,2
552121,2
552125,4
552134,3
552144,3
552148,2
552178,3
552208,1
552220,7
552236,2
552238,2
552249,4
552253,2
552285,2
552294,4
552298,3
552310,3
552315,2
552321,2
552326,3
552333,3
552342,2
552350,1
552360,2
552362,2
552369,6
552379,3
552385,2
552389,2
552391,4
552398,3
552402,1
552407,2
552410,5
552415,2
552417,3
552424,1
552430,3
552434,4
552442,2
552446,4
552461,2
552470,3
552473,4
552477,2
552481,4
552493,1
552513,1
552516,12
552528,2
552541,2
552557,2
552571,3
552585,2
552593,2
552596,3
552600,1
552602,1
552604,3
552607,4
552614,2
552619,1
552621,3
552626,5
552634,2
552652,2
552657,3
552683,4
552723,2
552726,5
552731,1
552733,2
552743,1
552767,10
552789,3
552806,3
552811,2
552829,36
552895,1
552901,2
552916,7
552929,3
552933,2
552938,3
552942,3
552945,2
552948,2
552957,2
552965,3
552970,2
552972,1
552978,3
552985,2
552993,2
552995,3
553001,2
553012,5
553026,8
553036,6
553049,9
553067,3
553073,2
553076,3
553086,3
553090,2
553096,1
553102,3
553113,2
553125,1
553134,2
553137,2
553143,3
553146,3
553166,2
553168,4
553172,6
553193,18
553211,2
553213,3
553217,4
553223,3
553226,6
553234,2
553237,3
553240,2
553242,2
553244,1
553247,2
553249,2
553251,4
553259,2
553262,1
553269,3
553275,8
553284,2
553287,3
553290,4
553308,2
553317,3
553320,4
553325,8
553339,3
553342,2
553345,3
553348,12
553360,2
553363,2
553366,8
553374,2
553378,2
553384,2
553388,2
553390,1
553392,3
553396,9
553409,3
553430,5
553443,3
553446,3
553452,4
553468,5
553478,2
553508,2
553515,19
553550,3
553554,2
553568,2
553570,2
553573,2
553575,3
553581,2
553587,5
553596,2
553599,2
553603,2
553613,2
553615,2
553624,2
553630,4
553641,2
553643,5
553651,1
553653,4
553660,2
553662,2
553666,8
553679,2
553681,2
553683,2
553685,1
553690,6
553714,1
553716,3
553720,2
553723,9
553736,2
553738,2
553752,4
553763,5
553768,3
553771,3
553777,2
553779,11
553790,2
553792,1
553798,1
553804,3
553808,1
553815,2
553820,2
553823,6
553829,1
553832,3
553835,2
553849,3
553859,5
553873,2
553877,3
553886,1
553896,6
553923,4
553928,2
553933,2
553935,3
553943,2
553946,4
553952,2
553954,2
553960,1
553962,2
553965,3
553971,3
553975,2
553992,2
553995,2
554029,3
554041,3
554046,2
554048,3
554054,6
554077,5
554082,3
554086,6
554092,4
554096,4
554100,5
554107,4
554114,2
554132,2
554137,3
554140,1
554142,5
554153,4
554157,2
554160,5
554174,3
554177,4
554181,1
554203,3
554208,3
554212,3
554217,2
554220,1
554251,1
554260,2
554264,2
554283,2
554285,2
554287,3
554292,2
554296,2
554311,1
554341,2
554345,2
554348,2
554351,2
554357,2
554363,1
554377,2
554433,4
554437,2
554452,3
554456,4
554465,2
554467,1
554476,2
554486,5
554510,4
554528,2
554531,3
554542,2
554546,2
554548,6
554555,3
554559,2
554561,2
554566,2
554568,5
554575,3
554581,2
554583,4
554587,4
554592,8
554600,2
554602,4
554606,3
554609,2
554612,2
554616,3
554619,2
554624,2
554627,5
554632,3
554635,4
554639,7
554646,2
554648,2
554651,3
554655,2
554657,2
554669,2
554673,2
554675,2
554677,7
554686,3
554689,3
554692,3
554695,3
554698,4
554704,3
554710,3
554713,2
554718,2
554722,2
554725,2
554727,3
554731,4
554736,3
554739,3
554742,3
554745,2
554749,2
554753,3
554757,3
554760,3
554766,2
554768,2
554770,3
554773,4
554777,2
554779,2
554782,4
554786,4
554790,3
554793,5
554799,8
554808,3
554813,3
554817,2
554819,2
554824,3
554828,4
554832,2
554834,4
554838,2
554841,7
554848,3
554856,5
554861,3
554864,2
554866,4
554870,4
554874,2
554877,4
554885,4
554890,6
554897,3
554900,5
554906,7
554917,3
554920,2
554922,4
554926,2
554928,2
554932,4
554938,3
554941,2
554943,2
554945,4
554949,4
554953,3
554956,3
554959,4
554964,2
554971,2
554973,4
554978,3
554984,3
554989,2
554993,4
554997,2
555000,7
555007,3
555011,2
555014,2
555016,5
555024,8
555032,5
555039,3
555042,2
555046,3
555051,2
555053,2
555059,6
555065,3
555074,6
555081,5
555086,3
555090,4
555100,4
555104,2
555107,2
555111,2
555115,2
555118,2
555120,2
555122,5
555133,2
555137,4
555141,4
555145,3
555149,6
555164,2
555166,3
555172,2
555174,3
555177,2
555181,2
555185,13
555199,2
555202,4
555208,5
555215,3
555218,2
555220,2
555225,4
555230,2
555233,4
555239,5
555245,6
555251,6
555261,2
555266,2
555273,2
555275,3
555279,8
555287,3
555291,2
555293,4
555299,4
555307,3
555310,2
555312,2
555318,2
555323,3
555329,7
555339,5
555344,2
555346,4
555352,6
555358,4
555362,2
555365,3
555373,4
555377,2
555380,2
555384,2
555387,3
555390,2
555393,2
555395,2
555397,10
555407,2
555409,3
555414,6
555420,6
555428,2
555433,2
555435,4
555439,2
555441,3
555454,3
555458,8
555466,3
555469,2
555473,3
555476,6
555484,2
555486,6
555492,2
555494,2
555496,4
555500,8
555509,2
555512,2
555516,3
555519,2
555521,4
555530,2
555536,3
555540,3
555544,2
555547,11
555558,7
555567,10
555578,2
555580,2
555582,6
555588,2
555591,4
555596,2
555598,6
555604,4
555608,4
555612,4
555617,3
555621,3
555624,6
555630,2
555639,2
555645,3
555651,2
555655,2
555658,3
555661,2
555665,5
555674,10
555687,2
555690,4
555694,8
555702,2
555704,2
555706,9
555715,2
555717,2
555720,2
555722,4
555726,2
555732,4
555736,6
555742,4
555747,2
555749,2
555754,3
555758,7
555765,4
555769,2
555771,4
555775,3
555779,7
555786,2
555789,2
555791,2
555793,5
555801,1
555804,2
555808,3
555815,2
555818,2
555820,11
555831,2
555834,2
555837,2
555839,2
555846,2
555851,2
555855,5
555860,2
555865,2
555869,2
555872,2
555874,4
555878,3
555882,2
555904,3
555908,2
555910,9
555920,3
555924,7
555932,5
555938,14
555952,2
555954,2
555956,4
555961,5
555966,2
555969,2
555978,2
555980,5
555985,6
555993,7
556000,3
556007,3
556012,10
556024,7
556031,2
556034,5
556039,5
556045,19
556068,2
556070,3
556081,4
556090,2
556093,2
556095,5
556101,2
556103,2
556114,3
556118,3
556124,2
556127,5
556134,2
556136,2
556140,3
556146,2
556148,2
556150,2
556157,2
556159,4
556184,2
556186,2
556192,2
556196,2
556205,3
556208,3
556214,2
556216,2
556229,2
556244,5
556250,3
556254,2
556267,4
556272,2
556275,5
556284,3
556292,3
556296,3
556300,3
556307,4
556311,5
556334,3
556342,4
556346,17
556363,3
556366,2
556370,3
556373,4
556377,5
556384,2
556386,3
556389,6
556396,2
556398,2
556400,7
556408,2
556413,6
556419,10
556429,29
556458,3
556461,7
556470,7
556477,6
556483,5
556490,2
556494,5
556500,2
556502,2
556511,2
556526,3
556534,6
556540,3
556543,10
556555,2
556567,4
556572,3
556576,2
556583,6
556589,2
556592,2
556594,8
556602,2
556606,4
556612,4
556616,4
556620,5
556626,3
556634,3
556637,4
556643,3
556649,3
556652,3
556657,7
556665,20
556687,4
556693,7
556700,2
556703,2
556705,11
556716,3
556720,15
556735,4
556740,5
556746,2
556749,4
556756,3
556786,1
556788,2
556793,2
556797,2
556799,4
556804,3
556808,3
556811,2
556813,3
556817,2
556832,2
556835,3
556838,12
556850,21
556871,13
556884,13
556897,4
556903,4
556907,2
556909,2
556912,2
556914,2
556931,5
556940,2
556942,4
556949,4
556959,3
556969,3
556972,5
556980,22
557003,5
557008,25
557033,4
557043,2
557045,4
557049,5
557055,5
557060,2
557064,1
557066,10
557076,2
557078,4
557082,12
557094,3
557098,2
557102,5
557107,2
557109,6
557115,3
557124,10
557138,3
557141,2
557143,6
557154,3
557157,14
557198,4
557203,3
557212,4
557216,10
557226,2
557246,2
557253,4
557270,3
557277,7
557295,2
557302,17
557324,1
557328,2
557336,3
557341,3
557344,2
557347,3
557351,2
557353,2
557372,2
557382,2
557384,5
557394,29
557425,2
557437,5
557442,2
557444,2
557446,7
557453,3
557457,2
557462,3
557467,7
557475,3
557478,4
557485,6
557493,2
557495,3
557508,3
557511,3
557515,2
557518,6
557524,3
557527,31
557558,2
557563,13
557577,3
557580,2
557582,6
557593,2
557596,5
557602,8
557611,18
557630,4
557638,3
557644,24
557671,4
557680,7
557687,4
557701,3
557705,3
557708,8
557717,2
557719,2
557721,3
557724,2
557732,13
557782,3
557806,11
557819,2
557822,2
557824,2
557826,2
557831,2
557850,3
557869,4
557873,2
557880,2
557885,5
557915,2
557947,2
557991,3
557995,3
557998,2
558000,3
558004,2
558007,2
558010,30
558045,2
558047,3
558050,4
558075,2
558077,19
558115,2
558117,2
558120,2
558122,2
558124,2
558144,15
558166,3
558169,3
558172,2
558175,2
558191,2
558194,6
558200,4
558208,6
558214,3
558225,2
558227,2
558232,3
558261,2
558266,2
558271,5
558302,5
558307,2
558315,4
558343,3
558352,2
558356,2
558359,4
558363,10
558380,2
558383,2
558392,11
558405,6
558411,7
558419,4
558425,4
558433,6
558446,3
558449,2
558455,2
558457,3
558461,80
558541,1
558545,3
558548,13
558561,2
558571,2
558587,2
558604,8
558613,1
558615,1
558618,3
558622,2
558625,6
558699,2
558703,5
558710,1
558712,2
558719,1
558723,2
558725,6
558731,2
558733,3
558736,3
558739,2
558741,2
558744,2
558746,3
558749,3
558755,2
558757,2
558764,3
558779,67
558848,5
558853,2
558858,2
558865,2
558868,5
558873,7
558882,10
558892,2
558898,3
558906,2
558910,3
558916,5
558924,2
558927,2
558930,3
558933,8
558941,2
558958,2
558960,6
558967,3
558971,3
558978,2
558980,7
558987,3
558991,4
558998,7
559007,7
559014,2
559017,2
559029,4
559033,9
559051,76
559129,2
559132,2
559134,2
559136,10
559147,2
559153,3
559159,4
559163,3
559166,2
559168,2
559188,2
559193,2
559195,4
559216,2
559218,2
559220,4
559225,5
559230,3
559234,2
559236,2
559244,3
559248,4
559270,2
559331,2
559371,4
559437,2
559503,7
559511,2
559513,2
559517,2
559525,2
559616,2
559628,3
559631,3
559635,10
559645,2
559647,8
559693,34
559728,2
559730,10
559770,7
559778,3
559781,2
559784,5
559823,2
559829,2
559831,4
559835,15
559851,25
559876,4
559881,3
559884,2
559886,5
559904,6
559972,3
559987,2
560018,2
560061,5
560093,2
560097,2
560118,4
560123,2
560128,6
560135,12
560189,4
560197,9
560211,2
560219,4
560269,4
560297,2
560299,2
560304,3
560309,4
560319,2
560634,3
560692,4
560700,8
560708,6
560714,4
560718,2
560720,3
560803,2
560835,2
560927,5
560945,2
560960,2
560963,2
560966,6
560997,10
561015,2
561019,3
561027,29
561058,7
561066,2
561068,12
561084,1
561089,2
561091,5
561096,8
561110,4
561114,7
561121,2
561128,2
561152,4
561156,2
561179,3
561184,3
561188,2
561199,2
561204,26
561231,7
561238,9
561247,4
561251,3
561254,9
561281,2
561283,3
561286,2
561429,2
561449,4
561485,3
561536,2
561539,2
561542,2
561545,2
561549,3
561553,6
561559,3
561575,2
561591,2
561608,2
561637,2
561640,2
561642,2
561644,3
561647,8
561695,2
561776,2
561778,4
561782,5
561863,4
561867,25
561892,2
562141,2
562234,2
562240,2
562242,2
562247,6
562353,2
562374,2
562406,3
562486,9
562496,2
562551,3
562554,4
562570,2
562586,3
562591,11
562608,2
562623,2
562633,2
562649,2
562651,2
562717,3
562722,4
562727,2
562731,3
562998,2
563004,2
563007,8
563020,2
563059,3
563071,8
563080,3
563085,5
563091,2
563097,10
563107,3
563188,3
563191,2
563193,3
563197,2
563384,2
563386,4
563390,3
563475,2
563480,3
563488,2
563490,8
563498,3
563504,2
563512,2
563532,10
563642,3
564020,2
564029,4
564033,4
564063,3
564069,3
564073,3
564107,2
564110,2
564114,2
564118,5
564123,2
564125,2
564131,2
564139,2
564156,3
564159,3
564162,6
564171,16
564191,2
564196,7
564208,2
564236,3
564243,2
564245,4
564250,4
564267,2
564271,6
564277,14
564291,4
564295,4
564304,7
564313,6
564320,10
564330,15
564351,7
564365,3
564385,2
564388,6
564394,5
564399,17
564417,2
564460,2
564462,5
564472,6
564478,4
564485,3
564488,2
564490,4
564504,8
564514,2
564517,7
564534,3
564540,2
564543,2
564551,6
564578,3
564581,2
564608,1
564614,2
564623,5
564628,3
564631,3
564634,3
564637,9
564671,2
564673,3
564694,4
564698,8
564727,4
564802,3
564807,4
564828,6
564866,2
564945,2
564956,2
564958,3
564964,7
564971,2
564973,7
564980,6
565037,7
565046,2
565049,2
565162,19
565181,52
565243,2
565246,6
565253,2
565261,5
565269,36
565308,2
565313,2
565321,2
565330,10
565345,4
565353,9
565366,2
565368,3
565384,3
565388,2
565391,12
565403,21
565424,6
565430,3
565433,3
565436,2
565440,9
565473,2
565483,4
565487,4
565491,2
565495,2
565497,5
565502,59
565562,3
565569,2
565579,4
565585,3
565591,13
565618,3
565659,2
565674,2
565677,2
565679,7
565686,2
565692,1
565698,1
565715,4
565725,4
565736,10
565748,3
565755,5
565760,5
565765,2
565801,4
565805,4
565810,2
565814,2
565818,2
565820,3
565851,5
565859,3
565864,13
565877,7
565886,13
565899,5
565905,3
565908,7
565918,6
565929,2
565938,2
565942,3
565947,14
565961,2
565963,2
565968,6
565978,13
566005,2
566011,4
566020,2
566022,2
566025,7
566032,2
566056,3
566064,2
566074,15
566091,4
566098,15
566113,2
566116,10
566128,5
566135,2
566137,2
566140,2
566142,2
566147,4
566159,4
566164,18
566182,4
566201,3
566212,5
566219,8
566227,3
566244,2
566249,6
566255,8
566263,6
566269,3
566272,6
566278,1
566281,3
566285,6
566291,5
566301,4
566305,4
566311,10
566322,5
566327,2
566335,4
566339,3
566342,2
566344,2
566347,2
566349,2
566351,3
566354,2
566356,2
566360,2
566364,2
566372,2
566374,2
566376,8
566388,4
566392,2
566394,3
566401,3
566404,2
566408,2
566414,2
566420,2
566429,3
566434,3
566437,2
566445,2
566447,4
566455,2
566460,3
566463,2
566467,5
566472,4
566478,3
566481,4
566489,3
566497,13
566510,7
566517,5
566524,3
566527,2
566529,5
566537,3
566541,5
566546,2
566549,2
566561,5
566566,9
566575,6
566581,7
566588,2
566594,3
566598,6
566606,8
566615,9
566624,6
566631,2
566646,2
566653,2
566655,12
566669,3
566675,4
566680,4
566684,3
566700,5
566705,2
566707,10
566717,7
566725,5
566730,3
566735,2
566742,9
566751,5
566756,2
566758,2
566760,2
566762,2
566765,11
566776,2
566778,2
566780,3
566783,2
566785,2
566787,4
566794,5
566801,5
566808,3
566816,2
566830,6
566838,3
566843,3
566846,17
566863,3
566869,10
566879,14
566894,11
566905,2
566910,3
566913,2
566916,3
566925,3
566930,2
566934,16
566951,10
566962,16
566980,2
566982,2
566990,2
566992,2
566994,2
566997,2
566999,2
567004,2
567006,2
567010,2
567012,2
567016,3
567021,5
567028,2
567030,3
567033,4
567037,2
567040,2
567042,4
567046,2
567053,2
567058,3
567068,3
567071,8
567079,16
567096,3
567103,3
567125,3
567148,2
567156,3
567165,2
567167,3
567181,2
567196,2
567198,2
567209,3
567213,22
567235,6
567241,56
567297,15
567312,3
567315,16
567331,6
567337,16
567353,34
567387,86
567474,128
567602,2
567605,60
567666,65
567731,54
567785,7
567792,4
567796,3
567799,25
567827,112
567939,4
567943,2
567946,2
567956,2
567962,2
567965,148
568113,13
568126,134
568264,3
568267,14
568281,27
568308,30
568338,72
568410,21
568431,23
568455,48
568503,60
568564,233
568798,1
568801,3
568806,2
568808,2
568811,3
568814,2
568816,2
568819,3
568823,3
568826,2
568828,3
568831,4
568836,2
568840,10
568850,2
568852,6
568858,4
568866,3
568869,3
568872,4
568879,2
568881,2
568883,2
568888,2
568890,3
568893,5
568898,2
568901,2
568905,2
568907,2
568910,3
568915,2
568918,3
568921,2
568923,4
568929,3
568932,3
568937,3
568941,2
568944,3
568948,2
568952,2
568954,4
568959,5
568965,3
568968,2
568970,3
568973,2
568975,4
568979,2
568981,2
568983,4
568987,3
568990,2
568992,4
568996,5
569005,4
569011,3
569014,4
569018,3
569021,3
569024,2
569026,2
569037,2
569043,3
569046,5
569051,3
569054,3
569057,3
569060,2
569062,2
569064,3
569068,2
569070,5
569075,2
569077,2
569082,2
569086,2
569088,2
569097,3
569104,3
569113,2
569118,2
569124,1
569131,2
569137,2
569156,1
569162,1
569164,2
569172,1
569182,2
569189,1
569204,1
569206,2
569210,3
569225,1
569237,1
569302,4
569307,5
569312,5
569317,2
569319,9
569328,2
569332,3
569335,2
569337,2
569339,3
569343,2
569345,2
569347,4
569352,2
569357,2
569362,3
569370,2
569380,2
569386,2
569396,2
569400,2
569402,4
569406,2
569412,2
569414,2
569419,5
569426,3
569434,1
569436,6
569448,3
569456,3
569463,2
569465,2
569467,2
569470,2
569473,7
569482,2
569485,4
569489,3
569506,1
569508,1
569563,2
569585,2
569601,2
569603,2
569605,1
569668,1
569675,1
569716,4
569723,6
569730,2
569732,3
569735,2
569738,2
569742,2
569744,4
569748,2
569750,5
569756,2
569758,3
569761,5
569766,2
569768,2
569771,2
569783,4
569806,3
569820,3
569877,1
569892,2
569943,2
569957,1
569963,1
569972,3
569987,1
569989,1
569991,2
569993,2
569995,6
570004,2
570011,2
570015,1
570021,3
570028,2
570041,2
570046,2
570050,2
570069,1
570086,1
570092,2
570094,2
570097,2
570103,2
570113,1
570115,1
570137,1
570145,1
570168,1
570175,3
570199,1
570219,2
570221,4
570227,2
570230,4
570234,3
570237,4
570241,3
570244,3
570247,3
570250,6
570257,2
570259,3
570263,2
570265,2
570268,2
570274,2
570278,2
570280,2
570282,6
570288,2
570293,2
570295,3
570299,2
570301,2
570304,2
570308,4
570312,2
570316,5
570321,4
570325,2
570328,2
570331,4
570335,2
570341,2
570343,5
570350,2
570352,4
570358,3
570366,2
570368,3
570372,2
570376,2
570381,4
570392,1
570394,2
570402,4
570406,2
570409,3
570413,5
570418,2
570423,2
570425,2
570427,3
570436,2
570438,2
570442,2
570444,2
570446,3
570449,6
570458,2
570462,1
570468,2
570472,3
570485,3
570488,2
570496,3
570500,3
570504,3
570508,3
570514,4
570520,2
570522,2
570526,3
570530,3
570534,2
570538,3
570542,4
570548,2
570555,2
570558,2
570560,2
570562,4
570567,2
570572,2
570577,2
570579,2
570581,2
570584,4
570592,2
570600,2
570603,1
570605,5
570612,2
570614,2
570618,2
570620,3
570623,3
570627,2
570639,2
570641,2
570645,4
570651,4
570656,2
570660,2
570663,2
570666,1
570669,2
570672,2
570674,2
570676,3
570681,2
570684,2
570686,2
570688,2
570691,2
570693,4
570698,2
570700,3
570703,3
570706,4
570712,3
570716,2
570719,4
570725,2
570732,3
570735,2
570737,2
570739,2
570745,3
570749,2
570751,3
570754,3
570757,2
570763,3
570767,2
570769,1
570771,3
570776,2
570784,2
570787,1
570789,2
570793,2
570795,5
570801,3
570814,4
570818,1
570820,2
570822,2
570824,2
570826,2
570829,3
570836,2
570838,2
570842,3
570845,4
570849,5
570855,2
570858,2
570860,2
570862,3
570865,4
570869,2
570871,3
570877,3
570886,3
570893,1
570897,3
570900,3
570904,6
570920,2
570926,3
570929,4
570933,2
570938,3
570942,5
570949,2
570951,2
570958,2
570960,2
570964,2
570966,3
570969,2
570971,3
570977,2
570980,2
570985,2
570994,3
570998,4
571002,3
571005,1
571009,2
571011,2
571020,3
571023,3
571026,3
571034,2
571037,4
571044,2
571046,6
571052,2
571056,6
571063,2
571065,1
571073,2
571081,2
571083,3
571086,3
571089,4
571094,2
571096,2
571098,2
571107,4
571114,3
571117,3
571123,2
571125,2
571129,2
571131,2
571135,6
571141,2
571151,2
571153,3
571158,3
571162,2
571167,2
571169,1
571171,5
571176,2
571181,3
571190,2
571192,3
571195,2
571197,3
571203,2
571205,2
571209,1
571217,2
571221,2
571226,3
571230,2
571234,3
571237,2
571242,2
571245,2
571247,2
571254,1
571258,3
571263,3
571268,2
571270,2
571272,2
571285,2
571289,2
571294,2
571296,2
571304,2
571313,3
571317,5
571322,2
571330,2
571332,2
571334,2
571338,2
571343,2
571347,5
571355,1
571357,2
571362,2
571366,1
571368,3
571372,3
571375,2
571381,2
571388,3
571392,3
571397,2
571399,2
571402,3
571405,2
571414,3
571417,3
571421,4
571425,4
571430,2
571437,2
571440,1
571442,2
571444,3
571450,2
571454,2
571456,2
571460,3
571463,1
571474,2
571476,2
571479,2
571481,3
571487,5
571493,1
571496,2
571500,1
571502,2
571505,2
571507,5
571512,1
571520,3
571535,2
571541,2
571543,2
571546,5
571552,3
571559,2
571563,3
571566,2
571570,3
571575,2
571580,3
571588,2
571593,2
571599,2
571602,1
571605,3
571608,2
571611,3
571618,2
571621,5
571626,2
571630,3
571633,2
571635,2
571637,2
571643,2
571651,1
571654,2
571657,3
571669,2
571671,2
571673,2
571675,2
571677,6
571687,1
571699,3
571702,3
571706,3
571709,2
571712,2
571717,2
571719,3
571722,3
571725,2
571729,3
571740,2
571742,3
571747,3
571753,3
571756,2
571763,2
571768,2
571775,4
571785,2
571789,2
571793,2
571797,3
571801,2
571803,2
571807,5
571812,2
571814,2
571816,2
571818,1
571821,2
571824,2
571826,2
571828,2
571831,2
571839,2
571843,1
571845,2
571848,4
571852,2
571854,2
571857,2
571861,2
571865,2
571869,2
571871,1
571873,3
571876,2
571881,1
571892,2
571894,2
571896,2
571898,2
571901,3
571906,4
571913,3
571916,2
571919,2
571922,3
571926,3
571929,2
571936,2
571939,3
571942,3
571947,2
571950,3
571958,1
571961,3
571967,3
571982,4
571991,4
571996,2
571998,1
572002,7
572009,5
572018,1
572021,2
572023,3
572030,2
572032,2
572039,5
572044,4
572050,3
572053,3
572056,3
572059,2
572061,3
572065,3
572068,2
572075,3
572079,2
572087,2
572095,2
572097,1
572104,2
572107,1
572111,3
572115,2
572118,4
572122,3
572126,2
572132,3
572135,1
572146,2
572148,2
572153,2
572156,2
572160,2
572164,2
572167,2
572170,6
572176,2
572178,2
572180,2
572182,2
572185,6
572191,1
572197,4
572204,3
572208,2
572212,2
572214,4
572224,2
572226,2
572231,2
572234,2
572238,2
572245,2
572249,4
572253,2
572264,2
572272,2
572275,2
572277,3
572282,2
572284,2
572287,2
572290,2
572294,3
572300,2
572305,2
572309,2
572317,2
572320,3
572325,2
572327,3
572331,2
572333,2
572344,2
572349,2
572352,2
572355,2
572357,2
572359,2
572361,3
572367,2
572371,2
572375,1
572377,2
572379,2
572383,2
572385,3
572388,3
572391,4
572395,2
572405,2
572409,2
572411,2
572415,2
572417,2
572419,2
572422,2
572424,2
572426,4
572430,2
572433,2
572435,3
572438,3
572443,2
572448,1
572450,4
572454,3
572466,3
572470,2
572472,3
572480,2
572484,1
572486,2
572494,2
572497,4
572502,3
572507,3
572511,2
572516,2
572519,2
572532,4
572536,2
572539,4
572547,5
572560,2
572562,1
572564,2
572569,4
572573,2
572576,2
572578,1
572582,2
572586,3
572589,2
572592,4
572598,2
572603,2
572605,2
572609,2
572614,1
572616,3
572619,3
572623,8
572634,2
572637,2
572647,2
572651,2
572661,2
572664,4
572669,3
572675,2
572677,6
572683,3
572688,2
572692,2
572695,3
572698,2
572701,3
572705,2
572707,2
572713,3
572716,3
572720,2
572722,3
572729,2
572735,2
572737,2
572743,2
572751,2
572753,2
572755,4
572759,3
572764,2
572771,3
572775,1
572777,1
572781,2
572785,3
572792,2
572795,3
572798,2
572805,2
572807,2
572809,2
572811,2
572814,2
572816,3
572819,2
572823,2
572828,2
572830,2
572832,3
572836,2
572839,1
572842,3
572845,2
572847,5
572857,2
572866,2
572868,1
572872,2
572874,2
572878,5
572887,2
572894,2
572901,2
572903,3
572908,3
572911,2
572913,2
572915,2
572917,2
572925,2
572927,2
572931,4
572939,3
572943,2
572945,2
572950,3
572953,2
572956,3
572959,3
572962,2
572964,3
572972,3
572976,3
572980,3
573000,2
573006,2
573009,3
573012,1
573015,2
573019,2
573021,1
573032,3
573035,3
573044,2
573046,2
573054,2
573056,3
573059,2
573061,2
573068,2
573071,3
573075,2
573079,2
573082,3
573085,2
573087,2
573091,2
573093,1
573095,3
573099,3
573102,1
573106,2
573109,2
573111,2
573116,1
573123,2
573126,3
573129,3
573134,4
573138,2
573140,3
573144,3
573148,3
573151,2
573153,3
573159,3
573165,2
573167,2
573170,2
573172,2
573174,2
573178,2
573180,3
573183,4
573187,2
573189,1
573192,3
573195,1
573198,2
573200,3
573203,3
573215,3
573219,4
573223,5
573234,3
573237,1
573239,2
573241,1
573243,3
573249,5
573254,3
573265,2
573270,3
573274,3
573278,2
573281,3
573296,2
573301,5
573306,1
573308,3
573314,2
573317,3
573324,2
573328,1
573330,2
573332,2
573335,3
573339,2
573342,2
573345,5
573350,4
573356,2
573359,1
573364,2
573366,2
573370,2
573379,2
573381,7
573389,6
573395,1
573398,3
573404,2
573406,3
573409,2
573413,2
573421,2
573424,2
573426,4
573434,2
573439,5
573444,2
573449,2
573451,3
573457,2
573459,2
573461,2
573463,2
573470,2
573472,4
573476,2
573480,2
573489,2
573495,2
573502,2
573508,2
573513,2
573520,2
573526,2
573534,2
573536,4
573545,3
573557,3
573561,2
573563,2
573566,2
573570,3
573574,2
573576,3
573580,2
573582,2
573584,3
573589,3
573592,2
573594,2
573599,2
573601,2
573604,4
573609,2
573613,3
573620,2
573623,2
573625,2
573629,1
573634,3
573637,3
573640,2
573643,2
573649,3
573652,2
573658,3
573664,2
573668,3
573673,2
573684,2
573686,3
573689,4
573695,2
573698,3
573702,3
573713,3
573717,2
573723,2
573726,4
573731,3
573734,2
573739,4
573743,1
573746,2
573748,3
573751,3
573755,2
573758,4
573764,2
573772,2
573777,3
573782,2
573789,2
573791,2
573793,2
573797,2
573799,3
573804,3
573808,2
573811,4
573815,2
573821,3
573824,1
573826,2
573828,2
573832,2
573834,2
573838,5
573843,1
573847,4
573853,2
573857,4
573862,2
573866,4
573873,2
573878,3
573881,2
573886,2
573890,2
573893,2
573895,2
573897,3
573903,2
573909,2
573911,2
573920,2
573922,1
573924,5
573929,1
573933,3
573936,4
573949,2
573952,3
573957,3
573960,2
573962,2
573964,3
573968,2
573970,2
573973,1
573975,2
573982,3
573986,3
573989,2
573993,3
574003,3
574010,3
574016,2
574021,3
574024,2
574026,2
574031,4
574035,2
574037,2
574047,4
574054,3
574057,3
574062,2
574064,5
574069,3
574072,5
574078,1
574082,2
574088,1
574091,2
574095,2
574108,3
574111,3
574115,3
574118,3
574122,3
574125,2
574128,3
574131,4
574135,2
574137,2
574141,3
574144,2
574151,4
574155,2
574164,1
574167,3
574170,2
574173,2
574175,4
574183,2
574186,2
574189,2
574191,2
574193,3
574196,2
574207,4
574215,4
574220,4
574226,3
574233,1
574235,2
574237,2
574246,2
574249,3
574252,2
574258,3
574263,2
574266,2
574268,3
574271,3
574275,2
574277,4
574281,2
574284,2
574286,4
574290,2
574292,5
574299,2
574308,2
574310,3
574316,2
574318,2
574320,2
574333,2
574336,4
574345,2
574353,2
574357,2
574361,2
574369,3
574385,2
574387,2
574391,4
574396,4
574402,2
574409,2
574411,4
574418,2
574420,2
574423,2
574428,2
574430,2
574432,2
574443,2
574445,2
574448,4
574453,6
574460,2
574463,2
574466,2
574469,2
574477,2
574479,2
574484,1
574489,3
574495,4
574500,3
574503,2
574505,2
574508,4
574514,2
574519,3
574524,2
574530,2
574532,3
574537,3
574544,4
574548,4
574555,4
574559,2
574563,3
574569,3
574579,2
574584,5
574589,2
574596,4
574609,2
574611,2
574615,2
574620,2
574623,2
574628,2
574639,3
574642,2
574650,3
574654,2
574657,4
574664,2
574667,2
574679,1
574684,1
574686,2
574688,3
574691,2
574695,1
574698,5
574704,3
574710,3
574714,3
574717,3
574720,4
574732,2
574735,3
574740,4
574744,3
574747,2
574752,4
574760,1
574763,1
574765,2
574775,2
574778,2
574781,7
574790,2
574794,2
574799,2
574804,2
574809,2
574814,2
574816,3
574822,2
574824,7
574835,2
574841,2
574843,2
574846,3
574850,2
574867,2
574878,2
574884,3
574887,2
574889,3
574892,2
574895,7
574903,1
574905,3
574909,3
574914,2
574917,3
574921,2
574927,3
574932,2
574942,1
574944,3
574947,1
574949,2
574951,3
574955,2
574957,2
574959,1
574966,1
574971,1
574977,4
574984,2
574987,5
574995,2
574997,2
575004,2
575011,2
575017,2
575019,3
575022,3
575027,2
575031,1
575033,1
575039,2
575048,2
575050,4
575056,4
575060,2
575063,3
575066,3
575069,3
575072,3
575075,2
575077,3
575084,2
575086,4
575093,2
575096,5
575114,2
575117,2
575121,3
575124,2
575127,3
575144,2
575146,2
575148,2
575150,4
575158,4
575168,2
575170,3
575173,3
575178,2
575181,3
575184,2
575188,2
575191,2
575193,1
575201,3
575204,3
575215,2
575221,2
575230,1
575233,3
575239,1
575244,2
575256,1
575258,2
575261,2
575263,2
575274,2
575276,3
575281,2
575284,2
575286,4
575290,1
575292,2
575294,2
575296,2
575301,3
575304,2
575306,2
575308,2
575310,2
575312,2
575314,2
575317,2
575319,2
575325,2
575329,2
575331,4
575336,2
575338,2
575340,2
575343,3
575347,2
575351,4
575356,3
575359,2
575363,4
575368,3
575374,2
575384,3
575387,3
575391,2
575393,1
575396,2
575400,4
575404,2
575408,2
575410,3
575416,2
575418,2
575420,1
575423,3
575430,2
575437,2
575439,2
575442,3
575445,2
575447,5
575455,4
575459,3
575462,2
575469,4
575477,2
575485,2
575488,2
575492,1
575504,2
575508,2
575513,4
575518,2
575521,5
575526,3
575532,2
575536,3
575541,2
575543,5
575552,1
575557,2
575564,2
575576,2
575580,2
575583,4
575587,2
575590,5
575595,3
575602,2
575606,1
575608,2
575612,3
575623,3
575631,1
575635,3
575641,4
575648,3
575651,5
575659,1
575663,2
575666,1
575668,2
575670,2
575672,6
575680,4
575684,2
575688,2
575693,2
575695,2
575697,1
575699,3
575702,2
575704,3
575707,1
575712,1
575714,2
575716,2
575719,2
575721,3
575724,4
575728,2
575732,2
575739,2
575745,2
575747,2
575752,3
575755,2
575758,1
575762,4
575766,5
575775,2
575778,2
575781,2
575784,4
575788,3
575795,8
575805,4
575812,2
575814,1
575817,1
575819,2
575825,2
575830,2
575832,2
575834,2
575837,2
575844,2
575847,2
575849,1
575856,3
575859,2
575861,2
575863,2
575873,2
575875,2
575878,2
575880,2
575884,4
575888,2
575890,2
575904,2
575909,2
575917,2
575920,1
575922,2
575925,3
575928,2
575931,2
575936,2
575941,3
575946,3
575950,4
575955,1
575957,2
575959,3
575962,2
575964,3
575970,2
575975,5
575980,1
575984,2
575989,2
575991,2
575997,2
575999,3
576002,2
576006,4
576010,2
576014,2
576018,2
576022,3
576026,3
576033,3
576036,2
576039,2
576043,2
576047,2
576050,3
576055,2
576062,2
576067,4
576078,3
576083,2
576090,3
576093,3
576096,6
576106,5
576113,4
576119,2
576121,3
576125,3
576128,2
576130,2
576135,4
576139,3
576143,3
576147,3
576150,3
576161,2
576164,3
576168,5
576173,4
576177,7
576200,2
576202,2
576205,2
576208,4
576217,4
576228,2
576231,2
576233,2
576235,2
576238,5
576248,2
576250,2
576253,3
576260,3
576265,2
576269,1
576272,2
576275,3
576280,3
576286,2
576288,2
576290,2
576292,3
576299,3
576303,1
576307,2
576309,2
576312,5
576317,3
576320,4
576324,2
576326,2
576328,2
576331,4
576339,3
576342,1
576344,2
576346,1
576348,3
576353,3
576358,3
576361,3
576364,4
576370,2
576376,2
576378,3
576381,3
576384,2
576390,3
576395,2
576399,1
576409,3
576416,3
576419,1
576426,4
576433,2
576436,2
576440,4
576459,2
576465,2
576467,1
576470,2
576475,2
576477,2
576479,2
576481,2
576483,4
576492,1
576498,3
576502,1
576509,2
576511,5
576527,4
576533,2
576539,4
576549,2
576553,2
576556,3
576559,2
576561,2
576563,2
576572,1
576584,3
576591,3
576595,4
576600,2
576602,1
576607,3
576614,2
576619,2
576622,1
576625,2
576627,2
576632,3
576638,2
576642,2
576650,4
576654,1
576656,2
576659,2
576662,2
576664,3
576670,2
576672,3
576676,2
576679,4
576683,4
576688,3
576691,3
576697,2
576699,4
576703,2
576706,2
576712,2
576717,3
576720,2
576728,5
576734,6
576740,4
576744,3
576759,2
576765,2
576772,3
576775,2
576778,3
576784,2
576787,2
576789,2
576797,1
576799,2
576801,2
576805,2
576807,2
576812,2
576815,2
576817,3
576822,2
576824,3
576829,1
576831,2
576833,2
576841,2
576848,3
576852,2
576854,2
576856,3
576859,2
576870,2
576875,2
576882,4
576893,2
576895,3
576899,2
576901,3
576905,3
576911,2
576913,3
576919,1
576929,2
576932,2
576937,2
576942,5
576947,2
576959,1
576964,2
576966,3
576971,3
576974,2
576980,3
576983,4
576989,4
576995,3
576998,4
577003,1
577006,4
577014,2
577016,2
577018,2
577025,3
577029,3
577032,3
577037,2
577042,3
577047,3
577050,2
577052,2
577054,2
577056,2
577058,2
577066,2
577069,2
577071,2
577088,3
577094,1
577099,2
577101,3
577106,1
577108,3
577116,3
577119,3
577129,2
577132,2
577139,6
577145,3
577149,2
577155,1
577158,2
577163,1
577165,2
577169,2
577171,2
577173,2
577175,1
577177,2
577179,1
577182,2
577186,2
577188,3
577193,4
577199,3
577205,2
577210,1
577212,2
577217,1
577219,3
577222,2
577228,2
577231,2
577234,2
577242,2
577245,3
577253,2
577257,2
577265,2
577276,2
577279,1
577283,2
577285,2
577295,3
577301,2
577304,3
577311,3
577314,2
577316,2
577319,4
577324,2
577326,1
577334,2
577336,4
577340,4
577344,3
577348,2
577352,2
577357,4
577364,2
577366,2
577368,2
577381,3
577389,3
577393,2
577397,3
577400,1
577409,3
577415,2
577418,3
577422,2
577425,2
577428,2
577431,3
577435,2
577439,3
577447,2
577449,1
577453,4
577458,3
577464,2
577476,3
577479,2
577488,3
577492,3
577495,2
577497,3
577512,4
577518,3
577521,3
577531,3
577540,3
577544,2
577546,4
577550,3
577555,4
577560,2
577562,2
577567,2
577571,2
577574,2
577578,3
577581,3
577585,2
577593,3
577598,2
577601,5
577608,2
577610,2
577622,2
577624,2
577628,5
577635,2
577638,2
577641,2
577643,2
577645,2
577650,2
577654,3
577662,1
577664,4
577673,2
577675,1
577682,2
577686,4
577690,6
577707,2
577710,2
577714,5
577719,1
577721,3
577726,3
577731,4
577741,2
577745,3
577751,2
577756,1
577758,2
577762,4
577770,2
577772,2
577775,1
577778,2
577784,2
577786,1
577789,2
577794,4
577798,2
577803,3
577806,5
577815,3
577818,5
577823,1
577825,1
577832,2
577840,3
577844,2
577850,2
577852,3
577855,2
577863,2
577868,2
577871,2
577876,2
577878,3
577882,3
577885,3
577891,2
577893,2
577895,2
577902,4
577912,2
577917,2
577926,2
577928,2
577930,4
577936,3
577939,2
577941,2
577944,2
577950,3
577955,2
577957,1
577962,2
577964,2
577968,4
577972,3
577976,2
577981,1
577983,1
577985,1
577990,2
577992,2
577997,3
578001,6
578007,3
578010,2
578012,2
578014,2
578018,2
578021,2
578026,4
578034,5
578042,2
578047,2
578054,2
578058,3
578061,2
578063,2
578066,2
578069,3
578072,2
578075,1
578080,2
578082,3
578085,1
578088,2
578091,3
578097,4
578102,2
578104,4
578110,2
578114,4
578127,2
578129,2
578143,2
578148,3
578152,2
578159,3
578163,2
578165,3
578169,3
578174,1
578176,4
578180,2
578185,3
578189,3
578193,2
578195,3
578199,2
578201,2
578203,2
578205,2
578207,3
578213,2
578215,2
578218,3
578221,2
578226,4
578236,1
578241,1
578245,2
578249,2
578419,1
578423,1
578450,1
578664,1
578771,1
578778,2
578908,5
578913,5
578918,2
578923,5
578931,2
578935,66
579003,2
579013,5
579032,1
579088,2
579091,5
579103,3
579107,6
579115,4
579119,4
579123,2
579125,2
579127,2
579131,2
579133,2
579136,2
579138,2
579172,2
579175,10
579185,6
579196,2
579199,2
579204,2
579210,2
579226,1
579235,2
579241,2
579264,2
579270,2
579290,2
579310,2
579340,2
579401,1
579406,5
579411,3
579449,4
579460,3
579463,3
579470,3
579473,2
579477,2
579479,5
579484,2
579487,2
579490,3
579493,2
579496,6
579502,2
579505,4
579512,2
579515,3
579518,10
579529,9
579538,3
579543,1
579545,52
579603,2
579605,3
579610,2
579615,5
579620,2
579622,4
579628,4
579635,2
579640,4
579644,2
579651,4
579656,2
579658,2
579661,2
579664,3
579670,2
579674,2
579676,3
579680,2
579695,4
579709,4
579713,4
579717,3
579720,2
579725,2
579729,1
579735,4
579739,6
579745,3
579763,1
579769,2
579771,3
579774,4
579778,8
579786,6
579792,3
579797,2
579799,3
579802,6
579808,3
579811,2
579816,2
579819,2
579826,2
579830,5
579840,3
579844,3
579849,3
579853,5
579859,5
579865,3
579868,2
579870,3
579873,12
579885,8
579893,1
579895,2
579904,1
579910,2
579914,3
579918,2
579921,4
579927,1
579932,3
579936,2
579938,3
579942,3
579945,2
579949,5
579956,8
579964,3
579967,2
579969,2
579971,3
579976,2
579979,2
579983,2
579986,3
579991,3
579994,2
579997,2
580000,2
580003,3
580006,4
580010,6
580016,2
580018,3
580021,3
580024,2
580027,2
580029,2
580031,3
580054,8
580062,2
580064,13
580077,7
580084,5
580089,12
580102,7
580109,2
580111,2
580114,2
580117,1
580128,1
580138,1
580140,1
580155,2
580166,7
580173,2
580186,2
580196,2
580198,7
580206,5
580211,8
580219,5
580224,3
580227,13
580240,4
580244,3
580249,6
580257,2
580259,5
580264,2
580285,1
580294,2
580296,3
580305,2
580307,2
580310,2
580315,1
580319,2
580321,6
580350,4
580354,2
580365,2
580377,7
580385,10
580396,3
580419,3
580443,3
580451,4
580455,6
580462,2
580465,2
580471,2
580473,2
580480,8
580488,3
580491,7
580500,5
580506,5
580511,3
580517,2
580528,2
580535,2
580537,2
580551,2
580573,2
580577,2
580579,2
580582,2
580584,4
580590,2
580594,2
580596,2
580599,2
580601,2
580603,3
580610,2
580615,2
580617,3
580620,3
580657,2
580662,2
580664,1
580677,1
580681,3
580780,2
580788,2
580790,2
580792,2
580794,2
580796,2
580822,4
580826,2
580870,1
580872,2
580875,2
580878,2
580885,2
580956,1
581154,2
581157,2
581211,1
581217,2
581238,1
581269,3
581272,2
581296,2
581304,2
581382,3
581405,1
581443,4
581573,2
581583,2
581585,2
581589,2
581593,2
581595,2
581598,2
581610,2
581680,1
581758,1
581798,3
581803,2
581805,5
581811,2
581814,1
581839,3
581842,2
581844,2
581864,4
581868,2
581870,3
581877,2
581879,4
581884,3
581900,3
581904,2
581925,1
581930,1
581934,9
582052,3
582063,2
582157,1
582169,3
582273,1
582471,1
582944,2
582948,3
582956,2
582958,5
582963,2
582965,3
582969,3
582972,2
582976,2
582981,3
582990,4
582995,2
583001,3
583004,8
583017,2
583020,3
583026,4
583033,3
583038,2
583040,3
583043,2
583047,2
583051,4
583059,3
583103,1
583204,1
583244,2
583279,1
583288,1
583301,2
583330,1
583333,1
583386,3
583400,1
583418,1
583457,1
583466,1
583473,2
583476,1
583487,2
583601,2
583606,2
583608,1
583671,2
583673,1
583680,1
583742,3
583836,1
583925,4
583934,6
583942,124
584092,2
584094,2
584100,2
584105,3
584108,3
584119,3
584122,2
584124,3
584128,1
584130,3
584138,5
584143,2
584145,8
584153,2
584155,4
584160,4
584170,2
584172,5
584181,15
584199,2
584201,4
584207,2
584209,1
584214,10
584225,2
584235,2
584240,2
584242,2
584244,2
584246,5
584251,2
584264,21
584293,3
584305,7
584349,3
584398,2
584400,3
584405,3
584409,4
584418,10
584429,1
584503,2
584506,5
584573,5
584578,2
584580,2
584593,2
584598,2
584647,7
584664,2
584666,3
584669,3
584676,2
584685,2
584690,2
584693,5
584723,6
584731,2
584742,5
584748,3
584752,2
584756,5
584761,2
584763,3
584777,1
584800,5
584805,3
584808,4
584866,1
584876,2
584890,2
584893,2
584895,3
584902,8
584910,3
584913,8
584978,2
584980,1
584993,2
584997,3
585058,2
585070,2
585080,2
585089,2
585095,2
585099,2
585106,4
585113,2
585116,2
585119,2
585124,2
585139,4
585143,2
585155,1
585157,4
585162,3
585166,4
585250,2
585255,2
585259,2
585261,2
585264,2
585266,3
585269,2
585282,5
585298,3
585301,2
585309,3
585350,1
585356,4
585371,2
585383,2
585388,3
585392,6
585399,1
585403,1
585408,3
585412,5
585428,2
585434,2
585443,3
585446,3
585449,4
585453,8
585461,2
585469,4
585473,6
585479,2
585481,5
585486,12
585498,2
585502,2
585522,4
585526,2
585533,3
585536,2
585538,3
585541,3
585546,2
585549,3
585564,1
585568,2
585575,3
585580,2
585582,2
585584,5
585589,4
585594,1
585603,6
585609,7
585616,3
585619,2
585628,2
585633,3
585637,2
585639,5
585647,3
585650,2
585652,2
585656,1
585670,3
585674,1
585683,2
585688,2
585690,1
585694,3
585697,3
585705,2
585738,10
585767,2
585771,2
585774,2
585801,2
585814,3
585854,5
585862,2
585864,2
585883,3
585891,2
585893,2
585898,2
585911,4
585915,3
585920,16
585945,10
585964,4
585973,4
585981,8
586171,2
586200,2
586228,1
586231,2
586234,2
586238,2
586250,2
586255,2
586292,3
586295,2
586297,2
586304,2
586306,3
586310,2
586312,2
586315,2
586319,2
586321,42
586369,10
586382,2
586394,2
586401,2
586418,2
586421,2
586428,1
586437,2
586439,2
586447,2
586450,2
586452,2
586454,2
586463,2
586465,2
586474,3
586477,2
586479,2
586481,2
586486,2
586488,4
586505,2
586513,2
586515,2
586517,2
586521,2
586525,2
586538,5
586563,2
586626,2
586642,4
586656,3
586663,2
586667,2
586670,2
586673,2
586677,2
586681,2
586683,3
586695,4
586699,2
586702,3
586713,2
586771,2
586773,2
586786,2
586794,3
586804,2
586807,3
586817,2
586827,5
586834,3
586839,2
586844,2
586884,2
586891,2
586906,3
586915,4
586963,5
586973,2
586975,2
586977,2
586979,2
586981,2
586985,4
586989,3
586992,2
586994,3
586998,2
587000,3
587003,2
587006,2
587013,3
587018,3
587024,2
587028,2
587035,4
587048,2
587062,3
587073,2
587079,2
587083,2
587087,3
587092,3
587101,2
587106,4
587114,2
587116,2
587118,2
587121,2
587127,2
587130,2
587132,1
587137,3
587147,1
587172,2
587188,2
587220,2
587224,2
587228,2
587230,1
587236,5
587304,2
587352,2
587397,2
587400,4
587409,2
587420,1
587462,1
587464,2
587466,1
587470,2
587475,2
587481,2
587538,6
587547,2
587552,1
587583,1
587610,1
587615,5
587626,2
587630,6
587640,3
587648,6
587657,6
587667,12
587689,9
587702,1
587724,1
587751,1
587767,3
587771,2
587775,1
587777,2
587780,4
587786,1
587788,2
587815,2
587822,3
587826,1
587828,1
587831,2
587833,2
587839,1
587854,3
588009,2
588037,1
588051,2
588065,2
588405,1
588429,1
588473,3
588477,1
588651,2
588656,1
588658,1
588661,1
592475,2
592477,30
592507,4
592511,6
592517,2
592519,4
592524,5
592529,3
592532,2
592534,5
592539,3
592542,16
592560,4
592564,2
592568,3
592572,2
592574,4
592579,3
592582,7
592589,3
592592,7
592599,2
592601,2
592604,2
592607,12
592619,2
592622,2
592625,2
592627,4
592631,8
592639,1
592641,20
592662,3
592665,8
592675,3
592678,2
592681,2
592684,3
592687,5
592694,2
592696,3
592699,3
592702,2
592704,4
592708,3
592712,3
592715,4
592719,3
592724,10
592735,3
592738,14
592754,2
592756,2
592759,3
592762,3
592765,5
592771,2
592773,2
592775,2
592778,7
592785,3
592788,2
592790,4
592794,3
592797,2
592799,3
592802,3
592805,2
592807,3
592811,6
592817,8
592825,14
592839,3
592843,2
592847,3
592851,3
592854,3
592857,3
592860,2
592863,2
592866,3
592869,3
592872,4
592876,3
592882,3
592887,2
592889,3
592892,6
592899,2
592902,5
592907,3
592910,3
592915,3
592918,3
592921,2
592923,2
592925,5
592931,2
592933,3
592938,4
592942,3
592945,3
592948,3
592951,2
592954,4
592958,7
592966,3
592969,4
592973,4
592979,2
592981,2
592987,2
592989,4
592993,6
592999,3
593002,4
593007,2
593009,3
593013,4
593017,5
593022,3
593026,5
593032,5
593037,3
593043,3
593046,2
593049,2
593051,2
593054,2
593057,5
593062,4
593066,2
593068,3
593073,2
593075,2
593078,3
593081,4
593088,2
593090,2
593093,2
593096,2
593098,2
593100,2
593102,3
593107,2
593109,2
593111,3
593120,5
593126,2
593128,3
593131,2
593135,5
593140,3
593144,3
593147,2
593149,5
593156,2
593158,3
593161,9
593170,4
593175,3
593178,3
593185,3
593192,3
593197,3
593201,3
593204,2
593206,3
593209,5
593216,2
593220,2
593224,2
593227,6
593233,3
593239,2
593242,2
593244,2
593246,3
593250,5
593257,3
593260,4
593264,4
593268,2
593270,2
593272,4
593278,3
593281,4
593288,2
593291,2
593295,3
593299,2
593301,3
593305,2
593307,4
593311,3
593319,4
593323,4
593327,3
593332,2
593337,5
593342,5
593348,2
593350,3
593353,4
593357,3
593360,2
593362,2
593365,2
593368,2
593372,2
593374,2
593376,2
593378,5
593384,2
593387,2
593392,2
593394,2
593396,2
593399,3
593404,2
593406,2
593408,2
593410,2
593412,7
593419,2
593421,3
593424,3
593428,2
593430,2
593433,11
593444,2
593454,3
593458,2
593460,3
593463,2
593465,4
593474,2
593479,3
593482,2
593485,4
593489,3
593492,3
593495,2
593501,5
593507,2
593509,5
593514,2
593516,4
593520,2
593523,2
593525,2
593528,6
593535,2
593539,2
593541,3
593545,3
593549,3
593552,2
593558,5
593569,2
593571,3
593576,2
593578,3
593582,2
593585,2
593587,2
593589,5
593594,5
593599,5
593604,2
593608,2
593611,6
593617,5
593622,3
593628,2
593630,2
593632,2
593634,4
593638,2
593640,7
593648,4
593652,3
593658,4
593662,6
593673,2
593677,2
593682,3
593687,3
593691,7
593699,2
593705,2
593707,3
593711,4
593718,3
593721,2
593723,4
593727,3
593736,6
593743,2
593745,3
593748,2
593752,2
593754,2
593756,2
593758,3
593764,2
593766,3
593769,2
593771,2
593775,3
593778,3
593784,7
593791,2
593793,4
593799,2
593802,3
593806,2
593810,3
593813,2
593816,6
593824,3
593827,4
593831,3
593836,2
593839,2
593842,4
593846,2
593849,3
593852,3
593855,3
593859,2
593861,2
593865,7
593873,2
593875,6
593882,5
593888,3
593891,2
593893,2
593895,4
593900,2
593903,7
593911,3
593914,2
593916,3
593919,5
593924,4
593928,5
593933,2
593935,3
593940,2
593942,5
593947,2
593949,4
593953,7
593960,3
593964,3
593968,4
593973,3
593976,2
593978,3
593981,2
593986,5
593993,3
593996,5
594001,2
594003,2
594006,2
594008,2
594011,1
594013,3
594016,3
594019,8
594027,3
594033,3
594037,2
594042,3
594045,2
594048,3
594051,2
594053,3
594057,8
594065,3
594069,2
594071,2
594073,2
594075,2
594077,2
594079,3
594083,2
594087,2
594089,5
594095,3
594098,2
594100,2
594102,2
594106,3
594109,10
594119,3
594122,3
594127,2
594129,2
594133,2
594135,4
594142,3
594147,5
594152,2
594154,2
594157,2
594159,2
594162,4
594167,3
594171,2
594174,4
594179,2
594181,3
594184,7
594192,3
594196,4
594200,2
594202,2
594207,2
594211,3
594214,2
594217,2
594219,2
594221,2
594223,4
594227,4
594231,2
594233,6
594239,2
594241,2
594243,2
594251,2
594254,4
594259,3
594264,3
594267,2
594272,3
594275,2
594279,3
594283,6
594297,2
594303,3
594307,3
594310,2
594312,4
594316,4
594320,3
594324,2
594327,3
594336,3
594339,6
594345,2
594347,4
594351,2
594353,2
594355,4
594359,2
594361,3
594364,5
594373,3
594379,2
594382,4
594386,7
594393,2
594395,3
594398,2
594400,3
594408,2
594410,2
594413,5
594419,4
594423,2
594425,2
594428,2
594430,4
594434,3
594437,3
594440,5
594445,3
594448,4
594452,2
594459,3
594462,2
594465,2
594468,2
594470,2
594472,2
594474,2
594476,5
594484,3
594487,2
594489,4
594493,4
594499,5
594504,2
594506,2
594508,4
594513,3
594517,6
594525,6
594531,2
594533,4
594537,3
594540,2
594543,2
594545,2
594547,7
594554,4
594558,3
594561,3
594564,3
594570,6
594577,3
594580,3
594583,5
594588,4
594595,2
594597,2
594599,2
594601,2
594603,2
594605,2
594607,4
594611,3
594614,3
594617,2
594619,3
594623,4
594632,2
594635,3
594638,4
594642,3
594645,5
594650,3
594655,2
594658,2
594663,2
594665,4
594669,3
594673,2
594675,3
594680,3
594683,5
594688,2
594695,3
594698,7
594705,3
594709,2
594711,2
594714,2
594716,2
594718,3
594721,6
594727,2
594730,3
594736,4
594740,4
594744,3
594749,3
594752,3
594759,4
594763,2
594765,6
594773,3
594776,6
594782,3
594786,2
594789,3
594796,4
594800,2
594803,2
594807,2
594810,6
594816,5
594822,4
594827,2
594829,2
594832,3
594835,2
594837,2
594843,4
594847,3
594850,2
594852,3
594857,3
594861,2
594863,4
594867,4
594871,3
594875,2
594879,3
594882,6
594888,2
594890,2
594892,7
594899,3
594902,5
594907,9
594916,3
594920,2
594923,3
594926,2
594928,3
594933,5
594938,2
594940,3
594943,2
594945,2
594947,2
594949,2
594952,3
594955,2
594957,2
594959,3
594962,3
594966,2
594968,5
594973,2
594975,2
594978,2
594980,3
594983,2
594986,5
594991,3
594994,3
594997,3
595004,2
595006,2
595008,3
595011,4
595018,2
595023,2
595025,2
595028,4
595033,2
595035,2
595038,3
595042,2
595044,5
595049,4
595055,2
595057,2
595059,2
595061,3
595067,4
595072,2
595074,2
595076,4
595080,4
595086,2
595088,2
595090,3
595093,4
595098,2
595100,5
595105,6
595113,2
595115,2
595117,2
595120,6
595126,10
595136,3
595139,3
595147,4
595152,2
595156,5
595162,2
595164,5
595172,3
595176,7
595184,2
595186,2
595188,3
595191,4
595195,2
595197,2
595200,2
595203,3
595206,2
595208,2
595212,2
595214,6
595221,4
595225,6
595232,3
595236,2
595240,2
595242,4
595246,2
595249,3
595252,2
595255,4
595259,3
595264,2
595266,3
595269,3
595274,2
595278,5
595284,2
595286,4
595291,7
595300,5
595306,3
595309,2
595312,6
595321,2
595323,2
595328,2
595333,4
595338,3
595341,3
595344,2
595347,2
595349,2
595351,4
595357,4
595362,3
595367,3
595371,2
595374,7
595381,2
595384,6
595390,3
595393,3
595397,2
595400,3
595403,3
595407,4
595411,5
595417,3
595420,3
595423,3
595426,3
595430,3
595433,3
595436,4
595444,4
595449,2
595451,2
595453,7
595461,3
595464,3
595467,3
595470,9
595480,2
595482,2
595484,3
595487,2
595489,3
595495,2
595497,3
595500,2
595502,3
595505,3
595508,9
595517,6
595523,2
595527,2
595533,3
595536,3
595540,4
595544,2
595546,2
595548,1
595553,3
595556,1
595558,5
595564,5
595569,3
595575,2
595577,3
595580,3
595583,2
595585,2
595591,3
595594,3
595598,2
595601,3
595604,2
595608,3
595611,2
595614,3
595619,2
595626,3
595629,2
595631,3
595637,2
595639,2
595642,3
595645,3
595648,3
595651,2
595653,2
595655,4
595660,2
595663,5
595668,3
595671,9
595684,2
595687,2
595689,3
595692,4
595696,4
595701,2
595703,3
595706,3
595709,2
595714,2
595719,5
595724,3
595727,3
595732,2
595734,2
595736,2
595741,3
595745,5
595752,3
595756,2
595758,3
595761,2
595765,3
595768,3
595771,4
595777,2
595779,3
595782,5
595792,3
595798,2
595800,2
595807,2
595809,7
595816,2
595818,3
595821,2
595824,7
595831,4
595836,3
595839,2
595842,3
595845,3
595848,3
595851,4
595856,4
595860,2
595863,4
595869,3
595875,2
595877,3
595880,2
595883,3
595887,6
595893,4
595897,3
595901,4
595906,3
595909,2
595911,2
595913,4
595920,3
595925,3
595929,2
595932,2
595939,3
595944,4
595949,1
595951,2
595953,2
595957,2
595959,2
595965,3
595968,5
595973,2
595975,4
595980,2
595982,4
595986,2
595989,3
595992,2
595996,3
596004,4
596008,3
596013,8
596021,2
596024,3
596027,6
596034,3
596037,2
596041,3
596045,3
596049,4
596053,2
596056,2
596061,2
596064,2
596066,2
596068,3
596071,4
596075,2
596078,3
596082,6
596089,2
596091,5
596097,3
596100,2
596103,2
596105,3
596108,5
596115,2
596118,5
596124,5
596129,3
596132,3
596137,3
596140,5
596147,3
596150,5
596158,2
596161,2
596163,6
596169,2
596172,4
596178,4
596182,4
596186,2
596190,3
596197,3
596208,2
596210,6
596216,3
596219,4
596223,4
596227,3
596232,2
596234,2
596238,3
596241,2
596245,6
596255,4
596260,4
596266,2
596268,2
596271,2
596273,2
596277,4
596281,2
596283,5
596288,5
596296,2
596300,2
596302,3
596305,5
596311,2
596313,5
596318,10
596328,2
596331,3
596334,2
596336,2
596338,2
596340,4
596351,2
596354,2
596356,3
596360,3
596363,2
596365,3
596368,2
596371,2
596373,2
596378,3
596381,11
596392,2
596394,2
596396,2
596398,5
596403,4
596408,5
596413,2
596416,2
596418,5
596423,2
596427,3
596431,3
596434,4
596439,3
596442,3
596446,7
596455,2
596457,4
596462,4
596466,2
596469,3
596475,2
596479,5
596484,3
596487,2
596491,2
596493,3
596496,4
596500,2
596502,2
596509,3
596512,4
596517,2
596521,2
596523,2
596526,2
596528,3
596536,2
596538,4
596542,2
596544,2
596546,3
596550,2
596552,5
596558,2
596560,4
596567,3
596571,3
596574,2
596578,5
596583,7
596595,2
596598,2
596601,4
596605,4
596610,2
596615,4
596619,4
596623,7
596630,3
596634,4
596639,4
596644,2
596654,1
596656,3
596659,1
596663,3
596666,4
596672,3
596675,2
596679,5
596685,2
596687,2
596689,4
596693,2
596695,5
596700,2
596702,4
596707,4
596713,4
596717,2
596719,3
596722,2
596724,2
596727,2
596734,3
596737,2
596741,2
596745,3
596751,5
596757,3
596760,2
596762,9
596771,2
596775,4
596781,3
596784,4
596788,4
596793,4
596797,2
596800,3
596803,5
596809,4
596815,3
596822,4
596826,5
596831,2
596833,2
596835,3
596839,2
596841,2
596845,2
596848,3
596852,6
596858,2
596860,2
596864,3
596867,4
596871,2
596873,2
596875,2
596882,3
596886,5
596894,2
596901,2
596903,3
596906,3
596909,2
596914,2
596917,2
596919,3
596924,2
596927,2
596929,3
596934,2
596938,2
596940,4
596945,2
596947,2
596949,3
596952,4
596957,2
596960,6
596970,2
596974,3
596978,3
596982,2
596984,2
596987,4
596992,3
596995,2
596997,5
597002,6
597008,7
597016,6
597023,3
597027,2
597029,5
597034,3
597037,6
597043,3
597052,3
597055,3
597058,4
597062,2
597064,2
597066,3
597069,7
597076,3
597079,2
597084,4
597088,2
597091,6
597098,3
597101,4
597109,3
597112,2
597114,2
597116,6
597122,2
597124,2
597126,2
597128,2
597131,3
597135,2
597143,3
597147,4
597151,3
597155,7
597162,3
597165,2
597169,2
597171,5
597176,2
597178,4
597183,3
597186,3
597189,2
597191,2
597194,2
597197,4
597202,6
597208,3
597211,2
597213,6
597221,2
597224,3
597227,2
597230,4
597236,3
597240,2
597242,6
597249,3
597253,4
597257,2
597260,3
597263,3
597266,3
597270,2
597274,4
597279,2
597281,3
597284,2
597286,5
597292,7
597299,3
597302,3
597305,3
597308,2
597312,2
597315,2
597317,3
597323,2
597328,2
597331,2
597333,2
597335,3
597338,2
597341,7
597349,3
597352,2
597354,2
597356,3
597359,2
597362,2
597366,3
597369,2
597374,5
597382,2
597384,2
597388,5
597394,2
597396,3
597399,12
597411,2
597413,4
597417,2
597419,4
597423,2
597425,4
597429,4
597440,2
597442,3
597445,2
597447,2
597449,2
597451,2
597455,3
597458,6
597466,2
597468,2
597470,2
597475,2
597478,2
597480,2
597483,4
597489,2
597493,4
597497,2
597501,2
597503,3
597506,9
597518,2
597522,2
597524,4
597528,2
597530,2
597532,6
597538,3
597541,2
597544,3
597547,2
597550,4
597554,2
597557,4
597561,3
597565,3
597568,2
597571,2
597573,4
597578,2
597580,2
597583,4
597587,5
597592,2
597594,3
597598,5
597603,4
597607,3
597610,2
597612,2
597614,2
597618,2
597620,3
597623,2
597629,3
597632,8
597640,4
597644,2
597646,2
597648,2
597650,5
597657,6
597664,4
597668,2
597671,3
597675,2
597678,3
597681,4
597685,3
597688,3
597693,3
597699,3
597702,2
597707,2
597709,4
597714,3
597717,3
597720,2
597723,5
597728,8
597736,4
597740,2
597745,2
597751,3
597756,2
597758,2
597760,2
597763,2
597765,4
597769,2
597771,2
597773,2
597775,2
597777,1
597782,2
597784,2
597786,2
597788,2
597791,2
597793,3
597796,6
597802,5
597809,3
597812,2
597815,3
597818,3
597824,3
597827,3
597830,6
597836,4
597840,13
597853,3
597857,4
597863,3
597866,2
597869,7
597877,2
597879,2
597882,3
597885,4
597889,2
597893,3
597896,2
597902,3
597905,5
597910,3
597915,2
597917,4
597921,2
597923,5
597931,3
597941,6
597951,7
597959,2
597964,2
597966,3
597974,2
597977,2
597979,5
597985,4
597999,3
598004,3
598007,2
598011,4
598015,3
598018,3
598023,2
598025,2
598027,3
598030,2
598032,2
598035,4
598039,2
598041,2
598043,2
598045,5
598054,3
598057,5
598063,3
598066,3
598071,4
598075,2
598077,2
598081,5
598088,2
598090,2
598092,6
598100,2
598102,3
598106,2
598108,3
598111,4
598115,2
598117,6
598124,5
598134,1
598139,3
598143,3
598146,3
598149,4
598153,3
598157,3
598160,5
598168,2
598170,2
598177,3
598180,3
598183,2
598185,2
598187,2
598190,3
598193,3
598197,3
598201,5
598208,2
598210,6
598216,2
598218,2
598221,4
598225,3
598229,4
598235,6
598241,3
598244,2
598248,2
598250,4
598257,3
598260,3
598263,3
598266,3
598270,3
598273,2
598277,3
598280,2
598283,2
598287,2
598290,2
598293,4
598300,3
598303,3
598306,7
598314,2
598317,3
598320,2
598322,2
598325,2
598334,3
598337,2
598339,2
598341,2
598343,2
598347,2
598350,3
598355,2
598362,3
598368,3
598371,2
598375,6
598381,5
598390,2
598394,4
598398,4
598403,4
598407,2
598410,4
598414,2
598416,2
598422,2
598424,6
598430,2
598432,2
598434,5
598440,3
598443,2
598445,2
598447,3
598454,2
598456,3
598459,3
598462,3
598469,3
598474,4
598478,2
598482,2
598484,4
598489,2
598491,2
598495,3
598498,2
598502,3
598505,4
598509,2
598512,4
598521,5
598526,5
598531,2
598533,2
598535,2
598538,2
598540,3
598544,3
598547,4
598551,3
598555,2
598558,2
598561,3
598564,6
598571,2
598573,4
598577,3
598580,2
598582,3
598586,3
598589,2
598594,5
598602,5
598607,2
598609,2
598611,2
598614,5
598619,3
598622,2
598624,3
598628,3
598631,4
598642,2
598645,3
598652,3
598655,3
598660,3
598665,2
598669,5
598674,2
598679,2
598683,3
598686,3
598689,2
598691,2
598694,2
598698,2
598701,2
598704,6
598712,2
598715,2
598717,5
598722,3
598725,3
598728,2
598730,4
598737,2
598740,2
598743,4
598747,2
598750,3
598755,5
598762,3
598766,4
598773,2
598780,2
598782,2
598786,2
598788,2
598790,4
598794,5
598799,5
598804,2
598806,4
598810,4
598816,3
598820,2
598823,3
598826,4
598830,2
598835,3
598838,2
598840,4
598845,4
598849,4
598853,5
598858,8
598866,2
598868,4
598873,3
598876,3
598879,2
598881,2
598887,2
598890,2
598894,4
598901,2
598906,2
598910,3
598913,5
598918,3
598921,6
598929,2
598931,3
598934,4
598941,3
598945,3
598951,2
598957,6
598963,3
598967,2
598974,2
598979,3
598983,2
598985,5
598990,3
598993,2
598997,2
598999,2
599001,4
599006,2
599008,2
599010,2
599012,2
599016,2
599019,2
599022,3
599025,3
599028,6
599039,3
599042,2
599045,2
599047,2
599049,2
599053,2
599057,2
599059,2
599063,2
599065,1
599067,3
599071,2
599073,3
599076,2
599078,6
599084,5
599094,4
599099,4
599105,2
599107,2
599109,2
599111,3
599116,3
599121,2
599123,3
599127,1
599130,5
599138,2
599141,2
599143,3
599146,3
599150,2
599155,11
599168,2
599171,4
599175,4
599179,2
599181,2
599188,2
599191,2
599195,7
599202,4
599206,7
599214,2
599216,3
599219,3
599222,2
599224,2
599229,3
599232,7
599240,2
599244,2
599247,2
599249,2
599252,3
599255,3
599260,2
599263,3
599268,3
599271,2
599273,4
599278,2
599282,3
599286,3
599289,2
599293,2
599297,3
599300,2
599302,4
599306,3
599309,5
599314,2
599316,5
599321,2
599325,2
599327,4
599331,4
599335,3
599339,6
599349,3
599353,2
599355,5
599361,4
599366,3
599373,3
599376,4
599381,3
599384,2
599387,3
599399,5
599404,3
599408,5
599414,3
599418,2
599420,2
599423,2
599426,3
599430,3
599433,2
599435,2
599438,3
599444,4
599448,3
599451,3
599454,2
599458,3
599462,2
599464,4
599471,3
599476,5
599481,3
599484,3
599487,3
599490,2
599498,5
599508,2
599510,2
599514,2
599519,4
599524,5
599530,2
599532,3
599537,2
599540,4
599545,2
599550,2
599553,6
599562,2
599564,4
599569,2
599572,2
599574,2
599579,2
599587,3
599595,2
599600,2
599607,5
599612,2
599617,2
599621,2
599624,2
599626,2
599632,2
599634,6
599642,4
599649,2
599651,2
599653,5
599660,3
599664,2
599668,4
599672,3
599675,4
599679,2
599682,2
599684,2
599686,4
599690,2
599692,3
599695,3
599700,3
599703,5
599708,7
599715,3
599720,2
599722,3
599725,5
599731,2
599734,2
599739,2
599750,2
599752,2
599754,2
599757,3
599763,6
599769,3
599772,2
599774,3
599780,2
599785,4
599789,3
599793,2
599796,2
599799,4
599803,2
599806,3
599811,4
599815,1
599819,3
599827,2
599831,5
599838,1
599840,3
599843,2
599845,3
599848,3
599851,4
599855,3
599858,3
599861,2
599865,2
599867,3
599870,3
599873,3
599878,2
599880,2
599882,2
599888,1
599894,2
599896,3
599899,2
599902,2
599905,2
599907,2
599912,2
599916,2
599918,6
599924,2
599926,4
599932,2
599935,2
599937,3
599940,4
599948,3
599951,2
599955,4
599959,2
599962,2
599967,3
599971,2
599973,2
599975,4
599980,2
599982,2
599986,3
599994,2
599996,2
600000,2
600003,3
600006,2
600009,5
600014,4
600018,4
600023,2
600025,3
600028,2
600031,4
600038,2
600040,6
600046,4
600051,3
600055,3
600059,3
600069,4
600074,2
600076,4
600080,3
600086,3
600089,2
600093,2
600098,2
600102,2
600104,2
600107,4
600111,2
600114,2
600117,2
600119,3
600122,2
600124,5
600130,5
600135,3
600141,3
600145,3
600148,2
600158,2
600163,2
600165,2
600168,2
600170,2
600172,4
600176,4
600180,2
600182,4
600186,2
600190,4
600194,2
600197,2
600199,2
600201,3
600204,3
600207,2
600211,3
600217,4
600225,2
600230,2
600232,2
600234,6
600240,2
600247,4
600251,2
600255,2
600258,2
600260,2
600262,2
600264,3
600267,2
600269,2
600273,4
600277,6
600287,2
600290,2
600292,2
600294,8
600302,3
600307,5
600314,2
600319,4
600326,2
600331,5
600337,1
600340,2
600343,3
600346,3
600349,3
600352,3
600355,3
600359,8
600370,2
600372,8
600380,2
600382,4
600386,3
600391,3
600394,3
600398,2
600402,2
600412,2
600414,1
600418,3
600421,2
600425,3
600429,2
600431,4
600438,4
600442,2
600445,3
600450,3
600453,3
600459,5
600467,4
600471,2
600475,3
600479,3
600482,4
600490,3
600493,3
600496,4
600500,5
600506,3
600509,2
600512,5
600519,4
600523,3
600526,3
600529,4
600534,2
600540,2
600542,2
600544,2
600546,3
600552,2
600554,2
600556,2
600558,4
600562,2
600564,7
600571,3
600574,2
600577,2
600579,5
600585,2
600587,2
600589,4
600593,2
600598,2
600603,3
600607,2
600610,2
600614,3
600617,1
600619,4
600623,2
600625,2
600628,2
600630,3
600633,5
600639,2
600643,2
600646,3
600649,5
600656,2
600662,2
600665,5
600671,2
600673,1
600675,5
600680,2
600682,3
600685,4
600689,2
600692,1
600694,3
600699,3
600702,2
600704,3
600707,4
600715,2
600717,2
600720,4
600724,3
600727,3
600731,5
600736,3
600739,3
600742,3
600745,2
600747,2
600749,2
600752,5
600757,5
600765,6
600772,9
600782,2
600784,4
600788,2
600790,3
600794,2
600797,2
600799,3
600809,5
600815,1
600819,4
600824,2
600826,2
600830,2
600832,2
600834,3
600839,3
600845,3
600850,2
600852,2
600860,2
600864,2
600867,6
600873,2
600875,2
600880,2
600882,4
600886,3
600889,2
600895,4
600901,2
600903,3
600906,5
600913,2
600915,4
600919,3
600922,2
600925,5
600930,1
600933,3
600937,2
600943,2
600945,3
600948,2
600956,3
600959,2
600964,8
600973,2
600975,2
600977,3
600980,2
600983,12
600995,3
600998,3
601003,3
601011,4
601016,2
601018,2
601026,3
601034,2
601036,3
601040,6
601046,2
601049,2
601052,2
601058,4
601064,2
601068,2
601070,5
601075,3
601080,2
601084,2
601088,2
601090,6
601098,2
601104,2
601106,2
601109,3
601113,2
601118,3
601121,6
601130,6
601136,3
601140,5
601151,2
601153,6
601161,6
601173,2
601177,2
601179,3
601183,2
601185,4
601189,3
601194,2
601198,2
601200,2
601203,2
601205,2
601207,4
601211,6
601217,4
601225,5
601232,3
601237,2
601241,4
601251,3
601255,2
601259,2
601261,4
601267,2
601269,2
601271,6
601278,2
601285,2
601289,3
601295,4
601300,4
601304,2
601307,2
601309,3
601312,2
601314,2
601318,2
601322,4
601328,4
601332,4
601340,2
601344,2
601347,3
601350,4
601356,4
601361,3
601365,2
601367,3
601370,3
601373,3
601376,2
601380,5
601385,2
601388,2
601392,2
601395,3
601398,3
601401,3
601405,3
601408,3
601411,2
601415,2
601421,2
601425,2
601429,2
601431,3
601434,2
601436,7
601444,2
601447,3
601450,2
601452,2
601456,2
601458,2
601461,2
601464,3
601467,1
601472,2
601474,5
601479,2
601481,2
601486,2
601488,4
601492,6
601501,2
601504,2
601506,5
601511,2
601514,2
601517,2
601522,2
601525,3
601528,3
601531,2
601533,2
601535,2
601538,2
601540,2
601542,2
601544,3
601547,4
601552,2
601557,6
601568,2
601570,4
601574,2
601578,3
601581,2
601584,2
601586,4
601590,3
601593,2
601598,3
601602,5
601608,2
601614,3
601617,3
601620,3
601623,2
601625,2
601627,2
601629,2
601634,2
601638,4
601645,3
601648,3
601656,2
601658,3
601662,2
601664,2
601666,1
601668,2
601671,2
601675,4
601679,3
601683,2
601685,2
601688,2
601698,2
601701,1
601704,2
601709,3
601712,3
601716,7
601723,5
601728,3
601731,2
601733,2
601735,2
601738,8
601746,3
601749,4
601753,2
601755,5
601760,4
601764,2
601766,2
601771,2
601774,2
601776,2
601778,2
601780,2
601782,2
601784,5
601797,5
601802,2
601808,2
601810,3
601814,2
601816,3
601819,2
601828,2
601830,2
601832,6
601838,2
601840,2
601842,2
601847,2
601850,2
601852,2
601854,2
601856,2
601859,6
601868,1
601874,4
601883,2
601885,2
601888,2
601892,2
601898,5
601909,2
601911,3
601922,3
601927,3
601931,2
601937,2
601939,4
601943,2
601945,2
601950,2
601952,3
601955,4
601959,2
601963,3
601972,2
601974,3
601977,3
601984,2
601986,4
601990,7
601997,8
602005,3
602012,2
602015,2
602020,5
602028,2
602030,2
602032,6
602038,2
602040,2
602042,4
602048,2
602050,6
602056,2
602059,6
602065,2
602069,2
602071,3
602074,2
602077,3
602080,2
602082,3
602085,3
602088,3
602096,2
602100,3
602103,2
602105,4
602109,5
602114,3
602117,2
602121,7
602129,2
602135,4
602140,2
602146,3
602153,2
602157,2
602159,2
602163,5
602168,7
602179,2
602183,4
602188,3
602191,2
602200,2
602202,3
602205,3
602208,2
602211,2
602213,4
602219,7
602228,2
602230,2
602235,2
602238,2
602241,2
602245,2
602248,3
602251,2
602253,5
602260,2
602264,3
602267,3
602270,3
602274,3
602277,2
602279,6
602285,2
602287,6
602298,3
602301,2
602304,3
602307,2
602313,3
602316,5
602321,3
602324,5
602334,3
602337,3
602341,4
602346,2
602349,2
602351,3
602354,3
602357,2
602360,2
602366,3
602369,3
602372,4
602376,2
602379,3
602382,2
602385,4
602390,2
602392,3
602397,5
602403,8
602411,3
602414,3
602418,6
602424,4
602429,2
602432,3
602442,2
602444,5
602450,1
602453,3
602456,2
602468,2
602470,4
602482,2
602487,2
602489,3
602492,2
602495,3
602498,2
602500,2
602502,3
602508,2
602513,3
602516,2
602518,3
602522,3
602527,2
602531,2
602533,3
602537,3
602540,7
602548,4
602553,2
602556,3
602561,3
602567,2
602570,3
602576,3
602586,4
602592,3
602595,2
602597,2
602603,2
602605,2
602608,2
602610,12
602623,3
602629,3
602633,3
602639,7
602646,5
602652,5
602658,2
602660,3
602664,4
602668,2
602670,2
602672,3
602676,4
602680,3
602687,2
602689,2
602692,2
602698,3
602704,2
602706,4
602711,4
602717,2
602720,2
602722,2
602725,4
602729,2
602732,2
602734,1
602737,4
602742,2
602744,2
602747,3
602753,3
602759,4
602763,2
602765,2
602767,4
602771,2
602773,3
602776,2
602779,3
602782,2
602784,2
602788,3
602791,3
602796,5
602801,2
602805,2
602808,3
602812,2
602814,3
602819,2
602821,2
602823,2
602829,2
602832,2
602834,3
602837,2
602839,4
602845,4
602850,2
602853,3
602859,2
602870,2
602872,3
602875,2
602877,2
602879,2
602881,2
602884,2
602886,2
602890,5
602899,2
602901,2
602903,4
602907,2
602909,2
602911,3
602919,3
602928,2
602937,2
602940,2
602942,2
602944,5
602950,2
602957,2
602962,2
602966,3
602970,3
602977,3
602980,4
602986,2
602993,2
602996,4
603000,2
603002,2
603004,3
603010,2
603012,5
603017,2
603019,2
603024,2
603026,5
603032,2
603034,2
603038,2
603041,8
603054,2
603058,2
603060,4
603070,5
603075,2
603077,4
603081,7
603095,2
603097,1
603099,3
603104,4
603109,3
603112,3
603116,2
603119,2
603121,3
603124,2
603126,3
603130,4
603134,5
603141,4
603145,2
603148,3
603151,3
603154,3
603159,3
603162,2
603165,3
603169,2
603171,2
603173,3
603176,2
603181,2
603188,2
603193,3
603198,3
603202,2
603204,2
603206,2
603213,3
603216,3
603223,2
603227,6
603235,3
603242,4
603250,3
603256,3
603259,3
603262,2
603265,2
603269,2
603271,2
603273,2
603275,3
603278,2
603280,3
603285,4
603289,5
603294,2
603299,2
603301,3
603304,2
603310,2
603312,2
603315,2
603318,2
603320,2
603322,2
603324,3
603327,3
603330,2
603338,2
603342,1
603344,3
603348,7
603358,3
603361,2
603365,3
603368,2
603371,2
603373,2
603376,3
603386,2
603388,3
603393,3
603396,3
603406,3
603409,2
603418,2
603420,3
603423,4
603427,2
603430,3
603434,2
603436,5
603443,2
603448,3
603452,2
603454,2
603458,2
603460,3
603463,2
603465,2
603472,4
603476,4
603482,3
603485,3
603489,4
603493,2
603496,1
603499,3
603503,4
603508,3
603515,4
603519,4
603523,2
603525,5
603531,3
603539,3
603542,2
603544,3
603553,3
603557,3
603560,2
603570,1
603574,3
603578,2
603580,2
603582,5
603587,3
603590,2
603596,2
603600,3
603604,3
603607,2
603610,2
603612,4
603618,2
603621,2
603624,2
603628,2
603633,2
603635,6
603641,2
603645,3
603648,2
603652,2
603656,4
603661,3
603670,2
603672,3
603675,3
603678,3
603682,2
603691,3
603694,2
603697,4
603701,3
603705,2
603712,3
603715,2
603717,3
603720,5
603727,2
603730,5
603735,3
603742,9
603755,3
603759,3
603763,2
603768,2
603774,2
603776,3
603779,2
603781,2
603783,3
603788,2
603790,3
603794,4
603800,2
603803,2
603806,3
603810,2
603812,2
603815,4
603822,3
603825,3
603828,4
603832,5
603838,2
603840,3
603844,3
603847,2
603854,5
603861,3
603864,2
603866,2
603868,2
603870,2
603872,3
603875,4
603879,3
603882,3
603887,2
603889,2
603891,3
603896,2
603900,2
603903,2
603906,3
603910,3
603914,2
603916,8
603928,3
603931,3
603936,2
603938,2
603940,4
603944,4
603948,2
603952,4
603956,5
603964,5
603972,3
603976,7
603983,2
603985,2
603987,2
603992,2
603998,3
604002,2
604005,2
604007,2
604009,4
604013,2
604015,3
604018,2
604020,2
604024,2
604027,2
604029,2
604031,2
604035,2
604039,3
604044,4
604048,2
604050,3
604053,2
604056,2
604060,2
604062,7
604069,2
604071,2
604078,3
604081,2
604084,4
604088,4
604092,2
604094,2
604096,3
604100,3
604104,2
604106,2
604108,2
604110,3
604114,3
604119,5
604124,4
604130,4
604135,4
604139,2
604141,2
604145,3
604149,2
604152,7
604159,7
604166,6
604173,2
604175,3
604181,7
604189,1
604192,6
604201,2
604207,5
604218,2
604220,2
604222,2
604228,3
604232,1
604238,5
604243,2
604245,2
604249,3
604252,4
604258,4
604262,2
604266,2
604268,2
604270,3
604274,4
604279,3
604282,2
604284,2
604287,2
604289,6
604296,4
604309,2
604313,1
604322,2
604328,3
604335,2
604337,2
604343,3
604346,2
604352,4
604357,3
604360,2
604362,2
604364,2
604371,4
604375,2
604378,2
604386,7
604394,2
604396,3
604400,3
604405,5
604410,3
604413,3
604417,2
604419,4
604423,4
604432,4
604436,2
604439,2
604441,3
604447,2
604449,2
604451,3
604460,3
604463,3
604468,3
604471,3
604474,1
604476,6
604482,3
604489,2
604493,4
604498,4
604505,4
604509,2
604523,2
604533,4
604537,2
604548,3
604552,2
604555,3
604558,2
604563,3
604569,3
604575,2
604577,2
604579,4
604583,2
604585,4
604590,2
604592,2
604599,2
604602,3
604606,2
604611,5
604618,2
604620,2
604623,2
604625,2
604628,2
604630,3
604634,2
604637,2
604639,3
604643,3
604646,2
604650,2
604652,1
604656,4
604660,2
604662,3
604666,2
604669,4
604673,2
604675,4
604679,2
604684,3
604693,2
604695,3
604701,2
604704,2
604710,3
604713,2
604715,3
604719,2
604721,3
604726,2
604731,4
604735,2
604740,2
604744,4
604749,3
604755,1
604760,1
604765,1
604767,2
604769,2
604771,2
604773,2
604775,3
604778,2
604782,4
604788,8
604798,2
604800,2
604802,2
604809,2
604818,5
604825,2
604828,3
604832,4
604837,2
604842,5
604849,6
604856,5
604865,2
604869,2
604874,2
604882,6
604889,2
604891,3
604894,2
604896,5
604902,2
604907,2
604909,2
604912,3
604915,3
604918,4
604922,6
604935,3
604938,2
604940,3
604943,3
604946,6
604954,3
604958,1
604960,2
604963,2
604965,4
604969,4
604976,3
604979,3
604982,2
604988,3
604992,2
604994,2
604996,2
605003,1
605005,2
605007,2
605009,4
605015,5
605020,2
605027,5
605032,4
605036,4
605040,2
605042,4
605056,3
605059,2
605061,3
605068,6
605074,4
605078,2
605084,4
605090,3
605093,2
605095,2
605097,2
605099,3
605102,2
605105,2
605107,2
605110,3
605114,1
605118,3
605124,2
605126,1
605129,2
605131,4
605136,5
605148,2
605154,2
605156,6
605162,3
605166,3
605169,4
605174,1
605178,4
605185,3
605191,5
605196,2
605201,2
605205,6
605211,2
605213,2
605218,2
605220,7
605227,2
605229,1
605231,2
605236,5
605241,4
605245,3
605252,3
605257,2
605259,4
605263,4
605267,3
605273,1
605277,3
605280,2
605282,2
605284,2
605288,2
605293,2
605296,7
605303,2
605305,5
605317,2
605320,3
605327,1
605333,3
605345,2
605347,2
605349,1
605354,2
605356,3
605359,4
605363,2
605369,4
605373,4
605377,3
605380,2
605386,2
605389,3
605394,2
605403,3
605406,4
605415,3
605420,2
605429,2
605432,3
605436,4
605440,3
605443,4
605447,3
605450,4
605454,2
605456,2
605458,2
605463,4
605468,1
605470,2
605473,3
605478,3
605486,3
605494,2
605496,4
605500,2
605507,2
605509,3
605516,2
605518,3
605523,4
605527,3
605531,2
605533,4
605538,2
605543,2
605548,4
605552,2
605555,3
605559,2
605561,2
605563,5
605568,3
605576,2
605578,2
605580,2
605586,2
605588,2
605591,2
605594,6
605602,3
605607,3
605611,2
605614,2
605616,2
605620,5
605626,2
605628,2
605630,3
605633,2
605636,2
605638,3
605641,3
605644,3
605649,4
605653,2
605655,2
605657,3
605665,2
605667,2
605669,3
605673,4
605678,2
605680,3
605684,2
605686,2
605689,2
605693,1
605696,3
605699,3
605704,2
605706,2
605708,6
605714,2
605718,3
605722,4
605726,4
605731,2
605733,4
605737,2
605741,4
605746,3
605750,2
605758,2
605762,2
605764,2
605769,3
605772,2
605774,3
605778,2
605780,6
605786,3
605790,3
605795,5
605802,4
605806,2
605809,2
605811,2
605813,2
605819,2
605823,2
605827,3
605830,2
605832,2
605834,3
605842,3
605845,2
605847,3
605850,2
605853,2
605856,2
605858,2
605860,4
605864,3
605867,2
605869,2
605871,4
605876,2
605884,2
605888,5
605894,4
605899,2
605901,4
605905,2
605908,2
605911,2
605913,5
605919,3
605925,2
605930,4
605934,3
605938,2
605940,3
605944,2
605946,2
605948,3
605952,2
605956,2
605962,2
605967,5
605972,2
605975,2
605977,2
605979,2
605982,3
605985,3
605988,3
605991,2
605998,2
606000,2
606002,7
606013,4
606017,3
606021,2
606023,3
606027,2
606029,2
606031,4
606035,2
606037,5
606043,3
606046,3
606049,2
606051,3
606054,3
606058,4
606062,5
606070,3
606075,2
606080,3
606083,2
606085,2
606094,2
606097,2
606099,2
606103,3
606106,2
606108,3
606111,2
606113,3
606118,2
606126,2
606129,4
606134,1
606136,2
606142,2
606145,6
606156,3
606159,7
606166,2
606168,3
606173,3
606180,2
606186,3
606190,2
606192,3
606203,3
606210,2
606212,2
606215,3
606218,3
606221,2
606223,4
606229,5
606235,2
606237,3
606242,2
606244,3
606248,2
606252,2
606257,2
606265,2
606267,2
606269,3
606273,3
606278,2
606283,4
606287,3
606291,5
606296,4
606300,2
606304,2
606306,2
606310,3
606313,3
606317,2
606319,2
606323,2
606327,5
606346,4
606351,3
606354,2
606356,2
606358,6
606367,3
606372,3
606375,2
606378,2
606381,2
606383,1
606385,2
606388,4
606398,2
606405,2
606407,7
606415,2
606417,2
606419,2
606424,2
606428,3
606433,3
606438,2
606440,4
606444,2
606446,5
606451,2
606460,4
606466,6
606472,1
606478,2
606480,3
606484,3
606489,4
606495,3
606499,2
606501,5
606507,2
606509,3
606513,4
606517,2
606522,2
606524,2
606526,3
606530,2
606532,2
606534,3
606537,2
606540,3
606550,3
606553,8
606561,6
606567,2
606569,3
606572,5
606583,1
606587,3
606593,4
606597,1
606600,2
606602,5
606608,2
606610,2
606614,3
606619,2
606623,3
606630,2
606639,3
606643,4
606647,2
606649,2
606652,3
606655,4
606659,3
606663,3
606666,4
606672,2
606678,2
606680,3
606686,1
606691,5
606696,4
606700,3
606704,2
606707,4
606711,4
606716,2
606718,2
606723,2
606725,5
606730,4
606734,3
606738,3
606741,2
606748,5
606753,4
606759,2
606765,2
606771,3
606776,2
606779,4
606784,2
606787,2
606793,5
606800,2
606802,6
606810,6
606817,2
606824,4
606828,2
606831,2
606833,2
606835,3
606839,3
606843,1
606845,4
606850,2
606852,5
606860,4
606865,2
606869,4
606877,8
606887,2
606890,2
606892,3
606897,2
606902,4
606907,3
606911,3
606915,3
606918,2
606922,2
606927,2
606931,2
606933,4
606938,4
606943,3
606946,3
606951,2
606953,4
606958,2
606963,3
606967,2
606976,2
606980,3
606983,2
606985,4
606989,3
606992,2
606996,3
607000,2
607004,2
607006,2
607012,2
607015,2
607019,4
607023,3
607026,2
607028,2
607032,2
607035,3
607039,4
607043,2
607054,1
607056,5
607064,2
607066,2
607070,3
607073,2
607075,2
607077,4
607083,2
607085,3
607088,2
607092,1
607094,4
607100,3
607103,5
607109,4
607113,2
607115,2
607117,2
607120,6
607129,2
607131,2
607133,3
607136,2
607138,2
607140,3
607143,2
607145,5
607150,2
607152,2
607154,2
607160,3
607164,3
607167,2
607169,2
607174,6
607183,3
607186,3
607190,3
607193,2
607195,5
607200,3
607205,2
607207,2
607214,3
607217,3
607220,4
607224,2
607226,2
607228,2
607230,4
607234,2
607236,3
607239,8
607247,2
607253,2
607258,3
607262,3
607268,3
607271,1
607279,2
607283,6
607289,2
607291,5
607296,5
607302,3
607308,3
607316,4
607320,4
607324,2
607330,2
607332,2
607335,3
607338,4
607342,2
607344,2
607349,2
607351,2
607358,4
607362,1
607364,2
607366,3
607369,2
607372,2
607374,3
607377,5
607384,2
607388,2
607390,4
607396,3
607399,2
607402,4
607406,2
607408,2
607410,2
607416,3
607419,3
607424,3
607434,2
607437,3
607442,2
607450,2
607452,3
607455,11
607466,2
607470,2
607472,3
607475,1
607479,1
607483,3
607486,2
607488,2
607491,4
607499,2
607501,1
607503,3
607508,3
607511,2
607513,2
607515,2
607519,2
607524,1
607528,2
607531,3
607537,1
607545,1
607548,1
607552,1
607556,2
607605,1
607611,5
607625,2
607633,3
607650,2
607655,2
607667,4
607674,2
607677,2
607682,3
607685,3
607689,2
607692,2
607694,2
607697,2
607701,3
607706,2
607710,2
607720,3
607723,2
607725,2
607738,2
607742,2
607746,2
607752,2
607755,2
607757,2
607761,4
607766,3
607769,2
607777,2
607779,2
607781,2
607783,2
607796,3
607800,3
607804,3
607807,3
607811,6
607820,5
607825,3
607840,2
607842,2
607845,2
607848,4
607860,2
607885,4
607900,3
607911,3
607933,4
607947,2
607956,3
607966,3
607973,2
607986,2
607998,2
608000,3
608006,3
608009,3
608012,4
608018,2
608021,2
608023,3
608026,3
608030,3
608033,3
608037,4
608044,2
608049,5
608054,3
608057,3
608060,2
608066,7
608077,2
608079,3
608082,2
608084,2
608086,4
608090,3
608093,2
608095,5
608101,4
608105,3
608108,3
608117,5
608124,3
608127,2
608130,2
608132,2
608134,2
608136,4
608142,2
608144,2
608146,5
608151,2
608153,2
608155,2
608158,2
608160,2
608162,2
608164,2
608166,5
608171,2
608173,4
608181,2
608186,2
608191,3
608194,3
608197,3
608200,3
608203,3
608206,2
608214,2
608216,3
608220,2
608222,2
608226,2
608230,7
608328,2
608371,1
608387,1
608436,2
608444,2
608453,4
608472,2
608476,3
608521,4
608555,4
608574,2
608596,1
608604,2
608638,2
608661,3
608665,1
608669,5
608683,2
608687,2
608727,3
608734,2
608736,2
608742,2
608760,3
608779,3
608788,2
608796,2
608810,1
608819,2
608824,1
608832,2
608835,1
608840,3
608844,1
608847,1
608849,1
608874,3
608880,1
608882,2
608885,2
608894,2
608897,2
608904,2
608906,1
608916,2
608922,3
608942,4
608953,1
608958,1
608960,1
608968,2
608970,2
608984,1
608998,3
609006,1
609008,2
609018,2
609034,3
609092,1
609140,1
609143,2
609149,2
609164,3
609173,1
609213,1
609274,1
609284,4
609295,3
609311,1
609408,2
609479,2
609481,2
609499,1
609545,2
609554,2
609558,1
609570,1
609633,1
609637,1
609672,3
609687,2
609700,2
609712,3
609718,2
609728,2
609744,4
609778,1
609783,4
609791,1
609816,3
609842,2
609845,2
609849,2
609857,4
609875,2
609892,2
609914,2
609930,3
609941,2
609961,2
609964,2
609966,2
609983,2
609987,2
609998,3
610001,2
610023,5
610032,3
610042,2
610046,2
610060,3
610063,4
610079,2
610081,2
610089,2
610091,2
610094,2
610121,3
610128,2
610131,2
610134,3
610142,2
610144,3
610153,2
610160,3
610164,1
610170,3
610182,1
610185,2
610198,5
610240,2
610242,2
610262,2
610273,2
610284,3
610293,1
610297,2
610302,2
610332,2
610339,4
610348,2
610364,2
610369,2
610371,3
610379,2
610382,2
610388,6
610402,2
610404,2
610406,3
610413,2
610421,2
610424,2
610426,3
610439,5
610446,7
610467,2
610473,2
610478,3
610482,2
610487,2
610491,1
610502,3
610516,2
610519,2
610521,2
610523,2
610541,2
610549,2
610555,2
610561,4
610565,3
610596,2
610605,2
610624,3
610629,2
610639,3
610647,2
610658,3
610687,2
610697,3
610702,2
610728,2
610735,4
610757,3
610777,3
610787,2
610789,2
610791,3
610806,2
610812,8
610826,4
610833,2
610855,2
610866,1
610871,2
610896,2
610921,2
610927,2
610949,4
610963,3
610966,3
610991,5
611001,2
611035,4
611041,2
611058,2
611067,2
611075,2
611085,2
611092,2
611094,4
611103,3
611111,2
611130,2
611150,3
611189,6
611202,2
611204,3
611224,2
611232,3
611243,1
611257,2
611265,4
611281,4
611286,5
611292,4
611299,2
611305,1
611326,3
611352,3
611359,2
611361,3
611372,2
611375,3
611394,2
611409,3
611413,2
611416,2
611447,3
611456,3
611461,3
611495,5
611504,4
611508,4
611516,5
611537,6
611555,4
611573,2
611579,2
611584,2
611612,2
611617,3
611653,2
611657,2
611671,2
611675,3
611695,6
611704,2
611743,4
611789,6
611795,3
611801,2
611809,2
611814,2
611833,1
611843,3
611850,2
611853,3
611856,2
611866,3
611887,2
611914,4
611918,2
611933,2
611951,2
611971,3
611989,2
611991,2
611993,2
611998,1
612003,1
612008,3
612041,2
612044,2
612065,2
612123,2
612131,2
612142,2
612144,2
612153,3
612156,5
612161,6
612171,2
612181,7
612219,2
612246,2
612286,1
612288,3
612291,2
612298,3
612301,4
612315,1
612375,3
612378,2
612387,2
612391,2
612394,3
612400,5
612424,2
612431,1
612436,3
612440,5
612460,3
612471,5
612525,2
612528,2
612531,1
612534,3
612538,2
612541,2
612559,3
612565,3
612572,1
612577,1
612580,2
612584,2
612587,2
612602,2
612615,1
612625,3
612650,6
612657,2
612671,2
612684,2
612694,2
612717,3
612722,2
612730,2
612743,1
612752,2
612761,4
612766,3
612785,4
612805,2
612816,3
612831,2
612848,1
612854,2
612860,2
612867,2
612872,2
612878,2
612919,4
612933,4
612940,4
612944,3
612975,2
612984,2
612996,2
612998,3
613018,4
613046,3
613113,2
613116,2
613137,1
613140,2
613145,2
613148,3
613181,2
613240,6
613292,4
613297,2
613329,2
613338,2
613353,2
613356,3
613388,1
613394,2
613408,3
613446,2
613455,4
613465,1
613497,2
613499,2
613509,3
613512,3
613524,3
613548,3
613553,3
613581,2
613584,2
613586,2
613612,2
613619,2
613623,4
613627,2
613632,3
613636,3
613660,2
613662,4
613677,3
613683,2
613686,2
613701,3
613715,3
613721,4
613730,2
613732,1
613741,2
613748,2
613750,5
613765,2
613767,2
613781,2
613794,4
613809,2
613815,2
613860,1
613871,3
613881,5
613889,1
613893,2
613898,3
613905,1
613915,1
613923,3
613927,1
613931,4
613935,4
613946,3
613952,3
613955,2
613957,3
614019,1
614029,1
614035,1
614041,4
614072,3
614075,1
614105,3
614141,3
614153,2
614157,3
614162,2
614169,2
614172,3
614182,1
614190,2
614195,1
614205,1
614230,2
614263,3
614280,1
614284,2
614286,2
614291,2
614302,8
614324,2
614329,2
614384,3
614390,1
614393,2
614402,2
614406,2
614421,2
614439,1
614442,2
614453,1
614461,2
614463,2
614472,2
614477,2
614495,2
614509,3
614525,1
614546,2
614555,3
614560,3
614575,2
614593,2
614600,4
614604,3
614624,2
614634,1
614658,5
614678,2
614680,2
614686,2
614698,2
614719,2
614721,2
614747,2
614754,3
614774,2
614776,2
614799,2
614805,2
614814,2
614824,4
614839,2
614842,2
614850,2
614877,4
614900,2
614934,3
614951,2
614957,7
614991,3
615029,3
615044,2
615047,2
615052,2
615069,2
615076,2
615083,1
615093,2
615105,5
615115,1
615117,2
615139,4
615143,1
615170,6
615200,2
615202,3
615239,5
615255,2
615267,5
615272,3
615294,3
615309,2
615330,1
615332,1
615355,5
615366,2
615373,2
615386,2
615390,1
615401,3
615404,3
615407,2
615410,2
615426,3
615434,2
615465,5
615498,1
615508,6
615551,2
615564,2
615580,4
615603,2
615617,1
615641,2
615668,1
615681,2
615695,5
615705,3
615751,1
615792,2
615807,2
615812,2
615830,1
615858,3
615877,6
615883,2
615888,2
615896,2
615904,2
615913,1
615945,3
615952,2
615957,5
615963,2
615979,2
615992,4
615999,4
616003,2
616006,2
616023,4
616045,2
616047,2
616053,2
616056,6
616098,2
616103,1
616126,2
616160,1
616197,4
616215,3
616276,1
616278,2
616283,1
616287,1
616300,4
616331,3
616336,2
616345,1
616352,1
616363,2
616369,3
616383,2
616392,2
616404,3
616430,2
616436,2
616452,2
616456,2
616477,2
616480,5
616500,2
616505,1
616514,1
616525,7
616535,3
616546,1
616556,2
616567,1
616611,2
616636,1
616638,1
616641,5
616657,3
616665,1
616677,4
616707,3
616722,2
616724,1
616740,2
616750,2
616762,1
616817,4
616821,3
616826,1
616832,2
616850,5
616856,7
616891,3
616915,2
616935,3
616938,2
616953,2
616963,2
617011,1
617013,2
617035,3
617038,6
617050,2
617052,2
617055,2
617064,3
617117,1
617124,4
617149,1
617156,4
617161,4
617166,3
617182,1
617186,2
617198,2
617232,2
617236,2
617260,5
617270,3
617292,1
617302,4
617313,2
617315,3
617319,4
617360,3
617384,1
617395,3
617430,2
617436,8
617449,1
617488,1
617494,1
617498,2
617507,1
617527,2
617529,4
617581,1
617607,2
617625,2
617676,2
617731,2
617736,2
617758,4
617822,5
617849,2
617859,2
617861,1
617871,1
617879,3
617897,3
617937,1
617980,1
617990,3
618013,2
618020,4
618054,3
618069,3
618072,3
618092,2
618099,3
618115,2
618127,3
618135,3
618142,5
618174,3
618178,5
618195,3
618213,4
618217,4
618226,2
618235,1
618266,1
618280,3
618300,2
618318,1
618335,7
618354,3
618358,2
618362,3
618399,4
618403,1
618419,2
618447,2
618449,4
618459,2
618461,3
618491,1
618503,2
618505,2
618538,2
618544,2
618548,2
618564,1
618569,5
618595,4
618607,2
618617,2
618638,2
618655,2
618675,3
618679,2
618726,2
618755,3
618759,2
618796,2
618818,1
618837,3
618844,2
618863,5
618868,5
618886,2
618960,2
618971,1
618984,7
618993,2
619005,5
619034,3
619037,2
619045,2
619064,2
619074,2
619091,2
619101,2
619117,2
619119,3
619155,3
619166,2
619172,2
619183,2
619203,1
619217,1
619238,6
619263,2
619270,1
619278,5
619284,18
619302,14
619316,11
619327,2
619329,2
619331,15
619346,2
619348,3
619351,13
619364,8
619372,2
619374,2
619376,18
619396,10
619406,7
619413,2
619415,3
619418,4
619422,5
619427,5
619432,14
619446,7
619453,5
619458,3
619461,6
619467,10
619477,3
619481,10
619491,12
619503,3
619506,3
619509,2
619511,2
619513,4
619517,7
619524,4
619528,3
619531,6
619538,5
619543,3
619546,4
619550,3
619553,2
619555,9
619564,2
619570,6
619576,12
619588,3
619591,8
619599,2
619603,3
619606,4
619610,10
619621,3
619627,2
619629,3
619634,3
619637,8
619645,4
619650,4
619655,6
619662,4
619666,2
619668,2
619671,8
619680,3
619684,2
619686,4
619690,3
619693,2
619695,3
619700,3
619703,3
619706,5
619711,2
619713,5
619718,7
619725,4
619729,11
619740,5
619745,2
619748,5
619753,6
619761,8
619769,2
619771,15
619786,2
619788,2
619790,2
619792,4
619797,8
619806,4
619810,6
619816,2
619818,9
619827,11
619839,3
619845,2
619847,4
619852,3
619855,8
619863,2
619866,2
619868,4
619872,2
619874,3
619877,2
619879,14
619894,2
619896,5
619901,2
619903,2
619905,5
619910,5
619915,8
619923,5
619928,11
619941,2
619943,2
619946,10
619956,2
619958,3
619961,2
619963,8
619971,2
619973,10
619984,3
619987,5
619992,2
619995,2
619997,2
619999,9
620008,2
620010,3
620014,2
620016,6
620022,2
620024,6
620030,3
620033,11
620044,8
620052,6
620058,2
620060,7
620068,2
620070,4
620074,13
620087,5
620092,2
620094,6
620100,2
620102,3
620105,2
620107,8
620115,2
620117,4
620122,4
620126,3
620129,4
620133,2
620135,5
620140,2
620142,2
620145,5
620150,8
620158,3
620161,5
620167,5
620172,16
620188,2
620190,9
620199,2
620201,3
620204,3
620207,7
620214,2
620217,3
620220,2
620222,5
620227,4
620232,4
620236,3
620239,6
620246,10
620256,6
620262,2
620265,3
620268,5
620273,14
620287,5
620292,3
620295,4
620299,3
620303,2
620306,5
620311,3
620314,2
620316,2
620318,7
620325,18
620343,3
620346,2
620348,3
620351,5
620356,12
620368,3
620372,21
620393,3
620396,4
620400,4
620404,3
620407,4
620411,11
620422,4
620427,3
620430,7
620437,6
620443,2
620445,2
620447,3
620450,7
620457,3
620460,6
620466,4
620471,5
620476,3
620479,5
620484,10
620494,4
620498,2
620500,5
620505,2
620507,4
620513,3
620517,28
620545,10
620557,6
620563,5
620568,3
620572,5
620577,6
620583,2
620586,11
620598,13
620611,4
620615,2
620618,4
620622,4
620626,3
620631,2
620634,2
620636,4
620640,9
620649,7
620656,8
620664,2
620666,5
620671,8
620679,7
620686,5
620691,8
620699,3
620702,2
620704,3
620707,4
620712,5
620718,2
620720,2
620722,4
620726,6
620732,7
620739,5
620744,6
620750,4
620755,4
620759,3
620762,5
620767,9
620776,2
620778,3
620781,2
620783,2
620785,4
620790,16
620806,6
620812,6
620818,11
620829,8
620837,7
620844,3
620847,6
620853,4
620857,6
620864,5
620870,5
620876,4
620881,10
620891,7
620898,3
620901,2
620904,7
620911,3
620914,3
620917,13
620930,6
620936,6
620942,2
620944,13
620957,2
620959,3
620962,3
620965,10
620975,3
620979,3
620982,3
620987,2
620989,2
620991,2
620993,3
620996,4
621000,3
621005,12
621017,10
621028,9
621037,3
621040,6
621046,16
621062,2
621064,2
621066,9
621076,12
621089,5
621095,2
621097,2
621099,10
621109,5
621114,3
621117,8
621125,3
621128,7
621135,12
621147,2
621149,17
621166,2
621168,2
621172,4
621176,2
621178,2
621180,7
621188,3
621191,5
621196,14
621211,6
621219,3
621222,3
621225,4
621229,5
621234,10
621244,8
621252,2
621254,3
621257,7
621264,4
621268,3
621271,2
621273,5
621280,3
621284,8
621293,7
621300,2
621302,3
621305,4
621309,1
621311,2
621313,15
621328,3
621331,3
621334,2
621336,4
621340,3
621343,4
621349,4
621353,3
621356,4
621360,4
621364,5
621370,1
621372,5
621377,2
621379,2
621381,2
621384,2
621388,2
621391,4
621395,2
621397,5
621402,3
621405,7
621413,11
621424,2
621426,7
621433,4
621437,5
621442,3
621445,2
621447,6
621453,3
621456,2
621458,12
621470,2
621473,3
621476,5
621481,2
621483,5
621489,3
621493,4
621497,2
621499,4
621503,3
621506,2
621508,6
621515,2
621518,4
621522,2
621524,7
621532,3
621535,8
621544,10
621554,11
621566,2
621568,7
621576,4
621580,3
621583,3
621586,10
621596,10
621608,2
621613,9
621622,2
621625,6
621631,2
621634,3
621637,11
621648,3
621651,2
621653,5
621658,6
621664,4
621668,10
621678,5
621683,2
621685,6
621691,5
621696,5
621701,7
621708,8
621716,12
621728,3
621731,4
621735,7
621744,2
621746,2
621749,4
621753,3
621756,5
621761,5
621766,7
621773,5
621778,4
621784,4
621789,2
621791,2
621793,6
621799,4
621803,6
621809,6
621815,6
621821,2
621823,9
621834,13
621848,5
621853,4
621858,10
621868,5
621873,5
621879,2
621881,6
621887,2
621889,5
621895,4
621899,14
621913,3
621916,4
621921,3
621924,5
621929,4
621933,3
621936,3
621940,4
621944,4
621948,3
621951,2
621953,2
621955,3
621958,11
621969,3
621973,2
621977,4
621981,3
621984,8
621993,11
622004,2
622006,19
622025,3
622028,4
622032,3
622035,3
622039,3
622042,2
622044,2
622046,23
622069,3
622072,2
622074,5
622079,7
622086,2
622088,15
622103,10
622113,2
622115,6
622121,9
622130,7
622137,4
622141,3
622144,4
622148,4
622153,7
622160,2
622163,7
622170,5
622175,12
622187,2
622189,2
622192,3
622195,3
622198,3
622201,1
622203,10
622213,11
622224,3
622227,4
622231,3
622234,2
622236,11
622247,10
622257,3
622263,2
622265,2
622267,3
622270,2
622272,3
622275,2
622277,2
622279,5
622284,12
622296,3
622299,2
622301,13
622316,4
622320,7
622327,13
622340,2
622342,7
622349,19
622368,4
622372,4
622376,3
622379,5
622385,2
622387,7
622394,2
622396,3
622399,20
622419,2
622421,6
622427,2
622430,2
622432,3
622436,3
622440,2
622442,3
622445,2
622449,2
622451,18
622469,2
622471,7
622480,5
622485,2
622487,8
622496,2
622498,5
622503,2
622507,4
622512,5
622520,4
622524,18
622542,16
622559,7
622567,6
622573,5
622579,3
622582,2
622584,4
622588,2
622590,3
622593,5
622598,9
622607,2
622609,6
622615,2
622617,3
622620,4
622624,5
622629,4
622633,2
622635,2
622637,4
622642,7
622649,5
622656,6
622662,3
622665,3
622668,2
622670,5
622675,6
622681,3
622684,4
622688,10
622698,3
622701,5
622707,4
622711,4
622715,4
622719,11
622731,3
622734,7
622741,3
622744,12
622756,4
622761,7
622768,2
622770,2
622772,3
622775,2
622777,2
622779,8
622787,6
622793,12
622807,3
622811,2
622813,2
622815,7
622822,4
622826,4
622831,5
622836,6
622842,2
622844,7
622851,2
622853,5
622858,10
622868,2
622870,3
622873,5
622878,7
622886,2
622888,4
622893,2
622895,2
622897,6
622903,7
622910,4
622914,20
622934,10
622945,3
622948,5
622953,5
622958,3
622961,2
622963,3
622966,3
622969,3
622972,3
622975,5
622981,4
622985,5
622990,5
622995,10
623006,6
623013,5
623018,6
623024,9
623033,6
623040,4
623044,7
623051,7
623058,2
623060,2
623062,17
623080,2
623082,9
623091,1
623093,3
623096,2
623098,6
623104,1
623107,3
623110,22
623132,2
623134,4
623139,7
623146,5
623151,2
623153,2
623155,12
623168,5
623174,4
623178,4
623182,6
623189,3
623194,3
623197,3
623200,12
623212,8
623220,8
623228,8
623236,2
623238,10
623248,2
623251,1
623253,5
623258,6
623264,3
623267,6
623273,5
623278,2
623280,6
623287,2
623289,2
623291,3
623295,4
623299,6
623305,2
623307,2
623309,6
623315,3
623318,2
623320,8
623328,7
623335,2
623338,13
623351,3
623354,5
623361,6
623367,8
623376,8
623385,3
623388,2
623391,14
623405,2
623409,4
623414,2
623416,6
623422,15
623437,2
623439,4
623443,8
623452,2
623454,6
623460,8
623468,3
623471,19
623490,2
623492,2
623494,8
623504,4
623508,7
623515,4
623519,4
623523,3
623526,3
623529,4
623533,4
623537,4
623543,3
623546,7
623553,2
623555,5
623560,3
623564,11
623575,2
623577,4
623581,3
623584,6
623590,4
623595,4
623599,5
623604,8
623613,5
623619,3
623622,11
623633,3
623636,2
623638,4
623642,3
623646,4
623651,5
623656,3
623659,3
623662,3
623666,2
623668,2
623670,16
623686,2
623688,5
623693,4
623697,8
623705,6
623711,11
623722,17
623739,10
623749,2
623755,3
623759,4
623763,4
623767,2
623769,4
623773,2
623775,8
623783,4
623787,2
623789,2
623793,3
623796,3
623799,2
623801,2
623803,7
623810,4
623814,3
623818,7
623825,5
623831,3
623834,3
623837,4
623841,2
623843,2
623846,3
623849,11
623864,4
623870,4
623874,16
623890,8
623899,2
623902,2
623904,9
623915,3
623918,7
623925,2
623927,4
623931,2
623933,2
623935,4
623939,2
623942,5
623947,3
623951,7
623958,16
623974,3
623977,14
623991,4
623995,3
623998,5
624003,4
624008,2
624010,2
624012,6
624018,7
624025,3
624029,2
624031,5
624036,3
624039,2
624041,4
624045,12
624057,4
624061,3
624065,2
624067,4
624071,5
624076,10
624086,3
624090,4
624094,5
624099,7
624106,2
624108,6
624114,6
624120,2
624122,4
624127,3
624130,7
624137,4
624141,22
624164,5
624171,2
624174,2
624177,3
624180,5
624185,5
624190,11
624209,2
624211,2
624213,11
624224,3
624227,2
624229,5
624234,6
624240,2
624244,2
624246,6
624252,10
624262,3
624265,7
624272,4
624276,4
624280,10
624291,2
624293,3
624296,19
624317,2
624320,4
624324,6
624330,3
624333,2
624335,12
624347,5
624352,3
624355,16
624371,9
624383,2
624385,5
624390,2
624392,2
624394,10
624406,12
624418,5
624425,10
624435,2
624438,4
624442,3
624445,3
624448,4
624452,4
624460,3
624463,10
624473,3
624476,6
624482,5
624488,7
624495,2
624498,2
624501,2
624503,3
624507,3
624510,5
624515,5
624522,6
624528,3
624531,3
624534,11
624545,5
624550,7
624558,7
624565,5
624571,2
624573,2
624575,10
624585,4
624589,5
624594,3
624597,5
624602,5
624609,3
624612,4
624618,2
624620,3
624623,4
624628,2
624630,6
624636,7
624643,3
624646,3
624650,2
624653,3
624657,2
624659,4
624664,2
624666,2
624668,3
624673,4
624677,7
624684,9
624694,3
624699,3
624702,5
624707,2
624709,3
624712,3
624715,2
624717,3
624720,5
624725,2
624727,3
624730,5
624736,4
624741,5
624748,3
624751,2
624753,8
624761,7
624768,8
624776,2
624779,2
624781,11
624792,7
624799,3
624802,12
624814,3
624817,5
624822,4
624826,2
624828,5
624834,3
624837,2
624839,2
624841,5
624847,3
624850,2
624852,6
624858,5
624863,2
624866,5
624871,2
624873,5
624878,10
624888,2
624890,3
624893,2
624895,9
624904,7
624911,6
624917,2
624919,2
624921,4
624926,4
624931,8
624939,3
624942,3
624946,6
624954,2
624956,8
624964,3
624968,3
624973,3
624976,3
624979,5
624984,2
624990,2
624992,6
624998,2
625002,4
625007,3
625011,2
625014,12
625026,2
625028,8
625036,3
625039,4
625043,3
625046,3
625049,2
625051,5
625056,2
625058,7
625065,3
625068,5
625074,12
625086,2
625088,7
625095,6
625102,2
625104,2
625106,3
625109,3
625114,2
625116,9
625126,6
625133,5
625138,6
625145,3
625149,2
625151,5
625157,5
625163,7
625171,2
625173,3
625176,10
625189,7
625197,5
625203,7
625210,8
625218,3
625221,3
625224,2
625226,4
625230,7
625239,4
625243,3
625246,10
625256,5
625261,6
625267,10
625277,5
625283,4
625288,7
625295,10
625306,5
625311,3
625314,1
625316,6
625322,2
625324,6
625331,2
625333,5
625338,2
625340,4
625344,6
625350,6
625356,2
625358,4
625362,3
625366,12
625380,7
625387,8
625395,7
625402,4
625406,4
625411,9
625422,4
625426,4
625431,2
625434,5
625440,3
625443,6
625450,3
625453,3
625456,11
625467,13
625480,3
625483,4
625489,5
625494,2
625497,2
625499,4
625503,2
625505,7
625512,8
625521,13
625534,3
625539,2
625541,3
625545,2
625547,16
625563,2
625565,4
625570,6
625576,3
625579,4
625583,13
625596,2
625598,4
625602,4
625606,4
625610,4
625615,2
625617,3
625620,2
625622,4
625626,4
625633,4
625637,6
625643,2
625645,4
625649,3
625652,2
625654,6
625660,4
625666,3
625670,2
625672,2
625677,2
625679,8
625687,5
625692,3
625695,3
625698,6
625707,5
625712,3
625715,2
625717,4
625721,5
625726,9
625735,8
625744,6
625751,8
625759,2
625763,2
625765,3
625769,4
625773,3
625776,6
625782,5
625788,5
625794,4
625800,2
625802,3
625805,2
625807,2
625809,3
625812,3
625817,2
625819,7
625826,4
625830,7
625838,3
625841,3
625845,3
625849,4
625853,2
625855,2
625857,7
625864,4
625868,5
625873,3
625876,3
625879,5
625884,5
625889,3
625893,2
625895,3
625898,2
625900,4
625904,3
625907,7
625914,4
625918,2
625920,3
625923,2
625925,6
625932,11
625945,5
625950,4
625955,9
625964,5
625969,5
625974,3
625977,10
625987,2
625989,8
625997,2
625999,2
626001,3
626004,5
626010,6
626016,3
626019,7
626026,8
626034,9
626043,6
626049,8
626057,3
626060,11
626072,3
626075,3
626078,6
626084,3
626087,2
626089,4
626095,3
626098,8
626107,3
626110,11
626121,5
626126,3
626129,3
626132,6
626138,8
626146,2
626149,7
626156,6
626162,5
626167,2
626172,2
626174,6
626180,4
626184,3
626188,3
626192,2
626194,2
626196,3
626199,6
626205,2
626207,2
626210,2
626213,7
626220,2
626223,22
626245,10
626256,4
626261,14
626276,3
626280,3
626283,4
626287,8
626295,2
626298,3
626302,3
626307,3
626310,2
626312,2
626314,7
626321,4
626325,3
626328,16
626344,6
626350,7
626358,5
626363,3
626366,2
626368,11
626382,16
626398,2
626400,3
626403,3
626406,4
626411,7
626418,3
626421,8
626429,3
626432,7
626439,5
626444,3
626447,8
626455,3
626458,9
626467,4
626471,8
626479,9
626488,4
626495,4
626501,2
626503,3
626509,4
626513,8
626521,2
626524,8
626532,3
626535,5
626540,4
626544,5
626549,3
626552,6
626558,3
626561,2
626564,8
626572,3
626575,5
626580,2
626583,5
626588,4
626592,14
626606,6
626612,2
626614,2
626616,6
626622,4
626626,2
626628,3
626631,2
626634,6
626640,7
626647,2
626649,7
626657,4
626661,4
626667,8
626675,4
626680,6
626687,5
626692,2
626694,3
626697,6
626703,2
626706,2
626711,3
626714,3
626717,7
626724,9
626733,3
626737,11
626748,2
626753,7
626760,3
626763,17
626781,2
626783,3
626786,2
626789,6
626795,4
626799,2
626801,7
626808,7
626816,6
626823,4
626827,6
626833,2
626835,8
626843,9
626852,2
626854,2
626858,6
626864,4
626868,9
626877,2
626879,3
626884,5
626889,5
626895,8
626903,14
626920,7
626930,2
626933,2
626935,2
626937,12
626949,12
626961,6
626967,4
626973,2
626975,2
626977,4
626982,10
626993,2
626996,3
626999,7
627006,4
627011,4
627015,2
627017,3
627020,7
627027,2
627029,6
627035,5
627040,2
627042,2
627045,4
627049,6
627055,4
627059,2
627061,6
627068,2
627070,2
627072,3
627075,4
627079,5
627085,3
627088,4
627093,2
627095,2
627100,5
627108,13
627121,6
627128,3
627133,3
627136,2
627138,10
627149,3
627152,2
627154,4
627158,4
627162,3
627167,4
627172,2
627174,5
627179,4
627183,7
627190,4
627198,3
627201,3
627204,11
627215,11
627226,9
627235,4
627239,2
627241,5
627246,1
627248,5
627253,2
627255,4
627259,1
627261,3
627265,9
627274,3
627280,4
627285,6
627291,3
627294,6
627300,3
627304,2
627307,6
627313,2
627316,3
627319,13
627333,4
627337,5
627342,4
627346,3
627349,2
627354,7
627361,2
627363,4
627368,3
627372,4
627377,4
627381,8
627389,13
627404,8
627412,3
627415,6
627421,3
627424,5
627429,3
627433,2
627435,4
627439,19
627459,7
627466,5
627471,2
627474,3
627478,3
627481,5
627488,8
627496,6
627502,2
627505,8
627513,2
627515,4
627519,2
627522,2
627524,2
627526,3
627529,11
627540,2
627543,3
627546,6
627552,4
627556,7
627563,2
627565,2
627570,2
627572,2
627574,3
627577,5
627584,3
627587,2
627589,2
627591,9
627600,2
627602,8
627610,5
627615,1
627617,2
627619,8
627627,4
627632,11
627643,2
627645,11
627656,2
627658,16
627674,5
627679,3
627682,3
627686,4
627690,6
627696,7
627703,5
627710,3
627713,3
627716,2
627718,1
627721,7
627728,4
627735,5
627740,2
627744,7
627751,3
627755,2
627757,4
627761,2
627763,10
627773,2
627776,2
627779,3
627787,3
627791,11
627803,5
627808,12
627821,8
627829,2
627834,3
627837,6
627844,8
627852,3
627855,2
627857,2
627859,2
627861,4
627865,4
627873,1
627876,4
627880,4
627884,2
627888,8
627898,7
627905,13
627918,2
627920,4
627924,3
627927,1
627929,2
627933,3
627938,2
627940,3
627944,3
627947,5
627952,2
627954,3
627957,2
627961,4
627966,2
627968,4
627972,8
627980,7
627987,4
627991,5
627996,12
628008,5
628014,4
628018,6
628024,5
628029,4
628033,3
628037,2
628039,2
628041,2
628043,5
628048,2
628051,4
628056,4
628060,2
628062,10
628075,8
628083,2
628085,1
628088,9
628097,7
628104,3
628107,4
628111,8
628120,2
628122,8
628131,3
628135,4
628139,2
628141,2
628143,9
628152,3
628155,1
628157,3
628161,7
628168,2
628170,6
628176,5
628181,3
628184,4
628188,4
628192,4
628199,7
628206,4
628211,3
628215,2
628217,5
628222,1
628225,4
628229,2
628233,2
628235,3
628238,3
628241,5
628248,2
628250,7
628257,6
628264,1
628266,3
628269,5
628274,21
628296,4
628300,2
628302,7
628310,3
628313,4
628318,2
628320,4
628324,3
628327,3
628331,2
628333,2
628335,4
628339,7
628349,5
628354,6
628362,2
628364,2
628367,3
628370,9
628380,6
628386,8
628395,3
628398,2
628401,6
628408,3
628411,2
628413,2
628417,12
628429,3
628432,4
628437,2
628440,4
628444,2
628447,3
628450,2
628452,2
628455,5
628460,4
628464,2
628467,2
628469,11
628480,3
628484,2
628486,2
628489,5
628494,7
628501,11
628512,3
628516,3
628521,2
628523,3
628527,3
628530,3
628535,4
628539,3
628542,2
628544,5
628549,3
628552,17
628570,2
628574,5
628579,2
628581,18
628600,4
628605,3
628608,3
628611,2
628613,4
628617,14
628632,3
628635,7
628642,2
628644,2
628647,4
628651,4
628658,2
628660,5
628665,5
628670,7
628678,2
628681,3
628685,7
628693,16
628709,3
628713,7
628720,2
628722,2
628726,2
628728,23
628751,2
628753,3
628756,5
628761,5
628766,3
628770,3
628773,2
628775,6
628781,4
628785,3
628788,3
628791,3
628796,3
628799,5
628805,2
628807,6
628813,2
628815,2
628817,2
628819,7
628826,2
628828,12
628840,4
628844,3
628848,2
628851,10
628862,4
628866,3
628869,8
628877,7
628885,3
628888,3
628891,7
628898,2
628900,1
628903,3
628906,3
628909,3
628912,5
628918,3
628923,3
628927,4
628932,8
628941,4
628946,13
628959,11
628970,5
628975,3
628978,7
628986,2
628988,2
628990,2
628993,9
629002,3
629005,2
629007,2
629009,2
629011,6
629017,2
629019,7
629026,7
629033,10
629044,3
629049,12
629062,3
629065,5
629071,3
629074,2
629076,2
629079,3
629082,8
629091,2
629094,3
629097,3
629100,8
629108,4
629112,2
629115,4
629119,3
629122,2
629124,4
629128,3
629132,3
629136,2
629138,6
629144,3
629147,3
629150,23
629175,3
629178,14
629193,16
629209,4
629213,6
629219,2
629222,3
629225,4
629229,3
629233,3
629236,2
629238,10
629248,2
629250,8
629258,9
629268,5
629273,2
629277,3
629280,4
629284,4
629289,4
629294,1
629297,2
629302,6
629308,5
629314,5
629319,2
629322,7
629329,2
629331,5
629336,3
629339,4
629344,3
629347,3
629350,3
629355,2
629359,2
629361,13
629374,3
629377,9
629386,2
629391,4
629395,3
629399,9
629408,2
629410,15
629425,5
629430,3
629435,4
629439,3
629442,6
629448,3
629451,3
629454,3
629457,2
629459,11
629471,7
629478,2
629480,6
629486,3
629489,2
629491,2
629493,3
629496,3
629499,3
629502,5
629507,2
629509,2
629511,2
629514,2
629516,12
629528,2
629530,2
629533,5
629538,5
629543,4
629547,6
629555,2
629558,4
629562,2
629564,4
629569,2
629571,3
629574,13
629587,6
629594,10
629605,3
629608,3
629614,4
629620,3
629623,4
629628,3
629634,10
629646,4
629650,2
629652,6
629658,2
629660,6
629666,4
629670,13
629683,3
629686,4
629690,2
629692,2
629695,4
629699,4
629703,3
629707,4
629712,2
629714,2
629716,11
629728,2
629730,2
629732,3
629736,3
629739,2
629741,3
629744,4
629748,2
629750,6
629759,2
629761,4
629765,3
629768,4
629772,5
629777,2
629779,3
629784,6
629790,3
629793,2
629795,4
629800,2
629803,4
629808,3
629811,3
629814,8
629822,2
629825,4
629829,8
629837,4
629841,6
629848,13
629861,2
629863,2
629865,2
629867,4
629871,3
629874,2
629876,1
629878,5
629885,2
629888,2
629891,5
629896,4
629900,3
629903,2
629905,10
629915,2
629917,4
629921,3
629925,3
629928,6
629934,5
629939,2
629943,7
629950,3
629953,6
629959,5
629964,4
629968,3
629972,2
629976,4
629981,2
629983,4
629987,4
629991,2
629993,2
629995,2
629998,2
630001,2
630003,3
630006,2
630008,7
630015,4
630019,23
630042,2
630044,2
630046,3
630049,6
630056,6
630062,2
630064,4
630068,3
630071,4
630075,5
630080,5
630086,3
630089,5
630094,5
630099,3
630102,2
630107,5
630112,3
630115,4
630119,4
630123,4
630127,3
630130,8
630138,3
630141,2
630143,2
630145,2
630148,4
630152,4
630156,2
630159,5
630164,2
630166,7
630174,4
630178,5
630183,2
630185,10
630195,2
630197,2
630199,4
630203,2
630206,2
630208,4
630212,4
630216,2
630221,3
630224,2
630226,3
630229,2
630231,5
630237,2
630239,3
630243,3
630247,4
630251,6
630257,3
630260,3
630263,3
630266,3
630270,2
630272,5
630277,2
630279,2
630282,2
630284,5
630289,3
630292,3
630296,4
630300,2
630302,3
630305,2
630308,3
630311,2
630313,7
630321,7
630328,8
630337,15
630352,2
630354,5
630359,2
630361,6
630367,4
630371,3
630374,7
630381,7
630389,4
630394,3
630397,6
630404,10
630414,4
630418,10
630428,6
630434,2
630436,11
630447,2
630451,5
630456,2
630458,4
630463,2
630466,3
630470,2
630472,7
630482,3
630485,2
630487,2
630489,3
630492,3
630496,3
630499,4
630503,3
630506,2
630508,1
630510,3
630513,2
630515,6
630521,5
630526,5
630531,4
630537,2
630539,2
630541,3
630547,2
630549,10
630560,5
630565,6
630572,3
630575,2
630578,3
630581,5
630586,2
630588,3
630591,5
630597,2
630599,6
630605,3
630609,3
630612,3
630615,6
630621,3
630625,15
630640,2
630642,2
630645,2
630647,1
630649,3
630652,2
630654,4
630659,2
630662,6
630668,9
630678,6
630684,5
630689,1
630693,4
630697,1
630699,3
630703,3
630706,2
630708,5
630713,6
630719,3
630722,3
630725,7
630732,6
630738,5
630746,2
630748,10
630758,1
630760,2
630762,4
630766,2
630768,2
630770,2
630772,3
630775,3
630778,6
630784,7
630793,2
630795,8
630803,5
630808,5
630813,4
630817,10
630827,2
630829,3
630832,4
630836,2
630840,4
630844,3
630848,3
630851,2
630853,3
630856,8
630864,2
630866,5
630871,7
630878,12
630890,4
630895,5
630900,3
630903,3
630906,6
630912,3
630915,10
630932,3
630935,2
630937,2
630939,5
630944,5
630949,12
630961,4
630966,4
630970,7
630977,2
630979,8
630987,4
630991,2
630993,4
630997,3
631000,2
631002,8
631010,5
631015,2
631017,4
631021,2
631024,2
631026,2
631028,5
631033,3
631036,5
631041,3
631045,4
631049,2
631051,6
631058,2
631060,8
631068,9
631077,5
631082,7
631089,5
631094,7
631102,2
631105,4
631109,4
631113,2
631115,2
631117,3
631120,9
631130,13
631143,2
631146,3
631149,7
631158,6
631165,2
631167,3
631171,8
631180,2
631182,4
631186,3
631189,5
631195,2
631197,3
631200,4
631204,7
631211,2
631213,1
631215,3
631218,3
631221,4
631225,2
631227,8
631235,5
631240,4
631244,2
631246,3
631249,4
631253,10
631263,3
631266,4
631270,3
631273,4
631277,4
631281,3
631284,3
631287,3
631290,4
631294,2
631296,5
631301,4
631305,5
631310,3
631314,3
631318,7
631325,5
631331,2
631333,2
631335,2
631337,4
631341,10
631352,4
631358,7
631368,3
631372,3
631375,2
631378,5
631383,2
631385,2
631387,3
631390,7
631397,5
631402,6
631409,4
631413,5
631418,2
631420,2
631422,7
631431,3
631435,3
631439,6
631446,11
631457,4
631461,3
631464,9
631474,5
631479,6
631485,2
631487,5
631494,8
631502,4
631506,2
631508,2
631510,1
631513,3
631516,6
631522,3
631525,3
631528,5
631534,2
631536,2
631538,6
631544,2
631546,2
631552,2
631554,4
631558,5
631566,2
631570,4
631577,6
631584,3
631587,4
631592,3
631595,3
631598,2
631600,4
631604,2
631606,3
631609,12
631621,4
631625,3
631628,3
631631,2
631634,2
631636,4
631644,8
631652,5
631659,2
631661,2
631663,4
631667,5
631673,2
631675,5
631680,2
631683,2
631687,3
631692,2
631694,2
631696,3
631699,3
631702,7
631710,2
631712,2
631714,3
631718,8
631729,7
631736,4
631740,3
631745,7
631753,5
631761,3
631765,4
631769,12
631781,2
631784,2
631786,2
631789,3
631793,4
631797,4
631801,4
631806,2
631808,2
631810,7
631817,10
631828,3
631831,2
631834,8
631844,4
631849,8
631857,3
631860,5
631865,4
631869,5
631874,2
631877,4
631881,4
631885,7
631895,4
631899,14
631913,2
631915,4
631919,3
631923,7
631930,7
631937,4
631941,3
631946,2
631949,3
631953,3
631956,3
631965,1
631967,4
631972,2
631974,2
631977,2
631979,4
631983,3
631989,4
631993,2
631995,5
632000,2
632002,2
632004,2
632006,2
632008,3
632011,3
632014,10
632025,4
632031,3
632034,4
632038,3
632041,2
632043,11
632054,6
632060,10
632072,7
632079,5
632085,2
632089,7
632096,2
632098,2
632100,8
632109,3
632112,5
632118,3
632121,6
632129,2
632131,2
632133,2
632135,8
632143,2
632145,7
632155,4
632159,2
632166,2
632170,1
632172,4
632177,2
632179,2
632182,4
632186,8
632196,5
632201,3
632205,3
632209,4
632213,2
632215,2
632218,9
632227,4
632231,5
632236,2
632239,3
632243,4
632247,3
632250,11
632262,9
632271,7
632278,4
632282,2
632284,3
632287,2
632289,13
632302,5
632307,3
632310,2
632312,7
632319,3
632322,5
632327,1
632329,6
632337,3
632342,4
632347,6
632354,2
632356,6
632362,2
632364,3
632367,12
632381,5
632386,4
632390,2
632392,3
632395,3
632399,3
632403,9
632413,5
632418,4
632422,3
632428,2
632431,11
632442,1
632444,2
632447,4
632452,3
632456,2
632458,4
632462,2
632464,3
632468,2
632470,5
632476,1
632478,4
632482,18
632500,11
632512,1
632514,4
632519,2
632521,7
632528,3
632531,8
632539,4
632543,9
632552,3
632557,4
632561,2
632563,1
632565,2
632567,8
632578,6
632585,5
632590,2
632594,5
632599,2
632601,2
632603,3
632606,1
632608,4
632612,5
632617,3
632620,5
632626,6
632632,5
632638,2
632640,3
632645,6
632651,3
632656,3
632660,3
632663,4
632667,4
632671,4
632675,2
632678,3
632681,2
632685,8
632693,2
632702,6
632710,4
632716,3
632720,2
632722,10
632732,4
632736,1
632739,3
632742,5
632749,8
632757,8
632765,3
632768,6
632774,9
632784,4
632789,3
632792,3
632796,3
632799,3
632803,2
632805,2
632807,3
632810,2
632812,3
632815,2
632817,2
632820,10
632830,5
632835,2
632837,4
632841,2
632843,10
632853,5
632858,4
632862,3
632866,4
632872,8
632880,3
632883,4
632889,3
632894,3
632898,2
632902,12
632915,4
632919,2
632921,5
632926,5
632933,3
632936,4
632940,7
632948,2
632950,9
632961,2
632964,5
632970,3
632973,4
632977,5
632982,12
632994,5
632999,3
633002,2
633004,9
633013,3
633017,7
633024,7
633031,3
633035,2
633037,3
633040,6
633046,5
633051,17
633068,4
633075,2
633077,2
633079,2
633082,2
633084,4
633089,4
633094,10
633104,4
633109,2
633113,6
633120,3
633123,2
633125,2
633127,3
633131,2
633133,15
633149,4
633153,4
633157,7
633165,3
633168,3
633172,2
633174,3
633179,5
633184,7
633191,2
633193,4
633197,3
633200,2
633203,6
633209,3
633212,5
633217,5
633223,2
633225,6
633232,5
633237,2
633239,2
633241,3
633246,3
633250,2
633253,2
633255,3
633258,2
633260,2
633262,5
633267,2
633269,3
633272,4
633276,2
633281,5
633286,5
633291,2
633293,4
633299,2
633301,2
633304,6
633311,6
633318,3
633321,1
633323,2
633325,2
633328,11
633339,18
633358,3
633361,5
633366,2
633368,10
633380,2
633383,14
633399,2
633401,5
633406,3
633409,5
633416,4
633422,3
633430,3
633434,7
633444,5
633449,2
633451,11
633462,3
633468,10
633478,2
633480,10
633490,2
633492,5
633498,2
633500,3
633504,4
633510,8
633519,3
633522,2
633524,2
633526,2
633528,3
633533,3
633538,2
633541,3
633545,2
633547,3
633552,6
633558,6
633566,5
633571,7
633578,2
633580,3
633583,2
633585,5
633590,10
633600,5
633606,6
633612,2
633614,6
633621,4
633628,4
633632,3
633637,15
633653,4
633657,5
633662,3
633666,3
633670,2
633672,3
633675,2
633677,2
633680,3
633683,6
633689,3
633692,5
633697,2
633699,7
633706,3
633709,1
633711,2
633715,2
633717,6
633724,4
633728,2
633730,2
633733,2
633735,4
633739,3
633742,5
633747,2
633749,2
633753,5
633759,5
633764,2
633766,5
633771,4
633775,7
633782,7
633789,4
633795,2
633798,7
633805,2
633807,4
633812,2
633814,2
633816,4
633822,2
633825,2
633828,6
633834,2
633836,2
633838,2
633841,3
633845,2
633848,3
633851,3
633855,8
633863,2
633868,2
633870,3
633874,10
633890,2
633892,7
633899,7
633906,3
633909,5
633914,2
633916,7
633923,2
633926,3
633929,6
633936,3
633940,4
633944,4
633948,4
633952,2
633954,5
633960,9
633970,5
633976,2
633978,2
633982,2
633984,6
633990,5
633995,2
633997,4
634001,3
634005,3
634008,2
634012,4
634016,8
634025,3
634030,4
634034,6
634040,6
634046,4
634050,3
634053,3
634056,4
634060,5
634065,2
634068,4
634072,7
634080,2
634082,2
634084,1
634086,2
634089,5
634094,3
634097,2
634099,3
634107,5
634112,10
634122,4
634126,2
634128,2
634130,2
634132,3
634135,3
634138,3
634143,6
634149,6
634158,3
634163,2
634168,12
634180,2
634182,5
634189,3
634192,3
634195,3
634198,9
634208,4
634213,2
634218,2
634220,2
634222,5
634228,3
634231,6
634237,4
634242,3
634245,5
634252,2
634256,4
634260,3
634263,2
634266,5
634271,3
634274,3
634277,8
634285,2
634288,4
634292,4
634297,3
634300,2
634302,3
634305,2
634307,3
634310,4
634315,6
634321,11
634332,10
634343,2
634346,3
634350,1
634352,5
634357,7
634364,5
634370,2
634372,2
634375,2
634377,3
634381,7
634388,2
634390,2
634392,9
634401,8
634411,4
634415,2
634417,4
634421,4
634427,10
634437,2
634439,5
634445,2
634448,12
634460,5
634465,12
634477,14
634491,2
634493,5
634500,5
634505,3
634509,3
634512,6
634519,2
634522,3
634525,2
634528,3
634532,4
634536,4
634540,3
634543,2
634545,2
634547,2
634550,3
634553,2
634555,1
634558,3
634561,2
634563,3
634566,11
634578,3
634582,7
634590,2
634592,4
634596,2
634598,4
634603,3
634606,7
634613,5
634618,5
634623,3
634626,2
634629,4
634637,7
634644,4
634648,6
634654,4
634658,2
634661,2
634663,8
634671,3
634676,4
634680,6
634687,2
634690,1
634692,2
634694,3
634699,6
634705,9
634714,2
634717,9
634727,9
634736,10
634746,6
634752,7
634759,3
634762,4
634766,5
634772,2
634774,2
634776,6
634782,4
634786,4
634790,2
634793,11
634804,4
634808,9
634817,3
634820,2
634824,2
634826,3
634829,3
634832,4
634836,12
634848,5
634853,2
634855,11
634866,4
634871,4
634875,3
634879,4
634884,2
634886,3
634889,3
634892,5
634899,2
634902,4
634907,2
634911,2
634913,12
634925,2
634927,4
634931,5
634936,2
634939,4
634943,6
634949,8
634957,2
634959,2
634961,5
634966,3
634971,8
634979,4
634985,4
634989,5
634994,6
635001,5
635006,2
635008,2
635011,4
635015,2
635017,2
635019,1
635021,3
635026,7
635033,4
635039,2
635041,2
635043,2
635045,2
635047,13
635060,3
635064,4
635068,5
635073,4
635078,2
635080,6
635086,4
635090,5
635095,3
635099,2
635101,2
635104,4
635108,3
635111,12
635123,4
635129,9
635139,2
635141,3
635144,2
635147,3
635152,2
635156,2
635160,4
635165,7
635172,1
635175,8
635183,4
635189,3
635192,11
635204,2
635206,4
635211,2
635214,3
635217,9
635226,4
635230,6
635236,4
635240,5
635247,2
635250,5
635255,4
635261,5
635266,5
635271,4
635275,5
635280,9
635289,2
635292,17
635309,4
635313,3
635316,2
635319,2
635321,2
635323,5
635328,2
635330,5
635336,3
635340,6
635346,3
635349,2
635351,6
635357,3
635360,3
635363,4
635368,2
635370,2
635372,8
635380,2
635382,3
635386,6
635394,2
635396,3
635399,1
635404,5
635409,5
635414,2
635416,2
635418,2
635420,3
635423,3
635426,4
635430,1
635432,2
635434,11
635445,4
635450,3
635454,4
635458,2
635460,5
635465,3
635468,8
635476,3
635479,2
635481,6
635487,2
635491,2
635494,5
635503,5
635508,2
635512,3
635516,3
635519,2
635522,1
635524,5
635529,3
635532,4
635537,4
635542,3
635547,4
635554,3
635558,4
635562,5
635567,5
635573,3
635576,2
635578,2
635580,8
635589,7
635596,2
635598,2
635600,9
635609,7
635618,2
635620,2
635622,6
635628,6
635635,3
635638,4
635643,2
635648,2
635650,2
635657,3
635660,3
635664,2
635666,3
635669,9
635678,6
635684,2
635686,3
635689,7
635696,2
635699,7
635706,3
635709,1
635711,2
635714,3
635718,4
635722,2
635724,2
635729,7
635736,2
635738,4
635743,3
635748,2
635752,2
635754,1
635758,3
635761,2
635765,3
635770,8
635779,2
635781,4
635785,4
635789,2
635792,6
635799,4
635803,3
635806,6
635812,4
635816,3
635819,8
635827,6
635833,2
635837,5
635843,4
635847,2
635849,5
635854,3
635858,7
635866,3
635869,5
635876,5
635881,4
635885,2
635888,7
635895,3
635901,2
635903,15
635920,4
635924,10
635934,2
635938,2
635940,2
635942,3
635945,6
635951,9
635960,4
635965,8
635973,2
635975,3
635979,10
635989,2
635993,3
635996,3
636001,5
636007,5
636014,2
636018,6
636024,3
636027,3
636030,2
636032,7
636039,8
636049,5
636054,5
636059,4
636063,7
636070,2
636072,6
636081,5
636086,2
636088,2
636090,3
636093,2
636095,9
636104,4
636108,2
636111,3
636115,3
636118,2
636120,2
636122,2
636124,8
636132,7
636140,2
636142,3
636145,3
636148,2
636150,2
636153,3
636157,2
636159,6
636165,2
636167,2
636169,3
636172,11
636186,5
636193,4
636197,2
636199,3
636202,2
636204,2
636206,2
636209,4
636214,3
636217,3
636220,3
636223,8
636231,3
636235,3
636238,3
636241,7
636248,3
636251,1
636255,2
636260,2
636263,6
636269,2
636271,4
636275,8
636283,4
636287,4
636291,6
636297,3
636302,5
636307,2
636309,6
636315,6
636321,5
636327,3
636330,2
636332,7
636339,8
636348,4
636354,4
636359,2
636361,2
636363,2
636365,2
636367,3
636370,2
636372,5
636377,2
636379,3
636383,5
636388,7
636395,2
636398,3
636401,5
636406,8
636415,3
636420,2
636422,3
636425,4
636429,2
636431,2
636435,10
636445,3
636448,3
636452,2
636454,3
636457,3
636462,2
636464,4
636469,1
636471,8
636479,3
636482,8
636523,1
636639,1
636703,1
636723,1
636767,1
636783,1
636798,3
636819,1
636852,1
636858,2
636863,1
636901,2
636910,2
636933,2
636959,1
636964,2
636967,1
636971,2
636980,2
636984,1
636999,1
637033,2
637057,1
637068,1
637095,1
637107,1
637126,3
637129,2
637133,2
637140,2
637170,1
637190,1
637207,4
637246,1
637267,3
637274,1
637280,1
637308,2
637313,3
637319,2
637321,3
637364,1
637373,1
637603,2
637610,2
637621,2
637680,2
637682,5
637696,1
637701,2
637706,3
637715,2
637724,3
637774,2
637778,3
637789,2
637809,2
637828,3
637835,2
637837,2
637844,2
637855,2
637857,2
637865,2
637876,2
637891,3
637896,2
637907,3
637926,5
637973,1
637977,2
638007,2
638047,3
638096,3
638109,4
638155,5
638164,3
638190,2
638218,2
638244,1
638249,1
638261,1
638268,3
638306,3
638316,2
638319,1
638328,2
638340,3
638359,2
638380,2
638385,2
638388,2
638394,2
638405,2
638415,1
638448,1
638460,2
638475,5
638530,2
638568,2
638606,1
638613,2
638619,4
638637,2
638645,2
638655,2
638658,2
638662,2
638679,2
638692,2
638697,2
638728,2
638778,3
638781,4
638790,3
638793,2
638822,2
638824,1
638826,2
638858,1
638875,1
638877,1
638906,1
638914,1
638919,2
638938,5
638954,1
638961,2
638980,2
638986,2
639047,1
639080,1
639083,2
639104,2
639138,3
639143,1
639169,3
639176,2
639213,3
639219,2
639241,1
639264,2
639272,3
639280,2
639293,1
639298,2
639303,1
639342,3
639373,4
639377,3
639386,2
639428,2
639432,2
639465,3
639481,2
639493,3
639501,3
639509,1
639537,1
639553,2
639576,2
639592,1
639680,7
639697,1
639712,2
639714,2
639734,3
639752,1
639802,1
639834,1
639836,2
639869,3
639873,1
639892,2
639903,2
639926,2
639928,2
639966,3
640004,2
640027,2
640031,4
640041,1
640101,2
640104,2
640111,2
640174,2
640178,3
640188,4
640208,3
640213,3
640216,3
640227,3
640232,2
640235,1
640243,1
640282,2
640299,1
640304,1
640346,3
640405,2
640425,4
640437,5
640541,1
640660,2
640674,2
640687,4
640719,2
640726,2
640733,2
640752,2
640759,1
640761,2
640792,3
640832,2
640842,2
640872,2
640938,3
640957,5
640966,6
640973,7
641002,2
641017,4
641046,1
641051,2
641076,2
641078,2
641083,2
641085,5
641186,2
641197,3
641200,1
641202,3
641217,1
641254,3
641258,2
641260,4
641264,2
641268,2
641271,3
641303,2
641305,4
641309,2
641325,1
641340,1
641343,3
641347,2
641349,1
641353,4
641357,3
641362,2
641367,1
641378,5
641395,3
641432,2
641439,2
641444,2
641447,3
641554,1
641557,2
641574,1
641581,1
641597,1
641618,2
641675,3
641678,3
641684,2
641691,2
641694,2
641706,3
641724,2
641774,2
641849,2
641956,5
642066,1
642202,1
642225,2
642227,2
642253,2
642255,4
642260,2
642270,2
642336,2
642343,2
642346,2
642351,2
642379,2
642381,2
642451,3
642454,3
642462,3
642465,2
642471,2
642476,3
642490,2
642494,1
642501,1
642544,7
642569,1
642602,3
642614,2
642624,3
642655,3
642684,2
642695,2
642700,4
642771,1
642789,2
642803,2
642899,5
642910,2
643041,3
643134,4
643138,1
643156,4
643161,3
643166,2
643173,4
643177,2
643185,2
643191,4
643207,2
643209,2
643214,2
643216,2
643236,1
643248,3
643251,2
643269,2
643298,1
643337,2
643344,11
643356,2
643359,3
643364,1
643368,3
643386,2
643389,2
643479,2
643546,2
643548,6
643603,3
643606,1
643613,1
643911,1
643913,1
643924,2
643951,1
644059,2
644061,3
644069,2
644076,1
644092,1
644141,1
644186,2
644197,2
644213,3
644218,5
644223,9
644241,1
644251,1
644273,1
644278,4
644286,2
644300,1
644381,3
644397,2
644408,1
644548,2
644551,2
644560,1
644562,2
644618,3
644621,4
644627,3
644637,6
644662,3
644669,2
644671,4
644687,2
644694,3
644697,2
644700,2
644706,2
644722,1
644728,2
644742,4
644756,3
644767,2
644769,2
644774,2
644792,2
644794,2
644796,2
644799,2
644828,2
644830,3
644835,8
644843,2
644845,1
644848,2
644851,2
644853,2
644858,1
644864,3
644867,2
644871,1
644873,2
644875,2
644882,1
644885,6
644892,2
644903,2
644907,5
644913,2
644917,3
644920,2
644922,1
644931,3
644935,3
644941,1
644944,5
644953,2
644956,1
644958,2
644967,2
644971,1
644977,2
644985,1
645000,1
645007,3
645085,1
645166,1
645177,1
645248,1
645250,1
645253,1
645297,2
645330,2
645354,1
645388,2
645415,1
645432,1
645439,1
645443,2
645451,2
645460,2
645508,2
645516,1
645526,1
645535,1
645568,2
645591,2
645596,2
645605,2
645635,1
645640,1
645648,2
645650,2
645663,1
645679,3
645693,1
645695,2
645698,2
645704,1
645710,2
645725,2
645738,1
645741,3
645746,2
645758,1
645830,2
645841,3
645845,2
645847,2
645852,4
645871,4
645888,2
645891,1
645895,2
645897,3
645908,2
645935,1
645941,2
645944,4
645957,2
645960,2
645977,1
645984,1
645991,3
646006,2
646009,2
646014,2
646025,1
646031,2
646036,2
646042,2
646067,2
646077,1
646080,1
646083,1
646093,2
646096,1
646106,2
646120,1
646127,2
646129,2
646135,2
646145,1
646149,1
646159,2
646172,1
646175,5
646181,1
646199,4
646209,1
646212,3
646217,2
646224,3
646227,3
646239,3
646245,3
646254,4
646263,2
646311,2
646322,2
646326,3
646331,6
646339,2
646350,2
646454,2
646562,1
646686,1
646703,1
646725,2
646728,1
646815,1
646823,2
646844,1
646855,1
646863,2
646865,2
646943,2
646977,4
646981,2
647031,2
647042,1
647102,2
647210,1
647300,1
647338,2
647399,2
647405,2
647417,2
647433,1
647737,2
647932,1
647953,1
647984,3
648029,1
648055,2
648152,1
648165,1
648180,3
648188,2
648209,2
648214,1
648265,2
648269,3
648289,3
648323,2
648325,2
648341,3
648366,1
648371,1
648399,2
648408,1
648418,6
648424,2
648455,1
648463,2
648482,3
648510,2
648512,2
648530,2
648539,1
648541,1
648543,2
648545,2
648571,1
648581,1
648584,1
648592,2
648595,1
648597,4
648603,1
648611,2
648623,1
648625,2
648646,1
648659,3
648662,2
648679,2
648687,2
648702,2
648706,3
648729,2
648731,3
648737,3
648740,4
648755,1
648758,2
648769,5
648788,1
648790,1
648794,1
648796,2
648806,2
648812,2
648824,3
648828,2
648833,2
648842,1
648845,2
648847,2
648863,1
648868,3
648887,2
648891,2
648899,2
648903,2
648907,2
648915,1
648918,2
648920,1
648925,3
648934,3
648944,2
648963,2
648979,2
648993,2
648995,2
649014,1
649038,1
649059,3
649062,5
649068,3
649079,2
649082,2
649092,2
649108,2
649114,2
649125,1
649129,1
649131,2
649143,3
649156,2
649159,1
649163,2
649165,3
649171,1
649175,2
649179,2
649182,2
649184,2
649195,2
649199,1
649205,2
649211,2
649219,2
649221,2
649226,1
649231,3
649236,2
649239,2
649244,2
649250,3
649253,2
649257,3
649274,3
649284,2
649293,3
649310,2
649317,2
649328,1
649335,1
649337,2
649340,3
649352,2
649356,3
649372,1
649383,1
649389,2
649413,3
649431,2
649442,2
649445,2
649453,1
649478,2
649480,2
649483,3
649487,3
649501,3
649510,3
649535,3
649549,1
649555,2
649557,3
649572,4
649577,2
649584,4
649600,3
649619,2
649624,3
649645,5
649656,4
649660,3
649663,2
649666,14
649683,6
649695,2
649697,3
649700,3
649704,2
649707,2
649711,2
649713,2
649715,3
649718,6
649724,3
649728,2
649730,5
649778,2
649795,3
649799,2
649832,1
649845,2
649871,1
649885,3
649901,4
649920,2
649927,3
649936,1
649948,2
649953,3
649965,2
650002,2
650031,1
650050,1
650069,2
650089,3
650094,2
650104,1
650114,3
650146,2
650148,1
650154,2
650156,2
650163,3
650198,2
650207,2
650214,1
650223,2
650233,2
650237,3
650240,1
650249,5
650256,2
650258,2
650288,3
650303,1
650307,2
650310,2
650322,1
650324,1
650334,1
650370,2
650376,2
650380,3
650384,2
650389,2
650392,2
650396,2
650414,2
650416,2
650426,1
650449,2
650457,2
650460,1
650465,2
650474,2
650484,1
650486,2
650493,2
650503,3
650509,2
650512,2
650524,3
650537,2
650541,2
650545,2
650548,2
650551,2
650554,1
650565,2
650613,4
650623,2
650639,3
650643,3
650664,2
650668,1
650676,2
650679,3
650691,2
650705,3
650724,1
650728,5
650733,1
650744,1
650750,2
650772,1
650792,2
650799,1
650805,1
650811,1
650814,2
650818,1
650828,4
650837,2
650848,1
650868,2
650874,2
650885,2
650899,1
650915,1
650922,3
650963,1
650977,2
650988,2
650997,2
650999,2
651005,2
651013,3
651018,1
651025,2
651033,2
651040,2
651058,2
651071,2
651081,1
651102,1
651111,2
651114,2
651117,2
651126,4
651148,1
651150,2
651166,2
651195,1
651213,2
651224,1
651236,2
651241,2
651252,2
651255,2
651292,2
651294,5
651310,2
651328,1
651330,2
651338,1
651349,2
651360,2
651365,2
651377,2
651380,2
651382,1
651405,1
651410,1
651415,2
651424,1
651465,2
651505,2
651512,1
651521,1
651524,2
651538,2
651561,1
651574,1
651600,2
651602,5
651610,3
651629,3
651651,2
651675,2
651678,3
651683,2
651692,2
651715,2
651723,3
651730,2
651760,1
651763,2
651777,2
651785,1
651806,3
651830,3
651857,1
651861,2
651871,2
651875,2
651887,3
651890,3
651893,2
651899,2
651922,2
651990,2
651993,5
651999,2
652008,1
652022,2
652035,3
652049,1
652064,2
652084,2
652086,2
652107,2
652123,1
652138,4
652149,1
652157,4
652179,3
652198,1
652212,2
652234,1
652236,1
652243,1
652259,2
652283,2
652288,2
652290,1
652294,2
652311,3
652314,6
652324,1
652364,1
652368,2
652377,1
652406,3
652410,1
652425,3
652428,1
652434,2
652451,2
652458,6
652465,2
652477,4
652482,2
652502,3
652505,2
652507,2
652510,2
652530,1
652554,1
652580,1
652595,1
652631,3
652636,2
652662,1
652674,1
652682,2
652703,2
652735,1
652740,2
652745,2
652747,1
652757,1
652782,3
652798,1
652811,2
652838,2
652849,1
652852,2
652858,1
652879,2
652884,2
652936,1
652938,1
652945,1
652947,5
652956,1
652960,4
652964,1
652977,3
652994,3
652997,2
653005,2
653027,1
653043,1
653055,2
653071,2
653081,2
653083,2
653094,2
653142,3
653154,6
653180,2
653184,2
653207,2
653216,1
653220,3
653225,1
653231,2
653234,1
653261,2
653266,1
653268,1
653296,1
653300,2
653315,2
653354,2
653356,1
653453,3
653476,1
653497,1
653510,1
653530,2
653534,2
653542,1
653557,3
653564,4
653568,1
653575,2
653579,4
653586,1
653602,1
653606,1
653644,2
653646,1
653660,2
653667,1
653678,3
653700,1
653707,4
653713,3
653727,2
653731,2
653733,6
653785,3
653793,1
653798,5
653803,1
653819,2
653825,5
653838,2
653844,1
653853,3
653857,2
653882,5
653902,4
653911,4
653926,2
653939,2
653961,3
653978,2
653981,1
653989,1
653992,3
653996,2
654003,1
654009,2
654012,1
654039,3
654046,3
654060,1
654062,3
654072,2
654074,2
654085,3
654088,2
654113,1
654118,3
654121,2
654145,2
654167,10
654200,4
654208,1
654230,2
654233,1
654236,1
654349,2
654495,2
654499,2
654531,2
654559,1
654632,3
654635,1
654641,2
654644,3
654648,2
654652,2
654655,4
654664,2
654670,2
654674,2
654680,3
654688,2
654695,4
654705,2
654709,1
654711,2
654716,2
654718,1
654725,1
654735,2
654740,2
654742,1
654744,2
654753,2
654757,3
654763,2
654766,3
654773,3
654783,3
654786,2
654792,2
654798,2
654811,4
654816,3
654820,2
654822,3
654832,2
654838,2
654850,2
654853,3
654856,3
654875,1
654882,1
654884,3
654887,2
654890,1
654901,2
654914,1
654917,2
654919,2
654926,2
654929,2
654931,2
654936,1
654942,1
654945,3
654949,3
654955,4
654959,2
654962,1
654971,2
654983,3
654998,2
655003,4
655008,3
655014,3
655020,1
655022,2
655024,1
655027,1
655029,1
655042,2
655050,3
655054,2
655057,3
655061,1
655064,1
655068,1
655075,4
655081,2
655084,2
655086,2
655090,1
655102,1
655106,3
655109,3
655119,2
655123,2
655127,2
655133,2
655137,2
655140,1
655145,5
655163,2
655168,2
655170,2
655175,1
655177,3
655184,1
655186,2
655195,2
655198,1
655203,1
655205,1
655209,2
655212,2
655214,4
655218,1
655223,2
655225,1
655232,1
655235,4
655245,2
655247,2
655254,2
655259,3
655264,1
655267,2
655270,2
655278,3
655283,2
655303,1
655312,2
655315,2
655324,1
655326,2
655328,2
655330,2
655337,2
655340,2
655349,2
655357,5
655362,2
655364,4
655368,1
655370,3
655373,1
655379,2
655382,1
655386,4
655391,3
655394,2
655403,2
655411,5
655419,2
655424,3
655428,1
655434,3
655441,3
655444,2
655453,4
655457,3
655460,3
655472,3
655483,4
655489,3
655498,2
655503,1
655508,2
655530,3
655544,2
655552,3
655559,2
655565,2
655570,2
655573,3
655578,2
655581,3
655585,2
655597,2
655603,1
655610,2
655613,2
655615,3
655619,2
655621,1
655624,1
655626,3
655630,1
655635,3
655644,4
655648,2
655651,1
655654,1
655659,3
655662,3
655665,2
655673,2
655675,2
655681,2
655698,2
655710,3
655716,2
655718,3
655722,2
655725,3
655729,2
655733,1
655737,2
655739,3
655751,3
655759,1
655761,2
655772,3
655779,1
655784,2
655788,2
655791,1
655793,1
655819,2
655821,3
655824,2
655826,3
655833,3
655845,1
655852,3
655859,3
655864,2
655867,3
655884,1
655887,1
655891,2
655897,2
655904,3
655910,1
655912,1
655914,2
655925,2
655932,1
655935,2
655938,3
655946,2
655950,2
655952,2
655956,2
655961,2
655963,3
655972,3
655977,2
655979,3
655984,1
655991,1
655998,2
656002,2
656006,3
656010,1
656014,2
656018,4
656025,2
656037,1
656044,2
656047,2
656056,3
656067,4
656071,2
656077,2
656083,2
656091,2
656101,5
656110,1
656115,2
656117,1
656119,2
656123,2
656129,1
656141,2
656144,3
656150,2
656153,1
656167,2
656171,2
656175,1
656178,2
656194,2
656197,2
656203,2
656206,1
656217,2
656220,1
656225,4
656238,2
656246,1
656256,2
656262,2
656269,4
656283,7
656302,2
656308,3
656312,2
656316,1
656322,2
656324,3
656328,2
656341,2
656352,2
656364,5
656369,4
656374,2
656382,2
656386,2
656390,2
656399,4
656403,2
656405,2
656415,5
656424,2
656430,2
656441,3
656445,2
656453,3
656461,2
656469,2
656485,2
656487,3
656491,4
656503,6
656516,2
656529,3
656535,1
656546,2
656549,3
656561,2
656578,2
656607,2
656610,5
656616,1
656629,3
656634,1
656644,2
656652,2
656666,2
656674,2
656680,2
656683,1
656690,1
656692,2
656697,2
656700,1
656702,3
656705,2
656707,4
656711,1
656714,3
656718,2
656720,2
656725,3
656730,3
656743,1
656745,2
656748,3
656759,2
656762,2
656764,1
656767,3
656785,2
656790,1
656793,3
656809,2
656813,2
656823,1
656825,7
656832,3
656836,2
656838,2
656846,2
656852,6
656859,2
656863,3
656866,3
656869,2
656873,1
656878,2
656885,3
656889,4
656893,1
656905,2
656907,2
656910,3
656913,2
656931,1
656935,3
656941,1
656944,2
656949,2
656959,1
656969,1
656971,1
656973,1
656978,1
656996,2
656998,2
657003,2
657006,2
657012,2
657018,1
657027,2
657031,1
657042,2
657044,1
657048,2
657054,2
657059,2
657067,3
657074,2
657076,4
657084,1
657086,3
657089,1
657091,2
657100,2
657104,2
657109,2
657112,2
657116,2
657119,1
657121,1
657124,3
657127,2
657142,2
657154,2
657156,2
657159,3
657171,3
657175,1
657178,2
657184,1
657186,1
657189,4
657195,2
657198,2
657208,2
657217,2
657220,3
657227,3
657230,2
657232,4
657240,3
657245,2
657251,2
657254,2
657268,3
657277,2
657281,2
657283,3
657288,2
657291,2
657295,3
657300,1
657307,1
657310,2
657313,1
657315,2
657322,1
657335,3
657339,3
657344,3
657347,2
657349,2
657358,2
657362,2
657366,1
657371,2
657373,2
657376,2
657378,3
657391,2
657395,2
657398,2
657403,2
657405,2
657408,4
657412,3
657416,1
657422,2
657424,2
657429,2
657435,2
657439,3
657442,2
657446,3
657451,2
657456,3
657459,1
657462,1
657464,3
657468,5
657475,3
657478,1
657480,1
657482,2
657486,5
657491,3
657498,2
657501,2
657505,2
657515,2
657517,3
657526,2
657531,2
657533,1
657537,1
657540,1
657544,2
657552,2
657554,2
657556,2
657561,1
657563,3
657567,2
657574,2
657576,3
657587,2
657590,1
657596,1
657598,2
657613,3
657616,2
657620,2
657626,1
657630,1
657640,3
657643,2
657653,1
657655,3
657661,2
657663,1
657671,1
657679,2
657684,2
657687,2
657691,2
657697,1
657706,2
657710,1
657714,1
657724,1
657730,2
657733,2
657738,2
657740,2
657743,2
657745,2
657755,1
657757,1
657761,3
657765,2
657769,2
657773,5
657782,2
657784,1
657802,2
657806,3
657813,4
657818,2
657821,2
657827,3
657830,1
657834,2
657838,2
657842,4
657846,1
657852,2
657854,2
657858,1
657860,2
657862,1
657864,3
657868,1
657870,5
657876,2
657883,2
657887,2
657891,2
657897,2
657899,2
657901,1
657909,3
657916,2
657920,2
657928,2
657931,2
657943,2
657956,2
657958,2
657961,2
657972,3
657982,2
657984,2
657986,3
657990,2
657992,3
657996,3
658001,2
658004,6
658010,1
658016,5
658025,4
658034,2
658037,1
658041,1
658050,2
658062,3
658065,2
658068,3
658071,1
658073,2
658093,2
658097,2
658107,4
658111,2
658121,1
658126,2
658128,2
658141,2
658148,2
658156,1
658176,4
658184,1
658189,2
658199,1
658215,2
658223,4
658234,1
658238,1
658240,2
658244,3
658252,1
658259,1
658265,2
658270,2
658274,2
658280,1
658286,2
658289,3
658294,1
658298,1
658302,2
658305,1
658313,3
658324,4
658329,2
658333,3
658337,3
658340,2
658342,4
658351,3
658358,2
658367,1
658375,2
658379,5
658387,2
658390,2
658392,1
658394,1
658398,3
658403,2
658412,2
658418,4
658422,2
658431,2
658437,4
658442,5
658459,5
658473,4
658479,4
658485,3
658490,2
658497,4
658501,2
658513,3
658522,1
658524,1
658532,2
658535,4
658542,1
658544,4
658549,2
658552,3
658558,2
658563,1
658566,1
658568,4
658572,2
658577,1
658582,2
658590,2
658592,1
658598,2
658600,4
658607,1
658610,4
658616,1
658619,2
658623,2
658626,2
658628,1
658640,2
658642,2
658652,2
658658,2
658665,2
658669,3
658677,2
658681,1
658685,3
658693,2
658696,2
658701,2
658714,1
658718,2
658720,2
658723,2
658730,4
658737,1
658739,1
658741,3
658744,4
658755,2
658760,2
658774,1
658776,2
658778,2
658785,2
658792,1
658795,2
658797,2
658809,2
658812,4
658816,1
658821,1
658823,3
658829,1
658832,2
658836,4
658841,2
658844,2
658846,2
658848,2
658858,2
658860,3
658864,2
658875,2
658877,1
658883,3
658888,1
658893,1
658895,2
658897,2
658899,3
658902,2
658907,1
658910,2
658917,2
658922,3
658925,3
658937,2
658939,2
658941,6
658954,2
658964,1
658970,2
658972,2
658982,2
658988,5
658994,1
659000,2
659011,2
659013,1
659020,3
659028,2
659030,1
659039,2
659041,2
659047,2
659049,2
659052,2
659055,3
659068,3
659071,1
659075,1
659081,3
659088,2
659090,1
659093,1
659105,3
659114,2
659120,2
659122,1
659130,1
659137,3
659148,2
659154,2
659156,2
659162,1
659165,2
659169,2
659177,3
659192,2
659194,2
659196,2
659205,1
659208,3
659222,2
659224,2
659229,2
659238,1
659241,1
659243,1
659245,2
659247,3
659251,2
659256,3
659260,5
659267,2
659269,1
659271,2
659274,2
659276,2
659279,2
659285,2
659287,2
659289,2
659296,2
659298,3
659311,3
659323,2
659334,3
659341,1
659344,4
659350,2
659358,2
659361,2
659363,3
659372,2
659378,5
659384,2
659386,3
659394,2
659408,1
659411,2
659413,1
659417,3
659423,3
659426,3
659430,2
659432,3
659439,2
659441,3
659445,2
659452,1
659457,1
659461,2
659466,1
659469,3
659476,1
659484,4
659488,1
659494,3
659498,6
659505,3
659508,2
659516,1
659518,2
659534,1
659543,1
659549,2
659554,2
659558,2
659563,2
659576,2
659578,2
659581,2
659585,2
659590,2
659592,2
659594,6
659603,2
659605,2
659610,3
659617,1
659623,1
659630,2
659636,1
659638,3
659643,3
659650,4
659656,1
659658,3
659662,2
659664,2
659668,1
659672,2
659683,3
659686,2
659689,5
659696,4
659704,2
659710,2
659715,2
659717,2
659721,2
659736,2
659738,2
659742,1
659756,2
659758,3
659764,1
659773,2
659778,2
659782,1
659786,2
659788,2
659795,3
659803,3
659806,2
659808,1
659810,2
659815,2
659819,2
659824,2
659836,2
659838,3
659842,2
659844,4
659848,2
659853,1
659855,4
659862,2
659874,2
659876,3
659883,2
659893,1
659895,2
659901,1
659922,1
659932,1
659936,2
659948,2
659958,2
659962,1
659973,2
659975,2
659987,2
659991,1
659993,4
659997,3
660008,2
660011,2
660015,3
660019,1
660024,1
660030,2
660032,2
660035,2
660039,3
660048,1
660056,1
660060,2
660072,4
660076,2
660081,2
660083,1
660086,3
660095,2
660097,1
660105,2
660125,2
660128,2
660134,2
660137,2
660139,2
660141,2
660148,2
660150,4
660154,1
660157,2
660161,2
660163,1
660165,2
660168,4
660177,2
660180,2
660182,1
660193,2
660199,5
660207,2
660211,2
660213,2
660222,3
660225,4
660231,3
660237,1
660243,2
660247,2
660255,1
660263,2
660270,2
660273,3
660276,1
660279,2
660282,2
660287,1
660289,1
660292,1
660298,2
660303,1
660308,1
660316,2
660320,1
660332,2
660335,2
660339,1
660341,1
660344,3
660347,2
660355,2
660370,2
660379,1
660382,3
660386,1
660391,2
660397,2
660400,1
660403,2
660406,1
660413,1
660418,3
660423,2
660429,2
660433,5
660439,1
660442,2
660445,2
660454,2
660457,2
660460,3
660467,2
660469,2
660477,3
660486,3
660490,2
660502,2
660505,3
660510,1
660519,3
660523,1
660528,2
660536,3
660543,2
660546,2
660551,1
660557,3
660562,3
660565,1
660578,2
660587,2
660594,3
660599,2
660602,3
660605,3
660611,5
660619,4
660625,3
660629,2
660634,2
660636,2
660638,2
660641,2
660647,1
660651,3
660659,2
660676,3
660683,3
660688,1
660690,2
660692,1
660696,1
660708,2
660719,3
660722,2
660726,2
660733,5
660739,1
660742,2
660758,2
660773,2
660776,2
660782,3
660793,4
660797,1
660800,1
660808,1
660816,2
660818,3
660828,2
660831,1
660847,2
660861,1
660865,2
660867,2
660872,2
660878,1
660882,2
660885,2
660888,2
660893,2
660895,3
660900,2
660905,2
660907,1
660926,3
660929,1
660937,1
660943,2
660945,2
660949,3
660958,2
660961,2
660965,1
660967,4
660973,1
660977,2
660987,2
660990,2
661012,2
661015,2
661017,1
661021,2
661026,3
661030,1
661033,5
661043,4
661049,1
661055,2
661066,1
661071,2
661073,2
661079,2
661084,2
661089,3
661099,2
661105,2
661113,2
661117,2
661123,1
661125,3
661129,4
661133,1
661135,3
661141,1
661155,2
661157,1
661174,3
661199,2
661203,3
661208,3
661211,3
661214,2
661223,2
661226,3
661232,2
661235,3
661239,3
661268,2
661272,1
661274,4
661278,2
661287,2
661290,1
661295,1
661301,3
661305,1
661308,1
661313,2
661316,1
661318,2
661322,2
661324,2
661333,1
661337,1
661341,2
661351,2
661353,2
661355,2
661359,3
661362,2
661365,1
661367,2
661374,5
661379,5
661386,2
661394,1
661399,2
661404,3
661412,1
661414,1
661422,1
661424,2
661426,1
661433,2
661435,2
661438,2
661441,2
661445,2
661447,1
661454,2
661460,1
661467,2
661480,2
661485,1
661492,1
661497,4
661517,1
661521,3
661531,1
661536,2
661545,2
661547,1
661557,3
661563,2
661569,2
661571,2
661574,1
661577,2
661590,3
661593,1
661595,3
661602,1
661613,2
661621,2
661628,1
661636,3
661645,3
661648,2
661653,1
661658,2
661663,3
661667,4
661672,1
661675,3
661679,4
661692,2
661694,2
661697,2
661703,2
661708,1
661711,1
661716,5
661722,2
661729,2
661733,2
661736,2
661740,3
661745,1
661747,1
661751,3
661756,2
661773,1
661776,2
661795,2
661799,3
661802,2
661804,1
661810,2
661813,2
661829,2
661831,1
661833,2
661838,1
661840,1
661842,1
661846,2
661851,2
661853,2
661856,1
661858,2
661868,2
661879,1
661882,2
661885,2
661889,1
661893,3
661896,2
661899,2
661904,4
661913,2
661921,2
661935,2
661937,2
661942,2
661947,3
661951,2
661955,1
661957,1
661963,2
661966,1
661968,1
661988,2
662001,3
662009,1
662011,1
662013,2
662015,1
662026,2
662037,3
662045,1
662048,3
662055,2
662062,2
662065,2
662072,3
662090,2
662094,2
662101,2
662114,2
662116,2
662118,1
662126,4
662130,2
662134,2
662142,3
662145,5
662150,3
662153,2
662155,2
662157,1
662160,2
662172,2
662176,2
662180,1
662182,2
662196,2
662201,2
662203,1
662209,3
662215,3
662218,3
662225,4
662229,1
662232,2
662234,3
662241,3
662244,1
662248,1
662250,2
662253,4
662261,2
662263,2
662265,2
662272,3
662277,2
662285,3
662290,2
662292,2
662299,2
662304,2
662312,2
662317,2
662322,4
662326,3
662329,1
662339,2
662347,2
662355,2
662363,1
662375,2
662382,1
662386,2
662390,2
662407,2
662416,1
662422,4
662427,2
662429,1
662437,4
662445,1
662447,2
662451,2
662460,2
662470,2
662474,1
662476,3
662481,1
662483,1
662488,3
662498,3
662501,2
662515,1
662540,2
662542,3
662549,2
662551,3
662554,1
662561,2
662563,2
662571,1
662584,2
662593,1
662597,2
662602,2
662605,5
662610,1
662612,2
662614,1
662617,1
662620,3
662626,3
662631,2
662641,2
662647,3
662651,2
662653,2
662655,2
662657,1
662660,2
662665,3
662671,1
662676,4
662691,1
662693,1
662701,2
662704,4
662712,2
662714,1
662730,3
662733,3
662740,2
662742,3
662750,1
662754,3
662757,3
662762,2
662766,3
662769,2
662772,3
662775,3
662778,2
662788,1
662791,3
662795,2
662797,3
662802,3
662809,2
662814,2
662824,2
662830,1
662840,1
662843,2
662845,2
662847,3
662850,3
662854,1
662858,2
662866,2
662874,1
662876,2
662879,2
662881,2
662886,3
662890,2
662893,2
662895,2
662897,3
662904,2
662909,3
662924,1
662927,3
662930,2
662936,1
662943,2
662953,3
662957,2
662962,1
662974,2
662976,1
662980,2
662988,2
662991,2
662998,1
663003,2
663006,2
663008,5
663016,1
663026,4
663032,4
663039,2
663045,1
663052,3
663063,2
663065,1
663071,2
663099,3
663104,4
663109,3
663126,2
663128,2
663133,2
663141,3
663148,3
663157,1
663162,3
663166,2
663176,2
663179,2
663183,1
663188,2
663197,2
663211,2
663216,1
663223,3
663226,4
663236,1
663254,3
663274,3
663282,2
663296,1
663298,1
663306,2
663309,2
663319,3
663325,2
663327,2
663333,1
663342,1
663565,3
663572,2
663583,3
663586,2
663609,3
663618,2
663626,2
663636,2
663639,2
663647,2
663649,2
663655,2
663665,5
663672,2
663674,1
663679,2
663682,2
663692,4
663697,2
663700,3
663703,2
663743,2
663767,2
663770,2
663784,1
663786,1
663806,5
663811,4
663877,2
664064,3
664067,2
664069,4
664082,4
664089,4
664097,2
664105,1
664109,2
664115,3
664118,3
664145,2
664148,2
664152,4
664161,2
664163,2
664176,4
664180,2
664186,1
664188,3
664192,4
664199,2
664207,2
664217,1
664223,2
664232,2
664234,2
664247,2
664251,1
664258,2
664265,2
664273,3
664278,2
664284,3
664309,4
664315,2
664318,2
664325,5
664330,3
664336,4
664342,2
664351,2
664400,1
664479,1
664533,1
664610,2
664898,2
664902,2
664938,1
664943,1
665674,1
665685,2
665747,1
666275,1
666637,2
666643,4
666839,3
666844,3
666981,2
667294,1
667347,1
667387,2
667439,1
667546,2
667548,2
667550,2
667627,1
667632,2
667635,4
667724,1
668748,1
668758,1
668761,2
668763,2
668765,1
668786,1
669090,2
669107,1
669118,1
669126,2
669153,3
669173,2
669244,2
669288,4
669609,1
669705,3
669709,9
669916,5
670301,1
670334,2
670738,1
671146,2
671601,2
671616,4
671930,1
671936,2
671945,2
671947,1
671949,3
671952,3
671955,3
671960,7
671967,1
672115,6
672123,1
672125,2
672128,2
672131,2
672133,3
672161,1
672163,4
672167,2
672169,3
672172,5
672177,3
672185,3
672189,4
672193,3
672196,3
672199,4
672203,4
672207,2
672265,3
672268,3
672310,2
672312,3
672315,3
672322,3
672325,3
672330,2
672332,2
672341,3
672344,2
672346,1
672361,3
672372,3
672375,2
672379,2
672381,2
672389,2
672400,4
672410,3
672415,2
672421,2
672424,2
672426,3
672429,2
672434,2
672436,2
672443,2
672459,2
672468,3
672471,2
672473,4
672477,2
672484,2
672486,3
672489,3
672496,3
672499,4
672503,2
672506,1
672525,2
672527,2
672533,3
672543,7
672550,2
672552,7
672564,4
672568,4
672572,3
672575,3
672578,3
672585,4
672589,2
672591,2
672603,2
672613,2
672616,2
672619,3
672622,2
672624,2
672631,2
672633,4
672638,3
672641,2
672643,2
672649,2
672651,3
672655,2
672661,4
672665,3
672668,1
672671,2
672681,3
672684,4
672694,2
672696,1
672698,7
672717,3
672723,2
672725,4
672733,1
672735,2
672740,1
672743,3
672753,2
672769,5
672774,3
672777,3
672780,1
672782,2
672801,3
672845,3
672853,5
672864,4
672868,5
672873,5
672878,2
672881,6
672888,2
672892,2
672898,16
672918,1
672926,2
672946,4
672962,3
672969,1
672972,2
672982,3
673024,5
673056,1
673079,2
673082,3
673088,2
673090,2
673093,2
673095,7
673106,1
673122,3
673127,1
673132,5
673141,3
673146,4
673150,2
673156,2
673158,2
673160,1
673162,2
673164,3
673167,3
673171,1
673175,4
673179,2
673181,1
673183,2
673187,3
673190,2
673192,2
673198,2
673200,3
673205,3
673211,2
673213,3
673216,1
673221,3
673224,4
673228,3
673231,2
673233,1
673235,4
673239,3
673248,3
673267,2
673269,3
673273,2
673275,3
673279,2
673281,1
673310,2
673315,2
673351,2
673363,2
673366,2
673373,2
673377,2
673379,3
673383,3
673386,2
673391,2
673398,2
673400,2
673402,3
673405,3
673409,3
673412,2
673418,4
673423,5
673428,5
673433,4
673437,6
673445,2
673448,1
673452,3
673459,2
673461,1
673468,2
673473,2
673475,3
673479,2
673484,2
673488,4
673492,2
673501,2
673504,4
673508,2
673510,2
673513,2
673515,2
673524,2
673527,1
673529,5
673535,2
673537,2
673543,3
673546,2
673550,3
673556,2
673558,4
673562,2
673566,2
673570,2
673576,2
673579,3
673583,2
673585,2
673588,2
673592,7
673601,2
673603,5
673609,2
673618,2
673623,3
673626,2
673631,3
673634,3
673642,3
673645,3
673653,3
673657,2
673660,4
673667,2
673670,2
673673,2
673676,2
673678,2
673681,4
673688,3
673691,2
673693,2
673696,2
673698,4
673705,4
673711,2
673714,4
673718,2
673720,1
673728,3
673731,2
673736,2
673738,2
673740,2
673742,4
673747,3
673753,4
673760,2
673763,2
673770,3
673779,2
673781,2
673783,2
673794,2
673799,2
673809,3
673816,2
673824,3
673828,2
673832,2
673844,2
673846,3
673855,2
673858,2
673860,3
673863,2
673865,3
673873,2
673879,3
673883,3
673886,2
673890,5
673898,2
673900,3
673903,2
673907,2
673909,5
673915,2
673918,2
673921,3
673925,2
673935,4
673939,2
673942,1
673944,6
673951,4
673956,2
673961,1
673964,2
673966,2
673969,2
673972,2
673979,3
673982,2
673988,4
673992,2
673994,2
673996,3
674000,2
674003,3
674006,2
674008,1
674010,2
674014,2
674017,2
674020,3
674023,5
674029,2
674036,2
674038,3
674041,1
674043,3
674048,3
674051,2
674054,4
674061,4
674069,8
674080,2
674082,3
674085,4
674089,1
674091,2
674094,3
674097,3
674102,2
674104,2
674108,2
674111,3
674118,3
674121,3
674124,1
674127,2
674130,2
674132,3
674136,2
674139,2
674141,2
674143,2
674147,5
674153,8
674163,4
674169,1
674171,2
674173,2
674176,3
674179,3
674182,2
674185,2
674187,3
674190,2
674192,2
674196,3
674202,2
674205,1
674208,3
674214,2
674216,2
674224,5
674235,2
674238,1
674241,3
674250,2
674252,2
674256,2
674261,2
674263,2
674269,2
674276,1
674282,3
674289,3
674294,4
674298,1
674301,2
674304,2
674306,3
674309,4
674315,2
674317,3
674335,2
674338,2
674340,1
674349,1
674355,2
674359,2
674361,3
674367,3
674372,4
674377,3
674380,2
674384,3
674391,3
674396,2
674398,1
674402,2
674406,2
674408,4
674412,3
674417,3
674423,3
674427,2
674432,5
674438,2
674449,2
674454,2
674457,2
674465,3
674468,1
674475,5
674480,2
674486,2
674488,4
674494,1
674500,4
674504,3
674508,3
674511,4
674518,2
674520,3
674524,2
674526,2
674528,2
674535,2
674537,2
674542,2
674545,3
674551,2
674560,1
674564,3
674567,3
674574,5
674580,4
674586,1
674602,2
674604,3
674607,1
674610,1
674612,4
674616,4
674621,5
674626,2
674630,3
674636,2
674639,1
674642,2
674644,4
674649,3
674653,2
674658,2
674662,3
674667,2
674672,2
674675,2
674677,2
674680,3
674683,2
674686,3
674689,3
674692,4
674696,3
674699,1
674702,3
674708,2
674712,1
674717,3
674720,2
674723,3
674726,3
674729,2
674731,2
674741,2
674743,1
674747,1
674749,2
674751,1
674753,3
674760,2
674765,1
674767,5
674776,3
674779,2
674782,1
674786,2
674788,2
674797,2
674803,1
674807,2
674813,2
674817,2
674822,2
674824,2
674830,1
674833,1
674836,4
674846,3
674858,3
674873,2
674875,2
674886,3
674891,2
674897,4
674904,3
674909,1
674911,3
674917,2
674922,3
674925,2
674928,2
674932,3
674939,2
674942,2
674948,2
674951,2
674953,2
674959,3
674966,2
674971,2
674973,3
674976,3
674982,2
674984,3
674990,2
674993,2
675000,3
675006,3
675013,2
675016,2
675024,3
675029,1
675031,3
675034,2
675040,3
675045,1
675054,3
675057,1
675061,2
675067,2
675078,3
675085,2
675089,2
675092,3
675098,2
675104,3
675107,1
675109,2
675111,3
675115,1
675121,2
675127,4
675131,1
675140,3
675148,2
675150,1
675155,2
675160,2
675162,2
675164,3
675171,3
675176,1
675178,2
675182,2
675187,2
675189,2
675191,5
675196,3
675199,2
675203,1
675205,3
675208,3
675213,1
675218,4
675224,5
675243,3
675246,3
675249,3
675255,3
675258,3
675268,1
675272,4
675277,3
675285,4
675291,2
675295,1
675299,5
675304,2
675310,2
675315,1
675319,3
675326,1
675328,1
675332,4
675336,2
675339,2
675341,2
675343,3
675350,2
675360,2
675368,3
675373,2
675379,3
675382,3
675385,2
675387,3
675390,2
675393,3
675396,2
675398,4
675404,5
675410,4
675421,4
675427,2
675434,3
675437,4
675441,2
675443,4
675447,2
675457,1
675460,5
675467,2
675475,3
675478,2
675482,2
675484,3
675496,1
675498,2
675501,2
675503,2
675511,1
675515,2
675517,5
675522,4
675538,2
675541,2
675545,2
675551,2
675556,3
675561,1
675566,4
675578,4
675582,2
675584,2
675591,1
675597,2
675599,3
675602,1
675604,2
675607,2
675610,2
675613,1
675615,2
675619,4
675624,2
675628,2
675630,2
675632,2
675635,2
675641,2
675646,2
675656,1
675659,2
675663,2
675666,4
675671,1
675677,2
675684,2
675688,1
675692,1
675698,2
675701,1
675711,1
675715,1
675719,2
675723,2
675727,2
675734,2
675736,2
675741,2
675743,2
675750,1
675752,2
675754,2
675758,2
675760,2
675768,3
675771,2
675773,2
675779,2
675781,1
675789,2
675796,4
675805,4
675809,4
675814,2
675818,2
675823,2
675835,2
675837,3
675841,3
675844,1
675847,1
675851,2
675853,3
675862,3
675865,3
675869,5
675874,2
675879,2
675889,2
675891,1
675893,2
675896,2
675900,2
675902,2
675907,2
675911,2
675916,4
675920,3
675923,2
675931,2
675934,1
675938,2
675949,4
675953,1
675955,1
675957,2
675959,3
675967,2
675971,2
675973,1
675981,1
675985,3
675993,2
675996,3
676000,1
676002,2
676004,2
676011,3
676018,1
676021,2
676025,2
676029,3
676038,3
676048,2
676058,1
676065,3
676068,2
676070,1
676078,3
676092,4
676103,2
676105,3
676111,2
676113,2
676116,2
676120,1
676124,2
676127,1
676131,3
676137,3
676141,2
676157,3
676160,2
676174,1
676185,2
676194,2
676202,2
676212,3
676215,3
676223,2
676229,1
676231,1
676233,2
676236,3
676240,2
676245,2
676248,1
676263,1
676276,2
676279,1
676281,2
676289,3
676294,2
676302,2
676306,2
676308,2
676310,2
676318,3
676321,2
676325,2
676327,2
676332,3
676335,2
676337,4
676342,3
676345,4
676350,2
676352,4
676356,1
676360,3
676378,2
676384,1
676388,2
676391,7
676400,2
676409,2
676412,2
676426,3
676430,4
676434,1
676436,3
676440,2
676446,2
676450,3
676453,2
676455,1
676465,3
676470,2
676476,2
676479,3
676488,3
676506,2
676511,2
676513,2
676518,1
676525,2
676528,1
676530,3
676533,2
676541,3
676546,1
676552,1
676554,3
676558,3
676561,3
676575,1
676581,3
676587,1
676591,2
676595,1
676598,2
676601,2
676606,2
676616,1
676620,3
676623,1
676626,1
676631,2
676634,2
676641,3
676644,4
676654,4
676662,3
676668,4
676678,4
676687,1
676689,1
676692,2
676696,2
676699,2
676701,2
676706,4
676716,2
676720,2
676727,3
676730,3
676738,1
676744,3
676747,2
676752,1
676757,1
676763,4
676770,1
676774,1
676776,2
676780,2
676782,2
676786,3
676791,2
676794,2
676802,3
676815,2
676817,3
676827,1
676830,1
676834,3
676843,4
676847,3
676856,2
676861,2
676863,2
676868,3
676877,3
676883,2
676886,3
676895,1
676906,2
676908,2
676912,2
676914,2
676917,4
676924,1
676930,1
676932,3
676942,3
676945,1
676963,2
676965,2
676969,1
676973,2
676986,2
676990,2
676999,5
677004,1
677009,1
677012,2
677014,1
677017,2
677024,4
677031,3
677039,2
677042,3
677045,2
677047,3
677065,2
677069,2
677084,3
677090,3
677096,1
677101,1
677106,1
677108,2
677110,2
677112,2
677115,2
677120,3
677133,1
677135,2
677145,1
677150,7
677158,4
677162,1
677167,2
677169,1
677171,1
677173,2
677179,2
677187,3
677190,3
677194,2
677196,1
677199,2
677207,1
677210,3
677213,2
677215,3
677221,3
677224,1
677231,2
677234,3
677239,2
677241,2
677244,2
677246,2
677253,2
677256,3
677261,1
677270,2
677273,1
677275,1
677277,1
677300,2
677304,3
677324,1
677327,2
677340,2
677345,3
677350,1
677364,1
677366,2
677370,2
677372,1
677379,2
677383,2
677388,2
677390,2
677395,4
677400,1
677402,2
677405,2
677411,2
677430,2
677455,2
677459,4
677465,1
677467,2
677471,3
677474,4
677479,1
677483,2
677491,2
677504,3
677508,2
677516,2
677523,1
677528,1
677534,3
677540,2
677544,2
677546,2
677550,1
677558,1
677561,4
677567,1
677570,2
677578,3
677590,2
677601,2
677605,2
677607,1
677612,1
677614,2
677617,2
677622,2
677629,4
677641,1
677643,3
677650,2
677652,2
677659,1
677666,1
677668,1
677670,2
677676,1
677679,1
677683,2
677691,3
677697,2
677705,2
677720,2
677725,2
677727,3
677732,1
677737,4
677744,1
677758,2
677768,3
677771,1
677775,2
677786,1
677790,2
677797,1
677800,3
677803,3
677836,1
677846,3
677856,2
677863,2
677870,1
677884,2
677890,1
677892,2
677897,2
677901,5
677909,2
677911,4
677925,3
677930,4
677934,2
677941,2
677945,1
677970,1
677974,1
677977,2
677980,3
677986,1
677993,2
677999,2
678001,2
678005,1
678009,2
678011,2
678014,1
678017,4
678021,2
678025,1
678029,3
678033,2
678039,2
678042,1
678044,2
678051,2
678055,2
678058,3
678067,2
678071,1
678073,1
678080,2
678086,1
678090,2
678095,3
678098,3
678101,1
678115,3
678118,3
678123,4
678139,2
678141,1
678154,1
678157,4
678163,2
678165,2
678167,2
678169,1
678189,3
678193,1
678207,1
678210,2
678214,2
678216,1
678220,6
678229,2
678232,1
678245,3
678249,1
678254,3
678262,2
678274,2
678281,2
678287,2
678289,1
678291,1
678308,1
678311,3
678314,1
678319,4
678323,2
678325,2
678328,3
678331,1
678339,1
678344,3
678353,3
678357,1
678361,3
678364,4
678368,1
678371,1
678374,1
678376,3
678379,2
678385,1
678390,1
678398,1
678408,2
678420,2
678425,1
678432,1
678436,1
678440,2
678444,2
678451,2
678453,1
678455,2
678460,2
678463,2
678465,2
678477,1
678480,1
678488,2
678492,2
678495,2
678499,2
678509,2
678511,2
678520,2
678522,1
678525,2
678542,2
678544,2
678555,3
678560,3
678570,2
678573,2
678588,2
678592,2
678594,1
678598,1
678603,4
678617,2
678619,2
678624,3
678635,2
678639,2
678641,2
678646,1
678648,3
678662,2
678664,2
678672,2
678674,1
678676,1
678691,1
678703,2
678708,3
678712,3
678715,2
678721,2
678726,2
678745,4
678760,2
678771,1
678777,1
678779,1
678781,1
678785,3
678794,1
678802,2
678808,1
678813,1
678827,4
678831,1
678844,1
678854,1
678858,2
678863,1
678865,1
678868,2
678880,1
678884,2
678886,1
678891,1
678899,1
678902,2
678908,1
678914,2
678916,2
678924,4
678929,1
678944,2
678950,1
678960,2
678969,2
678971,3
678977,2
678982,4
678986,1
678993,2
678995,2
678997,2
678999,1
679001,2
679005,2
679012,1
679016,1
679019,2
679027,1
679035,1
679038,3
679043,2
679048,1
679052,3
679056,3
679061,1
679069,4
679081,2
679086,1
679089,2
679097,3
679100,3
679105,3
679112,1
679115,2
679121,1
679124,2
679126,1
679130,1
679136,1
679148,2
679151,2
679153,1
679157,2
679161,2
679169,5
679178,1
679185,4
679190,2
679198,2
679208,1
679211,4
679218,2
679228,1
679234,1
679238,1
679240,1
679244,1
679252,2
679256,2
679261,1
679265,2
679269,2
679282,1
679292,3
679300,4
679304,1
679308,1
679312,2
679320,2
679327,1
679331,2
679333,3
679337,2
679352,1
679370,1
679372,3
679376,1
679390,2
679394,1
679402,3
679407,1
679419,1
679425,3
679428,1
679430,1
679436,3
679439,2
679451,1
679469,3
679473,2
679477,2
679479,1
679492,1
679497,1
679499,4
679510,1
679513,1
679519,1
679521,2
679526,1
679530,2
679532,1
679535,4
679548,2
679552,1
679562,3
679570,2
679573,1
679584,2
679588,2
679599,2
679609,3
679614,2
679618,1
679621,3
679632,1
679641,1
679644,4
679648,1
679651,2
679655,2
679659,2
679661,1
679663,3
679668,3
679678,1
679692,3
679695,1
679699,3
679705,3
679711,2
679716,2
679734,2
679740,2
679742,2
679745,2
679749,1
679754,2
679771,1
679774,3
679778,1
679781,1
679783,1
679786,1
679789,3
679792,3
679795,1
679797,2
679799,2
679801,1
679805,2
679821,2
679826,4
679836,2
679849,3
679855,1
679858,2
679860,2
679867,1
679872,2
679876,1
679881,2
679884,2
679888,1
679891,1
679896,2
679904,4
679908,1
679910,1
679916,3
679919,1
679921,3
679928,2
679932,2
679937,3
679940,1
679950,2
679952,4
679957,1
679962,3
679966,3
679977,1
679991,3
679997,1
680000,4
680009,1
680014,3
680020,2
680030,1
680034,1
680039,2
680048,2
680052,2
680055,3
680058,2
680062,2
680069,2
680073,1
680078,1
680084,2
680086,2
680094,2
680098,2
680100,2
680103,2
680113,4
680118,2
680122,1
680129,2
680133,1
680137,1
680147,2
680149,2
680152,1
680160,4
680166,1
680169,1
680177,3
680186,3
680192,1
680194,1
680206,2
680209,1
680211,2
680218,1
680231,1
680238,4
680244,2
680258,2
680261,2
680264,1
680271,2
680283,4
680287,1
680291,2
680294,3
680303,2
680318,1
680320,3
680323,2
680325,1
680327,3
680337,2
680341,2
680345,1
680352,2
680361,2
680365,2
680368,2
680371,2
680373,3
680378,2
680391,1
680393,3
680397,2
680407,2
680413,2
680418,1
680423,3
680427,1
680433,2
680436,1
680438,4
680446,2
680449,2
680464,2
680474,2
680477,1
680479,2
680497,1
680507,3
680510,1
680512,1
680514,1
680520,1
680525,1
680533,1
680561,1
680574,2
680577,2
680582,1
680590,1
680595,2
680599,4
680603,3
680606,2
680610,1
680615,2
680621,1
680623,2
680626,1
680631,4
680636,2
680641,2
680646,2
680650,2
680652,3
680662,1
680671,4
680675,2
680677,1
680679,2
680681,1
680686,3
680692,3
680708,1
680719,2
680722,2
680725,2
680728,3
680750,1
680754,2
680771,1
680784,2
680786,1
680788,1
680790,1
680805,2
680807,2
680810,2
680819,3
680842,1
680844,2
680847,5
680859,3
680878,1
680881,3
680897,3
680900,2
680906,2
680908,2
680911,2
680915,1
680922,2
680931,2
680933,2
680936,2
680942,3
680945,3
680954,2
680956,2
680968,1
680974,1
680989,1
680991,1
680993,2
680996,1
681009,2
681011,3
681021,2
681028,2
681035,1
681042,1
681048,1
681051,1
681053,2
681057,2
681068,3
681078,2
681083,1
681092,2
681096,2
681100,2
681102,2
681105,5
681112,1
681118,2
681121,1
681127,1
681131,1
681134,1
681143,2
681146,2
681153,2
681174,4
681178,1
681183,1
681202,1
681211,1
681227,2
681231,2
681239,3
681243,1
681250,2
681257,2
681261,2
681275,2
681277,3
681280,4
681284,13
681297,4
681301,6
681308,2
681310,4
681314,4
681318,6
681324,2
681326,4
681330,6
681336,4
681341,3
681345,5
681350,5
681355,3
681358,4
681362,4
681366,4
681370,2
681375,2
681377,7
681385,2
681387,2
681389,5
681394,9
681403,2
681405,2
681408,2
681410,6
681416,5
681421,3
681424,6
681432,4
681436,2
681439,5
681444,3
681448,4
681452,3
681455,3
681458,2
681460,4
681464,5
681470,7
681477,3
681480,5
681485,4
681489,6
681496,2
681498,3
681502,15
681518,2
681521,2
681523,4
681528,5
681534,7
681543,2
681546,2
681548,6
681554,5
681559,5
681565,3
681569,2
681571,7
681578,2
681581,6
681590,3
681593,7
681601,4
681605,2
681607,2
681610,3
681613,4
681618,2
681622,3
681625,5
681630,5
681636,4
681640,3
681643,2
681645,3
681648,3
681651,2
681653,1
681655,2
681657,11
681668,2
681671,4
681676,4
681680,6
681686,5
681692,8
681700,3
681706,4
681710,2
681712,2
681714,3
681717,3
681722,2
681724,3
681727,11
681738,3
681742,6
681749,4
681753,2
681755,2
681758,4
681763,3
681767,2
681769,2
681774,3
681777,3
681784,4
681789,2
681792,5
681797,3
681800,2
681802,4
681807,7
681814,2
681816,3
681820,10
681830,7
681838,5
681849,2
681851,2
681853,3
681856,2
681858,5
681864,3
681867,4
681871,2
681873,10
681883,2
681886,1
681888,2
681891,2
681895,4
681899,2
681902,3
681907,2
681909,4
681913,2
681916,7
681923,3
681926,5
681931,2
681933,2
681936,2
681940,5
681945,7
681952,3
681955,2
681957,2
681959,2
681961,2
681964,2
681967,3
681970,3
681973,2
681975,2
681977,2
681981,2
681984,1
681986,3
681990,2
681992,1
681994,2
681997,2
681999,4
682003,1
682008,1
682010,3
682013,4
682019,3
682023,2
682026,4
682031,2
682034,3
682038,2
682040,2
682042,5
682048,4
682052,7
682060,2
682063,2
682065,3
682068,6
682074,4
682081,4
682087,3
682091,2
682093,3
682097,1
682101,4
682105,3
682110,2
682112,3
682115,2
682119,3
682122,3
682125,4
682129,2
682131,1
682133,2
682135,9
682148,3
682152,2
682154,2
682162,6
682169,3
682172,2
682174,2
682176,3
682179,4
682186,3
682189,8
682197,3
682200,3
682206,4
682213,7
682220,2
682222,5
682227,1
682229,1
682232,5
682240,8
682248,4
682253,2
682256,2
682258,4
682263,5
682268,2
682273,2
682276,2
682278,3
682281,8
682289,2
682298,4
682304,2
682307,3
682313,2
682317,3
682320,5
682328,4
682333,3
682336,2
682338,3
682341,3
682344,3
682347,2
682355,3
682358,3
682362,4
682366,2
682369,5
682376,3
682379,2
682382,3
682385,1
682388,4
682393,2
682395,3
682398,8
682406,6
682412,4
682416,5
682421,3
682427,4
682431,2
682433,2
682435,1
682438,6
682445,2
682447,8
682459,4
682464,5
682469,2
682471,1
682474,4
682480,3
682483,2
682486,2
682488,2
682490,1
682493,12
682505,2
682507,2
682510,3
682513,3
682516,2
682519,4
682523,6
682530,4
682534,7
682541,2
682543,4
682547,3
682554,5
682559,2
682561,6
682567,4
682571,2
682574,3
682581,2
682585,2
682587,2
682592,2
682595,4
682601,2
682603,4
682607,3
682614,3
682617,3
682623,3
682628,3
682631,4
682635,2
682637,2
682639,4
682645,6
682651,2
682654,1
682656,2
682658,2
682660,2
682662,1
682664,3
682667,2
682669,5
682674,5
682680,2
682682,2
682684,2
682689,4
682693,2
682696,5
682705,6
682712,5
682720,2
682724,2
682727,2
682731,1
682733,2
682737,5
682742,6
682750,3
682753,1
682758,6
682764,2
682766,2
682768,2
682770,2
682774,2
682776,1
682778,3
682781,2
682783,5
682789,2
682791,2
682796,2
682798,5
682803,2
682805,3
682808,2
682810,7
682817,2
682819,2
682821,3
682825,4
682829,2
682831,3
682834,4
682839,5
682844,4
682849,2
682852,3
682855,2
682857,1
682861,2
682865,1
682867,2
682871,4
682876,2
682878,2
682880,6
682886,9
682895,2
682897,2
682899,3
682904,4
682908,5
682917,2
682919,1
682923,2
682926,3
682931,2
682933,2
682935,3
682939,2
682942,5
682947,2
682949,2
682952,12
682968,4
682972,2
682974,3
682978,2
682980,2
682985,2
682987,2
682989,2
682991,3
682995,5
683000,2
683002,2
683004,5
683012,2
683016,2
683018,3
683021,2
683024,4
683028,2
683030,2
683032,3
683035,6
683042,2
683044,5
683054,1
683057,2
683059,7
683066,2
683072,3
683075,1
683077,2
683080,2
683086,2
683089,2
683091,2
683095,3
683098,2
683100,4
683104,3
683107,4
683111,1
683116,1
683118,11
683129,3
683132,5
683137,3
683140,4
683146,4
683151,3
683154,2
683158,2
683160,2
683162,4
683166,4
683171,3
683174,2
683176,3
683179,7
683186,2
683190,5
683196,3
683199,2
683203,3
683206,2
683208,2
683212,2
683217,2
683219,4
683224,3
683228,2
683232,2
683234,6
683240,2
683242,4
683249,3
683252,3
683256,2
683262,1
683265,5
683270,3
683274,4
683278,2
683281,2
683284,2
683286,3
683289,3
683292,2
683295,1
683299,2
683301,2
683303,5
683308,3
683311,4
683316,4
683321,2
683323,5
683332,3
683337,3
683341,4
683348,3
683352,5
683357,5
683367,3
683370,4
683381,4
683385,3
683388,2
683392,2
683394,3
683398,3
683405,2
683408,2
683410,2
683412,2
683415,3
683418,2
683422,3
683425,6
683431,2
683434,4
683439,2
683441,2
683444,3
683448,3
683451,2
683453,2
683457,5
683462,2
683464,2
683467,1
683469,2
683472,3
683475,3
683478,2
683482,1
683484,3
683488,2
683492,1
683494,1
683496,4
683501,2
683506,5
683513,3
683516,3
683521,7
683528,2
683530,2
683533,2
683540,7
683547,4
683554,4
683561,5
683566,2
683568,3
683571,3
683574,3
683577,5
683582,2
683584,3
683587,6
683594,4
683598,2
683600,2
683604,2
683606,1
683608,2
683610,2
683613,3
683616,2
683618,2
683621,1
683624,4
683628,1
683630,4
683634,2
683636,3
683639,1
683642,4
683647,3
683652,3
683657,2
683659,2
683661,2
683666,9
683675,2
683678,3
683682,4
683686,8
683694,3
683697,2
683702,4
683706,3
683710,5
683715,2
683717,4
683721,1
683725,9
683734,3
683738,2
683740,4
683750,2
683752,2
683755,4
683761,4
683765,2
683770,5
683775,1
683777,2
683782,2
683784,3
683795,1
683797,3
683802,8
683811,3
683814,2
683816,4
683820,3
683823,1
683827,2
683830,2
683832,4
683836,3
683839,3
683843,5
683849,2
683854,6
683861,3
683864,4
683868,1
683870,2
683873,2
683875,3
683879,6
683885,3
683888,1
683890,2
683894,3
683901,4
683905,7
683913,2
683918,3
683923,2
683925,1
683929,2
683931,1
683936,2
683941,2
683943,4
683947,3
683951,3
683954,2
683957,4
683961,2
683963,5
683969,2
683971,3
683974,2
683976,3
683980,3
683983,3
683992,2
683996,4
684005,2
684008,3
684011,3
684016,3
684019,2
684022,3
684025,3
684029,5
684034,4
684039,4
684043,3
684050,4
684054,3
684060,2
684062,2
684065,8
684074,2
684076,3
684080,3
684086,4
684091,4
684096,1
684098,6
684104,1
684106,4
684110,4
684115,4
684119,3
684122,3
684125,3
684128,5
684135,2
684137,5
684144,4
684148,3
684151,2
684154,4
684158,2
684164,2
684167,2
684170,2
684172,2
684176,2
684179,6
684186,2
684191,2
684194,4
684198,4
684203,2
684205,3
684209,2
684211,3
684215,2
684219,2
684221,4
684225,5
684230,4
684234,2
684236,3
684242,2
684245,3
684250,2
684254,3
684258,5
684266,2
684270,5
684277,2
684280,7
684288,1
684291,4
684295,5
684300,3
684303,2
684306,3
684309,2
684311,7
684319,2
684321,2
684323,2
684325,2
684329,4
684334,2
684336,3
684340,2
684342,3
684346,2
684348,2
684350,1
684353,2
684358,2
684362,4
684366,3
684369,2
684372,4
684377,3
684380,2
684383,4
684387,2
684390,5
684396,1
684399,4
684405,7
684413,2
684415,4
684420,2
684424,2
684426,1
684429,4
684434,4
684438,2
684440,4
684444,5
684449,4
684455,2
684457,1
684459,3
684462,4
684467,1
684472,3
684477,2
684480,2
684483,2
684487,4
684491,5
684496,2
684499,2
684502,2
684504,2
684507,4
684516,2
684518,5
684523,3
684532,5
684537,3
684540,3
684543,2
684545,3
684549,2
684553,3
684557,2
684559,2
684561,3
684565,3
684568,2
684570,3
684573,3
684576,3
684579,2
684581,4
684588,1
684590,8
684599,6
684607,3
684610,3
684613,2
684615,2
684617,3
684620,8
684628,10
684639,3
684642,4
684647,2
684649,3
684652,2
684654,3
684657,2
684660,2
684664,3
684667,2
684669,2
684673,5
684678,3
684681,3
684684,5
684689,3
684692,2
684694,2
684697,2
684700,4
684705,5
684712,2
684715,3
684718,1
684725,2
684727,3
684732,4
684736,2
684738,2
684745,2
684747,2
684749,5
684755,1
684757,4
684761,2
684763,1
684765,3
684773,4
684778,2
684780,3
684784,2
684786,3
684789,2
684792,3
684795,3
684799,6
684807,2
684809,2
684811,4
684816,2
684819,3
684824,2
684826,4
684831,2
684833,2
684836,3
684839,2
684841,3
684846,2
684848,4
684854,4
684858,2
684860,3
684866,2
684868,1
684873,2
684875,2
684881,2
684883,3
684888,4
684893,3
684897,2
684900,5
684910,2
684912,3
684917,4
684921,3
684924,2
684927,2
684929,2
684932,4
684936,3
684939,8
684949,5
684954,2
684956,4
684961,3
684967,2
684969,6
684977,4
684982,2
684985,12
684997,5
685004,4
685008,2
685011,6
685019,4
685024,4
685030,2
685032,2
685034,3
685038,4
685044,2
685046,3
685049,3
685052,2
685054,2
685058,2
685062,3
685065,3
685068,5
685076,2
685078,1
685080,4
685084,3
685089,6
685095,1
685097,6
685103,3
685106,2
685108,2
685112,2
685114,2
685117,2
685119,3
685122,3
685128,2
685132,5
685137,4
685141,3
685144,1
685146,4
685153,4
685162,2
685166,4
685173,2
685177,6
685183,3
685187,2
685190,1
685192,5
685197,2
685199,3
685202,3
685205,5
685211,5
685216,5
685223,6
685229,2
685231,1
685233,7
685240,3
685245,3
685249,2
685251,4
685258,3
685261,6
685268,4
685275,3
685279,1
685281,2
685283,2
685285,2
685287,2
685290,3
685293,2
685296,2
685300,2
685302,2
685304,2
685306,3
685310,2
685313,2
685315,1
685317,2
685323,4
685333,2
685336,4
685342,4
685346,3
685350,2
685352,1
685355,2
685358,1
685360,3
685366,2
685369,3
685374,2
685378,3
685381,2
685383,3
685386,4
685390,2
685394,4
685398,7
685407,7
685416,2
685418,2
685420,2
685422,2
685424,1
685426,3
685429,3
685432,2
685434,2
685436,1
685439,3
685444,1
685446,3
685450,5
685458,3
685462,3
685471,2
685476,4
685480,2
685483,6
685489,3
685492,3
685495,2
685499,4
685505,2
685507,2
685510,3
685513,6
685519,3
685522,2
685525,2
685528,7
685536,5
685541,1
685544,5
685554,3
685557,2
685559,2
685561,2
685563,2
685565,3
685568,2
685570,2
685574,5
685581,3
685592,2
685594,3
685599,4
685604,2
685612,3
685615,1
685617,3
685622,2
685624,6
685630,2
685633,2
685637,4
685641,5
685648,2
685653,7
685662,1
685664,2
685666,2
685668,2
685676,5
685681,4
685685,5
685690,2
685693,1
685695,2
685697,3
685700,2
685702,2
685704,2
685709,6
685717,3
685721,3
685724,4
685728,7
685737,2
685739,2
685742,2
685745,4
685751,9
685760,3
685764,2
685767,2
685771,2
685773,6
685779,1
685781,3
685785,2
685787,3
685790,2
685792,1
685794,2
685796,5
685805,3
685808,5
685813,3
685816,2
685818,2
685823,2
685825,4
685829,5
685835,2
685837,3
685840,3
685843,3
685851,2
685854,3
685857,2
685860,3
685866,7
685873,2
685875,3
685878,1
685884,2
685886,3
685892,2
685895,2
685898,4
685902,2
685904,3
685907,2
685912,3
685915,2
685918,4
685925,4
685930,2
685932,2
685935,2
685937,3
685941,2
685943,3
685946,5
685951,1
685954,3
685958,5
685964,2
685967,2
685969,5
685976,5
685981,1
685983,2
685985,3
685989,5
685995,2
685999,2
686003,3
686006,3
686009,3
686012,3
686019,2
686023,3
686026,5
686032,2
686035,3
686038,5
686043,2
686045,1
686047,2
686050,2
686052,2
686055,2
686057,3
686060,6
686066,4
686071,3
686074,3
686078,2
686084,3
686087,3
686091,2
686094,2
686096,2
686098,3
686101,2
686103,4
686107,2
686110,3
686113,1
686117,8
686125,2
686127,1
686129,2
686131,4
686135,4
686140,3
686146,2
686151,3
686154,1
686157,4
686162,2
686164,5
686174,2
686176,3
686180,2
686182,3
686185,4
686190,1
686192,3
686196,2
686200,2
686202,4
686206,2
686208,4
686212,2
686214,2
686217,2
686220,3
686223,2
686225,2
686229,2
686231,3
686234,3
686239,2
686241,4
686246,1
686250,6
686258,2
686262,2
686264,3
686267,4
686272,2
686281,1
686286,2
686288,4
686296,2
686306,2
686310,2
686313,5
686321,2
686323,3
686329,3
686336,2
686338,5
686344,2
686347,3
686350,3
686354,4
686360,2
686363,2
686365,1
686367,3
686371,2
686378,6
686385,3
686388,1
686390,3
686393,3
686396,1
686398,5
686403,4
686408,2
686411,2
686414,2
686416,1
686420,8
686428,5
686435,4
686439,2
686442,4
686447,2
686449,2
686451,6
686459,2
686461,1
686464,1
686466,3
686471,5
686483,5
686488,2
686490,5
686495,2
686497,4
686501,2
686505,1
686507,4
686511,2
686514,3
686517,3
686520,5
686525,2
686527,2
686531,2
686533,2
686536,3
686539,2
686542,3
686545,4
686550,2
686553,1
686555,2
686559,4
686563,3
686572,5
686578,6
686584,3
686588,5
686593,3
686596,6
686602,4
686608,3
686611,2
686615,4
686619,2
686627,6
686633,2
686635,2
686639,2
686641,2
686645,2
686647,2
686650,1
686652,2
686654,2
686657,2
686664,3
686669,2
686671,3
686674,3
686677,5
686682,2
686687,1
686689,3
686694,5
686699,2
686701,2
686704,4
686708,2
686710,6
686719,2
686723,2
686726,4
686733,5
686738,2
686740,5
686745,2
686748,1
686751,3
686754,2
686756,2
686758,2
686760,5
686765,2
686767,2
686769,4
686773,2
686775,4
686779,2
686781,1
686783,3
686787,5
686792,3
686797,2
686799,7
686807,3
686815,7
686823,4
686827,5
686832,2
686837,2
686840,2
686842,4
686846,3
686849,2
686853,2
686855,1
686857,3
686867,2
686869,4
686876,3
686879,2
686881,5
686888,1
686891,2
686895,3
686898,4
686902,4
686907,2
686911,2
686913,2
686918,4
686923,5
686928,3
686932,3
686935,3
686938,1
686940,2
686942,2
686944,6
686951,1
686955,2
686957,2
686959,2
686961,7
686969,2
686971,2
686974,2
686976,2
686979,2
686983,2
686985,2
686987,1
686989,3
686992,2
686994,2
686996,2
687000,5
687006,2
687013,2
687015,2
687017,6
687024,2
687026,7
687038,5
687043,2
687045,2
687049,3
687052,5
687059,3
687062,3
687065,2
687068,4
687072,2
687075,2
687080,2
687082,2
687084,2
687086,2
687088,5
687093,3
687096,4
687100,3
687103,2
687105,3
687110,1
687112,2
687116,2
687119,1
687129,2
687134,4
687138,3
687141,5
687149,2
687151,2
687155,4
687164,1
687167,2
687170,2
687174,1
687176,3
687179,4
687185,3
687192,4
687197,1
687199,3
687202,3
687206,3
687210,4
687214,3
687217,2
687220,7
687227,3
687231,2
687233,3
687237,2
687239,4
687245,3
687248,3
687251,3
687256,3
687259,6
687265,2
687269,3
687272,4
687276,2
687278,4
687282,2
687288,3
687293,2
687296,1
687298,2
687300,5
687305,2
687307,2
687310,3
687314,3
687317,4
687321,2
687328,1
687333,3
687337,2
687339,4
687343,3
687346,2
687348,2
687351,4
687355,1
687358,7
687370,3
687375,1
687377,2
687380,3
687383,1
687385,2
687388,3
687392,1
687397,2
687399,2
687403,2
687405,4
687417,3
687421,2
687427,6
687433,1
687436,4
687440,2
687444,2
687446,2
687457,2
687459,2
687464,2
687466,2
687471,1
687474,2
687478,5
687483,2
687486,2
687488,2
687491,7
687500,2
687503,1
687505,4
687512,3
687515,2
687518,5
687524,2
687526,2
687528,3
687533,2
687535,1
687538,2
687542,8
687550,3
687554,5
687559,3
687562,2
687567,4
687571,2
687574,5
687581,4
687585,2
687587,3
687590,4
687595,4
687602,2
687606,3
687609,3
687612,1
687614,2
687617,2
687620,7
687627,4
687632,4
687636,3
687639,2
687642,2
687644,4
687649,3
687652,2
687656,2
687662,2
687666,2
687672,6
687678,1
687680,2
687682,2
687684,4
687689,3
687693,4
687699,2
687701,2
687705,2
687707,5
687712,3
687715,3
687718,3
687725,3
687728,1
687730,1
687732,3
687735,2
687738,3
687743,2
687745,3
687748,3
687751,3
687754,2
687758,4
687763,5
687769,3
687772,3
687775,3
687779,2
687784,4
687788,2
687790,3
687794,2
687796,2
687803,4
687807,4
687811,2
687813,3
687816,4
687821,2
687824,2
687826,4
687830,2
687832,3
687835,5
687841,2
687847,7
687855,4
687860,2
687863,9
687872,4
687876,2
687878,2
687881,2
687883,2
687885,3
687889,2
687892,1
687894,4
687898,3
687901,3
687904,2
687906,4
687914,3
687919,2
687921,2
687925,1
687927,2
687929,2
687931,3
687936,2
687938,7
687945,2
687949,2
687951,2
687953,3
687958,3
687961,1
687965,6
687971,5
687977,3
687980,1
687982,2
687987,2
687989,3
687995,4
688004,2
688006,2
688008,2
688011,3
688016,2
688018,2
688020,5
688026,3
688029,3
688033,2
688035,5
688040,2
688042,2
688045,8
688053,4
688059,4
688065,2
688068,1
688072,5
688077,10
688089,2
688091,4
688095,2
688099,2
688101,7
688110,7
688117,3
688121,8
688129,3
688133,2
688135,3
688139,2
688141,1
688143,4
688147,5
688155,1
688158,2
688163,1
688165,2
688167,4
688171,5
688176,2
688179,2
688182,2
688185,2
688188,8
688197,3
688202,3
688206,2
688209,2
688211,5
688217,9
688228,4
688233,2
688235,9
688244,2
688246,1
688248,8
688257,2
688259,7
688267,2
688269,3
688273,4
688281,2
688284,4
688289,2
688291,2
688294,2
688296,2
688301,3
688304,1
688306,1
688308,3
688320,2
688322,3
688331,2
688333,2
688340,7
688347,4
688353,3
688356,2
688358,9
688367,7
688374,8
688383,3
688386,2
688392,2
688396,2
688398,6
688404,3
688407,3
688413,3
688416,1
688418,8
688429,4
688435,3
688439,1
688441,2
688444,5
688450,1
688452,8
688460,3
688463,2
688466,2
688468,2
688471,3
688475,2
688481,3
688484,4
688488,2
688492,4
688497,4
688501,2
688503,2
688505,4
688509,4
688514,4
688519,2
688524,2
688526,3
688530,5
688535,2
688542,2
688544,2
688546,3
688549,1
688552,2
688557,4
688563,3
688566,6
688572,3
688576,1
688578,1
688580,3
688583,7
688590,2
688593,2
688597,2
688599,2
688603,2
688607,4
688612,2
688615,2
688618,3
688622,3
688626,2
688628,2
688630,2
688632,5
688642,2
688644,6
688652,1
688656,8
688664,2
688667,2
688671,4
688676,3
688679,1
688681,4
688685,3
688691,1
688693,7
688702,3
688705,1
688709,2
688711,3
688719,2
688721,4
688727,3
688732,3
688735,5
688740,4
688744,2
688746,10
688760,2
688764,2
688766,7
688774,5
688780,2
688782,2
688786,2
688788,2
688790,1
688792,1
688794,2
688797,3
688800,4
688804,2
688806,3
688810,2
688812,5
688819,1
688822,5
688829,1
688831,2
688833,2
688842,2
688845,3
688848,4
688852,3
688855,2
688857,5
688864,2
688866,4
688870,2
688872,2
688875,3
688881,3
688884,1
688886,7
688893,5
688898,5
688903,2
688906,1
688910,2
688912,1
688914,2
688916,2
688918,2
688926,2
688929,2
688933,2
688937,3
688941,3
688944,3
688950,3
688955,2
688957,2
688960,2
688963,2
688965,2
688967,4
688976,2
688978,5
688987,3
688991,3
688994,2
689000,2
689003,4
689012,1
689014,7
689021,2
689024,3
689029,1
689034,4
689038,4
689042,3
689046,2
689048,4
689052,2
689055,4
689061,9
689070,5
689075,3
689079,5
689085,1
689088,2
689091,5
689096,3
689099,2
689101,1
689106,2
689112,4
689120,3
689126,2
689128,5
689135,2
689137,2
689139,2
689145,4
689150,3
689154,4
689162,2
689164,4
689171,3
689176,2
689180,3
689187,2
689193,7
689204,7
689212,3
689216,2
689218,2
689220,2
689223,4
689227,2
689232,3
689235,2
689237,3
689240,2
689242,2
689246,2
689248,2
689252,2
689254,2
689256,6
689263,1
689266,2
689268,2
689272,7
689280,4
689288,5
689293,3
689297,3
689300,2
689306,2
689308,3
689312,3
689315,4
689323,3
689327,1
689331,5
689336,2
689338,2
689340,3
689345,3
689348,2
689351,6
689357,3
689366,5
689372,2
689374,2
689376,2
689378,5
689383,4
689389,4
689395,3
689403,2
689405,2
689407,2
689409,2
689411,2
689414,3
689417,3
689420,5
689425,2
689428,3
689432,2
689434,5
689440,3
689443,3
689449,3
689452,2
689455,3
689459,2
689464,2
689466,3
689469,4
689473,1
689480,1
689482,2
689488,2
689490,2
689494,3
689497,3
689500,1
689504,2
689507,2
689515,4
689519,3
689526,2
689529,2
689534,4
689538,2
689540,3
689543,3
689546,2
689548,4
689554,7
689562,2
689566,2
689568,2
689571,1
689575,2
689578,2
689582,3
689585,3
689590,2
689593,4
689598,4
689602,2
689604,3
689607,4
689613,3
689617,4
689621,1
689623,3
689626,4
689630,5
689635,2
689637,2
689639,3
689643,2
689645,2
689647,2
689649,3
689652,3
689655,3
689660,2
689662,4
689667,3
689673,2
689678,1
689680,2
689683,2
689688,4
689692,2
689697,2
689701,2
689704,2
689707,3
689710,2
689712,7
689719,3
689722,2
689724,2
689726,2
689730,2
689734,5
689745,3
689750,1
689752,3
689755,4
689760,2
689764,3
689767,1
689778,3
689787,1
689791,2
689794,6
689802,1
689804,3
689811,1
689820,6
689829,4
689833,1
689837,1
689839,4
689844,3
689853,3
689859,2
689861,5
689866,2
689868,5
689875,3
689878,2
689880,4
689889,2
689895,2
689898,6
689904,2
689907,2
689909,5
689914,1
689916,2
689918,3
689924,1
689927,2
689930,2
689932,4
689936,6
689944,3
689951,6
689959,2
689961,2
689963,1
689967,2
689972,1
689974,2
689976,4
689980,4
689986,4
689990,3
689993,2
689996,2
690001,2
690003,4
690010,1
690012,3
690017,2
690019,3
690026,2
690029,1
690031,3
690035,2
690038,4
690042,2
690045,3
690049,4
690053,2
690056,2
690058,2
690060,2
690063,3
690067,1
690070,3
690074,2
690077,2
690080,4
690084,2
690086,2
690088,3
690092,2
690095,1
690098,2
690100,3
690103,2
690108,2
690111,2
690114,2
690117,4
690121,2
690123,3
690126,2
690129,2
690132,3
690135,2
690137,1
690140,2
690144,3
690149,5
690154,3
690158,2
690160,2
690162,2
690168,2
690170,2
690174,2
690183,2
690185,1
690188,3
690193,1
690195,2
690197,3
690201,3
690205,3
690208,1
690210,4
690214,3
690217,2
690219,3
690223,6
690230,3
690233,3
690239,2
690241,2
690243,6
690250,3
690253,3
690257,2
690260,2
690264,2
690266,4
690271,4
690275,2
690279,3
690282,3
690288,2
690290,4
690296,1
690301,2
690306,2
690309,4
690314,4
690320,1
690326,1
690331,2
690334,2
690336,3
690339,2
690341,3
690344,1
690346,3
690349,2
690353,1
690355,1
690357,2
690360,2
690363,2
690365,3
690368,3
690372,2
690374,3
690378,3
690381,2
690383,2
690386,3
690390,1
690393,3
690396,2
690402,2
690404,2
690406,3
690409,2
690413,2
690421,2
690424,4
690428,2
690432,4
690436,4
690442,2
690444,6
690453,9
690468,2
690472,2
690474,5
690479,2
690483,3
690487,3
690490,2
690493,2
690495,2
690497,4
690501,1
690503,1
690507,2
690512,2
690514,1
690516,4
690520,2
690524,2
690527,2
690531,2
690548,2
690579,2
690585,1
690593,4
690600,4
690604,1
690614,2
690619,1
690623,3
690626,2
690628,2
690636,2
690650,1
690678,1
690682,3
690705,1
690720,25
690745,2
690747,3
690750,11
690761,3
690764,3
690767,2
690770,8
690778,26
690804,10
690815,2
690817,2
690819,6
690825,10
690838,3
690843,4
690847,2
690849,3
690852,9
690861,10
690871,17
690888,9
690898,15
690913,3
690916,31
690947,10
690957,23
690981,15
690996,17
691013,18
691031,6
691037,13
691051,3
691054,4
691058,2
691060,7
691067,3
691070,2
691072,6
691078,5
691083,15
691098,2
691100,11
691112,4
691116,3
691120,9
691129,2
691131,3
691134,5
691140,13
691153,6
691159,2
691161,5
691166,8
691174,6
691180,2
691182,3
691185,3
691189,21
691210,7
691217,4
691221,5
691226,5
691231,15
691246,6
691252,4
691257,2
691259,6
691265,6
691271,7
691278,11
691289,18
691308,2
691310,12
691322,3
691325,6
691331,14
691345,3
691349,4
691353,4
691357,10
691367,5
691372,4
691376,5
691381,12
691393,2
691395,6
691401,2
691405,7
691412,10
691422,3
691425,4
691429,14
691444,3
691447,4
691452,6
691459,9
691468,5
691473,6
691479,5
691486,2
691488,9
691497,6
691503,4
691507,12
691519,3
691522,4
691527,5
691532,3
691535,3
691538,2
691542,4
691546,3
691549,6
691555,15
691570,2
691574,6
691580,2
691582,6
691589,9
691598,3
691601,5
691606,26
691632,4
691636,5
691641,4
691645,3
691650,3
691655,12
691667,2
691669,5
691674,17
691691,19
691710,10
691720,7
691727,5
691732,8
691740,3
691744,4
691748,4
691752,4
691756,5
691761,3
691764,2
691766,5
691771,3
691774,8
691782,2
691784,3
691787,2
691789,3
691792,7
691799,3
691802,2
691804,2
691806,2
691808,3
691811,4
691815,16
691831,6
691837,3
691840,3
691843,2
691845,3
691849,2
691852,8
691860,2
691862,2
691865,3
691868,2
691871,5
691877,3
691880,3
691883,5
691888,4
691894,3
691897,2
691899,3
691902,2
691904,8
691913,11
691924,2
691926,3
691930,3
691933,7
691941,3
691945,2
691947,5
691952,3
691958,2
691960,4
691964,10
691974,8
691982,3
691985,4
691989,8
691997,18
692015,5
692020,6
692026,2
692028,8
692037,7
692044,3
692048,3
692053,8
692061,2
692063,3
692066,2
692069,3
692072,7
692079,13
692092,9
692101,9
692110,5
692115,3
692118,10
692128,3
692131,4
692135,3
692138,3
692143,14
692157,15
692174,2
692176,5
692181,4
692185,2
692188,7
692195,2
692197,4
692201,4
692206,2
692208,6
692215,10
692226,5
692231,3
692234,12
692246,3
692249,3
692252,3
692255,4
692259,6
692265,5
692272,3
692275,7
692282,9
692291,3
692294,3
692298,13
692312,2
692315,3
692318,9
692328,2
692330,4
692335,2
692337,6
692343,2
692346,2
692348,4
692352,2
692354,2
692358,3
692361,7
692368,14
692382,7
692389,2
692392,4
692396,3
692399,7
692406,6
692413,4
692417,7
692424,3
692427,20
692447,3
692450,2
692452,3
692456,2
692460,2
692463,5
692468,17
692485,2
692487,5
692492,10
692502,3
692505,2
692507,10
692517,4
692521,3
692524,2
692526,2
692528,11
692540,4
692544,3
692547,4
692551,2
692553,4
692560,7
692567,3
692571,10
692581,16
692597,8
692605,2
692607,6
692613,2
692616,2
692618,12
692630,2
692632,4
692636,3
692640,7
692647,5
692652,1
692654,4
692658,4
692662,3
692665,4
692670,4
692677,6
692684,4
692688,5
692693,13
692706,2
692708,8
692716,4
692720,6
692726,3
692729,2
692732,2
692735,3
692738,5
692745,2
692747,3
692752,2
692755,2
692758,5
692764,3
692767,2
692770,5
692776,2
692778,9
692787,11
692798,3
692801,2
692804,3
692807,8
692817,2
692819,11
692830,2
692832,4
692836,3
692839,7
692846,2
692848,8
692856,8
692866,8
692875,2
692878,6
692884,3
692887,2
692889,2
692892,3
692895,4
692899,2
692901,2
692904,6
692910,2
692912,4
692917,2
692919,5
692924,5
692931,5
692936,3
692939,3
692943,2
692946,4
692950,3
692953,7
692960,4
692964,6
692970,3
692973,2
692976,3
692979,17
692997,4
693001,3
693004,2
693006,5
693011,3
693014,3
693018,5
693024,2
693026,5
693031,4
693036,3
693039,7
693046,2
693048,3
693052,2
693054,8
693063,2
693065,14
693080,7
693089,5
693095,2
693097,7
693104,2
693107,4
693112,3
693115,5
693120,4
693124,8
693132,2
693134,2
693136,2
693138,2
693140,4
693145,9
693154,2
693157,5
693163,2
693165,4
693171,4
693175,2
693178,13
693192,6
693198,6
693204,2
693206,7
693213,2
693215,6
693221,3
693224,2
693228,4
693232,3
693235,2
693237,6
693244,2
693246,2
693248,3
693251,3
693254,2
693256,4
693261,2
693263,11
693274,5
693279,11
693290,8
693299,2
693301,2
693303,3
693306,5
693311,6
693317,2
693319,6
693325,5
693330,4
693334,4
693338,6
693346,9
693355,12
693367,2
693369,2
693372,3
693375,2
693377,6
693383,6
693389,6
693395,3
693398,3
693401,2
693403,9
693412,7
693419,4
693423,4
693427,3
693431,3
693435,3
693438,3
693441,3
693444,2
693446,2
693448,8
693456,5
693462,9
693471,6
693477,5
693482,4
693486,9
693496,3
693499,3
693502,5
693507,2
693509,2
693511,3
693514,2
693519,4
693523,8
693531,2
693534,4
693538,2
693540,2
693542,4
693546,4
693552,3
693556,5
693561,3
693564,2
693566,5
693571,3
693574,10
693585,2
693587,8
693595,4
693599,5
693606,4
693610,10
693620,2
693622,2
693624,7
693632,2
693634,7
693641,2
693643,2
693645,15
693660,6
693666,3
693669,3
693672,4
693678,2
693680,2
693683,2
693685,3
693688,3
693691,2
693693,3
693696,9
693705,7
693712,4
693717,2
693719,3
693722,3
693725,3
693728,6
693734,10
693744,5
693749,7
693758,2
693760,4
693764,4
693768,3
693771,2
693774,2
693776,4
693780,2
693782,2
693784,3
693787,6
693793,6
693799,4
693803,3
693806,2
693808,3
693811,3
693814,13
693827,2
693830,2
693832,6
693838,8
693846,2
693848,2
693851,2
693853,2
693855,3
693859,2
693861,5
693866,8
693874,4
693878,7
693885,17
693902,12
693914,7
693921,3
693925,6
693931,3
693934,2
693936,2
693939,5
693945,3
693948,6
693954,2
693956,5
693961,3
693964,11
693975,5
693980,2
693982,3
693985,7
693992,12
694005,2
694007,2
694009,2
694011,2
694013,3
694016,8
694026,2
694028,2
694030,5
694035,2
694037,5
694042,2
694044,4
694049,8
694057,7
694064,3
694067,6
694073,11
694084,3
694087,2
694089,5
694094,2
694097,7
694106,8
694114,12
694126,4
694131,4
694135,4
694139,4
694143,5
694148,8
694156,11
694167,2
694169,2
694172,7
694179,2
694181,2
694183,5
694189,2
694191,2
694194,4
694198,5
694203,2
694205,2
694207,8
694215,3
694218,3
694221,5
694226,3
694229,7
694237,3
694240,2
694243,2
694245,3
694249,8
694257,4
694262,4
694266,5
694271,9
694280,3
694283,1
694285,3
694288,4
694293,13
694307,2
694309,14
694323,12
694336,5
694342,6
694348,2
694350,2
694352,3
694357,2
694359,2
694361,2
694363,5
694369,3
694372,5
694377,5
694382,7
694389,12
694402,2
694404,3
694407,2
694409,2
694412,9
694422,2
694424,2
694426,2
694428,5
694433,4
694437,2
694440,14
694454,10
694465,4
694469,10
694480,8
694489,4
694493,2
694495,5
694500,2
694502,2
694504,10
694514,2
694517,3
694520,5
694525,4
694530,2
694533,4
694537,3
694543,2
694545,2
694548,4
694552,5
694559,2
694563,5
694570,3
694573,3
694576,2
694579,8
694587,2
694589,3
694592,5
694597,3
694601,6
694608,6
694616,5
694622,5
694627,4
694631,4
694636,2
694639,2
694641,4
694645,6
694651,4
694655,2
694657,8
694665,12
694677,2
694679,3
694685,4
694689,5
694694,2
694696,3
694699,3
694702,7
694709,9
694719,7
694728,5
694734,3
694737,2
694741,2
694743,10
694753,5
694758,3
694761,5
694766,6
694772,15
694788,3
694791,14
694807,3
694810,16
694826,3
694829,3
694832,5
694837,4
694841,3
694844,3
694847,4
694851,2
694855,6
694861,4
694865,4
694869,3
694873,7
694880,7
694887,4
694893,2
694895,8
694903,7
694910,5
694917,8
694926,5
694931,4
694935,9
694944,5
694949,5
694954,9
694964,2
694967,3
694970,6
694976,3
694979,2
694981,2
694983,9
694992,2
694994,3
694997,7
695004,2
695009,5
695014,3
695017,2
695019,4
695023,2
695025,2
695027,2
695029,2
695031,5
695036,9
695045,6
695051,3
695055,11
695066,3
695070,8
695078,3
695081,3
695087,3
695090,2
695093,7
695100,5
695105,4
695109,2
695112,6
695119,4
695123,4
695127,5
695132,2
695135,4
695140,2
695142,3
695146,3
695149,2
695151,4
695155,3
695158,13
695172,6
695178,2
695180,4
695186,4
695190,2
695193,3
695198,5
695204,14
695218,2
695220,7
695228,4
695234,2
695237,3
695240,4
695244,6
695250,13
695265,3
695268,7
695275,6
695281,4
695285,2
695287,5
695292,3
695295,5
695300,2
695302,5
695307,2
695309,3
695313,3
695316,2
695318,3
695321,3
695325,10
695335,10
695345,9
695355,2
695357,6
695363,3
695366,4
695370,4
695374,8
695382,7
695389,2
695392,3
695395,5
695400,5
695405,3
695409,4
695413,2
695418,2
695420,4
695426,4
695430,4
695435,13
695449,9
695459,3
695463,2
695465,8
695473,1
695475,4
695479,8
695487,2
695489,2
695491,3
695494,2
695496,9
695506,4
695511,2
695513,5
695518,2
695520,3
695523,7
695531,2
695533,3
695536,1
695539,20
695560,2
695562,2
695564,5
695570,2
695572,8
695580,2
695582,4
695586,2
695588,6
695594,19
695613,5
695619,7
695626,7
695633,2
695635,5
695640,3
695643,2
695645,4
695649,3
695653,2
695655,3
695658,2
695660,2
695662,3
695665,5
695670,5
695675,7
695682,6
695688,7
695698,7
695706,3
695709,5
695716,2
695718,3
695722,2
695724,2
695726,3
695732,6
695739,2
695742,6
695748,2
695751,2
695753,6
695760,9
695769,3
695773,3
695776,5
695781,5
695786,3
695789,15
695804,4
695811,5
695816,4
695822,2
695824,3
695830,3
695833,6
695839,3
695842,3
695845,2
695847,4
695851,13
695864,4
695868,2
695870,1
695872,9
695882,5
695887,6
695893,3
695897,2
695901,3
695905,6
695911,9
695921,2
695923,3
695926,4
695934,6
695941,2
695943,5
695948,3
695951,6
695963,2
695965,2
695968,5
695973,3
695977,5
695982,7
695989,9
695998,2
696001,2
696005,7
696012,3
696015,2
696017,7
696024,5
696029,3
696035,5
696040,3
696044,3
696047,6
696053,9
696064,2
696066,2
696068,2
696070,3
696073,9
696082,13
696098,8
696106,4
696110,3
696113,8
696123,2
696126,5
696131,5
696139,6
696145,2
696149,2
696151,6
696158,3
696161,8
696169,6
696175,2
696178,3
696181,2
696183,8
696191,2
696194,8
696202,3
696205,2
696207,8
696216,2
696218,2
696220,6
696227,3
696230,5
696235,5
696240,5
696245,9
696254,3
696258,2
696260,5
696265,3
696268,5
696273,7
696280,12
696292,5
696297,2
696300,7
696307,2
696309,4
696314,2
696319,4
696323,6
696330,3
696333,3
696336,4
696341,2
696343,2
696345,9
696354,4
696358,10
696368,3
696372,8
696380,6
696386,3
696390,5
696395,2
696398,3
696401,9
696410,2
696412,2
696414,6
696420,5
696426,2
696428,4
696432,2
696434,3
696437,7
696444,2
696448,2
696450,3
696454,1
696456,6
696463,6
696469,12
696482,2
696486,3
696489,6
696496,2
696499,3
696502,3
696505,2
696507,6
696513,9
696523,8
696534,3
696537,9
696548,5
696556,4
696561,5
696567,5
696573,2
696575,2
696577,5
696582,8
696590,4
696594,4
696598,6
696604,3
696608,5
696613,5
696618,9
696627,2
696629,2
696631,8
696640,2
696643,8
696651,5
696656,2
696658,4
696662,6
696669,19
696689,3
696692,3
696696,7
696703,6
696709,5
696715,3
696718,3
696721,2
696724,2
696726,4
696730,4
696736,3
696739,11
696750,6
696758,6
696764,4
696768,13
696781,6
696787,4
696791,10
696801,5
696806,2
696810,3
696813,6
696819,2
696821,3
696824,4
696829,3
696832,2
696834,3
696837,4
696842,3
696849,11
696860,2
696862,5
696867,3
696870,3
696873,3
696876,2
696878,2
696880,8
696888,3
696891,4
696895,6
696903,2
696905,3
696909,13
696922,4
696926,2
696929,3
696932,2
696934,2
696936,2
696939,3
696943,5
696948,2
696951,2
696953,8
696961,3
696964,2
696966,2
696968,4
696972,4
696976,3
696979,4
696984,2
696986,3
696989,6
696995,3
696998,8
697007,10
697017,3
697021,11
697032,3
697036,6
697042,3
697045,3
697048,2
697051,2
697053,4
697058,4
697062,3
697065,4
697070,2
697072,4
697076,3
697079,4
697083,6
697089,8
697097,2
697099,3
697102,5
697107,6
697113,2
697115,6
697121,5
697126,2
697128,4
697132,2
697135,4
697140,5
697145,2
697147,2
697149,2
697151,2
697153,6
697160,2
697162,5
697167,9
697176,4
697180,2
697184,2
697186,6
697192,2
697194,3
697197,2
697201,10
697211,2
697213,4
697217,4
697223,2
697225,3
697228,5
697233,2
697236,2
697239,4
697243,3
697246,4
697252,9
697261,3
697264,2
697266,2
697269,3
697273,2
697276,2
697278,4
697282,3
697285,3
697289,5
697294,6
697300,4
697305,5
697310,3
697313,5
697320,7
697327,3
697330,2
697332,8
697340,11
697351,3
697354,4
697358,3
697361,2
697363,5
697368,4
697374,6
697381,3
697384,2
697386,3
697390,2
697392,3
697395,3
697399,7
697406,2
697408,2
697410,2
697412,2
697415,2
697417,4
697421,2
697424,2
697427,2
697430,4
697434,3
697437,5
697442,5
697447,6
697455,3
697460,5
697465,7
697473,4
697478,3
697482,4
697486,9
697495,3
697498,4
697502,4
697506,6
697514,2
697516,8
697524,14
697539,5
697546,3
697550,8
697558,4
697562,4
697567,2
697569,3
697572,3
697575,10
697590,5
697595,2
697597,3
697600,2
697602,3
697606,3
697609,2
697611,3
697614,2
697616,2
697620,3
697623,2
697625,3
697628,9
697638,2
697640,11
697652,3
697655,2
697657,3
697661,2
697664,5
697673,10
697684,7
697691,3
697694,4
697699,3
697703,2
697705,1
697707,4
697711,3
697715,2
697718,9
697730,8
697738,4
697742,4
697746,4
697750,3
697753,7
697761,2
697763,5
697768,10
697778,3
697781,3
697784,3
697787,5
697792,2
697795,5
697800,2
697802,2
697804,2
697806,2
697808,8
697817,2
697819,5
697824,3
697827,4
697831,2
697834,7
697842,3
697846,2
697848,2
697850,3
697854,2
697856,4
697860,4
697866,4
697870,3
697873,5
697881,2
697883,3
697887,2
697889,3
697893,14
697907,2
697909,4
697917,5
697922,2
697925,3
697928,3
697932,4
697936,4
697942,4
697947,17
697964,2
697967,2
697969,2
697971,2
697974,2
697976,5
697981,2
697983,5
697988,2
697990,4
697995,6
698002,5
698008,3
698011,6
698017,4
698021,4
698025,2
698028,12
698040,4
698046,2
698048,6
698055,2
698057,2
698059,3
698062,3
698066,8
698074,5
698081,4
698086,2
698088,2
698090,2
698092,2
698094,3
698097,2
698099,5
698104,2
698106,2
698108,3
698111,6
698117,6
698123,5
698130,2
698132,7
698139,8
698147,5
698153,8
698162,2
698164,4
698170,2
698172,6
698178,5
698183,2
698186,4
698190,6
698196,2
698200,9
698209,2
698211,3
698214,4
698218,2
698220,2
698222,10
698232,2
698235,6
698241,5
698246,2
698248,2
698250,3
698255,7
698262,4
698268,6
698276,2
698279,3
698283,2
698285,8
698294,4
698298,2
698302,2
698304,2
698307,12
698320,5
698327,2
698329,11
698340,4
698344,11
698355,2
698357,3
698360,5
698366,2
698368,5
698373,4
698381,2
698384,2
698387,8
698395,2
698397,8
698405,2
698407,12
698419,4
698423,11
698435,2
698437,2
698440,6
698446,5
698451,6
698457,3
698460,4
698467,2
698469,7
698476,4
698481,5
698487,5
698492,4
698496,2
698498,4
698502,2
698504,2
698506,3
698509,6
698515,2
698517,5
698522,2
698524,4
698528,2
698532,3
698535,3
698538,3
698542,2
698545,3
698549,6
698555,6
698561,4
698565,2
698567,17
698586,4
698590,5
698595,2
698597,7
698604,4
698608,3
698612,2
698614,5
698619,7
698626,5
698635,2
698637,10
698647,5
698652,3
698657,4
698662,2
698665,6
698671,3
698674,2
698677,5
698682,2
698685,2
698687,3
698690,3
698694,5
698699,9
698708,3
698711,3
698714,11
698726,4
698730,2
698732,2
698734,4
698739,3
698744,2
698746,5
698752,3
698756,2
698758,4
698762,4
698766,4
698772,3
698775,3
698778,4
698783,5
698790,2
698793,3
698798,10
698808,8
698816,2
698818,2
698820,6
698826,3
698829,2
698832,4
698838,5
698843,4
698848,11
698859,2
698861,3
698864,3
698867,2
698869,7
698876,6
698882,4
698886,4
698890,2
698895,7
698903,2
698905,2
698908,2
698912,2
698914,6
698920,6
698926,4
698930,2
698933,5
698938,5
698943,2
698945,14
698959,7
698966,5
698972,6
698978,2
698980,5
698985,3
698988,4
698992,6
698998,3
699001,3
699006,6
699013,3
699016,4
699020,4
699025,2
699028,2
699032,1
699034,4
699038,3
699041,2
699043,3
699046,5
699051,8
699059,2
699061,2
699065,9
699075,3
699079,3
699088,5
699093,3
699096,2
699098,7
699105,4
699109,2
699111,1
699114,7
699122,2
699124,6
699130,5
699135,3
699139,4
699143,2
699146,1
699148,2
699152,3
699155,7
699162,7
699169,6
699175,3
699179,7
699187,4
699192,4
699196,2
699198,5
699204,2
699206,2
699208,2
699211,2
699213,3
699219,11
699232,3
699235,4
699239,3
699243,5
699250,7
699257,2
699260,3
699263,7
699270,2
699276,3
699279,2
699281,2
699284,3
699287,6
699293,2
699295,4
699301,1
699303,3
699307,3
699310,5
699319,2
699322,5
699330,2
699333,7
699340,3
699344,3
699347,2
699350,4
699354,5
699359,2
699361,2
699363,2
699368,2
699370,5
699375,3
699379,2
699381,2
699384,2
699386,4
699391,14
699405,3
699408,2
699410,4
699414,3
699418,3
699422,2
699426,9
699437,2
699440,5
699445,4
699449,3
699452,2
699457,2
699460,2
699464,6
699472,4
699477,7
699484,3
699487,7
699494,9
699503,7
699510,2
699513,7
699520,3
699523,3
699526,4
699531,7
699538,2
699540,6
699546,8
699557,3
699560,9
699569,3
699576,2
699579,17
699597,4
699602,2
699605,5
699610,8
699618,5
699623,2
699625,4
699630,4
699634,5
699640,3
699643,2
699645,2
699649,3
699652,3
699657,6
699664,10
699675,5
699681,2
699683,3
699686,3
699690,2
699692,2
699695,2
699698,2
699701,10
699712,4
699716,7
699726,5
699731,2
699733,1
699736,5
699741,2
699743,2
699745,4
699752,2
699754,2
699760,4
699765,1
699767,3
699805,2
699818,3
699821,1
699825,3
699828,1
699841,3
699844,1
699856,2
699870,1
699881,1
699884,1
699892,3
699895,2
699908,1
699911,2
699914,3
699918,1
699934,2
699943,2
699955,5
699969,2
699971,3
699981,3
700000,1
700002,1
700006,1
700013,2
700040,4
700047,1
700050,2
700054,1
700063,4
700082,1
700085,5
700104,2
700112,4
700123,5
700129,2
700150,2
700158,2
700162,1
700169,1
700178,1
700186,2
700195,3
700200,1
700215,1
700227,1
700240,2
700244,3
700253,1
700271,2
700273,2
700281,2
700291,3
700308,3
700322,1
700343,3
700348,1
700352,5
700359,2
700363,1
700365,2
700376,2
700384,1
700389,2
700391,2
700394,3
700402,2
700411,2
700418,1
700439,2
700450,2
700452,1
700455,1
700458,2
700461,2
700467,2
700469,1
700487,1
700493,5
700498,2
700505,3
700508,2
700511,4
700518,3
700521,1
700526,1
700528,1
700533,3
700552,1
700554,2
700564,2
700570,3
700583,1
700589,1
700591,2
700595,1
700605,3
700609,1
700631,5
700638,1
700642,8
700651,1
700654,4
700659,2
700669,1
700673,1
700676,1
700703,2
700712,2
700715,4
700719,1
700735,2
700738,1
700748,2
700751,5
700758,2
700760,3
700766,1
700768,3
700771,3
700774,3
700780,2
700790,1
700797,2
700804,2
700808,3
700813,1
700816,3
700824,4
700834,4
700838,5
700880,3
700887,1
700894,1
700911,2
700946,7
700969,1
700972,2
700975,2
700983,2
700985,6
700991,8
700999,3
701005,2
701034,2
701037,1
701043,1
701046,6
701060,1
701080,1
701089,2
701091,9
701102,1
701117,4
701123,2
701131,5
701136,6
701142,4
701154,3
701168,2
701170,1
701186,2
701205,4
701213,1
701219,1
701225,3
701235,2
701267,1
701288,2
701291,17
701337,4
701341,3
701460,7
701499,1
701501,3
701504,3
701511,2
701531,14
701576,1
701609,8
701650,1
701654,2
701656,4
701665,2
701667,11
701684,1
701688,4
701732,2
701740,3
701762,1
701764,5
701824,2
701828,4
701833,19
701932,4
701939,4
701943,6
701954,1
701959,5
701967,1
701969,2
701973,3
702012,2
702026,4
702031,1
702034,1
702047,1
702061,3
702074,1
702083,2
702089,1
702095,1
702098,2
702101,2
702103,1
702113,2
702115,4
702127,1
702138,3
702167,2
702190,1
702195,1
702204,1
702211,2
702213,6
702224,6
702234,1
702243,2
702245,3
702256,2
702258,2
702261,3
702264,2
702279,2
702281,2
702285,2
702291,2
702295,4
702305,3
702309,7
702319,9
702350,2
702356,2
702358,1
702366,3
702380,2
702382,1
702393,1
702399,2
702403,2
702423,4
702437,2
702439,1
702451,2
702488,3
702519,1
702553,3
702556,10
702631,5
702711,6
702773,2
702785,2
702787,1
702790,6
702813,1
702833,5
702838,3
702843,7
702853,1
702866,2
702868,2
702875,5
702892,3
702905,2
702918,3
702931,4
702949,3
702957,2
702959,3
702988,2
702990,4
702994,2
702998,2
703011,2
703028,2
703053,1
703064,1
703067,4
703071,4
703075,4
703093,1
703115,7
703122,6
703156,1
703182,2
703212,2
703216,3
703245,1
703402,2
703405,5
703421,2
703467,2
703469,1
703487,2
703714,3
703727,5
703734,1
703788,2
703872,1
703876,1
703904,3
703916,2
703919,1
703928,4
703964,1
704027,1
704029,3
704036,3
704039,2
704049,3
704052,2
704054,4
704058,2
704062,4
704073,2
704075,2
704085,5
704102,2
704206,1
704208,1
704234,2
704251,4
704255,11
704266,3
704290,3
704303,6
704309,8
704320,2
704331,1
704348,3
704374,1
704378,2
704389,4
704393,9
704429,1
704454,4
704789,1
704815,3
704826,2
704832,4
704875,2
705020,1
705030,4
705042,3
705127,1
705132,2
705134,2
705136,1
705138,2
705341,1
705378,2
705391,3
705396,2
705398,2
705401,2
705403,6
705411,1
705478,3
705485,3
705558,2
705563,4
705568,2
705570,1
705574,3
705577,3
705583,1
705626,2
705640,2
705644,1
705646,2
705746,3
705788,1
705803,1
705808,2
705811,1
705817,2
705841,1
705849,1
705859,2
705863,4
705871,1
705879,1
705902,2
705906,4
705910,1
705919,2
705922,2
705924,2
705926,2
705928,6
705935,2
705937,2
705939,4
705943,2
705945,3
705961,3
705970,4
705974,2
705976,6
705982,6
705988,4
705992,7
705999,2
706001,4
706027,1
706029,2
706041,5
706048,2
706068,1
706073,1
706078,1
706084,1
706092,6
706114,5
706145,2
706217,1
706225,1
706261,3
706308,16
706394,4
706409,3
706412,3
706415,1
706427,4
706433,5
706438,2
706440,2
706445,1
706521,5
706528,1
706555,1
706652,1
706913,59
706972,3
706978,2
706984,2
706994,1
706996,2
706998,1
707000,16
707018,1
707020,4
707025,2
707028,2
707030,2
707033,3
707037,1
707039,1
707041,4
707046,2
707145,2
707242,1
707250,2
707254,3
707258,1
707260,2
707265,5
707270,1
707343,1
707362,1
707365,2
707369,2
707371,1
707382,1
707423,7
707431,5
707436,9
707453,1
707479,1
707491,1
707503,8
707570,3
707584,2
707586,5
707605,2
707617,8
707626,2
707630,3
707635,5
707664,2
707698,2
707700,5
707706,3
707839,8
707857,2
707861,3
707885,2
707887,1
707940,2
707942,3
707977,3
708050,2
708094,7
708110,10
708128,2
708177,1
708183,2
708188,3
708216,2
708221,3
708224,1
708234,1
708251,3
708255,2
708274,1
708333,1
708352,1
708359,1
708395,3
708403,1
708419,2
708423,2
708432,1
708447,1
708450,1
708495,1
708542,3
708581,1
708607,2
708637,1
708651,2
708666,5
708671,7
708698,1
708707,2
708709,1
708715,1
708733,11
708759,2
708766,1
708827,2
708991,5
709006,1
709029,1
709042,1
709070,2
709084,2
709089,2
709091,3
709103,2
709127,1
709132,1
709140,2
709178,2
709207,1
709251,1
709253,1
709303,2
709308,2
709343,2
709439,2
709448,2
709462,2
709471,1
709473,1
709475,1
709480,1
709509,2
709516,1
709527,2
709533,2
709547,1
709575,2
709603,1
709616,2
709620,1
709622,2
709625,5
709635,5
709647,1
709651,1
709653,2
709662,3
709671,2
709693,1
709718,2
709721,3
709763,2
709770,1
709780,8
709803,1
709819,3
709823,2
709832,3
709835,2
709844,1
709855,3
709882,1
709894,1
709898,2
709907,1
709931,5
709937,1
709949,1
709961,1
709963,2
709969,3
710064,5
710070,1
710076,1
710108,2
710113,4
710120,1
710178,3
710187,3
710209,2
710248,1
710256,1
710281,2
710386,1
710390,2
710408,4
710412,2
710415,5
710762,2
710766,1
710768,1
710777,2
710781,4
710785,3
710790,2
710795,2
710800,3
710806,2
710815,2
710838,1
710857,1
710866,3
710869,3
710892,5
710897,2
710899,1
710913,1
710979,1
711001,1
711027,2
711055,3
711069,2
711120,1
711143,2
711177,2
711196,1
711206,2
711209,1
711279,1
711282,1
711286,3
711291,1
711325,2
711332,2
711334,6
711395,4
711433,3
711440,2
711456,1
711476,1
711485,1
711492,1
711500,7
711548,3
711558,3
711594,4
711606,1
711626,1
711642,1
711680,1
711689,1
711726,2
711749,1
711752,1
711787,1
711803,3
711807,1
711956,1
712003,1
712010,1
712013,1
712018,2
712020,1
712031,2
712034,2
712040,9
712350,3
712452,6
712459,2
712467,2
712469,2
712471,3
712474,7
712481,4
712485,3
712570,1
712581,11
712592,2
712648,1
712652,7
712673,1
712687,1
712814,1
712822,1
712913,2
712917,2
712920,2
712922,2
712924,1
712926,3
712929,3
712934,1
712941,1
712958,3
712962,2
712983,3
713001,1
713024,1
713033,2
713120,1
713164,6
713204,3
713208,2
713835,3
713841,2
713843,2
713856,3
713860,1
713896,1
713936,1
714131,1
714475,1
714538,2
714608,2
714610,1
714652,1
714678,13
714691,2
714693,2
714697,3
714700,8
714709,2
714711,2
714713,6
714719,2
714722,4
714726,3
714729,6
714736,2
714738,2
714742,3
714745,3
714748,3
714751,4
714755,3
714759,1
714761,12
714773,3
714776,4
714780,2
714782,3
714785,3
714791,4
714796,2
714800,2
714802,4
714809,3
714812,3
714818,2
714824,4
714828,3
714831,4
714835,2
714837,5
714842,2
714847,2
714849,2
714851,3
714856,4
714861,4
714866,3
714869,2
714871,2
714873,2
714878,2
714880,7
714887,2
714890,4
714894,3
714897,2
714899,2
714901,2
714905,3
714908,3
714911,2
714914,4
714918,2
714920,4
714924,2
714926,2
714928,2
714930,8
714938,5
714944,2
714951,3
714956,3
714960,9
714970,2
714977,2
714980,5
714985,3
714989,2
714991,3
714994,8
715002,3
715005,2
715009,2
715013,1
715015,2
715017,2
715019,2
715022,2
715025,6
715031,3
715034,2
715038,2
715040,2
715042,2
715045,1
715047,2
715049,5
715056,2
715058,2
715060,6
715066,3
715070,3
715074,2
715076,2
715080,6
715087,3
715090,2
715095,2
715097,3
715102,2
715105,1
715110,3
715114,2
715116,5
715122,2
715124,2
715126,2
715129,3
715132,4
715136,2
715138,2
715141,5
715146,1
715149,9
715159,3
715164,2
715173,9
715184,4
715188,5
715193,2
715196,5
715202,2
715204,4
715209,2
715211,6
715217,3
715221,2
715224,3
715229,2
715232,2
715235,4
715239,3
715244,2
715250,2
715253,2
715255,1
715259,2
715264,3
715267,2
715270,6
715279,4
715284,2
715286,4
715291,2
715293,5
715300,2
715305,4
715310,2
715312,2
715315,1
715317,2
715319,2
715321,2
715323,4
715328,2
715330,2
715332,2
715336,2
715338,2
715340,7
715347,3
715350,3
715357,2
715360,6
715366,2
715370,1
715372,5
715377,3
715381,4
715385,4
715389,3
715392,9
715401,3
715405,1
715407,3
715410,10
715421,2
715423,3
715427,9
715437,1
715442,1
715444,2
715446,3
715449,5
715455,3
715463,2
715465,3
715468,2
715470,2
715472,2
715480,1
715482,4
715494,3
715498,3
715503,4
715507,2
715510,4
715514,3
715520,3
715523,4
715527,2
715529,1
715531,2
715536,3
715540,5
715547,1
715549,3
715552,2
715554,3
715558,1
715560,3
715563,2
715565,2
715567,2
715570,4
715574,1
715576,2
715580,2
715583,2
715585,2
715590,2
715592,3
715597,2
715600,2
715602,3
715606,3
715614,3
715618,2
715628,10
715638,2
715643,5
715648,2
715650,2
715652,5
715658,1
715660,1
715663,3
715667,2
715671,2
715674,3
715680,5
715686,1
715689,2
715692,2
715695,4
715699,1
715702,3
715709,2
715714,2
715716,4
715721,1
715723,2
715725,2
715728,2
715731,3
715734,2
715736,2
715739,2
715743,2
715746,3
715749,2
715751,2
715756,2
715759,3
715762,3
715766,3
715769,4
715774,2
715777,2
715780,6
715786,2
715788,5
715794,2
715796,2
715798,3
715801,4
715805,1
715807,4
715811,3
715814,3
715817,5
715822,3
715825,2
715830,6
715836,9
715845,2
715849,2
715851,2
715853,2
715855,1
715858,2
715863,2
715865,2
715868,2
715870,2
715874,1
715876,3
715879,2
715883,3
715890,3
715893,2
715899,2
715902,3
715905,2
715907,6
715913,4
715917,2
715921,2
715927,4
715931,2
715933,2
715935,4
715940,3
715943,2
715945,2
715947,6
715954,3
715958,2
715960,3
715964,2
715967,1
715976,5
715982,3
715989,2
715991,2
715993,2
715997,3
716003,3
716006,2
716008,1
716012,3
716021,2
716029,3
716032,6
716042,2
716044,2
716046,2
716048,2
716058,2
716060,4
716067,3
716072,2
716083,6
716089,2
716091,2
716094,2
716099,1
716102,6
716109,2
716112,1
716114,2
716116,6
716122,1
716124,3
716128,2
716131,2
716135,4
716139,1
716144,2
716146,1
716148,2
716150,4
716155,4
716162,4
716167,2
716169,4
716173,4
716177,4
716181,2
716186,3
716189,2
716191,2
716194,7
716202,2
716206,2
716208,2
716210,3
716213,3
716219,4
716230,2
716232,2
716235,4
716239,2
716241,3
716248,2
716252,2
716255,5
716260,3
716268,2
716273,2
716284,2
716290,4
716294,2
716296,3
716300,4
716304,1
716306,3
716310,2
716318,3
716321,1
716323,4
716329,2
716332,2
716335,2
716341,1
716344,2
716349,2
716351,2
716355,2
716359,2
716361,3
716368,2
716371,3
716376,6
716384,3
716387,2
716390,2
716392,3
716395,2
716397,3
716400,2
716403,2
716407,2
716409,2
716412,2
716416,3
716419,2
716422,2
716424,1
716429,3
716439,3
716442,5
716450,2
716453,2
716456,3
716459,5
716464,1
716466,3
716471,3
716475,2
716477,3
716480,5
716490,1
716493,2
716496,4
716500,4
716504,2
716506,4
716511,3
716514,4
716518,2
716521,4
716525,2
716527,1
716530,3
716533,2
716535,1
716538,4
716546,3
716554,1
716558,1
716560,1
716562,1
716566,3
716571,4
716575,2
716581,1
716585,1
716587,3
716598,1
716600,2
716602,2
716605,1
716608,2
716613,5
716619,4
716626,6
716633,2
716635,2
716638,4
716643,2
716646,2
716648,3
716651,5
716660,3
716663,2
716667,5
716673,3
716677,5
716682,3
716686,3
716693,3
716696,2
716699,2
716701,3
716704,2
716710,3
716713,3
716717,2
716720,2
716723,3
716726,2
716728,1
716734,2
716737,1
716740,2
716742,3
716746,4
716750,4
716755,1
716757,2
716759,3
716762,3
716766,6
716772,2
716774,2
716781,5
716789,2
716791,1
716794,3
716799,2
716801,4
716805,3
716810,1
716812,1
716825,4
716829,2
716831,2
716833,3
716838,2
716840,2
716843,3
716846,2
716848,5
716854,3
716857,1
716860,2
716862,2
716865,4
716871,6
716880,4
716885,3
716888,2
716890,2
716892,3
716895,5
716901,2
716905,2
716907,2
716915,1
716919,2
716923,2
716927,2
716930,1
716934,2
716936,2
716938,2
716945,4
716951,3
716958,4
716962,2
716965,1
716968,7
716975,2
716978,3
716983,2
716985,1
716987,2
716989,2
716991,2
716993,12
717007,2
717010,4
717014,1
717016,3
717020,2
717023,3
717027,2
717029,2
717031,1
717034,2
717037,3
717042,4
717048,2
717053,5
717060,1
717062,2
717064,1
717066,1
717069,3
717072,2
717074,2
717076,3
717079,1
717081,2
717085,2
717088,7
717096,2
717098,5
717104,3
717108,2
717115,3
717118,2
717122,4
717126,1
717128,2
717134,2
717146,3
717150,7
717157,1
717159,2
717161,2
717163,2
717171,3
717180,2
717182,2
717185,4
717189,2
717191,3
717194,2
717199,3
717202,3
717205,5
717212,3
717217,2
717219,4
717223,4
717227,1
717229,2
717231,2
717233,2
717237,2
717243,3
717247,3
717252,4
717258,4
717262,4
717266,2
717268,2
717270,4
717279,3
717285,3
717288,2
717290,1
717295,4
717300,1
717303,2
717305,2
717311,2
717315,4
717320,4
717324,2
717327,2
717330,3
717337,2
717339,3
717342,2
717344,2
717347,2
717351,1
717354,2
717356,3
717359,3
717363,2
717369,3
717372,2
717375,2
717379,2
717381,3
717386,3
717389,4
717395,3
717398,3
717404,3
717407,2
717409,2
717414,3
717420,2
717424,1
717426,2
717428,2
717432,2
717434,2
717445,3
717448,2
717453,3
717456,1
717459,2
717463,3
717466,3
717470,2
717472,4
717476,1
717479,2
717482,1
717485,2
717488,2
717490,4
717494,2
717496,2
717498,2
717501,2
717507,3
717510,2
717512,8
717523,2
717525,1
717527,3
717532,3
717538,3
717542,2
717545,3
717549,2
717552,1
717554,1
717556,3
717561,2
717563,4
717567,2
717569,3
717572,4
717576,3
717579,2
717583,3
717588,2
717591,1
717596,1
717599,3
717603,3
717613,2
717615,4
717621,3
717625,5
717630,3
717633,4
717639,2
717643,2
717648,3
717651,1
717653,2
717656,2
717658,3
717662,3
717666,2
717668,3
717677,2
717679,3
717689,1
717691,6
717698,4
717702,6
717709,3
717714,5
717720,2
717722,1
717724,3
717728,3
717731,3
717739,2
717741,5
717746,2
717750,3
717753,3
717758,3
717762,3
717766,1
717772,2
717775,2
717777,2
717780,4
717784,1
717792,4
717796,4
717800,4
717804,2
717808,4
717812,3
717822,2
717825,2
717830,2
717833,4
717842,4
717850,2
717855,2
717863,2
717869,8
717877,2
717885,2
717888,3
717892,2
717896,2
717900,2
717902,2
717905,2
717907,3
717911,8
717919,2
717924,2
717926,3
717932,5
717938,2
717941,5
717947,1
717952,1
717954,3
717957,4
717961,2
717964,2
717970,2
717976,2
717979,2
717982,3
717985,5
717995,2
717997,2
718001,2
718009,3
718016,3
718021,2
718023,4
718031,2
718033,3
718042,2
718046,3
718052,2
718054,6
718060,3
718063,2
718065,2
718068,2
718070,2
718076,1
718081,4
718090,3
718093,2
718097,3
718100,2
718103,3
718109,4
718119,3
718122,2
718124,9
718133,2
718135,1
718140,3
718144,1
718146,1
718149,2
718156,2
718159,2
718162,2
718164,4
718170,2
718176,2
718178,6
718185,3
718189,3
718193,2
718195,3
718203,1
718205,2
718207,2
718212,2
718215,3
718218,2
718220,3
718223,3
718230,1
718235,2
718237,1
718241,4
718245,2
718247,3
718251,2
718255,3
718266,5
718273,1
718277,3
718282,2
718286,3
718289,3
718293,2
718295,1
718297,1
718300,2
718303,2
718309,2
718311,1
718313,4
718321,2
718324,2
718328,1
718330,3
718334,2
718337,3
718341,2
718343,2
718345,1
718351,1
718353,3
718356,2
718358,2
718361,2
718365,2
718368,3
718372,3
718376,3
718380,2
718383,6
718390,1
718394,3
718406,1
718408,1
718412,3
718415,2
718418,3
718422,4
718430,3
718435,2
718438,3
718443,1
718447,5
718452,1
718459,4
718463,3
718469,2
718471,2
718473,2
718476,5
718481,7
718490,4
718494,2
718496,2
718498,2
718506,9
718519,3
718522,5
718527,4
718532,1
718535,2
718537,6
718544,4
718550,1
718553,3
718558,3
718561,5
718567,3
718570,2
718576,2
718580,3
718585,2
718587,2
718589,2
718593,5
718603,3
718607,4
718613,2
718616,2
718618,2
718620,2
718622,3
718625,3
718629,1
718631,4
718635,1
718637,2
718641,3
718646,2
718649,2
718654,3
718659,2
718661,2
718664,5
718669,6
718676,4
718680,1
718684,3
718687,3
718690,3
718695,1
718698,3
718702,3
718705,2
718710,3
718714,2
718716,2
718718,1
718720,2
718723,3
718726,2
718729,4
718733,5
718740,2
718742,1
718745,3
718750,1
718752,2
718758,1
718761,3
718766,2
718768,3
718771,5
718777,1
718779,4
718783,2
718785,10
718796,5
718809,3
718812,2
718814,3
718818,2
718820,3
718823,4
718827,2
718829,2
718832,2
718838,2
718840,3
718843,4
718847,4
718852,3
718857,2
718859,2
718861,5
718874,3
718877,2
718879,2
718881,2
718884,2
718887,2
718895,3
718898,3
718903,1
718905,3
718908,2
718911,2
718914,2
718916,3
718919,3
718924,2
718928,1
718930,1
718933,2
718936,2
718938,3
718942,2
718945,2
718947,2
718949,2
718953,2
718958,2
718961,3
718965,1
718967,2
718971,3
718975,2
718977,3
718985,2
718987,2
718991,2
718995,8
719004,3
719009,9
719019,1
719022,3
719025,2
719028,2
719032,3
719036,3
719043,1
719052,2
719054,3
719057,2
719061,3
719066,2
719075,2
719077,2
719080,3
719083,3
719086,4
719094,2
719097,3
719102,1
719105,2
719115,3
719121,2
719123,5
719129,2
719131,3
719135,2
719140,2
719142,3
719147,2
719149,3
719154,1
719158,2
719160,3
719164,3
719167,3
719174,3
719179,2
719182,2
719186,3
719190,3
719193,1
719195,2
719200,3
719203,1
719206,1
719209,2
719211,2
719213,1
719216,1
719218,2
719220,3
719223,6
719230,1
719234,3
719237,4
719242,2
719246,4
719252,4
719258,6
719266,3
719270,2
719272,1
719275,2
719277,2
719279,2
719281,5
719290,2
719295,3
719298,1
719301,2
719305,3
719310,3
719313,1
719316,2
719318,3
719321,2
719324,2
719327,5
719332,2
719335,1
719337,3
719344,2
719352,2
719354,2
719357,3
719361,3
719364,9
719374,2
719376,2
719381,2
719383,4
719387,2
719390,2
719393,3
719401,2
719403,4
719409,4
719415,4
719419,5
719425,2
719430,5
719435,1
719438,1
719440,5
719445,3
719450,4
719456,3
719459,1
719464,5
719470,2
719472,3
719475,2
719477,3
719481,2
719484,2
719486,2
719488,3
719492,2
719494,2
719500,2
719502,1
719504,1
719506,1
719509,1
719512,2
719515,1
719521,2
719523,4
719528,4
719534,3
719543,2
719545,2
719550,2
719560,2
719564,3
719572,2
719574,2
719576,3
719582,2
719584,3
719587,2
719589,3
719592,5
719601,3
719605,3
719610,5
719616,2
719618,1
719620,2
719622,3
719626,3
719632,2
719637,2
719639,3
719643,3
719648,3
719655,4
719659,3
719663,2
719666,1
719669,4
719673,2
719684,3
719688,4
719693,2
719698,6
719704,2
719706,3
719710,3
719713,5
719722,2
719728,5
719733,3
719736,2
719741,4
719750,3
719756,2
719759,2
719762,3
719766,2
719768,3
719772,2
719774,3
719783,3
719787,1
719789,2
719792,1
719796,1
719800,1
719804,1
719811,3
719817,3
719821,2
719823,3
719826,4
719831,5
719836,4
719840,3
719843,5
719848,2
719852,2
719857,2
719860,2
719863,2
719868,5
719873,1
719876,2
719878,1
719880,3
719885,4
719890,2
719892,4
719897,2
719900,2
719906,5
719917,3
719921,4
719927,3
719934,3
719937,1
719942,3
719946,4
719951,5
719958,1
719960,1
719962,3
719965,4
719970,3
719973,1
719976,5
719981,4
719986,5
719991,2
719994,5
719999,3
720002,2
720005,8
720013,2
720016,3
720019,5
720035,4
720040,2
720045,2
720047,1
720051,2
720054,2
720056,2
720059,1
720062,4
720069,2
720071,2
720074,3
720077,2
720080,1
720082,2
720084,3
720091,4
720095,3
720098,3
720102,3
720105,4
720109,1
720113,2
720118,2
720121,2
720126,2
720128,2
720130,2
720132,3
720138,2
720140,4
720145,2
720148,3
720152,2
720155,2
720158,1
720160,2
720166,4
720170,2
720172,2
720174,4
720178,4
720182,4
720187,1
720190,6
720198,2
720201,4
720207,1
720214,2
720218,1
720220,2
720223,3
720226,2
720228,2
720230,1
720232,2
720235,3
720243,3
720247,1
720249,1
720253,2
720256,2
720259,3
720265,1
720267,4
720272,4
720277,2
720281,8
720292,5
720297,1
720300,4
720306,2
720308,2
720310,2
720314,1
720316,2
720318,3
720322,2
720324,1
720328,4
720332,3
720337,1
720341,2
720344,2
720351,1
720353,2
720355,5
720364,5
720371,1
720374,1
720377,2
720379,2
720381,2
720385,3
720388,1
720391,3
720396,3
720399,4
720405,2
720409,2
720411,6
720421,2
720425,5
720430,2
720433,4
720437,1
720440,2
720443,3
720448,2
720457,1
720460,2
720467,4
720477,2
720479,2
720482,2
720484,2
720486,2
720488,3
720493,1
720500,5
720506,3
720509,3
720512,1
720519,3
720524,2
720527,2
720529,3
720532,5
720537,4
720543,1
720545,2
720547,1
720550,2
720552,3
720555,3
720558,2
720560,3
720563,3
720568,2
720570,2
720572,3
720576,2
720580,2
720582,4
720588,4
720592,1
720594,2
720596,3
720599,2
720603,2
720606,3
720610,3
720613,4
720617,1
720619,3
720625,1
720627,3
720631,2
720633,2
720635,3
720639,2
720641,1
720643,2
720645,2
720647,5
720656,4
720660,1
720664,1
720666,3
720670,2
720674,2
720681,5
720687,4
720693,2
720697,2
720699,2
720701,2
720703,4
720707,1
720709,3
720712,1
720714,3
720721,2
720723,2
720725,1
720732,3
720735,2
720737,2
720747,4
720752,3
720755,3
720758,2
720762,2
720769,2
720771,1
720773,2
720776,2
720778,3
720782,2
720784,6
720791,2
720793,1
720795,1
720799,1
720801,1
720803,1
720807,2
720812,3
720815,3
720818,2
720822,3
720828,3
720832,2
720835,2
720837,2
720839,3
720843,2
720846,2
720848,5
720853,4
720860,4
720864,2
720869,2
720875,3
720880,2
720882,3
720885,2
720889,2
720891,5
720896,4
720900,5
720907,4
720914,2
720916,2
720919,2
720921,4
720928,2
720931,2
720933,4
720939,2
720943,2
720945,2
720947,3
720951,2
720955,3
720959,1
720963,2
720967,5
720973,1
720976,2
720981,2
720983,2
720989,2
720991,2
720993,3
720996,2
720999,2
721001,2
721003,2
721006,1
721008,2
721010,2
721012,2
721014,1
721018,2
721023,2
721034,3
721038,3
721041,6
721047,3
721051,3
721056,3
721059,2
721061,2
721063,4
721068,3
721071,2
721073,2
721077,2
721079,2
721085,4
721091,5
721096,7
721103,3
721108,4
721113,1
721115,2
721117,2
721120,1
721125,2
721137,3
721140,2
721142,3
721145,2
721147,2
721151,3
721154,1
721156,2
721159,4
721166,5
721171,2
721176,2
721180,3
721184,2
721190,4
721194,2
721196,3
721207,2
721213,2
721217,2
721219,2
721221,2
721226,4
721230,2
721236,1
721244,2
721246,2
721252,2
721254,3
721258,2
721261,2
721263,2
721268,2
721270,2
721274,2
721277,1
721279,4
721283,1
721288,2
721294,2
721296,1
721299,3
721302,2
721306,1
721310,5
721320,3
721323,2
721329,2
721333,4
721342,2
721345,1
721348,1
721350,3
721354,5
721366,3
721376,4
721380,4
721386,2
721389,3
721396,2
721399,2
721401,2
721404,2
721406,2
721408,2
721410,2
721412,1
721418,3
721424,3
721427,2
721430,1
721432,2
721436,3
721441,2
721446,2
721450,1
721452,2
721454,2
721460,2
721464,3
721468,1
721471,2
721473,2
721475,2
721477,3
721481,7
721488,1
721491,5
721497,3
721500,2
721503,1
721505,3
721508,1
721511,2
721515,1
721517,2
721519,2
721525,2
721527,2
721530,1
721532,3
721537,2
721540,2
721548,2
721554,1
721559,4
721564,2
721568,2
721575,3
721578,2
721582,3
721586,3
721589,3
721592,3
721595,2
721597,3
721604,1
721606,2
721608,2
721610,2
721612,7
721620,9
721631,2
721634,4
721642,4
721647,2
721650,4
721655,4
721659,6
721667,1
721671,1
721673,2
721675,1
721678,2
721681,3
721684,2
721688,1
721691,1
721694,2
721699,3
721703,2
721705,2
721713,3
721716,1
721718,2
721720,2
721725,2
721727,1
721729,1
721732,4
721737,2
721744,2
721746,1
721754,4
721758,2
721761,3
721766,4
721773,2
721776,4
721780,1
721783,5
721788,2
721793,2
721795,4
721799,2
721810,1
721814,2
721821,1
721825,2
721827,3
721833,2
721844,3
721847,4
721851,4
721855,2
721861,3
721864,1
721868,4
721872,3
721875,1
721879,2
721882,2
721886,2
721891,2
721893,3
721897,4
721901,2
721903,1
721906,6
721912,3
721916,1
721918,3
721922,2
721927,1
721936,2
721940,2
721943,2
721946,2
721949,1
721951,2
721954,9
721965,1
721967,1
721973,1
721975,5
721986,3
721993,2
721996,1
721999,3
722006,2
722008,2
722017,1
722019,5
722025,1
722027,2
722030,2
722033,7
722040,3
722043,1
722051,2
722053,4
722057,4
722062,2
722064,1
722067,1
722074,2
722083,2
722085,2
722087,3
722090,2
722094,3
722097,2
722103,1
722106,2
722109,4
722118,2
722121,4
722125,2
722131,2
722133,2
722136,3
722144,2
722146,2
722151,2
722155,10
722165,1
722169,2
722171,3
722174,2
722176,3
722179,2
722183,6
722190,3
722193,3
722200,2
722205,2
722207,1
722211,5
722217,2
722226,2
722228,2
722232,2
722234,1
722237,1
722240,1
722244,1
722249,3
722252,2
722254,5
722259,1
722275,5
722291,2
722295,4
722300,4
722304,4
722310,2
722312,2
722315,1
722317,1
722319,3
722322,1
722327,2
722329,2
722332,6
722340,3
722345,1
722347,1
722349,3
722353,1
722355,2
722357,2
722359,2
722363,2
722365,2
722368,5
722374,3
722377,3
722380,2
722382,3
722386,2
722394,2
722397,2
722399,3
722404,3
722410,2
722415,2
722418,2
722421,5
722427,1
722429,2
722431,5
722439,2
722443,3
722446,3
722451,1
722454,2
722456,2
722458,1
722462,5
722468,3
722475,3
722478,2
722480,2
722482,4
722489,2
722492,2
722500,1
722502,3
722506,3
722511,1
722514,2
722516,2
722519,2
722524,2
722528,3
722535,4
722539,4
722544,2
722546,4
722550,3
722555,2
722557,4
722561,2
722563,2
722566,1
722570,2
722572,2
722577,4
722581,3
722584,2
722586,4
722591,2
722594,3
722604,4
722609,7
722617,3
722620,3
722623,1
722628,3
722633,2
722636,1
722647,2
722651,2
722655,6
722665,3
722668,2
722670,4
722674,2
722679,2
722684,4
722691,4
722695,2
722704,2
722708,3
722715,1
722718,2
722721,2
722727,2
722731,2
722736,3
722740,3
722743,2
722745,3
722748,2
722751,4
722758,2
722760,1
722762,2
722766,3
722770,1
722773,2
722779,3
722786,2
722789,2
722791,2
722797,2
722799,3
722807,4
722812,2
722814,2
722816,1
722820,2
722823,1
722830,2
722833,2
722837,2
722841,1
722844,1
722847,4
722858,2
722860,1
722862,2
722865,2
722868,5
722873,2
722876,1
722878,2
722883,1
722885,2
722889,2
722891,2
722893,1
722897,1
722899,1
722901,3
722905,2
722907,2
722910,4
722914,2
722918,1
722920,2
722922,1
722924,2
722926,1
722930,2
722935,4
722941,4
722947,2
722949,1
722951,2
722953,4
722960,2
722962,2
722965,3
722968,2
722971,2
722976,1
722981,4
722988,2
722990,2
722997,7
723004,6
723011,2
723019,5
723024,2
723026,5
723033,2
723035,2
723040,1
723043,4
723049,4
723056,2
723058,2
723060,2
723063,3
723066,2
723069,2
723071,1
723076,3
723079,3
723083,2
723086,2
723089,2
723095,1
723098,3
723104,1
723106,4
723110,2
723113,6
723120,2
723125,1
723128,2
723131,4
723135,2
723137,2
723139,2
723141,2
723143,1
723149,6
723155,5
723163,2
723165,2
723168,3
723171,2
723176,3
723179,2
723187,3
723191,2
723197,1
723200,2
723202,1
723205,4
723210,2
723214,4
723218,3
723221,3
723228,2
723231,3
723244,4
723248,5
723255,5
723260,3
723269,1
723272,2
723276,2
723281,2
723286,5
723291,2
723294,2
723298,2
723304,2
723307,2
723310,2
723315,3
723318,2
723321,3
723325,2
723333,2
723337,2
723339,4
723352,3
723358,2
723360,1
723366,3
723371,2
723376,2
723380,4
723384,6
723390,2
723399,1
723404,2
723408,2
723412,2
723414,3
723421,2
723425,2
723427,1
723429,2
723431,2
723433,3
723440,1
723444,9
723457,2
723459,2
723463,2
723469,2
723471,3
723474,3
723483,2
723485,3
723488,3
723491,2
723498,4
723504,2
723508,3
723513,2
723516,1
723518,2
723520,3
723523,2
723526,2
723528,2
723531,2
723533,4
723538,1
723543,2
723550,3
723554,3
723557,4
723563,2
723565,1
723571,2
723578,3
723581,3
723584,3
723587,1
723594,2
723598,5
723603,1
723605,4
723610,1
723613,3
723616,2
723618,6
723626,3
723629,1
723633,3
723636,3
723641,3
723644,3
723647,2
723650,3
723654,2
723657,2
723659,3
723667,2
723675,2
723677,2
723681,4
723689,7
723696,4
723703,2
723707,4
723711,2
723713,4
723719,5
723728,2
723733,1
723735,3
723738,1
723741,3
723744,4
723750,3
723753,1
723755,2
723757,2
723760,1
723762,5
723768,2
723771,1
723780,1
723783,1
723786,1
723788,2
723791,3
723794,3
723799,2
723805,2
723809,2
723812,5
723818,2
723821,1
723825,1
723827,2
723832,1
723835,2
723840,3
723843,3
723846,1
723848,4
723852,3
723856,3
723862,2
723864,2
723866,2
723869,2
723872,2
723874,5
723881,2
723886,3
723890,6
723898,3
723902,3
723905,3
723909,2
723911,5
723919,2
723921,2
723923,1
723927,1
723929,2
723932,2
723939,2
723941,2
723947,1
723951,2
723953,1
723956,1
723958,3
723968,3
723973,3
723976,1
723984,2
723986,2
723992,1
723994,2
724001,2
724004,3
724007,3
724011,2
724013,2
724016,3
724020,2
724023,3
724026,3
724029,2
724031,2
724035,4
724041,2
724043,2
724051,3
724054,3
724057,2
724061,1
724067,1
724076,1
724079,1
724082,1
724084,2
724090,2
724103,1
724107,1
724122,2
724148,1
724153,2
724163,1
724176,1
724183,2
724187,3
724194,1
724217,1
724236,1
724270,2
724285,2
724287,2
724293,2
724321,1
724360,1
724386,2
724425,2
724430,2
724454,1
724476,1
724502,1
724504,1
724519,2
724521,1
724524,1
724530,1
724535,2
724550,1
724554,1
724561,2
724563,1
724584,1
724606,1
724627,1
724631,2
724639,5
724645,1
724647,2
724655,1
724657,1
724659,1
724670,1
724672,1
724676,2
724678,4
724682,1
724718,1
724738,2
724758,1
724773,1
724782,2
724797,1
724807,2
724821,2
724824,1
724846,1
724849,1
724854,2
724857,1
724859,2
724880,2
724889,1
724897,3
724906,1
724940,1
724942,1
724962,2
724970,1
724974,1
725004,1
725013,3
725017,1
725024,2
725033,2
725044,2
725069,1
725101,1
725110,1
725136,1
725149,1
725154,2
725184,3
725202,2
725204,2
725209,1
725216,2
725218,1
725239,1
725251,2
725334,1
725338,2
725345,1
725348,1
725355,2
725359,2
725369,2
725380,3
725391,1
725436,1
725548,2
725658,1
725747,1
725766,2
725837,1
725842,1
725943,1
725979,1
725991,1
726012,1
726031,2
726044,1
726046,1
726135,1
726222,1
726252,1
726274,1
726308,5
726323,2
726415,1
726462,1
726553,1
726667,1
726701,1
726724,1
726777,1
726799,1
726802,2
726815,1
726828,1
726830,2
726835,1
726846,4
726854,2
726866,4
726875,3
726883,1
726891,3
726926,1
726970,3
726978,1
726990,1
726998,4
727016,1
727032,3
727050,1
727082,2
727123,2
727138,1
727143,2
727152,2
727186,2
727188,2
727194,2
727196,2
727198,1
727213,1
727231,3
727242,4
727248,2
727250,2
727264,3
727271,3
727274,2
727276,1
727329,2
727340,2
727343,2
727359,2
727377,1
727379,1
727384,3
727395,1
727397,1
727412,2
727488,4
727496,2
727498,3
727501,2
727504,3
727509,6
727517,1
727553,1
727572,1
727578,2
727602,2
727613,2
727617,2
727629,2
727631,3
727634,2
727643,3
727657,2
727659,5
727664,2
727679,3
727683,2
727685,3
727689,2
727691,2
727694,1
727697,2
727703,1
727705,2
727716,2
727725,2
727749,2
727812,1
727814,2
727816,1
727853,2
727855,2
727863,2
727870,2
727887,1
727897,1
727902,1
727905,4
727909,2
727911,1
727921,2
727924,1
727940,2
727943,2
727946,2
727952,2
727959,2
727965,2
727985,1
728020,2
728022,2
728036,1
728038,1
728046,1
728051,2
728057,1
728079,2
728087,1
728090,1
728094,1
728099,1
728104,1
728119,2
728121,2
728126,1
728137,1
728139,1
728157,3
728160,1
728163,1
728183,1
728199,1
728233,2
728236,3
728246,2
728248,3
728251,3
728254,3
728259,2
728264,1
728281,3
728289,4
728297,2
728301,2
728305,5
728327,2
728332,2
728342,1
728348,2
728360,3
728372,2
728383,2
728388,2
728397,2
728400,2
728402,2
728407,4
728411,2
728415,2
728431,2
728440,4
728451,3
728454,2
728469,2
728477,3
728481,1
728484,1
728496,2
728499,1
728501,1
728512,2
728516,2
728520,1
728526,3
728532,1
728535,2
728540,1
728543,3
728549,2
728572,1
728698,1
728721,1
728724,3
728736,2
728738,3
728762,3
728765,2
728767,3
728771,2
728793,2
728795,2
728848,2
728867,3
728897,2
728901,1
728906,3
728909,1
728911,3
728921,2
728959,2
728963,1
728966,1
728970,1
728979,1
729003,1
729062,1
729119,2
729171,2
729191,1
729202,2
729205,4
729213,3
729219,3
729225,1
729227,1
729241,3
729263,2
729265,3
729270,3
729274,3
729278,2
729280,2
729282,2
729294,2
729299,1
729303,2
729307,1
729311,2
729317,3
729328,2
729337,3
729343,1
729376,1
729378,3
729384,2
729387,2
729391,1
729394,1
729402,2
729409,4
729419,2
729421,3
729424,2
729437,3
729440,2
729444,6
729453,2
729455,1
729457,2
729464,3
729467,2
729469,2
729472,3
729477,4
729483,1
729494,3
729505,1
729507,3
729516,2
729519,2
729521,3
729525,3
729534,2
729536,2
729539,2
729548,1
729552,3
729561,2
729563,3
729577,3
729580,5
729598,5
729604,1
729610,2
729613,1
729616,2
729637,2
729655,2
729662,5
729679,2
729686,2
729688,3
729694,1
729707,2
729711,2
729715,4
729719,2
729721,3
729724,3
729733,2
729735,2
729740,3
729748,2
729770,3
729777,1
729779,1
729783,2
729790,2
729792,2
729794,3
729797,4
729804,2
729810,2
729814,2
729823,1
729828,1
729836,4
729843,2
729847,2
729852,2
729863,2
729867,2
729872,2
729875,2
729895,2
729897,3
729905,3
729918,1
729930,1
729936,2
729938,1
729942,2
729944,2
729950,2
729952,3
729955,2
729964,2
729976,1
729979,1
730003,4
730007,2
730015,3
730022,2
730039,1
730041,2
730057,1
730064,2
730069,3
730073,2
730076,1
730087,1
730091,2
730127,2
730134,2
730140,2
730146,3
730149,2
730153,2
730160,3
730163,2
730167,3
730170,1
730172,2
730193,2
730211,3
730221,2
730223,4
730228,4
730238,2
730243,1
730247,1
730252,2
730276,3
730302,3
730305,1
730331,2
730349,1
730360,1
730369,2
730371,3
730381,2
730383,2
730435,3
730467,3
730471,2
730474,1
730477,1
730499,3
730507,2
730509,4
730542,1
730569,1
730575,1
730579,2
730587,1
730589,1
730591,1
730596,2
730627,2
730632,1
730641,4
730645,2
730649,1
730658,1
730667,2
730677,1
730681,1
730683,2
730687,2
730709,1
730711,2
730725,1
730731,2
730734,2
730738,2
730740,4
730756,2
730758,6
730769,3
730778,2
730781,2
730786,2
730793,2
730805,1
730807,2
730810,1
730815,2
730821,2
730823,2
730856,1
730885,2
730892,6
730900,2
730904,3
730910,2
730917,1
731329,1
731388,2
731392,2
731394,1
731400,2
731414,1
731556,2
731561,1
731567,1
731609,2
731613,2
731619,1
731642,2
731645,1
731650,1
731656,2
731660,2
731662,2
731671,4
731682,2
731690,1
731698,2
731706,1
731715,1
731739,1
731744,2
731760,1
731764,3
731773,2
731776,2
731778,2
731794,1
731813,2
731826,2
731860,1
731887,3
731891,4
731913,1
731920,2
731928,2
731935,2
731947,5
731952,2
731954,4
731958,2
731960,3
731966,2
731968,1
731970,2
731978,2
731992,2
732009,2
732012,1
732024,2
732027,1
732031,1
732036,1
732043,2
732046,2
732069,2
732102,3
732106,2
732110,2
732117,2
732120,1
732149,2
732159,2
732163,2
732191,2
732194,1
732197,2
732204,2
732221,3
732237,2
732259,1
732267,1
732276,3
732279,2
732282,3
732290,4
732295,2
732440,1
732450,2
732840,2
734368,2
734402,3
734412,3
734416,7
734732,1
734786,1
734845,1
734889,1
734910,1
734916,2
734943,2
734972,2
734990,1
735017,2
735021,1
735023,2
735030,2
735036,3
735042,2
735047,2
735050,3
735069,1
735080,1
735085,1
735132,2
735277,8
735297,1
735313,1
735320,1
735341,1
737092,1
737485,1
738523,1
738589,3
738603,1
738606,2
738618,3
738622,2
738629,4
738633,2
738637,1
738640,3
738647,1
738654,1
738658,1
738662,2
738670,2
738674,2
738678,2
738685,1
738692,3
738704,2
738707,3
738712,2
738718,1
738721,2
738724,4
738730,3
738733,2
738736,2
738739,1
738747,2
738749,2
738764,1
738767,1
738774,2
738778,2
738781,2
738783,2
738799,2
738804,2
738806,2
738837,3
738842,2
738844,3
738853,1
738860,1
738862,2
738875,4
738888,1
738891,2
738893,1
738906,1
738908,4
738914,1
738917,4
738928,1
738936,2
738938,3
738947,1
738954,2
738964,2
738980,1
738993,2
738996,1
739003,2
739011,2
739024,1
739026,2
739030,2
739033,1
739038,2
739040,1
739054,1
739058,4
739062,1
739068,2
739072,2
739076,2
739084,3
739087,2
739095,1
739099,1
739105,2
739108,1
739110,3
739129,2
739145,1
739156,1
739166,4
739174,2
739176,1
739178,2
739190,2
739192,1
739207,3
739210,2
739219,3
739237,2
739240,1
739243,2
739245,2
739252,2
739257,4
739264,2
739272,3
739275,1
739278,4
739285,1
739288,2
739294,2
739299,1
739303,2
739306,3
739311,2
739316,1
739318,1
739320,2
739331,2
739340,2
739347,1
739352,1
739358,3
739365,2
739369,5
739374,1
739389,8
739402,2
739411,2
739415,5
739424,1
739426,3
739445,3
739449,1
739453,1
739455,4
739461,2
739478,2
739500,1
739526,1
739531,4
739543,1
739562,3
739573,4
739586,2
739588,5
739626,2
739630,2
739638,2
739640,7
739647,2
739649,3
739657,3
739667,4
739673,3
739677,3
739683,2
739687,2
739689,2
739695,2
739698,1
739705,3
739714,5
739719,2
739722,2
739724,3
739729,4
739738,3
739741,3
739744,3
739747,2
739752,2
739754,3
739764,1
739768,3
739771,3
739774,2
739776,2
739780,1
739788,3
739791,2
739796,3
739799,3
739804,2
739809,2
739816,3
739823,1
739992,2
739996,2
739998,3
740005,1
740018,8
740026,4
740180,2
740192,2
740195,3
740211,2
740220,2
740222,4
740252,3
740255,1
740257,6
740264,3
740267,3
740270,2
740273,2
740278,2
740282,6
740288,15
740317,16
740337,2
740347,2
740353,2
740355,1
740358,4
740363,2
740372,3
740385,2
740387,1
740411,4
740437,2
740452,4
740456,7
740464,1
740467,3
740470,3
740496,2
740498,1
740505,3
740519,2
740547,2
740549,6
740555,2
740559,1
740563,2
740565,3
740568,3
740571,2
740576,2
740578,4
740582,6
740588,1
740591,2
740594,4
740608,2
740610,3
740614,6
740620,3
740626,2
740633,2
740636,2
740641,3
740653,1
740661,6
740668,4
740672,6
740680,4
740685,4
740703,2
740730,3
740733,3
740736,3
740739,3
740744,12
740756,3
740762,5
740774,3
740777,2
740779,5
740784,4
740789,3
740797,3
740800,5
740808,2
740811,3
740817,2
740823,1
740828,4
740832,2
740834,4
740839,6
740849,3
740857,1
740862,2
740867,2
740869,4
740880,9
740889,2
740892,2
740894,4
740899,1
740908,3
740911,2
740926,2
740929,2
740931,3
740934,2
740936,1
740943,2
740945,3
740948,3
740957,3
740966,1
740975,2
740983,2
740985,1
740994,6
741004,2
741011,2
741016,3
741019,2
741022,2
741077,2
741098,3
741106,2
741108,5
741115,2
741117,1
741119,3
741122,4
741132,3
741142,2
741145,2
741158,2
741163,6
741169,3
741175,3
741187,2
741221,3
741224,2
741231,2
741233,3
741238,2
741243,3
741262,3
741265,2
741271,1
741273,2
741277,2
741287,2
741292,2
741314,2
741325,2
741336,5
741346,2
741352,2
741354,2
741403,6
741411,2
741415,4
741419,5
741424,2
741427,6
741434,1
741436,2
741438,11
741450,2
741453,4
741457,2
741459,2
741461,4
741465,2
741467,3
741473,2
741479,2
741481,6
741487,4
741505,2
741507,3
741514,4
741518,1
741531,4
741536,5
741541,5
741546,1
741548,3
741551,2
741553,2
741558,3
741561,3
741566,3
741571,4
741577,2
741579,2
741582,2
741584,3
741587,2
741591,3
741594,2
741596,2
741603,1
741614,6
741628,2
741633,2
741636,3
741639,4
741643,3
741653,2
741693,1
741696,4
741700,3
741703,2
741708,2
741710,6
741721,3
741740,3
741745,3
741766,4
741778,1
741780,2
741785,2
741787,5
741795,2
741798,2
741800,12
741812,1
741814,1
741816,2
741830,3
741835,2
741839,4
741848,6
741858,4
741862,6
741868,4
741872,2
741886,4
741896,2
741903,1
741912,3
741915,3
741926,4
741938,2
741947,2
741950,1
741954,2
741956,2
741966,4
741977,2
741980,3
741985,1
741991,5
742014,4
742018,2
742030,4
742036,5
742042,2
742044,8
742053,2
742060,7
742067,3
742071,2
742073,3
742079,3
742082,2
742086,2
742089,2
742106,2
742111,2
742113,4
742117,4
742121,23
742144,3
742156,2
742173,2
742176,4
742180,2
742188,4
742193,1
742199,3
742202,2
742204,2
742206,1
742208,8
742217,3
742220,2
742222,3
742227,3
742232,3
742235,4
742239,2
742241,2
742245,7
742252,6
742259,2
742262,2
742266,2
742271,3
742278,1
742282,2
742289,2
742291,2
742293,2
742298,4
742302,2
742305,2
742307,2
742309,2
742311,4
742315,1
742324,3
742328,2
742330,2
742334,2
742336,3
742340,3
742353,3
742366,2
742369,5
742377,4
742381,7
742388,2
742390,3
742394,2
742396,2
742399,5
742405,2
742408,2
742410,2
742412,2
742432,2
742434,1
742448,4
742455,2
742457,3
742471,3
742474,3
742480,4
742484,5
742489,3
742492,5
742501,3
742504,3
742509,2
742511,2
742513,3
742516,1
742520,4
742539,2
742541,15
742559,18
742577,2
742579,5
742584,6
742591,5
742600,4
742608,3
742614,1
742629,2
742646,3
742678,2
742683,2
742694,1
742696,2
742699,1
742710,5
742715,8
742723,5
742732,3
742739,3
742744,3
742747,3
742757,8
742768,3
742771,2
742774,4
742778,1
742790,2
742793,1
742795,2
742807,4
742812,2
742820,5
742836,2
742843,1
742845,4
742849,2
742852,1
742854,1
742864,1
742866,4
742870,2
742872,1
742874,3
742878,6
742886,12
742899,4
742903,3
742907,6
742913,2
742916,1
742919,4
742924,3
742943,2
742945,6
742951,3
742955,3
742962,2
742974,3
742981,3
742984,4
742988,3
742992,2
742998,1
743000,7
743007,6
743016,2
743018,7
743025,4
743030,1
743032,3
743043,2
743045,2
743048,2
743052,2
743059,1
743071,3
743075,4
743079,2
743081,2
743083,3
743092,2
743098,7
743105,2
743109,1
743114,2
743119,2
743127,5
743133,2
743136,2
743138,4
743148,2
743162,3
743165,5
743170,3
743174,2
743191,14
743208,1
743226,1
743231,4
743241,2
743248,2
743251,2
743264,2
743271,3
743274,2
743280,2
743282,5
743290,10
743301,3
743310,1
743341,1
743343,2
743345,4
743352,2
743355,5
743361,3
743365,3
743374,2
743377,2
743381,1
743384,4
743391,2
743396,1
743401,4
743411,3
743419,1
743457,1
743459,2
743465,3
743468,4
743473,4
743480,1
743490,1
743492,4
743496,6
743502,5
743508,3
743518,2
743525,1
743527,1
743529,2
743531,2
743533,3
743538,2
743540,2
743542,1
743572,1
743594,2
743599,1
743601,2
743605,2
743608,2
743610,2
743613,4
743617,1
743661,2
743663,2
743665,3
743677,2
743685,1
743688,2
743690,2
743697,8
743705,1
743707,3
743713,8
743721,3
743724,5
743729,5
743753,2
743755,3
743759,1
743761,2
743767,2
743769,2
743771,3
743779,2
743798,2
743800,2
743802,3
743805,3
743808,2
743812,7
743824,4
743828,3
743839,7
743847,2
743851,13
743881,3
743886,2
743888,4
743894,3
743898,2
743900,2
743905,2
743940,3
743943,3
743951,1
743957,6
743963,2
743965,8
743998,3
744001,1
744007,3
744017,1
744022,2
744024,3
744028,3
744036,2
744041,1
744043,3
744061,3
744066,9
744075,5
744080,25
744107,5
744114,4
744133,4
744137,11
744149,2
744156,1
744160,7
744173,2
744176,3
744181,1
744183,2
744188,3
744194,2
744196,3
744199,4
744203,14
744228,2
744231,2
744234,4
744285,6
744299,3
744302,2
744304,2
744308,8
744316,7
744325,4
744329,16
744379,2
744386,2
744388,1
744393,1
744419,2
744428,2
744445,5
744510,2
744513,1
744518,1
744521,2
744528,1
744535,3
744538,2
744542,2
744545,1
744550,7
744558,1
744562,2
744568,3
744583,2
744585,3
744591,3
744597,3
744613,2
744615,3
744620,8
744629,2
744632,3
744637,3
744646,2
744653,2
744690,1
744699,1
744701,3
744705,3
744735,2
744738,1
744741,1
744747,2
744765,2
744783,2
744788,1
744796,3
744801,2
744803,2
744907,2
744919,4
744923,1
744925,2
744927,3
744930,2
744933,4
744937,4
744944,1
744948,3
744952,2
744955,2
744959,3
744962,2
744964,8
744974,3
744977,3
744982,1
744987,2
744996,2
745002,2
745005,2
745009,5
745023,2
745027,2
745031,4
745036,4
745047,2
745049,3
745054,2
745056,4
745071,2
745076,11
745087,2
745099,2
745105,2
745107,2
745109,3
745112,3
745116,3
745119,5
745125,3
745128,3
745131,2
745134,2
745139,6
745146,3
745150,2
745152,2
745156,2
745159,7
745167,3
745170,2
745172,3
745175,3
745178,3
745181,30
745213,5
745219,3
745222,15
745253,2
745257,10
745269,4
745274,7
745305,1
745345,1
745378,6
745385,3
745388,5
745395,11
745407,3
745410,2
745412,2
745414,2
745417,3
745422,2
745424,2
745426,6
745438,6
745444,3
745455,4
745461,5
745466,5
745471,7
745478,2
745480,2
745482,4
745487,10
745497,2
745499,3
745504,4
745508,2
745510,3
745513,6
745525,8
745533,3
745537,11
745550,3
745553,5
745558,6
745568,3
745571,4
745575,4
745579,13
745592,2
745594,2
745599,14
745618,7
745625,3
745629,4
745633,3
745636,10
745646,20
745666,3
745670,2
745672,2
745678,3
745681,1
745683,2
745685,4
745690,1
745694,6
745701,13
745729,3
745732,7
745739,2
745741,3
745744,7
745758,5
745763,9
745774,2
745778,1
745780,9
745790,2
745792,8
745800,2
745802,6
745809,2
745811,3
745816,1
745819,9
745828,2
745830,4
745836,2
745843,8
745851,2
745853,2
745855,3
745858,3
745862,4
745867,5
745872,4
745877,2
745882,4
745887,5
745893,2
745897,3
745901,6
745907,7
745921,3
745939,8
745947,5
745954,2
745957,2
745959,6
745967,1
745969,6
745976,5
745981,5
745988,2
746075,5
746081,5
746087,5
746093,3
746096,2
746134,2
746136,2
746138,3
746142,1
746159,2
746163,1
746167,4
746171,2
746174,3
746179,4
746183,3
746186,3
746189,2
746191,6
746197,3
746200,2
746203,2
746205,2
746207,2
746210,5
746218,2
746220,2
746223,1
746231,5
746237,3
746241,2
746244,8
746252,1
746254,2
746258,1
746264,9
746273,7
746283,2
746286,2
746288,1
746290,2
746298,2
746300,1
746307,1
746311,3
746314,1
746316,2
746318,5
746324,1
746326,4
746332,2
746334,7
746370,2
746372,5
746377,7
746384,2
746386,3
746389,2
746398,4
746402,4
746406,1
746408,7
746416,12
746428,3
746432,5
746437,5
746442,2
746444,2
746453,5
746459,5
746464,3
746467,8
746480,2
746484,3
746487,5
746493,3
746496,4
746500,6
746508,2
746510,4
746514,7
746521,6
746527,1
746530,2
746534,1
746536,1
746544,2
746547,5
746553,2
746558,4
746562,2
746564,1
746567,5
746572,2
746574,4
746579,3
746583,2
746585,3
746594,2
746597,4
746607,2
746610,2
746614,2
746616,4
746621,1
746623,5
746629,1
746632,6
746638,4
746643,7
746675,59
746734,17
746752,2
746755,5
746760,3
746763,4
746770,5
746775,3
746778,3
746783,1
746787,6
746793,7
746800,2
746802,3
746806,10
746828,2
746837,4
746842,1
746845,2
746847,2
746850,5
746863,5
746868,2
746871,2
746879,1
746881,2
746884,1
746887,2
746889,3
746893,3
746905,5
746910,4
746915,1
746924,2
746949,2
746951,2
746958,4
746964,2
746972,2
746977,2
746980,1
746988,2
746997,1
746999,3
747002,1
747013,9
747022,2
747024,3
747028,7
747035,5
747040,4
747044,3
747049,2
747051,3
747058,3
747062,2
747077,2
747080,2
747082,2
747084,2
747086,2
747090,1
747092,1
747094,5
747101,3
747108,6
747114,2
747116,2
747118,7
747135,2
747145,2
747147,5
747156,2
747159,3
747164,2
747166,3
747170,4
747175,5
747184,6
747190,2
747192,3
747195,1
747199,3
747202,2
747204,10
747214,1
747218,5
747225,4
747230,2
747232,4
747237,6
747243,2
747245,1
747253,2
747255,4
747259,5
747267,4
747271,2
747273,2
747275,3
747278,3
747282,11
747295,2
747297,2
747301,7
747309,2
747313,9
747322,1
747324,4
747337,2
747341,2
747343,2
747345,5
747351,3
747355,5
747361,1
747368,2
747387,2
747389,8
747399,3
747403,2
747406,2
747430,3
747434,3
747473,7
747481,3
747484,5
747490,5
747496,6
747502,2
747505,3
747523,3
747535,3
747540,3
747543,3
747570,2
747572,2
747575,2
747592,3
747616,2
747619,4
747624,1
747628,4
747633,6
747639,2
747641,2
747643,2
747645,2
747650,2
747652,2
747657,3
747661,2
747664,4
747669,2
747671,3
747675,9
747687,4
747693,2
747698,2
747700,2
747704,2
747708,2
747710,1
747712,1
747719,2
747721,5
747727,2
747729,3
747732,6
747754,2
747756,2
747758,4
747762,2
747764,2
747766,3
747772,3
747776,2
747778,3
747785,2
747787,3
747791,4
747796,3
747800,4
747804,2
747807,2
747810,3
747813,2
747816,1
747831,2
747834,2
747837,2
747840,5
747845,2
747850,13
747867,1
747883,2
747886,2
747888,2
747890,19
747910,2
747912,2
747915,1
747919,4
747923,4
747930,14
747945,1
747947,5
747952,3
747956,2
747960,15
747976,3
747982,2
747987,1
747996,2
748003,3
748007,2
748016,5
748028,2
748030,3
748036,1
748038,2
748041,2
748048,1
748052,1
748055,1
748072,1
748081,3
748086,3
748098,2
748102,3
748111,1
748115,3
748271,1
748341,1
749085,2
749239,2
749258,1
749266,1
749778,1
749975,2
749982,2
749984,3
749987,5
749992,6
749999,1
750063,1
750072,1
750096,1
750153,1
750397,4
750782,1
750786,14
750892,2
750902,1
750912,1
750930,1
751029,1
751045,1
751065,1
751160,1
751170,1
751308,1
751532,1
751755,2
751925,3
751964,3
751967,2
752007,2
752041,2
752050,2
752053,2
752056,2
752059,2
752063,2
752069,4
752086,2
752095,2
752100,2
752102,2
752131,2
752178,2
752189,2
752196,2
752204,2
752207,1
752213,2
752232,2
752237,3
752251,2
752268,2
752275,2
752278,2
752281,2
752291,2
752303,2
752313,2
752362,2
752396,1
752505,2
752510,2
752512,2
752520,2
752524,2
752528,2
752532,2
752534,2
752537,3
752541,2
752546,2
752549,2
752557,2
752559,2
752561,3
752564,3
752571,3
752575,2
752589,2
752592,4
752618,9
752628,5
752634,1
752636,13
752650,13
752663,31
752694,6
752700,4
752704,2
752711,3
752714,12
752726,3
752729,3
752732,7
752739,2
752754,2
752756,3
752760,4
752768,7
752775,3
752778,2
752785,5
752793,2
752795,4
752801,2
752804,3
752807,4
752812,2
752815,4
752820,2
752822,2
752824,2
752833,3
752837,2
752843,7
752851,2
752855,2
752862,2
752864,2
752870,2
752872,3
752877,3
752880,5
752887,2
752891,2
752897,3
752900,2
752933,2
752943,1
752975,1
752983,2
753031,2
753038,2
753060,3
753160,1
753208,2
753210,2
753219,1
753235,4
753241,5
753246,2
753250,1
753253,2
753255,3
753258,2
753261,1
753265,2
753280,1
753286,1
753290,2
753297,2
753318,2
753339,1
753351,1
753383,2
753392,1
753417,2
753450,1
753452,1
753455,1
753466,4
753480,1
753513,1
753544,1
753582,2
753605,2
753702,3
753714,1
753804,2
753873,2
753880,2
753883,2
753923,2
754001,2
754032,2
754076,3
754091,2
754121,1
754156,1
754455,1
757352,1
757591,1
757791,24
757815,12
757827,13
757840,2
757842,2
757844,4
757848,10
757858,9
757867,6
757873,10
757883,3
757886,11
757898,4
757902,4
757906,11
757918,20
757938,9
757947,2
757949,9
757958,9
757969,9
757979,2
757981,7
757988,5
757993,4
757997,8
758005,2
758007,2
758009,2
758011,2
758013,5
758020,11
758031,16
758047,6
758053,3
758056,4
758061,7
758069,8
758077,4
758081,5
758086,2
758089,5
758096,2
758098,7
758105,2
758108,2
758110,4
758114,12
758126,4
758130,7
758139,10
758149,5
758154,9
758165,6
758171,5
758176,10
758186,11
758197,4
758202,3
758205,4
758209,7
758216,3
758219,5
758225,10
758236,2
758238,4
758242,2
758244,4
758249,7
758256,2
758258,5
758263,12
758275,3
758278,2
758281,5
758286,2
758288,5
758294,2
758296,6
758303,3
758306,10
758317,5
758322,8
758331,3
758334,7
758341,2
758343,5
758349,4
758353,4
758357,6
758363,2
758365,17
758383,2
758385,3
758388,4
758392,4
758396,3
758400,8
758408,10
758418,12
758430,11
758442,2
758444,4
758448,1
758450,3
758453,2
758455,6
758461,2
758464,2
758467,3
758471,4
758475,9
758485,7
758492,6
758499,2
758501,4
758506,3
758509,5
758515,4
758520,2
758522,3
758525,7
758532,7
758539,3
758542,4
758546,5
758551,2
758554,2
758557,10
758567,5
758572,4
758576,4
758580,2
758582,3
758585,3
758589,10
758601,4
758606,15
758622,4
758626,3
758630,2
758634,2
758636,4
758640,5
758648,8
758656,7
758664,2
758666,12
758679,3
758683,2
758685,5
758690,2
758692,6
758699,2
758701,11
758712,5
758721,10
758731,2
758733,3
758736,4
758741,2
758744,2
758746,2
758748,8
758756,3
758760,4
758764,3
758767,4
758771,8
758779,2
758781,7
758788,3
758791,3
758795,2
758797,2
758799,2
758802,5
758808,13
758822,6
758829,3
758833,2
758836,4
758842,5
758847,2
758850,8
758858,2
758860,3
758863,4
758867,6
758873,4
758877,2
758881,2
758883,3
758886,12
758898,6
758904,4
758909,5
758915,5
758921,8
758929,3
758932,3
758935,6
758941,6
758947,2
758949,3
758952,7
758960,2
758963,2
758966,2
758968,4
758973,13
758986,11
758997,4
759001,5
759006,15
759021,8
759030,2
759032,11
759043,3
759046,2
759048,2
759051,2
759053,4
759057,7
759064,4
759070,4
759074,3
759077,5
759082,2
759084,18
759102,6
759109,3
759113,3
759121,4
759125,3
759128,3
759132,2
759134,2
759136,8
759145,2
759147,3
759151,2
759153,3
759157,7
759164,4
759168,2
759170,6
759176,2
759178,3
759181,2
759183,4
759187,4
759192,5
759197,6
759203,6
759210,3
759213,3
759217,2
759219,5
759224,2
759226,6
759232,4
759236,6
759242,2
759244,19
759263,15
759279,4
759283,7
759290,2
759294,5
759300,4
759304,2
759306,2
759308,2
759310,2
759316,12
759328,5
759334,2
759336,2
759338,6
759345,8
759353,2
759355,3
759358,8
759368,2
759370,4
759374,2
759376,4
759380,2
759382,3
759386,4
759390,15
759405,3
759408,6
759414,2
759416,4
759420,5
759425,2
759428,4
759432,3
759435,5
759440,2
759442,2
759444,3
759449,9
759458,3
759461,3
759465,5
759470,3
759473,4
759477,10
759488,8
759496,4
759500,10
759510,2
759512,12
759524,2
759526,3
759529,5
759535,2
759537,8
759545,10
759555,11
759566,4
759570,4
759575,7
759582,5
759587,6
759594,4
759600,7
759608,2
759610,3
759613,3
759616,7
759623,6
759629,6
759635,3
759638,8
759646,5
759652,6
759658,3
759662,2
759664,4
759668,2
759670,2
759672,4
759676,2
759679,7
759687,10
759699,5
759704,7
759711,8
759719,8
759727,2
759729,4
759733,6
759740,3
759743,7
759751,4
759755,6
759761,3
759765,3
759768,2
759770,5
759775,4
759780,3
759783,2
759786,3
759789,3
759792,3
759795,2
759797,3
759800,2
759802,6
759808,2
759811,4
759815,3
759818,4
759822,6
759828,8
759839,6
759845,5
759850,3
759854,1
759856,4
759860,10
759870,8
759878,2
759880,1
759883,7
759890,4
759895,6
759901,6
759907,2
759910,6
759916,4
759920,2
759922,2
759925,13
759938,3
759941,2
759945,4
759949,2
759951,7
759958,2
759960,3
759965,5
759971,4
759975,2
759977,2
759979,8
759989,8
759997,2
759999,4
760003,11
760014,9
760023,3
760026,4
760030,11
760041,8
760049,7
760056,3
760060,2
760062,14
760076,3
760080,5
760085,11
760097,4
760102,3
760105,5
760110,8
760118,13
760131,14
760146,2
760148,2
760150,5
760156,7
760163,3
760167,3
760170,2
760172,3
760175,3
760178,1
760180,8
760188,4
760192,3
760195,3
760198,7
760206,2
760208,3
760211,8
760219,6
760225,7
760233,3
760236,2
760238,5
760243,3
760246,3
760249,3
760252,2
760254,4
760260,15
760275,9
760284,2
760286,7
760293,2
760295,3
760298,6
760304,4
760309,14
760323,4
760327,4
760332,2
760334,3
760337,2
760339,2
760341,2
760344,2
760346,6
760353,2
760356,7
760363,3
760367,8
760376,4
760380,6
760393,6
760399,2
760401,8
760410,5
760416,7
760425,3
760429,2
760431,11
760442,8
760451,3
760454,1
760456,4
760460,3
760463,3
760466,14
760480,2
760482,2
760484,5
760489,2
760491,4
760495,2
760497,11
760508,2
760510,4
760514,2
760516,6
760523,4
760527,7
760534,2
760536,4
760543,2
760545,4
760550,2
760553,7
760560,2
760562,3
760565,3
760569,2
760571,3
760574,4
760578,3
760581,3
760584,5
760589,4
760594,4
760599,3
760602,5
760607,4
760612,4
760616,4
760620,3
760625,3
760628,3
760632,3
760635,3
760638,2
760640,2
760644,4
760648,4
760652,14
760667,3
760670,3
760675,4
760679,5
760684,8
760692,4
760696,2
760698,4
760702,2
760704,6
760711,2
760714,3
760717,2
760719,3
760723,2
760725,5
760731,2
760733,5
760738,5
760743,2
760745,5
760751,4
760755,3
760758,3
760761,3
760764,6
760770,2
760772,3
760775,14
760789,4
760793,4
760797,4
760801,2
760803,8
760812,5
760818,6
760824,3
760827,2
760829,2
760831,3
760834,7
760841,4
760845,2
760847,4
760851,4
760856,2
760858,10
760868,4
760872,4
760877,2
760879,11
760890,6
760897,5
760902,2
760904,4
760908,2
760912,3
760915,5
760920,3
760923,3
760926,8
760934,4
760938,6
760944,4
760948,2
760950,2
760952,4
760956,2
760958,5
760963,3
760966,2
760969,4
760973,3
760976,8
760984,4
760988,6
760994,3
760997,3
761001,2
761004,5
761009,7
761016,5
761021,2
761023,2
761025,4
761029,8
761037,10
761047,4
761051,10
761061,10
761072,3
761076,3
761079,6
761086,3
761089,2
761092,4
761099,4
761103,2
761105,4
761109,6
761115,2
761117,4
761121,5
761127,2
761129,2
761133,12
761145,2
761147,7
761154,9
761163,4
761168,4
761172,3
761176,2
761178,2
761182,5
761187,3
761190,6
761196,5
761201,2
761204,4
761208,9
761217,4
761221,4
761225,3
761229,3
761232,2
761234,3
761238,2
761241,2
761244,3
761247,2
761249,3
761252,3
761256,7
761263,4
761267,2
761269,2
761271,5
761277,3
761280,3
761284,3
761287,3
761290,6
761296,6
761302,2
761304,4
761308,4
761312,2
761315,3
761318,10
761328,2
761330,2
761332,2
761334,8
761346,3
761349,3
761352,11
761364,3
761367,2
761369,6
761377,2
761380,2
761384,7
761391,8
761400,2
761403,4
761407,3
761411,2
761414,3
761417,10
761427,2
761431,2
761434,9
761443,2
761445,2
761447,2
761450,4
761454,7
761461,13
761474,2
761476,3
761479,2
761481,2
761483,8
761491,9
761500,2
761502,2
761505,3
761508,4
761512,4
761516,4
761520,2
761523,7
761531,3
761534,5
761539,3
761542,3
761545,2
761547,2
761549,12
761561,2
761565,3
761569,6
761576,3
761580,2
761584,3
761587,5
761592,2
761594,4
761598,7
761605,5
761610,4
761615,3
761619,4
761624,3
761628,2
761630,5
761635,3
761638,5
761643,4
761649,3
761652,9
761661,7
761671,2
761676,3
761680,4
761684,7
761691,2
761693,2
761696,2
761698,4
761702,3
761706,3
761709,8
761717,4
761722,4
761726,8
761734,8
761742,2
761744,2
761746,5
761751,3
761755,6
761761,2
761763,2
761765,4
761769,6
761775,4
761779,3
761782,10
761792,4
761796,2
761798,6
761804,2
761806,4
761810,2
761813,2
761815,2
761817,2
761820,7
761829,2
761832,17
761849,2
761852,3
761855,2
761857,4
761862,10
761873,6
761880,5
761885,5
761890,8
761898,6
761905,3
761908,3
761911,3
761915,4
761919,2
761921,5
761926,4
761930,2
761932,7
761939,5
761945,11
761956,4
761961,2
761963,5
761969,4
761973,2
761975,9
761984,2
761986,6
761994,3
761997,2
762000,2
762002,4
762006,7
762013,6
762021,4
762025,2
762027,5
762032,5
762038,2
762040,4
762046,2
762049,3
762053,2
762055,5
762060,2
762064,4
762068,8
762076,2
762079,4
762083,5
762089,3
762092,2
762097,5
762103,5
762108,5
762113,2
762116,3
762120,2
762122,4
762126,12
762139,6
762149,2
762151,3
762154,3
762157,4
762161,6
762168,2
762172,6
762179,4
762183,4
762187,6
762193,2
762195,2
762197,3
762200,3
762203,8
762212,2
762214,3
762217,3
762220,9
762229,3
762234,3
762237,3
762240,2
762242,2
762245,7
762252,3
762255,6
762261,6
762268,5
762273,2
762276,7
762284,5
762289,3
762292,4
762296,9
762305,3
762308,2
762311,3
762314,3
762317,2
762319,8
762327,3
762331,8
762339,2
762341,6
762350,2
762352,10
762362,9
762371,6
762377,3
762380,2
762382,6
762388,6
762395,6
762401,2
762403,2
762406,5
762411,2
762413,3
762416,5
762421,3
762426,1
762428,3
762431,3
762435,3
762438,4
762442,8
762452,6
762458,2
762461,4
762465,5
762475,6
762481,2
762483,5
762488,2
762490,2
762494,6
762500,1
762502,2
762504,2
762506,4
762510,8
762518,4
762522,15
762537,4
762542,5
762548,4
762552,3
762555,3
762558,2
762560,4
762564,2
762566,7
762574,4
762578,3
762581,2
762583,3
762587,3
762590,6
762596,3
762599,3
762602,2
762606,7
762613,2
762615,5
762620,8
762628,3
762631,2
762633,2
762636,6
762642,2
762645,3
762648,2
762652,2
762654,2
762656,11
762668,10
762679,3
762682,4
762687,2
762689,5
762695,3
762699,3
762702,9
762711,4
762715,2
762717,2
762719,3
762722,3
762725,2
762727,3
762730,7
762738,2
762741,2
762743,3
762747,4
762751,3
762755,4
762760,3
762763,2
762765,8
762774,6
762780,2
762782,4
762787,2
762789,2
762791,6
762798,7
762805,23
762828,8
762837,8
762845,8
762853,6
762859,5
762864,3
762867,4
762873,5
762878,3
762881,9
762891,8
762900,3
762903,14
762917,17
762934,3
762940,4
762944,11
762955,2
762957,5
762962,6
762968,3
762971,7
762979,3
762983,11
762995,3
762998,3
763001,3
763005,1
763008,2
763010,3
763013,3
763016,2
763019,2
763023,4
763027,3
763030,2
763032,3
763035,5
763040,3
763044,4
763048,3
763051,8
763061,9
763070,3
763073,9
763083,4
763087,2
763091,7
763102,2
763104,2
763107,2
763110,2
763113,8
763121,2
763124,2
763127,3
763130,3
763134,3
763139,3
763142,4
763146,4
763151,2
763154,4
763159,5
763164,2
763166,2
763168,9
763178,3
763181,6
763189,5
763196,13
763209,2
763212,5
763217,5
763222,5
763227,11
763238,3
763241,8
763249,2
763253,3
763257,2
763259,3
763262,8
763271,2
763275,5
763280,2
763284,2
763286,4
763291,8
763299,2
763302,4
763307,3
763311,3
763314,4
763318,2
763322,6
763328,3
763333,5
763339,2
763341,3
763344,7
763351,3
763355,2
763357,9
763366,3
763371,3
763374,2
763378,9
763387,4
763391,2
763393,2
763395,4
763400,2
763402,2
763404,8
763413,2
763416,3
763419,4
763424,7
763432,2
763434,11
763445,2
763447,3
763450,3
763453,2
763455,5
763461,2
763463,14
763477,3
763481,3
763485,2
763487,5
763493,5
763498,2
763500,8
763508,3
763511,2
763513,4
763517,2
763520,3
763523,3
763526,4
763533,4
763538,6
763544,2
763546,2
763548,3
763556,13
763569,6
763575,5
763580,3
763583,2
763585,2
763587,4
763591,3
763594,2
763596,5
763602,4
763606,2
763608,11
763619,2
763621,4
763626,3
763629,3
763633,3
763637,9
763646,5
763651,7
763659,6
763665,7
763672,2
763675,2
763677,4
763681,5
763686,3
763689,2
763691,6
763697,8
763705,2
763707,2
763709,12
763721,2
763723,2
763725,2
763727,2
763729,2
763732,2
763734,2
763736,3
763739,4
763743,7
763750,3
763754,5
763759,8
763768,3
763771,5
763776,3
763779,2
763781,4
763786,3
763790,7
763797,2
763800,8
763808,4
763812,2
763814,2
763816,6
763822,3
763825,4
763830,2
763832,2
763835,3
763838,3
763841,2
763844,2
763846,4
763850,2
763855,2
763857,2
763859,4
763863,4
763869,2
763871,2
763874,2
763876,5
763881,3
763887,2
763889,9
763898,2
763900,7
763907,4
763911,1
763916,4
763921,3
763924,3
763927,2
763929,3
763932,3
763935,2
763938,6
763944,3
763947,7
763955,3
763958,2
763960,2
763962,2
763964,9
763974,9
763983,3
763986,2
763988,2
763990,2
763993,4
763997,5
764002,2
764004,3
764007,2
764009,4
764013,2
764015,3
764020,5
764027,5
764032,2
764034,2
764036,2
764039,7
764046,2
764051,11
764064,4
764069,10
764079,3
764082,6
764088,2
764092,8
764100,3
764103,2
764106,2
764108,2
764111,2
764113,2
764115,2
764117,2
764120,5
764125,5
764130,2
764132,2
764135,2
764138,2
764140,3
764143,2
764146,3
764149,3
764152,2
764156,5
764162,3
764165,2
764167,5
764172,6
764179,3
764182,6
764188,2
764190,5
764196,12
764208,4
764212,4
764216,2
764218,2
764220,2
764222,5
764227,2
764230,2
764234,3
764237,3
764241,2
764243,7
764250,2
764252,3
764255,2
764259,3
764262,4
764267,5
764272,2
764274,7
764284,8
764292,2
764296,8
764304,6
764312,2
764314,4
764318,6
764324,6
764330,3
764335,4
764339,2
764341,7
764349,4
764353,2
764355,2
764360,2
764362,2
764364,4
764369,2
764372,2
764374,2
764376,2
764378,2
764381,6
764387,9
764396,2
764398,2
764401,3
764404,11
764415,3
764419,3
764422,2
764425,3
764428,2
764430,2
764432,2
764434,2
764436,4
764440,4
764444,1
764447,4
764451,2
764453,2
764455,2
764458,2
764460,6
764467,2
764469,3
764473,3
764476,3
764479,3
764482,2
764484,3
764487,5
764492,3
764495,4
764499,4
764503,2
764505,3
764508,4
764512,2
764515,7
764522,9
764531,1
764533,2
764536,2
764538,4
764542,5
764547,6
764554,3
764559,5
764566,8
764574,2
764578,9
764587,4
764591,2
764593,4
764599,2
764601,2
764603,2
764605,6
764611,6
764618,3
764621,10
764631,8
764639,6
764645,3
764649,3
764653,3
764656,5
764662,4
764667,5
764673,2
764675,3
764678,17
764695,5
764701,2
764703,8
764711,2
764715,1
764718,2
764720,3
764723,2
764725,2
764728,4
764732,3
764735,2
764738,2
764740,7
764747,5
764752,3
764755,3
764759,2
764761,3
764764,4
764768,2
764770,2
764773,3
764776,3
764781,2
764783,2
764785,10
764795,6
764801,4
764805,9
764814,4
764818,3
764822,3
764826,3
764829,3
764832,2
764834,3
764837,2
764839,3
764842,2
764845,2
764849,3
764853,3
764856,4
764860,4
764865,10
764875,3
764879,4
764884,3
764887,2
764890,2
764892,5
764897,2
764899,2
764901,6
764909,1
764911,3
764914,4
764918,3
764922,1
764924,4
764928,2
764931,2
764933,2
764936,2
764938,3
764941,2
764943,3
764946,5
764951,3
764954,10
764964,4
764968,2
764970,3
764973,3
764976,3
764979,2
764981,4
764985,2
764987,2
764989,4
764995,2
764997,7
765004,3
765007,3
765010,2
765015,2
765017,2
765019,3
765022,4
765026,2
765028,2
765030,2
765032,3
765035,3
765038,2
765041,3
765044,2
765046,2
765048,2
765050,3
765053,2
765055,2
765058,4
765062,4
765066,6
765072,3
765075,2
765077,2
765080,6
765087,2
765091,2
765094,6
765100,4
765104,4
765109,3
765112,5
765117,2
765119,2
765121,3
765124,2
765126,2
765128,3
765131,5
765136,4
765141,3
765144,2
765146,2
765148,2
765151,2
765154,5
765160,9
765169,4
765173,4
765177,4
765181,3
765184,3
765187,3
765190,5
765195,3
765198,2
765201,3
765204,3
765207,4
765212,9
765221,3
765224,3
765227,5
765232,2
765234,4
765242,2
765244,4
765248,1
765250,5
765255,4
765259,2
765262,2
765264,2
765270,3
765274,3
765277,5
765282,3
765285,2
765287,2
765294,3
765297,2
765299,3
765303,3
765306,6
765312,6
765318,5
765331,4
765336,2
765338,2
765340,11
765351,3
765354,2
765358,5
765363,2
765365,3
765369,3
765372,7
765379,2
765381,2
765383,5
765388,2
765391,3
765394,3
765397,3
765401,4
765406,4
765415,4
765419,2
765421,5
765427,3
765432,3
765435,9
765444,2
765446,4
765450,3
765453,6
765459,2
765461,7
765469,3
765472,2
765475,2
765478,3
765483,4
765488,7
765495,2
765498,6
765504,3
765512,2
765517,3
765521,2
765525,2
765527,3
765530,9
765543,3
765546,7
765554,2
765557,3
765562,4
765568,5
765573,2
765576,6
765584,2
765586,3
765590,7
765597,3
765600,2
765605,5
765612,2
765614,2
765616,2
765618,2
765621,2
765624,2
765626,8
765634,5
765639,2
765643,2
765646,3
765652,5
765657,3
765660,2
765663,8
765671,4
765675,8
765684,2
765687,2
765689,3
765696,8
765705,2
765707,5
765712,3
765716,2
765718,5
765723,2
765727,2
765730,2
765732,7
765739,6
765745,3
765748,2
765750,1
765752,3
765756,3
765760,4
765764,2
765766,3
765771,6
765777,3
765780,3
765783,2
765786,17
765803,2
765805,2
765809,3
765813,6
765820,2
765822,3
765825,3
765828,2
765831,7
765839,2
765842,4
765846,4
765850,5
765855,1
765858,3
765861,5
765868,2
765872,11
765883,5
765888,3
765891,3
765894,8
765903,3
765906,6
765912,3
765915,4
765919,2
765921,3
765924,2
765926,3
765930,6
765937,3
765940,2
765942,5
765947,2
765949,2
765951,8
765961,2
765963,7
765970,2
765972,1
765975,8
765984,3
765987,3
765992,2
765994,2
765999,5
766004,2
766006,2
766013,4
766017,3
766020,6
766027,2
766029,8
766039,2
766041,4
766046,2
766048,2
766051,2
766053,5
766059,2
766062,6
766068,3
766071,2
766073,2
766075,7
766083,4
766088,5
766094,3
766099,3
766103,2
766105,3
766108,5
766114,2
766116,2
766118,2
766122,3
766125,4
766129,2
766132,4
766136,4
766140,2
766143,3
766146,7
766153,10
766163,2
766165,2
766168,2
766170,5
766175,9
766185,4
766189,5
766196,3
766199,3
766202,2
766205,2
766207,2
766209,3
766213,2
766215,5
766220,5
766225,7
766233,4
766237,2
766239,5
766244,3
766248,2
766250,2
766252,2
766255,4
766259,2
766261,4
766266,2
766268,5
766277,3
766280,3
766283,4
766288,2
766292,4
766296,2
766299,6
766305,6
766312,5
766317,4
766321,2
766323,2
766325,2
766327,3
766332,5
766337,4
766341,7
766348,9
766357,2
766363,5
766370,2
766372,6
766378,3
766384,3
766387,6
766393,3
766398,3
766401,3
766404,2
766406,6
766412,2
766416,2
766418,2
766420,7
766428,2
766430,4
766434,2
766436,3
766439,4
766445,2
766447,5
766452,1
766456,3
766460,2
766462,10
766473,2
766476,2
766478,11
766492,3
766495,4
766499,1
766504,7
766512,8
766520,6
766526,2
766528,3
766531,2
766533,1
766535,2
766537,14
766553,4
766558,4
766562,2
766565,5
766571,2
766573,2
766575,4
766581,7
766588,3
766591,3
766594,2
766597,10
766607,5
766612,2
766614,2
766616,3
766619,7
766626,2
766628,3
766632,4
766636,3
766639,2
766641,2
766644,7
766651,6
766658,3
766663,5
766668,3
766671,2
766675,2
766677,2
766679,5
766684,7
766692,5
766699,4
766705,6
766711,4
766715,5
766721,3
766727,2
766730,4
766734,3
766737,8
766745,2
766747,6
766755,3
766759,2
766761,5
766766,5
766771,2
766774,4
766782,4
766786,4
766790,2
766792,6
766798,5
766805,2
766808,5
766813,3
766817,6
766823,3
766826,1
766828,2
766830,2
766834,4
766838,2
766841,2
766843,2
766845,2
766847,3
766851,3
766858,4
766862,5
766867,5
766873,2
766876,2
766878,5
766883,4
766887,2
766891,4
766895,8
766903,5
766908,7
766915,3
766918,5
766923,2
766926,3
766929,4
766933,2
766937,6
766943,6
766950,5
766957,2
766960,5
766965,3
766972,2
766975,2
766978,8
766988,2
766993,2
766995,2
766997,7
767004,4
767009,5
767014,2
767016,2
767020,4
767025,6
767031,3
767035,7
767042,3
767048,3
767051,3
767054,4
767059,3
767063,2
767066,6
767072,4
767077,9
767086,3
767089,2
767091,3
767096,2
767099,2
767103,2
767107,3
767110,4
767114,4
767118,2
767121,7
767128,2
767130,2
767132,2
767136,2
767140,2
767142,3
767145,2
767147,2
767152,3
767155,2
767158,4
767162,3
767168,8
767178,5
767184,2
767187,2
767189,5
767194,4
767198,4
767202,2
767204,2
767207,2
767209,5
767217,3
767220,4
767224,4
767228,4
767232,4
767236,2
767239,4
767243,4
767249,2
767252,3
767255,3
767259,3
767262,2
767264,4
767272,2
767274,2
767276,5
767286,2
767289,2
767291,5
767296,5
767301,3
767305,3
767308,2
767311,2
767313,5
767319,2
767321,2
767324,2
767327,3
767330,1
767332,2
767337,2
767340,2
767342,7
767351,3
767355,2
767357,2
767359,5
767364,3
767367,2
767370,2
767372,4
767378,2
767381,2
767383,3
767386,2
767388,2
767392,7
767403,2
767405,2
767407,2
767413,7
767420,2
767422,3
767425,2
767434,4
767438,2
767440,3
767443,2
767445,1
767447,2
767449,2
767451,2
767453,2
767456,2
767458,3
767461,3
767464,2
767466,2
767470,2
767472,3
767476,2
767478,2
767481,3
767484,2
767486,3
767489,4
767494,2
767496,5
767504,4
767508,4
767512,2
767514,4
767518,2
767522,2
767524,3
767527,2
767531,4
767535,2
767537,3
767541,2
767544,3
767547,3
767550,2
767552,2
767554,2
767557,3
767560,3
767563,2
767570,2
767572,2
767574,3
767577,2
767581,2
767583,3
767586,2
767588,3
767591,4
767596,2
767598,2
767600,3
767606,4
767616,2
767618,2
767621,3
767624,4
767629,3
767632,2
767635,3
767639,4
767643,2
767647,2
767649,2
767652,5
767657,1
767659,3
767663,2
767666,3
767670,2
767675,3
767679,2
767681,3
767686,4
767692,3
767695,4
767700,2
767705,2
767709,3
767713,3
767717,3
767721,2
767725,2
767727,2
767729,4
767733,3
767737,2
767739,2
767744,2
767746,3
767749,6
767756,2
767759,2
767761,3
767765,4
767771,5
767777,3
767780,2
767783,3
767787,2
767790,2
767794,4
767800,2
767804,3
767812,2
767814,3
767817,5
767822,5
767827,2
767830,3
767834,3
767837,5
767842,5
767848,4
767852,7
767866,3
767869,2
767871,2
767874,3
767877,2
767882,3
767886,2
767888,2
767890,1
767892,3
767900,7
767909,2
767911,2
767913,2
767915,6
767921,2
767924,3
767927,1
767930,2
767933,2
767937,3
767940,4
767944,5
767949,3
767952,2
767957,2
767959,1
767962,3
767966,2
767968,3
767971,2
767973,5
767978,5
767987,3
767990,2
767996,5
768001,2
768003,2
768005,2
768008,2
768012,2
768014,2
768016,2
768019,3
768022,2
768025,3
768028,2
768030,3
768033,5
768040,2
768043,3
768047,2
768052,3
768057,4
768061,2
768063,2
768066,2
768070,2
768074,4
768078,3
768085,2
768087,2
768091,4
768095,2
768102,4
768107,2
768110,2
768116,2
768118,2
768120,1
768123,2
768126,1
768131,2
768133,3
768136,2
768140,2
768145,4
768150,2
768152,3
768155,2
768159,2
768167,2
768169,2
768172,2
768175,2
768180,2
768182,2
768184,4
768189,2
768191,2
768196,4
768205,3
768209,4
768213,2
768215,4
768220,3
768223,3
768228,5
768233,5
768239,2
768243,2
768245,2
768247,4
768251,3
768254,2
768257,2
768262,3
768265,3
768268,2
768270,2
768275,2
768280,2
768282,2
768284,2
768287,2
768290,5
768295,3
768299,2
768305,2
768307,5
768319,2
768322,1
768328,2
768331,7
768339,3
768342,2
768346,2
768348,2
768351,7
768359,2
768364,2
768366,3
768370,3
768374,4
768378,4
768382,3
768391,3
768394,2
768396,2
768400,2
768405,7
768414,3
768418,2
768420,4
768424,3
768430,2
768432,3
768437,2
768440,5
768446,2
768449,2
768452,4
768460,3
768463,2
768465,3
768471,3
768476,5
768481,3
768487,4
768494,2
768497,4
768502,2
768508,2
768517,3
768523,2
768525,3
768528,4
768532,2
768536,2
768539,3
768542,2
768544,2
768551,2
768558,1
768560,2
768567,3
768571,2
768573,2
768577,2
768579,5
768586,2
768588,3
768596,2
768601,2
768604,3
768609,2
768611,3
768616,4
768620,2
768622,4
768627,6
768633,4
768638,3
768641,4
768647,2
768658,2
768664,2
768667,2
768669,2
768671,2
768676,4
768680,2
768682,3
768685,2
768687,2
768689,2
768694,2
768698,3
768701,2
768709,3
768715,2
768717,2
768720,2
768723,3
768726,3
768729,2
768731,2
768734,4
768742,1
768748,2
768751,4
768755,3
768758,2
768761,4
768765,2
768767,2
768769,2
768771,3
768774,4
768783,3
768790,2
768792,2
768794,2
768796,2
768800,3
768806,4
768810,2
768812,5
768822,2
768825,2
768830,2
768832,5
768837,3
768840,3
768847,4
768851,2
768853,4
768857,4
768861,3
768864,3
768867,2
768872,2
768876,2
768878,4
768884,3
768891,2
768894,3
768898,2
768901,3
768904,2
768906,5
768913,2
768915,3
768918,1
768920,3
768923,2
768925,2
768929,2
768931,2
768933,3
768937,4
768942,3
768946,3
768949,2
768952,2
768954,2
768956,4
768963,2
768966,2
768972,3
768976,2
768978,2
768980,2
768984,2
768987,2
768989,2
768993,2
768995,3
768998,2
769001,3
769007,2
769012,1
769014,2
769016,3
769020,2
769028,2
769035,3
769038,3
769041,5
769046,3
769049,2
769051,2
769055,6
769062,4
769069,3
769074,1
769077,5
769084,3
769087,4
769091,5
769098,3
769101,3
769104,3
769108,5
769116,5
769121,2
769124,2
769126,3
769130,2
769134,2
769137,3
769141,4
769145,2
769150,2
769154,3
769157,3
769160,1
769163,9
769172,3
769175,2
769179,2
769183,2
769186,3
769191,2
769194,3
769197,2
769201,2
769207,2
769214,6
769221,2
769223,2
769226,2
769228,4
769234,3
769237,4
769241,5
769246,3
769253,2
769256,2
769259,2
769264,2
769266,2
769268,2
769270,5
769275,5
769280,2
769286,4
769293,2
769295,5
769300,5
769311,2
769313,2
769315,2
769318,2
769321,3
769325,3
769329,3
769334,4
769338,5
769344,2
769348,4
769355,3
769359,5
769366,4
769370,2
769373,2
769375,4
769382,2
769388,4
769393,2
769399,2
769401,4
769407,3
769411,5
769416,2
769420,2
769425,5
769430,2
769436,3
769442,2
769445,7
769453,2
769456,2
769458,2
769460,3
769466,2
769469,3
769475,2
769477,2
769483,2
769485,2
769489,3
769494,5
769499,4
769504,1
769508,2
769510,1
769512,4
769516,2
769518,3
769524,2
769527,3
769531,2
769534,5
769539,3
769542,3
769545,2
769547,1
769550,4
769554,4
769559,2
769561,4
769566,4
769574,2
769576,3
769580,3
769585,3
769595,2
769598,3
769603,2
769607,4
769614,4
769619,4
769623,2
769625,4
769629,3
769632,3
769635,3
769639,1
769641,3
769646,4
769650,2
769652,3
769655,4
769660,2
769662,2
769667,5
769672,2
769674,2
769676,2
769678,2
769685,2
769689,2
769691,2
769694,4
769705,4
769709,3
769712,2
769715,2
769719,3
769724,2
769726,2
769728,5
769733,2
769737,4
769741,3
769744,4
769749,2
769762,2
769766,2
769769,2
769773,2
769776,4
769780,3
769783,1
769787,5
769792,2
769795,3
769798,2
769801,2
769803,2
769805,3
769808,5
769815,3
769818,3
769822,4
769826,2
769828,3
769832,2
769834,9
769845,2
769849,3
769853,2
769859,2
769866,2
769869,3
769873,4
769877,3
769881,1
769883,4
769888,3
769891,2
769894,3
769898,1
769902,2
769904,2
769909,2
769911,2
769915,3
769922,5
769927,2
769930,4
769935,4
769939,2
769942,2
769946,4
769950,4
769955,4
769960,3
769965,2
769969,3
769972,3
769975,2
769978,4
769985,6
769994,2
769996,2
769998,2
770002,3
770005,2
770007,4
770015,2
770017,2
770019,2
770022,4
770026,3
770029,2
770031,3
770035,3
770039,3
770046,2
770048,2
770054,2
770058,2
770060,2
770066,2
770068,2
770071,3
770074,2
770078,3
770082,2
770085,2
770087,5
770092,2
770094,3
770099,2
770101,2
770104,3
770107,3
770113,1
770116,2
770119,2
770122,2
770124,2
770126,2
770128,2
770130,3
770134,3
770138,2
770140,5
770145,2
770150,8
770164,2
770166,4
770170,2
770172,3
770175,4
770179,4
770183,1
770185,2
770187,2
770190,2
770193,3
770196,2
770201,2
770203,2
770205,2
770210,2
770213,3
770219,2
770222,4
770227,3
770230,2
770232,4
770236,1
770239,3
770243,2
770249,5
770255,5
770261,4
770270,2
770272,4
770276,4
770284,6
770290,5
770295,2
770298,2
770300,2
770306,2
770313,3
770317,3
770320,1
770322,2
770324,2
770327,2
770329,2
770333,4
770338,2
770340,2
770343,4
770347,4
770355,2
770358,2
770360,2
770362,2
770364,4
770369,4
770375,3
770378,6
770386,2
770388,2
770390,2
770394,5
770399,2
770401,3
770406,4
770410,2
770416,7
770424,3
770427,3
770432,2
770434,3
770437,2
770440,2
770444,2
770448,3
770451,2
770454,2
770459,2
770461,2
770464,3
770467,6
770473,2
770476,2
770478,3
770481,2
770484,3
770487,2
770489,3
770492,2
770499,8
770510,2
770512,6
770520,2
770528,3
770533,5
770538,3
770541,4
770547,3
770551,4
770555,3
770558,3
770569,1
770574,4
770578,2
770581,2
770583,2
770585,3
770599,2
770601,2
770605,2
770607,3
770616,4
770622,3
770626,4
770630,2
770632,6
770640,2
770642,4
770648,2
770650,3
770653,2
770655,2
770658,4
770662,3
770665,2
770667,5
770673,3
770676,3
770679,4
770689,2
770691,6
770700,2
770702,3
770705,3
770710,2
770713,4
770717,3
770720,2
770722,3
770733,3
770737,2
770739,3
770742,2
770744,2
770746,3
770754,3
770757,3
770762,3
770766,3
770772,3
770776,2
770780,2
770782,2
770789,4
770793,2
770796,2
770799,3
770802,2
770804,4
770809,3
770812,3
770815,2
770822,3
770825,2
770829,3
770835,4
770839,3
770843,3
770847,2
770849,2
770853,3
770856,2
770858,3
770865,3
770869,2
770871,3
770874,3
770877,2
770882,5
770895,4
770900,2
770906,3
770918,4
770922,2
770924,5
770929,2
770932,2
770935,4
770941,3
770944,2
770946,2
770948,3
770951,4
770955,2
770960,2
770962,7
770971,2
770975,2
770977,2
770979,5
770984,2
770987,3
770993,5
770998,2
771000,4
771005,2
771011,2
771013,3
771017,5
771026,3
771029,2
771031,6
771038,3
771042,2
771045,5
771050,2
771052,3
771055,2
771060,3
771063,1
771066,3
771070,3
771075,3
771083,2
771086,2
771089,2
771091,4
771096,3
771099,3
771103,2
771106,2
771120,2
771124,4
771129,2
771131,2
771134,3
771137,1
771140,2
771142,2
771145,2
771148,4
771152,5
771157,3
771162,2
771165,3
771172,2
771177,2
771179,2
771181,2
771183,2
771187,2
771189,2
771191,2
771193,3
771196,5
771206,4
771214,1
771223,4
771227,4
771231,2
771233,2
771235,3
771242,3
771245,2
771249,3
771252,2
771255,6
771263,3
771270,3
771275,2
771277,6
771283,2
771287,2
771291,2
771295,2
771297,2
771299,2
771301,2
771304,2
771311,2
771313,2
771317,2
771319,3
771322,2
771326,3
771330,2
771333,5
771340,1
771342,1
771345,3
771348,2
771350,1
771352,2
771354,3
771358,6
771365,4
771372,1
771374,4
771378,3
771381,2
771383,3
771387,5
771393,2
771398,2
771401,2
771403,4
771407,6
771413,3
771416,2
771420,4
771424,3
771427,3
771430,2
771432,3
771436,2
771439,2
771445,2
771447,1
771453,2
771458,2
771462,2
771465,3
771468,4
771472,2
771477,3
771480,2
771483,2
771485,2
771488,2
771492,2
771497,3
771500,2
771505,2
771509,5
771514,2
771518,6
771524,3
771529,8
771537,2
771541,4
771545,3
771549,2
771551,2
771555,2
771558,2
771560,6
771569,3
771574,2
771576,2
771580,3
771583,2
771585,3
771588,2
771591,2
771593,2
771595,2
771597,2
771599,2
771604,6
771611,3
771614,2
771619,3
771624,3
771628,1
771631,2
771634,2
771637,2
771639,2
771642,2
771646,2
771649,3
771653,2
771655,2
771658,2
771660,2
771666,3
771669,2
771674,3
771677,3
771680,2
771683,3
771686,2
771688,4
771693,4
771699,4
771705,2
771711,3
771714,4
771721,2
771723,5
771728,10
771739,5
771744,2
771749,2
771753,2
771756,3
771759,2
771763,3
771768,1
771773,2
771776,2
771778,2
771780,2
771783,2
771785,2
771788,3
771794,1
771797,4
771804,2
771815,2
771817,8
771834,2
771836,2
771839,5
771844,2
771846,5
771851,2
771853,2
771856,3
771860,2
771863,1
771865,2
771875,3
771879,2
771882,3
771885,2
771887,2
771892,2
771894,2
771897,2
771899,2
771901,2
771903,4
771907,5
771913,3
771918,2
771922,2
771924,2
771928,2
771930,2
771935,3
771938,3
771941,2
771945,2
771948,3
771954,4
771959,2
771961,5
771968,6
771974,4
771980,2
771983,3
771988,3
771995,3
771998,3
772004,2
772007,1
772010,2
772013,2
772015,2
772017,2
772019,3
772024,3
772029,2
772031,4
772045,4
772050,2
772052,2
772059,2
772061,1
772064,2
772066,2
772068,2
772072,3
772075,2
772077,3
772081,3
772085,2
772088,2
772092,3
772095,2
772102,2
772104,2
772107,2
772109,2
772111,3
772118,2
772120,2
772122,2
772131,3
772134,3
772140,2
772148,3
772152,2
772154,4
772159,3
772164,2
772166,3
772169,2
772172,2
772174,5
772182,3
772185,2
772187,2
772189,2
772192,3
772195,6
772204,2
772208,5
772218,3
772223,10
772233,2
772245,3
772248,2
772250,3
772256,2
772261,3
772265,2
772269,2
772271,2
772277,3
772280,2
772282,3
772285,2
772289,2
772291,2
772294,4
772300,2
772302,2
772304,3
772313,3
772318,3
772322,1
772328,2
772333,3
772336,3
772339,1
772341,3
772346,2
772352,2
772356,4
772363,2
772366,4
772370,1
772372,4
772376,5
772382,3
772390,2
772392,3
772396,3
772400,3
772403,4
772407,2
772409,2
772414,3
772418,2
772420,3
772424,3
772432,2
772438,2
772441,1
772445,2
772447,2
772450,2
772457,5
772463,2
772465,2
772468,2
772476,5
772482,1
772486,3
772489,3
772493,2
772499,2
772501,2
772503,3
772508,5
772513,2
772519,2
772521,4
772525,2
772528,2
772533,4
772539,2
772544,2
772546,2
772549,2
772551,1
772554,2
772558,3
772561,2
772564,5
772570,2
772580,2
772583,2
772586,5
772593,3
772596,2
772598,1
772600,2
772603,3
772609,2
772612,4
772616,3
772620,2
772623,7
772631,5
772639,3
772645,3
772651,4
772657,2
772659,2
772663,2
772665,3
772668,2
772673,3
772676,2
772679,4
772683,3
772688,3
772692,2
772694,1
772697,2
772699,6
772705,3
772711,5
772717,3
772720,2
772722,2
772725,9
772734,2
772738,3
772741,4
772745,3
772749,3
772753,6
772759,3
772763,2
772765,3
772768,2
772771,2
772773,3
772776,3
772779,3
772782,2
772784,4
772789,2
772792,5
772799,2
772811,2
772814,2
772820,8
772831,3
772834,2
772836,2
772838,2
772850,2
772853,2
772856,2
772858,2
772860,3
772864,3
772868,4
772875,3
772882,6
772889,3
772894,2
772896,2
772900,5
772906,1
772909,1
772916,2
772922,2
772929,3
772932,1
772935,2
772938,2
772940,2
772943,2
772945,2
772949,5
772955,3
772959,3
772962,4
772972,3
772977,3
772983,2
772986,2
772988,3
772993,1
772995,2
773000,4
773005,2
773009,3
773012,4
773017,3
773020,3
773023,5
773029,3
773032,4
773036,3
773040,2
773042,3
773046,3
773049,3
773052,2
773058,2
773064,2
773066,2
773068,4
773072,3
773076,2
773078,2
773081,2
773084,2
773092,3
773096,3
773101,4
773105,2
773107,4
773118,2
773122,1
773124,4
773129,5
773136,2
773142,1
773152,2
773157,2
773163,4
773168,4
773172,3
773175,7
773182,2
773184,3
773190,4
773194,2
773199,3
773202,2
773204,3
773207,2
773209,2
773215,2
773221,2
773225,3
773228,2
773237,3
773241,3
773251,3
773259,2
773261,1
773264,2
773266,3
773269,2
773271,2
773275,2
773277,2
773281,2
773285,2
773287,3
773290,2
773293,4
773301,2
773306,3
773311,4
773315,3
773318,6
773326,4
773330,2
773332,1
773334,6
773341,2
773343,2
773345,3
773348,2
773353,2
773364,3
773367,2
773371,3
773381,4
773385,2
773393,2
773395,2
773398,1
773402,3
773407,1
773413,5
773419,3
773422,2
773424,3
773428,4
773433,2
773439,3
773445,2
773450,2
773455,3
773458,2
773471,4
773475,3
773482,3
773486,5
773491,3
773497,4
773501,3
773506,2
773510,2
773514,3
773521,2
773523,2
773528,4
773534,2
773538,2
773543,2
773548,3
773552,2
773555,3
773559,3
773562,2
773564,2
773566,4
773570,3
773573,2
773575,5
773580,2
773583,2
773585,4
773590,2
773592,3
773595,2
773601,1
773607,2
773613,2
773619,2
773621,2
773625,3
773628,3
773631,2
773634,2
773640,3
773643,2
773648,2
773653,3
773659,3
773662,2
773664,2
773666,2
773672,4
773676,5
773681,2
773686,3
773689,2
773691,2
773694,1
773696,2
773699,4
773705,3
773709,4
773714,3
773718,1
773722,2
773724,4
773730,3
773733,3
773738,2
773742,3
773745,2
773749,4
773753,3
773759,2
773764,2
773766,3
773770,2
773774,2
773780,3
773783,2
773785,2
773788,3
773794,2
773796,2
773799,2
773806,2
773809,3
773812,3
773815,4
773819,4
773824,5
773832,3
773835,3
773838,4
773842,3
773849,4
773853,2
773856,2
773859,3
773862,2
773864,4
773868,3
773871,7
773878,3
773882,2
773886,3
773889,2
773892,4
773896,2
773899,2
773901,4
773907,2
773914,2
773918,3
773922,2
773924,2
773926,2
773935,3
773940,2
773947,2
773954,2
773958,2
773961,3
773964,2
773966,2
773969,2
773973,4
773977,2
773984,4
773988,3
773993,2
774001,3
774005,2
774007,2
774009,3
774012,2
774018,2
774022,2
774026,4
774030,2
774032,4
774036,2
774038,4
774042,2
774045,2
774047,2
774053,2
774055,2
774058,2
774060,3
774063,2
774065,2
774067,2
774069,2
774071,1
774076,2
774081,4
774094,6
774101,2
774108,2
774110,2
774114,4
774119,3
774123,2
774125,2
774129,5
774134,3
774138,3
774141,3
774144,2
774152,3
774156,2
774163,5
774168,3
774171,2
774174,2
774177,2
774182,2
774188,2
774190,3
774195,3
774200,2
774203,2
774205,2
774211,2
774215,3
774218,3
774221,4
774226,2
774229,3
774232,2
774235,2
774238,2
774240,2
774242,3
774246,4
774250,3
774253,5
774258,2
774260,3
774268,3
774271,2
774275,2
774277,2
774283,2
774286,6
774296,6
774304,3
774307,2
774309,2
774312,3
774315,3
774319,2
774321,1
774324,1
774327,2
774329,3
774332,4
774337,3
774341,2
774343,2
774346,2
774348,2
774350,3
774356,3
774359,2
774363,2
774368,3
774371,2
774374,2
774383,2
774386,3
774389,5
774396,2
774398,3
774402,2
774405,2
774407,2
774412,3
774415,3
774418,1
774420,2
774422,2
774425,5
774430,4
774436,2
774439,4
774444,2
774448,2
774450,3
774455,1
774457,2
774459,5
774467,2
774469,3
774474,2
774478,2
774480,2
774483,2
774485,2
774489,4
774494,1
774498,6
774505,6
774511,2
774513,2
774515,2
774518,3
774521,5
774526,3
774529,2
774533,3
774536,3
774540,2
774547,2
774557,2
774559,2
774566,5
774576,2
774580,3
774617,2
774620,2
774775,2
774955,2
774972,2
775107,3
775139,2
775141,3
775146,1
775151,2
775201,1
775248,1
775298,2
775308,5
775315,3
775333,2
775346,2
775350,1
775356,2
775404,2
775433,1
775534,1
775616,1
775676,2
775681,1
775699,5
775752,1
775848,1
775869,1
775882,1
775901,1
775935,2
775961,1
775993,1
776058,2
776122,3
776177,5
776196,2
776225,1
776248,2
776252,2
776305,2
776340,3
776392,1
776430,1
776753,1
776765,1
776770,2
776776,1
776789,3
776818,1
776832,1
776835,2
776843,1
776846,1
776849,3
776852,2
776858,2
776865,2
776867,1
776870,1
776877,1
776898,1
776906,1
776917,2
776963,1
776974,2
776987,2
776992,3
777026,2
777029,1
777033,1
777041,1
777054,2
777066,2
777082,3
777088,3
777101,1
777135,1
777144,2
777170,2
777178,3
777249,3
777261,1
777264,4
777281,2
777287,1
777299,1
777301,3
777326,1
777387,1
777396,3
777399,2
777404,2
777412,2
777414,1
777447,3
777452,5
777462,3
777470,1
777473,1
777491,2
777494,3
777506,3
777514,2
777525,3
777538,2
777550,3
777553,2
777569,1
777572,3
777586,2
777605,2
777631,2
777643,2
777646,5
777653,5
777659,2
777661,4
777665,6
777671,2
777673,3
777676,3
777679,4
777684,2
777686,2
777688,2
777690,2
777692,2
777695,5
777700,2
777704,2
777706,3
777709,2
777714,5
777720,2
777724,2
777726,3
777729,7
777736,2
777738,6
777744,2
777747,2
777750,2
777756,4
777762,2
777764,2
777766,3
777770,4
777774,3
777781,4
777785,4
777790,2
777792,3
777795,3
777799,5
777804,3
777808,2
777811,3
777814,2
777817,3
777821,4
777825,3
777828,2
777830,3
777834,3
777837,2
777841,3
777845,3
777849,2
777851,2
777853,3
777856,2
777858,3
777861,2
777864,3
777867,5
777873,2
777877,2
777880,1
777883,4
777887,2
777889,2
777892,3
777895,3
777899,1
777901,2
777903,2
777907,4
777911,4
777916,5
777921,2
777924,1
777929,4
777937,2
777939,3
777944,2
777946,2
777948,2
777950,2
777952,2
777955,3
777958,2
777960,2
777962,4
777966,3
777969,2
777971,5
777976,2
777980,4
777990,3
777994,2
777996,2
778000,3
778005,2
778014,4
778018,3
778022,2
778025,3
778029,3
778033,2
778036,5
778041,4
778045,8
778054,4
778058,2
778061,2
778063,4
778067,3
778070,2
778072,2
778074,2
778076,1
778079,3
778082,3
778088,3
778092,2
778094,2
778096,1
778101,3
778104,3
778107,2
778110,4
778114,10
778124,2
778126,5
778131,2
778134,3
778139,4
778145,2
778147,3
778151,2
778156,2
778160,2
778163,5
778168,2
778170,6
778179,3
778182,2
778184,3
778187,2
778194,2
778197,2
778199,3
778202,3
778205,6
778211,2
778213,2
778215,2
778218,1
778222,3
778226,2
778228,3
778232,2
778234,2
778240,2
778243,2
778247,3
778250,3
778253,6
778259,2
778263,6
778271,2
778273,4
778279,2
778284,2
778288,3
778294,3
778300,2
778302,3
778307,2
778309,3
778316,4
778320,2
778326,4
778330,2
778332,5
778337,8
778346,2
778348,5
778353,2
778355,4
778359,2
778361,2
778364,2
778366,3
778374,4
778380,3
778383,2
778385,3
778389,2
778391,6
778399,2
778401,4
778407,2
778409,4
778413,7
778425,3
778428,2
778430,7
778438,2
778440,3
778444,2
778448,3
778454,3
778459,2
778461,3
778465,2
778468,2
778470,2
778472,2
778474,3
778480,3
778487,2
778490,2
778493,2
778498,2
778500,2
778503,2
778506,2
778508,9
778517,6
778524,5
778530,2
778532,2
778535,2
778540,2
778546,2
778548,2
778550,3
778553,3
778556,2
778559,2
778564,2
778567,3
778570,2
778573,5
778582,2
778584,1
778586,2
778588,3
778591,4
778597,2
778604,2
778607,5
778612,4
778617,3
778620,6
778627,3
778632,4
778636,8
778647,3
778650,2
778653,3
778657,3
778661,2
778664,5
778669,3
778672,2
778675,2
778677,3
778690,3
778694,5
778699,3
778702,2
778704,2
778707,4
778711,3
778714,2
778717,2
778719,4
778725,3
778730,2
778732,3
778737,3
778742,6
778749,2
778753,1
778757,5
778762,3
778765,2
778768,3
778772,3
778775,2
778779,4
778785,3
778789,1
778791,5
778798,4
778802,3
778805,1
778807,3
778811,2
778813,4
778817,9
778827,4
778831,3
778835,2
778837,2
778839,5
778846,2
778851,2
778854,2
778856,2
778860,3
778868,3
778871,1
778874,5
778880,2
778882,1
778885,2
778887,3
778890,2
778893,7
778908,2
778912,5
778917,2
778921,2
778924,3
778928,2
778932,2
778938,2
778940,4
778946,2
778950,4
778955,2
778957,3
778960,3
778964,4
778968,2
778970,2
778972,2
778975,2
778977,2
778980,3
778983,2
778985,2
778987,3
778990,2
778992,3
778995,3
778998,2
779000,5
779005,3
779008,3
779011,3
779014,2
779016,3
779023,2
779025,4
779031,3
779035,3
779040,5
779046,3
779049,2
779051,3
779057,2
779059,2
779065,5
779070,2
779072,3
779078,2
779082,1
779087,2
779090,3
779094,2
779096,4
779100,3
779103,4
779109,2
779113,2
779118,2
779120,2
779122,3
779128,3
779133,2
779135,6
779141,2
779145,4
779149,3
779152,3
779155,2
779158,2
779162,2
779166,7
779175,3
779188,3
779191,3
779195,3
779198,2
779201,1
779204,3
779209,3
779213,3
779216,2
779218,2
779221,3
779224,1
779227,2
779229,3
779234,3
779237,2
779239,6
779245,2
779247,4
779253,2
779256,2
779260,7
779267,2
779271,4
779275,3
779280,4
779285,2
779287,2
779290,4
779295,2
779297,4
779302,3
779305,2
779307,2
779309,2
779315,2
779318,3
779325,2
779327,3
779336,3
779343,2
779347,3
779351,3
779360,7
779369,3
779372,2
779379,2
779381,3
779385,4
779391,7
779401,2
779406,3
779409,4
779413,3
779424,1
779428,3
779431,7
779438,3
779441,2
779449,2
779451,2
779453,2
779457,2
779459,2
779461,2
779464,2
779466,3
779469,4
779475,2
779477,2
779479,2
779481,2
779483,3
779488,1
779490,4
779494,2
779496,5
779504,3
779509,2
779511,2
779513,2
779516,2
779518,3
779522,2
779527,3
779531,3
779536,3
779539,3
779542,3
779549,2
779551,1
779555,2
779557,2
779559,3
779564,2
779566,3
779572,3
779576,3
779585,2
779587,7
779597,2
779599,3
779602,3
779606,2
779609,3
779614,3
779617,9
779626,2
779628,2
779633,3
779637,2
779640,2
779645,3
779649,2
779651,2
779658,2
779660,2
779664,5
779670,2
779674,1
779677,3
779684,2
779687,2
779691,3
779701,4
779705,4
779709,2
779713,2
779718,3
779721,3
779725,6
779731,3
779735,2
779737,6
779743,2
779745,1
779749,2
779752,2
779754,5
779763,2
779765,2
779768,4
779774,2
779777,1
779779,2
779782,2
779785,2
779788,2
779791,2
779793,2
779800,2
779802,3
779808,2
779810,2
779814,4
779819,2
779822,12
779836,3
779843,3
779846,2
779848,2
779851,2
779853,2
779856,2
779861,2
779865,2
779869,3
779872,3
779875,3
779880,2
779882,2
779884,2
779890,3
779893,2
779896,2
779907,3
779910,2
779912,3
779917,3
779921,2
779923,3
779926,3
779929,2
779935,3
779942,2
779944,3
779947,6
779953,2
779955,3
779959,3
779962,2
779966,2
779972,2
779975,2
779981,3
779985,2
779989,3
779992,3
779995,2
779999,2
780001,2
780003,3
780008,3
780011,3
780014,1
780017,3
780028,5
780034,4
780042,5
780048,2
780051,3
780054,2
780057,5
780062,2
780069,2
780072,2
780076,6
780085,3
780088,2
780090,2
780092,2
780094,4
780099,2
780101,2
780104,2
780106,6
780115,3
780124,2
780126,2
780128,2
780130,3
780135,3
780138,2
780142,4
780147,3
780150,3
780154,3
780162,2
780167,4
780171,3
780174,3
780177,1
780179,3
780183,3
780186,2
780188,3
780191,2
780194,3
780197,1
780199,3
780202,4
780207,3
780214,3
780218,2
780220,2
780222,4
780226,5
780232,3
780235,1
780243,2
780252,5
780257,2
780260,2
780265,1
780269,3
780278,2
780281,3
780288,2
780290,4
780294,2
780296,2
780298,2
780305,3
780308,2
780311,2
780313,5
780318,2
780324,2
780328,2
780331,5
780338,2
780341,2
780344,2
780348,5
780353,2
780356,4
780361,2
780363,8
780372,2
780375,1
780377,3
780381,3
780384,3
780389,2
780391,2
780393,5
780399,4
780403,3
780406,2
780408,3
780412,6
780419,4
780428,6
780434,1
780436,2
780440,1
780442,3
780446,2
780448,2
780451,3
780465,3
780469,2
780471,2
780479,2
780481,2
780486,3
780490,2
780492,4
780497,2
780499,2
780501,2
780503,2
780505,4
780512,3
780515,5
780523,2
780533,5
780540,4
780544,2
780548,1
780551,3
780555,2
780559,3
780566,2
780569,3
780572,3
780577,2
780579,4
780590,2
780592,2
780594,3
780599,2
780604,2
780607,1
780609,2
780612,3
780615,2
780618,3
780621,4
780628,2
780635,2
780638,2
780640,2
780652,4
780656,3
780660,2
780670,2
780676,3
780679,2
780682,2
780684,4
780688,3
780691,2
780693,3
780696,2
780699,1
780701,5
780709,3
780714,4
780718,3
780723,1
780725,3
780728,5
780740,2
780744,3
780748,2
780753,4
780757,2
780760,3
780768,2
780770,2
780774,2
780780,2
780783,2
780787,2
780792,3
780795,3
780800,2
780807,2
780810,4
780816,2
780818,3
780826,4
780830,2
780833,2
780835,3
780839,2
780841,2
780844,2
780847,2
780849,3
780853,3
780858,3
780864,3
780868,4
780874,3
780877,4
780884,4
780888,2
780893,2
780899,2
780904,4
780910,3
780913,2
780915,3
780924,2
780927,4
780931,4
780935,4
780939,1
780945,4
780952,2
780958,2
780962,2
780966,2
780969,4
780974,4
780978,3
780982,2
780984,4
780990,2
780992,4
780997,2
780999,2
781002,2
781005,4
781010,2
781013,2
781020,2
781022,2
781025,2
781029,2
781033,3
781041,4
781046,3
781050,1
781052,2
781055,3
781059,2
781061,4
781068,2
781072,2
781075,4
781079,4
781083,2
781089,2
781091,2
781094,2
781099,2
781101,3
781105,2
781108,2
781111,3
781115,3
781118,2
781124,2
781127,1
781129,2
781131,2
781133,2
781135,3
781139,2
781142,2
781145,2
781147,2
781149,2
781155,2
781157,2
781160,3
781163,5
781169,1
781172,2
781174,2
781177,2
781181,1
781185,2
781189,3
781194,1
781200,3
781203,3
781209,3
781215,2
781218,1
781220,4
781225,3
781228,3
781232,1
781234,2
781236,1
781241,4
781246,3
781250,2
781253,4
781257,3
781260,2
781262,2
781264,3
781269,3
781273,4
781278,2
781283,2
781286,4
781293,2
781295,1
781298,1
781305,3
781310,2
781312,3
781317,3
781320,2
781322,1
781324,3
781327,1
781329,2
781335,3
781338,2
781343,7
781350,2
781354,2
781356,2
781358,2
781361,3
781368,2
781371,2
781373,2
781381,1
781386,2
781390,5
781395,5
781402,1
781404,2
781406,2
781415,2
781417,3
781423,2
781426,2
781428,2
781430,2
781433,2
781439,4
781443,3
781452,7
781460,3
781464,2
781466,2
781477,3
781480,2
781484,2
781488,2
781490,2
781492,4
781496,3
781499,2
781503,2
781514,2
781516,3
781520,2
781522,3
781525,3
781528,3
781531,2
781539,3
781542,2
781544,3
781547,2
781549,1
781553,5
781558,3
781561,3
781564,3
781568,2
781570,2
781575,3
781584,2
781587,3
781590,3
781593,2
781595,1
781598,4
781604,4
781609,2
781614,2
781617,5
781622,1
781625,3
781630,2
781634,2
781638,3
781641,3
781645,2
781648,3
781651,3
781654,2
781658,7
781668,3
781672,3
781676,3
781679,1
781683,3
781686,2
781691,5
781696,2
781701,3
781704,2
781709,3
781714,2
781716,2
781721,3
781725,2
781727,2
781733,2
781737,2
781743,1
781746,2
781748,4
781754,2
781756,1
781771,2
781778,2
781785,3
781789,2
781793,3
781796,2
781798,2
781803,3
781812,3
781825,2
781827,3
781831,5
781836,3
781841,4
781845,2
781847,4
781852,5
781857,1
781861,1
781865,3
781870,3
781874,3
781877,2
781883,3
781886,2
781890,2
781892,3
781895,1
781898,3
781904,2
781906,1
781912,4
781916,3
781919,3
781925,2
781934,2
781936,2
781938,2
781940,1
781943,6
781949,4
781954,2
781957,2
781959,2
781961,2
781963,2
781967,2
781969,3
781972,4
781977,2
781980,6
781986,2
781991,2
781993,2
781995,2
781997,3
782000,1
782003,1
782005,4
782014,3
782017,1
782022,4
782028,2
782031,3
782034,3
782040,2
782042,2
782045,3
782051,3
782059,1
782061,6
782069,2
782072,4
782076,2
782078,2
782084,3
782088,1
782095,2
782098,2
782101,3
782104,3
782109,2
782111,2
782115,4
782119,2
782130,2
782133,2
782135,2
782138,3
782142,3
782146,6
782152,3
782161,4
782167,2
782170,4
782175,3
782179,2
782182,2
782187,2
782189,3
782195,6
782201,3
782209,4
782217,2
782221,1
782223,4
782227,2
782229,3
782233,3
782236,2
782238,5
782252,2
782254,3
782257,2
782259,1
782261,2
782264,2
782269,2
782273,3
782278,2
782280,3
782285,3
782294,2
782298,5
782304,2
782307,3
782310,3
782315,3
782320,2
782322,2
782329,2
782332,3
782337,2
782340,3
782345,2
782349,1
782353,2
782357,1
782359,2
782362,3
782366,2
782370,4
782374,2
782376,2
782379,3
782383,3
782388,2
782392,4
782396,3
782402,2
782406,3
782417,2
782424,5
782429,3
782435,2
782437,2
782439,2
782442,3
782447,3
782452,4
782458,2
782462,4
782467,4
782475,2
782477,3
782484,4
782488,4
782492,3
782501,2
782503,4
782508,2
782512,2
782514,2
782518,2
782520,2
782524,2
782527,3
782531,6
782541,3
782544,6
782551,2
782553,2
782556,3
782562,2
782564,3
782569,3
782573,3
782576,4
782580,1
782584,5
782589,2
782591,4
782598,3
782602,2
782607,1
782609,2
782612,2
782618,2
782623,2
782625,4
782630,3
782633,1
782638,2
782641,2
782646,4
782650,2
782653,3
782656,2
782666,2
782669,4
782676,2
782678,4
782682,3
782687,2
782690,4
782695,1
782698,3
782702,2
782705,4
782713,2
782715,2
782718,4
782724,3
782730,4
782734,2
782740,2
782745,5
782750,1
782752,2
782754,2
782756,4
782760,2
782762,2
782768,4
782772,2
782776,2
782778,4
782782,1
782784,3
782787,4
782792,2
782796,2
782798,2
782802,2
782804,2
782806,1
782809,1
782811,2
782814,2
782817,2
782819,2
782821,3
782826,4
782830,4
782836,2
782838,2
782844,3
782854,2
782856,5
782862,2
782864,3
782867,2
782870,2
782872,5
782877,3
782880,2
782882,2
782884,2
782887,2
782889,3
782898,3
782908,2
782910,4
782914,2
782917,2
782919,2
782921,2
782925,2
782927,2
782932,2
782937,4
782944,3
782947,3
782950,1
782953,3
782957,2
782961,3
782964,2
782966,3
782969,9
782979,2
782982,3
782987,4
782991,2
782994,1
782999,3
783002,2
783004,2
783006,2
783009,1
783013,2
783016,2
783020,3
783024,2
783029,2
783031,2
783033,3
783036,3
783040,2
783045,3
783048,2
783050,1
783053,3
783059,4
783063,2
783065,4
783069,3
783077,3
783080,2
783082,3
783085,1
783087,2
783094,3
783099,2
783106,4
783113,3
783116,2
783118,2
783121,2
783123,4
783127,2
783133,3
783136,5
783143,2
783148,2
783150,1
783154,2
783157,4
783162,2
783165,3
783169,2
783175,2
783177,3
783180,3
783186,5
783193,4
783197,2
783199,2
783206,4
783215,4
783219,3
783222,2
783224,3
783227,2
783231,5
783239,2
783241,5
783246,1
783248,2
783251,2
783253,3
783262,4
783266,2
783269,3
783272,2
783275,2
783279,5
783284,3
783287,3
783291,3
783296,3
783303,2
783312,2
783314,1
783316,2
783318,3
783321,5
783327,2
783329,1
783334,2
783340,2
783342,5
783348,3
783351,3
783354,3
783361,2
783363,1
783367,3
783370,4
783374,2
783378,2
783381,2
783385,4
783389,5
783396,1
783405,4
783413,2
783415,3
783419,3
783422,3
783426,2
783431,3
783434,1
783437,2
783439,2
783441,1
783444,2
783446,6
783452,3
783456,2
783460,2
783462,2
783464,3
783467,5
783472,6
783479,2
783484,2
783488,2
783491,3
783494,2
783497,2
783499,2
783502,3
783506,3
783509,3
783512,4
783519,3
783526,2
783529,1
783534,2
783536,3
783540,3
783543,3
783551,2
783553,2
783555,2
783560,3
783563,3
783567,2
783570,3
783573,3
783576,3
783580,2
783584,2
783586,3
783589,3
783595,2
783597,2
783599,2
783603,2
783605,2
783609,3
783615,4
783619,2
783621,2
783623,2
783626,2
783630,3
783633,3
783637,3
783644,7
783651,4
783655,2
783659,2
783662,3
783665,4
783669,2
783672,4
783680,1
783683,3
783688,2
783691,2
783695,3
783698,2
783701,2
783705,2
783707,3
783710,2
783717,3
783720,2
783722,3
783728,3
783732,2
783734,3
783737,2
783739,3
783749,2
783751,2
783754,3
783757,1
783759,1
783762,3
783765,2
783769,2
783772,3
783781,2
783783,2
783787,2
783791,7
783798,2
783800,1
783802,3
783806,2
783808,5
783813,2
783815,2
783830,1
783834,4
783840,6
783846,2
783848,1
783851,2
783853,2
783856,4
783862,2
783864,3
783868,3
783872,1
783877,3
783883,2
783885,2
783890,2
783892,1
783894,4
783901,2
783903,2
783907,1
783915,2
783919,3
783923,4
783934,2
783936,1
783939,2
783941,3
783944,3
783948,2
783950,2
783953,4
783957,2
783960,2
783965,2
783967,2
783969,2
783971,2
783973,4
783977,5
783983,4
783989,2
783991,2
783993,3
783997,2
784000,7
784007,4
784012,3
784016,2
784018,1
784021,4
784025,2
784027,3
784030,2
784037,5
784042,3
784049,5
784056,3
784061,3
784065,3
784068,1
784070,2
784072,3
784075,2
784078,3
784081,3
784084,3
784087,4
784091,4
784097,3
784101,2
784105,1
784108,2
784110,5
784115,2
784117,2
784119,2
784122,2
784124,1
784126,3
784129,3
784133,3
784136,3
784139,3
784152,2
784154,2
784156,2
784160,2
784163,3
784166,2
784169,7
784176,2
784178,3
784181,2
784183,1
784192,2
784195,2
784197,2
784199,2
784201,4
784205,2
784207,3
784210,2
784212,3
784216,2
784218,3
784221,2
784223,5
784228,3
784233,3
784236,2
784238,2
784241,3
784246,2
784251,2
784253,2
784258,4
784263,3
784268,5
784275,2
784279,2
784281,6
784288,2
784290,2
784293,2
784295,2
784298,4
784302,1
784309,2
784311,2
784313,1
784315,1
784319,1
784322,3
784325,8
784333,2
784336,2
784338,2
784340,5
784345,2
784347,3
784351,2
784353,5
784363,2
784365,3
784369,3
784372,3
784375,1
784381,2
784385,2
784388,3
784391,2
784393,2
784397,2
784399,3
784405,4
784409,2
784412,2
784415,3
784420,4
784426,2
784430,2
784434,2
784442,1
784444,2
784449,2
784451,7
784458,3
784461,2
784466,3
784469,6
784476,2
784478,2
784480,2
784484,3
784490,2
784497,4
784501,2
784504,3
784507,2
784511,2
784513,3
784518,2
784522,5
784527,3
784530,2
784536,2
784538,3
784542,3
784545,2
784547,3
784553,2
784555,2
784558,2
784560,2
784562,2
784570,1
784574,2
784576,3
784581,1
784585,3
784590,2
784595,4
784601,2
784604,2
784606,2
784609,2
784611,3
784614,2
784618,3
784621,2
784625,3
784629,4
784634,1
784636,4
784643,2
784645,5
784652,2
784655,2
784657,2
784661,2
784664,3
784667,2
784670,3
784676,2
784678,3
784684,4
784688,5
784693,3
784697,3
784704,2
784706,2
784709,3
784713,2
784716,1
784718,6
784724,4
784732,4
784736,3
784739,6
784745,3
784749,4
784753,2
784755,3
784760,3
784764,1
784766,3
784772,2
784774,2
784776,6
784782,4
784788,3
784792,1
784796,3
784799,3
784804,2
784806,2
784809,5
784815,5
784820,2
784823,1
784832,2
784834,5
784839,4
784846,2
784854,5
784862,2
784865,2
784867,2
784872,4
784878,5
784883,2
784886,2
784894,3
784898,3
784902,3
784907,2
784909,3
784916,3
784920,2
784924,2
784929,3
784933,2
784937,6
784944,3
784952,2
784955,1
784957,2
784959,3
784963,5
784976,4
784985,3
784989,4
784993,2
784995,4
784999,4
785003,2
785005,2
785010,2
785012,2
785015,2
785023,3
785028,2
785031,2
785037,2
785042,2
785045,2
785049,2
785054,3
785057,4
785061,2
785064,2
785067,2
785069,6
785075,2
785079,4
785083,2
785088,2
785093,3
785097,3
785103,9
785115,4
785119,3
785123,2
785129,2
785131,2
785134,2
785138,2
785140,6
785146,2
785151,2
785156,5
785162,4
785166,3
785169,2
785171,1
785173,2
785175,3
785178,2
785181,3
785184,4
785197,1
785200,2
785202,2
785204,2
785207,3
785213,2
785215,7
785222,2
785227,3
785232,1
785235,3
785238,8
785247,6
785253,3
785258,5
785264,2
785269,4
785275,2
785279,3
785282,2
785286,3
785292,2
785295,2
785297,2
785299,3
785306,2
785315,7
785328,5
785333,2
785336,2
785338,3
785342,2
785344,2
785348,2
785352,4
785356,2
785358,2
785362,3
785366,1
785368,9
785380,3
785384,2
785393,2
785396,2
785400,9
785410,3
785413,2
785416,3
785424,2
785429,4
785433,4
785437,2
785439,4
785444,3
785455,2
785458,5
785464,1
785466,1
785470,3
785476,2
785478,3
785481,4
785487,2
785496,2
785498,2
785501,1
785503,3
785507,3
785510,2
785512,2
785514,4
785518,2
785522,3
785526,3
785532,2
785539,3
785544,2
785546,3
785550,2
785552,2
785554,2
785556,3
785560,2
785562,2
785565,3
785568,3
785575,3
785580,2
785583,1
785589,1
785592,3
785596,2
785607,4
785616,4
785620,3
785625,1
785627,2
785629,2
785632,3
785638,7
785647,2
785650,9
785661,2
785663,3
785667,2
785673,1
785676,1
785680,3
785686,2
785691,5
785696,8
785705,2
785708,4
785712,3
785716,7
785724,2
785726,4
785730,3
785733,4
785737,4
785741,6
785747,7
785754,7
785761,3
785764,5
785769,7
785776,7
785784,6
785790,3
785794,4
785798,3
785802,3
785805,2
785808,3
785811,2
785813,6
785819,2
785821,1
785823,3
785827,3
785830,5
785836,3
785840,2
785842,4
785846,3
785849,4
785853,3
785859,2
785862,6
785868,4
785872,3
785877,2
785881,2
785883,4
785887,2
785890,4
785895,2
785897,1
785901,2
785905,5
785911,3
785914,2
785917,2
785925,1
785930,2
785933,2
785940,2
785945,2
785947,3
785950,4
785955,5
785961,1
785963,2
785965,2
785971,2
785973,4
785979,1
785982,2
785984,3
785987,2
785990,2
785992,2
785994,1
785996,4
786003,3
786011,1
786013,3
786018,2
786023,2
786026,6
786032,4
786036,4
786042,3
786046,4
786057,5
786065,4
786069,2
786071,2
786075,4
786080,2
786086,3
786091,2
786096,2
786100,2
786102,2
786106,2
786112,3
786116,2
786121,2
786126,2
786135,2
786137,2
786141,4
786154,3
786158,2
786161,3
786167,3
786177,2
786181,3
786184,2
786192,3
786199,1
786215,2
786218,1
786222,2
786225,3
786230,3
786242,4
786247,4
786252,6
786258,3
786262,3
786266,2
786269,3
786274,2
786276,2
786281,2
786283,2
786296,2
786298,6
786306,7
786466,2
786482,1
786785,1
786911,4
787193,6
787211,3
787291,1
787411,1
787430,1
787457,1
787476,1
787534,1
787547,3
787735,2
787808,1
787838,1
788442,2
788444,3
788447,2
788450,2
788452,4
788460,2
788462,3
788468,2
788470,5
788475,4
788480,6
788486,2
788491,2
788494,6
788500,4
788504,2
788506,3
788509,3
788513,3
788520,6
788530,2
788532,2
788544,2
788546,4
788550,3
788553,3
788556,2
788558,2
788566,3
788571,2
788573,2
788575,3
788578,4
788582,2
788586,3
788591,2
788593,3
788596,2
788600,4
788605,3
788610,3
788614,4
788620,2
788623,3
788627,3
788631,2
788633,2
788635,3
788640,2
788642,2
788644,2
788646,4
788650,2
788655,4
788659,5
788669,3
788675,3
788680,2
788682,2
788684,6
788690,2
788693,2
788696,2
788698,2
788706,4
788710,3
788713,2
788719,2
788723,4
788729,3
788732,5
788737,2
788743,5
788755,2
788759,3
788763,3
788772,3
788778,2
788781,2
788784,3
788789,2
788794,2
788796,2
788801,6
788809,2
788812,5
788818,3
788823,2
788826,2
788828,2
788830,2
788832,2
788834,3
788841,2
788847,3
788850,2
788852,2
788854,3
788857,2
788862,2
788864,2
788868,2
788870,2
788872,2
788874,2
788876,2
788878,2
788880,2
788884,3
788888,3
788896,2
788903,2
788913,2
788915,3
788918,2
788921,2
788925,2
788929,2
788932,3
788936,2
788938,2
788940,2
788943,3
788946,2
788951,2
788953,2
788957,2
788960,2
788962,2
788965,2
788975,2
788977,2
788980,3
788988,2
788990,2
788994,2
788998,3
789001,5
789007,2
789010,2
789012,4
789016,4
789020,2
789022,2
789029,2
789031,3
789035,2
789039,2
789044,2
789046,2
789051,3
789059,3
789063,3
789069,5
789077,2
789079,4
789084,2
789087,3
789091,3
789094,3
789098,2
789103,5
789114,2
789116,2
789118,4
789122,3
789125,7
789133,2
789135,2
789137,2
789144,2
789146,2
789152,2
789155,6
789162,2
789166,2
789170,2
789174,2
789180,2
789189,4
789193,2
789198,2
789203,2
789207,2
789212,2
789215,3
789219,2
789222,2
789226,2
789233,2
789238,2
789241,2
789243,3
789248,3
789251,3
789254,5
789259,2
789261,2
789264,3
789268,4
789276,3
789279,2
789297,2
789304,5
789309,3
789313,3
789316,3
789320,3
789325,2
789328,2
789331,4
789335,2
789337,6
789345,5
789350,2
789356,2
789358,3
789361,2
789363,2
789365,2
789370,2
789376,2
789378,2
789380,4
789384,2
789386,2
789388,2
789392,2
789394,2
789397,1
789403,2
789409,3
789413,2
789415,2
789421,2
789424,2
789429,3
789433,2
789435,3
789438,2
789441,2
789443,2
789446,2
789451,2
789455,3
789461,3
789464,2
789468,2
789472,2
789474,2
789481,3
789484,2
789487,4
789494,2
789498,2
789500,2
789503,2
789505,3
789509,3
789515,5
789520,2
789522,2
789524,2
789527,3
789532,2
789534,6
789541,2
789543,4
789552,2
789557,2
789559,2
789561,2
789565,2
789571,2
789575,2
789580,2
789586,2
789588,2
789590,2
789594,2
789599,3
789602,2
789605,2
789607,2
789613,3
789618,3
789621,6
789630,3
789634,3
789638,5
789647,3
789652,4
789658,2
789662,2
789665,3
789671,4
789675,4
789687,3
789690,2
789694,2
789696,2
789699,2
789701,2
789704,4
789710,2
789712,3
789719,4
789724,2
789728,2
789734,4
789738,2
789741,2
789751,2
789754,2
789762,2
789764,3
789767,3
789770,2
789773,2
789775,5
789780,2
789782,2
789785,4
789793,4
789797,2
789799,2
789803,5
789809,2
789811,3
789814,3
789819,2
789821,3
789824,4
789830,2
789834,6
789841,2
789847,2
789850,3
789855,2
789859,2
789865,3
789870,4
789875,4
789884,2
789886,2
789891,2
789893,2
789895,4
789904,2
789912,2
789915,2
789917,5
789922,4
789929,2
789931,2
789934,2
789936,2
789940,2
789942,2
789945,3
789949,2
789951,2
789957,3
789963,3
789966,2
789974,5
789980,2
789987,2
789990,2
789995,2
790002,2
790005,7
790014,4
790020,2
790022,4
790028,2
790036,3
790040,4
790049,3
790052,2
790054,4
790064,3
790069,3
790073,2
790076,2
790079,3
790083,4
790087,3
790094,2
790100,5
790105,2
790107,3
790115,2
790117,2
790119,2
790125,2
790127,3
790136,2
790145,2
790147,2
790150,2
790152,3
790165,2
790167,4
790173,2
790175,3
790178,2
790187,3
790190,3
790193,2
790199,3
790202,2
790204,2
790207,2
790209,2
790216,5
790221,2
790223,3
790226,3
790230,3
790234,2
790236,2
790238,2
790242,2
790248,2
790251,4
790255,2
790258,5
790268,2
790275,3
790278,2
790280,8
790288,2
790290,2
790292,3
790295,2
790302,5
790307,2
790309,3
790314,2
790316,3
790319,2
790321,2
790323,2
790328,4
790332,7
790347,3
790350,3
790354,2
790356,3
790359,2
790361,3
790365,6
790371,2
790373,3
790379,2
790381,2
790389,6
790396,2
790398,2
790403,2
790408,4
790412,2
790415,2
790419,2
790423,4
790427,2
790429,4
790438,3
790445,2
790449,3
790453,2
790458,3
790461,2
790465,4
790469,3
790474,2
790476,2
790485,2
790492,2
790496,2
790499,2
790504,2
790506,2
790509,2
790511,4
790523,2
790527,2
790531,2
790533,2
790536,2
790543,3
790552,2
790554,2
790556,2
790558,2
790562,3
790565,2
790567,3
790570,2
790574,2
790579,2
790584,2
790589,3
790595,2
790597,2
790602,2
790606,2
790608,2
790611,2
790613,3
790616,3
790620,3
790625,3
790628,2
790632,2
790635,2
790637,2
790640,6
790652,2
790658,2
790660,3
790664,2
790669,3
790673,4
790680,3
790685,2
790687,3
790690,3
790695,2
790699,2
790701,2
790707,2
790709,3
790712,4
790716,3
790722,3
790725,2
790729,2
790738,3
790744,2
790746,3
790752,2
790757,2
790759,3
790765,5
790771,3
790774,4
790778,6
790784,2
790788,2
790793,2
790797,3
790800,2
790802,2
790804,3
790807,4
790815,5
790821,2
790824,4
790828,3
790834,2
790837,2
790846,2
790848,2
790850,2
790852,2
790855,3
790859,1
790861,3
790867,2
790876,2
790878,2
790881,2
790884,2
790886,2
790891,3
790895,2
790897,2
790900,2
790914,2
790916,3
790919,3
790925,2
790927,6
790933,3
790936,2
790938,2
790940,4
790945,3
790948,2
790951,2
790956,2
790958,3
790962,3
790969,2
790973,4
790981,5
790990,2
790992,2
790997,7
791005,2
791008,3
791011,2
791015,2
791023,2
791025,2
791028,2
791031,2
791034,3
791040,3
791043,2
791045,5
791055,2
791058,3
791062,3
791066,2
791068,2
791070,2
791074,3
791081,5
791086,2
791088,2
791091,3
791094,2
791096,2
791105,3
791110,3
791113,2
791116,2
791118,2
791123,5
791130,3
791134,2
791136,2
791140,3
791146,3
791149,2
791151,2
791153,2
791155,3
791158,3
791179,2
791185,3
791189,3
791192,3
791195,3
791202,5
791210,5
791216,2
791222,3
791225,5
791230,2
791232,2
791241,2
791243,2
791251,3
791258,2
791260,2
791268,2
791270,2
791273,2
791275,3
791281,3
791286,2
791288,2
791290,2
791304,2
791307,2
791310,3
791314,2
791316,2
791320,2
791325,2
791329,2
791334,4
791347,2
791349,3
791361,2
791363,2
791366,5
791372,2
791376,2
791383,3
791386,3
791390,2
791392,2
791394,3
791397,2
791401,3
791406,3
791410,3
791415,2
791417,2
791419,4
791424,3
791433,2
791435,3
791441,5
791447,2
791451,2
791456,2
791464,2
791466,2
791471,1
791475,2
791484,2
791486,2
791489,2
791494,2
791498,2
791506,2
791508,5
791513,2
791515,2
791519,3
791523,3
791526,2
791529,2
791531,4
791535,2
791537,2
791539,4
791545,2
791548,2
791551,3
791554,2
791556,2
791558,2
791567,3
791570,2
791574,3
791578,3
791581,2
791586,2
791604,2
791606,3
791611,4
791618,2
791620,2
791622,2
791624,2
791629,2
791634,2
791636,3
791639,2
791644,2
791646,2
791648,3
791659,2
791663,2
791668,2
791675,2
791679,2
791681,1
791683,2
791685,2
791690,2
791694,3
791697,2
791699,3
791706,3
791709,2
791715,2
791719,3
791723,2
791727,2
791732,2
791738,3
791741,4
791746,2
791749,2
791752,3
791755,3
791758,2
791760,3
791765,2
791767,4
791771,2
791774,3
791781,4
791788,2
791794,2
791798,2
791800,3
791803,5
791808,4
791819,2
791821,2
791835,2
791837,2
791840,2
791850,3
791854,3
791857,2
791859,3
791863,2
791865,3
791875,3
791880,2
791882,2
791885,3
791888,3
791893,2
791898,3
791902,2
791912,2
791916,3
791921,2
791927,2
791929,2
791933,2
791936,4
791941,2
791944,3
791947,5
791952,2
791956,2
791962,2
791964,2
791966,2
791972,2
791974,3
791978,4
791984,2
791987,5
791992,7
792000,2
792005,8
792016,2
792018,2
792025,3
792031,2
792034,2
792036,2
792038,2
792046,3
792049,3
792056,2
792061,2
792065,2
792067,2
792070,1
792074,2
792082,4
792093,3
792098,5
792104,4
792110,2
792113,2
792119,6
792126,3
792129,2
792134,3
792139,2
792143,4
792149,4
792153,2
792156,2
792158,2
792164,2
792168,2
792171,4
792178,2
792180,2
792182,5
792187,3
792192,4
792196,4
792203,3
792206,3
792210,2
792212,6
792218,4
792223,2
792229,2
792231,2
792233,3
792239,2
792244,3
792256,2
792258,4
792268,3
792273,3
792280,2
792282,3
792285,2
792288,2
792290,2
792294,4
792305,4
792309,2
792312,3
792315,6
792323,3
792326,3
792339,2
792341,3
792344,2
792346,3
792351,2
792354,2
792357,3
792363,2
792365,2
792374,4
792381,3
792386,2
792389,3
792392,2
792394,2
792396,3
792406,3
792409,4
792413,5
792421,2
792423,2
792427,2
792430,2
792433,3
792438,2
792441,3
792444,2
792447,2
792451,3
792454,2
792458,2
792460,2
792464,4
792468,3
792472,6
792478,3
792483,3
792486,6
792492,3
792501,3
792506,2
792511,3
792515,2
792517,2
792520,2
792525,4
792531,2
792537,3
792542,4
792550,3
792554,2
792556,2
792559,2
792565,4
792569,3
792572,2
792574,2
792576,3
792579,2
792581,4
792586,2
792589,2
792594,2
792596,2
792598,2
792600,2
792603,5
792612,2
792615,3
792619,3
792622,3
792625,4
792633,2
792636,2
792640,3
792648,2
792651,2
792656,3
792662,2
792666,1
792672,3
792676,4
792680,2
792682,3
792687,2
792689,2
792691,4
792697,2
792699,2
792704,5
792711,2
792713,3
792719,3
792722,2
792724,2
792726,2
792729,4
792734,3
792740,4
792746,2
792749,3
792761,1
792763,2
792765,3
792772,5
792777,2
792782,2
792785,3
792791,3
792803,5
792809,8
792818,2
792820,2
792822,4
792830,3
792842,3
792853,4
792857,2
792859,2
792862,3
792871,2
792874,3
792877,3
792881,2
792913,2
792918,2
792920,3
792926,2
792931,3
792940,3
792947,2
792962,4
792976,2
792978,2
792984,2
792986,2
792990,2
792993,2
793003,2
793005,2
793009,3
793018,1
793022,2
793031,2
793039,2
793041,3
793054,2
793056,2
793061,3
793082,2
793101,2
793106,3
793117,1
793136,2
793143,3
793147,1
793149,1
793176,2
793191,1
793200,2
793203,1
793206,1
793209,2
793217,2
793224,3
793232,1
793237,2
793239,1
793243,1
793249,2
793265,4
793274,3
793280,3
793283,1
793290,2
793297,1
793311,1
793325,4
793330,1
793332,2
793338,2
793340,1
793346,2
793348,1
793354,2
793382,3
793392,2
793401,2
793406,1
793416,2
793422,3
793441,2
793443,2
793445,2
793455,3
793462,1
793466,3
793476,2
793487,2
793515,2
793518,1
793525,1
793528,2
793546,2
793551,3
793557,1
793564,4
793569,1
793583,1
793596,1
793605,7
793622,3
793630,3
793640,2
793645,1
793664,1
793670,2
793674,2
793677,2
793679,2
793699,2
793723,1
793732,3
793743,2
793798,1
793811,1
793817,1
793824,1
793830,1
793844,1
793848,1
793863,4
793900,3
793904,1
793909,2
793944,1
793954,2
793959,3
793963,2
793971,3
793986,1
794031,1
794034,2
794036,2
794081,2
794088,1
794101,2
794135,1
794145,2
794149,1
794164,1
794168,1
794233,2
794241,1
794250,1
794259,2
794292,2
794305,2
794323,2
794329,2
794332,2
794340,1
794352,2
794362,3
794383,4
794388,1
794397,1
794400,1
794409,3
794417,2
794423,3
794436,1
794439,1
794447,1
794470,2
794473,2
794504,3
794517,1
794520,2
794539,1
794558,2
794596,2
794625,1
794638,2
794654,1
794657,1
794673,1
794706,2
794719,1
794730,1
794732,1
794734,1
794775,1
794806,1
794822,1
794855,1
794875,2
794880,1
794893,1
794907,1
794917,2
794921,1
794931,1
794944,2
794946,2
794951,1
794956,2
794981,1
794988,1
795014,1
795020,1
795023,2
795025,1
795029,2
795032,2
795046,2
795067,1
795074,2
795076,2
795081,1
795102,2
795216,2
795226,3
795232,1
795326,1
795329,1
795345,1
795348,1
795360,3
795366,1
795389,1
795404,1
795416,1
795420,1
795439,2
795467,1
795521,2
795575,1
795580,1
795588,1
795612,1
795623,2
795699,2
795718,2
795731,1
795749,2
795816,1
795828,2
795893,1
795900,1
795903,1
795920,1
795934,1
795943,3
795958,1
796025,2
796057,1
796088,1
796131,1
796158,1
796177,2
796219,1
796294,1
796322,1
796369,1
796372,1
796383,3
796395,2
796397,1
796407,2
796415,1
796450,1
796454,1
796502,2
796504,1
796528,1
796556,1
796559,1
796658,3
796699,1
796726,1
796761,1
796792,1
796801,1
796964,1
797090,1
797140,1
797150,1
797167,2
797178,1
797239,1
797266,1
797339,1
797493,3
797499,4
797504,3
797510,3
797513,2
797517,5
797525,3
797528,2
797530,2
797540,3
797545,2
797549,3
797558,2
797560,4
797566,2
797576,2
797579,2
797583,3
797586,2
797590,2
797599,2
797601,2
797603,2
797605,6
797612,2
797622,2
797629,2
797633,4
797637,3
797642,3
797650,4
797654,3
797657,2
797675,2
797685,2
797689,2
797721,2
797726,2
797730,2
797732,2
797740,5
797749,7
797757,2
797763,2
797774,3
797777,1
797786,2
797793,1
797801,2
797825,2
797828,2
797832,3
797839,2
797843,3
797870,3
797878,2
797881,2
797883,5
797897,1
797899,1
797906,4
797927,3
797931,2
797933,2
797937,3
797941,3
797948,2
797957,3
797968,2
797981,5
797988,2
797991,2
798002,2
798018,1
798033,2
798038,3
798043,2
798050,2
798064,2
798072,2
798076,2
798095,2
798103,3
798107,2
798116,5
798122,2
798128,2
798133,2
798135,2
798142,2
798151,2
798155,3
798167,2
798189,3
798194,2
798204,3
798242,1
798244,3
798247,1
798250,2
798258,3
798265,2
798284,2
798287,2
798290,2
798293,2
798304,1
798312,4
798325,2
798329,1
798342,1
798349,3
798353,2
798357,3
798367,3
798388,2
798392,2
798394,3
798406,3
798411,3
798425,2
798427,2
798429,2
798433,2
798442,2
798447,3
798474,2
798480,2
798482,5
798493,2
798516,2
798558,2
798576,2
798578,2
798582,2
798613,2
798646,2
798657,2
798666,2
798732,2
798757,2
798761,10
798771,7
798778,13
798792,2
798794,4
798798,5
798804,4
798808,8
798816,3
798819,2
798821,15
798836,13
798850,4
798854,8
798863,4
798867,6
798873,2
798875,3
798878,32
798910,4
798914,4
798918,2
798920,4
798926,4
798930,2
798932,2
798934,2
798936,2
798938,2
798940,11
798951,5
798956,11
798967,2
798969,6
798975,2
798979,2
798981,2
798989,2
798991,5
798999,3
799004,2
799008,2
799011,4
799015,5
799020,3
799024,2
799026,3
799030,6
799040,2
799042,2
799045,2
799053,2
799056,2
799059,5
799064,2
799066,2
799068,2
799070,3
799074,2
799083,2
799086,4
799090,1
799093,4
799102,2
799104,2
799108,2
799110,3
799113,2
799116,2
799121,2
799123,4
799127,2
799129,3
799132,2
799134,2
799136,2
799139,6
799146,3
799149,4
799156,4
799160,2
799162,2
799164,2
799168,2
799171,3
799174,2
799176,2
799178,4
799183,3
799186,3
799192,2
799194,5
799199,2
799201,3
799204,4
799210,3
799214,2
799217,5
799224,2
799231,3
799235,7
799242,3
799245,3
799249,3
799253,3
799256,2
799258,3
799261,2
799263,2
799265,2
799270,3
799273,2
799275,2
799278,2
799281,2
799283,3
799287,3
799291,3
799296,2
799300,2
799302,4
799311,2
799326,2
799333,2
799335,3
799338,4
799349,2
799351,2
799353,3
799360,7
799367,4
799373,2
799376,2
799378,5
799388,2
799391,2
799393,2
799396,3
799399,3
799402,1
799405,2
799407,2
799409,2
799412,2
799415,2
799417,3
799425,2
799427,2
799430,2
799432,2
799436,3
799439,2
799441,3
799448,5
799454,2
799457,6
799464,2
799466,2
799470,2
799472,2
799474,2
799477,2
799481,4
799488,3
799491,5
799496,3
799499,2
799503,2
799507,3
799510,2
799512,3
799520,3
799524,2
799526,2
799529,2
799531,2
799533,3
799536,5
799543,2
799545,2
799547,2
799551,3
799556,2
799558,3
799564,2
799569,3
799573,2
799578,2
799581,3
799585,2
799590,3
799604,3
799607,2
799610,2
799614,2
799616,2
799618,3
799623,4
799632,2
799634,5
799642,7
799652,2
799654,2
799659,2
799662,2
799667,3
799671,3
799674,3
799678,5
799684,2
799686,5
799697,2
799699,2
799701,2
799703,2
799710,2
799717,4
799721,2
799724,2
799726,5
799736,5
799741,3
799744,2
799746,2
799750,2
799753,2
799755,2
799760,2
799763,3
799766,2
799768,5
799773,2
799776,3
799781,4
799785,2
799792,3
799797,2
799800,2
799809,2
799814,2
799819,3
799822,2
799827,2
799830,2
799836,3
799840,2
799842,2
799844,2
799850,2
799855,2
799858,3
799872,4
799877,2
799882,2
799884,2
799886,3
799893,2
799895,3
799900,2
799903,3
799913,3
799921,2
799923,3
799926,2
799929,8
799939,2
799943,2
799945,5
799950,4
799956,2
799960,4
799966,2
799968,3
799971,2
799973,2
799979,2
799984,4
799988,2
799990,4
799994,2
799996,2
