start_row,match_length
26,1
308,1
406,1
420,3
445,1
548,1
603,1
728,2
872,1
891,1
903,1
905,1
983,1
986,1
1041,1
1054,2
1081,1
1142,1
1192,1
1244,1
1341,3
1344,3
1348,2
1392,1
1395,2
1462,1
1473,1
1477,1
1484,1
1509,3
1536,2
1572,3
1639,1
1648,1
1651,1
1659,1
1726,1
1737,2
1759,1
1792,4
1800,2
1802,1
1809,1
1815,4
1824,1
1868,1
1875,1
1897,3
1926,2
1963,1
1985,2
1988,1
1997,1
2005,1
2013,1
2026,3
2031,2
2045,1
2049,2
2055,2
2068,4
2072,2
2094,2
2102,1
2125,2
2127,1
2147,2
2165,1
2203,2
2232,6
2242,1
2251,1
2256,1
2260,2
2276,2
2290,3
2303,2
2319,3
2325,2
2331,4
2360,2
2368,2
2375,2
2377,2
2381,3
2385,1
2391,2
2407,1
2413,2
2434,3
2442,2
2449,1
2460,2
2463,1
2466,1
2471,2
2482,2
2485,1
2532,1
2535,1
2542,2
2545,2
2547,1
2555,1
2563,1
2566,2
2568,2
2573,2
2581,2
2584,3
2594,2
2601,1
2605,1
2610,1
2616,2
2619,4
2623,1
2627,1
2633,1
2637,1
2639,1
2642,2
2645,3
2649,1
2653,2
2659,2
2662,32
2702,2
2707,4
2713,2
2715,2
2720,4
2724,2
2735,2
2738,3
2743,2
2750,2
2753,1
2756,2
2758,2
2764,1
2768,2
2774,2
2778,2
2796,2
2798,2
2801,2
2804,2
2812,2
2818,3
2821,1
2824,2
2830,2
2832,2
2834,4
2838,3
2841,3
2845,5
2850,7
2859,2
2863,5
2882,2
2886,2
2899,2
2911,1
2913,2
2915,1
2920,2
2924,2
2926,2
2928,3
2931,3
2940,2
2943,2
2946,2
2948,5
2955,2
2957,6
2966,2
2972,4
2976,5
2981,2
2984,2
2986,3
2991,4
2995,3
3001,2
3003,3
3006,2
3011,2
3014,2
3018,2
3026,2
3028,2
3031,3
3034,4
3038,2
3041,2
3048,3
3059,2
3069,2
3071,3
3075,3
3078,2
3097,2
3104,2
3116,4
3125,1
3127,2
3130,6
3142,2
3145,2
3151,7
3158,2
3160,2
3162,2
3165,2
3177,4
3187,2
3189,6
3196,2
3199,2
3203,3
3206,2
3208,3
3213,4
3226,1
3229,5
3236,2
3238,3
3241,4
3247,2
3249,7
3260,4
3266,4
3278,2
3281,2
3286,3
3292,3
3295,2
3299,2
3312,6
3320,2
3322,5
3328,2
3334,1
3339,2
3341,2
3346,2
3348,2
3352,2
3354,5
3359,5
3365,2
3367,2
3369,3
3376,2
3378,2
3380,2
3385,2
3395,2
3397,2
3399,2
3409,2
3411,2
3413,3
3416,1
3418,8
3428,2
3431,2
3437,2
3445,4
3449,3
3452,1
3467,4
3491,2
3495,3
3498,3
3503,3
3506,2
3508,2
3510,3
3514,1
3522,2
3531,2
3537,3
3545,2
3552,2
3557,3
3560,5
3567,5
3576,3
3583,2
3585,3
3588,3
3592,2
3594,4
3598,2
3600,3
3605,2
3612,4
3616,4
3620,3
3623,2
3625,2
3627,3
3631,3
3635,3
3638,1
3641,2
3646,5
3654,2
3658,3
3671,2
3673,3
3676,3
3682,2
3684,2
3687,3
3694,2
3699,2
3701,3
3708,2
3710,4
3723,2
3725,3
3732,4
3736,2
3742,2
3752,3
3759,2
3763,10
3775,2
3777,3
3780,2
3786,2
3788,4
3795,2
3800,2
3805,2
3812,7
3819,2
3822,2
3828,1
3830,2
3832,2
3837,2
3843,2
3845,2
3849,3
3853,1
3855,2
3857,2
3861,2
3868,2
3881,2
3883,5
3888,7
3896,2
3905,4
3909,3
3912,2
3919,2
3923,4
3940,4
3946,3
3949,2
3958,2
3967,3
3973,3
3984,2
3986,2
3988,2
3990,2
3993,2
4019,3
4024,2
4026,3
4030,3
4034,2
4037,2
4043,2
4045,2
4047,4
4051,2
4057,4
4066,2
4071,3
4077,3
4081,2
4091,1
4097,3
4107,3
4110,1
4112,3
4118,2
4120,3
4123,2
4127,2
4131,2
4134,2
4136,3
4139,1
4141,2
4144,4
4148,2
4154,3
4161,2
4165,3
4172,2
4174,2
4176,2
4178,2
4198,4
4204,2
4211,5
4220,6
4232,1
4235,2
4241,2
4244,2
4250,2
4252,4
4259,2
4261,7
4268,1
4273,2
4275,3
4278,4
4283,3
4305,4
4309,3
4313,1
4319,2
4322,3
4325,2
4328,2
4331,3
4344,2
4348,3
4352,2
4359,4
4365,2
4369,6
4375,2
4377,3
4381,9
4400,3
4403,3
4407,1
4417,2
4447,2
4449,4
4456,3
4459,5
4464,2
4468,4
4472,2
4475,2
4478,3
4487,4
4491,3
4501,2
4503,1
4516,4
4527,10
4537,2
4540,2
4552,4
4556,2
4558,2
4566,1
4621,2
4623,2
4627,2
4656,1
4783,1
4791,1
4798,3
4804,2
4815,2
4817,4
4823,2
4825,2
4827,3
4835,2
4838,2
4843,2
4846,3
4853,3
4861,2
4863,3
4866,3
4894,2
4896,3
4899,2
4903,2
4905,2
4907,6
4913,2
4923,1
4925,1
5374,2
5379,2
5385,6
5402,3
5613,2
5615,3
5620,2
6437,2
6440,2
6448,4
6740,2
6743,7
6750,3
7014,2
7346,2
7349,3
7414,2
7424,3
7428,2
7687,2
7689,2
7692,1
7695,2
7794,1
7867,1
8129,2
8131,1
8136,1
8138,2
8244,1
8248,2
8383,2
8789,3
8794,2
9091,2
9094,2
9097,1
9099,3
9103,6
9110,2
9112,2
9114,2
9119,1
9121,6
9127,2
9129,2
9131,2
9135,19
9155,6
9262,1
9273,4
9277,2
9280,2
9282,4
9288,2
9291,4
9296,3
9299,2
9302,19
9345,5
9350,2
9354,4
9360,6
9367,2
9370,3
9373,2
9375,3
9378,1
9380,2
9382,3
9385,2
9387,2
9414,8
9423,2
9425,3
9428,1
9430,4
9435,3
9439,2
9449,2
9456,2
9461,1
9468,1
9479,2
9482,4
9486,2
9488,3
9491,2
9495,7
9503,2
9505,2
9507,2
9509,2
9511,1
9513,2
9516,3
9519,1
9526,2
9528,3
9531,3
9537,3
9540,1
9542,1
9544,5
9570,2
9580,3
9584,3
9587,4
9596,1
9598,4
9602,2
9606,3
9609,2
9611,2
9613,9
9622,1
9626,4
9633,2
9636,4
9641,5
9647,7
9657,3
9660,2
9663,2
9665,4
9669,2
9671,5
9676,2
9679,6
9686,3
9696,2
9698,2
9705,2
9708,7
9733,1
9735,2
9738,3
9744,8
9753,2
9756,2
9788,8
9799,5
9804,1
9807,4
9811,6
9818,2
9820,2
9822,2
9825,5
9830,3
9833,2
9835,2
9838,6
9845,4
9849,2
9853,2
9856,2
9859,2
9867,2
9869,3
9872,2
9874,2
9876,1
9879,4
10005,2
10222,2
11292,1
11297,2
11301,2
11313,1
11317,1
11325,1
11329,2
11347,1
11355,2
11362,1
11368,2
11376,2
11385,2
11388,2
11391,1
11397,1
11400,2
11402,1
11407,2
11409,1
11411,4
11415,1
11421,1
11429,1
11431,2
11435,3
11440,1
11442,3
11446,1
11450,2
11459,2
11461,2
11468,4
11473,5
11478,1
11481,4
11485,2
11491,1
11498,3
11510,2
11513,4
11518,1
11522,2
11525,3
11532,2
11537,1
11542,3
11545,1
11550,2
11553,1
11556,2
11558,1
11563,1
11569,1
11573,1
11585,2
11588,3
11594,1
11599,2
11603,2
11606,1
11608,3
11611,1
11615,2
11618,2
11620,2
11622,1
11627,2
11629,1
11632,2
11637,2
11644,5
11653,1
11668,2
11674,2
11676,2
11679,3
11684,2
11687,3
11691,3
11695,1
11702,2
11704,3
11711,2
11720,2
11723,1
11727,1
11732,2
11734,3
11737,1
11739,1
11742,1
11751,1
11757,2
11764,3
11768,2
11771,2
11780,2
11784,1
11786,2
11794,2
11802,4
11821,1
11823,2
11834,4
11840,2
11850,1
11859,3
11863,4
11869,2
11875,2
11880,1
11882,1
11885,2
11889,2
11891,5
11902,1
11906,1
11910,3
11916,4
11921,2
11930,3
11935,1
11937,2
11949,2
11955,3
11958,2
11960,1
11962,2
11964,1
11968,2
11970,2
11974,3
11982,1
11986,2
11990,3
11993,2
11996,2
11998,2
12002,1
12004,1
12006,2
12008,2
12011,2
12016,2
12022,2
12024,1
12027,2
12034,2
12036,1
12038,1
12042,3
12045,2
12047,4
12053,1
12055,3
12058,2
12060,4
12065,5
12074,3
12087,3
12090,1
12096,2
12100,2
12103,2
12105,1
12107,1
12109,2
12122,2
12124,1
12126,2
12131,1
12133,5
12142,2
12144,2
12148,4
12163,3
12166,4
12171,1
12174,2
12176,1
12180,2
12183,3
12187,3
12192,1
12194,2
12204,2
12209,1
12216,1
12223,2
12227,3
12236,3
12243,1
12245,2
12248,3
12252,1
12254,2
12259,2
12268,2
12275,1
12277,5
12287,3
12291,2
12295,2
12297,2
12302,4
12309,1
12313,3
12318,2
12329,3
12337,1
12349,1
12352,2
12355,1
12357,2
12359,3
12362,1
12367,2
12369,2
12371,1
12374,2
12376,2
12378,3
12382,1
12386,1
12389,3
12394,1
12399,2
12401,1
12403,2
12408,1
12410,1
12418,5
12427,1
12429,1
12432,4
12436,2
12439,2
12449,2
12451,3
12458,3
12466,2
12473,1
12477,2
12480,2
12482,3
12485,4
12489,2
12494,1
12497,2
12501,4
12513,3
12517,2
12519,3
12523,3
12530,3
12535,3
12543,2
12545,2
12547,1
12555,2
12557,3
12563,3
12566,2
12570,1
12576,1
12585,3
12588,3
12591,1
12599,1
12603,2
12605,1
12607,2
12615,1
12622,2
12627,2
12631,1
12633,2
12636,2
12639,3
12642,1
12644,1
12647,1
12649,2
12653,2
12655,1
12659,2
12664,2
12678,2
12680,3
12685,1
12687,2
12695,2
12697,2
12699,1
12701,2
12706,2
12708,2
12711,2
12716,2
12719,1
12723,1
12725,3
12730,2
12734,2
12736,2
12745,4
12749,2
12760,2
12763,3
12779,2
12789,4
12793,2
12804,1
12806,1
12809,2
12818,2
12828,2
12830,2
12836,1
12839,1
12846,1
12849,1
12853,3
12856,2
12860,2
12862,3
12866,2
12869,4
12879,2
12881,4
12885,2
12887,1
12889,2
12893,10
12903,3
12906,6
12912,2
12937,3
12996,2
13047,2
13076,8
13118,2
13120,5
13130,3
13167,2
13170,2
13172,2
13191,2
13195,1
13208,2
13210,1
13217,2
13224,1
13226,2
13229,2
13239,3
13242,2
13250,1
13265,2
13267,2
13282,1
13307,2
13316,1
13323,3
13332,1
13335,2
13338,3
13366,3
13369,3
13376,2
13386,3
13389,2
13391,4
13398,2
13400,3
13409,2
13413,3
13420,3
13423,5
13432,1
13437,2
13443,3
13449,2
13455,2
13461,3
13465,2
13478,3
13482,5
13493,3
13503,2
13510,2
13513,1
13527,2
13536,2
13538,1
13544,1
13556,3
13566,2
13582,2
13587,3
13590,3
13594,2
13600,1
13604,3
13610,2
13614,1
13616,2
13619,3
13622,1
13625,2
13627,3
13639,1
13642,4
13647,2
13667,5
13676,1
13684,1
13710,1
13712,2
13714,5
13719,3
13732,2
13737,1
13746,1
13752,2
13758,2
13761,2
13773,1
13778,2
13782,2
13790,4
13808,2
13812,2
13816,1
13822,1
13830,3
13840,1
13850,6
13863,4
13869,2
13872,1
13879,2
13888,3
13891,4
13895,1
13899,5
13923,2
13925,1
13934,3
13948,3
13957,2
13963,1
13968,2
13975,2
13996,2
13998,2
14003,1
14009,2
14011,2
14016,2
14024,3
14032,1
14036,2
14045,2
14049,2
14057,2
14064,2
14067,4
14072,3
14075,1
14085,1
14092,2
14103,2
14109,1
14111,4
14118,3
14123,1
14125,4
14131,3
14136,2
14140,1
14144,2
14150,2
14152,4
14157,2
14159,2
14168,2
14172,1
14179,1
14184,1
14188,2
14195,2
14197,4
14201,3
14210,3
14221,2
14223,3
14228,2
14230,2
14234,2
14238,2
14240,3
14245,2
14249,2
14251,3
14261,2
14263,3
14270,2
14283,2
14296,1
14300,2
14303,4
14317,1
14324,1
14328,2
14330,2
14332,3
14338,1
14342,3
14348,3
14356,1
14371,3
14379,2
14384,7
14392,2
14396,1
14398,2
14401,3
14404,2
14410,2
14417,2
14420,2
14425,2
14429,2
14432,3
14438,2
14440,2
14446,2
14472,2
14477,2
14482,1
14486,1
14489,2
14500,2
14504,1
14515,2
14523,2
14535,2
14542,3
14551,2
14566,2
14568,4
14573,2
14583,2
14587,2
14596,3
14599,1
14632,1
14636,2
14643,3
14649,3
14653,4
14659,2
14661,4
14671,1
14676,5
14682,3
14686,2
14691,3
14694,4
14711,2
14713,1
14715,2
14723,1
14728,4
14732,2
14738,3
14744,4
14749,2
14754,2
14764,2
14769,2
14778,1
14784,1
14786,2
14791,3
14801,2
14805,1
14819,1
14821,4
14839,3
14846,1
14849,2
14854,2
14860,2
14864,2
14868,2
14886,3
14892,5
14899,2
14901,3
14907,1
14928,2
14931,2
14944,2
14946,1
14957,2
14961,4
14966,2
14978,2
14981,3
14984,2
14986,3
14996,1
15005,2
15008,3
15011,1
15025,3
15030,5
15036,3
15044,4
15048,2
15051,3
15055,2
15067,6
15073,3
15085,2
15089,1
15098,2
15104,2
15116,2
15118,4
15122,2
15134,2
15141,1
15147,1
15152,2
15154,3
15167,3
15170,3
15192,1
15197,3
15202,2
15204,2
15207,2
15219,2
15224,2
15226,3
15232,3
15239,2
15243,2
15251,2
15253,5
15260,2
15273,1
15280,2
15282,3
15290,3
15293,2
15299,2
15305,2
15311,2
15318,1
15325,3
15333,2
15335,2
15344,2
15348,2
15351,2
15354,2
15360,2
15362,1
15365,2
15369,1
15377,4
15381,5
15389,2
15399,3
15405,2
15412,1
15415,2
15422,2
15432,3
15435,2
15439,2
15447,2
15450,2
15456,2
15463,1
15471,1
15475,7
15482,3
15487,3
15492,3
15501,5
15506,2
15508,1
15510,2
15512,2
15515,2
15519,2
15521,2
15529,2
15534,2
15536,2
15550,1
15552,5
15563,2
15566,3
15569,3
15576,3
15579,3
15585,3
15588,3
15597,3
15612,2
15625,2
15627,1
15639,2
15643,2
15645,2
15647,3
15650,2
15657,2
15665,1
15671,3
15685,1
15697,2
15701,3
15704,3
15714,3
15717,3
15722,2
15729,2
15740,3
15750,2
15752,1
15762,4
15766,2
15768,2
15770,1
15776,3
15780,2
15782,4
15788,2
15799,3
15811,4
15815,2
15820,2
15823,2
15825,2
15833,3
15838,1
15844,3
15855,2
15859,2
15861,4
15870,2
15874,4
15883,4
15897,3
15901,2
15911,2
15914,2
15921,1
15923,3
15930,2
15948,1
15953,2
15955,3
15961,1
15965,2
15971,1
15973,3
15977,3
15982,2
15994,3
15997,4
16001,2
16003,5
16016,2
16018,2
16020,3
16025,3
16029,3
16033,1
16042,1
16050,1
16052,2
16054,3
16059,2
16061,3
16073,2
16085,1
16087,2
16095,2
16097,2
16103,3
16106,3
16109,1
16113,1
16116,1
16119,2
16121,5
16130,4
16138,2
16144,2
16150,2
16156,2
16167,4
16179,2
16183,1
16197,2
16199,4
16206,2
16208,1
16221,1
16226,2
16232,1
16239,2
16248,3
16255,1
16261,1
16265,3
16268,1
16273,2
16278,4
16286,3
16289,2
16293,4
16301,1
16309,3
16313,3
16331,2
16336,3
16344,1
16346,2
16353,3
16356,2
16366,3
16374,2
16383,2
16385,1
16387,4
16395,1
16397,1
16405,3
16416,2
16419,1
16428,2
16431,2
16450,2
16455,2
16462,2
16464,3
16471,2
16483,2
16488,1
16490,1
16494,4
16504,2
16511,2
16513,2
16515,2
16519,2
16521,1
16528,1
16533,2
16550,2
16560,2
16563,2
16566,2
16575,2
16578,1
16585,2
16588,2
16592,3
16599,3
16604,2
16608,2
16620,2
16631,3
16636,4
16642,3
16646,1
16648,2
16650,3
16653,2
16655,1
16672,2
16674,2
16677,1
16681,2
16686,1
16692,2
16697,2
16701,2
16706,1
16708,2
16711,2
16714,2
16716,3
16719,1
16721,2
16730,3
16739,2
16745,1
16753,2
16758,2
16760,2
16770,4
16780,3
16785,2
16803,2
16805,1
16810,1
16812,3
16817,1
16819,2
16823,2
16826,1
16832,2
16839,1
16843,3
16859,2
16865,3
16869,2
16872,3
16876,2
16882,2
16890,2
16901,2
16904,2
16906,2
16916,1
16919,3
16922,3
16925,2
16934,1
16941,3
16944,2
16951,2
16960,2
16964,2
16968,4
16976,2
16978,2
16981,1
16986,2
16991,2
17000,2
17002,2
17004,2
17006,2
17012,2
17017,1
17020,2
17023,2
17025,2
17027,1
17036,4
17048,3
17054,1
17056,2
17058,2
17064,2
17071,4
17084,2
17087,4
17098,1
17101,1
17105,1
17107,4
17114,3
17117,4
17122,2
17125,1
17130,1
17136,2
17138,2
17151,2
17172,2
17183,2
17185,1
17187,3
17192,2
17204,5
17209,1
17211,3
17217,3
17226,2
17233,2
17235,2
17247,2
17259,1
17267,2
17270,2
17294,2
17298,1
17306,4
17311,2
17313,1
17317,2
17326,3
17333,1
17338,1
17342,2
17344,3
17347,2
17359,1
17362,2
17364,2
17367,3
17371,3
17385,1
17389,1
17393,3
17401,2
17406,4
17411,1
17417,2
17419,1
17426,2
17437,3
17441,4
17448,2
17450,1
17455,1
17457,3
17460,5
17465,2
17476,2
17482,2
17485,1
17487,1
17490,3
17495,3
17510,2
17513,3
17518,1
17528,2
17530,2
17532,3
17535,1
17539,1
17543,2
17545,3
17554,3
17559,1
17563,3
17574,2
17576,3
17580,2
17584,2
17594,2
17597,2
17603,4
17607,2
17613,1
17616,2
17633,8
17685,1
17689,1
17705,1
17710,1
17748,1
17766,4
17778,1
17818,1
17850,1
17859,2
17876,2
17880,1
17887,2
17902,1
17926,1
17934,2
17942,1
17982,2
18006,1
18020,1
18027,1
18054,2
18063,1
18070,1
18073,1
18077,2
18083,2
18087,1
18116,1
18137,2
18140,1
18149,3
18152,3
18164,2
18168,1
18171,2
18430,2
18440,1
18451,1
18453,2
18456,2
18460,2
18470,2
18476,2
18478,2
18480,2
18520,1
18535,1
18543,4
18557,2
18601,1
18671,2
18676,2
18678,2
18681,2
18688,2
18692,2
18694,2
18699,2
18707,3
18714,2
18717,2
18732,2
18737,2
18739,2
18759,2
18777,2
18826,3
18835,4
18842,3
18851,2
18858,2
18862,1
18876,2
18888,2
18899,3
18905,2
18972,2
18999,3
19011,1
19020,1
19023,2
19045,1
19051,4
19071,7
19096,1
19137,1
19200,1
19264,1
19395,2
19407,2
19417,3
19425,1
19435,1
19443,2
19447,2
19455,2
19464,1
19468,2
19474,2
19483,3
19486,7
19493,10
19503,3
19506,2
19508,2
19511,2
19514,14
19528,2
19532,2
19534,3
19539,2
19541,6
19547,3
19551,3
19555,3
19559,3
19562,8
19572,11
19584,5
19589,2
19592,3
19595,9
19604,2
19607,2
19609,10
19619,2
19621,8
19629,2
19631,3
19634,5
19639,8
19647,3
19650,4
19654,3
19657,2
19659,14
19673,2
19675,2
19680,3
19684,2
19686,4
19690,8
19701,4
19706,4
19710,2
19713,3
19716,4
19720,2
19722,6
19729,3
19735,2
19740,4
19746,4
19751,3
19754,4
19758,6
19764,2
19767,2
19770,3
19773,3
19776,4
19780,2
19782,2
19785,3
19788,3
19792,3
19795,4
19799,4
19804,7
19811,2
19815,2
19817,3
19820,2
19822,2
19825,6
19831,9
19840,2
19842,8
19851,4
19855,2
19860,5
19865,5
19870,3
19873,4
19878,3
19882,3
19885,2
19888,5
19893,2
19898,2
19900,5
19905,4
19910,4
19920,10
19930,3
19933,3
19938,9
19947,3
19950,3
19954,2
19956,2
19958,3
19962,2
19964,5
19969,4
19973,2
19975,4
19980,2
19982,8
19990,2
19994,2
19996,3
20000,1
20002,2
20005,4
20013,2
20016,4
20020,2
20022,2
20024,4
20030,3
20034,2
20037,2
20040,2
20044,4
20048,2
20050,2
20053,2
20055,3
20058,8
20067,4
20071,2
20075,2
20077,5
20083,5
20088,3
20093,2
20096,2
20098,6
20104,3
20108,3
20114,4
20119,5
20125,2
20128,2
20131,3
20135,2
20137,2
20139,5
20144,2
20146,8
20156,10
20166,3
20169,4
20173,4
20177,2
20179,2
20183,2
20185,10
20195,4
20200,2
20203,3
20206,4
20210,3
20214,3
20219,4
20223,3
20226,5
20231,4
20239,4
20243,3
20246,2
20248,2
20250,4
20254,4
20258,2
20260,6
20268,3
20271,3
20274,3
20277,4
20282,3
20286,2
20288,3
20291,2
20293,3
20296,2
20299,6
20305,3
20309,3
20314,3
20317,2
20319,6
20326,2
20328,2
20330,2
20335,3
20340,4
20346,4
20350,4
20355,2
20358,5
20363,3
20367,3
20373,3
20376,3
20379,6
20387,2
20390,5
20395,2
20397,2
20399,2
20401,3
20405,2
20407,2
20409,2
20411,2
20415,2
20417,3
20423,2
20426,4
20430,2
20432,2
20437,2
20439,3
20442,4
20446,3
20450,2
20452,2
20455,2
20459,4
20463,2
20465,3
20468,3
20471,2
20473,4
20477,7
20484,3
20490,3
20493,2
20495,2
20497,6
20503,3
20506,2
20508,6
20515,2
20518,2
20520,2
20523,7
20530,3
20533,3
20537,3
20540,2
20542,10
20552,2
20554,1
20558,3
20561,2
20564,2
20569,2
20571,3
20575,2
20577,4
20582,4
20588,5
20594,2
20596,2
20598,2
20600,5
20605,2
20608,2
20612,9
20621,9
20630,2
20632,4
20636,6
20643,2
20646,2
20648,2
20650,4
20654,3
20658,2
20661,4
20665,3
20668,4
20673,2
20675,5
20680,2
20684,4
20689,5
20694,2
20696,7
20705,2
20707,2
20710,4
20716,2
20718,2
20722,2
20726,2
20730,3
20733,2
20735,3
20738,2
20740,2
20744,2
20746,3
20757,4
20761,2
20763,7
20771,4
20775,2
20777,3
20782,3
20789,4
20793,2
20795,9
20805,2
20807,4
20812,2
20816,2
20818,2
20820,2
20822,2
20824,5
20829,2
20831,2
20833,4
20837,2
20840,2
20842,6
20848,3
20851,2
20853,2
20855,2
20857,2
20860,4
20864,2
20866,3
20869,2
20872,2
20875,7
20882,2
20884,2
20886,3
20889,3
20892,2
20894,3
20897,3
20900,3
20903,2
20907,2
20909,8
20919,5
20925,3
20929,4
20933,2
20937,2
20940,3
20943,3
20946,3
20949,4
20954,2
20956,2
20962,3
20968,2
20972,4
20976,2
20978,6
20987,3
20994,3
20997,1
21000,3
21004,5
21009,3
21012,3
21015,5
21020,3
21023,2
21025,3
21035,3
21038,7
21045,9
21054,4
21059,2
21061,7
21068,3
21073,2
21075,4
21080,6
21086,4
21090,4
21094,4
21100,3
21104,3
21107,2
21109,3
21112,2
21118,2
21122,3
21130,6
21136,2
21138,2
21141,2
21145,3
21149,2
21153,2
21157,2
21159,8
21169,2
21171,3
21176,2
21178,3
21185,3
21188,3
21193,2
21195,3
21199,3
21203,12
21215,2
21218,2
21224,3
21227,2
21233,3
21237,2
21239,5
21244,3
21248,3
21252,4
21256,4
21260,3
21263,2
21266,4
21272,17
21290,3
21295,3
21299,5
21304,3
21308,2
21311,3
21320,2
21322,2
21324,2
21326,4
21335,2
21337,2
21340,3
21346,2
21348,2
21351,2
21355,2
21357,4
21369,7
21376,3
21379,2
21383,3
21387,2
21391,2
21393,3
21396,3
21400,4
21404,4
21410,2
21412,2
21415,4
21421,7
21428,3
21431,4
21436,1
21438,2
21444,3
21447,3
21451,3
21454,3
21457,2
21460,3
21463,2
21465,3
21468,2
21470,2
21474,3
21477,3
21480,3
21486,3
21491,2
21493,3
21500,21
21521,3
21525,2
21528,2
21530,2
21532,4
21540,2
21542,3
21545,2
21551,3
21554,2
21557,2
21559,3
21563,2
21565,4
21569,2
21574,3
21577,3
21582,2
21585,3
21590,5
21596,3
21599,5
21604,2
21607,7
21614,2
21616,3
21622,2
21625,3
21630,4
21635,2
21637,3
21641,4
21645,3
21650,2
21655,5
21660,3
21663,8
21671,2
21673,3
21676,2
21678,3
21684,2
21686,2
21688,4
21693,2
21695,7
21702,2
21704,4
21709,2
21711,2
21713,2
21716,2
21718,3
21722,2
21725,3
21728,5
21733,12
21745,2
21748,2
21750,4
21754,4
21758,6
21764,2
21766,5
21773,4
21777,3
21780,2
21782,2
21786,2
21788,3
21791,4
21795,2
21797,5
21802,2
21804,2
21806,2
21808,2
21810,4
21814,2
21816,2
21818,5
21823,7
21832,7
21839,3
21842,4
21848,2
21850,3
21859,2
21862,5
21867,2
21872,2
21874,6
21882,2
21886,2
21888,3
21894,2
21898,5
21904,3
21907,2
21909,6
21915,3
21918,3
21922,2
21927,2
21929,3
21932,2
21934,2
21936,6
21944,5
21950,2
21952,3
21955,2
21957,6
21963,9
21972,2
21977,6
21984,2
21988,5
21993,4
21997,4
22001,2
22004,2
22006,4
22010,2
22013,5
22018,2
22021,2
22024,4
22028,2
22030,7
22037,3
22040,4
22044,5
22049,4
22053,3
22056,4
22060,2
22062,3
22067,7
22075,3
22078,5
22083,2
22085,2
22090,2
22094,2
22096,2
22098,3
22101,2
22103,15
22118,2
22120,5
22125,5
22130,3
22134,2
22137,1
22144,2
22147,5
22152,2
22155,6
22161,2
22164,7
22171,3
22174,2
22176,3
22179,2
22182,4
22187,2
22192,2
22194,2
22197,2
22199,2
22201,5
22207,2
22209,1
22211,3
22214,12
22226,2
22228,13
22244,1
22247,2
22250,3
22253,3
22256,5
22263,2
22269,4
22278,5
22284,2
22286,2
22288,4
22295,2
22298,3
22302,3
22308,4
22312,2
22316,3
22320,2
22322,2
22325,4
22330,4
22336,4
22340,3
22344,3
22347,3
22353,3
22356,5
22361,3
22364,3
22369,6
22375,3
22378,3
22382,2
22384,3
22387,2
22391,5
22396,3
22401,1
22405,3
22408,4
22413,6
22419,2
22423,4
22427,3
22430,3
22437,5
22442,6
22448,2
22452,1
22454,2
22458,4
22462,4
22466,2
22468,3
22471,3
22474,4
22479,3
22482,2
22485,3
22489,3
22492,2
22495,6
22501,1
22503,5
22508,6
22514,2
22516,2
22518,2
22520,4
22524,3
22528,3
22531,3
22535,2
22538,4
22542,6
22552,4
22556,4
22571,7
22578,3
22581,3
22584,2
22586,6
22592,3
22595,2
22597,2
22601,6
22610,4
22615,2
22617,3
22620,4
22628,4
22633,3
22636,2
22640,3
22643,7
22651,1
22653,3
22656,2
22663,3
22666,3
22669,2
22674,3
22677,3
22680,3
22683,5
22689,2
22692,6
22699,2
22702,3
22706,2
22708,2
22710,9
22721,2
22724,2
22726,2
22730,3
22734,2
22739,2
22741,3
22745,4
22751,3
22754,2
22756,4
22761,2
22763,3
22770,5
22775,2
22777,2
22780,2
22783,2
22787,2
22789,2
22793,3
22801,4
22806,2
22808,3
22812,5
22817,3
22820,3
22824,2
22826,5
22831,2
22834,2
22839,2
22841,4
22847,3
22854,5
22860,2
22862,2
22864,3
22867,2
22869,1
22871,2
22874,2
22877,2
22879,5
22884,2
22886,2
22888,6
22894,3
22898,7
22908,2
22910,3
22913,2
22916,2
22919,3
22923,3
22926,5
22931,3
22934,2
22936,3
22939,5
22944,7
22953,2
22955,5
22962,3
22966,4
22970,3
22973,6
22979,2
22983,4
22987,2
22989,4
22995,2
22997,2
22999,3
23002,2
23005,3
23011,2
23013,3
23018,2
23020,6
23026,3
23029,2
23032,2
23035,7
23044,2
23046,7
23053,11
23064,4
23069,2
23075,2
23077,4
23081,6
23087,4
23092,2
23094,4
23098,3
23104,2
23106,2
23108,2
23110,2
23112,3
23115,5
23121,2
23125,3
23130,7
23138,3
23141,2
23143,4
23147,2
23152,3
23161,2
23164,2
23168,2
23172,5
23177,5
23182,2
23184,2
23187,4
23194,3
23197,4
23201,5
23207,3
23210,3
23213,2
23216,3
23219,3
23226,4
23230,3
23233,2
23235,2
23242,2
23244,2
23246,2
23248,4
23255,6
23261,7
23268,5
23273,2
23276,4
23280,2
23282,2
23284,10
23294,3
23298,2
23300,2
23303,3
23306,4
23310,3
23313,1
23317,7
23325,5
23330,4
23339,2
23341,6
23348,2
23351,2
23353,2
23355,4
23359,7
23366,3
23372,2
23374,3
23378,2
23381,2
23383,2
23385,3
23388,3
23391,2
23393,2
23395,2
23399,3
23402,3
23405,11
23417,2
23422,2
23426,2
23428,2
23430,4
23434,2
23438,3
23443,4
23450,2
23452,2
23454,4
23458,2
23461,7
23469,4
23474,3
23477,2
23480,2
23482,5
23487,2
23491,5
23496,8
23505,4
23510,7
23519,3
23522,2
23527,2
23529,2
23531,2
23533,2
23535,5
23540,5
23545,5
23556,2
23561,2
23563,3
23567,2
23569,3
23573,3
23576,2
23578,7
23586,3
23590,4
23595,2
23598,3
23601,2
23603,2
23606,2
23608,2
23613,3
23618,5
23624,2
23626,2
23629,3
23632,2
23634,2
23639,2
23644,3
23648,2
23650,3
23653,2
23658,2
23662,2
23665,3
23670,3
23673,2
23676,3
23679,4
23687,5
23695,2
23699,2
23702,2
23704,2
23706,3
23709,4
23715,2
23717,2
23719,2
23723,4
23727,2
23731,2
23736,2
23739,3
23743,2
23745,2
23748,3
23751,2
23754,2
23757,1
23759,3
23763,2
23765,2
23767,4
23772,2
23774,2
23778,3
23781,3
23787,3
23793,2
23795,4
23799,2
23802,3
23805,1
23807,2
23809,4
23813,5
23818,2
23820,4
23824,3
23827,5
23832,4
23836,2
23844,3
23847,2
23849,3
23852,2
23854,4
23858,4
23863,4
23869,5
23875,2
23878,3
23882,6
23888,4
23892,3
23895,4
23900,3
23903,2
23909,4
23913,2
23917,3
23922,9
23931,4
23935,4
23940,9
23949,4
23955,2
23959,3
23963,3
23966,2
23969,3
23973,3
23976,2
23978,3
23981,4
23987,4
23991,2
23993,5
24002,6
24012,4
24016,2
24019,5
24025,3
24028,3
24031,2
24033,3
24036,3
24039,2
24041,1
24043,2
24051,3
24056,4
24060,6
24066,4
24072,8
24080,2
24083,3
24087,3
24090,3
24096,2
24098,4
24102,5
24107,2
24109,2
24111,2
24113,2
24115,6
24124,2
24126,2
24128,2
24133,3
24137,15
24152,2
24155,3
24158,3
24165,3
24168,2
24173,2
24176,3
24179,3
24183,2
24187,4
24191,9
24201,5
24207,3
24211,2
24213,2
24216,6
24222,2
24224,2
24230,2
24233,2
24236,6
24243,4
24249,3
24255,4
24259,3
24262,2
24265,2
24267,3
24271,2
24276,2
24279,4
24285,3
24288,2
24296,2
24298,2
24300,2
24302,1
24305,2
24310,2
24314,2
24319,4
24323,2
24326,3
24329,3
24332,2
24334,2
24337,4
24341,2
24343,2
24345,2
24348,10
24358,2
24361,2
24365,3
24371,3
24376,2
24378,2
24381,4
24385,2
24392,5
24397,2
24400,2
24402,4
24407,3
24410,2
24412,2
24414,4
24418,2
24422,2
24424,3
24427,3
24431,2
24433,2
24435,2
24437,3
24441,4
24445,2
24448,3
24451,3
24454,3
24459,2
24461,3
24464,2
24466,2
24469,4
24473,4
24478,2
24480,3
24485,7
24492,3
24497,2
24499,5
24504,4
24508,3
24512,2
24515,2
24518,2
24521,6
24527,2
24529,5
24534,2
24536,2
24541,2
24544,4
24549,2
24552,2
24555,3
24562,2
24564,5
24570,4
24575,5
24580,4
24585,2
24592,3
24595,5
24602,2
24605,6
24611,2
24613,3
24616,2
24619,2
24621,3
24625,2
24629,2
24631,2
24633,2
24635,4
24639,3
24643,2
24648,6
24654,6
24660,3
24663,8
24673,3
24676,3
24681,4
24685,2
24687,2
24689,5
24695,3
24698,3
24701,2
24703,2
24705,2
24707,5
24716,4
24720,3
24725,2
24727,5
24732,3
24735,3
24738,2
24743,4
24747,2
24749,2
24752,3
24756,2
24759,4
24763,7
24770,3
24773,2
24776,3
24783,8
24791,4
24795,3
24798,2
24802,2
24806,2
24808,8
24816,2
24818,2
24820,4
24824,2
24827,2
24830,4
24836,2
24838,2
24840,3
24843,2
24845,2
24847,7
24854,2
24860,4
24864,4
24868,4
24872,6
24878,3
24881,2
24884,2
24886,5
24891,3
24894,2
24898,2
24900,4
24907,2
24909,2
24912,5
24918,3
24924,3
24928,5
24938,5
24944,6
24950,2
24952,3
24955,4
24961,5
24968,3
24972,4
24979,2
24981,2
24988,7
24995,4
24999,2
25001,5
25006,2
25009,2
25011,3
25016,2
25021,5
25029,2
25034,3
25039,6
25045,5
25050,2
25053,3
25061,3
25065,4
25070,4
25075,5
25082,2
25086,2
25088,4
25095,3
25099,3
25109,5
25114,2
25116,2
25119,4
25125,7
25132,23
25158,23
25181,22
25203,4
25207,2
25209,17
25227,7
25234,13
25247,5
25252,5
25257,5
25262,2
25264,3
25268,7
25275,11
25286,17
25303,14
25318,3
25321,4
25326,3
25329,3
25332,3
25335,12
25347,5
25352,4
25358,5
25364,9
25373,7
25380,8
25388,5
25393,4
25397,4
25402,7
25409,3
25412,9
25421,2
25423,2
25425,5
25431,3
25436,11
25448,4
25452,3
25456,2
25460,5
25465,7
25472,2
25474,3
25478,7
25485,3
25488,4
25493,3
25497,4
25501,2
25503,4
25507,3
25510,2
25512,7
25519,14
25533,5
25538,7
25545,2
25547,10
25557,5
25565,7
25572,6
25580,2
25583,3
25586,6
25592,5
25597,3
25600,2
25602,3
25605,4
25609,3
25612,4
25616,7
25624,4
25628,15
25643,9
25652,3
25655,3
25658,13
25672,6
25680,2
25682,2
25684,2
25686,7
25693,2
25696,2
25699,3
25702,10
25713,6
25719,6
25725,2
25727,4
25732,3
25735,5
25740,3
25743,4
25749,7
25757,5
25762,3
25768,7
25776,3
25779,2
25781,3
25784,5
25789,3
25792,6
25798,2
25801,2
25803,6
25809,2
25811,5
25816,2
25818,5
25823,7
25832,11
25845,5
25850,9
25859,9
25868,8
25876,4
25880,7
25887,7
25894,3
25898,4
25902,14
25917,4
25923,2
25925,3
25928,2
25931,7
25938,2
25940,8
25948,3
25953,5
25958,6
25965,12
25977,6
25983,2
25985,10
25995,2
25999,3
26003,4
26007,13
26020,3
26024,3
26028,3
26032,3
26035,6
26041,10
26051,7
26058,8
26066,3
26072,2
26074,3
26078,2
26080,7
26087,2
26090,3
26095,11
26108,4
26112,2
26115,24
26139,8
26147,3
26150,4
26154,6
26160,2
26162,3
26166,3
26169,11
26181,4
26185,5
26190,2
26192,5
26197,3
26200,4
26204,2
26206,3
26209,11
26220,2
26222,7
26229,2
26231,8
26239,3
26242,3
26245,3
26248,4
26252,3
26255,2
26257,5
26262,6
26271,3
26277,3
26283,11
26294,6
26300,10
26310,2
26312,3
26316,5
26321,6
26327,3
26331,3
26334,7
26341,2
26344,6
26350,2
26352,3
26357,3
26361,17
26379,2
26384,11
26395,2
26397,2
26401,2
26403,2
26405,2
26408,6
26415,6
26421,5
26426,5
26432,4
26437,5
26442,12
26454,2
26456,3
26459,2
26462,6
26468,2
26470,8
26478,13
26491,7
26498,3
26501,5
26509,2
26511,3
26514,11
26525,4
26529,3
26532,2
26536,12
26548,11
26559,1
26561,3
26564,3
26567,7
26574,3
26578,4
26583,3
26586,4
26591,5
26596,3
26599,3
26602,3
26605,3
26608,7
26615,4
26620,2
26623,3
26626,5
26631,7
26639,3
26644,2
26646,4
26650,1
26652,8
26660,3
26663,2
26665,6
26671,10
26682,2
26684,2
26686,2
26689,5
26694,1
26696,8
26704,14
26718,6
26724,8
26732,5
26737,8
26745,7
26752,2
26754,3
26757,8
26765,5
26770,4
26774,2
26777,2
26779,2
26781,3
26784,9
26793,2
26795,3
26798,5
26803,8
26811,4
26815,6
26821,3
26824,2
26826,11
26838,4
26842,4
26846,5
26851,3
26854,3
26859,3
26862,5
26867,6
26873,9
26882,2
26884,5
26890,6
26896,2
26899,4
26905,6
26911,3
26915,13
26932,5
26937,10
26947,6
26953,2
26955,2
26957,3
26960,2
26963,4
26968,4
26972,7
26979,5
26984,9
26993,4
26997,4
27001,3
27005,2
27008,3
27011,9
27021,3
27024,12
27036,2
27038,4
27042,4
27047,4
27051,13
27064,2
27066,3
27069,5
27074,2
27076,2
27079,5
27085,4
27089,4
27093,2
27095,8
27103,2
27105,4
27111,4
27115,2
27117,17
27134,2
27139,3
27142,3
27145,3
27148,6
27154,4
27160,5
27166,2
27168,2
27170,3
27174,4
27178,2
27180,4
27184,4
27189,7
27196,4
27200,2
27204,2
27208,4
27213,5
27218,2
27221,4
27225,2
27228,2
27231,3
27235,7
27243,2
27245,5
27250,2
27253,7
27260,2
27263,4
27269,5
27274,8
27283,4
27287,3
27290,3
27295,8
27303,4
27308,3
27311,2
27313,3
27316,4
27321,3
27324,3
27327,8
27337,5
27342,3
27348,5
27353,3
27356,3
27359,4
27363,2
27366,2
27368,3
27371,8
27379,3
27383,4
27387,4
27391,4
27395,4
27399,3
27402,5
27408,5
27413,2
27416,3
27419,6
27430,5
27437,2
27439,2
27441,2
27443,2
27445,7
27453,3
27456,4
27460,4
27466,3
27469,2
27471,5
27476,3
27480,5
27488,4
27493,13
27506,2
27509,9
27518,5
27523,8
27531,8
27539,3
27544,3
27549,3
27552,4
27556,2
27558,6
27564,2
27567,4
27571,4
27575,1
27577,2
27579,2
27582,5
27587,5
27592,3
27596,2
27598,4
27602,3
27605,6
27613,3
27616,2
27618,2
27620,14
27634,2
27636,2
27639,6
27645,3
27649,2
27651,6
27657,2
27659,9
27669,3
27674,2
27676,3
27679,5
27684,4
27688,4
27692,3
27695,5
27700,3
27703,2
27705,10
27715,2
27717,7
27724,3
27727,5
27732,4
27738,2
27740,5
27746,5
27751,7
27758,6
27765,2
27767,2
27770,4
27775,9
27785,6
27791,8
27799,3
27803,4
27808,2
27810,2
27815,8
27823,2
27826,5
27831,3
27834,3
27837,2
27839,2
27841,4
27847,2
27849,2
27851,4
27855,3
27858,5
27864,2
27866,5
27873,3
27876,4
27880,2
27882,4
27886,2
27889,3
27892,3
27895,2
27897,6
27903,2
27906,2
27908,4
27912,2
27914,2
27917,2
27919,3
27922,4
27926,2
27928,2
27930,2
27934,5
27939,4
27943,13
27956,6
27962,5
27967,4
27971,2
27975,2
27977,6
27985,3
27988,5
27993,4
27998,2
28000,4
28004,1
28006,7
28014,2
28016,7
28024,14
28038,2
28040,4
28044,3
28047,7
28054,4
28058,3
28061,6
28067,4
28071,2
28073,3
28078,2
28080,2
28082,2
28084,6
28090,4
28094,2
28098,3
28102,6
28108,3
28112,5
28117,4
28121,2
28123,4
28130,2
28132,2
28135,5
28141,5
28146,6
28152,2
28154,6
28160,5
28165,4
28169,7
28176,2
28178,2
28180,10
28190,2
28192,4
28196,4
28201,6
28208,5
28213,6
28219,3
28222,4
28227,2
28231,2
28234,4
28239,3
28242,2
28245,3
28248,3
28251,3
28255,3
28259,2
28261,5
28266,8
28274,9
28284,5
28289,8
28297,5
28302,12
28314,3
28317,3
28320,3
28323,4
28328,2
28330,2
28332,2
28334,7
28342,2
28346,4
28352,2
28355,2
28357,2
28359,2
28361,2
28363,4
28368,3
28371,4
28377,4
28381,3
28388,4
28392,2
28394,5
28400,2
28406,5
28412,2
28414,2
28416,2
28419,3
28422,2
28424,2
28426,4
28430,2
28432,5
28437,2
28440,3
28443,2
28445,2
28449,4
28454,2
28458,2
28461,2
28463,4
28467,6
28473,7
28480,2
28482,2
28486,6
28493,4
28497,8
28505,2
28508,16
28524,4
28528,2
28534,2
28536,10
28546,2
28548,3
28551,3
28554,2
28556,2
28558,13
28571,2
28574,3
28577,3
28580,2
28582,2
28584,2
28586,4
28590,4
28594,9
28603,8
28611,9
28620,5
28625,3
28628,2
28630,2
28634,4
28638,5
28645,2
28647,3
28650,2
28654,2
28656,11
28667,5
28672,2
28674,3
28680,2
28683,8
28691,2
28693,5
28698,5
28703,4
28707,2
28709,4
28714,4
28721,4
28725,2
28727,3
28730,4
28736,2
28738,4
28742,4
28746,2
28748,9
28757,2
28760,2
28762,3
28765,3
28768,2
28771,2
28773,3
28777,10
28788,3
28791,3
28795,1
28798,2
28801,10
28812,1
28814,3
28817,2
28819,11
28830,2
28832,5
28839,4
28844,2
28846,5
28851,2
28854,4
28861,4
28865,3
28868,5
28873,10
28883,3
28886,4
28890,3
28894,2
28896,2
28898,5
28905,17
28922,2
28925,2
28927,3
28932,3
28935,7
28943,4
28947,6
28953,2
28955,6
28961,4
28965,6
28971,4
28975,2
28977,5
28982,7
28992,9
29002,3
29006,7
29013,9
29022,5
29028,4
29032,4
29036,2
29038,2
29040,2
29043,2
29046,2
29048,4
29054,3
29057,4
29062,5
29067,5
29073,7
29080,4
29084,4
29089,4
29093,3
29097,4
29101,5
29107,4
29113,3
29116,2
29118,4
29123,3
29128,2
29132,3
29135,4
29139,2
29141,2
29143,3
29146,4
29150,2
29154,2
29158,2
29161,3
29164,3
29167,6
29174,3
29177,3
29181,3
29184,4
29188,4
29192,2
29194,2
29196,2
29198,2
29202,2
29204,2
29208,3
29211,2
29214,4
29218,2
29220,3
29223,4
29227,2
29229,6
29235,5
29242,2
29244,4
29248,3
29253,4
29257,4
29261,4
29265,4
29270,5
29275,1
29277,9
29286,3
29289,2
29291,2
29298,4
29302,3
29306,2
29309,11
29320,6
29326,3
29331,3
29334,5
29339,2
29341,5
29346,2
29348,2
29351,3
29354,2
29356,5
29361,3
29364,2
29366,2
29368,3
29373,6
29379,6
29386,5
29391,5
29396,3
29402,5
29410,4
29415,3
29419,3
29423,10
29434,2
29436,5
29443,4
29447,6
29454,4
29458,3
29461,3
29464,3
29467,2
29469,3
29472,6
29478,2
29480,4
29484,6
29490,2
29492,2
29494,8
29502,3
29505,2
29507,5
29512,2
29514,5
29520,3
29523,4
29527,2
29529,3
29534,6
29540,3
29543,6
29549,2
29551,5
29556,2
29560,7
29567,4
29571,9
29580,2
29582,2
29584,3
29588,5
29593,9
29606,3
29610,4
29614,8
29623,2
29625,2
29627,2
29629,7
29637,4
29641,5
29647,2
29649,3
29652,3
29655,2
29657,3
29660,5
29665,4
29670,2
29676,6
29683,3
29688,4
29692,4
29697,4
29701,3
29704,6
29710,7
29717,4
29722,2
29724,3
29727,2
29729,2
29731,3
29734,7
29741,6
29747,1
29750,2
29752,4
29756,3
29760,4
29765,3
29768,3
29771,4
29775,5
29780,6
29786,4
29791,5
29796,7
29803,4
29808,2
29810,8
29820,3
29823,3
29826,3
29829,2
29833,5
29838,1
29845,3
29848,3
29852,9
29861,4
29865,3
29868,4
29873,3
29877,6
29884,5
29890,2
29893,9
29902,5
29908,3
29911,3
29916,2
29918,5
29923,2
29925,3
29930,4
29934,5
29939,2
29941,3
29944,2
29946,4
29950,5
29955,3
29960,2
29962,4
29967,2
29969,4
29975,4
29979,3
29982,8
29991,8
29999,9
30008,3
30011,2
30013,2
30017,2
30019,2
30021,3
30026,6
30035,2
30038,5
30043,2
30045,3
30048,4
30052,3
30055,4
30060,3
30063,5
30068,3
30071,7
30079,5
30084,3
30087,2
30089,2
30095,3
30098,2
30101,5
30107,5
30113,6
30119,1
30122,4
30126,3
30129,3
30132,2
30135,6
30141,2
30143,2
30145,2
30149,4
30153,3
30157,2
30159,6
30165,11
30177,3
30180,1
30182,5
30187,9
30196,3
30199,2
30201,2
30203,5
30208,14
30223,2
30225,5
30231,2
30233,3
30236,2
30238,7
30245,4
30249,4
30253,4
30257,2
30259,5
30264,4
30268,2
30270,6
30276,6
30283,5
30289,2
30291,3
30298,8
30307,2
30310,4
30314,2
30317,3
30320,7
30327,2
30330,10
30340,3
30343,4
30352,2
30354,2
30357,4
30361,5
30366,4
30371,2
30373,2
30375,2
30377,4
30381,3
30384,4
30388,3
30391,3
30394,2
30396,7
30403,3
30406,2
30408,10
30418,5
30423,3
30427,3
30431,3
30434,6
30441,3
30444,2
30446,2
30448,5
30453,2
30456,2
30459,2
30461,3
30464,6
30471,3
30475,2
30477,3
30481,2
30483,8
30493,4
30499,5
30505,3
30509,4
30513,2
30516,5
30522,2
30525,2
30529,3
30533,4
30537,3
30540,3
30543,2
30547,2
30551,5
30556,4
30560,3
30563,2
30565,2
30568,7
30577,3
30580,3
30583,9
30592,2
30594,2
30596,2
30598,2
30600,2
30602,11
30615,4
30621,5
30629,5
30634,9
30643,4
30647,3
30650,2
30652,5
30657,2
30659,2
30661,3
30664,3
30667,2
30669,6
30676,3
30680,4
30685,6
30691,5
30696,9
30705,4
30709,5
30714,2
30717,2
30719,3
30723,13
30736,3
30739,3
30742,6
30749,5
30755,8
30764,5
30770,2
30772,2
30774,2
30776,7
30783,2
30785,4
30789,2
30792,2
30794,15
30809,3
30812,3
30815,3
30818,2
30820,6
30826,3
30832,3
30835,5
30842,3
30845,6
30851,2
30853,2
30855,3
30858,11
30872,7
30879,6
30885,2
30887,9
30896,5
30903,2
30906,2
30909,4
30913,4
30917,3
30920,2
30922,2
30924,4
30928,1
30931,3
30934,2
30936,4
30941,3
30944,5
30950,3
30953,3
30956,3
30960,4
30964,8
30972,2
30974,4
30978,2
30981,4
30985,3
30988,3
30993,3
30996,3
30999,4
31003,4
31007,2
31009,2
31012,3
31015,3
31018,2
31023,2
31025,3
31029,3
31032,4
31036,3
31039,8
31047,6
31054,2
31056,3
31061,3
31065,2
31067,4
31072,4
31076,2
31078,4
31082,5
31087,4
31092,7
31099,6
31105,3
31108,3
31112,2
31115,2
31117,2
31119,7
31126,6
31132,2
31134,5
31139,3
31142,3
31145,3
31148,8
31156,2
31158,2
31163,2
31167,2
31169,2
31171,4
31175,6
31182,2
31184,6
31190,5
31197,2
31199,2
31201,2
31203,3
31206,3
31212,4
31216,11
31227,6
31235,5
31240,6
31246,2
31249,5
31256,8
31264,6
31270,3
31274,2
31276,3
31279,2
31282,2
31285,1
31287,4
31291,4
31295,3
31298,2
31300,7
31307,2
31309,4
31313,4
31317,3
31320,4
31324,9
31336,2
31339,3
31342,2
31344,3
31347,2
31350,3
31353,7
31360,2
31365,2
31367,2
31369,5
31374,2
31376,3
31380,3
31383,4
31388,2
31390,2
31394,3
31397,4
31401,8
31409,2
31411,4
31415,3
31419,3
31423,4
31428,3
31432,5
31438,3
31443,2
31446,3
31453,3
31457,3
31460,2
31463,8
31471,2
31475,3
31478,3
31481,7
31488,2
31490,2
31492,6
31498,2
31501,2
31503,3
31506,6
31512,9
31522,2
31524,2
31527,4
31532,4
31536,3
31541,2
31543,5
31548,4
31552,2
31554,2
31556,5
31561,3
31565,3
31568,4
31573,5
31578,5
31583,4
31587,2
31589,2
31592,2
31594,5
31599,4
31603,5
31609,2
31612,3
31615,5
31620,2
31622,2
31625,2
31627,2
31629,5
31634,4
31639,2
31642,4
31646,2
31648,3
31651,3
31654,4
31658,3
31661,3
31664,2
31666,3
31670,2
31672,4
31676,7
31683,3
31686,3
31689,2
31694,3
31697,3
31700,3
31703,3
31706,3
31709,6
31717,4
31721,4
31725,3
31728,9
31738,2
31741,2
31743,2
31746,2
31749,4
31755,2
31757,4
31761,2
31763,3
31766,5
31771,4
31776,2
31778,4
31782,1
31788,5
31793,2
31795,12
31808,4
31812,5
31817,4
31821,4
31825,5
31830,2
31833,4
31838,7
31845,6
31852,3
31855,4
31859,2
31861,2
31863,3
31866,2
31868,8
31876,3
31880,2
31882,4
31886,2
31888,3
31893,1
31897,5
31902,3
31907,3
31910,3
31914,6
31920,3
31924,5
31929,5
31935,5
31940,6
31947,4
31951,4
31955,3
31958,2
31962,4
31966,4
31970,5
31976,14
31990,2
31993,2
31995,4
32000,3
32003,2
32006,2
32008,2
32010,2
32012,2
32014,12
32027,4
32031,3
32034,4
32038,2
32044,2
32047,2
32049,6
32055,4
32060,3
32063,5
32069,2
32071,10
32081,3
32084,8
32092,2
32096,2
32098,4
32104,4
32108,3
32111,3
32115,6
32121,5
32126,2
32128,5
32134,3
32137,2
32140,2
32142,7
32149,3
32152,3
32157,2
32159,3
32163,3
32166,5
32171,6
32177,2
32179,3
32182,6
32188,2
32190,5
32195,6
32201,3
32204,2
32207,3
32211,2
32216,5
32222,8
32230,6
32236,4
32240,4
32249,6
32255,4
32259,9
32268,4
32272,2
32274,2
32278,6
32288,2
32290,2
32293,2
32296,3
32300,10
32310,2
32313,3
32316,2
32318,4
32322,5
32329,13
32342,2
32344,5
32350,2
32352,2
32356,3
32359,2
32361,3
32364,3
32367,3
32371,2
32374,2
32376,3
32380,2
32382,3
32385,2
32387,2
32389,2
32392,3
32398,2
32401,2
32403,2
32405,6
32411,2
32413,2
32415,4
32419,12
32431,3
32435,8
32443,5
32448,7
32455,10
32465,7
32472,5
32477,4
32481,5
32486,2
32488,5
32493,5
32499,4
32503,2
32505,2
32507,2
32509,11
32520,3
32524,2
32529,2
32532,4
32537,2
32539,3
32544,3
32547,3
32550,5
32555,2
32557,3
32560,2
32562,4
32566,4
32570,4
32575,2
32577,2
32579,3
32582,3
32586,4
32590,5
32595,3
32598,3
32601,2
32605,3
32612,2
32615,4
32619,1
32622,2
32624,4
32629,2
32631,2
32634,2
32637,3
32642,3
32646,9
32657,2
32659,5
32664,3
32670,1
32674,2
32676,5
32683,3
32687,3
32690,5
32696,6
32703,3
32706,2
32709,3
32714,5
32720,2
32722,2
32724,2
32728,3
32731,2
32733,4
32737,4
32741,2
32743,2
32745,2
32747,4
32752,10
32762,2
32764,5
32770,4
32774,3
32777,6
32783,4
32787,3
32790,3
32793,5
32798,5
32803,4
32808,3
32812,6
32819,2
32823,2
32825,2
32828,7
32835,5
32841,3
32845,2
32848,7
32856,3
32859,3
32864,2
32866,2
32868,3
32871,6
32881,2
32883,3
32886,3
32889,4
32895,4
32899,3
32903,4
32908,3
32911,4
32919,6
32926,2
32929,15
32944,3
32947,2
32949,2
32951,2
32954,6
32960,1
32962,2
32964,3
32967,3
32970,4
32975,2
32978,4
32982,5
32990,2
32992,2
32994,4
32998,2
33000,5
33005,5
33010,4
33016,8
33024,4
33028,5
33033,3
33036,2
33038,2
33045,2
33047,3
33050,1
33053,4
33057,4
33061,2
33063,2
33066,3
33072,2
33075,2
33078,6
33086,17
33103,7
33110,5
33116,2
33118,3
33121,2
33123,3
33126,2
33129,4
33133,4
33137,4
33141,4
33145,2
33147,2
33150,4
33154,3
33159,3
33167,2
33171,2
33173,2
33175,2
33177,2
33179,10
33191,2
33193,4
33197,3
33200,4
33206,8
33214,3
33218,3
33221,4
33225,3
33228,5
33234,4
33238,2
33240,2
33242,6
33249,3
33252,2
33254,3
33257,1
33260,5
33267,2
33269,2
33271,4
33275,5
33281,2
33283,3
33289,2
33292,4
33298,7
33305,5
33310,3
33314,14
33328,5
33333,2
33335,7
33342,2
33344,2
33346,2
33349,6
33357,6
33364,2
33366,3
33371,2
33373,5
33378,4
33382,4
33386,2
33389,3
33392,6
33399,2
33403,3
33406,4
33410,2
33412,4
33416,4
33421,2
33423,8
33434,2
33436,2
33438,2
33442,4
33446,2
33448,3
33452,7
33459,1
33462,2
33464,3
33468,4
33472,3
33475,6
33481,2
33485,2
33489,7
33497,2
33500,4
33504,4
33508,2
33510,4
33515,5
33520,2
33523,2
33525,4
33529,2
33531,4
33536,4
33540,2
33543,2
33545,4
33549,6
33555,3
33560,3
33566,2
33568,2
33570,8
33578,3
33581,4
33586,3
33589,4
33593,3
33596,3
33599,6
33606,3
33609,5
33614,2
33617,2
33619,3
33624,3
33627,2
33629,2
33631,2
33633,6
33640,2
33642,2
33644,4
33648,2
33650,14
33665,3
33668,4
33676,5
33681,3
33684,3
33688,3
33692,1
33698,2
33700,3
33707,2
33709,4
33713,2
33720,2
33732,3
33750,3
33775,2
33779,2
33783,2
33792,5
33800,1
33805,1
33811,2
33813,4
33821,1
33823,2
33842,2
33845,4
33849,1
33852,5
33867,3
33870,1
33875,2
33881,2
33891,3
33900,3
33903,2
33907,2
33914,2
33916,2
33923,2
33932,2
33948,2
33950,4
33965,3
33968,1
33972,1
33976,4
33981,2
33985,1
33991,3
34003,2
34007,2
34010,1
34013,3
34016,2
34023,2
34035,2
34045,1
34053,3
34058,2
34064,4
34068,5
34073,1
34084,1
34093,2
34098,4
34104,5
34112,2
34133,2
34143,2
34160,3
34163,5
34173,5
34180,2
34184,2
34186,3
34190,2
34192,3
34200,2
34202,1
34206,2
34208,2
34217,1
34220,3
34231,3
34235,3
34247,2
34251,5
34259,3
34265,3
34276,3
34286,2
34290,4
34294,5
34308,2
34310,2
34312,2
34317,6
34323,3
34328,2
34333,2
34342,2
34347,2
34354,2
34370,1
34375,5
34380,1
34387,2
34389,2
34392,1
34397,1
34399,5
34410,1
34419,3
34423,1
34431,1
34435,2
34451,2
34455,3
34462,2
34465,3
34472,2
34474,1
34476,2
34482,3
34485,2
34488,2
34492,3
34500,2
34507,2
34515,3
34522,2
34524,3
34529,2
34531,2
34540,1
34545,1
34551,1
34556,3
34592,2
34596,3
34601,2
34604,1
34607,2
34612,4
34624,5
34630,2
34645,3
34648,3
34654,1
34659,3
34662,1
34668,2
34670,2
34683,1
34693,1
34696,1
34702,2
34705,1
34707,2
34710,2
34717,2
34728,5
34740,2
34747,4
34752,2
34761,1
34778,1
34780,2
34801,4
34807,2
34809,2
34812,2
34821,1
34827,3
34835,2
34837,1
34841,1
34844,3
34863,2
34871,2
34880,3
34891,4
34900,1
34912,2
34931,2
34946,1
34953,2
34955,3
34958,3
34961,1
34976,2
34979,2
34986,3
35002,2
35017,2
35022,1
35029,3
35041,2
35045,2
35053,4
35057,1
35078,1
35080,2
35082,1
35091,1
35105,2
35109,1
35124,2
35127,3
35132,1
35136,2
35146,1
35158,3
35162,2
35164,1
35167,2
35170,2
35173,1
35176,3
35179,2
35186,2
35190,1
35198,3
35208,1
35211,2
35227,2
35234,2
35250,2
35263,1
35265,2
35267,2
35269,2
35272,1
35283,2
35285,2
35288,4
35292,3
35295,1
35299,2
35306,2
35323,2
35327,1
35330,2
35334,2
35336,3
35348,1
35361,1
35370,2
35372,2
35378,3
35394,2
35396,1
35403,2
35411,2
35415,2
35417,3
35422,2
35427,1
35432,2
35439,1
35442,1
35454,2
35457,3
35466,2
35473,1
35493,4
35499,2
35515,2
35522,2
35525,1
35538,2
35541,2
35554,1
35564,2
35566,1
35578,4
35582,5
35589,4
35595,1
35597,3
35619,2
35621,3
35624,3
35642,3
35648,1
35650,2
35652,4
35667,3
35677,1
35679,2
35697,2
35699,2
35702,2
35705,2
35708,2
35714,1
35721,3
35724,1
35736,2
35746,2
35752,2
35767,1
35773,2
35779,2
35782,2
35788,2
35795,3
35798,3
35802,3
35812,1
35818,3
35823,3
35832,1
35839,4
35860,4
35864,1
35869,2
35875,1
35878,1
35887,3
35901,1
35904,2
35910,2
35927,3
35931,2
35939,2
35941,1
35947,2
35950,2
35957,3
35969,1
35971,3
35975,5
35981,3
35984,1
35986,2
35988,1
36007,2
36026,2
36028,1
36038,2
36049,1
36054,2
36060,2
36062,1
36075,2
36082,3
36085,1
36099,1
36103,2
36105,1
36123,2
36126,1
36128,2
36130,2
36134,2
36147,2
36156,2
36175,5
36192,1
36207,3
36210,1
36220,1
36231,3
36241,3
36244,1
36249,2
36261,2
36268,2
36272,2
36278,2
36287,2
36289,3
36296,2
36298,2
36312,1
36326,2
36343,3
36346,1
36360,4
36369,2
36373,3
36380,1
36393,4
36401,1
36410,1
36435,1
36440,3
36451,2
36453,2
36456,2
36461,4
36466,2
36468,2
36470,2
36484,1
36488,1
36497,1
36505,2
36525,1
36539,1
36542,4
36568,3
36571,2
36589,1
36599,2
36605,1
36615,3
36631,2
36635,5
36659,4
36669,2
36677,2
36679,2
36681,1
36689,2
36692,1
36700,2
36703,4
36710,2
36713,2
36722,1
36724,2
36726,2
36732,3
36736,3
36747,1
36749,5
36770,1
36772,5
36778,2
36783,1
36794,2
36804,1
36810,3
36814,2
36816,2
36821,2
36823,2
36832,3
36839,1
36842,2
36844,2
36846,2
36851,2
36856,2
36858,3
36862,2
36867,1
36872,1
36888,2
36894,1
36896,2
36902,2
36907,2
36909,1
36912,2
36914,3
36920,2
36925,1
36928,4
36945,3
36953,1
36964,1
36968,2
36974,2
36987,1
36990,2
36997,2
36999,1
37004,3
37015,2
37019,3
37027,1
37030,1
37039,2
37048,1
37056,2
37060,2
37064,2
37076,1
37085,2
37089,1
37114,2
37120,2
37126,1
37131,5
37136,1
37150,1
37162,1
37172,1
37175,2
37182,1
37188,1
37191,1
37194,1
37197,5
37202,2
37207,2
37216,3
37222,3
37225,1
37235,1
37249,2
37251,3
37256,2
37264,1
37268,3
37277,1
37282,3
37286,2
37295,6
37304,2
37306,2
37310,2
37317,1
37321,2
37325,2
37329,1
37339,2
37342,2
37353,3
37377,2
37387,1
37393,4
37400,1
37410,2
37413,2
37416,3
37420,2
37434,3
37437,2
37442,2
37477,2
37491,3
37509,1
37511,4
37518,1
37529,2
37558,1
37560,2
37568,1
37570,2
37587,3
37591,2
37599,3
37608,2
37616,2
37627,4
37653,1
37664,1
37675,1
37685,2
37688,1
37691,1
37695,3
37701,2
37718,1
37724,1
37726,1
37733,1
37742,4
37749,3
37769,1
37771,2
37775,3
37787,2
37791,3
37797,3
37800,2
37803,2
37805,1
37807,1
37812,2
37817,1
37840,2
37850,1
37853,3
37856,4
37860,1
37863,2
37879,2
37881,2
37885,2
37897,2
37900,3
37904,2
37907,1
37915,2
37917,2
37930,1
37935,1
37944,1
37947,2
37973,1
37979,1
37982,3
37993,2
38002,2
38016,2
38019,2
38041,3
38045,1
38056,3
38059,3
38062,1
38067,3
38071,3
38074,2
38078,3
38082,2
38088,2
38100,2
38112,4
38124,1
38144,1
38158,4
38165,2
38169,3
38172,3
38182,2
38209,2
38211,1
38223,2
38231,1
38252,1
38254,1
38260,1
38262,2
38267,2
38273,1
38279,2
38281,2
38290,2
38296,2
38303,1
38306,2
38313,2
38315,3
38325,2
38327,1
38329,2
38345,4
38349,4
38368,2
38372,3
38375,2
38393,1
38404,2
38415,1
38419,2
38423,3
38431,2
38436,3
38444,1
38449,2
38461,2
38467,1
38472,3
38489,2
38507,3
38518,3
38527,3
38535,2
38537,2
38540,2
38563,4
38572,2
38574,2
38594,4
38599,3
38614,2
38621,1
38629,2
38639,2
38655,2
38668,1
38672,2
38677,2
38679,2
38691,2
38697,2
38699,2
38706,1
38710,2
38722,2
38724,3
38757,2
38762,2
38771,3
38775,3
38787,2
38790,1
38792,3
38803,1
38808,2
38810,2
38814,5
38819,2
38840,1
38845,1
38848,2
38850,2
38856,2
38875,1
38877,2
38880,2
38887,2
38906,3
38909,1
38922,2
38928,1
38935,2
38939,3
38947,1
38954,2
38957,3
38965,2
38972,3
38978,3
38985,3
38990,1
39010,3
39015,1
39018,2
39023,3
39026,2
39028,1
39030,3
39033,1
39037,2
39041,2
39044,1
39049,2
39071,2
39080,2
39084,2
39086,1
39092,4
39125,3
39128,2
39139,2
39146,1
39156,1
39160,2
39168,1
39170,1
39176,2
39187,2
39197,2
39209,4
39216,5
39231,3
39234,1
39243,2
39249,1
39252,4
39261,2
39275,2
39282,2
39288,3
39297,3
39304,2
39314,2
39317,1
39319,1
39325,2
39330,1
39341,3
39356,3
39359,1
39362,1
39368,1
39379,2
39383,4
39399,2
39407,2
39410,3
39415,2
39421,3
39427,2
39438,2
39443,1
39448,2
39452,2
39455,2
39460,1
39464,2
39473,3
39487,3
39497,1
39510,2
39512,2
39520,1
39526,2
39528,4
39537,1
39548,1
39551,1
39557,1
39560,3
39564,2
39569,1
39577,1
39581,1
39598,2
39600,3
39606,1
39608,3
39618,2
39631,2
39637,2
39645,1
39648,2
39652,1
39655,2
39678,1
39680,1
39684,1
39687,2
39703,1
39708,1
39717,2
39720,2
39722,3
39731,1
39735,1
39740,1
39761,2
39766,1
39773,3
39776,2
39781,1
39798,2
39812,2
39817,2
39827,1
39832,3
39840,2
39846,3
39862,2
39868,1
39870,2
39879,2
39881,2
39883,2
39892,3
39899,3
39913,2
39928,1
39933,2
39951,1
39954,3
39959,2
39966,1
39978,3
39997,2
40013,1
40024,1
40027,2
40030,3
40033,2
40039,2
40042,2
40046,2
40048,1
40051,2
40058,2
40064,4
40076,2
40078,3
40093,1
40106,1
40109,2
40113,2
40126,3
40130,2
40142,2
40150,2
40164,1
40168,1
40179,2
40183,2
40185,5
40194,3
40197,2
40204,2
40219,2
40228,1
40236,2
40246,2
40255,3
40258,2
40260,2
40267,3
40274,2
40280,3
40285,2
40287,2
40292,2
40294,2
40303,2
40305,2
40324,1
40333,2
40335,2
40337,2
40352,2
40362,6
40388,4
40404,2
40413,2
40418,2
40423,1
40430,3
40434,2
40444,1
40462,2
40473,1
40483,2
40485,1
40501,2
40506,2
40513,3
40538,3
40544,3
40550,1
40552,3
40577,2
40584,2
40596,1
40602,4
40606,2
40611,2
40613,2
40634,3
40638,2
40641,4
40661,3
40668,1
40670,1
40682,1
40685,2
40700,1
40708,2
40710,1
40719,3
40739,2
40752,2
40754,4
40763,1
40767,1
40770,2
40775,3
40783,2
40785,2
40790,1
40796,2
40803,1
40809,3
40815,1
40817,2
40819,2
40825,2
40848,1
40860,2
40875,1
40879,2
40887,1
40896,2
40913,3
40922,2
40932,3
40935,2
40938,1
40941,2
40948,1
40950,1
40958,1
40967,1
40976,3
40984,2
40986,2
40989,2
40991,2
41000,1
41009,2
41014,1
41022,1
41033,2
41044,3
41053,2
41082,1
41085,2
41101,2
41103,2
41111,3
41118,4
41124,2
41128,1
41137,3
41150,1
41155,1
41170,2
41180,2
41184,3
41217,1
41236,4
41243,3
41251,3
41259,1
41261,2
41263,1
41276,2
41279,2
41281,1
41291,2
41293,2
41295,3
41303,2
41309,2
41313,2
41325,2
41327,1
41330,1
41344,2
41348,2
41352,2
41358,2
41362,2
41370,2
41378,2
41383,1
41393,4
41397,1
41399,2
41403,2
41408,1
41423,4
41427,2
41429,3
41433,2
41439,2
41457,3
41462,2
41470,2
41475,2
41479,2
41493,2
41497,3
41511,3
41514,2
41518,2
41520,3
41527,2
41544,3
41553,3
41559,1
41565,2
41567,3
41570,3
41584,1
41587,1
41592,1
41597,1
41609,1
41618,1
41626,2
41628,3
41633,3
41636,4
41640,3
41646,4
41652,1
41663,1
41665,1
41674,2
41687,1
41691,3
41695,2
41697,2
41711,2
41716,1
41728,1
41740,1
41748,3
41753,2
41755,2
41757,1
41787,2
41795,3
41802,2
41805,3
41810,2
41812,3
41827,1
41832,2
41835,1
41837,1
41841,2
41844,2
41848,2
41853,4
41857,2
41862,2
41866,3
41874,1
41878,2
41887,2
41895,4
41906,2
41908,1
41913,1
41915,3
41918,2
41924,1
41930,2
41939,2
41944,1
41947,2
41949,2
41960,2
41966,1
41976,2
41982,2
41986,2
41989,1
42010,2
42014,3
42023,1
42027,2
42042,1
42044,3
42050,3
42059,1
42067,3
42075,2
42095,1
42098,1
42118,1
42125,1
42128,1
42141,2
42151,4
42155,1
42159,1
42161,2
42164,2
42166,5
42171,2
42177,2
42181,1
42183,2
42186,3
42189,3
42196,2
42203,3
42223,1
42226,2
42233,3
42237,2
42244,1
42249,1
42253,2
42270,2
42273,2
42280,2
42288,2
42300,2
42304,2
42331,3
42348,3
42355,2
42357,2
42367,3
42372,6
42382,2
42384,2
42394,3
42397,2
42405,2
42412,2
42417,5
42422,2
42426,3
42429,2
42434,4
42445,2
42447,2
42455,2
42457,4
42466,2
42483,2
42490,1
42498,3
42504,2
42506,5
42524,2
42528,3
42545,3
42549,2
42552,1
42556,2
42564,4
42569,2
42576,5
42583,2
42589,4
42593,2
42601,3
42604,1
42607,2
42609,2
42613,5
42620,2
42629,2
42632,1
42639,2
42642,2
42644,3
42657,2
42666,1
42672,2
42676,2
42679,2
42694,2
42700,5
42705,3
42718,3
42733,2
42738,3
42741,2
42744,1
42757,2
42761,2
42769,2
42773,2
42776,1
42779,2
42790,1
42796,2
42807,4
42811,2
42815,1
42823,2
42831,3
42839,2
42843,2
42855,2
42858,4
42862,2
42864,1
42867,2
42873,3
42878,4
42882,2
42895,3
42907,4
42911,2
42914,2
42919,2
42923,3
42932,2
42944,4
42959,2
42973,4
42977,5
42982,2
42988,2
42992,3
43001,2
43005,3
43014,3
43023,2
43028,4
43039,2
43042,2
43046,1
43054,2
43075,1
43100,2
43103,1
43117,3
43122,1
43126,3
43139,3
43152,2
43167,1
43171,2
43183,2
43206,2
43212,2
43225,2
43235,1
43240,2
43248,1
43252,2
43262,2
43295,1
43302,2
43328,3
43337,2
43345,1
43352,4
43399,2
43406,2
43422,3
43425,2
43429,2
43434,4
43446,2
43448,3
43453,4
43457,1
43462,1
43465,1
43468,2
43500,4
43507,1
43509,2
43517,2
43547,2
43553,2
43555,1
43562,1
43569,1
43573,3
43591,2
43594,3
43599,2
43605,1
43612,3
43620,3
43624,2
43634,1
43651,2
43658,2
43660,1
43664,3
43671,3
43695,4
43699,3
43706,1
43712,2
43714,3
43723,2
43729,5
43746,4
43751,3
43755,1
43768,3
43775,3
43786,4
43793,2
43798,2
43801,2
43803,1
43819,2
43831,2
43834,2
43844,2
43851,3
43859,2
43861,1
43869,3
43874,2
43887,3
43904,2
43911,2
43917,2
43932,2
43939,2
43943,2
43954,3
43957,2
43961,2
43970,2
43983,1
43986,2
43994,2
44028,1
44047,4
44051,2
44053,4
44061,1
44069,2
44077,2
44079,2
44086,2
44089,4
44094,3
44103,2
44105,1
44122,1
44128,4
44137,2
44148,2
44150,2
44165,3
44180,1
44199,2
44202,3
44205,2
44217,2
44222,1
44226,2
44236,1
44242,2
44251,2
44254,1
44262,2
44267,3
44270,1
44275,2
44278,1
44304,4
44308,2
44317,2
44323,4
44357,1
44372,1
44384,2
44399,4
44408,2
44416,1
44423,2
44427,3
44430,4
44437,3
44448,3
44451,1
44455,4
44466,2
44469,1
44473,2
44478,2
44481,2
44498,2
44501,1
44508,2
44510,1
44514,3
44520,2
44534,3
44540,1
44543,2
44549,2
44576,1
44592,3
44596,1
44600,2
44603,3
44606,1
44615,4
44620,1
44627,2
44636,2
44639,2
44647,2
44652,3
44657,3
44664,2
44672,2
44677,3
44683,3
44689,1
44696,1
44705,3
44708,1
44724,2
44735,5
44759,3
44765,2
44768,2
44775,4
44783,2
44787,2
44791,2
44798,3
44811,3
44815,2
44819,2
44821,1
44827,1
44833,2
44839,1
44845,3
44850,1
44860,2
44866,1
44872,1
44879,1
44893,2
44898,1
44903,2
44910,2
44913,2
44925,1
44930,2
44941,2
44944,1
44947,2
44951,2
44959,1
44962,2
44967,3
44977,3
44997,1
44999,3
45027,3
45046,2
45058,2
45071,3
45079,2
45094,3
45107,1
45113,1
45123,2
45125,2
45128,2
45144,2
45146,4
45153,1
45159,2
45163,2
45170,2
45174,2
45176,1
45186,2
45189,2
45191,2
45194,2
45207,2
45222,2
45227,1
45231,2
45238,2
45241,2
45265,2
45269,2
45273,2
45275,2
45280,2
45292,2
45299,3
45312,1
45327,1
45330,1
45334,2
45337,2
45346,2
45348,3
45351,2
45365,2
45369,1
45375,1
45385,2
45389,3
45395,2
45399,3
45402,2
45410,1
45412,3
45416,2
45457,3
45461,2
45477,2
45491,2
45502,3
45525,2
45528,3
45536,2
45539,1
45552,2
45568,2
45595,2
45604,2
45617,2
45620,1
45624,2
45627,2
45635,1
45646,2
45648,1
45651,2
45654,3
45660,2
45672,1
45677,3
45680,3
45687,1
45692,2
45698,1
45703,2
45706,2
45712,3
45727,2
45732,3
45745,2
45747,1
45753,2
45781,3
45788,2
45805,5
45810,3
45813,1
45824,1
45831,1
45838,2
45850,2
45852,2
45880,4
45901,3
45912,3
45918,3
45925,3
45938,1
45953,1
45968,3
45971,3
45980,2
46004,1
46010,2
46012,2
46030,1
46035,1
46049,2
46051,1
46066,1
46070,2
46072,2
46079,1
46085,1
46098,3
46101,1
46103,3
46118,3
46124,2
46128,2
46135,1
46138,4
46147,2
46157,3
46160,3
46178,2
46180,4
46185,3
46192,1
46200,3
46212,1
46216,1
46224,4
46246,2
46248,2
46254,2
46263,2
46270,1
46277,3
46285,2
46294,2
46300,1
46317,3
46325,1
46344,1
46348,1
46366,1
46392,1
46396,1
46400,1
46403,2
46408,2
46410,2
46412,2
46432,2
46437,2
46457,2
46474,2
46476,1
46502,1
46508,2
46529,2
46537,3
46543,4
46565,1
46582,1
46589,1
46593,4
46603,2
46612,2
46616,3
46637,3
46653,2
46665,1
46672,2
46675,2
46682,3
46688,3
46691,2
46698,3
46701,2
46730,1
46739,2
46754,2
46756,5
46769,3
46774,3
46779,3
46809,2
46827,2
46835,3
46845,1
46849,1
46882,3
46888,1
46893,1
46898,2
46902,1
46904,5
46910,2
46912,6
46918,1
46921,2
46926,2
46935,1
46970,1
47018,3
47028,2
47031,4
47041,4
47050,3
47070,1
47084,4
47091,2
47105,2
47114,1
47117,3
47135,2
47137,2
47155,1
47157,3
47163,2
47165,2
47167,2
47171,3
47175,1
47177,2
47182,2
47189,2
47197,2
47207,3
47211,1
47219,3
47225,4
47249,2
47256,1
47258,3
47261,2
47273,3
47297,1
47304,2
47315,1
47317,4
47327,1
47331,3
47336,2
47343,2
47346,3
47352,1
47355,3
47364,2
47366,2
47369,3
47380,1
47416,1
47453,3
47461,2
47474,4
47506,2
47509,2
47524,2
47535,1
47547,2
47549,2
47554,2
47556,3
47561,2
47566,3
47579,2
47586,2
47590,3
47603,1
47629,3
47632,1
47638,2
47656,2
47665,1
47683,2
47691,5
47719,3
47728,3
47741,1
47743,1
47812,1
47815,2
47818,3
47821,1
47837,1
47850,1
47855,3
47858,2
47865,2
47868,6
47876,2
47879,2
47883,2
47889,1
47891,2
47895,3
47904,3
47910,2
47913,2
47915,2
47917,4
47921,2
47924,2
47926,2
47932,2
47934,2
47936,2
47939,2
47945,2
47947,3
47951,1
47953,2
47958,2
47961,4
47968,4
47974,1
47981,3
47995,1
48002,4
48006,5
48012,1
48016,1
48020,3
48038,2
48060,1
48063,4
48099,2
48110,2
48112,1
48135,2
48182,2
48207,2
48210,1
48215,2
48226,1
48228,3
48271,2
48312,3
48443,6
48453,2
48456,1
48459,5
48464,1
48469,2
48501,1
48505,1
48565,2
48571,2
48579,1
48626,2
48639,1
48645,3
48688,1
48691,1
48704,2
48775,1
48863,3
48866,1
48878,2
48901,1
48903,1
48908,3
48919,1
48925,2
48932,2
48936,2
48938,3
48941,2
48943,1
48946,5
48952,3
48955,3
48969,2
48971,1
48990,3
48998,1
49007,2
49011,2
49019,1
49040,2
49055,2
49057,2
49060,2
49069,1
49074,2
49088,4
49092,3
49106,2
49113,2
49115,1
49121,3
49130,5
49143,2
49159,1
49165,1
49175,1
49187,4
49191,3
49203,2
49205,5
49223,3
49232,1
49252,6
49260,2
49262,3
49265,3
49270,1
49286,1
49288,2
49290,3
49294,5
49309,3
49319,1
49323,3
49328,2
49342,2
49350,2
49363,1
49367,2
49372,3
49381,2
49386,2
49388,3
49391,2
49393,2
49399,2
49405,5
49424,2
49426,6
49437,3
49445,2
49447,1
49454,1
49466,1
49490,1
49512,2
49514,3
49518,2
49525,3
49531,2
49562,2
49582,3
49613,1
49626,1
49649,2
49676,3
49683,2
49691,4
49696,2
49705,2
49709,2
49711,2
49716,2
49730,4
49734,6
49750,1
49759,2
49772,3
49776,2
49816,2
49824,2
49836,2
49852,2
49860,2
49862,2
49868,3
49891,3
49901,2
49903,2
49910,2
49912,1
49953,3
49959,2
49963,3
49978,2
49985,3
50032,2
50035,1
50057,3
50060,1
50072,6
50079,2
50082,4
50091,2
50095,1
50099,2
50102,1
50139,2
50152,2
50164,1
50166,1
50183,1
50202,2
50239,8
50247,2
50263,1
50272,4
50306,1
50316,1
50321,1
50394,2
50396,2
50402,2
50413,1
50420,1
50424,2
50428,2
50435,3
50440,1
50447,2
50465,5
50495,1
50498,1
50503,3
50510,1
50517,3
50543,1
50545,2
50586,3
50589,1
50595,2
50616,1
50629,2
50639,1
50647,1
50660,2
50664,3
50670,4
50675,1
50681,1
50694,2
50696,4
50702,1
50726,1
50753,1
50757,3
50764,2
50859,3
50865,2
50903,1
51072,2
51075,3
51092,2
51098,1
51103,6
51116,1
51121,3
51124,2
51128,2
51134,1
51138,2
51142,3
51166,1
51169,2
51175,3
51184,2
51186,2
51188,2
51191,2
51195,2
51206,3
51209,2
51211,3
51221,3
51224,2
51234,1
51239,1
51245,1
51253,5
51282,4
51288,1
51292,1
51332,3
51350,2
51356,2
51360,2
51371,2
51375,2
51377,4
51382,1
51392,1
51394,1
51415,5
51431,4
51437,3
51440,3
51445,2
51459,2
51462,3
51479,3
51482,2
51543,3
51548,2
51550,2
51612,2
51634,1
51673,1
51675,1
51749,3
51752,1
51754,3
51761,1
51766,3
51782,3
51789,2
51820,2
51855,2
51857,4
51890,2
51924,3
51929,3
51933,2
51943,2
51957,2
52030,3
52046,2
52060,3
52100,1
52106,2
52246,2
52250,2
52259,2
52272,3
52275,5
52283,1
52286,2
52312,1
52320,2
52389,1
52391,5
52396,4
52420,2
52494,1
52523,1
52556,2
52560,1
52572,1
52575,2
52599,1
52605,1
52609,1
52622,3
52637,2
52647,1
52654,5
52665,2
52669,1
52680,3
52717,2
52731,2
52734,1
52739,3
52772,2
52782,2
52825,2
52838,2
52853,1
52887,2
52932,2
52935,2
52938,2
52969,3
52980,1
53008,2
53022,1
53028,2
53032,2
53048,4
53078,2
53091,2
53121,3
53126,2
53132,3
53155,2
53158,1
53176,2
53178,1
53183,3
53204,4
53215,2
53220,5
53235,2
53249,2
53256,2
53266,1
53270,1
53286,1
53305,3
53313,4
53322,1
53327,2
53337,2
53355,1
53361,2
53373,1
53379,2
53383,1
53411,2
53421,3
53431,1
53441,2
53455,2
53471,1
53489,1
53496,2
53523,2
53531,3
53548,4
53577,5
53587,2
53612,1
53635,2
53645,1
53653,2
53655,2
53661,2
53683,2
53691,2
53701,2
53715,1
53743,2
53750,4
53755,4
53771,1
53776,4
53780,1
53789,1
53793,1
53795,1
53804,1
53820,5
53872,2
53874,1
53883,1
53902,1
53912,4
53921,2
53932,4
53941,2
53954,1
53960,1
53985,5
54027,2
54056,2
54058,2
54094,2
54096,3
54109,1
54112,1
54151,2
54164,1
54179,2
54181,2
54210,2
54215,2
54222,4
54242,1
54285,2
54292,2
54312,2
54334,1
54343,2
54362,1
54371,5
54427,1
54441,1
54486,3
54489,2
54519,1
54536,1
54569,2
54614,2
54620,2
54628,1
54637,2
54643,3
54651,2
54673,2
54676,2
54692,1
54706,2
54727,1
54736,1
54741,1
54743,2
54754,5
54787,1
54789,1
54804,1
54808,3
54821,2
54830,3
54857,1
54867,2
54876,3
54881,1
54889,2
54891,1
54909,2
54911,1
54925,1
54933,1
54946,1
54949,2
54983,3
54987,2
54989,1
55016,1
55033,2
55076,1
55082,2
55084,2
55115,3
55129,1
55135,3
55139,2
55141,2
55177,2
55217,5
55244,2
55255,2
55283,2
55308,2
55338,2
55374,3
55378,2
55380,2
55396,1
55409,1
55411,2
55431,2
55436,2
55452,2
55474,2
55485,3
55490,2
55494,1
55504,5
55519,2
55523,3
55532,2
55549,1
55551,2
55596,1
55622,1
55625,2
55643,1
55648,2
55650,1
55654,1
55657,5
55675,1
55679,5
55696,2
55698,1
55724,2
55742,1
55748,1
55762,2
55812,2
55827,2
55849,3
55852,1
55877,3
55925,2
55927,1
55929,2
55950,1
55976,2
55988,1
56012,2
56022,1
56024,3
56031,1
56034,1
56060,1
56067,1
56071,1
56112,1
56114,2
56139,1
56162,1
56165,1
56190,1
56196,1
56213,2
56218,2
56223,2
56244,3
56265,1
56272,3
56278,4
56297,2
56335,2
56339,2
56341,1
56359,2
56375,1
56381,2
56393,2
56406,3
56411,2
56449,3
56457,1
56479,1
56506,1
56518,4
56539,2
56551,1
56558,3
56561,1
56600,2
56620,1
56627,2
56631,1
56639,5
56644,5
56661,2
56691,3
56706,2
56711,1
56734,1
56743,1
56753,2
56765,2
56774,2
56803,1
56812,1
56814,1
56816,1
56822,4
56839,1
56843,2
56846,3
56849,2
56861,2
56909,2
56933,5
56938,1
56952,1
56969,1
56976,5
56994,2
57031,1
57033,5
57038,5
57047,1
57059,2
57064,4
57075,1
57080,1
57089,1
57140,1
57153,2
57170,3
57202,4
57210,2
57221,3
57225,2
57253,2
57277,1
57305,3
57313,2
57328,2
57330,1
57335,4
57339,1
57342,3
57354,3
57358,4
57362,4
57379,2
57387,4
57393,1
57399,2
57417,3
57455,2
57472,1
57489,1
57510,1
57526,2
57554,1
57567,1
57578,3
57597,1
57619,2
57635,1
57638,3
57647,1
57649,1
57651,3
57654,3
57660,3
57672,3
57715,2
57758,5
57773,2
57802,2
57806,1
57823,2
57838,1
57862,2
57880,2
57883,3
57894,3
57899,3
57904,2
57911,1
57921,3
57924,1
57927,2
57929,3
57935,4
57939,5
57944,3
57947,2
57950,5
57964,1
57968,1
57982,1
57991,1
58018,4
58023,1
58025,2
58027,3
58039,1
58044,2
58047,3
58050,2
58055,2
58057,3
58064,2
58066,9
58075,5
58082,2
58085,2
58089,3
58099,1
58101,2
58107,2
58109,2
58111,3
58116,2
58118,2
58127,2
58130,2
58135,2
58137,5
58143,3
58149,9
58158,2
58160,3
58165,6
58173,1
58177,1
58185,2
58187,1
58191,4
58195,1
58197,1
58200,6
58208,2
58211,2
58216,2
58218,2
58220,4
58229,2
58233,2
58235,4
58240,2
58245,4
58252,3
58255,2
58259,8
58267,2
58270,2
58272,2
58274,3
58280,4
58285,2
58288,3
58291,5
58296,3
58299,1
58303,3
58306,3
58311,2
58313,4
58317,2
58320,1
58326,2
58332,3
58336,5
58342,1
58344,2
58353,3
58356,2
58358,6
58366,4
58371,2
58373,3
58376,1
58378,3
58382,4
58387,3
58391,4
58404,2
58407,3
58412,4
58416,2
58418,2
58421,2
58426,2
58429,4
58435,4
58444,2
58450,2
58454,2
58457,2
58461,3
58464,2
58466,2
58471,2
58473,2
58475,2
58478,8
58486,2
58488,2
58494,5
58508,2
58512,2
58514,2
58516,2
58525,2
58528,2
58530,2
58535,6
58541,4
58547,1
58549,2
58560,1
58565,4
58569,2
58571,3
58575,1
58584,2
58591,2
58593,2
58596,2
58603,3
58606,2
58612,2
58614,3
58620,2
58622,2
58625,2
58627,2
58629,1
58632,2
58634,2
58636,4
58642,4
58646,3
58649,3
58652,2
58660,3
58663,2
58665,2
58667,3
58670,4
58675,2
58677,2
58679,7
58686,2
58694,2
58702,2
58704,3
58707,2
58714,2
58726,2
58735,4
58742,1
58748,4
58752,5
58764,4
58768,4
58848,6
58855,3
58858,2
58860,4
58866,2
58872,2
58876,2
58888,2
58892,2
58896,2
58898,2
58900,6
58906,3
58910,2
58913,2
58921,4
58927,2
58930,2
58932,2
58937,2
58939,2
58941,1
58943,7
58955,2
58957,2
58960,6
58968,4
58974,3
58980,2
58990,1
58997,1
59011,2
59013,2
59015,3
59018,2
59024,4
59031,3
59034,4
59041,2
59043,2
59045,2
59047,2
59049,2
59051,3
59054,4
59059,1
59062,2
59067,2
59074,2
59086,2
59091,4
59103,2
59111,3
59123,1
59126,2
59130,1
59135,1
59144,4
59148,2
59152,2
59158,2
59161,1
59168,5
59181,2
59183,3
59186,3
59194,2
59202,2
59204,2
59211,2
59217,2
59222,2
59228,3
59231,2
59244,3
59249,2
59252,2
59261,2
59263,1
59266,7
59277,6
59284,3
59287,2
59295,3
59305,2
59307,2
59310,2
59312,3
59315,2
59317,4
59322,2
59329,4
59336,4
59342,5
59348,3
59351,4
59362,2
59371,2
59375,2
59378,3
59383,1
59386,3
59389,2
59392,4
59397,2
59399,2
59402,2
59404,5
59409,2
59412,1
59416,2
59418,2
59422,1
59424,4
59431,2
59433,3
59436,2
59441,3
59446,3
59449,2
59451,2
59454,3
59457,2
59459,2
59461,3
59466,2
59470,2
59472,10
59482,7
59489,4
59494,3
59497,1
59503,2
59511,2
59519,4
59523,3
59526,3
59529,4
59534,5
59540,2
59542,2
59545,2
59549,2
59551,2
59553,3
59558,2
59564,2
59573,5
59579,2
59584,2
59586,2
59588,4
59595,2
59599,2
59602,2
59604,4
59620,2
59623,2
59626,2
59632,1
59648,2
59670,3
59688,2
59691,2
59700,2
59710,2
59714,2
59720,2
59736,2
59738,4
59750,2
59759,2
59770,1
59785,3
59789,2
59794,2
59799,2
59815,2
59822,2
59842,2
59844,3
59847,3
59850,3
59860,2
59863,3
59875,4
59891,2
59893,4
59899,2
59901,1
59904,2
59906,2
59909,2
59911,2
59914,3
59918,2
59920,2
59922,3
59925,4
59935,2
59944,3
59947,3
59950,3
59963,1
59966,2
59968,3
59980,4
60001,4
60022,2
60025,2
60034,2
60038,1
60044,3
60064,9
60073,3
60092,3
60098,2
60103,2
60105,3
60108,5
60118,2
60123,2
60125,2
60129,2
60137,3
60141,1
60143,1
60156,2
60161,3
60167,1
60169,2
60176,2
60180,2
60184,2
60197,2
60209,2
60213,2
60215,3
60227,4
60257,3
60297,2
60328,3
60332,5
60364,3
60367,3
60373,1
60375,2
60402,2
60404,2
60407,2
60409,3
60412,2
60418,2
60427,4
60431,3
60434,2
60436,3
60441,3
60444,6
60452,6
60458,2
60461,3
60466,12
60478,2
60483,2
60485,2
60493,5
60499,3
60503,2
60505,2
60508,2
60516,3
60520,2
60541,2
60544,2
60556,2
60559,3
60562,2
60573,2
60627,2
60682,2
60687,2
60693,2
60696,4
60700,2
60709,3
60715,2
60717,4
60722,1
60724,3
60728,3
60731,2
60733,2
60735,1
60737,5
60747,4
60754,3
60758,4
60764,2
60766,2
60770,2
60772,2
60774,3
60777,2
60781,2
60786,2
60789,2
60791,4
60797,3
60925,2
60927,2
60929,2
60931,2
60936,6
60942,2
60947,3
60952,6
60958,9
60968,4
60974,7
60981,2
60986,2
60989,4
60993,2
60996,3
61004,4
61010,2
61014,5
61019,4
61023,2
61027,7
61035,3
61039,2
61041,7
61049,3
61053,5
61059,5
61068,2
61071,3
61076,4
61081,2
61089,5
61094,3
61097,2
61099,4
61108,2
61110,2
61112,2
61115,4
61120,5
61125,2
61128,3
61131,2
61135,3
61139,2
61141,5
61149,5
61155,3
61158,2
61161,4
61166,2
61173,2
61180,1
61183,2
61186,8
61194,2
61197,3
61202,2
61205,2
61207,3
61210,4
61214,2
61216,2
61220,3
61226,2
61228,4
61232,2
61235,3
61238,2
61241,5
61247,3
61250,2
61252,3
61255,2
61260,2
61265,2
61267,2
61272,2
61275,2
61278,3
61282,3
61285,2
61292,5
61297,2
61300,2
61304,3
61310,2
61313,2
61315,5
61322,2
61324,3
61327,3
61331,4
61336,4
61343,2
61345,2
61347,4
61351,3
61355,2
61357,2
61360,7
61371,2
61373,4
61377,2
61379,3
61389,3
61392,3
61395,2
61401,2
61404,2
61406,3
61409,2
61412,2
61417,3
61423,4
61432,3
61435,4
61439,2
61442,2
61446,2
61448,3
61451,3
61455,2
61457,3
61460,2
61469,2
61471,2
61473,2
61476,2
61479,2
61482,2
61484,2
61489,3
61492,2
61500,3
61504,4
61509,2
61511,3
61514,4
61520,5
61525,2
61528,5
61533,2
61535,5
61540,3
61543,3
61550,3
61555,2
61564,2
61566,2
61576,2
61578,3
61582,3
61585,2
61588,8
61596,2
61600,2
61604,2
61606,3
61610,3
61615,2
61618,2
61620,4
61625,3
61628,1
61633,2
61636,4
61640,4
61644,3
61648,3
61651,3
61654,3
61658,3
61661,2
61663,2
61666,3
61669,2
61671,2
61677,2
61681,5
61687,2
61689,3
61696,2
61703,5
61708,3
61711,2
61714,1
61720,2
61722,4
61728,3
61731,2
61733,3
61740,2
61743,3
61747,3
61751,6
61757,2
61759,2
61761,5
61766,1
61770,4
61775,4
61783,3
61787,2
61790,6
61798,2
61801,3
61804,2
61813,4
61817,1
61821,7
61829,2
61833,2
61835,2
61837,4
61841,2
61845,5
61850,3
61855,2
61860,2
61862,2
61864,2
61867,2
61870,2
61877,2
61883,3
61886,4
61890,4
61898,2
61901,2
61903,2
61906,3
61909,2
61911,7
61918,4
61923,2
61929,2
61931,3
61934,4
61940,3
61952,4
61956,3
61959,2
61961,3
61964,3
61969,3
61973,4
61979,2
61981,2
61983,2
61985,3
61988,2
61992,3
61995,2
62001,2
62003,3
62006,2
62009,3
62012,2
62014,3
62017,4
62023,3
62027,2
62029,4
62033,4
62044,2
62053,2
62059,3
62062,3
62070,2
62073,2
62075,6
62082,2
62085,3
62088,4
62092,7
62100,2
62103,1
62107,3
62114,5
62120,3
62123,2
62126,1
62128,2
62134,2
62137,3
62146,2
62148,1
62151,3
62157,3
62160,5
62165,5
62173,3
62178,2
62180,3
62183,3
62186,3
62192,5
62197,1
62199,2
62205,3
62209,3
62212,2
62217,3
62220,2
62223,4
62230,4
62234,3
62243,2
62246,2
62249,2
62252,2
62254,3
62259,2
62268,4
62276,2
62279,2
62283,2
62285,4
62289,5
62294,2
62300,2
62303,3
62307,1
62310,2
62314,2
62316,3
62323,7
62330,2
62335,2
62338,2
62342,2
62344,2
62346,3
62350,5
62355,2
62358,2
62364,2
62369,1
62372,2
62376,2
62378,2
62382,1
62387,4
62391,2
62393,2
62395,3
62398,1
62400,2
62402,2
62406,2
62409,3
62414,2
62418,2
62423,2
62425,3
62429,2
62431,2
62438,1
62441,5
62449,1
62473,1
62481,6
62489,5
62494,2
62498,2
62502,2
62504,1
62506,1
62513,2
62515,1
62519,4
62525,2
62528,2
62534,2
62536,2
62544,2
62546,2
62550,3
62558,3
62563,7
62570,3
62573,5
62580,2
62583,4
62590,1
62593,5
62600,3
62605,2
62608,4
62616,3
62619,3
62622,2
62624,2
62626,4
62632,2
62636,4
62640,6
62647,10
62657,3
62666,2
62670,2
62673,3
62676,2
62679,3
62682,2
62684,3
62687,2
62694,3
62699,1
62702,2
62706,4
62710,2
62714,2
62717,3
62721,3
62725,2
62729,2
62732,3
62740,2
62742,2
62744,2
62756,3
62759,3
62766,2
62774,2
62778,2
62783,6
62789,2
62791,3
62794,3
62797,2
62800,3
62804,2
62807,3
62810,3
62822,1
62824,2
62827,2
62830,2
62832,7
62841,3
62856,2
62858,3
62862,2
62870,3
62876,2
62880,2
62884,2
62887,4
62891,3
62896,2
62898,2
62901,2
62904,2
62906,4
62914,6
62920,2
62926,4
62930,3
62936,1
62938,4
62954,4
62960,3
62965,2
62971,2
62983,2
62985,4
62989,2
62994,1
62996,4
63001,2
63004,2
63013,2
63018,2
63022,2
63027,3
63032,4
63042,2
63046,2
63051,3
63054,2
63065,3
63072,4
63076,2
63078,2
63080,1
63083,2
63085,3
63090,3
63093,3
63102,2
63106,3
63111,5
63118,1
63121,1
63128,3
63135,2
63145,3
63149,4
63154,3
63157,2
63162,3
63166,3
63169,2
63171,3
63177,2
63179,3
63183,2
63190,3
63195,5
63202,2
63211,2
63213,1
63217,4
63231,3
63235,2
63242,2
63250,1
63252,3
63260,3
63268,1
63271,2
63277,2
63282,2
63286,2
63288,2
63291,2
63293,4
63297,1
63301,2
63304,2
63309,3
63314,2
63318,2
63321,3
63326,5
63334,2
63337,2
63340,4
63345,3
63349,2
63351,2
63355,4
63359,2
63361,3
63367,1
63369,3
63373,3
63376,2
63379,2
63383,2
63387,2
63390,4
63395,2
63402,3
63406,3
63409,3
63413,2
63421,3
63424,2
63426,2
63436,3
63442,3
63445,5
63453,2
63456,6
63462,2
63467,4
63472,2
63475,3
63487,2
63489,2
63495,3
63504,3
63507,2
63511,2
63516,2
63518,2
63521,2
63526,2
63534,2
63536,2
63538,2
63549,4
63557,2
63565,3
63568,3
63572,3
63575,4
63579,1
63581,3
63587,2
63590,3
63598,2
63602,2
63608,3
63612,3
63621,2
63623,6
63629,5
63634,3
63643,2
63646,3
63649,3
63652,3
63657,2
63661,3
63667,2
63671,2
63673,3
63677,3
63681,2
63683,2
63685,2
63691,2
63693,3
63698,6
63709,1
63714,3
63717,2
63732,3
63737,2
63739,2
63741,2
63745,2
63747,2
63749,3
63753,4
63757,1
63760,2
63765,1
63768,1
63773,3
63776,3
63779,3
63783,3
63788,3
63794,2
63797,2
63803,4
63807,3
63810,2
63816,4
63820,2
63822,2
63824,3
63828,3
63831,1
63833,2
63835,2
63837,1
63840,2
63845,3
63848,2
63851,3
63855,2
63860,3
63864,1
63866,2
63868,2
63876,2
63882,4
63886,1
63891,2
63895,3
63899,2
63901,5
63906,2
63908,2
63912,1
63918,3
63922,3
63926,1
63928,2
63933,2
63937,2
63941,2
63943,5
63951,2
63953,2
63958,2
63962,4
63966,1
63968,1
63970,3
63974,2
63982,2
63985,2
63987,2
63991,2
64002,4
64014,4
64018,2
64020,2
64023,3
64030,2
64035,2
64039,4
64044,3
64047,10
64058,1
64063,3
64066,2
64068,2
64075,2
64078,3
64082,3
64086,4
64091,3
64096,3
64100,3
64103,2
64105,2
64108,2
64113,1
64115,2
64119,2
64122,2
64124,3
64129,3
64135,2
64140,2
64143,3
64146,6
64154,4
64162,3
64170,2
64173,2
64175,2
64177,2
64179,2
64182,2
64186,3
64192,3
64197,2
64202,4
64206,2
64211,2
64213,2
64216,3
64219,2
64221,3
64224,6
64231,3
64238,2
64240,1
64243,3
64253,3
64258,2
64260,2
64263,2
64265,1
64269,3
64278,2
64280,2
64283,2
64285,3
64288,3
64291,2
64293,2
64298,2
64302,2
64305,2
64307,1
64309,2
64311,3
64318,6
64324,1
64331,2
64334,3
64341,2
64351,2
64358,2
64361,2
64363,3
64366,4
64370,2
64373,3
64378,2
64381,3
64385,3
64392,2
64396,2
64401,5
64406,4
64410,3
64414,5
64421,4
64426,3
64430,4
64434,2
64439,2
64443,3
64454,2
64459,3
64465,2
64467,2
64469,2
64478,2
64480,3
64483,2
64485,2
64488,1
64492,1
64495,4
64500,2
64503,2
64507,1
64509,2
64513,2
64516,2
64518,2
64521,2
64527,3
64530,2
64532,2
64535,2
64538,2
64540,2
64549,3
64552,4
64556,3
64561,1
64563,2
64566,2
64569,2
64581,2
64585,4
64589,2
64591,2
64599,2
64601,3
64606,2
64608,2
64612,2
64617,3
64622,1
64630,4
64637,2
64649,3
64652,2
64654,1
64656,2
64663,2
64665,3
64669,2
64671,3
64675,4
64682,4
64686,3
64689,5
64695,3
64698,4
64704,3
64708,2
64714,2
64717,2
64721,2
64728,2
64730,2
64734,1
64737,2
64745,2
64749,2
64755,4
64759,3
64772,2
64777,2
64782,4
64789,2
64791,2
64793,2
64797,3
64800,3
64804,3
64807,3
64813,1
64815,4
64822,2
64824,2
64826,2
64830,2
64835,4
64840,2
64842,2
64844,4
64848,3
64852,3
64855,3
64858,3
64861,3
64864,2
64867,3
64881,1
64883,2
64885,3
64896,3
64899,2
64901,2
64903,2
64905,2
64908,4
64914,3
64917,2
64919,3
64924,3
64927,2
64929,3
64932,2
64937,9
64946,3
64950,2
64954,2
64956,2
64958,3
64961,2
64965,4
64969,4
64973,2
64975,3
64978,2
64988,2
64992,2
64994,2
64998,4
65003,4
65011,4
65020,2
65022,5
65030,3
65035,2
65041,2
65047,2
65049,2
65054,2
65061,2
65064,2
65066,2
65070,1
65077,2
65084,3
65087,2
65089,1
65091,3
65095,1
65099,2
65101,2
65103,3
65108,3
65111,3
65120,3
65127,4
65135,2
65138,1
65142,1
65146,2
65149,2
65158,2
65162,2
65166,2
65168,2
65185,2
65188,2
65190,4
65197,2
65204,3
65210,2
65215,2
65217,3
65221,3
65224,3
65228,2
65230,4
65234,3
65237,3
65240,3
65250,2
65257,2
65270,2
65272,4
65276,2
65278,3
65281,2
65283,3
65289,3
65292,2
65298,2
65306,1
65309,2
65312,3
65316,3
65319,1
65321,2
65326,1
65328,2
65331,1
65336,7
65348,2
65352,3
65358,1
65360,3
65365,2
65370,2
65372,1
65376,8
65386,2
65394,2
65397,2
65403,2
65405,3
65409,2
65411,2
65416,2
65420,2
65423,2
65429,2
65434,1
65438,2
65440,4
65447,2
65457,3
65460,1
65463,2
65469,2
65472,2
65474,1
65476,1
65478,5
65483,4
65493,2
65498,2
65503,1
65505,2
65509,2
65513,2
65518,4
65530,2
65533,2
65535,2
65538,3
65548,3
65551,4
65555,2
65558,2
65560,2
65562,3
65568,2
65570,2
65576,2
65578,1
65580,3
65583,3
65586,4
65591,2
65593,3
65596,2
65600,11
65611,2
65616,5
65621,2
65632,2
65634,2
65642,3
65645,3
65648,2
65652,2
65655,2
65659,3
65664,2
65670,2
65675,4
65685,1
65688,3
65692,2
65700,3
65703,2
65705,2
65712,1
65715,3
65718,3
65723,3
65726,3
65731,2
65735,2
65737,1
65739,2
65745,2
65749,4
65756,3
65761,2
65763,1
65767,2
65771,3
65774,2
65777,2
65779,2
65781,2
65784,2
65786,1
65790,2
65792,1
65803,2
65812,3
65815,2
65822,2
65824,1
65829,2
65831,2
65833,6
65841,1
65843,2
65845,4
65851,3
65858,2
65865,2
65874,3
65881,2
65893,2
65896,2
65898,3
65904,4
65908,3
65913,4
65918,2
65920,2
65922,2
65927,2
65930,3
65935,2
65937,3
65946,5
65951,2
65953,3
65958,4
65963,1
65965,2
65967,1
65972,2
65977,1
65981,3
65987,2
65989,3
65992,2
65997,1
66001,1
66004,4
66008,3
66019,2
66027,2
66030,3
66036,2
66043,1
66049,4
66056,2
66060,2
66062,3
66067,3
66075,2
66078,2
66086,2
66092,3
66095,3
66098,3
66101,3
66105,2
66117,4
66123,2
66128,1
66131,2
66134,3
66137,2
66139,3
66143,2
66146,3
66149,2
66159,1
66163,3
66169,1
66174,4
66178,5
66187,2
66189,2
66192,3
66195,2
66206,3
66221,1
66224,2
66226,3
66231,2
66234,3
66243,2
66245,1
66247,2
66249,4
66255,2
66261,3
66268,4
66272,5
66277,2
66280,2
66283,2
66285,4
66289,3
66295,3
66298,1
66307,4
66320,2
66323,3
66327,1
66329,5
66336,1
66340,2
66342,2
66344,2
66347,2
66349,5
66354,4
66358,4
66366,3
66370,2
66372,3
66376,3
66384,1
66387,2
66394,1
66396,3
66400,2
66405,2
66409,2
66412,2
66418,3
66425,2
66427,2
66434,2
66436,2
66442,2
66447,3
66452,3
66463,4
66476,2
66479,3
66482,2
66485,2
66487,2
66491,2
66493,1
66496,2
66498,4
66505,2
66507,1
66509,3
66512,4
66517,2
66519,2
66522,2
66524,2
66529,4
66534,2
66536,2
66539,1
66546,3
66550,4
66554,2
66558,2
66560,3
66563,2
66565,2
66567,1
66576,2
66584,1
66586,1
66588,2
66590,3
66597,2
66602,2
66605,2
66607,2
66618,2
66621,2
66623,3
66627,2
66629,3
66640,1
66642,2
66644,3
66653,2
66656,3
66660,2
66675,3
66678,2
66682,3
66688,4
66695,2
66697,2
66700,2
66702,3
66706,2
66712,2
66714,2
66716,1
66721,2
66729,2
66732,2
66735,2
66741,2
66744,3
66753,2
66755,6
66762,3
66767,3
66771,2
66773,3
66777,4
66784,2
66787,3
66791,2
66794,2
66796,2
66803,6
66813,2
66815,1
66817,4
66821,2
66829,2
66833,2
66840,1
66845,2
66851,3
66860,2
66862,2
66865,3
66875,2
66878,2
66881,5
66890,2
66893,3
66901,2
66904,3
66907,1
66912,3
66917,2
66919,2
66926,3
66929,2
66931,3
66934,2
66936,3
66940,2
66942,2
66945,1
66948,1
66950,2
66952,1
66956,3
66959,1
66964,9
66973,4
66979,2
66981,2
66986,2
66991,1
66993,3
66996,4
67001,2
67005,3
67009,2
67013,2
67015,2
67021,5
67040,3
67046,3
67049,3
67053,2
67058,2
67061,3
67068,2
67073,2
67078,3
67081,2
67083,3
67095,2
67100,2
67107,2
67112,2
67115,3
67119,3
67122,2
67124,5
67133,3
67137,2
67141,2
67144,3
67147,4
67154,4
67159,4
67168,2
67172,3
67178,4
67182,2
67187,3
67192,1
67197,1
67199,6
67207,2
67209,2
67211,2
67214,3
67219,3
67224,2
67229,3
67232,3
67235,3
67241,2
67243,1
67245,2
67248,2
67253,2
67260,2
67262,3
67265,2
67270,2
67273,2
67277,1
67279,2
67283,2
67293,2
67300,3
67303,4
67309,3
67313,3
67316,2
67318,5
67323,3
67327,2
67336,1
67339,2
67352,2
67354,1
67357,4
67361,3
67372,1
67375,1
67378,3
67383,2
67394,3
67397,2
67400,2
67404,2
67406,2
67413,3
67418,2
67421,2
67430,2
67434,2
67451,1
67454,2
67458,3
67461,2
67464,2
67472,4
67477,2
67483,3
67486,3
67489,3
67493,3
67497,2
67502,3
67508,3
67517,2
67521,3
67526,2
67529,2
67531,3
67538,2
67543,3
67550,1
67552,3
67555,4
67561,2
67563,3
67571,3
67575,3
67581,2
67585,2
67592,3
67604,1
67608,3
67612,2
67615,6
67621,3
67632,2
67634,2
67638,1
67640,2
67643,5
67652,1
67659,2
67663,3
67669,3
67673,2
67675,2
67679,1
67681,3
67685,3
67688,3
67693,2
67695,2
67699,2
67701,2
67708,5
67713,2
67716,3
67721,3
67725,1
67728,2
67730,3
67733,2
67737,2
67740,3
67747,2
67749,1
67752,1
67754,2
67763,1
67767,1
67770,2
67774,2
67784,1
67788,2
67791,2
67797,2
67800,2
67807,1
67810,2
67814,3
67818,3
67821,2
67825,2
67827,4
67837,2
67840,2
67842,2
67847,2
67854,2
67856,3
67860,2
67864,2
67870,3
67873,4
67877,2
67880,2
67883,2
67886,3
67889,2
67892,3
67896,2
67900,2
67905,2
67907,1
67909,3
67915,2
67917,3
67921,2
67930,2
67932,4
67936,2
67938,3
67941,3
67951,2
67953,3
67960,2
67964,3
67970,3
67974,3
67979,3
67989,5
67997,2
68003,2
68007,1
68012,4
68019,3
68022,2
68024,2
68026,1
68028,2
68030,2
68032,2
68034,2
68036,2
68039,2
68041,3
68046,2
68050,2
68055,2
68058,2
68064,3
68067,2
68070,2
68074,2
68076,1
68078,7
68087,3
68094,2
68096,2
68098,3
68101,2
68106,2
68108,1
68112,2
68114,2
68120,2
68122,2
68126,2
68130,1
68134,2
68136,3
68139,2
68143,2
68150,1
68152,2
68155,2
68158,4
68167,2
68171,3
68178,7
68185,2
68190,2
68196,2
68208,2
68212,2
68215,2
68219,3
68226,2
68231,2
68234,3
68239,1
68241,3
68244,2
68251,1
68254,2
68264,2
68266,2
68268,3
68271,3
68274,2
68276,2
68283,1
68287,5
68293,2
68296,2
68300,3
68303,2
68305,1
68307,2
68316,2
68319,2
68321,2
68324,2
68326,3
68331,2
68333,2
68335,7
68344,2
68346,2
68352,2
68354,2
68356,3
68359,3
68362,3
68365,2
68367,3
68372,2
68379,2
68381,1
68384,3
68387,1
68390,2
68393,3
68398,2
68404,2
68406,2
68409,2
68416,2
68419,2
68424,2
68438,1
68440,4
68455,3
68459,2
68464,3
68470,3
68473,3
68480,3
68483,2
68486,4
68490,2
68495,2
68497,3
68501,2
68507,2
68509,6
68515,1
68521,2
68525,1
68527,2
68531,3
68536,3
68546,1
68555,2
68558,2
68565,3
68571,3
68574,1
68577,2
68580,3
68585,1
68590,4
68594,3
68600,1
68602,3
68606,2
68612,2
68618,2
68624,2
68626,3
68631,3
68634,2
68637,2
68640,3
68644,4
68648,3
68654,2
68657,2
68661,4
68667,3
68670,4
68674,1
68679,3
68686,3
68689,2
68692,3
68695,2
68697,2
68705,2
68707,2
68711,2
68713,2
68715,2
68724,4
68730,2
68736,2
68738,2
68741,3
68745,1
68747,7
68754,3
68758,1
68761,3
68764,2
68766,2
68770,1
68772,4
68776,1
68778,1
68780,2
68787,3
68792,2
68794,2
68798,2
68801,3
68806,2
68808,2
68811,3
68814,6
68820,3
68823,3
68836,2
68840,3
68844,2
68847,1
68853,5
68859,2
68862,3
68866,3
68871,2
68873,2
68878,2
68881,3
68884,3
68890,3
68894,2
68899,6
68905,3
68908,2
68911,1
68914,2
68917,4
68921,1
68925,3
68928,3
68932,5
68937,2
68939,5
68945,3
68948,2
68952,1
68956,3
68961,5
68966,1
68975,2
68977,2
68979,2
68981,2
68986,2
69000,4
69007,3
69011,2
69015,5
69022,2
69024,1
69029,1
69031,2
69033,3
69036,2
69038,2
69047,1
69049,2
69051,2
69055,4
69061,3
69078,5
69087,4
69092,2
69099,4
69103,2
69110,1
69122,2
69124,3
69129,2
69132,2
69134,3
69141,2
69145,1
69148,4
69160,2
69164,2
69175,2
69178,1
69180,2
69188,2
69193,2
69197,4
69202,2
69205,2
69210,4
69215,2
69225,3
69238,2
69240,2
69246,2
69248,3
69251,2
69257,1
69260,2
69262,4
69268,2
69271,4
69278,2
69285,2
69290,2
69295,3
69298,4
69302,2
69305,2
69309,4
69313,2
69315,3
69318,2
69320,2
69322,2
69324,3
69327,3
69331,2
69333,2
69337,2
69342,2
69344,2
69347,4
69351,3
69360,2
69367,4
69375,3
69379,3
69384,1
69386,3
69390,2
69393,2
69401,1
69403,3
69406,1
69409,2
69411,2
69413,4
69430,2
69432,2
69440,2
69443,2
69447,2
69459,2
69464,8
69472,2
69477,2
69479,4
69486,3
69489,4
69494,2
69505,3
69509,2
69513,3
69518,2
69520,4
69526,2
69530,3
69533,2
69538,3
69542,3
69545,1
69549,3
69552,2
69554,3
69558,2
69564,2
69568,2
69571,4
69577,2
69579,3
69583,3
69586,2
69589,2
69595,3
69598,1
69601,3
69605,3
69609,1
69614,2
69617,2
69622,3
69625,2
69627,2
69635,2
69637,1
69640,3
69645,2
69647,2
69649,4
69654,2
69656,3
69661,1
69663,1
69673,2
69680,3
69684,2
69686,2
69689,2
69691,3
69694,3
69698,2
69701,2
69704,2
69725,3
69733,2
69735,2
69737,4
69742,2
69744,2
69748,2
69751,2
69755,2
69760,5
69766,2
69775,1
69778,3
69790,2
69794,3
69797,2
69801,2
69807,2
69811,2
69813,1
69815,3
69818,4
69822,2
69830,3
69835,5
69840,5
69846,1
69849,3
69853,3
69860,4
69866,3
69873,2
69876,3
69882,2
69886,1
69889,2
69892,3
69896,2
69898,3
69904,4
69913,3
69923,5
69930,5
69937,4
69941,2
69946,2
69952,1
69956,2
69960,1
69962,4
69967,2
69969,3
69976,2
69979,2
69981,1
69984,2
69987,3
69990,4
69997,2
70007,3
70015,1
70020,3
70023,2
70025,2
70027,1
70030,3
70046,3
70052,2
70056,3
70061,3
70066,2
70068,2
70071,2
70073,1
70075,3
70078,4
70082,2
70084,2
70086,4
70090,3
70093,1
70099,2
70110,2
70115,2
70118,3
70121,3
70124,2
70126,1
70130,2
70132,2
70134,2
70137,4
70141,2
70143,2
70145,3
70160,2
70168,5
70173,1
70180,2
70183,1
70189,3
70196,2
70199,2
70204,2
70209,2
70215,2
70218,3
70225,2
70229,2
70238,2
70240,3
70245,2
70249,2
70251,2
70254,3
70267,2
70271,2
70276,2
70278,2
70282,3
70285,2
70287,4
70292,2
70294,2
70299,3
70309,2
70311,2
70313,3
70320,3
70327,2
70336,2
70338,2
70343,4
70350,2
70352,2
70354,2
70357,2
70364,3
70367,2
70369,4
70374,2
70376,2
70378,5
70383,4
70390,3
70395,2
70399,4
70413,3
70427,3
70437,2
70441,3
70450,6
70474,3
70479,2
70509,2
70523,2
70525,3
70532,2
70545,2
70553,3
70556,2
70558,2
70563,2
70565,2
70567,1
70570,2
70573,3
70582,2
70590,2
70593,2
70601,2
70606,3
70617,2
70620,3
70623,3
70628,2
70631,2
70635,2
70644,3
70652,2
70669,3
70672,2
70675,2
70682,3
70685,2
70687,4
70692,3
70696,2
70707,3
70712,2
70716,2
70723,1
70736,2
70738,3
70750,2
70754,3
70757,2
70759,2
70763,2
70767,2
70769,2
70777,3
70780,2
70782,2
70809,122
70932,2
70940,4
70949,4
70955,2
70957,2
70960,2
70964,3
70975,2
70979,2
70988,2
71008,3
71021,2
71025,2
71033,3
71049,2
71051,2
71086,2
71091,2
71098,2
71104,5
71109,2
71117,2
71136,3
71139,2
71141,3
71145,2
71149,2
71152,2
71165,2
71167,2
71177,2
71182,4
71200,3
71204,2
71214,1
71228,2
71231,2
71233,2
71237,2
71239,2
71244,1
71251,2
71255,2
71259,3
71263,4
71268,2
71270,2
71272,2
71275,2
71277,2
71281,2
71285,6
71297,2
71301,2
71305,2
71316,2
71326,2
71337,2
71355,2
71358,2
71363,2
71371,3
71374,2
71377,5
71382,2
71385,2
71387,2
71392,2
71395,2
71397,2
71400,2
71403,3
71414,2
71419,2
71425,2
71433,2
71437,2
71439,2
71445,2
71447,2
71449,2
71458,2
71463,2
71465,3
71468,2
71470,2
71472,2
71474,3
71485,3
71493,2
71495,2
71497,2
71499,2
71503,2
71510,2
71512,2
71517,3
71520,2
71522,2
71526,2
71528,2
71530,2
71544,2
71546,2
71554,1
71558,2
71561,2
71570,2
71577,2
71592,2
71597,2
71600,2
71604,2
71610,4
71614,2
71616,2
71622,2
71625,2
71627,2
71635,2
71645,3
71650,3
71658,1
71660,2
71662,2
71665,3
71668,5
71675,2
71678,3
71684,4
71688,2
71690,2
71694,2
71697,2
71699,3
71703,2
71707,2
71712,2
71717,3
71728,4
71734,2
71741,3
71748,2
71751,4
71756,2
71762,2
71768,5
71789,2
71795,2
71798,2
71810,4
71814,3
71821,2
71823,2
71827,5
71837,3
71843,2
71850,2
71852,2
71856,3
71859,2
71865,2
71874,2
71877,2
71880,3
71888,3
71921,3
71927,2
71931,2
71938,2
71946,3
71949,2
71952,1
71959,2
71962,3
71969,3
71976,3
71979,2
71981,2
71983,2
71985,2
71987,2
71993,2
71997,2
71999,3
72002,4
72025,2
72027,2
72030,2
72034,3
72037,2
72053,2
72067,4
72081,2
72083,2
72087,4
72093,2
72095,2
72098,2
72101,2
72103,2
72110,2
72112,2
72117,2
72126,2
72132,2
72135,2
72146,2
72152,2
72154,4
72160,2
72164,2
72168,2
72175,2
72177,2
72180,3
72185,2
72188,3
72193,2
72197,3
72203,4
72210,2
72218,2
72220,3
72228,2
72235,3
72242,2
72246,3
72249,2
72263,2
72265,2
72276,2
72282,3
72287,2
72293,2
72296,2
72301,2
72303,2
72306,2
72322,2
72326,3
72333,2
72337,3
72340,2
72342,2
72349,2
72353,2
72359,2
72371,2
72375,2
72383,2
72385,2
72388,2
72403,5
72408,2
72421,2
72426,2
72428,3
72433,1
72437,3
72444,2
72446,2
72458,2
72460,2
72477,2
72487,2
72490,2
72493,3
72497,3
72505,2
72507,2
72511,2
72514,4
72524,2
72526,2
72544,1
72551,3
72555,3
72562,3
72568,2
72573,2
72575,2
72577,2
72586,3
72595,2
72603,3
72606,2
72611,2
72614,2
72617,2
72620,2
72623,2
72629,2
72633,2
72642,1
72644,2
72646,2
72650,2
72655,2
72658,3
72666,2
72668,2
72674,2
72676,2
72689,2
72696,5
72708,2
72711,2
72716,3
72719,2
72722,2
72729,4
72733,3
72736,4
72746,2
72754,3
72758,1
72761,2
72771,2
72775,2
72777,2
72786,3
72792,3
72799,2
72801,3
72808,2
72813,2
72818,3
72821,3
72826,2
72830,4
72843,3
72847,1
72852,2
72857,2
72866,2
72883,5
72892,2
72898,2
72913,2
72917,2
72921,2
72930,2
72936,3
72942,2
72944,2
72953,2
72966,8
72975,3
72982,3
72988,3
72994,2
72999,2
73007,2
73015,2
73020,2
73023,2
73034,2
73036,2
73038,2
73046,3
73051,2
73059,4
73067,3
73082,4
73089,2
73091,4
73096,2
73107,2
73134,2
73140,2
73145,4
73154,2
73167,4
73171,2
73186,3
73195,3
73199,2
73202,4
73206,2
73208,3
73212,2
73216,3
73219,2
73226,2
73232,2
73237,2
73252,3
73256,2
73258,2
73260,2
73263,3
73279,3
73282,2
73300,2
73303,3
73308,2
73310,1
73317,2
73321,2
73323,2
73325,2
73336,2
73341,2
73343,2
73352,3
73355,3
73360,3
73365,2
73368,2
73378,2
73382,2
73385,2
73391,2
73397,3
73411,2
73418,2
73420,2
73422,2
73428,2
73431,2
73433,3
73437,1
73443,2
73447,4
73453,2
73458,2
73461,2
73465,3
73468,2
73470,2
73474,2
73481,2
73486,2
73488,2
73491,3
73496,2
73498,2
73501,3
73510,2
73514,2
73525,2
73527,2
73530,3
73534,2
73546,3
73550,2
73553,2
73561,4
73569,2
73571,3
73578,3
73583,2
73587,3
73590,3
73602,2
73604,2
73607,3
73615,2
73623,2
73630,2
73632,2
73636,3
73641,2
73645,2
73652,3
73655,2
73657,3
73665,3
73671,3
73674,2
73677,2
73685,3
73688,2
73697,2
73701,2
73706,3
73720,2
73723,2
73731,2
73734,2
73736,3
73739,3
73742,3
73747,4
73753,2
73759,2
73762,3
73766,2
73769,2
73771,3
73775,2
73778,2
73780,3
73787,2
73789,2
73797,2
73799,2
73802,2
73807,2
73811,2
73815,2
73818,3
73823,2
73828,2
73830,3
73834,4
73838,2
73842,3
73845,2
73856,3
73865,3
73881,2
73884,2
73895,3
73904,2
73917,2
73919,3
73923,3
73926,2
73930,2
73934,2
73937,4
73942,2
73956,2
73960,2
73963,3
73972,2
73974,2
73978,1
73982,2
73984,2
73989,3
73992,2
73996,2
74008,3
74011,2
74021,3
74026,2
74028,2
74030,2
74038,3
74041,3
74053,3
74056,2
74065,2
74079,4
74085,3
74089,2
74091,2
74100,2
74110,3
74113,2
74115,4
74119,2
74121,3
74126,3
74129,2
74137,3
74141,2
74144,2
74147,2
74150,5
74155,3
74184,2
74192,2
74195,3
74198,2
74217,4
74223,2
74229,3
74232,2
74235,1
74244,3
74249,3
74252,2
74254,2
74270,1
74274,5
74279,2
74284,3
74289,2
74294,2
74297,2
74302,4
74314,2
74316,4
74321,3
74330,2
74339,3
74342,2
74345,2
74357,2
74360,3
74366,7
74374,3
74377,2
74383,3
74387,2
74389,2
74396,2
74403,2
74406,2
74408,2
74410,3
74413,3
74417,2
74419,2
74424,4
74431,3
74440,3
74443,2
74448,2
74450,4
74456,2
74458,3
74464,4
74472,2
74474,2
74478,2
74480,4
74484,4
74489,2
74491,2
74498,1
74504,2
74507,2
74509,2
74516,2
74521,2
74526,2
74532,2
74535,1
74560,3
74572,2
74579,2
74582,3
74587,2
74595,2
74607,5
74616,2
74619,1
74624,2
74631,2
74635,1
74641,2
74643,4
74647,3
74658,3
74676,4
74680,3
74696,5
74703,3
74709,2
74714,2
74723,3
74735,2
74737,2
74739,2
74741,2
74750,2
74757,1
74761,3
74767,3
74772,3
74775,2
74779,2
74781,2
74785,4
74789,2
74798,2
74801,2
74804,2
74811,2
74814,2
74817,4
74823,2
74825,2
74833,2
74836,2
74853,1
74862,5
74870,2
74873,3
74876,2
74878,2
74883,2
74885,3
74890,2
74894,2
74896,2
74906,1
74912,2
74918,2
74926,2
74930,4
74935,3
74943,2
74961,2
74963,5
74968,2
74978,2
74981,2
74984,3
74995,2
74999,2
75010,3
75013,2
75016,2
75018,2
75021,2
75025,2
75027,2
75034,2
75037,2
75043,1
75047,2
75052,3
75058,5
75064,2
75074,3
75083,2
75087,3
75090,2
75096,2
75100,3
75103,2
75107,2
75120,3
75127,3
75131,3
75135,2
75139,1
75142,2
75146,3
75150,3
75156,2
75161,2
75168,3
75174,2
75177,3
75180,4
75191,2
75195,2
75197,3
75205,3
75208,2
75211,2
75228,2
75233,2
75242,3
75245,3
75249,2
75253,2
75256,2
75260,5
75272,2
75274,1
75279,2
75281,4
75285,2
75290,2
75294,2
75298,2
75306,2
75312,2
75317,2
75327,1
75331,1
75334,2
75337,2
75346,3
75349,3
75357,4
75370,2
75373,2
75375,2
75384,2
75386,2
75397,1
75413,4
75417,3
75421,3
75427,2
75435,2
75441,2
75443,4
75451,2
75457,3
75461,2
75467,2
75471,2
75474,3
75479,2
75488,4
75492,2
75497,3
75500,2
75507,2
75517,3
75523,4
75536,2
75541,2
75543,2
75548,2
75556,2
75566,3
75570,3
75577,2
75581,2
75583,2
75589,2
75591,2
75595,2
75597,2
75603,2
75607,2
75612,1
75620,3
75624,2
75628,2
75630,3
75637,2
75639,2
75663,3
75667,4
75676,6
75682,2
75687,3
75695,2
75698,3
75701,2
75706,2
75708,3
75719,3
75724,4
75731,2
75739,4
75748,2
75750,3
75753,4
75757,3
75760,3
75764,2
75776,3
75782,2
75784,3
75789,2
75791,2
75794,2
75799,3
75805,3
75814,2
75816,1
75818,4
75822,2
75827,2
75829,1
75834,2
75837,1
75842,1
75852,2
75854,3
75861,3
75870,2
75874,4
75880,2
75888,2
75900,3
75909,3
75913,2
75915,4
75920,3
75923,3
75926,2
75929,3
75949,2
75952,3
75957,2
75961,2
75966,3
75976,2
75978,2
75982,4
75990,3
75993,2
75996,2
75999,4
76003,3
76018,2
76028,2
76030,4
76037,3
76043,2
76045,2
76048,3
76051,2
76060,2
76068,2
76071,2
76075,3
76079,2
76082,2
76086,3
76107,2
76112,4
76116,2
76118,2
76120,2
76124,3
76128,3
76133,2
76145,2
76153,3
76156,2
76159,2
76168,3
76171,4
76185,2
76193,1
76200,2
76203,4
76207,2
76210,2
76212,2
76215,2
76217,3
76227,1
76229,2
76235,2
76237,2
76242,2
76245,3
76251,2
76261,3
76264,2
76266,2
76268,2
76272,2
76275,2
76277,3
76280,2
76282,3
76286,2
76304,2
76308,4
76312,2
76315,2
76317,2
76321,2
76325,2
76328,2
76335,2
76337,3
76361,2
76363,4
76369,1
76372,3
76377,3
76380,3
76384,2
76387,3
76391,2
76394,2
76401,2
76405,2
76407,2
76413,2
76415,2
76424,3
76427,6
76436,2
76441,2
76446,2
76453,2
76462,3
76465,3
76470,2
76473,3
76487,2
76492,2
76498,2
76512,5
76524,2
76526,1
76534,2
76539,6
76550,2
76554,1
76562,2
76566,2
76571,4
76575,3
76587,3
76595,2
76606,3
76610,4
76619,2
76626,2
76632,2
76634,3
76653,2
76655,2
76657,2
76659,2
76661,2
76666,1
76668,2
76670,3
76673,2
76675,2
76683,2
76685,2
76689,2
76701,2
76703,3
76706,2
76708,2
76710,2
76712,2
76719,2
76721,2
76744,4
76757,2
76768,2
76772,2
76784,2
76788,2
76790,2
76792,2
76811,2
76817,3
76822,2
76831,3
76834,2
76836,2
76841,4
76847,2
76849,2
76851,2
76854,2
76856,2
76870,3
76873,2
76877,2
76883,3
76891,3
76897,4
76901,2
76905,2
76907,2
76910,4
76916,3
76919,2
76923,1
76925,2
76929,2
76942,2
76946,2
76952,3
76956,2
76960,2
76963,3
76970,2
76973,2
76977,1
76986,2
76991,2
76994,3
77011,2
77017,2
77019,3
77023,3
77026,4
77032,2
77040,2
77042,2
77045,2
77049,2
77052,4
77057,3
77063,3
77070,4
77076,2
77086,3
77093,3
77097,2
77101,1
77103,3
77116,2
77121,2
77124,3
77129,1
77132,2
77134,4
77144,2
77149,2
77151,2
77157,2
77166,3
77169,2
77171,1
77175,2
77181,3
77185,2
77198,2
77201,2
77204,2
77207,3
77212,2
77222,4
77226,1
77231,3
77235,2
77244,4
77251,4
77258,2
77261,2
77267,3
77271,2
77275,2
77283,3
77288,3
77293,3
77297,2
77299,2
77301,5
77306,2
77321,3
77326,3
77330,2
77332,3
77335,2
77341,1
77348,1
77350,3
77357,3
77363,2
77371,2
77373,3
77376,2
77380,2
77383,4
77393,2
77402,2
77404,1
77415,3
77421,2
77431,2
77433,2
77442,2
77445,3
77454,2
77460,3
77468,2
77470,3
77485,3
77488,2
77492,3
77502,2
77512,2
77520,2
77523,2
77527,3
77530,3
77535,2
77537,2
77543,3
77546,3
77550,2
77554,2
77564,3
77567,2
77571,2
77576,2
77584,2
77594,3
77597,2
77600,2
77602,2
77604,2
77611,2
77613,4
77617,4
77627,2
77635,4
77641,2
77650,3
77653,2
77655,5
77670,1
77673,2
77678,3
77681,2
77688,3
77691,1
77695,2
77699,2
77703,3
77711,3
77714,1
77719,4
77725,2
77743,2
77745,3
77758,3
77763,2
77788,2
77791,2
77794,3
77797,2
77800,1
77802,2
77804,3
77811,2
77815,2
77819,2
77824,3
77828,2
77839,3
77842,2
77844,2
77848,3
77855,2
77866,1
77871,2
77881,2
77894,2
77896,4
77900,2
77904,3
77907,2
77915,2
77921,2
77924,2
77932,3
77935,3
77941,2
77945,2
77953,2
77964,2
77969,2
77971,3
77976,2
77981,2
77999,3
78003,2
78005,2
78007,2
78015,2
78017,3
78025,3
78037,2
78043,3
78055,2
78059,2
78062,4
78066,3
78070,2
78073,1
78080,3
78083,2
78086,2
78088,2
78090,3
78096,3
78102,1
78105,2
78107,2
78109,2
78111,2
78119,3
78126,3
78130,2
78139,2
78141,2
78145,2
78147,2
78152,2
78156,3
78160,2
78163,1
78179,2
78182,4
78186,2
78190,1
78195,4
78200,3
78203,2
78209,3
78212,2
78216,3
78223,1
78228,2
78230,2
78239,2
78250,2
78262,3
78274,2
78276,2
78286,2
78296,2
78299,2
78302,1
78304,2
78309,4
78313,2
78320,1
78329,2
78331,6
78338,2
78343,2
78345,2
78347,2
78349,1
78353,3
78365,4
78369,2
78374,2
78376,2
78384,2
78400,2
78405,3
78410,3
78413,3
78417,2
78422,2
78432,2
78439,2
78457,2
78460,2
78472,2
78481,2
78484,2
78490,1
78496,2
78505,2
78546,3
78555,3
78567,2
78571,3
78584,2
78595,2
78597,2
78609,3
78616,1
78620,2
78627,2
78639,2
78641,2
78645,2
78650,4
78654,3
78661,3
78670,3
78673,2
78676,3
78686,2
78699,2
78704,2
78708,2
78714,3
78717,2
78724,2
78728,2
78730,2
78732,2
78736,2
78743,2
78752,4
78760,3
78763,3
78767,2
78771,2
78776,3
78781,1
78788,3
78794,2
78797,4
78801,2
78805,2
78809,2
78812,2
78814,2
78816,3
78820,3
78828,3
78831,2
78834,2
78837,3
78848,2
78852,2
78854,3
78859,2
78865,3
78871,2
78883,3
78886,3
78893,2
78895,5
78903,5
78919,3
78928,3
78931,2
78943,2
78954,2
78962,2
78964,3
78968,1
78985,2
78987,2
78990,3
78997,2
79001,2
79006,2
79009,2
79014,2
79016,3
79026,3
79030,3
79035,3
79039,2
79044,2
79046,2
79048,6
79056,2
79077,2
79080,2
79089,1
79095,2
79106,2
79113,2
79115,4
79119,2
79123,2
79129,2
79136,3
79144,3
79148,2
79150,2
79157,2
79159,3
79163,2
79170,2
79178,2
79180,1
79183,5
79190,3
79195,2
79203,4
79208,2
79231,2
79237,2
79243,4
79248,2
79256,2
79262,3
79267,2
79272,2
79274,4
79282,2
79288,2
79291,3
79299,4
79304,2
79306,1
79309,4
79313,2
79325,2
79327,3
79330,3
79334,3
79339,5
79344,5
79349,3
79353,2
79364,2
79366,2
79371,2
79374,2
79377,2
79381,1
79384,3
79399,2
79401,1
79405,3
79410,3
79413,3
79416,1
79430,2
79434,4
79445,5
79452,2
79463,3
79479,2
79485,2
79497,1
79499,2
79503,2
79516,2
79521,2
79532,2
79535,2
79539,2
79544,4
79562,3
79567,2
79569,2
79576,2
79582,3
79594,2
79597,3
79609,2
79611,3
79617,2
79623,2
79627,2
79629,2
79638,2
79643,2
79646,2
79650,2
79652,2
79655,2
79663,2
79665,3
79669,2
79671,2
79673,2
79675,2
79677,2
79679,4
79685,2
79688,2
79693,2
79697,2
79701,2
79704,2
79706,3
79710,2
79715,2
79721,4
79725,3
79729,3
79734,5
79740,4
79746,2
79750,2
79753,2
79755,1
79761,1
79769,1
79779,2
79781,3
79793,2
79796,2
79801,3
79808,2
79814,2
79822,2
79831,1
79836,2
79842,2
79844,3
79852,2
79857,2
79859,3
79862,1
79864,2
79869,3
79872,3
79877,2
79885,3
79888,3
79892,2
79896,2
79898,2
79902,2
79905,3
79908,2
79915,2
79917,3
79920,2
79922,1
79925,2
79927,4
79931,2
79934,2
79939,3
79942,3
79945,5
79950,2
79952,4
79958,2
79960,3
79968,2
79970,1
79979,2
79985,3
79992,2
79996,3
80008,2
80015,2
80028,2
80030,4
80055,2
80057,2
80059,2
80063,3
80066,4
80079,2
80085,2
80087,2
80091,2
80097,2
80103,3
80106,4
80121,3
80124,2
80129,1
80144,3
80147,4
80151,2
80154,2
80156,2
80159,2
80162,2
80166,4
80170,2
80172,4
80185,1
80199,2
80205,3
80210,3
80218,4
80222,2
80224,2
80230,2
80232,4
80248,5
80268,2
80270,2
80272,3
80277,3
80284,2
80287,3
80290,2
80306,2
80311,3
80315,2
80331,1
80333,3
80336,3
80341,2
80347,3
80353,2
80355,4
80364,2
80372,2
80378,2
80383,2
80385,1
80390,3
80395,4
80401,1
80405,2
80409,7
80418,1
80422,3
80428,5
80435,4
80441,2
80447,3
80450,2
80452,2
80454,2
80458,3
80469,1
80481,8
80493,4
80503,3
80508,1
80515,3
80519,3
80525,2
80527,3
80537,3
80540,1
80542,3
80545,2
80551,2
80556,5
80561,1
80582,2
80591,4
80599,3
80618,2
80623,2
80625,2
80630,1
80641,3
80665,2
80667,1
80672,2
80675,2
80677,2
80680,2
80682,3
80686,3
80702,2
80706,1
80713,4
80718,2
80720,3
80727,2
80742,2
80744,1
80748,2
80756,2
80760,2
80777,2
80782,2
80789,2
80794,2
80797,3
80803,2
80807,2
80812,2
80816,3
80839,3
80848,3
80863,2
80867,2
80879,3
80884,1
80889,2
80893,2
80895,2
80903,3
80913,2
80930,1
80935,3
80940,2
80944,2
80946,3
80949,1
80958,2
80968,4
80987,3
80992,2
80995,3
81006,2
81010,2
81015,1
81017,1
81022,2
81026,2
81028,2
81030,3
81033,2
81035,3
81038,2
81050,3
81055,2
81065,2
81069,3
81072,2
81080,1
81085,1
81089,2
81096,2
81098,2
81100,2
81102,2
81106,4
81116,2
81118,2
81120,2
81123,2
81125,2
81127,2
81138,4
81143,3
81148,1
81153,5
81168,1
81172,3
81175,2
81197,3
81203,2
81207,3
81230,1
81232,1
81242,4
81256,4
81262,1
81273,3
81280,3
81283,3
81286,4
81294,3
81299,2
81302,2
81308,5
81314,1
81326,3
81331,3
81334,2
81337,2
81346,2
81373,3
81378,2
81380,5
81385,2
81391,3
81396,6
81424,2
81426,4
81434,3
81449,2
81464,3
81468,2
81470,3
81477,2
81479,2
81492,2
81494,3
81500,4
81518,2
81521,3
81527,4
81533,2
81536,2
81538,2
81540,3
81547,2
81555,2
81562,1
81568,2
81570,2
81572,3
81578,2
81580,2
81582,2
81584,3
81587,3
81599,2
81607,2
81612,2
81619,4
81625,2
81630,2
81636,2
81643,3
81647,2
81649,3
81654,3
81658,2
81660,2
81667,2
81671,1
81678,3
81687,1
81695,4
81706,2
81725,3
81730,3
81744,2
81746,2
81750,3
81757,2
81759,4
81768,3
81771,2
81776,4
81781,2
81794,3
81797,2
81806,4
81811,2
81814,3
81817,1
81828,2
81831,2
81833,2
81835,2
81838,2
81841,4
81846,6
81853,3
81856,2
81860,2
81862,1
81882,2
81890,3
81893,4
81906,4
81914,4
81919,3
81928,3
81947,1
81950,3
81953,2
81955,3
81958,3
81961,2
81972,2
81987,3
81991,2
81994,3
82003,2
82006,2
82009,2
82011,2
82018,2
82031,3
82034,2
82036,1
82044,1
82046,1
82048,2
82051,8
82068,2
82073,3
82076,3
82088,3
82092,2
82100,2
82102,4
82106,2
82108,4
82114,2
82118,2
82120,3
82126,1
82128,2
82130,2
82138,1
82141,2
82147,1
82156,2
82160,2
82162,2
82166,2
82168,2
82175,3
82178,1
82190,1
82199,1
82206,2
82210,2
82213,2
82215,3
82218,2
82221,2
82224,2
82226,3
82229,2
82231,3
82236,3
82242,2
82244,2
82253,3
82257,2
82260,2
82264,2
82277,3
82283,3
82289,2
82297,2
82299,2
82302,4
82306,4
82312,3
82315,2
82318,2
82323,3
82328,1
82338,1
82340,2
82349,2
82353,1
82357,3
82362,2
82368,2
82372,4
82384,2
82388,2
82407,3
82412,4
82416,4
82420,3
82425,3
82428,2
82430,3
82435,2
82441,2
82443,2
82446,3
82451,2
82453,2
82459,3
82462,2
82466,1
82469,2
82472,1
82483,3
82486,3
82490,2
82493,3
82499,2
82503,2
82507,2
82510,2
82512,2
82517,2
82523,3
82527,2
82536,1
82539,1
82543,2
82559,3
82562,3
82573,2
82575,7
82582,3
82586,3
82595,2
82597,4
82602,2
82605,3
82618,2
82620,2
82622,1
82624,1
82626,3
82637,2
82639,2
82641,2
82643,3
82651,2
82654,2
82660,2
82667,3
82670,1
82673,1
82678,1
82682,2
82686,2
82688,1
82693,2
82699,6
82705,3
82709,2
82713,3
82720,1
82724,3
82727,3
82733,3
82739,2
82741,4
82749,2
82751,2
82755,1
82760,2
82762,2
82765,2
82772,1
82784,3
82787,3
82790,2
82801,3
82813,1
82815,2
82819,2
82826,2
82838,2
82848,2
82852,2
82856,2
82859,3
82865,2
82874,2
82878,2
82884,3
82890,2
82893,2
82899,4
82907,3
82910,1
82913,2
82921,4
82925,2
82927,2
82931,2
82937,2
82940,4
82948,2
82959,3
82965,1
82969,3
82974,3
82978,5
82996,3
83012,2
83017,3
83021,2
83030,3
83034,1
83040,2
83046,2
83052,2
83057,2
83061,3
83065,3
83074,3
83083,2
83095,2
83098,2
83100,2
83106,1
83112,3
83121,2
83123,2
83128,2
83132,2
83138,2
83144,2
83147,2
83149,2
83156,2
83158,1
83161,3
83164,2
83181,2
83187,3
83193,2
83195,2
83197,4
83202,3
83205,2
83207,2
83209,2
83220,2
83225,1
83230,2
83238,2
83255,1
83260,2
83264,1
83270,1
83281,2
83285,2
83290,2
83292,1
83295,2
83304,5
83309,1
83318,2
83324,2
83326,2
83329,2
83333,5
83338,3
83349,1
83353,7
83363,1
83367,1
83370,2
83378,3
83388,2
83392,2
83395,2
83403,3
83408,2
83410,3
83415,3
83423,3
83426,3
83433,2
83441,2
83443,2
83447,1
83449,2
83456,4
83460,4
83468,3
83475,1
83493,1
83495,2
83497,2
83501,3
83505,2
83511,2
83514,2
83519,2
83525,3
83528,3
83552,2
83561,3
83567,1
83569,2
83578,3
83581,5
83586,1
83593,4
83597,2
83601,1
83604,4
83610,3
83613,4
83625,2
83628,2
83630,2
83636,2
83642,2
83648,5
83654,1
83665,2
83668,1
83673,1
83678,2
83683,2
83685,1
83690,3
83694,3
83705,3
83713,2
83715,2
83717,2
83721,2
83726,2
83735,2
83737,2
83743,2
83745,2
83758,4
83763,4
83767,1
83777,2
83786,1
83789,1
83797,3
83800,3
83807,2
83835,4
83840,2
83844,3
83847,1
83853,1
83861,2
83863,3
83871,1
83875,5
83880,2
83882,2
83885,2
83898,3
83902,2
83904,2
83914,2
83918,1
83923,2
83929,4
83934,2
83941,3
83945,5
83952,2
83954,2
83957,1
83962,3
83969,2
83973,2
83977,2
83979,2
83983,3
83987,2
83989,2
83998,2
84002,2
84008,3
84011,2
84013,1
84017,3
84028,2
84038,4
84046,4
84050,2
84052,2
84067,2
84072,1
84076,2
84079,3
84083,3
84088,2
84093,1
84098,6
84109,3
84118,3
84122,2
84129,1
84142,2
84147,3
84152,4
84157,4
84162,4
84167,4
84176,4
84180,2
84187,2
84198,2
84202,3
84212,2
84220,2
84225,4
84229,1
84235,6
84245,3
84248,2
84250,1
84253,3
84261,2
84267,2
84272,4
84276,2
84284,2
84291,3
84295,3
84298,2
84300,2
84302,2
84304,2
84311,3
84331,2
84335,7
84342,2
84349,2
84351,1
84358,3
84362,2
84364,4
84373,2
84376,4
84380,1
84383,2
84388,1
84394,2
84396,2
84399,2
84402,2
84405,4
84410,3
84421,1
84423,2
84431,1
84445,3
84461,3
84464,2
84469,2
84479,2
84489,1
84497,4
84502,2
84506,2
84509,2
84511,2
84513,4
84519,4
84534,1
84542,2
84551,2
84564,2
84569,2
84577,2
84580,3
84587,2
84592,1
84594,3
84599,3
84604,1
84606,2
84608,1
84612,3
84617,3
84630,2
84637,2
84640,2
84647,3
84654,2
84657,5
84678,2
84680,2
84682,1
84688,2
84700,4
84704,1
84722,5
84750,2
84755,2
84765,2
84777,2
84781,2
84792,3
84797,2
84803,2
84810,2
84821,2
84825,3
84829,1
84832,5
84837,2
84843,2
84845,2
84847,1
84849,3
84854,2
84858,2
84861,3
84865,2
84879,3
84897,2
84901,1
84903,2
84906,1
84912,3
84915,2
84918,2
84936,2
84940,3
84943,2
84946,2
84951,2
84953,3
84960,4
84964,2
84966,4
84970,6
84981,3
84984,2
84988,1
84994,2
85001,2
85006,2
85013,1
85032,4
85036,2
85038,2
85042,1
85046,2
85050,2
85055,3
85060,2
85069,2
85072,2
85079,2
85090,1
85100,2
85103,2
85117,2
85141,2
85144,4
85149,2
85152,2
85154,1
85156,2
85169,2
85171,2
85183,4
85191,2
85194,5
85214,6
85225,2
85229,2
85231,3
85236,2
85238,1
85240,3
85243,2
85250,1
85253,2
85256,2
85263,1
85267,1
85273,2
85278,3
85283,2
85293,4
85297,1
85329,1
85362,2
85373,2
85381,2
85386,2
85390,2
85393,2
85396,2
85400,1
85442,3
85450,5
85455,3
85459,3
85462,3
85468,3
85472,3
85477,3
85482,2
85489,2
85496,4
85503,3
85506,3
85511,3
85518,3
85522,2
85526,3
85530,2
85533,2
85536,2
85546,2
85557,3
85562,2
85571,1
85573,2
85578,3
85588,2
85601,2
85603,1
85607,1
85614,1
85628,3
85631,5
85637,1
85644,1
85661,4
85678,2
85696,1
85698,2
85701,4
85705,2
85710,3
85715,3
85728,2
85730,2
85735,3
85739,3
85743,2
85748,3
85751,5
85758,5
85764,4
85770,4
85774,6
85780,3
85784,3
85792,2
85795,3
85799,4
85803,1
85814,2
85816,3
85822,2
85824,3
85827,3
85830,3
85833,3
85841,3
85844,1
85846,2
85848,3
85854,2
85856,2
85879,2
85881,2
85887,1
85913,2
85916,3
85919,4
85925,2
85929,2
85935,4
85945,3
85948,1
85950,2
85957,2
85959,3
85966,3
85969,2
85971,2
85973,3
85978,2
85981,3
85985,2
85989,5
85994,3
85998,2
86002,2
86004,2
86017,1
86021,1
86024,1
86029,4
86038,1
86045,1
86070,2
86074,2
86081,2
86083,2
86098,2
86100,3
86105,2
86111,2
86113,3
86117,2
86128,4
86133,1
86139,3
86145,2
86155,3
86172,2
86176,3
86179,2
86181,2
86183,3
86198,2
86201,3
86205,1
86207,2
86212,2
86215,3
86220,2
86224,2
86226,1
86236,2
86242,3
86245,3
86249,3
86253,3
86257,2
86263,3
86267,4
86271,3
86289,2
86318,3
86323,2
86330,2
86335,2
86411,2
86510,2
86574,2
86579,3
86584,1
86587,2
86591,2
86594,2
86601,2
86605,2
86609,2
86612,2
86614,1
86616,1
86627,3
86631,2
86637,1
86639,3
86644,2
86648,2
86650,3
86682,1
86693,2
86695,1
86698,1
86706,3
86729,3
86735,2
86737,2
86743,2
86748,2
86752,2
86756,3
86759,3
86764,2
86785,2
86790,3
86799,2
86807,2
86814,1
86823,4
86827,3
86833,3
86839,2
86846,1
86862,4
86866,2
86870,2
86872,3
86888,2
86892,2
86895,4
86901,4
86905,2
86913,2
86918,2
86928,2
86933,2
86946,2
86948,3
86951,2
86955,4
86960,2
86962,4
86966,1
86972,4
86977,3
86982,4
86986,2
86989,2
86994,2
86997,3
87000,3
87012,3
87016,3
87023,3
87026,4
87039,4
87047,2
87049,3
87054,3
87062,2
87072,3
87075,5
87096,2
87100,7
87109,3
87114,2
87120,1
87130,2
87146,3
87150,3
87157,3
87160,2
87163,2
87166,3
87170,3
87174,4
87179,2
87181,2
87188,2
87193,4
87200,5
87206,2
87213,3
87217,1
87219,2
87223,3
87226,2
87228,3
87231,5
87237,1
87246,4
87255,6
87261,3
87272,2
87281,2
87284,3
87287,2
87289,2
87294,8
87309,2
87311,2
87314,4
87318,3
87321,3
87360,2
87362,2
87366,4
87376,2
87379,2
87385,2
87394,5
87399,1
87401,2
87403,2
87407,2
87414,2
87417,1
87427,4
87435,3
87438,1
87441,7
87448,3
87451,6
87458,2
87464,3
87467,2
87469,2
87484,3
87495,2
87497,3
87503,2
87510,2
87512,3
87518,2
87520,1
87523,2
87529,2
87532,3
87536,3
87545,2
87552,3
87559,2
87562,3
87566,2
87571,4
87575,5
87580,2
87586,5
87591,2
87596,2
87603,2
87605,3
87627,1
87637,2
87646,3
87653,4
87657,2
87662,3
87665,2
87670,5
87677,5
87682,15
87697,2
87700,2
87702,3
87709,3
87712,5
87717,3
87724,3
87727,2
87729,3
87734,3
87740,2
87742,3
87746,3
87753,3
87794,1
87798,1
87801,1
87804,2
87809,2
87814,6
87820,7
87828,2
87836,1
87840,2
87843,1
87853,2
87855,1
87865,2
87869,2
87871,2
87878,2
87880,2
87883,3
87888,3
87891,3
87894,2
87899,2
87902,2
87906,2
87908,3
87913,2
87915,2
87917,3
87924,2
87930,2
87946,2
87958,1
87960,2
87966,2
87975,2
87977,2
87979,2
87982,2
87986,2
87996,3
88001,2
88003,7
88010,4
88015,3
88027,2
88030,2
88041,2
88043,2
88045,2
88050,2
88052,3
88057,2
88061,3
88068,3
88071,3
88082,2
88092,3
88099,2
88106,2
88109,1
88120,3
88125,2
88128,2
88132,2
88134,2
88137,2
88150,2
88154,2
88157,4
88162,2
88164,1
88170,5
88175,2
88182,2
88186,2
88188,3
88191,2
88194,2
88211,1
88224,1
88232,2
88236,3
88242,3
88250,2
88252,2
88256,2
88258,2
88260,3
88263,3
88275,6
88288,2
88291,1
88295,4
88299,3
88304,3
88307,2
88309,2
88311,6
88318,2
88320,7
88327,8
88339,2
88341,3
88344,5
88350,3
88360,3
88366,2
88369,2
88375,4
88381,2
88388,2
88390,2
88392,2
88394,1
88398,2
88400,3
88403,4
88407,2
88409,2
88428,3
88432,2
88435,1
88458,2
88469,3
88474,2
88477,3
88484,5
88489,2
88498,1
88514,3
88519,2
88521,1
88529,2
88531,3
88549,3
88567,2
88571,4
88580,3
88586,2
88594,6
88605,3
88613,3
88619,2
88623,3
88639,2
88641,2
88655,2
88658,4
88662,2
88665,2
88671,2
88673,2
88678,5
88683,1
88685,3
88688,2
88693,6
88699,2
88703,4
88715,3
88719,3
88724,3
88733,3
88738,3
88743,2
88748,2
88755,2
88758,2
88761,4
88768,3
88775,2
88783,2
88794,4
88801,7
88809,2
88811,3
88821,2
88824,2
88826,5
88831,2
88833,3
88848,3
88851,1
88853,2
88860,2
88862,2
88865,2
88870,3
88874,3
88880,2
88883,2
88887,2
88890,2
88897,7
88904,3
88908,2
88927,3
88930,1
88936,3
88939,4
88947,3
88951,2
88965,2
88968,2
88971,2
88973,3
88976,5
88982,3
88985,3
88989,2
88991,2
88994,2
89000,1
89004,1
89007,1
89009,1
89015,4
89026,2
89031,3
89048,2
89053,4
89058,4
89068,2
89071,2
89073,2
89082,2
89087,2
89092,8
89102,2
89106,4
89121,1
89123,2
89137,2
89142,2
89148,2
89156,2
89166,1
89177,2
89183,3
89187,6
89196,2
89201,3
89204,4
89210,3
89213,4
89219,2
89221,4
89229,2
89231,3
89236,1
89241,1
89248,2
89253,2
89258,2
89262,2
89264,2
89266,4
89275,2
89280,3
89294,2
89298,2
89300,5
89307,3
89310,2
89312,1
89315,1
89323,4
89327,2
89329,3
89332,2
89334,4
89346,4
89351,2
89359,3
89365,3
89368,1
89377,1
89379,5
89385,2
89387,1
89397,2
89399,2
89403,5
89411,6
89418,3
89424,2
89437,1
89440,2
89450,3
89455,4
89463,2
89469,2
89471,3
89485,2
89492,2
89495,21
89516,1
89518,2
89520,3
89523,1
89529,4
89543,2
89546,3
89550,8
89562,2
89564,5
89571,2
89574,1
89578,1
89580,3
89603,3
89606,1
89621,3
89624,2
89627,2
89629,2
89631,1
89633,2
89637,4
89645,6
89651,4
89656,2
89662,2
89668,6
89674,3
89677,3
89681,2
89684,2
89688,2
89700,2
89704,2
89711,2
89729,2
89731,3
89739,2
89750,4
89756,2
89761,1
89777,5
89783,7
89793,2
89796,1
89800,2
89802,2
89807,2
89814,2
89816,3
89829,1
89836,2
89838,2
89845,2
89847,3
89850,3
89862,2
89885,1
89889,2
89892,4
89899,3
89902,1
89911,2
89913,3
89919,1
89921,2
89930,2
89936,2
89942,4
89950,2
89952,2
89954,3
89957,2
89959,4
89964,4
89968,3
89971,2
89973,2
89984,3
89997,2
89999,2
90002,4
90006,1
90009,2
90012,2
90014,2
90017,1
90019,3
90024,3
90027,2
90037,2
90039,2
90041,4
90046,2
90050,3
90054,2
90057,1
90062,2
90066,1
90070,2
90072,2
90074,2
90077,2
90082,2
90084,2
90086,2
90090,4
90101,3
90104,3
90117,4
90150,2
90154,3
90161,1
90164,3
90175,2
90178,3
90182,1
90184,3
90189,2
90191,2
90195,1
90198,3
90201,1
90203,2
90206,6
90212,2
90220,2
90225,3
90228,3
90232,2
90234,2
90236,4
90240,3
90247,2
90249,2
90259,3
90262,2
90267,3
90274,5
90279,2
90281,2
90283,4
90287,2
90291,2
90297,4
90302,2
90310,2
90312,2
90316,2
90319,2
90327,1
90332,4
90348,3
90353,2
90355,5
90360,2
90362,3
90366,2
90374,3
90379,3
90383,1
90385,3
90421,3
90425,3
90430,3
90433,5
90465,4
90471,3
90474,3
90484,2
90486,2
90494,2
90496,2
90500,3
90504,3
90510,2
90517,3
90521,2
90524,2
90526,2
90528,1
90533,2
90536,4
90541,3
90551,2
90553,2
90555,2
90562,3
90568,4
90575,2
90578,3
90583,2
90586,2
90589,4
90594,1
90596,4
90600,1
90602,1
90606,2
90612,2
90614,3
90625,2
90634,2
90639,6
90650,1
90653,2
90657,4
90666,2
90668,3
90673,3
90676,3
90679,3
90688,1
90691,1
90704,2
90713,1
90715,2
90741,1
90743,3
90748,3
90751,3
90770,2
90773,4
90792,3
90807,2
90812,4
90816,1
90826,3
90830,2
90832,2
90841,2
90844,1
90851,3
90867,2
90877,3
90880,1
90889,2
90891,1
90902,3
90906,3
90909,1
90914,3
90921,3
90926,3
90929,4
90944,3
90947,2
90951,3
90959,2
90961,2
90966,1
90980,2
90988,2
90990,7
91005,2
91017,4
91021,2
91028,3
91031,3
91034,2
91036,4
91040,1
91044,2
91046,3
91049,1
91083,1
91091,1
91094,1
91100,1
91110,1
91123,1
91133,2
91135,2
91139,1
91145,1
91178,2
91182,1
91189,1
91212,1
91222,1
91250,1
91264,1
91298,1
91335,1
91342,2
91346,1
91356,1
91361,3
91365,1
91379,2
91387,3
91392,3
91396,2
91418,1
91429,2
91431,2
91448,2
91451,1
91453,2
91462,3
91465,1
91469,1
91471,1
91479,1
91481,1
91487,2
91490,6
91497,2
91499,4
91503,1
91505,3
91508,3
91512,2
91520,2
91522,3
91526,2
91529,2
91531,4
91538,3
91548,2
91554,2
91560,3
91567,2
91572,3
91578,2
91580,2
91582,3
91585,3
91588,3
91594,2
91597,2
91599,2
91601,2
91607,1
91609,2
91614,2
91618,2
91622,4
91626,3
91631,2
91633,5
91640,2
91642,3
91647,2
91652,10
91666,3
91672,2
91676,2
91680,4
91688,5
91693,4
91697,3
91701,2
91703,2
91706,2
91712,2
91715,2
91721,2
91726,1
91728,2
91732,3
91737,1
91742,3
91747,3
91757,7
91765,2
91769,2
91778,2
91784,2
91787,3
91798,2
91802,2
91823,3
91828,1
91830,3
91833,4
91837,3
91842,1
91845,2
91848,3
91852,2
91869,2
91902,2
91906,3
91909,2
91911,2
91913,2
91948,3
91963,3
91974,1
91976,3
91980,1
91982,2
91984,2
91989,2
91993,2
91997,2
92000,2
92012,4
92020,2
92026,2
92028,2
92030,2
92035,2
92037,2
92039,4
92044,2
92051,1
92056,2
92060,3
92063,5
92068,6
92074,3
92080,3
92088,2
92090,1
92096,3
92101,2
92105,2
92107,4
92111,2
92116,2
92119,2
92121,2
92128,4
92135,2
92137,3
92140,2
92142,1
92144,2
92149,1
92156,3
92166,1
92168,3
92172,3
92176,2
92178,2
92182,3
92185,2
92188,2
92190,2
92196,3
92202,2
92204,2
92207,4
92216,3
92219,2
92224,1
92231,1
92233,2
92243,2
92246,2
92249,5
92263,3
92269,3
92276,2
92278,2
92280,2
92282,3
92287,2
92292,3
92300,3
92303,8
92313,4
92317,5
92322,1
92331,2
92335,2
92337,2
92342,5
92350,3
92353,2
92355,1
92358,2
92361,3
92364,1
92366,2
92377,1
92379,2
92389,1
92392,2
92398,2
92404,5
92411,2
92413,2
92422,5
92428,1
92430,4
92437,2
92442,2
92444,1
92446,6
92452,2
92454,5
92459,4
92463,6
92469,2
92472,2
92474,1
92479,2
92485,2
92488,3
92495,2
92498,2
92500,2
92502,1
92504,2
92506,3
92510,2
92515,4
92526,2
92532,2
92535,5
92540,2
92542,2
92545,2
92550,1
92554,1
92557,2
92559,1
92569,1
92571,1
92573,1
92575,1
92580,5
92587,6
92594,3
92598,4
92603,2
92609,3
92618,2
92621,3
92624,3
92627,2
92632,4
92636,2
92640,2
92644,3
92654,5
92660,2
92662,2
92665,1
92668,3
92671,2
92675,3
92681,2
92684,2
92686,2
92691,4
92695,3
92705,3
92708,3
92715,3
92718,1
92723,2
92725,2
92727,2
92739,2
92742,2
92747,2
92749,3
92757,2
92761,3
92764,2
92766,3
92771,4
92776,2
92781,3
92785,1
92788,2
92792,2
92796,2
92799,3
92804,4
92813,3
92816,2
92818,2
92820,3
92824,2
92826,4
92832,2
92835,3
92839,2
92841,2
92843,2
92849,2
92851,1
92861,3
92868,3
92871,2
92873,1
92876,3
92882,2
92884,3
92888,2
92890,2
92894,2
92896,1
92901,1
92903,2
92905,4
92909,5
92916,6
92923,5
92934,7
92942,1
92944,2
92946,2
92950,3
92958,2
92961,7
92968,3
92972,2
92976,2
92978,2
92980,2
92982,4
92990,4
92994,2
92997,2
93012,2
93016,5
93021,1
93025,7
93032,2
93034,3
93037,3
93046,6
93054,3
93057,2
93059,2
93061,4
93068,3
93079,2
93081,2
93089,5
93095,1
93098,2
93102,2
93104,2
93114,4
93118,4
93122,2
93133,2
93139,5
93144,2
93146,2
93149,2
93155,2
93158,1
93163,3
93177,5
93183,3
93192,2
93196,2
93206,1
93220,2
93225,3
93228,2
93232,2
93235,3
93245,3
93264,3
93282,2
93286,3
93290,3
93293,3
93297,2
93299,1
93302,2
93315,1
93328,3
93335,2
93337,3
93341,2
93352,2
93360,3
93363,3
93371,3
93374,1
93377,6
93386,1
93392,1
93395,1
93401,1
93419,2
93436,2
93442,2
93445,1
93447,2
93453,2
93458,3
93465,3
93471,2
93476,2
93478,2
93482,2
93485,3
93491,2
93493,3
93496,4
93500,2
93504,2
93508,1
93511,3
93523,4
93529,2
93532,3
93538,4
93542,7
93552,9
93563,2
93568,3
93571,2
93573,2
93576,1
93582,3
93585,2
93588,2
93592,1
93608,3
93612,3
93615,2
93618,2
93620,3
93624,1
93630,3
93651,4
93655,6
93664,1
93667,1
93671,2
93673,1
93675,2
93690,6
93699,1
93701,4
93707,2
93712,2
93714,4
93718,2
93721,2
93723,2
93726,2
93730,4
93735,3
93738,2
93740,4
93744,3
93750,5
93757,2
93759,2
93763,3
93767,2
93771,4
93778,3
93784,1
93789,1
93795,3
93798,2
93804,2
93808,3
93818,3
93827,1
93833,1
93835,4
93839,4
93844,2
93846,4
93852,1
93854,2
93856,2
93859,2
93865,5
93870,2
93873,3
93876,5
93881,4
93886,2
93893,6
93900,2
93904,2
93906,5
93911,2
93916,4
93922,2
93924,1
93930,11
93942,2
93945,2
93952,1
93963,2
93966,2
93969,5
93975,5
93981,4
93985,4
93996,2
93998,2
94001,1
94003,2
94006,3
94013,2
94015,1
94020,3
94023,5
94028,2
94030,2
94036,7
94043,3
94046,4
94050,3
94053,2
94057,4
94065,5
94072,2
94074,6
94083,2
94086,1
94089,4
94093,7
94105,2
94110,2
94114,4
94118,2
94120,2
94122,2
94126,1
94128,2
94146,3
94150,5
94156,2
94158,3
94163,3
94168,2
94180,6
94202,2
94204,12
94217,4
94222,2
94225,4
94229,2
94232,6
94239,3
94243,2
94249,8
94257,2
94259,1
94261,3
94264,2
94269,5
94274,9
94283,2
94285,3
94288,2
94291,3
94294,8
94303,2
94305,3
94308,3
94311,2
94313,3
94316,6
94322,7
94329,2
94331,5
94336,2
94338,3
94349,2
94351,3
94354,2
94357,2
94360,2
94363,7
94370,2
94374,2
94378,5
94383,2
94385,3
94390,1
94393,2
94401,4
94409,6
94415,2
94417,3
94434,2
94436,2
94438,2
94440,2
94442,2
94451,3
94454,6
94460,2
94465,2
94468,3
94471,2
94473,2
94479,1
94481,3
94484,2
94493,2
94495,3
94520,3
94524,3
94528,2
94530,4
94537,3
94541,1
94564,2
94575,12
94608,2
94611,2
94617,2
94620,5
94628,4
94632,5
94640,3
94644,5
94664,2
94669,2
94680,2
94687,3
94691,2
94693,2
94695,3
94699,2
94703,2
94719,1
94735,3
94746,1
94749,2
94759,3
94764,2
94772,3
94777,4
94785,2
94788,2
94796,2
94803,3
94820,1
94830,3
94835,2
94849,2
94858,1
94862,1
94872,1
94876,2
94880,1
94883,2
94888,2
94890,2
94897,1
94901,2
94908,3
94921,2
94934,1
94937,2
94959,2
94962,3
94977,2
94993,2
94995,3
95000,8
95008,1
95010,4
95026,1
95028,1
95079,1
95143,2
95151,2
95156,3
95170,3
95185,2
95192,2
95198,3
95205,5
95210,2
95215,2
95220,3
95227,3
95232,2
95237,2
95239,1
95247,3
95250,3
95253,1
95257,2
95268,3
95276,3
95280,3
95285,1
95287,3
95295,2
95301,2
95306,2
95309,1
95317,4
95321,2
95334,4
95347,3
95350,3
95355,2
95359,3
95362,2
95365,4
95371,2
95373,2
95375,2
95380,2
95384,3
95387,3
95392,1
95395,2
95398,2
95403,3
95407,5
95412,1
95415,2
95417,3
95420,3
95429,2
95438,3
95442,2
95444,1
95446,1
95451,2
95453,1
95460,2
95464,2
95466,2
95468,7
95481,1
95486,2
95488,1
95491,4
95495,1
95499,1
95508,2
95511,2
95518,2
95522,5
95531,2
95534,2
95541,2
95543,2
95545,2
95548,3
95552,1
95555,2
95557,3
95565,5
95570,2
95575,1
95583,3
95587,2
95593,1
95595,1
95599,2
95602,2
95604,2
95606,2
95608,2
95610,2
95613,2
95623,2
95626,1
95633,3
95646,3
95652,2
95655,2
95663,2
95665,3
95673,4
95679,3
95686,2
95688,1
95690,2
95696,1
95698,2
95707,1
95713,2
95715,3
95719,4
95723,2
95727,2
95733,1
95736,2
95738,3
95741,2
95743,2
95745,2
95747,2
95749,4
95754,6
95763,4
95767,2
95774,3
95780,3
95788,2
95790,5
95797,2
95800,3
95803,1
95807,2
95809,8
95817,2
95823,2
95825,2
95829,1
95833,2
95836,2
95841,2
95844,3
95868,2
95871,3
95878,4
95882,2
95888,1
95897,1
95899,4
95909,2
95912,1
95921,1
95924,5
95929,2
95932,4
95945,3
95949,1
95951,3
95954,2
95958,3
95967,2
95969,1
95985,3
95990,2
95995,1
95998,2
96000,1
96002,4
96018,2
96023,1
96025,2
96027,1
96032,1
96035,2
96037,2
96039,1
96041,2
96050,3
96055,2
96061,3
96065,3
96069,2
96073,2
96083,3
96088,2
96092,1
96094,2
96096,4
96100,2
96103,2
96107,2
96109,2
96132,2
96138,1
96140,2
96145,2
96150,2
96159,2
96174,2
96178,4
96189,2
96194,3
96197,2
96202,1
96211,2
96214,1
96224,2
96231,1
96235,1
96237,3
96240,2
96242,2
96244,2
96247,2
96249,5
96254,4
96260,2
96265,3
96268,2
96273,2
96277,2
96286,1
96289,1
96292,5
96299,2
96302,2
96305,1
96307,2
96312,3
96316,2
96324,2
96326,1
96328,2
96337,4
96343,1
96350,4
96356,2
96358,2
96363,3
96368,3
96371,1
96375,2
96389,2
96392,2
96394,2
96403,2
96405,1
96412,3
96417,3
96422,2
96435,5
96440,4
96446,3
96449,3
96452,1
96458,2
96468,1
96475,4
96482,1
96485,2
96491,4
96497,1
96500,2
96503,2
96510,2
96515,1
96518,2
96520,3
96523,1
96527,2
96535,1
96542,2
96545,1
96549,3
96556,2
96561,2
96569,2
96573,3
96576,2
96582,1
96585,3
96603,2
96606,2
96608,1
96611,5
96616,2
96620,2
96623,2
96629,1
96633,2
96638,3
96651,2
96658,2
96662,2
96666,1
96668,3
96676,2
96682,3
96693,2
96696,1
96705,2
96709,2
96711,4
96725,4
96731,2
96735,4
96740,2
96742,1
96744,4
96748,2
96750,4
96755,2
96757,1
96763,1
96766,2
96770,2
96773,2
96778,2
96780,2
96794,2
96797,1
96799,1
96812,1
96819,3
96826,2
96835,2
96842,2
96847,2
96852,2
96856,3
96860,2
96867,3
96875,1
96879,2
96883,4
96888,2
96890,3
96893,1
96903,4
96907,1
96914,2
96920,2
96929,1
96934,2
96942,2
96945,1
96947,2
96953,2
96963,2
96965,2
96967,1
96978,1
96980,3
96985,1
96987,3
96993,2
96997,2
96999,1
97002,1
97008,2
97020,3
97034,2
97040,2
97045,2
97047,2
97049,3
97055,2
97057,2
97059,3
97064,3
97067,2
97077,1
97084,3
97088,2
97090,3
97093,2
97100,2
97103,2
97105,1
97107,5
97118,2
97121,2
97125,2
97139,2
97147,1
97151,3
97161,2
97163,3
97170,2
97175,2
97185,1
97190,3
97211,1
97213,2
97215,2
97220,3
97224,2
97228,2
97247,1
97249,2
97252,2
97259,2
97262,3
97269,1
97271,1
97277,2
97292,3
97303,1
97305,1
97316,4
97329,1
97336,1
97338,1
97340,2
97343,1
97347,2
97349,4
97361,2
97367,1
97373,2
97377,1
97381,1
97385,2
97389,3
97392,2
97394,2
97404,2
97406,2
97408,2
97430,2
97436,3
97444,3
97448,5
97458,4
97462,2
97465,2
97469,2
97471,4
97487,2
97492,2
97499,3
97503,2
97505,2
97520,1
97526,1
97535,2
97540,3
97543,2
97545,3
97548,3
97551,3
97560,2
97564,3
97567,3
97580,2
97584,3
97587,2
97590,3
97594,3
97599,3
97602,2
97612,1
97621,3
97625,2
97628,1
97631,2
97643,2
97649,4
97655,4
97667,3
97670,2
97672,2
97675,2
97677,2
97680,3
97685,2
97689,2
97694,3
97699,1
97705,1
97719,2
97721,2
97730,1
97733,3
97737,2
97741,2
97743,3
97749,2
97764,4
97770,3
97777,1
97779,4
97785,2
97787,3
97792,3
97818,1
97824,2
97833,3
97837,4
97842,3
97845,3
97856,4
97864,2
97869,1
97874,4
97881,2
97895,1
97897,2
97905,2
97910,1
97917,2
97922,2
97925,2
97929,2
97935,2
97938,2
97944,2
97949,2
97955,3
97961,2
97967,3
97973,3
97984,3
97987,5
97995,4
98004,1
98006,1
98010,3
98013,2
98015,2
98039,2
98045,3
98052,5
98058,1
98062,2
98069,4
98075,1
98081,1
98083,3
98097,2
98100,2
98102,2
98108,4
98118,2
98121,2
98124,2
98126,3
98129,3
98132,1
98136,1
98139,2
98144,3
98150,1
98153,4
98158,1
98166,2
98172,2
98177,1
98183,2
98192,3
98201,4
98207,3
98210,2
98212,1
98217,3
98221,1
98223,1
98227,3
98240,3
98243,3
98246,3
98254,2
98267,3
98272,2
98274,2
98278,4
98284,1
98290,3
98294,1
98299,2
98309,2
98313,3
98317,2
98320,3
98328,1
98332,2
98340,1
98346,3
98351,2
98358,3
98363,2
98365,2
98367,2
98369,2
98371,2
98373,2
98379,4
98385,1
98387,2
98395,1
98397,3
98403,2
98411,2
98413,2
98415,2
98417,2
98419,4
98429,3
98435,1
98443,2
98448,2
98454,2
98461,2
98472,1
98479,2
98483,2
98487,2
98489,2
98496,1
98501,1
98503,2
98506,2
98508,3
98515,3
98521,3
98528,1
98551,2
98559,4
98563,3
98570,4
98574,2
98582,3
98588,3
98594,1
98597,2
98603,2
98607,3
98614,2
98617,3
98620,4
98634,1
98636,2
98642,2
98659,2
98666,2
98668,4
98672,1
98679,2
98683,2
98686,1
98694,3
98701,3
98708,2
98713,2
98715,3
98728,2
98734,2
98741,3
98749,2
98751,1
98753,2
98756,3
98759,1
98763,1
98766,3
98770,2
98774,3
98786,2
98802,4
98806,6
98815,2
98824,3
98830,2
98832,2
98837,1
98840,2
98842,4
98846,1
98854,2
98858,2
98860,1
98864,3
98868,2
98873,3
98876,1
98882,2
98894,1
98898,1
98905,1
98907,2
98912,2
98914,3
98919,1
98923,1
98929,2
98937,2
98940,2
98947,2
98950,3
98954,2
98956,3
98973,1
98976,1
98988,3
99004,1
99009,3
99014,1
99016,3
99022,4
99037,3
99043,2
99045,2
99050,3
99056,2
99063,3
99066,1
99073,1
99078,2
99083,3
99092,2
99114,3
99118,3
99123,4
99131,5
99136,3
99154,2
99157,2
99162,2
99169,2
99184,2
99186,3
99191,1
99197,2
99199,2
99201,1
99203,2
99216,1
99221,4
99236,2
99238,3
99243,1
99253,2
99267,2
99269,4
99273,3
99279,2
99281,2
99292,3
99296,2
99298,2
99300,2
99318,2
99321,1
99324,1
99331,1
99334,2
99336,4
99341,2
99353,2
99355,3
99359,4
99364,3
99367,2
99380,2
99382,2
99390,3
99429,1
99437,3
99443,1
99448,2
99451,1
99458,2
99462,2
99475,3
99491,1
99499,5
99507,2
99510,2
99518,2
99520,3
99523,2
99526,2
99529,2
99531,2
99535,2
99538,3
99541,2
99543,1
99552,1
99557,3
99560,2
99568,1
99570,5
99575,2
99580,2
99582,1
99584,1
99599,2
99615,2
99620,2
99623,1
99626,1
99640,3
99653,1
99658,1
99660,2
99663,2
99665,2
99675,2
99681,2
99689,3
99704,2
99711,1
99717,2
99719,2
99722,2
99728,3
99736,2
99744,3
99757,4
99763,3
99768,2
99772,2
99783,1
99786,2
99791,1
99793,2
99798,2
99801,1
99803,2
99805,2
99808,1
99812,3
99818,2
99828,2
99840,2
99843,3
99848,4
99852,3
99855,1
99860,2
99865,3
99871,3
99880,2
99888,1
99890,2
99898,4
99903,1
99906,3
99912,1
99919,1
99930,2
99932,4
99938,2
99951,2
99961,1
99967,3
99985,1
99989,1
100004,3
100008,1
100012,3
100017,1
100020,2
100022,2
100028,1
100031,3
100034,1
100055,2
100060,5
100068,5
100074,4
100078,2
100086,2
100095,3
100102,2
100104,2
100106,1
100108,2
100115,3
100124,2
100145,1
100153,3
100160,1
100164,1
100176,2
100189,2
100193,1
100195,5
100204,2
100206,2
100208,5
100213,2
100217,2
100219,2
100228,4
100240,2
100243,2
100248,2
100250,4
100255,1
100263,3
100273,4
100278,3
100289,2
100293,1
100297,3
100301,3
100305,2
100315,2
100317,3
100320,2
100339,2
100356,2
100358,2
100374,2
100382,4
100389,1
100393,1
100398,3
100403,1
100408,2
100412,3
100417,2
100421,2
100424,2
100432,3
100436,2
100446,6
100452,1
100460,2
100471,1
100475,2
100477,1
100494,2
100496,1
100499,1
100510,2
100516,3
100531,1
100542,1
100545,2
100554,2
100556,2
100562,2
100588,2
100593,2
100596,3
100601,2
100603,2
100605,2
100613,3
100621,2
100623,2
100630,4
100637,3
100641,2
100645,2
100647,1
100652,3
100655,1
100661,2
100665,2
100667,2
100672,3
100680,3
100686,3
100689,2
100708,4
100715,2
100719,5
100728,4
100733,3
100737,1
100740,2
100743,2
100748,2
100759,3
100770,2
100774,2
100793,1
100800,2
100809,2
100817,2
100825,3
100831,3
100838,1
100840,2
100844,2
100847,3
100853,2
100855,2
100859,3
100864,2
100869,2
100877,1
100879,1
100894,1
100897,2
100905,1
100920,2
100922,2
100924,5
100930,3
100935,3
100939,1
100947,2
100954,1
100964,4
100968,2
100971,2
100975,3
100978,2
100982,1
100984,2
101021,2
101023,1
101027,3
101040,1
101042,2
101044,1
101050,3
101068,3
101076,1
101080,2
101086,1
101097,2
101099,2
101102,2
101105,4
101109,2
101111,2
101113,2
101116,2
101118,1
101122,2
101126,2
101129,3
101132,2
101137,3
101152,1
101164,2
101166,2
101168,2
101171,2
101177,1
101182,5
101190,1
101196,2
101206,1
101214,3
101220,2
101222,2
101225,1
101234,2
101243,2
101248,2
101254,2
101257,3
101268,1
101270,2
101273,3
101278,2
101282,2
101286,4
101293,2
101301,1
101316,1
101321,2
101323,3
101327,2
101330,2
101332,2
101335,1
101351,1
101363,3
101370,3
101380,1
101391,3
101396,3
101400,1
101402,4
101408,3
101411,1
101418,1
101420,2
101425,2
101427,4
101436,1
101444,2
101450,1
101454,1
101458,4
101488,2
101493,2
101502,2
101518,2
101522,2
101527,2
101533,2
101544,2
101552,4
101556,4
101562,2
101568,3
101572,2
101579,1
101581,2
101585,2
101588,1
101590,1
101592,2
101598,3
101606,2
101626,1
101637,2
101643,2
101650,1
101652,3
101655,1
101660,3
101670,2
101672,3
101679,2
101684,2
101689,3
101694,3
101699,2
101701,1
101703,2
101714,3
101723,2
101726,2
101730,1
101742,2
101748,3
101758,1
101763,2
101767,4
101777,1
101785,3
101789,2
101795,2
101801,2
101803,2
101807,1
101809,2
101813,2
101819,1
101823,2
101825,2
101828,2
101835,2
101839,2
101842,1
101852,1
101854,3
101857,2
101861,1
101863,2
101865,3
101868,2
101871,2
101873,3
101880,2
101884,3
101889,2
101901,2
101905,1
101907,1
101917,2
101919,2
101922,3
101925,1
101929,1
101936,2
101948,2
101955,2
101958,2
101962,1
101967,2
101973,2
101977,1
101982,1
101987,1
101998,3
102009,2
102016,2
102026,1
102033,2
102047,1
102062,2
102066,2
102078,3
102083,1
102094,1
102098,2
102101,2
102105,2
102119,2
102121,1
102130,2
102139,3
102142,1
102147,2
102156,3
102172,2
102193,1
102196,2
102198,1
102202,2
102208,3
102216,1
102235,1
102239,2
102273,4
102277,2
102296,2
102299,1
102306,2
102319,4
102323,2
102325,2
102331,2
102339,2
102348,3
102388,2
102395,2
102398,1
102406,3
102414,2
102424,3
102429,3
102433,2
102438,3
102443,3
102448,2
102450,9
102462,3
102474,2
102476,1
102479,2
102498,2
102532,2
102535,3
102538,3
102541,4
102545,1
102547,1
102555,3
102558,2
102572,2
102574,2
102585,3
102597,2
102602,2
102604,2
102610,4
102614,3
102620,5
102629,3
102636,3
102643,2
102646,9
102657,2
102670,2
102716,3
102719,2
102725,5
102730,2
102732,2
102736,3
102739,2
102743,2
102746,3
102749,3
102753,3
102756,3
102759,4
102763,4
102774,3
102783,2
102786,2
102790,2
102793,3
102796,2
102812,2
102817,2
102820,2
102824,3
102836,3
102839,4
102844,3
102847,1
102851,2
102854,2
102856,2
102860,2
102864,4
102870,2
102873,2
102876,3
102882,2
102884,4
102893,2
102895,2
102897,6
102906,2
102911,2
102923,2
102927,4
102931,5
102937,3
102943,2
102946,2
102949,2
102951,2
102954,2
102960,2
102962,2
102969,4
102976,2
102982,6
102989,1
102991,7
103000,3
103003,3
103013,4
103021,2
103023,5
103028,3
103031,2
103040,5
103047,2
103049,2
103055,2
103063,2
103065,2
103069,4
103076,3
103082,4
103089,2
103094,2
103102,2
103104,4
103108,2
103116,1
103121,2
103123,2
103125,1
103128,1
103130,4
103138,3
103141,3
103147,2
103149,2
103152,2
103154,3
103159,2
103175,3
103178,3
103189,4
103197,2
103209,4
103216,6
103222,3
103231,2
103233,5
103238,3
103241,3
103244,2
103248,3
103251,2
103255,2
103258,2
103260,1
103272,2
103275,3
103278,3
103288,2
103302,2
103304,3
103312,2
103315,2
103317,8
103325,2
103335,3
103347,3
103350,2
103352,3
103355,1
103357,2
103359,3
103364,4
103379,4
103383,3
103388,1
103393,1
103401,1
103403,3
103406,2
103408,5
103417,2
103419,3
103440,1
103443,2
103445,3
103448,2
103450,2
103462,4
103466,2
103469,2
103471,2
103476,2
103480,2
103484,2
103487,2
103490,2
103495,2
103501,3
103504,3
103507,3
103513,4
103518,2
103524,1
103538,2
103543,2
103545,2
103557,1
103560,2
103562,2
103568,1
103575,2
103579,2
103585,3
103588,2
103592,3
103597,3
103607,2
103610,1
103612,2
103616,2
103620,4
103629,3
103632,1
103637,3
103645,2
103647,2
103650,2
103653,1
103657,3
103671,6
103677,3
103680,2
103682,3
103685,3
103688,5
103696,2
103698,4
103702,4
103723,1
103727,2
103733,5
103739,2
103746,3
103750,3
103753,3
103756,3
103761,1
103769,2
103773,2
103775,2
103778,3
103784,3
103787,1
103789,3
103793,3
103798,1
103800,2
103804,2
103807,2
103810,1
103817,2
103827,2
103830,2
103835,4
103847,2
103849,2
103864,2
103870,3
103876,2
103888,2
103894,3
103897,2
103899,1
103901,3
103909,2
103912,2
103929,2
103938,2
103941,1
103947,3
103951,3
103955,4
103962,4
103968,3
103975,2
103980,2
103982,5
103994,2
103996,4
104001,2
104003,2
104006,6
104012,1
104014,3
104017,1
104024,1
104026,1
104035,1
104047,6
104053,2
104058,2
104061,4
104065,2
104069,2
104071,2
104087,1
104094,2
104097,2
104115,2
104117,3
104120,2
104129,3
104139,2
104142,6
104151,2
104164,4
104178,2
104182,2
104186,1
104192,2
104204,2
104206,4
104210,2
104217,4
104221,1
104230,2
104232,2
104236,2
104239,3
104244,3
104261,2
104263,2
104268,2
104270,2
104278,2
104280,3
104286,3
104295,2
104298,2
104309,3
104312,2
104318,1
104321,3
104331,3
104335,1
104342,1
104345,2
104349,3
104352,2
104373,2
104378,3
104394,4
104415,2
104418,1
104420,2
104432,1
104450,2
104453,2
104455,2
104459,2
104461,2
104463,2
104465,2
104467,2
104469,3
104474,3
104479,2
104481,3
104497,3
104500,2
104503,2
104511,2
104513,3
104528,2
104539,2
104546,1
104550,3
104553,2
104565,2
104567,1
104573,3
104578,3
104582,3
104586,2
104590,3
104599,1
104605,3
104615,2
104619,2
104621,4
104625,1
104630,1
104633,2
104639,2
104648,1
104651,2
104655,1
104667,1
104670,2
104679,2
104685,2
104693,2
104699,3
104702,3
104707,1
104712,2
104725,2
104731,3
104766,1
104795,1
104814,1
104820,1
104832,1
104838,1
104843,1
104857,3
104864,2
104873,1
104886,1
104893,3
104900,1
104906,2
104910,2
104927,1
104930,1
104933,3
104942,2
104958,1
104960,1
104963,1
104965,1
104972,1
104977,2
105002,1
105010,2
105012,3
105017,1
105026,1
105039,1
105041,1
105043,3
105046,2
105060,1
105070,2
105079,2
105082,2
105087,1
105098,1
105100,1
105108,3
105113,2
105132,3
105150,1
105155,8
105181,3
105185,1
105190,2
105198,4
105202,1
105244,2
105287,2
105324,2
105328,1
105456,5
105488,4
105492,2
105514,2
105541,2
105543,8
105608,2
105621,2
105633,2
105726,2
105755,3
105804,2
105807,3
105858,1
105892,2
105895,2
105897,4
105916,6
105929,1
105954,5
105965,2
105967,17
105994,3
106022,2
106051,1
106057,3
106063,1
106083,2
106100,1
106187,3
106199,3
106217,1
106227,5
106348,2
106401,1
106411,2
106413,2
106425,1
106495,2
106503,1
106507,1
106514,1
106540,1
106551,1
106565,2
106580,5
106586,1
106591,3
106595,2
106599,2
106601,1
106608,2
106614,1
106672,2
106676,3
106685,2
106694,2
106698,5
106738,5
106753,1
106756,2
106758,3
106765,2
106792,3
106802,5
106809,2
106811,3
106816,3
106873,4
106880,5
106885,1
106888,2
106901,2
106908,3
106918,2
106923,1
106925,2
106927,1
106931,5
106943,1
106948,2
106958,1
106960,2
106969,2
106973,2
107010,2
107017,1
107030,3
107035,2
107053,1
107060,3
107064,2
107069,2
107072,5
107079,2
107092,4
107099,1
107102,2
107106,2
107112,2
107188,1
107192,2
107203,1
107209,8
107321,1
107497,2
107500,2
107502,3
107505,6
107511,4
107519,3
107524,3
107530,3
107535,4
107539,3
107543,1
107548,3
107552,3
107555,3
107562,3
107565,2
107569,1
107572,2
107579,2
107585,2
107588,2
107595,3
107618,2
107620,1
107623,3
107655,3
107664,2
107673,1
107757,2
107759,5
107764,2
107766,2
107771,4
107776,2
107783,5
107790,4
107797,3
107801,2
107809,3
107812,4
107816,2
107818,2
107822,4
107832,3
107841,2
107843,2
107851,2
107859,2
107874,3
107877,2
107880,1
107891,1
107906,1
108004,2
108007,3
108010,5
108015,7
108022,4
108026,4
108032,3
108035,7
108042,2
108044,3
108049,5
108054,2
108056,4
108060,4
108064,9
108073,3
108077,2
108081,4
108086,2
108089,2
108091,4
108095,3
108098,3
108101,2
108104,2
108108,4
108113,4
108117,2
108119,2
108122,3
108125,5
108131,8
108139,3
108142,4
108147,2
108150,8
108158,3
108162,2
108164,2
108168,5
108175,6
108182,5
108187,2
108189,2
108191,2
108193,6
108203,6
108209,5
108214,4
108218,6
108228,3
108232,5
108238,4
108244,4
108249,2
108252,2
108255,4
108259,2
108261,6
108267,3
108272,4
108277,4
108281,4
108285,2
108287,2
108291,2
108296,2
108299,2
108301,2
108303,3
108306,4
108310,2
108312,3
108317,2
108321,3
108324,4
108329,5
108334,2
108337,2
108340,2
108343,3
108351,6
108360,2
108362,3
108365,7
108374,4
108378,2
108380,4
108384,2
108387,2
108390,2
108395,2
108397,5
108402,2
108404,2
108406,2
108409,2
108412,4
108417,6
108424,2
108426,2
108429,2
108431,2
108433,2
108436,4
108440,2
108442,2
108444,2
108446,2
108448,2
108450,3
108454,4
108459,2
108463,4
108467,2
108469,2
108471,2
108476,3
108479,2
108482,2
108484,2
108488,2
108490,2
108493,2
108495,2
108497,3
108501,2
108503,2
108505,2
108511,2
108513,2
108517,2
108519,10
108529,3
108533,4
108538,4
108544,3
108547,4
108551,2
108554,3
108557,2
108561,3
108564,3
108567,2
108571,5
108577,3
108581,2
108583,2
108585,4
108595,3
108604,4
108609,3
108612,5
108618,7
108625,2
108627,2
108629,3
108633,6
108640,2
108642,3
108650,3
108654,2
108656,2
108658,4
108662,3
108666,3
108671,3
108674,3
108679,2
108684,8
108697,2
108699,4
108705,4
108709,2
108712,3
108715,2
108717,7
108724,3
108727,2
108730,3
108742,4
108747,3
108751,4
108755,3
108758,2
108760,3
108765,6
108772,3
108778,3
108781,3
108784,2
108786,2
108788,2
108796,5
108801,2
108803,2
108805,2
108808,2
108810,3
108815,4
108819,4
108823,5
108829,2
108834,3
108837,8
108845,6
108851,4
108856,3
108861,5
108866,2
108868,2
108871,2
108873,3
108877,2
108879,2
108881,2
108883,4
108887,4
108891,5
108896,4
108902,3
108907,2
108909,2
108912,3
108915,3
108920,7
108927,3
108930,2
108932,2
108934,2
108940,5
108945,5
108950,2
108952,4
108956,3
108964,2
108969,2
108971,3
108974,4
108978,2
108981,3
108985,4
108989,2
108991,4
108996,6
109005,4
109009,3
109013,2
109017,3
109021,3
109024,3
109028,4
109033,3
109036,2
109040,3
109043,3
109049,3
109052,4
109056,2
109062,2
109065,2
109068,6
109078,2
109081,3
109084,5
109089,2
109091,3
109094,2
109096,2
109098,2
109101,2
109104,3
109107,3
109113,3
109117,2
109121,3
109125,2
109128,2
109130,3
109134,2
109138,3
109143,7
109150,2
109152,3
109155,2
109159,5
109164,2
109166,3
109169,4
109173,2
109176,3
109185,2
109187,2
109190,1
109192,2
109195,3
109198,3
109202,2
109205,2
109207,4
109211,2
109214,6
109220,4
109224,2
109231,2
109233,2
109237,3
109240,3
109247,1
109249,2
109251,3
109254,3
109259,2
109261,3
109265,3
109269,3
109272,1
109274,1
109279,2
109282,2
109285,2
109287,3
109291,3
109294,3
109297,2
109299,3
109304,2
109307,4
109311,2
109313,1
109315,2
109318,7
109327,2
109329,3
109332,3
109335,2
109342,3
109345,2
109347,2
109351,2
109353,3
109356,2
109358,2
109363,2
109368,2
109370,2
109372,2
109374,2
109376,1
109379,2
109381,4
109385,2
109387,3
109391,2
109393,3
109396,2
109399,2
109401,1
109403,4
109407,2
109411,3
109415,2
109418,2
109421,2
109423,2
109425,4
109429,3
109432,5
109437,2
109439,4
109443,2
109448,2
109450,2
109453,3
109457,2
109459,2
109465,5
109470,3
109482,2
109484,4
109491,1
109494,2
109496,2
109498,3
109501,2
109506,2
109509,3
109513,3
109518,2
109521,2
109526,4
109530,3
109533,2
109535,3
109540,2
109548,3
109551,2
109553,6
109559,2
109561,3
109564,2
109569,2
109574,4
109578,2
109580,3
109584,4
109588,2
109591,4
109600,2
109603,3
109607,2
109609,3
109612,3
109615,2
109622,7
109632,3
109639,3
109642,2
109645,11
109662,5
109668,2
109670,2
109674,2
109676,2
109679,7
109686,2
109688,4
109692,7
109702,2
109707,2
109709,2
109713,2
109716,3
109719,2
109721,3
109724,2
109726,5
109737,3
109741,2
109747,2
109749,3
109753,2
109756,2
109759,3
109764,2
109766,2
109768,3
109773,4
109778,4
109782,3
109786,2
109791,2
109795,2
109803,5
109808,2
109811,3
109814,2
109816,4
109821,8
109829,7
109839,3
109843,3
109850,4
109854,2
109857,2
109859,2
109863,3
109866,2
109868,3
109875,5
109882,2
109884,2
109886,2
109891,5
109899,3
109902,5
109907,2
109909,3
109918,2
109921,2
109923,2
109925,2
109927,2
109934,3
109937,2
109939,2
109941,3
109945,2
109948,3
109952,4
109960,2
109962,3
109965,2
109968,3
109975,2
109982,2
109984,2
109988,2
109990,3
109995,2
109997,4
110001,3
110004,2
110007,2
110010,4
110014,2
110016,5
110022,4
110029,3
110032,3
110035,3
110042,4
110046,2
110048,2
110053,4
110063,2
110065,2
110070,2
110074,1
110076,3
110080,2
110082,3
110086,2
110088,2
110090,3
110093,3
110096,3
110103,3
110110,2
110118,3
110123,3
110127,3
110134,1
110136,4
110141,3
110146,2
110148,2
110152,2
110154,4
110158,3
110161,3
110165,2
110169,2
110171,2
110174,5
110179,3
110184,2
110186,3
110195,5
110201,2
110203,2
110206,1
110211,3
110217,1
110219,2
110221,2
110225,2
110227,2
110229,3
110234,2
110238,3
110241,5
110246,2
110248,3
110251,2
110253,2
110255,5
110260,3
110265,3
110270,2
110273,2
110275,3
110279,2
110281,3
110284,7
110297,2
110299,2
110301,4
110308,3
110311,3
110314,2
110320,3
110324,2
110326,2
110331,2
110333,2
110337,2
110341,2
110343,2
110347,4
110353,1
110355,2
110358,3
110365,2
110368,2
110370,2
110372,3
110377,4
110383,2
110388,2
110393,3
110396,3
110399,2
110404,2
110406,8
110415,3
110420,2
110423,4
110428,2
110430,2
110433,4
110437,3
110440,2
110443,4
110448,3
110451,2
110458,2
110462,5
110468,4
110473,2
110477,3
110483,4
110487,4
110491,3
110496,2
110498,2
110501,3
110504,3
110507,1
110510,2
110515,2
110518,1
110520,3
110524,2
110529,2
110534,4
110538,2
110540,2
110542,2
110544,2
110547,2
110550,2
110554,4
110558,3
110561,3
110564,4
110569,2
110571,3
110575,2
110577,5
110582,2
110584,2
110586,4
110592,2
110594,6
110601,2
110606,4
110610,3
110613,2
110616,3
110623,3
110627,2
110629,2
110633,2
110637,5
110642,4
110647,2
110649,2
110651,3
110654,2
110659,3
110662,10
110672,2
110674,2
110677,4
110681,2
110683,3
110686,2
110689,3
110695,3
110698,7
110705,2
110708,2
110712,3
110718,1
110721,5
110726,4
110731,4
110737,2
110740,1
110742,4
110749,2
110751,2
110753,2
110755,2
110758,3
110767,2
110769,2
110771,2
110773,2
110777,2
110779,6
110788,3
110791,5
110796,3
110800,2
110802,2
110804,3
110807,3
110810,2
110813,2
110815,3
110818,1
110820,2
110822,3
110826,5
110831,2
110833,2
110838,2
110840,2
110842,2
110845,3
110848,2
110850,3
110855,1
110857,3
110862,3
110865,10
110875,2
110879,1
110881,2
110884,2
110895,3
110899,3
110904,3
110907,4
110913,2
110918,5
110923,4
110927,3
110930,2
110934,2
110938,6
110945,3
110948,2
110950,2
110953,7
110960,5
110968,3
110972,2
110979,2
110981,2
110987,2
110990,6
110999,2
111001,2
111003,2
111005,5
111014,2
111016,2
111018,2
111026,5
111032,2
111035,2
111037,2
111042,4
111046,4
111050,2
111054,2
111056,4
111062,2
111064,3
111067,3
111071,2
111073,2
111078,6
111084,7
111091,3
111099,3
111102,7
111109,2
111114,2
111124,2
111126,2
111130,8
111139,3
111142,2
111144,1
111146,4
111150,3
111154,2
111158,2
111165,3
111169,2
111173,5
111180,4
111185,2
111188,3
111197,3
111201,3
111205,2
111208,2
111212,2
111214,2
111217,2
111219,4
111224,2
111226,5
111232,4
111239,2
111241,2
111244,2
111246,3
111249,2
111252,2
111258,2
111264,3
111269,6
111277,3
111283,3
111286,4
111290,3
111293,3
111298,3
111304,3
111312,2
111314,2
111319,2
111321,2
111323,2
111327,7
111334,2
111340,3
111346,2
111349,3
111352,2
111361,3
111365,2
111367,5
111372,2
111374,3
111377,3
111380,3
111385,5
111392,5
111397,2
111399,4
111403,3
111411,3
111416,3
111421,1
111423,4
111427,5
111433,2
111436,4
111445,2
111447,4
111452,2
111457,2
111459,2
111462,2
111469,2
111471,3
111483,2
111486,2
111489,2
111491,1
111495,5
111500,2
111502,3
111505,3
111511,2
111516,6
111522,2
111526,4
111531,3
111540,3
111543,4
111547,1
111549,2
111551,2
111557,2
111559,2
111562,1
111565,2
111567,6
111573,3
111576,2
111578,1
111580,3
111583,4
111587,3
111593,3
111596,3
111600,2
111605,2
111612,3
111615,2
111618,3
111621,2
111623,2
111625,2
111631,6
111637,2
111640,4
111647,2
111649,2
111652,2
111654,2
111656,3
111659,3
111663,2
111667,3
111670,2
111672,3
111676,3
111682,3
111687,2
111690,3
111694,5
111705,2
111708,3
111711,4
111716,2
111721,3
111724,3
111728,3
111731,4
111736,1
111739,2
111748,5
111753,2
111756,4
111761,2
111764,4
111769,4
111774,3
111777,6
111783,4
111788,3
111791,5
111797,2
111802,2
111804,3
111807,2
111812,3
111820,2
111824,2
111827,4
111832,7
111839,5
111847,2
111849,1
111853,3
111856,2
111860,3
111863,6
111871,3
111875,2
111877,2
111881,3
111885,2
111887,7
111895,2
111897,3
111901,2
111904,3
111907,2
111909,2
111911,3
111914,2
111918,4
111922,4
111927,4
111934,3
111940,2
111943,2
111945,2
111948,2
111950,2
111953,2
111959,1
111962,3
111967,1
111971,4
111977,3
111980,3
111984,3
111987,2
111990,2
111992,3
111997,3
112000,2
112002,2
112007,2
112012,4
112021,2
112026,5
112031,2
112034,2
112038,2
112040,6
112046,2
112048,2
112050,2
112052,2
112054,3
112060,2
112062,2
112064,2
112069,4
112074,2
112077,3
112080,2
112082,3
112085,2
112092,2
112094,3
112097,2
112099,3
112102,2
112105,6
112111,2
112116,3
112120,5
112126,2
112129,2
112133,2
112135,2
112145,2
112149,2
112151,2
112154,1
112156,2
112159,4
112163,2
112167,2
112171,2
112174,2
112176,2
112180,2
112183,2
112185,2
112189,4
112194,3
112200,4
112205,3
112210,2
112214,4
112219,3
112223,1
112226,4
112230,3
112235,4
112239,2
112241,2
112245,4
112249,2
112252,3
112256,3
112263,3
112270,2
112272,2
112274,4
112278,4
112283,4
112287,2
112289,2
112291,4
112302,5
112307,3
112316,2
112318,2
112322,2
112326,2
112328,2
112330,3
112333,2
112335,3
112338,2
112342,3
112345,2
112348,2
112352,3
112355,4
112359,2
112363,2
112365,2
112368,3
112371,3
112376,11
112387,2
112390,2
112393,3
112398,3
112404,1
112406,2
112409,2
112411,2
112417,1
112419,7
112426,3
112430,2
112432,7
112445,3
112451,2
112454,3
112457,4
112462,2
112465,7
112472,1
112477,2
112483,3
112486,2
112488,1
112492,2
112495,2
112497,8
112505,3
112509,3
112512,3
112517,2
112519,2
112521,3
112527,2
112529,2
112531,3
112534,3
112537,3
112541,3
112544,2
112546,3
112549,4
112556,2
112563,2
112565,2
112568,2
112570,7
112577,4
112581,4
112587,2
112589,3
112593,2
112599,3
112611,1
112614,2
112618,2
112621,2
112623,2
112629,3
112633,3
112636,3
112643,2
112647,2
112649,2
112651,2
112653,1
112655,3
112659,5
112664,2
112666,5
112674,2
112676,4
112680,7
112689,2
112691,2
112694,4
112699,3
112704,4
112708,2
112711,3
112723,4
112727,3
112731,2
112733,3
112737,3
112740,2
112742,2
112746,1
112748,5
112753,3
112756,2
112762,2
112764,2
112768,2
112770,2
112777,2
112779,2
112782,3
112785,2
112787,2
112789,2
112795,7
112802,2
112804,3
112808,10
112822,4
112827,3
112831,5
112838,2
112840,5
112847,3
112851,2
112853,4
112858,3
112861,2
112863,2
112865,5
112870,4
112877,3
112880,2
112884,2
112891,2
112894,2
112902,3
112905,2
112907,2
112911,4
112919,2
112923,3
112929,2
112938,2
112942,3
112947,3
112950,3
112953,4
112958,3
112963,3
112973,2
112977,2
112979,2
112982,3
112985,4
112990,2
112993,2
112996,3
113000,3
113007,6
113013,3
113017,2
113020,2
113022,2
113024,3
113028,4
113034,3
113038,6
113046,3
113049,2
113054,2
113059,2
113061,4
113065,3
113069,2
113072,3
113075,2
113077,2
113079,2
113082,2
113084,3
113091,5
113096,3
113100,2
113103,2
113105,3
113109,2
113115,3
113119,3
113123,3
113126,3
113135,2
113137,3
113140,4
113146,2
113149,3
113153,2
113155,6
113161,2
113168,2
113171,2
113176,2
113179,2
113181,3
113184,5
113189,4
113193,4
113200,2
113203,2
113205,4
113211,2
113213,2
113217,2
113220,4
113225,3
113228,2
113230,8
113239,2
113246,2
113251,2
113254,3
113257,2
113259,3
113262,2
113266,3
113269,2
113274,2
113280,9
113290,2
113295,2
113299,4
113303,2
113306,2
113309,2
113311,2
113316,6
113323,3
113328,3
113338,2
113350,3
113353,2
113355,4
113361,5
113369,2
113371,2
113375,4
113380,4
113386,2
113389,3
113392,3
113400,2
113402,2
113404,3
113407,5
113412,3
113418,3
113423,2
113429,5
113435,2
113437,3
113440,1
113442,3
113446,2
113448,3
113452,2
113455,3
113458,3
113464,2
113469,8
113478,3
113483,2
113485,5
113490,2
113492,3
113495,2
113498,2
113501,3
113504,3
113507,5
113514,2
113518,7
113527,3
113532,2
113535,3
113539,2
113542,2
113544,2
113546,2
113549,2
113554,2
113556,2
113558,5
113563,3
113567,3
113572,2
113574,4
113585,1
113588,2
113591,2
113593,6
113601,3
113608,2
113610,2
113612,3
113615,5
113622,2
113628,4
113632,2
113635,2
113637,2
113639,4
113643,2
113645,4
113649,2
113651,4
113655,2
113667,2
113669,3
113676,2
113684,2
113686,3
113690,4
113694,2
113698,1
113700,5
113706,4
113710,4
113714,1
113719,2
113727,2
113729,2
113731,5
113738,4
113745,2
113748,2
113756,2
113759,4
113763,5
113768,2
113770,2
113774,3
113777,2
113781,2
113783,4
113787,2
113791,2
113793,2
113795,3
113798,3
113803,2
113808,2
113810,3
113817,2
113819,2
113823,2
113827,2
113829,2
113833,3
113837,2
113839,4
113844,4
113853,4
113857,4
113861,3
113869,2
113871,3
113877,2
113882,2
113884,3
113889,2
113892,2
113894,2
113897,3
113901,2
113904,3
113907,2
113909,2
113911,3
113922,3
113927,2
113933,2
113935,3
113940,1
113943,2
113947,2
113951,3
113956,5
113961,3
113964,4
113968,3
113971,2
113973,2
113976,5
113987,2
113991,2
114000,3
114003,3
114007,2
114009,2
114013,3
114016,4
114021,3
114025,2
114027,5
114035,3
114041,2
114046,2
114049,3
114052,2
114054,1
114057,2
114059,2
114061,2
114064,2
114066,2
114069,2
114077,3
114081,5
114086,3
114089,2
114091,2
114093,2
114096,5
114102,2
114104,3
114108,2
114110,3
114113,2
114117,2
114125,2
114128,2
114130,3
114136,2
114140,5
114145,3
114148,2
114150,2
114154,4
114158,2
114162,2
114164,2
114168,2
114171,1
114173,5
114182,3
114188,2
114191,2
114193,2
114195,3
114198,1
114202,2
114206,2
114213,2
114216,4
114222,2
114225,2
114233,2
114235,4
114242,5
114249,2
114254,3
114257,2
114260,2
114265,3
114268,2
114270,4
114274,2
114276,2
114285,4
114290,3
114293,3
114296,4
114300,6
114307,2
114312,2
114314,2
114316,1
114318,2
114324,3
114327,2
114329,2
114331,2
114334,3
114337,7
114344,4
114349,3
114352,2
114355,3
114358,2
114362,2
114366,3
114369,4
114374,2
114376,3
114384,4
114390,2
114397,1
114399,2
114404,4
114408,2
114411,2
114413,2
114416,2
114421,2
114423,3
114426,3
114431,3
114434,4
114438,2
114441,3
114445,2
114448,2
114451,5
114457,3
114460,6
114466,4
114470,2
114473,3
114476,8
114484,4
114488,3
114493,2
114495,2
114497,2
114499,2
114504,2
114507,4
114511,2
114514,2
114516,2
114519,4
114523,2
114532,2
114541,3
114554,3
114558,3
114563,2
114569,2
114572,8
114584,3
114588,3
114591,2
114609,4
114613,2
114618,3
114623,5
114628,2
114630,3
114634,2
114636,6
114642,2
114645,3
114649,3
114653,2
114655,2
114659,3
114663,3
114668,4
114676,3
114679,3
114682,2
114685,7
114700,3
114705,3
114709,2
114711,3
114717,2
114720,2
114724,3
114731,4
114735,2
114737,2
114744,6
114751,2
114753,8
114762,3
114765,5
114770,1
114774,2
114776,2
114778,2
114780,2
114794,2
114799,3
114802,7
114810,3
114815,2
114817,2
114819,3
114823,4
114828,3
114831,2
114833,4
114841,2
114845,3
114848,3
114851,2
114858,2
114861,2
114863,2
114867,5
114873,7
114887,1
114892,3
114895,7
114902,2
114907,2
114910,6
114916,3
114920,3
114926,1
114928,2
114934,2
114936,4
114941,2
114944,3
114947,3
114951,2
114961,4
114967,3
114974,5
114980,3
114989,2
114991,10
115001,4
115006,3
115009,2
115011,4
115019,2
115024,2
115026,2
115029,4
115034,4
115039,4
115043,2
115047,2
115052,2
115054,2
115056,3
115061,2
115064,3
115067,2
115069,2
115071,2
115075,2
115079,1
115082,3
115086,2
115089,2
115092,2
115094,3
115097,2
115105,2
115108,4
115112,8
115120,7
115129,4
115133,2
115135,3
115138,3
115143,2
115145,2
115152,3
115155,4
115159,3
115164,2
115175,2
115185,3
115188,2
115190,2
115196,2
115202,2
115204,2
115208,2
115210,2
115213,2
115215,5
115221,3
115225,2
115228,5
115234,3
115238,6
115250,9
115260,2
115265,2
115267,2
115269,3
115281,2
115283,4
115288,3
115291,2
115293,4
115298,2
115300,4
115304,2
115309,4
115313,3
115316,4
115328,5
115340,4
115344,3
115349,3
115354,3
115361,4
115371,2
115378,2
115380,3
115384,2
115387,3
115390,2
115392,2
115397,3
115400,2
115422,2
115424,5
115437,2
115445,3
115448,2
115456,2
115459,2
115463,5
115468,2
115471,2
115474,4
115485,2
115487,2
115489,2
115491,2
115493,2
115495,2
115499,3
115502,3
115505,3
115512,2
115515,2
115528,2
115533,5
115538,2
115540,4
115544,2
115546,3
115549,4
115553,2
115555,4
115561,4
115566,4
115571,1
115574,2
115576,3
115587,2
115589,1
115591,1
115593,3
115597,2
115600,3
115603,8
115611,2
115613,8
115621,3
115626,2
115628,3
115631,2
115635,4
115640,2
115643,2
115653,3
115657,3
115661,2
115665,2
115669,3
115674,3
115677,3
115684,2
115688,2
115690,4
115699,2
115702,3
115707,1
115709,2
115711,4
115715,1
115719,3
115724,4
115728,2
115730,1
115732,6
115738,3
115741,3
115745,2
115747,3
115751,2
115754,2
115757,2
115759,3
115768,2
115771,5
115777,2
115782,2
115784,2
115790,2
115793,2
115796,3
115799,2
115802,2
115809,4
115813,4
115819,2
115823,2
115830,3
115833,2
115836,1
115838,2
115841,2
115850,2
115852,2
115854,3
115858,2
115860,2
115863,3
115866,2
115868,2
115871,3
115875,2
115877,7
115884,3
115894,2
115896,3
115899,3
115903,3
115907,2
115910,2
115912,3
115918,4
115925,2
115934,5
115942,4
115946,2
115948,3
115957,3
115960,2
115962,3
115965,2
115967,3
115971,2
115978,2
115985,2
115998,3
116003,2
116005,5
116013,3
116019,3
116022,2
116024,2
116026,2
116028,2
116030,2
116032,2
116039,2
116046,6
116056,2
116063,3
116066,4
116070,1
116072,2
116074,11
116085,3
116092,5
116098,2
116102,3
116107,4
116113,2
116115,2
116120,3
116125,3
116130,2
116144,3
116148,2
116150,3
116153,3
116157,3
116160,2
116172,2
116176,4
116180,2
116190,2
116192,6
116198,2
116202,5
116207,2
116209,2
116211,2
116213,2
116215,3
116218,3
116230,1
116233,3
116241,3
116244,2
116251,2
116260,3
116270,5
116278,2
116281,4
116285,3
116288,6
116295,2
116298,5
116303,3
116308,2
116313,2
116315,3
116319,2
116323,2
116331,4
116335,3
116344,2
116350,2
116363,2
116368,2
116371,2
116381,3
116384,3
116387,7
116394,2
116397,3
116402,2
116404,2
116407,5
116414,4
116418,3
116421,2
116424,2
116432,2
116434,1
116436,2
116439,3
116443,2
116445,2
116447,3
116450,2
116452,3
116455,3
116458,2
116462,2
116478,4
116487,2
116491,2
116496,5
116501,3
116506,4
116512,3
116522,4
116526,3
116530,3
116533,3
116540,2
116543,3
116546,2
116548,4
116555,6
116562,4
116566,3
116569,2
116571,2
116573,5
116578,4
116583,3
116586,3
116589,3
116592,2
116594,2
116596,1
116602,2
116604,5
116611,5
116616,2
116618,4
116626,2
116632,2
116634,2
116637,2
116639,3
116643,3
116646,2
116649,5
116654,2
116657,2
116662,2
116665,4
116669,5
116687,2
116689,2
116692,3
116695,1
116697,3
116704,2
116706,3
116710,3
116714,6
116720,2
116723,4
116727,2
116730,2
116733,3
116738,2
116741,1
116744,3
116749,4
116757,2
116762,2
116767,3
116770,5
116775,2
116778,4
116782,3
116785,2
116790,2
116794,3
116801,2
116809,3
116812,3
116818,2
116821,4
116839,3
116850,2
116853,2
116855,2
116863,3
116873,2
116875,4
116879,3
116882,5
116893,3
116897,3
116904,2
116909,4
116916,2
116919,3
116930,2
116933,2
116938,2
116940,5
116946,4
116950,2
116953,2
116955,4
116959,3
116965,2
116967,4
116972,3
116976,4
116980,5
116986,7
116994,2
116996,5
117001,3
117004,4
117011,2
117018,6
117028,2
117030,2
117032,3
117037,2
117039,2
117044,3
117048,5
117055,3
117058,2
117060,3
117067,7
117079,3
117082,4
117086,5
117091,2
117094,2
117098,9
117111,2
117116,3
117119,2
117121,3
117125,2
117129,4
117135,3
117139,2
117148,2
117151,2
117153,2
117156,1
117159,3
117162,2
117167,8
117175,4
117179,2
117182,4
117186,2
117191,3
117196,4
117200,1
117203,2
117205,2
117207,4
117213,3
117221,3
117224,1
117230,2
117233,2
117240,2
117246,5
117256,1
117261,4
117271,3
117276,2
117278,2
117282,2
117285,3
117290,6
117296,2
117305,2
117307,2
117310,2
117315,3
117320,2
117331,2
117335,2
117337,2
117340,2
117343,3
117346,3
117349,3
117352,3
117356,2
117360,2
117362,4
117367,6
117375,3
117386,2
117388,2
117391,2
117393,2
117396,2
117399,2
117401,3
117412,3
117415,3
117418,2
117420,2
117427,2
117431,2
117433,2
117435,4
117439,2
117441,2
117443,2
117446,2
117448,6
117454,3
117463,3
117475,2
117480,2
117482,4
117487,2
117489,3
117493,2
117496,3
117504,3
117508,2
117510,2
117522,2
117524,3
117529,2
117531,2
117533,5
117541,2
117546,2
117549,2
117558,3
117563,2
117582,5
117590,2
117592,3
117598,4
117602,2
117606,2
117608,4
117615,2
117620,2
117623,3
117626,3
117630,2
117632,3
117636,4
117646,3
117649,2
117653,2
117656,2
117658,2
117660,3
117663,2
117669,2
117673,3
117680,3
117685,3
117689,2
117691,4
117702,4
117709,2
117711,2
117721,2
117723,5
117729,2
117736,3
117744,4
117749,2
117752,2
117754,5
117761,8
117769,7
117776,4
117781,2
117783,3
117787,3
117791,4
117797,2
117799,2
117801,2
117807,4
117811,5
117821,2
117823,2
117825,2
117843,2
117845,3
117850,3
117858,3
117863,2
117865,5
117875,3
117880,2
117883,3
117887,2
117890,2
117892,3
117896,2
117898,2
117901,3
117907,2
117914,3
117925,2
117929,1
117931,3
117934,2
117937,3
117945,4
117950,2
117952,3
117955,5
117965,3
117970,2
117974,6
117980,2
117983,2
117985,5
117991,2
117996,2
117998,2
118000,3
118003,3
118006,5
118011,4
118017,2
118020,3
118023,3
118028,4
118034,1
118041,2
118050,2
118052,1
118054,2
118056,2
118059,4
118064,2
118074,2
118079,4
118099,2
118103,2
118106,2
118108,2
118110,2
118112,2
118114,2
118116,2
118121,2
118125,5
118139,2
118143,2
118154,2
118158,2
118171,6
118179,2
118190,2
118192,3
118196,1
118198,3
118202,2
118206,2
118211,2
118213,3
118219,2
118221,3
118230,2
118236,2
118243,2
118246,7
118258,2
118261,2
118264,2
118267,5
118277,2
118279,2
118281,2
118286,4
118292,2
118294,2
118296,2
118299,2
118302,2
118305,2
118307,2
118310,2
118313,3
118316,3
118319,2
118321,3
118327,4
118334,2
118338,2
118340,2
118342,2
118345,2
118347,4
118354,4
118358,4
118371,4
118379,1
118386,2
118388,2
118394,2
118398,3
118422,2
118426,3
118429,2
118435,2
118437,3
118443,2
118449,4
118461,2
118463,5
118468,2
118470,3
118473,3
118478,3
118483,2
118485,4
118490,2
118494,3
118498,3
118502,4
118511,4
118517,3
118521,3
118525,3
118528,2
118534,3
118538,3
118543,2
118546,2
118551,2
118553,2
118558,2
118560,2
118563,3
118566,1
118572,2
118574,2
118576,4
118585,2
118589,4
118596,2
118600,4
118605,1
118607,4
118611,3
118616,2
118621,8
118635,2
118638,7
118645,2
118647,3
118650,5
118655,2
118657,7
118665,1
118667,2
118673,2
118677,2
118680,2
118687,7
118694,3
118699,4
118709,8
118717,2
118719,2
118724,2
118731,2
118733,5
118740,6
118746,6
118753,2
118755,3
118758,2
118760,4
118771,2
118773,6
118779,2
118781,4
118792,2
118798,3
118801,2
118807,2
118809,2
118815,3
118823,2
118828,2
118832,3
118835,1
118838,5
118848,9
118861,2
118867,4
118872,2
118886,2
118893,3
118896,1
118903,2
118905,3
118914,2
118923,2
118928,2
118933,4
118940,3
118943,3
118949,2
118951,2
118957,5
118962,6
118971,2
118974,2
118982,2
118988,10
118999,4
119005,2
119008,2
119019,7
119028,2
119030,5
119054,3
119060,2
119062,7
119070,3
119073,3
119077,7
119094,3
119104,2
119109,3
119112,2
119119,2
119122,4
119129,1
119133,2
119140,2
119142,3
119145,2
119152,4
119160,1
119163,4
119168,9
119177,2
119180,2
119182,2
119184,7
119191,3
119194,3
119197,4
119209,3
119214,2
119217,4
119225,3
119228,2
119230,3
119236,3
119247,2
119251,2
119253,2
119255,4
119260,3
119264,2
119273,2
119276,2
119279,2
119281,2
119283,2
119297,2
119301,1
119304,3
119312,3
119315,6
119326,6
119337,2
119339,5
119345,5
119357,2
119360,2
119366,3
119370,1
119376,3
119379,3
119382,1
119384,2
119387,2
119398,2
119400,2
119405,3
119415,2
119420,2
119425,2
119431,2
119440,2
119449,2
119454,2
119456,3
119462,2
119464,2
119467,3
119476,2
119485,4
119494,2
119505,3
119510,2
119512,5
119517,2
119521,4
119530,2
119540,2
119542,5
119547,2
119555,3
119558,2
119563,3
119569,6
119575,3
119584,2
119587,2
119606,3
119617,4
119636,1
119647,3
119650,3
119653,6
119659,2
119663,2
119666,2
119672,3
119675,2
119686,2
119688,5
119693,2
119695,2
119697,3
119705,2
119707,2
119710,7
119719,2
119725,5
119731,2
119738,5
119743,1
119745,7
119753,2
119763,4
119768,1
119770,2
119772,3
119775,4
119780,2
119782,2
119786,2
119789,1
119791,4
119799,3
119802,2
119810,2
119815,4
119821,3
119831,3
119834,5
119840,3
119843,2
119845,4
119850,3
119853,2
119863,1
119868,1
119870,1
119881,2
119888,2
119891,10
119901,2
119904,3
119907,1
119909,2
119911,4
119916,2
119921,2
119923,3
119929,2
119931,5
119937,4
119944,3
119947,2
119955,3
119959,2
119961,3
119974,4
119981,2
119983,2
119985,3
119988,2
119991,3
119994,3
120008,2
120016,1
120018,2
120030,2
120032,3
120037,1
120041,2
120054,2
120109,2
120123,1
120125,2
120138,3
120141,2
120144,2
120146,2
120153,2
120156,2
120158,2
120160,5
120165,6
120171,5
120176,2
120178,3
120182,6
120188,1
120191,2
120193,2
120196,5
120204,3
120209,3
120212,6
120219,3
120222,1
120224,3
120227,4
120236,2
120238,4
120243,3
120248,5
120254,1
120258,2
120261,3
120264,2
120268,2
120272,2
120274,4
120283,8
120293,3
120296,3
120302,3
120306,3
120313,3
120316,2
120323,2
120326,3
120329,2
120331,4
120340,4
120346,3
120355,3
120359,2
120370,1
120372,3
120377,2
120383,1
120390,8
120403,3
120406,12
120438,16
120454,7
120465,4
120494,5
120502,7
120526,3
120530,2
120535,1
120537,1
120539,3
120543,3
120553,3
120556,2
120558,4
120564,3
120573,2
120575,2
120579,3
120583,4
120589,1
120599,2
120614,1
120625,7
120632,1
120643,1
120652,3
120676,3
120680,5
120686,2
120688,4
120693,7
120702,1
120705,1
120715,2
120720,2
120737,2
120743,3
120792,3
120795,2
120804,1
120812,1
120814,2
120816,2
120821,2
120823,4
120831,3
120857,2
120866,2
120871,2
120887,9
120917,2
120921,3
120924,1
120930,3
120933,3
120942,1
120949,4
120956,2
120964,30
120994,4
121009,7
121017,4
121028,2
121042,3
121045,7
121052,5
121057,3
121077,3
121090,4
121099,2
121103,4
121112,2
121116,2
121120,3
121146,1
121148,3
121157,2
121160,9
121174,3
121177,4
121187,2
121193,2
121216,6
121232,3
121235,2
121240,2
121242,10
121253,5
121260,3
121264,2
121268,2
121273,2
121281,3
121288,5
121293,5
121300,3
121306,4
121324,2
121334,2
121363,2
121365,3
121372,3
121385,3
121408,2
121411,4
121417,2
121428,2
121431,2
121437,3
121444,3
121449,3
121453,3
121456,4
121460,2
121463,1
121474,4
121479,2
121481,2
121483,3
121493,2
121508,2
121516,2
121521,2
121530,2
121533,4
121545,3
121548,2
121550,2
121552,2
121555,4
121559,4
121565,2
121567,2
121574,4
121579,2
121585,2
121601,2
121604,4
121617,2
121619,2
121622,2
121625,2
121629,4
121633,4
121637,2
121645,4
121657,3
121660,2
121663,2
121665,2
121675,4
121679,5
121685,2
121701,3
121713,3
121728,2
121739,2
121754,5
121759,2
121765,3
121784,1
121813,1
121822,2
121824,3
121835,2
121838,3
121843,2
121845,2
121849,3
121852,1
121868,1
121877,1
121879,1
121883,3
121905,2
121908,2
121916,2
121935,3
121942,4
121964,2
121995,3
121998,3
122009,2
122043,2
122059,2
122079,2
122097,2
122099,3
122106,1
122108,4
122112,2
122115,4
122120,2
122122,1
122192,1
122194,2
122200,2
122223,9
122232,2
122234,1
122236,7
122243,2
122245,3
122248,3
122251,3
122254,3
122259,2
122261,2
122263,3
122266,2
122269,2
122271,2
122281,2
122284,2
122292,2
122296,6
122312,2
122320,2
122322,5
122339,4
122353,2
122364,4
122368,3
122405,2
122408,2
122413,3
122422,2
122430,3
122441,4
122462,2
122464,3
122471,3
122490,2
122492,7
122529,2
122531,2
122538,3
122541,2
122544,3
122561,3
122568,3
122571,3
122585,2
122587,2
122591,3
122603,2
122605,2
122608,2
122621,6
122643,6
122649,3
122652,5
122657,3
122660,2
122662,3
122666,2
122683,1
122713,2
122726,1
122730,2
122737,2
122739,3
122742,2
122746,2
122749,3
122753,5
122762,2
122765,5
122772,3
122775,6
122781,2
122785,2
122791,5
122796,1
122800,2
122803,2
122806,2
122808,6
122814,2
122824,1
122838,3
122846,4
122850,3
122857,4
122861,3
122878,4
122882,1
122898,1
122900,2
122909,3
122912,2
122914,2
122919,2
122923,3
122948,3
122951,2
122953,4
122964,9
122982,3
122986,2
122989,8
122997,5
123003,2
123006,2
123014,1
123040,2
123043,4
123049,2
123051,2
123056,18
123074,10
123086,2
123090,11
123101,5
123106,12
123118,2
123122,2
123124,2
123126,2
123128,2
123130,4
123154,2
123157,3
123160,3
123163,7
123180,2
123185,2
123188,2
123190,5
123198,3
123202,2
123204,6
123210,3
123218,1
123228,3
123246,2
123248,3
123254,5
123259,2
123261,2
123264,5
123272,3
123278,1
123280,5
123285,2
123289,3
123292,3
123306,5
123317,3
123327,2
123335,2
123353,3
123356,2
123362,3
123381,2
123386,2
123399,1
123404,1
123410,3
123420,2
123423,3
123429,3
123435,1
123442,1
123484,5
123489,5
123505,1
123518,3
123534,2
123554,2
123556,1
123562,3
123583,2
123585,7
123612,5
123659,3
123671,3
123676,6
123685,4
123689,2
123692,2
123700,2
123702,2
123705,2
123720,2
123730,1
123733,5
123740,2
123746,1
123767,2
123792,2
123794,4
123804,2
123813,2
123815,4
123828,3
123837,2
123846,2
123855,8
123878,2
123881,3
123927,2
123951,9
123980,2
123985,2
123994,2
123996,4
124003,2
124011,1
124015,2
124017,4
124021,3
124025,2
124040,1
124043,4
124063,2
124065,4
124069,2
124072,2
124076,3
124087,1
124091,2
124122,3
124125,3
124173,1
124209,2
124214,4
124246,1
124273,1
124294,2
124298,3
124312,1
124336,2
124353,1
124357,1
124362,1
124373,2
124378,3
124389,2
124391,2
124410,1
124437,1
124443,1
124455,2
124476,1
124480,5
124508,3
124516,3
124524,1
124526,1
124536,1
124547,2
124553,4
124562,2
124568,2
124598,1
124608,1
124619,1
124634,2
124645,4
124649,1
124667,3
124675,1
124688,1
124691,3
124694,2
124784,3
124805,2
124811,2
124819,2
124826,2
124835,2
124837,3
124842,2
124887,3
124921,3
124930,2
124934,4
124938,2
124944,2
124947,2
124953,2
124956,3
124960,2
124991,2
125005,3
125022,1
125025,2
125030,3
125035,1
125042,3
125056,2
125060,2
125062,1
125071,4
125078,3
125081,2
125083,2
125085,1
125111,5
125122,1
125156,9
125166,2
125169,3
125183,2
125187,2
125189,2
125196,2
125201,2
125204,2
125206,4
125211,2
125213,2
125216,2
125223,2
125225,5
125230,4
125241,1
125247,2
125286,3
125289,2
125291,2
125294,4
125305,2
125309,3
125315,2
125317,2
125333,6
125339,2
125341,2
125344,2
125346,2
125348,3
125353,2
125356,2
125359,2
125362,2
125365,2
125367,2
125373,1
125375,2
125379,5
125384,5
125389,2
125391,3
125397,2
125401,2
125403,10
125413,12
125425,7
125436,3
125440,4
125445,5
125453,2
125457,2
125459,2
125464,3
125469,4
125475,2
125481,8
125489,2
125493,4
125500,3
125514,2
125516,3
125519,2
125521,2
125523,4
125528,2
125531,4
125535,2
125538,2
125541,2
125545,2
125547,2
125550,3
125556,3
125559,3
125563,5
125569,2
125571,2
125574,4
125584,2
125599,2
125627,2
125629,2
125636,3
125646,2
125650,2
125655,3
125659,4
125664,2
125667,2
125670,4
125674,2
125676,4
125682,2
125686,2
125693,4
125702,2
125708,4
125732,3
125740,2
125746,2
125749,2
125752,2
125758,2
125775,2
125779,2
125790,2
125792,3
125798,2
125800,1
125813,2
125834,2
125842,2
125848,4
125856,2
125862,2
125867,4
125872,1
125876,1
125881,2
125883,3
126037,3
126040,1
126042,3
126045,2
126047,2
126125,2
126227,2
126235,2
126238,2
126241,4
126245,2
126247,6
126254,2
126256,2
126258,2
126261,4
126265,3
126268,2
126270,4
126275,2
126277,3
126472,2
126475,3
126479,3
126482,2
126485,2
126492,2
126495,2
126498,2
126501,2
126507,2
126513,3
126516,3
126519,2
126522,2
126529,2
126531,3
126535,2
126539,2
126542,2
126544,3
126549,3
126552,2
126555,2
126557,5
126564,2
126566,4
126571,2
126573,2
126578,2
126580,2
126582,2
126584,2
126589,3
126595,2
126678,2
126680,3
126689,2
126692,4
126698,4
126702,2
126705,2
126707,3
126710,3
126713,2
126715,5
126723,3
126726,3
126730,7
126737,2
126743,3
126747,3
126750,2
126753,2
126755,4
126759,2
126761,2
126763,3
126766,3
126769,4
126773,5
126778,2
126816,2
126851,25
126938,2
126944,2
126946,3
126949,2
126951,4
126956,2
126958,2
126960,3
126963,2
126983,2
126990,2
126992,2
126994,2
126998,50
127048,18
127066,8
127075,3
127079,4
127083,15
127100,4
127106,2
127134,2
127139,2
127143,2
127150,2
127154,2
127160,3
127167,2
127176,3
127180,2
127191,3
127199,2
127211,3
127214,2
127241,2
127250,3
127255,3
127261,3
127265,15
127280,2
127282,13
127295,2
127297,25
127322,17
127339,21
127361,22
127384,2
127387,9
127399,2
127402,2
127406,2
127579,2
127587,5
127592,4
127597,3
127601,4
127605,2
127607,4
127611,7
127619,2
127622,4
127626,3
127629,2
127631,3
127635,4
127640,5
127649,6
127655,6
127663,3
127666,3
127671,2
127676,6
127682,2
127686,2
127689,2
127691,2
127694,2
127699,3
127703,5
127709,7
127716,2
127719,6
127725,4
127729,2
127731,3
127736,7
127743,2
127746,2
127751,3
127754,6
127761,3
127770,3
127788,3
127791,2
127793,2
127799,2
127853,2
127895,2
127901,2
127908,2
127912,2
127914,2
127937,3
127942,4
127947,3
127950,3
127979,2
127982,3
127985,2
127987,2
127992,2
128001,4
128006,1
128023,2
128028,6
128042,3
128045,2
128050,2
128052,2
128056,2
128063,2
128065,3
128072,2
128075,2
128077,2
128087,2
128091,6
128106,3
128111,2
128124,2
128127,2
128132,3
128143,2
128254,2
128259,2
128271,2
128274,2
128276,2
128282,2
128288,4
128292,2
128295,2
128299,2
128303,2
128315,2
128321,2
128323,3
128326,3
128333,3
128338,4
128343,3
128346,2
128348,2
128351,2
128357,2
128364,2
128377,2
128385,2
128387,3
128393,2
128395,2
128399,2
128401,1
128404,2
128413,2
128416,2
128423,2
128426,3
128432,5
128442,4
128446,2
128448,2
128452,5
128457,2
128459,3
128462,3
128466,2
128469,3
128472,3
128476,2
128478,2
128481,2
128487,2
128489,4
128495,2
128500,2
128565,1
128567,2
128606,2
128610,3
128617,3
128627,2
128630,2
128632,3
128636,2
128638,2
128643,1
128650,1
128652,2
128665,2
128668,3
128671,2
128674,2
128682,3
128689,7
128696,4
128704,2
128706,12
128718,2
128722,3
128733,2
128748,15
128763,2
128765,7
128776,2
128779,2
128781,2
128783,6
128789,7
128797,9
128806,2
128815,6
128834,2
128840,2
128845,2
128848,4
128858,3
128867,2
128902,2
128906,17
128942,6
128949,6
128956,8
128965,9
128996,3
129003,2
129011,2
129015,2
129024,2
129033,2
129041,1
129071,2
129129,2
129131,2
129135,7
129142,7
129153,2
129155,2
129176,2
129195,3
129228,2
129250,5
129371,8
129379,2
129381,3
129384,3
129387,2
129389,5
129394,3
129397,4
129401,2
129403,2
129405,2
129407,3
129410,2
129412,8
129420,3
129423,2
129429,2
129434,3
129439,3
129455,1
129459,5
129467,4
129471,2
129478,3
129482,2
129485,2
129487,2
129490,3
129495,2
129500,5
129510,2
129513,2
129518,2
129520,2
129523,5
129533,2
129535,2
129540,3
129543,6
129549,3
129552,2
129556,2
129560,3
129694,2
129710,1
129717,8
129725,4
129729,8
129738,2
129740,2
129743,7
129751,2
129754,3
129757,2
129759,2
129761,2
129791,2
129798,2
129803,2
129806,3
129812,2
129814,2
129816,9
129825,4
129834,3
129837,2
129841,2
129843,2
129847,3
129854,3
129863,3
129867,2
129870,2
129877,2
129880,3
129884,2
129886,2
129894,3
129897,2
129899,2
129905,2
129912,2
129915,2
129918,3
129923,2
129935,2
129944,2
129947,2
129953,2
129964,2
129968,2
129983,9
129992,1
129998,2
130001,4
130005,9
130018,1
130024,1
130026,2
130030,2
130055,4
130065,11
130083,1
130085,2
130088,2
130093,2
130100,2
130118,7
130125,2
130128,2
130131,3
130137,4
130143,2
130147,3
130153,2
130155,3
130158,4
130162,5
130167,3
130179,1
130213,2
130216,2
130221,5
130232,3
130235,2
130238,3
130241,3
130244,8
130252,2
130256,2
130258,3
130261,4
130266,12
130278,5
130286,3
130290,8
130302,3
130307,5
130317,3
130323,3
130330,2
130338,2
130358,2
130373,2
130375,4
130379,5
130384,5
130391,3
130395,2
130399,9
130408,7
130415,2
130417,2
130419,3
130422,9
130431,11
130443,7
130450,4
130455,15
130470,2
130472,2
130474,3
130477,6
130485,6
130491,4
130495,6
130501,4
130505,3
130509,6
130515,7
130523,4
130527,4
130533,3
130537,7
130547,4
130574,3
130577,2
130580,5
130585,2
130590,2
130594,3
130599,2
130602,3
130608,2
130614,2
130617,2
130619,5
130624,2
130627,2
130634,2
130639,2
130644,3
130655,2
130671,2
130673,2
130676,5
130683,2
130685,3
130688,2
130690,6
130696,2
130705,6
130711,3
130718,5
130723,2
130727,2
130732,2
130736,3
130741,2
130747,2
130751,2
130756,5
130766,2
130768,9
130777,5
130782,4
130787,2
130789,12
130801,5
130807,2
130809,2
130812,5
130817,5
130823,4
130827,19
130846,7
130854,3
130857,12
130870,6
130876,4
130880,2
130882,7
130893,2
130897,2
130899,2
130901,4
130905,3
130908,2
130913,2
130918,3
130922,18
130940,2
130942,4
130949,5
130954,2
130956,2
130958,1
130961,9
130970,7
130982,2
130985,1
130987,5
130993,2
130995,4
131002,9
131013,6
131023,2
131025,2
131059,4
131064,8
131075,3
131081,2
131084,9
131098,3
131101,1
131160,3
131163,2
131166,7
131173,8
131181,1
131185,3
131188,6
131194,3
131197,3
131200,5
131205,5
131210,2
131212,2
131214,7
131221,17
131239,2
131241,3
131244,3
131247,1
131251,2
131256,6
131262,2
131264,5
131304,4
131309,2
131311,2
131315,6
131321,5
131327,1
131329,7
131336,2
131339,3
131342,2
131344,2
131347,4
131351,2
131353,4
131357,3
131360,4
131367,2
131369,2
131374,2
131377,2
131379,2
131381,2
131383,3
131386,8
131395,2
131397,5
131403,2
131405,2
131407,3
131411,2
131413,2
131416,2
131420,2
131429,2
131435,2
131441,2
131443,2
131445,2
131450,3
131453,2
131455,2
131457,2
131461,2
131463,2
131469,2
131476,5
131482,4
131486,3
131489,2
131491,6
131498,3
131502,2
131505,5
131512,5
131517,3
131520,2
131522,2
131524,3
131529,2
131532,4
131537,3
131541,4
131546,7
131553,3
131556,3
131559,2
131608,2
131610,2
131637,4
131641,3
131645,2
131648,3
131664,2
131672,16
131688,4
131719,4
131723,2
131725,3
131730,5
131737,2
131741,3
131744,6
131751,17
131769,2
131771,3
131774,2
131776,3
131779,2
131782,2
131786,2
131790,2
131792,3
131796,2
131801,2
131803,2
131805,4
131809,2
131811,3
131815,2
131817,3
131820,2
131822,3
131825,3
131829,2
131831,2
131833,3
131854,2
131860,3
131863,18
131882,2
131884,2
131886,2
131889,3
131893,2
131896,2
131901,2
131906,2
131911,2
131913,2
131915,3
131926,2
131929,3
131935,7
131944,4
131948,2
131950,2
131953,3
131958,2
131963,2
131969,3
131975,2
131977,2
131984,2
131986,2
131989,2
131992,9
132003,2
132005,2
132011,2
132015,2
132017,2
132019,2
132030,2
132032,3
132037,3
132040,2
132042,4
132047,4
132053,3
132058,2
132063,3
132074,2
132079,2
132081,2
132084,2
132086,2
132088,4
132094,3
132097,2
132101,3
132104,3
132108,2
132112,2
132115,2
132120,4
132124,3
132128,4
132132,2
132134,2
132137,2
132141,3
132144,2
132146,5
132154,2
132156,2
132161,3
132167,3
132171,4
132177,3
132185,3
132188,2
132191,4
132195,3
132203,2
132207,3
132210,2
132212,2
132219,2
132221,4
132225,2
132228,2
132231,4
132235,7
132244,2
132247,2
132250,4
132254,3
132257,2
132259,3
132263,2
132265,5
132271,2
132278,8
132377,2
132379,3
132383,3
132388,2
132403,2
132410,3
132421,2
132426,2
132429,2
132452,2
132460,2
132487,2
132523,3
132531,2
132534,5
132542,2
132578,1
132592,1
132608,2
132624,2
132651,1
132674,1
132704,2
132748,1
132830,1
132843,2
132948,1
132967,1
132975,1
133020,1
133023,4
133027,8
133039,2
133050,1
133054,1
133058,1
133061,3
133066,3
133070,3
133073,2
133083,1
133091,8
133100,2
133109,3
133130,2
133181,1
133200,2
133204,2
133227,2
133236,1
133308,1
133434,1
133436,3
133623,1
133625,2
133627,3
133630,3
133639,1
133655,2
134022,1
134143,2
134150,1
134153,1
134200,3
134211,2
134238,2
134257,3
134260,1
134382,1
134388,1
134396,1
134401,1
134492,1
134496,1
134505,1
134509,2
134516,3
134520,1
134574,1
134809,2
134814,1
135103,2
135105,1
135107,1
135217,1
135264,1
135280,1
135537,1
136000,1
136120,2
136323,1
136329,3
136337,1
136568,3
136584,2
136588,1
136597,2
136643,1
136767,2
136847,1
136872,1
136874,4
136937,1
136988,1
137457,3
137484,2
137486,1
137557,1
137560,2
138100,2
138617,2
138699,2
138706,2
138770,1
138772,2
138780,3
138795,3
138804,1
138819,1
138827,1
138829,2
138840,3
138847,2
138859,3
138863,2
138865,1
138874,1
138877,3
138881,4
138900,2
138903,1
138910,1
138923,1
138928,4
138933,5
138939,6
138945,7
138955,2
138957,2
138959,5
138998,3
139001,3
139004,4
139009,4
139014,2
139016,1
139018,34
139053,2
139055,4
139059,6
139065,2
139067,8
139075,2
139081,10
139093,2
139095,3
139100,4
139104,1
139108,3
139112,1
139117,2
139119,2
139122,3
139125,4
139129,6
139135,3
139141,5
139146,3
139152,2
139163,2
139165,3
139168,1
139174,3
139178,2
139191,2
139193,2
139201,4
139208,5
139213,4
139220,3
139229,2
139231,1
139242,1
139247,3
139250,8
139264,1
139267,2
139269,1
139276,3
139279,2
139284,3
139287,8
139296,2
139298,2
139301,2
139316,1
139324,1
139331,1
139335,2
139337,1
139339,1
139341,3
139344,1
139365,2
139372,3
139378,2
139381,1
139383,2
139396,2
139398,2
139401,4
139406,10
139417,1
139427,3
139433,2
139436,2
139438,2
139442,1
139458,3
139467,5
139487,2
139505,4
139510,2
139512,6
139715,3
139719,2
139732,2
139734,1
139736,3
139740,4
139745,2
139747,2
139750,2
139754,4
139758,2
139760,5
139766,3
139770,7
139777,7
139784,9
139794,3
139798,1
139800,4
139805,4
139811,4
139817,5
139822,2
139834,1
139836,1
139841,1
139843,3
139848,2
139851,2
139854,3
139866,1
139868,1
139874,2
139877,4
139882,3
139888,5
139893,5
139898,4
139902,3
139906,3
139911,2
139913,3
139917,2
139919,2
139921,3
139924,2
139931,8
139940,5
139947,1
139955,5
139962,3
139969,2
139982,2
139992,4
140003,1
140005,5
140010,2
140034,4
140039,3
140042,2
140047,2
140051,3
140055,8
140070,2
140098,6
140109,1
140112,7
140119,2
140122,1
140155,2
140161,5
140167,2
140171,17
140188,2
140190,4
140195,2
140197,3
140200,4
140205,2
140224,32
140259,4
140265,2
140268,13
140291,2
140301,2
140303,1
140305,2
140307,1
140328,1
140332,3
140337,2
140339,3
140344,2
140350,1
140354,5
140359,1
140368,2
140371,16
140389,2
140393,2
140395,1
140398,2
140402,10
140438,2
140440,1
140443,2
140446,4
140461,5
140490,2
140524,1
140527,4
140533,1
140535,2
140538,27
140565,4
140572,2
140588,2
140591,2
140595,2
140598,1
140600,1
140607,1
140610,1
140617,4
140621,5
140626,5
140638,3
140646,3
140659,2
140662,5
140669,2
140690,2
140705,2
140715,1
140724,1
140729,4
140734,29
140763,2
140765,1
140771,1
140784,2
140791,1
140794,10
140804,3
140819,6
140826,6
140844,2
140846,3
140854,3
140858,5
140868,17
140885,2
140887,2
140893,1
140897,3
140904,5
140910,2
140929,4
140940,3
140972,2
140974,5
140979,1
140998,2
141000,3
141012,3
141041,2
141043,2
141045,3
141049,4
141054,3
141069,2
141072,2
141074,6
141080,4
141096,2
141122,1
141138,5
141145,2
141151,2
141156,3
141166,3
141175,4
141179,1
141190,2
141218,2
141226,2
141233,2
141236,2
141243,2
141245,5
141251,2
141265,1
141279,3
141292,4
141296,4
141301,2
141307,1
141331,4
141363,2
141378,2
141381,3
141384,1
141386,2
141396,3
141401,5
141408,2
141411,4
141415,1
141435,4
141463,3
141471,1
141473,1
141481,2
141502,2
141510,5
141516,1
141521,2
141523,10
141561,3
141564,1
141579,2
141620,2
141627,2
141630,2
141644,2
141654,1
141678,4
141685,2
141707,1
141724,1
141747,2
141749,2
141751,3
141758,4
141766,2
141768,1
141780,2
141782,8
141790,2
141840,2
141861,2
141894,3
141899,2
141906,2
141910,3
141913,2
141915,3
141920,4
141926,3
141932,2
141937,2
141939,2
141943,4
141952,4
141957,7
141964,2
141974,4
141995,3
142007,2
142011,4
142031,3
142034,4
142038,2
142045,5
142050,2
142056,2
142063,2
142072,1
142076,2
142079,4
142083,2
142097,2
142139,4
142148,3
142161,2
142164,2
142175,3
142183,2
142185,2
142188,2
142190,2
142195,1
142207,2
142226,1
142228,2
142240,3
142243,4
142249,2
142267,1
142275,3
142289,6
142295,3
142309,2
142313,5
142324,4
142328,2
142334,2
142342,5
142350,4
142359,4
142367,2
142369,1
142373,3
142384,2
142387,4
142391,2
142394,2
142400,5
142414,3
142426,2
142441,3
142448,2
142451,1
142457,1
142461,1
142468,6
142486,1
142489,2
142491,5
142499,5
142506,2
142521,5
142526,4
142530,3
142533,2
142537,2
142559,1
142561,1
142563,2
142565,1
142571,2
142576,3
142581,1
142586,1
142588,3
142597,1
142599,3
142603,2
142608,4
142612,2
142614,1
142635,1
142639,2
142645,2
142647,2
142649,2
142651,1
142653,3
142657,2
142661,2
142665,3
142680,1
142682,3
142687,2
142689,1
142694,1
142697,1
142702,4
142707,4
142717,1
142728,3
142734,1
142739,2
142748,2
142750,1
142763,2
142765,2
142768,1
142780,2
142788,2
142795,5
142802,4
142817,2
142823,3
142826,1
142835,3
142845,3
142862,1
142871,1
142877,3
142880,1
142887,1
142901,2
142906,2
142908,2
142925,1
142934,2
142940,2
142970,2
142976,2
143001,1
143004,2
143006,3
143011,2
143016,2
143021,6
143044,2
143046,2
143049,2
143058,3
143064,2
143067,2
143069,3
143073,3
143076,4
143086,3
143109,1
143120,2
143126,2
143128,4
143135,2
143137,2
143139,2
143141,3
143145,2
143155,2
143158,3
143162,3
143169,4
143174,2
143176,2
143178,2
143180,1
143183,2
143190,1
143193,3
143199,2
143207,1
143210,3
143215,1
143242,4
143247,2
143250,3
143266,2
143270,3
143277,2
143281,2
143286,3
143289,2
143293,2
143295,3
143301,2
143304,2
143312,5
143317,4
143322,4
143327,5
143332,11
143343,2
143345,6
143352,3
143355,4
143360,9
143372,2
143374,3
143378,2
143383,2
143386,2
143389,3
143393,3
143396,2
143398,2
143401,4
143408,2
143412,2
143419,2
143421,2
143424,2
143429,4
143442,2
143453,3
143457,2
143463,2
143468,2
143473,2
143476,3
143492,2
143496,3
143499,6
143510,2
143512,5
143517,2
143522,3
143529,2
143546,3
143552,3
143566,2
143568,3
143571,2
143573,3
143580,6
143587,9
143596,2
143598,2
143600,2
143604,3
143608,2
143613,3
143627,4
143633,4
143641,3
143645,4
143659,3
143662,1
143667,3
143670,5
143679,8
143688,2
143699,3
143702,4
143706,4
143710,3
143714,3
143732,3
143741,2
143743,2
143745,4
143750,2
143752,2
143758,3
143772,2
143774,2
143797,4
143801,2
143805,3
143813,2
143817,3
143826,2
143839,2
143853,6
143859,3
143871,2
143892,1
143898,2
143902,2
143919,5
143925,2
143933,5
143946,1
143950,2
143962,3
143966,2
143970,2
143976,2
143978,6
143987,5
143993,2
143996,2
144000,2
144007,1
144022,2
144024,3
144035,3
144038,2
144040,2
144044,3
144047,2
144049,3
144052,3
144061,3
144064,2
144066,6
144074,3
144079,3
144082,3
144085,3
144091,3
144094,3
144097,2
144099,2
144101,4
144106,1
144109,1
144112,2
144116,2
144119,3
144135,2
144137,2
144141,3
144151,2
144153,1
144155,6
144161,4
144167,2
144171,2
144174,7
144185,5
144190,3
144193,3
144196,2
144198,2
144201,4
144205,3
144220,3
144224,3
144228,3
144233,2
144235,2
144239,2
144244,2
144251,2
144254,4
144259,2
144261,4
144265,7
144273,4
144277,2
144279,2
144285,3
144289,2
144291,6
144297,2
144299,2
144304,4
144309,5
144314,5
144319,2
144323,2
144326,2
144328,2
144330,3
144334,7
144341,2
144345,3
144348,2
144351,4
144355,2
144359,6
144365,5
144370,2
144373,4
144378,3
144382,2
144390,2
144393,2
144395,6
144401,2
144416,2
144419,4
144423,2
144427,2
144429,4
144433,2
144435,3
144438,2
144443,2
144451,2
144454,5
144459,6
144467,5
144473,3
144480,3
144487,2
144489,5
144496,2
144500,4
144505,4
144513,3
144519,2
144527,3
144531,2
144535,2
144538,2
144540,4
144545,2
144558,2
144560,2
144567,2
144570,9
144581,2
144587,6
144594,2
144596,2
144600,2
144603,6
144611,3
144616,2
144625,2
144628,2
144630,3
144633,5
144638,2
144641,2
144643,2
144645,3
144652,2
144655,2
144658,4
144669,5
144674,1
144676,3
144683,2
144686,6
144692,11
144704,3
144708,2
144711,2
144713,2
144716,3
144722,2
144726,2
144728,2
144730,6
144737,2
144740,4
144747,5
144753,4
144757,2
144764,4
144769,2
144773,3
144776,3
144783,2
144785,2
144790,2
144792,2
144798,1
144803,3
144807,3
144811,2
144813,5
144822,4
144828,3
144831,2
144835,3
144839,2
144841,3
144844,2
144846,2
144853,1
144855,3
144858,4
144862,2
144864,2
144867,8
144875,5
144885,2
144890,4
144903,4
144908,1
144912,1
144915,2
144917,2
144919,2
144923,4
144929,3
144933,2
144935,6
144941,2
144951,5
144956,11
144969,1
144974,2
144980,2
144984,11
144996,2
144998,6
145006,3
145011,3
145015,2
145017,9
145029,2
145033,8
145041,5
145046,3
145049,2
145057,2
145060,5
145068,2
145071,4
145075,4
145079,3
145082,3
145088,3
145092,5
145098,2
145102,2
145104,3
145108,3
145111,6
145117,3
145120,2
145152,4
145157,4
145161,4
145165,5
145170,3
145175,3
145200,2
145204,3
145207,2
145211,2
145213,3
145217,2
145219,3
145222,2
145228,8
145236,2
145239,3
145249,4
145253,2
145255,3
145260,5
145265,12
145278,6
145293,3
145298,2
145302,4
145306,2
145310,3
145313,9
145322,5
145337,3
145344,5
145349,4
145355,5
145372,2
145377,3
145393,2
145396,8
145404,2
145406,7
145414,2
145418,2
145421,2
145446,2
145448,2
145450,3
145453,5
145458,3
145463,3
145467,2
145469,2
145474,3
145477,3
145484,2
145486,3
145490,4
145494,2
145496,2
145507,1
145513,2
145515,2
145519,3
145528,3
145536,2
145544,2
145547,2
145549,2
145551,2
145555,4
145560,2
145563,2
145565,2
145567,4
145571,4
145580,3
145583,6
145592,22
145627,2
145629,2
145632,2
145634,2
145642,2
145645,2
145648,5
145654,5
145663,3
145667,3
145670,2
145672,2
145676,4
145680,3
145687,2
145704,6
145710,3
145713,1
145717,9
145726,2
145730,2
145732,3
145735,2
145737,2
145739,2
145743,2
145745,3
145754,4
145758,7
145767,3
145774,2
145779,3
145784,2
145786,7
145793,1
145795,3
145798,12
145836,2
145839,2
145843,2
145847,3
145852,2
145857,3
145867,1
145887,2
145889,3
145892,5
145897,3
145901,2
145905,3
145912,6
145918,3
145921,5
145926,8
145935,3
145944,6
145951,2
145953,3
145956,2
145958,2
145960,2
145964,2
145967,2
145974,2
145976,3
145981,1
145984,2
145986,3
145989,2
145991,4
145995,3
146001,3
146005,2
146007,4
146012,3
146019,2
146021,3
146024,5
146031,7
146038,4
146043,2
146045,9
146054,1
146056,2
146058,3
146061,2
146072,2
146074,2
146078,4
146082,5
146088,2
146090,4
146095,2
146097,2
146101,4
146106,3
146111,6
146118,3
146123,3
146126,3
146133,5
146138,6
146145,6
146151,2
146158,4
146167,2
146169,9
146178,6
146184,9
146193,3
146196,2
146199,4
146203,6
146210,8
146219,2
146222,2
146225,2
146228,2
146233,8
146241,2
146243,3
146258,2
146261,8
146269,2
146271,4
146276,2
146279,2
146292,2
146295,3
146302,3
146307,4
146324,3
146328,2
146330,2
146332,1
146337,5
146342,4
146346,3
146350,3
146356,2
146358,1
146360,4
146367,4
146375,2
146383,4
146391,4
146395,3
146400,2
146405,2
146407,11
146418,2
146420,6
146427,3
146430,2
146433,2
146437,2
146439,3
146449,2
146451,3
146459,4
146463,1
146471,2
146474,2
146481,3
146489,3
146492,2
146496,2
146500,2
146502,1
146504,7
146517,2
146521,2
146523,2
146528,2
146531,1
146545,2
146549,2
146553,2
146556,5
146562,5
146567,3
146571,1
146574,4
146578,1
146580,2
146583,3
146586,7
146604,2
146607,2
146610,2
146612,2
146621,4
146626,4
146630,3
146634,7
146648,2
146653,2
146657,2
146659,3
146662,2
146664,3
146680,4
146685,2
146687,3
146692,4
146696,3
146700,1
146706,2
146708,4
146723,6
146729,7
146738,1
146744,2
146759,1
146767,3
146777,2
146779,2
146781,2
146787,2
146789,4
146793,4
146799,5
146805,3
146809,5
146814,2
146816,9
146825,3
146830,3
146833,2
146835,3
146840,14
146854,3
146859,6
146868,2
146871,4
147299,5
147308,1
147311,2
147317,3
147325,6
147331,7
147338,3
147346,2
147350,3
147355,3
147358,5
147365,3
147368,2
147370,2
147373,5
147378,1
147380,2
147385,12
147405,4
147409,2
147414,4
147419,5
147431,3
147435,2
147440,13
147453,3
147460,2
147467,1
147470,3
147474,3
147479,2
147481,1
147495,2
147500,3
147539,3
147546,2
147551,6
147557,2
147566,3
147573,6
147580,4
147590,2
147593,5
147600,7
147608,6
147614,2
147617,3
147621,2
147629,3
147636,8
147645,4
147653,13
147667,2
147669,11
147680,8
147688,13
147701,4
147705,2
147707,2
147711,3
147724,3
147729,3
147734,4
147740,4
147744,3
147749,2
147753,3
147756,2
147758,5
147763,2
147765,3
147768,3
147778,17
147814,3
147817,2
147820,2
147826,2
147834,2
147837,2
147839,3
147846,2
147848,5
147853,2
147855,4
147862,2
147866,3
147871,1
147877,3
147881,4
147887,2
147900,8
147912,10
147922,2
147926,1
147933,2
147938,3
147943,2
147945,2
147949,1
147952,3
147956,3
147959,8
147967,6
147973,3
147979,4
147987,2
147995,4
148001,5
148012,2
148015,2
148026,2
148028,4
148032,5
148038,4
148042,2
148045,3
148048,2
148050,2
148055,6
148061,2
148064,2
148067,8
148075,4
148079,2
148083,3
148086,3
148089,1
148097,2
148099,4
148104,3
148107,5
148115,4
148120,3
148123,4
148128,4
148132,3
148135,4
148140,2
148144,7
148151,2
148153,2
148155,3
148160,2
148162,3
148165,4
148169,3
148175,6
148183,4
148187,2
148189,2
148192,2
148195,3
148198,3
148205,4
148209,2
148211,2
148215,3
148220,2
148223,2
148232,2
148234,2
148236,2
148243,2
148245,3
148248,3
148252,2
148254,2
148260,3
148264,2
148266,2
148279,2
148281,2
148284,5
148289,4
148299,5
148304,2
148306,2
148313,2
148322,3
148325,2
148329,4
148336,3
148340,3
148345,3
148351,2
148353,2
148355,6
148361,4
148365,2
148367,3
148370,3
148373,2
148378,4
148384,3
148387,6
148393,3
148396,11
148407,2
148409,1
148411,3
148414,2
148416,3
148419,6
148425,2
148428,4
148435,1
148437,6
148443,4
148447,4
148451,6
148460,3
148463,2
148466,7
148473,3
148477,2
148480,2
148484,3
148488,2
148491,11
148502,2
148507,6
148514,2
148519,5
148524,2
148526,3
148531,1
148534,2
148536,1
148539,2
148543,15
148558,3
148561,2
148565,2
148567,3
148571,2
148574,3
148578,5
148583,2
148585,8
148595,2
148597,2
148601,4
148605,5
148613,2
148615,3
148632,2
148635,3
148639,2
148642,2
148645,1
148647,3
148657,2
148662,2
148664,5
148669,4
148677,1
148682,2
148684,3
148688,10
148698,4
148703,2
148709,2
148711,3
148714,2
148717,2
148719,3
148726,1
148729,1
148740,3
148743,2
148747,2
148751,3
148755,6
148761,2
148763,2
148765,5
148770,4
148776,10
148786,2
148788,2
148790,3
148793,5
148798,3
148801,4
148805,10
148817,3
148820,2
148822,4
148830,2
148843,3
148848,2
148850,2
148852,2
148854,6
148861,5
148866,2
148869,3
148874,4
148880,5
148885,3
148889,2
148895,7
148902,2
148904,2
148907,2
148918,2
148921,2
148923,2
148925,2
148931,2
148933,2
148944,4
148948,3
148951,3
148955,6
148963,2
148965,2
148967,4
148971,4
148980,2
148984,5
148990,1
148993,3
148997,2
149010,2
149012,3
149016,2
149019,2
149025,2
149027,4
149031,3
149034,2
149036,5
149042,3
149047,2
149051,2
149055,2
149057,2
149061,2
149064,2
149067,3
149072,2
149077,2
149083,2
149090,2
149097,2
149109,3
149112,3
149115,3
149119,3
149130,4
149134,4
149138,1
149140,2
149143,2
149147,4
149152,2
149154,2
149157,3
149160,3
149164,2
149166,5
149171,3
149174,4
149180,2
149182,2
149185,2
149187,3
149191,2
149198,9
149208,3
149211,2
149213,2
149215,3
149219,2
149223,2
149226,1
149232,2
149245,2
149247,3
149256,3
149261,2
149266,1
149268,8
149276,2
149278,2
149281,3
149303,7
149319,4
149323,3
149326,2
149328,1
149337,4
149349,3
149359,3
149362,2
149367,2
149369,3
149373,2
149375,3
149378,5
149385,1
149387,2
149389,2
149398,2
149401,1
149403,1
149406,6
149412,3
149419,3
149422,4
149434,1
149436,1
149438,1
149440,3
149443,3
149446,2
149448,2
149452,3
149455,2
149457,1
149460,2
149463,2
149465,1
149519,1
149524,2
149526,4
149532,3
149538,2
149541,1
149544,1
149546,2
149551,3
149554,3
149559,2
149561,3
149564,3
149571,2
149587,6
149596,2
149600,2
149615,1
149630,1
149677,3
149703,1
149710,2
149719,2
149723,1
149794,3
149798,3
149807,1
149819,1
149874,2
149890,2
149897,1
149933,3
149952,3
149990,1
150001,1
150009,2
150017,2
150035,2
150063,1
150066,2
150086,2
150108,3
150118,1
150122,2
150138,3
150145,1
150147,2
150149,3
150152,2
150154,2
150156,2
150160,2
150164,7
150172,7
150179,2
150183,2
150185,3
150192,2
150194,3
150264,1
150290,4
150294,2
150297,2
150299,2
150301,2
150304,2
150306,2
150308,6
150315,2
150321,2
150323,2
150325,2
150332,2
150335,2
150337,3
150340,2
150345,2
150348,2
150350,2
150352,2
150355,2
150358,2
150368,3
150371,3
150375,2
150377,2
150379,3
150384,4
150388,2
150391,4
150397,2
150399,5
150410,2
150413,3
150417,2
150419,2
150421,2
150423,2
150427,3
150436,3
150439,2
150443,2
150448,2
150453,3
150456,2
150458,2
150460,2
150469,2
150472,3
150482,2
150484,2
150488,2
150492,3
150495,2
150508,2
150517,3
150522,2
150544,2
150557,2
150560,3
150565,2
150583,3
150587,3
150591,2
150593,2
150596,2
150606,2
150614,2
150618,3
150622,2
150629,3
150632,2
150634,2
150636,2
150644,3
150649,2
150655,3
150658,2
150660,2
150667,2
150671,4
150675,2
150677,2
150683,2
150686,2
150691,3
150696,2
150700,2
150707,2
150712,3
150717,2
150719,2
150729,3
150737,3
150740,4
150748,2
150750,2
150754,3
150757,6
150763,2
150765,3
150774,2
150780,2
150782,3
150793,2
150798,7
150808,1
150817,3
150820,3
150828,4
150835,2
150846,2
150848,2
150855,2
150862,4
150866,2
150871,2
150873,3
150879,2
150883,4
150888,2
150892,3
150897,2
150900,2
150903,2
150905,3
150908,2
150910,2
150913,2
150919,2
150927,3
150931,2
150933,3
150936,6
150942,2
150946,3
150956,2
150958,2
150962,2
150968,2
150988,2
150990,2
150993,2
151001,2
151007,2
151010,2
151013,2
151015,7
151034,2
151040,2
151046,3
151049,2
151051,2
151057,1
151062,4
151067,2
151073,2
151075,3
151079,2
151082,2
151084,5
151091,4
151096,2
151098,2
151100,4
151107,2
151109,3
151116,3
151121,4
151137,2
151142,2
151144,2
151148,4
151154,5
151159,3
151166,3
151171,2
151173,2
151175,2
151182,5
151187,3
151238,3
151278,3
151285,5
151290,4
151295,2
151297,3
151300,2
151303,2
151305,2
151315,2
151319,3
151322,3
151327,3
151330,6
151340,2
151342,3
151345,3
151349,2
151351,16
151368,5
151375,4
151430,2
151433,4
151437,2
151442,3
151451,2
151477,2
151479,2
151534,2
151536,3
151548,3
151555,13
151609,3
151612,6
151618,3
151621,5
151626,4
151630,2
151684,7
151691,3
151695,3
151698,2
151700,2
151736,4
151756,2
151764,5
151769,2
151771,3
151774,11
151785,2
151788,3
151793,2
151795,2
151797,2
151807,5
151812,9
151821,3
151824,2
151893,2
151898,3
151901,2
151903,6
151909,2
151911,4
151917,5
151923,4
151932,3
151937,2
151939,1
151942,2
151945,3
151956,2
151958,18
151985,4
151989,2
151991,15
152007,2
152013,14
152027,2
152033,31
152081,6
152108,2
152113,4
152120,7
152132,3
152137,3
152167,4
152172,3
152208,2
152215,6
152221,3
152273,4
152279,1
152285,16
152301,3
152307,6
152313,4
152317,12
152341,4
152345,2
152351,4
152355,7
152400,1
152402,2
152409,2
152460,2
152472,3
152482,7
152489,2
152491,2
152493,5
152498,62
152560,3
152563,21
152584,3
152587,3
152616,2
152618,2
152622,3
152630,2
152639,2
152641,2
152643,4
152654,5
152661,4
152665,2
152671,2
152673,2
152675,2
152677,2
152679,9
152688,3
152762,2
152766,2
152771,2
152824,2
152850,2
152852,2
152854,2
152858,2
152882,2
152884,2
152886,3
152890,3
152893,1
152898,3
152905,4
152934,2
152942,2
152944,2
152949,3
152953,2
152955,2
152958,3
152989,3
152992,2
152996,3
153001,2
153008,4
153049,3
153052,2
153062,3
153065,4
153069,2
153147,6
153158,6
153164,14
153180,3
153184,2
153197,2
153207,2
153210,2
153216,5
153224,9
153233,19
153253,2
153255,3
153258,1
153260,1
153264,10
153281,1
153283,2
153285,2
153287,3
153295,4
153301,2
153303,3
153568,2
153570,1
153572,3
153623,3
153626,4
153642,6
153653,22
153681,2
153689,1
153691,2
153694,2
153699,3
153733,11
153744,3
153747,3
153756,1
153806,2
153991,2
153993,4
153997,5
154017,2
154020,7
154088,4
154134,2
154182,2
154184,2
154186,2
154201,8
154231,2
154234,6
154254,4
154258,3
154261,7
154269,5
154274,2
154278,3
154281,2
154284,7
154312,4
154317,9
154368,6
154395,6
154408,1
154465,4
154492,4
154497,14
154511,2
154513,9
154531,4
154536,5
154544,2
154576,2
154605,2
154612,2
154614,2
154619,2
154622,3
154632,2
154635,2
154637,3
154644,5
154649,3
154665,2
154671,2
154681,3
154703,3
154725,2
154739,8
154747,4
154771,5
154789,2
154792,1
154818,3
154824,7
154836,7
154853,2
154861,2
154863,2
154865,2
154872,2
154879,3
154882,2
154884,2
154898,2
154900,9
154911,7
154918,3
154931,3
154948,6
155024,2
155031,2
155034,2
155046,2
155054,2
155062,7
155069,16
155085,2
155089,3
155092,3
155103,11
155114,2
155132,3
155135,2
155141,4
155145,3
155163,7
155171,4
155176,6
155185,3
155192,3
155195,5
155203,8
155213,9
155226,6
155233,8
155241,2
155243,1
155250,3
155254,2
155259,2
155262,4
155274,6
155282,3
155289,2
155297,4
155304,1
155321,1
155323,1
155326,1
155328,2
155336,1
155339,3
155378,3
155382,4
155419,3
155425,3
155429,2
155431,2
155433,4
155437,14
155451,3
155503,2
155509,2
155522,1
155531,2
155539,1
155564,1
155587,1
155603,3
155607,2
155611,7
155618,2
155620,1
155643,3
155677,1
155692,3
155709,1
155720,2
155760,2
155762,1
155772,1
155776,1
155778,1
155784,2
155798,2
155820,2
155911,4
155925,1
155977,2
156009,1
156031,2
156043,1
156127,6
156148,2
156187,2
156201,3
156214,3
156217,5
156222,2
156225,2
156227,4
156233,3
156236,2
156262,1
156270,8
156280,7
156287,6
156296,8
156313,2
156316,3
156319,3
156322,7
156329,2
156332,18
156351,5
156380,2
156406,2
156447,3
156450,3
156453,2
156455,2
156520,1
156848,2
157111,4
157116,5
157136,3
157140,6
157148,2
157154,2
157157,1
157159,2
157161,3
157164,4
157181,1
157225,1
157268,1
157272,2
157305,2
157307,9
157317,2
157327,2
157346,2
157357,2
157360,2
157362,1
157378,3
157421,2
157494,1
157503,2
157521,3
157550,2
157554,1
157597,2
157629,4
157646,1
157651,2
158000,1
158090,6
158100,2
158118,2
158140,1
158144,3
158158,4
158162,1
158197,1
158204,5
158209,3
158230,2
158248,3
158261,4
158316,2
158318,3
158333,2
158344,2
158367,3
158452,2
158460,4
158478,2
158571,3
158583,2
158699,1
158707,3
158714,1
158732,5
158740,2
158792,2
158794,2
158954,16
159031,4
159041,3
159046,3
159050,2
159053,2
159061,2
159063,2
159067,2
159069,2
159071,2
159077,3
159082,3
159087,3
159094,3
159099,3
159106,4
159117,2
159120,2
159122,3
159125,2
159127,2
159134,2
159146,2
159148,1
159150,2
159160,3
159164,4
159168,3
159177,3
159180,3
159183,6
159189,2
159191,5
159202,1
159207,3
159215,3
159220,7
159227,1
159232,3
159237,3
159243,3
159251,2
159253,4
159262,3
159265,1
159279,1
159284,2
159291,2
159294,2
159297,2
159299,3
159303,4
159307,3
159312,2
159314,4
159318,2
159329,3
159341,2
159345,3
159348,3
159352,2
159354,1
159356,3
159360,2
159362,2
159365,4
159371,2
159375,3
159392,2
159397,2
159402,3
159414,5
159419,4
159424,1
159426,4
159430,2
159434,2
159436,3
159439,3
159443,1
159445,1
159448,3
159456,2
159458,3
159465,2
159470,2
159475,2
159477,2
159485,1
159488,1
159495,3
159501,2
159503,2
159505,3
159515,6
159522,3
159527,3
159538,3
159541,4
159546,2
159556,3
159568,2
159570,2
159573,3
159576,2
159588,5
159596,3
159599,2
159607,2
159610,1
159612,1
159615,1
159617,1
159621,3
159628,2
159630,3
159633,1
159639,2
159648,2
159650,2
159652,4
159657,2
159662,2
159668,3
159672,2
159679,1
159682,1
159685,3
159688,3
159693,2
159696,2
159699,4
159705,4
159709,2
159712,2
159716,2
159719,3
159722,3
159738,3
159743,2
159745,3
159749,3
159753,1
159760,3
159763,2
159765,2
159768,3
159772,4
159779,1
159787,4
159794,2
159798,2
159800,2
159802,1
159808,3
159811,1
159818,4
159828,1
159830,1
159835,2
159840,2
159848,3
159852,3
159857,5
159869,2
159871,3
159874,2
159877,2
159879,3
159882,2
159884,2
159887,3
159892,2
159895,3
159900,2
159905,1
159909,2
159911,2
159913,3
159921,2
159923,2
159927,2
159930,2
159933,2
159940,3
159945,1
159948,5
159953,3
159956,3
159959,4
159964,2
159966,2
159968,1
159971,2
159973,1
159977,1
159987,3
159991,3
159995,2
159997,2
160000,4
160015,2
160022,4
160027,2
160030,2
160033,6
160039,2
160050,2
160054,1
160060,3
160081,2
160090,5
160100,2
160108,2
160113,3
160125,2
160129,1
160135,2
160138,2
160143,2
160148,2
160151,3
160154,2
160157,3
160165,2
160168,3
160173,1
160178,2
160183,1
160190,2
160194,1
160199,3
160202,4
160206,1
160217,2
160221,3
160225,2
160236,3
160241,3
160259,2
160263,2
160265,4
160269,2
160271,2
160277,2
160283,5
160289,2
160296,4
160311,2
160315,2
160317,3
160321,2
160326,2
160335,6
160362,2
160364,3
160369,2
160371,2
160380,2
160385,3
160389,2
160393,2
160401,2
160404,4
160409,3
160415,5
160428,2
160433,2
160436,2
160444,2
160455,1
160457,4
160461,2
160467,3
160472,1
160475,2
160478,2
160482,2
160491,1
160493,3
160502,2
160509,1
160520,2
160522,1
160524,2
160526,2
160530,5
160537,2
160541,3
160546,1
160551,2
160554,3
160557,2
160564,2
160575,2
160577,2
160584,2
160590,2
160592,1
160595,2
160598,6
160606,2
160608,2
160610,2
160620,2
160629,2
160637,2
160642,2
160646,1
160652,2
160655,2
160657,2
160660,3
160669,2
160679,2
160684,2
160692,1
160695,2
160697,2
160699,2
160701,2
160704,2
160708,2
160711,2
160713,2
160715,2
160720,2
160723,1
160726,2
160731,3
160736,2
160745,3
160750,2
160758,2
160765,2
160773,1
160776,1
160778,2
160780,1
160787,2
160792,2
160796,3
160804,2
160809,2
160817,2
160821,2
160824,3
160833,3
160837,4
160845,3
160850,3
160869,2
160871,2
160874,2
160876,2
160879,2
160883,4
160896,4
160905,1
160908,2
160928,1
160931,3
160935,3
160939,2
160944,1
160946,2
160950,2
160964,4
160968,2
160975,3
160985,2
160988,3
160992,1
160998,6
161007,2
161012,2
161017,2
161025,1
161036,2
161040,3
161044,3
161047,3
161053,2
161055,2
161057,1
161061,2
161063,2
161066,3
161069,3
161074,2
161076,3
161079,1
161087,4
161092,2
161098,3
161102,2
161105,3
161117,3
161129,3
161132,2
161137,3
161142,2
161146,1
161148,2
161150,1
161152,2
161165,1
161167,1
161175,2
161177,3
161188,2
161190,3
161193,1
161197,2
161204,2
161210,1
161212,2
161216,1
161219,3
161222,1
161225,2
161229,2
161239,2
161241,1
161245,3
161251,1
161259,2
161265,2
161271,2
161275,2
161278,1
161281,3
161287,3
161301,3
161308,4
161312,2
161319,2
161322,2
161329,2
161335,2
161339,1
161342,2
161345,2
161352,2
161354,2
161359,2
161362,2
161366,1
161380,3
161383,2
161387,2
161391,2
161394,2
161397,2
161399,1
161403,2
161415,1
161417,2
161419,2
161427,2
161429,2
161440,1
161444,4
161448,2
161450,2
161452,2
161458,2
161478,4
161486,1
161491,2
161493,2
161517,1
161530,2
161532,1
161536,3
161550,2
161552,1
161555,1
161557,2
161559,2
161563,2
161565,4
161575,2
161578,2
161580,4
161590,2
161592,2
161599,2
161602,1
161605,2
161611,4
161625,2
161629,2
161631,1
161635,2
161638,3
161648,2
161654,2
161659,2
161663,2
161666,4
161670,3
161674,2
161677,1
161697,3
161709,4
161733,2
161736,2
161741,1
161743,3
161750,1
161754,2
161760,2
161762,1
161766,2
161770,2
161774,2
161776,2
161793,2
161801,3
161807,2
161811,3
161815,4
161825,2
161837,1
161839,1
161841,2
161849,2
161852,1
161873,2
161880,2
161882,4
161891,4
161899,2
161902,2
161904,3
161911,1
161913,5
161918,2
161923,2
161925,2
161928,2
161931,2
161937,2
161942,5
161947,2
161952,3
161956,2
161963,3
161966,4
161971,1
161974,1
161976,1
161980,2
161985,2
161990,2
161995,2
161998,3
162005,2
162016,2
162021,2
162023,1
162025,2
162027,2
162030,2
162032,5
162038,2
162053,2
162058,4
162070,4
162080,2
162086,2
162088,3
162093,2
162096,6
162105,2
162109,2
162113,2
162121,1
162125,2
162127,2
162131,2
162134,2
162138,2
162140,3
162143,1
162145,3
162152,3
162156,2
162160,1
162165,2
162169,2
162173,2
162181,2
162183,1
162188,6
162196,3
162201,2
162204,1
162206,2
162209,1
162214,1
162218,1
162220,2
162231,4
162236,2
162245,3
162252,4
162264,1
162267,2
162270,1
162273,5
162278,1
162282,2
162288,2
162290,2
162296,2
162303,2
162312,5
162326,1
162331,1
162342,3
162347,3
162350,3
162353,2
162357,2
162360,2
162362,2
162365,2
162371,3
162376,1
162381,2
162384,2
162391,3
162395,2
162401,2
162407,2
162409,2
162420,3
162423,2
162438,3
162446,2
162449,2
162451,2
162453,1
162463,2
162466,2
162468,2
162470,1
162479,2
162482,1
162485,2
162489,3
162510,2
162518,2
162521,2
162537,2
162546,3
162549,3
162553,3
162570,2
162572,2
162577,5
162597,4
162601,2
162603,2
162606,2
162621,1
162625,2
162628,2
162630,3
162637,2
162641,3
162649,2
162651,2
162660,3
162670,3
162673,4
162677,2
162679,2
162686,1
162698,3
162709,8
162719,2
162730,2
162739,2
162758,2
162768,2
162770,2
162774,2
162781,1
162785,1
162789,1
162793,2
162795,1
162797,2
162804,2
162806,2
162810,3
162813,2
162821,3
162833,1
162835,1
162840,2
162845,5
162856,2
162861,2
162863,2
162865,5
162879,2
162887,1
162893,2
162900,2
162903,3
162907,3
162912,2
162915,3
162924,2
162927,2
162929,1
162953,1
162958,2
162962,2
162964,2
162967,2
162975,2
162977,2
162988,2
162990,2
162992,1
163005,3
163009,2
163011,2
163022,1
163028,5
163038,3
163043,2
163046,2
163051,4
163055,2
163066,2
163077,3
163084,2
163087,2
163096,1
163098,2
163100,1
163102,2
163108,4
163113,2
163117,1
163123,3
163128,2
163130,2
163136,2
163138,1
163140,2
163145,1
163150,4
163155,2
163163,2
163166,3
163176,1
163181,2
163183,2
163185,5
163191,1
163193,7
163200,3
163213,2
163215,2
163217,1
163234,2
163247,2
163251,2
163253,1
163268,2
163283,1
163293,2
163300,2
163306,1
163312,2
163316,1
163331,2
163342,2
163345,2
163348,2
163356,2
163358,4
163362,4
163368,3
163372,1
163377,3
163380,2
163383,1
163386,3
163393,5
163400,2
163409,2
163413,2
163416,2
163419,2
163423,2
163427,2
163429,4
163434,3
163442,2
163444,2
163446,2
163448,2
163453,1
163460,3
163463,2
163465,1
163467,5
163475,2
163477,3
163481,2
163483,3
163491,1
163518,1
163527,2
163530,2
163532,2
163542,1
163550,2
163563,1
163568,3
163573,2
163577,2
163587,2
163597,2
163605,2
163610,2
163614,3
163624,3
163628,1
163632,2
163641,2
163645,2
163651,2
163656,3
163663,1
163665,1
163670,2
163673,2
163679,1
163685,2
163687,2
163691,1
163703,2
163709,1
163711,3
163720,2
163723,2
163727,4
163731,2
163734,2
163736,1
163740,2
163744,3
163748,1
163752,4
163760,2
163767,2
163769,2
163774,4
163780,2
163782,1
163800,1
163802,2
163808,1
163810,3
163817,2
163823,2
163825,2
163831,1
163836,2
163838,3
163842,2
163844,2
163848,3
163854,2
163859,1
163862,2
163871,3
163874,2
163882,1
163889,1
163898,1
163900,2
163902,1
163905,2
163907,2
163913,3
163917,2
163920,2
163935,1
163943,2
163953,2
163958,4
163962,1
163972,2
163977,3
163980,2
163982,2
163985,1
163988,1
164007,1
164013,1
164017,3
164022,3
164025,2
164027,3
164032,1
164041,1
164048,2
164051,2
164054,2
164057,2
164059,7
164067,8
164078,1
164087,1
164095,2
164099,2
164101,2
164103,2
164108,2
164111,3
164124,2
164130,2
164133,2
164138,4
164142,2
164148,1
164153,2
164160,3
164164,3
164179,1
164181,3
164184,3
164194,2
164202,3
164212,4
164219,1
164229,3
164233,1
164237,1
164250,1
164259,1
164263,3
164268,2
164272,1
164275,2
164277,2
164288,2
164293,1
164305,2
164308,3
164328,2
164336,2
164340,2
164362,3
164370,3
164373,1
164375,2
164386,1
164391,3
164394,2
164397,2
164402,4
164406,4
164410,2
164414,1
164420,2
164422,2
164424,4
164428,2
164432,2
164447,4
164454,2
164459,2
164462,1
164465,4
164469,1
164474,4
164479,2
164484,2
164487,3
164493,2
164498,2
164505,2
164507,2
164510,2
164514,3
164519,2
164521,5
164529,1
164544,2
164547,4
164551,1
164567,4
164580,1
164588,2
164593,2
164595,4
164604,1
164606,1
164611,2
164623,2
164626,3
164633,4
164639,1
164641,3
164651,2
164653,3
164660,2
164664,2
164668,2
164688,1
164692,2
164697,1
164703,2
164709,3
164715,2
164717,1
164720,4
164725,3
164730,2
164737,1
164743,3
164758,2
164761,3
164765,2
164769,2
164781,1
164787,2
164791,2
164803,1
164810,1
164819,2
164822,2
164839,2
164843,4
164857,2
164866,1
164869,3
164872,3
164876,4
164880,2
164895,4
164902,4
164911,2
164913,3
164948,3
164951,2
164953,2
164964,4
164973,1
164976,2
164989,1
164994,3
165006,4
165011,3
165028,3
165036,1
165043,3
165046,5
165051,2
165058,4
165068,2
165070,4
165079,3
165082,2
165088,2
165091,1
165096,2
165103,2
165115,2
165137,2
165143,2
165147,2
165151,3
165156,2
165164,3
165168,1
165176,2
165184,3
165187,2
165191,2
165195,3
165204,2
165207,2
165215,1
165219,3
165226,3
165231,1
165242,3
165249,2
165256,3
165261,2
165273,2
165281,2
165284,2
165292,2
165295,3
165298,2
165301,2
165305,2
165307,3
165310,5
165317,1
165320,2
165324,2
165328,5
165335,3
165339,2
165341,2
165345,1
165349,2
165353,1
165356,3
165359,2
165362,1
165364,3
165369,2
165371,3
165377,1
165381,2
165389,2
165398,2
165407,2
165409,1
165424,3
165433,3
165436,1
165458,1
165469,2
165472,2
165482,2
165497,2
165499,3
165504,1
165513,1
165522,2
165528,3
165533,1
165537,2
165540,3
165543,2
165546,2
165553,1
165556,4
165571,2
165581,3
165584,2
165594,4
165603,2
165608,2
165610,2
165616,2
165624,3
165628,3
165632,2
165634,1
165640,1
165648,2
165663,1
165667,2
165685,3
165689,2
165708,1
165713,2
165723,3
165729,2
165731,2
165734,3
165740,2
165743,2
165745,3
165748,2
165751,4
165755,4
165759,2
165761,1
165763,1
165769,3
165772,3
165777,2
165788,2
165791,2
165794,2
165796,2
165803,1
165814,2
165821,2
165827,3
165838,2
165845,2
165851,2
165854,3
165862,2
165880,1
165883,2
165905,1
165909,2
165913,2
165915,1
165926,2
165929,2
165935,3
165938,1
165942,2
165944,3
165947,2
165950,1
165954,4
165962,1
165964,3
165968,3
165983,1
165986,1
165992,2
166001,2
166006,1
166010,3
166013,2
166015,2
166020,2
166023,2
166026,2
166028,3
166031,2
166033,6
166041,1
166046,4
166054,2
166059,3
166072,3
166076,1
166078,2
166081,1
166086,2
166102,2
166104,2
166117,3
166123,6
166137,2
166139,1
166151,1
166159,1
166162,1
166171,2
166175,3
166183,4
166198,2
166200,2
166203,3
166206,3
166213,2
166220,2
166222,2
166226,1
166229,1
166234,2
166242,2
166245,2
166252,3
166258,4
166262,2
166272,2
166274,2
166279,3
166282,2
166284,3
166287,1
166292,2
166297,1
166304,3
166311,2
166315,2
166324,1
166335,2
166338,1
166342,3
166353,2
166362,3
166365,2
166370,1
166387,2
166390,4
166407,3
166410,2
166414,1
166421,3
166434,2
166438,2
166445,3
166449,1
166453,3
166458,3
166463,4
166469,3
166473,2
166475,2
166500,2
166505,2
166509,2
166518,1
166521,4
166526,6
166532,4
166537,1
166548,3
166555,1
166557,4
166565,2
166567,3
166570,2
166579,3
166587,2
166590,2
166592,1
166601,3
166608,3
166622,3
166626,3
166630,1
166638,3
166654,2
166662,2
166666,2
166672,8
166680,1
166689,1
166696,2
166704,2
166710,1
166716,1
166718,4
166729,4
166733,2
166735,2
166745,2
166750,2
166759,1
166764,3
166767,2
166774,3
166779,2
166782,2
166787,2
166791,2
166793,2
166805,3
166814,1
166822,4
166828,2
166836,2
166839,1
166850,1
166856,2
166862,2
166879,2
166881,1
166886,3
166902,2
166909,2
166914,2
166917,3
166922,2
166928,4
166939,3
166950,3
166954,3
166964,2
166970,2
166974,3
166981,2
166983,2
166989,3
166996,2
166998,3
167004,2
167006,2
167008,4
167018,3
167031,2
167035,2
167038,1
167040,1
167045,3
167053,2
167068,2
167082,2
167086,2
167102,2
167107,3
167112,1
167122,4
167127,2
167132,2
167135,3
167142,1
167144,1
167148,2
167155,1
167158,2
167173,3
167180,1
167189,3
167195,2
167206,3
167209,2
167214,2
167218,2
167220,2
167222,4
167239,1
167244,1
167250,1
167252,2
167259,2
167271,2
167279,2
167291,2
167302,4
167306,3
167309,2
167312,4
167322,2
167324,3
167328,2
167330,1
167334,2
167337,2
167343,5
167355,3
167358,3
167361,2
167368,1
167375,2
167382,4
167387,1
167395,1
167399,1
167402,1
167409,1
167413,2
167422,2
167427,3
167437,2
167442,2
167452,3
167457,2
167467,2
167470,2
167473,3
167480,6
167486,2
167488,2
167490,3
167497,3
167501,5
167512,3
167516,2
167530,2
167535,1
167542,3
167545,3
167548,3
167551,3
167554,3
167557,1
167567,2
167573,2
167579,1
167581,2
167591,1
167596,2
167599,2
167605,1
167611,1
167619,3
167627,1
167629,3
167632,2
167634,1
167638,2
167648,2
167652,2
167654,3
167664,1
167666,2
167673,7
167685,2
167687,1
167692,3
167703,2
167705,2
167718,2
167722,6
167733,2
167737,1
167746,2
167752,2
167756,2
167758,2
167760,2
167771,2
167776,1
167778,4
167790,2
167792,4
167801,2
167809,1
167818,2
167822,1
167831,1
167835,2
167840,1
167844,2
167846,3
167850,3
167853,1
167856,2
167859,3
167864,3
167870,2
167887,2
167893,2
167906,3
167909,1
167912,3
167924,2
167936,2
167939,1
167941,3
167946,4
167955,3
167961,2
167968,2
167970,3
167973,2
167984,2
167986,2
167989,3
168006,2
168011,2
168025,2
168029,4
168040,1
168047,2
168056,2
168063,2
168065,1
168069,3
168077,4
168085,4
168089,1
168091,2
168096,2
168101,2
168103,1
168110,3
168121,3
168125,2
168129,3
168132,2
168136,3
168146,2
168150,1
168152,2
168159,2
168162,1
168165,2
168169,1
168176,2
168189,4
168193,2
168200,2
168204,1
168210,2
168213,2
168217,2
168220,1
168222,2
168228,2
168232,5
168241,2
168246,2
168256,2
168265,3
168272,4
168276,3
168291,3
168295,2
168297,2
168302,1
168305,1
168311,3
168314,5
168328,4
168336,2
168342,2
168352,4
168367,2
168369,2
168372,2
168375,2
168377,2
168381,1
168383,2
168385,2
168388,3
168392,5
168397,2
168408,4
168412,2
168414,4
168421,2
168439,4
168446,3
168454,1
168456,1
168459,4
168464,4
168472,3
168475,2
168484,2
168501,3
168504,2
168507,3
168521,2
168525,1
168530,4
168536,1
168540,3
168543,3
168557,4
168571,3
168581,2
168584,2
168595,2
168602,2
168619,2
168626,1
168629,2
168632,3
168637,1
168640,3
168646,2
168654,1
168665,2
168672,4
168679,1
168681,3
168693,1
168699,2
168702,2
168706,3
168722,1
168732,1
168739,2
168747,2
168757,2
168759,1
168768,3
168772,1
168777,1
168783,1
168785,3
168790,2
168792,2
168802,2
168815,1
168821,2
168824,2
168829,2
168834,2
168843,3
168851,2
168860,3
168863,1
168867,2
168876,2
168878,2
168882,3
168893,1
168908,4
168927,1
168933,2
168935,1
168939,1
168941,2
168946,3
168950,4
168956,2
168960,3
168966,3
168976,2
168981,2
168984,1
168987,2
168989,2
168991,2
168995,2
168998,4
169007,2
169032,3
169035,4
169045,2
169048,2
169067,3
169070,3
169073,3
169080,5
169090,1
169092,3
169099,2
169112,2
169115,1
169117,4
169121,2
169123,2
169132,2
169138,1
169145,2
169150,1
169152,2
169159,2
169162,1
169165,2
169174,2
169177,2
169180,2
169186,2
169190,2
169194,2
169209,2
169214,2
169219,2
169221,3
169227,3
169236,3
169240,2
169248,3
169251,3
169260,1
169265,3
169276,3
169279,2
169309,3
169313,2
169319,1
169323,2
169328,1
169335,2
169337,2
169339,4
169352,2
169354,1
169370,3
169374,2
169377,4
169388,3
169397,3
169412,3
169422,2
169433,3
169440,3
169444,3
169459,2
169465,2
169467,1
169469,2
169476,2
169488,5
169498,2
169504,2
169508,2
169524,2
169534,2
169538,2
169542,2
169544,2
169548,5
169562,3
169570,2
169572,2
169579,1
169585,1
169587,2
169590,1
169596,2
169601,2
169603,2
169607,2
169615,3
169625,1
169627,3
169634,1
169641,2
169646,1
169659,2
169661,1
169666,2
169673,2
169688,2
169693,1
169695,2
169699,2
169712,2
169714,5
169719,3
169725,2
169727,1
169730,5
169740,1
169745,2
169747,4
169757,4
169762,3
169765,2
169767,4
169773,2
169778,3
169784,2
169792,2
169796,2
169798,3
169816,1
169818,1
169823,2
169829,2
169842,3
169847,7
169857,1
169859,2
169867,5
169878,3
169884,3
169891,2
169901,1
169908,2
169918,3
169925,2
169927,7
169938,2
169949,2
169952,3
169958,2
169969,2
169973,3
169983,1
169985,1
169987,2
169991,3
170005,2
170012,3
170026,2
170032,2
170039,2
170041,2
170047,2
170049,2
170060,2
170062,4
170076,2
170078,3
170091,2
170093,3
170097,2
170103,4
170109,2
170117,2
170120,2
170127,2
170129,3
170134,3
170137,2
170144,2
170150,1
170153,1
170167,2
170170,2
170178,1
170181,2
170189,1
170196,2
170198,2
170202,3
170206,3
170212,2
170214,2
170219,2
170223,6
170230,2
170237,2
170240,2
170243,3
170255,3
170261,2
170265,2
170269,2
170274,2
170279,3
170289,2
170295,3
170298,2
170307,3
170326,4
170358,2
170363,2
170372,2
170381,1
170386,3
170389,3
170392,6
170414,3
170418,1
170424,2
170429,2
170442,4
170448,2
170453,3
170469,3
170478,1
170484,3
170492,2
170496,3
170506,2
170509,2
170511,1
170514,2
170516,2
170522,2
170529,3
170532,1
170534,2
170546,1
170565,2
170571,1
170575,1
170583,2
170591,2
170595,3
170600,2
170603,1
170607,1
170613,2
170615,2
170625,3
170629,2
170631,2
170639,2
170641,2
170643,2
170646,2
170650,1
170652,2
170654,2
170660,2
170662,1
170666,2
170669,2
170673,1
170683,1
170685,2
170688,4
170699,2
170701,2
170703,1
170717,1
170720,2
170723,2
170725,3
170735,2
170746,3
170758,2
170760,3
170764,6
170770,1
170773,2
170777,1
170779,4
170785,2
170793,2
170796,2
170810,2
170814,2
170825,2
170834,3
170838,3
170841,1
170846,2
170855,1
170859,3
170871,1
170873,3
170885,1
170890,2
170903,2
170907,2
170909,3
170912,2
170916,2
170925,2
170943,2
170945,2
170947,1
170950,1
170953,2
170961,2
170968,2
170973,3
170986,3
171004,2
171010,4
171023,2
171025,3
171033,3
171046,2
171048,2
171053,2
171061,4
171066,2
171068,2
171079,1
171082,1
171085,1
171091,3
171094,1
171109,1
171114,2
171116,3
171122,2
171125,3
171135,2
171138,2
171140,2
171147,1
171149,1
171160,4
171176,1
171181,2
171185,2
171189,3
171192,3
171208,2
171214,1
171219,2
171224,1
171226,2
171229,3
171235,3
171240,1
171246,1
171250,2
171269,3
171278,2
171283,3
171286,3
171290,2
171292,2
171294,3
171297,3
171312,2
171327,1
171332,1
171339,6
171346,3
171352,3
171359,2
171365,1
171368,2
171372,2
171385,2
171390,2
171397,1
171399,2
171407,1
171413,1
171419,1
171421,2
171432,3
171435,2
171437,1
171440,2
171443,2
171461,3
171464,2
171471,2
171474,2
171477,1
171481,3
171487,1
171491,2
171494,1
171499,1
171504,2
171514,4
171523,3
171528,4
171532,4
171542,2
171544,1
171554,1
171559,3
171572,4
171606,3
171616,2
171620,3
171624,2
171628,3
171646,2
171679,2
171681,1
171685,2
171694,2
171702,2
171705,2
171714,1
171734,2
171743,7
171755,1
171758,2
171767,2
171778,3
171781,2
171789,1
171801,5
171817,2
171821,2
171827,4
171836,2
171843,1
171849,1
171854,2
171859,2
171861,2
171865,2
171878,3
171888,2
171898,2
171915,1
171920,1
171927,2
171939,2
171941,1
171945,2
171958,1
171960,2
171966,1
171976,2
171979,2
171984,2
171986,5
171995,2
171998,2
172002,3
172011,2
172013,2
172015,2
172033,3
172038,2
172041,3
172045,2
172049,3
172053,2
172059,4
172063,2
172078,2
172093,3
172117,1
172124,3
172127,3
172130,4
172137,2
172146,2
172149,1
172154,3
172161,1
172164,2
172167,3
172172,4
172176,1
172178,4
172188,2
172191,2
172197,5
172202,1
172204,2
172212,3
172215,5
172227,1
172236,2
172244,3
172247,2
172259,2
172274,1
172294,3
172303,2
172323,3
172327,3
172334,4
172346,11
172357,1
172362,1
172389,1
172391,1
172401,4
172426,2
172432,2
172435,2
172440,2
172449,1
172453,2
172460,1
172472,1
172485,2
172488,3
172493,3
172499,2
172502,2
172512,1
172516,2
172522,2
172530,2
172533,1
172535,2
172542,3
172547,2
172550,2
172555,3
172574,2
172576,2
172586,1
172589,1
172595,4
172599,2
172602,1
172609,2
172614,3
172619,1
172622,2
172632,2
172641,3
172645,3
172649,2
172652,3
172663,2
172668,1
172677,1
172685,3
172688,3
172691,2
172693,2
172696,3
172702,4
172706,3
172718,1
172724,2
172727,3
172733,2
172740,2
172743,2
172745,3
172758,4
172762,1
172769,2
172775,2
172778,2
172796,3
172799,2
172809,1
172811,1
172816,2
172830,8
172841,2
172853,1
172855,4
172865,2
172875,3
172879,2
172887,2
172890,1
172897,2
172920,1
172922,4
172932,3
172944,2
172950,3
172955,3
172959,2
172971,2
172987,3
172991,3
173006,1
173009,1
173011,2
173019,2
173028,2
173030,3
173041,6
173052,3
173055,1
173057,1
173059,1
173065,2
173070,2
173072,2
173075,4
173079,2
173088,3
173091,3
173097,2
173102,1
173105,4
173117,1
173128,1
173138,2
173149,2
173155,1
173168,2
173171,2
173180,3
173184,3
173188,2
173190,2
173198,2
173204,2
173210,1
173214,3
173221,1
173224,1
173234,1
173237,2
173239,3
173242,1
173251,1
173257,3
173260,3
173265,2
173269,1
173273,2
173280,2
173283,3
173289,2
173294,2
173303,2
173305,2
173309,1
173319,2
173331,3
173334,2
173336,2
173338,2
173341,2
173343,3
173353,1
173355,2
173360,1
173368,2
173378,1
173381,3
173384,2
173386,3
173390,1
173392,2
173396,3
173408,5
173414,1
173424,2
173433,2
173435,2
173448,3
173457,3
173463,4
173468,1
173471,2
173475,5
173480,2
173482,2
173488,2
173494,1
173498,1
173514,1
173524,3
173528,2
173531,2
173539,3
173545,3
173551,1
173556,2
173563,2
173575,1
173587,3
173590,2
173611,1
173614,4
173619,1
173629,2
173639,2
173642,1
173646,2
173648,2
173650,3
173664,3
173667,4
173672,1
173676,1
173678,2
173684,1
173693,2
173696,2
173702,2
173709,2
173711,1
173715,2
173721,2
173723,2
173725,2
173729,2
173731,2
173745,2
173764,3
173769,1
173771,3
173778,2
173783,2
173787,2
173792,2
173796,2
173800,3
173805,1
173834,1
173847,4
173854,3
173857,2
173859,2
173864,2
173866,2
173869,2
173871,2
173875,3
173881,1
173888,1
173894,3
173900,2
173906,2
173908,1
173921,2
173927,1
173938,2
173942,2
173944,3
173948,6
173966,1
173973,2
173986,2
174000,1
174007,1
174024,2
174033,5
174038,4
174044,2
174046,2
174057,2
174067,1
174070,1
174072,2
174076,1
174082,2
174090,3
174093,1
174098,4
174114,1
174129,2
174131,2
174133,2
174136,1
174142,2
174155,3
174160,4
174178,2
174184,3
174190,2
174196,1
174198,3
174213,2
174220,4
174227,3
174234,4
174242,2
174253,2
174263,2
174266,3
174273,2
174276,2
174279,5
174284,3
174290,3
174305,4
174312,2
174314,4
174319,5
174324,2
174334,2
174347,1
174356,2
174362,3
174379,2
174384,2
174386,4
174393,2
174396,2
174400,1
174405,2
174428,1
174435,2
174437,2
174445,2
174455,3
174470,1
174472,2
174475,2
174494,2
174500,2
174511,1
174529,7
174542,2
174547,2
174549,1
174557,1
174559,1
174562,2
174579,1
174587,2
174592,3
174598,2
174601,4
174611,2
174614,3
174621,2
174623,3
174627,2
174630,2
174637,2
174640,3
174648,1
174655,2
174661,2
174667,2
174680,2
174683,2
174695,2
174700,1
174702,2
174706,2
174712,3
174715,2
174725,1
174733,2
174735,2
174739,2
174743,3
174746,2
174750,1
174753,2
174755,1
174768,3
174773,5
174781,2
174783,1
174786,3
174795,3
174804,2
174810,3
174819,1
174822,3
174827,3
174853,1
174855,2
174862,2
174872,1
174875,2
174911,2
174914,2
174917,3
174924,2
174928,2
174933,2
174938,1
174942,2
174952,3
174955,1
174958,2
174962,3
174968,2
174991,2
174998,1
175011,4
175038,2
175040,3
175043,4
175049,4
175055,2
175059,2
175065,2
175067,2
175083,2
175103,3
175106,2
175129,2
175131,1
175136,2
175138,2
175143,2
175145,2
175147,1
175152,2
175157,3
175165,3
175182,2
175186,3
175189,2
175191,2
175195,2
175245,3
175248,2
175251,2
175256,2
175259,2
175272,2
175274,2
175276,3
175279,3
175292,5
175298,4
175307,3
175330,2
175332,1
175341,2
175343,2
175349,1
175353,1
175355,2
175359,1
175372,1
175387,2
175396,2
175399,2
175406,2
175411,2
175417,2
175419,1
175421,2
175423,2
175425,2
175428,2
175439,2
175445,1
175447,1
175488,2
175527,2
175529,2
175531,2
175561,3
175564,3
175572,3
175581,3
175598,2
175615,2
175617,1
175620,2
175624,2
175626,3
175633,3
175646,3
175649,3
175655,1
175665,2
175667,2
175672,2
175674,4
175678,2
175686,2
175696,1
175708,2
175713,2
175715,2
175725,2
175739,1
175741,2
175750,6
175760,2
175766,2
175769,2
175777,1
175779,2
175781,1
175784,3
175787,4
175801,5
175820,2
175828,2
175837,3
175842,3
175851,2
175876,1
175881,3
175886,2
175893,1
175895,2
175923,2
175928,3
175944,2
175947,1
175949,3
175954,3
175958,2
175960,3
175964,2
175975,1
175982,2
175984,1
175989,2
175995,3
176003,1
176009,1
176014,2
176017,2
176025,3
176053,1
176060,1
176080,2
176087,3
176094,2
176096,2
176098,3
176103,2
176106,2
176109,2
176111,1
176118,1
176122,2
176124,3
176127,1
176130,1
176142,1
176146,3
176150,2
176153,1
176164,1
176166,2
176169,4
176174,2
176181,1
176185,2
176187,1
176198,3
176203,3
176206,2
176208,3
176211,1
176220,1
176238,1
176243,4
176253,2
176261,1
176263,5
176270,2
176274,2
176284,3
176297,3
176318,4
176323,3
176328,2
176331,2
176333,2
176335,3
176339,2
176341,2
176355,2
176362,2
176365,2
176375,2
176388,2
176390,1
176400,1
176405,4
176410,1
176413,2
176421,1
176436,4
176440,4
176444,3
176449,3
176452,2
176454,1
176458,1
176472,2
176489,1
176494,2
176519,1
176521,2
176525,2
176530,2
176539,1
176547,3
176551,2
176555,2
176575,1
176586,2
176603,1
176606,2
176610,1
176614,3
176617,2
176624,5
176639,1
176644,5
176649,2
176655,1
176664,3
176673,2
176676,2
176686,2
176693,3
176705,2
176709,1
176711,2
176739,4
176750,2
176755,2
176757,2
176760,1
176778,2
176784,2
176787,1
176793,1
176822,2
176824,3
176827,1
176831,2
176833,3
176839,2
176843,2
176850,2
176854,2
176864,1
176872,2
176896,2
176900,1
176906,1
176908,4
176915,2
176927,1
176930,2
176939,1
176943,2
176946,1
176948,2
176953,5
176960,5
176966,1
176969,2
176977,2
176984,1
176988,1
177008,3
177018,2
177025,1
177030,2
177046,2
177065,1
177075,2
177082,2
177089,2
177093,2
177113,2
177123,1
177125,1
177127,1
177162,1
177214,2
177217,2
177219,2
177221,2
177223,7
177230,2
177233,6
177241,2
177246,5
177258,2
177288,2
177293,2
177298,2
177304,2
177307,3
177314,3
177318,3
177322,2
177324,4
177331,2
177339,2
177342,3
177349,1
177359,2
177363,4
177370,1
177375,2
177379,2
177382,3
177388,1
177399,2
177405,2
177407,2
177415,2
177424,3
177427,2
177429,4
177433,1
177442,2
177453,2
177457,1
177478,3
177489,3
177492,1
177518,1
177528,2
177542,1
177554,2
177567,2
177573,1
177576,1
177580,2
177585,1
177594,2
177596,4
177601,2
177603,3
177608,2
177610,2
177612,2
177614,2
177619,2
177622,3
177628,3
177631,2
177633,3
177636,4
177640,2
177643,3
177647,6
177654,2
177657,3
177660,3
177664,4
177668,3
177671,1
177673,7
177681,6
177688,3
177691,2
177694,2
177696,2
177699,2
177702,3
177705,1
177707,3
177710,3
177713,4
177718,1
177720,2
177722,3
177725,1
177729,4
177733,2
177736,5
177743,2
177745,4
177753,3
177756,2
177758,2
177760,1
177762,4
177766,5
177771,2
177773,5
177779,5
177784,3
177788,3
177792,2
177795,3
177799,2
177801,2
177804,2
177807,2
177809,4
177813,4
177819,3
177822,3
177825,2
177827,6
177833,13
177849,2
177852,2
177871,4
177886,2
177895,2
177920,2
177923,4
177940,2
177944,2
177961,3
177971,2
177982,3
177997,2
178012,3
178021,5
178037,1
178057,2
178090,5
178111,2
178129,2
178137,2
178197,2
178222,1
178228,1
178241,3
178245,1
178264,1
178274,3
178282,2
178299,1
178326,1
178348,3
178358,2
178402,2
178406,4
178442,1
178444,2
178455,2
178468,3
178475,5
178484,1
178519,4
178529,2
178532,2
178547,2
178555,5
178562,2
178588,2
178591,3
178608,1
178616,2
178623,3
178657,5
178671,3
178675,2
178683,2
178697,3
178721,2
178741,2
178756,6
178765,3
178799,1
178811,1
178822,2
178825,2
178848,1
178858,3
178883,2
178885,2
178890,1
178914,1
178917,2
178932,2
178975,2
178984,4
178988,2
178995,2
179004,2
179020,1
179024,2
179058,2
179074,1
179102,1
179110,3
179114,3
179117,2
179128,2
179134,1
179145,2
179160,2
179173,2
179178,3
179204,4
179224,1
179264,4
179290,2
179326,2
179341,2
179388,2
179395,4
179414,1
179422,2
179424,3
179431,1
179452,1
179472,2
179501,2
179512,2
179517,2
179566,2
179570,3
179594,1
179623,1
179629,2
179635,1
179638,2
179646,2
179671,3
179686,2
179701,1
179719,1
179728,1
179774,3
179793,2
179809,2
179816,3
179847,1
179857,2
179862,3
179879,2
179883,2
179885,2
179905,1
179910,1
179926,2
179929,2
179942,3
179945,1
179948,3
179951,1
179960,3
179968,2
179972,1
179983,1
180000,3
180024,1
180039,3
180046,2
180055,1
180058,1
180074,4
180084,3
180108,1
180143,3
180149,2
180161,2
180167,2
180170,1
180178,2
180183,2
180189,4
180208,1
180214,1
180217,3
180245,2
180271,4
180284,2
180288,4
180295,1
180318,1
180327,1
180336,1
180342,3
180350,1
180352,2
180378,2
180385,1
180387,2
180389,1
180414,3
180417,2
180435,3
180451,2
180465,1
180477,2
180498,5
180505,1
180523,2
180536,1
180550,1
180561,3
180567,1
180573,1
180595,2
180601,2
180609,2
180615,2
180621,2
180638,1
180654,3
180673,1
180680,2
180692,3
180696,2
180701,3
180704,2
180708,2
180721,4
180732,2
180736,1
180751,1
180769,3
180776,1
180811,1
180817,1
180823,2
180843,3
180880,2
180886,2
180908,3
180913,3
180934,2
180967,2
180985,2
181001,4
181007,1
181029,1
181032,2
181035,2
181083,3
181115,2
181137,1
181140,2
181143,3
181147,2
181155,1
181171,1
181185,4
181195,4
181215,2
181219,2
181256,2
181262,3
181268,2
181281,1
181334,3
181354,1
181359,2
181371,1
181383,2
181390,3
181400,1
181407,3
181422,1
181463,2
181477,1
181482,1
181492,1
181518,4
181527,3
181534,2
181539,2
181542,2
181544,2
181553,1
181556,2
181560,3
181563,2
181567,3
181586,3
181592,2
181597,3
181612,2
181619,1
181621,1
181625,3
181633,2
181643,1
181650,4
181661,1
181663,2
181672,1
181681,1
181692,3
181712,1
181718,1
181722,2
181736,2
181751,1
181761,1
181764,1
181770,2
181775,2
181778,2
181781,2
181788,1
181797,3
181803,2
181823,3
181832,2
181869,2
181872,3
181882,4
181887,2
181894,1
181899,1
181932,2
181935,1
181941,3
181944,2
181965,3
181969,2
181974,4
181996,1
181998,2
182000,1
182014,3
182017,3
182027,2
182037,1
182039,3
182043,7
182061,3
182068,3
182080,1
182087,3
182097,2
182103,2
182105,1
182112,2
182121,1
182126,2
182138,1
182147,2
182149,1
182152,1
182159,3
182174,2
182187,2
182197,2
182203,1
182235,2
182237,3
182248,1
182252,2
182255,2
182292,2
182294,2
182297,1
182324,2
182341,2
182348,1
182358,2
182361,5
182369,1
182378,1
182381,3
182398,1
182407,2
182409,2
182415,2
182423,3
182433,2
182435,1
182441,2
182449,2
182470,1
182477,2
182493,1
182503,4
182527,1
182531,1
182545,2
182548,1
182605,2
182613,2
182643,2
182649,1
182654,2
182660,1
182667,1
182693,1
182695,1
182706,1
182708,1
182715,1
182738,1
182745,1
182752,1
182758,2
182760,1
182762,2
182764,1
182768,1
182779,1
182788,1
182794,1
182799,2
182815,2
182827,2
182854,2
182860,4
182875,1
182881,2
182926,1
182943,2
182945,2
182949,3
182952,1
182956,1
182973,2
182977,1
183003,2
183043,5
183055,2
183064,2
183089,1
183092,1
183109,1
183113,1
183133,2
183150,1
183175,2
183180,2
183200,2
183207,2
183219,1
183223,3
183232,2
183242,2
183245,1
183270,1
183278,2
183283,1
183297,2
183311,2
183323,1
183339,2
183342,1
183344,2
183352,1
183375,2
183378,1
183415,2
183436,1
183441,2
183457,2
183461,1
183471,2
183478,2
183482,4
183492,1
183495,1
183531,2
183536,1
183552,1
183559,1
183563,1
183579,2
183593,2
183601,2
183613,2
183616,1
183623,2
183627,1
183630,1
183641,1
183650,2
183665,3
183675,1
183685,2
183695,2
183700,2
183726,1
183748,3
183758,3
183785,2
183787,1
183815,2
183821,1
183832,3
183844,1
183859,2
183874,1
183900,1
183908,1
183928,1
183930,2
183954,1
183962,1
183966,1
183979,2
183981,1
183989,3
183995,2
184002,3
184007,1
184010,1
184039,2
184041,1
184044,2
184059,1
184063,2
184076,2
184085,2
184096,3
184120,4
184129,3
184146,1
184184,2
184200,1
184232,1
184265,2
184297,3
184321,1
184331,3
184334,2
184356,3
184361,3
184411,3
184416,1
184423,3
184444,2
184491,2
184511,2
184525,1
184539,2
184541,3
184553,2
184555,3
184558,3
184565,2
184569,2
184587,2
184595,1
184623,2
184631,2
184633,1
184641,2
184647,2
184665,2
184688,1
184707,2
184727,2
184734,2
184768,2
184784,3
184797,2
184804,1
184810,1
184819,2
184825,2
184831,3
184835,3
184844,2
184859,1
184865,2
184871,1
184887,3
184904,2
184925,1
184938,1
184943,1
184946,2
184961,1
184967,4
184976,2
184981,1
184990,3
185004,1
185013,4
185026,2
185031,2
185040,3
185044,2
185047,2
185056,2
185065,4
185080,1
185087,2
185089,2
185094,2
185100,3
185130,2
185135,1
185173,1
185178,4
185183,2
185188,1
185190,2
185198,2
185202,2
185205,1
185215,4
185232,2
185237,1
185249,1
185251,2
185261,2
185263,1
185271,2
185273,2
185279,1
185290,2
185343,2
185347,2
185349,2
185367,2
185371,2
185380,1
185393,2
185409,3
185420,1
185424,3
185436,2
185453,2
185461,1
185468,2
185470,2
185472,1
185494,3
185502,3
185516,2
185523,2
185531,3
185536,3
185552,1
185554,1
185557,2
185573,2
185584,2
185586,4
185627,1
185635,1
185639,1
185645,2
185660,3
185663,2
185673,3
185683,4
185693,1
185700,1
185711,1
185713,2
185717,1
185721,2
185736,3
185743,1
185745,3
185748,1
185759,2
185769,2
185779,3
185796,3
185825,3
185841,2
185845,1
185854,2
185857,2
185867,2
185879,1
185892,2
185896,2
185928,2
185939,1
185957,1
185984,1
186007,1
186019,1
186032,2
186035,1
186038,2
186064,1
186095,2
186101,2
186108,2
186120,1
186124,2
186131,1
186133,2
186144,2
186146,3
186149,3
186160,2
186162,1
186174,1
186192,1
186205,5
186218,2
186250,4
186259,2
186262,2
186270,1
186278,1
186285,2
186293,3
186308,1
186313,2
186321,2
186347,2
186351,2
186375,2
186390,2
186393,1
186399,5
186430,2
186432,1
186438,1
186441,4
186494,2
186525,3
186533,2
186538,2
186590,3
186597,2
186607,2
186623,2
186634,2
186642,3
186677,1
186686,3
186693,1
186697,1
186724,2
186733,1
186761,2
186780,2
186784,1
186813,1
186844,1
186848,2
186857,1
186864,1
186882,2
186895,1
186903,1
186907,1
186934,1
186960,1
186969,1
186983,3
186986,2
186993,1
186995,1
187216,1
187527,1
187630,1
187871,1
188066,1
188097,1
188139,1
188238,2
188355,2
188408,2
188415,3
188489,2
188597,1
188746,2
188749,3
188854,3
189239,1
189241,2
189244,16
189260,8
189366,2
189368,2
189683,1
189749,7
189827,2
189829,7
189848,1
189859,1
189910,1
189953,1
189955,1
189968,2
189975,1
189977,1
189987,1
189989,5
189999,3
190122,1
190126,2
190151,1
190155,1
190158,1
190258,2
190286,2
190385,2
190397,8
190410,1
190420,3
190424,2
190426,1
190437,4
190511,1
190515,1
190537,2
190565,1
190732,2
190880,1
190943,1
190953,2
190970,2
191196,1
191335,2
191344,2
191385,2
191416,1
191423,4
191469,2
191572,1
191625,2
191627,3
191633,2
191640,2
191642,2
191644,2
191686,1
191771,1
191774,2
191782,2
191784,2
191787,7
191843,2
191855,4
191866,3
191901,3
191972,2
192189,3
192258,1
192261,2
192294,2
192307,2
192339,2
192343,3
192368,1
192400,2
192403,6
192434,3
192451,5
192458,3
192462,4
192466,3
192469,2
192484,2
192501,1
192508,2
192510,9
192538,1
192548,6
192557,2
192570,2
192572,1
192666,2
192708,2
192728,2
192743,3
192764,9
192815,2
192856,2
192858,2
192862,3
193004,1
193559,1
193562,1
193614,1
194242,1
194249,1
194371,1
194453,2
194458,1
194466,1
194468,3
194608,1
194695,3
194720,2
194751,1
194839,1
194878,1
194929,1
194953,1
195094,2
195102,2
195110,3
195115,2
195117,2
195127,4
195149,3
195176,2
195185,3
195188,2
195208,4
195220,3
195229,2
195240,2
195250,2
195253,4
195269,2
195284,4
195295,3
195298,4
195321,2
195331,2
195336,1
195340,3
195343,2
195353,2
195355,3
195358,4
195381,2
195383,2
195402,2
195414,2
195419,3
195423,2
195427,3
195433,2
195441,3
195453,2
195456,2
195458,2
195488,2
195496,2
195498,1
195501,3
195515,2
195519,3
195531,3
195535,4
195544,3
195547,2
195550,2
195558,1
195564,1
195566,3
195571,1
195575,3
195578,3
195589,3
195592,1
195594,2
195607,2
195610,2
195612,2
195616,2
195618,4
195622,2
195636,3
195643,3
195646,2
195650,2
195652,1
195655,2
195658,4
195664,2
195667,2
195679,1
195682,2
195687,1
195689,2
195692,2
195705,4
195715,1
195722,5
195727,3
195737,2
195742,2
195756,2
195769,2
195771,2
195773,4
195777,3
195793,2
195814,2
195816,2
195818,2
195823,2
195827,2
195833,2
195850,1
195852,3
195859,2
195863,1
195867,2
195871,3
195875,1
195880,2
195883,1
195885,3
195892,2
195894,2
195896,1
195898,3
195916,3
195927,3
195934,2
195953,6
195962,1
195967,2
195970,2
195985,2
195995,1
196000,1
196019,3
196024,3
196031,2
196044,2
196049,1
196055,2
196059,2
196061,1
196070,2
196077,1
196079,2
196081,2
196093,3
196101,2
196106,3
196115,1
196124,2
196129,2
196150,3
196154,2
196158,3
196165,3
196170,2
196174,3
196180,2
196183,3
196205,2
196208,2
196216,2
196221,6
196243,3
196251,5
196257,3
196260,3
196264,8
196280,1
196297,3
196326,2
196328,3
196332,3
196336,2
196338,3
196341,4
196348,2
196352,2
196354,1
196371,3
196381,3
196401,7
196409,4
196425,3
196438,2
196455,2
196458,1
196461,2
196464,2
196466,3
196470,2
196473,4
196482,3
196491,3
196500,1
196503,3
196507,2
196511,2
196521,3
196525,7
196537,1
196545,2
196554,2
196556,4
196561,3
196576,1
196597,1
196614,2
196649,2
196657,1
196660,2
196667,2
196669,1
196677,2
196772,2
196776,3
196781,5
196790,5
196803,1
196810,4
196815,2
196817,3
196821,2
196826,2
196838,4
196842,2
196860,2
196862,2
196982,2
196984,2
196994,2
196997,2
196999,3
197010,2
197045,7
197053,1
197055,2
197058,2
197062,3
197184,2
197190,4
197196,3
197200,2
197203,2
197208,4
197213,2
197220,2
197223,2
197227,7
197234,2
197239,2
197241,2
197243,2
197258,3
197264,2
197267,1
197280,2
197282,5
197299,4
197305,7
197314,2
197316,3
197320,2
197322,3
197326,2
197329,3
197334,3
197345,2
197370,3
197376,3
197384,1
197386,6
197396,2
197637,1
197694,2
197715,1
197719,3
197723,6
197729,2
197731,4
197735,6
197744,4
197748,4
197752,3
197802,1
197806,2
197808,6
197816,8
197855,3
197867,2
197874,8
197885,2
197971,1
197976,2
198001,1
198005,2
198008,2
198010,3
198015,1
198017,4
198044,2
198052,2
198055,2
198059,6
198073,2
198075,2
198077,1
198079,1
198082,3
198086,4
198095,1
198097,2
198103,3
198112,3
198115,10
198130,2
198133,2
198138,3
198225,2
198234,2
198239,3
198254,5
198260,3
198263,2
198277,2
198279,2
198282,2
198287,4
198292,2
198319,2
198321,2
198362,2
198368,2
198372,2
198375,2
198377,5
198382,2
198403,2
198405,3
198408,2
198436,2
198438,2
198441,2
198443,2
198450,3
198464,2
198471,2
198473,3
198477,2
198480,2
198482,3
198485,2
198487,3
198491,3
198496,2
198498,5
198510,3
198520,1
198539,2
198545,2
198550,2
198563,2
198576,1
198697,1
198711,2
198720,4
198724,1
198726,3
198782,1
198805,2
198851,3
198861,4
198866,2
198868,2
198871,2
198900,2
198913,2
198915,2
198917,3
198921,2
198932,2
198945,2
198950,2
198953,1
199595,1
199607,1
199612,3
199616,1
